timestamp,ticker,open,high,low,close,volume,source,session,price_basis,volume_basis,retrieved_at,requested_bar_hours
2021-09-02 13:30:00,QQQ,381.97,382.31,380.71,381.08,8016024.000000001,IBKR_TRADES,RTH,split_adjusted,traded_shares,2026-09-09T00:39:13.631182+00:00,4
2021-09-02 16:00:00,QQQ,381.08,381.15,379.15,380.42,11506041.0,IBKR_TRADES,RTH,split_adjusted,traded_shares,2026-09-09T00:39:13.631182+00:00,4
2021-09-03 13:30:00,QQQ,379.22,381.95,379.2,381.09,9436613.0,IBKR_TRADES,RTH,split_adjusted,traded_shares,2026-09-09T00:39:13.631182+00:00,4
2021-09-03 16:00:00,QQQ,381.07,381.98,380.98,381.59,6518805.0,IBKR_TRADES,RTH,split_adjusted,traded_shares,2026-09-09T00:39:13.631182+00:00,4
2021-09-07 13:30:00,QQQ,381.65,382.19,380.48,382.0,9376437.0,IBKR_TRADES,RTH,split_adjusted,traded_shares,2026-09-09T00:39:13.631182+00:00,4
2021-09-07 16:00:00,QQQ,381.96,382.78,381.93,382.11,7161079.0,IBKR_TRADES,RTH,split_adjusted,traded_shares,2026-09-09T00:39:13.631182+00:00,4
2021-09-08 13:30:00,QQQ,381.93,381.93,378.55,378.89,14082378.0,IBKR_TRADES,RTH,split_adjusted,traded_shares,2026-09-09T00:39:13.631182+00:00,4
2021-09-08 16:00:00,QQQ,378.89,380.92,378.45,380.83,10885209.0,IBKR_TRADES,RTH,split_adjusted,traded_shares,2026-09-09T00:39:13.631182+00:00,4
2021-09-09 13:30:00,QQQ,381.01,382.15,380.57,381.02,9053631.0,IBKR_TRADES,RTH,split_adjusted,traded_shares,2026-09-09T00:39:13.631182+00:00,4
2021-09-09 16:00:00,QQQ,381.02,381.27,379.22,379.42,12919756.0,IBKR_TRADES,RTH,split_adjusted,traded_shares,2026-09-09T00:39:13.631182+00:00,4
2021-09-10 13:30:00,QQQ,381.23,381.97,378.57,378.94,15447400.000000002,IBKR_TRADES,RTH,split_adjusted,traded_shares,2026-09-09T00:39:13.631182+00:00,4
2021-09-10 16:00:00,QQQ,378.97,380.48,376.24,376.5,13750919.0,IBKR_TRADES,RTH,split_adjusted,traded_shares,2026-09-09T00:39:13.631182+00:00,4
2021-09-13 13:30:00,QQQ,378.99,379.43,374.27,374.8,20411093.0,IBKR_TRADES,RTH,split_adjusted,traded_shares,2026-09-09T00:39:13.631182+00:00,4
2021-09-13 16:00:00,QQQ,374.81,376.67,374.22,376.36,14046814.0,IBKR_TRADES,RTH,split_adjusted,traded_shares,2026-09-09T00:39:13.631182+00:00,4
2021-09-14 13:30:00,QQQ,377.84,378.61,375.26,377.45,14573240.0,IBKR_TRADES,RTH,split_adjusted,traded_shares,2026-09-09T00:39:13.631182+00:00,4
2021-09-14 16:00:00,QQQ,377.45,377.75,374.28,375.18,17873626.0,IBKR_TRADES,RTH,split_adjusted,traded_shares,2026-09-09T00:39:13.631182+00:00,4
2021-09-15 13:30:00,QQQ,375.73,376.4,373.37,374.63,13681045.0,IBKR_TRADES,RTH,split_adjusted,traded_shares,2026-09-09T00:39:13.631182+00:00,4
2021-09-15 16:00:00,QQQ,374.63,378.41,374.46,378.0,12094440.0,IBKR_TRADES,RTH,split_adjusted,traded_shares,2026-09-09T00:39:13.631182+00:00,4
2021-09-16 13:30:00,QQQ,376.71,377.45,374.69,375.79,10908504.0,IBKR_TRADES,RTH,split_adjusted,traded_shares,2026-09-09T00:39:13.631182+00:00,4
2021-09-16 16:00:00,QQQ,375.79,378.9,375.68,378.34,12512021.0,IBKR_TRADES,RTH,split_adjusted,traded_shares,2026-09-09T00:39:13.631182+00:00,4
2021-09-17 13:30:00,QQQ,377.82,377.87,373.1,373.61,18273524.0,IBKR_TRADES,RTH,split_adjusted,traded_shares,2026-09-09T00:39:13.631182+00:00,4
2021-09-17 16:00:00,QQQ,373.6,374.88,372.76,373.84,19192175.0,IBKR_TRADES,RTH,split_adjusted,traded_shares,2026-09-09T00:39:13.631182+00:00,4
2021-09-20 13:30:00,QQQ,367.49,369.25,364.51,364.57,22047991.0,IBKR_TRADES,RTH,split_adjusted,traded_shares,2026-09-09T00:39:13.631182+00:00,4
2021-09-20 16:00:00,QQQ,364.55,365.93,360.93,365.82,32554306.0,IBKR_TRADES,RTH,split_adjusted,traded_shares,2026-09-09T00:39:13.631182+00:00,4
2021-09-21 13:30:00,QQQ,367.58,368.81,364.99,367.78,17257821.0,IBKR_TRADES,RTH,split_adjusted,traded_shares,2026-09-09T00:39:13.631182+00:00,4
2021-09-21 16:00:00,QQQ,367.81,368.49,365.64,366.09,14461486.0,IBKR_TRADES,RTH,split_adjusted,traded_shares,2026-09-09T00:39:13.631182+00:00,4
2021-09-22 13:30:00,QQQ,367.09,370.51,365.95,369.88,12173749.0,IBKR_TRADES,RTH,split_adjusted,traded_shares,2026-09-09T00:39:13.631182+00:00,4
2021-09-22 16:00:00,QQQ,369.89,371.07,367.58,369.55,23856632.0,IBKR_TRADES,RTH,split_adjusted,traded_shares,2026-09-09T00:39:13.631182+00:00,4
2021-09-23 13:30:00,QQQ,370.76,373.83,370.09,373.23,16435941.0,IBKR_TRADES,RTH,split_adjusted,traded_shares,2026-09-09T00:39:13.631182+00:00,4
2021-09-23 16:00:00,QQQ,373.24,374.04,372.35,372.91,14988524.0,IBKR_TRADES,RTH,split_adjusted,traded_shares,2026-09-09T00:39:13.631182+00:00,4
2021-09-24 13:30:00,QQQ,370.65,372.03,370.27,371.84,12485087.0,IBKR_TRADES,RTH,split_adjusted,traded_shares,2026-09-09T00:39:13.631182+00:00,4
2021-09-24 16:00:00,QQQ,371.84,373.76,371.6,373.33,11290236.0,IBKR_TRADES,RTH,split_adjusted,traded_shares,2026-09-09T00:39:13.631182+00:00,4
2021-09-27 13:30:00,QQQ,370.2,371.07,367.73,369.34,16998675.0,IBKR_TRADES,RTH,split_adjusted,traded_shares,2026-09-09T00:39:13.631182+00:00,4
2021-09-27 16:00:00,QQQ,369.32,371.26,368.6,370.36,12863844.0,IBKR_TRADES,RTH,split_adjusted,traded_shares,2026-09-09T00:39:13.631182+00:00,4
2021-09-28 13:30:00,QQQ,365.67,366.36,359.86,360.91,35446255.0,IBKR_TRADES,RTH,split_adjusted,traded_shares,2026-09-09T00:39:13.631182+00:00,4
2021-09-28 16:00:00,QQQ,360.91,362.61,359.35,359.85,36171920.0,IBKR_TRADES,RTH,split_adjusted,traded_shares,2026-09-09T00:39:13.631182+00:00,4
2021-09-29 13:30:00,QQQ,361.18,363.37,359.75,360.71,22825312.0,IBKR_TRADES,RTH,split_adjusted,traded_shares,2026-09-09T00:39:13.631182+00:00,4
2021-09-29 16:00:00,QQQ,360.7,362.03,358.63,359.35,22794348.0,IBKR_TRADES,RTH,split_adjusted,traded_shares,2026-09-09T00:39:13.631182+00:00,4
2021-09-30 13:30:00,QQQ,361.02,362.68,358.76,359.57,20180225.0,IBKR_TRADES,RTH,split_adjusted,traded_shares,2026-09-09T00:39:13.631182+00:00,4
2021-09-30 16:00:00,QQQ,359.57,361.48,357.1,357.73,28886175.0,IBKR_TRADES,RTH,split_adjusted,traded_shares,2026-09-09T00:39:13.631182+00:00,4
2021-10-01 13:30:00,QQQ,358.6,359.18,354.38,358.09,21218028.0,IBKR_TRADES,RTH,split_adjusted,traded_shares,2026-09-09T00:39:13.631182+00:00,4
2021-10-01 16:00:00,QQQ,358.11,361.25,357.03,360.25,20061685.0,IBKR_TRADES,RTH,split_adjusted,traded_shares,2026-09-09T00:39:13.631182+00:00,4
2021-10-04 13:30:00,QQQ,358.52,358.86,350.68,352.2,28720240.0,IBKR_TRADES,RTH,split_adjusted,traded_shares,2026-09-09T00:39:13.631182+00:00,4
2021-10-04 16:00:00,QQQ,352.18,353.46,350.32,352.7,30399394.0,IBKR_TRADES,RTH,split_adjusted,traded_shares,2026-09-09T00:39:13.631182+00:00,4
2021-10-05 13:30:00,QQQ,353.71,358.67,353.48,358.37,19838920.0,IBKR_TRADES,RTH,split_adjusted,traded_shares,2026-09-09T00:39:13.631182+00:00,4
2021-10-05 16:00:00,QQQ,358.39,359.69,357.23,357.38,16569221.0,IBKR_TRADES,RTH,split_adjusted,traded_shares,2026-09-09T00:39:13.631182+00:00,4
2021-10-06 13:30:00,QQQ,354.07,358.12,353.15,357.41,23006841.0,IBKR_TRADES,RTH,split_adjusted,traded_shares,2026-09-09T00:39:13.631182+00:00,4
2021-10-06 16:00:00,QQQ,357.41,359.95,355.18,359.67,21043024.0,IBKR_TRADES,RTH,split_adjusted,traded_shares,2026-09-09T00:39:13.631182+00:00,4
2021-10-07 13:30:00,QQQ,362.8,365.66,362.25,365.63,15191521.0,IBKR_TRADES,RTH,split_adjusted,traded_shares,2026-09-09T00:39:13.631182+00:00,4
2021-10-07 16:00:00,QQQ,365.64,365.69,362.49,362.93,15582716.999999998,IBKR_TRADES,RTH,split_adjusted,traded_shares,2026-09-09T00:39:13.631182+00:00,4
2021-10-08 13:30:00,QQQ,364.1,364.32,361.05,361.41,15293732.0,IBKR_TRADES,RTH,split_adjusted,traded_shares,2026-09-09T00:39:13.631182+00:00,4
2021-10-08 16:00:00,QQQ,361.44,362.54,360.61,361.1,14603715.0,IBKR_TRADES,RTH,split_adjusted,traded_shares,2026-09-09T00:39:13.631182+00:00,4
2021-10-11 13:30:00,QQQ,359.58,363.2,358.94,362.35,10115323.0,IBKR_TRADES,RTH,split_adjusted,traded_shares,2026-09-09T00:39:13.631182+00:00,4
2021-10-11 16:00:00,QQQ,362.35,362.42,358.3,358.39,17409208.0,IBKR_TRADES,RTH,split_adjusted,traded_shares,2026-09-09T00:39:13.631182+00:00,4
2021-10-12 13:30:00,QQQ,359.88,360.33,356.77,358.5,16314984.0,IBKR_TRADES,RTH,split_adjusted,traded_shares,2026-09-09T00:39:13.631182+00:00,4
2021-10-12 16:00:00,QQQ,358.53,359.18,356.48,357.15,15023228.0,IBKR_TRADES,RTH,split_adjusted,traded_shares,2026-09-09T00:39:13.631182+00:00,4
2021-10-13 13:30:00,QQQ,359.49,360.29,357.43,359.01,14443317.0,IBKR_TRADES,RTH,split_adjusted,traded_shares,2026-09-09T00:39:13.631182+00:00,4
2021-10-13 16:00:00,QQQ,359.02,360.69,358.32,360.0,14646277.0,IBKR_TRADES,RTH,split_adjusted,traded_shares,2026-09-09T00:39:13.631182+00:00,4
2021-10-14 13:30:00,QQQ,363.69,366.12,363.01,366.12,14684671.0,IBKR_TRADES,RTH,split_adjusted,traded_shares,2026-09-09T00:39:13.631182+00:00,4
2021-10-14 16:00:00,QQQ,366.11,366.85,365.97,366.6,16975421.0,IBKR_TRADES,RTH,split_adjusted,traded_shares,2026-09-09T00:39:13.631182+00:00,4
2021-10-15 13:30:00,QQQ,367.88,368.63,366.82,367.21,11254971.0,IBKR_TRADES,RTH,split_adjusted,traded_shares,2026-09-09T00:39:13.631182+00:00,4
2021-10-15 16:00:00,QQQ,367.21,369.06,367.21,368.99,10577445.0,IBKR_TRADES,RTH,split_adjusted,traded_shares,2026-09-09T00:39:13.631182+00:00,4
2021-10-18 13:30:00,QQQ,367.6,371.02,366.99,370.76,10750393.0,IBKR_TRADES,RTH,split_adjusted,traded_shares,2026-09-09T00:39:13.631182+00:00,4
2021-10-18 16:00:00,QQQ,370.77,372.87,370.66,372.65,12476637.0,IBKR_TRADES,RTH,split_adjusted,traded_shares,2026-09-09T00:39:13.631182+00:00,4
2021-10-19 13:30:00,QQQ,373.74,375.11,373.05,375.01,10090986.0,IBKR_TRADES,RTH,split_adjusted,traded_shares,2026-09-09T00:39:13.631182+00:00,4
2021-10-19 16:00:00,QQQ,375.03,375.52,374.52,375.44,10324820.0,IBKR_TRADES,RTH,split_adjusted,traded_shares,2026-09-09T00:39:13.631182+00:00,4
2021-10-20 13:30:00,QQQ,375.94,376.57,374.96,375.92,10902586.0,IBKR_TRADES,RTH,split_adjusted,traded_shares,2026-09-09T00:39:13.631182+00:00,4
2021-10-20 16:00:00,QQQ,375.91,375.94,373.46,374.98,11205576.0,IBKR_TRADES,RTH,split_adjusted,traded_shares,2026-09-09T00:39:13.631182+00:00,4
2021-10-21 13:30:00,QQQ,374.14,376.56,373.85,375.81,8072915.0,IBKR_TRADES,RTH,split_adjusted,traded_shares,2026-09-09T00:39:13.631182+00:00,4
2021-10-21 16:00:00,QQQ,375.82,377.47,375.35,377.27,9210011.0,IBKR_TRADES,RTH,split_adjusted,traded_shares,2026-09-09T00:39:13.631182+00:00,4
2021-10-22 13:30:00,QQQ,375.98,376.97,372.38,373.4,13940990.0,IBKR_TRADES,RTH,split_adjusted,traded_shares,2026-09-09T00:39:13.631182+00:00,4
2021-10-22 16:00:00,QQQ,373.38,375.04,372.95,374.03,12547470.0,IBKR_TRADES,RTH,split_adjusted,traded_shares,2026-09-09T00:39:13.631182+00:00,4
2021-10-25 13:30:00,QQQ,375.57,376.42,373.56,376.31,9774874.0,IBKR_TRADES,RTH,split_adjusted,traded_shares,2026-09-09T00:39:13.631182+00:00,4
2021-10-25 16:00:00,QQQ,376.33,378.87,376.28,377.92,13812610.0,IBKR_TRADES,RTH,split_adjusted,traded_shares,2026-09-09T00:39:13.631182+00:00,4
2021-10-26 13:30:00,QQQ,380.22,382.71,379.79,380.06,13993673.0,IBKR_TRADES,RTH,split_adjusted,traded_shares,2026-09-09T00:39:13.631182+00:00,4
2021-10-26 16:00:00,QQQ,380.02,380.31,377.9,378.92,17205692.0,IBKR_TRADES,RTH,split_adjusted,traded_shares,2026-09-09T00:39:13.631182+00:00,4
2021-10-27 13:30:00,QQQ,379.58,381.83,379.31,381.62,13267726.0,IBKR_TRADES,RTH,split_adjusted,traded_shares,2026-09-09T00:39:13.631182+00:00,4
2021-10-27 16:00:00,QQQ,381.63,383.15,379.89,379.95,16927088.0,IBKR_TRADES,RTH,split_adjusted,traded_shares,2026-09-09T00:39:13.631182+00:00,4
2021-10-28 13:30:00,QQQ,381.95,384.03,381.15,383.27,13173700.0,IBKR_TRADES,RTH,split_adjusted,traded_shares,2026-09-09T00:39:13.631182+00:00,4
2021-10-28 16:00:00,QQQ,383.29,384.48,382.41,384.2,11029531.0,IBKR_TRADES,RTH,split_adjusted,traded_shares,2026-09-09T00:39:13.631182+00:00,4
2021-10-29 13:30:00,QQQ,381.06,383.87,380.7,383.64,11989382.0,IBKR_TRADES,RTH,split_adjusted,traded_shares,2026-09-09T00:39:13.631182+00:00,4
2021-10-29 16:00:00,QQQ,383.66,386.28,383.55,386.08,14588170.0,IBKR_TRADES,RTH,split_adjusted,traded_shares,2026-09-09T00:39:13.631182+00:00,4
2021-11-01 13:30:00,QQQ,386.56,386.83,384.42,386.65,11436039.0,IBKR_TRADES,RTH,split_adjusted,traded_shares,2026-09-09T00:39:13.631182+00:00,4
2021-11-01 16:00:00,QQQ,386.65,387.56,384.91,387.43,7997018.0,IBKR_TRADES,RTH,split_adjusted,traded_shares,2026-09-09T00:39:13.631182+00:00,4
2021-11-02 13:30:00,QQQ,386.8,389.54,386.75,388.55,9008979.0,IBKR_TRADES,RTH,split_adjusted,traded_shares,2026-09-09T00:39:13.631182+00:00,4
2021-11-02 16:00:00,QQQ,388.51,389.49,387.75,389.11,8714780.0,IBKR_TRADES,RTH,split_adjusted,traded_shares,2026-09-09T00:39:13.631182+00:00,4
2021-11-03 13:30:00,QQQ,389.53,389.95,388.48,389.61,7875999.0,IBKR_TRADES,RTH,split_adjusted,traded_shares,2026-09-09T00:39:13.631182+00:00,4
2021-11-03 16:00:00,QQQ,389.6,393.61,389.02,393.24,16930395.0,IBKR_TRADES,RTH,split_adjusted,traded_shares,2026-09-09T00:39:13.631182+00:00,4
2021-11-04 13:30:00,QQQ,394.46,398.14,393.92,397.27,14030776.0,IBKR_TRADES,RTH,split_adjusted,traded_shares,2026-09-09T00:39:13.631182+00:00,4
2021-11-04 16:00:00,QQQ,397.29,399.2,396.99,398.24,14084655.0,IBKR_TRADES,RTH,split_adjusted,traded_shares,2026-09-09T00:39:13.631182+00:00,4
2021-11-05 13:30:00,QQQ,400.04,400.99,399.18,400.49,12239966.0,IBKR_TRADES,RTH,split_adjusted,traded_shares,2026-09-09T00:39:13.631182+00:00,4
2021-11-05 16:00:00,QQQ,400.49,400.74,397.16,398.57,17589564.0,IBKR_TRADES,RTH,split_adjusted,traded_shares,2026-09-09T00:39:13.631182+00:00,4
2021-11-08 14:30:00,QQQ,398.57,399.62,397.4,398.23,8567861.0,IBKR_TRADES,RTH,split_adjusted,traded_shares,2026-09-09T00:39:13.631182+00:00,4
2021-11-08 16:00:00,QQQ,398.23,399.37,397.65,399.0,7738012.000000001,IBKR_TRADES,RTH,split_adjusted,traded_shares,2026-09-09T00:39:13.631182+00:00,4
2021-11-08 20:00:00,QQQ,399.01,399.02,397.5,398.06,3668559.0,IBKR_TRADES,RTH,split_adjusted,traded_shares,2026-09-09T00:39:13.631182+00:00,4
2021-11-09 14:30:00,QQQ,399.16,399.57,394.67,396.13,17880224.0,IBKR_TRADES,RTH,split_adjusted,traded_shares,2026-09-09T00:39:13.631182+00:00,4
2021-11-09 16:00:00,QQQ,396.13,396.76,393.92,395.33,16196527.0,IBKR_TRADES,RTH,split_adjusted,traded_shares,2026-09-09T00:39:13.631182+00:00,4
2021-11-09 20:00:00,QQQ,395.33,395.53,394.53,395.28,4473711.0,IBKR_TRADES,RTH,split_adjusted,traded_shares,2026-09-09T00:39:13.631182+00:00,4
2021-11-10 14:30:00,QQQ,392.47,395.36,391.03,394.02,12924941.0,IBKR_TRADES,RTH,split_adjusted,traded_shares,2026-09-09T00:39:13.631182+00:00,4
2021-11-10 16:00:00,QQQ,394.03,394.77,387.53,388.19,20890209.0,IBKR_TRADES,RTH,split_adjusted,traded_shares,2026-09-09T00:39:13.631182+00:00,4
2021-11-10 20:00:00,QQQ,388.2,390.23,388.0,389.49,7558588.0,IBKR_TRADES,RTH,split_adjusted,traded_shares,2026-09-09T00:39:13.631182+00:00,4
2021-11-11 14:30:00,QQQ,392.53,392.75,390.97,391.87,9298717.0,IBKR_TRADES,RTH,split_adjusted,traded_shares,2026-09-09T00:39:13.631182+00:00,4
2021-11-11 16:00:00,QQQ,391.87,392.37,390.6,391.02,8647047.0,IBKR_TRADES,RTH,split_adjusted,traded_shares,2026-09-09T00:39:13.631182+00:00,4
2021-11-11 20:00:00,QQQ,391.0,391.19,390.24,390.62,4204772.0,IBKR_TRADES,RTH,split_adjusted,traded_shares,2026-09-09T00:39:13.631182+00:00,4
2021-11-12 14:30:00,QQQ,391.77,392.79,390.13,392.69,7404051.0,IBKR_TRADES,RTH,split_adjusted,traded_shares,2026-09-09T00:39:13.631182+00:00,4
2021-11-12 16:00:00,QQQ,392.71,394.9,392.59,394.28,10974187.0,IBKR_TRADES,RTH,split_adjusted,traded_shares,2026-09-09T00:39:13.631182+00:00,4
2021-11-12 20:00:00,QQQ,394.27,395.25,394.15,394.72,5564455.0,IBKR_TRADES,RTH,split_adjusted,traded_shares,2026-09-09T00:39:13.631182+00:00,4
2021-11-15 14:30:00,QQQ,395.91,396.24,393.64,394.23,9200189.0,IBKR_TRADES,RTH,split_adjusted,traded_shares,2026-09-09T00:39:13.631182+00:00,4
2021-11-15 16:00:00,QQQ,394.24,394.78,392.09,394.32,10691219.0,IBKR_TRADES,RTH,split_adjusted,traded_shares,2026-09-09T00:39:13.631182+00:00,4
2021-11-15 20:00:00,QQQ,394.29,394.82,393.91,394.63,4084068.0,IBKR_TRADES,RTH,split_adjusted,traded_shares,2026-09-09T00:39:13.631182+00:00,4
2021-11-16 14:30:00,QQQ,393.87,396.38,393.66,395.69,6920612.0,IBKR_TRADES,RTH,split_adjusted,traded_shares,2026-09-09T00:39:13.631182+00:00,4
2021-11-16 16:00:00,QQQ,395.66,397.93,395.65,397.55,7727104.0,IBKR_TRADES,RTH,split_adjusted,traded_shares,2026-09-09T00:39:13.631182+00:00,4
2021-11-16 20:00:00,QQQ,397.56,397.92,396.97,397.5,4590614.0,IBKR_TRADES,RTH,split_adjusted,traded_shares,2026-09-09T00:39:13.631182+00:00,4
2021-11-17 14:30:00,QQQ,397.75,398.66,396.64,398.2,6750631.0,IBKR_TRADES,RTH,split_adjusted,traded_shares,2026-09-09T00:39:13.631182+00:00,4
2021-11-17 16:00:00,QQQ,398.22,399.72,397.08,398.41,9584023.0,IBKR_TRADES,RTH,split_adjusted,traded_shares,2026-09-09T00:39:13.631182+00:00,4
2021-11-17 20:00:00,QQQ,398.38,398.42,397.43,397.66,4201728.0,IBKR_TRADES,RTH,split_adjusted,traded_shares,2026-09-09T00:39:13.631182+00:00,4
2021-11-18 14:30:00,QQQ,399.72,400.31,397.45,398.81,11388019.0,IBKR_TRADES,RTH,split_adjusted,traded_shares,2026-09-09T00:39:13.631182+00:00,4
2021-11-18 16:00:00,QQQ,398.78,401.94,398.18,400.91,12604018.0,IBKR_TRADES,RTH,split_adjusted,traded_shares,2026-09-09T00:39:13.631182+00:00,4
2021-11-18 20:00:00,QQQ,400.91,402.27,400.74,401.74,5777031.0,IBKR_TRADES,RTH,split_adjusted,traded_shares,2026-09-09T00:39:13.631182+00:00,4
2021-11-19 14:30:00,QQQ,403.43,405.04,402.58,403.78,8974914.0,IBKR_TRADES,RTH,split_adjusted,traded_shares,2026-09-09T00:39:13.631182+00:00,4
2021-11-19 16:00:00,QQQ,403.78,405.3,403.02,404.22,9816078.0,IBKR_TRADES,RTH,split_adjusted,traded_shares,2026-09-09T00:39:13.631182+00:00,4
2021-11-19 20:00:00,QQQ,404.22,404.34,403.62,403.97,3875251.0,IBKR_TRADES,RTH,split_adjusted,traded_shares,2026-09-09T00:39:13.631182+00:00,4
2021-11-22 14:30:00,QQQ,405.57,408.71,405.57,407.05,10792589.0,IBKR_TRADES,RTH,split_adjusted,traded_shares,2026-09-09T00:39:13.631182+00:00,4
2021-11-22 16:00:00,QQQ,407.04,407.2,401.12,403.93,24505062.0,IBKR_TRADES,RTH,split_adjusted,traded_shares,2026-09-09T00:39:13.631182+00:00,4
2021-11-22 20:00:00,QQQ,403.96,404.63,399.19,399.34,8640411.0,IBKR_TRADES,RTH,split_adjusted,traded_shares,2026-09-09T00:39:13.631182+00:00,4
2021-11-23 14:30:00,QQQ,398.11,400.23,393.96,394.09,18608517.0,IBKR_TRADES,RTH,split_adjusted,traded_shares,2026-09-09T00:39:13.631182+00:00,4
2021-11-23 16:00:00,QQQ,394.09,396.6,392.92,396.04,26184786.0,IBKR_TRADES,RTH,split_adjusted,traded_shares,2026-09-09T00:39:13.631182+00:00,4
2021-11-23 20:00:00,QQQ,396.05,397.8,395.43,397.48,8058089.999999999,IBKR_TRADES,RTH,split_adjusted,traded_shares,2026-09-09T00:39:13.631182+00:00,4
2021-11-24 14:30:00,QQQ,394.91,396.63,392.54,396.08,14687119.0,IBKR_TRADES,RTH,split_adjusted,traded_shares,2026-09-09T00:39:13.631182+00:00,4
2021-11-24 16:00:00,QQQ,396.07,398.28,395.13,397.98,14806033.0,IBKR_TRADES,RTH,split_adjusted,traded_shares,2026-09-09T00:39:13.631182+00:00,4
2021-11-24 20:00:00,QQQ,397.97,399.05,397.68,398.9,5087440.0,IBKR_TRADES,RTH,split_adjusted,traded_shares,2026-09-09T00:39:13.631182+00:00,4
2021-11-26 14:30:00,QQQ,396.11,397.54,392.51,393.03,16899693.0,IBKR_TRADES,RTH,split_adjusted,traded_shares,2026-09-09T00:39:13.631182+00:00,4
2021-11-26 16:00:00,QQQ,393.02,393.41,389.77,390.99,18334323.0,IBKR_TRADES,RTH,split_adjusted,traded_shares,2026-09-09T00:39:13.631182+00:00,4
2021-11-29 14:30:00,QQQ,395.86,397.72,395.14,396.8,14224870.0,IBKR_TRADES,RTH,split_adjusted,traded_shares,2026-09-09T00:39:13.631182+00:00,4
2021-11-29 16:00:00,QQQ,396.8,400.29,396.44,399.89,14672042.0,IBKR_TRADES,RTH,split_adjusted,traded_shares,2026-09-09T00:39:13.631182+00:00,4
2021-11-29 20:00:00,QQQ,399.87,400.73,399.35,399.62,7360391.0,IBKR_TRADES,RTH,split_adjusted,traded_shares,2026-09-09T00:39:13.631182+00:00,4
2021-11-30 14:30:00,QQQ,398.78,401.19,393.52,393.58,18957426.0,IBKR_TRADES,RTH,split_adjusted,traded_shares,2026-09-09T00:39:13.631182+00:00,4
2021-11-30 16:00:00,QQQ,393.59,395.55,391.75,393.77,32099786.0,IBKR_TRADES,RTH,split_adjusted,traded_shares,2026-09-09T00:39:13.631182+00:00,4
2021-11-30 20:00:00,QQQ,393.74,394.22,392.73,393.66,10542975.0,IBKR_TRADES,RTH,split_adjusted,traded_shares,2026-09-09T00:39:13.631182+00:00,4
2021-12-01 14:30:00,QQQ,398.29,399.25,396.63,399.1,12505510.0,IBKR_TRADES,RTH,split_adjusted,traded_shares,2026-09-09T00:39:13.631182+00:00,4
2021-12-01 16:00:00,QQQ,399.1,400.48,392.79,393.29,27940955.0,IBKR_TRADES,RTH,split_adjusted,traded_shares,2026-09-09T00:39:13.631182+00:00,4
2021-12-01 20:00:00,QQQ,393.29,393.6,386.64,387.06,18214527.0,IBKR_TRADES,RTH,split_adjusted,traded_shares,2026-09-09T00:39:13.631182+00:00,4
2021-12-02 14:30:00,QQQ,385.8,390.76,384.34,387.5,25464882.0,IBKR_TRADES,RTH,split_adjusted,traded_shares,2026-09-09T00:39:13.631182+00:00,4
2021-12-02 16:00:00,QQQ,387.49,391.62,386.58,390.02,28271083.0,IBKR_TRADES,RTH,split_adjusted,traded_shares,2026-09-09T00:39:13.631182+00:00,4
2021-12-02 20:00:00,QQQ,390.06,391.74,388.86,389.93,10304188.0,IBKR_TRADES,RTH,split_adjusted,traded_shares,2026-09-09T00:39:13.631182+00:00,4
2021-12-03 14:30:00,QQQ,391.29,392.34,381.74,382.55,25309993.0,IBKR_TRADES,RTH,split_adjusted,traded_shares,2026-09-09T00:39:13.631182+00:00,4
2021-12-03 16:00:00,QQQ,382.55,383.32,379.15,379.66,39285896.0,IBKR_TRADES,RTH,split_adjusted,traded_shares,2026-09-09T00:39:13.631182+00:00,4
2021-12-03 20:00:00,QQQ,379.65,383.86,378.9,383.21,16128117.000000002,IBKR_TRADES,RTH,split_adjusted,traded_shares,2026-09-09T00:39:13.631182+00:00,4
2021-12-06 14:30:00,QQQ,383.63,384.92,379.3,383.58,23872865.0,IBKR_TRADES,RTH,split_adjusted,traded_shares,2026-09-09T00:39:13.631182+00:00,4
2021-12-06 16:00:00,QQQ,383.57,387.6,381.78,386.15,19816233.0,IBKR_TRADES,RTH,split_adjusted,traded_shares,2026-09-09T00:39:13.631182+00:00,4
2021-12-06 20:00:00,QQQ,386.14,387.27,385.82,386.31,7538862.0,IBKR_TRADES,RTH,split_adjusted,traded_shares,2026-09-09T00:39:13.631182+00:00,4
2021-12-07 14:30:00,QQQ,392.98,397.48,392.98,396.71,15239381.0,IBKR_TRADES,RTH,split_adjusted,traded_shares,2026-09-09T00:39:13.631182+00:00,4
2021-12-07 16:00:00,QQQ,396.71,398.46,396.51,397.32,14589908.0,IBKR_TRADES,RTH,split_adjusted,traded_shares,2026-09-09T00:39:13.631182+00:00,4
2021-12-07 20:00:00,QQQ,397.32,398.01,395.98,397.95,9984436.0,IBKR_TRADES,RTH,split_adjusted,traded_shares,2026-09-09T00:39:13.631182+00:00,4
2021-12-08 14:30:00,QQQ,398.17,398.77,396.22,396.96,12081495.0,IBKR_TRADES,RTH,split_adjusted,traded_shares,2026-09-09T00:39:13.631182+00:00,4
2021-12-08 16:00:00,QQQ,396.96,399.35,396.33,399.09,11864979.0,IBKR_TRADES,RTH,split_adjusted,traded_shares,2026-09-09T00:39:13.631182+00:00,4
2021-12-08 20:00:00,QQQ,399.09,399.82,398.56,399.62,4538597.0,IBKR_TRADES,RTH,split_adjusted,traded_shares,2026-09-09T00:39:13.631182+00:00,4
2021-12-09 14:30:00,QQQ,398.35,400.2,396.32,397.51,12870063.0,IBKR_TRADES,RTH,split_adjusted,traded_shares,2026-09-09T00:39:13.631182+00:00,4
2021-12-09 16:00:00,QQQ,397.55,398.51,394.82,395.12,15729242.0,IBKR_TRADES,RTH,split_adjusted,traded_shares,2026-09-09T00:39:13.631182+00:00,4
2021-12-09 20:00:00,QQQ,395.13,395.86,393.52,393.74,8698094.0,IBKR_TRADES,RTH,split_adjusted,traded_shares,2026-09-09T00:39:13.631182+00:00,4
2021-12-10 14:30:00,QQQ,396.59,398.06,394.08,395.14,18134664.0,IBKR_TRADES,RTH,split_adjusted,traded_shares,2026-09-09T00:39:13.631182+00:00,4
2021-12-10 16:00:00,QQQ,395.07,396.94,393.36,395.87,16369787.0,IBKR_TRADES,RTH,split_adjusted,traded_shares,2026-09-09T00:39:13.631182+00:00,4
2021-12-10 20:00:00,QQQ,395.87,398.28,395.53,398.06,4202513.0,IBKR_TRADES,RTH,split_adjusted,traded_shares,2026-09-09T00:39:13.631182+00:00,4
2021-12-13 14:30:00,QQQ,398.0,398.33,394.53,395.16,11179725.0,IBKR_TRADES,RTH,split_adjusted,traded_shares,2026-09-09T00:39:13.631182+00:00,4
2021-12-13 16:00:00,QQQ,395.15,395.41,392.82,394.81,14327882.0,IBKR_TRADES,RTH,split_adjusted,traded_shares,2026-09-09T00:39:13.631182+00:00,4
2021-12-13 20:00:00,QQQ,394.81,395.18,391.88,392.24,6443046.0,IBKR_TRADES,RTH,split_adjusted,traded_shares,2026-09-09T00:39:13.631182+00:00,4
2021-12-14 14:30:00,QQQ,387.3,390.09,384.95,385.5,17547338.0,IBKR_TRADES,RTH,split_adjusted,traded_shares,2026-09-09T00:39:13.631182+00:00,4
2021-12-14 16:00:00,QQQ,385.49,387.07,383.63,386.61,20899871.0,IBKR_TRADES,RTH,split_adjusted,traded_shares,2026-09-09T00:39:13.631182+00:00,4
2021-12-14 20:00:00,QQQ,386.6,389.38,386.52,388.35,8643369.0,IBKR_TRADES,RTH,split_adjusted,traded_shares,2026-09-09T00:39:13.631182+00:00,4
2021-12-15 14:30:00,QQQ,387.98,388.44,385.51,386.51,10563868.0,IBKR_TRADES,RTH,split_adjusted,traded_shares,2026-09-09T00:39:13.631182+00:00,4
2021-12-15 16:00:00,QQQ,386.51,391.14,383.88,390.05,27630940.0,IBKR_TRADES,RTH,split_adjusted,traded_shares,2026-09-09T00:39:13.631182+00:00,4
2021-12-15 20:00:00,QQQ,390.06,397.42,389.93,397.05,12844018.0,IBKR_TRADES,RTH,split_adjusted,traded_shares,2026-09-09T00:39:13.631182+00:00,4
2021-12-16 14:30:00,QQQ,398.04,398.48,392.39,393.19,18058769.0,IBKR_TRADES,RTH,split_adjusted,traded_shares,2026-09-09T00:39:13.631182+00:00,4
2021-12-16 16:00:00,QQQ,393.17,393.35,385.21,386.22,28932397.0,IBKR_TRADES,RTH,split_adjusted,traded_shares,2026-09-09T00:39:13.631182+00:00,4
2021-12-16 20:00:00,QQQ,386.22,388.78,385.55,386.87,15887640.000000002,IBKR_TRADES,RTH,split_adjusted,traded_shares,2026-09-09T00:39:13.631182+00:00,4
2021-12-17 14:30:00,QQQ,383.33,388.19,381.77,387.74,22525476.0,IBKR_TRADES,RTH,split_adjusted,traded_shares,2026-09-09T00:39:13.631182+00:00,4
2021-12-17 16:00:00,QQQ,387.75,389.19,383.99,386.94,20641031.0,IBKR_TRADES,RTH,split_adjusted,traded_shares,2026-09-09T00:39:13.631182+00:00,4
2021-12-17 20:00:00,QQQ,386.97,388.11,384.54,384.93,9626069.0,IBKR_TRADES,RTH,split_adjusted,traded_shares,2026-09-09T00:39:13.631182+00:00,4
2021-12-20 14:30:00,QQQ,379.59,381.5,378.34,378.73,16096632.0,IBKR_TRADES,RTH,split_adjusted,traded_shares,2026-09-09T00:39:13.631182+00:00,4
2021-12-20 16:00:00,QQQ,378.7,380.58,377.47,379.93,18405517.0,IBKR_TRADES,RTH,split_adjusted,traded_shares,2026-09-09T00:39:13.631182+00:00,4
2021-12-20 20:00:00,QQQ,379.95,381.27,379.42,380.66,7779828.0,IBKR_TRADES,RTH,split_adjusted,traded_shares,2026-09-09T00:39:13.631182+00:00,4
2021-12-21 14:30:00,QQQ,384.05,384.92,380.2,381.81,11045698.0,IBKR_TRADES,RTH,split_adjusted,traded_shares,2026-09-09T00:39:13.631182+00:00,4
2021-12-21 16:00:00,QQQ,381.81,389.21,381.52,389.2,14496135.0,IBKR_TRADES,RTH,split_adjusted,traded_shares,2026-09-09T00:39:13.631182+00:00,4
2021-12-21 20:00:00,QQQ,389.21,389.53,387.62,389.21,8231598.0,IBKR_TRADES,RTH,split_adjusted,traded_shares,2026-09-09T00:39:13.631182+00:00,4
2021-12-22 14:30:00,QQQ,388.91,392.22,388.23,392.13,10113095.0,IBKR_TRADES,RTH,split_adjusted,traded_shares,2026-09-09T00:39:13.631182+00:00,4
2021-12-22 16:00:00,QQQ,392.14,393.24,390.76,392.57,11561671.0,IBKR_TRADES,RTH,split_adjusted,traded_shares,2026-09-09T00:39:13.631182+00:00,4
2021-12-22 20:00:00,QQQ,392.61,394.16,392.17,393.92,5095462.0,IBKR_TRADES,RTH,split_adjusted,traded_shares,2026-09-09T00:39:13.631182+00:00,4
2021-12-23 14:30:00,QQQ,394.34,396.96,394.14,396.93,7036300.0,IBKR_TRADES,RTH,split_adjusted,traded_shares,2026-09-09T00:39:13.631182+00:00,4
2021-12-23 16:00:00,QQQ,396.95,398.03,396.83,397.99,7962600.0,IBKR_TRADES,RTH,split_adjusted,traded_shares,2026-09-09T00:39:13.631182+00:00,4
2021-12-23 20:00:00,QQQ,397.98,398.43,396.94,396.99,5381088.0,IBKR_TRADES,RTH,split_adjusted,traded_shares,2026-09-09T00:39:13.631182+00:00,4
2021-12-27 14:30:00,QQQ,398.26,402.54,398.21,402.36,9014421.0,IBKR_TRADES,RTH,split_adjusted,traded_shares,2026-09-09T00:39:13.631182+00:00,4
2021-12-27 16:00:00,QQQ,402.36,403.28,401.68,402.9,7774721.0,IBKR_TRADES,RTH,split_adjusted,traded_shares,2026-09-09T00:39:13.631182+00:00,4
2021-12-27 20:00:00,QQQ,402.89,403.48,402.28,403.41,4908165.0,IBKR_TRADES,RTH,split_adjusted,traded_shares,2026-09-09T00:39:13.631182+00:00,4
2021-12-28 14:30:00,QQQ,404.36,404.58,401.68,402.98,9813044.0,IBKR_TRADES,RTH,split_adjusted,traded_shares,2026-09-09T00:39:13.631182+00:00,4
2021-12-28 16:00:00,QQQ,403.0,403.48,400.71,401.72,9935071.0,IBKR_TRADES,RTH,split_adjusted,traded_shares,2026-09-09T00:39:13.631182+00:00,4
2021-12-28 20:00:00,QQQ,401.74,402.55,401.22,401.71,3879987.0,IBKR_TRADES,RTH,split_adjusted,traded_shares,2026-09-09T00:39:13.631182+00:00,4
2021-12-29 14:30:00,QQQ,401.78,403.05,399.11,401.0,9306733.0,IBKR_TRADES,RTH,split_adjusted,traded_shares,2026-09-09T00:39:13.631182+00:00,4
2021-12-29 16:00:00,QQQ,400.97,401.97,399.79,401.88,8613138.0,IBKR_TRADES,RTH,split_adjusted,traded_shares,2026-09-09T00:39:13.631182+00:00,4
2021-12-29 20:00:00,QQQ,401.86,402.46,401.37,401.6,3812718.9999999995,IBKR_TRADES,RTH,split_adjusted,traded_shares,2026-09-09T00:39:13.631182+00:00,4
2021-12-30 14:30:00,QQQ,401.31,403.57,400.69,402.62,6188416.0,IBKR_TRADES,RTH,split_adjusted,traded_shares,2026-09-09T00:39:13.631182+00:00,4
2021-12-30 16:00:00,QQQ,402.61,403.37,402.05,402.51,5836315.0,IBKR_TRADES,RTH,split_adjusted,traded_shares,2026-09-09T00:39:13.631182+00:00,4
2021-12-30 20:00:00,QQQ,402.52,402.52,399.75,400.14,4887792.0,IBKR_TRADES,RTH,split_adjusted,traded_shares,2026-09-09T00:39:13.631182+00:00,4
2021-12-31 14:30:00,QQQ,399.69,401.06,398.37,399.19,6546073.0,IBKR_TRADES,RTH,split_adjusted,traded_shares,2026-09-09T00:39:13.631182+00:00,4
2021-12-31 16:00:00,QQQ,399.16,399.6,398.2,398.59,9048774.0,IBKR_TRADES,RTH,split_adjusted,traded_shares,2026-09-09T00:39:13.631182+00:00,4
2021-12-31 20:00:00,QQQ,398.6,399.2,397.34,397.56,7659457.000000001,IBKR_TRADES,RTH,split_adjusted,traded_shares,2026-09-09T00:39:13.631182+00:00,4
2022-01-03 14:30:00,QQQ,399.05,401.53,396.88,400.41,12730735.0,IBKR_TRADES,RTH,split_adjusted,traded_shares,2026-09-09T00:39:13.631182+00:00,4
2022-01-03 16:00:00,QQQ,400.41,401.94,398.9,401.34,10592422.0,IBKR_TRADES,RTH,split_adjusted,traded_shares,2026-09-09T00:39:13.631182+00:00,4
2022-01-03 20:00:00,QQQ,401.37,401.9,400.79,401.78,4961859.0,IBKR_TRADES,RTH,split_adjusted,traded_shares,2026-09-09T00:39:13.631182+00:00,4
2022-01-04 14:30:00,QQQ,402.24,402.29,395.28,395.37,13979786.0,IBKR_TRADES,RTH,split_adjusted,traded_shares,2026-09-09T00:39:13.631182+00:00,4
2022-01-04 16:00:00,QQQ,395.38,395.97,393.28,395.34,22425653.0,IBKR_TRADES,RTH,split_adjusted,traded_shares,2026-09-09T00:39:13.631182+00:00,4
2022-01-04 20:00:00,QQQ,395.34,397.76,395.31,396.49,8018371.0,IBKR_TRADES,RTH,split_adjusted,traded_shares,2026-09-09T00:39:13.631182+00:00,4
2022-01-05 14:30:00,QQQ,394.74,395.89,392.36,394.1,13492099.0,IBKR_TRADES,RTH,split_adjusted,traded_shares,2026-09-09T00:39:13.631182+00:00,4
2022-01-05 16:00:00,QQQ,394.09,394.44,386.94,387.45,28208384.0,IBKR_TRADES,RTH,split_adjusted,traded_shares,2026-09-09T00:39:13.631182+00:00,4
2022-01-05 20:00:00,QQQ,387.46,387.49,384.03,384.15,14666068.0,IBKR_TRADES,RTH,split_adjusted,traded_shares,2026-09-09T00:39:13.631182+00:00,4
2022-01-06 14:30:00,QQQ,382.39,386.77,380.13,386.03,26486209.0,IBKR_TRADES,RTH,split_adjusted,traded_shares,2026-09-09T00:39:13.631182+00:00,4
2022-01-06 16:00:00,QQQ,386.03,387.35,384.29,385.47,19619204.0,IBKR_TRADES,RTH,split_adjusted,traded_shares,2026-09-09T00:39:13.631182+00:00,4
2022-01-06 20:00:00,QQQ,385.48,386.65,383.06,384.03,7214315.0,IBKR_TRADES,RTH,split_adjusted,traded_shares,2026-09-09T00:39:13.631182+00:00,4
2022-01-07 14:30:00,QQQ,384.03,385.76,378.04,379.07,23634903.0,IBKR_TRADES,RTH,split_adjusted,traded_shares,2026-09-09T00:39:13.631182+00:00,4
2022-01-07 16:00:00,QQQ,379.08,381.99,378.62,381.16,22266426.0,IBKR_TRADES,RTH,split_adjusted,traded_shares,2026-09-09T00:39:13.631182+00:00,4
2022-01-07 20:00:00,QQQ,381.14,381.93,379.57,379.82,7387727.0,IBKR_TRADES,RTH,split_adjusted,traded_shares,2026-09-09T00:39:13.631182+00:00,4
2022-01-10 14:30:00,QQQ,374.82,375.71,369.31,370.4,24799613.0,IBKR_TRADES,RTH,split_adjusted,traded_shares,2026-09-09T00:39:13.631182+00:00,4
2022-01-10 16:00:00,QQQ,370.39,378.02,369.92,376.89,30483446.000000004,IBKR_TRADES,RTH,split_adjusted,traded_shares,2026-09-09T00:39:13.631182+00:00,4
2022-01-10 20:00:00,QQQ,376.9,380.64,375.49,380.34,12613239.0,IBKR_TRADES,RTH,split_adjusted,traded_shares,2026-09-09T00:39:13.631182+00:00,4
2022-01-11 14:30:00,QQQ,379.35,381.53,377.21,379.38,22577767.0,IBKR_TRADES,RTH,split_adjusted,traded_shares,2026-09-09T00:39:13.631182+00:00,4
2022-01-11 16:00:00,QQQ,379.4,385.96,379.22,385.33,24680812.0,IBKR_TRADES,RTH,split_adjusted,traded_shares,2026-09-09T00:39:13.631182+00:00,4
2022-01-11 20:00:00,QQQ,385.34,385.99,384.63,385.9,6533453.0,IBKR_TRADES,RTH,split_adjusted,traded_shares,2026-09-09T00:39:13.631182+00:00,4
2022-01-12 14:30:00,QQQ,388.47,390.2,385.97,386.51,17126284.0,IBKR_TRADES,RTH,split_adjusted,traded_shares,2026-09-09T00:39:13.631182+00:00,4
2022-01-12 16:00:00,QQQ,386.49,388.79,385.01,387.48,16139492.0,IBKR_TRADES,RTH,split_adjusted,traded_shares,2026-09-09T00:39:13.631182+00:00,4
2022-01-12 20:00:00,QQQ,387.48,387.78,386.46,387.42,6811667.0,IBKR_TRADES,RTH,split_adjusted,traded_shares,2026-09-09T00:39:13.631182+00:00,4
2022-01-13 14:30:00,QQQ,388.75,389.47,383.29,384.19,15926945.0,IBKR_TRADES,RTH,split_adjusted,traded_shares,2026-09-09T00:39:13.631182+00:00,4
2022-01-13 16:00:00,QQQ,384.18,385.81,380.07,380.81,28494730.0,IBKR_TRADES,RTH,split_adjusted,traded_shares,2026-09-09T00:39:13.631182+00:00,4
2022-01-13 20:00:00,QQQ,380.85,380.86,376.7,377.68,14088316.0,IBKR_TRADES,RTH,split_adjusted,traded_shares,2026-09-09T00:39:13.631182+00:00,4
2022-01-14 14:30:00,QQQ,375.07,380.21,374.86,377.67,22087543.0,IBKR_TRADES,RTH,split_adjusted,traded_shares,2026-09-09T00:39:13.631182+00:00,4
2022-01-14 16:00:00,QQQ,377.69,379.51,375.4,377.67,28805584.0,IBKR_TRADES,RTH,split_adjusted,traded_shares,2026-09-09T00:39:13.631182+00:00,4
2022-01-14 20:00:00,QQQ,377.67,380.35,377.67,380.06,8742559.0,IBKR_TRADES,RTH,split_adjusted,traded_shares,2026-09-09T00:39:13.631182+00:00,4
2022-01-18 14:30:00,QQQ,374.12,376.22,372.31,373.31,18249235.0,IBKR_TRADES,RTH,split_adjusted,traded_shares,2026-09-09T00:39:13.631182+00:00,4
2022-01-18 16:00:00,QQQ,373.32,374.48,371.11,373.11,23484579.0,IBKR_TRADES,RTH,split_adjusted,traded_shares,2026-09-09T00:39:13.631182+00:00,4
2022-01-18 20:00:00,QQQ,373.14,373.35,369.77,370.8,12570658.0,IBKR_TRADES,RTH,split_adjusted,traded_shares,2026-09-09T00:39:13.631182+00:00,4
2022-01-19 14:30:00,QQQ,372.08,374.69,369.48,370.53,18740336.0,IBKR_TRADES,RTH,split_adjusted,traded_shares,2026-09-09T00:39:13.631182+00:00,4
2022-01-19 16:00:00,QQQ,370.51,373.33,368.16,370.12,28978639.0,IBKR_TRADES,RTH,split_adjusted,traded_shares,2026-09-09T00:39:13.631182+00:00,4
2022-01-19 20:00:00,QQQ,370.13,370.86,366.21,366.53,11847128.0,IBKR_TRADES,RTH,split_adjusted,traded_shares,2026-09-09T00:39:13.631182+00:00,4
2022-01-20 14:30:00,QQQ,369.78,373.6,369.53,373.17,15459273.0,IBKR_TRADES,RTH,split_adjusted,traded_shares,2026-09-09T00:39:13.631182+00:00,4
2022-01-20 16:00:00,QQQ,373.15,373.87,367.45,367.65,23759458.0,IBKR_TRADES,RTH,split_adjusted,traded_shares,2026-09-09T00:39:13.631182+00:00,4
2022-01-20 20:00:00,QQQ,367.65,368.38,361.17,361.61,20941238.0,IBKR_TRADES,RTH,split_adjusted,traded_shares,2026-09-09T00:39:13.631182+00:00,4
2022-01-21 14:30:00,QQQ,359.44,361.24,354.24,359.9,35508566.0,IBKR_TRADES,RTH,split_adjusted,traded_shares,2026-09-09T00:39:13.631182+00:00,4
2022-01-21 16:00:00,QQQ,359.89,362.18,353.58,353.72,44018024.0,IBKR_TRADES,RTH,split_adjusted,traded_shares,2026-09-09T00:39:13.631182+00:00,4
2022-01-21 20:00:00,QQQ,353.71,355.29,351.41,351.41,20404446.0,IBKR_TRADES,RTH,split_adjusted,traded_shares,2026-09-09T00:39:13.631182+00:00,4
2022-01-24 14:30:00,QQQ,345.88,347.66,340.71,343.47,44043153.0,IBKR_TRADES,RTH,split_adjusted,traded_shares,2026-09-09T00:39:13.631182+00:00,4
2022-01-24 16:00:00,QQQ,343.45,347.33,334.15,345.05,77526405.0,IBKR_TRADES,RTH,split_adjusted,traded_shares,2026-09-09T00:39:13.631182+00:00,4
2022-01-24 20:00:00,QQQ,345.03,353.98,344.21,353.58,23440268.0,IBKR_TRADES,RTH,split_adjusted,traded_shares,2026-09-09T00:39:13.631182+00:00,4
2022-01-25 14:30:00,QQQ,346.62,348.73,342.2,344.41,35798459.0,IBKR_TRADES,RTH,split_adjusted,traded_shares,2026-09-09T00:39:13.631182+00:00,4
2022-01-25 16:00:00,QQQ,344.38,351.03,341.68,350.8,36449012.0,IBKR_TRADES,RTH,split_adjusted,traded_shares,2026-09-09T00:39:13.631182+00:00,4
2022-01-25 20:00:00,QQQ,350.79,350.92,344.12,344.94,15765632.0,IBKR_TRADES,RTH,split_adjusted,traded_shares,2026-09-09T00:39:13.631182+00:00,4
2022-01-26 14:30:00,QQQ,352.91,353.83,349.23,350.8,19637198.0,IBKR_TRADES,RTH,split_adjusted,traded_shares,2026-09-09T00:39:13.631182+00:00,4
2022-01-26 16:00:00,QQQ,350.8,356.88,346.04,347.71,50929622.0,IBKR_TRADES,RTH,split_adjusted,traded_shares,2026-09-09T00:39:13.631182+00:00,4
2022-01-26 20:00:00,QQQ,347.69,347.69,340.78,345.06,31792894.0,IBKR_TRADES,RTH,split_adjusted,traded_shares,2026-09-09T00:39:13.631182+00:00,4
2022-01-27 14:30:00,QQQ,349.39,351.27,345.68,348.5,20923149.0,IBKR_TRADES,RTH,split_adjusted,traded_shares,2026-09-09T00:39:13.631182+00:00,4
2022-01-27 16:00:00,QQQ,348.49,349.86,340.54,341.57,34463981.0,IBKR_TRADES,RTH,split_adjusted,traded_shares,2026-09-09T00:39:13.631182+00:00,4
2022-01-27 20:00:00,QQQ,341.59,343.95,340.05,341.02,11622074.0,IBKR_TRADES,RTH,split_adjusted,traded_shares,2026-09-09T00:39:13.631182+00:00,4
2022-01-28 14:30:00,QQQ,343.03,344.9,337.95,344.86,20277510.0,IBKR_TRADES,RTH,split_adjusted,traded_shares,2026-09-09T00:39:13.631182+00:00,4
2022-01-28 16:00:00,QQQ,344.86,348.91,342.76,346.5,37647105.0,IBKR_TRADES,RTH,split_adjusted,traded_shares,2026-09-09T00:39:13.631182+00:00,4
2022-01-28 20:00:00,QQQ,346.48,352.02,346.1,351.95,15133292.000000002,IBKR_TRADES,RTH,split_adjusted,traded_shares,2026-09-09T00:39:13.631182+00:00,4
2022-01-31 14:30:00,QQQ,353.25,358.98,351.52,358.76,19807705.0,IBKR_TRADES,RTH,split_adjusted,traded_shares,2026-09-09T00:39:13.631182+00:00,4
2022-01-31 16:00:00,QQQ,358.75,361.47,357.48,361.13,24780616.0,IBKR_TRADES,RTH,split_adjusted,traded_shares,2026-09-09T00:39:13.631182+00:00,4
2022-01-31 20:00:00,QQQ,361.12,363.65,358.77,363.28,15406896.000000002,IBKR_TRADES,RTH,split_adjusted,traded_shares,2026-09-09T00:39:13.631182+00:00,4
2022-02-01 14:30:00,QQQ,364.43,364.63,359.14,362.28,21282260.0,IBKR_TRADES,RTH,split_adjusted,traded_shares,2026-09-09T00:39:13.631182+00:00,4
2022-02-01 16:00:00,QQQ,362.26,364.32,361.39,362.49,20393357.0,IBKR_TRADES,RTH,split_adjusted,traded_shares,2026-09-09T00:39:13.631182+00:00,4
2022-02-01 20:00:00,QQQ,362.48,366.19,362.27,365.5,10290612.0,IBKR_TRADES,RTH,split_adjusted,traded_shares,2026-09-09T00:39:13.631182+00:00,4
2022-02-02 14:30:00,QQQ,369.8,370.1,366.12,367.29,18403984.0,IBKR_TRADES,RTH,split_adjusted,traded_shares,2026-09-09T00:39:13.631182+00:00,4
2022-02-02 16:00:00,QQQ,367.29,368.81,364.28,368.04,22193399.0,IBKR_TRADES,RTH,split_adjusted,traded_shares,2026-09-09T00:39:13.631182+00:00,4
2022-02-02 20:00:00,QQQ,368.02,369.41,367.46,368.54,8488058.0,IBKR_TRADES,RTH,split_adjusted,traded_shares,2026-09-09T00:39:13.631182+00:00,4
2022-02-03 14:30:00,QQQ,358.58,361.93,357.89,359.62,20780320.0,IBKR_TRADES,RTH,split_adjusted,traded_shares,2026-09-09T00:39:13.631182+00:00,4
2022-02-03 16:00:00,QQQ,359.62,361.0,355.16,355.77,24613964.0,IBKR_TRADES,RTH,split_adjusted,traded_shares,2026-09-09T00:39:13.631182+00:00,4
2022-02-03 20:00:00,QQQ,355.77,356.98,352.46,353.61,14430378.0,IBKR_TRADES,RTH,split_adjusted,traded_shares,2026-09-09T00:39:13.631182+00:00,4
2022-02-04 14:30:00,QQQ,354.08,357.64,351.97,353.67,22737753.0,IBKR_TRADES,RTH,split_adjusted,traded_shares,2026-09-09T00:39:13.631182+00:00,4
2022-02-04 16:00:00,QQQ,353.68,360.12,352.2,359.86,27258475.0,IBKR_TRADES,RTH,split_adjusted,traded_shares,2026-09-09T00:39:13.631182+00:00,4
2022-02-04 20:00:00,QQQ,359.88,361.4,357.82,357.99,10982049.0,IBKR_TRADES,RTH,split_adjusted,traded_shares,2026-09-09T00:39:13.631182+00:00,4
2022-02-07 14:30:00,QQQ,358.65,361.05,357.74,359.02,13578253.0,IBKR_TRADES,RTH,split_adjusted,traded_shares,2026-09-09T00:39:13.631182+00:00,4
2022-02-07 16:00:00,QQQ,359.01,359.53,354.95,357.92,18588719.0,IBKR_TRADES,RTH,split_adjusted,traded_shares,2026-09-09T00:39:13.631182+00:00,4
2022-02-07 20:00:00,QQQ,357.91,359.07,353.84,355.17,10404055.0,IBKR_TRADES,RTH,split_adjusted,traded_shares,2026-09-09T00:39:13.631182+00:00,4
2022-02-08 14:30:00,QQQ,354.01,356.63,352.8,356.15,15024629.0,IBKR_TRADES,RTH,split_adjusted,traded_shares,2026-09-09T00:39:13.631182+00:00,4
2022-02-08 16:00:00,QQQ,356.14,359.82,356.1,357.09,20164268.0,IBKR_TRADES,RTH,split_adjusted,traded_shares,2026-09-09T00:39:13.631182+00:00,4
2022-02-08 20:00:00,QQQ,357.1,360.24,356.35,359.2,8673220.0,IBKR_TRADES,RTH,split_adjusted,traded_shares,2026-09-09T00:39:13.631182+00:00,4
2022-02-09 14:30:00,QQQ,363.73,364.54,362.12,364.43,13528964.0,IBKR_TRADES,RTH,split_adjusted,traded_shares,2026-09-09T00:39:13.631182+00:00,4
2022-02-09 16:00:00,QQQ,364.44,366.3,363.54,365.48,16119043.0,IBKR_TRADES,RTH,split_adjusted,traded_shares,2026-09-09T00:39:13.631182+00:00,4
2022-02-09 20:00:00,QQQ,365.48,366.8,364.46,366.77,10099017.0,IBKR_TRADES,RTH,split_adjusted,traded_shares,2026-09-09T00:39:13.631182+00:00,4
2022-02-10 14:30:00,QQQ,359.52,366.49,359.32,363.87,27154108.0,IBKR_TRADES,RTH,split_adjusted,traded_shares,2026-09-09T00:39:13.631182+00:00,4
2022-02-10 16:00:00,QQQ,363.85,365.24,358.66,359.16,38495505.0,IBKR_TRADES,RTH,split_adjusted,traded_shares,2026-09-09T00:39:13.631182+00:00,4
2022-02-10 20:00:00,QQQ,359.14,360.22,356.54,358.45,14031247.0,IBKR_TRADES,RTH,split_adjusted,traded_shares,2026-09-09T00:39:13.631182+00:00,4
2022-02-11 14:30:00,QQQ,358.46,360.07,355.76,356.47,19283462.0,IBKR_TRADES,RTH,split_adjusted,traded_shares,2026-09-09T00:39:13.631182+00:00,4
2022-02-11 16:00:00,QQQ,356.48,357.75,346.47,347.85,42781507.0,IBKR_TRADES,RTH,split_adjusted,traded_shares,2026-09-09T00:39:13.631182+00:00,4
2022-02-11 20:00:00,QQQ,347.84,349.69,345.8,347.14,14172212.0,IBKR_TRADES,RTH,split_adjusted,traded_shares,2026-09-09T00:39:13.631182+00:00,4
2022-02-14 14:30:00,QQQ,346.46,349.55,345.81,348.02,18921633.0,IBKR_TRADES,RTH,split_adjusted,traded_shares,2026-09-09T00:39:13.631182+00:00,4
2022-02-14 16:00:00,QQQ,348.01,350.98,343.89,347.04,29119157.0,IBKR_TRADES,RTH,split_adjusted,traded_shares,2026-09-09T00:39:13.631182+00:00,4
2022-02-14 20:00:00,QQQ,347.0,348.56,345.61,347.65,10485997.0,IBKR_TRADES,RTH,split_adjusted,traded_shares,2026-09-09T00:39:13.631182+00:00,4
2022-02-15 14:30:00,QQQ,352.91,354.7,352.22,354.09,13478909.0,IBKR_TRADES,RTH,split_adjusted,traded_shares,2026-09-09T00:39:13.631182+00:00,4
2022-02-15 16:00:00,QQQ,354.11,355.27,351.82,355.08,19188077.0,IBKR_TRADES,RTH,split_adjusted,traded_shares,2026-09-09T00:39:13.631182+00:00,4
2022-02-15 20:00:00,QQQ,355.08,356.37,354.15,356.21,10540903.0,IBKR_TRADES,RTH,split_adjusted,traded_shares,2026-09-09T00:39:13.631182+00:00,4
2022-02-16 14:30:00,QQQ,353.92,353.95,350.71,352.26,13969649.0,IBKR_TRADES,RTH,split_adjusted,traded_shares,2026-09-09T00:39:13.631182+00:00,4
2022-02-16 16:00:00,QQQ,352.28,356.18,350.81,355.68,20766728.0,IBKR_TRADES,RTH,split_adjusted,traded_shares,2026-09-09T00:39:13.631182+00:00,4
2022-02-16 20:00:00,QQQ,355.7,357.09,355.59,356.0,7784484.0,IBKR_TRADES,RTH,split_adjusted,traded_shares,2026-09-09T00:39:13.631182+00:00,4
2022-02-17 14:30:00,QQQ,352.69,353.46,349.26,350.24,14161031.0,IBKR_TRADES,RTH,split_adjusted,traded_shares,2026-09-09T00:39:13.631182+00:00,4
2022-02-17 16:00:00,QQQ,350.22,351.39,347.16,347.22,16325611.000000002,IBKR_TRADES,RTH,split_adjusted,traded_shares,2026-09-09T00:39:13.631182+00:00,4
2022-02-17 20:00:00,QQQ,347.2,347.39,345.02,345.45,13242061.0,IBKR_TRADES,RTH,split_adjusted,traded_shares,2026-09-09T00:39:13.631182+00:00,4
2022-02-18 14:30:00,QQQ,346.41,346.81,342.24,342.65,14783263.0,IBKR_TRADES,RTH,split_adjusted,traded_shares,2026-09-09T00:39:13.631182+00:00,4
2022-02-18 16:00:00,QQQ,342.63,344.67,339.14,344.0,28662083.0,IBKR_TRADES,RTH,split_adjusted,traded_shares,2026-09-09T00:39:13.631182+00:00,4
2022-02-18 20:00:00,QQQ,344.0,344.93,340.5,341.58,12427292.0,IBKR_TRADES,RTH,split_adjusted,traded_shares,2026-09-09T00:39:13.631182+00:00,4
2022-02-22 14:30:00,QQQ,338.52,344.04,338.04,340.01,17820789.0,IBKR_TRADES,RTH,split_adjusted,traded_shares,2026-09-09T00:39:13.631182+00:00,4
2022-02-22 16:00:00,QQQ,340.03,340.48,334.35,339.57,31716107.0,IBKR_TRADES,RTH,split_adjusted,traded_shares,2026-09-09T00:39:13.631182+00:00,4
2022-02-22 20:00:00,QQQ,339.61,341.72,336.78,338.09,14941999.0,IBKR_TRADES,RTH,split_adjusted,traded_shares,2026-09-09T00:39:13.631182+00:00,4
2022-02-23 14:30:00,QQQ,341.32,342.19,335.37,336.04,16477949.0,IBKR_TRADES,RTH,split_adjusted,traded_shares,2026-09-09T00:39:13.631182+00:00,4
2022-02-23 16:00:00,QQQ,336.04,338.09,330.92,331.42,29028370.0,IBKR_TRADES,RTH,split_adjusted,traded_shares,2026-09-09T00:39:13.631182+00:00,4
2022-02-23 20:00:00,QQQ,331.41,331.64,329.11,329.41,15440012.0,IBKR_TRADES,RTH,split_adjusted,traded_shares,2026-09-09T00:39:13.631182+00:00,4
2022-02-24 14:30:00,QQQ,318.84,329.18,318.26,328.14,33892071.0,IBKR_TRADES,RTH,split_adjusted,traded_shares,2026-09-09T00:39:13.631182+00:00,4
2022-02-24 16:00:00,QQQ,328.12,336.62,326.93,335.94,42372511.0,IBKR_TRADES,RTH,split_adjusted,traded_shares,2026-09-09T00:39:13.631182+00:00,4
2022-02-24 20:00:00,QQQ,335.94,341.04,335.47,340.63,16341045.999999998,IBKR_TRADES,RTH,split_adjusted,traded_shares,2026-09-09T00:39:13.631182+00:00,4
2022-02-25 14:30:00,QQQ,341.31,343.63,337.39,342.87,20524725.0,IBKR_TRADES,RTH,split_adjusted,traded_shares,2026-09-09T00:39:13.631182+00:00,4
2022-02-25 16:00:00,QQQ,342.84,345.74,341.97,344.09,26456048.0,IBKR_TRADES,RTH,split_adjusted,traded_shares,2026-09-09T00:39:13.631182+00:00,4
2022-02-25 20:00:00,QQQ,344.03,345.98,343.23,345.87,9675466.0,IBKR_TRADES,RTH,split_adjusted,traded_shares,2026-09-09T00:39:13.631182+00:00,4
2022-02-28 14:30:00,QQQ,342.47,347.17,342.15,346.72,17908296.0,IBKR_TRADES,RTH,split_adjusted,traded_shares,2026-09-09T00:39:13.631182+00:00,4
2022-02-28 16:00:00,QQQ,346.69,348.54,341.32,343.36,26714056.0,IBKR_TRADES,RTH,split_adjusted,traded_shares,2026-09-09T00:39:13.631182+00:00,4
2022-02-28 20:00:00,QQQ,343.36,347.28,342.01,347.15,11675668.0,IBKR_TRADES,RTH,split_adjusted,traded_shares,2026-09-09T00:39:13.631182+00:00,4
2022-03-01 14:30:00,QQQ,345.75,348.08,344.67,345.14,17188913.0,IBKR_TRADES,RTH,split_adjusted,traded_shares,2026-09-09T00:39:13.631182+00:00,4
2022-03-01 16:00:00,QQQ,345.13,346.57,340.57,341.43,23720053.0,IBKR_TRADES,RTH,split_adjusted,traded_shares,2026-09-09T00:39:13.631182+00:00,4
2022-03-01 20:00:00,QQQ,341.45,343.85,338.9,341.52,9857267.0,IBKR_TRADES,RTH,split_adjusted,traded_shares,2026-09-09T00:39:13.631182+00:00,4
2022-03-02 14:30:00,QQQ,343.08,344.62,340.24,342.62,20731828.0,IBKR_TRADES,RTH,split_adjusted,traded_shares,2026-09-09T00:39:13.631182+00:00,4
2022-03-02 16:00:00,QQQ,342.63,348.31,341.76,347.25,20376111.0,IBKR_TRADES,RTH,split_adjusted,traded_shares,2026-09-09T00:39:13.631182+00:00,4
2022-03-02 20:00:00,QQQ,347.23,348.59,347.08,347.18,8109173.0,IBKR_TRADES,RTH,split_adjusted,traded_shares,2026-09-09T00:39:13.631182+00:00,4
2022-03-03 14:30:00,QQQ,349.94,350.04,342.66,342.7,15647044.0,IBKR_TRADES,RTH,split_adjusted,traded_shares,2026-09-09T00:39:13.631182+00:00,4
2022-03-03 16:00:00,QQQ,342.7,346.65,342.2,342.81,25823058.0,IBKR_TRADES,RTH,split_adjusted,traded_shares,2026-09-09T00:39:13.631182+00:00,4
2022-03-03 20:00:00,QQQ,342.77,342.77,340.35,342.28,11415153.0,IBKR_TRADES,RTH,split_adjusted,traded_shares,2026-09-09T00:39:13.631182+00:00,4
2022-03-04 14:30:00,QQQ,339.83,341.31,335.95,336.07,17441888.0,IBKR_TRADES,RTH,split_adjusted,traded_shares,2026-09-09T00:39:13.631182+00:00,4
2022-03-04 16:00:00,QQQ,336.08,339.79,334.92,335.24,26434706.0,IBKR_TRADES,RTH,split_adjusted,traded_shares,2026-09-09T00:39:13.631182+00:00,4
2022-03-04 20:00:00,QQQ,335.23,337.8,335.16,337.35,10996510.0,IBKR_TRADES,RTH,split_adjusted,traded_shares,2026-09-09T00:39:13.631182+00:00,4
2022-03-07 14:30:00,QQQ,337.29,338.48,330.19,330.75,20796823.0,IBKR_TRADES,RTH,split_adjusted,traded_shares,2026-09-09T00:39:13.631182+00:00,4
2022-03-07 16:00:00,QQQ,330.75,332.72,326.97,327.25,30334409.0,IBKR_TRADES,RTH,split_adjusted,traded_shares,2026-09-09T00:39:13.631182+00:00,4
2022-03-07 20:00:00,QQQ,327.26,327.58,324.65,324.83,13750727.0,IBKR_TRADES,RTH,split_adjusted,traded_shares,2026-09-09T00:39:13.631182+00:00,4
2022-03-08 14:30:00,QQQ,324.05,326.13,320.05,324.63,26518906.0,IBKR_TRADES,RTH,split_adjusted,traded_shares,2026-09-09T00:39:13.631182+00:00,4
2022-03-08 16:00:00,QQQ,324.63,333.21,319.94,327.29,44606382.0,IBKR_TRADES,RTH,split_adjusted,traded_shares,2026-09-09T00:39:13.631182+00:00,4
2022-03-08 20:00:00,QQQ,327.28,329.45,323.2,323.28,13318879.0,IBKR_TRADES,RTH,split_adjusted,traded_shares,2026-09-09T00:39:13.631182+00:00,4
2022-03-09 14:30:00,QQQ,331.76,333.63,329.09,333.23,16886601.0,IBKR_TRADES,RTH,split_adjusted,traded_shares,2026-09-09T00:39:13.631182+00:00,4
2022-03-09 16:00:00,QQQ,333.23,335.27,331.15,334.59,16863819.0,IBKR_TRADES,RTH,split_adjusted,traded_shares,2026-09-09T00:39:13.631182+00:00,4
2022-03-09 20:00:00,QQQ,334.61,336.38,334.12,335.06,9112274.0,IBKR_TRADES,RTH,split_adjusted,traded_shares,2026-09-09T00:39:13.631182+00:00,4
2022-03-10 14:30:00,QQQ,330.82,331.98,327.58,327.88,17298017.0,IBKR_TRADES,RTH,split_adjusted,traded_shares,2026-09-09T00:39:13.631182+00:00,4
2022-03-10 16:00:00,QQQ,327.87,332.51,326.71,332.09,22379712.0,IBKR_TRADES,RTH,split_adjusted,traded_shares,2026-09-09T00:39:13.631182+00:00,4
2022-03-10 20:00:00,QQQ,332.16,332.4,330.47,331.42,7880549.0,IBKR_TRADES,RTH,split_adjusted,traded_shares,2026-09-09T00:39:13.631182+00:00,4
2022-03-11 14:30:00,QQQ,334.32,334.64,329.35,330.98,14703557.0,IBKR_TRADES,RTH,split_adjusted,traded_shares,2026-09-09T00:39:13.631182+00:00,4
2022-03-11 16:00:00,QQQ,330.98,331.07,326.85,327.34,22295305.0,IBKR_TRADES,RTH,split_adjusted,traded_shares,2026-09-09T00:39:13.631182+00:00,4
2022-03-11 20:00:00,QQQ,327.36,327.62,323.9,324.31,10657843.0,IBKR_TRADES,RTH,split_adjusted,traded_shares,2026-09-09T00:39:13.631182+00:00,4
2022-03-14 13:30:00,QQQ,323.13,326.59,321.26,321.66,23610365.0,IBKR_TRADES,RTH,split_adjusted,traded_shares,2026-09-09T00:39:13.631182+00:00,4
2022-03-14 16:00:00,QQQ,321.65,321.65,317.45,318.23,33787589.0,IBKR_TRADES,RTH,split_adjusted,traded_shares,2026-09-09T00:39:13.631182+00:00,4
2022-03-15 13:30:00,QQQ,320.88,326.93,319.23,324.9,26019746.0,IBKR_TRADES,RTH,split_adjusted,traded_shares,2026-09-09T00:39:13.631182+00:00,4
2022-03-15 16:00:00,QQQ,324.86,328.95,323.4,328.19,26877629.0,IBKR_TRADES,RTH,split_adjusted,traded_shares,2026-09-09T00:39:13.631182+00:00,4
2022-03-16 13:30:00,QQQ,332.17,338.16,332.01,336.94,23127366.0,IBKR_TRADES,RTH,split_adjusted,traded_shares,2026-09-09T00:39:13.631182+00:00,4
2022-03-16 16:00:00,QQQ,336.95,340.44,328.4,340.39,47523660.0,IBKR_TRADES,RTH,split_adjusted,traded_shares,2026-09-09T00:39:13.631182+00:00,4
2022-03-17 13:30:00,QQQ,338.37,341.8,337.04,339.58,22923736.0,IBKR_TRADES,RTH,split_adjusted,traded_shares,2026-09-09T00:39:13.631182+00:00,4
2022-03-17 16:00:00,QQQ,339.59,344.5,339.13,344.36,21079198.0,IBKR_TRADES,RTH,split_adjusted,traded_shares,2026-09-09T00:39:13.631182+00:00,4
2022-03-18 13:30:00,QQQ,342.74,348.24,341.55,347.36,22297706.0,IBKR_TRADES,RTH,split_adjusted,traded_shares,2026-09-09T00:39:13.631182+00:00,4
2022-03-18 16:00:00,QQQ,347.39,351.79,346.98,351.49,26964732.0,IBKR_TRADES,RTH,split_adjusted,traded_shares,2026-09-09T00:39:13.631182+00:00,4
2022-03-21 13:30:00,QQQ,350.2,352.48,346.63,351.81,23496097.0,IBKR_TRADES,RTH,split_adjusted,traded_shares,2026-09-09T00:39:13.631182+00:00,4
2022-03-21 16:00:00,QQQ,351.87,352.03,345.57,350.14,30144200.0,IBKR_TRADES,RTH,split_adjusted,traded_shares,2026-09-09T00:39:13.631182+00:00,4
2022-03-22 13:30:00,QQQ,350.57,357.7,350.2,356.24,21713123.0,IBKR_TRADES,RTH,split_adjusted,traded_shares,2026-09-09T00:39:13.631182+00:00,4
2022-03-22 16:00:00,QQQ,356.25,357.85,354.95,356.96,22222994.0,IBKR_TRADES,RTH,split_adjusted,traded_shares,2026-09-09T00:39:13.631182+00:00,4
2022-03-23 13:30:00,QQQ,353.99,356.96,352.26,356.93,23313154.0,IBKR_TRADES,RTH,split_adjusted,traded_shares,2026-09-09T00:39:13.631182+00:00,4
2022-03-23 16:00:00,QQQ,356.94,357.66,351.77,351.82,23836436.0,IBKR_TRADES,RTH,split_adjusted,traded_shares,2026-09-09T00:39:13.631182+00:00,4
2022-03-24 13:30:00,QQQ,353.75,357.17,351.59,356.48,21056742.0,IBKR_TRADES,RTH,split_adjusted,traded_shares,2026-09-09T00:39:13.631182+00:00,4
2022-03-24 16:00:00,QQQ,356.47,359.7,355.2,359.64,19232018.0,IBKR_TRADES,RTH,split_adjusted,traded_shares,2026-09-09T00:39:13.631182+00:00,4
2022-03-25 13:30:00,QQQ,359.58,360.67,354.94,355.71,22390522.0,IBKR_TRADES,RTH,split_adjusted,traded_shares,2026-09-09T00:39:13.631182+00:00,4
2022-03-25 16:00:00,QQQ,355.76,359.47,355.22,359.36,20871292.0,IBKR_TRADES,RTH,split_adjusted,traded_shares,2026-09-09T00:39:13.631182+00:00,4
2022-03-28 13:30:00,QQQ,359.34,363.19,358.49,358.89,23429080.0,IBKR_TRADES,RTH,split_adjusted,traded_shares,2026-09-09T00:39:13.631182+00:00,4
2022-03-28 16:00:00,QQQ,358.91,365.01,358.07,365.0,20901158.0,IBKR_TRADES,RTH,split_adjusted,traded_shares,2026-09-09T00:39:13.631182+00:00,4
2022-03-29 13:30:00,QQQ,368.86,370.72,366.06,368.88,25283652.0,IBKR_TRADES,RTH,split_adjusted,traded_shares,2026-09-09T00:39:13.631182+00:00,4
2022-03-29 16:00:00,QQQ,368.9,371.83,367.21,371.16,23608590.0,IBKR_TRADES,RTH,split_adjusted,traded_shares,2026-09-09T00:39:13.631182+00:00,4
2022-03-30 13:30:00,QQQ,369.28,370.98,367.61,369.04,20594860.0,IBKR_TRADES,RTH,split_adjusted,traded_shares,2026-09-09T00:39:13.631182+00:00,4
2022-03-30 16:00:00,QQQ,369.03,370.07,365.57,367.19,25873194.0,IBKR_TRADES,RTH,split_adjusted,traded_shares,2026-09-09T00:39:13.631182+00:00,4
2022-03-31 13:30:00,QQQ,367.24,367.6,364.48,366.43,16892165.0,IBKR_TRADES,RTH,split_adjusted,traded_shares,2026-09-09T00:39:13.631182+00:00,4
2022-03-31 16:00:00,QQQ,366.42,366.85,361.68,362.04,30422702.0,IBKR_TRADES,RTH,split_adjusted,traded_shares,2026-09-09T00:39:13.631182+00:00,4
2022-04-01 13:30:00,QQQ,362.81,363.61,359.3,359.53,17987766.0,IBKR_TRADES,RTH,split_adjusted,traded_shares,2026-09-09T00:39:13.631182+00:00,4
2022-04-01 16:00:00,QQQ,359.53,362.09,358.59,361.91,21435101.0,IBKR_TRADES,RTH,split_adjusted,traded_shares,2026-09-09T00:39:13.631182+00:00,4
2022-04-04 13:30:00,QQQ,362.71,368.16,362.44,367.88,14567177.0,IBKR_TRADES,RTH,split_adjusted,traded_shares,2026-09-09T00:39:13.631182+00:00,4
2022-04-04 16:00:00,QQQ,367.88,369.31,366.86,369.27,16802741.0,IBKR_TRADES,RTH,split_adjusted,traded_shares,2026-09-09T00:39:13.631182+00:00,4
2022-04-05 13:30:00,QQQ,367.81,368.54,362.59,362.67,21737772.0,IBKR_TRADES,RTH,split_adjusted,traded_shares,2026-09-09T00:39:13.631182+00:00,4
2022-04-05 16:00:00,QQQ,362.66,363.86,360.0,361.13,26004034.0,IBKR_TRADES,RTH,split_adjusted,traded_shares,2026-09-09T00:39:13.631182+00:00,4
2022-04-06 13:30:00,QQQ,355.65,356.61,351.81,353.01,26138370.0,IBKR_TRADES,RTH,split_adjusted,traded_shares,2026-09-09T00:39:13.631182+00:00,4
2022-04-06 16:00:00,QQQ,352.98,356.78,350.56,353.17,39549279.0,IBKR_TRADES,RTH,split_adjusted,traded_shares,2026-09-09T00:39:13.631182+00:00,4
2022-04-07 13:30:00,QQQ,352.24,355.73,349.58,350.12,22914470.0,IBKR_TRADES,RTH,split_adjusted,traded_shares,2026-09-09T00:39:13.631182+00:00,4
2022-04-07 16:00:00,QQQ,350.11,356.35,348.69,354.13,26466962.0,IBKR_TRADES,RTH,split_adjusted,traded_shares,2026-09-09T00:39:13.631182+00:00,4
2022-04-08 13:30:00,QQQ,352.32,353.04,348.62,351.83,21908455.0,IBKR_TRADES,RTH,split_adjusted,traded_shares,2026-09-09T00:39:13.631182+00:00,4
2022-04-08 16:00:00,QQQ,351.81,353.09,348.5,349.08,23547747.0,IBKR_TRADES,RTH,split_adjusted,traded_shares,2026-09-09T00:39:13.631182+00:00,4
2022-04-11 13:30:00,QQQ,344.81,345.75,341.78,342.73,21114762.0,IBKR_TRADES,RTH,split_adjusted,traded_shares,2026-09-09T00:39:13.631182+00:00,4
2022-04-11 16:00:00,QQQ,342.73,344.12,340.53,340.88,22627139.0,IBKR_TRADES,RTH,split_adjusted,traded_shares,2026-09-09T00:39:13.631182+00:00,4
2022-04-12 13:30:00,QQQ,345.76,347.69,343.01,344.7,24528123.0,IBKR_TRADES,RTH,split_adjusted,traded_shares,2026-09-09T00:39:13.631182+00:00,4
2022-04-12 16:00:00,QQQ,344.71,344.76,338.03,339.53,29480747.0,IBKR_TRADES,RTH,split_adjusted,traded_shares,2026-09-09T00:39:13.631182+00:00,4
2022-04-13 13:30:00,QQQ,339.81,345.2,339.06,344.68,19758493.0,IBKR_TRADES,RTH,split_adjusted,traded_shares,2026-09-09T00:39:13.631182+00:00,4
2022-04-13 16:00:00,QQQ,344.67,347.43,344.06,346.36,23042503.0,IBKR_TRADES,RTH,split_adjusted,traded_shares,2026-09-09T00:39:13.631182+00:00,4
2022-04-14 13:30:00,QQQ,346.44,346.97,341.27,341.49,21901975.0,IBKR_TRADES,RTH,split_adjusted,traded_shares,2026-09-09T00:39:13.631182+00:00,4
2022-04-14 16:00:00,QQQ,341.48,342.18,338.21,338.4,25338706.0,IBKR_TRADES,RTH,split_adjusted,traded_shares,2026-09-09T00:39:13.631182+00:00,4
2022-04-18 13:30:00,QQQ,337.35,341.04,336.8,337.93,19104835.0,IBKR_TRADES,RTH,split_adjusted,traded_shares,2026-09-09T00:39:13.631182+00:00,4
2022-04-18 16:00:00,QQQ,337.94,340.87,335.79,338.96,23592060.0,IBKR_TRADES,RTH,split_adjusted,traded_shares,2026-09-09T00:39:13.631182+00:00,4
2022-04-19 13:30:00,QQQ,338.03,345.78,336.98,345.24,18991600.0,IBKR_TRADES,RTH,split_adjusted,traded_shares,2026-09-09T00:39:13.631182+00:00,4
2022-04-19 16:00:00,QQQ,345.27,346.85,343.48,346.13,21653117.0,IBKR_TRADES,RTH,split_adjusted,traded_shares,2026-09-09T00:39:13.631182+00:00,4
2022-04-20 13:30:00,QQQ,347.09,347.56,341.53,342.09,25021929.0,IBKR_TRADES,RTH,split_adjusted,traded_shares,2026-09-09T00:39:13.631182+00:00,4
2022-04-20 16:00:00,QQQ,342.07,343.79,339.97,341.05,25088417.0,IBKR_TRADES,RTH,split_adjusted,traded_shares,2026-09-09T00:39:13.631182+00:00,4
2022-04-21 13:30:00,QQQ,345.17,347.87,340.1,340.12,23775982.0,IBKR_TRADES,RTH,split_adjusted,traded_shares,2026-09-09T00:39:13.631182+00:00,4
2022-04-21 16:00:00,QQQ,340.15,340.64,333.2,334.23,37799944.0,IBKR_TRADES,RTH,split_adjusted,traded_shares,2026-09-09T00:39:13.631182+00:00,4
2022-04-22 13:30:00,QQQ,334.33,335.56,329.13,329.15,29612117.0,IBKR_TRADES,RTH,split_adjusted,traded_shares,2026-09-09T00:39:13.631182+00:00,4
2022-04-22 16:00:00,QQQ,329.14,330.13,324.98,325.41,33931428.0,IBKR_TRADES,RTH,split_adjusted,traded_shares,2026-09-09T00:39:13.631182+00:00,4
2022-04-25 13:30:00,QQQ,323.73,328.01,322.43,323.16,38259224.0,IBKR_TRADES,RTH,split_adjusted,traded_shares,2026-09-09T00:39:13.631182+00:00,4
2022-04-25 16:00:00,QQQ,323.14,329.9,322.56,329.63,36169898.0,IBKR_TRADES,RTH,split_adjusted,traded_shares,2026-09-09T00:39:13.631182+00:00,4
2022-04-26 13:30:00,QQQ,327.47,327.66,319.05,319.18,32965704.000000004,IBKR_TRADES,RTH,split_adjusted,traded_shares,2026-09-09T00:39:13.631182+00:00,4
2022-04-26 16:00:00,QQQ,319.19,322.31,316.85,316.9,42568694.0,IBKR_TRADES,RTH,split_adjusted,traded_shares,2026-09-09T00:39:13.631182+00:00,4
2022-04-27 13:30:00,QQQ,317.24,322.88,315.0,318.76,41293005.0,IBKR_TRADES,RTH,split_adjusted,traded_shares,2026-09-09T00:39:13.631182+00:00,4
2022-04-27 16:00:00,QQQ,318.79,322.29,316.11,316.73,42231381.0,IBKR_TRADES,RTH,split_adjusted,traded_shares,2026-09-09T00:39:13.631182+00:00,4
2022-04-28 13:30:00,QQQ,321.85,323.51,317.52,320.05,29262855.0,IBKR_TRADES,RTH,split_adjusted,traded_shares,2026-09-09T00:39:13.631182+00:00,4
2022-04-28 16:00:00,QQQ,320.07,329.89,319.53,327.93,37748927.0,IBKR_TRADES,RTH,split_adjusted,traded_shares,2026-09-09T00:39:13.631182+00:00,4
2022-04-29 13:30:00,QQQ,323.7,327.23,320.47,320.9,28182333.0,IBKR_TRADES,RTH,split_adjusted,traded_shares,2026-09-09T00:39:13.631182+00:00,4
2022-04-29 16:00:00,QQQ,320.9,321.09,312.6,313.24,41023152.0,IBKR_TRADES,RTH,split_adjusted,traded_shares,2026-09-09T00:39:13.631182+00:00,4
2022-05-02 13:30:00,QQQ,312.82,317.76,310.44,314.42,33470233.0,IBKR_TRADES,RTH,split_adjusted,traded_shares,2026-09-09T00:39:13.631182+00:00,4
2022-05-02 16:00:00,QQQ,314.41,318.72,309.64,318.45,45882722.0,IBKR_TRADES,RTH,split_adjusted,traded_shares,2026-09-09T00:39:13.631182+00:00,4
2022-05-03 13:30:00,QQQ,318.5,320.43,315.98,319.29,29239702.0,IBKR_TRADES,RTH,split_adjusted,traded_shares,2026-09-09T00:39:13.631182+00:00,4
2022-05-03 16:00:00,QQQ,319.26,321.17,316.62,318.91,28544479.0,IBKR_TRADES,RTH,split_adjusted,traded_shares,2026-09-09T00:39:13.631182+00:00,4
2022-05-04 13:30:00,QQQ,319.31,319.47,313.89,315.79,21168658.0,IBKR_TRADES,RTH,split_adjusted,traded_shares,2026-09-09T00:39:13.631182+00:00,4
2022-05-04 16:00:00,QQQ,315.78,330.29,315.25,329.72,69924405.0,IBKR_TRADES,RTH,split_adjusted,traded_shares,2026-09-09T00:39:13.631182+00:00,4
2022-05-05 13:30:00,QQQ,325.17,325.25,312.91,312.98,50740294.0,IBKR_TRADES,RTH,split_adjusted,traded_shares,2026-09-09T00:39:13.631182+00:00,4
2022-05-05 16:00:00,QQQ,312.96,315.99,309.62,313.38,63032005.0,IBKR_TRADES,RTH,split_adjusted,traded_shares,2026-09-09T00:39:13.631182+00:00,4
2022-05-06 13:30:00,QQQ,310.95,315.09,305.1,309.85,63978323.0,IBKR_TRADES,RTH,split_adjusted,traded_shares,2026-09-09T00:39:13.631182+00:00,4
2022-05-06 16:00:00,QQQ,309.87,313.81,306.3,309.4,42557756.0,IBKR_TRADES,RTH,split_adjusted,traded_shares,2026-09-09T00:39:13.631182+00:00,4
2022-05-09 13:30:00,QQQ,303.46,306.0,298.25,300.38,35757608.0,IBKR_TRADES,RTH,split_adjusted,traded_shares,2026-09-09T00:39:13.631182+00:00,4
2022-05-09 16:00:00,QQQ,300.37,302.65,295.72,297.22,45117909.0,IBKR_TRADES,RTH,split_adjusted,traded_shares,2026-09-09T00:39:13.631182+00:00,4
2022-05-10 13:30:00,QQQ,304.5,305.76,296.57,298.99,42528121.0,IBKR_TRADES,RTH,split_adjusted,traded_shares,2026-09-09T00:39:13.631182+00:00,4
2022-05-10 16:00:00,QQQ,298.98,305.07,297.12,300.79,48355470.0,IBKR_TRADES,RTH,split_adjusted,traded_shares,2026-09-09T00:39:13.631182+00:00,4
2022-05-11 13:30:00,QQQ,298.44,304.09,296.01,299.46,41896845.0,IBKR_TRADES,RTH,split_adjusted,traded_shares,2026-09-09T00:39:13.631182+00:00,4
2022-05-11 16:00:00,QQQ,299.46,299.99,290.95,291.78,48377506.0,IBKR_TRADES,RTH,split_adjusted,traded_shares,2026-09-09T00:39:13.631182+00:00,4
2022-05-12 13:30:00,QQQ,287.45,295.75,285.04,288.78,45043115.0,IBKR_TRADES,RTH,split_adjusted,traded_shares,2026-09-09T00:39:13.631182+00:00,4
2022-05-12 16:00:00,QQQ,288.78,292.12,284.94,291.24,40579999.0,IBKR_TRADES,RTH,split_adjusted,traded_shares,2026-09-09T00:39:13.631182+00:00,4
2022-05-13 13:30:00,QQQ,295.72,301.46,294.08,301.28,24433264.0,IBKR_TRADES,RTH,split_adjusted,traded_shares,2026-09-09T00:39:13.631182+00:00,4
2022-05-13 16:00:00,QQQ,301.27,303.0,297.82,301.9,31930826.0,IBKR_TRADES,RTH,split_adjusted,traded_shares,2026-09-09T00:39:13.631182+00:00,4
2022-05-16 13:30:00,QQQ,300.13,301.63,297.13,300.48,23687290.0,IBKR_TRADES,RTH,split_adjusted,traded_shares,2026-09-09T00:39:13.631182+00:00,4
2022-05-16 16:00:00,QQQ,300.49,302.26,297.68,298.51,20783159.0,IBKR_TRADES,RTH,split_adjusted,traded_shares,2026-09-09T00:39:13.631182+00:00,4
2022-05-17 13:30:00,QQQ,304.42,305.54,300.55,303.86,19741821.0,IBKR_TRADES,RTH,split_adjusted,traded_shares,2026-09-09T00:39:13.631182+00:00,4
2022-05-17 16:00:00,QQQ,303.86,306.56,301.56,306.25,23920784.0,IBKR_TRADES,RTH,split_adjusted,traded_shares,2026-09-09T00:39:13.631182+00:00,4
2022-05-18 13:30:00,QQQ,301.54,302.25,295.34,295.43,20179152.0,IBKR_TRADES,RTH,split_adjusted,traded_shares,2026-09-09T00:39:13.631182+00:00,4
2022-05-18 16:00:00,QQQ,295.46,295.86,289.88,291.09,32827708.000000004,IBKR_TRADES,RTH,split_adjusted,traded_shares,2026-09-09T00:39:13.631182+00:00,4
2022-05-19 13:30:00,QQQ,289.29,294.39,287.58,293.25,29431832.0,IBKR_TRADES,RTH,split_adjusted,traded_shares,2026-09-09T00:39:13.631182+00:00,4
2022-05-19 16:00:00,QQQ,293.27,293.95,288.94,289.6,26251497.0,IBKR_TRADES,RTH,split_adjusted,traded_shares,2026-09-09T00:39:13.631182+00:00,4
2022-05-20 13:30:00,QQQ,293.13,293.8,285.6,286.12,21717075.0,IBKR_TRADES,RTH,split_adjusted,traded_shares,2026-09-09T00:39:13.631182+00:00,4
2022-05-20 16:00:00,QQQ,286.09,288.84,280.21,288.54,40718021.0,IBKR_TRADES,RTH,split_adjusted,traded_shares,2026-09-09T00:39:13.631182+00:00,4
2022-05-23 13:30:00,QQQ,289.75,292.93,287.29,292.3,25278032.0,IBKR_TRADES,RTH,split_adjusted,traded_shares,2026-09-09T00:39:13.631182+00:00,4
2022-05-23 16:00:00,QQQ,292.31,293.87,290.54,293.42,19651644.0,IBKR_TRADES,RTH,split_adjusted,traded_shares,2026-09-09T00:39:13.631182+00:00,4
2022-05-24 13:30:00,QQQ,288.13,288.86,282.25,285.46,24391051.0,IBKR_TRADES,RTH,split_adjusted,traded_shares,2026-09-09T00:39:13.631182+00:00,4
2022-05-24 16:00:00,QQQ,285.46,288.47,283.9,287.25,28911068.0,IBKR_TRADES,RTH,split_adjusted,traded_shares,2026-09-09T00:39:13.631182+00:00,4
2022-05-25 13:30:00,QQQ,285.71,290.84,285.5,289.06,21615672.0,IBKR_TRADES,RTH,split_adjusted,traded_shares,2026-09-09T00:39:13.631182+00:00,4
2022-05-25 16:00:00,QQQ,289.03,293.39,287.0,291.33,27141369.0,IBKR_TRADES,RTH,split_adjusted,traded_shares,2026-09-09T00:39:13.631182+00:00,4
2022-05-26 13:30:00,QQQ,290.44,298.4,290.15,298.15,19663942.0,IBKR_TRADES,RTH,split_adjusted,traded_shares,2026-09-09T00:39:13.631182+00:00,4
2022-05-26 16:00:00,QQQ,298.18,300.92,297.79,299.28,24677108.0,IBKR_TRADES,RTH,split_adjusted,traded_shares,2026-09-09T00:39:13.631182+00:00,4
2022-05-27 13:30:00,QQQ,302.53,307.17,302.42,307.03,23571266.0,IBKR_TRADES,RTH,split_adjusted,traded_shares,2026-09-09T00:39:13.631182+00:00,4
2022-05-27 16:00:00,QQQ,307.05,309.25,306.22,309.23,21853689.0,IBKR_TRADES,RTH,split_adjusted,traded_shares,2026-09-09T00:39:13.631182+00:00,4
2022-05-31 13:30:00,QQQ,309.08,310.22,304.33,309.89,20094079.0,IBKR_TRADES,RTH,split_adjusted,traded_shares,2026-09-09T00:39:13.631182+00:00,4
2022-05-31 16:00:00,QQQ,309.91,311.33,307.28,308.29,23326404.0,IBKR_TRADES,RTH,split_adjusted,traded_shares,2026-09-09T00:39:13.631182+00:00,4
2022-06-01 13:30:00,QQQ,310.47,312.65,304.8,305.02,23099691.0,IBKR_TRADES,RTH,split_adjusted,traded_shares,2026-09-09T00:39:13.631182+00:00,4
2022-06-01 16:00:00,QQQ,305.02,308.81,303.73,305.98,23295749.0,IBKR_TRADES,RTH,split_adjusted,traded_shares,2026-09-09T00:39:13.631182+00:00,4
2022-06-02 13:30:00,QQQ,304.85,310.44,303.4,309.5,19212870.0,IBKR_TRADES,RTH,split_adjusted,traded_shares,2026-09-09T00:39:13.631182+00:00,4
2022-06-02 16:00:00,QQQ,309.51,314.56,309.3,314.43,21880339.0,IBKR_TRADES,RTH,split_adjusted,traded_shares,2026-09-09T00:39:13.631182+00:00,4
2022-06-03 13:30:00,QQQ,309.03,310.47,304.92,306.01,22161426.0,IBKR_TRADES,RTH,split_adjusted,traded_shares,2026-09-09T00:39:13.631182+00:00,4
2022-06-03 16:00:00,QQQ,305.92,308.39,305.12,306.1,19061189.0,IBKR_TRADES,RTH,split_adjusted,traded_shares,2026-09-09T00:39:13.631182+00:00,4
2022-06-06 13:30:00,QQQ,310.75,312.35,307.93,308.89,17967366.0,IBKR_TRADES,RTH,split_adjusted,traded_shares,2026-09-09T00:39:13.631182+00:00,4
2022-06-06 16:00:00,QQQ,308.85,309.25,305.62,307.29,17737782.0,IBKR_TRADES,RTH,split_adjusted,traded_shares,2026-09-09T00:39:13.631182+00:00,4
2022-06-07 13:30:00,QQQ,303.81,309.82,302.68,307.6,18648205.0,IBKR_TRADES,RTH,split_adjusted,traded_shares,2026-09-09T00:39:13.631182+00:00,4
2022-06-07 16:00:00,QQQ,307.6,310.67,306.38,309.95,14302200.0,IBKR_TRADES,RTH,split_adjusted,traded_shares,2026-09-09T00:39:13.631182+00:00,4
2022-06-08 13:30:00,QQQ,309.05,311.72,307.95,310.32,13406161.0,IBKR_TRADES,RTH,split_adjusted,traded_shares,2026-09-09T00:39:13.631182+00:00,4
2022-06-08 16:00:00,QQQ,310.32,310.86,306.77,307.71,15280619.999999998,IBKR_TRADES,RTH,split_adjusted,traded_shares,2026-09-09T00:39:13.631182+00:00,4
2022-06-09 13:30:00,QQQ,305.91,309.05,305.01,306.61,15784602.0,IBKR_TRADES,RTH,split_adjusted,traded_shares,2026-09-09T00:39:13.631182+00:00,4
2022-06-09 16:00:00,QQQ,306.62,307.48,299.23,299.28,20158069.0,IBKR_TRADES,RTH,split_adjusted,traded_shares,2026-09-09T00:39:13.631182+00:00,4
2022-06-10 13:30:00,QQQ,293.65,294.87,288.38,289.37,29059779.0,IBKR_TRADES,RTH,split_adjusted,traded_shares,2026-09-09T00:39:13.631182+00:00,4
2022-06-10 16:00:00,QQQ,289.38,292.04,288.64,288.71,28066638.0,IBKR_TRADES,RTH,split_adjusted,traded_shares,2026-09-09T00:39:13.631182+00:00,4
2022-06-13 13:30:00,QQQ,279.75,282.34,276.07,278.33,28039797.0,IBKR_TRADES,RTH,split_adjusted,traded_shares,2026-09-09T00:39:13.631182+00:00,4
2022-06-13 16:00:00,QQQ,278.33,281.22,274.53,275.48,35331214.0,IBKR_TRADES,RTH,split_adjusted,traded_shares,2026-09-09T00:39:13.631182+00:00,4
2022-06-14 13:30:00,QQQ,277.72,278.37,274.18,276.84,21480749.0,IBKR_TRADES,RTH,split_adjusted,traded_shares,2026-09-09T00:39:13.631182+00:00,4
2022-06-14 16:00:00,QQQ,276.86,278.66,273.33,276.06,24952309.0,IBKR_TRADES,RTH,split_adjusted,traded_shares,2026-09-09T00:39:13.631182+00:00,4
2022-06-15 13:30:00,QQQ,279.44,281.53,278.76,280.54,13948039.0,IBKR_TRADES,RTH,split_adjusted,traded_shares,2026-09-09T00:39:13.631182+00:00,4
2022-06-15 16:00:00,QQQ,280.54,286.83,276.61,282.89,47923489.0,IBKR_TRADES,RTH,split_adjusted,traded_shares,2026-09-09T00:39:13.631182+00:00,4
2022-06-16 13:30:00,QQQ,275.59,276.06,270.74,272.29,24996799.0,IBKR_TRADES,RTH,split_adjusted,traded_shares,2026-09-09T00:39:13.631182+00:00,4
2022-06-16 16:00:00,QQQ,272.28,273.31,269.28,271.64,27910360.0,IBKR_TRADES,RTH,split_adjusted,traded_shares,2026-09-09T00:39:13.631182+00:00,4
2022-06-17 13:30:00,QQQ,272.15,276.06,270.51,273.3,22698139.0,IBKR_TRADES,RTH,split_adjusted,traded_shares,2026-09-09T00:39:13.631182+00:00,4
2022-06-17 16:00:00,QQQ,273.29,277.19,272.62,274.7,23300087.0,IBKR_TRADES,RTH,split_adjusted,traded_shares,2026-09-09T00:39:13.631182+00:00,4
2022-06-21 13:30:00,QQQ,278.75,283.45,278.64,281.74,17409086.0,IBKR_TRADES,RTH,split_adjusted,traded_shares,2026-09-09T00:39:13.631182+00:00,4
2022-06-21 16:00:00,QQQ,281.75,282.64,280.75,281.19,17398443.0,IBKR_TRADES,RTH,split_adjusted,traded_shares,2026-09-09T00:39:13.631182+00:00,4
2022-06-22 13:30:00,QQQ,278.52,285.18,277.91,281.34,22898589.0,IBKR_TRADES,RTH,split_adjusted,traded_shares,2026-09-09T00:39:13.631182+00:00,4
2022-06-22 16:00:00,QQQ,281.32,284.54,280.23,280.7,22346324.0,IBKR_TRADES,RTH,split_adjusted,traded_shares,2026-09-09T00:39:13.631182+00:00,4
2022-06-23 13:30:00,QQQ,283.2,285.14,280.31,282.91,20720585.0,IBKR_TRADES,RTH,split_adjusted,traded_shares,2026-09-09T00:39:13.631182+00:00,4
2022-06-23 16:00:00,QQQ,282.93,285.72,280.41,284.9,22366354.0,IBKR_TRADES,RTH,split_adjusted,traded_shares,2026-09-09T00:39:13.631182+00:00,4
2022-06-24 13:30:00,QQQ,287.76,293.41,287.5,291.75,21354559.0,IBKR_TRADES,RTH,split_adjusted,traded_shares,2026-09-09T00:39:13.631182+00:00,4
2022-06-24 16:00:00,QQQ,291.76,295.0,291.25,294.99,18255020.0,IBKR_TRADES,RTH,split_adjusted,traded_shares,2026-09-09T00:39:13.631182+00:00,4
2022-06-27 13:30:00,QQQ,296.0,296.58,291.92,294.34,17739857.0,IBKR_TRADES,RTH,split_adjusted,traded_shares,2026-09-09T00:39:13.631182+00:00,4
2022-06-27 16:00:00,QQQ,294.34,294.52,291.29,292.5,15619246.999999998,IBKR_TRADES,RTH,split_adjusted,traded_shares,2026-09-09T00:39:13.631182+00:00,4
2022-06-28 13:30:00,QQQ,293.0,295.65,286.16,286.34,22660760.0,IBKR_TRADES,RTH,split_adjusted,traded_shares,2026-09-09T00:39:13.631182+00:00,4
2022-06-28 16:00:00,QQQ,286.35,287.5,283.35,283.47,24492099.0,IBKR_TRADES,RTH,split_adjusted,traded_shares,2026-09-09T00:39:13.631182+00:00,4
2022-06-29 13:30:00,QQQ,283.4,285.34,280.84,283.97,21976816.0,IBKR_TRADES,RTH,split_adjusted,traded_shares,2026-09-09T00:39:13.631182+00:00,4
2022-06-29 16:00:00,QQQ,283.94,284.79,281.82,283.89,17381850.0,IBKR_TRADES,RTH,split_adjusted,traded_shares,2026-09-09T00:39:13.631182+00:00,4
2022-06-30 13:30:00,QQQ,280.75,282.18,275.78,282.11,27696732.0,IBKR_TRADES,RTH,split_adjusted,traded_shares,2026-09-09T00:39:13.631182+00:00,4
2022-06-30 16:00:00,QQQ,282.06,283.89,278.68,280.24,29231050.0,IBKR_TRADES,RTH,split_adjusted,traded_shares,2026-09-09T00:39:13.631182+00:00,4
2022-07-01 13:30:00,QQQ,278.95,282.26,277.03,278.28,21940437.0,IBKR_TRADES,RTH,split_adjusted,traded_shares,2026-09-09T00:39:13.631182+00:00,4
2022-07-01 16:00:00,QQQ,278.27,282.53,277.65,282.13,20229166.0,IBKR_TRADES,RTH,split_adjusted,traded_shares,2026-09-09T00:39:13.631182+00:00,4
2022-07-05 13:30:00,QQQ,278.3,282.11,276.75,281.17,21341584.0,IBKR_TRADES,RTH,split_adjusted,traded_shares,2026-09-09T00:39:13.631182+00:00,4
2022-07-05 16:00:00,QQQ,281.17,287.08,280.55,287.02,24517574.0,IBKR_TRADES,RTH,split_adjusted,traded_shares,2026-09-09T00:39:13.631182+00:00,4
2022-07-06 13:30:00,QQQ,287.35,288.74,285.59,286.61,20499622.0,IBKR_TRADES,RTH,split_adjusted,traded_shares,2026-09-09T00:39:13.631182+00:00,4
2022-07-06 16:00:00,QQQ,286.61,290.95,286.18,288.75,21699939.0,IBKR_TRADES,RTH,split_adjusted,traded_shares,2026-09-09T00:39:13.631182+00:00,4
2022-07-07 13:30:00,QQQ,289.66,293.77,289.63,293.77,15719516.000000002,IBKR_TRADES,RTH,split_adjusted,traded_shares,2026-09-09T00:39:13.631182+00:00,4
2022-07-07 16:00:00,QQQ,293.78,295.7,293.43,294.94,19623249.0,IBKR_TRADES,RTH,split_adjusted,traded_shares,2026-09-09T00:39:13.631182+00:00,4
2022-07-08 13:30:00,QQQ,292.08,296.75,291.12,296.2,21650323.0,IBKR_TRADES,RTH,split_adjusted,traded_shares,2026-09-09T00:39:13.631182+00:00,4
2022-07-08 16:00:00,QQQ,296.21,296.24,292.58,295.38,20086307.0,IBKR_TRADES,RTH,split_adjusted,traded_shares,2026-09-09T00:39:13.631182+00:00,4
2022-07-11 13:30:00,QQQ,292.84,293.11,288.14,289.67,18535305.0,IBKR_TRADES,RTH,split_adjusted,traded_shares,2026-09-09T00:39:13.631182+00:00,4
2022-07-11 16:00:00,QQQ,289.64,291.79,288.21,288.97,17958983.0,IBKR_TRADES,RTH,split_adjusted,traded_shares,2026-09-09T00:39:13.631182+00:00,4
2022-07-12 13:30:00,QQQ,290.32,292.28,286.9,289.09,20348094.0,IBKR_TRADES,RTH,split_adjusted,traded_shares,2026-09-09T00:39:13.631182+00:00,4
2022-07-12 16:00:00,QQQ,289.06,290.2,284.61,286.19,19166210.0,IBKR_TRADES,RTH,split_adjusted,traded_shares,2026-09-09T00:39:13.631182+00:00,4
2022-07-13 13:30:00,QQQ,280.59,287.54,280.02,285.47,27842550.0,IBKR_TRADES,RTH,split_adjusted,traded_shares,2026-09-09T00:39:13.631182+00:00,4
2022-07-13 16:00:00,QQQ,285.47,288.05,285.15,285.64,19688636.0,IBKR_TRADES,RTH,split_adjusted,traded_shares,2026-09-09T00:39:13.631182+00:00,4
2022-07-14 13:30:00,QQQ,282.99,284.74,279.8,284.38,22478573.0,IBKR_TRADES,RTH,split_adjusted,traded_shares,2026-09-09T00:39:13.631182+00:00,4
2022-07-14 16:00:00,QQQ,284.41,287.56,282.42,286.7,20875983.0,IBKR_TRADES,RTH,split_adjusted,traded_shares,2026-09-09T00:39:13.631182+00:00,4
2022-07-15 13:30:00,QQQ,289.75,291.62,288.08,290.59,18936488.0,IBKR_TRADES,RTH,split_adjusted,traded_shares,2026-09-09T00:39:13.631182+00:00,4
2022-07-15 16:00:00,QQQ,290.6,291.98,289.93,291.88,15830878.0,IBKR_TRADES,RTH,split_adjusted,traded_shares,2026-09-09T00:39:13.631182+00:00,4
2022-07-18 13:30:00,QQQ,294.72,296.16,293.85,296.01,14646905.0,IBKR_TRADES,RTH,split_adjusted,traded_shares,2026-09-09T00:39:13.631182+00:00,4
2022-07-18 16:00:00,QQQ,296.03,296.1,288.2,289.41,23656097.0,IBKR_TRADES,RTH,split_adjusted,traded_shares,2026-09-09T00:39:13.631182+00:00,4
2022-07-19 13:30:00,QQQ,293.14,296.3,291.47,296.03,17060277.0,IBKR_TRADES,RTH,split_adjusted,traded_shares,2026-09-09T00:39:13.631182+00:00,4
2022-07-19 16:00:00,QQQ,296.04,298.6,295.25,298.24,21338327.0,IBKR_TRADES,RTH,split_adjusted,traded_shares,2026-09-09T00:39:13.631182+00:00,4
2022-07-20 13:30:00,QQQ,298.73,304.02,297.93,303.7,22557524.0,IBKR_TRADES,RTH,split_adjusted,traded_shares,2026-09-09T00:39:13.631182+00:00,4
2022-07-20 16:00:00,QQQ,303.71,304.24,300.35,303.02,24662755.0,IBKR_TRADES,RTH,split_adjusted,traded_shares,2026-09-09T00:39:13.631182+00:00,4
2022-07-21 13:30:00,QQQ,303.5,304.93,300.78,304.55,18280804.0,IBKR_TRADES,RTH,split_adjusted,traded_shares,2026-09-09T00:39:13.631182+00:00,4
2022-07-21 16:00:00,QQQ,304.53,307.44,304.47,307.43,19320789.0,IBKR_TRADES,RTH,split_adjusted,traded_shares,2026-09-09T00:39:13.631182+00:00,4
2022-07-22 13:30:00,QQQ,306.44,308.55,301.93,302.93,19920505.0,IBKR_TRADES,RTH,split_adjusted,traded_shares,2026-09-09T00:39:13.631182+00:00,4
2022-07-22 16:00:00,QQQ,302.92,303.24,300.11,302.0,19619781.0,IBKR_TRADES,RTH,split_adjusted,traded_shares,2026-09-09T00:39:13.631182+00:00,4
2022-07-25 13:30:00,QQQ,302.02,302.5,298.75,300.74,15867818.999999998,IBKR_TRADES,RTH,split_adjusted,traded_shares,2026-09-09T00:39:13.631182+00:00,4
2022-07-25 16:00:00,QQQ,300.73,301.59,298.22,300.35,14396456.0,IBKR_TRADES,RTH,split_adjusted,traded_shares,2026-09-09T00:39:13.631182+00:00,4
2022-07-26 13:30:00,QQQ,298.51,298.77,294.38,294.47,14741532.0,IBKR_TRADES,RTH,split_adjusted,traded_shares,2026-09-09T00:39:13.631182+00:00,4
2022-07-26 16:00:00,QQQ,294.47,295.67,293.54,294.35,18007488.0,IBKR_TRADES,RTH,split_adjusted,traded_shares,2026-09-09T00:39:13.631182+00:00,4
2022-07-27 13:30:00,QQQ,299.04,302.63,298.46,302.42,14808847.0,IBKR_TRADES,RTH,split_adjusted,traded_shares,2026-09-09T00:39:13.631182+00:00,4
2022-07-27 16:00:00,QQQ,302.41,308.54,301.57,306.74,34769118.0,IBKR_TRADES,RTH,split_adjusted,traded_shares,2026-09-09T00:39:13.631182+00:00,4
2022-07-28 13:30:00,QQQ,306.59,308.73,302.74,307.99,20817751.0,IBKR_TRADES,RTH,split_adjusted,traded_shares,2026-09-09T00:39:13.631182+00:00,4
2022-07-28 16:00:00,QQQ,307.99,310.4,306.98,309.76,18238903.0,IBKR_TRADES,RTH,split_adjusted,traded_shares,2026-09-09T00:39:13.631182+00:00,4
2022-07-29 13:30:00,QQQ,311.38,314.46,309.93,312.74,19826279.0,IBKR_TRADES,RTH,split_adjusted,traded_shares,2026-09-09T00:39:13.631182+00:00,4
2022-07-29 16:00:00,QQQ,312.75,316.39,312.12,315.43,17954139.0,IBKR_TRADES,RTH,split_adjusted,traded_shares,2026-09-09T00:39:13.631182+00:00,4
2022-08-01 13:30:00,QQQ,313.66,318.81,312.53,318.07,17705292.0,IBKR_TRADES,RTH,split_adjusted,traded_shares,2026-09-09T00:39:13.631182+00:00,4
2022-08-01 16:00:00,QQQ,318.07,318.22,313.69,315.24,16287507.0,IBKR_TRADES,RTH,split_adjusted,traded_shares,2026-09-09T00:39:13.631182+00:00,4
2022-08-02 13:30:00,QQQ,312.92,316.24,311.84,315.74,16142755.999999998,IBKR_TRADES,RTH,split_adjusted,traded_shares,2026-09-09T00:39:13.631182+00:00,4
2022-08-02 16:00:00,QQQ,315.75,318.55,313.85,314.29,19683167.0,IBKR_TRADES,RTH,split_adjusted,traded_shares,2026-09-09T00:39:13.631182+00:00,4
2022-08-03 13:30:00,QQQ,316.05,321.63,315.99,321.58,19933048.0,IBKR_TRADES,RTH,split_adjusted,traded_shares,2026-09-09T00:39:13.631182+00:00,4
2022-08-03 16:00:00,QQQ,321.56,323.73,320.74,322.83,20417482.0,IBKR_TRADES,RTH,split_adjusted,traded_shares,2026-09-09T00:39:13.631182+00:00,4
2022-08-04 13:30:00,QQQ,322.92,324.52,320.77,323.19,15406455.0,IBKR_TRADES,RTH,split_adjusted,traded_shares,2026-09-09T00:39:13.631182+00:00,4
2022-08-04 16:00:00,QQQ,323.21,324.72,322.21,324.32,11982963.0,IBKR_TRADES,RTH,split_adjusted,traded_shares,2026-09-09T00:39:13.631182+00:00,4
2022-08-05 13:30:00,QQQ,319.19,323.83,318.39,319.3,20384422.0,IBKR_TRADES,RTH,split_adjusted,traded_shares,2026-09-09T00:39:13.631182+00:00,4
2022-08-05 16:00:00,QQQ,319.31,322.18,319.26,321.79,16459901.000000002,IBKR_TRADES,RTH,split_adjusted,traded_shares,2026-09-09T00:39:13.631182+00:00,4
2022-08-08 13:30:00,QQQ,322.69,326.47,321.07,322.42,17446193.0,IBKR_TRADES,RTH,split_adjusted,traded_shares,2026-09-09T00:39:13.631182+00:00,4
2022-08-08 16:00:00,QQQ,322.41,322.63,319.21,320.7,15799645.0,IBKR_TRADES,RTH,split_adjusted,traded_shares,2026-09-09T00:39:13.631182+00:00,4
2022-08-09 13:30:00,QQQ,318.77,319.03,315.65,316.58,13770916.0,IBKR_TRADES,RTH,split_adjusted,traded_shares,2026-09-09T00:39:13.631182+00:00,4
2022-08-09 16:00:00,QQQ,316.58,317.72,315.42,317.04,13630098.0,IBKR_TRADES,RTH,split_adjusted,traded_shares,2026-09-09T00:39:13.631182+00:00,4
2022-08-10 13:30:00,QQQ,324.58,325.59,322.06,325.47,18799315.0,IBKR_TRADES,RTH,split_adjusted,traded_shares,2026-09-09T00:39:13.631182+00:00,4
2022-08-10 16:00:00,QQQ,325.46,326.23,323.97,325.92,14722730.0,IBKR_TRADES,RTH,split_adjusted,traded_shares,2026-09-09T00:39:13.631182+00:00,4
2022-08-11 13:30:00,QQQ,328.29,330.36,325.16,325.87,18560316.0,IBKR_TRADES,RTH,split_adjusted,traded_shares,2026-09-09T00:39:13.631182+00:00,4
2022-08-11 16:00:00,QQQ,325.88,327.14,323.36,324.07,14455189.0,IBKR_TRADES,RTH,split_adjusted,traded_shares,2026-09-09T00:39:13.631182+00:00,4
2022-08-12 13:30:00,QQQ,326.18,328.25,325.1,327.46,12739031.0,IBKR_TRADES,RTH,split_adjusted,traded_shares,2026-09-09T00:39:13.631182+00:00,4
2022-08-12 16:00:00,QQQ,327.47,330.59,327.4,330.54,14086859.0,IBKR_TRADES,RTH,split_adjusted,traded_shares,2026-09-09T00:39:13.631182+00:00,4
2022-08-15 13:30:00,QQQ,329.42,332.49,329.4,332.33,13152554.0,IBKR_TRADES,RTH,split_adjusted,traded_shares,2026-09-09T00:39:13.631182+00:00,4
2022-08-15 16:00:00,QQQ,332.35,333.57,331.88,333.1,11400867.0,IBKR_TRADES,RTH,split_adjusted,traded_shares,2026-09-09T00:39:13.631182+00:00,4
2022-08-16 13:30:00,QQQ,332.06,333.0,329.16,332.82,12780334.0,IBKR_TRADES,RTH,split_adjusted,traded_shares,2026-09-09T00:39:13.631182+00:00,4
2022-08-16 16:00:00,QQQ,332.84,334.43,330.58,332.31,16900111.0,IBKR_TRADES,RTH,split_adjusted,traded_shares,2026-09-09T00:39:13.631182+00:00,4
2022-08-17 13:30:00,QQQ,329.07,330.22,326.36,326.79,13657211.0,IBKR_TRADES,RTH,split_adjusted,traded_shares,2026-09-09T00:39:13.631182+00:00,4
2022-08-17 16:00:00,QQQ,326.8,331.43,326.79,328.49,20375158.0,IBKR_TRADES,RTH,split_adjusted,traded_shares,2026-09-09T00:39:13.631182+00:00,4
2022-08-18 13:30:00,QQQ,328.44,330.49,326.79,330.0,11307514.0,IBKR_TRADES,RTH,split_adjusted,traded_shares,2026-09-09T00:39:13.631182+00:00,4
2022-08-18 16:00:00,QQQ,330.03,330.38,328.26,329.31,15335748.0,IBKR_TRADES,RTH,split_adjusted,traded_shares,2026-09-09T00:39:13.631182+00:00,4
2022-08-19 13:30:00,QQQ,326.17,326.84,322.53,323.04,16533590.999999998,IBKR_TRADES,RTH,split_adjusted,traded_shares,2026-09-09T00:39:13.631182+00:00,4
2022-08-19 16:00:00,QQQ,323.02,324.08,322.08,322.89,15898180.000000002,IBKR_TRADES,RTH,split_adjusted,traded_shares,2026-09-09T00:39:13.631182+00:00,4
2022-08-22 13:30:00,QQQ,318.5,318.74,315.22,316.3,16323382.0,IBKR_TRADES,RTH,split_adjusted,traded_shares,2026-09-09T00:39:13.631182+00:00,4
2022-08-22 16:00:00,QQQ,316.33,316.55,313.53,314.45,18287446.0,IBKR_TRADES,RTH,split_adjusted,traded_shares,2026-09-09T00:39:13.631182+00:00,4
2022-08-23 13:30:00,QQQ,314.1,317.0,313.33,314.6,14935579.0,IBKR_TRADES,RTH,split_adjusted,traded_shares,2026-09-09T00:39:13.631182+00:00,4
2022-08-23 16:00:00,QQQ,314.62,315.61,313.69,314.1,12759220.0,IBKR_TRADES,RTH,split_adjusted,traded_shares,2026-09-09T00:39:13.631182+00:00,4
2022-08-24 13:30:00,QQQ,313.54,316.71,312.99,316.37,13749426.0,IBKR_TRADES,RTH,split_adjusted,traded_shares,2026-09-09T00:39:13.631182+00:00,4
2022-08-24 16:00:00,QQQ,316.4,316.87,314.42,315.01,12453790.0,IBKR_TRADES,RTH,split_adjusted,traded_shares,2026-09-09T00:39:13.631182+00:00,4
2022-08-25 13:30:00,QQQ,316.85,319.53,315.75,317.76,11919249.0,IBKR_TRADES,RTH,split_adjusted,traded_shares,2026-09-09T00:39:13.631182+00:00,4
2022-08-25 16:00:00,QQQ,317.75,320.6,316.6,320.53,11541883.0,IBKR_TRADES,RTH,split_adjusted,traded_shares,2026-09-09T00:39:13.631182+00:00,4
2022-08-26 13:30:00,QQQ,320.28,321.51,311.29,312.14,25001914.0,IBKR_TRADES,RTH,split_adjusted,traded_shares,2026-09-09T00:39:13.631182+00:00,4
2022-08-26 16:00:00,QQQ,312.15,312.31,307.35,307.42,22784786.0,IBKR_TRADES,RTH,split_adjusted,traded_shares,2026-09-09T00:39:13.631182+00:00,4
2022-08-29 13:30:00,QQQ,304.62,307.22,303.28,304.85,19440695.0,IBKR_TRADES,RTH,split_adjusted,traded_shares,2026-09-09T00:39:13.631182+00:00,4
2022-08-29 16:00:00,QQQ,304.84,307.11,304.2,304.4,16555975.0,IBKR_TRADES,RTH,split_adjusted,traded_shares,2026-09-09T00:39:13.631182+00:00,4
2022-08-30 13:30:00,QQQ,306.1,306.73,298.97,300.81,20290560.0,IBKR_TRADES,RTH,split_adjusted,traded_shares,2026-09-09T00:39:13.631182+00:00,4
2022-08-30 16:00:00,QQQ,300.76,302.03,298.44,301.0,19090320.0,IBKR_TRADES,RTH,split_adjusted,traded_shares,2026-09-09T00:39:13.631182+00:00,4
2022-08-31 13:30:00,QQQ,304.0,304.91,299.77,301.94,15073512.0,IBKR_TRADES,RTH,split_adjusted,traded_shares,2026-09-09T00:39:13.631182+00:00,4
2022-08-31 16:00:00,QQQ,301.95,302.17,299.16,299.26,17957996.0,IBKR_TRADES,RTH,split_adjusted,traded_shares,2026-09-09T00:39:13.631182+00:00,4
2022-09-01 13:30:00,QQQ,296.72,297.94,293.12,293.55,20891055.0,IBKR_TRADES,RTH,split_adjusted,traded_shares,2026-09-09T00:39:13.631182+00:00,4
2022-09-01 16:00:00,QQQ,293.55,299.78,292.95,299.43,22987741.0,IBKR_TRADES,RTH,split_adjusted,traded_shares,2026-09-09T00:39:13.631182+00:00,4
2022-09-02 13:30:00,QQQ,302.34,303.75,299.14,302.7,16783022.0,IBKR_TRADES,RTH,split_adjusted,traded_shares,2026-09-09T00:39:13.631182+00:00,4
2022-09-02 16:00:00,QQQ,302.72,302.86,293.52,295.21,27310114.0,IBKR_TRADES,RTH,split_adjusted,traded_shares,2026-09-09T00:39:13.631182+00:00,4
2022-09-06 13:30:00,QQQ,295.66,296.6,290.87,295.51,20742325.0,IBKR_TRADES,RTH,split_adjusted,traded_shares,2026-09-09T00:39:13.631182+00:00,4
2022-09-06 16:00:00,QQQ,295.5,295.94,291.68,293.07,20863112.0,IBKR_TRADES,RTH,split_adjusted,traded_shares,2026-09-09T00:39:13.631182+00:00,4
2022-09-07 13:30:00,QQQ,293.54,296.47,293.27,296.07,15881165.0,IBKR_TRADES,RTH,split_adjusted,traded_shares,2026-09-09T00:39:13.631182+00:00,4
2022-09-07 16:00:00,QQQ,296.07,299.99,295.01,298.95,18501949.0,IBKR_TRADES,RTH,split_adjusted,traded_shares,2026-09-09T00:39:13.631182+00:00,4
2022-09-08 13:30:00,QQQ,296.85,301.87,295.45,300.34,16839920.0,IBKR_TRADES,RTH,split_adjusted,traded_shares,2026-09-09T00:39:13.631182+00:00,4
2022-09-08 16:00:00,QQQ,300.3,300.58,295.99,300.51,20763687.0,IBKR_TRADES,RTH,split_adjusted,traded_shares,2026-09-09T00:39:13.631182+00:00,4
2022-09-09 13:30:00,QQQ,302.83,306.72,302.79,306.21,18881789.0,IBKR_TRADES,RTH,split_adjusted,traded_shares,2026-09-09T00:39:13.631182+00:00,4
2022-09-09 16:00:00,QQQ,306.2,307.6,305.05,307.03,18021035.0,IBKR_TRADES,RTH,split_adjusted,traded_shares,2026-09-09T00:39:13.631182+00:00,4
2022-09-12 13:30:00,QQQ,308.5,311.08,308.28,308.77,15715830.0,IBKR_TRADES,RTH,split_adjusted,traded_shares,2026-09-09T00:39:13.631182+00:00,4
2022-09-12 16:00:00,QQQ,308.78,310.79,308.18,310.76,12739641.0,IBKR_TRADES,RTH,split_adjusted,traded_shares,2026-09-09T00:39:13.631182+00:00,4
2022-09-13 13:30:00,QQQ,301.76,303.02,297.14,297.5,21501474.0,IBKR_TRADES,RTH,split_adjusted,traded_shares,2026-09-09T00:39:13.631182+00:00,4
2022-09-13 16:00:00,QQQ,297.47,298.94,292.78,293.63,29040000.0,IBKR_TRADES,RTH,split_adjusted,traded_shares,2026-09-09T00:39:13.631182+00:00,4
2022-09-14 13:30:00,QQQ,294.87,296.93,293.06,295.88,19901250.0,IBKR_TRADES,RTH,split_adjusted,traded_shares,2026-09-09T00:39:13.631182+00:00,4
2022-09-14 16:00:00,QQQ,295.89,296.77,293.06,296.07,19102813.0,IBKR_TRADES,RTH,split_adjusted,traded_shares,2026-09-09T00:39:13.631182+00:00,4
2022-09-15 13:30:00,QQQ,294.07,296.53,290.6,291.5,22491529.0,IBKR_TRADES,RTH,split_adjusted,traded_shares,2026-09-09T00:39:13.631182+00:00,4
2022-09-15 16:00:00,QQQ,291.49,294.57,289.46,291.02,23876467.0,IBKR_TRADES,RTH,split_adjusted,traded_shares,2026-09-09T00:39:13.631182+00:00,4
2022-09-16 13:30:00,QQQ,287.72,288.89,285.64,287.58,23175576.0,IBKR_TRADES,RTH,split_adjusted,traded_shares,2026-09-09T00:39:13.631182+00:00,4
2022-09-16 16:00:00,QQQ,287.58,289.72,285.62,289.22,22557727.0,IBKR_TRADES,RTH,split_adjusted,traded_shares,2026-09-09T00:39:13.631182+00:00,4
2022-09-19 13:30:00,QQQ,286.15,289.99,286.04,287.5,18057990.0,IBKR_TRADES,RTH,split_adjusted,traded_shares,2026-09-09T00:39:13.631182+00:00,4
2022-09-19 16:00:00,QQQ,287.47,291.21,286.84,291.1,18359020.0,IBKR_TRADES,RTH,split_adjusted,traded_shares,2026-09-09T00:39:13.631182+00:00,4
2022-09-20 13:30:00,QQQ,288.49,290.92,287.79,290.85,17318233.0,IBKR_TRADES,RTH,split_adjusted,traded_shares,2026-09-09T00:39:13.631182+00:00,4
2022-09-20 16:00:00,QQQ,290.89,291.07,286.38,288.69,21224975.0,IBKR_TRADES,RTH,split_adjusted,traded_shares,2026-09-09T00:39:13.631182+00:00,4
2022-09-21 13:30:00,QQQ,289.61,290.56,289.02,289.81,11791306.0,IBKR_TRADES,RTH,split_adjusted,traded_shares,2026-09-09T00:39:13.631182+00:00,4
2022-09-21 16:00:00,QQQ,289.79,293.95,283.42,283.42,49079297.0,IBKR_TRADES,RTH,split_adjusted,traded_shares,2026-09-09T00:39:13.631182+00:00,4
2022-09-22 13:30:00,QQQ,282.0,282.94,278.81,280.12,23202011.0,IBKR_TRADES,RTH,split_adjusted,traded_shares,2026-09-09T00:39:13.631182+00:00,4
2022-09-22 16:00:00,QQQ,280.11,283.03,279.08,280.05,21800032.0,IBKR_TRADES,RTH,split_adjusted,traded_shares,2026-09-09T00:39:13.631182+00:00,4
2022-09-23 13:30:00,QQQ,277.55,277.85,274.63,275.22,23339564.0,IBKR_TRADES,RTH,split_adjusted,traded_shares,2026-09-09T00:39:13.631182+00:00,4
2022-09-23 16:00:00,QQQ,275.2,275.8,272.02,275.52,29864457.0,IBKR_TRADES,RTH,split_adjusted,traded_shares,2026-09-09T00:39:13.631182+00:00,4
2022-09-26 13:30:00,QQQ,274.98,279.49,274.75,276.47,23314485.0,IBKR_TRADES,RTH,split_adjusted,traded_shares,2026-09-09T00:39:13.631182+00:00,4
2022-09-26 16:00:00,QQQ,276.5,276.51,273.57,274.15,26238396.0,IBKR_TRADES,RTH,split_adjusted,traded_shares,2026-09-09T00:39:13.631182+00:00,4
2022-09-27 13:30:00,QQQ,277.81,280.21,274.72,274.79,22584663.0,IBKR_TRADES,RTH,split_adjusted,traded_shares,2026-09-09T00:39:13.631182+00:00,4
2022-09-27 16:00:00,QQQ,274.76,275.25,272.11,274.52,28904685.0,IBKR_TRADES,RTH,split_adjusted,traded_shares,2026-09-09T00:39:13.631182+00:00,4
2022-09-28 13:30:00,QQQ,274.46,278.1,272.94,278.04,23308013.0,IBKR_TRADES,RTH,split_adjusted,traded_shares,2026-09-09T00:39:13.631182+00:00,4
2022-09-28 16:00:00,QQQ,278.04,281.25,277.44,279.88,22914453.0,IBKR_TRADES,RTH,split_adjusted,traded_shares,2026-09-09T00:39:13.631182+00:00,4
2022-09-29 13:30:00,QQQ,275.9,276.25,270.45,272.82,26494917.0,IBKR_TRADES,RTH,split_adjusted,traded_shares,2026-09-09T00:39:13.631182+00:00,4
2022-09-29 16:00:00,QQQ,272.82,273.18,268.84,272.03,32671392.000000004,IBKR_TRADES,RTH,split_adjusted,traded_shares,2026-09-09T00:39:13.631182+00:00,4
2022-09-30 13:30:00,QQQ,271.03,275.19,270.0,272.49,21873035.0,IBKR_TRADES,RTH,split_adjusted,traded_shares,2026-09-09T00:39:13.631182+00:00,4
2022-09-30 16:00:00,QQQ,272.5,272.89,267.1,267.18,28532296.0,IBKR_TRADES,RTH,split_adjusted,traded_shares,2026-09-09T00:39:13.631182+00:00,4
2022-10-03 13:30:00,QQQ,269.07,272.26,267.53,270.81,19176599.0,IBKR_TRADES,RTH,split_adjusted,traded_shares,2026-09-09T00:39:13.631182+00:00,4
2022-10-03 16:00:00,QQQ,270.79,275.16,270.76,273.56,22822668.0,IBKR_TRADES,RTH,split_adjusted,traded_shares,2026-09-09T00:39:13.631182+00:00,4
2022-10-04 13:30:00,QQQ,278.99,282.85,278.99,282.2,23434036.0,IBKR_TRADES,RTH,split_adjusted,traded_shares,2026-09-09T00:39:13.631182+00:00,4
2022-10-04 16:00:00,QQQ,282.21,282.5,279.22,282.18,23056675.0,IBKR_TRADES,RTH,split_adjusted,traded_shares,2026-09-09T00:39:13.631182+00:00,4
2022-10-05 13:30:00,QQQ,278.29,279.62,275.42,277.62,18383004.0,IBKR_TRADES,RTH,split_adjusted,traded_shares,2026-09-09T00:39:13.631182+00:00,4
2022-10-05 16:00:00,QQQ,277.64,283.81,276.94,281.96,23419829.0,IBKR_TRADES,RTH,split_adjusted,traded_shares,2026-09-09T00:39:13.631182+00:00,4
2022-10-06 13:30:00,QQQ,280.97,284.18,279.43,280.83,22398264.0,IBKR_TRADES,RTH,split_adjusted,traded_shares,2026-09-09T00:39:13.631182+00:00,4
2022-10-06 16:00:00,QQQ,280.81,282.24,279.44,279.8,17794071.0,IBKR_TRADES,RTH,split_adjusted,traded_shares,2026-09-09T00:39:13.631182+00:00,4
2022-10-07 13:30:00,QQQ,275.02,275.15,270.76,271.26,21458623.0,IBKR_TRADES,RTH,split_adjusted,traded_shares,2026-09-09T00:39:13.631182+00:00,4
2022-10-07 16:00:00,QQQ,271.21,271.62,267.74,269.04,25013508.0,IBKR_TRADES,RTH,split_adjusted,traded_shares,2026-09-09T00:39:13.631182+00:00,4
2022-10-10 13:30:00,QQQ,269.31,269.7,264.89,266.37,18705996.0,IBKR_TRADES,RTH,split_adjusted,traded_shares,2026-09-09T00:39:13.631182+00:00,4
2022-10-10 16:00:00,QQQ,266.37,268.27,263.64,266.17,25140044.0,IBKR_TRADES,RTH,split_adjusted,traded_shares,2026-09-09T00:39:13.631182+00:00,4
2022-10-11 13:30:00,QQQ,264.74,266.56,261.53,265.71,22597713.0,IBKR_TRADES,RTH,split_adjusted,traded_shares,2026-09-09T00:39:13.631182+00:00,4
2022-10-11 16:00:00,QQQ,265.74,267.63,261.03,262.89,26505795.0,IBKR_TRADES,RTH,split_adjusted,traded_shares,2026-09-09T00:39:13.631182+00:00,4
2022-10-12 13:30:00,QQQ,263.4,265.36,261.95,264.55,16425301.0,IBKR_TRADES,RTH,split_adjusted,traded_shares,2026-09-09T00:39:13.631182+00:00,4
2022-10-12 16:00:00,QQQ,264.57,264.85,262.56,262.73,19111028.0,IBKR_TRADES,RTH,split_adjusted,traded_shares,2026-09-09T00:39:13.631182+00:00,4
2022-10-13 13:30:00,QQQ,255.18,269.56,254.26,266.83,43109656.0,IBKR_TRADES,RTH,split_adjusted,traded_shares,2026-09-09T00:39:13.631182+00:00,4
2022-10-13 16:00:00,QQQ,266.84,270.17,264.65,268.74,32506286.000000004,IBKR_TRADES,RTH,split_adjusted,traded_shares,2026-09-09T00:39:13.631182+00:00,4
2022-10-14 13:30:00,QQQ,271.18,271.81,262.49,262.78,30183315.0,IBKR_TRADES,RTH,split_adjusted,traded_shares,2026-09-09T00:39:13.631182+00:00,4
2022-10-14 16:00:00,QQQ,262.78,263.8,260.14,260.65,24795381.0,IBKR_TRADES,RTH,split_adjusted,traded_shares,2026-09-09T00:39:13.631182+00:00,4
2022-10-17 13:30:00,QQQ,266.79,270.0,266.74,269.5,22772960.0,IBKR_TRADES,RTH,split_adjusted,traded_shares,2026-09-09T00:39:13.631182+00:00,4
2022-10-17 16:00:00,QQQ,269.49,270.24,268.6,269.48,20728729.0,IBKR_TRADES,RTH,split_adjusted,traded_shares,2026-09-09T00:39:13.631182+00:00,4
2022-10-18 13:30:00,QQQ,276.54,277.21,268.79,270.59,23960456.0,IBKR_TRADES,RTH,split_adjusted,traded_shares,2026-09-09T00:39:13.631182+00:00,4
2022-10-18 16:00:00,QQQ,270.57,272.94,268.74,271.66,24643651.0,IBKR_TRADES,RTH,split_adjusted,traded_shares,2026-09-09T00:39:13.631182+00:00,4
2022-10-19 13:30:00,QQQ,269.93,273.68,269.44,271.72,17350467.0,IBKR_TRADES,RTH,split_adjusted,traded_shares,2026-09-09T00:39:13.631182+00:00,4
2022-10-19 16:00:00,QQQ,271.7,271.86,268.07,270.59,20312499.0,IBKR_TRADES,RTH,split_adjusted,traded_shares,2026-09-09T00:39:13.631182+00:00,4
2022-10-20 13:30:00,QQQ,269.58,274.84,269.11,273.44,17722524.0,IBKR_TRADES,RTH,split_adjusted,traded_shares,2026-09-09T00:39:13.631182+00:00,4
2022-10-20 16:00:00,QQQ,273.46,273.53,267.92,269.02,22866902.0,IBKR_TRADES,RTH,split_adjusted,traded_shares,2026-09-09T00:39:13.631182+00:00,4
2022-10-21 13:30:00,QQQ,267.98,272.38,266.82,272.07,24776160.0,IBKR_TRADES,RTH,split_adjusted,traded_shares,2026-09-09T00:39:13.631182+00:00,4
2022-10-21 16:00:00,QQQ,272.1,275.97,271.28,275.46,25018531.0,IBKR_TRADES,RTH,split_adjusted,traded_shares,2026-09-09T00:39:13.631182+00:00,4
2022-10-24 13:30:00,QQQ,275.69,277.27,271.97,277.06,24968400.0,IBKR_TRADES,RTH,split_adjusted,traded_shares,2026-09-09T00:39:13.631182+00:00,4
2022-10-24 16:00:00,QQQ,277.07,279.4,275.96,278.54,20848606.0,IBKR_TRADES,RTH,split_adjusted,traded_shares,2026-09-09T00:39:13.631182+00:00,4
2022-10-25 13:30:00,QQQ,279.41,283.82,279.4,283.5,19382111.0,IBKR_TRADES,RTH,split_adjusted,traded_shares,2026-09-09T00:39:13.631182+00:00,4
2022-10-25 16:00:00,QQQ,283.5,284.6,281.84,284.27,19900892.0,IBKR_TRADES,RTH,split_adjusted,traded_shares,2026-09-09T00:39:13.631182+00:00,4
2022-10-26 13:30:00,QQQ,278.46,283.98,277.43,283.08,22709010.0,IBKR_TRADES,RTH,split_adjusted,traded_shares,2026-09-09T00:39:13.631182+00:00,4
2022-10-26 16:00:00,QQQ,283.07,283.41,277.53,277.91,24892314.0,IBKR_TRADES,RTH,split_adjusted,traded_shares,2026-09-09T00:39:13.631182+00:00,4
2022-10-27 13:30:00,QQQ,276.79,278.28,273.39,274.06,18010872.0,IBKR_TRADES,RTH,split_adjusted,traded_shares,2026-09-09T00:39:13.631182+00:00,4
2022-10-27 16:00:00,QQQ,274.04,275.17,272.34,272.81,17997342.0,IBKR_TRADES,RTH,split_adjusted,traded_shares,2026-09-09T00:39:13.631182+00:00,4
2022-10-28 13:30:00,QQQ,272.23,279.07,272.06,278.15,23086574.0,IBKR_TRADES,RTH,split_adjusted,traded_shares,2026-09-09T00:39:13.631182+00:00,4
2022-10-28 16:00:00,QQQ,278.16,281.7,277.56,281.22,21094708.0,IBKR_TRADES,RTH,split_adjusted,traded_shares,2026-09-09T00:39:13.631182+00:00,4
2022-10-31 13:30:00,QQQ,278.92,279.76,275.99,278.25,18726696.0,IBKR_TRADES,RTH,split_adjusted,traded_shares,2026-09-09T00:39:13.631182+00:00,4
2022-10-31 16:00:00,QQQ,278.24,279.54,277.16,277.92,15636173.0,IBKR_TRADES,RTH,split_adjusted,traded_shares,2026-09-09T00:39:13.631182+00:00,4
2022-11-01 13:30:00,QQQ,281.5,282.07,275.0,275.91,20680619.0,IBKR_TRADES,RTH,split_adjusted,traded_shares,2026-09-09T00:39:13.631182+00:00,4
2022-11-01 16:00:00,QQQ,275.9,277.04,274.74,275.04,14017079.0,IBKR_TRADES,RTH,split_adjusted,traded_shares,2026-09-09T00:39:13.631182+00:00,4
2022-11-02 13:30:00,QQQ,275.08,275.32,272.53,272.77,8608342.0,IBKR_TRADES,RTH,split_adjusted,traded_shares,2026-09-09T00:39:13.631182+00:00,4
2022-11-02 16:00:00,QQQ,272.78,278.21,265.61,265.66,53928577.0,IBKR_TRADES,RTH,split_adjusted,traded_shares,2026-09-09T00:39:13.631182+00:00,4
2022-11-03 13:30:00,QQQ,263.01,264.5,260.1,261.59,25353685.0,IBKR_TRADES,RTH,split_adjusted,traded_shares,2026-09-09T00:39:13.631182+00:00,4
2022-11-03 16:00:00,QQQ,261.57,263.86,260.37,260.51,19939347.0,IBKR_TRADES,RTH,split_adjusted,traded_shares,2026-09-09T00:39:13.631182+00:00,4
2022-11-04 13:30:00,QQQ,265.55,266.61,259.98,260.09,27628089.0,IBKR_TRADES,RTH,split_adjusted,traded_shares,2026-09-09T00:39:13.631182+00:00,4
2022-11-04 16:00:00,QQQ,260.08,264.73,259.08,264.66,26642802.0,IBKR_TRADES,RTH,split_adjusted,traded_shares,2026-09-09T00:39:13.631182+00:00,4
2022-11-07 14:30:00,QQQ,265.75,266.49,263.57,265.46,10627130.0,IBKR_TRADES,RTH,split_adjusted,traded_shares,2026-09-09T00:39:13.631182+00:00,4
2022-11-07 16:00:00,QQQ,265.47,267.83,263.61,267.15,15606679.0,IBKR_TRADES,RTH,split_adjusted,traded_shares,2026-09-09T00:39:13.631182+00:00,4
2022-11-07 20:00:00,QQQ,267.16,268.14,267.12,267.58,7193899.0,IBKR_TRADES,RTH,split_adjusted,traded_shares,2026-09-09T00:39:13.631182+00:00,4
2022-11-08 14:30:00,QQQ,269.1,270.59,267.41,270.37,12249215.0,IBKR_TRADES,RTH,split_adjusted,traded_shares,2026-09-09T00:39:13.631182+00:00,4
2022-11-08 16:00:00,QQQ,270.37,272.85,265.52,267.78,26058524.0,IBKR_TRADES,RTH,split_adjusted,traded_shares,2026-09-09T00:39:13.631182+00:00,4
2022-11-08 20:00:00,QQQ,267.79,271.09,267.68,269.54,9170542.0,IBKR_TRADES,RTH,split_adjusted,traded_shares,2026-09-09T00:39:13.631182+00:00,4
2022-11-09 14:30:00,QQQ,267.76,268.56,265.61,266.21,14424102.0,IBKR_TRADES,RTH,split_adjusted,traded_shares,2026-09-09T00:39:13.631182+00:00,4
2022-11-09 16:00:00,QQQ,266.22,268.07,263.38,263.61,17488795.0,IBKR_TRADES,RTH,split_adjusted,traded_shares,2026-09-09T00:39:13.631182+00:00,4
2022-11-09 20:00:00,QQQ,263.6,264.77,263.03,263.27,9588949.0,IBKR_TRADES,RTH,split_adjusted,traded_shares,2026-09-09T00:39:13.631182+00:00,4
2022-11-10 14:30:00,QQQ,276.01,278.74,273.85,278.21,25832791.0,IBKR_TRADES,RTH,split_adjusted,traded_shares,2026-09-09T00:39:13.631182+00:00,4
2022-11-10 16:00:00,QQQ,278.23,280.23,277.26,280.12,24326585.0,IBKR_TRADES,RTH,split_adjusted,traded_shares,2026-09-09T00:39:13.631182+00:00,4
2022-11-10 20:00:00,QQQ,280.11,283.05,279.83,282.69,14193318.0,IBKR_TRADES,RTH,split_adjusted,traded_shares,2026-09-09T00:39:13.631182+00:00,4
2022-11-11 14:30:00,QQQ,282.56,286.34,281.19,285.57,16081972.999999998,IBKR_TRADES,RTH,split_adjusted,traded_shares,2026-09-09T00:39:13.631182+00:00,4
2022-11-11 16:00:00,QQQ,285.57,288.64,282.9,288.59,19031042.0,IBKR_TRADES,RTH,split_adjusted,traded_shares,2026-09-09T00:39:13.631182+00:00,4
2022-11-11 20:00:00,QQQ,288.59,288.63,286.51,287.96,11309530.0,IBKR_TRADES,RTH,split_adjusted,traded_shares,2026-09-09T00:39:13.631182+00:00,4
2022-11-14 14:30:00,QQQ,285.86,287.25,284.44,286.73,12743911.0,IBKR_TRADES,RTH,split_adjusted,traded_shares,2026-09-09T00:39:13.631182+00:00,4
2022-11-14 16:00:00,QQQ,286.72,289.22,285.12,288.14,15730833.0,IBKR_TRADES,RTH,split_adjusted,traded_shares,2026-09-09T00:39:13.631182+00:00,4
2022-11-14 20:00:00,QQQ,288.17,288.85,285.06,285.37,8764864.0,IBKR_TRADES,RTH,split_adjusted,traded_shares,2026-09-09T00:39:13.631182+00:00,4
2022-11-15 14:30:00,QQQ,292.21,293.26,290.76,291.31,13491364.0,IBKR_TRADES,RTH,split_adjusted,traded_shares,2026-09-09T00:39:13.631182+00:00,4
2022-11-15 16:00:00,QQQ,291.28,292.74,285.97,289.72,30187810.0,IBKR_TRADES,RTH,split_adjusted,traded_shares,2026-09-09T00:39:13.631182+00:00,4
2022-11-15 20:00:00,QQQ,289.71,290.51,288.59,289.42,7692561.0,IBKR_TRADES,RTH,split_adjusted,traded_shares,2026-09-09T00:39:13.631182+00:00,4
2022-11-16 14:30:00,QQQ,287.39,287.74,284.6,284.79,11998131.0,IBKR_TRADES,RTH,split_adjusted,traded_shares,2026-09-09T00:39:13.631182+00:00,4
2022-11-16 16:00:00,QQQ,284.8,287.57,284.72,286.05,14109755.0,IBKR_TRADES,RTH,split_adjusted,traded_shares,2026-09-09T00:39:13.631182+00:00,4
2022-11-16 20:00:00,QQQ,286.04,286.15,284.72,285.4,5702153.0,IBKR_TRADES,RTH,split_adjusted,traded_shares,2026-09-09T00:39:13.631182+00:00,4
2022-11-17 14:30:00,QQQ,280.93,283.86,280.72,282.23,11239320.0,IBKR_TRADES,RTH,split_adjusted,traded_shares,2026-09-09T00:39:13.631182+00:00,4
2022-11-17 16:00:00,QQQ,282.22,286.32,282.06,284.12,17075628.0,IBKR_TRADES,RTH,split_adjusted,traded_shares,2026-09-09T00:39:13.631182+00:00,4
2022-11-17 20:00:00,QQQ,284.11,284.91,282.7,284.82,7833466.0,IBKR_TRADES,RTH,split_adjusted,traded_shares,2026-09-09T00:39:13.631182+00:00,4
2022-11-18 14:30:00,QQQ,287.89,287.99,283.51,283.91,11122687.0,IBKR_TRADES,RTH,split_adjusted,traded_shares,2026-09-09T00:39:13.631182+00:00,4
2022-11-18 16:00:00,QQQ,283.92,284.98,282.32,283.81,13649822.0,IBKR_TRADES,RTH,split_adjusted,traded_shares,2026-09-09T00:39:13.631182+00:00,4
2022-11-18 20:00:00,QQQ,283.83,285.6,283.76,284.78,7694077.0,IBKR_TRADES,RTH,split_adjusted,traded_shares,2026-09-09T00:39:13.631182+00:00,4
2022-11-21 14:30:00,QQQ,283.4,284.58,281.56,282.13,9510798.0,IBKR_TRADES,RTH,split_adjusted,traded_shares,2026-09-09T00:39:13.631182+00:00,4
2022-11-21 16:00:00,QQQ,282.1,282.99,281.04,281.9,13181835.0,IBKR_TRADES,RTH,split_adjusted,traded_shares,2026-09-09T00:39:13.631182+00:00,4
2022-11-21 20:00:00,QQQ,281.88,282.46,281.61,281.83,5627915.0,IBKR_TRADES,RTH,split_adjusted,traded_shares,2026-09-09T00:39:13.631182+00:00,4
2022-11-22 14:30:00,QQQ,282.64,283.54,280.46,283.46,10506283.0,IBKR_TRADES,RTH,split_adjusted,traded_shares,2026-09-09T00:39:13.631182+00:00,4
2022-11-22 16:00:00,QQQ,283.46,284.84,282.63,284.67,13054712.0,IBKR_TRADES,RTH,split_adjusted,traded_shares,2026-09-09T00:39:13.631182+00:00,4
2022-11-22 20:00:00,QQQ,284.67,286.11,284.6,285.91,5013140.0,IBKR_TRADES,RTH,split_adjusted,traded_shares,2026-09-09T00:39:13.631182+00:00,4
2022-11-23 14:30:00,QQQ,285.98,289.37,285.89,289.06,8879765.0,IBKR_TRADES,RTH,split_adjusted,traded_shares,2026-09-09T00:39:13.631182+00:00,4
2022-11-23 16:00:00,QQQ,289.05,289.28,285.79,288.78,16406226.0,IBKR_TRADES,RTH,split_adjusted,traded_shares,2026-09-09T00:39:13.631182+00:00,4
2022-11-23 20:00:00,QQQ,288.79,289.46,288.17,288.86,6190250.0,IBKR_TRADES,RTH,split_adjusted,traded_shares,2026-09-09T00:39:13.631182+00:00,4
2022-11-25 14:30:00,QQQ,287.19,287.91,286.42,287.4,5388182.0,IBKR_TRADES,RTH,split_adjusted,traded_shares,2026-09-09T00:39:13.631182+00:00,4
2022-11-25 16:00:00,QQQ,287.4,287.81,286.52,286.87,5751465.0,IBKR_TRADES,RTH,split_adjusted,traded_shares,2026-09-09T00:39:13.631182+00:00,4
2022-11-28 14:30:00,QQQ,284.9,286.96,284.29,284.45,8975421.0,IBKR_TRADES,RTH,split_adjusted,traded_shares,2026-09-09T00:39:13.631182+00:00,4
2022-11-28 16:00:00,QQQ,284.43,285.62,282.25,282.71,12713455.0,IBKR_TRADES,RTH,split_adjusted,traded_shares,2026-09-09T00:39:13.631182+00:00,4
2022-11-28 20:00:00,QQQ,282.73,282.9,281.76,282.64,6293376.0,IBKR_TRADES,RTH,split_adjusted,traded_shares,2026-09-09T00:39:13.631182+00:00,4
2022-11-29 14:30:00,QQQ,282.94,283.35,281.49,282.29,7976648.0,IBKR_TRADES,RTH,split_adjusted,traded_shares,2026-09-09T00:39:13.631182+00:00,4
2022-11-29 16:00:00,QQQ,282.32,282.42,279.17,280.25,15255946.999999998,IBKR_TRADES,RTH,split_adjusted,traded_shares,2026-09-09T00:39:13.631182+00:00,4
2022-11-29 20:00:00,QQQ,280.25,280.73,279.98,280.54,4172351.9999999995,IBKR_TRADES,RTH,split_adjusted,traded_shares,2026-09-09T00:39:13.631182+00:00,4
2022-11-30 14:30:00,QQQ,280.84,281.97,280.47,280.7,7601214.999999999,IBKR_TRADES,RTH,split_adjusted,traded_shares,2026-09-09T00:39:13.631182+00:00,4
2022-11-30 16:00:00,QQQ,280.72,290.48,279.97,289.67,32936918.000000004,IBKR_TRADES,RTH,split_adjusted,traded_shares,2026-09-09T00:39:13.631182+00:00,4
2022-11-30 20:00:00,QQQ,289.68,293.45,289.39,293.42,14914003.0,IBKR_TRADES,RTH,split_adjusted,traded_shares,2026-09-09T00:39:13.631182+00:00,4
2022-12-01 14:30:00,QQQ,293.67,295.75,290.88,294.02,17681046.0,IBKR_TRADES,RTH,split_adjusted,traded_shares,2026-09-09T00:39:13.631182+00:00,4
2022-12-01 16:00:00,QQQ,294.05,294.39,291.88,294.29,13662546.0,IBKR_TRADES,RTH,split_adjusted,traded_shares,2026-09-09T00:39:13.631182+00:00,4
2022-12-01 20:00:00,QQQ,294.29,294.67,293.52,293.72,5366326.0,IBKR_TRADES,RTH,split_adjusted,traded_shares,2026-09-09T00:39:13.631182+00:00,4
2022-12-02 14:30:00,QQQ,288.54,291.16,288.36,289.97,14145436.0,IBKR_TRADES,RTH,split_adjusted,traded_shares,2026-09-09T00:39:13.631182+00:00,4
2022-12-02 16:00:00,QQQ,289.97,292.06,289.37,292.02,13296357.0,IBKR_TRADES,RTH,split_adjusted,traded_shares,2026-09-09T00:39:13.631182+00:00,4
2022-12-02 20:00:00,QQQ,292.02,293.45,291.61,292.61,6494238.0,IBKR_TRADES,RTH,split_adjusted,traded_shares,2026-09-09T00:39:13.631182+00:00,4
2022-12-05 14:30:00,QQQ,290.38,291.68,289.0,290.46,9008517.0,IBKR_TRADES,RTH,split_adjusted,traded_shares,2026-09-09T00:39:13.631182+00:00,4
2022-12-05 16:00:00,QQQ,290.47,291.16,286.15,286.72,13934543.0,IBKR_TRADES,RTH,split_adjusted,traded_shares,2026-09-09T00:39:13.631182+00:00,4
2022-12-05 20:00:00,QQQ,286.71,287.69,286.35,287.52,5688220.0,IBKR_TRADES,RTH,split_adjusted,traded_shares,2026-09-09T00:39:13.631182+00:00,4
2022-12-06 14:30:00,QQQ,287.48,287.62,282.4,282.93,12540763.0,IBKR_TRADES,RTH,split_adjusted,traded_shares,2026-09-09T00:39:13.631182+00:00,4
2022-12-06 16:00:00,QQQ,282.92,283.74,280.25,281.01,19522830.0,IBKR_TRADES,RTH,split_adjusted,traded_shares,2026-09-09T00:39:13.631182+00:00,4
2022-12-06 20:00:00,QQQ,281.02,282.13,280.32,281.72,8760395.0,IBKR_TRADES,RTH,split_adjusted,traded_shares,2026-09-09T00:39:13.631182+00:00,4
2022-12-07 14:30:00,QQQ,280.47,282.57,278.78,281.52,12643850.0,IBKR_TRADES,RTH,split_adjusted,traded_shares,2026-09-09T00:39:13.631182+00:00,4
2022-12-07 16:00:00,QQQ,281.55,282.22,279.23,280.24,12291755.0,IBKR_TRADES,RTH,split_adjusted,traded_shares,2026-09-09T00:39:13.631182+00:00,4
2022-12-07 20:00:00,QQQ,280.24,280.79,279.62,280.44,4671433.0,IBKR_TRADES,RTH,split_adjusted,traded_shares,2026-09-09T00:39:13.631182+00:00,4
2022-12-08 14:30:00,QQQ,281.91,284.49,279.79,283.86,10553332.0,IBKR_TRADES,RTH,split_adjusted,traded_shares,2026-09-09T00:39:13.631182+00:00,4
2022-12-08 16:00:00,QQQ,283.84,284.84,282.23,283.42,14865217.0,IBKR_TRADES,RTH,split_adjusted,traded_shares,2026-09-09T00:39:13.631182+00:00,4
2022-12-08 20:00:00,QQQ,283.42,284.51,282.89,283.88,4821002.0,IBKR_TRADES,RTH,split_adjusted,traded_shares,2026-09-09T00:39:13.631182+00:00,4
2022-12-09 14:30:00,QQQ,282.81,285.34,281.59,285.31,12274468.0,IBKR_TRADES,RTH,split_adjusted,traded_shares,2026-09-09T00:39:13.631182+00:00,4
2022-12-09 16:00:00,QQQ,285.32,285.64,283.5,284.22,11320337.0,IBKR_TRADES,RTH,split_adjusted,traded_shares,2026-09-09T00:39:13.631182+00:00,4
2022-12-09 20:00:00,QQQ,284.19,284.56,281.99,282.09,5807794.0,IBKR_TRADES,RTH,split_adjusted,traded_shares,2026-09-09T00:39:13.631182+00:00,4
2022-12-12 14:30:00,QQQ,282.21,283.03,281.16,281.84,9056915.0,IBKR_TRADES,RTH,split_adjusted,traded_shares,2026-09-09T00:39:13.631182+00:00,4
2022-12-12 16:00:00,QQQ,281.86,284.02,281.74,283.88,11160429.0,IBKR_TRADES,RTH,split_adjusted,traded_shares,2026-09-09T00:39:13.631182+00:00,4
2022-12-12 20:00:00,QQQ,283.88,285.64,283.87,285.62,6185410.0,IBKR_TRADES,RTH,split_adjusted,traded_shares,2026-09-09T00:39:13.631182+00:00,4
2022-12-13 14:30:00,QQQ,296.62,296.88,290.7,291.89,20261981.0,IBKR_TRADES,RTH,split_adjusted,traded_shares,2026-09-09T00:39:13.631182+00:00,4
2022-12-13 16:00:00,QQQ,291.94,292.97,285.91,288.36,24852708.0,IBKR_TRADES,RTH,split_adjusted,traded_shares,2026-09-09T00:39:13.631182+00:00,4
2022-12-13 20:00:00,QQQ,288.36,289.62,286.78,288.71,8351424.0,IBKR_TRADES,RTH,split_adjusted,traded_shares,2026-09-09T00:39:13.631182+00:00,4
2022-12-14 14:30:00,QQQ,288.08,290.77,288.04,290.38,7860010.999999999,IBKR_TRADES,RTH,split_adjusted,traded_shares,2026-09-09T00:39:13.631182+00:00,4
2022-12-14 16:00:00,QQQ,290.42,291.41,283.19,285.8,27853246.0,IBKR_TRADES,RTH,split_adjusted,traded_shares,2026-09-09T00:39:13.631182+00:00,4
2022-12-14 20:00:00,QQQ,285.83,290.03,284.99,286.4,13419963.0,IBKR_TRADES,RTH,split_adjusted,traded_shares,2026-09-09T00:39:13.631182+00:00,4
2022-12-15 14:30:00,QQQ,282.33,283.01,278.05,278.37,13957582.0,IBKR_TRADES,RTH,split_adjusted,traded_shares,2026-09-09T00:39:13.631182+00:00,4
2022-12-15 16:00:00,QQQ,278.35,278.78,275.67,277.47,19840466.0,IBKR_TRADES,RTH,split_adjusted,traded_shares,2026-09-09T00:39:13.631182+00:00,4
2022-12-15 20:00:00,QQQ,277.47,277.89,276.24,276.92,9785985.0,IBKR_TRADES,RTH,split_adjusted,traded_shares,2026-09-09T00:39:13.631182+00:00,4
2022-12-16 14:30:00,QQQ,276.2,277.77,273.46,274.51,12378040.0,IBKR_TRADES,RTH,split_adjusted,traded_shares,2026-09-09T00:39:13.631182+00:00,4
2022-12-16 16:00:00,QQQ,274.51,274.64,272.61,273.92,15839959.000000002,IBKR_TRADES,RTH,split_adjusted,traded_shares,2026-09-09T00:39:13.631182+00:00,4
2022-12-16 20:00:00,QQQ,273.91,275.48,273.48,274.22,9625034.0,IBKR_TRADES,RTH,split_adjusted,traded_shares,2026-09-09T00:39:13.631182+00:00,4
2022-12-19 14:30:00,QQQ,273.87,273.96,270.86,270.99,8496152.0,IBKR_TRADES,RTH,split_adjusted,traded_shares,2026-09-09T00:39:13.631182+00:00,4
2022-12-19 16:00:00,QQQ,270.99,271.46,268.94,269.22,13088054.0,IBKR_TRADES,RTH,split_adjusted,traded_shares,2026-09-09T00:39:13.631182+00:00,4
2022-12-19 20:00:00,QQQ,269.23,270.22,268.49,269.83,7436701.0,IBKR_TRADES,RTH,split_adjusted,traded_shares,2026-09-09T00:39:13.631182+00:00,4
2022-12-20 14:30:00,QQQ,268.55,271.32,266.95,270.0,10167745.0,IBKR_TRADES,RTH,split_adjusted,traded_shares,2026-09-09T00:39:13.631182+00:00,4
2022-12-20 16:00:00,QQQ,269.97,270.84,267.81,269.63,12916224.0,IBKR_TRADES,RTH,split_adjusted,traded_shares,2026-09-09T00:39:13.631182+00:00,4
2022-12-20 20:00:00,QQQ,269.6,270.3,269.15,269.57,3662911.0,IBKR_TRADES,RTH,split_adjusted,traded_shares,2026-09-09T00:39:13.631182+00:00,4
2022-12-21 14:30:00,QQQ,270.6,273.86,269.74,273.83,10880514.0,IBKR_TRADES,RTH,split_adjusted,traded_shares,2026-09-09T00:39:13.631182+00:00,4
2022-12-21 16:00:00,QQQ,273.85,274.78,272.7,273.6,12543391.0,IBKR_TRADES,RTH,split_adjusted,traded_shares,2026-09-09T00:39:13.631182+00:00,4
2022-12-21 20:00:00,QQQ,273.62,273.87,272.8,273.49,5148751.0,IBKR_TRADES,RTH,split_adjusted,traded_shares,2026-09-09T00:39:13.631182+00:00,4
2022-12-22 14:30:00,QQQ,270.38,270.52,265.51,265.72,11461294.0,IBKR_TRADES,RTH,split_adjusted,traded_shares,2026-09-09T00:39:13.631182+00:00,4
2022-12-22 16:00:00,QQQ,265.72,266.31,262.45,265.22,19903992.0,IBKR_TRADES,RTH,split_adjusted,traded_shares,2026-09-09T00:39:13.631182+00:00,4
2022-12-22 20:00:00,QQQ,265.23,266.96,265.01,266.81,11454242.0,IBKR_TRADES,RTH,split_adjusted,traded_shares,2026-09-09T00:39:13.631182+00:00,4
2022-12-23 14:30:00,QQQ,265.46,268.04,263.53,265.88,11542932.0,IBKR_TRADES,RTH,split_adjusted,traded_shares,2026-09-09T00:39:13.631182+00:00,4
2022-12-23 16:00:00,QQQ,265.87,267.52,264.94,267.24,9967383.0,IBKR_TRADES,RTH,split_adjusted,traded_shares,2026-09-09T00:39:13.631182+00:00,4
2022-12-23 20:00:00,QQQ,267.26,267.66,266.41,267.45,4553031.0,IBKR_TRADES,RTH,split_adjusted,traded_shares,2026-09-09T00:39:13.631182+00:00,4
2022-12-27 14:30:00,QQQ,266.74,266.85,263.03,264.87,9454431.0,IBKR_TRADES,RTH,split_adjusted,traded_shares,2026-09-09T00:39:13.631182+00:00,4
2022-12-27 16:00:00,QQQ,264.9,265.5,263.16,263.72,10860112.0,IBKR_TRADES,RTH,split_adjusted,traded_shares,2026-09-09T00:39:13.631182+00:00,4
2022-12-27 20:00:00,QQQ,263.73,264.55,263.33,263.54,5388651.0,IBKR_TRADES,RTH,split_adjusted,traded_shares,2026-09-09T00:39:13.631182+00:00,4
2022-12-28 14:30:00,QQQ,263.13,265.47,261.36,261.42,11061680.0,IBKR_TRADES,RTH,split_adjusted,traded_shares,2026-09-09T00:39:13.631182+00:00,4
2022-12-28 16:00:00,QQQ,261.39,262.96,260.09,260.79,15528360.0,IBKR_TRADES,RTH,split_adjusted,traded_shares,2026-09-09T00:39:13.631182+00:00,4
2022-12-28 20:00:00,QQQ,260.79,260.84,259.73,260.02,6385287.0,IBKR_TRADES,RTH,split_adjusted,traded_shares,2026-09-09T00:39:13.631182+00:00,4
2022-12-29 14:30:00,QQQ,262.96,266.58,262.25,266.47,11058386.0,IBKR_TRADES,RTH,split_adjusted,traded_shares,2026-09-09T00:39:13.631182+00:00,4
2022-12-29 16:00:00,QQQ,266.48,267.41,265.77,266.4,11453897.0,IBKR_TRADES,RTH,split_adjusted,traded_shares,2026-09-09T00:39:13.631182+00:00,4
2022-12-29 20:00:00,QQQ,266.4,267.38,266.37,266.51,5621172.0,IBKR_TRADES,RTH,split_adjusted,traded_shares,2026-09-09T00:39:13.631182+00:00,4
2022-12-30 14:30:00,QQQ,263.62,265.04,262.29,264.06,8883466.0,IBKR_TRADES,RTH,split_adjusted,traded_shares,2026-09-09T00:39:13.631182+00:00,4
2022-12-30 16:00:00,QQQ,264.07,264.69,262.71,263.45,9537839.0,IBKR_TRADES,RTH,split_adjusted,traded_shares,2026-09-09T00:39:13.631182+00:00,4
2022-12-30 20:00:00,QQQ,263.45,266.41,263.4,266.32,8399378.0,IBKR_TRADES,RTH,split_adjusted,traded_shares,2026-09-09T00:39:13.631182+00:00,4
2023-01-03 14:30:00,QQQ,268.67,270.16,263.73,265.21,10549345.0,IBKR_TRADES,RTH,split_adjusted,traded_shares,2026-09-09T00:39:13.631182+00:00,4
2023-01-03 16:00:00,QQQ,265.23,265.5,262.13,264.35,12145707.0,IBKR_TRADES,RTH,split_adjusted,traded_shares,2026-09-09T00:39:13.631182+00:00,4
2023-01-03 20:00:00,QQQ,264.36,265.2,264.12,264.46,4789593.0,IBKR_TRADES,RTH,split_adjusted,traded_shares,2026-09-09T00:39:13.631182+00:00,4
2023-01-04 14:30:00,QQQ,266.61,266.92,262.53,265.0,11765922.0,IBKR_TRADES,RTH,split_adjusted,traded_shares,2026-09-09T00:39:13.631182+00:00,4
2023-01-04 16:00:00,QQQ,264.99,267.45,263.45,265.7,17564231.0,IBKR_TRADES,RTH,split_adjusted,traded_shares,2026-09-09T00:39:13.631182+00:00,4
2023-01-04 20:00:00,QQQ,265.7,266.38,263.6,265.75,5847798.0,IBKR_TRADES,RTH,split_adjusted,traded_shares,2026-09-09T00:39:13.631182+00:00,4
2023-01-05 14:30:00,QQQ,264.07,264.21,261.5,262.16,9713612.0,IBKR_TRADES,RTH,split_adjusted,traded_shares,2026-09-09T00:39:13.631182+00:00,4
2023-01-05 16:00:00,QQQ,262.16,263.85,261.64,263.01,12257469.0,IBKR_TRADES,RTH,split_adjusted,traded_shares,2026-09-09T00:39:13.631182+00:00,4
2023-01-05 20:00:00,QQQ,263.03,263.03,261.26,261.6,7172952.0,IBKR_TRADES,RTH,split_adjusted,traded_shares,2026-09-09T00:39:13.631182+00:00,4
2023-01-06 14:30:00,QQQ,263.33,265.9,260.34,265.62,13952452.0,IBKR_TRADES,RTH,split_adjusted,traded_shares,2026-09-09T00:39:13.631182+00:00,4
2023-01-06 16:00:00,QQQ,265.65,269.54,265.23,269.29,15359866.999999998,IBKR_TRADES,RTH,split_adjusted,traded_shares,2026-09-09T00:39:13.631182+00:00,4
2023-01-06 20:00:00,QQQ,269.29,269.94,268.56,268.76,8195407.999999999,IBKR_TRADES,RTH,split_adjusted,traded_shares,2026-09-09T00:39:13.631182+00:00,4
2023-01-09 14:30:00,QQQ,270.82,274.79,270.73,274.08,13444894.0,IBKR_TRADES,RTH,split_adjusted,traded_shares,2026-09-09T00:39:13.631182+00:00,4
2023-01-09 16:00:00,QQQ,274.09,275.29,271.34,271.46,14514783.0,IBKR_TRADES,RTH,split_adjusted,traded_shares,2026-09-09T00:39:13.631182+00:00,4
2023-01-09 20:00:00,QQQ,271.48,271.78,269.92,270.54,7425736.0,IBKR_TRADES,RTH,split_adjusted,traded_shares,2026-09-09T00:39:13.631182+00:00,4
2023-01-10 14:30:00,QQQ,269.53,272.89,268.97,271.06,11130355.0,IBKR_TRADES,RTH,split_adjusted,traded_shares,2026-09-09T00:39:13.631182+00:00,4
2023-01-10 16:00:00,QQQ,271.06,272.6,269.84,272.06,10058333.0,IBKR_TRADES,RTH,split_adjusted,traded_shares,2026-09-09T00:39:13.631182+00:00,4
2023-01-10 20:00:00,QQQ,272.05,272.93,271.31,272.92,4166222.0000000005,IBKR_TRADES,RTH,split_adjusted,traded_shares,2026-09-09T00:39:13.631182+00:00,4
2023-01-11 14:30:00,QQQ,273.94,275.48,273.12,273.85,10161107.0,IBKR_TRADES,RTH,split_adjusted,traded_shares,2026-09-09T00:39:13.631182+00:00,4
2023-01-11 16:00:00,QQQ,273.86,276.7,273.79,276.19,12402549.0,IBKR_TRADES,RTH,split_adjusted,traded_shares,2026-09-09T00:39:13.631182+00:00,4
2023-01-11 20:00:00,QQQ,276.2,277.66,276.15,277.59,7608212.999999999,IBKR_TRADES,RTH,split_adjusted,traded_shares,2026-09-09T00:39:13.631182+00:00,4
2023-01-12 14:30:00,QQQ,278.12,278.76,273.74,276.6,16056587.0,IBKR_TRADES,RTH,split_adjusted,traded_shares,2026-09-09T00:39:13.631182+00:00,4
2023-01-12 16:00:00,QQQ,276.62,280.1,275.62,279.16,17128836.0,IBKR_TRADES,RTH,split_adjusted,traded_shares,2026-09-09T00:39:13.631182+00:00,4
2023-01-12 20:00:00,QQQ,279.17,279.21,277.9,279.04,6401190.0,IBKR_TRADES,RTH,split_adjusted,traded_shares,2026-09-09T00:39:13.631182+00:00,4
2023-01-13 14:30:00,QQQ,276.52,279.27,276.16,278.77,10517215.0,IBKR_TRADES,RTH,split_adjusted,traded_shares,2026-09-09T00:39:13.631182+00:00,4
2023-01-13 16:00:00,QQQ,278.76,280.24,277.23,279.92,12206693.0,IBKR_TRADES,RTH,split_adjusted,traded_shares,2026-09-09T00:39:13.631182+00:00,4
2023-01-13 20:00:00,QQQ,279.96,281.22,279.87,280.94,7193059.0,IBKR_TRADES,RTH,split_adjusted,traded_shares,2026-09-09T00:39:13.631182+00:00,4
2023-01-17 14:30:00,QQQ,280.77,282.85,279.58,281.03,9587967.0,IBKR_TRADES,RTH,split_adjusted,traded_shares,2026-09-09T00:39:13.631182+00:00,4
2023-01-17 16:00:00,QQQ,281.03,282.01,279.7,281.44,10028119.0,IBKR_TRADES,RTH,split_adjusted,traded_shares,2026-09-09T00:39:13.631182+00:00,4
2023-01-17 20:00:00,QQQ,281.44,281.85,280.86,281.45,4048143.0000000005,IBKR_TRADES,RTH,split_adjusted,traded_shares,2026-09-09T00:39:13.631182+00:00,4
2023-01-18 14:30:00,QQQ,283.15,284.69,280.49,281.24,12345596.0,IBKR_TRADES,RTH,split_adjusted,traded_shares,2026-09-09T00:39:13.631182+00:00,4
2023-01-18 16:00:00,QQQ,281.22,281.43,278.01,279.0,13780462.0,IBKR_TRADES,RTH,split_adjusted,traded_shares,2026-09-09T00:39:13.631182+00:00,4
2023-01-18 20:00:00,QQQ,278.98,279.41,277.67,277.87,6994182.0,IBKR_TRADES,RTH,split_adjusted,traded_shares,2026-09-09T00:39:13.631182+00:00,4
2023-01-19 14:30:00,QQQ,276.24,277.23,274.2,274.54,11823479.0,IBKR_TRADES,RTH,split_adjusted,traded_shares,2026-09-09T00:39:13.631182+00:00,4
2023-01-19 16:00:00,QQQ,274.54,277.38,273.89,276.7,13477908.0,IBKR_TRADES,RTH,split_adjusted,traded_shares,2026-09-09T00:39:13.631182+00:00,4
2023-01-19 20:00:00,QQQ,276.7,277.08,274.89,275.09,5553499.0,IBKR_TRADES,RTH,split_adjusted,traded_shares,2026-09-09T00:39:13.631182+00:00,4
2023-01-20 14:30:00,QQQ,276.77,278.51,275.71,277.7,8330089.0,IBKR_TRADES,RTH,split_adjusted,traded_shares,2026-09-09T00:39:13.631182+00:00,4
2023-01-20 16:00:00,QQQ,277.72,281.7,277.64,281.59,16109594.0,IBKR_TRADES,RTH,split_adjusted,traded_shares,2026-09-09T00:39:13.631182+00:00,4
2023-01-20 20:00:00,QQQ,281.59,283.02,281.59,282.78,9787972.0,IBKR_TRADES,RTH,split_adjusted,traded_shares,2026-09-09T00:39:13.631182+00:00,4
2023-01-23 14:30:00,QQQ,283.51,287.82,282.73,287.49,11440899.0,IBKR_TRADES,RTH,split_adjusted,traded_shares,2026-09-09T00:39:13.631182+00:00,4
2023-01-23 16:00:00,QQQ,287.5,290.21,287.27,288.03,16764516.000000002,IBKR_TRADES,RTH,split_adjusted,traded_shares,2026-09-09T00:39:13.631182+00:00,4
2023-01-23 20:00:00,QQQ,288.03,289.25,287.43,289.01,8115895.0,IBKR_TRADES,RTH,split_adjusted,traded_shares,2026-09-09T00:39:13.631182+00:00,4
2023-01-24 14:30:00,QQQ,287.31,289.55,286.78,289.03,10742860.0,IBKR_TRADES,RTH,split_adjusted,traded_shares,2026-09-09T00:39:13.631182+00:00,4
2023-01-24 16:00:00,QQQ,289.04,289.2,287.61,288.71,10425895.0,IBKR_TRADES,RTH,split_adjusted,traded_shares,2026-09-09T00:39:13.631182+00:00,4
2023-01-24 20:00:00,QQQ,288.71,288.84,287.28,288.41,5074154.0,IBKR_TRADES,RTH,split_adjusted,traded_shares,2026-09-09T00:39:13.631182+00:00,4
2023-01-25 14:30:00,QQQ,283.77,284.08,281.18,282.68,13919985.0,IBKR_TRADES,RTH,split_adjusted,traded_shares,2026-09-09T00:39:13.631182+00:00,4
2023-01-25 16:00:00,QQQ,282.67,287.68,282.48,287.32,16490756.0,IBKR_TRADES,RTH,split_adjusted,traded_shares,2026-09-09T00:39:13.631182+00:00,4
2023-01-25 20:00:00,QQQ,287.32,288.36,286.75,287.7,5163233.0,IBKR_TRADES,RTH,split_adjusted,traded_shares,2026-09-09T00:39:13.631182+00:00,4
2023-01-26 14:30:00,QQQ,291.22,292.64,288.58,288.9,12614272.0,IBKR_TRADES,RTH,split_adjusted,traded_shares,2026-09-09T00:39:13.631182+00:00,4
2023-01-26 16:00:00,QQQ,288.91,292.35,288.51,292.17,12539784.0,IBKR_TRADES,RTH,split_adjusted,traded_shares,2026-09-09T00:39:13.631182+00:00,4
2023-01-26 20:00:00,QQQ,292.18,293.52,291.8,293.38,7819648.000000001,IBKR_TRADES,RTH,split_adjusted,traded_shares,2026-09-09T00:39:13.631182+00:00,4
2023-01-27 14:30:00,QQQ,292.0,295.5,291.88,293.65,12782932.0,IBKR_TRADES,RTH,split_adjusted,traded_shares,2026-09-09T00:39:13.631182+00:00,4
2023-01-27 16:00:00,QQQ,293.63,297.65,293.29,297.48,16254784.000000002,IBKR_TRADES,RTH,split_adjusted,traded_shares,2026-09-09T00:39:13.631182+00:00,4
2023-01-27 20:00:00,QQQ,297.48,298.26,296.11,296.19,8991885.0,IBKR_TRADES,RTH,split_adjusted,traded_shares,2026-09-09T00:39:13.631182+00:00,4
2023-01-30 14:30:00,QQQ,292.93,294.38,290.46,291.55,11479799.0,IBKR_TRADES,RTH,split_adjusted,traded_shares,2026-09-09T00:39:13.631182+00:00,4
2023-01-30 16:00:00,QQQ,291.56,292.63,290.47,290.9,13252461.0,IBKR_TRADES,RTH,split_adjusted,traded_shares,2026-09-09T00:39:13.631182+00:00,4
2023-01-30 20:00:00,QQQ,290.9,291.36,289.89,290.14,7797127.0,IBKR_TRADES,RTH,split_adjusted,traded_shares,2026-09-09T00:39:13.631182+00:00,4
2023-01-31 14:30:00,QQQ,290.31,292.93,290.2,292.71,10950153.0,IBKR_TRADES,RTH,split_adjusted,traded_shares,2026-09-09T00:39:13.631182+00:00,4
2023-01-31 16:00:00,QQQ,292.72,293.78,291.92,293.58,10069517.0,IBKR_TRADES,RTH,split_adjusted,traded_shares,2026-09-09T00:39:13.631182+00:00,4
2023-01-31 20:00:00,QQQ,293.59,294.72,292.66,294.67,7503347.0,IBKR_TRADES,RTH,split_adjusted,traded_shares,2026-09-09T00:39:13.631182+00:00,4
2023-02-01 14:30:00,QQQ,294.41,294.79,292.95,293.08,8218612.0,IBKR_TRADES,RTH,split_adjusted,traded_shares,2026-09-09T00:39:13.631182+00:00,4
2023-02-01 16:00:00,QQQ,293.03,300.26,292.3,299.17,23607423.0,IBKR_TRADES,RTH,split_adjusted,traded_shares,2026-09-09T00:39:13.631182+00:00,4
2023-02-01 20:00:00,QQQ,299.19,303.43,299.18,301.08,14890425.0,IBKR_TRADES,RTH,split_adjusted,traded_shares,2026-09-09T00:39:13.631182+00:00,4
2023-02-02 14:30:00,QQQ,307.52,311.05,306.73,310.51,18324435.0,IBKR_TRADES,RTH,split_adjusted,traded_shares,2026-09-09T00:39:13.631182+00:00,4
2023-02-02 16:00:00,QQQ,310.52,313.68,308.34,308.47,22877139.0,IBKR_TRADES,RTH,split_adjusted,traded_shares,2026-09-09T00:39:13.631182+00:00,4
2023-02-02 20:00:00,QQQ,308.48,311.76,307.78,311.76,10486299.0,IBKR_TRADES,RTH,split_adjusted,traded_shares,2026-09-09T00:39:13.631182+00:00,4
2023-02-03 14:30:00,QQQ,304.94,311.88,304.54,310.59,21844044.0,IBKR_TRADES,RTH,split_adjusted,traded_shares,2026-09-09T00:39:13.631182+00:00,4
2023-02-03 16:00:00,QQQ,310.61,312.39,305.69,305.97,22486467.0,IBKR_TRADES,RTH,split_adjusted,traded_shares,2026-09-09T00:39:13.631182+00:00,4
2023-02-03 20:00:00,QQQ,305.94,306.97,305.15,306.19,7553285.0,IBKR_TRADES,RTH,split_adjusted,traded_shares,2026-09-09T00:39:13.631182+00:00,4
2023-02-06 14:30:00,QQQ,303.52,305.51,302.22,304.66,11386206.0,IBKR_TRADES,RTH,split_adjusted,traded_shares,2026-09-09T00:39:13.631182+00:00,4
2023-02-06 16:00:00,QQQ,304.67,305.91,303.36,304.02,11555822.0,IBKR_TRADES,RTH,split_adjusted,traded_shares,2026-09-09T00:39:13.631182+00:00,4
2023-02-06 20:00:00,QQQ,304.04,304.12,302.49,303.6,5260682.0,IBKR_TRADES,RTH,split_adjusted,traded_shares,2026-09-09T00:39:13.631182+00:00,4
2023-02-07 14:30:00,QQQ,303.46,304.67,302.77,303.69,9647611.0,IBKR_TRADES,RTH,split_adjusted,traded_shares,2026-09-09T00:39:13.631182+00:00,4
2023-02-07 16:00:00,QQQ,303.69,310.05,302.32,308.15,30793912.000000004,IBKR_TRADES,RTH,split_adjusted,traded_shares,2026-09-09T00:39:13.631182+00:00,4
2023-02-07 20:00:00,QQQ,308.1,311.03,307.18,309.94,9013969.0,IBKR_TRADES,RTH,split_adjusted,traded_shares,2026-09-09T00:39:13.631182+00:00,4
2023-02-08 14:30:00,QQQ,308.54,309.5,305.76,306.04,11837618.0,IBKR_TRADES,RTH,split_adjusted,traded_shares,2026-09-09T00:39:13.631182+00:00,4
2023-02-08 16:00:00,QQQ,306.01,306.34,303.79,304.98,16936612.0,IBKR_TRADES,RTH,split_adjusted,traded_shares,2026-09-09T00:39:13.631182+00:00,4
2023-02-08 20:00:00,QQQ,304.99,305.06,303.67,304.38,6352953.0,IBKR_TRADES,RTH,split_adjusted,traded_shares,2026-09-09T00:39:13.631182+00:00,4
2023-02-09 14:30:00,QQQ,308.84,308.99,306.17,307.16,10622202.0,IBKR_TRADES,RTH,split_adjusted,traded_shares,2026-09-09T00:39:13.631182+00:00,4
2023-02-09 16:00:00,QQQ,307.16,307.17,302.34,302.67,16794970.0,IBKR_TRADES,RTH,split_adjusted,traded_shares,2026-09-09T00:39:13.631182+00:00,4
2023-02-09 20:00:00,QQQ,302.67,302.68,300.2,301.63,9236146.0,IBKR_TRADES,RTH,split_adjusted,traded_shares,2026-09-09T00:39:13.631182+00:00,4
2023-02-10 14:30:00,QQQ,299.48,301.57,298.23,299.44,13657106.0,IBKR_TRADES,RTH,split_adjusted,traded_shares,2026-09-09T00:39:13.631182+00:00,4
2023-02-10 16:00:00,QQQ,299.41,300.27,297.25,299.2,14895247.0,IBKR_TRADES,RTH,split_adjusted,traded_shares,2026-09-09T00:39:13.631182+00:00,4
2023-02-10 20:00:00,QQQ,299.21,300.23,298.55,299.74,7049573.0,IBKR_TRADES,RTH,split_adjusted,traded_shares,2026-09-09T00:39:13.631182+00:00,4
2023-02-13 14:30:00,QQQ,301.13,303.7,299.93,303.28,9556685.0,IBKR_TRADES,RTH,split_adjusted,traded_shares,2026-09-09T00:39:13.631182+00:00,4
2023-02-13 16:00:00,QQQ,303.34,305.1,303.12,303.73,12864715.0,IBKR_TRADES,RTH,split_adjusted,traded_shares,2026-09-09T00:39:13.631182+00:00,4
2023-02-13 20:00:00,QQQ,303.74,304.63,303.06,304.59,5962178.0,IBKR_TRADES,RTH,split_adjusted,traded_shares,2026-09-09T00:39:13.631182+00:00,4
2023-02-14 14:30:00,QQQ,302.89,307.72,300.91,303.31,18713602.0,IBKR_TRADES,RTH,split_adjusted,traded_shares,2026-09-09T00:39:13.631182+00:00,4
2023-02-14 16:00:00,QQQ,303.3,306.91,301.57,306.41,19448706.0,IBKR_TRADES,RTH,split_adjusted,traded_shares,2026-09-09T00:39:13.631182+00:00,4
2023-02-14 20:00:00,QQQ,306.44,307.53,305.78,306.7,5790073.0,IBKR_TRADES,RTH,split_adjusted,traded_shares,2026-09-09T00:39:13.631182+00:00,4
2023-02-15 14:30:00,QQQ,304.9,306.79,304.2,305.13,9870736.0,IBKR_TRADES,RTH,split_adjusted,traded_shares,2026-09-09T00:39:13.631182+00:00,4
2023-02-15 16:00:00,QQQ,305.12,308.92,305.03,307.85,14958487.0,IBKR_TRADES,RTH,split_adjusted,traded_shares,2026-09-09T00:39:13.631182+00:00,4
2023-02-15 20:00:00,QQQ,307.85,309.27,307.59,309.25,4938504.0,IBKR_TRADES,RTH,split_adjusted,traded_shares,2026-09-09T00:39:13.631182+00:00,4
2023-02-16 14:30:00,QQQ,304.38,307.88,303.71,307.35,14058833.0,IBKR_TRADES,RTH,split_adjusted,traded_shares,2026-09-09T00:39:13.631182+00:00,4
2023-02-16 16:00:00,QQQ,307.39,308.43,306.3,307.39,15308979.0,IBKR_TRADES,RTH,split_adjusted,traded_shares,2026-09-09T00:39:13.631182+00:00,4
2023-02-16 20:00:00,QQQ,307.4,307.52,303.15,303.28,11685702.0,IBKR_TRADES,RTH,split_adjusted,traded_shares,2026-09-09T00:39:13.631182+00:00,4
2023-02-17 14:30:00,QQQ,301.07,301.93,298.88,299.41,13823256.0,IBKR_TRADES,RTH,split_adjusted,traded_shares,2026-09-09T00:39:13.631182+00:00,4
2023-02-17 16:00:00,QQQ,299.39,301.27,298.1,301.12,16297498.0,IBKR_TRADES,RTH,split_adjusted,traded_shares,2026-09-09T00:39:13.631182+00:00,4
2023-02-17 20:00:00,QQQ,301.14,301.52,300.24,301.15,7254599.0,IBKR_TRADES,RTH,split_adjusted,traded_shares,2026-09-09T00:39:13.631182+00:00,4
2023-02-21 14:30:00,QQQ,297.27,298.73,296.08,296.25,12464795.0,IBKR_TRADES,RTH,split_adjusted,traded_shares,2026-09-09T00:39:13.631182+00:00,4
2023-02-21 16:00:00,QQQ,296.26,296.64,294.27,294.71,13254316.0,IBKR_TRADES,RTH,split_adjusted,traded_shares,2026-09-09T00:39:13.631182+00:00,4
2023-02-21 20:00:00,QQQ,294.72,295.14,293.89,294.02,6995172.0,IBKR_TRADES,RTH,split_adjusted,traded_shares,2026-09-09T00:39:13.631182+00:00,4
2023-02-22 14:30:00,QQQ,294.62,295.98,292.56,294.16,12397882.0,IBKR_TRADES,RTH,split_adjusted,traded_shares,2026-09-09T00:39:13.631182+00:00,4
2023-02-22 16:00:00,QQQ,294.17,296.36,293.18,293.24,17788940.0,IBKR_TRADES,RTH,split_adjusted,traded_shares,2026-09-09T00:39:13.631182+00:00,4
2023-02-22 20:00:00,QQQ,293.24,294.25,292.9,294.2,6095015.0,IBKR_TRADES,RTH,split_adjusted,traded_shares,2026-09-09T00:39:13.631182+00:00,4
2023-02-23 14:30:00,QQQ,297.96,298.13,294.33,294.6,16054187.999999998,IBKR_TRADES,RTH,split_adjusted,traded_shares,2026-09-09T00:39:13.631182+00:00,4
2023-02-23 16:00:00,QQQ,294.57,297.03,292.55,296.44,26375640.0,IBKR_TRADES,RTH,split_adjusted,traded_shares,2026-09-09T00:39:13.631182+00:00,4
2023-02-23 20:00:00,QQQ,296.47,297.88,296.46,296.83,8794858.0,IBKR_TRADES,RTH,split_adjusted,traded_shares,2026-09-09T00:39:13.631182+00:00,4
2023-02-24 14:30:00,QQQ,291.75,292.97,290.05,290.35,20376472.0,IBKR_TRADES,RTH,split_adjusted,traded_shares,2026-09-09T00:39:13.631182+00:00,4
2023-02-24 16:00:00,QQQ,290.36,292.34,290.06,292.06,22508781.0,IBKR_TRADES,RTH,split_adjusted,traded_shares,2026-09-09T00:39:13.631182+00:00,4
2023-02-24 20:00:00,QQQ,292.04,292.41,290.57,291.83,10906668.0,IBKR_TRADES,RTH,split_adjusted,traded_shares,2026-09-09T00:39:13.631182+00:00,4
2023-02-27 14:30:00,QQQ,295.08,296.49,293.78,294.44,13282648.0,IBKR_TRADES,RTH,split_adjusted,traded_shares,2026-09-09T00:39:13.631182+00:00,4
2023-02-27 16:00:00,QQQ,294.46,295.42,293.51,294.09,13851867.0,IBKR_TRADES,RTH,split_adjusted,traded_shares,2026-09-09T00:39:13.631182+00:00,4
2023-02-27 20:00:00,QQQ,294.08,294.32,293.34,293.94,6076357.0,IBKR_TRADES,RTH,split_adjusted,traded_shares,2026-09-09T00:39:13.631182+00:00,4
2023-02-28 14:30:00,QQQ,293.3,294.96,292.96,293.77,11041950.0,IBKR_TRADES,RTH,split_adjusted,traded_shares,2026-09-09T00:39:13.631182+00:00,4
2023-02-28 16:00:00,QQQ,293.81,296.13,293.61,294.95,16047843.0,IBKR_TRADES,RTH,split_adjusted,traded_shares,2026-09-09T00:39:13.631182+00:00,4
2023-02-28 20:00:00,QQQ,294.96,294.96,293.49,293.49,7818452.0,IBKR_TRADES,RTH,split_adjusted,traded_shares,2026-09-09T00:39:13.631182+00:00,4
2023-03-01 14:30:00,QQQ,293.23,293.93,290.89,292.2,16497028.0,IBKR_TRADES,RTH,split_adjusted,traded_shares,2026-09-09T00:39:13.631182+00:00,4
2023-03-01 16:00:00,QQQ,292.19,292.87,290.2,290.81,19134471.0,IBKR_TRADES,RTH,split_adjusted,traded_shares,2026-09-09T00:39:13.631182+00:00,4
2023-03-01 20:00:00,QQQ,290.81,291.44,290.57,291.15,6678563.0,IBKR_TRADES,RTH,split_adjusted,traded_shares,2026-09-09T00:39:13.631182+00:00,4
2023-03-02 14:30:00,QQQ,288.66,290.48,288.37,290.25,11662003.0,IBKR_TRADES,RTH,split_adjusted,traded_shares,2026-09-09T00:39:13.631182+00:00,4
2023-03-02 16:00:00,QQQ,290.25,293.37,289.28,292.9,18504323.0,IBKR_TRADES,RTH,split_adjusted,traded_shares,2026-09-09T00:39:13.631182+00:00,4
2023-03-02 20:00:00,QQQ,292.9,294.43,292.52,293.7,8309834.0,IBKR_TRADES,RTH,split_adjusted,traded_shares,2026-09-09T00:39:13.631182+00:00,4
2023-03-03 14:30:00,QQQ,295.39,297.8,294.87,296.65,14834624.0,IBKR_TRADES,RTH,split_adjusted,traded_shares,2026-09-09T00:39:13.631182+00:00,4
2023-03-03 16:00:00,QQQ,296.67,299.6,296.28,299.5,16250418.0,IBKR_TRADES,RTH,split_adjusted,traded_shares,2026-09-09T00:39:13.631182+00:00,4
2023-03-03 20:00:00,QQQ,299.5,299.92,299.03,299.71,10710096.0,IBKR_TRADES,RTH,split_adjusted,traded_shares,2026-09-09T00:39:13.631182+00:00,4
2023-03-06 14:30:00,QQQ,300.94,303.69,300.63,303.23,12403056.0,IBKR_TRADES,RTH,split_adjusted,traded_shares,2026-09-09T00:39:13.631182+00:00,4
2023-03-06 16:00:00,QQQ,303.23,304.0,300.41,300.58,18599860.0,IBKR_TRADES,RTH,split_adjusted,traded_shares,2026-09-09T00:39:13.631182+00:00,4
2023-03-06 20:00:00,QQQ,300.59,300.88,299.82,300.03,8723998.0,IBKR_TRADES,RTH,split_adjusted,traded_shares,2026-09-09T00:39:13.631182+00:00,4
2023-03-07 14:30:00,QQQ,300.07,301.01,296.64,297.45,19217971.0,IBKR_TRADES,RTH,split_adjusted,traded_shares,2026-09-09T00:39:13.631182+00:00,4
2023-03-07 16:00:00,QQQ,297.47,299.77,295.72,295.81,22591214.0,IBKR_TRADES,RTH,split_adjusted,traded_shares,2026-09-09T00:39:13.631182+00:00,4
2023-03-07 20:00:00,QQQ,295.82,296.78,295.75,296.33,8318038.0,IBKR_TRADES,RTH,split_adjusted,traded_shares,2026-09-09T00:39:13.631182+00:00,4
2023-03-08 14:30:00,QQQ,296.74,297.68,294.88,296.89,13197641.0,IBKR_TRADES,RTH,split_adjusted,traded_shares,2026-09-09T00:39:13.631182+00:00,4
2023-03-08 16:00:00,QQQ,296.89,298.43,295.72,296.63,17676109.0,IBKR_TRADES,RTH,split_adjusted,traded_shares,2026-09-09T00:39:13.631182+00:00,4
2023-03-08 20:00:00,QQQ,296.64,298.24,296.12,297.88,6902856.0,IBKR_TRADES,RTH,split_adjusted,traded_shares,2026-09-09T00:39:13.631182+00:00,4
2023-03-09 14:30:00,QQQ,298.34,300.98,297.96,299.68,12404333.0,IBKR_TRADES,RTH,split_adjusted,traded_shares,2026-09-09T00:39:13.631182+00:00,4
2023-03-09 16:00:00,QQQ,299.69,300.03,294.03,294.17,24644405.0,IBKR_TRADES,RTH,split_adjusted,traded_shares,2026-09-09T00:39:13.631182+00:00,4
2023-03-09 20:00:00,QQQ,294.18,294.39,291.82,292.49,15073025.0,IBKR_TRADES,RTH,split_adjusted,traded_shares,2026-09-09T00:39:13.631182+00:00,4
2023-03-10 14:30:00,QQQ,292.83,293.06,289.13,292.74,23042638.0,IBKR_TRADES,RTH,split_adjusted,traded_shares,2026-09-09T00:39:13.631182+00:00,4
2023-03-10 16:00:00,QQQ,292.75,294.35,287.46,289.51,35075666.0,IBKR_TRADES,RTH,split_adjusted,traded_shares,2026-09-09T00:39:13.631182+00:00,4
2023-03-10 20:00:00,QQQ,289.51,290.02,287.38,288.5,13898016.0,IBKR_TRADES,RTH,split_adjusted,traded_shares,2026-09-09T00:39:13.631182+00:00,4
2023-03-13 13:30:00,QQQ,286.73,293.93,285.19,293.28,37458851.0,IBKR_TRADES,RTH,split_adjusted,traded_shares,2026-09-09T00:39:13.631182+00:00,4
2023-03-13 16:00:00,QQQ,293.29,294.47,290.65,290.72,33158966.999999996,IBKR_TRADES,RTH,split_adjusted,traded_shares,2026-09-09T00:39:13.631182+00:00,4
2023-03-14 13:30:00,QQQ,294.31,297.93,294.21,297.4,23158909.0,IBKR_TRADES,RTH,split_adjusted,traded_shares,2026-09-09T00:39:13.631182+00:00,4
2023-03-14 16:00:00,QQQ,297.4,297.76,293.45,297.38,28949120.0,IBKR_TRADES,RTH,split_adjusted,traded_shares,2026-09-09T00:39:13.631182+00:00,4
2023-03-15 13:30:00,QQQ,294.71,297.04,293.24,295.79,23555410.0,IBKR_TRADES,RTH,split_adjusted,traded_shares,2026-09-09T00:39:13.631182+00:00,4
2023-03-15 16:00:00,QQQ,295.78,299.27,293.96,298.91,31222418.999999996,IBKR_TRADES,RTH,split_adjusted,traded_shares,2026-09-09T00:39:13.631182+00:00,4
2023-03-16 13:30:00,QQQ,297.95,305.57,297.19,305.05,29341316.0,IBKR_TRADES,RTH,split_adjusted,traded_shares,2026-09-09T00:39:13.631182+00:00,4
2023-03-16 16:00:00,QQQ,305.05,307.18,303.72,306.82,34532141.0,IBKR_TRADES,RTH,split_adjusted,traded_shares,2026-09-09T00:39:13.631182+00:00,4
2023-03-17 13:30:00,QQQ,306.72,309.15,303.37,304.45,24463410.0,IBKR_TRADES,RTH,split_adjusted,traded_shares,2026-09-09T00:39:13.631182+00:00,4
2023-03-17 16:00:00,QQQ,304.47,306.53,303.73,305.33,26926598.0,IBKR_TRADES,RTH,split_adjusted,traded_shares,2026-09-09T00:39:13.631182+00:00,4
2023-03-20 13:30:00,QQQ,304.26,306.05,302.01,304.09,19363373.0,IBKR_TRADES,RTH,split_adjusted,traded_shares,2026-09-09T00:39:13.631182+00:00,4
2023-03-20 16:00:00,QQQ,304.09,306.3,302.85,305.91,18052320.0,IBKR_TRADES,RTH,split_adjusted,traded_shares,2026-09-09T00:39:13.631182+00:00,4
2023-03-21 13:30:00,QQQ,307.94,309.4,306.39,306.85,15632399.0,IBKR_TRADES,RTH,split_adjusted,traded_shares,2026-09-09T00:39:13.631182+00:00,4
2023-03-21 16:00:00,QQQ,306.87,310.8,306.67,310.32,18383834.0,IBKR_TRADES,RTH,split_adjusted,traded_shares,2026-09-09T00:39:13.631182+00:00,4
2023-03-22 13:30:00,QQQ,310.27,311.98,309.74,311.66,10287072.0,IBKR_TRADES,RTH,split_adjusted,traded_shares,2026-09-09T00:39:13.631182+00:00,4
2023-03-22 16:00:00,QQQ,311.67,315.25,305.95,305.99,43873550.0,IBKR_TRADES,RTH,split_adjusted,traded_shares,2026-09-09T00:39:13.631182+00:00,4
2023-03-23 13:30:00,QQQ,309.92,314.15,309.73,313.09,18298910.0,IBKR_TRADES,RTH,split_adjusted,traded_shares,2026-09-09T00:39:13.631182+00:00,4
2023-03-23 16:00:00,QQQ,313.08,313.44,307.01,309.78,31600506.0,IBKR_TRADES,RTH,split_adjusted,traded_shares,2026-09-09T00:39:13.631182+00:00,4
2023-03-24 13:30:00,QQQ,309.32,309.73,306.95,309.35,22807130.0,IBKR_TRADES,RTH,split_adjusted,traded_shares,2026-09-09T00:39:13.631182+00:00,4
2023-03-24 16:00:00,QQQ,309.36,310.99,307.55,310.95,19767148.0,IBKR_TRADES,RTH,split_adjusted,traded_shares,2026-09-09T00:39:13.631182+00:00,4
2023-03-27 13:30:00,QQQ,311.6,312.7,308.09,308.26,17540096.0,IBKR_TRADES,RTH,split_adjusted,traded_shares,2026-09-09T00:39:13.631182+00:00,4
2023-03-27 16:00:00,QQQ,308.26,310.4,307.89,308.71,19335008.0,IBKR_TRADES,RTH,split_adjusted,traded_shares,2026-09-09T00:39:13.631182+00:00,4
2023-03-28 13:30:00,QQQ,308.17,308.2,305.15,306.66,17515387.0,IBKR_TRADES,RTH,split_adjusted,traded_shares,2026-09-09T00:39:13.631182+00:00,4
2023-03-28 16:00:00,QQQ,306.66,307.16,304.77,307.11,16155414.0,IBKR_TRADES,RTH,split_adjusted,traded_shares,2026-09-09T00:39:13.631182+00:00,4
2023-03-29 13:30:00,QQQ,310.89,311.94,310.05,311.57,16895755.0,IBKR_TRADES,RTH,split_adjusted,traded_shares,2026-09-09T00:39:13.631182+00:00,4
2023-03-29 16:00:00,QQQ,311.57,313.35,310.91,312.81,20529244.0,IBKR_TRADES,RTH,split_adjusted,traded_shares,2026-09-09T00:39:13.631182+00:00,4
2023-03-30 13:30:00,QQQ,315.22,316.32,314.32,315.51,18334443.0,IBKR_TRADES,RTH,split_adjusted,traded_shares,2026-09-09T00:39:13.631182+00:00,4
2023-03-30 16:00:00,QQQ,315.52,315.84,313.93,315.68,16516559.0,IBKR_TRADES,RTH,split_adjusted,traded_shares,2026-09-09T00:39:13.631182+00:00,4
2023-03-31 13:30:00,QQQ,315.91,318.8,315.6,318.77,15717326.0,IBKR_TRADES,RTH,split_adjusted,traded_shares,2026-09-09T00:39:13.631182+00:00,4
2023-03-31 16:00:00,QQQ,318.77,321.17,318.63,320.9,25574849.0,IBKR_TRADES,RTH,split_adjusted,traded_shares,2026-09-09T00:39:13.631182+00:00,4
2023-04-03 13:30:00,QQQ,318.77,320.17,317.42,318.22,16811178.0,IBKR_TRADES,RTH,split_adjusted,traded_shares,2026-09-09T00:39:13.631182+00:00,4
2023-04-03 16:00:00,QQQ,318.23,320.42,317.52,320.16,16464379.999999998,IBKR_TRADES,RTH,split_adjusted,traded_shares,2026-09-09T00:39:13.631182+00:00,4
2023-04-04 13:30:00,QQQ,320.6,321.63,318.73,319.32,15836284.0,IBKR_TRADES,RTH,split_adjusted,traded_shares,2026-09-09T00:39:13.631182+00:00,4
2023-04-04 16:00:00,QQQ,319.33,319.77,317.82,319.13,15084723.0,IBKR_TRADES,RTH,split_adjusted,traded_shares,2026-09-09T00:39:13.631182+00:00,4
2023-04-05 13:30:00,QQQ,318.1,318.31,314.42,315.12,23908968.0,IBKR_TRADES,RTH,split_adjusted,traded_shares,2026-09-09T00:39:13.631182+00:00,4
2023-04-05 16:00:00,QQQ,315.12,316.18,314.07,315.86,23710734.0,IBKR_TRADES,RTH,split_adjusted,traded_shares,2026-09-09T00:39:13.631182+00:00,4
2023-04-06 13:30:00,QQQ,314.24,317.06,312.82,316.95,16637556.0,IBKR_TRADES,RTH,split_adjusted,traded_shares,2026-09-09T00:39:13.631182+00:00,4
2023-04-06 16:00:00,QQQ,316.95,318.55,316.87,318.1,17094883.0,IBKR_TRADES,RTH,split_adjusted,traded_shares,2026-09-09T00:39:13.631182+00:00,4
2023-04-10 13:30:00,QQQ,315.06,316.16,313.25,315.26,15875238.000000002,IBKR_TRADES,RTH,split_adjusted,traded_shares,2026-09-09T00:39:13.631182+00:00,4
2023-04-10 16:00:00,QQQ,315.26,317.92,314.35,317.92,15681019.999999998,IBKR_TRADES,RTH,split_adjusted,traded_shares,2026-09-09T00:39:13.631182+00:00,4
2023-04-11 13:30:00,QQQ,317.84,317.89,315.31,315.86,13039454.0,IBKR_TRADES,RTH,split_adjusted,traded_shares,2026-09-09T00:39:13.631182+00:00,4
2023-04-11 16:00:00,QQQ,315.85,317.21,315.47,315.83,16114000.000000002,IBKR_TRADES,RTH,split_adjusted,traded_shares,2026-09-09T00:39:13.631182+00:00,4
2023-04-12 13:30:00,QQQ,317.82,318.42,313.5,315.78,20546934.0,IBKR_TRADES,RTH,split_adjusted,traded_shares,2026-09-09T00:39:13.631182+00:00,4
2023-04-12 16:00:00,QQQ,315.79,316.67,312.56,313.03,20592222.0,IBKR_TRADES,RTH,split_adjusted,traded_shares,2026-09-09T00:39:13.631182+00:00,4
2023-04-13 13:30:00,QQQ,314.82,317.62,314.64,317.52,17267334.0,IBKR_TRADES,RTH,split_adjusted,traded_shares,2026-09-09T00:39:13.631182+00:00,4
2023-04-13 16:00:00,QQQ,317.52,319.65,317.3,319.27,19512194.0,IBKR_TRADES,RTH,split_adjusted,traded_shares,2026-09-09T00:39:13.631182+00:00,4
2023-04-14 13:30:00,QQQ,317.59,320.36,316.88,317.33,18457267.0,IBKR_TRADES,RTH,split_adjusted,traded_shares,2026-09-09T00:39:13.631182+00:00,4
2023-04-14 16:00:00,QQQ,317.33,318.83,315.61,318.59,20473173.0,IBKR_TRADES,RTH,split_adjusted,traded_shares,2026-09-09T00:39:13.631182+00:00,4
2023-04-17 13:30:00,QQQ,318.17,319.2,316.35,316.73,14513002.0,IBKR_TRADES,RTH,split_adjusted,traded_shares,2026-09-09T00:39:13.631182+00:00,4
2023-04-17 16:00:00,QQQ,316.73,318.84,316.04,318.78,15532219.0,IBKR_TRADES,RTH,split_adjusted,traded_shares,2026-09-09T00:39:13.631182+00:00,4
2023-04-18 13:30:00,QQQ,321.0,321.42,317.96,318.32,15711114.000000002,IBKR_TRADES,RTH,split_adjusted,traded_shares,2026-09-09T00:39:13.631182+00:00,4
2023-04-18 16:00:00,QQQ,318.33,319.18,317.64,318.84,16075964.0,IBKR_TRADES,RTH,split_adjusted,traded_shares,2026-09-09T00:39:13.631182+00:00,4
2023-04-19 13:30:00,QQQ,316.41,318.63,316.28,318.52,14042572.0,IBKR_TRADES,RTH,split_adjusted,traded_shares,2026-09-09T00:39:13.631182+00:00,4
2023-04-19 16:00:00,QQQ,318.52,319.79,318.29,318.74,13947750.0,IBKR_TRADES,RTH,split_adjusted,traded_shares,2026-09-09T00:39:13.631182+00:00,4
2023-04-20 13:30:00,QQQ,315.69,318.23,315.57,317.75,15177358.999999998,IBKR_TRADES,RTH,split_adjusted,traded_shares,2026-09-09T00:39:13.631182+00:00,4
2023-04-20 16:00:00,QQQ,317.77,319.27,314.97,316.31,26431431.0,IBKR_TRADES,RTH,split_adjusted,traded_shares,2026-09-09T00:39:13.631182+00:00,4
2023-04-21 13:30:00,QQQ,315.9,316.81,314.1,316.5,18411953.0,IBKR_TRADES,RTH,split_adjusted,traded_shares,2026-09-09T00:39:13.631182+00:00,4
2023-04-21 16:00:00,QQQ,316.52,317.4,315.84,316.6,16303471.0,IBKR_TRADES,RTH,split_adjusted,traded_shares,2026-09-09T00:39:13.631182+00:00,4
2023-04-24 13:30:00,QQQ,316.36,317.74,313.74,314.01,15161518.000000002,IBKR_TRADES,RTH,split_adjusted,traded_shares,2026-09-09T00:39:13.631182+00:00,4
2023-04-24 16:00:00,QQQ,314.02,316.16,313.82,315.94,15305042.999999998,IBKR_TRADES,RTH,split_adjusted,traded_shares,2026-09-09T00:39:13.631182+00:00,4
2023-04-25 13:30:00,QQQ,314.29,314.97,312.6,312.66,14790752.0,IBKR_TRADES,RTH,split_adjusted,traded_shares,2026-09-09T00:39:13.631182+00:00,4
2023-04-25 16:00:00,QQQ,312.67,312.79,309.89,309.95,23831171.0,IBKR_TRADES,RTH,split_adjusted,traded_shares,2026-09-09T00:39:13.631182+00:00,4
2023-04-26 13:30:00,QQQ,313.44,314.55,312.14,314.33,18248685.0,IBKR_TRADES,RTH,split_adjusted,traded_shares,2026-09-09T00:39:13.631182+00:00,4
2023-04-26 16:00:00,QQQ,314.36,314.94,311.34,311.79,18215248.0,IBKR_TRADES,RTH,split_adjusted,traded_shares,2026-09-09T00:39:13.631182+00:00,4
2023-04-27 13:30:00,QQQ,315.71,318.31,315.05,318.03,18949417.0,IBKR_TRADES,RTH,split_adjusted,traded_shares,2026-09-09T00:39:13.631182+00:00,4
2023-04-27 16:00:00,QQQ,318.05,320.86,318.02,320.39,22990490.0,IBKR_TRADES,RTH,split_adjusted,traded_shares,2026-09-09T00:39:13.631182+00:00,4
2023-04-28 13:30:00,QQQ,320.12,321.87,318.96,320.94,22828942.0,IBKR_TRADES,RTH,split_adjusted,traded_shares,2026-09-09T00:39:13.631182+00:00,4
2023-04-28 16:00:00,QQQ,320.93,322.65,320.48,322.63,19071381.0,IBKR_TRADES,RTH,split_adjusted,traded_shares,2026-09-09T00:39:13.631182+00:00,4
2023-05-01 13:30:00,QQQ,322.09,322.88,321.09,322.0,14449687.0,IBKR_TRADES,RTH,split_adjusted,traded_shares,2026-09-09T00:39:13.631182+00:00,4
2023-05-01 16:00:00,QQQ,322.01,323.63,321.74,322.18,16318507.000000002,IBKR_TRADES,RTH,split_adjusted,traded_shares,2026-09-09T00:39:13.631182+00:00,4
2023-05-02 13:30:00,QQQ,322.12,322.45,317.61,317.92,22372924.0,IBKR_TRADES,RTH,split_adjusted,traded_shares,2026-09-09T00:39:13.631182+00:00,4
2023-05-02 16:00:00,QQQ,317.91,320.28,317.7,319.37,18281723.0,IBKR_TRADES,RTH,split_adjusted,traded_shares,2026-09-09T00:39:13.631182+00:00,4
2023-05-03 13:30:00,QQQ,319.75,320.79,319.2,320.11,11405730.0,IBKR_TRADES,RTH,split_adjusted,traded_shares,2026-09-09T00:39:13.631182+00:00,4
2023-05-03 16:00:00,QQQ,320.11,322.47,317.18,317.35,33128519.000000004,IBKR_TRADES,RTH,split_adjusted,traded_shares,2026-09-09T00:39:13.631182+00:00,4
2023-05-04 13:30:00,QQQ,317.06,317.67,315.11,316.29,18379437.0,IBKR_TRADES,RTH,split_adjusted,traded_shares,2026-09-09T00:39:13.631182+00:00,4
2023-05-04 16:00:00,QQQ,316.28,318.23,315.81,316.23,17884078.0,IBKR_TRADES,RTH,split_adjusted,traded_shares,2026-09-09T00:39:13.631182+00:00,4
2023-05-05 13:30:00,QQQ,318.46,321.78,318.1,321.3,16689113.0,IBKR_TRADES,RTH,split_adjusted,traded_shares,2026-09-09T00:39:13.631182+00:00,4
2023-05-05 16:00:00,QQQ,321.32,323.76,320.87,322.92,20017629.0,IBKR_TRADES,RTH,split_adjusted,traded_shares,2026-09-09T00:39:13.631182+00:00,4
2023-05-08 13:30:00,QQQ,322.4,322.96,321.31,322.93,12251245.0,IBKR_TRADES,RTH,split_adjusted,traded_shares,2026-09-09T00:39:13.631182+00:00,4
2023-05-08 16:00:00,QQQ,322.93,324.04,322.14,323.74,14526408.0,IBKR_TRADES,RTH,split_adjusted,traded_shares,2026-09-09T00:39:13.631182+00:00,4
2023-05-09 13:30:00,QQQ,322.0,322.88,321.5,321.6,10594299.0,IBKR_TRADES,RTH,split_adjusted,traded_shares,2026-09-09T00:39:13.631182+00:00,4
2023-05-09 16:00:00,QQQ,321.58,322.33,321.32,321.59,13298893.0,IBKR_TRADES,RTH,split_adjusted,traded_shares,2026-09-09T00:39:13.631182+00:00,4
2023-05-10 13:30:00,QQQ,324.11,325.72,322.46,324.13,22141546.0,IBKR_TRADES,RTH,split_adjusted,traded_shares,2026-09-09T00:39:13.631182+00:00,4
2023-05-10 16:00:00,QQQ,324.11,326.01,321.6,325.15,22362140.0,IBKR_TRADES,RTH,split_adjusted,traded_shares,2026-09-09T00:39:13.631182+00:00,4
2023-05-11 13:30:00,QQQ,325.7,326.27,324.12,326.06,15737053.0,IBKR_TRADES,RTH,split_adjusted,traded_shares,2026-09-09T00:39:13.631182+00:00,4
2023-05-11 16:00:00,QQQ,326.07,326.75,324.91,326.19,14683970.0,IBKR_TRADES,RTH,split_adjusted,traded_shares,2026-09-09T00:39:13.631182+00:00,4
2023-05-12 13:30:00,QQQ,326.7,327.17,324.3,325.21,12946280.0,IBKR_TRADES,RTH,split_adjusted,traded_shares,2026-09-09T00:39:13.631182+00:00,4
2023-05-12 16:00:00,QQQ,325.2,325.25,322.94,325.03,18324548.0,IBKR_TRADES,RTH,split_adjusted,traded_shares,2026-09-09T00:39:13.631182+00:00,4
2023-05-15 13:30:00,QQQ,325.52,326.29,323.96,326.25,11326127.0,IBKR_TRADES,RTH,split_adjusted,traded_shares,2026-09-09T00:39:13.631182+00:00,4
2023-05-15 16:00:00,QQQ,326.26,327.03,325.57,326.86,12971852.0,IBKR_TRADES,RTH,split_adjusted,traded_shares,2026-09-09T00:39:13.631182+00:00,4
2023-05-16 13:30:00,QQQ,326.06,328.74,326.02,328.68,14305054.0,IBKR_TRADES,RTH,split_adjusted,traded_shares,2026-09-09T00:39:13.631182+00:00,4
2023-05-16 16:00:00,QQQ,328.69,328.91,327.13,327.14,14510850.0,IBKR_TRADES,RTH,split_adjusted,traded_shares,2026-09-09T00:39:13.631182+00:00,4
2023-05-17 13:30:00,QQQ,328.24,329.14,327.04,328.96,13674526.0,IBKR_TRADES,RTH,split_adjusted,traded_shares,2026-09-09T00:39:13.631182+00:00,4
2023-05-17 16:00:00,QQQ,328.96,331.71,328.56,331.17,21248900.0,IBKR_TRADES,RTH,split_adjusted,traded_shares,2026-09-09T00:39:13.631182+00:00,4
2023-05-18 13:30:00,QQQ,331.52,336.4,331.5,335.64,22553874.0,IBKR_TRADES,RTH,split_adjusted,traded_shares,2026-09-09T00:39:13.631182+00:00,4
2023-05-18 16:00:00,QQQ,335.64,337.49,334.0,337.23,25526202.0,IBKR_TRADES,RTH,split_adjusted,traded_shares,2026-09-09T00:39:13.631182+00:00,4
2023-05-19 13:30:00,QQQ,337.49,338.21,335.59,336.57,20969363.0,IBKR_TRADES,RTH,split_adjusted,traded_shares,2026-09-09T00:39:13.631182+00:00,4
2023-05-19 16:00:00,QQQ,336.58,336.91,335.43,336.46,18427648.0,IBKR_TRADES,RTH,split_adjusted,traded_shares,2026-09-09T00:39:13.631182+00:00,4
2023-05-22 13:30:00,QQQ,336.26,338.67,336.24,337.38,15205160.000000002,IBKR_TRADES,RTH,split_adjusted,traded_shares,2026-09-09T00:39:13.631182+00:00,4
2023-05-22 16:00:00,QQQ,337.38,338.56,336.81,337.66,13545631.0,IBKR_TRADES,RTH,split_adjusted,traded_shares,2026-09-09T00:39:13.631182+00:00,4
2023-05-23 13:30:00,QQQ,335.89,337.06,335.7,336.61,11964895.0,IBKR_TRADES,RTH,split_adjusted,traded_shares,2026-09-09T00:39:13.631182+00:00,4
2023-05-23 16:00:00,QQQ,336.6,336.82,333.0,333.32,23815869.0,IBKR_TRADES,RTH,split_adjusted,traded_shares,2026-09-09T00:39:13.631182+00:00,4
2023-05-24 13:30:00,QQQ,331.37,332.19,329.56,330.29,19275349.0,IBKR_TRADES,RTH,split_adjusted,traded_shares,2026-09-09T00:39:13.631182+00:00,4
2023-05-24 16:00:00,QQQ,330.29,332.91,329.78,331.65,20258184.0,IBKR_TRADES,RTH,split_adjusted,traded_shares,2026-09-09T00:39:13.631182+00:00,4
2023-05-25 13:30:00,QQQ,339.16,339.92,336.66,338.88,25566953.0,IBKR_TRADES,RTH,split_adjusted,traded_shares,2026-09-09T00:39:13.631182+00:00,4
2023-05-25 16:00:00,QQQ,338.89,341.01,338.84,339.73,24166278.0,IBKR_TRADES,RTH,split_adjusted,traded_shares,2026-09-09T00:39:13.631182+00:00,4
2023-05-26 13:30:00,QQQ,340.76,347.61,340.66,347.25,23199057.0,IBKR_TRADES,RTH,split_adjusted,traded_shares,2026-09-09T00:39:13.631182+00:00,4
2023-05-26 16:00:00,QQQ,347.25,349.25,347.09,348.41,20389112.0,IBKR_TRADES,RTH,split_adjusted,traded_shares,2026-09-09T00:39:13.631182+00:00,4
2023-05-30 13:30:00,QQQ,352.71,353.93,350.06,351.46,28009706.0,IBKR_TRADES,RTH,split_adjusted,traded_shares,2026-09-09T00:39:13.631182+00:00,4
2023-05-30 16:00:00,QQQ,351.46,351.55,348.53,349.95,22177909.0,IBKR_TRADES,RTH,split_adjusted,traded_shares,2026-09-09T00:39:13.631182+00:00,4
2023-05-31 13:30:00,QQQ,348.37,350.6,346.51,347.45,18815833.0,IBKR_TRADES,RTH,split_adjusted,traded_shares,2026-09-09T00:39:13.631182+00:00,4
2023-05-31 16:00:00,QQQ,347.46,349.23,346.53,347.66,24015414.0,IBKR_TRADES,RTH,split_adjusted,traded_shares,2026-09-09T00:39:13.631182+00:00,4
2023-06-01 13:30:00,QQQ,347.73,350.82,346.66,350.81,16222349.000000002,IBKR_TRADES,RTH,split_adjusted,traded_shares,2026-09-09T00:39:13.631182+00:00,4
2023-06-01 16:00:00,QQQ,350.81,353.36,350.8,352.05,19567619.0,IBKR_TRADES,RTH,split_adjusted,traded_shares,2026-09-09T00:39:13.631182+00:00,4
2023-06-02 13:30:00,QQQ,353.76,355.83,352.01,354.85,20061745.0,IBKR_TRADES,RTH,split_adjusted,traded_shares,2026-09-09T00:39:13.631182+00:00,4
2023-06-02 16:00:00,QQQ,354.86,355.36,353.88,354.69,15797030.0,IBKR_TRADES,RTH,split_adjusted,traded_shares,2026-09-09T00:39:13.631182+00:00,4
2023-06-05 13:30:00,QQQ,354.43,357.34,354.43,356.88,15312480.0,IBKR_TRADES,RTH,split_adjusted,traded_shares,2026-09-09T00:39:13.631182+00:00,4
2023-06-05 16:00:00,QQQ,356.89,357.5,353.85,354.9,19566191.0,IBKR_TRADES,RTH,split_adjusted,traded_shares,2026-09-09T00:39:13.631182+00:00,4
2023-06-06 13:30:00,QQQ,354.29,355.62,352.93,355.51,15770253.000000002,IBKR_TRADES,RTH,split_adjusted,traded_shares,2026-09-09T00:39:13.631182+00:00,4
2023-06-06 16:00:00,QQQ,355.52,355.82,353.49,354.86,15790428.0,IBKR_TRADES,RTH,split_adjusted,traded_shares,2026-09-09T00:39:13.631182+00:00,4
2023-06-07 13:30:00,QQQ,355.13,357.12,351.07,351.2,21073919.0,IBKR_TRADES,RTH,split_adjusted,traded_shares,2026-09-09T00:39:13.631182+00:00,4
2023-06-07 16:00:00,QQQ,351.2,351.84,348.18,348.8,29333336.0,IBKR_TRADES,RTH,split_adjusted,traded_shares,2026-09-09T00:39:13.631182+00:00,4
2023-06-08 13:30:00,QQQ,349.12,353.41,348.89,352.93,17026315.0,IBKR_TRADES,RTH,split_adjusted,traded_shares,2026-09-09T00:39:13.631182+00:00,4
2023-06-08 16:00:00,QQQ,352.93,353.62,351.13,353.06,16313542.000000002,IBKR_TRADES,RTH,split_adjusted,traded_shares,2026-09-09T00:39:13.631182+00:00,4
2023-06-09 13:30:00,QQQ,354.63,357.66,353.89,353.9,21204278.0,IBKR_TRADES,RTH,split_adjusted,traded_shares,2026-09-09T00:39:13.631182+00:00,4
2023-06-09 16:00:00,QQQ,353.92,355.91,353.03,354.49,16399914.0,IBKR_TRADES,RTH,split_adjusted,traded_shares,2026-09-09T00:39:13.631182+00:00,4
2023-06-12 13:30:00,QQQ,356.19,357.42,355.2,357.28,12071192.0,IBKR_TRADES,RTH,split_adjusted,traded_shares,2026-09-09T00:39:13.631182+00:00,4
2023-06-12 16:00:00,QQQ,357.28,360.59,356.82,360.53,16531444.999999998,IBKR_TRADES,RTH,split_adjusted,traded_shares,2026-09-09T00:39:13.631182+00:00,4
2023-06-13 13:30:00,QQQ,363.29,364.11,360.03,362.23,18590438.0,IBKR_TRADES,RTH,split_adjusted,traded_shares,2026-09-09T00:39:13.631182+00:00,4
2023-06-13 16:00:00,QQQ,362.25,363.71,361.26,363.26,18664214.0,IBKR_TRADES,RTH,split_adjusted,traded_shares,2026-09-09T00:39:13.631182+00:00,4
2023-06-14 13:30:00,QQQ,363.27,366.19,362.26,365.19,12904909.0,IBKR_TRADES,RTH,split_adjusted,traded_shares,2026-09-09T00:39:13.631182+00:00,4
2023-06-14 16:00:00,QQQ,365.18,366.16,360.42,365.9,31884769.999999996,IBKR_TRADES,RTH,split_adjusted,traded_shares,2026-09-09T00:39:13.631182+00:00,4
2023-06-15 13:30:00,QQQ,364.61,369.02,363.98,368.58,19190149.0,IBKR_TRADES,RTH,split_adjusted,traded_shares,2026-09-09T00:39:13.631182+00:00,4
2023-06-15 16:00:00,QQQ,368.58,371.77,367.51,370.25,26975441.0,IBKR_TRADES,RTH,split_adjusted,traded_shares,2026-09-09T00:39:13.631182+00:00,4
2023-06-16 13:30:00,QQQ,372.72,372.85,369.13,370.31,19030495.0,IBKR_TRADES,RTH,split_adjusted,traded_shares,2026-09-09T00:39:13.631182+00:00,4
2023-06-16 16:00:00,QQQ,370.33,371.31,367.48,367.88,20842849.0,IBKR_TRADES,RTH,split_adjusted,traded_shares,2026-09-09T00:39:13.631182+00:00,4
2023-06-20 13:30:00,QQQ,365.98,368.32,363.88,364.82,16048953.999999998,IBKR_TRADES,RTH,split_adjusted,traded_shares,2026-09-09T00:39:13.631182+00:00,4
2023-06-20 16:00:00,QQQ,364.81,367.74,364.66,366.93,15673372.000000002,IBKR_TRADES,RTH,split_adjusted,traded_shares,2026-09-09T00:39:13.631182+00:00,4
2023-06-21 13:30:00,QQQ,365.73,366.18,360.96,361.61,16602366.0,IBKR_TRADES,RTH,split_adjusted,traded_shares,2026-09-09T00:39:13.631182+00:00,4
2023-06-21 16:00:00,QQQ,361.61,364.52,361.53,362.02,17995349.0,IBKR_TRADES,RTH,split_adjusted,traded_shares,2026-09-09T00:39:13.631182+00:00,4
2023-06-22 13:30:00,QQQ,360.64,365.45,360.22,364.9,16495185.0,IBKR_TRADES,RTH,split_adjusted,traded_shares,2026-09-09T00:39:13.631182+00:00,4
2023-06-22 16:00:00,QQQ,364.91,366.33,363.08,366.2,16050215.0,IBKR_TRADES,RTH,split_adjusted,traded_shares,2026-09-09T00:39:13.631182+00:00,4
2023-06-23 13:30:00,QQQ,362.21,363.3,360.82,362.55,15312713.999999998,IBKR_TRADES,RTH,split_adjusted,traded_shares,2026-09-09T00:39:13.631182+00:00,4
2023-06-23 16:00:00,QQQ,362.55,364.88,361.89,362.55,18107549.0,IBKR_TRADES,RTH,split_adjusted,traded_shares,2026-09-09T00:39:13.631182+00:00,4
2023-06-26 13:30:00,QQQ,362.0,364.84,360.67,361.51,14304899.0,IBKR_TRADES,RTH,split_adjusted,traded_shares,2026-09-09T00:39:13.631182+00:00,4
2023-06-26 16:00:00,QQQ,361.5,361.53,357.59,357.71,22534874.0,IBKR_TRADES,RTH,split_adjusted,traded_shares,2026-09-09T00:39:13.631182+00:00,4
2023-06-27 13:30:00,QQQ,359.25,361.67,358.51,361.41,14250880.0,IBKR_TRADES,RTH,split_adjusted,traded_shares,2026-09-09T00:39:13.631182+00:00,4
2023-06-27 16:00:00,QQQ,361.42,364.57,361.25,363.85,18706608.0,IBKR_TRADES,RTH,split_adjusted,traded_shares,2026-09-09T00:39:13.631182+00:00,4
2023-06-28 13:30:00,QQQ,361.99,366.22,361.9,365.68,15762411.999999998,IBKR_TRADES,RTH,split_adjusted,traded_shares,2026-09-09T00:39:13.631182+00:00,4
2023-06-28 16:00:00,QQQ,365.67,366.52,362.69,364.57,19755943.0,IBKR_TRADES,RTH,split_adjusted,traded_shares,2026-09-09T00:39:13.631182+00:00,4
2023-06-29 13:30:00,QQQ,364.24,364.89,362.14,364.38,15386959.0,IBKR_TRADES,RTH,split_adjusted,traded_shares,2026-09-09T00:39:13.631182+00:00,4
2023-06-29 16:00:00,QQQ,364.38,364.78,362.28,363.85,15309027.0,IBKR_TRADES,RTH,split_adjusted,traded_shares,2026-09-09T00:39:13.631182+00:00,4
2023-06-30 13:30:00,QQQ,367.55,370.49,367.23,368.97,20497412.0,IBKR_TRADES,RTH,split_adjusted,traded_shares,2026-09-09T00:39:13.631182+00:00,4
2023-06-30 16:00:00,QQQ,368.98,370.36,368.75,369.42,17042090.0,IBKR_TRADES,RTH,split_adjusted,traded_shares,2026-09-09T00:39:13.631182+00:00,4
2023-07-03 13:30:00,QQQ,370.07,370.93,368.97,369.31,11114809.0,IBKR_TRADES,RTH,split_adjusted,traded_shares,2026-09-09T00:39:13.631182+00:00,4
2023-07-03 16:00:00,QQQ,369.3,370.39,369.18,370.34,3983581.0,IBKR_TRADES,RTH,split_adjusted,traded_shares,2026-09-09T00:39:13.631182+00:00,4
2023-07-05 13:30:00,QQQ,368.69,372.01,368.66,370.09,13027170.0,IBKR_TRADES,RTH,split_adjusted,traded_shares,2026-09-09T00:39:13.631182+00:00,4
2023-07-05 16:00:00,QQQ,370.09,371.05,369.42,370.28,13238754.0,IBKR_TRADES,RTH,split_adjusted,traded_shares,2026-09-09T00:39:13.631182+00:00,4
2023-07-06 13:30:00,QQQ,366.53,366.96,364.52,365.67,19234423.0,IBKR_TRADES,RTH,split_adjusted,traded_shares,2026-09-09T00:39:13.631182+00:00,4
2023-07-06 16:00:00,QQQ,365.68,367.91,365.65,367.47,15208241.999999998,IBKR_TRADES,RTH,split_adjusted,traded_shares,2026-09-09T00:39:13.631182+00:00,4
2023-07-07 13:30:00,QQQ,367.23,368.62,366.21,368.6,12993949.0,IBKR_TRADES,RTH,split_adjusted,traded_shares,2026-09-09T00:39:13.631182+00:00,4
2023-07-07 16:00:00,QQQ,368.6,370.48,366.01,366.25,19906277.0,IBKR_TRADES,RTH,split_adjusted,traded_shares,2026-09-09T00:39:13.631182+00:00,4
2023-07-10 13:30:00,QQQ,365.96,367.05,363.93,364.67,16358184.999999998,IBKR_TRADES,RTH,split_adjusted,traded_shares,2026-09-09T00:39:13.631182+00:00,4
2023-07-10 16:00:00,QQQ,364.67,366.51,363.41,366.46,15361792.000000002,IBKR_TRADES,RTH,split_adjusted,traded_shares,2026-09-09T00:39:13.631182+00:00,4
2023-07-11 13:30:00,QQQ,366.79,367.63,364.62,367.63,14428395.0,IBKR_TRADES,RTH,split_adjusted,traded_shares,2026-09-09T00:39:13.631182+00:00,4
2023-07-11 16:00:00,QQQ,367.62,368.64,365.72,368.16,15036351.0,IBKR_TRADES,RTH,split_adjusted,traded_shares,2026-09-09T00:39:13.631182+00:00,4
2023-07-12 13:30:00,QQQ,372.34,374.19,370.3,370.71,22853791.0,IBKR_TRADES,RTH,split_adjusted,traded_shares,2026-09-09T00:39:13.631182+00:00,4
2023-07-12 16:00:00,QQQ,370.7,373.5,370.43,372.89,20215329.0,IBKR_TRADES,RTH,split_adjusted,traded_shares,2026-09-09T00:39:13.631182+00:00,4
2023-07-13 13:30:00,QQQ,376.05,377.41,375.46,377.33,15442264.000000002,IBKR_TRADES,RTH,split_adjusted,traded_shares,2026-09-09T00:39:13.631182+00:00,4
2023-07-13 16:00:00,QQQ,377.32,379.99,377.18,379.16,19366433.0,IBKR_TRADES,RTH,split_adjusted,traded_shares,2026-09-09T00:39:13.631182+00:00,4
2023-07-14 13:30:00,QQQ,379.59,382.86,379.58,381.86,19709944.0,IBKR_TRADES,RTH,split_adjusted,traded_shares,2026-09-09T00:39:13.631182+00:00,4
2023-07-14 16:00:00,QQQ,381.87,381.9,378.18,379.1,19666323.0,IBKR_TRADES,RTH,split_adjusted,traded_shares,2026-09-09T00:39:13.631182+00:00,4
2023-07-17 13:30:00,QQQ,379.8,381.77,379.31,381.68,14064213.0,IBKR_TRADES,RTH,split_adjusted,traded_shares,2026-09-09T00:39:13.631182+00:00,4
2023-07-17 16:00:00,QQQ,381.68,383.5,380.56,382.6,14291311.0,IBKR_TRADES,RTH,split_adjusted,traded_shares,2026-09-09T00:39:13.631182+00:00,4
2023-07-18 13:30:00,QQQ,381.95,383.73,380.0,383.56,18512665.0,IBKR_TRADES,RTH,split_adjusted,traded_shares,2026-09-09T00:39:13.631182+00:00,4
2023-07-18 16:00:00,QQQ,383.56,387.13,383.22,385.76,23126028.0,IBKR_TRADES,RTH,split_adjusted,traded_shares,2026-09-09T00:39:13.631182+00:00,4
2023-07-19 13:30:00,QQQ,386.82,387.66,385.79,387.09,15816375.999999998,IBKR_TRADES,RTH,split_adjusted,traded_shares,2026-09-09T00:39:13.631182+00:00,4
2023-07-19 16:00:00,QQQ,387.07,387.98,384.3,385.4,22850659.0,IBKR_TRADES,RTH,split_adjusted,traded_shares,2026-09-09T00:39:13.631182+00:00,4
2023-07-20 13:30:00,QQQ,382.61,384.1,379.36,380.46,22502660.0,IBKR_TRADES,RTH,split_adjusted,traded_shares,2026-09-09T00:39:13.631182+00:00,4
2023-07-20 16:00:00,QQQ,380.47,381.39,375.72,376.68,28985312.0,IBKR_TRADES,RTH,split_adjusted,traded_shares,2026-09-09T00:39:13.631182+00:00,4
2023-07-21 13:30:00,QQQ,379.18,379.92,375.81,377.26,19521058.0,IBKR_TRADES,RTH,split_adjusted,traded_shares,2026-09-09T00:39:13.631182+00:00,4
2023-07-21 16:00:00,QQQ,377.27,378.37,375.19,375.57,20658034.0,IBKR_TRADES,RTH,split_adjusted,traded_shares,2026-09-09T00:39:13.631182+00:00,4
2023-07-24 13:30:00,QQQ,376.62,377.58,374.34,376.21,15561735.0,IBKR_TRADES,RTH,split_adjusted,traded_shares,2026-09-09T00:39:13.631182+00:00,4
2023-07-24 16:00:00,QQQ,376.21,377.06,375.32,376.24,11842167.0,IBKR_TRADES,RTH,split_adjusted,traded_shares,2026-09-09T00:39:13.631182+00:00,4
2023-07-25 13:30:00,QQQ,376.95,379.25,376.93,378.85,10291266.0,IBKR_TRADES,RTH,split_adjusted,traded_shares,2026-09-09T00:39:13.631182+00:00,4
2023-07-25 16:00:00,QQQ,378.85,380.47,378.51,378.86,13391827.0,IBKR_TRADES,RTH,split_adjusted,traded_shares,2026-09-09T00:39:13.631182+00:00,4
2023-07-26 13:30:00,QQQ,377.72,378.21,375.18,376.9,12970961.0,IBKR_TRADES,RTH,split_adjusted,traded_shares,2026-09-09T00:39:13.631182+00:00,4
2023-07-26 16:00:00,QQQ,376.91,379.24,375.31,377.55,21709974.0,IBKR_TRADES,RTH,split_adjusted,traded_shares,2026-09-09T00:39:13.631182+00:00,4
2023-07-27 13:30:00,QQQ,383.07,384.71,381.31,382.0,17824304.0,IBKR_TRADES,RTH,split_adjusted,traded_shares,2026-09-09T00:39:13.631182+00:00,4
2023-07-27 16:00:00,QQQ,382.01,383.57,375.31,376.54,27662864.0,IBKR_TRADES,RTH,split_adjusted,traded_shares,2026-09-09T00:39:13.631182+00:00,4
2023-07-28 13:30:00,QQQ,380.74,384.52,380.22,384.49,16591305.0,IBKR_TRADES,RTH,split_adjusted,traded_shares,2026-09-09T00:39:13.631182+00:00,4
2023-07-28 16:00:00,QQQ,384.49,384.49,381.61,383.48,20417850.0,IBKR_TRADES,RTH,split_adjusted,traded_shares,2026-09-09T00:39:13.631182+00:00,4
2023-07-31 13:30:00,QQQ,383.79,384.88,382.49,383.42,14153917.0,IBKR_TRADES,RTH,split_adjusted,traded_shares,2026-09-09T00:39:13.631182+00:00,4
2023-07-31 16:00:00,QQQ,383.42,383.85,382.34,383.85,14140712.0,IBKR_TRADES,RTH,split_adjusted,traded_shares,2026-09-09T00:39:13.631182+00:00,4
2023-08-01 13:30:00,QQQ,382.31,383.28,380.69,382.93,15470953.999999998,IBKR_TRADES,RTH,split_adjusted,traded_shares,2026-09-09T00:39:13.631182+00:00,4
2023-08-01 16:00:00,QQQ,382.92,383.56,381.88,382.8,11196479.0,IBKR_TRADES,RTH,split_adjusted,traded_shares,2026-09-09T00:39:13.631182+00:00,4
2023-08-02 13:30:00,QQQ,379.24,379.26,373.95,373.96,23937234.0,IBKR_TRADES,RTH,split_adjusted,traded_shares,2026-09-09T00:39:13.631182+00:00,4
2023-08-02 16:00:00,QQQ,373.97,375.55,373.13,374.4,24393134.0,IBKR_TRADES,RTH,split_adjusted,traded_shares,2026-09-09T00:39:13.631182+00:00,4
2023-08-03 13:30:00,QQQ,371.94,375.03,371.77,374.22,17013866.0,IBKR_TRADES,RTH,split_adjusted,traded_shares,2026-09-09T00:39:13.631182+00:00,4
2023-08-03 16:00:00,QQQ,374.22,375.95,373.35,373.78,14610468.0,IBKR_TRADES,RTH,split_adjusted,traded_shares,2026-09-09T00:39:13.631182+00:00,4
2023-08-04 13:30:00,QQQ,375.75,377.47,372.88,377.17,18522545.0,IBKR_TRADES,RTH,split_adjusted,traded_shares,2026-09-09T00:39:13.631182+00:00,4
2023-08-04 16:00:00,QQQ,377.14,378.1,371.53,372.01,24665588.0,IBKR_TRADES,RTH,split_adjusted,traded_shares,2026-09-09T00:39:13.631182+00:00,4
2023-08-07 13:30:00,QQQ,373.89,374.85,371.51,373.44,14031857.0,IBKR_TRADES,RTH,split_adjusted,traded_shares,2026-09-09T00:39:13.631182+00:00,4
2023-08-07 16:00:00,QQQ,373.46,375.29,372.88,375.19,11268014.0,IBKR_TRADES,RTH,split_adjusted,traded_shares,2026-09-09T00:39:13.631182+00:00,4
2023-08-08 13:30:00,QQQ,372.65,372.66,368.82,369.18,17939670.0,IBKR_TRADES,RTH,split_adjusted,traded_shares,2026-09-09T00:39:13.631182+00:00,4
2023-08-08 16:00:00,QQQ,369.19,372.45,369.05,371.94,14832879.0,IBKR_TRADES,RTH,split_adjusted,traded_shares,2026-09-09T00:39:13.631182+00:00,4
2023-08-09 13:30:00,QQQ,372.29,372.45,367.14,367.61,16014768.0,IBKR_TRADES,RTH,split_adjusted,traded_shares,2026-09-09T00:39:13.631182+00:00,4
2023-08-09 16:00:00,QQQ,367.61,370.97,367.5,367.87,20227653.0,IBKR_TRADES,RTH,split_adjusted,traded_shares,2026-09-09T00:39:13.631182+00:00,4
2023-08-10 13:30:00,QQQ,370.97,374.36,368.76,369.5,22400411.0,IBKR_TRADES,RTH,split_adjusted,traded_shares,2026-09-09T00:39:13.631182+00:00,4
2023-08-10 16:00:00,QQQ,369.49,370.52,367.03,368.56,21906543.0,IBKR_TRADES,RTH,split_adjusted,traded_shares,2026-09-09T00:39:13.631182+00:00,4
2023-08-11 13:30:00,QQQ,365.99,368.0,364.69,365.81,17803125.0,IBKR_TRADES,RTH,split_adjusted,traded_shares,2026-09-09T00:39:13.631182+00:00,4
2023-08-11 16:00:00,QQQ,365.79,367.1,365.04,366.21,16581250.0,IBKR_TRADES,RTH,split_adjusted,traded_shares,2026-09-09T00:39:13.631182+00:00,4
2023-08-14 13:30:00,QQQ,365.44,369.83,364.7,368.97,15578423.0,IBKR_TRADES,RTH,split_adjusted,traded_shares,2026-09-09T00:39:13.631182+00:00,4
2023-08-14 16:00:00,QQQ,368.98,370.47,368.0,370.47,14497510.0,IBKR_TRADES,RTH,split_adjusted,traded_shares,2026-09-09T00:39:13.631182+00:00,4
2023-08-15 13:30:00,QQQ,369.36,370.17,366.53,368.63,15670719.0,IBKR_TRADES,RTH,split_adjusted,traded_shares,2026-09-09T00:39:13.631182+00:00,4
2023-08-15 16:00:00,QQQ,368.64,368.93,365.74,366.42,14307234.0,IBKR_TRADES,RTH,split_adjusted,traded_shares,2026-09-09T00:39:13.631182+00:00,4
2023-08-16 13:30:00,QQQ,365.87,367.43,364.77,365.02,12901088.0,IBKR_TRADES,RTH,split_adjusted,traded_shares,2026-09-09T00:39:13.631182+00:00,4
2023-08-16 16:00:00,QQQ,365.02,366.04,362.44,362.48,26199476.0,IBKR_TRADES,RTH,split_adjusted,traded_shares,2026-09-09T00:39:13.631182+00:00,4
2023-08-17 13:30:00,QQQ,363.95,364.31,360.65,361.81,18789552.0,IBKR_TRADES,RTH,split_adjusted,traded_shares,2026-09-09T00:39:13.631182+00:00,4
2023-08-17 16:00:00,QQQ,361.82,363.07,358.16,358.59,27075140.0,IBKR_TRADES,RTH,split_adjusted,traded_shares,2026-09-09T00:39:13.631182+00:00,4
2023-08-18 13:30:00,QQQ,355.26,357.93,354.71,357.8,21126888.0,IBKR_TRADES,RTH,split_adjusted,traded_shares,2026-09-09T00:39:13.631182+00:00,4
2023-08-18 16:00:00,QQQ,357.8,359.41,356.12,358.14,21147203.0,IBKR_TRADES,RTH,split_adjusted,traded_shares,2026-09-09T00:39:13.631182+00:00,4
2023-08-21 13:30:00,QQQ,359.6,362.61,359.15,359.66,16043900.0,IBKR_TRADES,RTH,split_adjusted,traded_shares,2026-09-09T00:39:13.631182+00:00,4
2023-08-21 16:00:00,QQQ,359.65,364.59,359.58,363.96,20205896.0,IBKR_TRADES,RTH,split_adjusted,traded_shares,2026-09-09T00:39:13.631182+00:00,4
2023-08-22 13:30:00,QQQ,366.55,366.56,363.58,363.94,14259975.0,IBKR_TRADES,RTH,split_adjusted,traded_shares,2026-09-09T00:39:13.631182+00:00,4
2023-08-22 16:00:00,QQQ,363.95,364.57,362.68,363.37,16355934.999999998,IBKR_TRADES,RTH,split_adjusted,traded_shares,2026-09-09T00:39:13.631182+00:00,4
2023-08-23 13:30:00,QQQ,364.56,369.34,364.36,369.2,16148795.0,IBKR_TRADES,RTH,split_adjusted,traded_shares,2026-09-09T00:39:13.631182+00:00,4
2023-08-23 16:00:00,QQQ,369.2,370.22,368.43,369.17,15387197.999999998,IBKR_TRADES,RTH,split_adjusted,traded_shares,2026-09-09T00:39:13.631182+00:00,4
2023-08-24 13:30:00,QQQ,372.64,372.74,363.18,363.37,27046109.0,IBKR_TRADES,RTH,split_adjusted,traded_shares,2026-09-09T00:39:13.631182+00:00,4
2023-08-24 16:00:00,QQQ,363.38,365.51,361.01,361.11,23818868.0,IBKR_TRADES,RTH,split_adjusted,traded_shares,2026-09-09T00:39:13.631182+00:00,4
2023-08-25 13:30:00,QQQ,362.07,365.74,358.58,359.9,29290594.0,IBKR_TRADES,RTH,split_adjusted,traded_shares,2026-09-09T00:39:13.631182+00:00,4
2023-08-25 16:00:00,QQQ,359.85,365.24,359.8,364.07,24111256.0,IBKR_TRADES,RTH,split_adjusted,traded_shares,2026-09-09T00:39:13.631182+00:00,4
2023-08-28 13:30:00,QQQ,366.99,367.71,364.25,365.04,15772750.999999998,IBKR_TRADES,RTH,split_adjusted,traded_shares,2026-09-09T00:39:13.631182+00:00,4
2023-08-28 16:00:00,QQQ,365.03,367.3,364.49,366.85,17272509.0,IBKR_TRADES,RTH,split_adjusted,traded_shares,2026-09-09T00:39:13.631182+00:00,4
2023-08-29 13:30:00,QQQ,366.56,374.04,366.23,373.6,23202327.0,IBKR_TRADES,RTH,split_adjusted,traded_shares,2026-09-09T00:39:13.631182+00:00,4
2023-08-29 16:00:00,QQQ,373.6,375.13,373.23,374.73,20908216.0,IBKR_TRADES,RTH,split_adjusted,traded_shares,2026-09-09T00:39:13.631182+00:00,4
2023-08-30 13:30:00,QQQ,374.89,377.07,373.86,376.79,16003280.999999998,IBKR_TRADES,RTH,split_adjusted,traded_shares,2026-09-09T00:39:13.631182+00:00,4
2023-08-30 16:00:00,QQQ,376.79,377.45,375.69,376.93,15337017.0,IBKR_TRADES,RTH,split_adjusted,traded_shares,2026-09-09T00:39:13.631182+00:00,4
2023-08-31 13:30:00,QQQ,376.94,379.72,376.86,378.7,12005300.0,IBKR_TRADES,RTH,split_adjusted,traded_shares,2026-09-09T00:39:13.631182+00:00,4
2023-08-31 16:00:00,QQQ,378.7,379.43,376.96,377.9,13305053.0,IBKR_TRADES,RTH,split_adjusted,traded_shares,2026-09-09T00:39:13.631182+00:00,4
2023-09-01 13:30:00,QQQ,380.4,380.83,376.12,376.29,15638879.0,IBKR_TRADES,RTH,split_adjusted,traded_shares,2026-09-09T00:39:13.631182+00:00,4
2023-09-01 16:00:00,QQQ,376.27,377.83,376.08,377.67,11349594.0,IBKR_TRADES,RTH,split_adjusted,traded_shares,2026-09-09T00:39:13.631182+00:00,4
2023-09-05 13:30:00,QQQ,376.77,379.06,375.83,377.72,12407436.0,IBKR_TRADES,RTH,split_adjusted,traded_shares,2026-09-09T00:39:13.631182+00:00,4
2023-09-05 16:00:00,QQQ,377.7,379.31,377.62,378.06,11645554.0,IBKR_TRADES,RTH,split_adjusted,traded_shares,2026-09-09T00:39:13.631182+00:00,4
2023-09-06 13:30:00,QQQ,377.28,377.63,373.61,374.22,15925820.999999998,IBKR_TRADES,RTH,split_adjusted,traded_shares,2026-09-09T00:39:13.631182+00:00,4
2023-09-06 16:00:00,QQQ,374.22,374.96,372.7,374.8,17430406.0,IBKR_TRADES,RTH,split_adjusted,traded_shares,2026-09-09T00:39:13.631182+00:00,4
2023-09-07 13:30:00,QQQ,370.19,372.15,369.15,370.31,18704248.0,IBKR_TRADES,RTH,split_adjusted,traded_shares,2026-09-09T00:39:13.631182+00:00,4
2023-09-07 16:00:00,QQQ,370.31,372.85,370.19,372.03,16472135.0,IBKR_TRADES,RTH,split_adjusted,traded_shares,2026-09-09T00:39:13.631182+00:00,4
2023-09-08 13:30:00,QQQ,372.01,374.85,371.92,373.66,13284645.0,IBKR_TRADES,RTH,split_adjusted,traded_shares,2026-09-09T00:39:13.631182+00:00,4
2023-09-08 16:00:00,QQQ,373.67,374.2,371.6,372.55,12716677.0,IBKR_TRADES,RTH,split_adjusted,traded_shares,2026-09-09T00:39:13.631182+00:00,4
2023-09-11 13:30:00,QQQ,375.66,376.31,373.66,374.37,13931368.0,IBKR_TRADES,RTH,split_adjusted,traded_shares,2026-09-09T00:39:13.631182+00:00,4
2023-09-11 16:00:00,QQQ,374.39,377.49,374.23,376.96,13665777.0,IBKR_TRADES,RTH,split_adjusted,traded_shares,2026-09-09T00:39:13.631182+00:00,4
2023-09-12 13:30:00,QQQ,375.28,376.68,373.3,374.17,12403955.0,IBKR_TRADES,RTH,split_adjusted,traded_shares,2026-09-09T00:39:13.631182+00:00,4
2023-09-12 16:00:00,QQQ,374.18,375.64,372.5,372.81,15954716.0,IBKR_TRADES,RTH,split_adjusted,traded_shares,2026-09-09T00:39:13.631182+00:00,4
2023-09-13 13:30:00,QQQ,373.03,375.45,371.88,374.91,14953674.0,IBKR_TRADES,RTH,split_adjusted,traded_shares,2026-09-09T00:39:13.631182+00:00,4
2023-09-13 16:00:00,QQQ,374.91,375.84,373.16,374.25,15621023.0,IBKR_TRADES,RTH,split_adjusted,traded_shares,2026-09-09T00:39:13.631182+00:00,4
2023-09-14 13:30:00,QQQ,375.97,377.78,373.89,377.43,16046359.000000002,IBKR_TRADES,RTH,split_adjusted,traded_shares,2026-09-09T00:39:13.631182+00:00,4
2023-09-14 16:00:00,QQQ,377.42,378.27,376.77,377.28,14368526.0,IBKR_TRADES,RTH,split_adjusted,traded_shares,2026-09-09T00:39:13.631182+00:00,4
2023-09-15 13:30:00,QQQ,375.91,376.32,371.19,371.69,19531974.0,IBKR_TRADES,RTH,split_adjusted,traded_shares,2026-09-09T00:39:13.631182+00:00,4
2023-09-15 16:00:00,QQQ,371.7,372.51,369.86,370.66,22538579.0,IBKR_TRADES,RTH,split_adjusted,traded_shares,2026-09-09T00:39:13.631182+00:00,4
2023-09-18 13:30:00,QQQ,369.32,371.59,369.03,371.48,12868649.0,IBKR_TRADES,RTH,split_adjusted,traded_shares,2026-09-09T00:39:13.631182+00:00,4
2023-09-18 16:00:00,QQQ,371.48,371.79,369.85,370.65,11072512.0,IBKR_TRADES,RTH,split_adjusted,traded_shares,2026-09-09T00:39:13.631182+00:00,4
2023-09-19 13:30:00,QQQ,369.32,369.77,366.8,367.84,13052937.0,IBKR_TRADES,RTH,split_adjusted,traded_shares,2026-09-09T00:39:13.631182+00:00,4
2023-09-19 16:00:00,QQQ,367.85,370.63,367.05,369.87,14213782.0,IBKR_TRADES,RTH,split_adjusted,traded_shares,2026-09-09T00:39:13.631182+00:00,4
2023-09-20 13:30:00,QQQ,370.95,371.31,368.77,369.89,8741204.0,IBKR_TRADES,RTH,split_adjusted,traded_shares,2026-09-09T00:39:13.631182+00:00,4
2023-09-20 16:00:00,QQQ,369.89,370.28,364.46,364.54,26800792.0,IBKR_TRADES,RTH,split_adjusted,traded_shares,2026-09-09T00:39:13.631182+00:00,4
2023-09-21 13:30:00,QQQ,360.8,361.6,359.17,359.82,24568870.0,IBKR_TRADES,RTH,split_adjusted,traded_shares,2026-09-09T00:39:13.631182+00:00,4
2023-09-21 16:00:00,QQQ,359.81,361.12,357.69,357.77,25222996.0,IBKR_TRADES,RTH,split_adjusted,traded_shares,2026-09-09T00:39:13.631182+00:00,4
2023-09-22 13:30:00,QQQ,359.63,361.8,358.44,360.6,16764833.000000002,IBKR_TRADES,RTH,split_adjusted,traded_shares,2026-09-09T00:39:13.631182+00:00,4
2023-09-22 16:00:00,QQQ,360.6,361.68,357.59,357.94,20336262.0,IBKR_TRADES,RTH,split_adjusted,traded_shares,2026-09-09T00:39:13.631182+00:00,4
2023-09-25 13:30:00,QQQ,356.93,359.27,355.93,358.77,15699462.0,IBKR_TRADES,RTH,split_adjusted,traded_shares,2026-09-09T00:39:13.631182+00:00,4
2023-09-25 16:00:00,QQQ,358.76,359.7,357.38,359.66,14226977.0,IBKR_TRADES,RTH,split_adjusted,traded_shares,2026-09-09T00:39:13.631182+00:00,4
2023-09-26 13:30:00,QQQ,356.99,357.54,354.63,354.94,18949417.0,IBKR_TRADES,RTH,split_adjusted,traded_shares,2026-09-09T00:39:13.631182+00:00,4
2023-09-26 16:00:00,QQQ,354.95,356.03,353.21,354.22,21862983.0,IBKR_TRADES,RTH,split_adjusted,traded_shares,2026-09-09T00:39:13.631182+00:00,4
2023-09-27 13:30:00,QQQ,355.38,356.63,353.43,353.69,15206709.0,IBKR_TRADES,RTH,split_adjusted,traded_shares,2026-09-09T00:39:13.631182+00:00,4
2023-09-27 16:00:00,QQQ,353.69,356.98,351.36,355.13,27462552.0,IBKR_TRADES,RTH,split_adjusted,traded_shares,2026-09-09T00:39:13.631182+00:00,4
2023-09-28 13:30:00,QQQ,354.1,359.32,353.24,359.25,19639957.0,IBKR_TRADES,RTH,split_adjusted,traded_shares,2026-09-09T00:39:13.631182+00:00,4
2023-09-28 16:00:00,QQQ,359.27,360.17,356.92,358.05,20610561.0,IBKR_TRADES,RTH,split_adjusted,traded_shares,2026-09-09T00:39:13.631182+00:00,4
2023-09-29 13:30:00,QQQ,361.54,362.95,359.3,360.1,19875372.0,IBKR_TRADES,RTH,split_adjusted,traded_shares,2026-09-09T00:39:13.631182+00:00,4
2023-09-29 16:00:00,QQQ,360.1,360.67,357.02,358.34,25059729.0,IBKR_TRADES,RTH,split_adjusted,traded_shares,2026-09-09T00:39:13.631182+00:00,4
2023-10-02 13:30:00,QQQ,358.54,362.68,357.92,359.63,19955925.0,IBKR_TRADES,RTH,split_adjusted,traded_shares,2026-09-09T00:39:13.631182+00:00,4
2023-10-02 16:00:00,QQQ,359.64,361.32,358.34,361.3,18541562.0,IBKR_TRADES,RTH,split_adjusted,traded_shares,2026-09-09T00:39:13.631182+00:00,4
2023-10-03 13:30:00,QQQ,358.78,361.01,354.71,355.16,22925877.0,IBKR_TRADES,RTH,split_adjusted,traded_shares,2026-09-09T00:39:13.631182+00:00,4
2023-10-03 16:00:00,QQQ,355.17,356.51,353.27,354.89,24626203.0,IBKR_TRADES,RTH,split_adjusted,traded_shares,2026-09-09T00:39:13.631182+00:00,4
2023-10-04 13:30:00,QQQ,355.76,359.23,355.3,359.19,18850122.0,IBKR_TRADES,RTH,split_adjusted,traded_shares,2026-09-09T00:39:13.631182+00:00,4
2023-10-04 16:00:00,QQQ,359.17,360.61,357.0,359.77,20539098.0,IBKR_TRADES,RTH,split_adjusted,traded_shares,2026-09-09T00:39:13.631182+00:00,4
2023-10-05 13:30:00,QQQ,359.74,360.15,355.14,356.36,17158318.0,IBKR_TRADES,RTH,split_adjusted,traded_shares,2026-09-09T00:39:13.631182+00:00,4
2023-10-05 16:00:00,QQQ,356.37,359.68,356.19,358.66,16728108.999999998,IBKR_TRADES,RTH,split_adjusted,traded_shares,2026-09-09T00:39:13.631182+00:00,4
2023-10-06 13:30:00,QQQ,355.65,363.17,354.85,363.15,28611735.0,IBKR_TRADES,RTH,split_adjusted,traded_shares,2026-09-09T00:39:13.631182+00:00,4
2023-10-06 16:00:00,QQQ,363.15,365.91,362.46,364.69,26662334.0,IBKR_TRADES,RTH,split_adjusted,traded_shares,2026-09-09T00:39:13.631182+00:00,4
2023-10-09 13:30:00,QQQ,362.3,363.62,360.78,363.2,15364424.000000002,IBKR_TRADES,RTH,split_adjusted,traded_shares,2026-09-09T00:39:13.631182+00:00,4
2023-10-09 16:00:00,QQQ,363.2,367.11,363.06,366.56,19282303.0,IBKR_TRADES,RTH,split_adjusted,traded_shares,2026-09-09T00:39:13.631182+00:00,4
2023-10-10 13:30:00,QQQ,366.91,371.28,366.39,371.01,16038767.0,IBKR_TRADES,RTH,split_adjusted,traded_shares,2026-09-09T00:39:13.631182+00:00,4
2023-10-10 16:00:00,QQQ,371.0,371.09,368.18,368.53,20056391.0,IBKR_TRADES,RTH,split_adjusted,traded_shares,2026-09-09T00:39:13.631182+00:00,4
2023-10-11 13:30:00,QQQ,369.94,371.42,369.12,369.65,13007562.0,IBKR_TRADES,RTH,split_adjusted,traded_shares,2026-09-09T00:39:13.631182+00:00,4
2023-10-11 16:00:00,QQQ,369.64,371.38,368.19,371.2,14989879.0,IBKR_TRADES,RTH,split_adjusted,traded_shares,2026-09-09T00:39:13.631182+00:00,4
2023-10-12 13:30:00,QQQ,371.73,373.74,371.09,372.94,14451902.0,IBKR_TRADES,RTH,split_adjusted,traded_shares,2026-09-09T00:39:13.631182+00:00,4
2023-10-12 16:00:00,QQQ,372.95,373.56,367.5,369.85,23711015.0,IBKR_TRADES,RTH,split_adjusted,traded_shares,2026-09-09T00:39:13.631182+00:00,4
2023-10-13 13:30:00,QQQ,370.56,371.16,365.0,365.22,15837931.0,IBKR_TRADES,RTH,split_adjusted,traded_shares,2026-09-09T00:39:13.631182+00:00,4
2023-10-13 16:00:00,QQQ,365.21,367.19,363.86,365.25,24315228.0,IBKR_TRADES,RTH,split_adjusted,traded_shares,2026-09-09T00:39:13.631182+00:00,4
2023-10-16 13:30:00,QQQ,366.63,370.22,366.47,368.9,15650752.0,IBKR_TRADES,RTH,split_adjusted,traded_shares,2026-09-09T00:39:13.631182+00:00,4
2023-10-16 16:00:00,QQQ,368.9,370.48,367.5,369.48,16576251.0,IBKR_TRADES,RTH,split_adjusted,traded_shares,2026-09-09T00:39:13.631182+00:00,4
2023-10-17 13:30:00,QQQ,365.81,369.31,363.66,369.04,20975696.0,IBKR_TRADES,RTH,split_adjusted,traded_shares,2026-09-09T00:39:13.631182+00:00,4
2023-10-17 16:00:00,QQQ,369.04,369.92,366.75,368.26,18389869.0,IBKR_TRADES,RTH,split_adjusted,traded_shares,2026-09-09T00:39:13.631182+00:00,4
2023-10-18 13:30:00,QQQ,365.66,367.91,364.77,365.62,16440194.999999998,IBKR_TRADES,RTH,split_adjusted,traded_shares,2026-09-09T00:39:13.631182+00:00,4
2023-10-18 16:00:00,QQQ,365.65,366.78,362.02,363.09,25602733.0,IBKR_TRADES,RTH,split_adjusted,traded_shares,2026-09-09T00:39:13.631182+00:00,4
2023-10-19 13:30:00,QQQ,364.81,365.34,361.87,363.57,16736755.000000002,IBKR_TRADES,RTH,split_adjusted,traded_shares,2026-09-09T00:39:13.631182+00:00,4
2023-10-19 16:00:00,QQQ,363.59,366.02,359.16,359.95,39571496.0,IBKR_TRADES,RTH,split_adjusted,traded_shares,2026-09-09T00:39:13.631182+00:00,4
2023-10-20 13:30:00,QQQ,359.48,360.04,354.6,356.18,22570591.0,IBKR_TRADES,RTH,split_adjusted,traded_shares,2026-09-09T00:39:13.631182+00:00,4
2023-10-20 16:00:00,QQQ,356.19,358.06,354.37,354.62,25421913.0,IBKR_TRADES,RTH,split_adjusted,traded_shares,2026-09-09T00:39:13.631182+00:00,4
2023-10-23 13:30:00,QQQ,353.26,357.2,351.11,357.0,20349248.0,IBKR_TRADES,RTH,split_adjusted,traded_shares,2026-09-09T00:39:13.631182+00:00,4
2023-10-23 16:00:00,QQQ,357.0,359.26,355.51,355.67,22794499.0,IBKR_TRADES,RTH,split_adjusted,traded_shares,2026-09-09T00:39:13.631182+00:00,4
2023-10-24 13:30:00,QQQ,357.51,359.91,357.06,358.54,15957423.0,IBKR_TRADES,RTH,split_adjusted,traded_shares,2026-09-09T00:39:13.631182+00:00,4
2023-10-24 16:00:00,QQQ,358.56,359.51,355.79,359.19,16863689.0,IBKR_TRADES,RTH,split_adjusted,traded_shares,2026-09-09T00:39:13.631182+00:00,4
2023-10-25 13:30:00,QQQ,356.69,356.88,352.72,352.79,23123749.0,IBKR_TRADES,RTH,split_adjusted,traded_shares,2026-09-09T00:39:13.631182+00:00,4
2023-10-25 16:00:00,QQQ,352.79,353.18,349.75,350.3,25231344.0,IBKR_TRADES,RTH,split_adjusted,traded_shares,2026-09-09T00:39:13.631182+00:00,4
2023-10-26 13:30:00,QQQ,349.12,350.07,344.47,345.42,25854956.0,IBKR_TRADES,RTH,split_adjusted,traded_shares,2026-09-09T00:39:13.631182+00:00,4
2023-10-26 16:00:00,QQQ,345.4,347.0,342.35,343.66,32127383.0,IBKR_TRADES,RTH,split_adjusted,traded_shares,2026-09-09T00:39:13.631182+00:00,4
2023-10-27 13:30:00,QQQ,346.43,348.84,345.65,348.01,21835504.0,IBKR_TRADES,RTH,split_adjusted,traded_shares,2026-09-09T00:39:13.631182+00:00,4
2023-10-27 16:00:00,QQQ,348.0,348.28,344.08,345.42,25433788.0,IBKR_TRADES,RTH,split_adjusted,traded_shares,2026-09-09T00:39:13.631182+00:00,4
2023-10-30 13:30:00,QQQ,347.83,350.54,346.45,348.57,20300910.0,IBKR_TRADES,RTH,split_adjusted,traded_shares,2026-09-09T00:39:13.631182+00:00,4
2023-10-30 16:00:00,QQQ,348.56,350.44,346.55,349.15,19382712.0,IBKR_TRADES,RTH,split_adjusted,traded_shares,2026-09-09T00:39:13.631182+00:00,4
2023-10-31 13:30:00,QQQ,349.23,349.58,346.62,349.12,15895230.999999998,IBKR_TRADES,RTH,split_adjusted,traded_shares,2026-09-09T00:39:13.631182+00:00,4
2023-10-31 16:00:00,QQQ,349.12,351.25,348.03,350.92,20140388.0,IBKR_TRADES,RTH,split_adjusted,traded_shares,2026-09-09T00:39:13.631182+00:00,4
2023-11-01 13:30:00,QQQ,351.72,354.83,351.62,353.89,16195850.0,IBKR_TRADES,RTH,split_adjusted,traded_shares,2026-09-09T00:39:13.631182+00:00,4
2023-11-01 16:00:00,QQQ,353.9,357.53,352.63,357.08,30095811.0,IBKR_TRADES,RTH,split_adjusted,traded_shares,2026-09-09T00:39:13.631182+00:00,4
2023-11-02 13:30:00,QQQ,361.54,362.76,360.3,362.02,19874707.0,IBKR_TRADES,RTH,split_adjusted,traded_shares,2026-09-09T00:39:13.631182+00:00,4
2023-11-02 16:00:00,QQQ,362.04,363.68,361.6,363.44,17277397.0,IBKR_TRADES,RTH,split_adjusted,traded_shares,2026-09-09T00:39:13.631182+00:00,4
2023-11-03 13:30:00,QQQ,364.75,367.4,364.52,366.97,18561663.0,IBKR_TRADES,RTH,split_adjusted,traded_shares,2026-09-09T00:39:13.631182+00:00,4
2023-11-03 16:00:00,QQQ,366.98,369.02,366.79,367.73,19303487.0,IBKR_TRADES,RTH,split_adjusted,traded_shares,2026-09-09T00:39:13.631182+00:00,4
2023-11-06 14:30:00,QQQ,368.49,369.78,368.02,368.92,8973162.0,IBKR_TRADES,RTH,split_adjusted,traded_shares,2026-09-09T00:39:13.631182+00:00,4
2023-11-06 16:00:00,QQQ,368.91,369.38,366.91,368.58,14911393.0,IBKR_TRADES,RTH,split_adjusted,traded_shares,2026-09-09T00:39:13.631182+00:00,4
2023-11-06 20:00:00,QQQ,368.59,369.29,368.27,369.22,5130388.0,IBKR_TRADES,RTH,split_adjusted,traded_shares,2026-09-09T00:39:13.631182+00:00,4
2023-11-07 14:30:00,QQQ,370.27,373.19,369.04,372.97,12469803.0,IBKR_TRADES,RTH,split_adjusted,traded_shares,2026-09-09T00:39:13.631182+00:00,4
2023-11-07 16:00:00,QQQ,372.98,373.58,371.6,372.95,16802025.0,IBKR_TRADES,RTH,split_adjusted,traded_shares,2026-09-09T00:39:13.631182+00:00,4
2023-11-07 20:00:00,QQQ,372.96,373.48,372.19,372.68,7318821.0,IBKR_TRADES,RTH,split_adjusted,traded_shares,2026-09-09T00:39:13.631182+00:00,4
2023-11-08 14:30:00,QQQ,373.08,373.79,371.78,371.98,9441788.0,IBKR_TRADES,RTH,split_adjusted,traded_shares,2026-09-09T00:39:13.631182+00:00,4
2023-11-08 16:00:00,QQQ,371.98,373.05,370.62,372.26,13111062.0,IBKR_TRADES,RTH,split_adjusted,traded_shares,2026-09-09T00:39:13.631182+00:00,4
2023-11-08 20:00:00,QQQ,372.26,373.22,372.24,372.97,4520297.0,IBKR_TRADES,RTH,split_adjusted,traded_shares,2026-09-09T00:39:13.631182+00:00,4
2023-11-09 14:30:00,QQQ,373.64,374.32,372.22,373.26,8629858.0,IBKR_TRADES,RTH,split_adjusted,traded_shares,2026-09-09T00:39:13.631182+00:00,4
2023-11-09 16:00:00,QQQ,373.24,374.8,370.02,370.2,22440223.0,IBKR_TRADES,RTH,split_adjusted,traded_shares,2026-09-09T00:39:13.631182+00:00,4
2023-11-09 20:00:00,QQQ,370.18,370.47,369.57,370.09,8311720.000000001,IBKR_TRADES,RTH,split_adjusted,traded_shares,2026-09-09T00:39:13.631182+00:00,4
2023-11-10 14:30:00,QQQ,371.82,373.29,371.28,372.93,11864463.0,IBKR_TRADES,RTH,split_adjusted,traded_shares,2026-09-09T00:39:13.631182+00:00,4
2023-11-10 16:00:00,QQQ,372.93,377.93,372.89,377.66,19331179.0,IBKR_TRADES,RTH,split_adjusted,traded_shares,2026-09-09T00:39:13.631182+00:00,4
2023-11-10 20:00:00,QQQ,377.67,378.54,377.59,378.39,9567651.0,IBKR_TRADES,RTH,split_adjusted,traded_shares,2026-09-09T00:39:13.631182+00:00,4
2023-11-13 14:30:00,QQQ,376.79,377.26,375.24,376.95,11960901.0,IBKR_TRADES,RTH,split_adjusted,traded_shares,2026-09-09T00:39:13.631182+00:00,4
2023-11-13 16:00:00,QQQ,376.95,378.28,376.86,377.81,13358734.0,IBKR_TRADES,RTH,split_adjusted,traded_shares,2026-09-09T00:39:13.631182+00:00,4
2023-11-13 20:00:00,QQQ,377.81,378.1,377.11,377.26,5527673.0,IBKR_TRADES,RTH,split_adjusted,traded_shares,2026-09-09T00:39:13.631182+00:00,4
2023-11-14 14:30:00,QQQ,383.71,385.87,383.18,385.01,17677870.0,IBKR_TRADES,RTH,split_adjusted,traded_shares,2026-09-09T00:39:13.631182+00:00,4
2023-11-14 16:00:00,QQQ,385.01,385.67,383.91,385.56,17780176.0,IBKR_TRADES,RTH,split_adjusted,traded_shares,2026-09-09T00:39:13.631182+00:00,4
2023-11-14 20:00:00,QQQ,385.55,386.26,384.91,385.32,8993105.0,IBKR_TRADES,RTH,split_adjusted,traded_shares,2026-09-09T00:39:13.631182+00:00,4
2023-11-15 14:30:00,QQQ,387.24,387.75,385.99,387.33,12436623.0,IBKR_TRADES,RTH,split_adjusted,traded_shares,2026-09-09T00:39:13.631182+00:00,4
2023-11-15 16:00:00,QQQ,387.33,387.52,384.23,386.12,18410275.0,IBKR_TRADES,RTH,split_adjusted,traded_shares,2026-09-09T00:39:13.631182+00:00,4
2023-11-15 20:00:00,QQQ,386.13,386.21,385.22,385.61,7031974.0,IBKR_TRADES,RTH,split_adjusted,traded_shares,2026-09-09T00:39:13.631182+00:00,4
2023-11-16 14:30:00,QQQ,384.84,386.17,383.98,384.52,11185619.0,IBKR_TRADES,RTH,split_adjusted,traded_shares,2026-09-09T00:39:13.631182+00:00,4
2023-11-16 16:00:00,QQQ,384.53,386.09,383.56,385.51,16838953.0,IBKR_TRADES,RTH,split_adjusted,traded_shares,2026-09-09T00:39:13.631182+00:00,4
2023-11-16 20:00:00,QQQ,385.51,386.19,385.18,385.97,6465391.0,IBKR_TRADES,RTH,split_adjusted,traded_shares,2026-09-09T00:39:13.631182+00:00,4
2023-11-17 14:30:00,QQQ,385.21,385.63,384.34,385.21,8218328.0,IBKR_TRADES,RTH,split_adjusted,traded_shares,2026-09-09T00:39:13.631182+00:00,4
2023-11-17 16:00:00,QQQ,385.21,387.07,384.29,386.37,11825481.0,IBKR_TRADES,RTH,split_adjusted,traded_shares,2026-09-09T00:39:13.631182+00:00,4
2023-11-17 20:00:00,QQQ,386.38,386.8,385.41,386.06,6003612.0,IBKR_TRADES,RTH,split_adjusted,traded_shares,2026-09-09T00:39:13.631182+00:00,4
2023-11-20 14:30:00,QQQ,386.05,388.65,386.04,388.59,9384102.0,IBKR_TRADES,RTH,split_adjusted,traded_shares,2026-09-09T00:39:13.631182+00:00,4
2023-11-20 16:00:00,QQQ,388.59,390.95,388.59,390.88,17058933.0,IBKR_TRADES,RTH,split_adjusted,traded_shares,2026-09-09T00:39:13.631182+00:00,4
2023-11-20 20:00:00,QQQ,390.88,391.41,390.42,390.74,8053955.0,IBKR_TRADES,RTH,split_adjusted,traded_shares,2026-09-09T00:39:13.631182+00:00,4
2023-11-21 14:30:00,QQQ,389.01,389.23,386.7,387.33,10842700.0,IBKR_TRADES,RTH,split_adjusted,traded_shares,2026-09-09T00:39:13.631182+00:00,4
2023-11-21 16:00:00,QQQ,387.34,388.51,386.95,388.37,13425572.0,IBKR_TRADES,RTH,split_adjusted,traded_shares,2026-09-09T00:39:13.631182+00:00,4
2023-11-21 20:00:00,QQQ,388.37,388.73,388.06,388.42,7234307.0,IBKR_TRADES,RTH,split_adjusted,traded_shares,2026-09-09T00:39:13.631182+00:00,4
2023-11-22 14:30:00,QQQ,390.57,393.07,389.04,389.86,15125433.0,IBKR_TRADES,RTH,split_adjusted,traded_shares,2026-09-09T00:39:13.631182+00:00,4
2023-11-22 16:00:00,QQQ,389.87,391.42,389.2,390.25,12765243.0,IBKR_TRADES,RTH,split_adjusted,traded_shares,2026-09-09T00:39:13.631182+00:00,4
2023-11-22 20:00:00,QQQ,390.23,390.43,389.96,390.04,5309684.0,IBKR_TRADES,RTH,split_adjusted,traded_shares,2026-09-09T00:39:13.631182+00:00,4
2023-11-24 14:30:00,QQQ,389.64,390.25,388.5,389.02,6081930.0,IBKR_TRADES,RTH,split_adjusted,traded_shares,2026-09-09T00:39:13.631182+00:00,4
2023-11-24 16:00:00,QQQ,389.02,389.54,388.85,389.5,4999540.0,IBKR_TRADES,RTH,split_adjusted,traded_shares,2026-09-09T00:39:13.631182+00:00,4
2023-11-27 14:30:00,QQQ,389.0,390.25,388.28,390.0,8931270.0,IBKR_TRADES,RTH,split_adjusted,traded_shares,2026-09-09T00:39:13.631182+00:00,4
2023-11-27 16:00:00,QQQ,390.0,391.15,388.94,389.61,11503043.0,IBKR_TRADES,RTH,split_adjusted,traded_shares,2026-09-09T00:39:13.631182+00:00,4
2023-11-27 20:00:00,QQQ,389.6,390.14,388.97,389.14,6494061.0,IBKR_TRADES,RTH,split_adjusted,traded_shares,2026-09-09T00:39:13.631182+00:00,4
2023-11-28 14:30:00,QQQ,388.4,390.21,388.05,389.35,8874151.0,IBKR_TRADES,RTH,split_adjusted,traded_shares,2026-09-09T00:39:13.631182+00:00,4
2023-11-28 16:00:00,QQQ,389.35,390.78,388.3,389.55,11089718.0,IBKR_TRADES,RTH,split_adjusted,traded_shares,2026-09-09T00:39:13.631182+00:00,4
2023-11-28 20:00:00,QQQ,389.56,390.31,388.81,390.21,4823295.0,IBKR_TRADES,RTH,split_adjusted,traded_shares,2026-09-09T00:39:13.631182+00:00,4
2023-11-29 14:30:00,QQQ,392.69,394.14,391.18,392.03,10412451.0,IBKR_TRADES,RTH,split_adjusted,traded_shares,2026-09-09T00:39:13.631182+00:00,4
2023-11-29 16:00:00,QQQ,392.02,392.08,389.91,390.69,12062862.0,IBKR_TRADES,RTH,split_adjusted,traded_shares,2026-09-09T00:39:13.631182+00:00,4
2023-11-29 20:00:00,QQQ,390.7,390.72,389.46,389.76,4575733.0,IBKR_TRADES,RTH,split_adjusted,traded_shares,2026-09-09T00:39:13.631182+00:00,4
2023-11-30 14:30:00,QQQ,390.1,390.55,386.46,387.37,11543242.0,IBKR_TRADES,RTH,split_adjusted,traded_shares,2026-09-09T00:39:13.631182+00:00,4
2023-11-30 16:00:00,QQQ,387.37,387.63,385.82,387.5,12088583.0,IBKR_TRADES,RTH,split_adjusted,traded_shares,2026-09-09T00:39:13.631182+00:00,4
2023-11-30 20:00:00,QQQ,387.49,389.1,386.16,388.82,9031227.0,IBKR_TRADES,RTH,split_adjusted,traded_shares,2026-09-09T00:39:13.631182+00:00,4
2023-12-01 14:30:00,QQQ,387.71,388.46,386.07,387.3,8604652.0,IBKR_TRADES,RTH,split_adjusted,traded_shares,2026-09-09T00:39:13.631182+00:00,4
2023-12-01 16:00:00,QQQ,387.31,390.54,386.55,390.11,17464545.0,IBKR_TRADES,RTH,split_adjusted,traded_shares,2026-09-09T00:39:13.631182+00:00,4
2023-12-01 20:00:00,QQQ,390.1,390.25,389.4,389.97,5126010.0,IBKR_TRADES,RTH,split_adjusted,traded_shares,2026-09-09T00:39:13.631182+00:00,4
2023-12-04 14:30:00,QQQ,386.09,386.42,382.66,383.06,14500479.0,IBKR_TRADES,RTH,split_adjusted,traded_shares,2026-09-09T00:39:13.631182+00:00,4
2023-12-04 16:00:00,QQQ,383.05,386.19,382.84,385.19,16001058.0,IBKR_TRADES,RTH,split_adjusted,traded_shares,2026-09-09T00:39:13.631182+00:00,4
2023-12-04 20:00:00,QQQ,385.18,386.6,384.73,386.27,6988852.0,IBKR_TRADES,RTH,split_adjusted,traded_shares,2026-09-09T00:39:13.631182+00:00,4
2023-12-05 14:30:00,QQQ,384.38,388.49,384.21,388.28,11895180.0,IBKR_TRADES,RTH,split_adjusted,traded_shares,2026-09-09T00:39:13.631182+00:00,4
2023-12-05 16:00:00,QQQ,388.28,388.5,385.29,387.01,13777622.0,IBKR_TRADES,RTH,split_adjusted,traded_shares,2026-09-09T00:39:13.631182+00:00,4
2023-12-05 20:00:00,QQQ,387.0,387.31,386.62,387.3,5237793.0,IBKR_TRADES,RTH,split_adjusted,traded_shares,2026-09-09T00:39:13.631182+00:00,4
2023-12-06 14:30:00,QQQ,390.27,390.37,386.52,387.94,10535404.0,IBKR_TRADES,RTH,split_adjusted,traded_shares,2026-09-09T00:39:13.631182+00:00,4
2023-12-06 16:00:00,QQQ,387.95,388.29,385.76,386.3,12131375.0,IBKR_TRADES,RTH,split_adjusted,traded_shares,2026-09-09T00:39:13.631182+00:00,4
2023-12-06 20:00:00,QQQ,386.31,386.43,384.7,385.02,7101814.0,IBKR_TRADES,RTH,split_adjusted,traded_shares,2026-09-09T00:39:13.631182+00:00,4
2023-12-07 14:30:00,QQQ,388.06,389.83,386.96,389.58,12243678.0,IBKR_TRADES,RTH,split_adjusted,traded_shares,2026-09-09T00:39:13.631182+00:00,4
2023-12-07 16:00:00,QQQ,389.59,391.27,388.0,390.24,17590054.0,IBKR_TRADES,RTH,split_adjusted,traded_shares,2026-09-09T00:39:13.631182+00:00,4
2023-12-07 20:00:00,QQQ,390.25,390.92,390.15,390.57,6175717.0,IBKR_TRADES,RTH,split_adjusted,traded_shares,2026-09-09T00:39:13.631182+00:00,4
2023-12-08 14:30:00,QQQ,388.67,392.51,388.48,392.33,14052766.0,IBKR_TRADES,RTH,split_adjusted,traded_shares,2026-09-09T00:39:13.631182+00:00,4
2023-12-08 16:00:00,QQQ,392.34,392.62,389.52,392.5,13237721.0,IBKR_TRADES,RTH,split_adjusted,traded_shares,2026-09-09T00:39:13.631182+00:00,4
2023-12-08 20:00:00,QQQ,392.51,392.6,391.89,392.15,5828554.0,IBKR_TRADES,RTH,split_adjusted,traded_shares,2026-09-09T00:39:13.631182+00:00,4
2023-12-11 14:30:00,QQQ,391.73,394.67,391.53,394.12,11779106.0,IBKR_TRADES,RTH,split_adjusted,traded_shares,2026-09-09T00:39:13.631182+00:00,4
2023-12-11 16:00:00,QQQ,394.13,395.79,392.8,395.27,12252339.0,IBKR_TRADES,RTH,split_adjusted,traded_shares,2026-09-09T00:39:13.631182+00:00,4
2023-12-11 20:00:00,QQQ,395.28,395.71,394.94,395.53,4568194.0,IBKR_TRADES,RTH,split_adjusted,traded_shares,2026-09-09T00:39:13.631182+00:00,4
2023-12-12 14:30:00,QQQ,395.56,396.88,394.41,396.85,7809991.0,IBKR_TRADES,RTH,split_adjusted,traded_shares,2026-09-09T00:39:13.631182+00:00,4
2023-12-12 16:00:00,QQQ,396.85,398.12,396.09,398.06,10628504.0,IBKR_TRADES,RTH,split_adjusted,traded_shares,2026-09-09T00:39:13.631182+00:00,4
2023-12-12 20:00:00,QQQ,398.07,398.79,397.94,398.75,6217954.0,IBKR_TRADES,RTH,split_adjusted,traded_shares,2026-09-09T00:39:13.631182+00:00,4
2023-12-13 14:30:00,QQQ,399.63,400.79,399.36,400.1,7605453.000000001,IBKR_TRADES,RTH,split_adjusted,traded_shares,2026-09-09T00:39:13.631182+00:00,4
2023-12-13 16:00:00,QQQ,400.11,404.0,398.83,403.53,20254908.0,IBKR_TRADES,RTH,split_adjusted,traded_shares,2026-09-09T00:39:13.631182+00:00,4
2023-12-13 20:00:00,QQQ,403.54,404.36,401.39,403.75,11655434.0,IBKR_TRADES,RTH,split_adjusted,traded_shares,2026-09-09T00:39:13.631182+00:00,4
2023-12-14 14:30:00,QQQ,404.98,406.3,403.65,404.76,12874677.0,IBKR_TRADES,RTH,split_adjusted,traded_shares,2026-09-09T00:39:13.631182+00:00,4
2023-12-14 16:00:00,QQQ,404.77,404.95,400.34,402.94,20118537.0,IBKR_TRADES,RTH,split_adjusted,traded_shares,2026-09-09T00:39:13.631182+00:00,4
2023-12-14 20:00:00,QQQ,402.95,403.42,402.72,403.35,6531751.0,IBKR_TRADES,RTH,split_adjusted,traded_shares,2026-09-09T00:39:13.631182+00:00,4
2023-12-15 14:30:00,QQQ,404.19,406.29,403.8,405.87,10063591.0,IBKR_TRADES,RTH,split_adjusted,traded_shares,2026-09-09T00:39:13.631182+00:00,4
2023-12-15 16:00:00,QQQ,405.88,406.54,403.57,404.82,16332962.0,IBKR_TRADES,RTH,split_adjusted,traded_shares,2026-09-09T00:39:13.631182+00:00,4
2023-12-15 20:00:00,QQQ,404.81,406.1,404.65,404.94,7673174.0,IBKR_TRADES,RTH,split_adjusted,traded_shares,2026-09-09T00:39:13.631182+00:00,4
2023-12-18 14:30:00,QQQ,404.93,406.34,404.6,405.47,7817167.0,IBKR_TRADES,RTH,split_adjusted,traded_shares,2026-09-09T00:39:13.631182+00:00,4
2023-12-18 16:00:00,QQQ,405.46,407.99,405.14,407.67,11556225.0,IBKR_TRADES,RTH,split_adjusted,traded_shares,2026-09-09T00:39:13.631182+00:00,4
2023-12-18 20:00:00,QQQ,407.68,407.95,407.1,407.11,5754498.0,IBKR_TRADES,RTH,split_adjusted,traded_shares,2026-09-09T00:39:13.631182+00:00,4
2023-12-19 14:30:00,QQQ,407.54,408.87,407.34,408.66,7983236.000000001,IBKR_TRADES,RTH,split_adjusted,traded_shares,2026-09-09T00:39:13.631182+00:00,4
2023-12-19 16:00:00,QQQ,408.67,408.94,407.83,408.65,10362598.0,IBKR_TRADES,RTH,split_adjusted,traded_shares,2026-09-09T00:39:13.631182+00:00,4
2023-12-19 20:00:00,QQQ,408.66,409.28,408.3,409.16,5129279.0,IBKR_TRADES,RTH,split_adjusted,traded_shares,2026-09-09T00:39:13.631182+00:00,4
2023-12-20 14:30:00,QQQ,408.35,410.47,407.97,409.95,7825353.999999999,IBKR_TRADES,RTH,split_adjusted,traded_shares,2026-09-09T00:39:13.631182+00:00,4
2023-12-20 16:00:00,QQQ,409.94,410.25,404.71,404.87,15935107.0,IBKR_TRADES,RTH,split_adjusted,traded_shares,2026-09-09T00:39:13.631182+00:00,4
2023-12-20 20:00:00,QQQ,404.88,405.54,402.9,402.97,16858499.0,IBKR_TRADES,RTH,split_adjusted,traded_shares,2026-09-09T00:39:13.631182+00:00,4
2023-12-21 14:30:00,QQQ,407.06,407.92,405.14,405.87,11013164.0,IBKR_TRADES,RTH,split_adjusted,traded_shares,2026-09-09T00:39:13.631182+00:00,4
2023-12-21 16:00:00,QQQ,405.85,407.01,404.47,406.16,15026346.0,IBKR_TRADES,RTH,split_adjusted,traded_shares,2026-09-09T00:39:13.631182+00:00,4
2023-12-21 20:00:00,QQQ,406.17,408.14,405.89,407.79,7291846.0,IBKR_TRADES,RTH,split_adjusted,traded_shares,2026-09-09T00:39:13.631182+00:00,4
2023-12-22 14:30:00,QQQ,409.0,409.97,408.77,408.88,6847196.0,IBKR_TRADES,RTH,split_adjusted,traded_shares,2026-09-09T00:39:13.631182+00:00,4
2023-12-22 16:00:00,QQQ,408.88,409.47,406.47,408.65,11512042.0,IBKR_TRADES,RTH,split_adjusted,traded_shares,2026-09-09T00:39:13.631182+00:00,4
2023-12-22 20:00:00,QQQ,408.67,408.79,407.93,408.44,5080964.0,IBKR_TRADES,RTH,split_adjusted,traded_shares,2026-09-09T00:39:13.631182+00:00,4
2023-12-26 14:30:00,QQQ,409.25,410.42,409.15,409.96,4756787.0,IBKR_TRADES,RTH,split_adjusted,traded_shares,2026-09-09T00:39:13.631182+00:00,4
2023-12-26 16:00:00,QQQ,409.96,410.69,409.59,410.66,5218572.0,IBKR_TRADES,RTH,split_adjusted,traded_shares,2026-09-09T00:39:13.631182+00:00,4
2023-12-26 20:00:00,QQQ,410.66,411.56,410.56,410.87,4985054.0,IBKR_TRADES,RTH,split_adjusted,traded_shares,2026-09-09T00:39:13.631182+00:00,4
2023-12-27 14:30:00,QQQ,410.95,411.72,410.08,410.62,5645062.0,IBKR_TRADES,RTH,split_adjusted,traded_shares,2026-09-09T00:39:13.631182+00:00,4
2023-12-27 16:00:00,QQQ,410.61,411.79,410.22,410.68,12592735.0,IBKR_TRADES,RTH,split_adjusted,traded_shares,2026-09-09T00:39:13.631182+00:00,4
2023-12-27 20:00:00,QQQ,410.69,411.52,410.54,411.5,4507308.0,IBKR_TRADES,RTH,split_adjusted,traded_shares,2026-09-09T00:39:13.631182+00:00,4
2023-12-28 14:30:00,QQQ,412.67,412.92,411.54,412.17,5115271.0,IBKR_TRADES,RTH,split_adjusted,traded_shares,2026-09-09T00:39:13.631182+00:00,4
2023-12-28 16:00:00,QQQ,412.17,412.35,411.29,411.83,7920924.0,IBKR_TRADES,RTH,split_adjusted,traded_shares,2026-09-09T00:39:13.631182+00:00,4
2023-12-28 20:00:00,QQQ,411.83,412.0,410.94,411.21,4861628.0,IBKR_TRADES,RTH,split_adjusted,traded_shares,2026-09-09T00:39:13.631182+00:00,4
2023-12-29 14:30:00,QQQ,411.29,411.64,409.08,409.51,6183525.0,IBKR_TRADES,RTH,split_adjusted,traded_shares,2026-09-09T00:39:13.631182+00:00,4
2023-12-29 16:00:00,QQQ,409.52,410.13,407.58,410.04,14024468.0,IBKR_TRADES,RTH,split_adjusted,traded_shares,2026-09-09T00:39:13.631182+00:00,4
2023-12-29 20:00:00,QQQ,410.05,410.23,408.72,409.46,7248469.0,IBKR_TRADES,RTH,split_adjusted,traded_shares,2026-09-09T00:39:13.631182+00:00,4
2024-01-02 14:30:00,QQQ,405.84,406.09,401.74,402.36,14381221.0,IBKR_TRADES,RTH,split_adjusted,traded_shares,2026-09-09T00:39:13.631182+00:00,4
2024-01-02 16:00:00,QQQ,402.36,404.18,401.01,401.02,15766523.999999998,IBKR_TRADES,RTH,split_adjusted,traded_shares,2026-09-09T00:39:13.631182+00:00,4
2024-01-02 20:00:00,QQQ,401.03,402.69,400.24,402.56,10375386.0,IBKR_TRADES,RTH,split_adjusted,traded_shares,2026-09-09T00:39:13.631182+00:00,4
2024-01-03 14:30:00,QQQ,399.93,401.0,398.4,399.62,14318311.0,IBKR_TRADES,RTH,split_adjusted,traded_shares,2026-09-09T00:39:13.631182+00:00,4
2024-01-03 16:00:00,QQQ,399.63,400.44,398.08,399.53,15456641.000000002,IBKR_TRADES,RTH,split_adjusted,traded_shares,2026-09-09T00:39:13.631182+00:00,4
2024-01-03 20:00:00,QQQ,399.53,399.68,397.89,398.34,6172519.0,IBKR_TRADES,RTH,split_adjusted,traded_shares,2026-09-09T00:39:13.631182+00:00,4
2024-01-04 14:30:00,QQQ,396.45,398.59,396.19,398.18,10335833.0,IBKR_TRADES,RTH,split_adjusted,traded_shares,2026-09-09T00:39:13.631182+00:00,4
2024-01-04 16:00:00,QQQ,398.19,399.59,396.79,397.3,11854604.0,IBKR_TRADES,RTH,split_adjusted,traded_shares,2026-09-09T00:39:13.631182+00:00,4
2024-01-04 20:00:00,QQQ,397.31,397.89,396.06,396.24,6318575.0,IBKR_TRADES,RTH,split_adjusted,traded_shares,2026-09-09T00:39:13.631182+00:00,4
2024-01-05 14:30:00,QQQ,396.44,399.31,396.16,399.18,12692435.0,IBKR_TRADES,RTH,split_adjusted,traded_shares,2026-09-09T00:39:13.631182+00:00,4
2024-01-05 16:00:00,QQQ,399.19,399.56,395.7,395.83,15089245.0,IBKR_TRADES,RTH,split_adjusted,traded_shares,2026-09-09T00:39:13.631182+00:00,4
2024-01-05 20:00:00,QQQ,395.84,396.99,395.34,396.77,6004742.0,IBKR_TRADES,RTH,split_adjusted,traded_shares,2026-09-09T00:39:13.631182+00:00,4
2024-01-08 14:30:00,QQQ,397.99,401.82,397.83,401.49,9513776.0,IBKR_TRADES,RTH,split_adjusted,traded_shares,2026-09-09T00:39:13.631182+00:00,4
2024-01-08 16:00:00,QQQ,401.5,404.78,401.08,404.56,12153679.0,IBKR_TRADES,RTH,split_adjusted,traded_shares,2026-09-09T00:39:13.631182+00:00,4
2024-01-08 20:00:00,QQQ,404.55,405.24,404.25,405.0,8553535.0,IBKR_TRADES,RTH,split_adjusted,traded_shares,2026-09-09T00:39:13.631182+00:00,4
2024-01-09 14:30:00,QQQ,401.91,403.88,401.71,403.46,11725153.0,IBKR_TRADES,RTH,split_adjusted,traded_shares,2026-09-09T00:39:13.631182+00:00,4
2024-01-09 16:00:00,QQQ,403.46,406.69,403.43,405.69,11939600.0,IBKR_TRADES,RTH,split_adjusted,traded_shares,2026-09-09T00:39:13.631182+00:00,4
2024-01-09 20:00:00,QQQ,405.71,406.05,404.53,405.79,5557988.0,IBKR_TRADES,RTH,split_adjusted,traded_shares,2026-09-09T00:39:13.631182+00:00,4
2024-01-10 14:30:00,QQQ,406.07,407.38,405.17,407.33,7594188.0,IBKR_TRADES,RTH,split_adjusted,traded_shares,2026-09-09T00:39:13.631182+00:00,4
2024-01-10 16:00:00,QQQ,407.34,409.49,406.44,409.46,9810443.0,IBKR_TRADES,RTH,split_adjusted,traded_shares,2026-09-09T00:39:13.631182+00:00,4
2024-01-10 20:00:00,QQQ,409.46,409.52,407.35,408.53,6378587.0,IBKR_TRADES,RTH,split_adjusted,traded_shares,2026-09-09T00:39:13.631182+00:00,4
2024-01-11 14:30:00,QQQ,409.78,411.21,405.96,406.7,13930652.0,IBKR_TRADES,RTH,split_adjusted,traded_shares,2026-09-09T00:39:13.631182+00:00,4
2024-01-11 16:00:00,QQQ,406.7,409.78,404.24,409.56,17714932.0,IBKR_TRADES,RTH,split_adjusted,traded_shares,2026-09-09T00:39:13.631182+00:00,4
2024-01-11 20:00:00,QQQ,409.6,409.65,408.38,409.34,5413259.0,IBKR_TRADES,RTH,split_adjusted,traded_shares,2026-09-09T00:39:13.631182+00:00,4
2024-01-12 14:30:00,QQQ,410.41,411.25,408.15,408.91,9983072.0,IBKR_TRADES,RTH,split_adjusted,traded_shares,2026-09-09T00:39:13.631182+00:00,4
2024-01-12 16:00:00,QQQ,408.91,410.13,408.26,409.06,10453912.0,IBKR_TRADES,RTH,split_adjusted,traded_shares,2026-09-09T00:39:13.631182+00:00,4
2024-01-12 20:00:00,QQQ,409.06,409.75,408.61,409.56,5964948.0,IBKR_TRADES,RTH,split_adjusted,traded_shares,2026-09-09T00:39:13.631182+00:00,4
2024-01-16 14:30:00,QQQ,408.31,411.12,406.83,410.62,12269800.0,IBKR_TRADES,RTH,split_adjusted,traded_shares,2026-09-09T00:39:13.631182+00:00,4
2024-01-16 16:00:00,QQQ,410.63,410.86,407.02,408.59,16109715.0,IBKR_TRADES,RTH,split_adjusted,traded_shares,2026-09-09T00:39:13.631182+00:00,4
2024-01-16 20:00:00,QQQ,408.58,409.58,408.43,409.53,4556128.0,IBKR_TRADES,RTH,split_adjusted,traded_shares,2026-09-09T00:39:13.631182+00:00,4
2024-01-17 14:30:00,QQQ,406.17,406.61,402.92,404.88,16051594.000000002,IBKR_TRADES,RTH,split_adjusted,traded_shares,2026-09-09T00:39:13.631182+00:00,4
2024-01-17 16:00:00,QQQ,404.86,406.59,403.98,406.23,15515339.0,IBKR_TRADES,RTH,split_adjusted,traded_shares,2026-09-09T00:39:13.631182+00:00,4
2024-01-17 20:00:00,QQQ,406.24,407.59,405.49,407.2,6415599.0,IBKR_TRADES,RTH,split_adjusted,traded_shares,2026-09-09T00:39:13.631182+00:00,4
2024-01-18 14:30:00,QQQ,410.52,412.46,410.22,411.89,13095030.0,IBKR_TRADES,RTH,split_adjusted,traded_shares,2026-09-09T00:39:13.631182+00:00,4
2024-01-18 16:00:00,QQQ,411.92,413.19,409.16,412.92,21604603.0,IBKR_TRADES,RTH,split_adjusted,traded_shares,2026-09-09T00:39:13.631182+00:00,4
2024-01-18 20:00:00,QQQ,412.93,413.58,412.55,413.19,7034401.0,IBKR_TRADES,RTH,split_adjusted,traded_shares,2026-09-09T00:39:13.631182+00:00,4
2024-01-19 14:30:00,QQQ,415.22,416.44,414.62,416.06,11840048.0,IBKR_TRADES,RTH,split_adjusted,traded_shares,2026-09-09T00:39:13.631182+00:00,4
2024-01-19 16:00:00,QQQ,416.08,421.11,415.74,420.89,22478693.0,IBKR_TRADES,RTH,split_adjusted,traded_shares,2026-09-09T00:39:13.631182+00:00,4
2024-01-19 20:00:00,QQQ,420.89,421.34,420.57,421.23,8222640.999999999,IBKR_TRADES,RTH,split_adjusted,traded_shares,2026-09-09T00:39:13.631182+00:00,4
2024-01-22 14:30:00,QQQ,423.41,424.73,421.19,421.47,13452747.0,IBKR_TRADES,RTH,split_adjusted,traded_shares,2026-09-09T00:39:13.631182+00:00,4
2024-01-22 16:00:00,QQQ,421.49,423.01,421.12,421.95,11103171.0,IBKR_TRADES,RTH,split_adjusted,traded_shares,2026-09-09T00:39:13.631182+00:00,4
2024-01-22 20:00:00,QQQ,421.96,422.45,421.59,421.71,5124826.0,IBKR_TRADES,RTH,split_adjusted,traded_shares,2026-09-09T00:39:13.631182+00:00,4
2024-01-23 14:30:00,QQQ,422.43,422.44,420.57,421.62,8252733.0,IBKR_TRADES,RTH,split_adjusted,traded_shares,2026-09-09T00:39:13.631182+00:00,4
2024-01-23 16:00:00,QQQ,421.63,422.77,421.03,422.62,8738375.0,IBKR_TRADES,RTH,split_adjusted,traded_shares,2026-09-09T00:39:13.631182+00:00,4
2024-01-23 20:00:00,QQQ,422.62,423.65,422.51,423.43,4994273.0,IBKR_TRADES,RTH,split_adjusted,traded_shares,2026-09-09T00:39:13.631182+00:00,4
2024-01-24 14:30:00,QQQ,427.44,429.22,426.12,428.49,10845473.0,IBKR_TRADES,RTH,split_adjusted,traded_shares,2026-09-09T00:39:13.631182+00:00,4
2024-01-24 16:00:00,QQQ,428.52,429.85,426.0,426.77,16518099.999999998,IBKR_TRADES,RTH,split_adjusted,traded_shares,2026-09-09T00:39:13.631182+00:00,4
2024-01-24 20:00:00,QQQ,426.78,427.24,425.33,425.79,6901424.0,IBKR_TRADES,RTH,split_adjusted,traded_shares,2026-09-09T00:39:13.631182+00:00,4
2024-01-25 14:30:00,QQQ,428.35,428.72,426.59,427.98,9647017.0,IBKR_TRADES,RTH,split_adjusted,traded_shares,2026-09-09T00:39:13.631182+00:00,4
2024-01-25 16:00:00,QQQ,427.98,429.04,423.98,425.62,17465838.0,IBKR_TRADES,RTH,split_adjusted,traded_shares,2026-09-09T00:39:13.631182+00:00,4
2024-01-25 20:00:00,QQQ,425.59,426.33,425.15,426.31,5705240.0,IBKR_TRADES,RTH,split_adjusted,traded_shares,2026-09-09T00:39:13.631182+00:00,4
2024-01-26 14:30:00,QQQ,424.42,426.11,423.18,426.11,8885716.0,IBKR_TRADES,RTH,split_adjusted,traded_shares,2026-09-09T00:39:13.631182+00:00,4
2024-01-26 16:00:00,QQQ,426.1,426.21,423.15,424.58,13944725.0,IBKR_TRADES,RTH,split_adjusted,traded_shares,2026-09-09T00:39:13.631182+00:00,4
2024-01-26 20:00:00,QQQ,424.57,424.69,423.45,423.77,4897554.0,IBKR_TRADES,RTH,split_adjusted,traded_shares,2026-09-09T00:39:13.631182+00:00,4
2024-01-29 14:30:00,QQQ,424.28,425.12,423.76,423.85,7225199.0,IBKR_TRADES,RTH,split_adjusted,traded_shares,2026-09-09T00:39:13.631182+00:00,4
2024-01-29 16:00:00,QQQ,423.84,426.34,423.61,426.16,11839719.0,IBKR_TRADES,RTH,split_adjusted,traded_shares,2026-09-09T00:39:13.631182+00:00,4
2024-01-29 20:00:00,QQQ,426.17,428.35,426.17,428.16,7783733.0,IBKR_TRADES,RTH,split_adjusted,traded_shares,2026-09-09T00:39:13.631182+00:00,4
2024-01-30 14:30:00,QQQ,427.1,427.68,426.05,426.59,7400681.0,IBKR_TRADES,RTH,split_adjusted,traded_shares,2026-09-09T00:39:13.631182+00:00,4
2024-01-30 16:00:00,QQQ,426.6,426.96,424.38,425.4,11447302.0,IBKR_TRADES,RTH,split_adjusted,traded_shares,2026-09-09T00:39:13.631182+00:00,4
2024-01-30 20:00:00,QQQ,425.37,425.83,425.05,425.21,4927682.0,IBKR_TRADES,RTH,split_adjusted,traded_shares,2026-09-09T00:39:13.631182+00:00,4
2024-01-31 14:30:00,QQQ,420.85,421.53,418.06,418.52,12127862.0,IBKR_TRADES,RTH,split_adjusted,traded_shares,2026-09-09T00:39:13.631182+00:00,4
2024-01-31 16:00:00,QQQ,418.51,422.87,418.49,420.35,21299035.0,IBKR_TRADES,RTH,split_adjusted,traded_shares,2026-09-09T00:39:13.631182+00:00,4
2024-01-31 20:00:00,QQQ,420.38,420.51,416.79,416.88,14984738.0,IBKR_TRADES,RTH,split_adjusted,traded_shares,2026-09-09T00:39:13.631182+00:00,4
2024-02-01 14:30:00,QQQ,418.79,420.39,417.84,418.05,10230849.0,IBKR_TRADES,RTH,split_adjusted,traded_shares,2026-09-09T00:39:13.631182+00:00,4
2024-02-01 16:00:00,QQQ,418.04,421.96,417.81,421.88,15691780.999999998,IBKR_TRADES,RTH,split_adjusted,traded_shares,2026-09-09T00:39:13.631182+00:00,4
2024-02-01 20:00:00,QQQ,421.88,422.38,421.19,422.07,6029344.0,IBKR_TRADES,RTH,split_adjusted,traded_shares,2026-09-09T00:39:13.631182+00:00,4
2024-02-02 14:30:00,QQQ,423.8,427.61,422.79,426.96,14366438.0,IBKR_TRADES,RTH,split_adjusted,traded_shares,2026-09-09T00:39:13.631182+00:00,4
2024-02-02 16:00:00,QQQ,426.98,430.24,426.18,429.93,19002177.0,IBKR_TRADES,RTH,split_adjusted,traded_shares,2026-09-09T00:39:13.631182+00:00,4
2024-02-02 20:00:00,QQQ,429.93,430.22,429.13,429.14,7383492.0,IBKR_TRADES,RTH,split_adjusted,traded_shares,2026-09-09T00:39:13.631182+00:00,4
2024-02-05 14:30:00,QQQ,429.07,429.42,425.0,425.94,10786258.0,IBKR_TRADES,RTH,split_adjusted,traded_shares,2026-09-09T00:39:13.631182+00:00,4
2024-02-05 16:00:00,QQQ,425.94,429.61,425.73,429.38,13517151.0,IBKR_TRADES,RTH,split_adjusted,traded_shares,2026-09-09T00:39:13.631182+00:00,4
2024-02-05 20:00:00,QQQ,429.39,429.41,427.88,428.45,4917829.0,IBKR_TRADES,RTH,split_adjusted,traded_shares,2026-09-09T00:39:13.631182+00:00,4
2024-02-06 14:30:00,QQQ,429.58,430.22,426.13,427.08,9455833.0,IBKR_TRADES,RTH,split_adjusted,traded_shares,2026-09-09T00:39:13.631182+00:00,4
2024-02-06 16:00:00,QQQ,427.07,427.68,425.22,427.02,13019733.0,IBKR_TRADES,RTH,split_adjusted,traded_shares,2026-09-09T00:39:13.631182+00:00,4
2024-02-06 20:00:00,QQQ,427.02,427.7,426.15,427.65,4881226.0,IBKR_TRADES,RTH,split_adjusted,traded_shares,2026-09-09T00:39:13.631182+00:00,4
2024-02-07 14:30:00,QQQ,430.41,432.83,429.09,431.84,10820131.0,IBKR_TRADES,RTH,split_adjusted,traded_shares,2026-09-09T00:39:13.631182+00:00,4
2024-02-07 16:00:00,QQQ,431.83,432.5,430.55,432.33,12556176.0,IBKR_TRADES,RTH,split_adjusted,traded_shares,2026-09-09T00:39:13.631182+00:00,4
2024-02-07 20:00:00,QQQ,432.33,432.62,431.77,432.03,4300313.0,IBKR_TRADES,RTH,split_adjusted,traded_shares,2026-09-09T00:39:13.631182+00:00,4
2024-02-08 14:30:00,QQQ,432.11,433.46,431.42,433.39,6261718.0,IBKR_TRADES,RTH,split_adjusted,traded_shares,2026-09-09T00:39:13.631182+00:00,4
2024-02-08 16:00:00,QQQ,433.39,433.56,431.9,432.77,9704078.0,IBKR_TRADES,RTH,split_adjusted,traded_shares,2026-09-09T00:39:13.631182+00:00,4
2024-02-08 20:00:00,QQQ,432.77,433.15,432.4,432.81,4009429.0,IBKR_TRADES,RTH,split_adjusted,traded_shares,2026-09-09T00:39:13.631182+00:00,4
2024-02-09 14:30:00,QQQ,433.94,436.06,433.14,435.97,7994420.0,IBKR_TRADES,RTH,split_adjusted,traded_shares,2026-09-09T00:39:13.631182+00:00,4
2024-02-09 16:00:00,QQQ,435.99,437.85,435.34,437.47,10960827.0,IBKR_TRADES,RTH,split_adjusted,traded_shares,2026-09-09T00:39:13.631182+00:00,4
2024-02-09 20:00:00,QQQ,437.48,437.51,436.88,437.08,4919627.0,IBKR_TRADES,RTH,split_adjusted,traded_shares,2026-09-09T00:39:13.631182+00:00,4
2024-02-12 14:30:00,QQQ,436.94,438.24,436.38,438.13,6240888.0,IBKR_TRADES,RTH,split_adjusted,traded_shares,2026-09-09T00:39:13.631182+00:00,4
2024-02-12 16:00:00,QQQ,438.14,439.14,434.65,435.01,13578152.0,IBKR_TRADES,RTH,split_adjusted,traded_shares,2026-09-09T00:39:13.631182+00:00,4
2024-02-12 20:00:00,QQQ,435.01,435.86,434.95,435.31,4762188.0,IBKR_TRADES,RTH,split_adjusted,traded_shares,2026-09-09T00:39:13.631182+00:00,4
2024-02-13 14:30:00,QQQ,427.28,431.27,426.28,429.69,15970836.000000002,IBKR_TRADES,RTH,split_adjusted,traded_shares,2026-09-09T00:39:13.631182+00:00,4
2024-02-13 16:00:00,QQQ,429.7,430.91,425.9,426.11,17139249.0,IBKR_TRADES,RTH,split_adjusted,traded_shares,2026-09-09T00:39:13.631182+00:00,4
2024-02-13 20:00:00,QQQ,426.11,428.56,425.33,428.52,11312312.0,IBKR_TRADES,RTH,split_adjusted,traded_shares,2026-09-09T00:39:13.631182+00:00,4
2024-02-14 14:30:00,QQQ,431.26,432.65,430.13,430.18,9832548.0,IBKR_TRADES,RTH,split_adjusted,traded_shares,2026-09-09T00:39:13.631182+00:00,4
2024-02-14 16:00:00,QQQ,430.17,431.85,428.87,431.45,15397345.0,IBKR_TRADES,RTH,split_adjusted,traded_shares,2026-09-09T00:39:13.631182+00:00,4
2024-02-14 20:00:00,QQQ,431.46,433.65,431.15,433.24,8424465.0,IBKR_TRADES,RTH,split_adjusted,traded_shares,2026-09-09T00:39:13.631182+00:00,4
2024-02-15 14:30:00,QQQ,433.92,434.28,431.72,432.92,8704459.0,IBKR_TRADES,RTH,split_adjusted,traded_shares,2026-09-09T00:39:13.631182+00:00,4
2024-02-15 16:00:00,QQQ,432.95,434.98,431.33,434.35,15685038.0,IBKR_TRADES,RTH,split_adjusted,traded_shares,2026-09-09T00:39:13.631182+00:00,4
2024-02-15 20:00:00,QQQ,434.36,434.61,433.53,434.53,5169591.0,IBKR_TRADES,RTH,split_adjusted,traded_shares,2026-09-09T00:39:13.631182+00:00,4
2024-02-16 14:30:00,QQQ,434.9,434.99,429.85,432.04,11734828.0,IBKR_TRADES,RTH,split_adjusted,traded_shares,2026-09-09T00:39:13.631182+00:00,4
2024-02-16 16:00:00,QQQ,432.04,434.35,431.12,431.63,14869800.0,IBKR_TRADES,RTH,split_adjusted,traded_shares,2026-09-09T00:39:13.631182+00:00,4
2024-02-16 20:00:00,QQQ,431.65,431.81,429.99,430.59,6497370.0,IBKR_TRADES,RTH,split_adjusted,traded_shares,2026-09-09T00:39:13.631182+00:00,4
2024-02-20 14:30:00,QQQ,428.54,430.08,424.21,426.45,14088170.0,IBKR_TRADES,RTH,split_adjusted,traded_shares,2026-09-09T00:39:13.631182+00:00,4
2024-02-20 16:00:00,QQQ,426.45,427.02,423.5,426.33,17134177.0,IBKR_TRADES,RTH,split_adjusted,traded_shares,2026-09-09T00:39:13.631182+00:00,4
2024-02-20 20:00:00,QQQ,426.34,427.36,425.38,427.32,7794499.000000001,IBKR_TRADES,RTH,split_adjusted,traded_shares,2026-09-09T00:39:13.631182+00:00,4
2024-02-21 14:30:00,QQQ,424.55,425.3,423.44,423.92,7837685.000000001,IBKR_TRADES,RTH,split_adjusted,traded_shares,2026-09-09T00:39:13.631182+00:00,4
2024-02-21 16:00:00,QQQ,423.94,425.13,421.63,422.45,13875473.0,IBKR_TRADES,RTH,split_adjusted,traded_shares,2026-09-09T00:39:13.631182+00:00,4
2024-02-21 20:00:00,QQQ,422.43,425.7,421.86,425.61,6875639.0,IBKR_TRADES,RTH,split_adjusted,traded_shares,2026-09-09T00:39:13.631182+00:00,4
2024-02-22 14:30:00,QQQ,434.49,436.39,433.71,434.91,13664454.0,IBKR_TRADES,RTH,split_adjusted,traded_shares,2026-09-09T00:39:13.631182+00:00,4
2024-02-22 16:00:00,QQQ,434.93,439.12,434.73,438.24,14852734.0,IBKR_TRADES,RTH,split_adjusted,traded_shares,2026-09-09T00:39:13.631182+00:00,4
2024-02-22 20:00:00,QQQ,438.21,439.08,438.0,438.15,9252893.0,IBKR_TRADES,RTH,split_adjusted,traded_shares,2026-09-09T00:39:13.631182+00:00,4
2024-02-23 14:30:00,QQQ,439.65,440.59,437.42,437.52,9600131.0,IBKR_TRADES,RTH,split_adjusted,traded_shares,2026-09-09T00:39:13.631182+00:00,4
2024-02-23 16:00:00,QQQ,437.52,438.62,435.79,437.46,12530027.0,IBKR_TRADES,RTH,split_adjusted,traded_shares,2026-09-09T00:39:13.631182+00:00,4
2024-02-23 20:00:00,QQQ,437.46,437.59,436.23,436.74,5781539.0,IBKR_TRADES,RTH,split_adjusted,traded_shares,2026-09-09T00:39:13.631182+00:00,4
2024-02-26 14:30:00,QQQ,437.6,438.4,436.35,437.58,7951154.999999999,IBKR_TRADES,RTH,split_adjusted,traded_shares,2026-09-09T00:39:13.631182+00:00,4
2024-02-26 16:00:00,QQQ,437.61,438.6,436.69,437.54,11294161.0,IBKR_TRADES,RTH,split_adjusted,traded_shares,2026-09-09T00:39:13.631182+00:00,4
2024-02-26 20:00:00,QQQ,437.55,438.02,436.52,436.63,4136454.0,IBKR_TRADES,RTH,split_adjusted,traded_shares,2026-09-09T00:39:13.631182+00:00,4
2024-02-27 14:30:00,QQQ,437.67,437.99,435.81,437.54,8329063.000000001,IBKR_TRADES,RTH,split_adjusted,traded_shares,2026-09-09T00:39:13.631182+00:00,4
2024-02-27 16:00:00,QQQ,437.54,437.94,435.02,437.87,12096120.0,IBKR_TRADES,RTH,split_adjusted,traded_shares,2026-09-09T00:39:13.631182+00:00,4
2024-02-27 20:00:00,QQQ,437.87,437.96,437.26,437.62,4464910.0,IBKR_TRADES,RTH,split_adjusted,traded_shares,2026-09-09T00:39:13.631182+00:00,4
2024-02-28 14:30:00,QQQ,435.44,435.98,434.3,435.54,7372521.0,IBKR_TRADES,RTH,split_adjusted,traded_shares,2026-09-09T00:39:13.631182+00:00,4
2024-02-28 16:00:00,QQQ,435.55,436.67,434.47,435.2,12109391.0,IBKR_TRADES,RTH,split_adjusted,traded_shares,2026-09-09T00:39:13.631182+00:00,4
2024-02-28 20:00:00,QQQ,435.21,435.6,434.65,435.28,4525433.0,IBKR_TRADES,RTH,split_adjusted,traded_shares,2026-09-09T00:39:13.631182+00:00,4
2024-02-29 14:30:00,QQQ,438.23,439.27,437.02,437.59,9323446.0,IBKR_TRADES,RTH,split_adjusted,traded_shares,2026-09-09T00:39:13.631182+00:00,4
2024-02-29 16:00:00,QQQ,437.59,438.88,435.02,438.37,13433927.0,IBKR_TRADES,RTH,split_adjusted,traded_shares,2026-09-09T00:39:13.631182+00:00,4
2024-02-29 20:00:00,QQQ,438.36,440.09,437.95,439.12,6829058.0,IBKR_TRADES,RTH,split_adjusted,traded_shares,2026-09-09T00:39:13.631182+00:00,4
2024-03-01 14:30:00,QQQ,439.9,442.49,439.84,442.21,8836437.0,IBKR_TRADES,RTH,split_adjusted,traded_shares,2026-09-09T00:39:13.631182+00:00,4
2024-03-01 16:00:00,QQQ,442.2,446.58,442.13,446.43,14330758.0,IBKR_TRADES,RTH,split_adjusted,traded_shares,2026-09-09T00:39:13.631182+00:00,4
2024-03-01 20:00:00,QQQ,446.43,446.43,445.33,445.67,6354239.0,IBKR_TRADES,RTH,split_adjusted,traded_shares,2026-09-09T00:39:13.631182+00:00,4
2024-03-04 14:30:00,QQQ,445.61,445.73,444.43,445.44,7676751.999999999,IBKR_TRADES,RTH,split_adjusted,traded_shares,2026-09-09T00:39:13.631182+00:00,4
2024-03-04 16:00:00,QQQ,445.45,446.01,444.2,445.69,9966143.0,IBKR_TRADES,RTH,split_adjusted,traded_shares,2026-09-09T00:39:13.631182+00:00,4
2024-03-04 20:00:00,QQQ,445.69,446.04,443.77,443.91,6511837.0,IBKR_TRADES,RTH,split_adjusted,traded_shares,2026-09-09T00:39:13.631182+00:00,4
2024-03-05 14:30:00,QQQ,440.94,440.95,435.54,436.26,13876913.0,IBKR_TRADES,RTH,split_adjusted,traded_shares,2026-09-09T00:39:13.631182+00:00,4
2024-03-05 16:00:00,QQQ,436.29,437.19,434.0,434.26,15709700.999999998,IBKR_TRADES,RTH,split_adjusted,traded_shares,2026-09-09T00:39:13.631182+00:00,4
2024-03-05 20:00:00,QQQ,434.25,436.16,433.65,436.06,9024060.0,IBKR_TRADES,RTH,split_adjusted,traded_shares,2026-09-09T00:39:13.631182+00:00,4
2024-03-06 14:30:00,QQQ,440.32,440.83,436.89,439.65,11849735.0,IBKR_TRADES,RTH,split_adjusted,traded_shares,2026-09-09T00:39:13.631182+00:00,4
2024-03-06 16:00:00,QQQ,439.64,441.99,437.84,438.47,17569963.0,IBKR_TRADES,RTH,split_adjusted,traded_shares,2026-09-09T00:39:13.631182+00:00,4
2024-03-06 20:00:00,QQQ,438.46,439.31,437.4,438.86,5915132.0,IBKR_TRADES,RTH,split_adjusted,traded_shares,2026-09-09T00:39:13.631182+00:00,4
2024-03-07 14:30:00,QQQ,442.39,444.82,440.86,444.05,9688189.0,IBKR_TRADES,RTH,split_adjusted,traded_shares,2026-09-09T00:39:13.631182+00:00,4
2024-03-07 16:00:00,QQQ,444.06,446.72,443.84,445.91,12867874.0,IBKR_TRADES,RTH,split_adjusted,traded_shares,2026-09-09T00:39:13.631182+00:00,4
2024-03-07 20:00:00,QQQ,445.91,446.25,444.98,445.52,7920702.0,IBKR_TRADES,RTH,split_adjusted,traded_shares,2026-09-09T00:39:13.631182+00:00,4
2024-03-08 14:30:00,QQQ,445.81,448.64,445.07,447.28,10374659.0,IBKR_TRADES,RTH,split_adjusted,traded_shares,2026-09-09T00:39:13.631182+00:00,4
2024-03-08 16:00:00,QQQ,447.24,447.4,438.34,441.53,33224353.000000004,IBKR_TRADES,RTH,split_adjusted,traded_shares,2026-09-09T00:39:13.631182+00:00,4
2024-03-08 20:00:00,QQQ,441.52,442.14,438.98,439.0,10004675.0,IBKR_TRADES,RTH,split_adjusted,traded_shares,2026-09-09T00:39:13.631182+00:00,4
2024-03-11 13:30:00,QQQ,437.51,438.63,435.44,438.06,15932349.0,IBKR_TRADES,RTH,split_adjusted,traded_shares,2026-09-09T00:39:13.631182+00:00,4
2024-03-11 16:00:00,QQQ,438.05,438.66,436.65,437.35,15663668.999999998,IBKR_TRADES,RTH,split_adjusted,traded_shares,2026-09-09T00:39:13.631182+00:00,4
2024-03-12 13:30:00,QQQ,439.74,443.2,436.46,442.34,18471800.0,IBKR_TRADES,RTH,split_adjusted,traded_shares,2026-09-09T00:39:13.631182+00:00,4
2024-03-12 16:00:00,QQQ,442.35,444.02,440.07,443.68,19078994.0,IBKR_TRADES,RTH,split_adjusted,traded_shares,2026-09-09T00:39:13.631182+00:00,4
2024-03-13 13:30:00,QQQ,442.64,442.67,439.12,440.39,12788379.0,IBKR_TRADES,RTH,split_adjusted,traded_shares,2026-09-09T00:39:13.631182+00:00,4
2024-03-13 16:00:00,QQQ,440.39,441.97,439.22,440.23,14607839.0,IBKR_TRADES,RTH,split_adjusted,traded_shares,2026-09-09T00:39:13.631182+00:00,4
2024-03-14 13:30:00,QQQ,441.5,442.03,437.39,439.77,16182127.0,IBKR_TRADES,RTH,split_adjusted,traded_shares,2026-09-09T00:39:13.631182+00:00,4
2024-03-14 16:00:00,QQQ,439.77,440.44,436.39,439.19,20095613.0,IBKR_TRADES,RTH,split_adjusted,traded_shares,2026-09-09T00:39:13.631182+00:00,4
2024-03-15 13:30:00,QQQ,436.07,436.78,433.3,434.11,17525945.0,IBKR_TRADES,RTH,split_adjusted,traded_shares,2026-09-09T00:39:13.631182+00:00,4
2024-03-15 16:00:00,QQQ,434.1,435.09,432.74,433.88,18527768.0,IBKR_TRADES,RTH,split_adjusted,traded_shares,2026-09-09T00:39:13.631182+00:00,4
2024-03-18 13:30:00,QQQ,438.73,441.04,438.57,439.02,16010835.0,IBKR_TRADES,RTH,split_adjusted,traded_shares,2026-09-09T00:39:13.631182+00:00,4
2024-03-18 16:00:00,QQQ,439.02,439.48,437.24,437.47,13546998.0,IBKR_TRADES,RTH,split_adjusted,traded_shares,2026-09-09T00:39:13.631182+00:00,4
2024-03-19 13:30:00,QQQ,435.45,436.13,433.33,435.87,12875074.0,IBKR_TRADES,RTH,split_adjusted,traded_shares,2026-09-09T00:39:13.631182+00:00,4
2024-03-19 16:00:00,QQQ,435.86,438.98,435.59,438.58,17013710.0,IBKR_TRADES,RTH,split_adjusted,traded_shares,2026-09-09T00:39:13.631182+00:00,4
2024-03-20 13:30:00,QQQ,439.78,440.16,438.06,438.89,6901257.0,IBKR_TRADES,RTH,split_adjusted,traded_shares,2026-09-09T00:39:13.631182+00:00,4
2024-03-20 16:00:00,QQQ,438.86,444.11,438.08,443.81,22504112.0,IBKR_TRADES,RTH,split_adjusted,traded_shares,2026-09-09T00:39:13.631182+00:00,4
2024-03-21 13:30:00,QQQ,448.88,449.32,447.22,448.75,12553764.0,IBKR_TRADES,RTH,split_adjusted,traded_shares,2026-09-09T00:39:13.631182+00:00,4
2024-03-21 16:00:00,QQQ,448.75,449.34,445.67,445.79,14584058.0,IBKR_TRADES,RTH,split_adjusted,traded_shares,2026-09-09T00:39:13.631182+00:00,4
2024-03-22 13:30:00,QQQ,445.35,446.04,444.49,445.89,7504770.0,IBKR_TRADES,RTH,split_adjusted,traded_shares,2026-09-09T00:39:13.631182+00:00,4
2024-03-22 16:00:00,QQQ,445.91,447.49,445.17,446.22,12260309.0,IBKR_TRADES,RTH,split_adjusted,traded_shares,2026-09-09T00:39:13.631182+00:00,4
2024-03-25 13:30:00,QQQ,443.55,445.83,442.54,445.47,10138371.0,IBKR_TRADES,RTH,split_adjusted,traded_shares,2026-09-09T00:39:13.631182+00:00,4
2024-03-25 16:00:00,QQQ,445.46,446.26,444.7,444.74,10282901.0,IBKR_TRADES,RTH,split_adjusted,traded_shares,2026-09-09T00:39:13.631182+00:00,4
2024-03-26 13:30:00,QQQ,446.29,447.23,445.43,446.54,9315867.0,IBKR_TRADES,RTH,split_adjusted,traded_shares,2026-09-09T00:39:13.631182+00:00,4
2024-03-26 16:00:00,QQQ,446.55,446.75,443.09,443.3,14993318.0,IBKR_TRADES,RTH,split_adjusted,traded_shares,2026-09-09T00:39:13.631182+00:00,4
2024-03-27 13:30:00,QQQ,446.43,446.54,441.93,442.33,12836663.0,IBKR_TRADES,RTH,split_adjusted,traded_shares,2026-09-09T00:39:13.631182+00:00,4
2024-03-27 16:00:00,QQQ,442.32,444.98,442.23,444.93,14379307.0,IBKR_TRADES,RTH,split_adjusted,traded_shares,2026-09-09T00:39:13.631182+00:00,4
2024-03-28 13:30:00,QQQ,444.79,445.64,443.76,445.0,9511790.0,IBKR_TRADES,RTH,split_adjusted,traded_shares,2026-09-09T00:39:13.631182+00:00,4
2024-03-28 16:00:00,QQQ,445.01,445.15,443.65,443.99,15331909.000000002,IBKR_TRADES,RTH,split_adjusted,traded_shares,2026-09-09T00:39:13.631182+00:00,4
2024-04-01 13:30:00,QQQ,444.97,447.53,443.18,443.26,16592874.000000002,IBKR_TRADES,RTH,split_adjusted,traded_shares,2026-09-09T00:39:13.631182+00:00,4
2024-04-01 16:00:00,QQQ,443.27,445.39,443.02,444.99,13446725.0,IBKR_TRADES,RTH,split_adjusted,traded_shares,2026-09-09T00:39:13.631182+00:00,4
2024-04-02 13:30:00,QQQ,440.08,440.19,438.03,438.78,15712580.0,IBKR_TRADES,RTH,split_adjusted,traded_shares,2026-09-09T00:39:13.631182+00:00,4
2024-04-02 16:00:00,QQQ,438.77,441.43,438.74,441.07,15329250.000000002,IBKR_TRADES,RTH,split_adjusted,traded_shares,2026-09-09T00:39:13.631182+00:00,4
2024-04-03 13:30:00,QQQ,438.96,444.0,438.95,442.87,12287968.0,IBKR_TRADES,RTH,split_adjusted,traded_shares,2026-09-09T00:39:13.631182+00:00,4
2024-04-03 16:00:00,QQQ,442.88,443.71,440.46,442.05,15368543.0,IBKR_TRADES,RTH,split_adjusted,traded_shares,2026-09-09T00:39:13.631182+00:00,4
2024-04-04 13:30:00,QQQ,446.33,446.95,444.91,446.2,10176691.0,IBKR_TRADES,RTH,split_adjusted,traded_shares,2026-09-09T00:39:13.631182+00:00,4
2024-04-04 16:00:00,QQQ,446.2,446.93,435.11,435.24,31596552.000000004,IBKR_TRADES,RTH,split_adjusted,traded_shares,2026-09-09T00:39:13.631182+00:00,4
2024-04-05 13:30:00,QQQ,436.78,442.21,435.96,441.96,17007724.0,IBKR_TRADES,RTH,split_adjusted,traded_shares,2026-09-09T00:39:13.631182+00:00,4
2024-04-05 16:00:00,QQQ,441.97,443.17,439.45,440.51,22486504.0,IBKR_TRADES,RTH,split_adjusted,traded_shares,2026-09-09T00:39:13.631182+00:00,4
2024-04-08 13:30:00,QQQ,441.42,442.5,439.2,440.75,9880766.0,IBKR_TRADES,RTH,split_adjusted,traded_shares,2026-09-09T00:39:13.631182+00:00,4
2024-04-08 16:00:00,QQQ,440.77,441.45,439.58,440.62,10843236.0,IBKR_TRADES,RTH,split_adjusted,traded_shares,2026-09-09T00:39:13.631182+00:00,4
2024-04-09 13:30:00,QQQ,442.94,443.24,437.44,439.85,14800276.0,IBKR_TRADES,RTH,split_adjusted,traded_shares,2026-09-09T00:39:13.631182+00:00,4
2024-04-09 16:00:00,QQQ,439.83,442.33,438.73,442.26,15226899.000000002,IBKR_TRADES,RTH,split_adjusted,traded_shares,2026-09-09T00:39:13.631182+00:00,4
2024-04-10 13:30:00,QQQ,437.0,439.24,436.28,437.15,19620329.0,IBKR_TRADES,RTH,split_adjusted,traded_shares,2026-09-09T00:39:13.631182+00:00,4
2024-04-10 16:00:00,QQQ,437.14,439.06,436.39,438.28,22454003.0,IBKR_TRADES,RTH,split_adjusted,traded_shares,2026-09-09T00:39:13.631182+00:00,4
2024-04-11 13:30:00,QQQ,440.25,441.61,437.96,441.49,12501864.0,IBKR_TRADES,RTH,split_adjusted,traded_shares,2026-09-09T00:39:13.631182+00:00,4
2024-04-11 16:00:00,QQQ,441.5,446.33,440.79,445.46,18893964.0,IBKR_TRADES,RTH,split_adjusted,traded_shares,2026-09-09T00:39:13.631182+00:00,4
2024-04-12 13:30:00,QQQ,441.1,442.24,438.66,440.16,15991072.000000002,IBKR_TRADES,RTH,split_adjusted,traded_shares,2026-09-09T00:39:13.631182+00:00,4
2024-04-12 16:00:00,QQQ,440.18,440.43,436.88,438.31,21840584.0,IBKR_TRADES,RTH,split_adjusted,traded_shares,2026-09-09T00:39:13.631182+00:00,4
2024-04-15 13:30:00,QQQ,442.06,442.15,437.82,439.09,14787615.0,IBKR_TRADES,RTH,split_adjusted,traded_shares,2026-09-09T00:39:13.631182+00:00,4
2024-04-15 16:00:00,QQQ,439.09,439.48,430.21,430.99,31049305.0,IBKR_TRADES,RTH,split_adjusted,traded_shares,2026-09-09T00:39:13.631182+00:00,4
2024-04-16 13:30:00,QQQ,430.89,432.53,429.78,431.42,14127861.0,IBKR_TRADES,RTH,split_adjusted,traded_shares,2026-09-09T00:39:13.631182+00:00,4
2024-04-16 16:00:00,QQQ,431.42,433.76,429.7,431.09,20550238.0,IBKR_TRADES,RTH,split_adjusted,traded_shares,2026-09-09T00:39:13.631182+00:00,4
2024-04-17 13:30:00,QQQ,433.1,433.12,427.54,428.04,14604883.0,IBKR_TRADES,RTH,split_adjusted,traded_shares,2026-09-09T00:39:13.631182+00:00,4
2024-04-17 16:00:00,QQQ,428.04,429.25,424.9,425.8,25176482.0,IBKR_TRADES,RTH,split_adjusted,traded_shares,2026-09-09T00:39:13.631182+00:00,4
2024-04-18 13:30:00,QQQ,426.48,428.24,423.53,426.96,14771612.0,IBKR_TRADES,RTH,split_adjusted,traded_shares,2026-09-09T00:39:13.631182+00:00,4
2024-04-18 16:00:00,QQQ,426.96,427.43,422.83,423.36,17406214.0,IBKR_TRADES,RTH,split_adjusted,traded_shares,2026-09-09T00:39:13.631182+00:00,4
2024-04-19 13:30:00,QQQ,422.22,422.75,417.28,417.32,18719530.0,IBKR_TRADES,RTH,split_adjusted,traded_shares,2026-09-09T00:39:13.631182+00:00,4
2024-04-19 16:00:00,QQQ,417.31,418.52,413.07,414.65,31825684.000000004,IBKR_TRADES,RTH,split_adjusted,traded_shares,2026-09-09T00:39:13.631182+00:00,4
2024-04-22 13:30:00,QQQ,417.31,418.33,413.94,416.41,13794038.0,IBKR_TRADES,RTH,split_adjusted,traded_shares,2026-09-09T00:39:13.631182+00:00,4
2024-04-22 16:00:00,QQQ,416.42,421.18,416.02,418.87,17130949.0,IBKR_TRADES,RTH,split_adjusted,traded_shares,2026-09-09T00:39:13.631182+00:00,4
2024-04-23 13:30:00,QQQ,420.76,425.08,420.42,424.03,14861355.0,IBKR_TRADES,RTH,split_adjusted,traded_shares,2026-09-09T00:39:13.631182+00:00,4
2024-04-23 16:00:00,QQQ,424.03,426.28,424.03,425.16,14567570.0,IBKR_TRADES,RTH,split_adjusted,traded_shares,2026-09-09T00:39:13.631182+00:00,4
2024-04-24 13:30:00,QQQ,428.2,429.73,425.05,425.16,14469430.0,IBKR_TRADES,RTH,split_adjusted,traded_shares,2026-09-09T00:39:13.631182+00:00,4
2024-04-24 16:00:00,QQQ,425.14,427.56,424.2,426.42,16987828.0,IBKR_TRADES,RTH,split_adjusted,traded_shares,2026-09-09T00:39:13.631182+00:00,4
2024-04-25 13:30:00,QQQ,419.24,421.53,418.14,420.74,18766520.0,IBKR_TRADES,RTH,split_adjusted,traded_shares,2026-09-09T00:39:13.631182+00:00,4
2024-04-25 16:00:00,QQQ,420.69,425.32,420.34,424.38,19509533.0,IBKR_TRADES,RTH,split_adjusted,traded_shares,2026-09-09T00:39:13.631182+00:00,4
2024-04-26 13:30:00,QQQ,427.62,432.17,426.92,431.28,17174157.0,IBKR_TRADES,RTH,split_adjusted,traded_shares,2026-09-09T00:39:13.631182+00:00,4
2024-04-26 16:00:00,QQQ,431.28,432.55,430.76,431.05,12173476.0,IBKR_TRADES,RTH,split_adjusted,traded_shares,2026-09-09T00:39:13.631182+00:00,4
2024-04-29 13:30:00,QQQ,433.12,433.76,430.9,432.29,9765371.0,IBKR_TRADES,RTH,split_adjusted,traded_shares,2026-09-09T00:39:13.631182+00:00,4
2024-04-29 16:00:00,QQQ,432.31,433.35,429.98,432.74,12296702.0,IBKR_TRADES,RTH,split_adjusted,traded_shares,2026-09-09T00:39:13.631182+00:00,4
2024-04-30 13:30:00,QQQ,431.15,432.56,428.65,429.43,9477361.0,IBKR_TRADES,RTH,split_adjusted,traded_shares,2026-09-09T00:39:13.631182+00:00,4
2024-04-30 16:00:00,QQQ,429.43,429.7,424.51,424.53,17877240.0,IBKR_TRADES,RTH,split_adjusted,traded_shares,2026-09-09T00:39:13.631182+00:00,4
2024-05-01 13:30:00,QQQ,423.15,423.52,420.97,421.2,10988459.0,IBKR_TRADES,RTH,split_adjusted,traded_shares,2026-09-09T00:39:13.631182+00:00,4
2024-05-01 16:00:00,QQQ,421.19,430.14,420.66,421.45,26995831.0,IBKR_TRADES,RTH,split_adjusted,traded_shares,2026-09-09T00:39:13.631182+00:00,4
2024-05-02 13:30:00,QQQ,425.29,425.76,420.63,424.81,12365327.0,IBKR_TRADES,RTH,split_adjusted,traded_shares,2026-09-09T00:39:13.631182+00:00,4
2024-05-02 16:00:00,QQQ,424.82,427.81,423.18,426.93,12488742.0,IBKR_TRADES,RTH,split_adjusted,traded_shares,2026-09-09T00:39:13.631182+00:00,4
2024-05-03 13:30:00,QQQ,434.44,436.48,432.62,435.1,17673437.0,IBKR_TRADES,RTH,split_adjusted,traded_shares,2026-09-09T00:39:13.631182+00:00,4
2024-05-03 16:00:00,QQQ,435.09,436.07,434.51,435.48,12647138.0,IBKR_TRADES,RTH,split_adjusted,traded_shares,2026-09-09T00:39:13.631182+00:00,4
2024-05-06 13:30:00,QQQ,437.3,438.5,436.52,438.22,9096590.0,IBKR_TRADES,RTH,split_adjusted,traded_shares,2026-09-09T00:39:13.631182+00:00,4
2024-05-06 16:00:00,QQQ,438.22,440.34,437.17,440.33,12718828.0,IBKR_TRADES,RTH,split_adjusted,traded_shares,2026-09-09T00:39:13.631182+00:00,4
2024-05-07 13:30:00,QQQ,440.7,441.92,439.98,441.67,9286822.0,IBKR_TRADES,RTH,split_adjusted,traded_shares,2026-09-09T00:39:13.631182+00:00,4
2024-05-07 16:00:00,QQQ,441.7,441.97,439.58,440.29,11156433.0,IBKR_TRADES,RTH,split_adjusted,traded_shares,2026-09-09T00:39:13.631182+00:00,4
2024-05-08 13:30:00,QQQ,437.66,441.48,437.55,439.86,8359525.0,IBKR_TRADES,RTH,split_adjusted,traded_shares,2026-09-09T00:39:13.631182+00:00,4
2024-05-08 16:00:00,QQQ,439.86,440.48,439.01,440.08,9592322.0,IBKR_TRADES,RTH,split_adjusted,traded_shares,2026-09-09T00:39:13.631182+00:00,4
2024-05-09 13:30:00,QQQ,440.33,441.56,438.46,440.16,9096298.0,IBKR_TRADES,RTH,split_adjusted,traded_shares,2026-09-09T00:39:13.631182+00:00,4
2024-05-09 16:00:00,QQQ,440.17,441.6,439.96,441.03,9314201.0,IBKR_TRADES,RTH,split_adjusted,traded_shares,2026-09-09T00:39:13.631182+00:00,4
2024-05-10 13:30:00,QQQ,442.52,444.31,440.49,441.63,11505449.0,IBKR_TRADES,RTH,split_adjusted,traded_shares,2026-09-09T00:39:13.631182+00:00,4
2024-05-10 16:00:00,QQQ,441.63,442.44,440.94,442.06,8767033.0,IBKR_TRADES,RTH,split_adjusted,traded_shares,2026-09-09T00:39:13.631182+00:00,4
2024-05-13 13:30:00,QQQ,443.99,444.09,442.08,443.07,7697911.0,IBKR_TRADES,RTH,split_adjusted,traded_shares,2026-09-09T00:39:13.631182+00:00,4
2024-05-13 16:00:00,QQQ,443.06,443.44,441.65,443.1,7313345.0,IBKR_TRADES,RTH,split_adjusted,traded_shares,2026-09-09T00:39:13.631182+00:00,4
2024-05-14 13:30:00,QQQ,442.65,444.97,442.46,443.77,12032216.0,IBKR_TRADES,RTH,split_adjusted,traded_shares,2026-09-09T00:39:13.631182+00:00,4
2024-05-14 16:00:00,QQQ,443.77,446.47,443.24,445.97,13514813.0,IBKR_TRADES,RTH,split_adjusted,traded_shares,2026-09-09T00:39:13.631182+00:00,4
2024-05-15 13:30:00,QQQ,448.43,450.79,446.9,450.45,11795063.0,IBKR_TRADES,RTH,split_adjusted,traded_shares,2026-09-09T00:39:13.631182+00:00,4
2024-05-15 16:00:00,QQQ,450.47,453.15,450.05,452.86,15558993.999999998,IBKR_TRADES,RTH,split_adjusted,traded_shares,2026-09-09T00:39:13.631182+00:00,4
2024-05-16 13:30:00,QQQ,452.71,454.69,452.53,454.23,9676237.0,IBKR_TRADES,RTH,split_adjusted,traded_shares,2026-09-09T00:39:13.631182+00:00,4
2024-05-16 16:00:00,QQQ,454.22,454.22,451.81,451.96,14661132.0,IBKR_TRADES,RTH,split_adjusted,traded_shares,2026-09-09T00:39:13.631182+00:00,4
2024-05-17 13:30:00,QQQ,452.11,452.72,451.35,452.15,8325434.999999999,IBKR_TRADES,RTH,split_adjusted,traded_shares,2026-09-09T00:39:13.631182+00:00,4
2024-05-17 16:00:00,QQQ,452.16,452.32,449.53,451.77,12573714.0,IBKR_TRADES,RTH,split_adjusted,traded_shares,2026-09-09T00:39:13.631182+00:00,4
2024-05-20 13:30:00,QQQ,451.98,455.01,451.78,454.33,7573928.999999999,IBKR_TRADES,RTH,split_adjusted,traded_shares,2026-09-09T00:39:13.631182+00:00,4
2024-05-20 16:00:00,QQQ,454.33,455.58,453.48,454.92,10059449.0,IBKR_TRADES,RTH,split_adjusted,traded_shares,2026-09-09T00:39:13.631182+00:00,4
2024-05-21 13:30:00,QQQ,453.02,454.92,452.84,454.47,6152733.0,IBKR_TRADES,RTH,split_adjusted,traded_shares,2026-09-09T00:39:13.631182+00:00,4
2024-05-21 16:00:00,QQQ,454.46,455.99,454.2,455.79,7668566.0,IBKR_TRADES,RTH,split_adjusted,traded_shares,2026-09-09T00:39:13.631182+00:00,4
2024-05-22 13:30:00,QQQ,456.06,456.82,455.62,456.36,5225529.0,IBKR_TRADES,RTH,split_adjusted,traded_shares,2026-09-09T00:39:13.631182+00:00,4
2024-05-22 16:00:00,QQQ,456.36,456.67,453.08,455.68,10314033.0,IBKR_TRADES,RTH,split_adjusted,traded_shares,2026-09-09T00:39:13.631182+00:00,4
2024-05-23 13:30:00,QQQ,460.57,460.58,456.19,458.92,12275130.0,IBKR_TRADES,RTH,split_adjusted,traded_shares,2026-09-09T00:39:13.631182+00:00,4
2024-05-23 16:00:00,QQQ,458.92,459.37,451.85,453.65,15089772.0,IBKR_TRADES,RTH,split_adjusted,traded_shares,2026-09-09T00:39:13.631182+00:00,4
2024-05-24 13:30:00,QQQ,455.28,459.06,454.58,458.52,8575405.0,IBKR_TRADES,RTH,split_adjusted,traded_shares,2026-09-09T00:39:13.631182+00:00,4
2024-05-24 16:00:00,QQQ,458.52,459.23,457.05,458.01,8955762.0,IBKR_TRADES,RTH,split_adjusted,traded_shares,2026-09-09T00:39:13.631182+00:00,4
2024-05-28 13:30:00,QQQ,459.18,459.56,457.09,459.18,7247703.0,IBKR_TRADES,RTH,split_adjusted,traded_shares,2026-09-09T00:39:13.631182+00:00,4
2024-05-28 16:00:00,QQQ,459.18,459.74,456.69,459.67,11392768.0,IBKR_TRADES,RTH,split_adjusted,traded_shares,2026-09-09T00:39:13.631182+00:00,4
2024-05-29 13:30:00,QQQ,455.48,458.24,455.34,457.53,7029984.0,IBKR_TRADES,RTH,split_adjusted,traded_shares,2026-09-09T00:39:13.631182+00:00,4
2024-05-29 16:00:00,QQQ,457.5,458.18,455.92,456.51,9405172.0,IBKR_TRADES,RTH,split_adjusted,traded_shares,2026-09-09T00:39:13.631182+00:00,4
2024-05-30 13:30:00,QQQ,455.51,455.64,452.1,453.16,8160259.0,IBKR_TRADES,RTH,split_adjusted,traded_shares,2026-09-09T00:39:13.631182+00:00,4
2024-05-30 16:00:00,QQQ,453.18,454.61,450.21,451.55,10794001.0,IBKR_TRADES,RTH,split_adjusted,traded_shares,2026-09-09T00:39:13.631182+00:00,4
2024-05-31 13:30:00,QQQ,451.79,452.48,444.35,444.5,13080055.0,IBKR_TRADES,RTH,split_adjusted,traded_shares,2026-09-09T00:39:13.631182+00:00,4
2024-05-31 16:00:00,QQQ,444.49,451.76,443.05,451.71,21227495.0,IBKR_TRADES,RTH,split_adjusted,traded_shares,2026-09-09T00:39:13.631182+00:00,4
2024-06-03 13:30:00,QQQ,454.57,455.58,450.98,451.97,10908141.0,IBKR_TRADES,RTH,split_adjusted,traded_shares,2026-09-09T00:39:13.631182+00:00,4
2024-06-03 16:00:00,QQQ,451.97,453.19,447.9,453.15,11960385.0,IBKR_TRADES,RTH,split_adjusted,traded_shares,2026-09-09T00:39:13.631182+00:00,4
2024-06-04 13:30:00,QQQ,452.85,453.46,451.13,451.56,7349688.0,IBKR_TRADES,RTH,split_adjusted,traded_shares,2026-09-09T00:39:13.631182+00:00,4
2024-06-04 16:00:00,QQQ,451.54,455.58,451.2,454.35,9716486.0,IBKR_TRADES,RTH,split_adjusted,traded_shares,2026-09-09T00:39:13.631182+00:00,4
2024-06-05 13:30:00,QQQ,457.98,461.3,456.77,460.76,10211496.0,IBKR_TRADES,RTH,split_adjusted,traded_shares,2026-09-09T00:39:13.631182+00:00,4
2024-06-05 16:00:00,QQQ,460.76,463.61,460.53,463.59,13059133.0,IBKR_TRADES,RTH,split_adjusted,traded_shares,2026-09-09T00:39:13.631182+00:00,4
2024-06-06 13:30:00,QQQ,464.22,464.54,462.48,463.3,7207327.0,IBKR_TRADES,RTH,split_adjusted,traded_shares,2026-09-09T00:39:13.631182+00:00,4
2024-06-06 16:00:00,QQQ,463.29,463.97,462.19,463.41,7525581.0,IBKR_TRADES,RTH,split_adjusted,traded_shares,2026-09-09T00:39:13.631182+00:00,4
2024-06-07 13:30:00,QQQ,463.0,465.7,461.84,464.02,5926234.0,IBKR_TRADES,RTH,split_adjusted,traded_shares,2026-09-09T00:39:13.631182+00:00,4
2024-06-07 16:00:00,QQQ,464.04,465.74,461.94,462.97,9079578.0,IBKR_TRADES,RTH,split_adjusted,traded_shares,2026-09-09T00:39:13.631182+00:00,4
2024-06-10 13:30:00,QQQ,461.82,464.81,461.53,464.19,5419423.0,IBKR_TRADES,RTH,split_adjusted,traded_shares,2026-09-09T00:39:13.631182+00:00,4
2024-06-10 16:00:00,QQQ,464.2,465.19,462.87,464.79,8991900.0,IBKR_TRADES,RTH,split_adjusted,traded_shares,2026-09-09T00:39:13.631182+00:00,4
2024-06-11 13:30:00,QQQ,463.56,465.48,462.03,464.03,7599402.999999999,IBKR_TRADES,RTH,split_adjusted,traded_shares,2026-09-09T00:39:13.631182+00:00,4
2024-06-11 16:00:00,QQQ,464.05,468.14,463.98,468.05,8602268.0,IBKR_TRADES,RTH,split_adjusted,traded_shares,2026-09-09T00:39:13.631182+00:00,4
2024-06-12 13:30:00,QQQ,471.99,475.43,471.29,474.71,10360157.0,IBKR_TRADES,RTH,split_adjusted,traded_shares,2026-09-09T00:39:13.631182+00:00,4
2024-06-12 16:00:00,QQQ,474.68,476.5,472.72,474.14,12950406.0,IBKR_TRADES,RTH,split_adjusted,traded_shares,2026-09-09T00:39:13.631182+00:00,4
2024-06-13 13:30:00,QQQ,477.72,478.39,475.25,476.53,8688788.0,IBKR_TRADES,RTH,split_adjusted,traded_shares,2026-09-09T00:39:13.631182+00:00,4
2024-06-13 16:00:00,QQQ,476.54,477.64,474.42,476.71,8875316.0,IBKR_TRADES,RTH,split_adjusted,traded_shares,2026-09-09T00:39:13.631182+00:00,4
2024-06-14 13:30:00,QQQ,476.52,478.27,476.05,477.53,7640073.0,IBKR_TRADES,RTH,split_adjusted,traded_shares,2026-09-09T00:39:13.631182+00:00,4
2024-06-14 16:00:00,QQQ,477.51,479.26,477.12,479.17,7699505.0,IBKR_TRADES,RTH,split_adjusted,traded_shares,2026-09-09T00:39:13.631182+00:00,4
2024-06-17 13:30:00,QQQ,479.46,481.05,478.14,480.82,7489411.0,IBKR_TRADES,RTH,split_adjusted,traded_shares,2026-09-09T00:39:13.631182+00:00,4
2024-06-17 16:00:00,QQQ,480.82,486.86,480.66,485.05,16574394.999999998,IBKR_TRADES,RTH,split_adjusted,traded_shares,2026-09-09T00:39:13.631182+00:00,4
2024-06-18 13:30:00,QQQ,485.0,485.68,483.43,484.89,7545913.0,IBKR_TRADES,RTH,split_adjusted,traded_shares,2026-09-09T00:39:13.631182+00:00,4
2024-06-18 16:00:00,QQQ,484.88,485.9,484.26,485.24,8303662.999999999,IBKR_TRADES,RTH,split_adjusted,traded_shares,2026-09-09T00:39:13.631182+00:00,4
2024-06-20 13:30:00,QQQ,486.42,486.84,483.37,484.49,7841354.0,IBKR_TRADES,RTH,split_adjusted,traded_shares,2026-09-09T00:39:13.631182+00:00,4
2024-06-20 16:00:00,QQQ,484.47,484.82,479.62,481.37,14939756.0,IBKR_TRADES,RTH,split_adjusted,traded_shares,2026-09-09T00:39:13.631182+00:00,4
2024-06-21 13:30:00,QQQ,481.19,482.4,478.67,482.4,8730311.0,IBKR_TRADES,RTH,split_adjusted,traded_shares,2026-09-09T00:39:13.631182+00:00,4
2024-06-21 16:00:00,QQQ,482.41,482.54,479.52,480.08,10156562.0,IBKR_TRADES,RTH,split_adjusted,traded_shares,2026-09-09T00:39:13.631182+00:00,4
2024-06-24 13:30:00,QQQ,478.18,479.93,475.77,478.07,9309563.0,IBKR_TRADES,RTH,split_adjusted,traded_shares,2026-09-09T00:39:13.631182+00:00,4
2024-06-24 16:00:00,QQQ,478.06,478.16,473.82,473.91,13950966.0,IBKR_TRADES,RTH,split_adjusted,traded_shares,2026-09-09T00:39:13.631182+00:00,4
2024-06-25 13:30:00,QQQ,476.07,479.17,475.12,479.13,7262441.0,IBKR_TRADES,RTH,split_adjusted,traded_shares,2026-09-09T00:39:13.631182+00:00,4
2024-06-25 16:00:00,QQQ,479.13,479.68,476.27,479.36,8732340.0,IBKR_TRADES,RTH,split_adjusted,traded_shares,2026-09-09T00:39:13.631182+00:00,4
2024-06-26 13:30:00,QQQ,478.55,480.88,478.13,480.66,7019415.0,IBKR_TRADES,RTH,split_adjusted,traded_shares,2026-09-09T00:39:13.631182+00:00,4
2024-06-26 16:00:00,QQQ,480.67,480.92,478.53,480.39,6723084.0,IBKR_TRADES,RTH,split_adjusted,traded_shares,2026-09-09T00:39:13.631182+00:00,4
2024-06-27 13:30:00,QQQ,480.13,483.1,479.3,480.13,7574694.0,IBKR_TRADES,RTH,split_adjusted,traded_shares,2026-09-09T00:39:13.631182+00:00,4
2024-06-27 16:00:00,QQQ,480.1,482.0,479.92,481.55,6288761.0,IBKR_TRADES,RTH,split_adjusted,traded_shares,2026-09-09T00:39:13.631182+00:00,4
2024-06-28 13:30:00,QQQ,482.41,487.2,481.67,483.34,9848793.0,IBKR_TRADES,RTH,split_adjusted,traded_shares,2026-09-09T00:39:13.631182+00:00,4
2024-06-28 16:00:00,QQQ,483.32,483.48,478.46,478.99,12905445.0,IBKR_TRADES,RTH,split_adjusted,traded_shares,2026-09-09T00:39:13.631182+00:00,4
2024-07-01 13:30:00,QQQ,480.05,480.4,476.25,480.18,9141549.0,IBKR_TRADES,RTH,split_adjusted,traded_shares,2026-09-09T00:39:13.631182+00:00,4
2024-07-01 16:00:00,QQQ,480.18,482.49,479.76,481.94,7937863.999999999,IBKR_TRADES,RTH,split_adjusted,traded_shares,2026-09-09T00:39:13.631182+00:00,4
2024-07-02 13:30:00,QQQ,480.41,484.53,480.28,483.08,7190374.0,IBKR_TRADES,RTH,split_adjusted,traded_shares,2026-09-09T00:39:13.631182+00:00,4
2024-07-02 16:00:00,QQQ,483.02,487.04,482.38,487.01,9070088.0,IBKR_TRADES,RTH,split_adjusted,traded_shares,2026-09-09T00:39:13.631182+00:00,4
2024-07-03 13:30:00,QQQ,486.22,490.19,486.2,490.13,7836235.000000001,IBKR_TRADES,RTH,split_adjusted,traded_shares,2026-09-09T00:39:13.631182+00:00,4
2024-07-03 16:00:00,QQQ,490.11,491.17,489.89,491.0,4963007.0,IBKR_TRADES,RTH,split_adjusted,traded_shares,2026-09-09T00:39:13.631182+00:00,4
2024-07-05 13:30:00,QQQ,491.9,495.78,491.59,495.53,9282173.0,IBKR_TRADES,RTH,split_adjusted,traded_shares,2026-09-09T00:39:13.631182+00:00,4
2024-07-05 16:00:00,QQQ,495.54,496.6,495.06,496.23,9443718.0,IBKR_TRADES,RTH,split_adjusted,traded_shares,2026-09-09T00:39:13.631182+00:00,4
2024-07-08 13:30:00,QQQ,496.53,497.48,495.5,497.41,7469092.0,IBKR_TRADES,RTH,split_adjusted,traded_shares,2026-09-09T00:39:13.631182+00:00,4
2024-07-08 16:00:00,QQQ,497.43,497.9,496.01,497.41,6948788.0,IBKR_TRADES,RTH,split_adjusted,traded_shares,2026-09-09T00:39:13.631182+00:00,4
2024-07-09 13:30:00,QQQ,498.87,500.0,497.56,498.41,8289936.999999999,IBKR_TRADES,RTH,split_adjusted,traded_shares,2026-09-09T00:39:13.631182+00:00,4
2024-07-09 16:00:00,QQQ,498.4,498.69,496.24,497.76,8169639.0,IBKR_TRADES,RTH,split_adjusted,traded_shares,2026-09-09T00:39:13.631182+00:00,4
2024-07-10 13:30:00,QQQ,499.71,500.61,498.39,499.93,7200659.0,IBKR_TRADES,RTH,split_adjusted,traded_shares,2026-09-09T00:39:13.631182+00:00,4
2024-07-10 16:00:00,QQQ,499.91,503.52,499.77,502.98,10780047.0,IBKR_TRADES,RTH,split_adjusted,traded_shares,2026-09-09T00:39:13.631182+00:00,4
2024-07-11 13:30:00,QQQ,503.07,503.28,493.02,493.1,16995334.0,IBKR_TRADES,RTH,split_adjusted,traded_shares,2026-09-09T00:39:13.631182+00:00,4
2024-07-11 16:00:00,QQQ,493.12,494.57,490.72,491.9,17490521.0,IBKR_TRADES,RTH,split_adjusted,traded_shares,2026-09-09T00:39:13.631182+00:00,4
2024-07-12 13:30:00,QQQ,492.51,497.82,492.04,496.12,10284851.0,IBKR_TRADES,RTH,split_adjusted,traded_shares,2026-09-09T00:39:13.631182+00:00,4
2024-07-12 16:00:00,QQQ,496.06,499.62,494.1,494.87,13623042.0,IBKR_TRADES,RTH,split_adjusted,traded_shares,2026-09-09T00:39:13.631182+00:00,4
2024-07-15 13:30:00,QQQ,496.61,501.01,495.92,498.75,9146769.0,IBKR_TRADES,RTH,split_adjusted,traded_shares,2026-09-09T00:39:13.631182+00:00,4
2024-07-15 16:00:00,QQQ,498.72,498.82,494.09,496.16,13128379.0,IBKR_TRADES,RTH,split_adjusted,traded_shares,2026-09-09T00:39:13.631182+00:00,4
2024-07-16 13:30:00,QQQ,497.62,498.44,493.64,495.22,7815925.999999999,IBKR_TRADES,RTH,split_adjusted,traded_shares,2026-09-09T00:39:13.631182+00:00,4
2024-07-16 16:00:00,QQQ,495.26,496.73,493.15,496.38,9518194.0,IBKR_TRADES,RTH,split_adjusted,traded_shares,2026-09-09T00:39:13.631182+00:00,4
2024-07-17 13:30:00,QQQ,488.26,488.8,483.29,484.09,15968215.0,IBKR_TRADES,RTH,split_adjusted,traded_shares,2026-09-09T00:39:13.631182+00:00,4
2024-07-17 16:00:00,QQQ,484.11,484.18,481.7,481.8,16914759.0,IBKR_TRADES,RTH,split_adjusted,traded_shares,2026-09-09T00:39:13.631182+00:00,4
2024-07-18 13:30:00,QQQ,485.52,485.71,476.86,477.16,15832304.999999998,IBKR_TRADES,RTH,split_adjusted,traded_shares,2026-09-09T00:39:13.631182+00:00,4
2024-07-18 16:00:00,QQQ,477.14,481.13,476.27,479.53,16671938.0,IBKR_TRADES,RTH,split_adjusted,traded_shares,2026-09-09T00:39:13.631182+00:00,4
2024-07-19 13:30:00,QQQ,479.17,481.69,475.19,477.87,11471156.0,IBKR_TRADES,RTH,split_adjusted,traded_shares,2026-09-09T00:39:13.631182+00:00,4
2024-07-19 16:00:00,QQQ,477.83,478.09,473.94,475.24,13125584.0,IBKR_TRADES,RTH,split_adjusted,traded_shares,2026-09-09T00:39:13.631182+00:00,4
2024-07-22 13:30:00,QQQ,481.17,482.86,477.76,479.06,12989889.0,IBKR_TRADES,RTH,split_adjusted,traded_shares,2026-09-09T00:39:13.631182+00:00,4
2024-07-22 16:00:00,QQQ,479.08,483.35,478.38,482.32,10505011.0,IBKR_TRADES,RTH,split_adjusted,traded_shares,2026-09-09T00:39:13.631182+00:00,4
2024-07-23 13:30:00,QQQ,481.42,484.43,480.7,483.24,7486805.0,IBKR_TRADES,RTH,split_adjusted,traded_shares,2026-09-09T00:39:13.631182+00:00,4
2024-07-23 16:00:00,QQQ,483.23,483.42,480.14,480.62,7488203.0,IBKR_TRADES,RTH,split_adjusted,traded_shares,2026-09-09T00:39:13.631182+00:00,4
2024-07-24 13:30:00,QQQ,473.82,474.19,467.11,467.15,13855939.0,IBKR_TRADES,RTH,split_adjusted,traded_shares,2026-09-09T00:39:13.631182+00:00,4
2024-07-24 16:00:00,QQQ,467.18,467.65,462.51,463.33,20277190.0,IBKR_TRADES,RTH,split_adjusted,traded_shares,2026-09-09T00:39:13.631182+00:00,4
2024-07-25 13:30:00,QQQ,463.72,465.24,455.63,464.19,20203816.0,IBKR_TRADES,RTH,split_adjusted,traded_shares,2026-09-09T00:39:13.631182+00:00,4
2024-07-25 16:00:00,QQQ,464.18,467.94,458.05,458.25,18573132.0,IBKR_TRADES,RTH,split_adjusted,traded_shares,2026-09-09T00:39:13.631182+00:00,4
2024-07-26 13:30:00,QQQ,462.66,463.45,459.77,463.22,13240402.0,IBKR_TRADES,RTH,split_adjusted,traded_shares,2026-09-09T00:39:13.631182+00:00,4
2024-07-26 16:00:00,QQQ,463.23,465.93,461.27,463.0,15347020.0,IBKR_TRADES,RTH,split_adjusted,traded_shares,2026-09-09T00:39:13.631182+00:00,4
2024-07-29 13:30:00,QQQ,465.71,467.91,461.61,465.09,9902956.0,IBKR_TRADES,RTH,split_adjusted,traded_shares,2026-09-09T00:39:13.631182+00:00,4
2024-07-29 16:00:00,QQQ,465.15,467.2,463.29,463.84,9978389.0,IBKR_TRADES,RTH,split_adjusted,traded_shares,2026-09-09T00:39:13.631182+00:00,4
2024-07-30 13:30:00,QQQ,465.85,466.57,457.12,457.2,10143605.0,IBKR_TRADES,RTH,split_adjusted,traded_shares,2026-09-09T00:39:13.631182+00:00,4
2024-07-30 16:00:00,QQQ,457.21,459.24,454.15,457.38,14178771.0,IBKR_TRADES,RTH,split_adjusted,traded_shares,2026-09-09T00:39:13.631182+00:00,4
2024-07-31 13:30:00,QQQ,467.9,471.36,466.41,470.26,13973102.0,IBKR_TRADES,RTH,split_adjusted,traded_shares,2026-09-09T00:39:13.631182+00:00,4
2024-07-31 16:00:00,QQQ,470.27,472.79,467.3,471.05,15688135.0,IBKR_TRADES,RTH,split_adjusted,traded_shares,2026-09-09T00:39:13.631182+00:00,4
2024-08-01 13:30:00,QQQ,471.76,475.55,462.66,463.06,14563876.0,IBKR_TRADES,RTH,split_adjusted,traded_shares,2026-09-09T00:39:13.631182+00:00,4
2024-08-01 16:00:00,QQQ,463.05,464.86,455.98,459.68,21612724.0,IBKR_TRADES,RTH,split_adjusted,traded_shares,2026-09-09T00:39:13.631182+00:00,4
2024-08-02 13:30:00,QQQ,450.89,453.57,444.47,449.58,25670197.0,IBKR_TRADES,RTH,split_adjusted,traded_shares,2026-09-09T00:39:13.631182+00:00,4
2024-08-02 16:00:00,QQQ,449.58,450.49,445.95,448.71,16014781.0,IBKR_TRADES,RTH,split_adjusted,traded_shares,2026-09-09T00:39:13.631182+00:00,4
2024-08-05 13:30:00,QQQ,424.71,439.91,423.45,437.91,31077669.0,IBKR_TRADES,RTH,split_adjusted,traded_shares,2026-09-09T00:39:13.631182+00:00,4
2024-08-05 16:00:00,QQQ,437.86,442.29,432.73,435.75,27370461.0,IBKR_TRADES,RTH,split_adjusted,traded_shares,2026-09-09T00:39:13.631182+00:00,4
2024-08-06 13:30:00,QQQ,437.3,443.84,434.56,443.68,18336363.0,IBKR_TRADES,RTH,split_adjusted,traded_shares,2026-09-09T00:39:13.631182+00:00,4
2024-08-06 16:00:00,QQQ,443.69,447.07,439.42,439.6,20882066.0,IBKR_TRADES,RTH,split_adjusted,traded_shares,2026-09-09T00:39:13.631182+00:00,4
2024-08-07 13:30:00,QQQ,446.51,449.0,443.8,445.2,13376615.0,IBKR_TRADES,RTH,split_adjusted,traded_shares,2026-09-09T00:39:13.631182+00:00,4
2024-08-07 16:00:00,QQQ,445.23,445.31,434.37,434.84,21136993.0,IBKR_TRADES,RTH,split_adjusted,traded_shares,2026-09-09T00:39:13.631182+00:00,4
2024-08-08 13:30:00,QQQ,441.07,446.09,437.15,445.32,14041956.0,IBKR_TRADES,RTH,split_adjusted,traded_shares,2026-09-09T00:39:13.631182+00:00,4
2024-08-08 16:00:00,QQQ,445.32,448.99,444.22,448.19,16503596.0,IBKR_TRADES,RTH,split_adjusted,traded_shares,2026-09-09T00:39:13.631182+00:00,4
2024-08-09 13:30:00,QQQ,446.73,449.81,445.61,447.39,10732845.0,IBKR_TRADES,RTH,split_adjusted,traded_shares,2026-09-09T00:39:13.631182+00:00,4
2024-08-09 16:00:00,QQQ,447.41,452.06,446.84,450.53,12272954.0,IBKR_TRADES,RTH,split_adjusted,traded_shares,2026-09-09T00:39:13.631182+00:00,4
2024-08-12 13:30:00,QQQ,451.39,454.37,448.55,453.29,11198669.0,IBKR_TRADES,RTH,split_adjusted,traded_shares,2026-09-09T00:39:13.631182+00:00,4
2024-08-12 16:00:00,QQQ,453.28,453.56,449.93,451.47,8331224.0,IBKR_TRADES,RTH,split_adjusted,traded_shares,2026-09-09T00:39:13.631182+00:00,4
2024-08-13 13:30:00,QQQ,455.81,460.05,455.68,459.63,9715473.0,IBKR_TRADES,RTH,split_adjusted,traded_shares,2026-09-09T00:39:13.631182+00:00,4
2024-08-13 16:00:00,QQQ,459.65,462.85,459.27,462.6,14394080.0,IBKR_TRADES,RTH,split_adjusted,traded_shares,2026-09-09T00:39:13.631182+00:00,4
2024-08-14 13:30:00,QQQ,463.56,465.11,458.4,464.95,12911869.0,IBKR_TRADES,RTH,split_adjusted,traded_shares,2026-09-09T00:39:13.631182+00:00,4
2024-08-14 16:00:00,QQQ,464.94,464.98,460.65,462.81,10627655.0,IBKR_TRADES,RTH,split_adjusted,traded_shares,2026-09-09T00:39:13.631182+00:00,4
2024-08-15 13:30:00,QQQ,468.76,473.45,468.38,472.94,13253878.0,IBKR_TRADES,RTH,split_adjusted,traded_shares,2026-09-09T00:39:13.631182+00:00,4
2024-08-15 16:00:00,QQQ,472.95,474.82,472.63,474.5,12491527.0,IBKR_TRADES,RTH,split_adjusted,traded_shares,2026-09-09T00:39:13.631182+00:00,4
2024-08-16 13:30:00,QQQ,472.66,474.8,471.65,474.39,9231370.0,IBKR_TRADES,RTH,split_adjusted,traded_shares,2026-09-09T00:39:13.631182+00:00,4
2024-08-16 16:00:00,QQQ,474.4,476.41,474.1,475.02,8025725.0,IBKR_TRADES,RTH,split_adjusted,traded_shares,2026-09-09T00:39:13.631182+00:00,4
2024-08-19 13:30:00,QQQ,475.17,476.95,473.37,475.95,6976011.0,IBKR_TRADES,RTH,split_adjusted,traded_shares,2026-09-09T00:39:13.631182+00:00,4
2024-08-19 16:00:00,QQQ,475.96,481.31,475.54,481.26,8039950.999999999,IBKR_TRADES,RTH,split_adjusted,traded_shares,2026-09-09T00:39:13.631182+00:00,4
2024-08-20 13:30:00,QQQ,480.35,482.94,478.55,481.19,10138191.0,IBKR_TRADES,RTH,split_adjusted,traded_shares,2026-09-09T00:39:13.631182+00:00,4
2024-08-20 16:00:00,QQQ,481.21,481.54,478.65,480.2,9201311.0,IBKR_TRADES,RTH,split_adjusted,traded_shares,2026-09-09T00:39:13.631182+00:00,4
2024-08-21 13:30:00,QQQ,481.05,484.37,480.07,480.58,9175437.0,IBKR_TRADES,RTH,split_adjusted,traded_shares,2026-09-09T00:39:13.631182+00:00,4
2024-08-21 16:00:00,QQQ,480.55,483.66,479.32,482.54,8559675.0,IBKR_TRADES,RTH,split_adjusted,traded_shares,2026-09-09T00:39:13.631182+00:00,4
2024-08-22 13:30:00,QQQ,484.87,485.54,476.8,477.95,10515407.0,IBKR_TRADES,RTH,split_adjusted,traded_shares,2026-09-09T00:39:13.631182+00:00,4
2024-08-22 16:00:00,QQQ,477.96,480.83,473.81,474.83,16883827.0,IBKR_TRADES,RTH,split_adjusted,traded_shares,2026-09-09T00:39:13.631182+00:00,4
2024-08-23 13:30:00,QQQ,479.23,482.74,475.98,478.28,15088142.0,IBKR_TRADES,RTH,split_adjusted,traded_shares,2026-09-09T00:39:13.631182+00:00,4
2024-08-23 16:00:00,QQQ,478.29,480.54,475.28,480.02,11224744.0,IBKR_TRADES,RTH,split_adjusted,traded_shares,2026-09-09T00:39:13.631182+00:00,4
2024-08-26 13:30:00,QQQ,479.44,480.38,473.24,474.46,10658944.0,IBKR_TRADES,RTH,split_adjusted,traded_shares,2026-09-09T00:39:13.631182+00:00,4
2024-08-26 16:00:00,QQQ,474.4,476.56,473.43,475.33,9803908.0,IBKR_TRADES,RTH,split_adjusted,traded_shares,2026-09-09T00:39:13.631182+00:00,4
2024-08-27 13:30:00,QQQ,473.69,477.84,471.71,475.83,10995034.0,IBKR_TRADES,RTH,split_adjusted,traded_shares,2026-09-09T00:39:13.631182+00:00,4
2024-08-27 16:00:00,QQQ,475.83,477.79,475.18,476.83,8925669.0,IBKR_TRADES,RTH,split_adjusted,traded_shares,2026-09-09T00:39:13.631182+00:00,4
2024-08-28 13:30:00,QQQ,476.29,477.02,469.33,471.52,10404257.0,IBKR_TRADES,RTH,split_adjusted,traded_shares,2026-09-09T00:39:13.631182+00:00,4
2024-08-28 16:00:00,QQQ,471.45,472.77,467.89,471.28,15064340.0,IBKR_TRADES,RTH,split_adjusted,traded_shares,2026-09-09T00:39:13.631182+00:00,4
2024-08-29 13:30:00,QQQ,473.28,477.93,472.78,476.52,12561889.0,IBKR_TRADES,RTH,split_adjusted,traded_shares,2026-09-09T00:39:13.631182+00:00,4
2024-08-29 16:00:00,QQQ,476.52,477.88,469.37,470.7,16933205.0,IBKR_TRADES,RTH,split_adjusted,traded_shares,2026-09-09T00:39:13.631182+00:00,4
2024-08-30 13:30:00,QQQ,475.04,476.73,471.57,472.71,10994221.0,IBKR_TRADES,RTH,split_adjusted,traded_shares,2026-09-09T00:39:13.631182+00:00,4
2024-08-30 16:00:00,QQQ,472.72,476.9,470.51,476.39,12240662.0,IBKR_TRADES,RTH,split_adjusted,traded_shares,2026-09-09T00:39:13.631182+00:00,4
2024-09-03 13:30:00,QQQ,473.19,473.33,465.1,465.2,14897103.0,IBKR_TRADES,RTH,split_adjusted,traded_shares,2026-09-09T00:39:13.631182+00:00,4
2024-09-03 16:00:00,QQQ,465.21,466.56,459.41,461.82,16088783.999999998,IBKR_TRADES,RTH,split_adjusted,traded_shares,2026-09-09T00:39:13.631182+00:00,4
2024-09-04 13:30:00,QQQ,458.67,464.45,457.73,461.86,12818503.0,IBKR_TRADES,RTH,split_adjusted,traded_shares,2026-09-09T00:39:13.631182+00:00,4
2024-09-04 16:00:00,QQQ,461.85,463.75,459.39,460.62,10497175.0,IBKR_TRADES,RTH,split_adjusted,traded_shares,2026-09-09T00:39:13.631182+00:00,4
2024-09-05 13:30:00,QQQ,458.97,465.36,457.93,458.41,12666023.0,IBKR_TRADES,RTH,split_adjusted,traded_shares,2026-09-09T00:39:13.631182+00:00,4
2024-09-05 16:00:00,QQQ,458.37,462.72,458.32,461.14,11099007.0,IBKR_TRADES,RTH,split_adjusted,traded_shares,2026-09-09T00:39:13.631182+00:00,4
2024-09-06 13:30:00,QQQ,460.32,461.22,448.57,448.99,18888591.0,IBKR_TRADES,RTH,split_adjusted,traded_shares,2026-09-09T00:39:13.631182+00:00,4
2024-09-06 16:00:00,QQQ,448.98,451.0,448.19,448.87,14814637.0,IBKR_TRADES,RTH,split_adjusted,traded_shares,2026-09-09T00:39:13.631182+00:00,4
2024-09-09 13:30:00,QQQ,453.04,455.24,449.82,453.39,11057281.0,IBKR_TRADES,RTH,split_adjusted,traded_shares,2026-09-09T00:39:13.631182+00:00,4
2024-09-09 16:00:00,QQQ,453.39,455.46,451.56,454.51,10853496.0,IBKR_TRADES,RTH,split_adjusted,traded_shares,2026-09-09T00:39:13.631182+00:00,4
2024-09-10 13:30:00,QQQ,456.24,457.82,453.0,453.04,9168465.0,IBKR_TRADES,RTH,split_adjusted,traded_shares,2026-09-09T00:39:13.631182+00:00,4
2024-09-10 16:00:00,QQQ,453.04,459.17,452.23,458.67,11248039.0,IBKR_TRADES,RTH,split_adjusted,traded_shares,2026-09-09T00:39:13.631182+00:00,4
2024-09-11 13:30:00,QQQ,459.86,459.94,451.28,457.12,16090554.999999998,IBKR_TRADES,RTH,split_adjusted,traded_shares,2026-09-09T00:39:13.631182+00:00,4
2024-09-11 16:00:00,QQQ,457.15,469.37,456.99,468.45,23030798.0,IBKR_TRADES,RTH,split_adjusted,traded_shares,2026-09-09T00:39:13.631182+00:00,4
2024-09-12 13:30:00,QQQ,468.64,471.79,466.84,468.77,11186781.0,IBKR_TRADES,RTH,split_adjusted,traded_shares,2026-09-09T00:39:13.631182+00:00,4
2024-09-12 16:00:00,QQQ,468.76,474.04,468.64,473.24,13668786.0,IBKR_TRADES,RTH,split_adjusted,traded_shares,2026-09-09T00:39:13.631182+00:00,4
2024-09-13 13:30:00,QQQ,472.5,475.72,472.25,475.52,10096093.0,IBKR_TRADES,RTH,split_adjusted,traded_shares,2026-09-09T00:39:13.631182+00:00,4
2024-09-13 16:00:00,QQQ,475.49,476.53,474.15,475.38,11301150.0,IBKR_TRADES,RTH,split_adjusted,traded_shares,2026-09-09T00:39:13.631182+00:00,4
2024-09-16 13:30:00,QQQ,473.19,473.86,469.89,471.57,9265430.0,IBKR_TRADES,RTH,split_adjusted,traded_shares,2026-09-09T00:39:13.631182+00:00,4
2024-09-16 16:00:00,QQQ,471.56,473.55,470.2,473.22,6276315.0,IBKR_TRADES,RTH,split_adjusted,traded_shares,2026-09-09T00:39:13.631182+00:00,4
2024-09-17 13:30:00,QQQ,476.24,477.6,474.23,475.76,8262576.999999999,IBKR_TRADES,RTH,split_adjusted,traded_shares,2026-09-09T00:39:13.631182+00:00,4
2024-09-17 16:00:00,QQQ,475.77,476.02,470.97,473.49,11074158.0,IBKR_TRADES,RTH,split_adjusted,traded_shares,2026-09-09T00:39:13.631182+00:00,4
2024-09-18 13:30:00,QQQ,474.7,474.83,471.31,471.58,5866383.0,IBKR_TRADES,RTH,split_adjusted,traded_shares,2026-09-09T00:39:13.631182+00:00,4
2024-09-18 16:00:00,QQQ,471.55,478.83,470.83,471.32,22816170.0,IBKR_TRADES,RTH,split_adjusted,traded_shares,2026-09-09T00:39:13.631182+00:00,4
2024-09-19 13:30:00,QQQ,482.61,485.19,480.49,483.79,15711394.0,IBKR_TRADES,RTH,split_adjusted,traded_shares,2026-09-09T00:39:13.631182+00:00,4
2024-09-19 16:00:00,QQQ,483.8,486.23,482.95,483.39,16288569.999999998,IBKR_TRADES,RTH,split_adjusted,traded_shares,2026-09-09T00:39:13.631182+00:00,4
2024-09-20 13:30:00,QQQ,482.51,483.63,478.3,481.04,8790828.0,IBKR_TRADES,RTH,split_adjusted,traded_shares,2026-09-09T00:39:13.631182+00:00,4
2024-09-20 16:00:00,QQQ,481.05,483.69,480.13,482.43,9692535.0,IBKR_TRADES,RTH,split_adjusted,traded_shares,2026-09-09T00:39:13.631182+00:00,4
2024-09-23 13:30:00,QQQ,482.95,484.14,481.87,483.66,8237166.0,IBKR_TRADES,RTH,split_adjusted,traded_shares,2026-09-09T00:39:13.631182+00:00,4
2024-09-23 16:00:00,QQQ,483.64,483.67,481.6,483.02,6451776.0,IBKR_TRADES,RTH,split_adjusted,traded_shares,2026-09-09T00:39:13.631182+00:00,4
2024-09-24 13:30:00,QQQ,484.48,486.33,480.17,485.67,10233400.0,IBKR_TRADES,RTH,split_adjusted,traded_shares,2026-09-09T00:39:13.631182+00:00,4
2024-09-24 16:00:00,QQQ,485.67,486.3,483.85,485.35,8314609.999999999,IBKR_TRADES,RTH,split_adjusted,traded_shares,2026-09-09T00:39:13.631182+00:00,4
2024-09-25 13:30:00,QQQ,484.74,487.79,484.68,486.26,7390770.0,IBKR_TRADES,RTH,split_adjusted,traded_shares,2026-09-09T00:39:13.631182+00:00,4
2024-09-25 16:00:00,QQQ,486.23,486.47,484.56,485.93,8292093.0,IBKR_TRADES,RTH,split_adjusted,traded_shares,2026-09-09T00:39:13.631182+00:00,4
2024-09-26 13:30:00,QQQ,493.37,493.7,485.8,489.0,11808462.0,IBKR_TRADES,RTH,split_adjusted,traded_shares,2026-09-09T00:39:13.631182+00:00,4
2024-09-26 16:00:00,QQQ,489.0,489.97,485.84,489.47,9206140.0,IBKR_TRADES,RTH,split_adjusted,traded_shares,2026-09-09T00:39:13.631182+00:00,4
2024-09-27 13:30:00,QQQ,490.5,490.64,486.98,487.08,6423890.0,IBKR_TRADES,RTH,split_adjusted,traded_shares,2026-09-09T00:39:13.631182+00:00,4
2024-09-27 16:00:00,QQQ,487.08,488.44,485.56,486.78,8755958.0,IBKR_TRADES,RTH,split_adjusted,traded_shares,2026-09-09T00:39:13.631182+00:00,4
2024-09-30 13:30:00,QQQ,485.78,487.79,484.59,486.46,6299613.0,IBKR_TRADES,RTH,split_adjusted,traded_shares,2026-09-09T00:39:13.631182+00:00,4
2024-09-30 16:00:00,QQQ,486.47,488.41,482.92,488.05,13832996.0,IBKR_TRADES,RTH,split_adjusted,traded_shares,2026-09-09T00:39:13.631182+00:00,4
2024-10-01 13:30:00,QQQ,487.7,488.0,477.4,479.87,15709521.999999998,IBKR_TRADES,RTH,split_adjusted,traded_shares,2026-09-09T00:39:13.631182+00:00,4
2024-10-01 16:00:00,QQQ,479.83,483.57,478.01,481.17,14897331.0,IBKR_TRADES,RTH,split_adjusted,traded_shares,2026-09-09T00:39:13.631182+00:00,4
2024-10-02 13:30:00,QQQ,480.36,483.88,477.72,483.17,9021962.0,IBKR_TRADES,RTH,split_adjusted,traded_shares,2026-09-09T00:39:13.631182+00:00,4
2024-10-02 16:00:00,QQQ,483.19,483.77,481.01,481.94,7257448.0,IBKR_TRADES,RTH,split_adjusted,traded_shares,2026-09-09T00:39:13.631182+00:00,4
2024-10-03 13:30:00,QQQ,479.74,484.55,479.37,482.79,9327837.0,IBKR_TRADES,RTH,split_adjusted,traded_shares,2026-09-09T00:39:13.631182+00:00,4
2024-10-03 16:00:00,QQQ,482.79,483.09,478.99,481.62,8877319.0,IBKR_TRADES,RTH,split_adjusted,traded_shares,2026-09-09T00:39:13.631182+00:00,4
2024-10-04 13:30:00,QQQ,487.45,487.72,482.38,485.38,11233667.0,IBKR_TRADES,RTH,split_adjusted,traded_shares,2026-09-09T00:39:13.631182+00:00,4
2024-10-04 16:00:00,QQQ,485.39,487.88,484.0,487.49,9205702.0,IBKR_TRADES,RTH,split_adjusted,traded_shares,2026-09-09T00:39:13.631182+00:00,4
2024-10-07 13:30:00,QQQ,485.42,486.57,484.25,485.72,5772136.0,IBKR_TRADES,RTH,split_adjusted,traded_shares,2026-09-09T00:39:13.631182+00:00,4
2024-10-07 16:00:00,QQQ,485.73,486.1,480.87,482.06,10754545.0,IBKR_TRADES,RTH,split_adjusted,traded_shares,2026-09-09T00:39:13.631182+00:00,4
2024-10-08 13:30:00,QQQ,484.66,488.65,483.84,488.25,8675990.0,IBKR_TRADES,RTH,split_adjusted,traded_shares,2026-09-09T00:39:13.631182+00:00,4
2024-10-08 16:00:00,QQQ,488.24,489.99,486.08,489.33,9134594.0,IBKR_TRADES,RTH,split_adjusted,traded_shares,2026-09-09T00:39:13.631182+00:00,4
2024-10-09 13:30:00,QQQ,488.98,492.9,487.95,492.86,7567807.0,IBKR_TRADES,RTH,split_adjusted,traded_shares,2026-09-09T00:39:13.631182+00:00,4
2024-10-09 16:00:00,QQQ,492.84,493.73,490.73,493.18,8573145.0,IBKR_TRADES,RTH,split_adjusted,traded_shares,2026-09-09T00:39:13.631182+00:00,4
2024-10-10 13:30:00,QQQ,490.85,493.74,489.53,493.7,6695640.0,IBKR_TRADES,RTH,split_adjusted,traded_shares,2026-09-09T00:39:13.631182+00:00,4
2024-10-10 16:00:00,QQQ,493.69,494.47,491.23,492.6,8348222.0,IBKR_TRADES,RTH,split_adjusted,traded_shares,2026-09-09T00:39:13.631182+00:00,4
2024-10-11 13:30:00,QQQ,490.74,494.1,490.17,493.78,7948418.0,IBKR_TRADES,RTH,split_adjusted,traded_shares,2026-09-09T00:39:13.631182+00:00,4
2024-10-11 16:00:00,QQQ,493.78,494.39,492.27,493.34,5826458.0,IBKR_TRADES,RTH,split_adjusted,traded_shares,2026-09-09T00:39:13.631182+00:00,4
2024-10-14 13:30:00,QQQ,495.76,498.83,495.26,496.64,9060269.0,IBKR_TRADES,RTH,split_adjusted,traded_shares,2026-09-09T00:39:13.631182+00:00,4
2024-10-14 16:00:00,QQQ,496.63,498.59,496.48,497.49,6468557.0,IBKR_TRADES,RTH,split_adjusted,traded_shares,2026-09-09T00:39:13.631182+00:00,4
2024-10-15 13:30:00,QQQ,497.83,498.5,490.56,491.06,12455160.0,IBKR_TRADES,RTH,split_adjusted,traded_shares,2026-09-09T00:39:13.631182+00:00,4
2024-10-15 16:00:00,QQQ,491.09,492.58,488.68,490.76,12226543.0,IBKR_TRADES,RTH,split_adjusted,traded_shares,2026-09-09T00:39:13.631182+00:00,4
2024-10-16 13:30:00,QQQ,491.18,491.23,487.57,489.22,8197857.999999999,IBKR_TRADES,RTH,split_adjusted,traded_shares,2026-09-09T00:39:13.631182+00:00,4
2024-10-16 16:00:00,QQQ,489.2,491.69,489.12,490.93,6853055.0,IBKR_TRADES,RTH,split_adjusted,traded_shares,2026-09-09T00:39:13.631182+00:00,4
2024-10-17 13:30:00,QQQ,496.42,496.49,491.54,494.88,10061869.0,IBKR_TRADES,RTH,split_adjusted,traded_shares,2026-09-09T00:39:13.631182+00:00,4
2024-10-17 16:00:00,QQQ,494.87,495.35,491.19,491.35,8892546.0,IBKR_TRADES,RTH,split_adjusted,traded_shares,2026-09-09T00:39:13.631182+00:00,4
2024-10-18 13:30:00,QQQ,494.06,495.57,493.3,494.19,6665177.0,IBKR_TRADES,RTH,split_adjusted,traded_shares,2026-09-09T00:39:13.631182+00:00,4
2024-10-18 16:00:00,QQQ,494.18,495.45,493.55,494.51,7757293.999999999,IBKR_TRADES,RTH,split_adjusted,traded_shares,2026-09-09T00:39:13.631182+00:00,4
2024-10-21 13:30:00,QQQ,493.22,496.23,491.31,493.9,9736668.0,IBKR_TRADES,RTH,split_adjusted,traded_shares,2026-09-09T00:39:13.631182+00:00,4
2024-10-21 16:00:00,QQQ,493.87,495.53,493.19,495.48,9214013.0,IBKR_TRADES,RTH,split_adjusted,traded_shares,2026-09-09T00:39:13.631182+00:00,4
2024-10-22 13:30:00,QQQ,492.72,495.5,491.97,494.41,7822699.000000001,IBKR_TRADES,RTH,split_adjusted,traded_shares,2026-09-09T00:39:13.631182+00:00,4
2024-10-22 16:00:00,QQQ,494.39,497.45,493.27,496.03,11467290.0,IBKR_TRADES,RTH,split_adjusted,traded_shares,2026-09-09T00:39:13.631182+00:00,4
2024-10-23 13:30:00,QQQ,493.58,494.25,490.44,491.73,9875834.0,IBKR_TRADES,RTH,split_adjusted,traded_shares,2026-09-09T00:39:13.631182+00:00,4
2024-10-23 16:00:00,QQQ,491.72,491.72,485.05,488.37,15329046.0,IBKR_TRADES,RTH,split_adjusted,traded_shares,2026-09-09T00:39:13.631182+00:00,4
2024-10-24 13:30:00,QQQ,492.11,492.23,489.53,491.05,7157348.0,IBKR_TRADES,RTH,split_adjusted,traded_shares,2026-09-09T00:39:13.631182+00:00,4
2024-10-24 16:00:00,QQQ,491.04,493.0,489.44,492.33,7145398.0,IBKR_TRADES,RTH,split_adjusted,traded_shares,2026-09-09T00:39:13.631182+00:00,4
2024-10-25 13:30:00,QQQ,495.14,500.28,495.12,498.28,12789534.0,IBKR_TRADES,RTH,split_adjusted,traded_shares,2026-09-09T00:39:13.631182+00:00,4
2024-10-25 16:00:00,QQQ,498.26,499.3,494.43,495.26,11755480.0,IBKR_TRADES,RTH,split_adjusted,traded_shares,2026-09-09T00:39:13.631182+00:00,4
2024-10-28 13:30:00,QQQ,498.46,498.52,495.94,496.21,5818418.0,IBKR_TRADES,RTH,split_adjusted,traded_shares,2026-09-09T00:39:13.631182+00:00,4
2024-10-28 16:00:00,QQQ,496.19,497.12,495.1,495.43,8585345.0,IBKR_TRADES,RTH,split_adjusted,traded_shares,2026-09-09T00:39:13.631182+00:00,4
2024-10-29 13:30:00,QQQ,495.72,498.42,493.85,498.39,7316378.0,IBKR_TRADES,RTH,split_adjusted,traded_shares,2026-09-09T00:39:13.631182+00:00,4
2024-10-29 16:00:00,QQQ,498.38,501.35,497.53,500.14,10658714.0,IBKR_TRADES,RTH,split_adjusted,traded_shares,2026-09-09T00:39:13.631182+00:00,4
2024-10-30 13:30:00,QQQ,499.39,500.35,496.6,499.66,7851420.000000001,IBKR_TRADES,RTH,split_adjusted,traded_shares,2026-09-09T00:39:13.631182+00:00,4
2024-10-30 16:00:00,QQQ,499.63,499.92,495.89,496.37,9628642.0,IBKR_TRADES,RTH,split_adjusted,traded_shares,2026-09-09T00:39:13.631182+00:00,4
2024-10-31 13:30:00,QQQ,492.37,492.43,484.17,485.27,12144636.0,IBKR_TRADES,RTH,split_adjusted,traded_shares,2026-09-09T00:39:13.631182+00:00,4
2024-10-31 16:00:00,QQQ,485.26,486.78,483.75,483.91,14216203.0,IBKR_TRADES,RTH,split_adjusted,traded_shares,2026-09-09T00:39:13.631182+00:00,4
2024-11-01 13:30:00,QQQ,485.52,490.76,485.2,489.22,10105019.0,IBKR_TRADES,RTH,split_adjusted,traded_shares,2026-09-09T00:39:13.631182+00:00,4
2024-11-01 16:00:00,QQQ,489.18,489.95,486.8,487.4,11171225.0,IBKR_TRADES,RTH,split_adjusted,traded_shares,2026-09-09T00:39:13.631182+00:00,4
2024-11-04 14:30:00,QQQ,486.82,488.95,484.25,488.4,4215560.0,IBKR_TRADES,RTH,split_adjusted,traded_shares,2026-09-09T00:39:13.631182+00:00,4
2024-11-04 16:00:00,QQQ,488.41,489.38,484.68,487.22,7056602.0,IBKR_TRADES,RTH,split_adjusted,traded_shares,2026-09-09T00:39:13.631182+00:00,4
2024-11-04 20:00:00,QQQ,487.16,487.31,485.63,485.96,3539685.0,IBKR_TRADES,RTH,split_adjusted,traded_shares,2026-09-09T00:39:13.631182+00:00,4
2024-11-05 14:30:00,QQQ,487.61,491.61,487.52,490.15,4960074.0,IBKR_TRADES,RTH,split_adjusted,traded_shares,2026-09-09T00:39:13.631182+00:00,4
2024-11-05 16:00:00,QQQ,490.1,492.88,489.56,491.08,6250836.0,IBKR_TRADES,RTH,split_adjusted,traded_shares,2026-09-09T00:39:13.631182+00:00,4
2024-11-05 20:00:00,QQQ,491.01,492.41,490.76,492.25,3005159.0,IBKR_TRADES,RTH,split_adjusted,traded_shares,2026-09-09T00:39:13.631182+00:00,4
2024-11-06 14:30:00,QQQ,500.56,503.79,499.6,501.46,10358496.0,IBKR_TRADES,RTH,split_adjusted,traded_shares,2026-09-09T00:39:13.631182+00:00,4
2024-11-06 16:00:00,QQQ,501.43,505.52,500.72,505.4,8654236.0,IBKR_TRADES,RTH,split_adjusted,traded_shares,2026-09-09T00:39:13.631182+00:00,4
2024-11-06 20:00:00,QQQ,505.4,506.41,505.17,505.61,5599771.0,IBKR_TRADES,RTH,split_adjusted,traded_shares,2026-09-09T00:39:13.631182+00:00,4
2024-11-07 14:30:00,QQQ,508.4,512.23,508.34,512.06,6445498.0,IBKR_TRADES,RTH,split_adjusted,traded_shares,2026-09-09T00:39:13.631182+00:00,4
2024-11-07 16:00:00,QQQ,512.08,513.84,511.24,513.84,7864849.0,IBKR_TRADES,RTH,split_adjusted,traded_shares,2026-09-09T00:39:13.631182+00:00,4
2024-11-07 20:00:00,QQQ,513.85,514.33,513.17,513.6,4255700.0,IBKR_TRADES,RTH,split_adjusted,traded_shares,2026-09-09T00:39:13.631182+00:00,4
2024-11-08 14:30:00,QQQ,513.03,514.16,512.41,513.29,4358032.0,IBKR_TRADES,RTH,split_adjusted,traded_shares,2026-09-09T00:39:13.631182+00:00,4
2024-11-08 16:00:00,QQQ,513.3,514.92,512.67,514.2,5946297.0,IBKR_TRADES,RTH,split_adjusted,traded_shares,2026-09-09T00:39:13.631182+00:00,4
2024-11-08 20:00:00,QQQ,514.19,514.27,513.56,514.16,2821683.0,IBKR_TRADES,RTH,split_adjusted,traded_shares,2026-09-09T00:39:13.631182+00:00,4
2024-11-11 14:30:00,QQQ,515.36,515.58,512.24,513.92,5598918.0,IBKR_TRADES,RTH,split_adjusted,traded_shares,2026-09-09T00:39:13.631182+00:00,4
2024-11-11 16:00:00,QQQ,513.93,514.15,510.92,512.74,6515054.0,IBKR_TRADES,RTH,split_adjusted,traded_shares,2026-09-09T00:39:13.631182+00:00,4
2024-11-11 20:00:00,QQQ,512.74,513.94,512.61,513.83,3020236.0,IBKR_TRADES,RTH,split_adjusted,traded_shares,2026-09-09T00:39:13.631182+00:00,4
2024-11-12 14:30:00,QQQ,513.75,514.66,512.82,512.98,4025702.9999999995,IBKR_TRADES,RTH,split_adjusted,traded_shares,2026-09-09T00:39:13.631182+00:00,4
2024-11-12 16:00:00,QQQ,512.96,513.58,509.83,513.0,8135738.0,IBKR_TRADES,RTH,split_adjusted,traded_shares,2026-09-09T00:39:13.631182+00:00,4
2024-11-12 20:00:00,QQQ,513.02,513.44,512.51,512.93,3498401.0,IBKR_TRADES,RTH,split_adjusted,traded_shares,2026-09-09T00:39:13.631182+00:00,4
2024-11-13 14:30:00,QQQ,512.4,513.04,509.95,511.36,4130882.0000000005,IBKR_TRADES,RTH,split_adjusted,traded_shares,2026-09-09T00:39:13.631182+00:00,4
2024-11-13 16:00:00,QQQ,511.37,514.98,510.77,512.88,7073365.0,IBKR_TRADES,RTH,split_adjusted,traded_shares,2026-09-09T00:39:13.631182+00:00,4
2024-11-13 20:00:00,QQQ,512.84,513.78,511.45,512.26,3572309.0,IBKR_TRADES,RTH,split_adjusted,traded_shares,2026-09-09T00:39:13.631182+00:00,4
2024-11-14 14:30:00,QQQ,511.91,512.79,509.56,510.78,4385003.0,IBKR_TRADES,RTH,split_adjusted,traded_shares,2026-09-09T00:39:13.631182+00:00,4
2024-11-14 16:00:00,QQQ,510.75,511.95,508.96,510.17,7748815.0,IBKR_TRADES,RTH,split_adjusted,traded_shares,2026-09-09T00:39:13.631182+00:00,4
2024-11-14 20:00:00,QQQ,510.16,510.17,507.77,508.67,5147665.0,IBKR_TRADES,RTH,split_adjusted,traded_shares,2026-09-09T00:39:13.631182+00:00,4
2024-11-15 14:30:00,QQQ,502.94,503.33,497.76,498.18,9449482.0,IBKR_TRADES,RTH,split_adjusted,traded_shares,2026-09-09T00:39:13.631182+00:00,4
2024-11-15 16:00:00,QQQ,498.19,498.93,494.49,495.81,12906247.0,IBKR_TRADES,RTH,split_adjusted,traded_shares,2026-09-09T00:39:13.631182+00:00,4
2024-11-15 20:00:00,QQQ,495.78,496.96,495.53,496.46,4609923.0,IBKR_TRADES,RTH,split_adjusted,traded_shares,2026-09-09T00:39:13.631182+00:00,4
2024-11-18 14:30:00,QQQ,498.13,501.45,496.73,501.11,6094490.0,IBKR_TRADES,RTH,split_adjusted,traded_shares,2026-09-09T00:39:13.631182+00:00,4
2024-11-18 16:00:00,QQQ,501.12,502.14,499.0,500.17,8053099.999999999,IBKR_TRADES,RTH,split_adjusted,traded_shares,2026-09-09T00:39:13.631182+00:00,4
2024-11-18 20:00:00,QQQ,500.15,500.54,499.5,500.0,3260620.0,IBKR_TRADES,RTH,split_adjusted,traded_shares,2026-09-09T00:39:13.631182+00:00,4
2024-11-19 14:30:00,QQQ,497.42,500.7,497.08,500.26,4473310.0,IBKR_TRADES,RTH,split_adjusted,traded_shares,2026-09-09T00:39:13.631182+00:00,4
2024-11-19 16:00:00,QQQ,500.25,503.96,500.22,502.7,7326332.0,IBKR_TRADES,RTH,split_adjusted,traded_shares,2026-09-09T00:39:13.631182+00:00,4
2024-11-19 20:00:00,QQQ,502.71,503.7,502.46,503.4,2617438.0,IBKR_TRADES,RTH,split_adjusted,traded_shares,2026-09-09T00:39:13.631182+00:00,4
2024-11-20 14:30:00,QQQ,503.11,503.21,496.55,500.14,7987693.000000001,IBKR_TRADES,RTH,split_adjusted,traded_shares,2026-09-09T00:39:13.631182+00:00,4
2024-11-20 16:00:00,QQQ,500.13,502.09,498.24,499.75,7619556.0,IBKR_TRADES,RTH,split_adjusted,traded_shares,2026-09-09T00:39:13.631182+00:00,4
2024-11-20 20:00:00,QQQ,499.66,503.48,499.4,503.19,3287322.0,IBKR_TRADES,RTH,split_adjusted,traded_shares,2026-09-09T00:39:13.631182+00:00,4
2024-11-21 14:30:00,QQQ,506.24,506.96,497.56,502.2,10688907.0,IBKR_TRADES,RTH,split_adjusted,traded_shares,2026-09-09T00:39:13.631182+00:00,4
2024-11-21 16:00:00,QQQ,502.22,506.06,501.76,505.56,9568635.0,IBKR_TRADES,RTH,split_adjusted,traded_shares,2026-09-09T00:39:13.631182+00:00,4
2024-11-21 20:00:00,QQQ,505.54,506.34,504.86,504.98,3494651.0,IBKR_TRADES,RTH,split_adjusted,traded_shares,2026-09-09T00:39:13.631182+00:00,4
2024-11-22 14:30:00,QQQ,504.4,506.36,502.78,505.66,4818159.0,IBKR_TRADES,RTH,split_adjusted,traded_shares,2026-09-09T00:39:13.631182+00:00,4
2024-11-22 16:00:00,QQQ,505.67,506.53,503.28,505.74,6895683.0,IBKR_TRADES,RTH,split_adjusted,traded_shares,2026-09-09T00:39:13.631182+00:00,4
2024-11-22 20:00:00,QQQ,505.71,506.27,504.68,505.77,2773958.0,IBKR_TRADES,RTH,split_adjusted,traded_shares,2026-09-09T00:39:13.631182+00:00,4
2024-11-25 14:30:00,QQQ,509.9,511.46,506.44,507.07,7408603.0,IBKR_TRADES,RTH,split_adjusted,traded_shares,2026-09-09T00:39:13.631182+00:00,4
2024-11-25 16:00:00,QQQ,507.05,508.61,504.26,506.21,7186870.0,IBKR_TRADES,RTH,split_adjusted,traded_shares,2026-09-09T00:39:13.631182+00:00,4
2024-11-25 20:00:00,QQQ,506.21,506.77,505.6,506.57,2980406.0,IBKR_TRADES,RTH,split_adjusted,traded_shares,2026-09-09T00:39:13.631182+00:00,4
2024-11-26 14:30:00,QQQ,508.08,510.14,507.63,508.35,5418759.0,IBKR_TRADES,RTH,split_adjusted,traded_shares,2026-09-09T00:39:13.631182+00:00,4
2024-11-26 16:00:00,QQQ,508.38,509.17,507.23,507.91,6885900.0,IBKR_TRADES,RTH,split_adjusted,traded_shares,2026-09-09T00:39:13.631182+00:00,4
2024-11-26 20:00:00,QQQ,507.88,509.71,507.79,509.29,3972523.0,IBKR_TRADES,RTH,split_adjusted,traded_shares,2026-09-09T00:39:13.631182+00:00,4
2024-11-27 14:30:00,QQQ,508.17,508.24,503.16,503.58,5701343.0,IBKR_TRADES,RTH,split_adjusted,traded_shares,2026-09-09T00:39:13.631182+00:00,4
2024-11-27 16:00:00,QQQ,503.58,505.55,501.93,505.06,8115051.000000001,IBKR_TRADES,RTH,split_adjusted,traded_shares,2026-09-09T00:39:13.631182+00:00,4
2024-11-27 20:00:00,QQQ,505.06,505.65,504.22,505.28,3637222.0,IBKR_TRADES,RTH,split_adjusted,traded_shares,2026-09-09T00:39:13.631182+00:00,4
2024-11-29 14:30:00,QQQ,505.93,509.51,505.31,508.89,4876156.0,IBKR_TRADES,RTH,split_adjusted,traded_shares,2026-09-09T00:39:13.631182+00:00,4
2024-11-29 16:00:00,QQQ,508.89,510.34,508.88,509.71,4987733.0,IBKR_TRADES,RTH,split_adjusted,traded_shares,2026-09-09T00:39:13.631182+00:00,4
2024-12-02 14:30:00,QQQ,511.01,514.89,510.62,513.77,6162441.0,IBKR_TRADES,RTH,split_adjusted,traded_shares,2026-09-09T00:39:13.631182+00:00,4
2024-12-02 16:00:00,QQQ,513.76,516.26,513.7,515.31,7026336.0,IBKR_TRADES,RTH,split_adjusted,traded_shares,2026-09-09T00:39:13.631182+00:00,4
2024-12-02 20:00:00,QQQ,515.28,515.84,514.91,515.29,3500675.0,IBKR_TRADES,RTH,split_adjusted,traded_shares,2026-09-09T00:39:13.631182+00:00,4
2024-12-03 14:30:00,QQQ,513.95,515.79,513.37,515.15,4211127.0,IBKR_TRADES,RTH,split_adjusted,traded_shares,2026-09-09T00:39:13.631182+00:00,4
2024-12-03 16:00:00,QQQ,515.15,516.48,514.75,516.31,4706088.0,IBKR_TRADES,RTH,split_adjusted,traded_shares,2026-09-09T00:39:13.631182+00:00,4
2024-12-03 20:00:00,QQQ,516.3,517.15,515.92,516.91,1992951.0,IBKR_TRADES,RTH,split_adjusted,traded_shares,2026-09-09T00:39:13.631182+00:00,4
2024-12-04 14:30:00,QQQ,520.32,522.1,519.6,521.87,5687822.0,IBKR_TRADES,RTH,split_adjusted,traded_shares,2026-09-09T00:39:13.631182+00:00,4
2024-12-04 16:00:00,QQQ,521.92,522.74,520.88,522.61,6509722.0,IBKR_TRADES,RTH,split_adjusted,traded_shares,2026-09-09T00:39:13.631182+00:00,4
2024-12-04 20:00:00,QQQ,522.59,523.52,522.48,523.25,3614097.0,IBKR_TRADES,RTH,split_adjusted,traded_shares,2026-09-09T00:39:13.631182+00:00,4
2024-12-05 14:30:00,QQQ,523.31,523.65,522.13,522.5,3365900.0,IBKR_TRADES,RTH,split_adjusted,traded_shares,2026-09-09T00:39:13.631182+00:00,4
2024-12-05 16:00:00,QQQ,522.47,524.04,521.77,522.29,4960519.0,IBKR_TRADES,RTH,split_adjusted,traded_shares,2026-09-09T00:39:13.631182+00:00,4
2024-12-05 20:00:00,QQQ,522.27,522.7,521.42,521.8,2574558.0,IBKR_TRADES,RTH,split_adjusted,traded_shares,2026-09-09T00:39:13.631182+00:00,4
2024-12-06 14:30:00,QQQ,522.46,526.19,522.35,525.53,4324967.0,IBKR_TRADES,RTH,split_adjusted,traded_shares,2026-09-09T00:39:13.631182+00:00,4
2024-12-06 16:00:00,QQQ,525.57,526.72,524.42,525.91,5682307.0,IBKR_TRADES,RTH,split_adjusted,traded_shares,2026-09-09T00:39:13.631182+00:00,4
2024-12-06 20:00:00,QQQ,525.91,526.63,525.71,526.51,3885621.0,IBKR_TRADES,RTH,split_adjusted,traded_shares,2026-09-09T00:39:13.631182+00:00,4
2024-12-09 14:30:00,QQQ,525.55,526.35,522.82,522.91,4436048.0,IBKR_TRADES,RTH,split_adjusted,traded_shares,2026-09-09T00:39:13.631182+00:00,4
2024-12-09 16:00:00,QQQ,522.93,523.96,521.22,522.19,5781546.0,IBKR_TRADES,RTH,split_adjusted,traded_shares,2026-09-09T00:39:13.631182+00:00,4
2024-12-09 20:00:00,QQQ,522.17,522.48,521.33,522.37,2780533.0,IBKR_TRADES,RTH,split_adjusted,traded_shares,2026-09-09T00:39:13.631182+00:00,4
2024-12-10 14:30:00,QQQ,523.62,525.38,522.72,522.93,4399506.0,IBKR_TRADES,RTH,split_adjusted,traded_shares,2026-09-09T00:39:13.631182+00:00,4
2024-12-10 16:00:00,QQQ,522.94,523.16,520.3,520.58,7212630.0,IBKR_TRADES,RTH,split_adjusted,traded_shares,2026-09-09T00:39:13.631182+00:00,4
2024-12-10 20:00:00,QQQ,520.58,520.62,519.16,520.55,4417205.0,IBKR_TRADES,RTH,split_adjusted,traded_shares,2026-09-09T00:39:13.631182+00:00,4
2024-12-11 14:30:00,QQQ,524.98,528.52,524.59,527.6,6975988.0,IBKR_TRADES,RTH,split_adjusted,traded_shares,2026-09-09T00:39:13.631182+00:00,4
2024-12-11 16:00:00,QQQ,527.62,530.36,527.44,530.09,7489106.0,IBKR_TRADES,RTH,split_adjusted,traded_shares,2026-09-09T00:39:13.631182+00:00,4
2024-12-11 20:00:00,QQQ,530.09,530.61,529.83,529.93,4896183.0,IBKR_TRADES,RTH,split_adjusted,traded_shares,2026-09-09T00:39:13.631182+00:00,4
2024-12-12 14:30:00,QQQ,527.68,528.56,526.02,528.37,4617122.0,IBKR_TRADES,RTH,split_adjusted,traded_shares,2026-09-09T00:39:13.631182+00:00,4
2024-12-12 16:00:00,QQQ,528.36,528.96,527.01,527.52,5663507.0,IBKR_TRADES,RTH,split_adjusted,traded_shares,2026-09-09T00:39:13.631182+00:00,4
2024-12-12 20:00:00,QQQ,527.45,527.55,526.5,526.5,2713089.0,IBKR_TRADES,RTH,split_adjusted,traded_shares,2026-09-09T00:39:13.631182+00:00,4
2024-12-13 14:30:00,QQQ,530.46,533.17,527.77,527.79,7099155.0,IBKR_TRADES,RTH,split_adjusted,traded_shares,2026-09-09T00:39:13.631182+00:00,4
2024-12-13 16:00:00,QQQ,527.83,530.92,527.3,530.56,7215101.0,IBKR_TRADES,RTH,split_adjusted,traded_shares,2026-09-09T00:39:13.631182+00:00,4
2024-12-13 20:00:00,QQQ,530.6,531.15,529.95,530.5,2559080.0,IBKR_TRADES,RTH,split_adjusted,traded_shares,2026-09-09T00:39:13.631182+00:00,4
2024-12-16 14:30:00,QQQ,533.08,536.08,533.0,535.26,6199457.0,IBKR_TRADES,RTH,split_adjusted,traded_shares,2026-09-09T00:39:13.631182+00:00,4
2024-12-16 16:00:00,QQQ,535.27,538.89,535.26,538.48,7759227.999999999,IBKR_TRADES,RTH,split_adjusted,traded_shares,2026-09-09T00:39:13.631182+00:00,4
2024-12-16 20:00:00,QQQ,538.48,539.15,537.81,538.19,4000724.0000000005,IBKR_TRADES,RTH,split_adjusted,traded_shares,2026-09-09T00:39:13.631182+00:00,4
2024-12-17 14:30:00,QQQ,536.36,537.09,534.13,535.65,6194010.0,IBKR_TRADES,RTH,split_adjusted,traded_shares,2026-09-09T00:39:13.631182+00:00,4
2024-12-17 16:00:00,QQQ,535.61,537.48,534.68,535.02,8052866.0,IBKR_TRADES,RTH,split_adjusted,traded_shares,2026-09-09T00:39:13.631182+00:00,4
2024-12-17 20:00:00,QQQ,535.0,536.21,534.35,535.85,3270522.0,IBKR_TRADES,RTH,split_adjusted,traded_shares,2026-09-09T00:39:13.631182+00:00,4
2024-12-18 14:30:00,QQQ,535.15,536.88,533.46,536.13,3376220.0,IBKR_TRADES,RTH,split_adjusted,traded_shares,2026-09-09T00:39:13.631182+00:00,4
2024-12-18 16:00:00,QQQ,536.12,536.61,526.34,526.6,11059618.0,IBKR_TRADES,RTH,split_adjusted,traded_shares,2026-09-09T00:39:13.631182+00:00,4
2024-12-18 20:00:00,QQQ,526.6,527.09,515.01,516.61,18638765.0,IBKR_TRADES,RTH,split_adjusted,traded_shares,2026-09-09T00:39:13.631182+00:00,4
2024-12-19 14:30:00,QQQ,521.19,521.76,516.12,518.22,11223596.0,IBKR_TRADES,RTH,split_adjusted,traded_shares,2026-09-09T00:39:13.631182+00:00,4
2024-12-19 16:00:00,QQQ,518.2,520.12,515.38,516.17,11858515.0,IBKR_TRADES,RTH,split_adjusted,traded_shares,2026-09-09T00:39:13.631182+00:00,4
2024-12-19 20:00:00,QQQ,516.23,517.82,513.83,514.17,6868382.0,IBKR_TRADES,RTH,split_adjusted,traded_shares,2026-09-09T00:39:13.631182+00:00,4
2024-12-20 14:30:00,QQQ,510.44,518.78,509.29,517.84,9185160.0,IBKR_TRADES,RTH,split_adjusted,traded_shares,2026-09-09T00:39:13.631182+00:00,4
2024-12-20 16:00:00,QQQ,517.88,524.82,517.63,522.02,13663567.0,IBKR_TRADES,RTH,split_adjusted,traded_shares,2026-09-09T00:39:13.631182+00:00,4
2024-12-20 20:00:00,QQQ,522.04,522.37,517.66,518.82,7944009.0,IBKR_TRADES,RTH,split_adjusted,traded_shares,2026-09-09T00:39:13.631182+00:00,4
2024-12-23 14:30:00,QQQ,519.55,520.83,516.13,518.19,5417523.0,IBKR_TRADES,RTH,split_adjusted,traded_shares,2026-09-09T00:39:13.631182+00:00,4
2024-12-23 16:00:00,QQQ,518.07,523.25,518.06,521.66,7102968.0,IBKR_TRADES,RTH,split_adjusted,traded_shares,2026-09-09T00:39:13.631182+00:00,4
2024-12-23 20:00:00,QQQ,521.65,523.19,520.68,522.92,4397808.0,IBKR_TRADES,RTH,split_adjusted,traded_shares,2026-09-09T00:39:13.631182+00:00,4
2024-12-24 14:30:00,QQQ,524.83,528.23,524.19,528.08,4538678.0,IBKR_TRADES,RTH,split_adjusted,traded_shares,2026-09-09T00:39:13.631182+00:00,4
2024-12-24 16:00:00,QQQ,528.07,530.05,527.72,530.02,5617662.0,IBKR_TRADES,RTH,split_adjusted,traded_shares,2026-09-09T00:39:13.631182+00:00,4
2024-12-26 14:30:00,QQQ,528.34,529.72,526.31,529.66,3934083.0000000005,IBKR_TRADES,RTH,split_adjusted,traded_shares,2026-09-09T00:39:13.631182+00:00,4
2024-12-26 16:00:00,QQQ,529.63,531.24,528.83,530.53,5551483.0,IBKR_TRADES,RTH,split_adjusted,traded_shares,2026-09-09T00:39:13.631182+00:00,4
2024-12-26 20:00:00,QQQ,530.55,530.87,529.42,529.56,2227078.0,IBKR_TRADES,RTH,split_adjusted,traded_shares,2026-09-09T00:39:13.631182+00:00,4
2024-12-27 14:30:00,QQQ,526.01,526.45,518.04,520.27,7384778.0,IBKR_TRADES,RTH,split_adjusted,traded_shares,2026-09-09T00:39:13.631182+00:00,4
2024-12-27 16:00:00,QQQ,520.26,522.86,517.86,522.62,10751031.0,IBKR_TRADES,RTH,split_adjusted,traded_shares,2026-09-09T00:39:13.631182+00:00,4
2024-12-27 20:00:00,QQQ,522.61,522.81,520.27,522.55,4460363.0,IBKR_TRADES,RTH,split_adjusted,traded_shares,2026-09-09T00:39:13.631182+00:00,4
2024-12-30 14:30:00,QQQ,515.51,515.71,511.83,514.74,6543009.0,IBKR_TRADES,RTH,split_adjusted,traded_shares,2026-09-09T00:39:13.631182+00:00,4
2024-12-30 16:00:00,QQQ,514.69,519.36,513.95,518.41,9296318.0,IBKR_TRADES,RTH,split_adjusted,traded_shares,2026-09-09T00:39:13.631182+00:00,4
2024-12-30 20:00:00,QQQ,518.41,518.76,515.47,515.57,4593780.0,IBKR_TRADES,RTH,split_adjusted,traded_shares,2026-09-09T00:39:13.631182+00:00,4
2024-12-31 14:30:00,QQQ,516.9,517.66,513.99,515.11,4497623.0,IBKR_TRADES,RTH,split_adjusted,traded_shares,2026-09-09T00:39:13.631182+00:00,4
2024-12-31 16:00:00,QQQ,515.08,515.16,510.26,512.34,8717455.0,IBKR_TRADES,RTH,split_adjusted,traded_shares,2026-09-09T00:39:13.631182+00:00,4
2024-12-31 20:00:00,QQQ,512.33,513.46,510.45,511.17,5460748.0,IBKR_TRADES,RTH,split_adjusted,traded_shares,2026-09-09T00:39:13.631182+00:00,4
2025-01-02 14:30:00,QQQ,514.33,516.64,510.02,512.71,8310645.0,IBKR_TRADES,RTH,split_adjusted,traded_shares,2026-09-09T00:39:13.631182+00:00,4
2025-01-02 16:00:00,QQQ,512.74,514.58,505.71,507.64,12838712.0,IBKR_TRADES,RTH,split_adjusted,traded_shares,2026-09-09T00:39:13.631182+00:00,4
2025-01-02 20:00:00,QQQ,507.59,510.76,507.59,510.15,3929775.9999999995,IBKR_TRADES,RTH,split_adjusted,traded_shares,2026-09-09T00:39:13.631182+00:00,4
2025-01-03 14:30:00,QQQ,513.35,516.73,512.53,515.27,6659754.0,IBKR_TRADES,RTH,split_adjusted,traded_shares,2026-09-09T00:39:13.631182+00:00,4
2025-01-03 16:00:00,QQQ,515.28,519.65,514.35,519.07,7174957.0,IBKR_TRADES,RTH,split_adjusted,traded_shares,2026-09-09T00:39:13.631182+00:00,4
2025-01-03 20:00:00,QQQ,519.07,519.07,517.71,518.56,4827624.0,IBKR_TRADES,RTH,split_adjusted,traded_shares,2026-09-09T00:39:13.631182+00:00,4
2025-01-06 14:30:00,QQQ,524.02,527.8,523.76,527.29,7077425.0,IBKR_TRADES,RTH,split_adjusted,traded_shares,2026-09-09T00:39:13.631182+00:00,4
2025-01-06 16:00:00,QQQ,527.31,527.92,522.25,522.34,9860641.0,IBKR_TRADES,RTH,split_adjusted,traded_shares,2026-09-09T00:39:13.631182+00:00,4
2025-01-06 20:00:00,QQQ,522.27,524.66,522.03,524.49,5345325.0,IBKR_TRADES,RTH,split_adjusted,traded_shares,2026-09-09T00:39:13.631182+00:00,4
2025-01-07 14:30:00,QQQ,525.61,525.99,516.14,519.76,8664859.0,IBKR_TRADES,RTH,split_adjusted,traded_shares,2026-09-09T00:39:13.631182+00:00,4
2025-01-07 16:00:00,QQQ,519.76,520.33,515.88,516.59,9930434.0,IBKR_TRADES,RTH,split_adjusted,traded_shares,2026-09-09T00:39:13.631182+00:00,4
2025-01-07 20:00:00,QQQ,516.66,516.73,513.28,515.14,5408146.0,IBKR_TRADES,RTH,split_adjusted,traded_shares,2026-09-09T00:39:13.631182+00:00,4
2025-01-08 14:30:00,QQQ,515.08,516.29,512.1,515.08,5389460.0,IBKR_TRADES,RTH,split_adjusted,traded_shares,2026-09-09T00:39:13.631182+00:00,4
2025-01-08 16:00:00,QQQ,515.11,516.92,510.57,514.69,9702205.0,IBKR_TRADES,RTH,split_adjusted,traded_shares,2026-09-09T00:39:13.631182+00:00,4
2025-01-08 20:00:00,QQQ,514.71,515.69,513.85,515.32,2998475.0,IBKR_TRADES,RTH,split_adjusted,traded_shares,2026-09-09T00:39:13.631182+00:00,4
2025-01-10 14:30:00,QQQ,511.48,511.58,503.92,506.68,10833446.0,IBKR_TRADES,RTH,split_adjusted,traded_shares,2026-09-09T00:39:13.631182+00:00,4
2025-01-10 16:00:00,QQQ,506.69,511.1,504.2,508.95,11064848.0,IBKR_TRADES,RTH,split_adjusted,traded_shares,2026-09-09T00:39:13.631182+00:00,4
2025-01-10 20:00:00,QQQ,508.95,509.26,506.45,507.21,4364684.0,IBKR_TRADES,RTH,split_adjusted,traded_shares,2026-09-09T00:39:13.631182+00:00,4
2025-01-13 14:30:00,QQQ,501.2,503.99,499.7,502.05,7428008.0,IBKR_TRADES,RTH,split_adjusted,traded_shares,2026-09-09T00:39:13.631182+00:00,4
2025-01-13 16:00:00,QQQ,502.06,505.07,500.06,504.56,8931049.0,IBKR_TRADES,RTH,split_adjusted,traded_shares,2026-09-09T00:39:13.631182+00:00,4
2025-01-13 20:00:00,QQQ,504.57,506.02,503.81,505.6,2745467.0,IBKR_TRADES,RTH,split_adjusted,traded_shares,2026-09-09T00:39:13.631182+00:00,4
2025-01-14 14:30:00,QQQ,508.76,510.16,505.45,505.47,6217173.0,IBKR_TRADES,RTH,split_adjusted,traded_shares,2026-09-09T00:39:13.631182+00:00,4
2025-01-14 16:00:00,QQQ,505.49,507.28,502.03,503.65,9030457.0,IBKR_TRADES,RTH,split_adjusted,traded_shares,2026-09-09T00:39:13.631182+00:00,4
2025-01-14 20:00:00,QQQ,503.66,505.16,501.59,505.1,5524776.0,IBKR_TRADES,RTH,split_adjusted,traded_shares,2026-09-09T00:39:13.631182+00:00,4
2025-01-15 14:30:00,QQQ,513.03,516.73,511.46,514.66,8428469.0,IBKR_TRADES,RTH,split_adjusted,traded_shares,2026-09-09T00:39:13.631182+00:00,4
2025-01-15 16:00:00,QQQ,514.65,517.42,512.92,517.02,7818107.0,IBKR_TRADES,RTH,split_adjusted,traded_shares,2026-09-09T00:39:13.631182+00:00,4
2025-01-15 20:00:00,QQQ,517.02,517.85,516.44,516.53,4521836.0,IBKR_TRADES,RTH,split_adjusted,traded_shares,2026-09-09T00:39:13.631182+00:00,4
2025-01-16 14:30:00,QQQ,519.0,519.06,515.2,517.32,5536169.0,IBKR_TRADES,RTH,split_adjusted,traded_shares,2026-09-09T00:39:13.631182+00:00,4
2025-01-16 16:00:00,QQQ,517.31,518.52,513.46,516.13,7857847.0,IBKR_TRADES,RTH,split_adjusted,traded_shares,2026-09-09T00:39:13.631182+00:00,4
2025-01-16 20:00:00,QQQ,516.08,516.63,512.95,513.07,3767519.0,IBKR_TRADES,RTH,split_adjusted,traded_shares,2026-09-09T00:39:13.631182+00:00,4
2025-01-17 14:30:00,QQQ,522.85,523.05,518.91,521.6,7643093.000000001,IBKR_TRADES,RTH,split_adjusted,traded_shares,2026-09-09T00:39:13.631182+00:00,4
2025-01-17 16:00:00,QQQ,521.6,523.46,520.8,522.24,9662377.0,IBKR_TRADES,RTH,split_adjusted,traded_shares,2026-09-09T00:39:13.631182+00:00,4
2025-01-17 20:00:00,QQQ,522.24,522.65,521.26,521.76,4465543.0,IBKR_TRADES,RTH,split_adjusted,traded_shares,2026-09-09T00:39:13.631182+00:00,4
2025-01-21 14:30:00,QQQ,524.47,524.69,520.06,522.68,5187541.0,IBKR_TRADES,RTH,split_adjusted,traded_shares,2026-09-09T00:39:13.631182+00:00,4
2025-01-21 16:00:00,QQQ,522.63,525.97,521.72,524.86,5710403.0,IBKR_TRADES,RTH,split_adjusted,traded_shares,2026-09-09T00:39:13.631182+00:00,4
2025-01-21 20:00:00,QQQ,524.89,525.63,524.25,524.71,2778039.0,IBKR_TRADES,RTH,split_adjusted,traded_shares,2026-09-09T00:39:13.631182+00:00,4
2025-01-22 14:30:00,QQQ,529.57,532.59,529.26,531.45,8714864.0,IBKR_TRADES,RTH,split_adjusted,traded_shares,2026-09-09T00:39:13.631182+00:00,4
2025-01-22 16:00:00,QQQ,531.44,533.82,531.33,532.53,7271879.0,IBKR_TRADES,RTH,split_adjusted,traded_shares,2026-09-09T00:39:13.631182+00:00,4
2025-01-22 20:00:00,QQQ,532.53,532.57,531.13,531.51,2929347.0,IBKR_TRADES,RTH,split_adjusted,traded_shares,2026-09-09T00:39:13.631182+00:00,4
2025-01-23 14:30:00,QQQ,529.03,530.28,528.45,530.03,3465561.0,IBKR_TRADES,RTH,split_adjusted,traded_shares,2026-09-09T00:39:13.631182+00:00,4
2025-01-23 16:00:00,QQQ,530.06,531.3,529.22,530.56,5153835.0,IBKR_TRADES,RTH,split_adjusted,traded_shares,2026-09-09T00:39:13.631182+00:00,4
2025-01-23 20:00:00,QQQ,530.54,532.76,530.34,532.72,3090554.0,IBKR_TRADES,RTH,split_adjusted,traded_shares,2026-09-09T00:39:13.631182+00:00,4
2025-01-24 14:30:00,QQQ,533.02,533.79,531.4,531.59,3956025.9999999995,IBKR_TRADES,RTH,split_adjusted,traded_shares,2026-09-09T00:39:13.631182+00:00,4
2025-01-24 16:00:00,QQQ,531.58,532.75,528.15,528.71,6678575.0,IBKR_TRADES,RTH,split_adjusted,traded_shares,2026-09-09T00:39:13.631182+00:00,4
2025-01-24 20:00:00,QQQ,528.71,529.9,528.45,529.65,2634507.0,IBKR_TRADES,RTH,split_adjusted,traded_shares,2026-09-09T00:39:13.631182+00:00,4
2025-01-27 14:30:00,QQQ,510.92,517.99,510.53,515.45,13321029.0,IBKR_TRADES,RTH,split_adjusted,traded_shares,2026-09-09T00:39:13.631182+00:00,4
2025-01-27 16:00:00,QQQ,515.48,515.8,510.15,511.04,13591100.0,IBKR_TRADES,RTH,split_adjusted,traded_shares,2026-09-09T00:39:13.631182+00:00,4
2025-01-27 20:00:00,QQQ,511.04,514.2,510.9,514.05,6692037.0,IBKR_TRADES,RTH,split_adjusted,traded_shares,2026-09-09T00:39:13.631182+00:00,4
2025-01-28 14:30:00,QQQ,515.2,519.55,511.78,518.9,8269456.000000001,IBKR_TRADES,RTH,split_adjusted,traded_shares,2026-09-09T00:39:13.631182+00:00,4
2025-01-28 16:00:00,QQQ,518.96,523.0,517.29,522.76,8361608.000000001,IBKR_TRADES,RTH,split_adjusted,traded_shares,2026-09-09T00:39:13.631182+00:00,4
2025-01-28 20:00:00,QQQ,522.78,522.95,521.37,521.87,4532826.0,IBKR_TRADES,RTH,split_adjusted,traded_shares,2026-09-09T00:39:13.631182+00:00,4
2025-01-29 14:30:00,QQQ,522.46,522.59,519.02,520.19,4145356.0000000005,IBKR_TRADES,RTH,split_adjusted,traded_shares,2026-09-09T00:39:13.631182+00:00,4
2025-01-29 16:00:00,QQQ,520.23,521.92,516.89,521.01,9182190.0,IBKR_TRADES,RTH,split_adjusted,traded_shares,2026-09-09T00:39:13.631182+00:00,4
2025-01-29 20:00:00,QQQ,520.99,522.48,519.18,520.78,3739850.0,IBKR_TRADES,RTH,split_adjusted,traded_shares,2026-09-09T00:39:13.631182+00:00,4
2025-01-30 14:30:00,QQQ,523.71,526.1,519.22,519.22,6429038.0,IBKR_TRADES,RTH,split_adjusted,traded_shares,2026-09-09T00:39:13.631182+00:00,4
2025-01-30 16:00:00,QQQ,519.21,524.0,518.21,523.94,5871705.0,IBKR_TRADES,RTH,split_adjusted,traded_shares,2026-09-09T00:39:13.631182+00:00,4
2025-01-30 20:00:00,QQQ,523.94,524.92,520.7,523.05,4589918.0,IBKR_TRADES,RTH,split_adjusted,traded_shares,2026-09-09T00:39:13.631182+00:00,4
2025-01-31 14:30:00,QQQ,526.92,531.31,526.72,530.84,5819116.0,IBKR_TRADES,RTH,split_adjusted,traded_shares,2026-09-09T00:39:13.631182+00:00,4
2025-01-31 16:00:00,QQQ,530.84,531.52,522.36,524.28,13052356.0,IBKR_TRADES,RTH,split_adjusted,traded_shares,2026-09-09T00:39:13.631182+00:00,4
2025-01-31 20:00:00,QQQ,524.21,524.21,521.19,522.28,6540348.0,IBKR_TRADES,RTH,split_adjusted,traded_shares,2026-09-09T00:39:13.631182+00:00,4
2025-02-03 14:30:00,QQQ,513.47,519.25,511.05,518.47,11350534.0,IBKR_TRADES,RTH,split_adjusted,traded_shares,2026-09-09T00:39:13.631182+00:00,4
2025-02-03 16:00:00,QQQ,518.44,520.85,516.51,520.05,10474197.0,IBKR_TRADES,RTH,split_adjusted,traded_shares,2026-09-09T00:39:13.631182+00:00,4
2025-02-03 20:00:00,QQQ,520.08,520.54,517.94,518.14,3529646.0,IBKR_TRADES,RTH,split_adjusted,traded_shares,2026-09-09T00:39:13.631182+00:00,4
2025-02-04 14:30:00,QQQ,518.63,524.79,518.23,523.64,5779926.0,IBKR_TRADES,RTH,split_adjusted,traded_shares,2026-09-09T00:39:13.631182+00:00,4
2025-02-04 16:00:00,QQQ,523.68,525.11,521.68,523.75,6824874.0,IBKR_TRADES,RTH,split_adjusted,traded_shares,2026-09-09T00:39:13.631182+00:00,4
2025-02-04 20:00:00,QQQ,523.8,524.95,523.48,524.55,2886267.0,IBKR_TRADES,RTH,split_adjusted,traded_shares,2026-09-09T00:39:13.631182+00:00,4
2025-02-05 14:30:00,QQQ,521.82,523.25,520.62,522.76,5614313.0,IBKR_TRADES,RTH,split_adjusted,traded_shares,2026-09-09T00:39:13.631182+00:00,4
2025-02-05 16:00:00,QQQ,522.75,526.36,522.1,525.57,5446373.0,IBKR_TRADES,RTH,split_adjusted,traded_shares,2026-09-09T00:39:13.631182+00:00,4
2025-02-05 20:00:00,QQQ,525.56,527.01,525.11,526.85,2505327.0,IBKR_TRADES,RTH,split_adjusted,traded_shares,2026-09-09T00:39:13.631182+00:00,4
2025-02-06 14:30:00,QQQ,527.36,529.02,526.4,527.2,4890517.0,IBKR_TRADES,RTH,split_adjusted,traded_shares,2026-09-09T00:39:13.631182+00:00,4
2025-02-06 16:00:00,QQQ,527.19,528.84,525.74,526.59,5309689.0,IBKR_TRADES,RTH,split_adjusted,traded_shares,2026-09-09T00:39:13.631182+00:00,4
2025-02-06 20:00:00,QQQ,526.56,529.81,526.33,529.59,2560103.0,IBKR_TRADES,RTH,split_adjusted,traded_shares,2026-09-09T00:39:13.631182+00:00,4
2025-02-07 14:30:00,QQQ,530.14,532.1,523.68,526.21,7466130.0,IBKR_TRADES,RTH,split_adjusted,traded_shares,2026-09-09T00:39:13.631182+00:00,4
2025-02-07 16:00:00,QQQ,526.18,527.03,522.46,523.47,8227638.999999999,IBKR_TRADES,RTH,split_adjusted,traded_shares,2026-09-09T00:39:13.631182+00:00,4
2025-02-07 20:00:00,QQQ,523.44,523.74,522.19,522.94,3099496.0,IBKR_TRADES,RTH,split_adjusted,traded_shares,2026-09-09T00:39:13.631182+00:00,4
2025-02-10 14:30:00,QQQ,527.25,530.36,526.75,529.65,5055692.0,IBKR_TRADES,RTH,split_adjusted,traded_shares,2026-09-09T00:39:13.631182+00:00,4
2025-02-10 16:00:00,QQQ,529.68,530.17,528.52,529.6,4519210.0,IBKR_TRADES,RTH,split_adjusted,traded_shares,2026-09-09T00:39:13.631182+00:00,4
2025-02-10 20:00:00,QQQ,529.61,529.91,528.94,529.22,2714245.0,IBKR_TRADES,RTH,split_adjusted,traded_shares,2026-09-09T00:39:13.631182+00:00,4
2025-02-11 14:30:00,QQQ,525.96,529.92,525.83,529.17,3711279.0,IBKR_TRADES,RTH,split_adjusted,traded_shares,2026-09-09T00:39:13.631182+00:00,4
2025-02-11 16:00:00,QQQ,529.19,529.39,526.17,528.8,5945649.0,IBKR_TRADES,RTH,split_adjusted,traded_shares,2026-09-09T00:39:13.631182+00:00,4
2025-02-11 20:00:00,QQQ,528.88,529.16,527.37,527.95,2800829.0,IBKR_TRADES,RTH,split_adjusted,traded_shares,2026-09-09T00:39:13.631182+00:00,4
2025-02-12 14:30:00,QQQ,522.29,527.61,521.95,526.57,5958882.0,IBKR_TRADES,RTH,split_adjusted,traded_shares,2026-09-09T00:39:13.631182+00:00,4
2025-02-12 16:00:00,QQQ,526.57,529.19,524.6,528.95,6370074.0,IBKR_TRADES,RTH,split_adjusted,traded_shares,2026-09-09T00:39:13.631182+00:00,4
2025-02-12 20:00:00,QQQ,528.93,529.14,527.67,528.32,2574591.0,IBKR_TRADES,RTH,split_adjusted,traded_shares,2026-09-09T00:39:13.631182+00:00,4
2025-02-13 14:30:00,QQQ,529.98,534.57,529.19,534.09,5878359.0,IBKR_TRADES,RTH,split_adjusted,traded_shares,2026-09-09T00:39:13.631182+00:00,4
2025-02-13 16:00:00,QQQ,534.08,534.99,530.56,534.55,7411709.0,IBKR_TRADES,RTH,split_adjusted,traded_shares,2026-09-09T00:39:13.631182+00:00,4
2025-02-13 20:00:00,QQQ,534.53,536.22,534.45,535.89,3946054.0000000005,IBKR_TRADES,RTH,split_adjusted,traded_shares,2026-09-09T00:39:13.631182+00:00,4
2025-02-14 14:30:00,QQQ,536.08,537.6,535.67,537.44,3620437.0,IBKR_TRADES,RTH,split_adjusted,traded_shares,2026-09-09T00:39:13.631182+00:00,4
2025-02-14 16:00:00,QQQ,537.45,538.41,535.71,537.79,4604444.0,IBKR_TRADES,RTH,split_adjusted,traded_shares,2026-09-09T00:39:13.631182+00:00,4
2025-02-14 20:00:00,QQQ,537.77,538.84,537.33,538.12,2743112.0,IBKR_TRADES,RTH,split_adjusted,traded_shares,2026-09-09T00:39:13.631182+00:00,4
2025-02-18 14:30:00,QQQ,539.73,540.0,536.57,538.04,4275473.0,IBKR_TRADES,RTH,split_adjusted,traded_shares,2026-09-09T00:39:13.631182+00:00,4
2025-02-18 16:00:00,QQQ,538.03,538.73,536.04,537.81,4597832.0,IBKR_TRADES,RTH,split_adjusted,traded_shares,2026-09-09T00:39:13.631182+00:00,4
2025-02-18 20:00:00,QQQ,537.82,539.32,537.4,539.32,2920729.0,IBKR_TRADES,RTH,split_adjusted,traded_shares,2026-09-09T00:39:13.631182+00:00,4
2025-02-19 14:30:00,QQQ,538.57,538.94,536.46,537.5,3371219.0,IBKR_TRADES,RTH,split_adjusted,traded_shares,2026-09-09T00:39:13.631182+00:00,4
2025-02-19 16:00:00,QQQ,537.49,540.81,537.47,540.73,5665682.0,IBKR_TRADES,RTH,split_adjusted,traded_shares,2026-09-09T00:39:13.631182+00:00,4
2025-02-19 20:00:00,QQQ,540.7,540.7,538.54,539.56,3482772.0,IBKR_TRADES,RTH,split_adjusted,traded_shares,2026-09-09T00:39:13.631182+00:00,4
2025-02-20 14:30:00,QQQ,538.73,539.1,532.46,533.41,6845605.0,IBKR_TRADES,RTH,split_adjusted,traded_shares,2026-09-09T00:39:13.631182+00:00,4
2025-02-20 16:00:00,QQQ,533.46,536.72,533.27,536.45,6115700.0,IBKR_TRADES,RTH,split_adjusted,traded_shares,2026-09-09T00:39:13.631182+00:00,4
2025-02-20 20:00:00,QQQ,536.48,537.25,535.68,537.19,3101066.0,IBKR_TRADES,RTH,split_adjusted,traded_shares,2026-09-09T00:39:13.631182+00:00,4
2025-02-21 14:30:00,QQQ,538.38,538.4,532.47,534.05,6264700.0,IBKR_TRADES,RTH,split_adjusted,traded_shares,2026-09-09T00:39:13.631182+00:00,4
2025-02-21 16:00:00,QQQ,534.03,534.57,525.81,526.3,13263617.0,IBKR_TRADES,RTH,split_adjusted,traded_shares,2026-09-09T00:39:13.631182+00:00,4
2025-02-21 20:00:00,QQQ,526.26,527.06,525.71,526.09,5534994.0,IBKR_TRADES,RTH,split_adjusted,traded_shares,2026-09-09T00:39:13.631182+00:00,4
2025-02-24 14:30:00,QQQ,527.88,529.07,520.18,521.55,10207123.0,IBKR_TRADES,RTH,split_adjusted,traded_shares,2026-09-09T00:39:13.631182+00:00,4
2025-02-24 16:00:00,QQQ,521.59,525.66,521.18,523.04,8848820.0,IBKR_TRADES,RTH,split_adjusted,traded_shares,2026-09-09T00:39:13.631182+00:00,4
2025-02-24 20:00:00,QQQ,523.04,523.43,519.53,519.83,5612697.0,IBKR_TRADES,RTH,split_adjusted,traded_shares,2026-09-09T00:39:13.631182+00:00,4
2025-02-25 14:30:00,QQQ,519.24,519.32,510.39,512.21,10918481.0,IBKR_TRADES,RTH,split_adjusted,traded_shares,2026-09-09T00:39:13.631182+00:00,4
2025-02-25 16:00:00,QQQ,512.25,516.5,509.44,514.56,13364489.0,IBKR_TRADES,RTH,split_adjusted,traded_shares,2026-09-09T00:39:13.631182+00:00,4
2025-02-25 20:00:00,QQQ,514.56,516.04,512.6,513.29,5020203.0,IBKR_TRADES,RTH,split_adjusted,traded_shares,2026-09-09T00:39:13.631182+00:00,4
2025-02-26 14:30:00,QQQ,515.53,518.79,514.39,518.31,5730011.0,IBKR_TRADES,RTH,split_adjusted,traded_shares,2026-09-09T00:39:13.631182+00:00,4
2025-02-26 16:00:00,QQQ,518.32,519.66,511.37,512.08,10412798.0,IBKR_TRADES,RTH,split_adjusted,traded_shares,2026-09-09T00:39:13.631182+00:00,4
2025-02-26 20:00:00,QQQ,512.13,515.23,511.7,514.49,3235963.0,IBKR_TRADES,RTH,split_adjusted,traded_shares,2026-09-09T00:39:13.631182+00:00,4
2025-02-27 14:30:00,QQQ,518.13,519.07,507.33,510.31,13168457.0,IBKR_TRADES,RTH,split_adjusted,traded_shares,2026-09-09T00:39:13.631182+00:00,4
2025-02-27 16:00:00,QQQ,510.36,513.75,504.99,505.85,9715599.0,IBKR_TRADES,RTH,split_adjusted,traded_shares,2026-09-09T00:39:13.631182+00:00,4
2025-02-27 20:00:00,QQQ,505.88,506.0,500.05,500.33,10139119.0,IBKR_TRADES,RTH,split_adjusted,traded_shares,2026-09-09T00:39:13.631182+00:00,4
2025-02-28 14:30:00,QQQ,500.13,504.67,496.93,504.27,10606664.0,IBKR_TRADES,RTH,split_adjusted,traded_shares,2026-09-09T00:39:13.631182+00:00,4
2025-02-28 16:00:00,QQQ,504.25,504.64,497.54,503.05,12541407.0,IBKR_TRADES,RTH,split_adjusted,traded_shares,2026-09-09T00:39:13.631182+00:00,4
2025-02-28 20:00:00,QQQ,503.05,508.78,502.39,508.21,8274332.999999999,IBKR_TRADES,RTH,split_adjusted,traded_shares,2026-09-09T00:39:13.631182+00:00,4
2025-03-03 14:30:00,QQQ,511.52,513.04,504.29,506.67,8022416.000000001,IBKR_TRADES,RTH,split_adjusted,traded_shares,2026-09-09T00:39:13.631182+00:00,4
2025-03-03 16:00:00,QQQ,506.7,509.77,500.42,500.51,11085973.0,IBKR_TRADES,RTH,split_adjusted,traded_shares,2026-09-09T00:39:13.631182+00:00,4
2025-03-03 20:00:00,QQQ,500.5,500.57,493.58,497.32,9212101.0,IBKR_TRADES,RTH,split_adjusted,traded_shares,2026-09-09T00:39:13.631182+00:00,4
2025-03-04 14:30:00,QQQ,494.18,496.32,487.73,490.69,15951076.0,IBKR_TRADES,RTH,split_adjusted,traded_shares,2026-09-09T00:39:13.631182+00:00,4
2025-03-04 16:00:00,QQQ,490.69,501.22,488.52,500.96,17714989.0,IBKR_TRADES,RTH,split_adjusted,traded_shares,2026-09-09T00:39:13.631182+00:00,4
2025-03-04 20:00:00,QQQ,500.92,503.74,493.75,495.51,9492497.0,IBKR_TRADES,RTH,split_adjusted,traded_shares,2026-09-09T00:39:13.631182+00:00,4
2025-03-05 14:30:00,QQQ,496.2,498.05,492.57,495.55,8403502.0,IBKR_TRADES,RTH,split_adjusted,traded_shares,2026-09-09T00:39:13.631182+00:00,4
2025-03-05 16:00:00,QQQ,495.47,503.28,491.26,501.84,16140933.000000002,IBKR_TRADES,RTH,split_adjusted,traded_shares,2026-09-09T00:39:13.631182+00:00,4
2025-03-05 20:00:00,QQQ,501.82,503.63,500.64,502.08,5374689.0,IBKR_TRADES,RTH,split_adjusted,traded_shares,2026-09-09T00:39:13.631182+00:00,4
2025-03-06 14:30:00,QQQ,493.69,498.58,491.65,496.6,10510499.0,IBKR_TRADES,RTH,split_adjusted,traded_shares,2026-09-09T00:39:13.631182+00:00,4
2025-03-06 16:00:00,QQQ,496.63,498.18,486.2,487.34,18971992.0,IBKR_TRADES,RTH,split_adjusted,traded_shares,2026-09-09T00:39:13.631182+00:00,4
2025-03-06 20:00:00,QQQ,487.37,489.87,486.8,488.32,6973364.0,IBKR_TRADES,RTH,split_adjusted,traded_shares,2026-09-09T00:39:13.631182+00:00,4
2025-03-07 14:30:00,QQQ,487.16,492.18,483.57,486.75,11217648.0,IBKR_TRADES,RTH,split_adjusted,traded_shares,2026-09-09T00:39:13.631182+00:00,4
2025-03-07 16:00:00,QQQ,486.77,492.97,480.53,491.02,20638500.0,IBKR_TRADES,RTH,split_adjusted,traded_shares,2026-09-09T00:39:13.631182+00:00,4
2025-03-07 20:00:00,QQQ,491.02,493.28,488.71,491.81,5524256.0,IBKR_TRADES,RTH,split_adjusted,traded_shares,2026-09-09T00:39:13.631182+00:00,4
2025-03-10 13:30:00,QQQ,483.47,483.97,474.71,476.35,18558245.0,IBKR_TRADES,RTH,split_adjusted,traded_shares,2026-09-09T00:39:13.631182+00:00,4
2025-03-10 16:00:00,QQQ,476.32,477.6,468.66,473.3,27439146.0,IBKR_TRADES,RTH,split_adjusted,traded_shares,2026-09-09T00:39:13.631182+00:00,4
2025-03-11 13:30:00,QQQ,472.35,477.08,468.54,472.4,21577107.0,IBKR_TRADES,RTH,split_adjusted,traded_shares,2026-09-09T00:39:13.631182+00:00,4
2025-03-11 16:00:00,QQQ,472.37,478.81,467.01,471.67,25480450.0,IBKR_TRADES,RTH,split_adjusted,traded_shares,2026-09-09T00:39:13.631182+00:00,4
2025-03-12 13:30:00,QQQ,479.15,481.06,471.79,477.59,15754246.0,IBKR_TRADES,RTH,split_adjusted,traded_shares,2026-09-09T00:39:13.631182+00:00,4
2025-03-12 16:00:00,QQQ,477.61,479.89,475.15,477.08,13675626.0,IBKR_TRADES,RTH,split_adjusted,traded_shares,2026-09-09T00:39:13.631182+00:00,4
2025-03-13 13:30:00,QQQ,476.24,476.29,469.06,469.5,12417895.0,IBKR_TRADES,RTH,split_adjusted,traded_shares,2026-09-09T00:39:13.631182+00:00,4
2025-03-13 16:00:00,QQQ,469.52,471.93,466.43,468.37,15232060.000000002,IBKR_TRADES,RTH,split_adjusted,traded_shares,2026-09-09T00:39:13.631182+00:00,4
2025-03-14 13:30:00,QQQ,473.74,479.55,473.12,478.99,13782796.0,IBKR_TRADES,RTH,split_adjusted,traded_shares,2026-09-09T00:39:13.631182+00:00,4
2025-03-14 16:00:00,QQQ,478.99,480.56,477.16,479.65,12426536.0,IBKR_TRADES,RTH,split_adjusted,traded_shares,2026-09-09T00:39:13.631182+00:00,4
2025-03-17 13:30:00,QQQ,479.6,483.14,477.8,479.06,9806340.0,IBKR_TRADES,RTH,split_adjusted,traded_shares,2026-09-09T00:39:13.631182+00:00,4
2025-03-17 16:00:00,QQQ,479.07,485.84,478.44,482.73,16833527.0,IBKR_TRADES,RTH,split_adjusted,traded_shares,2026-09-09T00:39:13.631182+00:00,4
2025-03-18 13:30:00,QQQ,479.41,479.61,472.41,473.69,11045581.0,IBKR_TRADES,RTH,split_adjusted,traded_shares,2026-09-09T00:39:13.631182+00:00,4
2025-03-18 16:00:00,QQQ,473.7,476.64,473.48,474.73,10415501.0,IBKR_TRADES,RTH,split_adjusted,traded_shares,2026-09-09T00:39:13.631182+00:00,4
2025-03-19 13:30:00,QQQ,476.81,480.4,474.87,479.96,7162695.0,IBKR_TRADES,RTH,split_adjusted,traded_shares,2026-09-09T00:39:13.631182+00:00,4
2025-03-19 16:00:00,QQQ,479.98,485.33,476.57,480.79,18865298.0,IBKR_TRADES,RTH,split_adjusted,traded_shares,2026-09-09T00:39:13.631182+00:00,4
2025-03-20 13:30:00,QQQ,476.89,484.55,476.18,481.74,10156804.0,IBKR_TRADES,RTH,split_adjusted,traded_shares,2026-09-09T00:39:13.631182+00:00,4
2025-03-20 16:00:00,QQQ,481.73,482.95,477.24,479.29,13185235.0,IBKR_TRADES,RTH,split_adjusted,traded_shares,2026-09-09T00:39:13.631182+00:00,4
2025-03-21 13:30:00,QQQ,474.09,477.77,472.9,475.34,10081755.0,IBKR_TRADES,RTH,split_adjusted,traded_shares,2026-09-09T00:39:13.631182+00:00,4
2025-03-21 16:00:00,QQQ,475.31,481.61,474.6,481.12,14446150.0,IBKR_TRADES,RTH,split_adjusted,traded_shares,2026-09-09T00:39:13.631182+00:00,4
2025-03-24 13:30:00,QQQ,487.74,490.52,487.12,490.11,8984383.0,IBKR_TRADES,RTH,split_adjusted,traded_shares,2026-09-09T00:39:13.631182+00:00,4
2025-03-24 16:00:00,QQQ,490.11,491.51,489.01,490.46,12497632.0,IBKR_TRADES,RTH,split_adjusted,traded_shares,2026-09-09T00:39:13.631182+00:00,4
2025-03-25 13:30:00,QQQ,491.39,493.62,490.42,492.36,7997660.0,IBKR_TRADES,RTH,split_adjusted,traded_shares,2026-09-09T00:39:13.631182+00:00,4
2025-03-25 16:00:00,QQQ,492.35,493.56,491.37,493.45,8171468.0,IBKR_TRADES,RTH,split_adjusted,traded_shares,2026-09-09T00:39:13.631182+00:00,4
2025-03-26 13:30:00,QQQ,492.3,493.16,485.89,486.4,9830385.0,IBKR_TRADES,RTH,split_adjusted,traded_shares,2026-09-09T00:39:13.631182+00:00,4
2025-03-26 16:00:00,QQQ,486.39,487.0,482.82,484.38,13019066.0,IBKR_TRADES,RTH,split_adjusted,traded_shares,2026-09-09T00:39:13.631182+00:00,4
2025-03-27 13:30:00,QQQ,482.41,486.58,480.25,482.91,11444621.0,IBKR_TRADES,RTH,split_adjusted,traded_shares,2026-09-09T00:39:13.631182+00:00,4
2025-03-27 16:00:00,QQQ,482.92,485.48,481.12,481.61,10346089.0,IBKR_TRADES,RTH,split_adjusted,traded_shares,2026-09-09T00:39:13.631182+00:00,4
2025-03-28 13:30:00,QQQ,479.81,480.52,470.92,470.92,15572378.999999998,IBKR_TRADES,RTH,split_adjusted,traded_shares,2026-09-09T00:39:13.631182+00:00,4
2025-03-28 16:00:00,QQQ,470.92,471.89,468.05,468.97,14547433.0,IBKR_TRADES,RTH,split_adjusted,traded_shares,2026-09-09T00:39:13.631182+00:00,4
2025-03-31 13:30:00,QQQ,461.92,464.27,457.33,463.28,16583611.999999998,IBKR_TRADES,RTH,split_adjusted,traded_shares,2026-09-09T00:39:13.631182+00:00,4
2025-03-31 16:00:00,QQQ,463.3,469.86,462.15,468.93,16383345.000000002,IBKR_TRADES,RTH,split_adjusted,traded_shares,2026-09-09T00:39:13.631182+00:00,4
2025-04-01 13:30:00,QQQ,467.3,472.73,464.42,472.39,12712603.0,IBKR_TRADES,RTH,split_adjusted,traded_shares,2026-09-09T00:39:13.631182+00:00,4
2025-04-01 16:00:00,QQQ,472.4,473.63,467.37,472.63,14278370.0,IBKR_TRADES,RTH,split_adjusted,traded_shares,2026-09-09T00:39:13.631182+00:00,4
2025-04-02 13:30:00,QQQ,466.12,475.33,465.86,474.26,11049859.0,IBKR_TRADES,RTH,split_adjusted,traded_shares,2026-09-09T00:39:13.631182+00:00,4
2025-04-02 16:00:00,QQQ,474.2,479.56,472.68,476.18,15323155.000000002,IBKR_TRADES,RTH,split_adjusted,traded_shares,2026-09-09T00:39:13.631182+00:00,4
2025-04-03 13:30:00,QQQ,456.44,460.07,451.56,455.54,23481606.0,IBKR_TRADES,RTH,split_adjusted,traded_shares,2026-09-09T00:39:13.631182+00:00,4
2025-04-03 16:00:00,QQQ,455.51,457.99,450.14,450.73,20512516.0,IBKR_TRADES,RTH,split_adjusted,traded_shares,2026-09-09T00:39:13.631182+00:00,4
2025-04-04 13:30:00,QQQ,438.14,440.37,426.1,431.54,37961720.0,IBKR_TRADES,RTH,split_adjusted,traded_shares,2026-09-09T00:39:13.631182+00:00,4
2025-04-04 16:00:00,QQQ,431.53,433.88,423.05,423.2,36747198.0,IBKR_TRADES,RTH,split_adjusted,traded_shares,2026-09-09T00:39:13.631182+00:00,4
2025-04-07 13:30:00,QQQ,408.66,443.14,402.39,419.76,77889584.0,IBKR_TRADES,RTH,split_adjusted,traded_shares,2026-09-09T00:39:13.631182+00:00,4
2025-04-07 16:00:00,QQQ,419.8,430.16,415.57,423.95,37968833.0,IBKR_TRADES,RTH,split_adjusted,traded_shares,2026-09-09T00:39:13.631182+00:00,4
2025-04-08 13:30:00,QQQ,438.11,443.14,433.39,435.75,26129595.0,IBKR_TRADES,RTH,split_adjusted,traded_shares,2026-09-09T00:39:13.631182+00:00,4
2025-04-08 16:00:00,QQQ,435.75,436.29,409.79,416.23,40137243.0,IBKR_TRADES,RTH,split_adjusted,traded_shares,2026-09-09T00:39:13.631182+00:00,4
2025-04-09 13:30:00,QQQ,415.49,424.94,415.43,418.16,23029271.0,IBKR_TRADES,RTH,split_adjusted,traded_shares,2026-09-09T00:39:13.631182+00:00,4
2025-04-09 16:00:00,QQQ,418.18,467.83,417.21,465.12,71475596.0,IBKR_TRADES,RTH,split_adjusted,traded_shares,2026-09-09T00:39:13.631182+00:00,4
2025-04-10 13:30:00,QQQ,453.64,455.59,440.8,441.32,25544378.0,IBKR_TRADES,RTH,split_adjusted,traded_shares,2026-09-09T00:39:13.631182+00:00,4
2025-04-10 16:00:00,QQQ,441.31,450.82,432.63,446.19,42872528.0,IBKR_TRADES,RTH,split_adjusted,traded_shares,2026-09-09T00:39:13.631182+00:00,4
2025-04-11 13:30:00,QQQ,444.65,450.38,441.33,448.4,14539444.0,IBKR_TRADES,RTH,split_adjusted,traded_shares,2026-09-09T00:39:13.631182+00:00,4
2025-04-11 16:00:00,QQQ,448.41,455.79,447.53,454.24,20521874.0,IBKR_TRADES,RTH,split_adjusted,traded_shares,2026-09-09T00:39:13.631182+00:00,4
2025-04-14 13:30:00,QQQ,464.46,465.05,454.17,454.75,13688248.0,IBKR_TRADES,RTH,split_adjusted,traded_shares,2026-09-09T00:39:13.631182+00:00,4
2025-04-14 16:00:00,QQQ,454.81,461.14,452.63,457.41,13693980.0,IBKR_TRADES,RTH,split_adjusted,traded_shares,2026-09-09T00:39:13.631182+00:00,4
2025-04-15 13:30:00,QQQ,458.54,462.38,457.15,460.11,11774938.0,IBKR_TRADES,RTH,split_adjusted,traded_shares,2026-09-09T00:39:13.631182+00:00,4
2025-04-15 16:00:00,QQQ,460.13,461.1,456.15,457.99,10058790.0,IBKR_TRADES,RTH,split_adjusted,traded_shares,2026-09-09T00:39:13.631182+00:00,4
2025-04-16 13:30:00,QQQ,449.01,452.62,447.22,449.04,9834991.0,IBKR_TRADES,RTH,split_adjusted,traded_shares,2026-09-09T00:39:13.631182+00:00,4
2025-04-16 16:00:00,QQQ,449.12,449.8,437.76,444.22,20852360.0,IBKR_TRADES,RTH,split_adjusted,traded_shares,2026-09-09T00:39:13.631182+00:00,4
2025-04-17 13:30:00,QQQ,447.17,447.37,441.36,443.3,11081099.0,IBKR_TRADES,RTH,split_adjusted,traded_shares,2026-09-09T00:39:13.631182+00:00,4
2025-04-17 16:00:00,QQQ,443.28,447.75,442.72,444.06,14620376.0,IBKR_TRADES,RTH,split_adjusted,traded_shares,2026-09-09T00:39:13.631182+00:00,4
2025-04-21 13:30:00,QQQ,438.23,439.08,430.0,430.22,10707685.0,IBKR_TRADES,RTH,split_adjusted,traded_shares,2026-09-09T00:39:13.631182+00:00,4
2025-04-21 16:00:00,QQQ,430.25,434.0,427.93,433.25,14896180.0,IBKR_TRADES,RTH,split_adjusted,traded_shares,2026-09-09T00:39:13.631182+00:00,4
2025-04-22 13:30:00,QQQ,438.82,444.65,437.62,444.31,12946388.0,IBKR_TRADES,RTH,split_adjusted,traded_shares,2026-09-09T00:39:13.631182+00:00,4
2025-04-22 16:00:00,QQQ,444.35,447.58,440.29,444.4,19526530.0,IBKR_TRADES,RTH,split_adjusted,traded_shares,2026-09-09T00:39:13.631182+00:00,4
2025-04-23 13:30:00,QQQ,458.17,463.38,454.5,456.4,19972346.0,IBKR_TRADES,RTH,split_adjusted,traded_shares,2026-09-09T00:39:13.631182+00:00,4
2025-04-23 16:00:00,QQQ,456.42,458.58,452.88,454.37,15202908.000000002,IBKR_TRADES,RTH,split_adjusted,traded_shares,2026-09-09T00:39:13.631182+00:00,4
2025-04-24 13:30:00,QQQ,456.48,464.62,455.83,463.33,12716436.0,IBKR_TRADES,RTH,split_adjusted,traded_shares,2026-09-09T00:39:13.631182+00:00,4
2025-04-24 16:00:00,QQQ,463.39,467.66,462.86,467.21,14445059.0,IBKR_TRADES,RTH,split_adjusted,traded_shares,2026-09-09T00:39:13.631182+00:00,4
2025-04-25 13:30:00,QQQ,466.97,469.49,465.39,468.46,10070540.0,IBKR_TRADES,RTH,split_adjusted,traded_shares,2026-09-09T00:39:13.631182+00:00,4
2025-04-25 16:00:00,QQQ,468.46,473.09,468.16,472.54,15118461.000000002,IBKR_TRADES,RTH,split_adjusted,traded_shares,2026-09-09T00:39:13.631182+00:00,4
2025-04-28 13:30:00,QQQ,473.01,474.81,467.28,468.17,10195239.0,IBKR_TRADES,RTH,split_adjusted,traded_shares,2026-09-09T00:39:13.631182+00:00,4
2025-04-28 16:00:00,QQQ,468.09,473.74,466.03,472.45,10397983.0,IBKR_TRADES,RTH,split_adjusted,traded_shares,2026-09-09T00:39:13.631182+00:00,4
2025-04-29 13:30:00,QQQ,470.09,474.62,469.59,472.81,8126990.000000001,IBKR_TRADES,RTH,split_adjusted,traded_shares,2026-09-09T00:39:13.631182+00:00,4
2025-04-29 16:00:00,QQQ,472.85,476.43,471.21,475.4,12211169.0,IBKR_TRADES,RTH,split_adjusted,traded_shares,2026-09-09T00:39:13.631182+00:00,4
2025-04-30 13:30:00,QQQ,467.13,470.87,462.43,470.57,13188344.0,IBKR_TRADES,RTH,split_adjusted,traded_shares,2026-09-09T00:39:13.631182+00:00,4
2025-04-30 16:00:00,QQQ,470.5,477.2,468.02,475.49,13985476.0,IBKR_TRADES,RTH,split_adjusted,traded_shares,2026-09-09T00:39:13.631182+00:00,4
2025-05-01 13:30:00,QQQ,483.41,487.18,480.82,483.24,14383717.0,IBKR_TRADES,RTH,split_adjusted,traded_shares,2026-09-09T00:39:13.631182+00:00,4
2025-05-01 16:00:00,QQQ,483.21,485.31,480.74,481.19,11632775.0,IBKR_TRADES,RTH,split_adjusted,traded_shares,2026-09-09T00:39:13.631182+00:00,4
2025-05-02 13:30:00,QQQ,486.54,489.24,484.83,489.0,9919332.0,IBKR_TRADES,RTH,split_adjusted,traded_shares,2026-09-09T00:39:13.631182+00:00,4
2025-05-02 16:00:00,QQQ,489.02,490.91,487.96,488.86,14347843.0,IBKR_TRADES,RTH,split_adjusted,traded_shares,2026-09-09T00:39:13.631182+00:00,4
2025-05-05 13:30:00,QQQ,484.6,487.4,484.1,486.89,8014986.0,IBKR_TRADES,RTH,split_adjusted,traded_shares,2026-09-09T00:39:13.631182+00:00,4
2025-05-05 16:00:00,QQQ,486.9,489.03,485.5,485.95,8109671.000000001,IBKR_TRADES,RTH,split_adjusted,traded_shares,2026-09-09T00:39:13.631182+00:00,4
2025-05-06 13:30:00,QQQ,479.56,483.29,478.19,481.93,8942608.0,IBKR_TRADES,RTH,split_adjusted,traded_shares,2026-09-09T00:39:13.631182+00:00,4
2025-05-06 16:00:00,QQQ,481.95,485.05,480.54,481.43,11361576.0,IBKR_TRADES,RTH,split_adjusted,traded_shares,2026-09-09T00:39:13.631182+00:00,4
2025-05-07 13:30:00,QQQ,482.08,484.01,479.42,480.87,8083348.000000001,IBKR_TRADES,RTH,split_adjusted,traded_shares,2026-09-09T00:39:13.631182+00:00,4
2025-05-07 16:00:00,QQQ,480.83,485.8,476.78,483.35,15664367.000000002,IBKR_TRADES,RTH,split_adjusted,traded_shares,2026-09-09T00:39:13.631182+00:00,4
2025-05-08 13:30:00,QQQ,488.53,492.17,484.17,491.12,12760182.0,IBKR_TRADES,RTH,split_adjusted,traded_shares,2026-09-09T00:39:13.631182+00:00,4
2025-05-08 16:00:00,QQQ,491.12,492.7,487.99,488.22,12851828.0,IBKR_TRADES,RTH,split_adjusted,traded_shares,2026-09-09T00:39:13.631182+00:00,4
2025-05-09 13:30:00,QQQ,490.21,491.54,486.19,488.82,8657757.0,IBKR_TRADES,RTH,split_adjusted,traded_shares,2026-09-09T00:39:13.631182+00:00,4
2025-05-09 16:00:00,QQQ,488.91,489.21,486.26,488.05,8043366.0,IBKR_TRADES,RTH,split_adjusted,traded_shares,2026-09-09T00:39:13.631182+00:00,4
2025-05-12 13:30:00,QQQ,507.0,507.06,501.48,503.31,12669851.0,IBKR_TRADES,RTH,split_adjusted,traded_shares,2026-09-09T00:39:13.631182+00:00,4
2025-05-12 16:00:00,QQQ,503.33,507.89,503.13,507.8,12588075.0,IBKR_TRADES,RTH,split_adjusted,traded_shares,2026-09-09T00:39:13.631182+00:00,4
2025-05-13 13:30:00,QQQ,509.19,516.35,508.42,515.89,17879165.0,IBKR_TRADES,RTH,split_adjusted,traded_shares,2026-09-09T00:39:13.631182+00:00,4
2025-05-13 16:00:00,QQQ,515.9,517.39,515.13,515.59,16803684.0,IBKR_TRADES,RTH,split_adjusted,traded_shares,2026-09-09T00:39:13.631182+00:00,4
2025-05-14 13:30:00,QQQ,516.75,518.92,515.75,518.2,15496302.999999998,IBKR_TRADES,RTH,split_adjusted,traded_shares,2026-09-09T00:39:13.631182+00:00,4
2025-05-14 16:00:00,QQQ,518.19,519.23,515.92,518.7,15591476.999999998,IBKR_TRADES,RTH,split_adjusted,traded_shares,2026-09-09T00:39:13.631182+00:00,4
2025-05-15 13:30:00,QQQ,516.52,519.92,515.17,519.5,12876206.0,IBKR_TRADES,RTH,split_adjusted,traded_shares,2026-09-09T00:39:13.631182+00:00,4
2025-05-15 16:00:00,QQQ,519.52,521.93,516.48,519.28,18751814.0,IBKR_TRADES,RTH,split_adjusted,traded_shares,2026-09-09T00:39:13.631182+00:00,4
2025-05-16 13:30:00,QQQ,520.69,520.73,517.1,519.3,12320382.0,IBKR_TRADES,RTH,split_adjusted,traded_shares,2026-09-09T00:39:13.631182+00:00,4
2025-05-16 16:00:00,QQQ,519.3,521.7,519.14,521.52,14699593.0,IBKR_TRADES,RTH,split_adjusted,traded_shares,2026-09-09T00:39:13.631182+00:00,4
2025-05-19 13:30:00,QQQ,514.3,520.95,514.24,519.87,14797060.0,IBKR_TRADES,RTH,split_adjusted,traded_shares,2026-09-09T00:39:13.631182+00:00,4
2025-05-19 16:00:00,QQQ,519.88,522.53,516.3,522.03,14205684.0,IBKR_TRADES,RTH,split_adjusted,traded_shares,2026-09-09T00:39:13.631182+00:00,4
2025-05-20 13:30:00,QQQ,519.46,520.38,518.07,520.0,10873597.0,IBKR_TRADES,RTH,split_adjusted,traded_shares,2026-09-09T00:39:13.631182+00:00,4
2025-05-20 16:00:00,QQQ,520.0,520.93,516.66,520.24,14565969.0,IBKR_TRADES,RTH,split_adjusted,traded_shares,2026-09-09T00:39:13.631182+00:00,4
2025-05-21 13:30:00,QQQ,516.29,522.43,516.21,521.96,15571407.0,IBKR_TRADES,RTH,split_adjusted,traded_shares,2026-09-09T00:39:13.631182+00:00,4
2025-05-21 16:00:00,QQQ,521.96,523.0,511.24,513.06,35153893.0,IBKR_TRADES,RTH,split_adjusted,traded_shares,2026-09-09T00:39:13.631182+00:00,4
2025-05-22 13:30:00,QQQ,513.67,517.54,512.3,516.14,17622679.0,IBKR_TRADES,RTH,split_adjusted,traded_shares,2026-09-09T00:39:13.631182+00:00,4
2025-05-22 16:00:00,QQQ,516.13,517.71,513.59,514.02,19125674.0,IBKR_TRADES,RTH,split_adjusted,traded_shares,2026-09-09T00:39:13.631182+00:00,4
2025-05-23 13:30:00,QQQ,506.2,510.03,505.58,508.27,17155567.0,IBKR_TRADES,RTH,split_adjusted,traded_shares,2026-09-09T00:39:13.631182+00:00,4
2025-05-23 16:00:00,QQQ,508.27,511.84,507.88,509.29,18539964.0,IBKR_TRADES,RTH,split_adjusted,traded_shares,2026-09-09T00:39:13.631182+00:00,4
2025-05-27 13:30:00,QQQ,516.15,519.71,514.59,519.56,13888216.0,IBKR_TRADES,RTH,split_adjusted,traded_shares,2026-09-09T00:39:13.631182+00:00,4
2025-05-27 16:00:00,QQQ,519.57,521.71,519.47,521.2,18651771.0,IBKR_TRADES,RTH,split_adjusted,traded_shares,2026-09-09T00:39:13.631182+00:00,4
2025-05-28 13:30:00,QQQ,522.18,523.68,520.3,520.53,10433711.0,IBKR_TRADES,RTH,split_adjusted,traded_shares,2026-09-09T00:39:13.631182+00:00,4
2025-05-28 16:00:00,QQQ,520.54,522.39,518.39,518.95,17589219.0,IBKR_TRADES,RTH,split_adjusted,traded_shares,2026-09-09T00:39:13.631182+00:00,4
2025-05-29 13:30:00,QQQ,526.32,526.48,517.9,518.47,20059618.0,IBKR_TRADES,RTH,split_adjusted,traded_shares,2026-09-09T00:39:13.631182+00:00,4
2025-05-29 16:00:00,QQQ,518.42,521.64,517.32,519.96,18759862.0,IBKR_TRADES,RTH,split_adjusted,traded_shares,2026-09-09T00:39:13.631182+00:00,4
2025-05-30 13:30:00,QQQ,519.44,519.86,515.89,518.0,14826392.0,IBKR_TRADES,RTH,split_adjusted,traded_shares,2026-09-09T00:39:13.631182+00:00,4
2025-05-30 16:00:00,QQQ,518.02,520.68,511.93,519.13,28440777.0,IBKR_TRADES,RTH,split_adjusted,traded_shares,2026-09-09T00:39:13.631182+00:00,4
2025-06-02 13:30:00,QQQ,517.27,521.35,515.97,520.78,15580356.0,IBKR_TRADES,RTH,split_adjusted,traded_shares,2026-09-09T00:39:13.631182+00:00,4
2025-06-02 16:00:00,QQQ,520.77,523.45,520.0,523.18,13550280.0,IBKR_TRADES,RTH,split_adjusted,traded_shares,2026-09-09T00:39:13.631182+00:00,4
2025-06-03 13:30:00,QQQ,523.58,527.0,522.69,526.91,12721128.0,IBKR_TRADES,RTH,split_adjusted,traded_shares,2026-09-09T00:39:13.631182+00:00,4
2025-06-03 16:00:00,QQQ,526.92,528.74,525.77,527.42,16959167.0,IBKR_TRADES,RTH,split_adjusted,traded_shares,2026-09-09T00:39:13.631182+00:00,4
2025-06-04 13:30:00,QQQ,528.02,529.66,525.96,528.7,13181968.0,IBKR_TRADES,RTH,split_adjusted,traded_shares,2026-09-09T00:39:13.631182+00:00,4
2025-06-04 16:00:00,QQQ,528.69,529.84,527.54,528.76,13318588.0,IBKR_TRADES,RTH,split_adjusted,traded_shares,2026-09-09T00:39:13.631182+00:00,4
2025-06-05 13:30:00,QQQ,530.18,533.05,527.27,532.79,14764761.0,IBKR_TRADES,RTH,split_adjusted,traded_shares,2026-09-09T00:39:13.631182+00:00,4
2025-06-05 16:00:00,QQQ,532.78,532.85,522.66,524.7,23894935.0,IBKR_TRADES,RTH,split_adjusted,traded_shares,2026-09-09T00:39:13.631182+00:00,4
2025-06-06 13:30:00,QQQ,530.0,531.71,528.57,530.25,14065673.0,IBKR_TRADES,RTH,split_adjusted,traded_shares,2026-09-09T00:39:13.631182+00:00,4
2025-06-06 16:00:00,QQQ,530.27,531.8,528.21,529.85,13566467.0,IBKR_TRADES,RTH,split_adjusted,traded_shares,2026-09-09T00:39:13.631182+00:00,4
2025-06-09 13:30:00,QQQ,530.14,532.35,529.01,531.13,10244550.0,IBKR_TRADES,RTH,split_adjusted,traded_shares,2026-09-09T00:39:13.631182+00:00,4
2025-06-09 16:00:00,QQQ,531.15,532.23,530.58,530.68,12544939.0,IBKR_TRADES,RTH,split_adjusted,traded_shares,2026-09-09T00:39:13.631182+00:00,4
2025-06-10 13:30:00,QQQ,531.17,532.54,528.89,532.07,11924689.0,IBKR_TRADES,RTH,split_adjusted,traded_shares,2026-09-09T00:39:13.631182+00:00,4
2025-06-10 16:00:00,QQQ,532.07,534.9,530.78,534.27,17640922.0,IBKR_TRADES,RTH,split_adjusted,traded_shares,2026-09-09T00:39:13.631182+00:00,4
2025-06-11 13:30:00,QQQ,535.63,536.78,533.19,535.03,13432948.0,IBKR_TRADES,RTH,split_adjusted,traded_shares,2026-09-09T00:39:13.631182+00:00,4
2025-06-11 16:00:00,QQQ,535.07,535.61,530.11,532.44,23171256.0,IBKR_TRADES,RTH,split_adjusted,traded_shares,2026-09-09T00:39:13.631182+00:00,4
2025-06-12 13:30:00,QQQ,531.07,534.65,530.84,533.32,10018478.0,IBKR_TRADES,RTH,split_adjusted,traded_shares,2026-09-09T00:39:13.631182+00:00,4
2025-06-12 16:00:00,QQQ,533.32,534.42,532.6,533.66,12314044.0,IBKR_TRADES,RTH,split_adjusted,traded_shares,2026-09-09T00:39:13.631182+00:00,4
2025-06-13 13:30:00,QQQ,527.67,531.59,526.14,531.37,14592773.0,IBKR_TRADES,RTH,split_adjusted,traded_shares,2026-09-09T00:39:13.631182+00:00,4
2025-06-13 16:00:00,QQQ,531.36,531.87,525.73,526.93,22146606.0,IBKR_TRADES,RTH,split_adjusted,traded_shares,2026-09-09T00:39:13.631182+00:00,4
2025-06-16 13:30:00,QQQ,530.51,535.37,530.45,534.16,11496320.0,IBKR_TRADES,RTH,split_adjusted,traded_shares,2026-09-09T00:39:13.631182+00:00,4
2025-06-16 16:00:00,QQQ,534.18,535.06,533.32,534.27,11532475.0,IBKR_TRADES,RTH,split_adjusted,traded_shares,2026-09-09T00:39:13.631182+00:00,4
2025-06-17 13:30:00,QQQ,531.71,533.33,530.8,532.44,9503277.0,IBKR_TRADES,RTH,split_adjusted,traded_shares,2026-09-09T00:39:13.631182+00:00,4
2025-06-17 16:00:00,QQQ,532.43,533.24,527.91,529.0,17933773.0,IBKR_TRADES,RTH,split_adjusted,traded_shares,2026-09-09T00:39:13.631182+00:00,4
2025-06-18 13:30:00,QQQ,530.1,532.55,528.48,531.14,10860626.0,IBKR_TRADES,RTH,split_adjusted,traded_shares,2026-09-09T00:39:13.631182+00:00,4
2025-06-18 16:00:00,QQQ,531.13,532.08,527.4,528.96,18551523.0,IBKR_TRADES,RTH,split_adjusted,traded_shares,2026-09-09T00:39:13.631182+00:00,4
2025-06-20 13:30:00,QQQ,532.26,533.56,525.1,526.84,15919112.0,IBKR_TRADES,RTH,split_adjusted,traded_shares,2026-09-09T00:39:13.631182+00:00,4
2025-06-20 16:00:00,QQQ,526.85,528.42,524.89,526.71,17634224.0,IBKR_TRADES,RTH,split_adjusted,traded_shares,2026-09-09T00:39:13.631182+00:00,4
2025-06-23 13:30:00,QQQ,526.82,530.35,524.16,528.45,11480434.0,IBKR_TRADES,RTH,split_adjusted,traded_shares,2026-09-09T00:39:13.631182+00:00,4
2025-06-23 16:00:00,QQQ,528.46,532.17,523.65,531.7,22454611.0,IBKR_TRADES,RTH,split_adjusted,traded_shares,2026-09-09T00:39:13.631182+00:00,4
2025-06-24 13:30:00,QQQ,536.9,539.3,536.27,538.69,13177366.0,IBKR_TRADES,RTH,split_adjusted,traded_shares,2026-09-09T00:39:13.631182+00:00,4
2025-06-24 16:00:00,QQQ,538.69,540.7,538.58,539.74,14681439.0,IBKR_TRADES,RTH,split_adjusted,traded_shares,2026-09-09T00:39:13.631182+00:00,4
2025-06-25 13:30:00,QQQ,542.06,543.31,540.37,540.73,14932492.0,IBKR_TRADES,RTH,split_adjusted,traded_shares,2026-09-09T00:39:13.631182+00:00,4
2025-06-25 16:00:00,QQQ,540.71,541.22,539.38,541.17,12446091.0,IBKR_TRADES,RTH,split_adjusted,traded_shares,2026-09-09T00:39:13.631182+00:00,4
2025-06-26 13:30:00,QQQ,543.36,544.88,541.52,544.71,11183500.0,IBKR_TRADES,RTH,split_adjusted,traded_shares,2026-09-09T00:39:13.631182+00:00,4
2025-06-26 16:00:00,QQQ,544.71,546.67,544.41,546.22,12225120.0,IBKR_TRADES,RTH,split_adjusted,traded_shares,2026-09-09T00:39:13.631182+00:00,4
2025-06-27 13:30:00,QQQ,547.26,549.99,546.74,549.65,11826150.0,IBKR_TRADES,RTH,split_adjusted,traded_shares,2026-09-09T00:39:13.631182+00:00,4
2025-06-27 16:00:00,QQQ,549.66,549.66,544.54,548.21,21996497.0,IBKR_TRADES,RTH,split_adjusted,traded_shares,2026-09-09T00:39:13.631182+00:00,4
2025-06-30 13:30:00,QQQ,551.26,551.31,549.01,550.53,10566277.0,IBKR_TRADES,RTH,split_adjusted,traded_shares,2026-09-09T00:39:13.631182+00:00,4
2025-06-30 16:00:00,QQQ,550.53,552.8,549.04,551.65,16573780.0,IBKR_TRADES,RTH,split_adjusted,traded_shares,2026-09-09T00:39:13.631182+00:00,4
2025-07-01 13:30:00,QQQ,549.73,550.71,544.66,546.22,19583768.0,IBKR_TRADES,RTH,split_adjusted,traded_shares,2026-09-09T00:39:13.631182+00:00,4
2025-07-01 16:00:00,QQQ,546.23,548.69,545.58,546.98,16514961.000000002,IBKR_TRADES,RTH,split_adjusted,traded_shares,2026-09-09T00:39:13.631182+00:00,4
2025-07-02 13:30:00,QQQ,546.16,550.76,546.12,550.18,12453430.0,IBKR_TRADES,RTH,split_adjusted,traded_shares,2026-09-09T00:39:13.631182+00:00,4
2025-07-02 16:00:00,QQQ,550.18,551.0,549.88,550.81,11880596.0,IBKR_TRADES,RTH,split_adjusted,traded_shares,2026-09-09T00:39:13.631182+00:00,4
2025-07-03 13:30:00,QQQ,553.18,557.2,553.18,556.78,12050440.0,IBKR_TRADES,RTH,split_adjusted,traded_shares,2026-09-09T00:39:13.631182+00:00,4
2025-07-03 16:00:00,QQQ,556.79,557.05,555.48,556.22,4000628.9999999995,IBKR_TRADES,RTH,split_adjusted,traded_shares,2026-09-09T00:39:13.631182+00:00,4
2025-07-07 13:30:00,QQQ,553.52,554.34,552.05,553.13,10449610.0,IBKR_TRADES,RTH,split_adjusted,traded_shares,2026-09-09T00:39:13.631182+00:00,4
2025-07-07 16:00:00,QQQ,553.12,553.94,549.58,552.05,20067622.0,IBKR_TRADES,RTH,split_adjusted,traded_shares,2026-09-09T00:39:13.631182+00:00,4
2025-07-08 13:30:00,QQQ,553.38,553.55,551.1,552.65,11114900.0,IBKR_TRADES,RTH,split_adjusted,traded_shares,2026-09-09T00:39:13.631182+00:00,4
2025-07-08 16:00:00,QQQ,552.66,554.01,551.82,552.31,13418970.0,IBKR_TRADES,RTH,split_adjusted,traded_shares,2026-09-09T00:39:13.631182+00:00,4
2025-07-09 13:30:00,QQQ,554.46,557.63,553.1,553.79,15319068.999999998,IBKR_TRADES,RTH,split_adjusted,traded_shares,2026-09-09T00:39:13.631182+00:00,4
2025-07-09 16:00:00,QQQ,553.78,556.38,553.54,556.26,14504560.0,IBKR_TRADES,RTH,split_adjusted,traded_shares,2026-09-09T00:39:13.631182+00:00,4
2025-07-10 13:30:00,QQQ,556.89,557.3,552.75,555.69,11703669.0,IBKR_TRADES,RTH,split_adjusted,traded_shares,2026-09-09T00:39:13.631182+00:00,4
2025-07-10 16:00:00,QQQ,555.68,556.29,554.23,555.48,10561722.0,IBKR_TRADES,RTH,split_adjusted,traded_shares,2026-09-09T00:39:13.631182+00:00,4
2025-07-11 13:30:00,QQQ,553.3,555.51,552.05,554.71,12294198.0,IBKR_TRADES,RTH,split_adjusted,traded_shares,2026-09-09T00:39:13.631182+00:00,4
2025-07-11 16:00:00,QQQ,554.72,555.79,553.48,554.21,13675881.0,IBKR_TRADES,RTH,split_adjusted,traded_shares,2026-09-09T00:39:13.631182+00:00,4
2025-07-14 13:30:00,QQQ,554.04,555.92,551.63,555.58,12801337.0,IBKR_TRADES,RTH,split_adjusted,traded_shares,2026-09-09T00:39:13.631182+00:00,4
2025-07-14 16:00:00,QQQ,555.57,556.95,555.36,556.16,11720180.0,IBKR_TRADES,RTH,split_adjusted,traded_shares,2026-09-09T00:39:13.631182+00:00,4
2025-07-15 13:30:00,QQQ,560.26,560.8,557.76,559.25,13643842.0,IBKR_TRADES,RTH,split_adjusted,traded_shares,2026-09-09T00:39:13.631182+00:00,4
2025-07-15 16:00:00,QQQ,559.25,559.75,556.66,556.7,14902094.0,IBKR_TRADES,RTH,split_adjusted,traded_shares,2026-09-09T00:39:13.631182+00:00,4
2025-07-16 13:30:00,QQQ,557.28,557.67,551.56,555.27,20015793.0,IBKR_TRADES,RTH,split_adjusted,traded_shares,2026-09-09T00:39:13.631182+00:00,4
2025-07-16 16:00:00,QQQ,555.27,557.94,554.4,557.34,14226566.0,IBKR_TRADES,RTH,split_adjusted,traded_shares,2026-09-09T00:39:13.631182+00:00,4
2025-07-17 13:30:00,QQQ,557.99,561.68,557.21,561.58,11643263.0,IBKR_TRADES,RTH,split_adjusted,traded_shares,2026-09-09T00:39:13.631182+00:00,4
2025-07-17 16:00:00,QQQ,561.58,562.31,561.21,561.8,13990194.0,IBKR_TRADES,RTH,split_adjusted,traded_shares,2026-09-09T00:39:13.631182+00:00,4
2025-07-18 13:30:00,QQQ,563.12,563.32,560.32,561.81,10848381.0,IBKR_TRADES,RTH,split_adjusted,traded_shares,2026-09-09T00:39:13.631182+00:00,4
2025-07-18 16:00:00,QQQ,561.81,561.85,559.98,561.26,13115072.0,IBKR_TRADES,RTH,split_adjusted,traded_shares,2026-09-09T00:39:13.631182+00:00,4
2025-07-21 13:30:00,QQQ,562.09,566.06,562.06,565.16,10155783.0,IBKR_TRADES,RTH,split_adjusted,traded_shares,2026-09-09T00:39:13.631182+00:00,4
2025-07-21 16:00:00,QQQ,565.16,566.05,563.79,564.16,14363532.0,IBKR_TRADES,RTH,split_adjusted,traded_shares,2026-09-09T00:39:13.631182+00:00,4
2025-07-22 13:30:00,QQQ,564.31,564.36,558.61,560.94,15148734.000000002,IBKR_TRADES,RTH,split_adjusted,traded_shares,2026-09-09T00:39:13.631182+00:00,4
2025-07-22 16:00:00,QQQ,560.95,562.14,559.78,561.29,13632001.0,IBKR_TRADES,RTH,split_adjusted,traded_shares,2026-09-09T00:39:13.631182+00:00,4
2025-07-23 13:30:00,QQQ,562.34,563.07,559.58,562.22,12072756.0,IBKR_TRADES,RTH,split_adjusted,traded_shares,2026-09-09T00:39:13.631182+00:00,4
2025-07-23 16:00:00,QQQ,562.21,563.84,560.71,563.83,13590653.0,IBKR_TRADES,RTH,split_adjusted,traded_shares,2026-09-09T00:39:13.631182+00:00,4
2025-07-24 13:30:00,QQQ,565.13,565.77,563.29,565.42,11206390.0,IBKR_TRADES,RTH,split_adjusted,traded_shares,2026-09-09T00:39:13.631182+00:00,4
2025-07-24 16:00:00,QQQ,565.39,566.24,564.27,565.09,15709950.0,IBKR_TRADES,RTH,split_adjusted,traded_shares,2026-09-09T00:39:13.631182+00:00,4
2025-07-25 13:30:00,QQQ,564.93,566.54,564.27,566.39,9512019.0,IBKR_TRADES,RTH,split_adjusted,traded_shares,2026-09-09T00:39:13.631182+00:00,4
2025-07-25 16:00:00,QQQ,566.39,567.7,566.06,566.38,9715033.0,IBKR_TRADES,RTH,split_adjusted,traded_shares,2026-09-09T00:39:13.631182+00:00,4
2025-07-28 13:30:00,QQQ,567.74,569.04,566.87,568.25,9993629.0,IBKR_TRADES,RTH,split_adjusted,traded_shares,2026-09-09T00:39:13.631182+00:00,4
2025-07-28 16:00:00,QQQ,568.25,568.57,566.96,568.2,10834918.0,IBKR_TRADES,RTH,split_adjusted,traded_shares,2026-09-09T00:39:13.631182+00:00,4
2025-07-29 13:30:00,QQQ,570.77,572.11,566.92,568.51,15734316.999999998,IBKR_TRADES,RTH,split_adjusted,traded_shares,2026-09-09T00:39:13.631182+00:00,4
2025-07-29 16:00:00,QQQ,568.48,568.99,566.53,567.33,13624323.0,IBKR_TRADES,RTH,split_adjusted,traded_shares,2026-09-09T00:39:13.631182+00:00,4
2025-07-30 13:30:00,QQQ,568.18,569.47,567.27,569.2,8176040.000000001,IBKR_TRADES,RTH,split_adjusted,traded_shares,2026-09-09T00:39:13.631182+00:00,4
2025-07-30 16:00:00,QQQ,569.2,570.62,565.05,568.14,20333077.0,IBKR_TRADES,RTH,split_adjusted,traded_shares,2026-09-09T00:39:13.631182+00:00,4
2025-07-31 13:30:00,QQQ,574.54,574.63,568.17,570.6,17162613.0,IBKR_TRADES,RTH,split_adjusted,traded_shares,2026-09-09T00:39:13.631182+00:00,4
2025-07-31 16:00:00,QQQ,570.6,571.42,563.87,565.0,22760782.0,IBKR_TRADES,RTH,split_adjusted,traded_shares,2026-09-09T00:39:13.631182+00:00,4
2025-08-01 13:30:00,QQQ,558.85,559.02,551.88,556.92,23763281.0,IBKR_TRADES,RTH,split_adjusted,traded_shares,2026-09-09T00:39:13.631182+00:00,4
2025-08-01 16:00:00,QQQ,556.92,557.85,551.7,553.85,20634254.0,IBKR_TRADES,RTH,split_adjusted,traded_shares,2026-09-09T00:39:13.631182+00:00,4
2025-08-04 13:30:00,QQQ,559.05,563.2,558.95,562.97,15906056.000000002,IBKR_TRADES,RTH,split_adjusted,traded_shares,2026-09-09T00:39:13.631182+00:00,4
2025-08-04 16:00:00,QQQ,562.97,564.32,562.69,564.1,14302102.0,IBKR_TRADES,RTH,split_adjusted,traded_shares,2026-09-09T00:39:13.631182+00:00,4
2025-08-05 13:30:00,QQQ,565.39,566.57,559.73,560.76,16151821.0,IBKR_TRADES,RTH,split_adjusted,traded_shares,2026-09-09T00:39:13.631182+00:00,4
2025-08-05 16:00:00,QQQ,560.74,563.07,559.78,560.19,14542146.0,IBKR_TRADES,RTH,split_adjusted,traded_shares,2026-09-09T00:39:13.631182+00:00,4
2025-08-06 13:30:00,QQQ,561.11,566.09,560.63,565.92,13911151.0,IBKR_TRADES,RTH,split_adjusted,traded_shares,2026-09-09T00:39:13.631182+00:00,4
2025-08-06 16:00:00,QQQ,565.91,567.76,565.38,567.32,13194774.0,IBKR_TRADES,RTH,split_adjusted,traded_shares,2026-09-09T00:39:13.631182+00:00,4
2025-08-07 13:30:00,QQQ,571.67,573.32,568.69,569.19,13873196.0,IBKR_TRADES,RTH,split_adjusted,traded_shares,2026-09-09T00:39:13.631182+00:00,4
2025-08-07 16:00:00,QQQ,569.17,569.55,565.11,569.26,15968313.0,IBKR_TRADES,RTH,split_adjusted,traded_shares,2026-09-09T00:39:13.631182+00:00,4
2025-08-08 13:30:00,QQQ,570.43,574.26,570.15,573.74,11780846.0,IBKR_TRADES,RTH,split_adjusted,traded_shares,2026-09-09T00:39:13.631182+00:00,4
2025-08-08 16:00:00,QQQ,573.74,574.77,573.13,574.57,11542580.0,IBKR_TRADES,RTH,split_adjusted,traded_shares,2026-09-09T00:39:13.631182+00:00,4
2025-08-11 13:30:00,QQQ,574.68,575.93,573.83,575.83,8780606.0,IBKR_TRADES,RTH,split_adjusted,traded_shares,2026-09-09T00:39:13.631182+00:00,4
2025-08-11 16:00:00,QQQ,575.83,576.8,571.57,572.75,13679188.0,IBKR_TRADES,RTH,split_adjusted,traded_shares,2026-09-09T00:39:13.631182+00:00,4
2025-08-12 13:30:00,QQQ,575.16,578.47,572.48,578.4,14788095.0,IBKR_TRADES,RTH,split_adjusted,traded_shares,2026-09-09T00:39:13.631182+00:00,4
2025-08-12 16:00:00,QQQ,578.4,580.35,577.88,580.02,12248085.0,IBKR_TRADES,RTH,split_adjusted,traded_shares,2026-09-09T00:39:13.631182+00:00,4
2025-08-13 13:30:00,QQQ,582.76,583.32,579.06,579.87,13877728.0,IBKR_TRADES,RTH,split_adjusted,traded_shares,2026-09-09T00:39:13.631182+00:00,4
2025-08-13 16:00:00,QQQ,579.9,580.64,578.94,580.35,12420290.0,IBKR_TRADES,RTH,split_adjusted,traded_shares,2026-09-09T00:39:13.631182+00:00,4
2025-08-14 13:30:00,QQQ,578.28,581.88,577.91,580.1,14532129.0,IBKR_TRADES,RTH,split_adjusted,traded_shares,2026-09-09T00:39:13.631182+00:00,4
2025-08-14 16:00:00,QQQ,580.09,581.23,578.46,579.87,14250012.0,IBKR_TRADES,RTH,split_adjusted,traded_shares,2026-09-09T00:39:13.631182+00:00,4
2025-08-15 13:30:00,QQQ,579.8,579.84,575.57,576.84,12947223.0,IBKR_TRADES,RTH,split_adjusted,traded_shares,2026-09-09T00:39:13.631182+00:00,4
2025-08-15 16:00:00,QQQ,576.83,578.27,576.24,577.23,13432603.0,IBKR_TRADES,RTH,split_adjusted,traded_shares,2026-09-09T00:39:13.631182+00:00,4
2025-08-18 13:30:00,QQQ,576.44,577.77,575.24,575.92,10547819.0,IBKR_TRADES,RTH,split_adjusted,traded_shares,2026-09-09T00:39:13.631182+00:00,4
2025-08-18 16:00:00,QQQ,575.91,577.57,575.34,577.1,9620868.0,IBKR_TRADES,RTH,split_adjusted,traded_shares,2026-09-09T00:39:13.631182+00:00,4
2025-08-19 13:30:00,QQQ,576.37,576.56,570.39,571.46,18229213.0,IBKR_TRADES,RTH,split_adjusted,traded_shares,2026-09-09T00:39:13.631182+00:00,4
2025-08-19 16:00:00,QQQ,571.45,571.91,568.25,569.28,18466657.0,IBKR_TRADES,RTH,split_adjusted,traded_shares,2026-09-09T00:39:13.631182+00:00,4
2025-08-20 13:30:00,QQQ,568.32,568.45,558.84,562.13,29752130.0,IBKR_TRADES,RTH,split_adjusted,traded_shares,2026-09-09T00:39:13.631182+00:00,4
2025-08-20 16:00:00,QQQ,562.13,566.89,562.06,565.85,21297792.0,IBKR_TRADES,RTH,split_adjusted,traded_shares,2026-09-09T00:39:13.631182+00:00,4
2025-08-21 13:30:00,QQQ,564.35,566.49,561.85,563.03,16592403.000000002,IBKR_TRADES,RTH,split_adjusted,traded_shares,2026-09-09T00:39:13.631182+00:00,4
2025-08-21 16:00:00,QQQ,563.02,564.21,560.98,563.31,14383234.0,IBKR_TRADES,RTH,split_adjusted,traded_shares,2026-09-09T00:39:13.631182+00:00,4
2025-08-22 13:30:00,QQQ,564.65,573.99,563.27,572.05,20301869.0,IBKR_TRADES,RTH,split_adjusted,traded_shares,2026-09-09T00:39:13.631182+00:00,4
2025-08-22 16:00:00,QQQ,572.07,573.41,570.57,571.98,14368094.0,IBKR_TRADES,RTH,split_adjusted,traded_shares,2026-09-09T00:39:13.631182+00:00,4
2025-08-25 13:30:00,QQQ,570.4,573.29,569.16,572.91,11670110.0,IBKR_TRADES,RTH,split_adjusted,traded_shares,2026-09-09T00:39:13.631182+00:00,4
2025-08-25 16:00:00,QQQ,572.9,573.24,570.18,570.35,10606198.0,IBKR_TRADES,RTH,split_adjusted,traded_shares,2026-09-09T00:39:13.631182+00:00,4
2025-08-26 13:30:00,QQQ,569.83,571.81,568.8,570.97,9814955.0,IBKR_TRADES,RTH,split_adjusted,traded_shares,2026-09-09T00:39:13.631182+00:00,4
2025-08-26 16:00:00,QQQ,570.97,572.92,570.05,572.63,12168129.0,IBKR_TRADES,RTH,split_adjusted,traded_shares,2026-09-09T00:39:13.631182+00:00,4
2025-08-27 13:30:00,QQQ,571.59,573.77,570.37,573.6,10774161.0,IBKR_TRADES,RTH,split_adjusted,traded_shares,2026-09-09T00:39:13.631182+00:00,4
2025-08-27 16:00:00,QQQ,573.59,574.41,571.65,573.54,11899431.0,IBKR_TRADES,RTH,split_adjusted,traded_shares,2026-09-09T00:39:13.631182+00:00,4
2025-08-28 13:30:00,QQQ,574.11,576.77,572.46,575.2,16634578.0,IBKR_TRADES,RTH,split_adjusted,traded_shares,2026-09-09T00:39:13.631182+00:00,4
2025-08-28 16:00:00,QQQ,575.21,578.0,575.09,577.07,14785617.0,IBKR_TRADES,RTH,split_adjusted,traded_shares,2026-09-09T00:39:13.631182+00:00,4
2025-08-29 13:30:00,QQQ,574.67,575.03,568.96,569.32,19073141.0,IBKR_TRADES,RTH,split_adjusted,traded_shares,2026-09-09T00:39:13.631182+00:00,4
2025-08-29 16:00:00,QQQ,569.33,570.85,568.54,570.29,16177489.999999998,IBKR_TRADES,RTH,split_adjusted,traded_shares,2026-09-09T00:39:13.631182+00:00,4
2025-09-02 13:30:00,QQQ,561.31,565.7,559.53,560.09,25589851.0,IBKR_TRADES,RTH,split_adjusted,traded_shares,2026-09-09T00:39:13.631182+00:00,4
2025-09-02 16:00:00,QQQ,560.09,565.97,559.84,565.63,20946071.0,IBKR_TRADES,RTH,split_adjusted,traded_shares,2026-09-09T00:39:13.631182+00:00,4
2025-09-03 13:30:00,QQQ,569.29,571.7,567.98,569.09,17702913.0,IBKR_TRADES,RTH,split_adjusted,traded_shares,2026-09-09T00:39:13.631182+00:00,4
2025-09-03 16:00:00,QQQ,569.07,570.25,566.72,569.99,19474218.0,IBKR_TRADES,RTH,split_adjusted,traded_shares,2026-09-09T00:39:13.631182+00:00,4
2025-09-04 13:30:00,QQQ,570.74,572.53,569.02,572.13,15631460.000000002,IBKR_TRADES,RTH,split_adjusted,traded_shares,2026-09-09T00:39:13.631182+00:00,4
2025-09-04 16:00:00,QQQ,572.12,575.6,571.52,575.26,16232653.0,IBKR_TRADES,RTH,split_adjusted,traded_shares,2026-09-09T00:39:13.631182+00:00,4
2025-09-05 13:30:00,QQQ,580.48,581.12,571.53,574.27,29814630.0,IBKR_TRADES,RTH,split_adjusted,traded_shares,2026-09-09T00:39:13.631182+00:00,4
2025-09-05 16:00:00,QQQ,574.26,576.12,573.49,576.04,17590605.0,IBKR_TRADES,RTH,split_adjusted,traded_shares,2026-09-09T00:39:13.631182+00:00,4
2025-09-08 13:30:00,QQQ,578.37,580.84,578.07,580.49,16010706.000000002,IBKR_TRADES,RTH,split_adjusted,traded_shares,2026-09-09T00:39:13.631182+00:00,4
2025-09-08 16:00:00,QQQ,580.49,580.5,577.77,578.82,15321204.0,IBKR_TRADES,RTH,split_adjusted,traded_shares,2026-09-09T00:39:13.631182+00:00,4
2025-09-09 13:30:00,QQQ,579.67,580.2,577.04,578.43,16190387.999999998,IBKR_TRADES,RTH,split_adjusted,traded_shares,2026-09-09T00:39:13.631182+00:00,4
2025-09-09 16:00:00,QQQ,578.44,580.94,578.38,580.47,14717276.0,IBKR_TRADES,RTH,split_adjusted,traded_shares,2026-09-09T00:39:13.631182+00:00,4
2025-09-10 13:30:00,QQQ,583.74,583.77,581.33,582.5,17937748.0,IBKR_TRADES,RTH,split_adjusted,traded_shares,2026-09-09T00:39:13.631182+00:00,4
2025-09-10 16:00:00,QQQ,582.5,582.52,578.55,580.7,17569356.0,IBKR_TRADES,RTH,split_adjusted,traded_shares,2026-09-09T00:39:13.631182+00:00,4
2025-09-11 13:30:00,QQQ,583.24,584.88,581.62,584.37,16335022.999999998,IBKR_TRADES,RTH,split_adjusted,traded_shares,2026-09-09T00:39:13.631182+00:00,4
2025-09-11 16:00:00,QQQ,584.37,584.87,583.67,584.09,13422237.0,IBKR_TRADES,RTH,split_adjusted,traded_shares,2026-09-09T00:39:13.631182+00:00,4
2025-09-12 13:30:00,QQQ,585.04,586.83,584.1,586.23,13632926.0,IBKR_TRADES,RTH,split_adjusted,traded_shares,2026-09-09T00:39:13.631182+00:00,4
2025-09-12 16:00:00,QQQ,586.22,587.86,585.77,586.66,19805694.0,IBKR_TRADES,RTH,split_adjusted,traded_shares,2026-09-09T00:39:13.631182+00:00,4
2025-09-15 13:30:00,QQQ,588.44,591.13,588.31,590.91,13630239.0,IBKR_TRADES,RTH,split_adjusted,traded_shares,2026-09-09T00:39:13.631182+00:00,4
2025-09-15 16:00:00,QQQ,590.91,591.79,590.09,591.69,15797919.999999998,IBKR_TRADES,RTH,split_adjusted,traded_shares,2026-09-09T00:39:13.631182+00:00,4
2025-09-16 13:30:00,QQQ,592.59,592.86,590.56,590.73,12169521.0,IBKR_TRADES,RTH,split_adjusted,traded_shares,2026-09-09T00:39:13.631182+00:00,4
2025-09-16 16:00:00,QQQ,590.71,592.07,590.49,591.17,12018283.0,IBKR_TRADES,RTH,split_adjusted,traded_shares,2026-09-09T00:39:13.631182+00:00,4
2025-09-17 13:30:00,QQQ,591.12,591.57,588.15,588.39,12298128.0,IBKR_TRADES,RTH,split_adjusted,traded_shares,2026-09-09T00:39:13.631182+00:00,4
2025-09-17 16:00:00,QQQ,588.4,591.75,584.36,589.93,38879830.0,IBKR_TRADES,RTH,split_adjusted,traded_shares,2026-09-09T00:39:13.631182+00:00,4
2025-09-18 13:30:00,QQQ,594.91,598.14,592.96,596.29,21585301.0,IBKR_TRADES,RTH,split_adjusted,traded_shares,2026-09-09T00:39:13.631182+00:00,4
2025-09-18 16:00:00,QQQ,596.28,597.69,595.29,595.37,18136573.0,IBKR_TRADES,RTH,split_adjusted,traded_shares,2026-09-09T00:39:13.631182+00:00,4
2025-09-19 13:30:00,QQQ,597.32,598.43,595.85,597.36,15193453.0,IBKR_TRADES,RTH,split_adjusted,traded_shares,2026-09-09T00:39:13.631182+00:00,4
2025-09-19 16:00:00,QQQ,597.34,600.05,597.33,599.46,18149229.0,IBKR_TRADES,RTH,split_adjusted,traded_shares,2026-09-09T00:39:13.631182+00:00,4
2025-09-22 13:30:00,QQQ,597.74,600.72,597.72,600.13,13736429.0,IBKR_TRADES,RTH,split_adjusted,traded_shares,2026-09-09T00:39:13.631182+00:00,4
2025-09-22 16:00:00,QQQ,600.11,602.87,600.09,602.24,19544997.0,IBKR_TRADES,RTH,split_adjusted,traded_shares,2026-09-09T00:39:13.631182+00:00,4
2025-09-23 13:30:00,QQQ,602.35,602.57,600.61,601.0,14551282.0,IBKR_TRADES,RTH,split_adjusted,traded_shares,2026-09-09T00:39:13.631182+00:00,4
2025-09-23 16:00:00,QQQ,601.0,601.21,596.98,598.16,26423809.0,IBKR_TRADES,RTH,split_adjusted,traded_shares,2026-09-09T00:39:13.631182+00:00,4
2025-09-24 13:30:00,QQQ,599.57,599.9,594.55,594.6,15694745.000000002,IBKR_TRADES,RTH,split_adjusted,traded_shares,2026-09-09T00:39:13.631182+00:00,4
2025-09-24 16:00:00,QQQ,594.6,596.47,593.36,596.04,18537250.0,IBKR_TRADES,RTH,split_adjusted,traded_shares,2026-09-09T00:39:13.631182+00:00,4
2025-09-25 13:30:00,QQQ,592.2,595.12,588.5,594.67,25869629.0,IBKR_TRADES,RTH,split_adjusted,traded_shares,2026-09-09T00:39:13.631182+00:00,4
2025-09-25 16:00:00,QQQ,594.66,595.0,589.26,593.53,24987394.0,IBKR_TRADES,RTH,split_adjusted,traded_shares,2026-09-09T00:39:13.631182+00:00,4
2025-09-26 13:30:00,QQQ,594.35,596.2,591.06,592.57,20543391.0,IBKR_TRADES,RTH,split_adjusted,traded_shares,2026-09-09T00:39:13.631182+00:00,4
2025-09-26 16:00:00,QQQ,592.59,596.3,592.27,596.04,16669716.999999998,IBKR_TRADES,RTH,split_adjusted,traded_shares,2026-09-09T00:39:13.631182+00:00,4
2025-09-29 13:30:00,QQQ,599.11,602.05,598.64,599.07,16011109.0,IBKR_TRADES,RTH,split_adjusted,traded_shares,2026-09-09T00:39:13.631182+00:00,4
2025-09-29 16:00:00,QQQ,599.06,599.56,597.41,598.75,17048237.0,IBKR_TRADES,RTH,split_adjusted,traded_shares,2026-09-09T00:39:13.631182+00:00,4
2025-09-30 13:30:00,QQQ,598.45,599.41,596.1,598.2,13748045.0,IBKR_TRADES,RTH,split_adjusted,traded_shares,2026-09-09T00:39:13.631182+00:00,4
2025-09-30 16:00:00,QQQ,598.18,600.71,596.33,600.33,15668462.000000002,IBKR_TRADES,RTH,split_adjusted,traded_shares,2026-09-09T00:39:13.631182+00:00,4
2025-10-01 13:30:00,QQQ,597.18,601.45,596.34,601.29,15235456.0,IBKR_TRADES,RTH,split_adjusted,traded_shares,2026-09-09T00:39:13.631182+00:00,4
2025-10-01 16:00:00,QQQ,601.29,603.79,601.21,603.29,16401609.0,IBKR_TRADES,RTH,split_adjusted,traded_shares,2026-09-09T00:39:13.631182+00:00,4
2025-10-02 13:30:00,QQQ,607.06,607.16,602.93,604.97,13559889.0,IBKR_TRADES,RTH,split_adjusted,traded_shares,2026-09-09T00:39:13.631182+00:00,4
2025-10-02 16:00:00,QQQ,604.96,606.15,603.97,605.7,11868403.0,IBKR_TRADES,RTH,split_adjusted,traded_shares,2026-09-09T00:39:13.631182+00:00,4
2025-10-03 13:30:00,QQQ,606.51,607.33,604.52,606.77,11028263.0,IBKR_TRADES,RTH,split_adjusted,traded_shares,2026-09-09T00:39:13.631182+00:00,4
2025-10-03 16:00:00,QQQ,606.76,607.02,601.38,603.15,20339785.0,IBKR_TRADES,RTH,split_adjusted,traded_shares,2026-09-09T00:39:13.631182+00:00,4
2025-10-06 13:30:00,QQQ,608.43,608.62,605.97,608.31,12335412.0,IBKR_TRADES,RTH,split_adjusted,traded_shares,2026-09-09T00:39:13.631182+00:00,4
2025-10-06 16:00:00,QQQ,608.3,609.36,607.62,607.71,15075715.0,IBKR_TRADES,RTH,split_adjusted,traded_shares,2026-09-09T00:39:13.631182+00:00,4
2025-10-07 13:30:00,QQQ,609.05,609.71,603.03,604.14,20841991.0,IBKR_TRADES,RTH,split_adjusted,traded_shares,2026-09-09T00:39:13.631182+00:00,4
2025-10-07 16:00:00,QQQ,604.13,605.63,603.21,604.47,16815501.0,IBKR_TRADES,RTH,split_adjusted,traded_shares,2026-09-09T00:39:13.631182+00:00,4
2025-10-08 13:30:00,QQQ,605.41,609.69,605.26,609.54,15548076.0,IBKR_TRADES,RTH,split_adjusted,traded_shares,2026-09-09T00:39:13.631182+00:00,4
2025-10-08 16:00:00,QQQ,609.54,611.75,609.03,611.44,17558058.0,IBKR_TRADES,RTH,split_adjusted,traded_shares,2026-09-09T00:39:13.631182+00:00,4
2025-10-09 13:30:00,QQQ,611.48,611.61,608.23,609.92,13674224.0,IBKR_TRADES,RTH,split_adjusted,traded_shares,2026-09-09T00:39:13.631182+00:00,4
2025-10-09 16:00:00,QQQ,609.93,610.76,607.48,610.7,16063934.0,IBKR_TRADES,RTH,split_adjusted,traded_shares,2026-09-09T00:39:13.631182+00:00,4
2025-10-10 13:30:00,QQQ,611.4,613.18,595.93,599.74,26275558.0,IBKR_TRADES,RTH,split_adjusted,traded_shares,2026-09-09T00:39:13.631182+00:00,4
2025-10-10 16:00:00,QQQ,599.64,600.22,589.05,589.48,26693714.0,IBKR_TRADES,RTH,split_adjusted,traded_shares,2026-09-09T00:39:13.631182+00:00,4
2025-10-13 13:30:00,QQQ,599.7,601.74,597.23,601.25,17977960.0,IBKR_TRADES,RTH,split_adjusted,traded_shares,2026-09-09T00:39:13.631182+00:00,4
2025-10-13 16:00:00,QQQ,601.29,602.95,600.71,602.05,14843879.0,IBKR_TRADES,RTH,split_adjusted,traded_shares,2026-09-09T00:39:13.631182+00:00,4
2025-10-14 13:30:00,QQQ,595.3,600.07,590.13,599.27,15920985.999999998,IBKR_TRADES,RTH,split_adjusted,traded_shares,2026-09-09T00:39:13.631182+00:00,4
2025-10-14 16:00:00,QQQ,599.29,602.69,596.37,598.05,18216764.0,IBKR_TRADES,RTH,split_adjusted,traded_shares,2026-09-09T00:39:13.631182+00:00,4
2025-10-15 13:30:00,QQQ,604.01,606.7,601.02,602.43,14874499.0,IBKR_TRADES,RTH,split_adjusted,traded_shares,2026-09-09T00:39:13.631182+00:00,4
2025-10-15 16:00:00,QQQ,602.43,603.8,595.93,602.16,17087683.0,IBKR_TRADES,RTH,split_adjusted,traded_shares,2026-09-09T00:39:13.631182+00:00,4
2025-10-16 13:30:00,QQQ,605.1,608.31,602.76,603.38,13728462.0,IBKR_TRADES,RTH,split_adjusted,traded_shares,2026-09-09T00:39:13.631182+00:00,4
2025-10-16 16:00:00,QQQ,603.34,603.96,595.5,599.97,21513538.0,IBKR_TRADES,RTH,split_adjusted,traded_shares,2026-09-09T00:39:13.631182+00:00,4
2025-10-17 13:30:00,QQQ,597.95,603.32,596.37,600.6,16493693.999999998,IBKR_TRADES,RTH,split_adjusted,traded_shares,2026-09-09T00:39:13.631182+00:00,4
2025-10-17 16:00:00,QQQ,600.62,605.51,600.12,603.88,16224373.000000002,IBKR_TRADES,RTH,split_adjusted,traded_shares,2026-09-09T00:39:13.631182+00:00,4
2025-10-20 13:30:00,QQQ,607.14,612.58,607.1,611.9,13103419.0,IBKR_TRADES,RTH,split_adjusted,traded_shares,2026-09-09T00:39:13.631182+00:00,4
2025-10-20 16:00:00,QQQ,611.91,612.8,611.27,611.55,11931917.0,IBKR_TRADES,RTH,split_adjusted,traded_shares,2026-09-09T00:39:13.631182+00:00,4
2025-10-21 13:30:00,QQQ,611.63,612.25,609.32,612.15,12088952.0,IBKR_TRADES,RTH,split_adjusted,traded_shares,2026-09-09T00:39:13.631182+00:00,4
2025-10-21 16:00:00,QQQ,612.14,612.73,610.37,611.41,12811015.0,IBKR_TRADES,RTH,split_adjusted,traded_shares,2026-09-09T00:39:13.631182+00:00,4
2025-10-22 13:30:00,QQQ,610.82,611.41,604.49,606.82,16838423.0,IBKR_TRADES,RTH,split_adjusted,traded_shares,2026-09-09T00:39:13.631182+00:00,4
2025-10-22 16:00:00,QQQ,606.87,607.07,599.74,605.38,21146558.0,IBKR_TRADES,RTH,split_adjusted,traded_shares,2026-09-09T00:39:13.631182+00:00,4
2025-10-23 13:30:00,QQQ,604.91,609.69,604.52,609.17,11736951.0,IBKR_TRADES,RTH,split_adjusted,traded_shares,2026-09-09T00:39:13.631182+00:00,4
2025-10-23 16:00:00,QQQ,609.17,611.37,608.94,610.62,11147071.0,IBKR_TRADES,RTH,split_adjusted,traded_shares,2026-09-09T00:39:13.631182+00:00,4
2025-10-24 13:30:00,QQQ,615.99,617.9,615.13,617.35,15423171.0,IBKR_TRADES,RTH,split_adjusted,traded_shares,2026-09-09T00:39:13.631182+00:00,4
2025-10-24 16:00:00,QQQ,617.34,618.42,616.75,617.0,14348864.0,IBKR_TRADES,RTH,split_adjusted,traded_shares,2026-09-09T00:39:13.631182+00:00,4
2025-10-27 13:30:00,QQQ,624.51,626.75,624.03,626.39,13795734.0,IBKR_TRADES,RTH,split_adjusted,traded_shares,2026-09-09T00:39:13.631182+00:00,4
2025-10-27 16:00:00,QQQ,626.41,628.55,626.31,628.08,19129630.0,IBKR_TRADES,RTH,split_adjusted,traded_shares,2026-09-09T00:39:13.631182+00:00,4
2025-10-28 13:30:00,QQQ,630.36,631.36,629.25,630.53,11963241.0,IBKR_TRADES,RTH,split_adjusted,traded_shares,2026-09-09T00:39:13.631182+00:00,4
2025-10-28 16:00:00,QQQ,630.55,634.68,630.54,632.89,20654202.0,IBKR_TRADES,RTH,split_adjusted,traded_shares,2026-09-09T00:39:13.631182+00:00,4
2025-10-29 13:30:00,QQQ,635.58,637.01,634.41,634.88,14180316.0,IBKR_TRADES,RTH,split_adjusted,traded_shares,2026-09-09T00:39:13.631182+00:00,4
2025-10-29 16:00:00,QQQ,634.87,636.05,630.25,635.87,24076243.0,IBKR_TRADES,RTH,split_adjusted,traded_shares,2026-09-09T00:39:13.631182+00:00,4
2025-10-30 13:30:00,QQQ,632.15,633.5,627.76,628.96,17547391.0,IBKR_TRADES,RTH,split_adjusted,traded_shares,2026-09-09T00:39:13.631182+00:00,4
2025-10-30 16:00:00,QQQ,628.98,631.5,625.99,626.0,14890616.0,IBKR_TRADES,RTH,split_adjusted,traded_shares,2026-09-09T00:39:13.631182+00:00,4
2025-10-31 13:30:00,QQQ,634.2,634.2,630.55,630.59,15921851.0,IBKR_TRADES,RTH,split_adjusted,traded_shares,2026-09-09T00:39:13.631182+00:00,4
2025-10-31 16:00:00,QQQ,630.58,632.24,626.69,629.19,22976863.0,IBKR_TRADES,RTH,split_adjusted,traded_shares,2026-09-09T00:39:13.631182+00:00,4
2025-11-03 14:30:00,QQQ,635.12,635.82,629.85,631.61,10371240.0,IBKR_TRADES,RTH,split_adjusted,traded_shares,2026-09-09T00:39:13.631182+00:00,4
2025-11-03 16:00:00,QQQ,631.62,633.42,630.5,632.26,11648270.0,IBKR_TRADES,RTH,split_adjusted,traded_shares,2026-09-09T00:39:13.631182+00:00,4
2025-11-03 20:00:00,QQQ,632.28,632.46,631.18,632.11,3992304.9999999995,IBKR_TRADES,RTH,split_adjusted,traded_shares,2026-09-09T00:39:13.631182+00:00,4
2025-11-04 14:30:00,QQQ,623.28,626.95,621.36,624.41,14946068.0,IBKR_TRADES,RTH,split_adjusted,traded_shares,2026-09-09T00:39:13.631182+00:00,4
2025-11-04 16:00:00,QQQ,624.41,625.21,619.23,619.97,19016387.0,IBKR_TRADES,RTH,split_adjusted,traded_shares,2026-09-09T00:39:13.631182+00:00,4
2025-11-04 20:00:00,QQQ,619.97,620.83,618.45,619.22,9339564.0,IBKR_TRADES,RTH,split_adjusted,traded_shares,2026-09-09T00:39:13.631182+00:00,4
2025-11-05 14:30:00,QQQ,618.5,623.19,617.21,622.81,13518708.0,IBKR_TRADES,RTH,split_adjusted,traded_shares,2026-09-09T00:39:13.631182+00:00,4
2025-11-05 16:00:00,QQQ,622.82,626.57,621.33,626.25,13319042.0,IBKR_TRADES,RTH,split_adjusted,traded_shares,2026-09-09T00:39:13.631182+00:00,4
2025-11-05 20:00:00,QQQ,626.26,626.6,623.06,623.29,6567683.0,IBKR_TRADES,RTH,split_adjusted,traded_shares,2026-09-09T00:39:13.631182+00:00,4
2025-11-06 14:30:00,QQQ,621.79,622.04,612.53,612.83,19731383.0,IBKR_TRADES,RTH,split_adjusted,traded_shares,2026-09-09T00:39:13.631182+00:00,4
2025-11-06 16:00:00,QQQ,612.81,616.13,610.3,615.3,25407563.0,IBKR_TRADES,RTH,split_adjusted,traded_shares,2026-09-09T00:39:13.631182+00:00,4
2025-11-06 20:00:00,QQQ,615.28,615.54,610.94,611.71,8612238.0,IBKR_TRADES,RTH,split_adjusted,traded_shares,2026-09-09T00:39:13.631182+00:00,4
2025-11-07 14:30:00,QQQ,608.31,608.33,601.41,601.42,20074727.0,IBKR_TRADES,RTH,split_adjusted,traded_shares,2026-09-09T00:39:13.631182+00:00,4
2025-11-07 16:00:00,QQQ,601.42,608.58,598.67,608.53,30580008.0,IBKR_TRADES,RTH,split_adjusted,traded_shares,2026-09-09T00:39:13.631182+00:00,4
2025-11-07 20:00:00,QQQ,608.52,609.95,606.34,609.76,10516045.0,IBKR_TRADES,RTH,split_adjusted,traded_shares,2026-09-09T00:39:13.631182+00:00,4
2025-11-10 14:30:00,QQQ,618.92,622.04,618.43,618.57,14872419.0,IBKR_TRADES,RTH,split_adjusted,traded_shares,2026-09-09T00:39:13.631182+00:00,4
2025-11-10 16:00:00,QQQ,618.59,623.25,616.89,622.9,16389374.0,IBKR_TRADES,RTH,split_adjusted,traded_shares,2026-09-09T00:39:13.631182+00:00,4
2025-11-10 20:00:00,QQQ,622.9,624.31,622.77,623.18,7397642.0,IBKR_TRADES,RTH,split_adjusted,traded_shares,2026-09-09T00:39:13.631182+00:00,4
2025-11-11 14:30:00,QQQ,620.58,621.57,617.69,618.33,10361873.0,IBKR_TRADES,RTH,split_adjusted,traded_shares,2026-09-09T00:39:13.631182+00:00,4
2025-11-11 16:00:00,QQQ,618.32,622.72,617.52,621.94,15475265.0,IBKR_TRADES,RTH,split_adjusted,traded_shares,2026-09-09T00:39:13.631182+00:00,4
2025-11-11 20:00:00,QQQ,621.96,622.6,620.89,621.52,6316003.0,IBKR_TRADES,RTH,split_adjusted,traded_shares,2026-09-09T00:39:13.631182+00:00,4
2025-11-12 14:30:00,QQQ,624.84,624.86,618.84,619.44,13160993.0,IBKR_TRADES,RTH,split_adjusted,traded_shares,2026-09-09T00:39:13.631182+00:00,4
2025-11-12 16:00:00,QQQ,619.45,621.41,617.81,620.04,16584372.0,IBKR_TRADES,RTH,split_adjusted,traded_shares,2026-09-09T00:39:13.631182+00:00,4
2025-11-12 20:00:00,QQQ,620.01,621.7,619.16,621.04,5681088.0,IBKR_TRADES,RTH,split_adjusted,traded_shares,2026-09-09T00:39:13.631182+00:00,4
2025-11-13 14:30:00,QQQ,617.54,618.12,610.8,612.31,15005280.0,IBKR_TRADES,RTH,split_adjusted,traded_shares,2026-09-09T00:39:13.631182+00:00,4
2025-11-13 16:00:00,QQQ,612.29,612.77,606.08,607.33,26515879.0,IBKR_TRADES,RTH,split_adjusted,traded_shares,2026-09-09T00:39:13.631182+00:00,4
2025-11-13 20:00:00,QQQ,607.32,609.53,606.4,608.41,11283323.0,IBKR_TRADES,RTH,split_adjusted,traded_shares,2026-09-09T00:39:13.631182+00:00,4
2025-11-14 14:30:00,QQQ,599.55,610.57,597.17,609.73,24440807.0,IBKR_TRADES,RTH,split_adjusted,traded_shares,2026-09-09T00:39:13.631182+00:00,4
2025-11-14 16:00:00,QQQ,609.73,613.35,607.43,611.78,23976445.0,IBKR_TRADES,RTH,split_adjusted,traded_shares,2026-09-09T00:39:13.631182+00:00,4
2025-11-14 20:00:00,QQQ,611.8,612.34,607.98,608.82,8685622.0,IBKR_TRADES,RTH,split_adjusted,traded_shares,2026-09-09T00:39:13.631182+00:00,4
2025-11-17 14:30:00,QQQ,606.27,612.48,605.24,608.32,14751290.0,IBKR_TRADES,RTH,split_adjusted,traded_shares,2026-09-09T00:39:13.631182+00:00,4
2025-11-17 16:00:00,QQQ,608.3,611.18,600.4,600.46,24505939.0,IBKR_TRADES,RTH,split_adjusted,traded_shares,2026-09-09T00:39:13.631182+00:00,4
2025-11-17 20:00:00,QQQ,600.44,603.74,599.87,603.64,10637170.0,IBKR_TRADES,RTH,split_adjusted,traded_shares,2026-09-09T00:39:13.631182+00:00,4
2025-11-18 14:30:00,QQQ,599.62,602.31,592.59,593.27,25847913.0,IBKR_TRADES,RTH,split_adjusted,traded_shares,2026-09-09T00:39:13.631182+00:00,4
2025-11-18 16:00:00,QQQ,593.28,601.79,591.34,600.96,27313157.0,IBKR_TRADES,RTH,split_adjusted,traded_shares,2026-09-09T00:39:13.631182+00:00,4
2025-11-18 20:00:00,QQQ,600.97,601.44,596.19,596.33,8421590.0,IBKR_TRADES,RTH,split_adjusted,traded_shares,2026-09-09T00:39:13.631182+00:00,4
2025-11-19 14:30:00,QQQ,597.07,606.16,596.14,600.92,18897214.0,IBKR_TRADES,RTH,split_adjusted,traded_shares,2026-09-09T00:39:13.631182+00:00,4
2025-11-19 16:00:00,QQQ,600.9,601.31,594.59,598.21,25107912.0,IBKR_TRADES,RTH,split_adjusted,traded_shares,2026-09-09T00:39:13.631182+00:00,4
2025-11-19 20:00:00,QQQ,598.2,602.34,597.88,599.77,8206048.0,IBKR_TRADES,RTH,split_adjusted,traded_shares,2026-09-09T00:39:13.631182+00:00,4
2025-11-20 14:30:00,QQQ,611.62,614.03,610.03,610.48,19921824.0,IBKR_TRADES,RTH,split_adjusted,traded_shares,2026-09-09T00:39:13.631182+00:00,4
2025-11-20 16:00:00,QQQ,610.49,610.53,587.34,591.98,58580141.0,IBKR_TRADES,RTH,split_adjusted,traded_shares,2026-09-09T00:39:13.631182+00:00,4
2025-11-20 20:00:00,QQQ,591.96,591.96,584.75,585.67,11292486.0,IBKR_TRADES,RTH,split_adjusted,traded_shares,2026-09-09T00:39:13.631182+00:00,4
2025-11-21 14:30:00,QQQ,587.47,589.77,580.74,583.04,26415723.0,IBKR_TRADES,RTH,split_adjusted,traded_shares,2026-09-09T00:39:13.631182+00:00,4
2025-11-21 16:00:00,QQQ,583.02,596.98,580.95,593.64,34056124.0,IBKR_TRADES,RTH,split_adjusted,traded_shares,2026-09-09T00:39:13.631182+00:00,4
2025-11-21 20:00:00,QQQ,593.63,594.56,589.44,590.16,11677795.0,IBKR_TRADES,RTH,split_adjusted,traded_shares,2026-09-09T00:39:13.631182+00:00,4
2025-11-24 14:30:00,QQQ,595.28,602.38,595.16,601.47,16545810.0,IBKR_TRADES,RTH,split_adjusted,traded_shares,2026-09-09T00:39:13.631182+00:00,4
2025-11-24 16:00:00,QQQ,601.48,605.89,601.47,604.73,17659433.0,IBKR_TRADES,RTH,split_adjusted,traded_shares,2026-09-09T00:39:13.631182+00:00,4
2025-11-24 20:00:00,QQQ,604.73,606.68,604.72,605.29,9638940.0,IBKR_TRADES,RTH,split_adjusted,traded_shares,2026-09-09T00:39:13.631182+00:00,4
2025-11-25 14:30:00,QQQ,603.51,604.07,597.32,602.56,19364749.0,IBKR_TRADES,RTH,split_adjusted,traded_shares,2026-09-09T00:39:13.631182+00:00,4
2025-11-25 16:00:00,QQQ,602.54,608.42,601.5,607.3,18142807.0,IBKR_TRADES,RTH,split_adjusted,traded_shares,2026-09-09T00:39:13.631182+00:00,4
2025-11-25 20:00:00,QQQ,607.31,610.27,607.28,608.91,7637379.0,IBKR_TRADES,RTH,split_adjusted,traded_shares,2026-09-09T00:39:13.631182+00:00,4
2025-11-26 14:30:00,QQQ,612.51,613.9,610.39,613.61,10921575.0,IBKR_TRADES,RTH,split_adjusted,traded_shares,2026-09-09T00:39:13.631182+00:00,4
2025-11-26 16:00:00,QQQ,613.61,616.19,613.5,615.16,14598483.0,IBKR_TRADES,RTH,split_adjusted,traded_shares,2026-09-09T00:39:13.631182+00:00,4
2025-11-26 20:00:00,QQQ,615.17,615.85,614.27,614.31,6510310.0,IBKR_TRADES,RTH,split_adjusted,traded_shares,2026-09-09T00:39:13.631182+00:00,4
2025-11-28 14:30:00,QQQ,616.11,617.58,615.41,617.3,7313042.0,IBKR_TRADES,RTH,split_adjusted,traded_shares,2026-09-09T00:39:13.631182+00:00,4
2025-11-28 16:00:00,QQQ,617.3,619.24,616.28,619.19,9374336.0,IBKR_TRADES,RTH,split_adjusted,traded_shares,2026-09-09T00:39:13.631182+00:00,4
2025-12-01 14:30:00,QQQ,613.61,617.61,612.52,617.44,12336545.0,IBKR_TRADES,RTH,split_adjusted,traded_shares,2026-09-09T00:39:13.631182+00:00,4
2025-12-01 16:00:00,QQQ,617.43,619.45,615.28,616.51,12686752.0,IBKR_TRADES,RTH,split_adjusted,traded_shares,2026-09-09T00:39:13.631182+00:00,4
2025-12-01 20:00:00,QQQ,616.51,617.66,616.3,617.19,5743416.0,IBKR_TRADES,RTH,split_adjusted,traded_shares,2026-09-09T00:39:13.631182+00:00,4
2025-12-02 14:30:00,QQQ,619.46,623.75,618.98,623.2,15104480.0,IBKR_TRADES,RTH,split_adjusted,traded_shares,2026-09-09T00:39:13.631182+00:00,4
2025-12-02 16:00:00,QQQ,623.22,623.58,617.59,622.87,22737379.0,IBKR_TRADES,RTH,split_adjusted,traded_shares,2026-09-09T00:39:13.631182+00:00,4
2025-12-02 20:00:00,QQQ,622.88,623.22,621.86,622.07,5874564.0,IBKR_TRADES,RTH,split_adjusted,traded_shares,2026-09-09T00:39:13.631182+00:00,4
2025-12-03 14:30:00,QQQ,619.62,622.28,618.03,621.26,14125678.0,IBKR_TRADES,RTH,split_adjusted,traded_shares,2026-09-09T00:39:13.631182+00:00,4
2025-12-03 16:00:00,QQQ,621.26,623.91,620.26,623.85,15172742.999999998,IBKR_TRADES,RTH,split_adjusted,traded_shares,2026-09-09T00:39:13.631182+00:00,4
2025-12-03 20:00:00,QQQ,623.85,624.22,623.11,623.52,6115373.0,IBKR_TRADES,RTH,split_adjusted,traded_shares,2026-09-09T00:39:13.631182+00:00,4
2025-12-04 14:30:00,QQQ,624.92,624.94,620.32,621.5,14113135.0,IBKR_TRADES,RTH,split_adjusted,traded_shares,2026-09-09T00:39:13.631182+00:00,4
2025-12-04 16:00:00,QQQ,621.5,623.47,619.54,621.96,17754457.0,IBKR_TRADES,RTH,split_adjusted,traded_shares,2026-09-09T00:39:13.631182+00:00,4
2025-12-04 20:00:00,QQQ,621.95,623.01,621.04,622.86,5763151.0,IBKR_TRADES,RTH,split_adjusted,traded_shares,2026-09-09T00:39:13.631182+00:00,4
2025-12-05 14:30:00,QQQ,624.38,628.92,624.24,625.94,16271770.000000002,IBKR_TRADES,RTH,split_adjusted,traded_shares,2026-09-09T00:39:13.631182+00:00,4
2025-12-05 16:00:00,QQQ,625.93,626.53,623.71,625.78,18968376.0,IBKR_TRADES,RTH,split_adjusted,traded_shares,2026-09-09T00:39:13.631182+00:00,4
2025-12-05 20:00:00,QQQ,625.79,625.85,624.32,625.51,6122471.0,IBKR_TRADES,RTH,split_adjusted,traded_shares,2026-09-09T00:39:13.631182+00:00,4
2025-12-08 14:30:00,QQQ,627.18,628.84,623.74,624.06,11063378.0,IBKR_TRADES,RTH,split_adjusted,traded_shares,2026-09-09T00:39:13.631182+00:00,4
2025-12-08 16:00:00,QQQ,624.06,624.87,621.69,622.34,16943830.0,IBKR_TRADES,RTH,split_adjusted,traded_shares,2026-09-09T00:39:13.631182+00:00,4
2025-12-08 20:00:00,QQQ,622.34,624.28,622.09,624.18,5623938.0,IBKR_TRADES,RTH,split_adjusted,traded_shares,2026-09-09T00:39:13.631182+00:00,4
2025-12-09 14:30:00,QQQ,623.04,624.67,621.62,624.64,9671656.0,IBKR_TRADES,RTH,split_adjusted,traded_shares,2026-09-09T00:39:13.631182+00:00,4
2025-12-09 16:00:00,QQQ,624.63,625.87,624.27,625.09,14714652.0,IBKR_TRADES,RTH,split_adjusted,traded_shares,2026-09-09T00:39:13.631182+00:00,4
2025-12-09 20:00:00,QQQ,625.09,625.55,624.72,625.11,5365996.0,IBKR_TRADES,RTH,split_adjusted,traded_shares,2026-09-09T00:39:13.631182+00:00,4
2025-12-10 14:30:00,QQQ,623.83,624.45,621.52,621.9,9509059.0,IBKR_TRADES,RTH,split_adjusted,traded_shares,2026-09-09T00:39:13.631182+00:00,4
2025-12-10 16:00:00,QQQ,621.91,628.37,620.99,628.14,23207426.0,IBKR_TRADES,RTH,split_adjusted,traded_shares,2026-09-09T00:39:13.631182+00:00,4
2025-12-10 20:00:00,QQQ,628.13,629.21,627.23,627.54,9971172.0,IBKR_TRADES,RTH,split_adjusted,traded_shares,2026-09-09T00:39:13.631182+00:00,4
2025-12-11 14:30:00,QQQ,623.84,623.96,617.72,621.14,19842075.0,IBKR_TRADES,RTH,split_adjusted,traded_shares,2026-09-09T00:39:13.631182+00:00,4
2025-12-11 16:00:00,QQQ,621.13,625.78,619.31,624.98,20087776.0,IBKR_TRADES,RTH,split_adjusted,traded_shares,2026-09-09T00:39:13.631182+00:00,4
2025-12-11 20:00:00,QQQ,624.98,625.72,624.26,625.62,6007757.0,IBKR_TRADES,RTH,split_adjusted,traded_shares,2026-09-09T00:39:13.631182+00:00,4
2025-12-12 14:30:00,QQQ,622.08,623.54,613.72,614.36,21412574.0,IBKR_TRADES,RTH,split_adjusted,traded_shares,2026-09-09T00:39:13.631182+00:00,4
2025-12-12 16:00:00,QQQ,614.33,617.47,611.36,614.4,29153078.0,IBKR_TRADES,RTH,split_adjusted,traded_shares,2026-09-09T00:39:13.631182+00:00,4
2025-12-12 20:00:00,QQQ,614.41,614.86,612.02,613.57,9373342.0,IBKR_TRADES,RTH,split_adjusted,traded_shares,2026-09-09T00:39:13.631182+00:00,4
2025-12-15 14:30:00,QQQ,618.39,618.42,609.32,612.16,15781940.999999998,IBKR_TRADES,RTH,split_adjusted,traded_shares,2026-09-09T00:39:13.631182+00:00,4
2025-12-15 16:00:00,QQQ,612.16,614.91,610.43,612.12,13860826.0,IBKR_TRADES,RTH,split_adjusted,traded_shares,2026-09-09T00:39:13.631182+00:00,4
2025-12-15 20:00:00,QQQ,612.1,612.23,610.4,610.46,5419400.0,IBKR_TRADES,RTH,split_adjusted,traded_shares,2026-09-09T00:39:13.631182+00:00,4
2025-12-16 14:30:00,QQQ,608.26,612.49,606.97,610.45,12829386.0,IBKR_TRADES,RTH,split_adjusted,traded_shares,2026-09-09T00:39:13.631182+00:00,4
2025-12-16 16:00:00,QQQ,610.44,611.21,606.91,610.47,19181695.0,IBKR_TRADES,RTH,split_adjusted,traded_shares,2026-09-09T00:39:13.631182+00:00,4
2025-12-16 20:00:00,QQQ,610.46,613.51,610.26,611.8,7269231.0,IBKR_TRADES,RTH,split_adjusted,traded_shares,2026-09-09T00:39:13.631182+00:00,4
2025-12-17 14:30:00,QQQ,613.06,613.65,603.91,604.51,16068884.0,IBKR_TRADES,RTH,split_adjusted,traded_shares,2026-09-09T00:39:13.631182+00:00,4
2025-12-17 16:00:00,QQQ,604.48,606.03,601.3,602.59,25594068.0,IBKR_TRADES,RTH,split_adjusted,traded_shares,2026-09-09T00:39:13.631182+00:00,4
2025-12-17 20:00:00,QQQ,602.58,602.77,600.28,600.36,9478088.0,IBKR_TRADES,RTH,split_adjusted,traded_shares,2026-09-09T00:39:13.631182+00:00,4
2025-12-18 14:30:00,QQQ,609.75,612.82,606.92,611.81,22709203.0,IBKR_TRADES,RTH,split_adjusted,traded_shares,2026-09-09T00:39:13.631182+00:00,4
2025-12-18 16:00:00,QQQ,611.81,612.93,607.51,608.09,27492831.0,IBKR_TRADES,RTH,split_adjusted,traded_shares,2026-09-09T00:39:13.631182+00:00,4
2025-12-18 20:00:00,QQQ,608.09,611.28,607.72,609.15,8434260.0,IBKR_TRADES,RTH,split_adjusted,traded_shares,2026-09-09T00:39:13.631182+00:00,4
2025-12-19 14:30:00,QQQ,611.96,617.62,611.87,614.82,15360935.0,IBKR_TRADES,RTH,split_adjusted,traded_shares,2026-09-09T00:39:13.631182+00:00,4
2025-12-19 16:00:00,QQQ,614.8,617.5,614.24,616.9,12460683.0,IBKR_TRADES,RTH,split_adjusted,traded_shares,2026-09-09T00:39:13.631182+00:00,4
2025-12-19 20:00:00,QQQ,616.89,617.48,615.96,617.24,7258290.0,IBKR_TRADES,RTH,split_adjusted,traded_shares,2026-09-09T00:39:13.631182+00:00,4
2025-12-22 14:30:00,QQQ,621.36,621.65,617.77,618.86,12052259.0,IBKR_TRADES,RTH,split_adjusted,traded_shares,2026-09-09T00:39:13.631182+00:00,4
2025-12-22 16:00:00,QQQ,618.86,620.08,618.81,619.19,15610540.0,IBKR_TRADES,RTH,split_adjusted,traded_shares,2026-09-09T00:39:13.631182+00:00,4
2025-12-22 20:00:00,QQQ,619.19,619.49,618.93,619.15,5500925.0,IBKR_TRADES,RTH,split_adjusted,traded_shares,2026-09-09T00:39:13.631182+00:00,4
2025-12-23 14:30:00,QQQ,618.2,620.72,617.78,620.23,11218277.0,IBKR_TRADES,RTH,split_adjusted,traded_shares,2026-09-09T00:39:13.631182+00:00,4
2025-12-23 16:00:00,QQQ,620.25,621.88,620.14,621.8,12907965.0,IBKR_TRADES,RTH,split_adjusted,traded_shares,2026-09-09T00:39:13.631182+00:00,4
2025-12-23 20:00:00,QQQ,621.8,622.41,621.76,622.21,5674602.0,IBKR_TRADES,RTH,split_adjusted,traded_shares,2026-09-09T00:39:13.631182+00:00,4
2025-12-24 14:30:00,QQQ,622.0,623.08,621.72,622.79,6127916.0,IBKR_TRADES,RTH,split_adjusted,traded_shares,2026-09-09T00:39:13.631182+00:00,4
2025-12-24 16:00:00,QQQ,622.8,624.28,622.78,623.94,6922888.0,IBKR_TRADES,RTH,split_adjusted,traded_shares,2026-09-09T00:39:13.631182+00:00,4
2025-12-26 14:30:00,QQQ,624.67,625.52,623.14,624.71,7932725.0,IBKR_TRADES,RTH,split_adjusted,traded_shares,2026-09-09T00:39:13.631182+00:00,4
2025-12-26 16:00:00,QQQ,624.71,624.99,623.5,624.49,8868641.0,IBKR_TRADES,RTH,split_adjusted,traded_shares,2026-09-09T00:39:13.631182+00:00,4
2025-12-26 20:00:00,QQQ,624.47,624.5,623.67,623.84,5609012.0,IBKR_TRADES,RTH,split_adjusted,traded_shares,2026-09-09T00:39:13.631182+00:00,4
2025-12-29 14:30:00,QQQ,620.13,622.78,619.03,620.02,10555564.0,IBKR_TRADES,RTH,split_adjusted,traded_shares,2026-09-09T00:39:13.631182+00:00,4
2025-12-29 16:00:00,QQQ,620.01,621.7,618.73,621.49,10128112.0,IBKR_TRADES,RTH,split_adjusted,traded_shares,2026-09-09T00:39:13.631182+00:00,4
2025-12-29 20:00:00,QQQ,621.5,621.51,620.61,620.89,3919913.9999999995,IBKR_TRADES,RTH,split_adjusted,traded_shares,2026-09-09T00:39:13.631182+00:00,4
2025-12-30 14:30:00,QQQ,619.84,621.75,619.38,621.02,8027067.0,IBKR_TRADES,RTH,split_adjusted,traded_shares,2026-09-09T00:39:13.631182+00:00,4
2025-12-30 16:00:00,QQQ,621.03,622.18,620.01,620.3,10512277.0,IBKR_TRADES,RTH,split_adjusted,traded_shares,2026-09-09T00:39:13.631182+00:00,4
2025-12-30 20:00:00,QQQ,620.3,620.44,619.21,619.41,4906872.0,IBKR_TRADES,RTH,split_adjusted,traded_shares,2026-09-09T00:39:13.631182+00:00,4
2025-12-31 14:30:00,QQQ,619.65,619.96,616.45,616.75,8925337.0,IBKR_TRADES,RTH,split_adjusted,traded_shares,2026-09-09T00:39:13.631182+00:00,4
2025-12-31 16:00:00,QQQ,616.73,618.6,616.19,616.29,11347111.0,IBKR_TRADES,RTH,split_adjusted,traded_shares,2026-09-09T00:39:13.631182+00:00,4
2025-12-31 20:00:00,QQQ,616.28,616.37,614.05,614.28,8846201.0,IBKR_TRADES,RTH,split_adjusted,traded_shares,2026-09-09T00:39:13.631182+00:00,4
2026-01-02 14:30:00,QQQ,620.09,622.85,612.31,612.67,21010553.0,IBKR_TRADES,RTH,split_adjusted,traded_shares,2026-09-09T00:39:13.631182+00:00,4
2026-01-02 16:00:00,QQQ,612.68,614.7,610.15,613.36,21318736.0,IBKR_TRADES,RTH,split_adjusted,traded_shares,2026-09-09T00:39:13.631182+00:00,4
2026-01-02 20:00:00,QQQ,613.35,614.55,612.5,613.11,6294229.0,IBKR_TRADES,RTH,split_adjusted,traded_shares,2026-09-09T00:39:13.631182+00:00,4
2026-01-05 14:30:00,QQQ,619.3,620.39,616.72,619.78,14770502.0,IBKR_TRADES,RTH,split_adjusted,traded_shares,2026-09-09T00:39:13.631182+00:00,4
2026-01-05 16:00:00,QQQ,619.78,620.81,617.04,617.7,15785137.0,IBKR_TRADES,RTH,split_adjusted,traded_shares,2026-09-09T00:39:13.631182+00:00,4
2026-01-05 20:00:00,QQQ,617.7,618.58,617.45,617.96,5122000.0,IBKR_TRADES,RTH,split_adjusted,traded_shares,2026-09-09T00:39:13.631182+00:00,4
2026-01-06 14:30:00,QQQ,619.23,622.59,618.54,620.43,12784383.0,IBKR_TRADES,RTH,split_adjusted,traded_shares,2026-09-09T00:39:13.631182+00:00,4
2026-01-06 16:00:00,QQQ,620.43,623.61,619.29,623.29,14691911.0,IBKR_TRADES,RTH,split_adjusted,traded_shares,2026-09-09T00:39:13.631182+00:00,4
2026-01-06 20:00:00,QQQ,623.29,624.03,623.14,623.47,6037098.0,IBKR_TRADES,RTH,split_adjusted,traded_shares,2026-09-09T00:39:13.631182+00:00,4
2026-01-07 14:30:00,QQQ,623.04,625.91,622.56,625.78,11788976.0,IBKR_TRADES,RTH,split_adjusted,traded_shares,2026-09-09T00:39:13.631182+00:00,4
2026-01-07 16:00:00,QQQ,625.79,627.94,625.14,625.72,15709988.0,IBKR_TRADES,RTH,split_adjusted,traded_shares,2026-09-09T00:39:13.631182+00:00,4
2026-01-07 20:00:00,QQQ,625.72,625.99,623.62,624.03,7972167.000000001,IBKR_TRADES,RTH,split_adjusted,traded_shares,2026-09-09T00:39:13.631182+00:00,4
2026-01-08 14:30:00,QQQ,623.03,623.42,617.8,620.54,16937743.0,IBKR_TRADES,RTH,split_adjusted,traded_shares,2026-09-09T00:39:13.631182+00:00,4
2026-01-08 16:00:00,QQQ,620.55,620.99,618.12,619.29,16337456.0,IBKR_TRADES,RTH,split_adjusted,traded_shares,2026-09-09T00:39:13.631182+00:00,4
2026-01-08 20:00:00,QQQ,619.27,620.85,619.08,620.43,5500689.0,IBKR_TRADES,RTH,split_adjusted,traded_shares,2026-09-09T00:39:13.631182+00:00,4
2026-01-09 14:30:00,QQQ,621.41,625.34,619.06,623.76,15528524.000000002,IBKR_TRADES,RTH,split_adjusted,traded_shares,2026-09-09T00:39:13.631182+00:00,4
2026-01-09 16:00:00,QQQ,623.8,627.58,623.77,627.14,14776786.0,IBKR_TRADES,RTH,split_adjusted,traded_shares,2026-09-09T00:39:13.631182+00:00,4
2026-01-09 20:00:00,QQQ,627.14,627.89,626.62,626.67,7168921.0,IBKR_TRADES,RTH,split_adjusted,traded_shares,2026-09-09T00:39:13.631182+00:00,4
2026-01-12 14:30:00,QQQ,622.31,626.76,622.26,626.33,12945440.0,IBKR_TRADES,RTH,split_adjusted,traded_shares,2026-09-09T00:39:13.631182+00:00,4
2026-01-12 16:00:00,QQQ,626.32,628.74,625.99,628.7,10362624.0,IBKR_TRADES,RTH,split_adjusted,traded_shares,2026-09-09T00:39:13.631182+00:00,4
2026-01-12 20:00:00,QQQ,628.71,628.85,627.17,627.19,5115395.0,IBKR_TRADES,RTH,split_adjusted,traded_shares,2026-09-09T00:39:13.631182+00:00,4
2026-01-13 14:30:00,QQQ,627.27,629.47,623.88,625.95,12281908.0,IBKR_TRADES,RTH,split_adjusted,traded_shares,2026-09-09T00:39:13.631182+00:00,4
2026-01-13 16:00:00,QQQ,625.92,629.04,624.14,625.24,15968478.000000002,IBKR_TRADES,RTH,split_adjusted,traded_shares,2026-09-09T00:39:13.631182+00:00,4
2026-01-13 20:00:00,QQQ,625.23,626.29,623.69,626.13,5387371.0,IBKR_TRADES,RTH,split_adjusted,traded_shares,2026-09-09T00:39:13.631182+00:00,4
2026-01-14 14:30:00,QQQ,622.24,623.45,615.75,616.26,23551619.0,IBKR_TRADES,RTH,split_adjusted,traded_shares,2026-09-09T00:39:13.631182+00:00,4
2026-01-14 16:00:00,QQQ,616.26,618.63,614.56,616.45,24176980.0,IBKR_TRADES,RTH,split_adjusted,traded_shares,2026-09-09T00:39:13.631182+00:00,4
2026-01-14 20:00:00,QQQ,616.43,619.8,615.52,619.65,9690357.0,IBKR_TRADES,RTH,split_adjusted,traded_shares,2026-09-09T00:39:13.631182+00:00,4
2026-01-15 14:30:00,QQQ,626.61,630.0,623.76,625.7,15394262.0,IBKR_TRADES,RTH,split_adjusted,traded_shares,2026-09-09T00:39:13.631182+00:00,4
2026-01-15 16:00:00,QQQ,625.69,626.98,622.36,622.62,15863018.0,IBKR_TRADES,RTH,split_adjusted,traded_shares,2026-09-09T00:39:13.631182+00:00,4
2026-01-15 20:00:00,QQQ,622.62,622.96,620.75,621.66,8237281.000000001,IBKR_TRADES,RTH,split_adjusted,traded_shares,2026-09-09T00:39:13.631182+00:00,4
2026-01-16 14:30:00,QQQ,625.51,626.08,618.88,621.03,19328556.0,IBKR_TRADES,RTH,split_adjusted,traded_shares,2026-09-09T00:39:13.631182+00:00,4
2026-01-16 16:00:00,QQQ,621.02,622.7,620.31,621.8,18011963.0,IBKR_TRADES,RTH,split_adjusted,traded_shares,2026-09-09T00:39:13.631182+00:00,4
2026-01-16 20:00:00,QQQ,621.8,622.12,620.97,621.04,6611008.0,IBKR_TRADES,RTH,split_adjusted,traded_shares,2026-09-09T00:39:13.631182+00:00,4
2026-01-20 14:30:00,QQQ,610.51,614.78,610.32,613.48,23871318.0,IBKR_TRADES,RTH,split_adjusted,traded_shares,2026-09-09T00:39:13.631182+00:00,4
2026-01-20 16:00:00,QQQ,613.48,615.06,607.78,608.78,27951294.0,IBKR_TRADES,RTH,split_adjusted,traded_shares,2026-09-09T00:39:13.631182+00:00,4
2026-01-20 20:00:00,QQQ,608.79,608.79,607.05,608.04,11055272.0,IBKR_TRADES,RTH,split_adjusted,traded_shares,2026-09-09T00:39:13.631182+00:00,4
2026-01-21 14:30:00,QQQ,609.47,616.49,607.86,616.06,16668717.999999998,IBKR_TRADES,RTH,split_adjusted,traded_shares,2026-09-09T00:39:13.631182+00:00,4
2026-01-21 16:00:00,QQQ,616.05,620.3,608.22,620.09,36003554.0,IBKR_TRADES,RTH,split_adjusted,traded_shares,2026-09-09T00:39:13.631182+00:00,4
2026-01-21 20:00:00,QQQ,620.09,620.42,615.51,616.12,10775956.0,IBKR_TRADES,RTH,split_adjusted,traded_shares,2026-09-09T00:39:13.631182+00:00,4
2026-01-22 14:30:00,QQQ,622.4,622.46,617.78,619.44,13375678.0,IBKR_TRADES,RTH,split_adjusted,traded_shares,2026-09-09T00:39:13.631182+00:00,4
2026-01-22 16:00:00,QQQ,619.43,622.24,619.38,620.24,12300337.0,IBKR_TRADES,RTH,split_adjusted,traded_shares,2026-09-09T00:39:13.631182+00:00,4
2026-01-22 20:00:00,QQQ,620.23,620.83,618.91,620.78,6756847.0,IBKR_TRADES,RTH,split_adjusted,traded_shares,2026-09-09T00:39:13.631182+00:00,4
2026-01-23 14:30:00,QQQ,619.71,624.97,618.65,624.95,12979501.0,IBKR_TRADES,RTH,split_adjusted,traded_shares,2026-09-09T00:39:13.631182+00:00,4
2026-01-23 16:00:00,QQQ,624.95,625.4,621.53,623.11,15803989.999999998,IBKR_TRADES,RTH,split_adjusted,traded_shares,2026-09-09T00:39:13.631182+00:00,4
2026-01-23 20:00:00,QQQ,623.09,623.26,621.73,622.78,6446503.0,IBKR_TRADES,RTH,split_adjusted,traded_shares,2026-09-09T00:39:13.631182+00:00,4
2026-01-26 14:30:00,QQQ,623.21,626.75,622.12,626.34,9640716.0,IBKR_TRADES,RTH,split_adjusted,traded_shares,2026-09-09T00:39:13.631182+00:00,4
2026-01-26 16:00:00,QQQ,626.33,627.61,625.62,626.32,11549143.0,IBKR_TRADES,RTH,split_adjusted,traded_shares,2026-09-09T00:39:13.631182+00:00,4
2026-01-26 20:00:00,QQQ,626.33,626.72,625.4,625.46,5607075.0,IBKR_TRADES,RTH,split_adjusted,traded_shares,2026-09-09T00:39:13.631182+00:00,4
2026-01-27 14:30:00,QQQ,628.91,631.64,627.34,631.17,11561950.0,IBKR_TRADES,RTH,split_adjusted,traded_shares,2026-09-09T00:39:13.631182+00:00,4
2026-01-27 16:00:00,QQQ,631.18,631.83,630.22,631.52,11257460.0,IBKR_TRADES,RTH,split_adjusted,traded_shares,2026-09-09T00:39:13.631182+00:00,4
2026-01-27 20:00:00,QQQ,631.51,632.05,630.92,631.08,5864030.0,IBKR_TRADES,RTH,split_adjusted,traded_shares,2026-09-09T00:39:13.631182+00:00,4
2026-01-28 14:30:00,QQQ,635.46,636.6,633.23,633.3,13152729.0,IBKR_TRADES,RTH,split_adjusted,traded_shares,2026-09-09T00:39:13.631182+00:00,4
2026-01-28 16:00:00,QQQ,633.29,634.44,631.81,633.25,17069950.0,IBKR_TRADES,RTH,split_adjusted,traded_shares,2026-09-09T00:39:13.631182+00:00,4
2026-01-28 20:00:00,QQQ,633.27,634.49,632.59,632.97,6412709.0,IBKR_TRADES,RTH,split_adjusted,traded_shares,2026-09-09T00:39:13.631182+00:00,4
2026-01-29 14:30:00,QQQ,632.67,633.67,618.27,619.26,22937252.0,IBKR_TRADES,RTH,split_adjusted,traded_shares,2026-09-09T00:39:13.631182+00:00,4
2026-01-29 16:00:00,QQQ,619.28,627.07,618.34,625.85,27300131.0,IBKR_TRADES,RTH,split_adjusted,traded_shares,2026-09-09T00:39:13.631182+00:00,4
2026-01-29 20:00:00,QQQ,625.85,629.98,625.67,629.36,8172290.000000001,IBKR_TRADES,RTH,split_adjusted,traded_shares,2026-09-09T00:39:13.631182+00:00,4
2026-01-30 14:30:00,QQQ,625.7,628.26,624.19,625.88,15776329.0,IBKR_TRADES,RTH,split_adjusted,traded_shares,2026-09-09T00:39:13.631182+00:00,4
2026-01-30 16:00:00,QQQ,625.88,626.53,619.29,621.43,24444428.0,IBKR_TRADES,RTH,split_adjusted,traded_shares,2026-09-09T00:39:13.631182+00:00,4
2026-01-30 20:00:00,QQQ,621.41,623.14,619.32,621.81,10465772.0,IBKR_TRADES,RTH,split_adjusted,traded_shares,2026-09-09T00:39:13.631182+00:00,4
2026-02-02 14:30:00,QQQ,618.69,627.6,618.66,625.87,14403855.0,IBKR_TRADES,RTH,split_adjusted,traded_shares,2026-09-09T00:39:13.631182+00:00,4
2026-02-02 16:00:00,QQQ,625.86,628.49,624.99,626.02,14633682.0,IBKR_TRADES,RTH,split_adjusted,traded_shares,2026-09-09T00:39:13.631182+00:00,4
2026-02-02 20:00:00,QQQ,626.03,627.33,625.42,626.24,8397110.0,IBKR_TRADES,RTH,split_adjusted,traded_shares,2026-09-09T00:39:13.631182+00:00,4
2026-02-03 14:30:00,QQQ,628.25,629.98,617.08,620.6,23187881.0,IBKR_TRADES,RTH,split_adjusted,traded_shares,2026-09-09T00:39:13.631182+00:00,4
2026-02-03 16:00:00,QQQ,620.63,620.66,610.96,613.35,29873010.0,IBKR_TRADES,RTH,split_adjusted,traded_shares,2026-09-09T00:39:13.631182+00:00,4
2026-02-03 20:00:00,QQQ,613.33,616.77,612.21,616.46,10879952.0,IBKR_TRADES,RTH,split_adjusted,traded_shares,2026-09-09T00:39:13.631182+00:00,4
2026-02-04 14:30:00,QQQ,615.05,615.1,608.29,609.39,20159668.0,IBKR_TRADES,RTH,split_adjusted,traded_shares,2026-09-09T00:39:13.631182+00:00,4
2026-02-04 16:00:00,QQQ,609.39,609.85,600.47,608.32,34099866.0,IBKR_TRADES,RTH,split_adjusted,traded_shares,2026-09-09T00:39:13.631182+00:00,4
2026-02-04 20:00:00,QQQ,608.31,608.63,605.21,605.62,9015857.0,IBKR_TRADES,RTH,split_adjusted,traded_shares,2026-09-09T00:39:13.631182+00:00,4
2026-02-05 14:30:00,QQQ,600.21,604.81,594.95,596.94,25864901.0,IBKR_TRADES,RTH,split_adjusted,traded_shares,2026-09-09T00:39:13.631182+00:00,4
2026-02-05 16:00:00,QQQ,596.95,603.05,594.91,598.74,27564518.0,IBKR_TRADES,RTH,split_adjusted,traded_shares,2026-09-09T00:39:13.631182+00:00,4
2026-02-05 20:00:00,QQQ,598.8,601.11,595.29,597.06,11149578.0,IBKR_TRADES,RTH,split_adjusted,traded_shares,2026-09-09T00:39:13.631182+00:00,4
2026-02-06 14:30:00,QQQ,600.23,605.61,598.77,603.47,23031251.0,IBKR_TRADES,RTH,split_adjusted,traded_shares,2026-09-09T00:39:13.631182+00:00,4
2026-02-06 16:00:00,QQQ,603.46,608.99,603.1,607.71,23042576.0,IBKR_TRADES,RTH,split_adjusted,traded_shares,2026-09-09T00:39:13.631182+00:00,4
2026-02-06 20:00:00,QQQ,607.71,611.41,607.36,609.62,11534460.0,IBKR_TRADES,RTH,split_adjusted,traded_shares,2026-09-09T00:39:13.631182+00:00,4
2026-02-09 14:30:00,QQQ,607.54,614.05,605.07,613.65,17089721.0,IBKR_TRADES,RTH,split_adjusted,traded_shares,2026-09-09T00:39:13.631182+00:00,4
2026-02-09 16:00:00,QQQ,613.64,616.46,613.5,615.77,18580563.0,IBKR_TRADES,RTH,split_adjusted,traded_shares,2026-09-09T00:39:13.631182+00:00,4
2026-02-09 20:00:00,QQQ,615.78,616.11,614.21,614.33,8195154.0,IBKR_TRADES,RTH,split_adjusted,traded_shares,2026-09-09T00:39:13.631182+00:00,4
2026-02-10 14:30:00,QQQ,615.3,617.02,612.4,615.27,17241589.0,IBKR_TRADES,RTH,split_adjusted,traded_shares,2026-09-09T00:39:13.631182+00:00,4
2026-02-10 16:00:00,QQQ,615.28,615.89,612.8,613.34,18818730.0,IBKR_TRADES,RTH,split_adjusted,traded_shares,2026-09-09T00:39:13.631182+00:00,4
2026-02-10 20:00:00,QQQ,613.34,613.4,611.01,611.48,7649751.0,IBKR_TRADES,RTH,split_adjusted,traded_shares,2026-09-09T00:39:13.631182+00:00,4
2026-02-11 14:30:00,QQQ,616.39,617.52,607.69,612.23,19864344.0,IBKR_TRADES,RTH,split_adjusted,traded_shares,2026-09-09T00:39:13.631182+00:00,4
2026-02-11 16:00:00,QQQ,612.22,614.98,609.73,613.74,20291373.0,IBKR_TRADES,RTH,split_adjusted,traded_shares,2026-09-09T00:39:13.631182+00:00,4
2026-02-11 20:00:00,QQQ,613.74,614.07,612.85,613.0,5766370.0,IBKR_TRADES,RTH,split_adjusted,traded_shares,2026-09-09T00:39:13.631182+00:00,4
2026-02-12 14:30:00,QQQ,614.71,615.81,606.53,606.6,18610471.0,IBKR_TRADES,RTH,split_adjusted,traded_shares,2026-09-09T00:39:13.631182+00:00,4
2026-02-12 16:00:00,QQQ,606.61,607.11,601.54,603.88,36611075.0,IBKR_TRADES,RTH,split_adjusted,traded_shares,2026-09-09T00:39:13.631182+00:00,4
2026-02-12 20:00:00,QQQ,603.88,604.21,599.56,600.56,10937032.0,IBKR_TRADES,RTH,split_adjusted,traded_shares,2026-09-09T00:39:13.631182+00:00,4
2026-02-13 14:30:00,QQQ,600.42,604.9,596.42,602.03,19234428.0,IBKR_TRADES,RTH,split_adjusted,traded_shares,2026-09-09T00:39:13.631182+00:00,4
2026-02-13 16:00:00,QQQ,602.03,606.48,600.87,603.02,22170174.0,IBKR_TRADES,RTH,split_adjusted,traded_shares,2026-09-09T00:39:13.631182+00:00,4
2026-02-13 20:00:00,QQQ,603.02,603.92,600.09,601.78,10664688.0,IBKR_TRADES,RTH,split_adjusted,traded_shares,2026-09-09T00:39:13.631182+00:00,4
2026-02-17 14:30:00,QQQ,598.4,602.2,593.34,596.99,19627639.0,IBKR_TRADES,RTH,split_adjusted,traded_shares,2026-09-09T00:39:13.631182+00:00,4
2026-02-17 16:00:00,QQQ,596.95,603.95,596.8,602.17,26654527.0,IBKR_TRADES,RTH,split_adjusted,traded_shares,2026-09-09T00:39:13.631182+00:00,4
2026-02-17 20:00:00,QQQ,602.17,602.82,600.25,601.2,8387256.999999999,IBKR_TRADES,RTH,split_adjusted,traded_shares,2026-09-09T00:39:13.631182+00:00,4
2026-02-18 14:30:00,QQQ,602.12,609.07,600.72,608.77,19280107.0,IBKR_TRADES,RTH,split_adjusted,traded_shares,2026-09-09T00:39:13.631182+00:00,4
2026-02-18 16:00:00,QQQ,608.78,609.78,603.4,603.89,22341161.0,IBKR_TRADES,RTH,split_adjusted,traded_shares,2026-09-09T00:39:13.631182+00:00,4
2026-02-18 20:00:00,QQQ,603.91,606.68,603.25,605.7,10287225.0,IBKR_TRADES,RTH,split_adjusted,traded_shares,2026-09-09T00:39:13.631182+00:00,4
2026-02-19 14:30:00,QQQ,602.81,605.62,601.09,604.96,15492009.000000002,IBKR_TRADES,RTH,split_adjusted,traded_shares,2026-09-09T00:39:13.631182+00:00,4
2026-02-19 16:00:00,QQQ,604.97,605.82,600.75,601.56,22500315.0,IBKR_TRADES,RTH,split_adjusted,traded_shares,2026-09-09T00:39:13.631182+00:00,4
2026-02-19 20:00:00,QQQ,601.54,603.56,601.43,603.48,6301265.0,IBKR_TRADES,RTH,split_adjusted,traded_shares,2026-09-09T00:39:13.631182+00:00,4
2026-02-20 14:30:00,QQQ,600.12,610.04,599.23,609.86,19640961.0,IBKR_TRADES,RTH,split_adjusted,traded_shares,2026-09-09T00:39:13.631182+00:00,4
2026-02-20 16:00:00,QQQ,609.86,610.35,604.08,607.5,30773611.000000004,IBKR_TRADES,RTH,split_adjusted,traded_shares,2026-09-09T00:39:13.631182+00:00,4
2026-02-20 20:00:00,QQQ,607.51,608.9,607.32,608.78,7131160.0,IBKR_TRADES,RTH,split_adjusted,traded_shares,2026-09-09T00:39:13.631182+00:00,4
2026-02-23 14:30:00,QQQ,606.63,608.01,600.75,600.85,17461226.0,IBKR_TRADES,RTH,split_adjusted,traded_shares,2026-09-09T00:39:13.631182+00:00,4
2026-02-23 16:00:00,QQQ,600.86,602.71,599.05,599.59,25074048.0,IBKR_TRADES,RTH,split_adjusted,traded_shares,2026-09-09T00:39:13.631182+00:00,4
2026-02-23 20:00:00,QQQ,599.6,601.54,599.3,601.44,8497804.0,IBKR_TRADES,RTH,split_adjusted,traded_shares,2026-09-09T00:39:13.631182+00:00,4
2026-02-24 14:30:00,QQQ,602.33,607.83,599.73,606.52,18785215.0,IBKR_TRADES,RTH,split_adjusted,traded_shares,2026-09-09T00:39:13.631182+00:00,4
2026-02-24 16:00:00,QQQ,606.51,608.99,606.35,607.61,18543684.0,IBKR_TRADES,RTH,split_adjusted,traded_shares,2026-09-09T00:39:13.631182+00:00,4
2026-02-24 20:00:00,QQQ,607.61,608.82,606.97,607.82,6806027.0,IBKR_TRADES,RTH,split_adjusted,traded_shares,2026-09-09T00:39:13.631182+00:00,4
2026-02-25 14:30:00,QQQ,611.11,615.89,611.0,614.35,17420062.0,IBKR_TRADES,RTH,split_adjusted,traded_shares,2026-09-09T00:39:13.631182+00:00,4
2026-02-25 16:00:00,QQQ,614.34,616.36,614.05,616.13,14424780.0,IBKR_TRADES,RTH,split_adjusted,traded_shares,2026-09-09T00:39:13.631182+00:00,4
2026-02-25 20:00:00,QQQ,616.13,616.83,615.75,616.52,9016691.0,IBKR_TRADES,RTH,split_adjusted,traded_shares,2026-09-09T00:39:13.631182+00:00,4
2026-02-26 14:30:00,QQQ,615.56,615.59,603.98,607.3,36179940.0,IBKR_TRADES,RTH,split_adjusted,traded_shares,2026-09-09T00:39:13.631182+00:00,4
2026-02-26 16:00:00,QQQ,607.3,609.67,604.54,608.8,30436941.0,IBKR_TRADES,RTH,split_adjusted,traded_shares,2026-09-09T00:39:13.631182+00:00,4
2026-02-26 20:00:00,QQQ,608.79,609.55,607.87,609.26,7714803.0,IBKR_TRADES,RTH,split_adjusted,traded_shares,2026-09-09T00:39:13.631182+00:00,4
2026-02-27 14:30:00,QQQ,602.98,607.9,602.19,607.07,19654487.0,IBKR_TRADES,RTH,split_adjusted,traded_shares,2026-09-09T00:39:13.631182+00:00,4
2026-02-27 16:00:00,QQQ,607.08,608.32,604.42,604.93,22398365.0,IBKR_TRADES,RTH,split_adjusted,traded_shares,2026-09-09T00:39:13.631182+00:00,4
2026-02-27 20:00:00,QQQ,604.89,608.03,604.87,607.42,11914024.0,IBKR_TRADES,RTH,split_adjusted,traded_shares,2026-09-09T00:39:13.631182+00:00,4
2026-03-02 14:30:00,QQQ,598.88,606.48,597.99,605.69,21095967.0,IBKR_TRADES,RTH,split_adjusted,traded_shares,2026-09-09T00:39:13.631182+00:00,4
2026-03-02 16:00:00,QQQ,605.68,609.92,603.95,609.51,26573712.0,IBKR_TRADES,RTH,split_adjusted,traded_shares,2026-09-09T00:39:13.631182+00:00,4
2026-03-02 20:00:00,QQQ,609.5,609.7,606.26,608.07,14183792.0,IBKR_TRADES,RTH,split_adjusted,traded_shares,2026-09-09T00:39:13.631182+00:00,4
2026-03-03 14:30:00,QQQ,596.33,599.39,591.87,594.17,28533712.0,IBKR_TRADES,RTH,split_adjusted,traded_shares,2026-09-09T00:39:13.631182+00:00,4
2026-03-03 16:00:00,QQQ,594.19,603.96,593.93,602.42,39513811.0,IBKR_TRADES,RTH,split_adjusted,traded_shares,2026-09-09T00:39:13.631182+00:00,4
2026-03-03 20:00:00,QQQ,602.45,603.23,600.72,601.67,8934213.0,IBKR_TRADES,RTH,split_adjusted,traded_shares,2026-09-09T00:39:13.631182+00:00,4
2026-03-04 14:30:00,QQQ,604.16,611.18,603.43,610.71,22917553.0,IBKR_TRADES,RTH,split_adjusted,traded_shares,2026-09-09T00:39:13.631182+00:00,4
2026-03-04 16:00:00,QQQ,610.7,612.88,608.9,612.23,23738870.0,IBKR_TRADES,RTH,split_adjusted,traded_shares,2026-09-09T00:39:13.631182+00:00,4
2026-03-04 20:00:00,QQQ,612.22,612.36,610.42,610.59,8640023.0,IBKR_TRADES,RTH,split_adjusted,traded_shares,2026-09-09T00:39:13.631182+00:00,4
2026-03-05 14:30:00,QQQ,607.39,612.76,606.07,609.7,22106879.0,IBKR_TRADES,RTH,split_adjusted,traded_shares,2026-09-09T00:39:13.631182+00:00,4
2026-03-05 16:00:00,QQQ,609.7,610.69,602.26,604.27,37711050.0,IBKR_TRADES,RTH,split_adjusted,traded_shares,2026-09-09T00:39:13.631182+00:00,4
2026-03-05 20:00:00,QQQ,604.29,609.12,603.53,608.9,14521953.0,IBKR_TRADES,RTH,split_adjusted,traded_shares,2026-09-09T00:39:13.631182+00:00,4
2026-03-06 14:30:00,QQQ,600.31,605.34,598.54,604.51,23233874.0,IBKR_TRADES,RTH,split_adjusted,traded_shares,2026-09-09T00:39:13.631182+00:00,4
2026-03-06 16:00:00,QQQ,604.5,606.0,601.73,603.27,30978565.0,IBKR_TRADES,RTH,split_adjusted,traded_shares,2026-09-09T00:39:13.631182+00:00,4
2026-03-06 20:00:00,QQQ,603.26,604.35,598.33,599.81,14865634.0,IBKR_TRADES,RTH,split_adjusted,traded_shares,2026-09-09T00:39:13.631182+00:00,4
2026-03-09 13:30:00,QQQ,594.24,599.67,591.33,599.3,31048609.0,IBKR_TRADES,RTH,split_adjusted,traded_shares,2026-09-09T00:39:13.631182+00:00,4
2026-03-09 16:00:00,QQQ,599.31,609.27,597.64,607.81,44945060.0,IBKR_TRADES,RTH,split_adjusted,traded_shares,2026-09-09T00:39:13.631182+00:00,4
2026-03-10 13:30:00,QQQ,607.78,612.4,605.42,611.61,21598377.0,IBKR_TRADES,RTH,split_adjusted,traded_shares,2026-09-09T00:39:13.631182+00:00,4
2026-03-10 16:00:00,QQQ,611.6,613.29,606.57,607.65,29464925.0,IBKR_TRADES,RTH,split_adjusted,traded_shares,2026-09-09T00:39:13.631182+00:00,4
2026-03-11 13:30:00,QQQ,608.96,612.43,605.51,606.52,23935470.0,IBKR_TRADES,RTH,split_adjusted,traded_shares,2026-09-09T00:39:13.631182+00:00,4
2026-03-11 16:00:00,QQQ,606.52,608.71,605.03,607.73,22163339.0,IBKR_TRADES,RTH,split_adjusted,traded_shares,2026-09-09T00:39:13.631182+00:00,4
2026-03-12 13:30:00,QQQ,602.76,604.14,597.53,600.06,29799653.0,IBKR_TRADES,RTH,split_adjusted,traded_shares,2026-09-09T00:39:13.631182+00:00,4
2026-03-12 16:00:00,QQQ,600.08,601.74,597.05,597.33,27204542.0,IBKR_TRADES,RTH,split_adjusted,traded_shares,2026-09-09T00:39:13.631182+00:00,4
2026-03-13 13:30:00,QQQ,599.76,603.6,593.58,593.98,24249789.0,IBKR_TRADES,RTH,split_adjusted,traded_shares,2026-09-09T00:39:13.631182+00:00,4
2026-03-13 16:00:00,QQQ,593.96,595.92,592.57,593.69,24718444.0,IBKR_TRADES,RTH,split_adjusted,traded_shares,2026-09-09T00:39:13.631182+00:00,4
2026-03-16 13:30:00,QQQ,600.04,602.6,599.13,600.46,16958602.0,IBKR_TRADES,RTH,split_adjusted,traded_shares,2026-09-09T00:39:13.631182+00:00,4
2026-03-16 16:00:00,QQQ,600.46,603.86,599.11,600.31,21068675.0,IBKR_TRADES,RTH,split_adjusted,traded_shares,2026-09-09T00:39:13.631182+00:00,4
2026-03-17 13:30:00,QQQ,603.14,605.9,601.97,602.89,19159774.0,IBKR_TRADES,RTH,split_adjusted,traded_shares,2026-09-09T00:39:13.631182+00:00,4
2026-03-17 16:00:00,QQQ,602.91,604.53,601.87,603.4,16830139.0,IBKR_TRADES,RTH,split_adjusted,traded_shares,2026-09-09T00:39:13.631182+00:00,4
2026-03-18 13:30:00,QQQ,601.49,603.16,598.71,600.78,18215865.0,IBKR_TRADES,RTH,split_adjusted,traded_shares,2026-09-09T00:39:13.631182+00:00,4
2026-03-18 16:00:00,QQQ,600.77,601.17,594.56,594.77,21065077.0,IBKR_TRADES,RTH,split_adjusted,traded_shares,2026-09-09T00:39:13.631182+00:00,4
2026-03-19 13:30:00,QQQ,589.51,593.13,587.08,590.68,26628925.0,IBKR_TRADES,RTH,split_adjusted,traded_shares,2026-09-09T00:39:13.631182+00:00,4
2026-03-19 16:00:00,QQQ,590.67,595.8,588.37,592.99,30847424.999999996,IBKR_TRADES,RTH,split_adjusted,traded_shares,2026-09-09T00:39:13.631182+00:00,4
2026-03-20 13:30:00,QQQ,591.1,591.17,584.97,586.91,25813170.0,IBKR_TRADES,RTH,split_adjusted,traded_shares,2026-09-09T00:39:13.631182+00:00,4
2026-03-20 16:00:00,QQQ,586.91,587.94,578.54,582.07,34717454.0,IBKR_TRADES,RTH,split_adjusted,traded_shares,2026-09-09T00:39:13.631182+00:00,4
2026-03-23 13:30:00,QQQ,590.52,595.08,587.49,587.73,30215739.0,IBKR_TRADES,RTH,split_adjusted,traded_shares,2026-09-09T00:39:13.631182+00:00,4
2026-03-23 16:00:00,QQQ,587.73,591.51,585.96,588.18,35218499.0,IBKR_TRADES,RTH,split_adjusted,traded_shares,2026-09-09T00:39:13.631182+00:00,4
2026-03-24 13:30:00,QQQ,584.81,587.93,581.93,585.77,20780340.0,IBKR_TRADES,RTH,split_adjusted,traded_shares,2026-09-09T00:39:13.631182+00:00,4
2026-03-24 16:00:00,QQQ,585.74,587.04,582.59,583.9,21248442.0,IBKR_TRADES,RTH,split_adjusted,traded_shares,2026-09-09T00:39:13.631182+00:00,4
2026-03-25 13:30:00,QQQ,589.14,591.37,585.69,587.86,25804049.0,IBKR_TRADES,RTH,split_adjusted,traded_shares,2026-09-09T00:39:13.631182+00:00,4
2026-03-25 16:00:00,QQQ,587.84,590.57,586.26,587.73,20595745.0,IBKR_TRADES,RTH,split_adjusted,traded_shares,2026-09-09T00:39:13.631182+00:00,4
2026-03-26 13:30:00,QQQ,582.61,584.63,579.85,581.07,27665363.0,IBKR_TRADES,RTH,split_adjusted,traded_shares,2026-09-09T00:39:13.631182+00:00,4
2026-03-26 16:00:00,QQQ,581.06,581.29,573.43,573.69,35664112.0,IBKR_TRADES,RTH,split_adjusted,traded_shares,2026-09-09T00:39:13.631182+00:00,4
2026-03-27 13:30:00,QQQ,570.8,571.02,565.66,568.29,30319053.000000004,IBKR_TRADES,RTH,split_adjusted,traded_shares,2026-09-09T00:39:13.631182+00:00,4
2026-03-27 16:00:00,QQQ,568.3,568.46,561.57,562.5,33926252.0,IBKR_TRADES,RTH,split_adjusted,traded_shares,2026-09-09T00:39:13.631182+00:00,4
2026-03-30 13:30:00,QQQ,567.38,568.05,561.37,564.06,25205268.0,IBKR_TRADES,RTH,split_adjusted,traded_shares,2026-09-09T00:39:13.631182+00:00,4
2026-03-30 16:00:00,QQQ,564.05,564.18,555.6,558.29,29857613.0,IBKR_TRADES,RTH,split_adjusted,traded_shares,2026-09-09T00:39:13.631182+00:00,4
2026-03-31 13:30:00,QQQ,564.29,569.21,564.21,565.86,27184472.0,IBKR_TRADES,RTH,split_adjusted,traded_shares,2026-09-09T00:39:13.631182+00:00,4
2026-03-31 16:00:00,QQQ,565.86,578.64,565.61,577.14,45989918.0,IBKR_TRADES,RTH,split_adjusted,traded_shares,2026-09-09T00:39:13.631182+00:00,4
2026-04-01 13:30:00,QQQ,581.49,587.18,580.42,586.88,26289863.0,IBKR_TRADES,RTH,split_adjusted,traded_shares,2026-09-09T00:39:13.631182+00:00,4
2026-04-01 16:00:00,QQQ,586.88,587.74,582.32,584.36,36123120.0,IBKR_TRADES,RTH,split_adjusted,traded_shares,2026-09-09T00:39:13.631182+00:00,4
2026-04-02 13:30:00,QQQ,573.97,586.05,571.92,582.87,25916555.0,IBKR_TRADES,RTH,split_adjusted,traded_shares,2026-09-09T00:39:13.631182+00:00,4
2026-04-02 16:00:00,QQQ,582.84,585.09,580.97,585.0,15296808.000000002,IBKR_TRADES,RTH,split_adjusted,traded_shares,2026-09-09T00:39:13.631182+00:00,4
2026-04-06 13:30:00,QQQ,586.21,590.61,585.73,587.53,14294200.0,IBKR_TRADES,RTH,split_adjusted,traded_shares,2026-09-09T00:39:13.631182+00:00,4
2026-04-06 16:00:00,QQQ,587.56,588.83,584.69,588.52,12029499.0,IBKR_TRADES,RTH,split_adjusted,traded_shares,2026-09-09T00:39:13.631182+00:00,4
2026-04-07 13:30:00,QQQ,585.63,587.06,578.4,582.4,15683463.0,IBKR_TRADES,RTH,split_adjusted,traded_shares,2026-09-09T00:39:13.631182+00:00,4
2026-04-07 16:00:00,QQQ,582.46,588.98,581.66,588.69,19429154.0,IBKR_TRADES,RTH,split_adjusted,traded_shares,2026-09-09T00:39:13.631182+00:00,4
2026-04-08 13:30:00,QQQ,608.71,609.9,602.12,605.79,23481666.0,IBKR_TRADES,RTH,split_adjusted,traded_shares,2026-09-09T00:39:13.631182+00:00,4
2026-04-08 16:00:00,QQQ,605.78,607.71,602.55,605.88,20272187.0,IBKR_TRADES,RTH,split_adjusted,traded_shares,2026-09-09T00:39:13.631182+00:00,4
2026-04-09 13:30:00,QQQ,605.93,608.76,603.03,608.57,13560040.0,IBKR_TRADES,RTH,split_adjusted,traded_shares,2026-09-09T00:39:13.631182+00:00,4
2026-04-09 16:00:00,QQQ,608.57,610.5,607.5,610.04,15185652.0,IBKR_TRADES,RTH,split_adjusted,traded_shares,2026-09-09T00:39:13.631182+00:00,4
2026-04-10 13:30:00,QQQ,611.82,613.67,610.14,610.6,11910198.0,IBKR_TRADES,RTH,split_adjusted,traded_shares,2026-09-09T00:39:13.631182+00:00,4
2026-04-10 16:00:00,QQQ,610.61,611.5,609.58,611.02,11249611.0,IBKR_TRADES,RTH,split_adjusted,traded_shares,2026-09-09T00:39:13.631182+00:00,4
2026-04-13 13:30:00,QQQ,609.47,612.88,608.11,611.69,10397810.0,IBKR_TRADES,RTH,split_adjusted,traded_shares,2026-09-09T00:39:13.631182+00:00,4
2026-04-13 16:00:00,QQQ,611.7,626.74,611.07,617.32,12768991.0,IBKR_TRADES,RTH,split_adjusted,traded_shares,2026-09-09T00:39:13.631182+00:00,4
2026-04-14 13:30:00,QQQ,620.23,626.11,620.1,625.44,16821073.0,IBKR_TRADES,RTH,split_adjusted,traded_shares,2026-09-09T00:39:13.631182+00:00,4
2026-04-14 16:00:00,QQQ,625.43,628.6,625.38,628.57,18348879.0,IBKR_TRADES,RTH,split_adjusted,traded_shares,2026-09-09T00:39:13.631182+00:00,4
2026-04-15 13:30:00,QQQ,629.08,633.74,628.2,633.27,14519047.0,IBKR_TRADES,RTH,split_adjusted,traded_shares,2026-09-09T00:39:13.631182+00:00,4
2026-04-15 16:00:00,QQQ,633.28,637.83,630.95,637.37,21849451.0,IBKR_TRADES,RTH,split_adjusted,traded_shares,2026-09-09T00:39:13.631182+00:00,4
2026-04-16 13:30:00,QQQ,639.24,641.67,635.25,641.53,13120133.0,IBKR_TRADES,RTH,split_adjusted,traded_shares,2026-09-09T00:39:13.631182+00:00,4
2026-04-16 16:00:00,QQQ,641.51,642.18,637.2,640.41,15415729.000000002,IBKR_TRADES,RTH,split_adjusted,traded_shares,2026-09-09T00:39:13.631182+00:00,4
2026-04-17 13:30:00,QQQ,645.53,649.9,644.07,648.15,16937434.0,IBKR_TRADES,RTH,split_adjusted,traded_shares,2026-09-09T00:39:13.631182+00:00,4
2026-04-17 16:00:00,QQQ,648.15,650.0,646.48,648.73,15942041.000000002,IBKR_TRADES,RTH,split_adjusted,traded_shares,2026-09-09T00:39:13.631182+00:00,4
2026-04-20 13:30:00,QQQ,648.04,648.76,642.52,644.67,12937166.0,IBKR_TRADES,RTH,split_adjusted,traded_shares,2026-09-09T00:39:13.631182+00:00,4
2026-04-20 16:00:00,QQQ,644.67,646.95,644.23,646.8,9539916.0,IBKR_TRADES,RTH,split_adjusted,traded_shares,2026-09-09T00:39:13.631182+00:00,4
2026-04-21 13:30:00,QQQ,648.41,650.2,644.88,646.51,12698787.0,IBKR_TRADES,RTH,split_adjusted,traded_shares,2026-09-09T00:39:13.631182+00:00,4
2026-04-21 16:00:00,QQQ,646.58,647.83,642.21,644.28,14768144.0,IBKR_TRADES,RTH,split_adjusted,traded_shares,2026-09-09T00:39:13.631182+00:00,4
2026-04-22 13:30:00,QQQ,650.15,653.23,648.52,652.55,11363946.0,IBKR_TRADES,RTH,split_adjusted,traded_shares,2026-09-09T00:39:13.631182+00:00,4
2026-04-22 16:00:00,QQQ,652.56,655.33,652.03,655.09,12573115.0,IBKR_TRADES,RTH,split_adjusted,traded_shares,2026-09-09T00:39:13.631182+00:00,4
2026-04-23 13:30:00,QQQ,653.49,656.92,652.31,655.41,9276560.0,IBKR_TRADES,RTH,split_adjusted,traded_shares,2026-09-09T00:39:13.631182+00:00,4
2026-04-23 16:00:00,QQQ,655.42,656.02,645.52,651.41,20188676.0,IBKR_TRADES,RTH,split_adjusted,traded_shares,2026-09-09T00:39:13.631182+00:00,4
2026-04-24 13:30:00,QQQ,658.51,663.44,656.53,662.94,15011640.0,IBKR_TRADES,RTH,split_adjusted,traded_shares,2026-09-09T00:39:13.631182+00:00,4
2026-04-24 16:00:00,QQQ,662.91,664.51,662.06,663.93,13518063.0,IBKR_TRADES,RTH,split_adjusted,traded_shares,2026-09-09T00:39:13.631182+00:00,4
2026-04-27 13:30:00,QQQ,663.4,663.95,660.69,662.34,11726519.0,IBKR_TRADES,RTH,split_adjusted,traded_shares,2026-09-09T00:39:13.631182+00:00,4
2026-04-27 16:00:00,QQQ,662.39,664.43,661.9,664.28,8577566.0,IBKR_TRADES,RTH,split_adjusted,traded_shares,2026-09-09T00:39:13.631182+00:00,4
2026-04-28 13:30:00,QQQ,657.46,659.64,653.81,654.86,12823379.0,IBKR_TRADES,RTH,split_adjusted,traded_shares,2026-09-09T00:39:13.631182+00:00,4
2026-04-28 16:00:00,QQQ,654.88,658.97,654.25,657.57,9865318.0,IBKR_TRADES,RTH,split_adjusted,traded_shares,2026-09-09T00:39:13.631182+00:00,4
2026-04-29 13:30:00,QQQ,658.62,661.23,656.58,659.37,8526922.0,IBKR_TRADES,RTH,split_adjusted,traded_shares,2026-09-09T00:39:13.631182+00:00,4
2026-04-29 16:00:00,QQQ,659.36,661.72,657.28,661.61,11917005.0,IBKR_TRADES,RTH,split_adjusted,traded_shares,2026-09-09T00:39:13.631182+00:00,4
2026-04-30 13:30:00,QQQ,665.46,665.48,657.56,662.97,14185154.0,IBKR_TRADES,RTH,split_adjusted,traded_shares,2026-09-09T00:39:13.631182+00:00,4
2026-04-30 16:00:00,QQQ,662.99,668.9,662.03,667.6,13700996.0,IBKR_TRADES,RTH,split_adjusted,traded_shares,2026-09-09T00:39:13.631182+00:00,4
2026-05-01 13:30:00,QQQ,669.14,675.97,668.8,675.36,15467285.0,IBKR_TRADES,RTH,split_adjusted,traded_shares,2026-09-09T00:39:13.631182+00:00,4
2026-05-01 16:00:00,QQQ,675.35,675.66,673.09,674.16,11866569.0,IBKR_TRADES,RTH,split_adjusted,traded_shares,2026-09-09T00:39:13.631182+00:00,4
2026-05-04 13:30:00,QQQ,674.66,676.73,670.86,671.78,11464245.0,IBKR_TRADES,RTH,split_adjusted,traded_shares,2026-09-09T00:39:13.631182+00:00,4
2026-05-04 16:00:00,QQQ,671.78,673.79,668.9,672.88,11628430.0,IBKR_TRADES,RTH,split_adjusted,traded_shares,2026-09-09T00:39:13.631182+00:00,4
2026-05-05 13:30:00,QQQ,677.97,681.81,677.51,681.31,10452195.0,IBKR_TRADES,RTH,split_adjusted,traded_shares,2026-09-09T00:39:13.631182+00:00,4
2026-05-05 16:00:00,QQQ,681.32,682.78,680.42,681.53,8817673.0,IBKR_TRADES,RTH,split_adjusted,traded_shares,2026-09-09T00:39:13.631182+00:00,4
2026-05-06 13:30:00,QQQ,687.75,692.47,686.48,691.88,13094385.0,IBKR_TRADES,RTH,split_adjusted,traded_shares,2026-09-09T00:39:13.631182+00:00,4
2026-05-06 16:00:00,QQQ,691.88,695.93,690.74,695.58,13394532.0,IBKR_TRADES,RTH,split_adjusted,traded_shares,2026-09-09T00:39:13.631182+00:00,4
2026-05-07 13:30:00,QQQ,696.58,701.24,695.54,697.37,12314589.0,IBKR_TRADES,RTH,split_adjusted,traded_shares,2026-09-09T00:39:13.631182+00:00,4
2026-05-07 16:00:00,QQQ,697.36,697.45,691.77,694.93,19788643.0,IBKR_TRADES,RTH,split_adjusted,traded_shares,2026-09-09T00:39:13.631182+00:00,4
2026-05-08 13:30:00,QQQ,699.92,708.03,699.5,707.4,12939611.0,IBKR_TRADES,RTH,split_adjusted,traded_shares,2026-09-09T00:39:13.631182+00:00,4
2026-05-08 16:00:00,QQQ,707.44,711.14,707.4,711.13,14874332.0,IBKR_TRADES,RTH,split_adjusted,traded_shares,2026-09-09T00:39:13.631182+00:00,4
2026-05-11 13:30:00,QQQ,710.34,714.4,708.91,714.18,11779591.0,IBKR_TRADES,RTH,split_adjusted,traded_shares,2026-09-09T00:39:13.631182+00:00,4
2026-05-11 16:00:00,QQQ,714.19,714.59,711.87,713.36,12526920.0,IBKR_TRADES,RTH,split_adjusted,traded_shares,2026-09-09T00:39:13.631182+00:00,4
2026-05-12 13:30:00,QQQ,708.2,710.18,698.8,699.03,15372231.0,IBKR_TRADES,RTH,split_adjusted,traded_shares,2026-09-09T00:39:13.631182+00:00,4
2026-05-12 16:00:00,QQQ,699.04,707.56,696.64,707.21,16761091.0,IBKR_TRADES,RTH,split_adjusted,traded_shares,2026-09-09T00:39:13.631182+00:00,4
2026-05-13 13:30:00,QQQ,709.97,712.36,704.83,710.55,12391800.0,IBKR_TRADES,RTH,split_adjusted,traded_shares,2026-09-09T00:39:13.631182+00:00,4
2026-05-13 16:00:00,QQQ,710.53,716.65,710.3,714.47,12926048.0,IBKR_TRADES,RTH,split_adjusted,traded_shares,2026-09-09T00:39:13.631182+00:00,4
2026-05-14 13:30:00,QQQ,714.62,721.81,714.22,721.39,12409351.0,IBKR_TRADES,RTH,split_adjusted,traded_shares,2026-09-09T00:39:13.631182+00:00,4
2026-05-14 16:00:00,QQQ,721.4,722.03,717.56,719.72,11978028.0,IBKR_TRADES,RTH,split_adjusted,traded_shares,2026-09-09T00:39:13.631182+00:00,4
2026-05-15 13:30:00,QQQ,710.15,712.67,705.55,710.16,15321636.999999998,IBKR_TRADES,RTH,split_adjusted,traded_shares,2026-09-09T00:39:13.631182+00:00,4
2026-05-15 16:00:00,QQQ,710.23,715.13,708.38,708.9,14498951.0,IBKR_TRADES,RTH,split_adjusted,traded_shares,2026-09-09T00:39:13.631182+00:00,4
2026-05-18 13:30:00,QQQ,711.54,712.07,701.94,703.28,15714104.999999998,IBKR_TRADES,RTH,split_adjusted,traded_shares,2026-09-09T00:39:13.631182+00:00,4
2026-05-18 16:00:00,QQQ,703.31,706.16,698.85,705.71,18602286.0,IBKR_TRADES,RTH,split_adjusted,traded_shares,2026-09-09T00:39:13.631182+00:00,4
2026-05-19 13:30:00,QQQ,699.84,705.13,695.25,699.0,18120051.0,IBKR_TRADES,RTH,split_adjusted,traded_shares,2026-09-09T00:39:13.631182+00:00,4
2026-05-19 16:00:00,QQQ,698.99,706.49,698.42,701.54,17422690.0,IBKR_TRADES,RTH,split_adjusted,traded_shares,2026-09-09T00:39:13.631182+00:00,4
2026-05-20 13:30:00,QQQ,705.29,713.13,703.79,711.57,13252217.0,IBKR_TRADES,RTH,split_adjusted,traded_shares,2026-09-09T00:39:13.631182+00:00,4
2026-05-20 16:00:00,QQQ,711.61,713.12,708.61,713.07,11582809.0,IBKR_TRADES,RTH,split_adjusted,traded_shares,2026-09-09T00:39:13.631182+00:00,4
2026-05-21 13:30:00,QQQ,708.99,711.89,706.77,710.17,12032968.0,IBKR_TRADES,RTH,split_adjusted,traded_shares,2026-09-09T00:39:13.631182+00:00,4
2026-05-21 16:00:00,QQQ,710.19,717.12,708.77,714.45,14359569.0,IBKR_TRADES,RTH,split_adjusted,traded_shares,2026-09-09T00:39:13.631182+00:00,4
2026-05-22 13:30:00,QQQ,718.08,721.33,715.95,720.67,10485509.0,IBKR_TRADES,RTH,split_adjusted,traded_shares,2026-09-09T00:39:13.631182+00:00,4
2026-05-22 16:00:00,QQQ,720.68,722.12,716.92,717.43,11754596.0,IBKR_TRADES,RTH,split_adjusted,traded_shares,2026-09-09T00:39:13.631182+00:00,4
2026-05-26 13:30:00,QQQ,725.96,731.17,724.16,726.57,14052138.0,IBKR_TRADES,RTH,split_adjusted,traded_shares,2026-09-09T00:39:13.631182+00:00,4
2026-05-26 16:00:00,QQQ,726.56,731.02,726.39,730.21,9962218.0,IBKR_TRADES,RTH,split_adjusted,traded_shares,2026-09-09T00:39:13.631182+00:00,4
2026-05-27 13:30:00,QQQ,732.96,733.32,725.44,726.81,15247290.000000002,IBKR_TRADES,RTH,split_adjusted,traded_shares,2026-09-09T00:39:13.631182+00:00,4
2026-05-27 16:00:00,QQQ,726.8,730.07,725.85,729.49,9687475.0,IBKR_TRADES,RTH,split_adjusted,traded_shares,2026-09-09T00:39:13.631182+00:00,4
2026-05-28 13:30:00,QQQ,729.73,735.41,726.41,734.71,12861396.0,IBKR_TRADES,RTH,split_adjusted,traded_shares,2026-09-09T00:39:13.631182+00:00,4
2026-05-28 16:00:00,QQQ,734.72,736.6,734.1,735.54,9287541.0,IBKR_TRADES,RTH,split_adjusted,traded_shares,2026-09-09T00:39:13.631182+00:00,4
2026-05-29 13:30:00,QQQ,737.85,741.63,735.25,737.46,13697170.0,IBKR_TRADES,RTH,split_adjusted,traded_shares,2026-09-09T00:39:13.631182+00:00,4
2026-05-29 16:00:00,QQQ,737.49,739.54,735.78,738.27,10851851.0,IBKR_TRADES,RTH,split_adjusted,traded_shares,2026-09-09T00:39:13.631182+00:00,4
2026-06-01 13:30:00,QQQ,737.05,742.28,735.99,741.04,11721395.0,IBKR_TRADES,RTH,split_adjusted,traded_shares,2026-09-09T00:39:13.631182+00:00,4
2026-06-01 16:00:00,QQQ,741.01,745.65,739.84,742.69,10863251.0,IBKR_TRADES,RTH,split_adjusted,traded_shares,2026-09-09T00:39:13.631182+00:00,4
2026-06-02 13:30:00,QQQ,742.4,745.89,739.23,745.71,10611654.0,IBKR_TRADES,RTH,split_adjusted,traded_shares,2026-09-09T00:39:13.631182+00:00,4
2026-06-02 16:00:00,QQQ,745.69,746.44,743.5,746.16,9109466.0,IBKR_TRADES,RTH,split_adjusted,traded_shares,2026-09-09T00:39:13.631182+00:00,4
2026-06-03 13:30:00,QQQ,747.31,748.65,741.01,743.66,15206590.999999998,IBKR_TRADES,RTH,split_adjusted,traded_shares,2026-09-09T00:39:13.631182+00:00,4
2026-06-03 16:00:00,QQQ,743.7,745.76,741.27,744.24,12346540.0,IBKR_TRADES,RTH,split_adjusted,traded_shares,2026-09-09T00:39:13.631182+00:00,4
2026-06-04 13:30:00,QQQ,735.48,740.27,732.62,738.94,14095584.0,IBKR_TRADES,RTH,split_adjusted,traded_shares,2026-09-09T00:39:13.631182+00:00,4
2026-06-04 16:00:00,QQQ,738.96,743.5,738.48,740.5,11835885.0,IBKR_TRADES,RTH,split_adjusted,traded_shares,2026-09-09T00:39:13.631182+00:00,4
2026-06-05 13:30:00,QQQ,730.06,731.69,719.86,720.99,21584949.0,IBKR_TRADES,RTH,split_adjusted,traded_shares,2026-09-09T00:39:13.631182+00:00,4
2026-06-05 16:00:00,QQQ,720.94,720.99,704.32,705.26,41252911.0,IBKR_TRADES,RTH,split_adjusted,traded_shares,2026-09-09T00:39:13.631182+00:00,4
2026-06-08 13:30:00,QQQ,717.8,723.03,713.07,719.82,16925024.0,IBKR_TRADES,RTH,split_adjusted,traded_shares,2026-09-09T00:39:13.631182+00:00,4
2026-06-08 16:00:00,QQQ,719.89,721.82,714.23,716.04,13604787.0,IBKR_TRADES,RTH,split_adjusted,traded_shares,2026-09-09T00:39:13.631182+00:00,4
2026-06-09 13:30:00,QQQ,722.98,725.66,697.4,697.71,27211559.0,IBKR_TRADES,RTH,split_adjusted,traded_shares,2026-09-09T00:39:13.631182+00:00,4
2026-06-09 16:00:00,QQQ,697.75,708.6,686.37,707.88,42557518.0,IBKR_TRADES,RTH,split_adjusted,traded_shares,2026-09-09T00:39:13.631182+00:00,4
2026-06-10 13:30:00,QQQ,701.66,711.28,696.18,701.69,22413305.0,IBKR_TRADES,RTH,split_adjusted,traded_shares,2026-09-09T00:39:13.631182+00:00,4
2026-06-10 16:00:00,QQQ,701.73,702.64,692.93,693.73,21097314.0,IBKR_TRADES,RTH,split_adjusted,traded_shares,2026-09-09T00:39:13.631182+00:00,4
2026-06-11 13:30:00,QQQ,699.29,706.42,695.0,701.81,18521468.0,IBKR_TRADES,RTH,split_adjusted,traded_shares,2026-09-09T00:39:13.631182+00:00,4
2026-06-11 16:00:00,QQQ,701.78,718.38,697.45,716.44,31288848.999999996,IBKR_TRADES,RTH,split_adjusted,traded_shares,2026-09-09T00:39:13.631182+00:00,4
2026-06-12 13:30:00,QQQ,717.61,724.01,711.28,716.28,19998235.0,IBKR_TRADES,RTH,split_adjusted,traded_shares,2026-09-09T00:39:13.631182+00:00,4
2026-06-12 16:00:00,QQQ,716.26,723.9,715.57,721.3,15429992.000000002,IBKR_TRADES,RTH,split_adjusted,traded_shares,2026-09-09T00:39:13.631182+00:00,4
2026-06-15 13:30:00,QQQ,738.08,744.16,737.38,743.97,13528990.0,IBKR_TRADES,RTH,split_adjusted,traded_shares,2026-09-09T00:39:13.631182+00:00,4
2026-06-15 16:00:00,QQQ,743.98,744.76,742.43,743.84,11166002.0,IBKR_TRADES,RTH,split_adjusted,traded_shares,2026-09-09T00:39:13.631182+00:00,4
2026-06-16 13:30:00,QQQ,742.25,744.22,732.51,733.95,14919097.0,IBKR_TRADES,RTH,split_adjusted,traded_shares,2026-09-09T00:39:13.631182+00:00,4
2026-06-16 16:00:00,QQQ,733.96,736.54,729.64,729.76,15651901.999999998,IBKR_TRADES,RTH,split_adjusted,traded_shares,2026-09-09T00:39:13.631182+00:00,4
2026-06-17 13:30:00,QQQ,735.2,735.68,729.56,733.43,10064883.0,IBKR_TRADES,RTH,split_adjusted,traded_shares,2026-09-09T00:39:13.631182+00:00,4
2026-06-17 16:00:00,QQQ,733.46,735.38,720.85,722.4,23275025.0,IBKR_TRADES,RTH,split_adjusted,traded_shares,2026-09-09T00:39:13.631182+00:00,4
2026-06-18 13:30:00,QQQ,737.2,739.14,732.51,738.3,13752901.0,IBKR_TRADES,RTH,split_adjusted,traded_shares,2026-09-09T00:39:13.631182+00:00,4
2026-06-18 16:00:00,QQQ,738.28,741.82,737.98,740.02,12595567.0,IBKR_TRADES,RTH,split_adjusted,traded_shares,2026-09-09T00:39:13.631182+00:00,4
2026-06-22 13:30:00,QQQ,742.02,745.45,735.35,735.74,11380109.0,IBKR_TRADES,RTH,split_adjusted,traded_shares,2026-09-09T00:39:13.631182+00:00,4
2026-06-22 16:00:00,QQQ,735.74,738.51,734.39,737.98,10544771.0,IBKR_TRADES,RTH,split_adjusted,traded_shares,2026-09-09T00:39:13.631182+00:00,4
2026-06-23 13:30:00,QQQ,715.74,723.61,713.28,717.53,16734899.0,IBKR_TRADES,RTH,split_adjusted,traded_shares,2026-09-09T00:39:13.631182+00:00,4
2026-06-23 16:00:00,QQQ,717.54,720.3,712.11,713.69,18810847.0,IBKR_TRADES,RTH,split_adjusted,traded_shares,2026-09-09T00:39:13.631182+00:00,4
2026-06-24 13:30:00,QQQ,715.4,719.93,710.88,716.3,12417563.0,IBKR_TRADES,RTH,split_adjusted,traded_shares,2026-09-09T00:39:13.631182+00:00,4
2026-06-24 16:00:00,QQQ,716.34,717.5,704.45,710.63,17763259.0,IBKR_TRADES,RTH,split_adjusted,traded_shares,2026-09-09T00:39:13.631182+00:00,4
2026-06-25 13:30:00,QQQ,725.9,726.83,705.3,714.05,21231446.0,IBKR_TRADES,RTH,split_adjusted,traded_shares,2026-09-09T00:39:13.631182+00:00,4
2026-06-25 16:00:00,QQQ,714.05,719.6,712.3,716.27,14542031.0,IBKR_TRADES,RTH,split_adjusted,traded_shares,2026-09-09T00:39:13.631182+00:00,4
2026-06-26 13:30:00,QQQ,707.13,715.56,702.81,713.21,13705125.0,IBKR_TRADES,RTH,split_adjusted,traded_shares,2026-09-09T00:39:13.631182+00:00,4
2026-06-26 16:00:00,QQQ,713.25,715.17,705.1,705.88,11967934.0,IBKR_TRADES,RTH,split_adjusted,traded_shares,2026-09-09T00:39:13.631182+00:00,4
2026-06-29 13:30:00,QQQ,713.98,719.06,705.17,718.95,16647947.0,IBKR_TRADES,RTH,split_adjusted,traded_shares,2026-09-09T00:39:13.631182+00:00,4
2026-06-29 16:00:00,QQQ,718.92,724.58,718.78,723.96,12958183.0,IBKR_TRADES,RTH,split_adjusted,traded_shares,2026-09-09T00:39:13.631182+00:00,4
2026-06-30 13:30:00,QQQ,724.18,734.72,723.91,734.23,11691035.0,IBKR_TRADES,RTH,split_adjusted,traded_shares,2026-09-09T00:39:13.631182+00:00,4
2026-06-30 16:00:00,QQQ,734.22,737.62,734.03,735.76,14632254.0,IBKR_TRADES,RTH,split_adjusted,traded_shares,2026-09-09T00:39:13.631182+00:00,4
2026-07-01 13:30:00,QQQ,729.18,731.92,725.52,729.54,13447321.0,IBKR_TRADES,RTH,split_adjusted,traded_shares,2026-09-09T00:39:13.631182+00:00,4
2026-07-01 16:00:00,QQQ,729.46,730.17,724.6,725.15,12350457.0,IBKR_TRADES,RTH,split_adjusted,traded_shares,2026-09-09T00:39:13.631182+00:00,4
2026-07-02 13:30:00,QQQ,725.56,730.83,714.28,715.87,16123932.999999998,IBKR_TRADES,RTH,split_adjusted,traded_shares,2026-09-09T00:39:13.631182+00:00,4
2026-07-02 16:00:00,QQQ,715.92,716.16,707.56,712.72,17645229.0,IBKR_TRADES,RTH,split_adjusted,traded_shares,2026-09-09T00:39:13.631182+00:00,4
2026-07-06 13:30:00,QQQ,719.84,725.84,718.45,725.58,10786461.0,IBKR_TRADES,RTH,split_adjusted,traded_shares,2026-09-09T00:39:13.631182+00:00,4
2026-07-06 16:00:00,QQQ,725.57,726.08,721.02,722.63,10110372.0,IBKR_TRADES,RTH,split_adjusted,traded_shares,2026-09-09T00:39:13.631182+00:00,4
2026-07-07 13:30:00,QQQ,714.17,716.35,704.9,709.2,15222032.999999998,IBKR_TRADES,RTH,split_adjusted,traded_shares,2026-09-09T00:39:13.631182+00:00,4
2026-07-07 16:00:00,QQQ,709.21,713.87,706.41,709.42,13760693.0,IBKR_TRADES,RTH,split_adjusted,traded_shares,2026-09-09T00:39:13.631182+00:00,4
2026-07-08 13:30:00,QQQ,704.95,709.8,700.91,702.41,13634741.0,IBKR_TRADES,RTH,split_adjusted,traded_shares,2026-09-09T00:39:13.631182+00:00,4
2026-07-08 16:00:00,QQQ,702.51,712.26,702.34,711.28,11087767.0,IBKR_TRADES,RTH,split_adjusted,traded_shares,2026-09-09T00:39:13.631182+00:00,4
2026-07-09 13:30:00,QQQ,718.33,722.75,715.12,721.66,12059740.0,IBKR_TRADES,RTH,split_adjusted,traded_shares,2026-09-09T00:39:13.631182+00:00,4
2026-07-09 16:00:00,QQQ,721.66,724.23,721.12,723.19,9234086.0,IBKR_TRADES,RTH,split_adjusted,traded_shares,2026-09-09T00:39:13.631182+00:00,4
2026-07-10 13:30:00,QQQ,720.7,724.34,717.0,723.24,10311524.0,IBKR_TRADES,RTH,split_adjusted,traded_shares,2026-09-09T00:39:13.631182+00:00,4
2026-07-10 16:00:00,QQQ,723.29,726.39,723.29,725.54,7822675.999999999,IBKR_TRADES,RTH,split_adjusted,traded_shares,2026-09-09T00:39:13.631182+00:00,4
2026-07-13 13:30:00,QQQ,717.72,718.74,712.56,715.36,11373065.0,IBKR_TRADES,RTH,split_adjusted,traded_shares,2026-09-09T00:39:13.631182+00:00,4
2026-07-13 16:00:00,QQQ,715.33,715.98,710.08,711.77,13668285.0,IBKR_TRADES,RTH,split_adjusted,traded_shares,2026-09-09T00:39:13.631182+00:00,4
2026-07-14 13:30:00,QQQ,720.22,722.29,714.34,719.65,10476158.0,IBKR_TRADES,RTH,split_adjusted,traded_shares,2026-09-09T00:39:13.631182+00:00,4
2026-07-14 16:00:00,QQQ,719.73,721.87,717.72,719.68,7410705.0,IBKR_TRADES,RTH,split_adjusted,traded_shares,2026-09-09T00:39:13.631182+00:00,4
2026-07-15 13:30:00,QQQ,723.85,724.36,713.58,714.74,10154169.0,IBKR_TRADES,RTH,split_adjusted,traded_shares,2026-09-09T00:39:13.631182+00:00,4
2026-07-15 16:00:00,QQQ,714.71,718.59,710.23,717.7,12152531.0,IBKR_TRADES,RTH,split_adjusted,traded_shares,2026-09-09T00:39:13.631182+00:00,4
2026-07-16 13:30:00,QQQ,712.01,713.6,707.0,710.22,9579441.0,IBKR_TRADES,RTH,split_adjusted,traded_shares,2026-09-09T00:39:13.631182+00:00,4
2026-07-16 16:00:00,QQQ,710.25,710.3,702.61,706.02,14750515.0,IBKR_TRADES,RTH,split_adjusted,traded_shares,2026-09-09T00:39:13.631182+00:00,4
2026-07-17 13:30:00,QQQ,691.54,699.87,686.76,699.49,17656085.0,IBKR_TRADES,RTH,split_adjusted,traded_shares,2026-09-09T00:39:13.631182+00:00,4
2026-07-17 16:00:00,QQQ,699.49,702.3,694.22,695.3,14090292.0,IBKR_TRADES,RTH,split_adjusted,traded_shares,2026-09-09T00:39:13.631182+00:00,4
2026-07-20 13:30:00,QQQ,702.17,705.8,698.08,702.38,9689996.0,IBKR_TRADES,RTH,split_adjusted,traded_shares,2026-09-09T00:39:13.631182+00:00,4
2026-07-20 16:00:00,QQQ,702.41,704.02,695.51,695.99,10303031.0,IBKR_TRADES,RTH,split_adjusted,traded_shares,2026-09-09T00:39:13.631182+00:00,4
2026-07-21 13:30:00,QQQ,706.59,708.99,702.8,707.52,8834790.0,IBKR_TRADES,RTH,split_adjusted,traded_shares,2026-09-09T00:39:13.631182+00:00,4
2026-07-21 16:00:00,QQQ,707.52,710.05,707.43,708.94,11164056.0,IBKR_TRADES,RTH,split_adjusted,traded_shares,2026-09-09T00:39:13.631182+00:00,4
2026-07-22 13:30:00,QQQ,703.56,709.65,703.56,709.36,8929619.0,IBKR_TRADES,RTH,split_adjusted,traded_shares,2026-09-09T00:39:13.631182+00:00,4
2026-07-22 16:00:00,QQQ,709.37,709.49,705.19,705.22,6274593.0,IBKR_TRADES,RTH,split_adjusted,traded_shares,2026-09-09T00:39:13.631182+00:00,4
2026-07-23 13:30:00,QQQ,694.67,698.66,687.79,691.56,15453017.000000002,IBKR_TRADES,RTH,split_adjusted,traded_shares,2026-09-09T00:39:13.631182+00:00,4
2026-07-23 16:00:00,QQQ,691.59,695.15,688.93,691.99,12068151.0,IBKR_TRADES,RTH,split_adjusted,traded_shares,2026-09-09T00:39:13.631182+00:00,4
2026-07-24 13:30:00,QQQ,690.44,692.45,683.54,691.28,14330584.0,IBKR_TRADES,RTH,split_adjusted,traded_shares,2026-09-09T00:39:13.631182+00:00,4
2026-07-24 16:00:00,QQQ,691.3,692.63,682.48,684.21,14388492.0,IBKR_TRADES,RTH,split_adjusted,traded_shares,2026-09-09T00:39:13.631182+00:00,4
2026-07-27 13:30:00,QQQ,691.68,692.3,675.94,678.88,16909380.0,IBKR_TRADES,RTH,split_adjusted,traded_shares,2026-09-09T00:39:13.631182+00:00,4
2026-07-27 16:00:00,QQQ,678.92,683.6,677.08,682.06,12804324.0,IBKR_TRADES,RTH,split_adjusted,traded_shares,2026-09-09T00:39:13.631182+00:00,4
2026-07-28 13:30:00,QQQ,676.29,678.99,667.88,678.61,20402180.0,IBKR_TRADES,RTH,split_adjusted,traded_shares,2026-09-09T00:39:13.631182+00:00,4
2026-07-28 16:00:00,QQQ,678.63,679.4,675.27,675.51,11503595.0,IBKR_TRADES,RTH,split_adjusted,traded_shares,2026-09-09T00:39:13.631182+00:00,4
2026-07-29 13:30:00,QQQ,675.51,677.46,664.64,665.93,12192799.0,IBKR_TRADES,RTH,split_adjusted,traded_shares,2026-09-09T00:39:13.631182+00:00,4
2026-07-29 16:00:00,QQQ,665.93,680.05,661.14,661.53,25418059.0,IBKR_TRADES,RTH,split_adjusted,traded_shares,2026-09-09T00:39:13.631182+00:00,4
2026-07-30 13:30:00,QQQ,674.75,683.73,673.3,679.79,17980210.0,IBKR_TRADES,RTH,split_adjusted,traded_shares,2026-09-09T00:39:13.631182+00:00,4
2026-07-30 16:00:00,QQQ,679.77,685.12,679.25,683.6,18424603.0,IBKR_TRADES,RTH,split_adjusted,traded_shares,2026-09-09T00:39:13.631182+00:00,4
2026-07-31 13:30:00,QQQ,692.11,695.77,680.05,684.79,19282859.0,IBKR_TRADES,RTH,split_adjusted,traded_shares,2026-09-09T00:39:13.631182+00:00,4
2026-07-31 16:00:00,QQQ,684.75,690.88,684.02,687.92,13500186.0,IBKR_TRADES,RTH,split_adjusted,traded_shares,2026-09-09T00:39:13.631182+00:00,4
2026-08-03 13:30:00,QQQ,688.3,697.87,685.82,697.38,13494562.0,IBKR_TRADES,RTH,split_adjusted,traded_shares,2026-09-09T00:39:13.631182+00:00,4
2026-08-03 16:00:00,QQQ,697.44,701.59,697.34,700.06,14622299.0,IBKR_TRADES,RTH,split_adjusted,traded_shares,2026-09-09T00:39:13.631182+00:00,4
2026-08-04 13:30:00,QQQ,708.21,719.4,707.53,718.8,16868087.0,IBKR_TRADES,RTH,split_adjusted,traded_shares,2026-09-09T00:39:13.631182+00:00,4
2026-08-04 16:00:00,QQQ,718.79,725.66,718.56,723.71,18131203.0,IBKR_TRADES,RTH,split_adjusted,traded_shares,2026-09-09T00:39:13.631182+00:00,4
2026-08-05 13:30:00,QQQ,726.23,728.54,719.77,720.37,12619949.0,IBKR_TRADES,RTH,split_adjusted,traded_shares,2026-09-09T00:39:13.631182+00:00,4
2026-08-05 16:00:00,QQQ,720.38,722.88,716.92,717.24,9157329.0,IBKR_TRADES,RTH,split_adjusted,traded_shares,2026-09-09T00:39:13.631182+00:00,4
2026-08-06 13:30:00,QQQ,710.76,719.32,708.5,715.17,12317562.0,IBKR_TRADES,RTH,split_adjusted,traded_shares,2026-09-09T00:39:13.631182+00:00,4
2026-08-06 16:00:00,QQQ,715.17,716.58,713.53,714.57,10778444.0,IBKR_TRADES,RTH,split_adjusted,traded_shares,2026-09-09T00:39:13.631182+00:00,4
2026-08-07 13:30:00,QQQ,720.15,723.5,716.51,722.5,11727377.0,IBKR_TRADES,RTH,split_adjusted,traded_shares,2026-09-09T00:39:13.631182+00:00,4
2026-08-07 16:00:00,QQQ,722.53,723.63,719.05,722.98,10592527.0,IBKR_TRADES,RTH,split_adjusted,traded_shares,2026-09-09T00:39:13.631182+00:00,4
2026-08-10 13:30:00,QQQ,722.39,724.67,720.34,723.32,8620477.0,IBKR_TRADES,RTH,split_adjusted,traded_shares,2026-09-09T00:39:13.631182+00:00,4
2026-08-10 16:00:00,QQQ,723.33,723.65,720.33,720.81,8754385.0,IBKR_TRADES,RTH,split_adjusted,traded_shares,2026-09-09T00:39:13.631182+00:00,4
2026-08-11 13:30:00,QQQ,723.29,723.38,718.4,719.07,8278708.000000001,IBKR_TRADES,RTH,split_adjusted,traded_shares,2026-09-09T00:39:13.631182+00:00,4
2026-08-11 16:00:00,QQQ,719.06,719.46,715.5,718.33,11085674.0,IBKR_TRADES,RTH,split_adjusted,traded_shares,2026-09-09T00:39:13.631182+00:00,4
2026-08-12 13:30:00,QQQ,727.08,727.25,722.92,723.24,9712133.0,IBKR_TRADES,RTH,split_adjusted,traded_shares,2026-09-09T00:39:13.631182+00:00,4
2026-08-12 16:00:00,QQQ,723.24,725.56,723.03,723.64,7582863.0,IBKR_TRADES,RTH,split_adjusted,traded_shares,2026-09-09T00:39:13.631182+00:00,4
2026-08-13 13:30:00,QQQ,725.15,733.76,724.03,730.14,13386386.0,IBKR_TRADES,RTH,split_adjusted,traded_shares,2026-09-09T00:39:13.631182+00:00,4
2026-08-13 16:00:00,QQQ,730.15,733.96,730.11,732.06,8007497.0,IBKR_TRADES,RTH,split_adjusted,traded_shares,2026-09-09T00:39:13.631182+00:00,4
2026-08-14 13:30:00,QQQ,733.41,734.39,728.32,729.23,7850351.000000001,IBKR_TRADES,RTH,split_adjusted,traded_shares,2026-09-09T00:39:13.631182+00:00,4
2026-08-14 16:00:00,QQQ,729.22,731.13,728.75,731.07,8335382.999999999,IBKR_TRADES,RTH,split_adjusted,traded_shares,2026-09-09T00:39:13.631182+00:00,4
2026-08-17 13:30:00,QQQ,732.93,734.58,731.51,733.5,8588727.0,IBKR_TRADES,RTH,split_adjusted,traded_shares,2026-09-09T00:39:13.631182+00:00,4
2026-08-17 16:00:00,QQQ,733.47,733.55,729.27,729.85,9920868.0,IBKR_TRADES,RTH,split_adjusted,traded_shares,2026-09-09T00:39:13.631182+00:00,4
2026-08-18 13:30:00,QQQ,720.22,722.13,715.92,718.87,16565357.999999998,IBKR_TRADES,RTH,split_adjusted,traded_shares,2026-09-09T00:39:13.631182+00:00,4
2026-08-18 16:00:00,QQQ,718.88,719.67,716.69,717.61,15103874.0,IBKR_TRADES,RTH,split_adjusted,traded_shares,2026-09-09T00:39:13.631182+00:00,4
2026-08-19 13:30:00,QQQ,720.39,721.5,712.61,718.17,13752273.0,IBKR_TRADES,RTH,split_adjusted,traded_shares,2026-09-09T00:39:13.631182+00:00,4
2026-08-19 16:00:00,QQQ,718.18,719.7,715.24,716.13,10537006.0,IBKR_TRADES,RTH,split_adjusted,traded_shares,2026-09-09T00:39:13.631182+00:00,4
2026-08-20 13:30:00,QQQ,712.09,714.94,710.13,711.57,11074384.0,IBKR_TRADES,RTH,split_adjusted,traded_shares,2026-09-09T00:39:13.631182+00:00,4
2026-08-20 16:00:00,QQQ,711.59,713.0,708.52,711.0,11048338.0,IBKR_TRADES,RTH,split_adjusted,traded_shares,2026-09-09T00:39:13.631182+00:00,4
2026-08-21 13:30:00,QQQ,715.22,715.68,709.2,714.6,11014056.0,IBKR_TRADES,RTH,split_adjusted,traded_shares,2026-09-09T00:39:13.631182+00:00,4
2026-08-21 16:00:00,QQQ,714.6,714.83,712.43,713.41,8169732.0,IBKR_TRADES,RTH,split_adjusted,traded_shares,2026-09-09T00:39:13.631182+00:00,4
2026-08-24 13:30:00,QQQ,709.6,709.79,702.7,707.99,12563088.0,IBKR_TRADES,RTH,split_adjusted,traded_shares,2026-09-09T00:39:13.631182+00:00,4
2026-08-24 16:00:00,QQQ,707.98,709.53,706.19,706.28,12497987.0,IBKR_TRADES,RTH,split_adjusted,traded_shares,2026-09-09T00:39:13.631182+00:00,4
2026-08-25 13:30:00,QQQ,711.23,714.04,707.46,710.43,9511766.0,IBKR_TRADES,RTH,split_adjusted,traded_shares,2026-09-09T00:39:13.631182+00:00,4
2026-08-25 16:00:00,QQQ,710.47,711.29,708.96,710.63,7842988.000000001,IBKR_TRADES,RTH,split_adjusted,traded_shares,2026-09-09T00:39:13.631182+00:00,4
2026-08-26 13:30:00,QQQ,708.41,712.2,707.97,709.44,6154681.0,IBKR_TRADES,RTH,split_adjusted,traded_shares,2026-09-09T00:39:13.631182+00:00,4
2026-08-26 16:00:00,QQQ,709.43,713.02,708.29,711.29,6720719.0,IBKR_TRADES,RTH,split_adjusted,traded_shares,2026-09-09T00:39:13.631182+00:00,4
2026-08-27 13:30:00,QQQ,716.94,719.59,714.52,718.69,9705939.0,IBKR_TRADES,RTH,split_adjusted,traded_shares,2026-09-09T00:39:13.631182+00:00,4
2026-08-27 16:00:00,QQQ,718.7,721.35,717.04,721.06,9186381.0,IBKR_TRADES,RTH,split_adjusted,traded_shares,2026-09-09T00:39:13.631182+00:00,4
2026-08-28 13:30:00,QQQ,719.76,724.13,716.78,717.87,11794232.0,IBKR_TRADES,RTH,split_adjusted,traded_shares,2026-09-09T00:39:13.631182+00:00,4
2026-08-28 16:00:00,QQQ,717.93,718.82,715.08,716.44,11443091.0,IBKR_TRADES,RTH,split_adjusted,traded_shares,2026-09-09T00:39:13.631182+00:00,4
2026-08-31 13:30:00,QQQ,715.17,717.01,713.16,713.96,6491379.0,IBKR_TRADES,RTH,split_adjusted,traded_shares,2026-09-09T00:39:13.631182+00:00,4
2026-08-31 16:00:00,QQQ,713.97,717.58,713.36,716.82,8287313.0,IBKR_TRADES,RTH,split_adjusted,traded_shares,2026-09-09T00:39:13.631182+00:00,4
2026-09-01 13:30:00,QQQ,707.37,712.3,705.62,711.81,9557370.0,IBKR_TRADES,RTH,split_adjusted,traded_shares,2026-09-09T00:39:13.631182+00:00,4
2026-09-01 16:00:00,QQQ,711.85,711.89,704.66,707.67,11513805.0,IBKR_TRADES,RTH,split_adjusted,traded_shares,2026-09-09T00:39:13.631182+00:00,4
2026-09-02 13:30:00,QQQ,707.1,709.8,705.1,709.2,7862993.000000001,IBKR_TRADES,RTH,split_adjusted,traded_shares,2026-09-09T00:39:13.631182+00:00,4
2026-09-02 16:00:00,QQQ,709.2,709.5,707.72,709.25,6258525.0,IBKR_TRADES,RTH,split_adjusted,traded_shares,2026-09-09T00:39:13.631182+00:00,4
2026-09-03 13:30:00,QQQ,710.85,717.87,709.69,717.82,10949004.0,IBKR_TRADES,RTH,split_adjusted,traded_shares,2026-09-09T00:39:13.631182+00:00,4
2026-09-03 16:00:00,QQQ,717.81,718.92,716.34,717.62,8731393.0,IBKR_TRADES,RTH,split_adjusted,traded_shares,2026-09-09T00:39:13.631182+00:00,4
2026-09-04 13:30:00,QQQ,719.35,721.86,716.78,717.65,11291859.0,IBKR_TRADES,RTH,split_adjusted,traded_shares,2026-09-09T00:39:13.631182+00:00,4
2026-09-04 16:00:00,QQQ,717.64,719.61,716.56,719.06,11521504.0,IBKR_TRADES,RTH,split_adjusted,traded_shares,2026-09-09T00:39:13.631182+00:00,4
2026-09-08 13:30:00,QQQ,720.91,721.89,715.57,719.97,9069053.0,IBKR_TRADES,RTH,split_adjusted,traded_shares,2026-09-09T00:39:13.631182+00:00,4
2026-09-08 16:00:00,QQQ,719.99,720.86,717.25,718.38,9282109.0,IBKR_TRADES,RTH,split_adjusted,traded_shares,2026-09-09T00:39:13.631182+00:00,4
