[1m2026-07-28T02:44:51.974324000Z[0m [36m[INFO] PAPER-CRYPTO-001.TradingNode: =================================================================[0m
[1m2026-07-28T02:44:51.974337000Z[0m [36m[INFO] PAPER-CRYPTO-001.TradingNode:  NAUTILUS TRADER - Automated Algorithmic Trading Platform[0m
[1m2026-07-28T02:44:51.974337001Z[0m [36m[INFO] PAPER-CRYPTO-001.TradingNode:  by Nautech Systems Pty Ltd.[0m
[1m2026-07-28T02:44:51.974337002Z[0m [36m[INFO] PAPER-CRYPTO-001.TradingNode:  Copyright (C) 2015-2026. All rights reserved.[0m
[1m2026-07-28T02:44:51.974337003Z[0m [36m[INFO] PAPER-CRYPTO-001.TradingNode: =================================================================[0m
[1m2026-07-28T02:44:51.974337004Z[0m [INFO] PAPER-CRYPTO-001.TradingNode: [0m
[1m2026-07-28T02:44:51.974337005Z[0m [INFO] PAPER-CRYPTO-001.TradingNode: ⠀⠀⠀⠀⠀⠀⠀⠀⠀⠀⠀⠀⠀⣠⣴⣶⡟⠀⠀⠀⠀⠀⠀⠀⠀⠀⠀⠀⠀⠀⠀[0m
[1m2026-07-28T02:44:51.974338000Z[0m [INFO] PAPER-CRYPTO-001.TradingNode: ⠀⠀⠀⠀⠀⠀⠀⠀⠀⠀⠀⣰⣾⣿⣿⣿⠀⢸⣿⣿⣿⣿⣶⣶⣤⣀⠀⠀⠀⠀⠀[0m
[1m2026-07-28T02:44:51.974338001Z[0m [INFO] PAPER-CRYPTO-001.TradingNode: ⠀⠀⠀⠀⠀⠀⢀⣴⡇⢀⣾⣿⣿⣿⣿⣿⠀⣾⣿⣿⣿⣿⣿⣿⣿⠿⠓⠀⠀⠀⠀[0m
[1m2026-07-28T02:44:51.974338002Z[0m [INFO] PAPER-CRYPTO-001.TradingNode: ⠀⠀⠀⠀⠀⣰⣿⣿⡀⢸⣿⣿⣿⣿⣿⣿⠀⣿⣿⣿⣿⣿⣿⠟⠁⣠⣄⠀⠀⠀⠀[0m
[1m2026-07-28T02:44:51.974338003Z[0m [INFO] PAPER-CRYPTO-001.TradingNode: ⠀⠀⠀⠀⢠⣿⣿⣿⣇⠀⢿⣿⣿⣿⣿⣿⠀⢻⣿⣿⣿⡿⢃⣠⣾⣿⣿⣧⡀⠀⠀[0m
[1m2026-07-28T02:44:51.974338004Z[0m [INFO] PAPER-CRYPTO-001.TradingNode: ⠀⠀⠀⠠⣾⣿⣿⣿⣿⣿⣧⠈⠋⢀⣴⣧⠀⣿⡏⢠⡀⢸⣿⣿⣿⣿⣿⣿⣿⡇⠀[0m
[1m2026-07-28T02:44:51.974338005Z[0m [INFO] PAPER-CRYPTO-001.TradingNode: ⠀⠀⠀⣀⠙⢿⣿⣿⣿⣿⣿⠇⢠⣿⣿⣿⡄⠹⠃⠼⠃⠈⠉⠛⠛⠛⠛⠛⠻⠇⠀[0m
[1m2026-07-28T02:44:51.974338006Z[0m [INFO] PAPER-CRYPTO-001.TradingNode: ⠀⠀⢸⡟⢠⣤⠉⠛⠿⢿⣿⠀⢸⣿⡿⠋⣠⣤⣄⠀⣾⣿⣿⣶⣶⣶⣦⡄⠀⠀⠀[0m
[1m2026-07-28T02:44:51.974338007Z[0m [INFO] PAPER-CRYPTO-001.TradingNode: ⠀⠀⠸⠀⣾⠏⣸⣷⠂⣠⣤⠀⠘⢁⣴⣾⣿⣿⣿⡆⠘⣿⣿⣿⣿⣿⣿⠀⠀⠀⠀[0m
[1m2026-07-28T02:44:51.974338008Z[0m [INFO] PAPER-CRYPTO-001.TradingNode: ⠀⠀⠀⠀⠛⠀⣿⡟⠀⢻⣿⡄⠸⣿⣿⣿⣿⣿⣿⣿⡀⠘⣿⣿⣿⣿⠟⠀⠀⠀⠀[0m
[1m2026-07-28T02:44:51.974338009Z[0m [INFO] PAPER-CRYPTO-001.TradingNode: ⠀⠀⠀⠀⠀⠀⣿⠇⠀⠀⢻⡿⠀⠈⠻⣿⣿⣿⣿⣿⡇⠀⢹⣿⠿⠋⠀⠀⠀⠀⠀[0m
[1m2026-07-28T02:44:51.974339000Z[0m [INFO] PAPER-CRYPTO-001.TradingNode: ⠀⠀⠀⠀⠀⠀⠋⠀⠀⠀⡘⠁⠀⠀⠀⠀⠀⠀⠀⠀⠀⠀⠈⠁⠀⠀⠀⠀⠀⠀⠀[0m
[1m2026-07-28T02:44:51.974339001Z[0m [INFO] PAPER-CRYPTO-001.TradingNode: [0m
[1m2026-07-28T02:44:51.974339002Z[0m [36m[INFO] PAPER-CRYPTO-001.TradingNode: =================================================================[0m
[1m2026-07-28T02:44:51.974339003Z[0m [36m[INFO] PAPER-CRYPTO-001.TradingNode:  SYSTEM SPECIFICATION[0m
[1m2026-07-28T02:44:51.974339004Z[0m [36m[INFO] PAPER-CRYPTO-001.TradingNode: =================================================================[0m
[1m2026-07-28T02:44:51.974339005Z[0m [INFO] PAPER-CRYPTO-001.TradingNode: CPU architecture: Apple M4[0m
[1m2026-07-28T02:44:51.974340000Z[0m [INFO] PAPER-CRYPTO-001.TradingNode: CPU(s): 10 @ 4464 MHz[0m
[1m2026-07-28T02:44:51.974340001Z[0m [INFO] PAPER-CRYPTO-001.TradingNode: OS: kernel-25.5.0 macOS 26.5.2 Tahoe[0m
[1m2026-07-28T02:44:51.974350000Z[0m [36m[INFO] PAPER-CRYPTO-001.TradingNode: =================================================================[0m
[1m2026-07-28T02:44:51.974350001Z[0m [36m[INFO] PAPER-CRYPTO-001.TradingNode:  MEMORY USAGE[0m
[1m2026-07-28T02:44:51.974350002Z[0m [36m[INFO] PAPER-CRYPTO-001.TradingNode: =================================================================[0m
[1m2026-07-28T02:44:51.974353000Z[0m [INFO] PAPER-CRYPTO-001.TradingNode: RAM-Total: 32.00 GiB[0m
[1m2026-07-28T02:44:51.974354000Z[0m [INFO] PAPER-CRYPTO-001.TradingNode: RAM-Used: 16.40 GiB (51.26%)[0m
[1m2026-07-28T02:44:51.974354001Z[0m [INFO] PAPER-CRYPTO-001.TradingNode: RAM-Avail: 15.60 GiB (48.74%)[0m
[1m2026-07-28T02:44:51.974355000Z[0m [INFO] PAPER-CRYPTO-001.TradingNode: Swap: disabled[0m
[1m2026-07-28T02:44:51.974358000Z[0m [36m[INFO] PAPER-CRYPTO-001.TradingNode: =================================================================[0m
[1m2026-07-28T02:44:51.974358001Z[0m [36m[INFO] PAPER-CRYPTO-001.TradingNode:  IDENTIFIERS[0m
[1m2026-07-28T02:44:51.974358002Z[0m [36m[INFO] PAPER-CRYPTO-001.TradingNode: =================================================================[0m
[1m2026-07-28T02:44:51.974359000Z[0m [INFO] PAPER-CRYPTO-001.TradingNode: trader_id: PAPER-CRYPTO-001[0m
[1m2026-07-28T02:44:51.974359001Z[0m [INFO] PAPER-CRYPTO-001.TradingNode: machine_id: Wynstons-Mac.local[0m
[1m2026-07-28T02:44:51.974359002Z[0m [INFO] PAPER-CRYPTO-001.TradingNode: instance_id: a8c58eb3-6877-4b6e-8205-e5e4a1186725[0m
[1m2026-07-28T02:44:51.974359003Z[0m [INFO] PAPER-CRYPTO-001.TradingNode: PID: 44409[0m
[1m2026-07-28T02:44:51.974360000Z[0m [36m[INFO] PAPER-CRYPTO-001.TradingNode: =================================================================[0m
[1m2026-07-28T02:44:51.974360001Z[0m [36m[INFO] PAPER-CRYPTO-001.TradingNode:  VERSIONING[0m
[1m2026-07-28T02:44:51.974360002Z[0m [36m[INFO] PAPER-CRYPTO-001.TradingNode: =================================================================[0m
[1m2026-07-28T02:44:51.974368000Z[0m [INFO] PAPER-CRYPTO-001.TradingNode: nautilus_trader: 1.229.0[0m
[1m2026-07-28T02:44:51.974371000Z[0m [INFO] PAPER-CRYPTO-001.TradingNode: python: 3.12.13[0m
[1m2026-07-28T02:44:51.974373000Z[0m [INFO] PAPER-CRYPTO-001.TradingNode: numpy: 2.5.0[0m
[1m2026-07-28T02:44:51.974374000Z[0m [INFO] PAPER-CRYPTO-001.TradingNode: pandas: 3.0.4[0m
[1m2026-07-28T02:44:51.974375000Z[0m [INFO] PAPER-CRYPTO-001.TradingNode: msgspec: 0.21.1[0m
[1m2026-07-28T02:44:51.974376000Z[0m [INFO] PAPER-CRYPTO-001.TradingNode: pyarrow: 24.0.0[0m
[1m2026-07-28T02:44:51.974377000Z[0m [INFO] PAPER-CRYPTO-001.TradingNode: pytz: 2026.2[0m
[1m2026-07-28T02:44:51.974378000Z[0m [INFO] PAPER-CRYPTO-001.TradingNode: uvloop: 0.22.1[0m
[1m2026-07-28T02:44:51.974378001Z[0m [36m[INFO] PAPER-CRYPTO-001.TradingNode: =================================================================[0m
[1m2026-07-28T02:44:51.974384000Z[0m [INFO] PAPER-CRYPTO-001.TradingNode: Building system kernel[0m
[1m2026-07-28T02:44:51.974464000Z[0m [INFO] PAPER-CRYPTO-001.CacheDatabaseAdapter: READY[0m
[1m2026-07-28T02:44:51.974470000Z[0m [94m[INFO] PAPER-CRYPTO-001.CacheDatabaseAdapter: config.database=DatabaseConfig(type=redis, host=127.0.0.1, port=6379, username=None, password=None, ssl=False, connection_timeout=20, response_timeout=20, number_of_retries=3, exponent_base=2, max_delay=1000, factor=2)[0m
[1m2026-07-28T02:44:51.974470001Z[0m [94m[INFO] PAPER-CRYPTO-001.CacheDatabaseAdapter: config.encoding='msgpack'[0m
[1m2026-07-28T02:44:51.974471000Z[0m [94m[INFO] PAPER-CRYPTO-001.CacheDatabaseAdapter: config.timestamps_as_iso8601=False[0m
[1m2026-07-28T02:44:51.974471001Z[0m [94m[INFO] PAPER-CRYPTO-001.CacheDatabaseAdapter: config.buffer_interval_ms=100[0m
[1m2026-07-28T02:44:51.974471002Z[0m [94m[INFO] PAPER-CRYPTO-001.CacheDatabaseAdapter: config.flush_on_start=False[0m
[1m2026-07-28T02:44:51.974472000Z[0m [94m[INFO] PAPER-CRYPTO-001.CacheDatabaseAdapter: config.use_trader_prefix=True[0m
[1m2026-07-28T02:44:51.974472001Z[0m [94m[INFO] PAPER-CRYPTO-001.CacheDatabaseAdapter: config.use_instance_id=False[0m
[1m2026-07-28T02:44:51.975122000Z[0m [94m[INFO] PAPER-CRYPTO-001.MessageBus: config.database=None[0m
[1m2026-07-28T02:44:51.975124000Z[0m [94m[INFO] PAPER-CRYPTO-001.MessageBus: config.encoding='json'[0m
[1m2026-07-28T02:44:51.975126000Z[0m [94m[INFO] PAPER-CRYPTO-001.MessageBus: config.timestamps_as_iso8601=False[0m
[1m2026-07-28T02:44:51.975126001Z[0m [94m[INFO] PAPER-CRYPTO-001.MessageBus: config.buffer_interval_ms=None[0m
[1m2026-07-28T02:44:51.975127000Z[0m [94m[INFO] PAPER-CRYPTO-001.MessageBus: config.autotrim_mins=None[0m
[1m2026-07-28T02:44:51.975127001Z[0m [94m[INFO] PAPER-CRYPTO-001.MessageBus: config.use_trader_prefix=True[0m
[1m2026-07-28T02:44:51.975127002Z[0m [94m[INFO] PAPER-CRYPTO-001.MessageBus: config.use_trader_id=True[0m
[1m2026-07-28T02:44:51.975128000Z[0m [94m[INFO] PAPER-CRYPTO-001.MessageBus: config.use_instance_id=False[0m
[1m2026-07-28T02:44:51.975128001Z[0m [94m[INFO] PAPER-CRYPTO-001.MessageBus: config.streams_prefix='stream'[0m
[1m2026-07-28T02:44:51.975129000Z[0m [94m[INFO] PAPER-CRYPTO-001.MessageBus: config.types_filter=None[0m
[1m2026-07-28T02:44:51.975158000Z[0m [INFO] PAPER-CRYPTO-001.Cache: READY[0m
[1m2026-07-28T02:44:51.975471000Z[0m [INFO] PAPER-CRYPTO-001.DataEngine: READY[0m
[1m2026-07-28T02:44:51.975588000Z[0m [94m[INFO] PAPER-CRYPTO-001.DataEngine: config.graceful_shutdown_on_exception=False[0m
[1m2026-07-28T02:44:51.975609000Z[0m [INFO] PAPER-CRYPTO-001.RiskEngine: READY[0m
[1m2026-07-28T02:44:51.975628000Z[0m [94m[INFO] PAPER-CRYPTO-001.RiskEngine: TradingState is ACTIVE[0m
[1m2026-07-28T02:44:51.975701000Z[0m [INFO] PAPER-CRYPTO-001.Throttler-ORDER_SUBMIT_THROTTLER: READY[0m
[1m2026-07-28T02:44:51.975714000Z[0m [94m[INFO] PAPER-CRYPTO-001.RiskEngine: Set MAX_ORDER_SUBMIT_RATE: 100/00:00:01[0m
[1m2026-07-28T02:44:51.975729000Z[0m [INFO] PAPER-CRYPTO-001.Throttler-ORDER_MODIFY_THROTTLER: READY[0m
[1m2026-07-28T02:44:51.975734000Z[0m [94m[INFO] PAPER-CRYPTO-001.RiskEngine: Set MAX_ORDER_MODIFY_RATE: 100/00:00:01[0m
[1m2026-07-28T02:44:51.975750000Z[0m [94m[INFO] PAPER-CRYPTO-001.RiskEngine: config.graceful_shutdown_on_exception=False[0m
[1m2026-07-28T02:44:51.975779000Z[0m [INFO] PAPER-CRYPTO-001.ExecEngine: READY[0m
[1m2026-07-28T02:44:51.975794000Z[0m [94m[INFO] PAPER-CRYPTO-001.ExecEngine: config.snapshot_orders=True[0m
[1m2026-07-28T02:44:51.975795000Z[0m [94m[INFO] PAPER-CRYPTO-001.ExecEngine: config.snapshot_positions=True[0m
[1m2026-07-28T02:44:51.975796000Z[0m [94m[INFO] PAPER-CRYPTO-001.ExecEngine: config.snapshot_positions_interval_secs=60.0[0m
[1m2026-07-28T02:44:51.975797000Z[0m [94m[INFO] PAPER-CRYPTO-001.ExecEngine: config.allow_overfills=False[0m
[1m2026-07-28T02:44:51.975816000Z[0m [94m[INFO] PAPER-CRYPTO-001.ExecEngine: config.reconciliation=True[0m
[1m2026-07-28T02:44:51.975817000Z[0m [94m[INFO] PAPER-CRYPTO-001.ExecEngine: config.reconciliation_lookback_mins=None[0m
[1m2026-07-28T02:44:51.975818000Z[0m [94m[INFO] PAPER-CRYPTO-001.ExecEngine: config.reconciliation_instrument_ids=None[0m
[1m2026-07-28T02:44:51.975818001Z[0m [94m[INFO] PAPER-CRYPTO-001.ExecEngine: config.filter_unclaimed_external_orders=False[0m
[1m2026-07-28T02:44:51.975818002Z[0m [94m[INFO] PAPER-CRYPTO-001.ExecEngine: config.filter_position_reports=False[0m
[1m2026-07-28T02:44:51.975819000Z[0m [94m[INFO] PAPER-CRYPTO-001.ExecEngine: config.filtered_client_order_ids=None[0m
[1m2026-07-28T02:44:51.975819001Z[0m [94m[INFO] PAPER-CRYPTO-001.ExecEngine: config.inflight_check_interval_ms=2000[0m
[1m2026-07-28T02:44:51.975819002Z[0m [94m[INFO] PAPER-CRYPTO-001.ExecEngine: config.inflight_check_threshold_ms=5000[0m
[1m2026-07-28T02:44:51.975820000Z[0m [94m[INFO] PAPER-CRYPTO-001.ExecEngine: config.inflight_check_retries=5[0m
[1m2026-07-28T02:44:51.975820001Z[0m [94m[INFO] PAPER-CRYPTO-001.ExecEngine: config.own_books_audit_interval_secs=None[0m
[1m2026-07-28T02:44:51.975821000Z[0m [94m[INFO] PAPER-CRYPTO-001.ExecEngine: config.open_check_interval_secs=None[0m
[1m2026-07-28T02:44:51.975821001Z[0m [94m[INFO] PAPER-CRYPTO-001.ExecEngine: config.open_check_open_only=True[0m
[1m2026-07-28T02:44:51.975821002Z[0m [94m[INFO] PAPER-CRYPTO-001.ExecEngine: config.open_check_lookback_mins=60[0m
[1m2026-07-28T02:44:51.975822000Z[0m [94m[INFO] PAPER-CRYPTO-001.ExecEngine: config.open_check_threshold_ms=5000[0m
[1m2026-07-28T02:44:51.975822001Z[0m [94m[INFO] PAPER-CRYPTO-001.ExecEngine: config.open_check_missing_retries=5[0m
[1m2026-07-28T02:44:51.975822002Z[0m [94m[INFO] PAPER-CRYPTO-001.ExecEngine: config.max_single_order_queries_per_cycle=10[0m
[1m2026-07-28T02:44:51.975823000Z[0m [94m[INFO] PAPER-CRYPTO-001.ExecEngine: config.single_order_query_delay_ms=100[0m
[1m2026-07-28T02:44:51.975823001Z[0m [94m[INFO] PAPER-CRYPTO-001.ExecEngine: config.position_check_interval_secs=None[0m
[1m2026-07-28T02:44:51.975823002Z[0m [94m[INFO] PAPER-CRYPTO-001.ExecEngine: config.position_check_lookback_mins=60[0m
[1m2026-07-28T02:44:51.975823003Z[0m [94m[INFO] PAPER-CRYPTO-001.ExecEngine: config.position_check_threshold_ms=5000[0m
[1m2026-07-28T02:44:51.975824000Z[0m [94m[INFO] PAPER-CRYPTO-001.ExecEngine: config.position_check_retries=3[0m
[1m2026-07-28T02:44:51.975824001Z[0m [94m[INFO] PAPER-CRYPTO-001.ExecEngine: config.reconciliation_startup_delay_secs=10.0[0m
[1m2026-07-28T02:44:51.975825000Z[0m [94m[INFO] PAPER-CRYPTO-001.ExecEngine: config.purge_closed_orders_interval_mins=None[0m
[1m2026-07-28T02:44:51.975825001Z[0m [94m[INFO] PAPER-CRYPTO-001.ExecEngine: config.purge_closed_orders_buffer_mins=None[0m
[1m2026-07-28T02:44:51.975825002Z[0m [94m[INFO] PAPER-CRYPTO-001.ExecEngine: config.purge_closed_positions_interval_mins=None[0m
[1m2026-07-28T02:44:51.975825003Z[0m [94m[INFO] PAPER-CRYPTO-001.ExecEngine: config.purge_closed_positions_buffer_mins=None[0m
[1m2026-07-28T02:44:51.975826000Z[0m [94m[INFO] PAPER-CRYPTO-001.ExecEngine: config.purge_account_events_interval_mins=None[0m
[1m2026-07-28T02:44:51.975826001Z[0m [94m[INFO] PAPER-CRYPTO-001.ExecEngine: config.purge_account_events_lookback_mins=None[0m
[1m2026-07-28T02:44:51.975826002Z[0m [94m[INFO] PAPER-CRYPTO-001.ExecEngine: config.purge_from_database=False[0m
[1m2026-07-28T02:44:51.975826003Z[0m [94m[INFO] PAPER-CRYPTO-001.ExecEngine: config.graceful_shutdown_on_exception=False[0m
[1m2026-07-28T02:44:51.976107000Z[0m [94m[INFO] PAPER-CRYPTO-001.Cache: Cached 1 general object from database[0m
[1m2026-07-28T02:44:51.976391000Z[0m [94m[INFO] PAPER-CRYPTO-001.Cache: Cached 6 currencies from database[0m
[1m2026-07-28T02:44:51.976795000Z[0m [94m[INFO] PAPER-CRYPTO-001.Cache: Cached 5 instruments from database[0m
[1m2026-07-28T02:44:51.977167000Z[0m [94m[INFO] PAPER-CRYPTO-001.Cache: Cached 1 account from database[0m
[1m2026-07-28T02:44:51.977413000Z[0m [INFO] PAPER-CRYPTO-001.Cache: Cached 0 orders from database[0m
[1m2026-07-28T02:44:51.977419000Z[0m [INFO] PAPER-CRYPTO-001.Cache: Cached 0 order lists from database[0m
[1m2026-07-28T02:44:51.977507000Z[0m [INFO] PAPER-CRYPTO-001.Cache: Cached 0 positions from database[0m
[1m2026-07-28T02:44:51.977519000Z[0m [INFO] PAPER-CRYPTO-001.Cache: Checking data integrity[0m
[1m2026-07-28T02:44:51.977526000Z[0m [92m[INFO] PAPER-CRYPTO-001.Cache: Integrity check passed in 6μs[0m
[1m2026-07-28T02:44:51.977537000Z[0m [INFO] PAPER-CRYPTO-001.ExecEngine: Loaded cache in 2ms[0m
[1m2026-07-28T02:44:51.977573000Z[0m [INFO] PAPER-CRYPTO-001.OrderEmulator: READY[0m
[1m2026-07-28T02:44:51.977607000Z[0m [INFO] PAPER-CRYPTO-001.PAPER-CRYPTO-001: READY[0m
[1m2026-07-28T02:44:51.977620000Z[0m [INFO] PAPER-CRYPTO-001.TradingNode: Initialized in 3ms[0m
[1m2026-07-28T02:44:51.977627000Z[0m [94m[INFO] PAPER-CRYPTO-001.TradingNode: has_cache_backing=True[0m
[1m2026-07-28T02:44:51.977627001Z[0m [94m[INFO] PAPER-CRYPTO-001.TradingNode: has_msgbus_backing=False[0m
[1m2026-07-28T02:44:51.977686000Z[0m [INFO] PAPER-CRYPTO-001.MLStrategy: READY[0m
[1m2026-07-28T02:44:51.977712000Z[0m [INFO] PAPER-CRYPTO-001.ExecEngine: Registered OMS.UNSPECIFIED for Strategy MLStrategy-000[0m
[1m2026-07-28T02:44:51.977715000Z[0m [INFO] PAPER-CRYPTO-001.PAPER-CRYPTO-001: Registered Strategy MLStrategy-000[0m
[1m2026-07-28T02:44:51.977849000Z[0m [94m[INFO] PAPER-CRYPTO-001.MLStrategy: Loaded state ['ml_strategy.json'][0m
[1m2026-07-28T02:44:51.977853000Z[0m [INFO] PAPER-CRYPTO-001.TradingNode: Building data client for IB[0m
[1m2026-07-28T02:44:51.977873000Z[0m [INFO] PAPER-CRYPTO-001.InteractiveBrokersClient-001: READY[0m
[1m2026-07-28T02:44:51.977936000Z[0m [1;33m[WARN] PAPER-CRYPTO-001.InteractiveBrokersClient-001: Started when loop is not running[0m
[1m2026-07-28T02:44:51.977982000Z[0m [INFO] PAPER-CRYPTO-001.InteractiveBrokersClient-001: Starting InteractiveBrokersClient (1)...[0m
[1m2026-07-28T02:44:51.977994000Z[0m [INFO] PAPER-CRYPTO-001.InteractiveBrokersClient-001: Connecting to 127.0.0.1:4002 with client id: 1[0m
[1m2026-07-28T02:44:51.980365000Z[0m [INFO] PAPER-CRYPTO-001.InteractiveBrokersClient-001: Connected to Interactive Brokers (v223) at 20260727 19:44:51 PST from 127.0.0.1:4002 with client id: 1[0m
[1m2026-07-28T02:44:51.983023000Z[0m [INFO] PAPER-CRYPTO-001.InteractiveBrokersClient-001: RUNNING[0m
[1m2026-07-28T02:44:51.983042000Z[0m [INFO] PAPER-CRYPTO-001.InteractiveBrokersInstrumentProvider: READY[0m
[1m2026-07-28T02:44:51.983080000Z[0m [INFO] PAPER-CRYPTO-001.DataClient-IB: READY[0m
[1m2026-07-28T02:44:51.983102000Z[0m [INFO] PAPER-CRYPTO-001.DataEngine: Registered IB for default routing[0m
[1m2026-07-28T02:44:51.983107000Z[0m [INFO] PAPER-CRYPTO-001.TradingNode: Building execution client for IB[0m
[1m2026-07-28T02:44:51.983138000Z[0m [INFO] PAPER-CRYPTO-001.ExecClient-IB: READY[0m
[1m2026-07-28T02:44:51.983150000Z[0m [INFO] PAPER-CRYPTO-001.ExecEngine: Registered ExecutionClient-IB for default routing[0m
[1m2026-07-28T02:44:51.983189000Z[0m [INFO] PAPER-CRYPTO-001.TradingNode: STARTING[0m
[1m2026-07-28T02:44:51.983210000Z[0m [INFO] PAPER-CRYPTO-001.DataClient-IB: RUNNING[0m
[1m2026-07-28T02:44:51.983223000Z[0m [INFO] PAPER-CRYPTO-001.DataEngine: RUNNING[0m
[1m2026-07-28T02:44:51.983234000Z[0m [INFO] PAPER-CRYPTO-001.RiskEngine: RUNNING[0m
[1m2026-07-28T02:44:51.983240000Z[0m [INFO] PAPER-CRYPTO-001.ExecClient-IB: RUNNING[0m
[1m2026-07-28T02:44:51.983245000Z[0m [INFO] PAPER-CRYPTO-001.ExecEngine: Starting position snapshots timer at 60.0 second intervals[0m
[1m2026-07-28T02:44:51.983392000Z[0m [94m[INFO] PAPER-CRYPTO-001.ExecEngine: Started reconciliation task[0m
[1m2026-07-28T02:44:51.983399000Z[0m [INFO] PAPER-CRYPTO-001.ExecEngine: RUNNING[0m
[1m2026-07-28T02:44:51.983402000Z[0m [INFO] PAPER-CRYPTO-001.DataEngine: Connecting all clients...[0m
[1m2026-07-28T02:44:51.983404000Z[0m [INFO] PAPER-CRYPTO-001.DataClient-IB: Connecting...[0m
[1m2026-07-28T02:44:51.983409000Z[0m [INFO] PAPER-CRYPTO-001.ExecEngine: Connecting all clients...[0m
[1m2026-07-28T02:44:51.983411000Z[0m [INFO] PAPER-CRYPTO-001.ExecClient-IB: Connecting...[0m
[1m2026-07-28T02:44:51.983456000Z[0m [94m[INFO] PAPER-CRYPTO-001.TradingNode: Awaiting engine connections and initializations (60.0s timeout)...[0m
[1m2026-07-28T02:44:51.983513000Z[0m [1;33m[WARN] PAPER-CRYPTO-001.InteractiveBrokersClient-001: Market data farm connection is OK:usfarm (code: 2104, req_id=-1)[0m
[1m2026-07-28T02:44:51.983564000Z[0m [94m[INFO] PAPER-CRYPTO-001.ExecEngine: Starting continuous reconciliation with intervals: inflight=2000ms, consistency=Nones, position=Nones[0m
[1m2026-07-28T02:44:51.983566000Z[0m [94m[INFO] PAPER-CRYPTO-001.ExecEngine: Awaiting startup reconciliation completion before starting continuous checks[0m
[1m2026-07-28T02:44:51.983571000Z[0m [INFO] PAPER-CRYPTO-001.InteractiveBrokersClient-001: Setting Market DataType to REALTIME[0m
[1m2026-07-28T02:44:51.983634000Z[0m [INFO] PAPER-CRYPTO-001.InteractiveBrokersInstrumentProvider: Initializing instruments...[0m
[1m2026-07-28T02:44:51.983644000Z[0m [INFO] PAPER-CRYPTO-001.InteractiveBrokersInstrumentProvider: Loading instruments: ETH/USD.ZEROHASH, SOL/USD.ZEROHASH, DOGE/USD.ZEROHASH, BTC/USD.ZEROHASH, XRP/USD.ZEROHASH...[0m
[1m2026-07-28T02:44:51.983862000Z[0m [INFO] PAPER-CRYPTO-001.InteractiveBrokersInstrumentProvider: Adding instrument=CryptoPerpetual(id=ETH/USD.ZEROHASH, raw_symbol=ETH.USD, asset_class=CRYPTOCURRENCY, instrument_class=SWAP, quote_currency=USD, is_inverse=True, price_precision=2, price_increment=0.05, size_precision=8, size_increment=0.00000001, multiplier=1, lot_size=1, margin_init=0, margin_maint=0, maker_fee=0, taker_fee=0, info={'contract': {'secType': 'CRYPTO', 'conId': 541686654, 'exchange': 'ZEROHASH', 'primaryExchange': '', 'symbol': 'ETH', 'localSymbol': 'ETH.USD', 'currency': 'USD', 'tradingClass': 'ETH', 'lastTradeDateOrContractMonth': '', 'lastTradeDate': '', 'multiplier': '', 'strike': 1.7976931348623157e+308, 'right': '', 'includeExpired': False, 'secIdType': '', 'secId': '', 'description': '', 'issuerId': '', 'comboLegsDescrip': '', 'comboLegs': [], 'deltaNeutralContract': None, 'build_futures_chain': None, 'build_options_chain': None, 'options_chain_exchange': None, 'min_expiry_days': None, 'max_expiry_days': None}, 'marketName': 'ETH', 'minTick': 0.05, 'orderTypes': 'AD,ADJUST,ALERT,BASKET,BENCHPX,CASHQTY,COND,DAY,DEACT,DEACTDIS,DEACTEOD,GAT,GTC,GTD,GTT,IOC,LMT,MKT,NMIN,NONALGO,WHATIF', 'validExchanges': 'ZEROHASH', 'priceMagnifier': 1, 'underConId': 0, 'longName': 'Ethereum cryptocurrency', 'contractMonth': '', 'industry': '', 'category': '', 'subcategory': '', 'timeZoneId': 'US/Eastern', 'tradingHours': '20260726:0300-20260727:1600;20260727:1601-20260728:1600;20260728:1601-20260729:1600;20260729:1601-20260730:1600;20260730:1601-20260731:1600', 'liquidHours': '20260726:0300-20260727:1600;20260727:1601-20260728:1600;20260728:1601-20260729:1600;20260729:1601-20260730:1600;20260730:1601-20260731:1600', 'evRule': '', 'evMultiplier': 0, 'mdSizeMultiplier': 1, 'aggGroup': 0, 'underSymbol': '', 'underSecType': '', 'marketRuleIds': '2823', 'secIdList': [], 'realExpirationDate': '', 'lastTradeTime': '', 'stockType': '', 'minSize': '1E-8', 'sizeIncrement': '1E-8', 'suggestedSizeIncrement': '1E-8', 'minAlgoSize': '0', 'lastPricePrecision': '170141183460469231731687303715884105727', 'lastSizePrecision': '170141183460469231731687303715884105727', 'cusip': '', 'ratings': '', 'descAppend': '', 'bondType': '', 'couponType': '', 'callable': False, 'putable': False, 'coupon': 0, 'convertible': False, 'maturity': '', 'issueDate': '', 'nextOptionDate': '', 'nextOptionType': '', 'nextOptionPartial': False, 'notes': '', 'fundName': '', 'fundFamily': '', 'fundType': '', 'fundFrontLoad': '', 'fundBackLoad': '', 'fundBackLoadTimeInterval': '', 'fundManagementFee': '', 'fundClosed': False, 'fundClosedForNewInvestors': False, 'fundClosedForNewMoney': False, 'fundNotifyAmount': '', 'fundMinimumInitialPurchase': '', 'fundSubsequentMinimumPurchase': '', 'fundBlueSkyStates': '', 'fundBlueSkyTerritories': '', 'fundDistributionPolicyIndicator': ['None', 'None'], 'fundAssetType': ['None', 'None'], 'ineligibilityReasonList': None, 'eventContract1': '', 'eventContractDescription1': '', 'eventContractDescription2': ''}) from InteractiveBrokersInstrumentProvider[0m
[1m2026-07-28T02:44:51.984015000Z[0m [INFO] PAPER-CRYPTO-001.InteractiveBrokersInstrumentProvider: Adding instrument=CryptoPerpetual(id=SOL/USD.ZEROHASH, raw_symbol=SOL.USD, asset_class=CRYPTOCURRENCY, instrument_class=SWAP, quote_currency=USD, is_inverse=True, price_precision=2, price_increment=0.01, size_precision=8, size_increment=0.00000001, multiplier=1, lot_size=1, margin_init=0, margin_maint=0, maker_fee=0, taker_fee=0, info={'contract': {'secType': 'CRYPTO', 'conId': 766135595, 'exchange': 'ZEROHASH', 'primaryExchange': '', 'symbol': 'SOL', 'localSymbol': 'SOL.USD', 'currency': 'USD', 'tradingClass': 'SOL', 'lastTradeDateOrContractMonth': '', 'lastTradeDate': '', 'multiplier': '', 'strike': 1.7976931348623157e+308, 'right': '', 'includeExpired': False, 'secIdType': '', 'secId': '', 'description': '', 'issuerId': '', 'comboLegsDescrip': '', 'comboLegs': [], 'deltaNeutralContract': None, 'build_futures_chain': None, 'build_options_chain': None, 'options_chain_exchange': None, 'min_expiry_days': None, 'max_expiry_days': None}, 'marketName': 'SOL', 'minTick': 0.01, 'orderTypes': 'AD,ADJUST,ALERT,BASKET,BENCHPX,CASHQTY,COND,DAY,DEACT,DEACTDIS,DEACTEOD,GAT,GTC,GTD,GTT,IOC,LMT,MKT,NMIN,NONALGO,WHATIF', 'validExchanges': 'ZEROHASH', 'priceMagnifier': 1, 'underConId': 0, 'longName': 'Solana cryptocurrency', 'contractMonth': '', 'industry': '', 'category': '', 'subcategory': '', 'timeZoneId': 'US/Eastern', 'tradingHours': '20260726:0300-20260727:1600;20260727:1601-20260728:1600;20260728:1601-20260729:1600;20260729:1601-20260730:1600;20260730:1601-20260731:1600', 'liquidHours': '20260726:0300-20260727:1600;20260727:1601-20260728:1600;20260728:1601-20260729:1600;20260729:1601-20260730:1600;20260730:1601-20260731:1600', 'evRule': '', 'evMultiplier': 0, 'mdSizeMultiplier': 1, 'aggGroup': 0, 'underSymbol': '', 'underSecType': '', 'marketRuleIds': '2836', 'secIdList': [], 'realExpirationDate': '', 'lastTradeTime': '', 'stockType': '', 'minSize': '1E-8', 'sizeIncrement': '1E-8', 'suggestedSizeIncrement': '1E-8', 'minAlgoSize': '0', 'lastPricePrecision': '170141183460469231731687303715884105727', 'lastSizePrecision': '170141183460469231731687303715884105727', 'cusip': '', 'ratings': '', 'descAppend': '', 'bondType': '', 'couponType': '', 'callable': False, 'putable': False, 'coupon': 0, 'convertible': False, 'maturity': '', 'issueDate': '', 'nextOptionDate': '', 'nextOptionType': '', 'nextOptionPartial': False, 'notes': '', 'fundName': '', 'fundFamily': '', 'fundType': '', 'fundFrontLoad': '', 'fundBackLoad': '', 'fundBackLoadTimeInterval': '', 'fundManagementFee': '', 'fundClosed': False, 'fundClosedForNewInvestors': False, 'fundClosedForNewMoney': False, 'fundNotifyAmount': '', 'fundMinimumInitialPurchase': '', 'fundSubsequentMinimumPurchase': '', 'fundBlueSkyStates': '', 'fundBlueSkyTerritories': '', 'fundDistributionPolicyIndicator': ['None', 'None'], 'fundAssetType': ['None', 'None'], 'ineligibilityReasonList': None, 'eventContract1': '', 'eventContractDescription1': '', 'eventContractDescription2': ''}) from InteractiveBrokersInstrumentProvider[0m
[1m2026-07-28T02:44:51.984145000Z[0m [INFO] PAPER-CRYPTO-001.InteractiveBrokersInstrumentProvider: Adding instrument=CryptoPerpetual(id=DOGE/USD.ZEROHASH, raw_symbol=DOGE.USD, asset_class=CRYPTOCURRENCY, instrument_class=SWAP, quote_currency=USD, is_inverse=True, price_precision=5, price_increment=0.00001, size_precision=1, size_increment=0.1, multiplier=1, lot_size=1, margin_init=0, margin_maint=0, maker_fee=0, taker_fee=0, info={'contract': {'secType': 'CRYPTO', 'conId': 766137549, 'exchange': 'ZEROHASH', 'primaryExchange': '', 'symbol': 'DOGE', 'localSymbol': 'DOGE.USD', 'currency': 'USD', 'tradingClass': 'DOGE', 'lastTradeDateOrContractMonth': '', 'lastTradeDate': '', 'multiplier': '', 'strike': 1.7976931348623157e+308, 'right': '', 'includeExpired': False, 'secIdType': '', 'secId': '', 'description': '', 'issuerId': '', 'comboLegsDescrip': '', 'comboLegs': [], 'deltaNeutralContract': None, 'build_futures_chain': None, 'build_options_chain': None, 'options_chain_exchange': None, 'min_expiry_days': None, 'max_expiry_days': None}, 'marketName': 'DOGE', 'minTick': 1e-05, 'orderTypes': 'AD,ADJUST,ALERT,BASKET,BENCHPX,CASHQTY,COND,DAY,DEACT,DEACTDIS,DEACTEOD,GAT,GTC,GTD,GTT,IOC,LMT,MKT,NMIN,NONALGO,WHATIF', 'validExchanges': 'ZEROHASH', 'priceMagnifier': 1, 'underConId': 0, 'longName': 'Dogecoin cryptocurrency', 'contractMonth': '', 'industry': '', 'category': '', 'subcategory': '', 'timeZoneId': 'US/Eastern', 'tradingHours': '20260726:0300-20260727:1600;20260727:1601-20260728:1600;20260728:1601-20260729:1600;20260729:1601-20260730:1600;20260730:1601-20260731:1600', 'liquidHours': '20260726:0300-20260727:1600;20260727:1601-20260728:1600;20260728:1601-20260729:1600;20260729:1601-20260730:1600;20260730:1601-20260731:1600', 'evRule': '', 'evMultiplier': 0, 'mdSizeMultiplier': 1, 'aggGroup': 0, 'underSymbol': '', 'underSecType': '', 'marketRuleIds': '4192', 'secIdList': [], 'realExpirationDate': '', 'lastTradeTime': '', 'stockType': '', 'minSize': '0.1', 'sizeIncrement': '0.1', 'suggestedSizeIncrement': '0.1', 'minAlgoSize': '0', 'lastPricePrecision': '170141183460469231731687303715884105727', 'lastSizePrecision': '170141183460469231731687303715884105727', 'cusip': '', 'ratings': '', 'descAppend': '', 'bondType': '', 'couponType': '', 'callable': False, 'putable': False, 'coupon': 0, 'convertible': False, 'maturity': '', 'issueDate': '', 'nextOptionDate': '', 'nextOptionType': '', 'nextOptionPartial': False, 'notes': '', 'fundName': '', 'fundFamily': '', 'fundType': '', 'fundFrontLoad': '', 'fundBackLoad': '', 'fundBackLoadTimeInterval': '', 'fundManagementFee': '', 'fundClosed': False, 'fundClosedForNewInvestors': False, 'fundClosedForNewMoney': False, 'fundNotifyAmount': '', 'fundMinimumInitialPurchase': '', 'fundSubsequentMinimumPurchase': '', 'fundBlueSkyStates': '', 'fundBlueSkyTerritories': '', 'fundDistributionPolicyIndicator': ['None', 'None'], 'fundAssetType': ['None', 'None'], 'ineligibilityReasonList': None, 'eventContract1': '', 'eventContractDescription1': '', 'eventContractDescription2': ''}) from InteractiveBrokersInstrumentProvider[0m
[1m2026-07-28T02:44:51.984273000Z[0m [INFO] PAPER-CRYPTO-001.InteractiveBrokersInstrumentProvider: Adding instrument=CryptoPerpetual(id=BTC/USD.ZEROHASH, raw_symbol=BTC.USD, asset_class=CRYPTOCURRENCY, instrument_class=SWAP, quote_currency=USD, is_inverse=True, price_precision=2, price_increment=0.25, size_precision=8, size_increment=0.00000001, multiplier=1, lot_size=1, margin_init=0, margin_maint=0, maker_fee=0, taker_fee=0, info={'contract': {'secType': 'CRYPTO', 'conId': 541686651, 'exchange': 'ZEROHASH', 'primaryExchange': '', 'symbol': 'BTC', 'localSymbol': 'BTC.USD', 'currency': 'USD', 'tradingClass': 'BTC', 'lastTradeDateOrContractMonth': '', 'lastTradeDate': '', 'multiplier': '', 'strike': 1.7976931348623157e+308, 'right': '', 'includeExpired': False, 'secIdType': '', 'secId': '', 'description': '', 'issuerId': '', 'comboLegsDescrip': '', 'comboLegs': [], 'deltaNeutralContract': None, 'build_futures_chain': None, 'build_options_chain': None, 'options_chain_exchange': None, 'min_expiry_days': None, 'max_expiry_days': None}, 'marketName': 'BTC', 'minTick': 0.25, 'orderTypes': 'AD,ADJUST,ALERT,BASKET,BENCHPX,CASHQTY,COND,DAY,DEACT,DEACTDIS,DEACTEOD,GAT,GTC,GTD,GTT,IOC,LMT,MKT,NMIN,NONALGO,WHATIF', 'validExchanges': 'ZEROHASH', 'priceMagnifier': 1, 'underConId': 0, 'longName': 'Bitcoin cryptocurrency', 'contractMonth': '', 'industry': '', 'category': '', 'subcategory': '', 'timeZoneId': 'US/Eastern', 'tradingHours': '20260726:0300-20260727:1600;20260727:1601-20260728:1600;20260728:1601-20260729:1600;20260729:1601-20260730:1600;20260730:1601-20260731:1600', 'liquidHours': '20260726:0300-20260727:1600;20260727:1601-20260728:1600;20260728:1601-20260729:1600;20260729:1601-20260730:1600;20260730:1601-20260731:1600', 'evRule': '', 'evMultiplier': 0, 'mdSizeMultiplier': 1, 'aggGroup': 0, 'underSymbol': '', 'underSecType': '', 'marketRuleIds': '2806', 'secIdList': [], 'realExpirationDate': '', 'lastTradeTime': '', 'stockType': '', 'minSize': '1E-8', 'sizeIncrement': '1E-8', 'suggestedSizeIncrement': '1E-8', 'minAlgoSize': '0', 'lastPricePrecision': '170141183460469231731687303715884105727', 'lastSizePrecision': '170141183460469231731687303715884105727', 'cusip': '', 'ratings': '', 'descAppend': '', 'bondType': '', 'couponType': '', 'callable': False, 'putable': False, 'coupon': 0, 'convertible': False, 'maturity': '', 'issueDate': '', 'nextOptionDate': '', 'nextOptionType': '', 'nextOptionPartial': False, 'notes': '', 'fundName': '', 'fundFamily': '', 'fundType': '', 'fundFrontLoad': '', 'fundBackLoad': '', 'fundBackLoadTimeInterval': '', 'fundManagementFee': '', 'fundClosed': False, 'fundClosedForNewInvestors': False, 'fundClosedForNewMoney': False, 'fundNotifyAmount': '', 'fundMinimumInitialPurchase': '', 'fundSubsequentMinimumPurchase': '', 'fundBlueSkyStates': '', 'fundBlueSkyTerritories': '', 'fundDistributionPolicyIndicator': ['None', 'None'], 'fundAssetType': ['None', 'None'], 'ineligibilityReasonList': None, 'eventContract1': '', 'eventContractDescription1': '', 'eventContractDescription2': ''}) from InteractiveBrokersInstrumentProvider[0m
[1m2026-07-28T02:44:51.984395000Z[0m [INFO] PAPER-CRYPTO-001.InteractiveBrokersInstrumentProvider: Adding instrument=CryptoPerpetual(id=XRP/USD.ZEROHASH, raw_symbol=XRP.USD, asset_class=CRYPTOCURRENCY, instrument_class=SWAP, quote_currency=USD, is_inverse=True, price_precision=4, price_increment=0.0001, size_precision=6, size_increment=0.000001, multiplier=1, lot_size=1, margin_init=0, margin_maint=0, maker_fee=0, taker_fee=0, info={'contract': {'secType': 'CRYPTO', 'conId': 766137544, 'exchange': 'ZEROHASH', 'primaryExchange': '', 'symbol': 'XRP', 'localSymbol': 'XRP.USD', 'currency': 'USD', 'tradingClass': 'XRP', 'lastTradeDateOrContractMonth': '', 'lastTradeDate': '', 'multiplier': '', 'strike': 1.7976931348623157e+308, 'right': '', 'includeExpired': False, 'secIdType': '', 'secId': '', 'description': '', 'issuerId': '', 'comboLegsDescrip': '', 'comboLegs': [], 'deltaNeutralContract': None, 'build_futures_chain': None, 'build_options_chain': None, 'options_chain_exchange': None, 'min_expiry_days': None, 'max_expiry_days': None}, 'marketName': 'XRP', 'minTick': 0.0001, 'orderTypes': 'AD,ADJUST,ALERT,BASKET,BENCHPX,CASHQTY,COND,DAY,DEACT,DEACTDIS,DEACTEOD,GAT,GTC,GTD,GTT,IOC,LMT,MKT,NMIN,NONALGO,WHATIF', 'validExchanges': 'ZEROHASH', 'priceMagnifier': 1, 'underConId': 0, 'longName': 'Ripple cryptocurrency', 'contractMonth': '', 'industry': '', 'category': '', 'subcategory': '', 'timeZoneId': 'US/Eastern', 'tradingHours': '20260726:0300-20260727:1600;20260727:1601-20260728:1600;20260728:1601-20260729:1600;20260729:1601-20260730:1600;20260730:1601-20260731:1600', 'liquidHours': '20260726:0300-20260727:1600;20260727:1601-20260728:1600;20260728:1601-20260729:1600;20260729:1601-20260730:1600;20260730:1601-20260731:1600', 'evRule': '', 'evMultiplier': 0, 'mdSizeMultiplier': 1, 'aggGroup': 0, 'underSymbol': '', 'underSecType': '', 'marketRuleIds': '3132', 'secIdList': [], 'realExpirationDate': '', 'lastTradeTime': '', 'stockType': '', 'minSize': '0.000001', 'sizeIncrement': '0.000001', 'suggestedSizeIncrement': '0.000001', 'minAlgoSize': '0', 'lastPricePrecision': '170141183460469231731687303715884105727', 'lastSizePrecision': '170141183460469231731687303715884105727', 'cusip': '', 'ratings': '', 'descAppend': '', 'bondType': '', 'couponType': '', 'callable': False, 'putable': False, 'coupon': 0, 'convertible': False, 'maturity': '', 'issueDate': '', 'nextOptionDate': '', 'nextOptionType': '', 'nextOptionPartial': False, 'notes': '', 'fundName': '', 'fundFamily': '', 'fundType': '', 'fundFrontLoad': '', 'fundBackLoad': '', 'fundBackLoadTimeInterval': '', 'fundManagementFee': '', 'fundClosed': False, 'fundClosedForNewInvestors': False, 'fundClosedForNewMoney': False, 'fundNotifyAmount': '', 'fundMinimumInitialPurchase': '', 'fundSubsequentMinimumPurchase': '', 'fundBlueSkyStates': '', 'fundBlueSkyTerritories': '', 'fundDistributionPolicyIndicator': ['None', 'None'], 'fundAssetType': ['None', 'None'], 'ineligibilityReasonList': None, 'eventContract1': '', 'eventContractDescription1': '', 'eventContractDescription2': ''}) from InteractiveBrokersInstrumentProvider[0m
[1m2026-07-28T02:44:51.984400000Z[0m [INFO] PAPER-CRYPTO-001.InteractiveBrokersInstrumentProvider: Loaded 5 instruments[0m
[1m2026-07-28T02:44:51.984401000Z[0m [INFO] PAPER-CRYPTO-001.InteractiveBrokersInstrumentProvider: Initialized instruments[0m
[1m2026-07-28T02:44:51.984420000Z[0m [92m[INFO] PAPER-CRYPTO-001.ExecClient-IB: Account `DUR143045` found in the connected TWS/Gateway[0m
[1m2026-07-28T02:44:51.984488000Z[0m [92m[INFO] PAPER-CRYPTO-001.DataClient-IB: Connected[0m
[1m2026-07-28T02:44:51.984762000Z[0m [1;33m[WARN] PAPER-CRYPTO-001.InteractiveBrokersClient-001: HMDS data farm connection is OK:ushmds (code: 2106, req_id=-1)[0m
[1m2026-07-28T02:44:51.984819000Z[0m [1;33m[WARN] PAPER-CRYPTO-001.InteractiveBrokersClient-001: Sec-def data farm connection is OK:secdefil (code: 2158, req_id=-1)[0m
[1m2026-07-28T02:44:52.143820000Z[0m [94m[INFO] PAPER-CRYPTO-001.TradingNode: Awaiting execution state reconciliation (30.0s timeout)...[0m
[1m2026-07-28T02:44:52.143835000Z[0m [92m[INFO] PAPER-CRYPTO-001.ExecClient-IB: Connected[0m
[1m2026-07-28T02:44:52.143853000Z[0m [INFO] PAPER-CRYPTO-001.ExecClient-IB: Generating ExecutionMassStatus...[0m
[1m2026-07-28T02:44:52.146273000Z[0m [INFO] PAPER-CRYPTO-001.ExecClient-IB: Generated 0 FillReports[0m
[1m2026-07-28T02:44:52.189074000Z[0m [INFO] PAPER-CRYPTO-001.Portfolio: Updated AccountState(account_id=IB-DUR143045, account_type=MARGIN, base_currency=None, is_reported=True, balances=[AccountBalance(total=1_002_408.77 USD, locked=2_236.61 USD, free=1_000_172.16 USD)], margins=[MarginBalance(initial=0.00 USD, maintenance=0.00 USD, instrument_id=None)], event_id=297b2e67-ab77-4ef3-a27e-2bc1ae185788)[0m
[1m2026-07-28T02:44:52.245632000Z[0m [94m[INFO] PAPER-CRYPTO-001.ExecEngine: Reconciling ExecutionMassStatus for None[0m
[1m2026-07-28T02:44:52.245641000Z[0m [94m[INFO] PAPER-CRYPTO-001.ExecEngine: Attempting to adjust fills for 0 instruments[0m
[1m2026-07-28T02:44:52.245682000Z[0m [94m[INFO] PAPER-CRYPTO-001.ExecEngine: Updating adjusted fills for 0 instruments[0m
[1m2026-07-28T02:44:52.245684000Z[0m [94m[INFO] PAPER-CRYPTO-001.ExecEngine: Final order_reports contains 0 orders, fill_reports contains 0 fills across all instruments[0m
[1m2026-07-28T02:44:52.245720000Z[0m [92m[INFO] PAPER-CRYPTO-001.ExecEngine: Reconciliation for IB succeeded[0m
[1m2026-07-28T02:44:52.245725000Z[0m [92m[INFO] PAPER-CRYPTO-001.TradingNode: Execution state reconciled[0m
[1m2026-07-28T02:44:52.245738000Z[0m [INFO] PAPER-CRYPTO-001.OrderEmulator: No emulated orders to reactivate[0m
[1m2026-07-28T02:44:52.245747000Z[0m [INFO] PAPER-CRYPTO-001.OrderEmulator: RUNNING[0m
[1m2026-07-28T02:44:52.245757000Z[0m [INFO] PAPER-CRYPTO-001.Portfolio: Initialized 0 open orders[0m
[1m2026-07-28T02:44:52.245759000Z[0m [INFO] PAPER-CRYPTO-001.Portfolio: Initialized 0 open positions[0m
[1m2026-07-28T02:44:52.245763000Z[0m [94m[INFO] PAPER-CRYPTO-001.TradingNode: Awaiting portfolio initialization (10.0s timeout)...[0m
[1m2026-07-28T02:44:52.245811000Z[0m [92m[INFO] PAPER-CRYPTO-001.ExecEngine: Startup reconciliation completed[0m
[1m2026-07-28T02:44:52.245812000Z[0m [94m[INFO] PAPER-CRYPTO-001.ExecEngine: Applying post-reconciliation startup delay (10.0s)[0m
[1m2026-07-28T02:44:52.245822000Z[0m [92m[INFO] PAPER-CRYPTO-001.TradingNode: Portfolio initialized[0m
[1m2026-07-28T02:44:52.245831000Z[0m [94m[INFO] PAPER-CRYPTO-001.MLStrategy: self.config.oms_type=None[0m
[1m2026-07-28T02:44:52.245831001Z[0m [94m[INFO] PAPER-CRYPTO-001.MLStrategy: self.config.external_order_claims=None[0m
[1m2026-07-28T02:44:52.245832000Z[0m [94m[INFO] PAPER-CRYPTO-001.MLStrategy: self.config.manage_gtd_expiry=False[0m
[1m2026-07-28T02:44:52.245837000Z[0m [94m[INFO] PAPER-CRYPTO-001.MLStrategy: Set ClientOrderIdGenerator client_order_id count to 0[0m
[1m2026-07-28T02:44:52.245838000Z[0m [94m[INFO] PAPER-CRYPTO-001.MLStrategy: Set ClientOrderIdGenerator order_list_id count to 0[0m
[1m2026-07-28T02:44:52.246045000Z[0m [INFO] PAPER-CRYPTO-001.MLStrategy: [CMD]--> SubscribeBars(bar_type=BTC/USD.ZEROHASH-1-DAY-MID-EXTERNAL, client_id=None, venue=ZEROHASH)[0m
[1m2026-07-28T02:44:52.246056000Z[0m [INFO] PAPER-CRYPTO-001.MLStrategy: Subscribed BTC/USD.ZEROHASH-1-DAY-MID-EXTERNAL[0m
[1m2026-07-28T02:44:52.246086000Z[0m [INFO] PAPER-CRYPTO-001.MLStrategy: [CMD]--> SubscribeBars(bar_type=ETH/USD.ZEROHASH-1-DAY-MID-EXTERNAL, client_id=None, venue=ZEROHASH)[0m
[1m2026-07-28T02:44:52.246090000Z[0m [INFO] PAPER-CRYPTO-001.MLStrategy: Subscribed ETH/USD.ZEROHASH-1-DAY-MID-EXTERNAL[0m
[1m2026-07-28T02:44:52.246111000Z[0m [INFO] PAPER-CRYPTO-001.MLStrategy: [CMD]--> SubscribeBars(bar_type=SOL/USD.ZEROHASH-1-DAY-MID-EXTERNAL, client_id=None, venue=ZEROHASH)[0m
[1m2026-07-28T02:44:52.246113000Z[0m [INFO] PAPER-CRYPTO-001.MLStrategy: Subscribed SOL/USD.ZEROHASH-1-DAY-MID-EXTERNAL[0m
[1m2026-07-28T02:44:52.246133000Z[0m [INFO] PAPER-CRYPTO-001.MLStrategy: [CMD]--> SubscribeBars(bar_type=XRP/USD.ZEROHASH-1-DAY-MID-EXTERNAL, client_id=None, venue=ZEROHASH)[0m
[1m2026-07-28T02:44:52.246136000Z[0m [INFO] PAPER-CRYPTO-001.MLStrategy: Subscribed XRP/USD.ZEROHASH-1-DAY-MID-EXTERNAL[0m
[1m2026-07-28T02:44:52.246155000Z[0m [INFO] PAPER-CRYPTO-001.MLStrategy: [CMD]--> SubscribeBars(bar_type=DOGE/USD.ZEROHASH-1-DAY-MID-EXTERNAL, client_id=None, venue=ZEROHASH)[0m
[1m2026-07-28T02:44:52.246158000Z[0m [INFO] PAPER-CRYPTO-001.MLStrategy: Subscribed DOGE/USD.ZEROHASH-1-DAY-MID-EXTERNAL[0m
[1m2026-07-28T02:44:52.246162000Z[0m [1;33m[WARN] PAPER-CRYPTO-001.MLStrategy: Ignoring legacy risk snapshot without an allocated-equity baseline[0m
[1m2026-07-28T02:44:52.246248000Z[0m [INFO] PAPER-CRYPTO-001.MLStrategy: [REQ]--> RequestBars(bar_type=BTC/USD.ZEROHASH-1-DAY-MID-EXTERNAL, start=2025-06-23 02:44:52.246181+00:00, end=2026-07-28 02:44:52.246207+00:00, limit=0, client_id=None, venue=ZEROHASH, data_type=Bar, params={'update_catalog': False, 'join_request': False})[0m
[1m2026-07-28T02:44:52.246273000Z[0m [INFO] PAPER-CRYPTO-001.MLStrategy: [REQ]--> RequestBars(bar_type=ETH/USD.ZEROHASH-1-DAY-MID-EXTERNAL, start=2025-06-23 02:44:52.246253+00:00, end=2026-07-28 02:44:52.246261+00:00, limit=0, client_id=None, venue=ZEROHASH, data_type=Bar, params={'update_catalog': False, 'join_request': False})[0m
[1m2026-07-28T02:44:52.246290000Z[0m [INFO] PAPER-CRYPTO-001.MLStrategy: [REQ]--> RequestBars(bar_type=SOL/USD.ZEROHASH-1-DAY-MID-EXTERNAL, start=2025-06-23 02:44:52.246276+00:00, end=2026-07-28 02:44:52.246280+00:00, limit=0, client_id=None, venue=ZEROHASH, data_type=Bar, params={'update_catalog': False, 'join_request': False})[0m
[1m2026-07-28T02:44:52.246310000Z[0m [INFO] PAPER-CRYPTO-001.MLStrategy: [REQ]--> RequestBars(bar_type=XRP/USD.ZEROHASH-1-DAY-MID-EXTERNAL, start=2025-06-23 02:44:52.246292+00:00, end=2026-07-28 02:44:52.246297+00:00, limit=0, client_id=None, venue=ZEROHASH, data_type=Bar, params={'update_catalog': False, 'join_request': False})[0m
[1m2026-07-28T02:44:52.246329000Z[0m [INFO] PAPER-CRYPTO-001.MLStrategy: [REQ]--> RequestBars(bar_type=DOGE/USD.ZEROHASH-1-DAY-MID-EXTERNAL, start=2025-06-23 02:44:52.246312+00:00, end=2026-07-28 02:44:52.246318+00:00, limit=0, client_id=None, venue=ZEROHASH, data_type=Bar, params={'update_catalog': False, 'join_request': False})[0m
[1m2026-07-28T02:44:52.246367000Z[0m [INFO] PAPER-CRYPTO-001.MLStrategy: RUNNING[0m
[1m2026-07-28T02:44:52.246373000Z[0m [INFO] PAPER-CRYPTO-001.PAPER-CRYPTO-001: RUNNING[0m
[1m2026-07-28T02:44:52.246378000Z[0m [INFO] PAPER-CRYPTO-001.TradingNode: RUNNING[0m
[1m2026-07-28T02:44:52.252647000Z[0m [94m[INFO] PAPER-CRYPTO-001.DataClient-IB: Request BTC/USD.ZEROHASH-1-DAY-MID-EXTERNAL bars from 2025-06-23T02:44:52.246181000Z to 2026-07-28T02:44:52.246207000Z[0m
[1m2026-07-28T02:44:52.252679000Z[0m [94m[INFO] PAPER-CRYPTO-001.DataClient-IB: Request ETH/USD.ZEROHASH-1-DAY-MID-EXTERNAL bars from 2025-06-23T02:44:52.246253000Z to 2026-07-28T02:44:52.246261000Z[0m
[1m2026-07-28T02:44:52.252702000Z[0m [94m[INFO] PAPER-CRYPTO-001.DataClient-IB: Request SOL/USD.ZEROHASH-1-DAY-MID-EXTERNAL bars from 2025-06-23T02:44:52.246276000Z to 2026-07-28T02:44:52.246280000Z[0m
[1m2026-07-28T02:44:52.252721000Z[0m [94m[INFO] PAPER-CRYPTO-001.DataClient-IB: Request XRP/USD.ZEROHASH-1-DAY-MID-EXTERNAL bars from 2025-06-23T02:44:52.246292000Z to 2026-07-28T02:44:52.246297000Z[0m
[1m2026-07-28T02:44:52.252739000Z[0m [94m[INFO] PAPER-CRYPTO-001.DataClient-IB: Request DOGE/USD.ZEROHASH-1-DAY-MID-EXTERNAL bars from 2025-06-23T02:44:52.246312000Z to 2026-07-28T02:44:52.246318000Z[0m
[1m2026-07-28T02:44:52.252801000Z[0m [INFO] PAPER-CRYPTO-001.InteractiveBrokersClient-001: Creating and registering a new Subscription instance for BTC/USD.ZEROHASH-1-DAY-MID-EXTERNAL[0m
[1m2026-07-28T02:44:52.252904000Z[0m [INFO] PAPER-CRYPTO-001.InteractiveBrokersClient-001: Creating and registering a new Subscription instance for ETH/USD.ZEROHASH-1-DAY-MID-EXTERNAL[0m
[1m2026-07-28T02:44:52.253018000Z[0m [INFO] PAPER-CRYPTO-001.InteractiveBrokersClient-001: Creating and registering a new Subscription instance for SOL/USD.ZEROHASH-1-DAY-MID-EXTERNAL[0m
[1m2026-07-28T02:44:52.253051000Z[0m [INFO] PAPER-CRYPTO-001.InteractiveBrokersClient-001: Creating and registering a new Subscription instance for XRP/USD.ZEROHASH-1-DAY-MID-EXTERNAL[0m
[1m2026-07-28T02:44:52.253081000Z[0m [INFO] PAPER-CRYPTO-001.InteractiveBrokersClient-001: Creating and registering a new Subscription instance for DOGE/USD.ZEROHASH-1-DAY-MID-EXTERNAL[0m
[1m2026-07-28T02:44:52.253119000Z[0m [INFO] PAPER-CRYPTO-001.DataClient-IB: BTC/USD.ZEROHASH: Requesting historical bars: BTC/USD.ZEROHASH-1-DAY-MID-EXTERNAL ending on '2026-07-28 02:44:52.246207+00:00' with duration '1 Y'[0m
[1m2026-07-28T02:44:52.253190000Z[0m [INFO] PAPER-CRYPTO-001.DataClient-IB: ETH/USD.ZEROHASH: Requesting historical bars: ETH/USD.ZEROHASH-1-DAY-MID-EXTERNAL ending on '2026-07-28 02:44:52.246261+00:00' with duration '1 Y'[0m
[1m2026-07-28T02:44:52.253233000Z[0m [INFO] PAPER-CRYPTO-001.DataClient-IB: SOL/USD.ZEROHASH: Requesting historical bars: SOL/USD.ZEROHASH-1-DAY-MID-EXTERNAL ending on '2026-07-28 02:44:52.246280+00:00' with duration '1 Y'[0m
[1m2026-07-28T02:44:52.253265000Z[0m [INFO] PAPER-CRYPTO-001.DataClient-IB: XRP/USD.ZEROHASH: Requesting historical bars: XRP/USD.ZEROHASH-1-DAY-MID-EXTERNAL ending on '2026-07-28 02:44:52.246297+00:00' with duration '1 Y'[0m
[1m2026-07-28T02:44:52.253303000Z[0m [INFO] PAPER-CRYPTO-001.DataClient-IB: DOGE/USD.ZEROHASH: Requesting historical bars: DOGE/USD.ZEROHASH-1-DAY-MID-EXTERNAL ending on '2026-07-28 02:44:52.246318+00:00' with duration '1 Y'[0m
[1m2026-07-28T02:44:52.253344000Z[0m [94m[INFO] PAPER-CRYPTO-001.DataClient-IB: Subscribed BTC/USD.ZEROHASH-1-DAY-MID-EXTERNAL bars[0m
[1m2026-07-28T02:44:52.253349000Z[0m [94m[INFO] PAPER-CRYPTO-001.DataClient-IB: Subscribed ETH/USD.ZEROHASH-1-DAY-MID-EXTERNAL bars[0m
[1m2026-07-28T02:44:52.253349001Z[0m [94m[INFO] PAPER-CRYPTO-001.DataClient-IB: Subscribed SOL/USD.ZEROHASH-1-DAY-MID-EXTERNAL bars[0m
[1m2026-07-28T02:44:52.253351000Z[0m [94m[INFO] PAPER-CRYPTO-001.DataClient-IB: Subscribed XRP/USD.ZEROHASH-1-DAY-MID-EXTERNAL bars[0m
[1m2026-07-28T02:44:52.253351001Z[0m [94m[INFO] PAPER-CRYPTO-001.DataClient-IB: Subscribed DOGE/USD.ZEROHASH-1-DAY-MID-EXTERNAL bars[0m
[1m2026-07-28T02:44:53.083080000Z[0m [INFO] PAPER-CRYPTO-001.Portfolio: Updated AccountState(account_id=IB-DUR143045, account_type=MARGIN, base_currency=None, is_reported=True, balances=[AccountBalance(total=1_002_408.77 USD, locked=2_236.61 USD, free=1_000_172.16 USD)], margins=[MarginBalance(initial=0.00 USD, maintenance=0.00 USD, instrument_id=None)], event_id=b6c98f1f-6c4a-41d2-bc78-fa60a36a558f)[0m
[1m2026-07-28T02:44:53.141947000Z[0m [INFO] PAPER-CRYPTO-001.DataClient-IB: BTC/USD.ZEROHASH: Number of bars retrieved in batch: 261[0m
[1m2026-07-28T02:44:53.141965000Z[0m [INFO] PAPER-CRYPTO-001.DataClient-IB: Total number of bars in data: 261[0m
[1m2026-07-28T02:44:53.143924000Z[0m [INFO] PAPER-CRYPTO-001.MLStrategy: Received <Bar[260]> data for BTC/USD.ZEROHASH-1-DAY-MID-EXTERNAL[0m
[1m2026-07-28T02:44:53.168505000Z[0m [INFO] PAPER-CRYPTO-001.DataClient-IB: ETH/USD.ZEROHASH: Number of bars retrieved in batch: 261[0m
[1m2026-07-28T02:44:53.168515000Z[0m [INFO] PAPER-CRYPTO-001.DataClient-IB: Total number of bars in data: 261[0m
[1m2026-07-28T02:44:53.171205000Z[0m [INFO] PAPER-CRYPTO-001.MLStrategy: Received <Bar[260]> data for ETH/USD.ZEROHASH-1-DAY-MID-EXTERNAL[0m
[1m2026-07-28T02:44:53.238831000Z[0m [INFO] PAPER-CRYPTO-001.DataClient-IB: SOL/USD.ZEROHASH: Number of bars retrieved in batch: 261[0m
[1m2026-07-28T02:44:53.238841000Z[0m [INFO] PAPER-CRYPTO-001.DataClient-IB: Total number of bars in data: 261[0m
[1m2026-07-28T02:44:53.239871000Z[0m [INFO] PAPER-CRYPTO-001.MLStrategy: Received <Bar[260]> data for SOL/USD.ZEROHASH-1-DAY-MID-EXTERNAL[0m
[1m2026-07-28T02:44:53.328453000Z[0m [INFO] PAPER-CRYPTO-001.DataClient-IB: XRP/USD.ZEROHASH: Number of bars retrieved in batch: 261[0m
[1m2026-07-28T02:44:53.328460000Z[0m [INFO] PAPER-CRYPTO-001.DataClient-IB: Total number of bars in data: 261[0m
[1m2026-07-28T02:44:53.329529000Z[0m [INFO] PAPER-CRYPTO-001.MLStrategy: Received <Bar[260]> data for XRP/USD.ZEROHASH-1-DAY-MID-EXTERNAL[0m
[1m2026-07-28T02:44:53.423224000Z[0m [INFO] PAPER-CRYPTO-001.DataClient-IB: DOGE/USD.ZEROHASH: Number of bars retrieved in batch: 261[0m
[1m2026-07-28T02:44:53.423232000Z[0m [INFO] PAPER-CRYPTO-001.DataClient-IB: Total number of bars in data: 261[0m
[1m2026-07-28T02:44:53.424274000Z[0m [INFO] PAPER-CRYPTO-001.MLStrategy: Received <Bar[260]> data for DOGE/USD.ZEROHASH-1-DAY-MID-EXTERNAL[0m
[1m2026-07-28T02:47:53.069407000Z[0m [INFO] PAPER-CRYPTO-001.Portfolio: Updated AccountState(account_id=IB-DUR143045, account_type=MARGIN, base_currency=None, is_reported=True, balances=[AccountBalance(total=1_002_408.77 USD, locked=2_236.61 USD, free=1_000_172.16 USD)], margins=[MarginBalance(initial=0.00 USD, maintenance=0.00 USD, instrument_id=None)], event_id=a4ae9505-855f-47d5-9a3e-0b42006aabf6)[0m
[1m2026-07-28T02:50:53.066399000Z[0m [INFO] PAPER-CRYPTO-001.Portfolio: Updated AccountState(account_id=IB-DUR143045, account_type=MARGIN, base_currency=None, is_reported=True, balances=[AccountBalance(total=1_002_408.77 USD, locked=2_236.61 USD, free=1_000_172.16 USD)], margins=[MarginBalance(initial=0.00 USD, maintenance=0.00 USD, instrument_id=None)], event_id=1962e416-00f6-469a-88a1-6a7b41d6dfd0)[0m
[1m2026-07-28T02:53:53.068751000Z[0m [INFO] PAPER-CRYPTO-001.Portfolio: Updated AccountState(account_id=IB-DUR143045, account_type=MARGIN, base_currency=None, is_reported=True, balances=[AccountBalance(total=1_002_408.77 USD, locked=2_236.61 USD, free=1_000_172.16 USD)], margins=[MarginBalance(initial=0.00 USD, maintenance=0.00 USD, instrument_id=None)], event_id=bec2a326-5504-437d-8957-12c38811c890)[0m
[1m2026-07-28T02:56:53.098245000Z[0m [INFO] PAPER-CRYPTO-001.Portfolio: Updated AccountState(account_id=IB-DUR143045, account_type=MARGIN, base_currency=None, is_reported=True, balances=[AccountBalance(total=1_002_408.77 USD, locked=2_236.61 USD, free=1_000_172.16 USD)], margins=[MarginBalance(initial=0.00 USD, maintenance=0.00 USD, instrument_id=None)], event_id=24e265f1-cde9-4b4a-91d5-ae000d5320a5)[0m
[1m2026-07-28T02:59:53.180049000Z[0m [INFO] PAPER-CRYPTO-001.Portfolio: Updated AccountState(account_id=IB-DUR143045, account_type=MARGIN, base_currency=None, is_reported=True, balances=[AccountBalance(total=1_002_408.77 USD, locked=2_236.61 USD, free=1_000_172.16 USD)], margins=[MarginBalance(initial=0.00 USD, maintenance=0.00 USD, instrument_id=None)], event_id=c3789872-8374-4a2e-a6b0-5788a808c382)[0m
[1m2026-07-28T03:02:53.070355000Z[0m [INFO] PAPER-CRYPTO-001.Portfolio: Updated AccountState(account_id=IB-DUR143045, account_type=MARGIN, base_currency=None, is_reported=True, balances=[AccountBalance(total=1_002_408.77 USD, locked=2_236.61 USD, free=1_000_172.16 USD)], margins=[MarginBalance(initial=0.00 USD, maintenance=0.00 USD, instrument_id=None)], event_id=2571826b-0222-42b3-bfac-648f83f9b716)[0m
[1m2026-07-28T03:05:53.067844000Z[0m [INFO] PAPER-CRYPTO-001.Portfolio: Updated AccountState(account_id=IB-DUR143045, account_type=MARGIN, base_currency=None, is_reported=True, balances=[AccountBalance(total=1_002_408.77 USD, locked=2_236.61 USD, free=1_000_172.16 USD)], margins=[MarginBalance(initial=0.00 USD, maintenance=0.00 USD, instrument_id=None)], event_id=7a9ea9aa-6963-45f1-a1e4-4ea010e11c53)[0m
[1m2026-07-28T03:08:53.091753000Z[0m [INFO] PAPER-CRYPTO-001.Portfolio: Updated AccountState(account_id=IB-DUR143045, account_type=MARGIN, base_currency=None, is_reported=True, balances=[AccountBalance(total=1_002_408.77 USD, locked=2_236.61 USD, free=1_000_172.16 USD)], margins=[MarginBalance(initial=0.00 USD, maintenance=0.00 USD, instrument_id=None)], event_id=43945822-6a37-4cf2-9da0-4eefc67e4b47)[0m
[1m2026-07-28T03:11:53.060602000Z[0m [INFO] PAPER-CRYPTO-001.Portfolio: Updated AccountState(account_id=IB-DUR143045, account_type=MARGIN, base_currency=None, is_reported=True, balances=[AccountBalance(total=1_002_408.77 USD, locked=2_236.61 USD, free=1_000_172.16 USD)], margins=[MarginBalance(initial=0.00 USD, maintenance=0.00 USD, instrument_id=None)], event_id=783db878-b6d0-4f4f-8248-0954e3515f3e)[0m
[1m2026-07-28T03:14:53.171077000Z[0m [INFO] PAPER-CRYPTO-001.Portfolio: Updated AccountState(account_id=IB-DUR143045, account_type=MARGIN, base_currency=None, is_reported=True, balances=[AccountBalance(total=1_002_408.77 USD, locked=2_236.61 USD, free=1_000_172.16 USD)], margins=[MarginBalance(initial=0.00 USD, maintenance=0.00 USD, instrument_id=None)], event_id=a3c2fff5-8d5e-4c82-8755-b569a4fa8d2d)[0m
[1m2026-07-28T03:17:53.047174000Z[0m [INFO] PAPER-CRYPTO-001.Portfolio: Updated AccountState(account_id=IB-DUR143045, account_type=MARGIN, base_currency=None, is_reported=True, balances=[AccountBalance(total=1_002_408.77 USD, locked=2_236.61 USD, free=1_000_172.16 USD)], margins=[MarginBalance(initial=0.00 USD, maintenance=0.00 USD, instrument_id=None)], event_id=bccd7c3b-0f16-450c-95cd-6a42377a5dcf)[0m
[1m2026-07-28T03:20:53.085232000Z[0m [INFO] PAPER-CRYPTO-001.Portfolio: Updated AccountState(account_id=IB-DUR143045, account_type=MARGIN, base_currency=None, is_reported=True, balances=[AccountBalance(total=1_002_408.77 USD, locked=2_236.61 USD, free=1_000_172.16 USD)], margins=[MarginBalance(initial=0.00 USD, maintenance=0.00 USD, instrument_id=None)], event_id=e0b74f44-394d-4014-96e6-0a205df8abb2)[0m
[1m2026-07-28T03:23:53.116030000Z[0m [INFO] PAPER-CRYPTO-001.Portfolio: Updated AccountState(account_id=IB-DUR143045, account_type=MARGIN, base_currency=None, is_reported=True, balances=[AccountBalance(total=1_002_408.77 USD, locked=2_236.61 USD, free=1_000_172.16 USD)], margins=[MarginBalance(initial=0.00 USD, maintenance=0.00 USD, instrument_id=None)], event_id=960fba39-9c30-4146-917e-eb8b5b09881f)[0m
[1m2026-07-28T03:26:53.137446000Z[0m [INFO] PAPER-CRYPTO-001.Portfolio: Updated AccountState(account_id=IB-DUR143045, account_type=MARGIN, base_currency=None, is_reported=True, balances=[AccountBalance(total=1_002_408.77 USD, locked=2_236.61 USD, free=1_000_172.16 USD)], margins=[MarginBalance(initial=0.00 USD, maintenance=0.00 USD, instrument_id=None)], event_id=2640964f-98c5-4c79-9229-9ff902cf3bb6)[0m
[1m2026-07-28T03:29:53.087641000Z[0m [INFO] PAPER-CRYPTO-001.Portfolio: Updated AccountState(account_id=IB-DUR143045, account_type=MARGIN, base_currency=None, is_reported=True, balances=[AccountBalance(total=1_002_408.77 USD, locked=2_236.61 USD, free=1_000_172.16 USD)], margins=[MarginBalance(initial=0.00 USD, maintenance=0.00 USD, instrument_id=None)], event_id=3377a924-2b0c-420c-bc60-2badb6216f77)[0m
[1m2026-07-28T03:32:53.061889000Z[0m [INFO] PAPER-CRYPTO-001.Portfolio: Updated AccountState(account_id=IB-DUR143045, account_type=MARGIN, base_currency=None, is_reported=True, balances=[AccountBalance(total=1_002_408.77 USD, locked=2_236.61 USD, free=1_000_172.16 USD)], margins=[MarginBalance(initial=0.00 USD, maintenance=0.00 USD, instrument_id=None)], event_id=79f04b26-4ffd-4b51-8f57-9b516798ab49)[0m
[1m2026-07-28T03:33:53.222202000Z[0m [1;33m[WARN] PAPER-CRYPTO-001.TradingNode: Received SIGINT, shutting down[0m
[1m2026-07-28T03:33:53.222230000Z[0m [INFO] PAPER-CRYPTO-001.TradingNode: STOPPING[0m
[1m2026-07-28T03:33:53.222316000Z[0m [INFO] PAPER-CRYPTO-001.MLStrategy: [CMD]--> UnsubscribeBars(bar_type=BTC/USD.ZEROHASH-1-DAY-MID-EXTERNAL, client_id=None, venue=ZEROHASH)[0m
[1m2026-07-28T03:33:53.222323000Z[0m [INFO] PAPER-CRYPTO-001.MLStrategy: Unsubscribed from BTC/USD.ZEROHASH-1-DAY-MID-EXTERNAL bar data[0m
[1m2026-07-28T03:33:53.222336000Z[0m [INFO] PAPER-CRYPTO-001.MLStrategy: [CMD]--> UnsubscribeBars(bar_type=ETH/USD.ZEROHASH-1-DAY-MID-EXTERNAL, client_id=None, venue=ZEROHASH)[0m
[1m2026-07-28T03:33:53.222339000Z[0m [INFO] PAPER-CRYPTO-001.MLStrategy: Unsubscribed from ETH/USD.ZEROHASH-1-DAY-MID-EXTERNAL bar data[0m
[1m2026-07-28T03:33:53.222349000Z[0m [INFO] PAPER-CRYPTO-001.MLStrategy: [CMD]--> UnsubscribeBars(bar_type=SOL/USD.ZEROHASH-1-DAY-MID-EXTERNAL, client_id=None, venue=ZEROHASH)[0m
[1m2026-07-28T03:33:53.222351000Z[0m [INFO] PAPER-CRYPTO-001.MLStrategy: Unsubscribed from SOL/USD.ZEROHASH-1-DAY-MID-EXTERNAL bar data[0m
[1m2026-07-28T03:33:53.222359000Z[0m [INFO] PAPER-CRYPTO-001.MLStrategy: [CMD]--> UnsubscribeBars(bar_type=XRP/USD.ZEROHASH-1-DAY-MID-EXTERNAL, client_id=None, venue=ZEROHASH)[0m
[1m2026-07-28T03:33:53.222360000Z[0m [INFO] PAPER-CRYPTO-001.MLStrategy: Unsubscribed from XRP/USD.ZEROHASH-1-DAY-MID-EXTERNAL bar data[0m
[1m2026-07-28T03:33:53.222366000Z[0m [INFO] PAPER-CRYPTO-001.MLStrategy: [CMD]--> UnsubscribeBars(bar_type=DOGE/USD.ZEROHASH-1-DAY-MID-EXTERNAL, client_id=None, venue=ZEROHASH)[0m
[1m2026-07-28T03:33:53.222368000Z[0m [INFO] PAPER-CRYPTO-001.MLStrategy: Unsubscribed from DOGE/USD.ZEROHASH-1-DAY-MID-EXTERNAL bar data[0m
[1m2026-07-28T03:33:53.222370000Z[0m [INFO] PAPER-CRYPTO-001.MLStrategy: Canceling executor tasks[0m
[1m2026-07-28T03:33:53.222392000Z[0m [INFO] PAPER-CRYPTO-001.MLStrategy: STOPPED[0m
[1m2026-07-28T03:33:53.222397000Z[0m [INFO] PAPER-CRYPTO-001.PAPER-CRYPTO-001: STOPPED[0m
[1m2026-07-28T03:33:53.222403000Z[0m [94m[INFO] PAPER-CRYPTO-001.TradingNode: Awaiting post stop (10.0s timeout)...[0m
[1m2026-07-28T03:33:53.222728000Z[0m [94m[INFO] PAPER-CRYPTO-001.DataClient-IB: Unsubscribed BTC/USD.ZEROHASH-1-DAY-MID-EXTERNAL bars[0m
[1m2026-07-28T03:33:53.222732000Z[0m [94m[INFO] PAPER-CRYPTO-001.DataClient-IB: Unsubscribed ETH/USD.ZEROHASH-1-DAY-MID-EXTERNAL bars[0m
[1m2026-07-28T03:33:53.222733000Z[0m [94m[INFO] PAPER-CRYPTO-001.DataClient-IB: Unsubscribed SOL/USD.ZEROHASH-1-DAY-MID-EXTERNAL bars[0m
[1m2026-07-28T03:33:53.222734000Z[0m [94m[INFO] PAPER-CRYPTO-001.DataClient-IB: Unsubscribed XRP/USD.ZEROHASH-1-DAY-MID-EXTERNAL bars[0m
[1m2026-07-28T03:33:53.222735000Z[0m [94m[INFO] PAPER-CRYPTO-001.DataClient-IB: Unsubscribed DOGE/USD.ZEROHASH-1-DAY-MID-EXTERNAL bars[0m
[1m2026-07-28T03:33:53.224635000Z[0m [1;31m[ERROR] PAPER-CRYPTO-001.InteractiveBrokersClient-001: Historical Market Data Service error message:API historical data query cancelled: 10005 (code: 162, req_id=10005)[0m
[1m2026-07-28T03:33:53.224646000Z[0m [1;33m[WARN] PAPER-CRYPTO-001.InteractiveBrokersClient-001: Unhandled error: 162 for req_id 10005[0m
[1m2026-07-28T03:33:53.323530000Z[0m [1;31m[ERROR] PAPER-CRYPTO-001.InteractiveBrokersClient-001: Historical Market Data Service error message:API historical data query cancelled: 10006 (code: 162, req_id=10006)[0m
[1m2026-07-28T03:33:53.323548000Z[0m [1;33m[WARN] PAPER-CRYPTO-001.InteractiveBrokersClient-001: Unhandled error: 162 for req_id 10006[0m
[1m2026-07-28T03:33:53.423656000Z[0m [1;31m[ERROR] PAPER-CRYPTO-001.InteractiveBrokersClient-001: Historical Market Data Service error message:API historical data query cancelled: 10007 (code: 162, req_id=10007)[0m
[1m2026-07-28T03:33:53.423672000Z[0m [1;33m[WARN] PAPER-CRYPTO-001.InteractiveBrokersClient-001: Unhandled error: 162 for req_id 10007[0m
[1m2026-07-28T03:33:53.523690000Z[0m [1;31m[ERROR] PAPER-CRYPTO-001.InteractiveBrokersClient-001: Historical Market Data Service error message:API historical data query cancelled: 10008 (code: 162, req_id=10008)[0m
[1m2026-07-28T03:33:53.523709000Z[0m [1;33m[WARN] PAPER-CRYPTO-001.InteractiveBrokersClient-001: Unhandled error: 162 for req_id 10008[0m
[1m2026-07-28T03:33:53.623833000Z[0m [1;31m[ERROR] PAPER-CRYPTO-001.InteractiveBrokersClient-001: Historical Market Data Service error message:API historical data query cancelled: 10009 (code: 162, req_id=10009)[0m
[1m2026-07-28T03:33:53.623848000Z[0m [1;33m[WARN] PAPER-CRYPTO-001.InteractiveBrokersClient-001: Unhandled error: 162 for req_id 10009[0m
[1m2026-07-28T03:34:03.223716000Z[0m [94m[INFO] PAPER-CRYPTO-001.MLStrategy: Saved state: ['ml_strategy.json'][0m
[1m2026-07-28T03:34:03.223791000Z[0m [INFO] PAPER-CRYPTO-001.DataClient-IB: STOPPED[0m
[1m2026-07-28T03:34:03.223803000Z[0m [INFO] PAPER-CRYPTO-001.ExecClient-IB: STOPPED[0m
[1m2026-07-28T03:34:03.223809000Z[0m [INFO] PAPER-CRYPTO-001.DataEngine: Disconnecting all clients...[0m
[1m2026-07-28T03:34:03.223811000Z[0m [INFO] PAPER-CRYPTO-001.DataClient-IB: Disconnecting...[0m
[1m2026-07-28T03:34:03.223822000Z[0m [INFO] PAPER-CRYPTO-001.ExecEngine: Disconnecting all clients...[0m
[1m2026-07-28T03:34:03.223824000Z[0m [INFO] PAPER-CRYPTO-001.ExecClient-IB: Disconnecting...[0m
[1m2026-07-28T03:34:03.223833000Z[0m [94m[INFO] PAPER-CRYPTO-001.TradingNode: Awaiting engine disconnections (10.0s timeout)...[0m
[1m2026-07-28T03:34:03.223943000Z[0m [INFO] PAPER-CRYPTO-001.InteractiveBrokersClient-001: STOPPED[0m
[1m2026-07-28T03:34:03.223965000Z[0m [92m[INFO] PAPER-CRYPTO-001.DataClient-IB: Disconnected[0m
[1m2026-07-28T03:34:03.223979000Z[0m [92m[INFO] PAPER-CRYPTO-001.ExecClient-IB: Disconnected[0m
[1m2026-07-28T03:34:03.224026000Z[0m [INFO] PAPER-CRYPTO-001.DataEngine: STOPPED[0m
[1m2026-07-28T03:34:03.224039000Z[0m [INFO] PAPER-CRYPTO-001.RiskEngine: STOPPED[0m
[1m2026-07-28T03:34:03.224050000Z[0m [INFO] PAPER-CRYPTO-001.ExecEngine: Canceling position snapshots timer[0m
[1m2026-07-28T03:34:03.224081000Z[0m [INFO] PAPER-CRYPTO-001.ExecEngine: STOPPED[0m
[1m2026-07-28T03:34:03.224091000Z[0m [INFO] PAPER-CRYPTO-001.OrderEmulator: STOPPED[0m
[1m2026-07-28T03:34:03.224097000Z[0m [INFO] PAPER-CRYPTO-001.TradingNode: STOPPED[0m
[1m2026-07-28T03:34:03.224105000Z[0m [INFO] PAPER-CRYPTO-001.InteractiveBrokersClient-001: Stopping InteractiveBrokersClient (1)...[0m
[1m2026-07-28T03:34:03.224270000Z[0m [INFO] PAPER-CRYPTO-001.InteractiveBrokersClient-001: All tasks canceled successfully.[0m
[1m2026-07-28T03:34:03.224514000Z[0m [INFO] PAPER-CRYPTO-001.DataClient-IB: DISPOSED[0m
[1m2026-07-28T03:34:03.224521000Z[0m [INFO] PAPER-CRYPTO-001.DataEngine: DISPOSED[0m
[1m2026-07-28T03:34:03.224526000Z[0m [INFO] PAPER-CRYPTO-001.RiskEngine: DISPOSED[0m
[1m2026-07-28T03:34:03.224532000Z[0m [INFO] PAPER-CRYPTO-001.ExecClient-IB: DISPOSED[0m
[1m2026-07-28T03:34:03.224535000Z[0m [INFO] PAPER-CRYPTO-001.ExecEngine: DISPOSED[0m
[1m2026-07-28T03:34:03.224547000Z[0m [INFO] PAPER-CRYPTO-001.OrderEmulator: DISPOSED[0m
[1m2026-07-28T03:34:03.224554000Z[0m [INFO] PAPER-CRYPTO-001.PAPER-CRYPTO-001: Cleared actors[0m
[1m2026-07-28T03:34:03.224560000Z[0m [INFO] PAPER-CRYPTO-001.MLStrategy: DISPOSED[0m
[1m2026-07-28T03:34:03.224566000Z[0m [INFO] PAPER-CRYPTO-001.PAPER-CRYPTO-001: Cleared trading strategies[0m
[1m2026-07-28T03:34:03.224568000Z[0m [INFO] PAPER-CRYPTO-001.PAPER-CRYPTO-001: Cleared execution algorithms[0m
[1m2026-07-28T03:34:03.224571000Z[0m [INFO] PAPER-CRYPTO-001.PAPER-CRYPTO-001: DISPOSED[0m
[1m2026-07-28T03:34:03.224647000Z[0m [INFO] PAPER-CRYPTO-001.Cache: Reset[0m
[1m2026-07-28T03:34:03.225163000Z[0m [INFO] PAPER-CRYPTO-001.CacheDatabaseAdapter: Closed cache database adapter[0m
[1m2026-07-28T03:34:03.225207000Z[0m [INFO] PAPER-CRYPTO-001.MessageBus: Closed message bus[0m
[1m2026-07-28T03:34:03.225212000Z[0m [INFO] PAPER-CRYPTO-001.TradingNode: Shutting down executor[0m
[1m2026-07-28T03:34:03.636566000Z[0m [INFO] PAPER-CRYPTO-001.TradingNode: Closing event loop[0m
[1m2026-07-28T03:34:03.636917000Z[0m [INFO] PAPER-CRYPTO-001.TradingNode: loop.is_running=False[0m
[1m2026-07-28T03:34:03.636919000Z[0m [INFO] PAPER-CRYPTO-001.TradingNode: loop.is_closed=True[0m
[1m2026-07-28T03:34:03.636920000Z[0m [INFO] PAPER-CRYPTO-001.TradingNode: DISPOSED[0m
Task was destroyed but it is pending!
task: <Task pending name='Task-713' coro=<InteractiveBrokersClientMarketDataMixin._schedule_bar_completion_timeout.<locals>.completion_handler() running at /Users/lindawang/Documents/Workspace/quant/.quant312/lib/python3.12/site-packages/nautilus_trader/adapters/interactive_brokers/client/market_data.py:1313> wait_for=<Future pending cb=[Task.task_wakeup()]>>
Task was destroyed but it is pending!
task: <Task pending name='Task-715' coro=<InteractiveBrokersClientMarketDataMixin._schedule_bar_completion_timeout.<locals>.completion_handler() running at /Users/lindawang/Documents/Workspace/quant/.quant312/lib/python3.12/site-packages/nautilus_trader/adapters/interactive_brokers/client/market_data.py:1313> wait_for=<Future pending cb=[Task.task_wakeup()]>>
Task was destroyed but it is pending!
task: <Task pending name='Task-717' coro=<InteractiveBrokersClientMarketDataMixin._schedule_bar_completion_timeout.<locals>.completion_handler() running at /Users/lindawang/Documents/Workspace/quant/.quant312/lib/python3.12/site-packages/nautilus_trader/adapters/interactive_brokers/client/market_data.py:1313> wait_for=<Future pending cb=[Task.task_wakeup()]>>
Task was destroyed but it is pending!
task: <Task pending name='Task-2200' coro=<InteractiveBrokersClientMarketDataMixin._schedule_bar_completion_timeout.<locals>.completion_handler() running at /Users/lindawang/Documents/Workspace/quant/.quant312/lib/python3.12/site-packages/nautilus_trader/adapters/interactive_brokers/client/market_data.py:1313> wait_for=<Future pending cb=[Task.task_wakeup()]>>
Task was destroyed but it is pending!
task: <Task pending name='Task-2202' coro=<InteractiveBrokersClientMarketDataMixin._schedule_bar_completion_timeout.<locals>.completion_handler() running at /Users/lindawang/Documents/Workspace/quant/.quant312/lib/python3.12/site-packages/nautilus_trader/adapters/interactive_brokers/client/market_data.py:1313> wait_for=<Future pending cb=[Task.task_wakeup()]>>
Task was destroyed but it is pending!
task: <Task pending name='Task-2476' coro=<InteractiveBrokersClientMarketDataMixin._schedule_bar_completion_timeout.<locals>.completion_handler() running at /Users/lindawang/Documents/Workspace/quant/.quant312/lib/python3.12/site-packages/nautilus_trader/adapters/interactive_brokers/client/market_data.py:1313> wait_for=<Future pending cb=[Task.task_wakeup()]>>
Task was destroyed but it is pending!
task: <Task pending name='Task-2478' coro=<InteractiveBrokersClientMarketDataMixin._schedule_bar_completion_timeout.<locals>.completion_handler() running at /Users/lindawang/Documents/Workspace/quant/.quant312/lib/python3.12/site-packages/nautilus_trader/adapters/interactive_brokers/client/market_data.py:1313> wait_for=<Future pending cb=[Task.task_wakeup()]>>
Task was destroyed but it is pending!
task: <Task pending name='Task-2480' coro=<InteractiveBrokersClientMarketDataMixin._schedule_bar_completion_timeout.<locals>.completion_handler() running at /Users/lindawang/Documents/Workspace/quant/.quant312/lib/python3.12/site-packages/nautilus_trader/adapters/interactive_brokers/client/market_data.py:1313> wait_for=<Future pending cb=[Task.task_wakeup()]>>
Task was destroyed but it is pending!
task: <Task pending name='Task-2482' coro=<InteractiveBrokersClientMarketDataMixin._schedule_bar_completion_timeout.<locals>.completion_handler() running at /Users/lindawang/Documents/Workspace/quant/.quant312/lib/python3.12/site-packages/nautilus_trader/adapters/interactive_brokers/client/market_data.py:1313> wait_for=<Future pending cb=[Task.task_wakeup()]>>
Task was destroyed but it is pending!
task: <Task pending name='Task-2484' coro=<InteractiveBrokersClientMarketDataMixin._schedule_bar_completion_timeout.<locals>.completion_handler() running at /Users/lindawang/Documents/Workspace/quant/.quant312/lib/python3.12/site-packages/nautilus_trader/adapters/interactive_brokers/client/market_data.py:1313> wait_for=<Future pending cb=[Task.task_wakeup()]>>
Task was destroyed but it is pending!
task: <Task pending name='Task-2496' coro=<InteractiveBrokersClientMarketDataMixin._schedule_bar_completion_timeout.<locals>.completion_handler() running at /Users/lindawang/Documents/Workspace/quant/.quant312/lib/python3.12/site-packages/nautilus_trader/adapters/interactive_brokers/client/market_data.py:1313> wait_for=<Future pending cb=[Task.task_wakeup()]>>
Task was destroyed but it is pending!
task: <Task pending name='Task-2498' coro=<InteractiveBrokersClientMarketDataMixin._schedule_bar_completion_timeout.<locals>.completion_handler() running at /Users/lindawang/Documents/Workspace/quant/.quant312/lib/python3.12/site-packages/nautilus_trader/adapters/interactive_brokers/client/market_data.py:1313> wait_for=<Future pending cb=[Task.task_wakeup()]>>
Task was destroyed but it is pending!
task: <Task pending name='Task-2500' coro=<InteractiveBrokersClientMarketDataMixin._schedule_bar_completion_timeout.<locals>.completion_handler() running at /Users/lindawang/Documents/Workspace/quant/.quant312/lib/python3.12/site-packages/nautilus_trader/adapters/interactive_brokers/client/market_data.py:1313> wait_for=<Future pending cb=[Task.task_wakeup()]>>
Task was destroyed but it is pending!
task: <Task pending name='Task-2502' coro=<InteractiveBrokersClientMarketDataMixin._schedule_bar_completion_timeout.<locals>.completion_handler() running at /Users/lindawang/Documents/Workspace/quant/.quant312/lib/python3.12/site-packages/nautilus_trader/adapters/interactive_brokers/client/market_data.py:1313> wait_for=<Future pending cb=[Task.task_wakeup()]>>
Task was destroyed but it is pending!
task: <Task pending name='Task-2504' coro=<InteractiveBrokersClientMarketDataMixin._schedule_bar_completion_timeout.<locals>.completion_handler() running at /Users/lindawang/Documents/Workspace/quant/.quant312/lib/python3.12/site-packages/nautilus_trader/adapters/interactive_brokers/client/market_data.py:1313> wait_for=<Future pending cb=[Task.task_wakeup()]>>
Task was destroyed but it is pending!
task: <Task pending name='Task-2516' coro=<InteractiveBrokersClientMarketDataMixin._schedule_bar_completion_timeout.<locals>.completion_handler() running at /Users/lindawang/Documents/Workspace/quant/.quant312/lib/python3.12/site-packages/nautilus_trader/adapters/interactive_brokers/client/market_data.py:1313> wait_for=<Future pending cb=[Task.task_wakeup()]>>
Task was destroyed but it is pending!
task: <Task pending name='Task-2518' coro=<InteractiveBrokersClientMarketDataMixin._schedule_bar_completion_timeout.<locals>.completion_handler() running at /Users/lindawang/Documents/Workspace/quant/.quant312/lib/python3.12/site-packages/nautilus_trader/adapters/interactive_brokers/client/market_data.py:1313> wait_for=<Future pending cb=[Task.task_wakeup()]>>
Task was destroyed but it is pending!
task: <Task pending name='Task-2520' coro=<InteractiveBrokersClientMarketDataMixin._schedule_bar_completion_timeout.<locals>.completion_handler() running at /Users/lindawang/Documents/Workspace/quant/.quant312/lib/python3.12/site-packages/nautilus_trader/adapters/interactive_brokers/client/market_data.py:1313> wait_for=<Future pending cb=[Task.task_wakeup()]>>
Task was destroyed but it is pending!
task: <Task pending name='Task-2522' coro=<InteractiveBrokersClientMarketDataMixin._schedule_bar_completion_timeout.<locals>.completion_handler() running at /Users/lindawang/Documents/Workspace/quant/.quant312/lib/python3.12/site-packages/nautilus_trader/adapters/interactive_brokers/client/market_data.py:1313> wait_for=<Future pending cb=[Task.task_wakeup()]>>
Task was destroyed but it is pending!
task: <Task pending name='Task-2524' coro=<InteractiveBrokersClientMarketDataMixin._schedule_bar_completion_timeout.<locals>.completion_handler() running at /Users/lindawang/Documents/Workspace/quant/.quant312/lib/python3.12/site-packages/nautilus_trader/adapters/interactive_brokers/client/market_data.py:1313> wait_for=<Future pending cb=[Task.task_wakeup()]>>
Task was destroyed but it is pending!
task: <Task pending name='Task-2536' coro=<InteractiveBrokersClientMarketDataMixin._schedule_bar_completion_timeout.<locals>.completion_handler() running at /Users/lindawang/Documents/Workspace/quant/.quant312/lib/python3.12/site-packages/nautilus_trader/adapters/interactive_brokers/client/market_data.py:1313> wait_for=<Future pending cb=[Task.task_wakeup()]>>
Task was destroyed but it is pending!
task: <Task pending name='Task-2538' coro=<InteractiveBrokersClientMarketDataMixin._schedule_bar_completion_timeout.<locals>.completion_handler() running at /Users/lindawang/Documents/Workspace/quant/.quant312/lib/python3.12/site-packages/nautilus_trader/adapters/interactive_brokers/client/market_data.py:1313> wait_for=<Future pending cb=[Task.task_wakeup()]>>
Task was destroyed but it is pending!
task: <Task pending name='Task-2540' coro=<InteractiveBrokersClientMarketDataMixin._schedule_bar_completion_timeout.<locals>.completion_handler() running at /Users/lindawang/Documents/Workspace/quant/.quant312/lib/python3.12/site-packages/nautilus_trader/adapters/interactive_brokers/client/market_data.py:1313> wait_for=<Future pending cb=[Task.task_wakeup()]>>
Task was destroyed but it is pending!
task: <Task pending name='Task-2542' coro=<InteractiveBrokersClientMarketDataMixin._schedule_bar_completion_timeout.<locals>.completion_handler() running at /Users/lindawang/Documents/Workspace/quant/.quant312/lib/python3.12/site-packages/nautilus_trader/adapters/interactive_brokers/client/market_data.py:1313> wait_for=<Future pending cb=[Task.task_wakeup()]>>
Task was destroyed but it is pending!
task: <Task pending name='Task-2544' coro=<InteractiveBrokersClientMarketDataMixin._schedule_bar_completion_timeout.<locals>.completion_handler() running at /Users/lindawang/Documents/Workspace/quant/.quant312/lib/python3.12/site-packages/nautilus_trader/adapters/interactive_brokers/client/market_data.py:1313> wait_for=<Future pending cb=[Task.task_wakeup()]>>
Task was destroyed but it is pending!
task: <Task pending name='Task-2556' coro=<InteractiveBrokersClientMarketDataMixin._schedule_bar_completion_timeout.<locals>.completion_handler() running at /Users/lindawang/Documents/Workspace/quant/.quant312/lib/python3.12/site-packages/nautilus_trader/adapters/interactive_brokers/client/market_data.py:1313> wait_for=<Future pending cb=[Task.task_wakeup()]>>
Task was destroyed but it is pending!
task: <Task pending name='Task-2558' coro=<InteractiveBrokersClientMarketDataMixin._schedule_bar_completion_timeout.<locals>.completion_handler() running at /Users/lindawang/Documents/Workspace/quant/.quant312/lib/python3.12/site-packages/nautilus_trader/adapters/interactive_brokers/client/market_data.py:1313> wait_for=<Future pending cb=[Task.task_wakeup()]>>
Task was destroyed but it is pending!
task: <Task pending name='Task-2560' coro=<InteractiveBrokersClientMarketDataMixin._schedule_bar_completion_timeout.<locals>.completion_handler() running at /Users/lindawang/Documents/Workspace/quant/.quant312/lib/python3.12/site-packages/nautilus_trader/adapters/interactive_brokers/client/market_data.py:1313> wait_for=<Future pending cb=[Task.task_wakeup()]>>
Task was destroyed but it is pending!
task: <Task pending name='Task-2562' coro=<InteractiveBrokersClientMarketDataMixin._schedule_bar_completion_timeout.<locals>.completion_handler() running at /Users/lindawang/Documents/Workspace/quant/.quant312/lib/python3.12/site-packages/nautilus_trader/adapters/interactive_brokers/client/market_data.py:1313> wait_for=<Future pending cb=[Task.task_wakeup()]>>
Task was destroyed but it is pending!
task: <Task pending name='Task-2564' coro=<InteractiveBrokersClientMarketDataMixin._schedule_bar_completion_timeout.<locals>.completion_handler() running at /Users/lindawang/Documents/Workspace/quant/.quant312/lib/python3.12/site-packages/nautilus_trader/adapters/interactive_brokers/client/market_data.py:1313> wait_for=<Future pending cb=[Task.task_wakeup()]>>
Task was destroyed but it is pending!
task: <Task pending name='Task-2576' coro=<InteractiveBrokersClientMarketDataMixin._schedule_bar_completion_timeout.<locals>.completion_handler() running at /Users/lindawang/Documents/Workspace/quant/.quant312/lib/python3.12/site-packages/nautilus_trader/adapters/interactive_brokers/client/market_data.py:1313> wait_for=<Future pending cb=[Task.task_wakeup()]>>
Task was destroyed but it is pending!
task: <Task pending name='Task-2578' coro=<InteractiveBrokersClientMarketDataMixin._schedule_bar_completion_timeout.<locals>.completion_handler() running at /Users/lindawang/Documents/Workspace/quant/.quant312/lib/python3.12/site-packages/nautilus_trader/adapters/interactive_brokers/client/market_data.py:1313> wait_for=<Future pending cb=[Task.task_wakeup()]>>
Task was destroyed but it is pending!
task: <Task pending name='Task-2580' coro=<InteractiveBrokersClientMarketDataMixin._schedule_bar_completion_timeout.<locals>.completion_handler() running at /Users/lindawang/Documents/Workspace/quant/.quant312/lib/python3.12/site-packages/nautilus_trader/adapters/interactive_brokers/client/market_data.py:1313> wait_for=<Future pending cb=[Task.task_wakeup()]>>
Task was destroyed but it is pending!
task: <Task pending name='Task-2582' coro=<InteractiveBrokersClientMarketDataMixin._schedule_bar_completion_timeout.<locals>.completion_handler() running at /Users/lindawang/Documents/Workspace/quant/.quant312/lib/python3.12/site-packages/nautilus_trader/adapters/interactive_brokers/client/market_data.py:1313> wait_for=<Future pending cb=[Task.task_wakeup()]>>
Task was destroyed but it is pending!
task: <Task pending name='Task-2584' coro=<InteractiveBrokersClientMarketDataMixin._schedule_bar_completion_timeout.<locals>.completion_handler() running at /Users/lindawang/Documents/Workspace/quant/.quant312/lib/python3.12/site-packages/nautilus_trader/adapters/interactive_brokers/client/market_data.py:1313> wait_for=<Future pending cb=[Task.task_wakeup()]>>
Task was destroyed but it is pending!
task: <Task pending name='Task-2596' coro=<InteractiveBrokersClientMarketDataMixin._schedule_bar_completion_timeout.<locals>.completion_handler() running at /Users/lindawang/Documents/Workspace/quant/.quant312/lib/python3.12/site-packages/nautilus_trader/adapters/interactive_brokers/client/market_data.py:1313> wait_for=<Future pending cb=[Task.task_wakeup()]>>
Task was destroyed but it is pending!
task: <Task pending name='Task-2598' coro=<InteractiveBrokersClientMarketDataMixin._schedule_bar_completion_timeout.<locals>.completion_handler() running at /Users/lindawang/Documents/Workspace/quant/.quant312/lib/python3.12/site-packages/nautilus_trader/adapters/interactive_brokers/client/market_data.py:1313> wait_for=<Future pending cb=[Task.task_wakeup()]>>
Task was destroyed but it is pending!
task: <Task pending name='Task-2600' coro=<InteractiveBrokersClientMarketDataMixin._schedule_bar_completion_timeout.<locals>.completion_handler() running at /Users/lindawang/Documents/Workspace/quant/.quant312/lib/python3.12/site-packages/nautilus_trader/adapters/interactive_brokers/client/market_data.py:1313> wait_for=<Future pending cb=[Task.task_wakeup()]>>
Task was destroyed but it is pending!
task: <Task pending name='Task-2602' coro=<InteractiveBrokersClientMarketDataMixin._schedule_bar_completion_timeout.<locals>.completion_handler() running at /Users/lindawang/Documents/Workspace/quant/.quant312/lib/python3.12/site-packages/nautilus_trader/adapters/interactive_brokers/client/market_data.py:1313> wait_for=<Future pending cb=[Task.task_wakeup()]>>
Task was destroyed but it is pending!
task: <Task pending name='Task-2604' coro=<InteractiveBrokersClientMarketDataMixin._schedule_bar_completion_timeout.<locals>.completion_handler() running at /Users/lindawang/Documents/Workspace/quant/.quant312/lib/python3.12/site-packages/nautilus_trader/adapters/interactive_brokers/client/market_data.py:1313> wait_for=<Future pending cb=[Task.task_wakeup()]>>
Task was destroyed but it is pending!
task: <Task pending name='Task-2616' coro=<InteractiveBrokersClientMarketDataMixin._schedule_bar_completion_timeout.<locals>.completion_handler() running at /Users/lindawang/Documents/Workspace/quant/.quant312/lib/python3.12/site-packages/nautilus_trader/adapters/interactive_brokers/client/market_data.py:1313> wait_for=<Future pending cb=[Task.task_wakeup()]>>
Task was destroyed but it is pending!
task: <Task pending name='Task-2618' coro=<InteractiveBrokersClientMarketDataMixin._schedule_bar_completion_timeout.<locals>.completion_handler() running at /Users/lindawang/Documents/Workspace/quant/.quant312/lib/python3.12/site-packages/nautilus_trader/adapters/interactive_brokers/client/market_data.py:1313> wait_for=<Future pending cb=[Task.task_wakeup()]>>
Task was destroyed but it is pending!
task: <Task pending name='Task-2620' coro=<InteractiveBrokersClientMarketDataMixin._schedule_bar_completion_timeout.<locals>.completion_handler() running at /Users/lindawang/Documents/Workspace/quant/.quant312/lib/python3.12/site-packages/nautilus_trader/adapters/interactive_brokers/client/market_data.py:1313> wait_for=<Future pending cb=[Task.task_wakeup()]>>
Task was destroyed but it is pending!
task: <Task pending name='Task-2622' coro=<InteractiveBrokersClientMarketDataMixin._schedule_bar_completion_timeout.<locals>.completion_handler() running at /Users/lindawang/Documents/Workspace/quant/.quant312/lib/python3.12/site-packages/nautilus_trader/adapters/interactive_brokers/client/market_data.py:1313> wait_for=<Future pending cb=[Task.task_wakeup()]>>
Task was destroyed but it is pending!
task: <Task pending name='Task-2624' coro=<InteractiveBrokersClientMarketDataMixin._schedule_bar_completion_timeout.<locals>.completion_handler() running at /Users/lindawang/Documents/Workspace/quant/.quant312/lib/python3.12/site-packages/nautilus_trader/adapters/interactive_brokers/client/market_data.py:1313> wait_for=<Future pending cb=[Task.task_wakeup()]>>
Task was destroyed but it is pending!
task: <Task pending name='Task-2636' coro=<InteractiveBrokersClientMarketDataMixin._schedule_bar_completion_timeout.<locals>.completion_handler() running at /Users/lindawang/Documents/Workspace/quant/.quant312/lib/python3.12/site-packages/nautilus_trader/adapters/interactive_brokers/client/market_data.py:1313> wait_for=<Future pending cb=[Task.task_wakeup()]>>
Task was destroyed but it is pending!
task: <Task pending name='Task-2638' coro=<InteractiveBrokersClientMarketDataMixin._schedule_bar_completion_timeout.<locals>.completion_handler() running at /Users/lindawang/Documents/Workspace/quant/.quant312/lib/python3.12/site-packages/nautilus_trader/adapters/interactive_brokers/client/market_data.py:1313> wait_for=<Future pending cb=[Task.task_wakeup()]>>
Task was destroyed but it is pending!
task: <Task pending name='Task-2640' coro=<InteractiveBrokersClientMarketDataMixin._schedule_bar_completion_timeout.<locals>.completion_handler() running at /Users/lindawang/Documents/Workspace/quant/.quant312/lib/python3.12/site-packages/nautilus_trader/adapters/interactive_brokers/client/market_data.py:1313> wait_for=<Future pending cb=[Task.task_wakeup()]>>
Task was destroyed but it is pending!
task: <Task pending name='Task-2642' coro=<InteractiveBrokersClientMarketDataMixin._schedule_bar_completion_timeout.<locals>.completion_handler() running at /Users/lindawang/Documents/Workspace/quant/.quant312/lib/python3.12/site-packages/nautilus_trader/adapters/interactive_brokers/client/market_data.py:1313> wait_for=<Future pending cb=[Task.task_wakeup()]>>
Task was destroyed but it is pending!
task: <Task pending name='Task-2644' coro=<InteractiveBrokersClientMarketDataMixin._schedule_bar_completion_timeout.<locals>.completion_handler() running at /Users/lindawang/Documents/Workspace/quant/.quant312/lib/python3.12/site-packages/nautilus_trader/adapters/interactive_brokers/client/market_data.py:1313> wait_for=<Future pending cb=[Task.task_wakeup()]>>
Task was destroyed but it is pending!
task: <Task pending name='Task-2656' coro=<InteractiveBrokersClientMarketDataMixin._schedule_bar_completion_timeout.<locals>.completion_handler() running at /Users/lindawang/Documents/Workspace/quant/.quant312/lib/python3.12/site-packages/nautilus_trader/adapters/interactive_brokers/client/market_data.py:1313> wait_for=<Future pending cb=[Task.task_wakeup()]>>
Task was destroyed but it is pending!
task: <Task pending name='Task-2658' coro=<InteractiveBrokersClientMarketDataMixin._schedule_bar_completion_timeout.<locals>.completion_handler() running at /Users/lindawang/Documents/Workspace/quant/.quant312/lib/python3.12/site-packages/nautilus_trader/adapters/interactive_brokers/client/market_data.py:1313> wait_for=<Future pending cb=[Task.task_wakeup()]>>
Task was destroyed but it is pending!
task: <Task pending name='Task-2660' coro=<InteractiveBrokersClientMarketDataMixin._schedule_bar_completion_timeout.<locals>.completion_handler() running at /Users/lindawang/Documents/Workspace/quant/.quant312/lib/python3.12/site-packages/nautilus_trader/adapters/interactive_brokers/client/market_data.py:1313> wait_for=<Future pending cb=[Task.task_wakeup()]>>
Task was destroyed but it is pending!
task: <Task pending name='Task-2662' coro=<InteractiveBrokersClientMarketDataMixin._schedule_bar_completion_timeout.<locals>.completion_handler() running at /Users/lindawang/Documents/Workspace/quant/.quant312/lib/python3.12/site-packages/nautilus_trader/adapters/interactive_brokers/client/market_data.py:1313> wait_for=<Future pending cb=[Task.task_wakeup()]>>
Task was destroyed but it is pending!
task: <Task pending name='Task-2664' coro=<InteractiveBrokersClientMarketDataMixin._schedule_bar_completion_timeout.<locals>.completion_handler() running at /Users/lindawang/Documents/Workspace/quant/.quant312/lib/python3.12/site-packages/nautilus_trader/adapters/interactive_brokers/client/market_data.py:1313> wait_for=<Future pending cb=[Task.task_wakeup()]>>
Task was destroyed but it is pending!
task: <Task pending name='Task-2676' coro=<InteractiveBrokersClientMarketDataMixin._schedule_bar_completion_timeout.<locals>.completion_handler() running at /Users/lindawang/Documents/Workspace/quant/.quant312/lib/python3.12/site-packages/nautilus_trader/adapters/interactive_brokers/client/market_data.py:1313> wait_for=<Future pending cb=[Task.task_wakeup()]>>
Task was destroyed but it is pending!
task: <Task pending name='Task-2678' coro=<InteractiveBrokersClientMarketDataMixin._schedule_bar_completion_timeout.<locals>.completion_handler() running at /Users/lindawang/Documents/Workspace/quant/.quant312/lib/python3.12/site-packages/nautilus_trader/adapters/interactive_brokers/client/market_data.py:1313> wait_for=<Future pending cb=[Task.task_wakeup()]>>
Task was destroyed but it is pending!
task: <Task pending name='Task-2680' coro=<InteractiveBrokersClientMarketDataMixin._schedule_bar_completion_timeout.<locals>.completion_handler() running at /Users/lindawang/Documents/Workspace/quant/.quant312/lib/python3.12/site-packages/nautilus_trader/adapters/interactive_brokers/client/market_data.py:1313> wait_for=<Future pending cb=[Task.task_wakeup()]>>
Task was destroyed but it is pending!
task: <Task pending name='Task-2682' coro=<InteractiveBrokersClientMarketDataMixin._schedule_bar_completion_timeout.<locals>.completion_handler() running at /Users/lindawang/Documents/Workspace/quant/.quant312/lib/python3.12/site-packages/nautilus_trader/adapters/interactive_brokers/client/market_data.py:1313> wait_for=<Future pending cb=[Task.task_wakeup()]>>
Task was destroyed but it is pending!
task: <Task pending name='Task-2684' coro=<InteractiveBrokersClientMarketDataMixin._schedule_bar_completion_timeout.<locals>.completion_handler() running at /Users/lindawang/Documents/Workspace/quant/.quant312/lib/python3.12/site-packages/nautilus_trader/adapters/interactive_brokers/client/market_data.py:1313> wait_for=<Future pending cb=[Task.task_wakeup()]>>
Task was destroyed but it is pending!
task: <Task pending name='Task-2696' coro=<InteractiveBrokersClientMarketDataMixin._schedule_bar_completion_timeout.<locals>.completion_handler() running at /Users/lindawang/Documents/Workspace/quant/.quant312/lib/python3.12/site-packages/nautilus_trader/adapters/interactive_brokers/client/market_data.py:1313> wait_for=<Future pending cb=[Task.task_wakeup()]>>
Task was destroyed but it is pending!
task: <Task pending name='Task-2698' coro=<InteractiveBrokersClientMarketDataMixin._schedule_bar_completion_timeout.<locals>.completion_handler() running at /Users/lindawang/Documents/Workspace/quant/.quant312/lib/python3.12/site-packages/nautilus_trader/adapters/interactive_brokers/client/market_data.py:1313> wait_for=<Future pending cb=[Task.task_wakeup()]>>
Task was destroyed but it is pending!
task: <Task pending name='Task-2700' coro=<InteractiveBrokersClientMarketDataMixin._schedule_bar_completion_timeout.<locals>.completion_handler() running at /Users/lindawang/Documents/Workspace/quant/.quant312/lib/python3.12/site-packages/nautilus_trader/adapters/interactive_brokers/client/market_data.py:1313> wait_for=<Future pending cb=[Task.task_wakeup()]>>
Task was destroyed but it is pending!
task: <Task pending name='Task-2702' coro=<InteractiveBrokersClientMarketDataMixin._schedule_bar_completion_timeout.<locals>.completion_handler() running at /Users/lindawang/Documents/Workspace/quant/.quant312/lib/python3.12/site-packages/nautilus_trader/adapters/interactive_brokers/client/market_data.py:1313> wait_for=<Future pending cb=[Task.task_wakeup()]>>
Task was destroyed but it is pending!
task: <Task pending name='Task-2704' coro=<InteractiveBrokersClientMarketDataMixin._schedule_bar_completion_timeout.<locals>.completion_handler() running at /Users/lindawang/Documents/Workspace/quant/.quant312/lib/python3.12/site-packages/nautilus_trader/adapters/interactive_brokers/client/market_data.py:1313> wait_for=<Future pending cb=[Task.task_wakeup()]>>
Task was destroyed but it is pending!
task: <Task pending name='Task-2716' coro=<InteractiveBrokersClientMarketDataMixin._schedule_bar_completion_timeout.<locals>.completion_handler() running at /Users/lindawang/Documents/Workspace/quant/.quant312/lib/python3.12/site-packages/nautilus_trader/adapters/interactive_brokers/client/market_data.py:1313> wait_for=<Future pending cb=[Task.task_wakeup()]>>
Task was destroyed but it is pending!
task: <Task pending name='Task-2718' coro=<InteractiveBrokersClientMarketDataMixin._schedule_bar_completion_timeout.<locals>.completion_handler() running at /Users/lindawang/Documents/Workspace/quant/.quant312/lib/python3.12/site-packages/nautilus_trader/adapters/interactive_brokers/client/market_data.py:1313> wait_for=<Future pending cb=[Task.task_wakeup()]>>
Task was destroyed but it is pending!
task: <Task pending name='Task-2720' coro=<InteractiveBrokersClientMarketDataMixin._schedule_bar_completion_timeout.<locals>.completion_handler() running at /Users/lindawang/Documents/Workspace/quant/.quant312/lib/python3.12/site-packages/nautilus_trader/adapters/interactive_brokers/client/market_data.py:1313> wait_for=<Future pending cb=[Task.task_wakeup()]>>
Task was destroyed but it is pending!
task: <Task pending name='Task-2722' coro=<InteractiveBrokersClientMarketDataMixin._schedule_bar_completion_timeout.<locals>.completion_handler() running at /Users/lindawang/Documents/Workspace/quant/.quant312/lib/python3.12/site-packages/nautilus_trader/adapters/interactive_brokers/client/market_data.py:1313> wait_for=<Future pending cb=[Task.task_wakeup()]>>
Task was destroyed but it is pending!
task: <Task pending name='Task-2724' coro=<InteractiveBrokersClientMarketDataMixin._schedule_bar_completion_timeout.<locals>.completion_handler() running at /Users/lindawang/Documents/Workspace/quant/.quant312/lib/python3.12/site-packages/nautilus_trader/adapters/interactive_brokers/client/market_data.py:1313> wait_for=<Future pending cb=[Task.task_wakeup()]>>
Task was destroyed but it is pending!
task: <Task pending name='Task-2736' coro=<InteractiveBrokersClientMarketDataMixin._schedule_bar_completion_timeout.<locals>.completion_handler() running at /Users/lindawang/Documents/Workspace/quant/.quant312/lib/python3.12/site-packages/nautilus_trader/adapters/interactive_brokers/client/market_data.py:1313> wait_for=<Future pending cb=[Task.task_wakeup()]>>
Task was destroyed but it is pending!
task: <Task pending name='Task-2738' coro=<InteractiveBrokersClientMarketDataMixin._schedule_bar_completion_timeout.<locals>.completion_handler() running at /Users/lindawang/Documents/Workspace/quant/.quant312/lib/python3.12/site-packages/nautilus_trader/adapters/interactive_brokers/client/market_data.py:1313> wait_for=<Future pending cb=[Task.task_wakeup()]>>
Task was destroyed but it is pending!
task: <Task pending name='Task-2740' coro=<InteractiveBrokersClientMarketDataMixin._schedule_bar_completion_timeout.<locals>.completion_handler() running at /Users/lindawang/Documents/Workspace/quant/.quant312/lib/python3.12/site-packages/nautilus_trader/adapters/interactive_brokers/client/market_data.py:1313> wait_for=<Future pending cb=[Task.task_wakeup()]>>
Task was destroyed but it is pending!
task: <Task pending name='Task-2742' coro=<InteractiveBrokersClientMarketDataMixin._schedule_bar_completion_timeout.<locals>.completion_handler() running at /Users/lindawang/Documents/Workspace/quant/.quant312/lib/python3.12/site-packages/nautilus_trader/adapters/interactive_brokers/client/market_data.py:1313> wait_for=<Future pending cb=[Task.task_wakeup()]>>
Task was destroyed but it is pending!
task: <Task pending name='Task-2744' coro=<InteractiveBrokersClientMarketDataMixin._schedule_bar_completion_timeout.<locals>.completion_handler() running at /Users/lindawang/Documents/Workspace/quant/.quant312/lib/python3.12/site-packages/nautilus_trader/adapters/interactive_brokers/client/market_data.py:1313> wait_for=<Future pending cb=[Task.task_wakeup()]>>
Task was destroyed but it is pending!
task: <Task pending name='Task-2756' coro=<InteractiveBrokersClientMarketDataMixin._schedule_bar_completion_timeout.<locals>.completion_handler() running at /Users/lindawang/Documents/Workspace/quant/.quant312/lib/python3.12/site-packages/nautilus_trader/adapters/interactive_brokers/client/market_data.py:1313> wait_for=<Future pending cb=[Task.task_wakeup()]>>
Task was destroyed but it is pending!
task: <Task pending name='Task-2758' coro=<InteractiveBrokersClientMarketDataMixin._schedule_bar_completion_timeout.<locals>.completion_handler() running at /Users/lindawang/Documents/Workspace/quant/.quant312/lib/python3.12/site-packages/nautilus_trader/adapters/interactive_brokers/client/market_data.py:1313> wait_for=<Future pending cb=[Task.task_wakeup()]>>
Task was destroyed but it is pending!
task: <Task pending name='Task-2760' coro=<InteractiveBrokersClientMarketDataMixin._schedule_bar_completion_timeout.<locals>.completion_handler() running at /Users/lindawang/Documents/Workspace/quant/.quant312/lib/python3.12/site-packages/nautilus_trader/adapters/interactive_brokers/client/market_data.py:1313> wait_for=<Future pending cb=[Task.task_wakeup()]>>
Task was destroyed but it is pending!
task: <Task pending name='Task-2762' coro=<InteractiveBrokersClientMarketDataMixin._schedule_bar_completion_timeout.<locals>.completion_handler() running at /Users/lindawang/Documents/Workspace/quant/.quant312/lib/python3.12/site-packages/nautilus_trader/adapters/interactive_brokers/client/market_data.py:1313> wait_for=<Future pending cb=[Task.task_wakeup()]>>
Task was destroyed but it is pending!
task: <Task pending name='Task-2764' coro=<InteractiveBrokersClientMarketDataMixin._schedule_bar_completion_timeout.<locals>.completion_handler() running at /Users/lindawang/Documents/Workspace/quant/.quant312/lib/python3.12/site-packages/nautilus_trader/adapters/interactive_brokers/client/market_data.py:1313> wait_for=<Future pending cb=[Task.task_wakeup()]>>
Task was destroyed but it is pending!
task: <Task pending name='Task-2776' coro=<InteractiveBrokersClientMarketDataMixin._schedule_bar_completion_timeout.<locals>.completion_handler() running at /Users/lindawang/Documents/Workspace/quant/.quant312/lib/python3.12/site-packages/nautilus_trader/adapters/interactive_brokers/client/market_data.py:1313> wait_for=<Future pending cb=[Task.task_wakeup()]>>
Task was destroyed but it is pending!
task: <Task pending name='Task-2778' coro=<InteractiveBrokersClientMarketDataMixin._schedule_bar_completion_timeout.<locals>.completion_handler() running at /Users/lindawang/Documents/Workspace/quant/.quant312/lib/python3.12/site-packages/nautilus_trader/adapters/interactive_brokers/client/market_data.py:1313> wait_for=<Future pending cb=[Task.task_wakeup()]>>
Task was destroyed but it is pending!
task: <Task pending name='Task-2780' coro=<InteractiveBrokersClientMarketDataMixin._schedule_bar_completion_timeout.<locals>.completion_handler() running at /Users/lindawang/Documents/Workspace/quant/.quant312/lib/python3.12/site-packages/nautilus_trader/adapters/interactive_brokers/client/market_data.py:1313> wait_for=<Future pending cb=[Task.task_wakeup()]>>
Task was destroyed but it is pending!
task: <Task pending name='Task-2782' coro=<InteractiveBrokersClientMarketDataMixin._schedule_bar_completion_timeout.<locals>.completion_handler() running at /Users/lindawang/Documents/Workspace/quant/.quant312/lib/python3.12/site-packages/nautilus_trader/adapters/interactive_brokers/client/market_data.py:1313> wait_for=<Future pending cb=[Task.task_wakeup()]>>
Task was destroyed but it is pending!
task: <Task pending name='Task-2784' coro=<InteractiveBrokersClientMarketDataMixin._schedule_bar_completion_timeout.<locals>.completion_handler() running at /Users/lindawang/Documents/Workspace/quant/.quant312/lib/python3.12/site-packages/nautilus_trader/adapters/interactive_brokers/client/market_data.py:1313> wait_for=<Future pending cb=[Task.task_wakeup()]>>
Task was destroyed but it is pending!
task: <Task pending name='Task-2796' coro=<InteractiveBrokersClientMarketDataMixin._schedule_bar_completion_timeout.<locals>.completion_handler() running at /Users/lindawang/Documents/Workspace/quant/.quant312/lib/python3.12/site-packages/nautilus_trader/adapters/interactive_brokers/client/market_data.py:1313> wait_for=<Future pending cb=[Task.task_wakeup()]>>
Task was destroyed but it is pending!
task: <Task pending name='Task-2798' coro=<InteractiveBrokersClientMarketDataMixin._schedule_bar_completion_timeout.<locals>.completion_handler() running at /Users/lindawang/Documents/Workspace/quant/.quant312/lib/python3.12/site-packages/nautilus_trader/adapters/interactive_brokers/client/market_data.py:1313> wait_for=<Future pending cb=[Task.task_wakeup()]>>
Task was destroyed but it is pending!
task: <Task pending name='Task-2800' coro=<InteractiveBrokersClientMarketDataMixin._schedule_bar_completion_timeout.<locals>.completion_handler() running at /Users/lindawang/Documents/Workspace/quant/.quant312/lib/python3.12/site-packages/nautilus_trader/adapters/interactive_brokers/client/market_data.py:1313> wait_for=<Future pending cb=[Task.task_wakeup()]>>
Task was destroyed but it is pending!
task: <Task pending name='Task-2802' coro=<InteractiveBrokersClientMarketDataMixin._schedule_bar_completion_timeout.<locals>.completion_handler() running at /Users/lindawang/Documents/Workspace/quant/.quant312/lib/python3.12/site-packages/nautilus_trader/adapters/interactive_brokers/client/market_data.py:1313> wait_for=<Future pending cb=[Task.task_wakeup()]>>
Task was destroyed but it is pending!
task: <Task pending name='Task-2804' coro=<InteractiveBrokersClientMarketDataMixin._schedule_bar_completion_timeout.<locals>.completion_handler() running at /Users/lindawang/Documents/Workspace/quant/.quant312/lib/python3.12/site-packages/nautilus_trader/adapters/interactive_brokers/client/market_data.py:1313> wait_for=<Future pending cb=[Task.task_wakeup()]>>
Task was destroyed but it is pending!
task: <Task pending name='Task-2816' coro=<InteractiveBrokersClientMarketDataMixin._schedule_bar_completion_timeout.<locals>.completion_handler() running at /Users/lindawang/Documents/Workspace/quant/.quant312/lib/python3.12/site-packages/nautilus_trader/adapters/interactive_brokers/client/market_data.py:1313> wait_for=<Future pending cb=[Task.task_wakeup()]>>
Task was destroyed but it is pending!
task: <Task pending name='Task-2818' coro=<InteractiveBrokersClientMarketDataMixin._schedule_bar_completion_timeout.<locals>.completion_handler() running at /Users/lindawang/Documents/Workspace/quant/.quant312/lib/python3.12/site-packages/nautilus_trader/adapters/interactive_brokers/client/market_data.py:1313> wait_for=<Future pending cb=[Task.task_wakeup()]>>
Task was destroyed but it is pending!
task: <Task pending name='Task-2820' coro=<InteractiveBrokersClientMarketDataMixin._schedule_bar_completion_timeout.<locals>.completion_handler() running at /Users/lindawang/Documents/Workspace/quant/.quant312/lib/python3.12/site-packages/nautilus_trader/adapters/interactive_brokers/client/market_data.py:1313> wait_for=<Future pending cb=[Task.task_wakeup()]>>
Task was destroyed but it is pending!
task: <Task pending name='Task-2822' coro=<InteractiveBrokersClientMarketDataMixin._schedule_bar_completion_timeout.<locals>.completion_handler() running at /Users/lindawang/Documents/Workspace/quant/.quant312/lib/python3.12/site-packages/nautilus_trader/adapters/interactive_brokers/client/market_data.py:1313> wait_for=<Future pending cb=[Task.task_wakeup()]>>
Task was destroyed but it is pending!
task: <Task pending name='Task-2824' coro=<InteractiveBrokersClientMarketDataMixin._schedule_bar_completion_timeout.<locals>.completion_handler() running at /Users/lindawang/Documents/Workspace/quant/.quant312/lib/python3.12/site-packages/nautilus_trader/adapters/interactive_brokers/client/market_data.py:1313> wait_for=<Future pending cb=[Task.task_wakeup()]>>
Task was destroyed but it is pending!
task: <Task pending name='Task-2837' coro=<InteractiveBrokersClientMarketDataMixin._schedule_bar_completion_timeout.<locals>.completion_handler() running at /Users/lindawang/Documents/Workspace/quant/.quant312/lib/python3.12/site-packages/nautilus_trader/adapters/interactive_brokers/client/market_data.py:1313> wait_for=<Future pending cb=[Task.task_wakeup()]>>
Task was destroyed but it is pending!
task: <Task pending name='Task-2839' coro=<InteractiveBrokersClientMarketDataMixin._schedule_bar_completion_timeout.<locals>.completion_handler() running at /Users/lindawang/Documents/Workspace/quant/.quant312/lib/python3.12/site-packages/nautilus_trader/adapters/interactive_brokers/client/market_data.py:1313> wait_for=<Future pending cb=[Task.task_wakeup()]>>
Task was destroyed but it is pending!
task: <Task pending name='Task-2841' coro=<InteractiveBrokersClientMarketDataMixin._schedule_bar_completion_timeout.<locals>.completion_handler() running at /Users/lindawang/Documents/Workspace/quant/.quant312/lib/python3.12/site-packages/nautilus_trader/adapters/interactive_brokers/client/market_data.py:1313> wait_for=<Future pending cb=[Task.task_wakeup()]>>
Task was destroyed but it is pending!
task: <Task pending name='Task-2843' coro=<InteractiveBrokersClientMarketDataMixin._schedule_bar_completion_timeout.<locals>.completion_handler() running at /Users/lindawang/Documents/Workspace/quant/.quant312/lib/python3.12/site-packages/nautilus_trader/adapters/interactive_brokers/client/market_data.py:1313> wait_for=<Future pending cb=[Task.task_wakeup()]>>
Task was destroyed but it is pending!
task: <Task pending name='Task-2845' coro=<InteractiveBrokersClientMarketDataMixin._schedule_bar_completion_timeout.<locals>.completion_handler() running at /Users/lindawang/Documents/Workspace/quant/.quant312/lib/python3.12/site-packages/nautilus_trader/adapters/interactive_brokers/client/market_data.py:1313> wait_for=<Future pending cb=[Task.task_wakeup()]>>
Task was destroyed but it is pending!
task: <Task pending name='Task-2857' coro=<InteractiveBrokersClientMarketDataMixin._schedule_bar_completion_timeout.<locals>.completion_handler() running at /Users/lindawang/Documents/Workspace/quant/.quant312/lib/python3.12/site-packages/nautilus_trader/adapters/interactive_brokers/client/market_data.py:1313> wait_for=<Future pending cb=[Task.task_wakeup()]>>
Task was destroyed but it is pending!
task: <Task pending name='Task-2859' coro=<InteractiveBrokersClientMarketDataMixin._schedule_bar_completion_timeout.<locals>.completion_handler() running at /Users/lindawang/Documents/Workspace/quant/.quant312/lib/python3.12/site-packages/nautilus_trader/adapters/interactive_brokers/client/market_data.py:1313> wait_for=<Future pending cb=[Task.task_wakeup()]>>
Task was destroyed but it is pending!
task: <Task pending name='Task-2861' coro=<InteractiveBrokersClientMarketDataMixin._schedule_bar_completion_timeout.<locals>.completion_handler() running at /Users/lindawang/Documents/Workspace/quant/.quant312/lib/python3.12/site-packages/nautilus_trader/adapters/interactive_brokers/client/market_data.py:1313> wait_for=<Future pending cb=[Task.task_wakeup()]>>
Task was destroyed but it is pending!
task: <Task pending name='Task-2863' coro=<InteractiveBrokersClientMarketDataMixin._schedule_bar_completion_timeout.<locals>.completion_handler() running at /Users/lindawang/Documents/Workspace/quant/.quant312/lib/python3.12/site-packages/nautilus_trader/adapters/interactive_brokers/client/market_data.py:1313> wait_for=<Future pending cb=[Task.task_wakeup()]>>
Task was destroyed but it is pending!
task: <Task pending name='Task-2865' coro=<InteractiveBrokersClientMarketDataMixin._schedule_bar_completion_timeout.<locals>.completion_handler() running at /Users/lindawang/Documents/Workspace/quant/.quant312/lib/python3.12/site-packages/nautilus_trader/adapters/interactive_brokers/client/market_data.py:1313> wait_for=<Future pending cb=[Task.task_wakeup()]>>
Task was destroyed but it is pending!
task: <Task pending name='Task-2877' coro=<InteractiveBrokersClientMarketDataMixin._schedule_bar_completion_timeout.<locals>.completion_handler() running at /Users/lindawang/Documents/Workspace/quant/.quant312/lib/python3.12/site-packages/nautilus_trader/adapters/interactive_brokers/client/market_data.py:1313> wait_for=<Future pending cb=[Task.task_wakeup()]>>
Task was destroyed but it is pending!
task: <Task pending name='Task-2879' coro=<InteractiveBrokersClientMarketDataMixin._schedule_bar_completion_timeout.<locals>.completion_handler() running at /Users/lindawang/Documents/Workspace/quant/.quant312/lib/python3.12/site-packages/nautilus_trader/adapters/interactive_brokers/client/market_data.py:1313> wait_for=<Future pending cb=[Task.task_wakeup()]>>
Task was destroyed but it is pending!
task: <Task pending name='Task-2881' coro=<InteractiveBrokersClientMarketDataMixin._schedule_bar_completion_timeout.<locals>.completion_handler() running at /Users/lindawang/Documents/Workspace/quant/.quant312/lib/python3.12/site-packages/nautilus_trader/adapters/interactive_brokers/client/market_data.py:1313> wait_for=<Future pending cb=[Task.task_wakeup()]>>
Task was destroyed but it is pending!
task: <Task pending name='Task-2883' coro=<InteractiveBrokersClientMarketDataMixin._schedule_bar_completion_timeout.<locals>.completion_handler() running at /Users/lindawang/Documents/Workspace/quant/.quant312/lib/python3.12/site-packages/nautilus_trader/adapters/interactive_brokers/client/market_data.py:1313> wait_for=<Future pending cb=[Task.task_wakeup()]>>
Task was destroyed but it is pending!
task: <Task pending name='Task-2885' coro=<InteractiveBrokersClientMarketDataMixin._schedule_bar_completion_timeout.<locals>.completion_handler() running at /Users/lindawang/Documents/Workspace/quant/.quant312/lib/python3.12/site-packages/nautilus_trader/adapters/interactive_brokers/client/market_data.py:1313> wait_for=<Future pending cb=[Task.task_wakeup()]>>
Task was destroyed but it is pending!
task: <Task pending name='Task-2897' coro=<InteractiveBrokersClientMarketDataMixin._schedule_bar_completion_timeout.<locals>.completion_handler() running at /Users/lindawang/Documents/Workspace/quant/.quant312/lib/python3.12/site-packages/nautilus_trader/adapters/interactive_brokers/client/market_data.py:1313> wait_for=<Future pending cb=[Task.task_wakeup()]>>
Task was destroyed but it is pending!
task: <Task pending name='Task-2899' coro=<InteractiveBrokersClientMarketDataMixin._schedule_bar_completion_timeout.<locals>.completion_handler() running at /Users/lindawang/Documents/Workspace/quant/.quant312/lib/python3.12/site-packages/nautilus_trader/adapters/interactive_brokers/client/market_data.py:1313> wait_for=<Future pending cb=[Task.task_wakeup()]>>
Task was destroyed but it is pending!
task: <Task pending name='Task-2901' coro=<InteractiveBrokersClientMarketDataMixin._schedule_bar_completion_timeout.<locals>.completion_handler() running at /Users/lindawang/Documents/Workspace/quant/.quant312/lib/python3.12/site-packages/nautilus_trader/adapters/interactive_brokers/client/market_data.py:1313> wait_for=<Future pending cb=[Task.task_wakeup()]>>
Task was destroyed but it is pending!
task: <Task pending name='Task-2903' coro=<InteractiveBrokersClientMarketDataMixin._schedule_bar_completion_timeout.<locals>.completion_handler() running at /Users/lindawang/Documents/Workspace/quant/.quant312/lib/python3.12/site-packages/nautilus_trader/adapters/interactive_brokers/client/market_data.py:1313> wait_for=<Future pending cb=[Task.task_wakeup()]>>
Task was destroyed but it is pending!
task: <Task pending name='Task-2905' coro=<InteractiveBrokersClientMarketDataMixin._schedule_bar_completion_timeout.<locals>.completion_handler() running at /Users/lindawang/Documents/Workspace/quant/.quant312/lib/python3.12/site-packages/nautilus_trader/adapters/interactive_brokers/client/market_data.py:1313> wait_for=<Future pending cb=[Task.task_wakeup()]>>
Task was destroyed but it is pending!
task: <Task pending name='Task-2917' coro=<InteractiveBrokersClientMarketDataMixin._schedule_bar_completion_timeout.<locals>.completion_handler() running at /Users/lindawang/Documents/Workspace/quant/.quant312/lib/python3.12/site-packages/nautilus_trader/adapters/interactive_brokers/client/market_data.py:1313> wait_for=<Future pending cb=[Task.task_wakeup()]>>
Task was destroyed but it is pending!
task: <Task pending name='Task-2919' coro=<InteractiveBrokersClientMarketDataMixin._schedule_bar_completion_timeout.<locals>.completion_handler() running at /Users/lindawang/Documents/Workspace/quant/.quant312/lib/python3.12/site-packages/nautilus_trader/adapters/interactive_brokers/client/market_data.py:1313> wait_for=<Future pending cb=[Task.task_wakeup()]>>
Task was destroyed but it is pending!
task: <Task pending name='Task-2921' coro=<InteractiveBrokersClientMarketDataMixin._schedule_bar_completion_timeout.<locals>.completion_handler() running at /Users/lindawang/Documents/Workspace/quant/.quant312/lib/python3.12/site-packages/nautilus_trader/adapters/interactive_brokers/client/market_data.py:1313> wait_for=<Future pending cb=[Task.task_wakeup()]>>
Task was destroyed but it is pending!
task: <Task pending name='Task-2923' coro=<InteractiveBrokersClientMarketDataMixin._schedule_bar_completion_timeout.<locals>.completion_handler() running at /Users/lindawang/Documents/Workspace/quant/.quant312/lib/python3.12/site-packages/nautilus_trader/adapters/interactive_brokers/client/market_data.py:1313> wait_for=<Future pending cb=[Task.task_wakeup()]>>
Task was destroyed but it is pending!
task: <Task pending name='Task-2925' coro=<InteractiveBrokersClientMarketDataMixin._schedule_bar_completion_timeout.<locals>.completion_handler() running at /Users/lindawang/Documents/Workspace/quant/.quant312/lib/python3.12/site-packages/nautilus_trader/adapters/interactive_brokers/client/market_data.py:1313> wait_for=<Future pending cb=[Task.task_wakeup()]>>
Task was destroyed but it is pending!
task: <Task pending name='Task-2937' coro=<InteractiveBrokersClientMarketDataMixin._schedule_bar_completion_timeout.<locals>.completion_handler() running at /Users/lindawang/Documents/Workspace/quant/.quant312/lib/python3.12/site-packages/nautilus_trader/adapters/interactive_brokers/client/market_data.py:1313> wait_for=<Future pending cb=[Task.task_wakeup()]>>
Task was destroyed but it is pending!
task: <Task pending name='Task-2939' coro=<InteractiveBrokersClientMarketDataMixin._schedule_bar_completion_timeout.<locals>.completion_handler() running at /Users/lindawang/Documents/Workspace/quant/.quant312/lib/python3.12/site-packages/nautilus_trader/adapters/interactive_brokers/client/market_data.py:1313> wait_for=<Future pending cb=[Task.task_wakeup()]>>
Task was destroyed but it is pending!
task: <Task pending name='Task-2941' coro=<InteractiveBrokersClientMarketDataMixin._schedule_bar_completion_timeout.<locals>.completion_handler() running at /Users/lindawang/Documents/Workspace/quant/.quant312/lib/python3.12/site-packages/nautilus_trader/adapters/interactive_brokers/client/market_data.py:1313> wait_for=<Future pending cb=[Task.task_wakeup()]>>
Task was destroyed but it is pending!
task: <Task pending name='Task-2943' coro=<InteractiveBrokersClientMarketDataMixin._schedule_bar_completion_timeout.<locals>.completion_handler() running at /Users/lindawang/Documents/Workspace/quant/.quant312/lib/python3.12/site-packages/nautilus_trader/adapters/interactive_brokers/client/market_data.py:1313> wait_for=<Future pending cb=[Task.task_wakeup()]>>
Task was destroyed but it is pending!
task: <Task pending name='Task-2945' coro=<InteractiveBrokersClientMarketDataMixin._schedule_bar_completion_timeout.<locals>.completion_handler() running at /Users/lindawang/Documents/Workspace/quant/.quant312/lib/python3.12/site-packages/nautilus_trader/adapters/interactive_brokers/client/market_data.py:1313> wait_for=<Future pending cb=[Task.task_wakeup()]>>
Task was destroyed but it is pending!
task: <Task pending name='Task-2957' coro=<InteractiveBrokersClientMarketDataMixin._schedule_bar_completion_timeout.<locals>.completion_handler() running at /Users/lindawang/Documents/Workspace/quant/.quant312/lib/python3.12/site-packages/nautilus_trader/adapters/interactive_brokers/client/market_data.py:1313> wait_for=<Future pending cb=[Task.task_wakeup()]>>
Task was destroyed but it is pending!
task: <Task pending name='Task-2959' coro=<InteractiveBrokersClientMarketDataMixin._schedule_bar_completion_timeout.<locals>.completion_handler() running at /Users/lindawang/Documents/Workspace/quant/.quant312/lib/python3.12/site-packages/nautilus_trader/adapters/interactive_brokers/client/market_data.py:1313> wait_for=<Future pending cb=[Task.task_wakeup()]>>
Task was destroyed but it is pending!
task: <Task pending name='Task-2961' coro=<InteractiveBrokersClientMarketDataMixin._schedule_bar_completion_timeout.<locals>.completion_handler() running at /Users/lindawang/Documents/Workspace/quant/.quant312/lib/python3.12/site-packages/nautilus_trader/adapters/interactive_brokers/client/market_data.py:1313> wait_for=<Future pending cb=[Task.task_wakeup()]>>
Task was destroyed but it is pending!
task: <Task pending name='Task-2963' coro=<InteractiveBrokersClientMarketDataMixin._schedule_bar_completion_timeout.<locals>.completion_handler() running at /Users/lindawang/Documents/Workspace/quant/.quant312/lib/python3.12/site-packages/nautilus_trader/adapters/interactive_brokers/client/market_data.py:1313> wait_for=<Future pending cb=[Task.task_wakeup()]>>
Task was destroyed but it is pending!
task: <Task pending name='Task-2965' coro=<InteractiveBrokersClientMarketDataMixin._schedule_bar_completion_timeout.<locals>.completion_handler() running at /Users/lindawang/Documents/Workspace/quant/.quant312/lib/python3.12/site-packages/nautilus_trader/adapters/interactive_brokers/client/market_data.py:1313> wait_for=<Future pending cb=[Task.task_wakeup()]>>
Task was destroyed but it is pending!
task: <Task pending name='Task-2977' coro=<InteractiveBrokersClientMarketDataMixin._schedule_bar_completion_timeout.<locals>.completion_handler() running at /Users/lindawang/Documents/Workspace/quant/.quant312/lib/python3.12/site-packages/nautilus_trader/adapters/interactive_brokers/client/market_data.py:1313> wait_for=<Future pending cb=[Task.task_wakeup()]>>
Task was destroyed but it is pending!
task: <Task pending name='Task-2979' coro=<InteractiveBrokersClientMarketDataMixin._schedule_bar_completion_timeout.<locals>.completion_handler() running at /Users/lindawang/Documents/Workspace/quant/.quant312/lib/python3.12/site-packages/nautilus_trader/adapters/interactive_brokers/client/market_data.py:1313> wait_for=<Future pending cb=[Task.task_wakeup()]>>
Task was destroyed but it is pending!
task: <Task pending name='Task-2981' coro=<InteractiveBrokersClientMarketDataMixin._schedule_bar_completion_timeout.<locals>.completion_handler() running at /Users/lindawang/Documents/Workspace/quant/.quant312/lib/python3.12/site-packages/nautilus_trader/adapters/interactive_brokers/client/market_data.py:1313> wait_for=<Future pending cb=[Task.task_wakeup()]>>
Task was destroyed but it is pending!
task: <Task pending name='Task-2983' coro=<InteractiveBrokersClientMarketDataMixin._schedule_bar_completion_timeout.<locals>.completion_handler() running at /Users/lindawang/Documents/Workspace/quant/.quant312/lib/python3.12/site-packages/nautilus_trader/adapters/interactive_brokers/client/market_data.py:1313> wait_for=<Future pending cb=[Task.task_wakeup()]>>
Task was destroyed but it is pending!
task: <Task pending name='Task-2985' coro=<InteractiveBrokersClientMarketDataMixin._schedule_bar_completion_timeout.<locals>.completion_handler() running at /Users/lindawang/Documents/Workspace/quant/.quant312/lib/python3.12/site-packages/nautilus_trader/adapters/interactive_brokers/client/market_data.py:1313> wait_for=<Future pending cb=[Task.task_wakeup()]>>
Task was destroyed but it is pending!
task: <Task pending name='Task-2997' coro=<InteractiveBrokersClientMarketDataMixin._schedule_bar_completion_timeout.<locals>.completion_handler() running at /Users/lindawang/Documents/Workspace/quant/.quant312/lib/python3.12/site-packages/nautilus_trader/adapters/interactive_brokers/client/market_data.py:1313> wait_for=<Future pending cb=[Task.task_wakeup()]>>
Task was destroyed but it is pending!
task: <Task pending name='Task-2999' coro=<InteractiveBrokersClientMarketDataMixin._schedule_bar_completion_timeout.<locals>.completion_handler() running at /Users/lindawang/Documents/Workspace/quant/.quant312/lib/python3.12/site-packages/nautilus_trader/adapters/interactive_brokers/client/market_data.py:1313> wait_for=<Future pending cb=[Task.task_wakeup()]>>
Task was destroyed but it is pending!
task: <Task pending name='Task-3001' coro=<InteractiveBrokersClientMarketDataMixin._schedule_bar_completion_timeout.<locals>.completion_handler() running at /Users/lindawang/Documents/Workspace/quant/.quant312/lib/python3.12/site-packages/nautilus_trader/adapters/interactive_brokers/client/market_data.py:1313> wait_for=<Future pending cb=[Task.task_wakeup()]>>
Task was destroyed but it is pending!
task: <Task pending name='Task-3003' coro=<InteractiveBrokersClientMarketDataMixin._schedule_bar_completion_timeout.<locals>.completion_handler() running at /Users/lindawang/Documents/Workspace/quant/.quant312/lib/python3.12/site-packages/nautilus_trader/adapters/interactive_brokers/client/market_data.py:1313> wait_for=<Future pending cb=[Task.task_wakeup()]>>
Task was destroyed but it is pending!
task: <Task pending name='Task-3005' coro=<InteractiveBrokersClientMarketDataMixin._schedule_bar_completion_timeout.<locals>.completion_handler() running at /Users/lindawang/Documents/Workspace/quant/.quant312/lib/python3.12/site-packages/nautilus_trader/adapters/interactive_brokers/client/market_data.py:1313> wait_for=<Future pending cb=[Task.task_wakeup()]>>
Task was destroyed but it is pending!
task: <Task pending name='Task-3017' coro=<InteractiveBrokersClientMarketDataMixin._schedule_bar_completion_timeout.<locals>.completion_handler() running at /Users/lindawang/Documents/Workspace/quant/.quant312/lib/python3.12/site-packages/nautilus_trader/adapters/interactive_brokers/client/market_data.py:1313> wait_for=<Future pending cb=[Task.task_wakeup()]>>
Task was destroyed but it is pending!
task: <Task pending name='Task-3019' coro=<InteractiveBrokersClientMarketDataMixin._schedule_bar_completion_timeout.<locals>.completion_handler() running at /Users/lindawang/Documents/Workspace/quant/.quant312/lib/python3.12/site-packages/nautilus_trader/adapters/interactive_brokers/client/market_data.py:1313> wait_for=<Future pending cb=[Task.task_wakeup()]>>
Task was destroyed but it is pending!
task: <Task pending name='Task-3021' coro=<InteractiveBrokersClientMarketDataMixin._schedule_bar_completion_timeout.<locals>.completion_handler() running at /Users/lindawang/Documents/Workspace/quant/.quant312/lib/python3.12/site-packages/nautilus_trader/adapters/interactive_brokers/client/market_data.py:1313> wait_for=<Future pending cb=[Task.task_wakeup()]>>
Task was destroyed but it is pending!
task: <Task pending name='Task-3023' coro=<InteractiveBrokersClientMarketDataMixin._schedule_bar_completion_timeout.<locals>.completion_handler() running at /Users/lindawang/Documents/Workspace/quant/.quant312/lib/python3.12/site-packages/nautilus_trader/adapters/interactive_brokers/client/market_data.py:1313> wait_for=<Future pending cb=[Task.task_wakeup()]>>
Task was destroyed but it is pending!
task: <Task pending name='Task-3025' coro=<InteractiveBrokersClientMarketDataMixin._schedule_bar_completion_timeout.<locals>.completion_handler() running at /Users/lindawang/Documents/Workspace/quant/.quant312/lib/python3.12/site-packages/nautilus_trader/adapters/interactive_brokers/client/market_data.py:1313> wait_for=<Future pending cb=[Task.task_wakeup()]>>
Task was destroyed but it is pending!
task: <Task pending name='Task-3037' coro=<InteractiveBrokersClientMarketDataMixin._schedule_bar_completion_timeout.<locals>.completion_handler() running at /Users/lindawang/Documents/Workspace/quant/.quant312/lib/python3.12/site-packages/nautilus_trader/adapters/interactive_brokers/client/market_data.py:1313> wait_for=<Future pending cb=[Task.task_wakeup()]>>
Task was destroyed but it is pending!
task: <Task pending name='Task-3039' coro=<InteractiveBrokersClientMarketDataMixin._schedule_bar_completion_timeout.<locals>.completion_handler() running at /Users/lindawang/Documents/Workspace/quant/.quant312/lib/python3.12/site-packages/nautilus_trader/adapters/interactive_brokers/client/market_data.py:1313> wait_for=<Future pending cb=[Task.task_wakeup()]>>
Task was destroyed but it is pending!
task: <Task pending name='Task-3041' coro=<InteractiveBrokersClientMarketDataMixin._schedule_bar_completion_timeout.<locals>.completion_handler() running at /Users/lindawang/Documents/Workspace/quant/.quant312/lib/python3.12/site-packages/nautilus_trader/adapters/interactive_brokers/client/market_data.py:1313> wait_for=<Future pending cb=[Task.task_wakeup()]>>
Task was destroyed but it is pending!
task: <Task pending name='Task-3043' coro=<InteractiveBrokersClientMarketDataMixin._schedule_bar_completion_timeout.<locals>.completion_handler() running at /Users/lindawang/Documents/Workspace/quant/.quant312/lib/python3.12/site-packages/nautilus_trader/adapters/interactive_brokers/client/market_data.py:1313> wait_for=<Future pending cb=[Task.task_wakeup()]>>
Task was destroyed but it is pending!
task: <Task pending name='Task-3045' coro=<InteractiveBrokersClientMarketDataMixin._schedule_bar_completion_timeout.<locals>.completion_handler() running at /Users/lindawang/Documents/Workspace/quant/.quant312/lib/python3.12/site-packages/nautilus_trader/adapters/interactive_brokers/client/market_data.py:1313> wait_for=<Future pending cb=[Task.task_wakeup()]>>
Task was destroyed but it is pending!
task: <Task pending name='Task-3057' coro=<InteractiveBrokersClientMarketDataMixin._schedule_bar_completion_timeout.<locals>.completion_handler() running at /Users/lindawang/Documents/Workspace/quant/.quant312/lib/python3.12/site-packages/nautilus_trader/adapters/interactive_brokers/client/market_data.py:1313> wait_for=<Future pending cb=[Task.task_wakeup()]>>
Task was destroyed but it is pending!
task: <Task pending name='Task-3059' coro=<InteractiveBrokersClientMarketDataMixin._schedule_bar_completion_timeout.<locals>.completion_handler() running at /Users/lindawang/Documents/Workspace/quant/.quant312/lib/python3.12/site-packages/nautilus_trader/adapters/interactive_brokers/client/market_data.py:1313> wait_for=<Future pending cb=[Task.task_wakeup()]>>
Task was destroyed but it is pending!
task: <Task pending name='Task-3061' coro=<InteractiveBrokersClientMarketDataMixin._schedule_bar_completion_timeout.<locals>.completion_handler() running at /Users/lindawang/Documents/Workspace/quant/.quant312/lib/python3.12/site-packages/nautilus_trader/adapters/interactive_brokers/client/market_data.py:1313> wait_for=<Future pending cb=[Task.task_wakeup()]>>
Task was destroyed but it is pending!
task: <Task pending name='Task-3063' coro=<InteractiveBrokersClientMarketDataMixin._schedule_bar_completion_timeout.<locals>.completion_handler() running at /Users/lindawang/Documents/Workspace/quant/.quant312/lib/python3.12/site-packages/nautilus_trader/adapters/interactive_brokers/client/market_data.py:1313> wait_for=<Future pending cb=[Task.task_wakeup()]>>
Task was destroyed but it is pending!
task: <Task pending name='Task-3065' coro=<InteractiveBrokersClientMarketDataMixin._schedule_bar_completion_timeout.<locals>.completion_handler() running at /Users/lindawang/Documents/Workspace/quant/.quant312/lib/python3.12/site-packages/nautilus_trader/adapters/interactive_brokers/client/market_data.py:1313> wait_for=<Future pending cb=[Task.task_wakeup()]>>
Task was destroyed but it is pending!
task: <Task pending name='Task-3077' coro=<InteractiveBrokersClientMarketDataMixin._schedule_bar_completion_timeout.<locals>.completion_handler() running at /Users/lindawang/Documents/Workspace/quant/.quant312/lib/python3.12/site-packages/nautilus_trader/adapters/interactive_brokers/client/market_data.py:1313> wait_for=<Future pending cb=[Task.task_wakeup()]>>
Task was destroyed but it is pending!
task: <Task pending name='Task-3079' coro=<InteractiveBrokersClientMarketDataMixin._schedule_bar_completion_timeout.<locals>.completion_handler() running at /Users/lindawang/Documents/Workspace/quant/.quant312/lib/python3.12/site-packages/nautilus_trader/adapters/interactive_brokers/client/market_data.py:1313> wait_for=<Future pending cb=[Task.task_wakeup()]>>
Task was destroyed but it is pending!
task: <Task pending name='Task-3081' coro=<InteractiveBrokersClientMarketDataMixin._schedule_bar_completion_timeout.<locals>.completion_handler() running at /Users/lindawang/Documents/Workspace/quant/.quant312/lib/python3.12/site-packages/nautilus_trader/adapters/interactive_brokers/client/market_data.py:1313> wait_for=<Future pending cb=[Task.task_wakeup()]>>
Task was destroyed but it is pending!
task: <Task pending name='Task-3083' coro=<InteractiveBrokersClientMarketDataMixin._schedule_bar_completion_timeout.<locals>.completion_handler() running at /Users/lindawang/Documents/Workspace/quant/.quant312/lib/python3.12/site-packages/nautilus_trader/adapters/interactive_brokers/client/market_data.py:1313> wait_for=<Future pending cb=[Task.task_wakeup()]>>
Task was destroyed but it is pending!
task: <Task pending name='Task-3085' coro=<InteractiveBrokersClientMarketDataMixin._schedule_bar_completion_timeout.<locals>.completion_handler() running at /Users/lindawang/Documents/Workspace/quant/.quant312/lib/python3.12/site-packages/nautilus_trader/adapters/interactive_brokers/client/market_data.py:1313> wait_for=<Future pending cb=[Task.task_wakeup()]>>
Task was destroyed but it is pending!
task: <Task pending name='Task-3097' coro=<InteractiveBrokersClientMarketDataMixin._schedule_bar_completion_timeout.<locals>.completion_handler() running at /Users/lindawang/Documents/Workspace/quant/.quant312/lib/python3.12/site-packages/nautilus_trader/adapters/interactive_brokers/client/market_data.py:1313> wait_for=<Future pending cb=[Task.task_wakeup()]>>
Task was destroyed but it is pending!
task: <Task pending name='Task-3099' coro=<InteractiveBrokersClientMarketDataMixin._schedule_bar_completion_timeout.<locals>.completion_handler() running at /Users/lindawang/Documents/Workspace/quant/.quant312/lib/python3.12/site-packages/nautilus_trader/adapters/interactive_brokers/client/market_data.py:1313> wait_for=<Future pending cb=[Task.task_wakeup()]>>
Task was destroyed but it is pending!
task: <Task pending name='Task-3101' coro=<InteractiveBrokersClientMarketDataMixin._schedule_bar_completion_timeout.<locals>.completion_handler() running at /Users/lindawang/Documents/Workspace/quant/.quant312/lib/python3.12/site-packages/nautilus_trader/adapters/interactive_brokers/client/market_data.py:1313> wait_for=<Future pending cb=[Task.task_wakeup()]>>
Task was destroyed but it is pending!
task: <Task pending name='Task-3103' coro=<InteractiveBrokersClientMarketDataMixin._schedule_bar_completion_timeout.<locals>.completion_handler() running at /Users/lindawang/Documents/Workspace/quant/.quant312/lib/python3.12/site-packages/nautilus_trader/adapters/interactive_brokers/client/market_data.py:1313> wait_for=<Future pending cb=[Task.task_wakeup()]>>
Task was destroyed but it is pending!
task: <Task pending name='Task-3105' coro=<InteractiveBrokersClientMarketDataMixin._schedule_bar_completion_timeout.<locals>.completion_handler() running at /Users/lindawang/Documents/Workspace/quant/.quant312/lib/python3.12/site-packages/nautilus_trader/adapters/interactive_brokers/client/market_data.py:1313> wait_for=<Future pending cb=[Task.task_wakeup()]>>
Task was destroyed but it is pending!
task: <Task pending name='Task-3117' coro=<InteractiveBrokersClientMarketDataMixin._schedule_bar_completion_timeout.<locals>.completion_handler() running at /Users/lindawang/Documents/Workspace/quant/.quant312/lib/python3.12/site-packages/nautilus_trader/adapters/interactive_brokers/client/market_data.py:1313> wait_for=<Future pending cb=[Task.task_wakeup()]>>
Task was destroyed but it is pending!
task: <Task pending name='Task-3119' coro=<InteractiveBrokersClientMarketDataMixin._schedule_bar_completion_timeout.<locals>.completion_handler() running at /Users/lindawang/Documents/Workspace/quant/.quant312/lib/python3.12/site-packages/nautilus_trader/adapters/interactive_brokers/client/market_data.py:1313> wait_for=<Future pending cb=[Task.task_wakeup()]>>
Task was destroyed but it is pending!
task: <Task pending name='Task-3121' coro=<InteractiveBrokersClientMarketDataMixin._schedule_bar_completion_timeout.<locals>.completion_handler() running at /Users/lindawang/Documents/Workspace/quant/.quant312/lib/python3.12/site-packages/nautilus_trader/adapters/interactive_brokers/client/market_data.py:1313> wait_for=<Future pending cb=[Task.task_wakeup()]>>
Task was destroyed but it is pending!
task: <Task pending name='Task-3123' coro=<InteractiveBrokersClientMarketDataMixin._schedule_bar_completion_timeout.<locals>.completion_handler() running at /Users/lindawang/Documents/Workspace/quant/.quant312/lib/python3.12/site-packages/nautilus_trader/adapters/interactive_brokers/client/market_data.py:1313> wait_for=<Future pending cb=[Task.task_wakeup()]>>
Task was destroyed but it is pending!
task: <Task pending name='Task-3125' coro=<InteractiveBrokersClientMarketDataMixin._schedule_bar_completion_timeout.<locals>.completion_handler() running at /Users/lindawang/Documents/Workspace/quant/.quant312/lib/python3.12/site-packages/nautilus_trader/adapters/interactive_brokers/client/market_data.py:1313> wait_for=<Future pending cb=[Task.task_wakeup()]>>
Task was destroyed but it is pending!
task: <Task pending name='Task-3137' coro=<InteractiveBrokersClientMarketDataMixin._schedule_bar_completion_timeout.<locals>.completion_handler() running at /Users/lindawang/Documents/Workspace/quant/.quant312/lib/python3.12/site-packages/nautilus_trader/adapters/interactive_brokers/client/market_data.py:1313> wait_for=<Future pending cb=[Task.task_wakeup()]>>
Task was destroyed but it is pending!
task: <Task pending name='Task-3139' coro=<InteractiveBrokersClientMarketDataMixin._schedule_bar_completion_timeout.<locals>.completion_handler() running at /Users/lindawang/Documents/Workspace/quant/.quant312/lib/python3.12/site-packages/nautilus_trader/adapters/interactive_brokers/client/market_data.py:1313> wait_for=<Future pending cb=[Task.task_wakeup()]>>
Task was destroyed but it is pending!
task: <Task pending name='Task-3141' coro=<InteractiveBrokersClientMarketDataMixin._schedule_bar_completion_timeout.<locals>.completion_handler() running at /Users/lindawang/Documents/Workspace/quant/.quant312/lib/python3.12/site-packages/nautilus_trader/adapters/interactive_brokers/client/market_data.py:1313> wait_for=<Future pending cb=[Task.task_wakeup()]>>
Task was destroyed but it is pending!
task: <Task pending name='Task-3143' coro=<InteractiveBrokersClientMarketDataMixin._schedule_bar_completion_timeout.<locals>.completion_handler() running at /Users/lindawang/Documents/Workspace/quant/.quant312/lib/python3.12/site-packages/nautilus_trader/adapters/interactive_brokers/client/market_data.py:1313> wait_for=<Future pending cb=[Task.task_wakeup()]>>
Task was destroyed but it is pending!
task: <Task pending name='Task-3145' coro=<InteractiveBrokersClientMarketDataMixin._schedule_bar_completion_timeout.<locals>.completion_handler() running at /Users/lindawang/Documents/Workspace/quant/.quant312/lib/python3.12/site-packages/nautilus_trader/adapters/interactive_brokers/client/market_data.py:1313> wait_for=<Future pending cb=[Task.task_wakeup()]>>
Task was destroyed but it is pending!
task: <Task pending name='Task-3157' coro=<InteractiveBrokersClientMarketDataMixin._schedule_bar_completion_timeout.<locals>.completion_handler() running at /Users/lindawang/Documents/Workspace/quant/.quant312/lib/python3.12/site-packages/nautilus_trader/adapters/interactive_brokers/client/market_data.py:1313> wait_for=<Future pending cb=[Task.task_wakeup()]>>
Task was destroyed but it is pending!
task: <Task pending name='Task-3159' coro=<InteractiveBrokersClientMarketDataMixin._schedule_bar_completion_timeout.<locals>.completion_handler() running at /Users/lindawang/Documents/Workspace/quant/.quant312/lib/python3.12/site-packages/nautilus_trader/adapters/interactive_brokers/client/market_data.py:1313> wait_for=<Future pending cb=[Task.task_wakeup()]>>
Task was destroyed but it is pending!
task: <Task pending name='Task-3161' coro=<InteractiveBrokersClientMarketDataMixin._schedule_bar_completion_timeout.<locals>.completion_handler() running at /Users/lindawang/Documents/Workspace/quant/.quant312/lib/python3.12/site-packages/nautilus_trader/adapters/interactive_brokers/client/market_data.py:1313> wait_for=<Future pending cb=[Task.task_wakeup()]>>
Task was destroyed but it is pending!
task: <Task pending name='Task-3163' coro=<InteractiveBrokersClientMarketDataMixin._schedule_bar_completion_timeout.<locals>.completion_handler() running at /Users/lindawang/Documents/Workspace/quant/.quant312/lib/python3.12/site-packages/nautilus_trader/adapters/interactive_brokers/client/market_data.py:1313> wait_for=<Future pending cb=[Task.task_wakeup()]>>
Task was destroyed but it is pending!
task: <Task pending name='Task-3165' coro=<InteractiveBrokersClientMarketDataMixin._schedule_bar_completion_timeout.<locals>.completion_handler() running at /Users/lindawang/Documents/Workspace/quant/.quant312/lib/python3.12/site-packages/nautilus_trader/adapters/interactive_brokers/client/market_data.py:1313> wait_for=<Future pending cb=[Task.task_wakeup()]>>
Task was destroyed but it is pending!
task: <Task pending name='Task-3177' coro=<InteractiveBrokersClientMarketDataMixin._schedule_bar_completion_timeout.<locals>.completion_handler() running at /Users/lindawang/Documents/Workspace/quant/.quant312/lib/python3.12/site-packages/nautilus_trader/adapters/interactive_brokers/client/market_data.py:1313> wait_for=<Future pending cb=[Task.task_wakeup()]>>
Task was destroyed but it is pending!
task: <Task pending name='Task-3179' coro=<InteractiveBrokersClientMarketDataMixin._schedule_bar_completion_timeout.<locals>.completion_handler() running at /Users/lindawang/Documents/Workspace/quant/.quant312/lib/python3.12/site-packages/nautilus_trader/adapters/interactive_brokers/client/market_data.py:1313> wait_for=<Future pending cb=[Task.task_wakeup()]>>
Task was destroyed but it is pending!
task: <Task pending name='Task-3181' coro=<InteractiveBrokersClientMarketDataMixin._schedule_bar_completion_timeout.<locals>.completion_handler() running at /Users/lindawang/Documents/Workspace/quant/.quant312/lib/python3.12/site-packages/nautilus_trader/adapters/interactive_brokers/client/market_data.py:1313> wait_for=<Future pending cb=[Task.task_wakeup()]>>
Task was destroyed but it is pending!
task: <Task pending name='Task-3183' coro=<InteractiveBrokersClientMarketDataMixin._schedule_bar_completion_timeout.<locals>.completion_handler() running at /Users/lindawang/Documents/Workspace/quant/.quant312/lib/python3.12/site-packages/nautilus_trader/adapters/interactive_brokers/client/market_data.py:1313> wait_for=<Future pending cb=[Task.task_wakeup()]>>
Task was destroyed but it is pending!
task: <Task pending name='Task-3185' coro=<InteractiveBrokersClientMarketDataMixin._schedule_bar_completion_timeout.<locals>.completion_handler() running at /Users/lindawang/Documents/Workspace/quant/.quant312/lib/python3.12/site-packages/nautilus_trader/adapters/interactive_brokers/client/market_data.py:1313> wait_for=<Future pending cb=[Task.task_wakeup()]>>
Task was destroyed but it is pending!
task: <Task pending name='Task-3198' coro=<InteractiveBrokersClientMarketDataMixin._schedule_bar_completion_timeout.<locals>.completion_handler() running at /Users/lindawang/Documents/Workspace/quant/.quant312/lib/python3.12/site-packages/nautilus_trader/adapters/interactive_brokers/client/market_data.py:1313> wait_for=<Future pending cb=[Task.task_wakeup()]>>
Task was destroyed but it is pending!
task: <Task pending name='Task-3200' coro=<InteractiveBrokersClientMarketDataMixin._schedule_bar_completion_timeout.<locals>.completion_handler() running at /Users/lindawang/Documents/Workspace/quant/.quant312/lib/python3.12/site-packages/nautilus_trader/adapters/interactive_brokers/client/market_data.py:1313> wait_for=<Future pending cb=[Task.task_wakeup()]>>
Task was destroyed but it is pending!
task: <Task pending name='Task-3202' coro=<InteractiveBrokersClientMarketDataMixin._schedule_bar_completion_timeout.<locals>.completion_handler() running at /Users/lindawang/Documents/Workspace/quant/.quant312/lib/python3.12/site-packages/nautilus_trader/adapters/interactive_brokers/client/market_data.py:1313> wait_for=<Future pending cb=[Task.task_wakeup()]>>
Task was destroyed but it is pending!
task: <Task pending name='Task-3204' coro=<InteractiveBrokersClientMarketDataMixin._schedule_bar_completion_timeout.<locals>.completion_handler() running at /Users/lindawang/Documents/Workspace/quant/.quant312/lib/python3.12/site-packages/nautilus_trader/adapters/interactive_brokers/client/market_data.py:1313> wait_for=<Future pending cb=[Task.task_wakeup()]>>
Task was destroyed but it is pending!
task: <Task pending name='Task-3206' coro=<InteractiveBrokersClientMarketDataMixin._schedule_bar_completion_timeout.<locals>.completion_handler() running at /Users/lindawang/Documents/Workspace/quant/.quant312/lib/python3.12/site-packages/nautilus_trader/adapters/interactive_brokers/client/market_data.py:1313> wait_for=<Future pending cb=[Task.task_wakeup()]>>
Task was destroyed but it is pending!
task: <Task pending name='Task-3218' coro=<InteractiveBrokersClientMarketDataMixin._schedule_bar_completion_timeout.<locals>.completion_handler() running at /Users/lindawang/Documents/Workspace/quant/.quant312/lib/python3.12/site-packages/nautilus_trader/adapters/interactive_brokers/client/market_data.py:1313> wait_for=<Future pending cb=[Task.task_wakeup()]>>
Task was destroyed but it is pending!
task: <Task pending name='Task-3220' coro=<InteractiveBrokersClientMarketDataMixin._schedule_bar_completion_timeout.<locals>.completion_handler() running at /Users/lindawang/Documents/Workspace/quant/.quant312/lib/python3.12/site-packages/nautilus_trader/adapters/interactive_brokers/client/market_data.py:1313> wait_for=<Future pending cb=[Task.task_wakeup()]>>
Task was destroyed but it is pending!
task: <Task pending name='Task-3222' coro=<InteractiveBrokersClientMarketDataMixin._schedule_bar_completion_timeout.<locals>.completion_handler() running at /Users/lindawang/Documents/Workspace/quant/.quant312/lib/python3.12/site-packages/nautilus_trader/adapters/interactive_brokers/client/market_data.py:1313> wait_for=<Future pending cb=[Task.task_wakeup()]>>
Task was destroyed but it is pending!
task: <Task pending name='Task-3224' coro=<InteractiveBrokersClientMarketDataMixin._schedule_bar_completion_timeout.<locals>.completion_handler() running at /Users/lindawang/Documents/Workspace/quant/.quant312/lib/python3.12/site-packages/nautilus_trader/adapters/interactive_brokers/client/market_data.py:1313> wait_for=<Future pending cb=[Task.task_wakeup()]>>
Task was destroyed but it is pending!
task: <Task pending name='Task-3226' coro=<InteractiveBrokersClientMarketDataMixin._schedule_bar_completion_timeout.<locals>.completion_handler() running at /Users/lindawang/Documents/Workspace/quant/.quant312/lib/python3.12/site-packages/nautilus_trader/adapters/interactive_brokers/client/market_data.py:1313> wait_for=<Future pending cb=[Task.task_wakeup()]>>
Task was destroyed but it is pending!
task: <Task pending name='Task-3238' coro=<InteractiveBrokersClientMarketDataMixin._schedule_bar_completion_timeout.<locals>.completion_handler() running at /Users/lindawang/Documents/Workspace/quant/.quant312/lib/python3.12/site-packages/nautilus_trader/adapters/interactive_brokers/client/market_data.py:1313> wait_for=<Future pending cb=[Task.task_wakeup()]>>
Task was destroyed but it is pending!
task: <Task pending name='Task-3240' coro=<InteractiveBrokersClientMarketDataMixin._schedule_bar_completion_timeout.<locals>.completion_handler() running at /Users/lindawang/Documents/Workspace/quant/.quant312/lib/python3.12/site-packages/nautilus_trader/adapters/interactive_brokers/client/market_data.py:1313> wait_for=<Future pending cb=[Task.task_wakeup()]>>
Task was destroyed but it is pending!
task: <Task pending name='Task-3242' coro=<InteractiveBrokersClientMarketDataMixin._schedule_bar_completion_timeout.<locals>.completion_handler() running at /Users/lindawang/Documents/Workspace/quant/.quant312/lib/python3.12/site-packages/nautilus_trader/adapters/interactive_brokers/client/market_data.py:1313> wait_for=<Future pending cb=[Task.task_wakeup()]>>
Task was destroyed but it is pending!
task: <Task pending name='Task-3244' coro=<InteractiveBrokersClientMarketDataMixin._schedule_bar_completion_timeout.<locals>.completion_handler() running at /Users/lindawang/Documents/Workspace/quant/.quant312/lib/python3.12/site-packages/nautilus_trader/adapters/interactive_brokers/client/market_data.py:1313> wait_for=<Future pending cb=[Task.task_wakeup()]>>
Task was destroyed but it is pending!
task: <Task pending name='Task-3246' coro=<InteractiveBrokersClientMarketDataMixin._schedule_bar_completion_timeout.<locals>.completion_handler() running at /Users/lindawang/Documents/Workspace/quant/.quant312/lib/python3.12/site-packages/nautilus_trader/adapters/interactive_brokers/client/market_data.py:1313> wait_for=<Future pending cb=[Task.task_wakeup()]>>
Task was destroyed but it is pending!
task: <Task pending name='Task-3258' coro=<InteractiveBrokersClientMarketDataMixin._schedule_bar_completion_timeout.<locals>.completion_handler() running at /Users/lindawang/Documents/Workspace/quant/.quant312/lib/python3.12/site-packages/nautilus_trader/adapters/interactive_brokers/client/market_data.py:1313> wait_for=<Future pending cb=[Task.task_wakeup()]>>
Task was destroyed but it is pending!
task: <Task pending name='Task-3260' coro=<InteractiveBrokersClientMarketDataMixin._schedule_bar_completion_timeout.<locals>.completion_handler() running at /Users/lindawang/Documents/Workspace/quant/.quant312/lib/python3.12/site-packages/nautilus_trader/adapters/interactive_brokers/client/market_data.py:1313> wait_for=<Future pending cb=[Task.task_wakeup()]>>
Task was destroyed but it is pending!
task: <Task pending name='Task-3262' coro=<InteractiveBrokersClientMarketDataMixin._schedule_bar_completion_timeout.<locals>.completion_handler() running at /Users/lindawang/Documents/Workspace/quant/.quant312/lib/python3.12/site-packages/nautilus_trader/adapters/interactive_brokers/client/market_data.py:1313> wait_for=<Future pending cb=[Task.task_wakeup()]>>
Task was destroyed but it is pending!
task: <Task pending name='Task-3264' coro=<InteractiveBrokersClientMarketDataMixin._schedule_bar_completion_timeout.<locals>.completion_handler() running at /Users/lindawang/Documents/Workspace/quant/.quant312/lib/python3.12/site-packages/nautilus_trader/adapters/interactive_brokers/client/market_data.py:1313> wait_for=<Future pending cb=[Task.task_wakeup()]>>
Task was destroyed but it is pending!
task: <Task pending name='Task-3266' coro=<InteractiveBrokersClientMarketDataMixin._schedule_bar_completion_timeout.<locals>.completion_handler() running at /Users/lindawang/Documents/Workspace/quant/.quant312/lib/python3.12/site-packages/nautilus_trader/adapters/interactive_brokers/client/market_data.py:1313> wait_for=<Future pending cb=[Task.task_wakeup()]>>
Task was destroyed but it is pending!
task: <Task pending name='Task-3278' coro=<InteractiveBrokersClientMarketDataMixin._schedule_bar_completion_timeout.<locals>.completion_handler() running at /Users/lindawang/Documents/Workspace/quant/.quant312/lib/python3.12/site-packages/nautilus_trader/adapters/interactive_brokers/client/market_data.py:1313> wait_for=<Future pending cb=[Task.task_wakeup()]>>
Task was destroyed but it is pending!
task: <Task pending name='Task-3280' coro=<InteractiveBrokersClientMarketDataMixin._schedule_bar_completion_timeout.<locals>.completion_handler() running at /Users/lindawang/Documents/Workspace/quant/.quant312/lib/python3.12/site-packages/nautilus_trader/adapters/interactive_brokers/client/market_data.py:1313> wait_for=<Future pending cb=[Task.task_wakeup()]>>
Task was destroyed but it is pending!
task: <Task pending name='Task-3282' coro=<InteractiveBrokersClientMarketDataMixin._schedule_bar_completion_timeout.<locals>.completion_handler() running at /Users/lindawang/Documents/Workspace/quant/.quant312/lib/python3.12/site-packages/nautilus_trader/adapters/interactive_brokers/client/market_data.py:1313> wait_for=<Future pending cb=[Task.task_wakeup()]>>
Task was destroyed but it is pending!
task: <Task pending name='Task-3284' coro=<InteractiveBrokersClientMarketDataMixin._schedule_bar_completion_timeout.<locals>.completion_handler() running at /Users/lindawang/Documents/Workspace/quant/.quant312/lib/python3.12/site-packages/nautilus_trader/adapters/interactive_brokers/client/market_data.py:1313> wait_for=<Future pending cb=[Task.task_wakeup()]>>
Task was destroyed but it is pending!
task: <Task pending name='Task-3286' coro=<InteractiveBrokersClientMarketDataMixin._schedule_bar_completion_timeout.<locals>.completion_handler() running at /Users/lindawang/Documents/Workspace/quant/.quant312/lib/python3.12/site-packages/nautilus_trader/adapters/interactive_brokers/client/market_data.py:1313> wait_for=<Future pending cb=[Task.task_wakeup()]>>
Task was destroyed but it is pending!
task: <Task pending name='Task-3298' coro=<InteractiveBrokersClientMarketDataMixin._schedule_bar_completion_timeout.<locals>.completion_handler() running at /Users/lindawang/Documents/Workspace/quant/.quant312/lib/python3.12/site-packages/nautilus_trader/adapters/interactive_brokers/client/market_data.py:1313> wait_for=<Future pending cb=[Task.task_wakeup()]>>
Task was destroyed but it is pending!
task: <Task pending name='Task-3300' coro=<InteractiveBrokersClientMarketDataMixin._schedule_bar_completion_timeout.<locals>.completion_handler() running at /Users/lindawang/Documents/Workspace/quant/.quant312/lib/python3.12/site-packages/nautilus_trader/adapters/interactive_brokers/client/market_data.py:1313> wait_for=<Future pending cb=[Task.task_wakeup()]>>
Task was destroyed but it is pending!
task: <Task pending name='Task-3302' coro=<InteractiveBrokersClientMarketDataMixin._schedule_bar_completion_timeout.<locals>.completion_handler() running at /Users/lindawang/Documents/Workspace/quant/.quant312/lib/python3.12/site-packages/nautilus_trader/adapters/interactive_brokers/client/market_data.py:1313> wait_for=<Future pending cb=[Task.task_wakeup()]>>
Task was destroyed but it is pending!
task: <Task pending name='Task-3304' coro=<InteractiveBrokersClientMarketDataMixin._schedule_bar_completion_timeout.<locals>.completion_handler() running at /Users/lindawang/Documents/Workspace/quant/.quant312/lib/python3.12/site-packages/nautilus_trader/adapters/interactive_brokers/client/market_data.py:1313> wait_for=<Future pending cb=[Task.task_wakeup()]>>
Task was destroyed but it is pending!
task: <Task pending name='Task-3306' coro=<InteractiveBrokersClientMarketDataMixin._schedule_bar_completion_timeout.<locals>.completion_handler() running at /Users/lindawang/Documents/Workspace/quant/.quant312/lib/python3.12/site-packages/nautilus_trader/adapters/interactive_brokers/client/market_data.py:1313> wait_for=<Future pending cb=[Task.task_wakeup()]>>
Task was destroyed but it is pending!
task: <Task pending name='Task-3318' coro=<InteractiveBrokersClientMarketDataMixin._schedule_bar_completion_timeout.<locals>.completion_handler() running at /Users/lindawang/Documents/Workspace/quant/.quant312/lib/python3.12/site-packages/nautilus_trader/adapters/interactive_brokers/client/market_data.py:1313> wait_for=<Future pending cb=[Task.task_wakeup()]>>
Task was destroyed but it is pending!
task: <Task pending name='Task-3320' coro=<InteractiveBrokersClientMarketDataMixin._schedule_bar_completion_timeout.<locals>.completion_handler() running at /Users/lindawang/Documents/Workspace/quant/.quant312/lib/python3.12/site-packages/nautilus_trader/adapters/interactive_brokers/client/market_data.py:1313> wait_for=<Future pending cb=[Task.task_wakeup()]>>
Task was destroyed but it is pending!
task: <Task pending name='Task-3322' coro=<InteractiveBrokersClientMarketDataMixin._schedule_bar_completion_timeout.<locals>.completion_handler() running at /Users/lindawang/Documents/Workspace/quant/.quant312/lib/python3.12/site-packages/nautilus_trader/adapters/interactive_brokers/client/market_data.py:1313> wait_for=<Future pending cb=[Task.task_wakeup()]>>
Task was destroyed but it is pending!
task: <Task pending name='Task-3324' coro=<InteractiveBrokersClientMarketDataMixin._schedule_bar_completion_timeout.<locals>.completion_handler() running at /Users/lindawang/Documents/Workspace/quant/.quant312/lib/python3.12/site-packages/nautilus_trader/adapters/interactive_brokers/client/market_data.py:1313> wait_for=<Future pending cb=[Task.task_wakeup()]>>
Task was destroyed but it is pending!
task: <Task pending name='Task-3326' coro=<InteractiveBrokersClientMarketDataMixin._schedule_bar_completion_timeout.<locals>.completion_handler() running at /Users/lindawang/Documents/Workspace/quant/.quant312/lib/python3.12/site-packages/nautilus_trader/adapters/interactive_brokers/client/market_data.py:1313> wait_for=<Future pending cb=[Task.task_wakeup()]>>
Task was destroyed but it is pending!
task: <Task pending name='Task-3338' coro=<InteractiveBrokersClientMarketDataMixin._schedule_bar_completion_timeout.<locals>.completion_handler() running at /Users/lindawang/Documents/Workspace/quant/.quant312/lib/python3.12/site-packages/nautilus_trader/adapters/interactive_brokers/client/market_data.py:1313> wait_for=<Future pending cb=[Task.task_wakeup()]>>
Task was destroyed but it is pending!
task: <Task pending name='Task-3340' coro=<InteractiveBrokersClientMarketDataMixin._schedule_bar_completion_timeout.<locals>.completion_handler() running at /Users/lindawang/Documents/Workspace/quant/.quant312/lib/python3.12/site-packages/nautilus_trader/adapters/interactive_brokers/client/market_data.py:1313> wait_for=<Future pending cb=[Task.task_wakeup()]>>
Task was destroyed but it is pending!
task: <Task pending name='Task-3342' coro=<InteractiveBrokersClientMarketDataMixin._schedule_bar_completion_timeout.<locals>.completion_handler() running at /Users/lindawang/Documents/Workspace/quant/.quant312/lib/python3.12/site-packages/nautilus_trader/adapters/interactive_brokers/client/market_data.py:1313> wait_for=<Future pending cb=[Task.task_wakeup()]>>
Task was destroyed but it is pending!
task: <Task pending name='Task-3344' coro=<InteractiveBrokersClientMarketDataMixin._schedule_bar_completion_timeout.<locals>.completion_handler() running at /Users/lindawang/Documents/Workspace/quant/.quant312/lib/python3.12/site-packages/nautilus_trader/adapters/interactive_brokers/client/market_data.py:1313> wait_for=<Future pending cb=[Task.task_wakeup()]>>
Task was destroyed but it is pending!
task: <Task pending name='Task-3346' coro=<InteractiveBrokersClientMarketDataMixin._schedule_bar_completion_timeout.<locals>.completion_handler() running at /Users/lindawang/Documents/Workspace/quant/.quant312/lib/python3.12/site-packages/nautilus_trader/adapters/interactive_brokers/client/market_data.py:1313> wait_for=<Future pending cb=[Task.task_wakeup()]>>
Task was destroyed but it is pending!
task: <Task pending name='Task-3358' coro=<InteractiveBrokersClientMarketDataMixin._schedule_bar_completion_timeout.<locals>.completion_handler() running at /Users/lindawang/Documents/Workspace/quant/.quant312/lib/python3.12/site-packages/nautilus_trader/adapters/interactive_brokers/client/market_data.py:1313> wait_for=<Future pending cb=[Task.task_wakeup()]>>
Task was destroyed but it is pending!
task: <Task pending name='Task-3360' coro=<InteractiveBrokersClientMarketDataMixin._schedule_bar_completion_timeout.<locals>.completion_handler() running at /Users/lindawang/Documents/Workspace/quant/.quant312/lib/python3.12/site-packages/nautilus_trader/adapters/interactive_brokers/client/market_data.py:1313> wait_for=<Future pending cb=[Task.task_wakeup()]>>
Task was destroyed but it is pending!
task: <Task pending name='Task-3362' coro=<InteractiveBrokersClientMarketDataMixin._schedule_bar_completion_timeout.<locals>.completion_handler() running at /Users/lindawang/Documents/Workspace/quant/.quant312/lib/python3.12/site-packages/nautilus_trader/adapters/interactive_brokers/client/market_data.py:1313> wait_for=<Future pending cb=[Task.task_wakeup()]>>
Task was destroyed but it is pending!
task: <Task pending name='Task-3364' coro=<InteractiveBrokersClientMarketDataMixin._schedule_bar_completion_timeout.<locals>.completion_handler() running at /Users/lindawang/Documents/Workspace/quant/.quant312/lib/python3.12/site-packages/nautilus_trader/adapters/interactive_brokers/client/market_data.py:1313> wait_for=<Future pending cb=[Task.task_wakeup()]>>
Task was destroyed but it is pending!
task: <Task pending name='Task-3366' coro=<InteractiveBrokersClientMarketDataMixin._schedule_bar_completion_timeout.<locals>.completion_handler() running at /Users/lindawang/Documents/Workspace/quant/.quant312/lib/python3.12/site-packages/nautilus_trader/adapters/interactive_brokers/client/market_data.py:1313> wait_for=<Future pending cb=[Task.task_wakeup()]>>
Task was destroyed but it is pending!
task: <Task pending name='Task-3378' coro=<InteractiveBrokersClientMarketDataMixin._schedule_bar_completion_timeout.<locals>.completion_handler() running at /Users/lindawang/Documents/Workspace/quant/.quant312/lib/python3.12/site-packages/nautilus_trader/adapters/interactive_brokers/client/market_data.py:1313> wait_for=<Future pending cb=[Task.task_wakeup()]>>
Task was destroyed but it is pending!
task: <Task pending name='Task-3380' coro=<InteractiveBrokersClientMarketDataMixin._schedule_bar_completion_timeout.<locals>.completion_handler() running at /Users/lindawang/Documents/Workspace/quant/.quant312/lib/python3.12/site-packages/nautilus_trader/adapters/interactive_brokers/client/market_data.py:1313> wait_for=<Future pending cb=[Task.task_wakeup()]>>
Task was destroyed but it is pending!
task: <Task pending name='Task-3382' coro=<InteractiveBrokersClientMarketDataMixin._schedule_bar_completion_timeout.<locals>.completion_handler() running at /Users/lindawang/Documents/Workspace/quant/.quant312/lib/python3.12/site-packages/nautilus_trader/adapters/interactive_brokers/client/market_data.py:1313> wait_for=<Future pending cb=[Task.task_wakeup()]>>
Task was destroyed but it is pending!
task: <Task pending name='Task-3384' coro=<InteractiveBrokersClientMarketDataMixin._schedule_bar_completion_timeout.<locals>.completion_handler() running at /Users/lindawang/Documents/Workspace/quant/.quant312/lib/python3.12/site-packages/nautilus_trader/adapters/interactive_brokers/client/market_data.py:1313> wait_for=<Future pending cb=[Task.task_wakeup()]>>
Task was destroyed but it is pending!
task: <Task pending name='Task-3386' coro=<InteractiveBrokersClientMarketDataMixin._schedule_bar_completion_timeout.<locals>.completion_handler() running at /Users/lindawang/Documents/Workspace/quant/.quant312/lib/python3.12/site-packages/nautilus_trader/adapters/interactive_brokers/client/market_data.py:1313> wait_for=<Future pending cb=[Task.task_wakeup()]>>
Task was destroyed but it is pending!
task: <Task pending name='Task-3398' coro=<InteractiveBrokersClientMarketDataMixin._schedule_bar_completion_timeout.<locals>.completion_handler() running at /Users/lindawang/Documents/Workspace/quant/.quant312/lib/python3.12/site-packages/nautilus_trader/adapters/interactive_brokers/client/market_data.py:1313> wait_for=<Future pending cb=[Task.task_wakeup()]>>
Task was destroyed but it is pending!
task: <Task pending name='Task-3400' coro=<InteractiveBrokersClientMarketDataMixin._schedule_bar_completion_timeout.<locals>.completion_handler() running at /Users/lindawang/Documents/Workspace/quant/.quant312/lib/python3.12/site-packages/nautilus_trader/adapters/interactive_brokers/client/market_data.py:1313> wait_for=<Future pending cb=[Task.task_wakeup()]>>
Task was destroyed but it is pending!
task: <Task pending name='Task-3402' coro=<InteractiveBrokersClientMarketDataMixin._schedule_bar_completion_timeout.<locals>.completion_handler() running at /Users/lindawang/Documents/Workspace/quant/.quant312/lib/python3.12/site-packages/nautilus_trader/adapters/interactive_brokers/client/market_data.py:1313> wait_for=<Future pending cb=[Task.task_wakeup()]>>
Task was destroyed but it is pending!
task: <Task pending name='Task-3404' coro=<InteractiveBrokersClientMarketDataMixin._schedule_bar_completion_timeout.<locals>.completion_handler() running at /Users/lindawang/Documents/Workspace/quant/.quant312/lib/python3.12/site-packages/nautilus_trader/adapters/interactive_brokers/client/market_data.py:1313> wait_for=<Future pending cb=[Task.task_wakeup()]>>
Task was destroyed but it is pending!
task: <Task pending name='Task-3406' coro=<InteractiveBrokersClientMarketDataMixin._schedule_bar_completion_timeout.<locals>.completion_handler() running at /Users/lindawang/Documents/Workspace/quant/.quant312/lib/python3.12/site-packages/nautilus_trader/adapters/interactive_brokers/client/market_data.py:1313> wait_for=<Future pending cb=[Task.task_wakeup()]>>
Task was destroyed but it is pending!
task: <Task pending name='Task-3418' coro=<InteractiveBrokersClientMarketDataMixin._schedule_bar_completion_timeout.<locals>.completion_handler() running at /Users/lindawang/Documents/Workspace/quant/.quant312/lib/python3.12/site-packages/nautilus_trader/adapters/interactive_brokers/client/market_data.py:1313> wait_for=<Future pending cb=[Task.task_wakeup()]>>
Task was destroyed but it is pending!
task: <Task pending name='Task-3420' coro=<InteractiveBrokersClientMarketDataMixin._schedule_bar_completion_timeout.<locals>.completion_handler() running at /Users/lindawang/Documents/Workspace/quant/.quant312/lib/python3.12/site-packages/nautilus_trader/adapters/interactive_brokers/client/market_data.py:1313> wait_for=<Future pending cb=[Task.task_wakeup()]>>
Task was destroyed but it is pending!
task: <Task pending name='Task-3422' coro=<InteractiveBrokersClientMarketDataMixin._schedule_bar_completion_timeout.<locals>.completion_handler() running at /Users/lindawang/Documents/Workspace/quant/.quant312/lib/python3.12/site-packages/nautilus_trader/adapters/interactive_brokers/client/market_data.py:1313> wait_for=<Future pending cb=[Task.task_wakeup()]>>
Task was destroyed but it is pending!
task: <Task pending name='Task-3424' coro=<InteractiveBrokersClientMarketDataMixin._schedule_bar_completion_timeout.<locals>.completion_handler() running at /Users/lindawang/Documents/Workspace/quant/.quant312/lib/python3.12/site-packages/nautilus_trader/adapters/interactive_brokers/client/market_data.py:1313> wait_for=<Future pending cb=[Task.task_wakeup()]>>
Task was destroyed but it is pending!
task: <Task pending name='Task-3426' coro=<InteractiveBrokersClientMarketDataMixin._schedule_bar_completion_timeout.<locals>.completion_handler() running at /Users/lindawang/Documents/Workspace/quant/.quant312/lib/python3.12/site-packages/nautilus_trader/adapters/interactive_brokers/client/market_data.py:1313> wait_for=<Future pending cb=[Task.task_wakeup()]>>
Task was destroyed but it is pending!
task: <Task pending name='Task-3438' coro=<InteractiveBrokersClientMarketDataMixin._schedule_bar_completion_timeout.<locals>.completion_handler() running at /Users/lindawang/Documents/Workspace/quant/.quant312/lib/python3.12/site-packages/nautilus_trader/adapters/interactive_brokers/client/market_data.py:1313> wait_for=<Future pending cb=[Task.task_wakeup()]>>
Task was destroyed but it is pending!
task: <Task pending name='Task-3440' coro=<InteractiveBrokersClientMarketDataMixin._schedule_bar_completion_timeout.<locals>.completion_handler() running at /Users/lindawang/Documents/Workspace/quant/.quant312/lib/python3.12/site-packages/nautilus_trader/adapters/interactive_brokers/client/market_data.py:1313> wait_for=<Future pending cb=[Task.task_wakeup()]>>
Task was destroyed but it is pending!
task: <Task pending name='Task-3442' coro=<InteractiveBrokersClientMarketDataMixin._schedule_bar_completion_timeout.<locals>.completion_handler() running at /Users/lindawang/Documents/Workspace/quant/.quant312/lib/python3.12/site-packages/nautilus_trader/adapters/interactive_brokers/client/market_data.py:1313> wait_for=<Future pending cb=[Task.task_wakeup()]>>
Task was destroyed but it is pending!
task: <Task pending name='Task-3444' coro=<InteractiveBrokersClientMarketDataMixin._schedule_bar_completion_timeout.<locals>.completion_handler() running at /Users/lindawang/Documents/Workspace/quant/.quant312/lib/python3.12/site-packages/nautilus_trader/adapters/interactive_brokers/client/market_data.py:1313> wait_for=<Future pending cb=[Task.task_wakeup()]>>
Task was destroyed but it is pending!
task: <Task pending name='Task-3446' coro=<InteractiveBrokersClientMarketDataMixin._schedule_bar_completion_timeout.<locals>.completion_handler() running at /Users/lindawang/Documents/Workspace/quant/.quant312/lib/python3.12/site-packages/nautilus_trader/adapters/interactive_brokers/client/market_data.py:1313> wait_for=<Future pending cb=[Task.task_wakeup()]>>
Task was destroyed but it is pending!
task: <Task pending name='Task-3458' coro=<InteractiveBrokersClientMarketDataMixin._schedule_bar_completion_timeout.<locals>.completion_handler() running at /Users/lindawang/Documents/Workspace/quant/.quant312/lib/python3.12/site-packages/nautilus_trader/adapters/interactive_brokers/client/market_data.py:1313> wait_for=<Future pending cb=[Task.task_wakeup()]>>
Task was destroyed but it is pending!
task: <Task pending name='Task-3460' coro=<InteractiveBrokersClientMarketDataMixin._schedule_bar_completion_timeout.<locals>.completion_handler() running at /Users/lindawang/Documents/Workspace/quant/.quant312/lib/python3.12/site-packages/nautilus_trader/adapters/interactive_brokers/client/market_data.py:1313> wait_for=<Future pending cb=[Task.task_wakeup()]>>
Task was destroyed but it is pending!
task: <Task pending name='Task-3462' coro=<InteractiveBrokersClientMarketDataMixin._schedule_bar_completion_timeout.<locals>.completion_handler() running at /Users/lindawang/Documents/Workspace/quant/.quant312/lib/python3.12/site-packages/nautilus_trader/adapters/interactive_brokers/client/market_data.py:1313> wait_for=<Future pending cb=[Task.task_wakeup()]>>
Task was destroyed but it is pending!
task: <Task pending name='Task-3464' coro=<InteractiveBrokersClientMarketDataMixin._schedule_bar_completion_timeout.<locals>.completion_handler() running at /Users/lindawang/Documents/Workspace/quant/.quant312/lib/python3.12/site-packages/nautilus_trader/adapters/interactive_brokers/client/market_data.py:1313> wait_for=<Future pending cb=[Task.task_wakeup()]>>
Task was destroyed but it is pending!
task: <Task pending name='Task-3466' coro=<InteractiveBrokersClientMarketDataMixin._schedule_bar_completion_timeout.<locals>.completion_handler() running at /Users/lindawang/Documents/Workspace/quant/.quant312/lib/python3.12/site-packages/nautilus_trader/adapters/interactive_brokers/client/market_data.py:1313> wait_for=<Future pending cb=[Task.task_wakeup()]>>
Task was destroyed but it is pending!
task: <Task pending name='Task-3478' coro=<InteractiveBrokersClientMarketDataMixin._schedule_bar_completion_timeout.<locals>.completion_handler() running at /Users/lindawang/Documents/Workspace/quant/.quant312/lib/python3.12/site-packages/nautilus_trader/adapters/interactive_brokers/client/market_data.py:1313> wait_for=<Future pending cb=[Task.task_wakeup()]>>
Task was destroyed but it is pending!
task: <Task pending name='Task-3480' coro=<InteractiveBrokersClientMarketDataMixin._schedule_bar_completion_timeout.<locals>.completion_handler() running at /Users/lindawang/Documents/Workspace/quant/.quant312/lib/python3.12/site-packages/nautilus_trader/adapters/interactive_brokers/client/market_data.py:1313> wait_for=<Future pending cb=[Task.task_wakeup()]>>
Task was destroyed but it is pending!
task: <Task pending name='Task-3482' coro=<InteractiveBrokersClientMarketDataMixin._schedule_bar_completion_timeout.<locals>.completion_handler() running at /Users/lindawang/Documents/Workspace/quant/.quant312/lib/python3.12/site-packages/nautilus_trader/adapters/interactive_brokers/client/market_data.py:1313> wait_for=<Future pending cb=[Task.task_wakeup()]>>
Task was destroyed but it is pending!
task: <Task pending name='Task-3484' coro=<InteractiveBrokersClientMarketDataMixin._schedule_bar_completion_timeout.<locals>.completion_handler() running at /Users/lindawang/Documents/Workspace/quant/.quant312/lib/python3.12/site-packages/nautilus_trader/adapters/interactive_brokers/client/market_data.py:1313> wait_for=<Future pending cb=[Task.task_wakeup()]>>
Task was destroyed but it is pending!
task: <Task pending name='Task-3486' coro=<InteractiveBrokersClientMarketDataMixin._schedule_bar_completion_timeout.<locals>.completion_handler() running at /Users/lindawang/Documents/Workspace/quant/.quant312/lib/python3.12/site-packages/nautilus_trader/adapters/interactive_brokers/client/market_data.py:1313> wait_for=<Future pending cb=[Task.task_wakeup()]>>
Task was destroyed but it is pending!
task: <Task pending name='Task-3498' coro=<InteractiveBrokersClientMarketDataMixin._schedule_bar_completion_timeout.<locals>.completion_handler() running at /Users/lindawang/Documents/Workspace/quant/.quant312/lib/python3.12/site-packages/nautilus_trader/adapters/interactive_brokers/client/market_data.py:1313> wait_for=<Future pending cb=[Task.task_wakeup()]>>
Task was destroyed but it is pending!
task: <Task pending name='Task-3500' coro=<InteractiveBrokersClientMarketDataMixin._schedule_bar_completion_timeout.<locals>.completion_handler() running at /Users/lindawang/Documents/Workspace/quant/.quant312/lib/python3.12/site-packages/nautilus_trader/adapters/interactive_brokers/client/market_data.py:1313> wait_for=<Future pending cb=[Task.task_wakeup()]>>
Task was destroyed but it is pending!
task: <Task pending name='Task-3502' coro=<InteractiveBrokersClientMarketDataMixin._schedule_bar_completion_timeout.<locals>.completion_handler() running at /Users/lindawang/Documents/Workspace/quant/.quant312/lib/python3.12/site-packages/nautilus_trader/adapters/interactive_brokers/client/market_data.py:1313> wait_for=<Future pending cb=[Task.task_wakeup()]>>
Task was destroyed but it is pending!
task: <Task pending name='Task-3504' coro=<InteractiveBrokersClientMarketDataMixin._schedule_bar_completion_timeout.<locals>.completion_handler() running at /Users/lindawang/Documents/Workspace/quant/.quant312/lib/python3.12/site-packages/nautilus_trader/adapters/interactive_brokers/client/market_data.py:1313> wait_for=<Future pending cb=[Task.task_wakeup()]>>
Task was destroyed but it is pending!
task: <Task pending name='Task-3506' coro=<InteractiveBrokersClientMarketDataMixin._schedule_bar_completion_timeout.<locals>.completion_handler() running at /Users/lindawang/Documents/Workspace/quant/.quant312/lib/python3.12/site-packages/nautilus_trader/adapters/interactive_brokers/client/market_data.py:1313> wait_for=<Future pending cb=[Task.task_wakeup()]>>
Task was destroyed but it is pending!
task: <Task pending name='Task-3518' coro=<InteractiveBrokersClientMarketDataMixin._schedule_bar_completion_timeout.<locals>.completion_handler() running at /Users/lindawang/Documents/Workspace/quant/.quant312/lib/python3.12/site-packages/nautilus_trader/adapters/interactive_brokers/client/market_data.py:1313> wait_for=<Future pending cb=[Task.task_wakeup()]>>
Task was destroyed but it is pending!
task: <Task pending name='Task-3520' coro=<InteractiveBrokersClientMarketDataMixin._schedule_bar_completion_timeout.<locals>.completion_handler() running at /Users/lindawang/Documents/Workspace/quant/.quant312/lib/python3.12/site-packages/nautilus_trader/adapters/interactive_brokers/client/market_data.py:1313> wait_for=<Future pending cb=[Task.task_wakeup()]>>
Task was destroyed but it is pending!
task: <Task pending name='Task-3522' coro=<InteractiveBrokersClientMarketDataMixin._schedule_bar_completion_timeout.<locals>.completion_handler() running at /Users/lindawang/Documents/Workspace/quant/.quant312/lib/python3.12/site-packages/nautilus_trader/adapters/interactive_brokers/client/market_data.py:1313> wait_for=<Future pending cb=[Task.task_wakeup()]>>
Task was destroyed but it is pending!
task: <Task pending name='Task-3524' coro=<InteractiveBrokersClientMarketDataMixin._schedule_bar_completion_timeout.<locals>.completion_handler() running at /Users/lindawang/Documents/Workspace/quant/.quant312/lib/python3.12/site-packages/nautilus_trader/adapters/interactive_brokers/client/market_data.py:1313> wait_for=<Future pending cb=[Task.task_wakeup()]>>
Task was destroyed but it is pending!
task: <Task pending name='Task-3526' coro=<InteractiveBrokersClientMarketDataMixin._schedule_bar_completion_timeout.<locals>.completion_handler() running at /Users/lindawang/Documents/Workspace/quant/.quant312/lib/python3.12/site-packages/nautilus_trader/adapters/interactive_brokers/client/market_data.py:1313> wait_for=<Future pending cb=[Task.task_wakeup()]>>
Task was destroyed but it is pending!
task: <Task pending name='Task-3538' coro=<InteractiveBrokersClientMarketDataMixin._schedule_bar_completion_timeout.<locals>.completion_handler() running at /Users/lindawang/Documents/Workspace/quant/.quant312/lib/python3.12/site-packages/nautilus_trader/adapters/interactive_brokers/client/market_data.py:1313> wait_for=<Future pending cb=[Task.task_wakeup()]>>
Task was destroyed but it is pending!
task: <Task pending name='Task-3540' coro=<InteractiveBrokersClientMarketDataMixin._schedule_bar_completion_timeout.<locals>.completion_handler() running at /Users/lindawang/Documents/Workspace/quant/.quant312/lib/python3.12/site-packages/nautilus_trader/adapters/interactive_brokers/client/market_data.py:1313> wait_for=<Future pending cb=[Task.task_wakeup()]>>
Task was destroyed but it is pending!
task: <Task pending name='Task-3542' coro=<InteractiveBrokersClientMarketDataMixin._schedule_bar_completion_timeout.<locals>.completion_handler() running at /Users/lindawang/Documents/Workspace/quant/.quant312/lib/python3.12/site-packages/nautilus_trader/adapters/interactive_brokers/client/market_data.py:1313> wait_for=<Future pending cb=[Task.task_wakeup()]>>
Task was destroyed but it is pending!
task: <Task pending name='Task-3544' coro=<InteractiveBrokersClientMarketDataMixin._schedule_bar_completion_timeout.<locals>.completion_handler() running at /Users/lindawang/Documents/Workspace/quant/.quant312/lib/python3.12/site-packages/nautilus_trader/adapters/interactive_brokers/client/market_data.py:1313> wait_for=<Future pending cb=[Task.task_wakeup()]>>
Task was destroyed but it is pending!
task: <Task pending name='Task-3546' coro=<InteractiveBrokersClientMarketDataMixin._schedule_bar_completion_timeout.<locals>.completion_handler() running at /Users/lindawang/Documents/Workspace/quant/.quant312/lib/python3.12/site-packages/nautilus_trader/adapters/interactive_brokers/client/market_data.py:1313> wait_for=<Future pending cb=[Task.task_wakeup()]>>
Task was destroyed but it is pending!
task: <Task pending name='Task-3559' coro=<InteractiveBrokersClientMarketDataMixin._schedule_bar_completion_timeout.<locals>.completion_handler() running at /Users/lindawang/Documents/Workspace/quant/.quant312/lib/python3.12/site-packages/nautilus_trader/adapters/interactive_brokers/client/market_data.py:1313> wait_for=<Future pending cb=[Task.task_wakeup()]>>
Task was destroyed but it is pending!
task: <Task pending name='Task-3561' coro=<InteractiveBrokersClientMarketDataMixin._schedule_bar_completion_timeout.<locals>.completion_handler() running at /Users/lindawang/Documents/Workspace/quant/.quant312/lib/python3.12/site-packages/nautilus_trader/adapters/interactive_brokers/client/market_data.py:1313> wait_for=<Future pending cb=[Task.task_wakeup()]>>
Task was destroyed but it is pending!
task: <Task pending name='Task-3563' coro=<InteractiveBrokersClientMarketDataMixin._schedule_bar_completion_timeout.<locals>.completion_handler() running at /Users/lindawang/Documents/Workspace/quant/.quant312/lib/python3.12/site-packages/nautilus_trader/adapters/interactive_brokers/client/market_data.py:1313> wait_for=<Future pending cb=[Task.task_wakeup()]>>
Task was destroyed but it is pending!
task: <Task pending name='Task-3565' coro=<InteractiveBrokersClientMarketDataMixin._schedule_bar_completion_timeout.<locals>.completion_handler() running at /Users/lindawang/Documents/Workspace/quant/.quant312/lib/python3.12/site-packages/nautilus_trader/adapters/interactive_brokers/client/market_data.py:1313> wait_for=<Future pending cb=[Task.task_wakeup()]>>
Task was destroyed but it is pending!
task: <Task pending name='Task-3567' coro=<InteractiveBrokersClientMarketDataMixin._schedule_bar_completion_timeout.<locals>.completion_handler() running at /Users/lindawang/Documents/Workspace/quant/.quant312/lib/python3.12/site-packages/nautilus_trader/adapters/interactive_brokers/client/market_data.py:1313> wait_for=<Future pending cb=[Task.task_wakeup()]>>
Task was destroyed but it is pending!
task: <Task pending name='Task-3579' coro=<InteractiveBrokersClientMarketDataMixin._schedule_bar_completion_timeout.<locals>.completion_handler() running at /Users/lindawang/Documents/Workspace/quant/.quant312/lib/python3.12/site-packages/nautilus_trader/adapters/interactive_brokers/client/market_data.py:1313> wait_for=<Future pending cb=[Task.task_wakeup()]>>
Task was destroyed but it is pending!
task: <Task pending name='Task-3581' coro=<InteractiveBrokersClientMarketDataMixin._schedule_bar_completion_timeout.<locals>.completion_handler() running at /Users/lindawang/Documents/Workspace/quant/.quant312/lib/python3.12/site-packages/nautilus_trader/adapters/interactive_brokers/client/market_data.py:1313> wait_for=<Future pending cb=[Task.task_wakeup()]>>
Task was destroyed but it is pending!
task: <Task pending name='Task-3583' coro=<InteractiveBrokersClientMarketDataMixin._schedule_bar_completion_timeout.<locals>.completion_handler() running at /Users/lindawang/Documents/Workspace/quant/.quant312/lib/python3.12/site-packages/nautilus_trader/adapters/interactive_brokers/client/market_data.py:1313> wait_for=<Future pending cb=[Task.task_wakeup()]>>
Task was destroyed but it is pending!
task: <Task pending name='Task-3585' coro=<InteractiveBrokersClientMarketDataMixin._schedule_bar_completion_timeout.<locals>.completion_handler() running at /Users/lindawang/Documents/Workspace/quant/.quant312/lib/python3.12/site-packages/nautilus_trader/adapters/interactive_brokers/client/market_data.py:1313> wait_for=<Future pending cb=[Task.task_wakeup()]>>
Task was destroyed but it is pending!
task: <Task pending name='Task-3587' coro=<InteractiveBrokersClientMarketDataMixin._schedule_bar_completion_timeout.<locals>.completion_handler() running at /Users/lindawang/Documents/Workspace/quant/.quant312/lib/python3.12/site-packages/nautilus_trader/adapters/interactive_brokers/client/market_data.py:1313> wait_for=<Future pending cb=[Task.task_wakeup()]>>
Task was destroyed but it is pending!
task: <Task pending name='Task-3599' coro=<InteractiveBrokersClientMarketDataMixin._schedule_bar_completion_timeout.<locals>.completion_handler() running at /Users/lindawang/Documents/Workspace/quant/.quant312/lib/python3.12/site-packages/nautilus_trader/adapters/interactive_brokers/client/market_data.py:1313> wait_for=<Future pending cb=[Task.task_wakeup()]>>
Task was destroyed but it is pending!
task: <Task pending name='Task-3601' coro=<InteractiveBrokersClientMarketDataMixin._schedule_bar_completion_timeout.<locals>.completion_handler() running at /Users/lindawang/Documents/Workspace/quant/.quant312/lib/python3.12/site-packages/nautilus_trader/adapters/interactive_brokers/client/market_data.py:1313> wait_for=<Future pending cb=[Task.task_wakeup()]>>
Task was destroyed but it is pending!
task: <Task pending name='Task-3603' coro=<InteractiveBrokersClientMarketDataMixin._schedule_bar_completion_timeout.<locals>.completion_handler() running at /Users/lindawang/Documents/Workspace/quant/.quant312/lib/python3.12/site-packages/nautilus_trader/adapters/interactive_brokers/client/market_data.py:1313> wait_for=<Future pending cb=[Task.task_wakeup()]>>
Task was destroyed but it is pending!
task: <Task pending name='Task-3605' coro=<InteractiveBrokersClientMarketDataMixin._schedule_bar_completion_timeout.<locals>.completion_handler() running at /Users/lindawang/Documents/Workspace/quant/.quant312/lib/python3.12/site-packages/nautilus_trader/adapters/interactive_brokers/client/market_data.py:1313> wait_for=<Future pending cb=[Task.task_wakeup()]>>
Task was destroyed but it is pending!
task: <Task pending name='Task-3607' coro=<InteractiveBrokersClientMarketDataMixin._schedule_bar_completion_timeout.<locals>.completion_handler() running at /Users/lindawang/Documents/Workspace/quant/.quant312/lib/python3.12/site-packages/nautilus_trader/adapters/interactive_brokers/client/market_data.py:1313> wait_for=<Future pending cb=[Task.task_wakeup()]>>
Task was destroyed but it is pending!
task: <Task pending name='Task-3619' coro=<InteractiveBrokersClientMarketDataMixin._schedule_bar_completion_timeout.<locals>.completion_handler() running at /Users/lindawang/Documents/Workspace/quant/.quant312/lib/python3.12/site-packages/nautilus_trader/adapters/interactive_brokers/client/market_data.py:1313> wait_for=<Future pending cb=[Task.task_wakeup()]>>
Task was destroyed but it is pending!
task: <Task pending name='Task-3621' coro=<InteractiveBrokersClientMarketDataMixin._schedule_bar_completion_timeout.<locals>.completion_handler() running at /Users/lindawang/Documents/Workspace/quant/.quant312/lib/python3.12/site-packages/nautilus_trader/adapters/interactive_brokers/client/market_data.py:1313> wait_for=<Future pending cb=[Task.task_wakeup()]>>
Task was destroyed but it is pending!
task: <Task pending name='Task-3623' coro=<InteractiveBrokersClientMarketDataMixin._schedule_bar_completion_timeout.<locals>.completion_handler() running at /Users/lindawang/Documents/Workspace/quant/.quant312/lib/python3.12/site-packages/nautilus_trader/adapters/interactive_brokers/client/market_data.py:1313> wait_for=<Future pending cb=[Task.task_wakeup()]>>
Task was destroyed but it is pending!
task: <Task pending name='Task-3625' coro=<InteractiveBrokersClientMarketDataMixin._schedule_bar_completion_timeout.<locals>.completion_handler() running at /Users/lindawang/Documents/Workspace/quant/.quant312/lib/python3.12/site-packages/nautilus_trader/adapters/interactive_brokers/client/market_data.py:1313> wait_for=<Future pending cb=[Task.task_wakeup()]>>
Task was destroyed but it is pending!
task: <Task pending name='Task-3627' coro=<InteractiveBrokersClientMarketDataMixin._schedule_bar_completion_timeout.<locals>.completion_handler() running at /Users/lindawang/Documents/Workspace/quant/.quant312/lib/python3.12/site-packages/nautilus_trader/adapters/interactive_brokers/client/market_data.py:1313> wait_for=<Future pending cb=[Task.task_wakeup()]>>
Task was destroyed but it is pending!
task: <Task pending name='Task-3639' coro=<InteractiveBrokersClientMarketDataMixin._schedule_bar_completion_timeout.<locals>.completion_handler() running at /Users/lindawang/Documents/Workspace/quant/.quant312/lib/python3.12/site-packages/nautilus_trader/adapters/interactive_brokers/client/market_data.py:1313> wait_for=<Future pending cb=[Task.task_wakeup()]>>
Task was destroyed but it is pending!
task: <Task pending name='Task-3641' coro=<InteractiveBrokersClientMarketDataMixin._schedule_bar_completion_timeout.<locals>.completion_handler() running at /Users/lindawang/Documents/Workspace/quant/.quant312/lib/python3.12/site-packages/nautilus_trader/adapters/interactive_brokers/client/market_data.py:1313> wait_for=<Future pending cb=[Task.task_wakeup()]>>
Task was destroyed but it is pending!
task: <Task pending name='Task-3643' coro=<InteractiveBrokersClientMarketDataMixin._schedule_bar_completion_timeout.<locals>.completion_handler() running at /Users/lindawang/Documents/Workspace/quant/.quant312/lib/python3.12/site-packages/nautilus_trader/adapters/interactive_brokers/client/market_data.py:1313> wait_for=<Future pending cb=[Task.task_wakeup()]>>
Task was destroyed but it is pending!
task: <Task pending name='Task-3645' coro=<InteractiveBrokersClientMarketDataMixin._schedule_bar_completion_timeout.<locals>.completion_handler() running at /Users/lindawang/Documents/Workspace/quant/.quant312/lib/python3.12/site-packages/nautilus_trader/adapters/interactive_brokers/client/market_data.py:1313> wait_for=<Future pending cb=[Task.task_wakeup()]>>
Task was destroyed but it is pending!
task: <Task pending name='Task-3647' coro=<InteractiveBrokersClientMarketDataMixin._schedule_bar_completion_timeout.<locals>.completion_handler() running at /Users/lindawang/Documents/Workspace/quant/.quant312/lib/python3.12/site-packages/nautilus_trader/adapters/interactive_brokers/client/market_data.py:1313> wait_for=<Future pending cb=[Task.task_wakeup()]>>
Task was destroyed but it is pending!
task: <Task pending name='Task-3659' coro=<InteractiveBrokersClientMarketDataMixin._schedule_bar_completion_timeout.<locals>.completion_handler() running at /Users/lindawang/Documents/Workspace/quant/.quant312/lib/python3.12/site-packages/nautilus_trader/adapters/interactive_brokers/client/market_data.py:1313> wait_for=<Future pending cb=[Task.task_wakeup()]>>
Task was destroyed but it is pending!
task: <Task pending name='Task-3661' coro=<InteractiveBrokersClientMarketDataMixin._schedule_bar_completion_timeout.<locals>.completion_handler() running at /Users/lindawang/Documents/Workspace/quant/.quant312/lib/python3.12/site-packages/nautilus_trader/adapters/interactive_brokers/client/market_data.py:1313> wait_for=<Future pending cb=[Task.task_wakeup()]>>
Task was destroyed but it is pending!
task: <Task pending name='Task-3663' coro=<InteractiveBrokersClientMarketDataMixin._schedule_bar_completion_timeout.<locals>.completion_handler() running at /Users/lindawang/Documents/Workspace/quant/.quant312/lib/python3.12/site-packages/nautilus_trader/adapters/interactive_brokers/client/market_data.py:1313> wait_for=<Future pending cb=[Task.task_wakeup()]>>
Task was destroyed but it is pending!
task: <Task pending name='Task-3665' coro=<InteractiveBrokersClientMarketDataMixin._schedule_bar_completion_timeout.<locals>.completion_handler() running at /Users/lindawang/Documents/Workspace/quant/.quant312/lib/python3.12/site-packages/nautilus_trader/adapters/interactive_brokers/client/market_data.py:1313> wait_for=<Future pending cb=[Task.task_wakeup()]>>
Task was destroyed but it is pending!
task: <Task pending name='Task-3667' coro=<InteractiveBrokersClientMarketDataMixin._schedule_bar_completion_timeout.<locals>.completion_handler() running at /Users/lindawang/Documents/Workspace/quant/.quant312/lib/python3.12/site-packages/nautilus_trader/adapters/interactive_brokers/client/market_data.py:1313> wait_for=<Future pending cb=[Task.task_wakeup()]>>
Task was destroyed but it is pending!
task: <Task pending name='Task-3679' coro=<InteractiveBrokersClientMarketDataMixin._schedule_bar_completion_timeout.<locals>.completion_handler() running at /Users/lindawang/Documents/Workspace/quant/.quant312/lib/python3.12/site-packages/nautilus_trader/adapters/interactive_brokers/client/market_data.py:1313> wait_for=<Future pending cb=[Task.task_wakeup()]>>
Task was destroyed but it is pending!
task: <Task pending name='Task-3681' coro=<InteractiveBrokersClientMarketDataMixin._schedule_bar_completion_timeout.<locals>.completion_handler() running at /Users/lindawang/Documents/Workspace/quant/.quant312/lib/python3.12/site-packages/nautilus_trader/adapters/interactive_brokers/client/market_data.py:1313> wait_for=<Future pending cb=[Task.task_wakeup()]>>
Task was destroyed but it is pending!
task: <Task pending name='Task-3683' coro=<InteractiveBrokersClientMarketDataMixin._schedule_bar_completion_timeout.<locals>.completion_handler() running at /Users/lindawang/Documents/Workspace/quant/.quant312/lib/python3.12/site-packages/nautilus_trader/adapters/interactive_brokers/client/market_data.py:1313> wait_for=<Future pending cb=[Task.task_wakeup()]>>
Task was destroyed but it is pending!
task: <Task pending name='Task-3685' coro=<InteractiveBrokersClientMarketDataMixin._schedule_bar_completion_timeout.<locals>.completion_handler() running at /Users/lindawang/Documents/Workspace/quant/.quant312/lib/python3.12/site-packages/nautilus_trader/adapters/interactive_brokers/client/market_data.py:1313> wait_for=<Future pending cb=[Task.task_wakeup()]>>
Task was destroyed but it is pending!
task: <Task pending name='Task-3687' coro=<InteractiveBrokersClientMarketDataMixin._schedule_bar_completion_timeout.<locals>.completion_handler() running at /Users/lindawang/Documents/Workspace/quant/.quant312/lib/python3.12/site-packages/nautilus_trader/adapters/interactive_brokers/client/market_data.py:1313> wait_for=<Future pending cb=[Task.task_wakeup()]>>
Task was destroyed but it is pending!
task: <Task pending name='Task-3699' coro=<InteractiveBrokersClientMarketDataMixin._schedule_bar_completion_timeout.<locals>.completion_handler() running at /Users/lindawang/Documents/Workspace/quant/.quant312/lib/python3.12/site-packages/nautilus_trader/adapters/interactive_brokers/client/market_data.py:1313> wait_for=<Future pending cb=[Task.task_wakeup()]>>
Task was destroyed but it is pending!
task: <Task pending name='Task-3701' coro=<InteractiveBrokersClientMarketDataMixin._schedule_bar_completion_timeout.<locals>.completion_handler() running at /Users/lindawang/Documents/Workspace/quant/.quant312/lib/python3.12/site-packages/nautilus_trader/adapters/interactive_brokers/client/market_data.py:1313> wait_for=<Future pending cb=[Task.task_wakeup()]>>
Task was destroyed but it is pending!
task: <Task pending name='Task-3703' coro=<InteractiveBrokersClientMarketDataMixin._schedule_bar_completion_timeout.<locals>.completion_handler() running at /Users/lindawang/Documents/Workspace/quant/.quant312/lib/python3.12/site-packages/nautilus_trader/adapters/interactive_brokers/client/market_data.py:1313> wait_for=<Future pending cb=[Task.task_wakeup()]>>
Task was destroyed but it is pending!
task: <Task pending name='Task-3705' coro=<InteractiveBrokersClientMarketDataMixin._schedule_bar_completion_timeout.<locals>.completion_handler() running at /Users/lindawang/Documents/Workspace/quant/.quant312/lib/python3.12/site-packages/nautilus_trader/adapters/interactive_brokers/client/market_data.py:1313> wait_for=<Future pending cb=[Task.task_wakeup()]>>
Task was destroyed but it is pending!
task: <Task pending name='Task-3707' coro=<InteractiveBrokersClientMarketDataMixin._schedule_bar_completion_timeout.<locals>.completion_handler() running at /Users/lindawang/Documents/Workspace/quant/.quant312/lib/python3.12/site-packages/nautilus_trader/adapters/interactive_brokers/client/market_data.py:1313> wait_for=<Future pending cb=[Task.task_wakeup()]>>
Task was destroyed but it is pending!
task: <Task pending name='Task-3719' coro=<InteractiveBrokersClientMarketDataMixin._schedule_bar_completion_timeout.<locals>.completion_handler() running at /Users/lindawang/Documents/Workspace/quant/.quant312/lib/python3.12/site-packages/nautilus_trader/adapters/interactive_brokers/client/market_data.py:1313> wait_for=<Future pending cb=[Task.task_wakeup()]>>
Task was destroyed but it is pending!
task: <Task pending name='Task-3721' coro=<InteractiveBrokersClientMarketDataMixin._schedule_bar_completion_timeout.<locals>.completion_handler() running at /Users/lindawang/Documents/Workspace/quant/.quant312/lib/python3.12/site-packages/nautilus_trader/adapters/interactive_brokers/client/market_data.py:1313> wait_for=<Future pending cb=[Task.task_wakeup()]>>
Task was destroyed but it is pending!
task: <Task pending name='Task-3723' coro=<InteractiveBrokersClientMarketDataMixin._schedule_bar_completion_timeout.<locals>.completion_handler() running at /Users/lindawang/Documents/Workspace/quant/.quant312/lib/python3.12/site-packages/nautilus_trader/adapters/interactive_brokers/client/market_data.py:1313> wait_for=<Future pending cb=[Task.task_wakeup()]>>
Task was destroyed but it is pending!
task: <Task pending name='Task-3725' coro=<InteractiveBrokersClientMarketDataMixin._schedule_bar_completion_timeout.<locals>.completion_handler() running at /Users/lindawang/Documents/Workspace/quant/.quant312/lib/python3.12/site-packages/nautilus_trader/adapters/interactive_brokers/client/market_data.py:1313> wait_for=<Future pending cb=[Task.task_wakeup()]>>
Task was destroyed but it is pending!
task: <Task pending name='Task-3727' coro=<InteractiveBrokersClientMarketDataMixin._schedule_bar_completion_timeout.<locals>.completion_handler() running at /Users/lindawang/Documents/Workspace/quant/.quant312/lib/python3.12/site-packages/nautilus_trader/adapters/interactive_brokers/client/market_data.py:1313> wait_for=<Future pending cb=[Task.task_wakeup()]>>
Task was destroyed but it is pending!
task: <Task pending name='Task-3739' coro=<InteractiveBrokersClientMarketDataMixin._schedule_bar_completion_timeout.<locals>.completion_handler() running at /Users/lindawang/Documents/Workspace/quant/.quant312/lib/python3.12/site-packages/nautilus_trader/adapters/interactive_brokers/client/market_data.py:1313> wait_for=<Future pending cb=[Task.task_wakeup()]>>
Task was destroyed but it is pending!
task: <Task pending name='Task-3741' coro=<InteractiveBrokersClientMarketDataMixin._schedule_bar_completion_timeout.<locals>.completion_handler() running at /Users/lindawang/Documents/Workspace/quant/.quant312/lib/python3.12/site-packages/nautilus_trader/adapters/interactive_brokers/client/market_data.py:1313> wait_for=<Future pending cb=[Task.task_wakeup()]>>
Task was destroyed but it is pending!
task: <Task pending name='Task-3743' coro=<InteractiveBrokersClientMarketDataMixin._schedule_bar_completion_timeout.<locals>.completion_handler() running at /Users/lindawang/Documents/Workspace/quant/.quant312/lib/python3.12/site-packages/nautilus_trader/adapters/interactive_brokers/client/market_data.py:1313> wait_for=<Future pending cb=[Task.task_wakeup()]>>
Task was destroyed but it is pending!
task: <Task pending name='Task-3745' coro=<InteractiveBrokersClientMarketDataMixin._schedule_bar_completion_timeout.<locals>.completion_handler() running at /Users/lindawang/Documents/Workspace/quant/.quant312/lib/python3.12/site-packages/nautilus_trader/adapters/interactive_brokers/client/market_data.py:1313> wait_for=<Future pending cb=[Task.task_wakeup()]>>
Task was destroyed but it is pending!
task: <Task pending name='Task-3747' coro=<InteractiveBrokersClientMarketDataMixin._schedule_bar_completion_timeout.<locals>.completion_handler() running at /Users/lindawang/Documents/Workspace/quant/.quant312/lib/python3.12/site-packages/nautilus_trader/adapters/interactive_brokers/client/market_data.py:1313> wait_for=<Future pending cb=[Task.task_wakeup()]>>
Task was destroyed but it is pending!
task: <Task pending name='Task-3759' coro=<InteractiveBrokersClientMarketDataMixin._schedule_bar_completion_timeout.<locals>.completion_handler() running at /Users/lindawang/Documents/Workspace/quant/.quant312/lib/python3.12/site-packages/nautilus_trader/adapters/interactive_brokers/client/market_data.py:1313> wait_for=<Future pending cb=[Task.task_wakeup()]>>
Task was destroyed but it is pending!
task: <Task pending name='Task-3761' coro=<InteractiveBrokersClientMarketDataMixin._schedule_bar_completion_timeout.<locals>.completion_handler() running at /Users/lindawang/Documents/Workspace/quant/.quant312/lib/python3.12/site-packages/nautilus_trader/adapters/interactive_brokers/client/market_data.py:1313> wait_for=<Future pending cb=[Task.task_wakeup()]>>
Task was destroyed but it is pending!
task: <Task pending name='Task-3763' coro=<InteractiveBrokersClientMarketDataMixin._schedule_bar_completion_timeout.<locals>.completion_handler() running at /Users/lindawang/Documents/Workspace/quant/.quant312/lib/python3.12/site-packages/nautilus_trader/adapters/interactive_brokers/client/market_data.py:1313> wait_for=<Future pending cb=[Task.task_wakeup()]>>
Task was destroyed but it is pending!
task: <Task pending name='Task-3765' coro=<InteractiveBrokersClientMarketDataMixin._schedule_bar_completion_timeout.<locals>.completion_handler() running at /Users/lindawang/Documents/Workspace/quant/.quant312/lib/python3.12/site-packages/nautilus_trader/adapters/interactive_brokers/client/market_data.py:1313> wait_for=<Future pending cb=[Task.task_wakeup()]>>
Task was destroyed but it is pending!
task: <Task pending name='Task-3767' coro=<InteractiveBrokersClientMarketDataMixin._schedule_bar_completion_timeout.<locals>.completion_handler() running at /Users/lindawang/Documents/Workspace/quant/.quant312/lib/python3.12/site-packages/nautilus_trader/adapters/interactive_brokers/client/market_data.py:1313> wait_for=<Future pending cb=[Task.task_wakeup()]>>
Task was destroyed but it is pending!
task: <Task pending name='Task-3779' coro=<InteractiveBrokersClientMarketDataMixin._schedule_bar_completion_timeout.<locals>.completion_handler() running at /Users/lindawang/Documents/Workspace/quant/.quant312/lib/python3.12/site-packages/nautilus_trader/adapters/interactive_brokers/client/market_data.py:1313> wait_for=<Future pending cb=[Task.task_wakeup()]>>
Task was destroyed but it is pending!
task: <Task pending name='Task-3781' coro=<InteractiveBrokersClientMarketDataMixin._schedule_bar_completion_timeout.<locals>.completion_handler() running at /Users/lindawang/Documents/Workspace/quant/.quant312/lib/python3.12/site-packages/nautilus_trader/adapters/interactive_brokers/client/market_data.py:1313> wait_for=<Future pending cb=[Task.task_wakeup()]>>
Task was destroyed but it is pending!
task: <Task pending name='Task-3783' coro=<InteractiveBrokersClientMarketDataMixin._schedule_bar_completion_timeout.<locals>.completion_handler() running at /Users/lindawang/Documents/Workspace/quant/.quant312/lib/python3.12/site-packages/nautilus_trader/adapters/interactive_brokers/client/market_data.py:1313> wait_for=<Future pending cb=[Task.task_wakeup()]>>
Task was destroyed but it is pending!
task: <Task pending name='Task-3785' coro=<InteractiveBrokersClientMarketDataMixin._schedule_bar_completion_timeout.<locals>.completion_handler() running at /Users/lindawang/Documents/Workspace/quant/.quant312/lib/python3.12/site-packages/nautilus_trader/adapters/interactive_brokers/client/market_data.py:1313> wait_for=<Future pending cb=[Task.task_wakeup()]>>
Task was destroyed but it is pending!
task: <Task pending name='Task-3787' coro=<InteractiveBrokersClientMarketDataMixin._schedule_bar_completion_timeout.<locals>.completion_handler() running at /Users/lindawang/Documents/Workspace/quant/.quant312/lib/python3.12/site-packages/nautilus_trader/adapters/interactive_brokers/client/market_data.py:1313> wait_for=<Future pending cb=[Task.task_wakeup()]>>
Task was destroyed but it is pending!
task: <Task pending name='Task-3799' coro=<InteractiveBrokersClientMarketDataMixin._schedule_bar_completion_timeout.<locals>.completion_handler() running at /Users/lindawang/Documents/Workspace/quant/.quant312/lib/python3.12/site-packages/nautilus_trader/adapters/interactive_brokers/client/market_data.py:1313> wait_for=<Future pending cb=[Task.task_wakeup()]>>
Task was destroyed but it is pending!
task: <Task pending name='Task-3801' coro=<InteractiveBrokersClientMarketDataMixin._schedule_bar_completion_timeout.<locals>.completion_handler() running at /Users/lindawang/Documents/Workspace/quant/.quant312/lib/python3.12/site-packages/nautilus_trader/adapters/interactive_brokers/client/market_data.py:1313> wait_for=<Future pending cb=[Task.task_wakeup()]>>
Task was destroyed but it is pending!
task: <Task pending name='Task-3803' coro=<InteractiveBrokersClientMarketDataMixin._schedule_bar_completion_timeout.<locals>.completion_handler() running at /Users/lindawang/Documents/Workspace/quant/.quant312/lib/python3.12/site-packages/nautilus_trader/adapters/interactive_brokers/client/market_data.py:1313> wait_for=<Future pending cb=[Task.task_wakeup()]>>
Task was destroyed but it is pending!
task: <Task pending name='Task-3805' coro=<InteractiveBrokersClientMarketDataMixin._schedule_bar_completion_timeout.<locals>.completion_handler() running at /Users/lindawang/Documents/Workspace/quant/.quant312/lib/python3.12/site-packages/nautilus_trader/adapters/interactive_brokers/client/market_data.py:1313> wait_for=<Future pending cb=[Task.task_wakeup()]>>
Task was destroyed but it is pending!
task: <Task pending name='Task-3807' coro=<InteractiveBrokersClientMarketDataMixin._schedule_bar_completion_timeout.<locals>.completion_handler() running at /Users/lindawang/Documents/Workspace/quant/.quant312/lib/python3.12/site-packages/nautilus_trader/adapters/interactive_brokers/client/market_data.py:1313> wait_for=<Future pending cb=[Task.task_wakeup()]>>
Task was destroyed but it is pending!
task: <Task pending name='Task-3819' coro=<InteractiveBrokersClientMarketDataMixin._schedule_bar_completion_timeout.<locals>.completion_handler() running at /Users/lindawang/Documents/Workspace/quant/.quant312/lib/python3.12/site-packages/nautilus_trader/adapters/interactive_brokers/client/market_data.py:1313> wait_for=<Future pending cb=[Task.task_wakeup()]>>
Task was destroyed but it is pending!
task: <Task pending name='Task-3821' coro=<InteractiveBrokersClientMarketDataMixin._schedule_bar_completion_timeout.<locals>.completion_handler() running at /Users/lindawang/Documents/Workspace/quant/.quant312/lib/python3.12/site-packages/nautilus_trader/adapters/interactive_brokers/client/market_data.py:1313> wait_for=<Future pending cb=[Task.task_wakeup()]>>
Task was destroyed but it is pending!
task: <Task pending name='Task-3823' coro=<InteractiveBrokersClientMarketDataMixin._schedule_bar_completion_timeout.<locals>.completion_handler() running at /Users/lindawang/Documents/Workspace/quant/.quant312/lib/python3.12/site-packages/nautilus_trader/adapters/interactive_brokers/client/market_data.py:1313> wait_for=<Future pending cb=[Task.task_wakeup()]>>
Task was destroyed but it is pending!
task: <Task pending name='Task-3825' coro=<InteractiveBrokersClientMarketDataMixin._schedule_bar_completion_timeout.<locals>.completion_handler() running at /Users/lindawang/Documents/Workspace/quant/.quant312/lib/python3.12/site-packages/nautilus_trader/adapters/interactive_brokers/client/market_data.py:1313> wait_for=<Future pending cb=[Task.task_wakeup()]>>
Task was destroyed but it is pending!
task: <Task pending name='Task-3827' coro=<InteractiveBrokersClientMarketDataMixin._schedule_bar_completion_timeout.<locals>.completion_handler() running at /Users/lindawang/Documents/Workspace/quant/.quant312/lib/python3.12/site-packages/nautilus_trader/adapters/interactive_brokers/client/market_data.py:1313> wait_for=<Future pending cb=[Task.task_wakeup()]>>
Task was destroyed but it is pending!
task: <Task pending name='Task-3839' coro=<InteractiveBrokersClientMarketDataMixin._schedule_bar_completion_timeout.<locals>.completion_handler() running at /Users/lindawang/Documents/Workspace/quant/.quant312/lib/python3.12/site-packages/nautilus_trader/adapters/interactive_brokers/client/market_data.py:1313> wait_for=<Future pending cb=[Task.task_wakeup()]>>
Task was destroyed but it is pending!
task: <Task pending name='Task-3841' coro=<InteractiveBrokersClientMarketDataMixin._schedule_bar_completion_timeout.<locals>.completion_handler() running at /Users/lindawang/Documents/Workspace/quant/.quant312/lib/python3.12/site-packages/nautilus_trader/adapters/interactive_brokers/client/market_data.py:1313> wait_for=<Future pending cb=[Task.task_wakeup()]>>
Task was destroyed but it is pending!
task: <Task pending name='Task-3843' coro=<InteractiveBrokersClientMarketDataMixin._schedule_bar_completion_timeout.<locals>.completion_handler() running at /Users/lindawang/Documents/Workspace/quant/.quant312/lib/python3.12/site-packages/nautilus_trader/adapters/interactive_brokers/client/market_data.py:1313> wait_for=<Future pending cb=[Task.task_wakeup()]>>
Task was destroyed but it is pending!
task: <Task pending name='Task-3845' coro=<InteractiveBrokersClientMarketDataMixin._schedule_bar_completion_timeout.<locals>.completion_handler() running at /Users/lindawang/Documents/Workspace/quant/.quant312/lib/python3.12/site-packages/nautilus_trader/adapters/interactive_brokers/client/market_data.py:1313> wait_for=<Future pending cb=[Task.task_wakeup()]>>
Task was destroyed but it is pending!
task: <Task pending name='Task-3847' coro=<InteractiveBrokersClientMarketDataMixin._schedule_bar_completion_timeout.<locals>.completion_handler() running at /Users/lindawang/Documents/Workspace/quant/.quant312/lib/python3.12/site-packages/nautilus_trader/adapters/interactive_brokers/client/market_data.py:1313> wait_for=<Future pending cb=[Task.task_wakeup()]>>
Task was destroyed but it is pending!
task: <Task pending name='Task-3859' coro=<InteractiveBrokersClientMarketDataMixin._schedule_bar_completion_timeout.<locals>.completion_handler() running at /Users/lindawang/Documents/Workspace/quant/.quant312/lib/python3.12/site-packages/nautilus_trader/adapters/interactive_brokers/client/market_data.py:1313> wait_for=<Future pending cb=[Task.task_wakeup()]>>
Task was destroyed but it is pending!
task: <Task pending name='Task-3861' coro=<InteractiveBrokersClientMarketDataMixin._schedule_bar_completion_timeout.<locals>.completion_handler() running at /Users/lindawang/Documents/Workspace/quant/.quant312/lib/python3.12/site-packages/nautilus_trader/adapters/interactive_brokers/client/market_data.py:1313> wait_for=<Future pending cb=[Task.task_wakeup()]>>
Task was destroyed but it is pending!
task: <Task pending name='Task-3863' coro=<InteractiveBrokersClientMarketDataMixin._schedule_bar_completion_timeout.<locals>.completion_handler() running at /Users/lindawang/Documents/Workspace/quant/.quant312/lib/python3.12/site-packages/nautilus_trader/adapters/interactive_brokers/client/market_data.py:1313> wait_for=<Future pending cb=[Task.task_wakeup()]>>
Task was destroyed but it is pending!
task: <Task pending name='Task-3865' coro=<InteractiveBrokersClientMarketDataMixin._schedule_bar_completion_timeout.<locals>.completion_handler() running at /Users/lindawang/Documents/Workspace/quant/.quant312/lib/python3.12/site-packages/nautilus_trader/adapters/interactive_brokers/client/market_data.py:1313> wait_for=<Future pending cb=[Task.task_wakeup()]>>
Task was destroyed but it is pending!
task: <Task pending name='Task-3867' coro=<InteractiveBrokersClientMarketDataMixin._schedule_bar_completion_timeout.<locals>.completion_handler() running at /Users/lindawang/Documents/Workspace/quant/.quant312/lib/python3.12/site-packages/nautilus_trader/adapters/interactive_brokers/client/market_data.py:1313> wait_for=<Future pending cb=[Task.task_wakeup()]>>
Task was destroyed but it is pending!
task: <Task pending name='Task-3879' coro=<InteractiveBrokersClientMarketDataMixin._schedule_bar_completion_timeout.<locals>.completion_handler() running at /Users/lindawang/Documents/Workspace/quant/.quant312/lib/python3.12/site-packages/nautilus_trader/adapters/interactive_brokers/client/market_data.py:1313> wait_for=<Future pending cb=[Task.task_wakeup()]>>
Task was destroyed but it is pending!
task: <Task pending name='Task-3881' coro=<InteractiveBrokersClientMarketDataMixin._schedule_bar_completion_timeout.<locals>.completion_handler() running at /Users/lindawang/Documents/Workspace/quant/.quant312/lib/python3.12/site-packages/nautilus_trader/adapters/interactive_brokers/client/market_data.py:1313> wait_for=<Future pending cb=[Task.task_wakeup()]>>
Task was destroyed but it is pending!
task: <Task pending name='Task-3883' coro=<InteractiveBrokersClientMarketDataMixin._schedule_bar_completion_timeout.<locals>.completion_handler() running at /Users/lindawang/Documents/Workspace/quant/.quant312/lib/python3.12/site-packages/nautilus_trader/adapters/interactive_brokers/client/market_data.py:1313> wait_for=<Future pending cb=[Task.task_wakeup()]>>
Task was destroyed but it is pending!
task: <Task pending name='Task-3885' coro=<InteractiveBrokersClientMarketDataMixin._schedule_bar_completion_timeout.<locals>.completion_handler() running at /Users/lindawang/Documents/Workspace/quant/.quant312/lib/python3.12/site-packages/nautilus_trader/adapters/interactive_brokers/client/market_data.py:1313> wait_for=<Future pending cb=[Task.task_wakeup()]>>
Task was destroyed but it is pending!
task: <Task pending name='Task-3887' coro=<InteractiveBrokersClientMarketDataMixin._schedule_bar_completion_timeout.<locals>.completion_handler() running at /Users/lindawang/Documents/Workspace/quant/.quant312/lib/python3.12/site-packages/nautilus_trader/adapters/interactive_brokers/client/market_data.py:1313> wait_for=<Future pending cb=[Task.task_wakeup()]>>
Task was destroyed but it is pending!
task: <Task pending name='Task-3899' coro=<InteractiveBrokersClientMarketDataMixin._schedule_bar_completion_timeout.<locals>.completion_handler() running at /Users/lindawang/Documents/Workspace/quant/.quant312/lib/python3.12/site-packages/nautilus_trader/adapters/interactive_brokers/client/market_data.py:1313> wait_for=<Future pending cb=[Task.task_wakeup()]>>
Task was destroyed but it is pending!
task: <Task pending name='Task-3901' coro=<InteractiveBrokersClientMarketDataMixin._schedule_bar_completion_timeout.<locals>.completion_handler() running at /Users/lindawang/Documents/Workspace/quant/.quant312/lib/python3.12/site-packages/nautilus_trader/adapters/interactive_brokers/client/market_data.py:1313> wait_for=<Future pending cb=[Task.task_wakeup()]>>
Task was destroyed but it is pending!
task: <Task pending name='Task-3903' coro=<InteractiveBrokersClientMarketDataMixin._schedule_bar_completion_timeout.<locals>.completion_handler() running at /Users/lindawang/Documents/Workspace/quant/.quant312/lib/python3.12/site-packages/nautilus_trader/adapters/interactive_brokers/client/market_data.py:1313> wait_for=<Future pending cb=[Task.task_wakeup()]>>
Task was destroyed but it is pending!
task: <Task pending name='Task-3905' coro=<InteractiveBrokersClientMarketDataMixin._schedule_bar_completion_timeout.<locals>.completion_handler() running at /Users/lindawang/Documents/Workspace/quant/.quant312/lib/python3.12/site-packages/nautilus_trader/adapters/interactive_brokers/client/market_data.py:1313> wait_for=<Future pending cb=[Task.task_wakeup()]>>
Task was destroyed but it is pending!
task: <Task pending name='Task-3907' coro=<InteractiveBrokersClientMarketDataMixin._schedule_bar_completion_timeout.<locals>.completion_handler() running at /Users/lindawang/Documents/Workspace/quant/.quant312/lib/python3.12/site-packages/nautilus_trader/adapters/interactive_brokers/client/market_data.py:1313> wait_for=<Future pending cb=[Task.task_wakeup()]>>
Task was destroyed but it is pending!
task: <Task pending name='Task-3920' coro=<InteractiveBrokersClientMarketDataMixin._schedule_bar_completion_timeout.<locals>.completion_handler() running at /Users/lindawang/Documents/Workspace/quant/.quant312/lib/python3.12/site-packages/nautilus_trader/adapters/interactive_brokers/client/market_data.py:1313> wait_for=<Future pending cb=[Task.task_wakeup()]>>
Task was destroyed but it is pending!
task: <Task pending name='Task-3922' coro=<InteractiveBrokersClientMarketDataMixin._schedule_bar_completion_timeout.<locals>.completion_handler() running at /Users/lindawang/Documents/Workspace/quant/.quant312/lib/python3.12/site-packages/nautilus_trader/adapters/interactive_brokers/client/market_data.py:1313> wait_for=<Future pending cb=[Task.task_wakeup()]>>
Task was destroyed but it is pending!
task: <Task pending name='Task-3924' coro=<InteractiveBrokersClientMarketDataMixin._schedule_bar_completion_timeout.<locals>.completion_handler() running at /Users/lindawang/Documents/Workspace/quant/.quant312/lib/python3.12/site-packages/nautilus_trader/adapters/interactive_brokers/client/market_data.py:1313> wait_for=<Future pending cb=[Task.task_wakeup()]>>
Task was destroyed but it is pending!
task: <Task pending name='Task-3926' coro=<InteractiveBrokersClientMarketDataMixin._schedule_bar_completion_timeout.<locals>.completion_handler() running at /Users/lindawang/Documents/Workspace/quant/.quant312/lib/python3.12/site-packages/nautilus_trader/adapters/interactive_brokers/client/market_data.py:1313> wait_for=<Future pending cb=[Task.task_wakeup()]>>
Task was destroyed but it is pending!
task: <Task pending name='Task-3928' coro=<InteractiveBrokersClientMarketDataMixin._schedule_bar_completion_timeout.<locals>.completion_handler() running at /Users/lindawang/Documents/Workspace/quant/.quant312/lib/python3.12/site-packages/nautilus_trader/adapters/interactive_brokers/client/market_data.py:1313> wait_for=<Future pending cb=[Task.task_wakeup()]>>
Task was destroyed but it is pending!
task: <Task pending name='Task-3940' coro=<InteractiveBrokersClientMarketDataMixin._schedule_bar_completion_timeout.<locals>.completion_handler() running at /Users/lindawang/Documents/Workspace/quant/.quant312/lib/python3.12/site-packages/nautilus_trader/adapters/interactive_brokers/client/market_data.py:1313> wait_for=<Future pending cb=[Task.task_wakeup()]>>
Task was destroyed but it is pending!
task: <Task pending name='Task-3942' coro=<InteractiveBrokersClientMarketDataMixin._schedule_bar_completion_timeout.<locals>.completion_handler() running at /Users/lindawang/Documents/Workspace/quant/.quant312/lib/python3.12/site-packages/nautilus_trader/adapters/interactive_brokers/client/market_data.py:1313> wait_for=<Future pending cb=[Task.task_wakeup()]>>
Task was destroyed but it is pending!
task: <Task pending name='Task-3944' coro=<InteractiveBrokersClientMarketDataMixin._schedule_bar_completion_timeout.<locals>.completion_handler() running at /Users/lindawang/Documents/Workspace/quant/.quant312/lib/python3.12/site-packages/nautilus_trader/adapters/interactive_brokers/client/market_data.py:1313> wait_for=<Future pending cb=[Task.task_wakeup()]>>
Task was destroyed but it is pending!
task: <Task pending name='Task-3946' coro=<InteractiveBrokersClientMarketDataMixin._schedule_bar_completion_timeout.<locals>.completion_handler() running at /Users/lindawang/Documents/Workspace/quant/.quant312/lib/python3.12/site-packages/nautilus_trader/adapters/interactive_brokers/client/market_data.py:1313> wait_for=<Future pending cb=[Task.task_wakeup()]>>
Task was destroyed but it is pending!
task: <Task pending name='Task-3948' coro=<InteractiveBrokersClientMarketDataMixin._schedule_bar_completion_timeout.<locals>.completion_handler() running at /Users/lindawang/Documents/Workspace/quant/.quant312/lib/python3.12/site-packages/nautilus_trader/adapters/interactive_brokers/client/market_data.py:1313> wait_for=<Future pending cb=[Task.task_wakeup()]>>
Task was destroyed but it is pending!
task: <Task pending name='Task-3960' coro=<InteractiveBrokersClientMarketDataMixin._schedule_bar_completion_timeout.<locals>.completion_handler() running at /Users/lindawang/Documents/Workspace/quant/.quant312/lib/python3.12/site-packages/nautilus_trader/adapters/interactive_brokers/client/market_data.py:1313> wait_for=<Future pending cb=[Task.task_wakeup()]>>
Task was destroyed but it is pending!
task: <Task pending name='Task-3962' coro=<InteractiveBrokersClientMarketDataMixin._schedule_bar_completion_timeout.<locals>.completion_handler() running at /Users/lindawang/Documents/Workspace/quant/.quant312/lib/python3.12/site-packages/nautilus_trader/adapters/interactive_brokers/client/market_data.py:1313> wait_for=<Future pending cb=[Task.task_wakeup()]>>
Task was destroyed but it is pending!
task: <Task pending name='Task-3964' coro=<InteractiveBrokersClientMarketDataMixin._schedule_bar_completion_timeout.<locals>.completion_handler() running at /Users/lindawang/Documents/Workspace/quant/.quant312/lib/python3.12/site-packages/nautilus_trader/adapters/interactive_brokers/client/market_data.py:1313> wait_for=<Future pending cb=[Task.task_wakeup()]>>
Task was destroyed but it is pending!
task: <Task pending name='Task-3966' coro=<InteractiveBrokersClientMarketDataMixin._schedule_bar_completion_timeout.<locals>.completion_handler() running at /Users/lindawang/Documents/Workspace/quant/.quant312/lib/python3.12/site-packages/nautilus_trader/adapters/interactive_brokers/client/market_data.py:1313> wait_for=<Future pending cb=[Task.task_wakeup()]>>
Task was destroyed but it is pending!
task: <Task pending name='Task-3968' coro=<InteractiveBrokersClientMarketDataMixin._schedule_bar_completion_timeout.<locals>.completion_handler() running at /Users/lindawang/Documents/Workspace/quant/.quant312/lib/python3.12/site-packages/nautilus_trader/adapters/interactive_brokers/client/market_data.py:1313> wait_for=<Future pending cb=[Task.task_wakeup()]>>
Task was destroyed but it is pending!
task: <Task pending name='Task-3980' coro=<InteractiveBrokersClientMarketDataMixin._schedule_bar_completion_timeout.<locals>.completion_handler() running at /Users/lindawang/Documents/Workspace/quant/.quant312/lib/python3.12/site-packages/nautilus_trader/adapters/interactive_brokers/client/market_data.py:1313> wait_for=<Future pending cb=[Task.task_wakeup()]>>
Task was destroyed but it is pending!
task: <Task pending name='Task-3982' coro=<InteractiveBrokersClientMarketDataMixin._schedule_bar_completion_timeout.<locals>.completion_handler() running at /Users/lindawang/Documents/Workspace/quant/.quant312/lib/python3.12/site-packages/nautilus_trader/adapters/interactive_brokers/client/market_data.py:1313> wait_for=<Future pending cb=[Task.task_wakeup()]>>
Task was destroyed but it is pending!
task: <Task pending name='Task-3984' coro=<InteractiveBrokersClientMarketDataMixin._schedule_bar_completion_timeout.<locals>.completion_handler() running at /Users/lindawang/Documents/Workspace/quant/.quant312/lib/python3.12/site-packages/nautilus_trader/adapters/interactive_brokers/client/market_data.py:1313> wait_for=<Future pending cb=[Task.task_wakeup()]>>
Task was destroyed but it is pending!
task: <Task pending name='Task-3986' coro=<InteractiveBrokersClientMarketDataMixin._schedule_bar_completion_timeout.<locals>.completion_handler() running at /Users/lindawang/Documents/Workspace/quant/.quant312/lib/python3.12/site-packages/nautilus_trader/adapters/interactive_brokers/client/market_data.py:1313> wait_for=<Future pending cb=[Task.task_wakeup()]>>
Task was destroyed but it is pending!
task: <Task pending name='Task-3988' coro=<InteractiveBrokersClientMarketDataMixin._schedule_bar_completion_timeout.<locals>.completion_handler() running at /Users/lindawang/Documents/Workspace/quant/.quant312/lib/python3.12/site-packages/nautilus_trader/adapters/interactive_brokers/client/market_data.py:1313> wait_for=<Future pending cb=[Task.task_wakeup()]>>
Task was destroyed but it is pending!
task: <Task pending name='Task-4000' coro=<InteractiveBrokersClientMarketDataMixin._schedule_bar_completion_timeout.<locals>.completion_handler() running at /Users/lindawang/Documents/Workspace/quant/.quant312/lib/python3.12/site-packages/nautilus_trader/adapters/interactive_brokers/client/market_data.py:1313> wait_for=<Future pending cb=[Task.task_wakeup()]>>
Task was destroyed but it is pending!
task: <Task pending name='Task-4002' coro=<InteractiveBrokersClientMarketDataMixin._schedule_bar_completion_timeout.<locals>.completion_handler() running at /Users/lindawang/Documents/Workspace/quant/.quant312/lib/python3.12/site-packages/nautilus_trader/adapters/interactive_brokers/client/market_data.py:1313> wait_for=<Future pending cb=[Task.task_wakeup()]>>
Task was destroyed but it is pending!
task: <Task pending name='Task-4004' coro=<InteractiveBrokersClientMarketDataMixin._schedule_bar_completion_timeout.<locals>.completion_handler() running at /Users/lindawang/Documents/Workspace/quant/.quant312/lib/python3.12/site-packages/nautilus_trader/adapters/interactive_brokers/client/market_data.py:1313> wait_for=<Future pending cb=[Task.task_wakeup()]>>
Task was destroyed but it is pending!
task: <Task pending name='Task-4006' coro=<InteractiveBrokersClientMarketDataMixin._schedule_bar_completion_timeout.<locals>.completion_handler() running at /Users/lindawang/Documents/Workspace/quant/.quant312/lib/python3.12/site-packages/nautilus_trader/adapters/interactive_brokers/client/market_data.py:1313> wait_for=<Future pending cb=[Task.task_wakeup()]>>
Task was destroyed but it is pending!
task: <Task pending name='Task-4008' coro=<InteractiveBrokersClientMarketDataMixin._schedule_bar_completion_timeout.<locals>.completion_handler() running at /Users/lindawang/Documents/Workspace/quant/.quant312/lib/python3.12/site-packages/nautilus_trader/adapters/interactive_brokers/client/market_data.py:1313> wait_for=<Future pending cb=[Task.task_wakeup()]>>
Task was destroyed but it is pending!
task: <Task pending name='Task-4020' coro=<InteractiveBrokersClientMarketDataMixin._schedule_bar_completion_timeout.<locals>.completion_handler() running at /Users/lindawang/Documents/Workspace/quant/.quant312/lib/python3.12/site-packages/nautilus_trader/adapters/interactive_brokers/client/market_data.py:1313> wait_for=<Future pending cb=[Task.task_wakeup()]>>
Task was destroyed but it is pending!
task: <Task pending name='Task-4022' coro=<InteractiveBrokersClientMarketDataMixin._schedule_bar_completion_timeout.<locals>.completion_handler() running at /Users/lindawang/Documents/Workspace/quant/.quant312/lib/python3.12/site-packages/nautilus_trader/adapters/interactive_brokers/client/market_data.py:1313> wait_for=<Future pending cb=[Task.task_wakeup()]>>
Task was destroyed but it is pending!
task: <Task pending name='Task-4024' coro=<InteractiveBrokersClientMarketDataMixin._schedule_bar_completion_timeout.<locals>.completion_handler() running at /Users/lindawang/Documents/Workspace/quant/.quant312/lib/python3.12/site-packages/nautilus_trader/adapters/interactive_brokers/client/market_data.py:1313> wait_for=<Future pending cb=[Task.task_wakeup()]>>
Task was destroyed but it is pending!
task: <Task pending name='Task-4026' coro=<InteractiveBrokersClientMarketDataMixin._schedule_bar_completion_timeout.<locals>.completion_handler() running at /Users/lindawang/Documents/Workspace/quant/.quant312/lib/python3.12/site-packages/nautilus_trader/adapters/interactive_brokers/client/market_data.py:1313> wait_for=<Future pending cb=[Task.task_wakeup()]>>
Task was destroyed but it is pending!
task: <Task pending name='Task-4028' coro=<InteractiveBrokersClientMarketDataMixin._schedule_bar_completion_timeout.<locals>.completion_handler() running at /Users/lindawang/Documents/Workspace/quant/.quant312/lib/python3.12/site-packages/nautilus_trader/adapters/interactive_brokers/client/market_data.py:1313> wait_for=<Future pending cb=[Task.task_wakeup()]>>
Task was destroyed but it is pending!
task: <Task pending name='Task-4040' coro=<InteractiveBrokersClientMarketDataMixin._schedule_bar_completion_timeout.<locals>.completion_handler() running at /Users/lindawang/Documents/Workspace/quant/.quant312/lib/python3.12/site-packages/nautilus_trader/adapters/interactive_brokers/client/market_data.py:1313> wait_for=<Future pending cb=[Task.task_wakeup()]>>
Task was destroyed but it is pending!
task: <Task pending name='Task-4042' coro=<InteractiveBrokersClientMarketDataMixin._schedule_bar_completion_timeout.<locals>.completion_handler() running at /Users/lindawang/Documents/Workspace/quant/.quant312/lib/python3.12/site-packages/nautilus_trader/adapters/interactive_brokers/client/market_data.py:1313> wait_for=<Future pending cb=[Task.task_wakeup()]>>
Task was destroyed but it is pending!
task: <Task pending name='Task-4044' coro=<InteractiveBrokersClientMarketDataMixin._schedule_bar_completion_timeout.<locals>.completion_handler() running at /Users/lindawang/Documents/Workspace/quant/.quant312/lib/python3.12/site-packages/nautilus_trader/adapters/interactive_brokers/client/market_data.py:1313> wait_for=<Future pending cb=[Task.task_wakeup()]>>
Task was destroyed but it is pending!
task: <Task pending name='Task-4046' coro=<InteractiveBrokersClientMarketDataMixin._schedule_bar_completion_timeout.<locals>.completion_handler() running at /Users/lindawang/Documents/Workspace/quant/.quant312/lib/python3.12/site-packages/nautilus_trader/adapters/interactive_brokers/client/market_data.py:1313> wait_for=<Future pending cb=[Task.task_wakeup()]>>
Task was destroyed but it is pending!
task: <Task pending name='Task-4048' coro=<InteractiveBrokersClientMarketDataMixin._schedule_bar_completion_timeout.<locals>.completion_handler() running at /Users/lindawang/Documents/Workspace/quant/.quant312/lib/python3.12/site-packages/nautilus_trader/adapters/interactive_brokers/client/market_data.py:1313> wait_for=<Future pending cb=[Task.task_wakeup()]>>
Task was destroyed but it is pending!
task: <Task pending name='Task-4060' coro=<InteractiveBrokersClientMarketDataMixin._schedule_bar_completion_timeout.<locals>.completion_handler() running at /Users/lindawang/Documents/Workspace/quant/.quant312/lib/python3.12/site-packages/nautilus_trader/adapters/interactive_brokers/client/market_data.py:1313> wait_for=<Future pending cb=[Task.task_wakeup()]>>
Task was destroyed but it is pending!
task: <Task pending name='Task-4062' coro=<InteractiveBrokersClientMarketDataMixin._schedule_bar_completion_timeout.<locals>.completion_handler() running at /Users/lindawang/Documents/Workspace/quant/.quant312/lib/python3.12/site-packages/nautilus_trader/adapters/interactive_brokers/client/market_data.py:1313> wait_for=<Future pending cb=[Task.task_wakeup()]>>
Task was destroyed but it is pending!
task: <Task pending name='Task-4064' coro=<InteractiveBrokersClientMarketDataMixin._schedule_bar_completion_timeout.<locals>.completion_handler() running at /Users/lindawang/Documents/Workspace/quant/.quant312/lib/python3.12/site-packages/nautilus_trader/adapters/interactive_brokers/client/market_data.py:1313> wait_for=<Future pending cb=[Task.task_wakeup()]>>
Task was destroyed but it is pending!
task: <Task pending name='Task-4066' coro=<InteractiveBrokersClientMarketDataMixin._schedule_bar_completion_timeout.<locals>.completion_handler() running at /Users/lindawang/Documents/Workspace/quant/.quant312/lib/python3.12/site-packages/nautilus_trader/adapters/interactive_brokers/client/market_data.py:1313> wait_for=<Future pending cb=[Task.task_wakeup()]>>
Task was destroyed but it is pending!
task: <Task pending name='Task-4068' coro=<InteractiveBrokersClientMarketDataMixin._schedule_bar_completion_timeout.<locals>.completion_handler() running at /Users/lindawang/Documents/Workspace/quant/.quant312/lib/python3.12/site-packages/nautilus_trader/adapters/interactive_brokers/client/market_data.py:1313> wait_for=<Future pending cb=[Task.task_wakeup()]>>
Task was destroyed but it is pending!
task: <Task pending name='Task-4080' coro=<InteractiveBrokersClientMarketDataMixin._schedule_bar_completion_timeout.<locals>.completion_handler() running at /Users/lindawang/Documents/Workspace/quant/.quant312/lib/python3.12/site-packages/nautilus_trader/adapters/interactive_brokers/client/market_data.py:1313> wait_for=<Future pending cb=[Task.task_wakeup()]>>
Task was destroyed but it is pending!
task: <Task pending name='Task-4082' coro=<InteractiveBrokersClientMarketDataMixin._schedule_bar_completion_timeout.<locals>.completion_handler() running at /Users/lindawang/Documents/Workspace/quant/.quant312/lib/python3.12/site-packages/nautilus_trader/adapters/interactive_brokers/client/market_data.py:1313> wait_for=<Future pending cb=[Task.task_wakeup()]>>
Task was destroyed but it is pending!
task: <Task pending name='Task-4084' coro=<InteractiveBrokersClientMarketDataMixin._schedule_bar_completion_timeout.<locals>.completion_handler() running at /Users/lindawang/Documents/Workspace/quant/.quant312/lib/python3.12/site-packages/nautilus_trader/adapters/interactive_brokers/client/market_data.py:1313> wait_for=<Future pending cb=[Task.task_wakeup()]>>
Task was destroyed but it is pending!
task: <Task pending name='Task-4086' coro=<InteractiveBrokersClientMarketDataMixin._schedule_bar_completion_timeout.<locals>.completion_handler() running at /Users/lindawang/Documents/Workspace/quant/.quant312/lib/python3.12/site-packages/nautilus_trader/adapters/interactive_brokers/client/market_data.py:1313> wait_for=<Future pending cb=[Task.task_wakeup()]>>
Task was destroyed but it is pending!
task: <Task pending name='Task-4088' coro=<InteractiveBrokersClientMarketDataMixin._schedule_bar_completion_timeout.<locals>.completion_handler() running at /Users/lindawang/Documents/Workspace/quant/.quant312/lib/python3.12/site-packages/nautilus_trader/adapters/interactive_brokers/client/market_data.py:1313> wait_for=<Future pending cb=[Task.task_wakeup()]>>
Task was destroyed but it is pending!
task: <Task pending name='Task-4100' coro=<InteractiveBrokersClientMarketDataMixin._schedule_bar_completion_timeout.<locals>.completion_handler() running at /Users/lindawang/Documents/Workspace/quant/.quant312/lib/python3.12/site-packages/nautilus_trader/adapters/interactive_brokers/client/market_data.py:1313> wait_for=<Future pending cb=[Task.task_wakeup()]>>
Task was destroyed but it is pending!
task: <Task pending name='Task-4102' coro=<InteractiveBrokersClientMarketDataMixin._schedule_bar_completion_timeout.<locals>.completion_handler() running at /Users/lindawang/Documents/Workspace/quant/.quant312/lib/python3.12/site-packages/nautilus_trader/adapters/interactive_brokers/client/market_data.py:1313> wait_for=<Future pending cb=[Task.task_wakeup()]>>
Task was destroyed but it is pending!
task: <Task pending name='Task-4104' coro=<InteractiveBrokersClientMarketDataMixin._schedule_bar_completion_timeout.<locals>.completion_handler() running at /Users/lindawang/Documents/Workspace/quant/.quant312/lib/python3.12/site-packages/nautilus_trader/adapters/interactive_brokers/client/market_data.py:1313> wait_for=<Future pending cb=[Task.task_wakeup()]>>
Task was destroyed but it is pending!
task: <Task pending name='Task-4106' coro=<InteractiveBrokersClientMarketDataMixin._schedule_bar_completion_timeout.<locals>.completion_handler() running at /Users/lindawang/Documents/Workspace/quant/.quant312/lib/python3.12/site-packages/nautilus_trader/adapters/interactive_brokers/client/market_data.py:1313> wait_for=<Future pending cb=[Task.task_wakeup()]>>
Task was destroyed but it is pending!
task: <Task pending name='Task-4108' coro=<InteractiveBrokersClientMarketDataMixin._schedule_bar_completion_timeout.<locals>.completion_handler() running at /Users/lindawang/Documents/Workspace/quant/.quant312/lib/python3.12/site-packages/nautilus_trader/adapters/interactive_brokers/client/market_data.py:1313> wait_for=<Future pending cb=[Task.task_wakeup()]>>
Task was destroyed but it is pending!
task: <Task pending name='Task-4120' coro=<InteractiveBrokersClientMarketDataMixin._schedule_bar_completion_timeout.<locals>.completion_handler() running at /Users/lindawang/Documents/Workspace/quant/.quant312/lib/python3.12/site-packages/nautilus_trader/adapters/interactive_brokers/client/market_data.py:1313> wait_for=<Future pending cb=[Task.task_wakeup()]>>
Task was destroyed but it is pending!
task: <Task pending name='Task-4122' coro=<InteractiveBrokersClientMarketDataMixin._schedule_bar_completion_timeout.<locals>.completion_handler() running at /Users/lindawang/Documents/Workspace/quant/.quant312/lib/python3.12/site-packages/nautilus_trader/adapters/interactive_brokers/client/market_data.py:1313> wait_for=<Future pending cb=[Task.task_wakeup()]>>
Task was destroyed but it is pending!
task: <Task pending name='Task-4124' coro=<InteractiveBrokersClientMarketDataMixin._schedule_bar_completion_timeout.<locals>.completion_handler() running at /Users/lindawang/Documents/Workspace/quant/.quant312/lib/python3.12/site-packages/nautilus_trader/adapters/interactive_brokers/client/market_data.py:1313> wait_for=<Future pending cb=[Task.task_wakeup()]>>
Task was destroyed but it is pending!
task: <Task pending name='Task-4126' coro=<InteractiveBrokersClientMarketDataMixin._schedule_bar_completion_timeout.<locals>.completion_handler() running at /Users/lindawang/Documents/Workspace/quant/.quant312/lib/python3.12/site-packages/nautilus_trader/adapters/interactive_brokers/client/market_data.py:1313> wait_for=<Future pending cb=[Task.task_wakeup()]>>
Task was destroyed but it is pending!
task: <Task pending name='Task-4128' coro=<InteractiveBrokersClientMarketDataMixin._schedule_bar_completion_timeout.<locals>.completion_handler() running at /Users/lindawang/Documents/Workspace/quant/.quant312/lib/python3.12/site-packages/nautilus_trader/adapters/interactive_brokers/client/market_data.py:1313> wait_for=<Future pending cb=[Task.task_wakeup()]>>
Task was destroyed but it is pending!
task: <Task pending name='Task-4140' coro=<InteractiveBrokersClientMarketDataMixin._schedule_bar_completion_timeout.<locals>.completion_handler() running at /Users/lindawang/Documents/Workspace/quant/.quant312/lib/python3.12/site-packages/nautilus_trader/adapters/interactive_brokers/client/market_data.py:1313> wait_for=<Future pending cb=[Task.task_wakeup()]>>
Task was destroyed but it is pending!
task: <Task pending name='Task-4142' coro=<InteractiveBrokersClientMarketDataMixin._schedule_bar_completion_timeout.<locals>.completion_handler() running at /Users/lindawang/Documents/Workspace/quant/.quant312/lib/python3.12/site-packages/nautilus_trader/adapters/interactive_brokers/client/market_data.py:1313> wait_for=<Future pending cb=[Task.task_wakeup()]>>
Task was destroyed but it is pending!
task: <Task pending name='Task-4144' coro=<InteractiveBrokersClientMarketDataMixin._schedule_bar_completion_timeout.<locals>.completion_handler() running at /Users/lindawang/Documents/Workspace/quant/.quant312/lib/python3.12/site-packages/nautilus_trader/adapters/interactive_brokers/client/market_data.py:1313> wait_for=<Future pending cb=[Task.task_wakeup()]>>
Task was destroyed but it is pending!
task: <Task pending name='Task-4146' coro=<InteractiveBrokersClientMarketDataMixin._schedule_bar_completion_timeout.<locals>.completion_handler() running at /Users/lindawang/Documents/Workspace/quant/.quant312/lib/python3.12/site-packages/nautilus_trader/adapters/interactive_brokers/client/market_data.py:1313> wait_for=<Future pending cb=[Task.task_wakeup()]>>
Task was destroyed but it is pending!
task: <Task pending name='Task-4148' coro=<InteractiveBrokersClientMarketDataMixin._schedule_bar_completion_timeout.<locals>.completion_handler() running at /Users/lindawang/Documents/Workspace/quant/.quant312/lib/python3.12/site-packages/nautilus_trader/adapters/interactive_brokers/client/market_data.py:1313> wait_for=<Future pending cb=[Task.task_wakeup()]>>
Task was destroyed but it is pending!
task: <Task pending name='Task-4160' coro=<InteractiveBrokersClientMarketDataMixin._schedule_bar_completion_timeout.<locals>.completion_handler() running at /Users/lindawang/Documents/Workspace/quant/.quant312/lib/python3.12/site-packages/nautilus_trader/adapters/interactive_brokers/client/market_data.py:1313> wait_for=<Future pending cb=[Task.task_wakeup()]>>
Task was destroyed but it is pending!
task: <Task pending name='Task-4162' coro=<InteractiveBrokersClientMarketDataMixin._schedule_bar_completion_timeout.<locals>.completion_handler() running at /Users/lindawang/Documents/Workspace/quant/.quant312/lib/python3.12/site-packages/nautilus_trader/adapters/interactive_brokers/client/market_data.py:1313> wait_for=<Future pending cb=[Task.task_wakeup()]>>
Task was destroyed but it is pending!
task: <Task pending name='Task-4164' coro=<InteractiveBrokersClientMarketDataMixin._schedule_bar_completion_timeout.<locals>.completion_handler() running at /Users/lindawang/Documents/Workspace/quant/.quant312/lib/python3.12/site-packages/nautilus_trader/adapters/interactive_brokers/client/market_data.py:1313> wait_for=<Future pending cb=[Task.task_wakeup()]>>
Task was destroyed but it is pending!
task: <Task pending name='Task-4166' coro=<InteractiveBrokersClientMarketDataMixin._schedule_bar_completion_timeout.<locals>.completion_handler() running at /Users/lindawang/Documents/Workspace/quant/.quant312/lib/python3.12/site-packages/nautilus_trader/adapters/interactive_brokers/client/market_data.py:1313> wait_for=<Future pending cb=[Task.task_wakeup()]>>
Task was destroyed but it is pending!
task: <Task pending name='Task-4168' coro=<InteractiveBrokersClientMarketDataMixin._schedule_bar_completion_timeout.<locals>.completion_handler() running at /Users/lindawang/Documents/Workspace/quant/.quant312/lib/python3.12/site-packages/nautilus_trader/adapters/interactive_brokers/client/market_data.py:1313> wait_for=<Future pending cb=[Task.task_wakeup()]>>
Task was destroyed but it is pending!
task: <Task pending name='Task-4180' coro=<InteractiveBrokersClientMarketDataMixin._schedule_bar_completion_timeout.<locals>.completion_handler() running at /Users/lindawang/Documents/Workspace/quant/.quant312/lib/python3.12/site-packages/nautilus_trader/adapters/interactive_brokers/client/market_data.py:1313> wait_for=<Future pending cb=[Task.task_wakeup()]>>
Task was destroyed but it is pending!
task: <Task pending name='Task-4182' coro=<InteractiveBrokersClientMarketDataMixin._schedule_bar_completion_timeout.<locals>.completion_handler() running at /Users/lindawang/Documents/Workspace/quant/.quant312/lib/python3.12/site-packages/nautilus_trader/adapters/interactive_brokers/client/market_data.py:1313> wait_for=<Future pending cb=[Task.task_wakeup()]>>
Task was destroyed but it is pending!
task: <Task pending name='Task-4184' coro=<InteractiveBrokersClientMarketDataMixin._schedule_bar_completion_timeout.<locals>.completion_handler() running at /Users/lindawang/Documents/Workspace/quant/.quant312/lib/python3.12/site-packages/nautilus_trader/adapters/interactive_brokers/client/market_data.py:1313> wait_for=<Future pending cb=[Task.task_wakeup()]>>
Task was destroyed but it is pending!
task: <Task pending name='Task-4186' coro=<InteractiveBrokersClientMarketDataMixin._schedule_bar_completion_timeout.<locals>.completion_handler() running at /Users/lindawang/Documents/Workspace/quant/.quant312/lib/python3.12/site-packages/nautilus_trader/adapters/interactive_brokers/client/market_data.py:1313> wait_for=<Future pending cb=[Task.task_wakeup()]>>
Task was destroyed but it is pending!
task: <Task pending name='Task-4188' coro=<InteractiveBrokersClientMarketDataMixin._schedule_bar_completion_timeout.<locals>.completion_handler() running at /Users/lindawang/Documents/Workspace/quant/.quant312/lib/python3.12/site-packages/nautilus_trader/adapters/interactive_brokers/client/market_data.py:1313> wait_for=<Future pending cb=[Task.task_wakeup()]>>
Task was destroyed but it is pending!
task: <Task pending name='Task-4200' coro=<InteractiveBrokersClientMarketDataMixin._schedule_bar_completion_timeout.<locals>.completion_handler() running at /Users/lindawang/Documents/Workspace/quant/.quant312/lib/python3.12/site-packages/nautilus_trader/adapters/interactive_brokers/client/market_data.py:1313> wait_for=<Future pending cb=[Task.task_wakeup()]>>
Task was destroyed but it is pending!
task: <Task pending name='Task-4202' coro=<InteractiveBrokersClientMarketDataMixin._schedule_bar_completion_timeout.<locals>.completion_handler() running at /Users/lindawang/Documents/Workspace/quant/.quant312/lib/python3.12/site-packages/nautilus_trader/adapters/interactive_brokers/client/market_data.py:1313> wait_for=<Future pending cb=[Task.task_wakeup()]>>
Task was destroyed but it is pending!
task: <Task pending name='Task-4204' coro=<InteractiveBrokersClientMarketDataMixin._schedule_bar_completion_timeout.<locals>.completion_handler() running at /Users/lindawang/Documents/Workspace/quant/.quant312/lib/python3.12/site-packages/nautilus_trader/adapters/interactive_brokers/client/market_data.py:1313> wait_for=<Future pending cb=[Task.task_wakeup()]>>
Task was destroyed but it is pending!
task: <Task pending name='Task-4206' coro=<InteractiveBrokersClientMarketDataMixin._schedule_bar_completion_timeout.<locals>.completion_handler() running at /Users/lindawang/Documents/Workspace/quant/.quant312/lib/python3.12/site-packages/nautilus_trader/adapters/interactive_brokers/client/market_data.py:1313> wait_for=<Future pending cb=[Task.task_wakeup()]>>
Task was destroyed but it is pending!
task: <Task pending name='Task-4208' coro=<InteractiveBrokersClientMarketDataMixin._schedule_bar_completion_timeout.<locals>.completion_handler() running at /Users/lindawang/Documents/Workspace/quant/.quant312/lib/python3.12/site-packages/nautilus_trader/adapters/interactive_brokers/client/market_data.py:1313> wait_for=<Future pending cb=[Task.task_wakeup()]>>
Task was destroyed but it is pending!
task: <Task pending name='Task-4220' coro=<InteractiveBrokersClientMarketDataMixin._schedule_bar_completion_timeout.<locals>.completion_handler() running at /Users/lindawang/Documents/Workspace/quant/.quant312/lib/python3.12/site-packages/nautilus_trader/adapters/interactive_brokers/client/market_data.py:1313> wait_for=<Future pending cb=[Task.task_wakeup()]>>
Task was destroyed but it is pending!
task: <Task pending name='Task-4222' coro=<InteractiveBrokersClientMarketDataMixin._schedule_bar_completion_timeout.<locals>.completion_handler() running at /Users/lindawang/Documents/Workspace/quant/.quant312/lib/python3.12/site-packages/nautilus_trader/adapters/interactive_brokers/client/market_data.py:1313> wait_for=<Future pending cb=[Task.task_wakeup()]>>
Task was destroyed but it is pending!
task: <Task pending name='Task-4224' coro=<InteractiveBrokersClientMarketDataMixin._schedule_bar_completion_timeout.<locals>.completion_handler() running at /Users/lindawang/Documents/Workspace/quant/.quant312/lib/python3.12/site-packages/nautilus_trader/adapters/interactive_brokers/client/market_data.py:1313> wait_for=<Future pending cb=[Task.task_wakeup()]>>
Task was destroyed but it is pending!
task: <Task pending name='Task-4226' coro=<InteractiveBrokersClientMarketDataMixin._schedule_bar_completion_timeout.<locals>.completion_handler() running at /Users/lindawang/Documents/Workspace/quant/.quant312/lib/python3.12/site-packages/nautilus_trader/adapters/interactive_brokers/client/market_data.py:1313> wait_for=<Future pending cb=[Task.task_wakeup()]>>
Task was destroyed but it is pending!
task: <Task pending name='Task-4228' coro=<InteractiveBrokersClientMarketDataMixin._schedule_bar_completion_timeout.<locals>.completion_handler() running at /Users/lindawang/Documents/Workspace/quant/.quant312/lib/python3.12/site-packages/nautilus_trader/adapters/interactive_brokers/client/market_data.py:1313> wait_for=<Future pending cb=[Task.task_wakeup()]>>
Task was destroyed but it is pending!
task: <Task pending name='Task-4240' coro=<InteractiveBrokersClientMarketDataMixin._schedule_bar_completion_timeout.<locals>.completion_handler() running at /Users/lindawang/Documents/Workspace/quant/.quant312/lib/python3.12/site-packages/nautilus_trader/adapters/interactive_brokers/client/market_data.py:1313> wait_for=<Future pending cb=[Task.task_wakeup()]>>
Task was destroyed but it is pending!
task: <Task pending name='Task-4242' coro=<InteractiveBrokersClientMarketDataMixin._schedule_bar_completion_timeout.<locals>.completion_handler() running at /Users/lindawang/Documents/Workspace/quant/.quant312/lib/python3.12/site-packages/nautilus_trader/adapters/interactive_brokers/client/market_data.py:1313> wait_for=<Future pending cb=[Task.task_wakeup()]>>
Task was destroyed but it is pending!
task: <Task pending name='Task-4244' coro=<InteractiveBrokersClientMarketDataMixin._schedule_bar_completion_timeout.<locals>.completion_handler() running at /Users/lindawang/Documents/Workspace/quant/.quant312/lib/python3.12/site-packages/nautilus_trader/adapters/interactive_brokers/client/market_data.py:1313> wait_for=<Future pending cb=[Task.task_wakeup()]>>
Task was destroyed but it is pending!
task: <Task pending name='Task-4246' coro=<InteractiveBrokersClientMarketDataMixin._schedule_bar_completion_timeout.<locals>.completion_handler() running at /Users/lindawang/Documents/Workspace/quant/.quant312/lib/python3.12/site-packages/nautilus_trader/adapters/interactive_brokers/client/market_data.py:1313> wait_for=<Future pending cb=[Task.task_wakeup()]>>
Task was destroyed but it is pending!
task: <Task pending name='Task-4248' coro=<InteractiveBrokersClientMarketDataMixin._schedule_bar_completion_timeout.<locals>.completion_handler() running at /Users/lindawang/Documents/Workspace/quant/.quant312/lib/python3.12/site-packages/nautilus_trader/adapters/interactive_brokers/client/market_data.py:1313> wait_for=<Future pending cb=[Task.task_wakeup()]>>
Task was destroyed but it is pending!
task: <Task pending name='Task-4260' coro=<InteractiveBrokersClientMarketDataMixin._schedule_bar_completion_timeout.<locals>.completion_handler() running at /Users/lindawang/Documents/Workspace/quant/.quant312/lib/python3.12/site-packages/nautilus_trader/adapters/interactive_brokers/client/market_data.py:1313> wait_for=<Future pending cb=[Task.task_wakeup()]>>
Task was destroyed but it is pending!
task: <Task pending name='Task-4262' coro=<InteractiveBrokersClientMarketDataMixin._schedule_bar_completion_timeout.<locals>.completion_handler() running at /Users/lindawang/Documents/Workspace/quant/.quant312/lib/python3.12/site-packages/nautilus_trader/adapters/interactive_brokers/client/market_data.py:1313> wait_for=<Future pending cb=[Task.task_wakeup()]>>
Task was destroyed but it is pending!
task: <Task pending name='Task-4264' coro=<InteractiveBrokersClientMarketDataMixin._schedule_bar_completion_timeout.<locals>.completion_handler() running at /Users/lindawang/Documents/Workspace/quant/.quant312/lib/python3.12/site-packages/nautilus_trader/adapters/interactive_brokers/client/market_data.py:1313> wait_for=<Future pending cb=[Task.task_wakeup()]>>
Task was destroyed but it is pending!
task: <Task pending name='Task-4266' coro=<InteractiveBrokersClientMarketDataMixin._schedule_bar_completion_timeout.<locals>.completion_handler() running at /Users/lindawang/Documents/Workspace/quant/.quant312/lib/python3.12/site-packages/nautilus_trader/adapters/interactive_brokers/client/market_data.py:1313> wait_for=<Future pending cb=[Task.task_wakeup()]>>
Task was destroyed but it is pending!
task: <Task pending name='Task-4268' coro=<InteractiveBrokersClientMarketDataMixin._schedule_bar_completion_timeout.<locals>.completion_handler() running at /Users/lindawang/Documents/Workspace/quant/.quant312/lib/python3.12/site-packages/nautilus_trader/adapters/interactive_brokers/client/market_data.py:1313> wait_for=<Future pending cb=[Task.task_wakeup()]>>
Task was destroyed but it is pending!
task: <Task pending name='Task-4281' coro=<InteractiveBrokersClientMarketDataMixin._schedule_bar_completion_timeout.<locals>.completion_handler() running at /Users/lindawang/Documents/Workspace/quant/.quant312/lib/python3.12/site-packages/nautilus_trader/adapters/interactive_brokers/client/market_data.py:1313> wait_for=<Future pending cb=[Task.task_wakeup()]>>
Task was destroyed but it is pending!
task: <Task pending name='Task-4283' coro=<InteractiveBrokersClientMarketDataMixin._schedule_bar_completion_timeout.<locals>.completion_handler() running at /Users/lindawang/Documents/Workspace/quant/.quant312/lib/python3.12/site-packages/nautilus_trader/adapters/interactive_brokers/client/market_data.py:1313> wait_for=<Future pending cb=[Task.task_wakeup()]>>
Task was destroyed but it is pending!
task: <Task pending name='Task-4285' coro=<InteractiveBrokersClientMarketDataMixin._schedule_bar_completion_timeout.<locals>.completion_handler() running at /Users/lindawang/Documents/Workspace/quant/.quant312/lib/python3.12/site-packages/nautilus_trader/adapters/interactive_brokers/client/market_data.py:1313> wait_for=<Future pending cb=[Task.task_wakeup()]>>
Task was destroyed but it is pending!
task: <Task pending name='Task-4287' coro=<InteractiveBrokersClientMarketDataMixin._schedule_bar_completion_timeout.<locals>.completion_handler() running at /Users/lindawang/Documents/Workspace/quant/.quant312/lib/python3.12/site-packages/nautilus_trader/adapters/interactive_brokers/client/market_data.py:1313> wait_for=<Future pending cb=[Task.task_wakeup()]>>
Task was destroyed but it is pending!
task: <Task pending name='Task-4289' coro=<InteractiveBrokersClientMarketDataMixin._schedule_bar_completion_timeout.<locals>.completion_handler() running at /Users/lindawang/Documents/Workspace/quant/.quant312/lib/python3.12/site-packages/nautilus_trader/adapters/interactive_brokers/client/market_data.py:1313> wait_for=<Future pending cb=[Task.task_wakeup()]>>
Task was destroyed but it is pending!
task: <Task pending name='Task-4301' coro=<InteractiveBrokersClientMarketDataMixin._schedule_bar_completion_timeout.<locals>.completion_handler() running at /Users/lindawang/Documents/Workspace/quant/.quant312/lib/python3.12/site-packages/nautilus_trader/adapters/interactive_brokers/client/market_data.py:1313> wait_for=<Future pending cb=[Task.task_wakeup()]>>
Task was destroyed but it is pending!
task: <Task pending name='Task-4303' coro=<InteractiveBrokersClientMarketDataMixin._schedule_bar_completion_timeout.<locals>.completion_handler() running at /Users/lindawang/Documents/Workspace/quant/.quant312/lib/python3.12/site-packages/nautilus_trader/adapters/interactive_brokers/client/market_data.py:1313> wait_for=<Future pending cb=[Task.task_wakeup()]>>
Task was destroyed but it is pending!
task: <Task pending name='Task-4305' coro=<InteractiveBrokersClientMarketDataMixin._schedule_bar_completion_timeout.<locals>.completion_handler() running at /Users/lindawang/Documents/Workspace/quant/.quant312/lib/python3.12/site-packages/nautilus_trader/adapters/interactive_brokers/client/market_data.py:1313> wait_for=<Future pending cb=[Task.task_wakeup()]>>
Task was destroyed but it is pending!
task: <Task pending name='Task-4307' coro=<InteractiveBrokersClientMarketDataMixin._schedule_bar_completion_timeout.<locals>.completion_handler() running at /Users/lindawang/Documents/Workspace/quant/.quant312/lib/python3.12/site-packages/nautilus_trader/adapters/interactive_brokers/client/market_data.py:1313> wait_for=<Future pending cb=[Task.task_wakeup()]>>
Task was destroyed but it is pending!
task: <Task pending name='Task-4309' coro=<InteractiveBrokersClientMarketDataMixin._schedule_bar_completion_timeout.<locals>.completion_handler() running at /Users/lindawang/Documents/Workspace/quant/.quant312/lib/python3.12/site-packages/nautilus_trader/adapters/interactive_brokers/client/market_data.py:1313> wait_for=<Future pending cb=[Task.task_wakeup()]>>
Task was destroyed but it is pending!
task: <Task pending name='Task-4321' coro=<InteractiveBrokersClientMarketDataMixin._schedule_bar_completion_timeout.<locals>.completion_handler() running at /Users/lindawang/Documents/Workspace/quant/.quant312/lib/python3.12/site-packages/nautilus_trader/adapters/interactive_brokers/client/market_data.py:1313> wait_for=<Future pending cb=[Task.task_wakeup()]>>
Task was destroyed but it is pending!
task: <Task pending name='Task-4323' coro=<InteractiveBrokersClientMarketDataMixin._schedule_bar_completion_timeout.<locals>.completion_handler() running at /Users/lindawang/Documents/Workspace/quant/.quant312/lib/python3.12/site-packages/nautilus_trader/adapters/interactive_brokers/client/market_data.py:1313> wait_for=<Future pending cb=[Task.task_wakeup()]>>
Task was destroyed but it is pending!
task: <Task pending name='Task-4325' coro=<InteractiveBrokersClientMarketDataMixin._schedule_bar_completion_timeout.<locals>.completion_handler() running at /Users/lindawang/Documents/Workspace/quant/.quant312/lib/python3.12/site-packages/nautilus_trader/adapters/interactive_brokers/client/market_data.py:1313> wait_for=<Future pending cb=[Task.task_wakeup()]>>
Task was destroyed but it is pending!
task: <Task pending name='Task-4327' coro=<InteractiveBrokersClientMarketDataMixin._schedule_bar_completion_timeout.<locals>.completion_handler() running at /Users/lindawang/Documents/Workspace/quant/.quant312/lib/python3.12/site-packages/nautilus_trader/adapters/interactive_brokers/client/market_data.py:1313> wait_for=<Future pending cb=[Task.task_wakeup()]>>
Task was destroyed but it is pending!
task: <Task pending name='Task-4329' coro=<InteractiveBrokersClientMarketDataMixin._schedule_bar_completion_timeout.<locals>.completion_handler() running at /Users/lindawang/Documents/Workspace/quant/.quant312/lib/python3.12/site-packages/nautilus_trader/adapters/interactive_brokers/client/market_data.py:1313> wait_for=<Future pending cb=[Task.task_wakeup()]>>
Task was destroyed but it is pending!
task: <Task pending name='Task-4341' coro=<InteractiveBrokersClientMarketDataMixin._schedule_bar_completion_timeout.<locals>.completion_handler() running at /Users/lindawang/Documents/Workspace/quant/.quant312/lib/python3.12/site-packages/nautilus_trader/adapters/interactive_brokers/client/market_data.py:1313> wait_for=<Future pending cb=[Task.task_wakeup()]>>
Task was destroyed but it is pending!
task: <Task pending name='Task-4343' coro=<InteractiveBrokersClientMarketDataMixin._schedule_bar_completion_timeout.<locals>.completion_handler() running at /Users/lindawang/Documents/Workspace/quant/.quant312/lib/python3.12/site-packages/nautilus_trader/adapters/interactive_brokers/client/market_data.py:1313> wait_for=<Future pending cb=[Task.task_wakeup()]>>
Task was destroyed but it is pending!
task: <Task pending name='Task-4345' coro=<InteractiveBrokersClientMarketDataMixin._schedule_bar_completion_timeout.<locals>.completion_handler() running at /Users/lindawang/Documents/Workspace/quant/.quant312/lib/python3.12/site-packages/nautilus_trader/adapters/interactive_brokers/client/market_data.py:1313> wait_for=<Future pending cb=[Task.task_wakeup()]>>
Task was destroyed but it is pending!
task: <Task pending name='Task-4347' coro=<InteractiveBrokersClientMarketDataMixin._schedule_bar_completion_timeout.<locals>.completion_handler() running at /Users/lindawang/Documents/Workspace/quant/.quant312/lib/python3.12/site-packages/nautilus_trader/adapters/interactive_brokers/client/market_data.py:1313> wait_for=<Future pending cb=[Task.task_wakeup()]>>
Task was destroyed but it is pending!
task: <Task pending name='Task-4349' coro=<InteractiveBrokersClientMarketDataMixin._schedule_bar_completion_timeout.<locals>.completion_handler() running at /Users/lindawang/Documents/Workspace/quant/.quant312/lib/python3.12/site-packages/nautilus_trader/adapters/interactive_brokers/client/market_data.py:1313> wait_for=<Future pending cb=[Task.task_wakeup()]>>
Task was destroyed but it is pending!
task: <Task pending name='Task-4361' coro=<InteractiveBrokersClientMarketDataMixin._schedule_bar_completion_timeout.<locals>.completion_handler() running at /Users/lindawang/Documents/Workspace/quant/.quant312/lib/python3.12/site-packages/nautilus_trader/adapters/interactive_brokers/client/market_data.py:1313> wait_for=<Future pending cb=[Task.task_wakeup()]>>
Task was destroyed but it is pending!
task: <Task pending name='Task-4363' coro=<InteractiveBrokersClientMarketDataMixin._schedule_bar_completion_timeout.<locals>.completion_handler() running at /Users/lindawang/Documents/Workspace/quant/.quant312/lib/python3.12/site-packages/nautilus_trader/adapters/interactive_brokers/client/market_data.py:1313> wait_for=<Future pending cb=[Task.task_wakeup()]>>
Task was destroyed but it is pending!
task: <Task pending name='Task-4365' coro=<InteractiveBrokersClientMarketDataMixin._schedule_bar_completion_timeout.<locals>.completion_handler() running at /Users/lindawang/Documents/Workspace/quant/.quant312/lib/python3.12/site-packages/nautilus_trader/adapters/interactive_brokers/client/market_data.py:1313> wait_for=<Future pending cb=[Task.task_wakeup()]>>
Task was destroyed but it is pending!
task: <Task pending name='Task-4367' coro=<InteractiveBrokersClientMarketDataMixin._schedule_bar_completion_timeout.<locals>.completion_handler() running at /Users/lindawang/Documents/Workspace/quant/.quant312/lib/python3.12/site-packages/nautilus_trader/adapters/interactive_brokers/client/market_data.py:1313> wait_for=<Future pending cb=[Task.task_wakeup()]>>
Task was destroyed but it is pending!
task: <Task pending name='Task-4369' coro=<InteractiveBrokersClientMarketDataMixin._schedule_bar_completion_timeout.<locals>.completion_handler() running at /Users/lindawang/Documents/Workspace/quant/.quant312/lib/python3.12/site-packages/nautilus_trader/adapters/interactive_brokers/client/market_data.py:1313> wait_for=<Future pending cb=[Task.task_wakeup()]>>
Task was destroyed but it is pending!
task: <Task pending name='Task-4381' coro=<InteractiveBrokersClientMarketDataMixin._schedule_bar_completion_timeout.<locals>.completion_handler() running at /Users/lindawang/Documents/Workspace/quant/.quant312/lib/python3.12/site-packages/nautilus_trader/adapters/interactive_brokers/client/market_data.py:1313> wait_for=<Future pending cb=[Task.task_wakeup()]>>
Task was destroyed but it is pending!
task: <Task pending name='Task-4383' coro=<InteractiveBrokersClientMarketDataMixin._schedule_bar_completion_timeout.<locals>.completion_handler() running at /Users/lindawang/Documents/Workspace/quant/.quant312/lib/python3.12/site-packages/nautilus_trader/adapters/interactive_brokers/client/market_data.py:1313> wait_for=<Future pending cb=[Task.task_wakeup()]>>
Task was destroyed but it is pending!
task: <Task pending name='Task-4385' coro=<InteractiveBrokersClientMarketDataMixin._schedule_bar_completion_timeout.<locals>.completion_handler() running at /Users/lindawang/Documents/Workspace/quant/.quant312/lib/python3.12/site-packages/nautilus_trader/adapters/interactive_brokers/client/market_data.py:1313> wait_for=<Future pending cb=[Task.task_wakeup()]>>
Task was destroyed but it is pending!
task: <Task pending name='Task-4387' coro=<InteractiveBrokersClientMarketDataMixin._schedule_bar_completion_timeout.<locals>.completion_handler() running at /Users/lindawang/Documents/Workspace/quant/.quant312/lib/python3.12/site-packages/nautilus_trader/adapters/interactive_brokers/client/market_data.py:1313> wait_for=<Future pending cb=[Task.task_wakeup()]>>
Task was destroyed but it is pending!
task: <Task pending name='Task-4389' coro=<InteractiveBrokersClientMarketDataMixin._schedule_bar_completion_timeout.<locals>.completion_handler() running at /Users/lindawang/Documents/Workspace/quant/.quant312/lib/python3.12/site-packages/nautilus_trader/adapters/interactive_brokers/client/market_data.py:1313> wait_for=<Future pending cb=[Task.task_wakeup()]>>
Task was destroyed but it is pending!
task: <Task pending name='Task-4401' coro=<InteractiveBrokersClientMarketDataMixin._schedule_bar_completion_timeout.<locals>.completion_handler() running at /Users/lindawang/Documents/Workspace/quant/.quant312/lib/python3.12/site-packages/nautilus_trader/adapters/interactive_brokers/client/market_data.py:1313> wait_for=<Future pending cb=[Task.task_wakeup()]>>
Task was destroyed but it is pending!
task: <Task pending name='Task-4403' coro=<InteractiveBrokersClientMarketDataMixin._schedule_bar_completion_timeout.<locals>.completion_handler() running at /Users/lindawang/Documents/Workspace/quant/.quant312/lib/python3.12/site-packages/nautilus_trader/adapters/interactive_brokers/client/market_data.py:1313> wait_for=<Future pending cb=[Task.task_wakeup()]>>
Task was destroyed but it is pending!
task: <Task pending name='Task-4405' coro=<InteractiveBrokersClientMarketDataMixin._schedule_bar_completion_timeout.<locals>.completion_handler() running at /Users/lindawang/Documents/Workspace/quant/.quant312/lib/python3.12/site-packages/nautilus_trader/adapters/interactive_brokers/client/market_data.py:1313> wait_for=<Future pending cb=[Task.task_wakeup()]>>
Task was destroyed but it is pending!
task: <Task pending name='Task-4407' coro=<InteractiveBrokersClientMarketDataMixin._schedule_bar_completion_timeout.<locals>.completion_handler() running at /Users/lindawang/Documents/Workspace/quant/.quant312/lib/python3.12/site-packages/nautilus_trader/adapters/interactive_brokers/client/market_data.py:1313> wait_for=<Future pending cb=[Task.task_wakeup()]>>
Task was destroyed but it is pending!
task: <Task pending name='Task-4409' coro=<InteractiveBrokersClientMarketDataMixin._schedule_bar_completion_timeout.<locals>.completion_handler() running at /Users/lindawang/Documents/Workspace/quant/.quant312/lib/python3.12/site-packages/nautilus_trader/adapters/interactive_brokers/client/market_data.py:1313> wait_for=<Future pending cb=[Task.task_wakeup()]>>
Task was destroyed but it is pending!
task: <Task pending name='Task-4421' coro=<InteractiveBrokersClientMarketDataMixin._schedule_bar_completion_timeout.<locals>.completion_handler() running at /Users/lindawang/Documents/Workspace/quant/.quant312/lib/python3.12/site-packages/nautilus_trader/adapters/interactive_brokers/client/market_data.py:1313> wait_for=<Future pending cb=[Task.task_wakeup()]>>
Task was destroyed but it is pending!
task: <Task pending name='Task-4423' coro=<InteractiveBrokersClientMarketDataMixin._schedule_bar_completion_timeout.<locals>.completion_handler() running at /Users/lindawang/Documents/Workspace/quant/.quant312/lib/python3.12/site-packages/nautilus_trader/adapters/interactive_brokers/client/market_data.py:1313> wait_for=<Future pending cb=[Task.task_wakeup()]>>
Task was destroyed but it is pending!
task: <Task pending name='Task-4425' coro=<InteractiveBrokersClientMarketDataMixin._schedule_bar_completion_timeout.<locals>.completion_handler() running at /Users/lindawang/Documents/Workspace/quant/.quant312/lib/python3.12/site-packages/nautilus_trader/adapters/interactive_brokers/client/market_data.py:1313> wait_for=<Future pending cb=[Task.task_wakeup()]>>
Task was destroyed but it is pending!
task: <Task pending name='Task-4427' coro=<InteractiveBrokersClientMarketDataMixin._schedule_bar_completion_timeout.<locals>.completion_handler() running at /Users/lindawang/Documents/Workspace/quant/.quant312/lib/python3.12/site-packages/nautilus_trader/adapters/interactive_brokers/client/market_data.py:1313> wait_for=<Future pending cb=[Task.task_wakeup()]>>
Task was destroyed but it is pending!
task: <Task pending name='Task-4429' coro=<InteractiveBrokersClientMarketDataMixin._schedule_bar_completion_timeout.<locals>.completion_handler() running at /Users/lindawang/Documents/Workspace/quant/.quant312/lib/python3.12/site-packages/nautilus_trader/adapters/interactive_brokers/client/market_data.py:1313> wait_for=<Future pending cb=[Task.task_wakeup()]>>
Task was destroyed but it is pending!
task: <Task pending name='Task-4441' coro=<InteractiveBrokersClientMarketDataMixin._schedule_bar_completion_timeout.<locals>.completion_handler() running at /Users/lindawang/Documents/Workspace/quant/.quant312/lib/python3.12/site-packages/nautilus_trader/adapters/interactive_brokers/client/market_data.py:1313> wait_for=<Future pending cb=[Task.task_wakeup()]>>
Task was destroyed but it is pending!
task: <Task pending name='Task-4443' coro=<InteractiveBrokersClientMarketDataMixin._schedule_bar_completion_timeout.<locals>.completion_handler() running at /Users/lindawang/Documents/Workspace/quant/.quant312/lib/python3.12/site-packages/nautilus_trader/adapters/interactive_brokers/client/market_data.py:1313> wait_for=<Future pending cb=[Task.task_wakeup()]>>
Task was destroyed but it is pending!
task: <Task pending name='Task-4445' coro=<InteractiveBrokersClientMarketDataMixin._schedule_bar_completion_timeout.<locals>.completion_handler() running at /Users/lindawang/Documents/Workspace/quant/.quant312/lib/python3.12/site-packages/nautilus_trader/adapters/interactive_brokers/client/market_data.py:1313> wait_for=<Future pending cb=[Task.task_wakeup()]>>
Task was destroyed but it is pending!
task: <Task pending name='Task-4447' coro=<InteractiveBrokersClientMarketDataMixin._schedule_bar_completion_timeout.<locals>.completion_handler() running at /Users/lindawang/Documents/Workspace/quant/.quant312/lib/python3.12/site-packages/nautilus_trader/adapters/interactive_brokers/client/market_data.py:1313> wait_for=<Future pending cb=[Task.task_wakeup()]>>
Task was destroyed but it is pending!
task: <Task pending name='Task-4449' coro=<InteractiveBrokersClientMarketDataMixin._schedule_bar_completion_timeout.<locals>.completion_handler() running at /Users/lindawang/Documents/Workspace/quant/.quant312/lib/python3.12/site-packages/nautilus_trader/adapters/interactive_brokers/client/market_data.py:1313> wait_for=<Future pending cb=[Task.task_wakeup()]>>
Task was destroyed but it is pending!
task: <Task pending name='Task-4461' coro=<InteractiveBrokersClientMarketDataMixin._schedule_bar_completion_timeout.<locals>.completion_handler() running at /Users/lindawang/Documents/Workspace/quant/.quant312/lib/python3.12/site-packages/nautilus_trader/adapters/interactive_brokers/client/market_data.py:1313> wait_for=<Future pending cb=[Task.task_wakeup()]>>
Task was destroyed but it is pending!
task: <Task pending name='Task-4463' coro=<InteractiveBrokersClientMarketDataMixin._schedule_bar_completion_timeout.<locals>.completion_handler() running at /Users/lindawang/Documents/Workspace/quant/.quant312/lib/python3.12/site-packages/nautilus_trader/adapters/interactive_brokers/client/market_data.py:1313> wait_for=<Future pending cb=[Task.task_wakeup()]>>
Task was destroyed but it is pending!
task: <Task pending name='Task-4465' coro=<InteractiveBrokersClientMarketDataMixin._schedule_bar_completion_timeout.<locals>.completion_handler() running at /Users/lindawang/Documents/Workspace/quant/.quant312/lib/python3.12/site-packages/nautilus_trader/adapters/interactive_brokers/client/market_data.py:1313> wait_for=<Future pending cb=[Task.task_wakeup()]>>
Task was destroyed but it is pending!
task: <Task pending name='Task-4467' coro=<InteractiveBrokersClientMarketDataMixin._schedule_bar_completion_timeout.<locals>.completion_handler() running at /Users/lindawang/Documents/Workspace/quant/.quant312/lib/python3.12/site-packages/nautilus_trader/adapters/interactive_brokers/client/market_data.py:1313> wait_for=<Future pending cb=[Task.task_wakeup()]>>
Task was destroyed but it is pending!
task: <Task pending name='Task-4469' coro=<InteractiveBrokersClientMarketDataMixin._schedule_bar_completion_timeout.<locals>.completion_handler() running at /Users/lindawang/Documents/Workspace/quant/.quant312/lib/python3.12/site-packages/nautilus_trader/adapters/interactive_brokers/client/market_data.py:1313> wait_for=<Future pending cb=[Task.task_wakeup()]>>
Task was destroyed but it is pending!
task: <Task pending name='Task-4481' coro=<InteractiveBrokersClientMarketDataMixin._schedule_bar_completion_timeout.<locals>.completion_handler() running at /Users/lindawang/Documents/Workspace/quant/.quant312/lib/python3.12/site-packages/nautilus_trader/adapters/interactive_brokers/client/market_data.py:1313> wait_for=<Future pending cb=[Task.task_wakeup()]>>
Task was destroyed but it is pending!
task: <Task pending name='Task-4483' coro=<InteractiveBrokersClientMarketDataMixin._schedule_bar_completion_timeout.<locals>.completion_handler() running at /Users/lindawang/Documents/Workspace/quant/.quant312/lib/python3.12/site-packages/nautilus_trader/adapters/interactive_brokers/client/market_data.py:1313> wait_for=<Future pending cb=[Task.task_wakeup()]>>
Task was destroyed but it is pending!
task: <Task pending name='Task-4485' coro=<InteractiveBrokersClientMarketDataMixin._schedule_bar_completion_timeout.<locals>.completion_handler() running at /Users/lindawang/Documents/Workspace/quant/.quant312/lib/python3.12/site-packages/nautilus_trader/adapters/interactive_brokers/client/market_data.py:1313> wait_for=<Future pending cb=[Task.task_wakeup()]>>
Task was destroyed but it is pending!
task: <Task pending name='Task-4487' coro=<InteractiveBrokersClientMarketDataMixin._schedule_bar_completion_timeout.<locals>.completion_handler() running at /Users/lindawang/Documents/Workspace/quant/.quant312/lib/python3.12/site-packages/nautilus_trader/adapters/interactive_brokers/client/market_data.py:1313> wait_for=<Future pending cb=[Task.task_wakeup()]>>
Task was destroyed but it is pending!
task: <Task pending name='Task-4489' coro=<InteractiveBrokersClientMarketDataMixin._schedule_bar_completion_timeout.<locals>.completion_handler() running at /Users/lindawang/Documents/Workspace/quant/.quant312/lib/python3.12/site-packages/nautilus_trader/adapters/interactive_brokers/client/market_data.py:1313> wait_for=<Future pending cb=[Task.task_wakeup()]>>
Task was destroyed but it is pending!
task: <Task pending name='Task-4501' coro=<InteractiveBrokersClientMarketDataMixin._schedule_bar_completion_timeout.<locals>.completion_handler() running at /Users/lindawang/Documents/Workspace/quant/.quant312/lib/python3.12/site-packages/nautilus_trader/adapters/interactive_brokers/client/market_data.py:1313> wait_for=<Future pending cb=[Task.task_wakeup()]>>
Task was destroyed but it is pending!
task: <Task pending name='Task-4503' coro=<InteractiveBrokersClientMarketDataMixin._schedule_bar_completion_timeout.<locals>.completion_handler() running at /Users/lindawang/Documents/Workspace/quant/.quant312/lib/python3.12/site-packages/nautilus_trader/adapters/interactive_brokers/client/market_data.py:1313> wait_for=<Future pending cb=[Task.task_wakeup()]>>
Task was destroyed but it is pending!
task: <Task pending name='Task-4505' coro=<InteractiveBrokersClientMarketDataMixin._schedule_bar_completion_timeout.<locals>.completion_handler() running at /Users/lindawang/Documents/Workspace/quant/.quant312/lib/python3.12/site-packages/nautilus_trader/adapters/interactive_brokers/client/market_data.py:1313> wait_for=<Future pending cb=[Task.task_wakeup()]>>
Task was destroyed but it is pending!
task: <Task pending name='Task-4507' coro=<InteractiveBrokersClientMarketDataMixin._schedule_bar_completion_timeout.<locals>.completion_handler() running at /Users/lindawang/Documents/Workspace/quant/.quant312/lib/python3.12/site-packages/nautilus_trader/adapters/interactive_brokers/client/market_data.py:1313> wait_for=<Future pending cb=[Task.task_wakeup()]>>
Task was destroyed but it is pending!
task: <Task pending name='Task-4509' coro=<InteractiveBrokersClientMarketDataMixin._schedule_bar_completion_timeout.<locals>.completion_handler() running at /Users/lindawang/Documents/Workspace/quant/.quant312/lib/python3.12/site-packages/nautilus_trader/adapters/interactive_brokers/client/market_data.py:1313> wait_for=<Future pending cb=[Task.task_wakeup()]>>
Task was destroyed but it is pending!
task: <Task pending name='Task-4521' coro=<InteractiveBrokersClientMarketDataMixin._schedule_bar_completion_timeout.<locals>.completion_handler() running at /Users/lindawang/Documents/Workspace/quant/.quant312/lib/python3.12/site-packages/nautilus_trader/adapters/interactive_brokers/client/market_data.py:1313> wait_for=<Future pending cb=[Task.task_wakeup()]>>
Task was destroyed but it is pending!
task: <Task pending name='Task-4523' coro=<InteractiveBrokersClientMarketDataMixin._schedule_bar_completion_timeout.<locals>.completion_handler() running at /Users/lindawang/Documents/Workspace/quant/.quant312/lib/python3.12/site-packages/nautilus_trader/adapters/interactive_brokers/client/market_data.py:1313> wait_for=<Future pending cb=[Task.task_wakeup()]>>
Task was destroyed but it is pending!
task: <Task pending name='Task-4525' coro=<InteractiveBrokersClientMarketDataMixin._schedule_bar_completion_timeout.<locals>.completion_handler() running at /Users/lindawang/Documents/Workspace/quant/.quant312/lib/python3.12/site-packages/nautilus_trader/adapters/interactive_brokers/client/market_data.py:1313> wait_for=<Future pending cb=[Task.task_wakeup()]>>
Task was destroyed but it is pending!
task: <Task pending name='Task-4527' coro=<InteractiveBrokersClientMarketDataMixin._schedule_bar_completion_timeout.<locals>.completion_handler() running at /Users/lindawang/Documents/Workspace/quant/.quant312/lib/python3.12/site-packages/nautilus_trader/adapters/interactive_brokers/client/market_data.py:1313> wait_for=<Future pending cb=[Task.task_wakeup()]>>
Task was destroyed but it is pending!
task: <Task pending name='Task-4529' coro=<InteractiveBrokersClientMarketDataMixin._schedule_bar_completion_timeout.<locals>.completion_handler() running at /Users/lindawang/Documents/Workspace/quant/.quant312/lib/python3.12/site-packages/nautilus_trader/adapters/interactive_brokers/client/market_data.py:1313> wait_for=<Future pending cb=[Task.task_wakeup()]>>
Task was destroyed but it is pending!
task: <Task pending name='Task-4541' coro=<InteractiveBrokersClientMarketDataMixin._schedule_bar_completion_timeout.<locals>.completion_handler() running at /Users/lindawang/Documents/Workspace/quant/.quant312/lib/python3.12/site-packages/nautilus_trader/adapters/interactive_brokers/client/market_data.py:1313> wait_for=<Future pending cb=[Task.task_wakeup()]>>
Task was destroyed but it is pending!
task: <Task pending name='Task-4543' coro=<InteractiveBrokersClientMarketDataMixin._schedule_bar_completion_timeout.<locals>.completion_handler() running at /Users/lindawang/Documents/Workspace/quant/.quant312/lib/python3.12/site-packages/nautilus_trader/adapters/interactive_brokers/client/market_data.py:1313> wait_for=<Future pending cb=[Task.task_wakeup()]>>
Task was destroyed but it is pending!
task: <Task pending name='Task-4545' coro=<InteractiveBrokersClientMarketDataMixin._schedule_bar_completion_timeout.<locals>.completion_handler() running at /Users/lindawang/Documents/Workspace/quant/.quant312/lib/python3.12/site-packages/nautilus_trader/adapters/interactive_brokers/client/market_data.py:1313> wait_for=<Future pending cb=[Task.task_wakeup()]>>
Task was destroyed but it is pending!
task: <Task pending name='Task-4547' coro=<InteractiveBrokersClientMarketDataMixin._schedule_bar_completion_timeout.<locals>.completion_handler() running at /Users/lindawang/Documents/Workspace/quant/.quant312/lib/python3.12/site-packages/nautilus_trader/adapters/interactive_brokers/client/market_data.py:1313> wait_for=<Future pending cb=[Task.task_wakeup()]>>
Task was destroyed but it is pending!
task: <Task pending name='Task-4549' coro=<InteractiveBrokersClientMarketDataMixin._schedule_bar_completion_timeout.<locals>.completion_handler() running at /Users/lindawang/Documents/Workspace/quant/.quant312/lib/python3.12/site-packages/nautilus_trader/adapters/interactive_brokers/client/market_data.py:1313> wait_for=<Future pending cb=[Task.task_wakeup()]>>
Task was destroyed but it is pending!
task: <Task pending name='Task-4561' coro=<InteractiveBrokersClientMarketDataMixin._schedule_bar_completion_timeout.<locals>.completion_handler() running at /Users/lindawang/Documents/Workspace/quant/.quant312/lib/python3.12/site-packages/nautilus_trader/adapters/interactive_brokers/client/market_data.py:1313> wait_for=<Future pending cb=[Task.task_wakeup()]>>
Task was destroyed but it is pending!
task: <Task pending name='Task-4563' coro=<InteractiveBrokersClientMarketDataMixin._schedule_bar_completion_timeout.<locals>.completion_handler() running at /Users/lindawang/Documents/Workspace/quant/.quant312/lib/python3.12/site-packages/nautilus_trader/adapters/interactive_brokers/client/market_data.py:1313> wait_for=<Future pending cb=[Task.task_wakeup()]>>
Task was destroyed but it is pending!
task: <Task pending name='Task-4565' coro=<InteractiveBrokersClientMarketDataMixin._schedule_bar_completion_timeout.<locals>.completion_handler() running at /Users/lindawang/Documents/Workspace/quant/.quant312/lib/python3.12/site-packages/nautilus_trader/adapters/interactive_brokers/client/market_data.py:1313> wait_for=<Future pending cb=[Task.task_wakeup()]>>
Task was destroyed but it is pending!
task: <Task pending name='Task-4567' coro=<InteractiveBrokersClientMarketDataMixin._schedule_bar_completion_timeout.<locals>.completion_handler() running at /Users/lindawang/Documents/Workspace/quant/.quant312/lib/python3.12/site-packages/nautilus_trader/adapters/interactive_brokers/client/market_data.py:1313> wait_for=<Future pending cb=[Task.task_wakeup()]>>
Task was destroyed but it is pending!
task: <Task pending name='Task-4569' coro=<InteractiveBrokersClientMarketDataMixin._schedule_bar_completion_timeout.<locals>.completion_handler() running at /Users/lindawang/Documents/Workspace/quant/.quant312/lib/python3.12/site-packages/nautilus_trader/adapters/interactive_brokers/client/market_data.py:1313> wait_for=<Future pending cb=[Task.task_wakeup()]>>
Task was destroyed but it is pending!
task: <Task pending name='Task-4581' coro=<InteractiveBrokersClientMarketDataMixin._schedule_bar_completion_timeout.<locals>.completion_handler() running at /Users/lindawang/Documents/Workspace/quant/.quant312/lib/python3.12/site-packages/nautilus_trader/adapters/interactive_brokers/client/market_data.py:1313> wait_for=<Future pending cb=[Task.task_wakeup()]>>
Task was destroyed but it is pending!
task: <Task pending name='Task-4583' coro=<InteractiveBrokersClientMarketDataMixin._schedule_bar_completion_timeout.<locals>.completion_handler() running at /Users/lindawang/Documents/Workspace/quant/.quant312/lib/python3.12/site-packages/nautilus_trader/adapters/interactive_brokers/client/market_data.py:1313> wait_for=<Future pending cb=[Task.task_wakeup()]>>
Task was destroyed but it is pending!
task: <Task pending name='Task-4585' coro=<InteractiveBrokersClientMarketDataMixin._schedule_bar_completion_timeout.<locals>.completion_handler() running at /Users/lindawang/Documents/Workspace/quant/.quant312/lib/python3.12/site-packages/nautilus_trader/adapters/interactive_brokers/client/market_data.py:1313> wait_for=<Future pending cb=[Task.task_wakeup()]>>
Task was destroyed but it is pending!
task: <Task pending name='Task-4587' coro=<InteractiveBrokersClientMarketDataMixin._schedule_bar_completion_timeout.<locals>.completion_handler() running at /Users/lindawang/Documents/Workspace/quant/.quant312/lib/python3.12/site-packages/nautilus_trader/adapters/interactive_brokers/client/market_data.py:1313> wait_for=<Future pending cb=[Task.task_wakeup()]>>
Task was destroyed but it is pending!
task: <Task pending name='Task-4589' coro=<InteractiveBrokersClientMarketDataMixin._schedule_bar_completion_timeout.<locals>.completion_handler() running at /Users/lindawang/Documents/Workspace/quant/.quant312/lib/python3.12/site-packages/nautilus_trader/adapters/interactive_brokers/client/market_data.py:1313> wait_for=<Future pending cb=[Task.task_wakeup()]>>
Task was destroyed but it is pending!
task: <Task pending name='Task-4601' coro=<InteractiveBrokersClientMarketDataMixin._schedule_bar_completion_timeout.<locals>.completion_handler() running at /Users/lindawang/Documents/Workspace/quant/.quant312/lib/python3.12/site-packages/nautilus_trader/adapters/interactive_brokers/client/market_data.py:1313> wait_for=<Future pending cb=[Task.task_wakeup()]>>
Task was destroyed but it is pending!
task: <Task pending name='Task-4603' coro=<InteractiveBrokersClientMarketDataMixin._schedule_bar_completion_timeout.<locals>.completion_handler() running at /Users/lindawang/Documents/Workspace/quant/.quant312/lib/python3.12/site-packages/nautilus_trader/adapters/interactive_brokers/client/market_data.py:1313> wait_for=<Future pending cb=[Task.task_wakeup()]>>
Task was destroyed but it is pending!
task: <Task pending name='Task-4605' coro=<InteractiveBrokersClientMarketDataMixin._schedule_bar_completion_timeout.<locals>.completion_handler() running at /Users/lindawang/Documents/Workspace/quant/.quant312/lib/python3.12/site-packages/nautilus_trader/adapters/interactive_brokers/client/market_data.py:1313> wait_for=<Future pending cb=[Task.task_wakeup()]>>
Task was destroyed but it is pending!
task: <Task pending name='Task-4607' coro=<InteractiveBrokersClientMarketDataMixin._schedule_bar_completion_timeout.<locals>.completion_handler() running at /Users/lindawang/Documents/Workspace/quant/.quant312/lib/python3.12/site-packages/nautilus_trader/adapters/interactive_brokers/client/market_data.py:1313> wait_for=<Future pending cb=[Task.task_wakeup()]>>
Task was destroyed but it is pending!
task: <Task pending name='Task-4609' coro=<InteractiveBrokersClientMarketDataMixin._schedule_bar_completion_timeout.<locals>.completion_handler() running at /Users/lindawang/Documents/Workspace/quant/.quant312/lib/python3.12/site-packages/nautilus_trader/adapters/interactive_brokers/client/market_data.py:1313> wait_for=<Future pending cb=[Task.task_wakeup()]>>
Task was destroyed but it is pending!
task: <Task pending name='Task-4621' coro=<InteractiveBrokersClientMarketDataMixin._schedule_bar_completion_timeout.<locals>.completion_handler() running at /Users/lindawang/Documents/Workspace/quant/.quant312/lib/python3.12/site-packages/nautilus_trader/adapters/interactive_brokers/client/market_data.py:1313> wait_for=<Future pending cb=[Task.task_wakeup()]>>
Task was destroyed but it is pending!
task: <Task pending name='Task-4623' coro=<InteractiveBrokersClientMarketDataMixin._schedule_bar_completion_timeout.<locals>.completion_handler() running at /Users/lindawang/Documents/Workspace/quant/.quant312/lib/python3.12/site-packages/nautilus_trader/adapters/interactive_brokers/client/market_data.py:1313> wait_for=<Future pending cb=[Task.task_wakeup()]>>
Task was destroyed but it is pending!
task: <Task pending name='Task-4625' coro=<InteractiveBrokersClientMarketDataMixin._schedule_bar_completion_timeout.<locals>.completion_handler() running at /Users/lindawang/Documents/Workspace/quant/.quant312/lib/python3.12/site-packages/nautilus_trader/adapters/interactive_brokers/client/market_data.py:1313> wait_for=<Future pending cb=[Task.task_wakeup()]>>
Task was destroyed but it is pending!
task: <Task pending name='Task-4627' coro=<InteractiveBrokersClientMarketDataMixin._schedule_bar_completion_timeout.<locals>.completion_handler() running at /Users/lindawang/Documents/Workspace/quant/.quant312/lib/python3.12/site-packages/nautilus_trader/adapters/interactive_brokers/client/market_data.py:1313> wait_for=<Future pending cb=[Task.task_wakeup()]>>
Task was destroyed but it is pending!
task: <Task pending name='Task-4629' coro=<InteractiveBrokersClientMarketDataMixin._schedule_bar_completion_timeout.<locals>.completion_handler() running at /Users/lindawang/Documents/Workspace/quant/.quant312/lib/python3.12/site-packages/nautilus_trader/adapters/interactive_brokers/client/market_data.py:1313> wait_for=<Future pending cb=[Task.task_wakeup()]>>
Task was destroyed but it is pending!
task: <Task pending name='Task-4642' coro=<InteractiveBrokersClientMarketDataMixin._schedule_bar_completion_timeout.<locals>.completion_handler() running at /Users/lindawang/Documents/Workspace/quant/.quant312/lib/python3.12/site-packages/nautilus_trader/adapters/interactive_brokers/client/market_data.py:1313> wait_for=<Future pending cb=[Task.task_wakeup()]>>
Task was destroyed but it is pending!
task: <Task pending name='Task-4644' coro=<InteractiveBrokersClientMarketDataMixin._schedule_bar_completion_timeout.<locals>.completion_handler() running at /Users/lindawang/Documents/Workspace/quant/.quant312/lib/python3.12/site-packages/nautilus_trader/adapters/interactive_brokers/client/market_data.py:1313> wait_for=<Future pending cb=[Task.task_wakeup()]>>
Task was destroyed but it is pending!
task: <Task pending name='Task-4646' coro=<InteractiveBrokersClientMarketDataMixin._schedule_bar_completion_timeout.<locals>.completion_handler() running at /Users/lindawang/Documents/Workspace/quant/.quant312/lib/python3.12/site-packages/nautilus_trader/adapters/interactive_brokers/client/market_data.py:1313> wait_for=<Future pending cb=[Task.task_wakeup()]>>
Task was destroyed but it is pending!
task: <Task pending name='Task-4648' coro=<InteractiveBrokersClientMarketDataMixin._schedule_bar_completion_timeout.<locals>.completion_handler() running at /Users/lindawang/Documents/Workspace/quant/.quant312/lib/python3.12/site-packages/nautilus_trader/adapters/interactive_brokers/client/market_data.py:1313> wait_for=<Future pending cb=[Task.task_wakeup()]>>
Task was destroyed but it is pending!
task: <Task pending name='Task-4650' coro=<InteractiveBrokersClientMarketDataMixin._schedule_bar_completion_timeout.<locals>.completion_handler() running at /Users/lindawang/Documents/Workspace/quant/.quant312/lib/python3.12/site-packages/nautilus_trader/adapters/interactive_brokers/client/market_data.py:1313> wait_for=<Future pending cb=[Task.task_wakeup()]>>
Task was destroyed but it is pending!
task: <Task pending name='Task-4662' coro=<InteractiveBrokersClientMarketDataMixin._schedule_bar_completion_timeout.<locals>.completion_handler() running at /Users/lindawang/Documents/Workspace/quant/.quant312/lib/python3.12/site-packages/nautilus_trader/adapters/interactive_brokers/client/market_data.py:1313> wait_for=<Future pending cb=[Task.task_wakeup()]>>
Task was destroyed but it is pending!
task: <Task pending name='Task-4664' coro=<InteractiveBrokersClientMarketDataMixin._schedule_bar_completion_timeout.<locals>.completion_handler() running at /Users/lindawang/Documents/Workspace/quant/.quant312/lib/python3.12/site-packages/nautilus_trader/adapters/interactive_brokers/client/market_data.py:1313> wait_for=<Future pending cb=[Task.task_wakeup()]>>
Task was destroyed but it is pending!
task: <Task pending name='Task-4666' coro=<InteractiveBrokersClientMarketDataMixin._schedule_bar_completion_timeout.<locals>.completion_handler() running at /Users/lindawang/Documents/Workspace/quant/.quant312/lib/python3.12/site-packages/nautilus_trader/adapters/interactive_brokers/client/market_data.py:1313> wait_for=<Future pending cb=[Task.task_wakeup()]>>
Task was destroyed but it is pending!
task: <Task pending name='Task-4668' coro=<InteractiveBrokersClientMarketDataMixin._schedule_bar_completion_timeout.<locals>.completion_handler() running at /Users/lindawang/Documents/Workspace/quant/.quant312/lib/python3.12/site-packages/nautilus_trader/adapters/interactive_brokers/client/market_data.py:1313> wait_for=<Future pending cb=[Task.task_wakeup()]>>
Task was destroyed but it is pending!
task: <Task pending name='Task-4670' coro=<InteractiveBrokersClientMarketDataMixin._schedule_bar_completion_timeout.<locals>.completion_handler() running at /Users/lindawang/Documents/Workspace/quant/.quant312/lib/python3.12/site-packages/nautilus_trader/adapters/interactive_brokers/client/market_data.py:1313> wait_for=<Future pending cb=[Task.task_wakeup()]>>
Task was destroyed but it is pending!
task: <Task pending name='Task-4682' coro=<InteractiveBrokersClientMarketDataMixin._schedule_bar_completion_timeout.<locals>.completion_handler() running at /Users/lindawang/Documents/Workspace/quant/.quant312/lib/python3.12/site-packages/nautilus_trader/adapters/interactive_brokers/client/market_data.py:1313> wait_for=<Future pending cb=[Task.task_wakeup()]>>
Task was destroyed but it is pending!
task: <Task pending name='Task-4684' coro=<InteractiveBrokersClientMarketDataMixin._schedule_bar_completion_timeout.<locals>.completion_handler() running at /Users/lindawang/Documents/Workspace/quant/.quant312/lib/python3.12/site-packages/nautilus_trader/adapters/interactive_brokers/client/market_data.py:1313> wait_for=<Future pending cb=[Task.task_wakeup()]>>
Task was destroyed but it is pending!
task: <Task pending name='Task-4686' coro=<InteractiveBrokersClientMarketDataMixin._schedule_bar_completion_timeout.<locals>.completion_handler() running at /Users/lindawang/Documents/Workspace/quant/.quant312/lib/python3.12/site-packages/nautilus_trader/adapters/interactive_brokers/client/market_data.py:1313> wait_for=<Future pending cb=[Task.task_wakeup()]>>
Task was destroyed but it is pending!
task: <Task pending name='Task-4688' coro=<InteractiveBrokersClientMarketDataMixin._schedule_bar_completion_timeout.<locals>.completion_handler() running at /Users/lindawang/Documents/Workspace/quant/.quant312/lib/python3.12/site-packages/nautilus_trader/adapters/interactive_brokers/client/market_data.py:1313> wait_for=<Future pending cb=[Task.task_wakeup()]>>
Task was destroyed but it is pending!
task: <Task pending name='Task-4690' coro=<InteractiveBrokersClientMarketDataMixin._schedule_bar_completion_timeout.<locals>.completion_handler() running at /Users/lindawang/Documents/Workspace/quant/.quant312/lib/python3.12/site-packages/nautilus_trader/adapters/interactive_brokers/client/market_data.py:1313> wait_for=<Future pending cb=[Task.task_wakeup()]>>
Task was destroyed but it is pending!
task: <Task pending name='Task-4702' coro=<InteractiveBrokersClientMarketDataMixin._schedule_bar_completion_timeout.<locals>.completion_handler() running at /Users/lindawang/Documents/Workspace/quant/.quant312/lib/python3.12/site-packages/nautilus_trader/adapters/interactive_brokers/client/market_data.py:1313> wait_for=<Future pending cb=[Task.task_wakeup()]>>
Task was destroyed but it is pending!
task: <Task pending name='Task-4704' coro=<InteractiveBrokersClientMarketDataMixin._schedule_bar_completion_timeout.<locals>.completion_handler() running at /Users/lindawang/Documents/Workspace/quant/.quant312/lib/python3.12/site-packages/nautilus_trader/adapters/interactive_brokers/client/market_data.py:1313> wait_for=<Future pending cb=[Task.task_wakeup()]>>
Task was destroyed but it is pending!
task: <Task pending name='Task-4706' coro=<InteractiveBrokersClientMarketDataMixin._schedule_bar_completion_timeout.<locals>.completion_handler() running at /Users/lindawang/Documents/Workspace/quant/.quant312/lib/python3.12/site-packages/nautilus_trader/adapters/interactive_brokers/client/market_data.py:1313> wait_for=<Future pending cb=[Task.task_wakeup()]>>
Task was destroyed but it is pending!
task: <Task pending name='Task-4708' coro=<InteractiveBrokersClientMarketDataMixin._schedule_bar_completion_timeout.<locals>.completion_handler() running at /Users/lindawang/Documents/Workspace/quant/.quant312/lib/python3.12/site-packages/nautilus_trader/adapters/interactive_brokers/client/market_data.py:1313> wait_for=<Future pending cb=[Task.task_wakeup()]>>
Task was destroyed but it is pending!
task: <Task pending name='Task-4710' coro=<InteractiveBrokersClientMarketDataMixin._schedule_bar_completion_timeout.<locals>.completion_handler() running at /Users/lindawang/Documents/Workspace/quant/.quant312/lib/python3.12/site-packages/nautilus_trader/adapters/interactive_brokers/client/market_data.py:1313> wait_for=<Future pending cb=[Task.task_wakeup()]>>
Task was destroyed but it is pending!
task: <Task pending name='Task-4722' coro=<InteractiveBrokersClientMarketDataMixin._schedule_bar_completion_timeout.<locals>.completion_handler() running at /Users/lindawang/Documents/Workspace/quant/.quant312/lib/python3.12/site-packages/nautilus_trader/adapters/interactive_brokers/client/market_data.py:1313> wait_for=<Future pending cb=[Task.task_wakeup()]>>
Task was destroyed but it is pending!
task: <Task pending name='Task-4724' coro=<InteractiveBrokersClientMarketDataMixin._schedule_bar_completion_timeout.<locals>.completion_handler() running at /Users/lindawang/Documents/Workspace/quant/.quant312/lib/python3.12/site-packages/nautilus_trader/adapters/interactive_brokers/client/market_data.py:1313> wait_for=<Future pending cb=[Task.task_wakeup()]>>
Task was destroyed but it is pending!
task: <Task pending name='Task-4726' coro=<InteractiveBrokersClientMarketDataMixin._schedule_bar_completion_timeout.<locals>.completion_handler() running at /Users/lindawang/Documents/Workspace/quant/.quant312/lib/python3.12/site-packages/nautilus_trader/adapters/interactive_brokers/client/market_data.py:1313> wait_for=<Future pending cb=[Task.task_wakeup()]>>
Task was destroyed but it is pending!
task: <Task pending name='Task-4728' coro=<InteractiveBrokersClientMarketDataMixin._schedule_bar_completion_timeout.<locals>.completion_handler() running at /Users/lindawang/Documents/Workspace/quant/.quant312/lib/python3.12/site-packages/nautilus_trader/adapters/interactive_brokers/client/market_data.py:1313> wait_for=<Future pending cb=[Task.task_wakeup()]>>
Task was destroyed but it is pending!
task: <Task pending name='Task-4730' coro=<InteractiveBrokersClientMarketDataMixin._schedule_bar_completion_timeout.<locals>.completion_handler() running at /Users/lindawang/Documents/Workspace/quant/.quant312/lib/python3.12/site-packages/nautilus_trader/adapters/interactive_brokers/client/market_data.py:1313> wait_for=<Future pending cb=[Task.task_wakeup()]>>
Task was destroyed but it is pending!
task: <Task pending name='Task-4742' coro=<InteractiveBrokersClientMarketDataMixin._schedule_bar_completion_timeout.<locals>.completion_handler() running at /Users/lindawang/Documents/Workspace/quant/.quant312/lib/python3.12/site-packages/nautilus_trader/adapters/interactive_brokers/client/market_data.py:1313> wait_for=<Future pending cb=[Task.task_wakeup()]>>
Task was destroyed but it is pending!
task: <Task pending name='Task-4744' coro=<InteractiveBrokersClientMarketDataMixin._schedule_bar_completion_timeout.<locals>.completion_handler() running at /Users/lindawang/Documents/Workspace/quant/.quant312/lib/python3.12/site-packages/nautilus_trader/adapters/interactive_brokers/client/market_data.py:1313> wait_for=<Future pending cb=[Task.task_wakeup()]>>
Task was destroyed but it is pending!
task: <Task pending name='Task-4746' coro=<InteractiveBrokersClientMarketDataMixin._schedule_bar_completion_timeout.<locals>.completion_handler() running at /Users/lindawang/Documents/Workspace/quant/.quant312/lib/python3.12/site-packages/nautilus_trader/adapters/interactive_brokers/client/market_data.py:1313> wait_for=<Future pending cb=[Task.task_wakeup()]>>
Task was destroyed but it is pending!
task: <Task pending name='Task-4748' coro=<InteractiveBrokersClientMarketDataMixin._schedule_bar_completion_timeout.<locals>.completion_handler() running at /Users/lindawang/Documents/Workspace/quant/.quant312/lib/python3.12/site-packages/nautilus_trader/adapters/interactive_brokers/client/market_data.py:1313> wait_for=<Future pending cb=[Task.task_wakeup()]>>
Task was destroyed but it is pending!
task: <Task pending name='Task-4750' coro=<InteractiveBrokersClientMarketDataMixin._schedule_bar_completion_timeout.<locals>.completion_handler() running at /Users/lindawang/Documents/Workspace/quant/.quant312/lib/python3.12/site-packages/nautilus_trader/adapters/interactive_brokers/client/market_data.py:1313> wait_for=<Future pending cb=[Task.task_wakeup()]>>
Task was destroyed but it is pending!
task: <Task pending name='Task-4762' coro=<InteractiveBrokersClientMarketDataMixin._schedule_bar_completion_timeout.<locals>.completion_handler() running at /Users/lindawang/Documents/Workspace/quant/.quant312/lib/python3.12/site-packages/nautilus_trader/adapters/interactive_brokers/client/market_data.py:1313> wait_for=<Future pending cb=[Task.task_wakeup()]>>
Task was destroyed but it is pending!
task: <Task pending name='Task-4764' coro=<InteractiveBrokersClientMarketDataMixin._schedule_bar_completion_timeout.<locals>.completion_handler() running at /Users/lindawang/Documents/Workspace/quant/.quant312/lib/python3.12/site-packages/nautilus_trader/adapters/interactive_brokers/client/market_data.py:1313> wait_for=<Future pending cb=[Task.task_wakeup()]>>
Task was destroyed but it is pending!
task: <Task pending name='Task-4766' coro=<InteractiveBrokersClientMarketDataMixin._schedule_bar_completion_timeout.<locals>.completion_handler() running at /Users/lindawang/Documents/Workspace/quant/.quant312/lib/python3.12/site-packages/nautilus_trader/adapters/interactive_brokers/client/market_data.py:1313> wait_for=<Future pending cb=[Task.task_wakeup()]>>
Task was destroyed but it is pending!
task: <Task pending name='Task-4768' coro=<InteractiveBrokersClientMarketDataMixin._schedule_bar_completion_timeout.<locals>.completion_handler() running at /Users/lindawang/Documents/Workspace/quant/.quant312/lib/python3.12/site-packages/nautilus_trader/adapters/interactive_brokers/client/market_data.py:1313> wait_for=<Future pending cb=[Task.task_wakeup()]>>
Task was destroyed but it is pending!
task: <Task pending name='Task-4770' coro=<InteractiveBrokersClientMarketDataMixin._schedule_bar_completion_timeout.<locals>.completion_handler() running at /Users/lindawang/Documents/Workspace/quant/.quant312/lib/python3.12/site-packages/nautilus_trader/adapters/interactive_brokers/client/market_data.py:1313> wait_for=<Future pending cb=[Task.task_wakeup()]>>
Task was destroyed but it is pending!
task: <Task pending name='Task-4782' coro=<InteractiveBrokersClientMarketDataMixin._schedule_bar_completion_timeout.<locals>.completion_handler() running at /Users/lindawang/Documents/Workspace/quant/.quant312/lib/python3.12/site-packages/nautilus_trader/adapters/interactive_brokers/client/market_data.py:1313> wait_for=<Future pending cb=[Task.task_wakeup()]>>
Task was destroyed but it is pending!
task: <Task pending name='Task-4784' coro=<InteractiveBrokersClientMarketDataMixin._schedule_bar_completion_timeout.<locals>.completion_handler() running at /Users/lindawang/Documents/Workspace/quant/.quant312/lib/python3.12/site-packages/nautilus_trader/adapters/interactive_brokers/client/market_data.py:1313> wait_for=<Future pending cb=[Task.task_wakeup()]>>
Task was destroyed but it is pending!
task: <Task pending name='Task-4786' coro=<InteractiveBrokersClientMarketDataMixin._schedule_bar_completion_timeout.<locals>.completion_handler() running at /Users/lindawang/Documents/Workspace/quant/.quant312/lib/python3.12/site-packages/nautilus_trader/adapters/interactive_brokers/client/market_data.py:1313> wait_for=<Future pending cb=[Task.task_wakeup()]>>
Task was destroyed but it is pending!
task: <Task pending name='Task-4788' coro=<InteractiveBrokersClientMarketDataMixin._schedule_bar_completion_timeout.<locals>.completion_handler() running at /Users/lindawang/Documents/Workspace/quant/.quant312/lib/python3.12/site-packages/nautilus_trader/adapters/interactive_brokers/client/market_data.py:1313> wait_for=<Future pending cb=[Task.task_wakeup()]>>
Task was destroyed but it is pending!
task: <Task pending name='Task-4790' coro=<InteractiveBrokersClientMarketDataMixin._schedule_bar_completion_timeout.<locals>.completion_handler() running at /Users/lindawang/Documents/Workspace/quant/.quant312/lib/python3.12/site-packages/nautilus_trader/adapters/interactive_brokers/client/market_data.py:1313> wait_for=<Future pending cb=[Task.task_wakeup()]>>
Task was destroyed but it is pending!
task: <Task pending name='Task-4802' coro=<InteractiveBrokersClientMarketDataMixin._schedule_bar_completion_timeout.<locals>.completion_handler() running at /Users/lindawang/Documents/Workspace/quant/.quant312/lib/python3.12/site-packages/nautilus_trader/adapters/interactive_brokers/client/market_data.py:1313> wait_for=<Future pending cb=[Task.task_wakeup()]>>
Task was destroyed but it is pending!
task: <Task pending name='Task-4804' coro=<InteractiveBrokersClientMarketDataMixin._schedule_bar_completion_timeout.<locals>.completion_handler() running at /Users/lindawang/Documents/Workspace/quant/.quant312/lib/python3.12/site-packages/nautilus_trader/adapters/interactive_brokers/client/market_data.py:1313> wait_for=<Future pending cb=[Task.task_wakeup()]>>
Task was destroyed but it is pending!
task: <Task pending name='Task-4806' coro=<InteractiveBrokersClientMarketDataMixin._schedule_bar_completion_timeout.<locals>.completion_handler() running at /Users/lindawang/Documents/Workspace/quant/.quant312/lib/python3.12/site-packages/nautilus_trader/adapters/interactive_brokers/client/market_data.py:1313> wait_for=<Future pending cb=[Task.task_wakeup()]>>
Task was destroyed but it is pending!
task: <Task pending name='Task-4808' coro=<InteractiveBrokersClientMarketDataMixin._schedule_bar_completion_timeout.<locals>.completion_handler() running at /Users/lindawang/Documents/Workspace/quant/.quant312/lib/python3.12/site-packages/nautilus_trader/adapters/interactive_brokers/client/market_data.py:1313> wait_for=<Future pending cb=[Task.task_wakeup()]>>
Task was destroyed but it is pending!
task: <Task pending name='Task-4810' coro=<InteractiveBrokersClientMarketDataMixin._schedule_bar_completion_timeout.<locals>.completion_handler() running at /Users/lindawang/Documents/Workspace/quant/.quant312/lib/python3.12/site-packages/nautilus_trader/adapters/interactive_brokers/client/market_data.py:1313> wait_for=<Future pending cb=[Task.task_wakeup()]>>
Task was destroyed but it is pending!
task: <Task pending name='Task-4822' coro=<InteractiveBrokersClientMarketDataMixin._schedule_bar_completion_timeout.<locals>.completion_handler() running at /Users/lindawang/Documents/Workspace/quant/.quant312/lib/python3.12/site-packages/nautilus_trader/adapters/interactive_brokers/client/market_data.py:1313> wait_for=<Future pending cb=[Task.task_wakeup()]>>
Task was destroyed but it is pending!
task: <Task pending name='Task-4824' coro=<InteractiveBrokersClientMarketDataMixin._schedule_bar_completion_timeout.<locals>.completion_handler() running at /Users/lindawang/Documents/Workspace/quant/.quant312/lib/python3.12/site-packages/nautilus_trader/adapters/interactive_brokers/client/market_data.py:1313> wait_for=<Future pending cb=[Task.task_wakeup()]>>
Task was destroyed but it is pending!
task: <Task pending name='Task-4826' coro=<InteractiveBrokersClientMarketDataMixin._schedule_bar_completion_timeout.<locals>.completion_handler() running at /Users/lindawang/Documents/Workspace/quant/.quant312/lib/python3.12/site-packages/nautilus_trader/adapters/interactive_brokers/client/market_data.py:1313> wait_for=<Future pending cb=[Task.task_wakeup()]>>
Task was destroyed but it is pending!
task: <Task pending name='Task-4828' coro=<InteractiveBrokersClientMarketDataMixin._schedule_bar_completion_timeout.<locals>.completion_handler() running at /Users/lindawang/Documents/Workspace/quant/.quant312/lib/python3.12/site-packages/nautilus_trader/adapters/interactive_brokers/client/market_data.py:1313> wait_for=<Future pending cb=[Task.task_wakeup()]>>
Task was destroyed but it is pending!
task: <Task pending name='Task-4830' coro=<InteractiveBrokersClientMarketDataMixin._schedule_bar_completion_timeout.<locals>.completion_handler() running at /Users/lindawang/Documents/Workspace/quant/.quant312/lib/python3.12/site-packages/nautilus_trader/adapters/interactive_brokers/client/market_data.py:1313> wait_for=<Future pending cb=[Task.task_wakeup()]>>
Task was destroyed but it is pending!
task: <Task pending name='Task-4842' coro=<InteractiveBrokersClientMarketDataMixin._schedule_bar_completion_timeout.<locals>.completion_handler() running at /Users/lindawang/Documents/Workspace/quant/.quant312/lib/python3.12/site-packages/nautilus_trader/adapters/interactive_brokers/client/market_data.py:1313> wait_for=<Future pending cb=[Task.task_wakeup()]>>
Task was destroyed but it is pending!
task: <Task pending name='Task-4844' coro=<InteractiveBrokersClientMarketDataMixin._schedule_bar_completion_timeout.<locals>.completion_handler() running at /Users/lindawang/Documents/Workspace/quant/.quant312/lib/python3.12/site-packages/nautilus_trader/adapters/interactive_brokers/client/market_data.py:1313> wait_for=<Future pending cb=[Task.task_wakeup()]>>
Task was destroyed but it is pending!
task: <Task pending name='Task-4846' coro=<InteractiveBrokersClientMarketDataMixin._schedule_bar_completion_timeout.<locals>.completion_handler() running at /Users/lindawang/Documents/Workspace/quant/.quant312/lib/python3.12/site-packages/nautilus_trader/adapters/interactive_brokers/client/market_data.py:1313> wait_for=<Future pending cb=[Task.task_wakeup()]>>
Task was destroyed but it is pending!
task: <Task pending name='Task-4848' coro=<InteractiveBrokersClientMarketDataMixin._schedule_bar_completion_timeout.<locals>.completion_handler() running at /Users/lindawang/Documents/Workspace/quant/.quant312/lib/python3.12/site-packages/nautilus_trader/adapters/interactive_brokers/client/market_data.py:1313> wait_for=<Future pending cb=[Task.task_wakeup()]>>
Task was destroyed but it is pending!
task: <Task pending name='Task-4850' coro=<InteractiveBrokersClientMarketDataMixin._schedule_bar_completion_timeout.<locals>.completion_handler() running at /Users/lindawang/Documents/Workspace/quant/.quant312/lib/python3.12/site-packages/nautilus_trader/adapters/interactive_brokers/client/market_data.py:1313> wait_for=<Future pending cb=[Task.task_wakeup()]>>
Task was destroyed but it is pending!
task: <Task pending name='Task-4862' coro=<InteractiveBrokersClientMarketDataMixin._schedule_bar_completion_timeout.<locals>.completion_handler() running at /Users/lindawang/Documents/Workspace/quant/.quant312/lib/python3.12/site-packages/nautilus_trader/adapters/interactive_brokers/client/market_data.py:1313> wait_for=<Future pending cb=[Task.task_wakeup()]>>
Task was destroyed but it is pending!
task: <Task pending name='Task-4864' coro=<InteractiveBrokersClientMarketDataMixin._schedule_bar_completion_timeout.<locals>.completion_handler() running at /Users/lindawang/Documents/Workspace/quant/.quant312/lib/python3.12/site-packages/nautilus_trader/adapters/interactive_brokers/client/market_data.py:1313> wait_for=<Future pending cb=[Task.task_wakeup()]>>
Task was destroyed but it is pending!
task: <Task pending name='Task-4866' coro=<InteractiveBrokersClientMarketDataMixin._schedule_bar_completion_timeout.<locals>.completion_handler() running at /Users/lindawang/Documents/Workspace/quant/.quant312/lib/python3.12/site-packages/nautilus_trader/adapters/interactive_brokers/client/market_data.py:1313> wait_for=<Future pending cb=[Task.task_wakeup()]>>
Task was destroyed but it is pending!
task: <Task pending name='Task-4868' coro=<InteractiveBrokersClientMarketDataMixin._schedule_bar_completion_timeout.<locals>.completion_handler() running at /Users/lindawang/Documents/Workspace/quant/.quant312/lib/python3.12/site-packages/nautilus_trader/adapters/interactive_brokers/client/market_data.py:1313> wait_for=<Future pending cb=[Task.task_wakeup()]>>
Task was destroyed but it is pending!
task: <Task pending name='Task-4870' coro=<InteractiveBrokersClientMarketDataMixin._schedule_bar_completion_timeout.<locals>.completion_handler() running at /Users/lindawang/Documents/Workspace/quant/.quant312/lib/python3.12/site-packages/nautilus_trader/adapters/interactive_brokers/client/market_data.py:1313> wait_for=<Future pending cb=[Task.task_wakeup()]>>
Task was destroyed but it is pending!
task: <Task pending name='Task-4882' coro=<InteractiveBrokersClientMarketDataMixin._schedule_bar_completion_timeout.<locals>.completion_handler() running at /Users/lindawang/Documents/Workspace/quant/.quant312/lib/python3.12/site-packages/nautilus_trader/adapters/interactive_brokers/client/market_data.py:1313> wait_for=<Future pending cb=[Task.task_wakeup()]>>
Task was destroyed but it is pending!
task: <Task pending name='Task-4884' coro=<InteractiveBrokersClientMarketDataMixin._schedule_bar_completion_timeout.<locals>.completion_handler() running at /Users/lindawang/Documents/Workspace/quant/.quant312/lib/python3.12/site-packages/nautilus_trader/adapters/interactive_brokers/client/market_data.py:1313> wait_for=<Future pending cb=[Task.task_wakeup()]>>
Task was destroyed but it is pending!
task: <Task pending name='Task-4886' coro=<InteractiveBrokersClientMarketDataMixin._schedule_bar_completion_timeout.<locals>.completion_handler() running at /Users/lindawang/Documents/Workspace/quant/.quant312/lib/python3.12/site-packages/nautilus_trader/adapters/interactive_brokers/client/market_data.py:1313> wait_for=<Future pending cb=[Task.task_wakeup()]>>
Task was destroyed but it is pending!
task: <Task pending name='Task-4888' coro=<InteractiveBrokersClientMarketDataMixin._schedule_bar_completion_timeout.<locals>.completion_handler() running at /Users/lindawang/Documents/Workspace/quant/.quant312/lib/python3.12/site-packages/nautilus_trader/adapters/interactive_brokers/client/market_data.py:1313> wait_for=<Future pending cb=[Task.task_wakeup()]>>
Task was destroyed but it is pending!
task: <Task pending name='Task-4890' coro=<InteractiveBrokersClientMarketDataMixin._schedule_bar_completion_timeout.<locals>.completion_handler() running at /Users/lindawang/Documents/Workspace/quant/.quant312/lib/python3.12/site-packages/nautilus_trader/adapters/interactive_brokers/client/market_data.py:1313> wait_for=<Future pending cb=[Task.task_wakeup()]>>
Task was destroyed but it is pending!
task: <Task pending name='Task-4902' coro=<InteractiveBrokersClientMarketDataMixin._schedule_bar_completion_timeout.<locals>.completion_handler() running at /Users/lindawang/Documents/Workspace/quant/.quant312/lib/python3.12/site-packages/nautilus_trader/adapters/interactive_brokers/client/market_data.py:1313> wait_for=<Future pending cb=[Task.task_wakeup()]>>
Task was destroyed but it is pending!
task: <Task pending name='Task-4904' coro=<InteractiveBrokersClientMarketDataMixin._schedule_bar_completion_timeout.<locals>.completion_handler() running at /Users/lindawang/Documents/Workspace/quant/.quant312/lib/python3.12/site-packages/nautilus_trader/adapters/interactive_brokers/client/market_data.py:1313> wait_for=<Future pending cb=[Task.task_wakeup()]>>
Task was destroyed but it is pending!
task: <Task pending name='Task-4906' coro=<InteractiveBrokersClientMarketDataMixin._schedule_bar_completion_timeout.<locals>.completion_handler() running at /Users/lindawang/Documents/Workspace/quant/.quant312/lib/python3.12/site-packages/nautilus_trader/adapters/interactive_brokers/client/market_data.py:1313> wait_for=<Future pending cb=[Task.task_wakeup()]>>
Task was destroyed but it is pending!
task: <Task pending name='Task-4908' coro=<InteractiveBrokersClientMarketDataMixin._schedule_bar_completion_timeout.<locals>.completion_handler() running at /Users/lindawang/Documents/Workspace/quant/.quant312/lib/python3.12/site-packages/nautilus_trader/adapters/interactive_brokers/client/market_data.py:1313> wait_for=<Future pending cb=[Task.task_wakeup()]>>
Task was destroyed but it is pending!
task: <Task pending name='Task-4910' coro=<InteractiveBrokersClientMarketDataMixin._schedule_bar_completion_timeout.<locals>.completion_handler() running at /Users/lindawang/Documents/Workspace/quant/.quant312/lib/python3.12/site-packages/nautilus_trader/adapters/interactive_brokers/client/market_data.py:1313> wait_for=<Future pending cb=[Task.task_wakeup()]>>
Task was destroyed but it is pending!
task: <Task pending name='Task-4922' coro=<InteractiveBrokersClientMarketDataMixin._schedule_bar_completion_timeout.<locals>.completion_handler() running at /Users/lindawang/Documents/Workspace/quant/.quant312/lib/python3.12/site-packages/nautilus_trader/adapters/interactive_brokers/client/market_data.py:1313> wait_for=<Future pending cb=[Task.task_wakeup()]>>
Task was destroyed but it is pending!
task: <Task pending name='Task-4924' coro=<InteractiveBrokersClientMarketDataMixin._schedule_bar_completion_timeout.<locals>.completion_handler() running at /Users/lindawang/Documents/Workspace/quant/.quant312/lib/python3.12/site-packages/nautilus_trader/adapters/interactive_brokers/client/market_data.py:1313> wait_for=<Future pending cb=[Task.task_wakeup()]>>
Task was destroyed but it is pending!
task: <Task pending name='Task-4926' coro=<InteractiveBrokersClientMarketDataMixin._schedule_bar_completion_timeout.<locals>.completion_handler() running at /Users/lindawang/Documents/Workspace/quant/.quant312/lib/python3.12/site-packages/nautilus_trader/adapters/interactive_brokers/client/market_data.py:1313> wait_for=<Future pending cb=[Task.task_wakeup()]>>
Task was destroyed but it is pending!
task: <Task pending name='Task-4928' coro=<InteractiveBrokersClientMarketDataMixin._schedule_bar_completion_timeout.<locals>.completion_handler() running at /Users/lindawang/Documents/Workspace/quant/.quant312/lib/python3.12/site-packages/nautilus_trader/adapters/interactive_brokers/client/market_data.py:1313> wait_for=<Future pending cb=[Task.task_wakeup()]>>
Task was destroyed but it is pending!
task: <Task pending name='Task-4930' coro=<InteractiveBrokersClientMarketDataMixin._schedule_bar_completion_timeout.<locals>.completion_handler() running at /Users/lindawang/Documents/Workspace/quant/.quant312/lib/python3.12/site-packages/nautilus_trader/adapters/interactive_brokers/client/market_data.py:1313> wait_for=<Future pending cb=[Task.task_wakeup()]>>
Task was destroyed but it is pending!
task: <Task pending name='Task-4942' coro=<InteractiveBrokersClientMarketDataMixin._schedule_bar_completion_timeout.<locals>.completion_handler() running at /Users/lindawang/Documents/Workspace/quant/.quant312/lib/python3.12/site-packages/nautilus_trader/adapters/interactive_brokers/client/market_data.py:1313> wait_for=<Future pending cb=[Task.task_wakeup()]>>
Task was destroyed but it is pending!
task: <Task pending name='Task-4944' coro=<InteractiveBrokersClientMarketDataMixin._schedule_bar_completion_timeout.<locals>.completion_handler() running at /Users/lindawang/Documents/Workspace/quant/.quant312/lib/python3.12/site-packages/nautilus_trader/adapters/interactive_brokers/client/market_data.py:1313> wait_for=<Future pending cb=[Task.task_wakeup()]>>
Task was destroyed but it is pending!
task: <Task pending name='Task-4946' coro=<InteractiveBrokersClientMarketDataMixin._schedule_bar_completion_timeout.<locals>.completion_handler() running at /Users/lindawang/Documents/Workspace/quant/.quant312/lib/python3.12/site-packages/nautilus_trader/adapters/interactive_brokers/client/market_data.py:1313> wait_for=<Future pending cb=[Task.task_wakeup()]>>
Task was destroyed but it is pending!
task: <Task pending name='Task-4948' coro=<InteractiveBrokersClientMarketDataMixin._schedule_bar_completion_timeout.<locals>.completion_handler() running at /Users/lindawang/Documents/Workspace/quant/.quant312/lib/python3.12/site-packages/nautilus_trader/adapters/interactive_brokers/client/market_data.py:1313> wait_for=<Future pending cb=[Task.task_wakeup()]>>
Task was destroyed but it is pending!
task: <Task pending name='Task-4950' coro=<InteractiveBrokersClientMarketDataMixin._schedule_bar_completion_timeout.<locals>.completion_handler() running at /Users/lindawang/Documents/Workspace/quant/.quant312/lib/python3.12/site-packages/nautilus_trader/adapters/interactive_brokers/client/market_data.py:1313> wait_for=<Future pending cb=[Task.task_wakeup()]>>
Task was destroyed but it is pending!
task: <Task pending name='Task-4962' coro=<InteractiveBrokersClientMarketDataMixin._schedule_bar_completion_timeout.<locals>.completion_handler() running at /Users/lindawang/Documents/Workspace/quant/.quant312/lib/python3.12/site-packages/nautilus_trader/adapters/interactive_brokers/client/market_data.py:1313> wait_for=<Future pending cb=[Task.task_wakeup()]>>
Task was destroyed but it is pending!
task: <Task pending name='Task-4964' coro=<InteractiveBrokersClientMarketDataMixin._schedule_bar_completion_timeout.<locals>.completion_handler() running at /Users/lindawang/Documents/Workspace/quant/.quant312/lib/python3.12/site-packages/nautilus_trader/adapters/interactive_brokers/client/market_data.py:1313> wait_for=<Future pending cb=[Task.task_wakeup()]>>
Task was destroyed but it is pending!
task: <Task pending name='Task-4966' coro=<InteractiveBrokersClientMarketDataMixin._schedule_bar_completion_timeout.<locals>.completion_handler() running at /Users/lindawang/Documents/Workspace/quant/.quant312/lib/python3.12/site-packages/nautilus_trader/adapters/interactive_brokers/client/market_data.py:1313> wait_for=<Future pending cb=[Task.task_wakeup()]>>
Task was destroyed but it is pending!
task: <Task pending name='Task-4968' coro=<InteractiveBrokersClientMarketDataMixin._schedule_bar_completion_timeout.<locals>.completion_handler() running at /Users/lindawang/Documents/Workspace/quant/.quant312/lib/python3.12/site-packages/nautilus_trader/adapters/interactive_brokers/client/market_data.py:1313> wait_for=<Future pending cb=[Task.task_wakeup()]>>
Task was destroyed but it is pending!
task: <Task pending name='Task-4970' coro=<InteractiveBrokersClientMarketDataMixin._schedule_bar_completion_timeout.<locals>.completion_handler() running at /Users/lindawang/Documents/Workspace/quant/.quant312/lib/python3.12/site-packages/nautilus_trader/adapters/interactive_brokers/client/market_data.py:1313> wait_for=<Future pending cb=[Task.task_wakeup()]>>
Task was destroyed but it is pending!
task: <Task pending name='Task-4982' coro=<InteractiveBrokersClientMarketDataMixin._schedule_bar_completion_timeout.<locals>.completion_handler() running at /Users/lindawang/Documents/Workspace/quant/.quant312/lib/python3.12/site-packages/nautilus_trader/adapters/interactive_brokers/client/market_data.py:1313> wait_for=<Future pending cb=[Task.task_wakeup()]>>
Task was destroyed but it is pending!
task: <Task pending name='Task-4984' coro=<InteractiveBrokersClientMarketDataMixin._schedule_bar_completion_timeout.<locals>.completion_handler() running at /Users/lindawang/Documents/Workspace/quant/.quant312/lib/python3.12/site-packages/nautilus_trader/adapters/interactive_brokers/client/market_data.py:1313> wait_for=<Future pending cb=[Task.task_wakeup()]>>
Task was destroyed but it is pending!
task: <Task pending name='Task-4986' coro=<InteractiveBrokersClientMarketDataMixin._schedule_bar_completion_timeout.<locals>.completion_handler() running at /Users/lindawang/Documents/Workspace/quant/.quant312/lib/python3.12/site-packages/nautilus_trader/adapters/interactive_brokers/client/market_data.py:1313> wait_for=<Future pending cb=[Task.task_wakeup()]>>
Task was destroyed but it is pending!
task: <Task pending name='Task-4988' coro=<InteractiveBrokersClientMarketDataMixin._schedule_bar_completion_timeout.<locals>.completion_handler() running at /Users/lindawang/Documents/Workspace/quant/.quant312/lib/python3.12/site-packages/nautilus_trader/adapters/interactive_brokers/client/market_data.py:1313> wait_for=<Future pending cb=[Task.task_wakeup()]>>
Task was destroyed but it is pending!
task: <Task pending name='Task-4990' coro=<InteractiveBrokersClientMarketDataMixin._schedule_bar_completion_timeout.<locals>.completion_handler() running at /Users/lindawang/Documents/Workspace/quant/.quant312/lib/python3.12/site-packages/nautilus_trader/adapters/interactive_brokers/client/market_data.py:1313> wait_for=<Future pending cb=[Task.task_wakeup()]>>
Task was destroyed but it is pending!
task: <Task pending name='Task-5003' coro=<InteractiveBrokersClientMarketDataMixin._schedule_bar_completion_timeout.<locals>.completion_handler() running at /Users/lindawang/Documents/Workspace/quant/.quant312/lib/python3.12/site-packages/nautilus_trader/adapters/interactive_brokers/client/market_data.py:1313> wait_for=<Future pending cb=[Task.task_wakeup()]>>
Task was destroyed but it is pending!
task: <Task pending name='Task-5005' coro=<InteractiveBrokersClientMarketDataMixin._schedule_bar_completion_timeout.<locals>.completion_handler() running at /Users/lindawang/Documents/Workspace/quant/.quant312/lib/python3.12/site-packages/nautilus_trader/adapters/interactive_brokers/client/market_data.py:1313> wait_for=<Future pending cb=[Task.task_wakeup()]>>
Task was destroyed but it is pending!
task: <Task pending name='Task-5007' coro=<InteractiveBrokersClientMarketDataMixin._schedule_bar_completion_timeout.<locals>.completion_handler() running at /Users/lindawang/Documents/Workspace/quant/.quant312/lib/python3.12/site-packages/nautilus_trader/adapters/interactive_brokers/client/market_data.py:1313> wait_for=<Future pending cb=[Task.task_wakeup()]>>
Task was destroyed but it is pending!
task: <Task pending name='Task-5009' coro=<InteractiveBrokersClientMarketDataMixin._schedule_bar_completion_timeout.<locals>.completion_handler() running at /Users/lindawang/Documents/Workspace/quant/.quant312/lib/python3.12/site-packages/nautilus_trader/adapters/interactive_brokers/client/market_data.py:1313> wait_for=<Future pending cb=[Task.task_wakeup()]>>
Task was destroyed but it is pending!
task: <Task pending name='Task-5011' coro=<InteractiveBrokersClientMarketDataMixin._schedule_bar_completion_timeout.<locals>.completion_handler() running at /Users/lindawang/Documents/Workspace/quant/.quant312/lib/python3.12/site-packages/nautilus_trader/adapters/interactive_brokers/client/market_data.py:1313> wait_for=<Future pending cb=[Task.task_wakeup()]>>
Task was destroyed but it is pending!
task: <Task pending name='Task-5023' coro=<InteractiveBrokersClientMarketDataMixin._schedule_bar_completion_timeout.<locals>.completion_handler() running at /Users/lindawang/Documents/Workspace/quant/.quant312/lib/python3.12/site-packages/nautilus_trader/adapters/interactive_brokers/client/market_data.py:1313> wait_for=<Future pending cb=[Task.task_wakeup()]>>
Task was destroyed but it is pending!
task: <Task pending name='Task-5025' coro=<InteractiveBrokersClientMarketDataMixin._schedule_bar_completion_timeout.<locals>.completion_handler() running at /Users/lindawang/Documents/Workspace/quant/.quant312/lib/python3.12/site-packages/nautilus_trader/adapters/interactive_brokers/client/market_data.py:1313> wait_for=<Future pending cb=[Task.task_wakeup()]>>
Task was destroyed but it is pending!
task: <Task pending name='Task-5027' coro=<InteractiveBrokersClientMarketDataMixin._schedule_bar_completion_timeout.<locals>.completion_handler() running at /Users/lindawang/Documents/Workspace/quant/.quant312/lib/python3.12/site-packages/nautilus_trader/adapters/interactive_brokers/client/market_data.py:1313> wait_for=<Future pending cb=[Task.task_wakeup()]>>
Task was destroyed but it is pending!
task: <Task pending name='Task-5029' coro=<InteractiveBrokersClientMarketDataMixin._schedule_bar_completion_timeout.<locals>.completion_handler() running at /Users/lindawang/Documents/Workspace/quant/.quant312/lib/python3.12/site-packages/nautilus_trader/adapters/interactive_brokers/client/market_data.py:1313> wait_for=<Future pending cb=[Task.task_wakeup()]>>
Task was destroyed but it is pending!
task: <Task pending name='Task-5031' coro=<InteractiveBrokersClientMarketDataMixin._schedule_bar_completion_timeout.<locals>.completion_handler() running at /Users/lindawang/Documents/Workspace/quant/.quant312/lib/python3.12/site-packages/nautilus_trader/adapters/interactive_brokers/client/market_data.py:1313> wait_for=<Future pending cb=[Task.task_wakeup()]>>
Task was destroyed but it is pending!
task: <Task pending name='Task-5043' coro=<InteractiveBrokersClientMarketDataMixin._schedule_bar_completion_timeout.<locals>.completion_handler() running at /Users/lindawang/Documents/Workspace/quant/.quant312/lib/python3.12/site-packages/nautilus_trader/adapters/interactive_brokers/client/market_data.py:1313> wait_for=<Future pending cb=[Task.task_wakeup()]>>
Task was destroyed but it is pending!
task: <Task pending name='Task-5045' coro=<InteractiveBrokersClientMarketDataMixin._schedule_bar_completion_timeout.<locals>.completion_handler() running at /Users/lindawang/Documents/Workspace/quant/.quant312/lib/python3.12/site-packages/nautilus_trader/adapters/interactive_brokers/client/market_data.py:1313> wait_for=<Future pending cb=[Task.task_wakeup()]>>
Task was destroyed but it is pending!
task: <Task pending name='Task-5047' coro=<InteractiveBrokersClientMarketDataMixin._schedule_bar_completion_timeout.<locals>.completion_handler() running at /Users/lindawang/Documents/Workspace/quant/.quant312/lib/python3.12/site-packages/nautilus_trader/adapters/interactive_brokers/client/market_data.py:1313> wait_for=<Future pending cb=[Task.task_wakeup()]>>
Task was destroyed but it is pending!
task: <Task pending name='Task-5049' coro=<InteractiveBrokersClientMarketDataMixin._schedule_bar_completion_timeout.<locals>.completion_handler() running at /Users/lindawang/Documents/Workspace/quant/.quant312/lib/python3.12/site-packages/nautilus_trader/adapters/interactive_brokers/client/market_data.py:1313> wait_for=<Future pending cb=[Task.task_wakeup()]>>
Task was destroyed but it is pending!
task: <Task pending name='Task-5051' coro=<InteractiveBrokersClientMarketDataMixin._schedule_bar_completion_timeout.<locals>.completion_handler() running at /Users/lindawang/Documents/Workspace/quant/.quant312/lib/python3.12/site-packages/nautilus_trader/adapters/interactive_brokers/client/market_data.py:1313> wait_for=<Future pending cb=[Task.task_wakeup()]>>
Task was destroyed but it is pending!
task: <Task pending name='Task-5063' coro=<InteractiveBrokersClientMarketDataMixin._schedule_bar_completion_timeout.<locals>.completion_handler() running at /Users/lindawang/Documents/Workspace/quant/.quant312/lib/python3.12/site-packages/nautilus_trader/adapters/interactive_brokers/client/market_data.py:1313> wait_for=<Future pending cb=[Task.task_wakeup()]>>
Task was destroyed but it is pending!
task: <Task pending name='Task-5065' coro=<InteractiveBrokersClientMarketDataMixin._schedule_bar_completion_timeout.<locals>.completion_handler() running at /Users/lindawang/Documents/Workspace/quant/.quant312/lib/python3.12/site-packages/nautilus_trader/adapters/interactive_brokers/client/market_data.py:1313> wait_for=<Future pending cb=[Task.task_wakeup()]>>
Task was destroyed but it is pending!
task: <Task pending name='Task-5067' coro=<InteractiveBrokersClientMarketDataMixin._schedule_bar_completion_timeout.<locals>.completion_handler() running at /Users/lindawang/Documents/Workspace/quant/.quant312/lib/python3.12/site-packages/nautilus_trader/adapters/interactive_brokers/client/market_data.py:1313> wait_for=<Future pending cb=[Task.task_wakeup()]>>
Task was destroyed but it is pending!
task: <Task pending name='Task-5069' coro=<InteractiveBrokersClientMarketDataMixin._schedule_bar_completion_timeout.<locals>.completion_handler() running at /Users/lindawang/Documents/Workspace/quant/.quant312/lib/python3.12/site-packages/nautilus_trader/adapters/interactive_brokers/client/market_data.py:1313> wait_for=<Future pending cb=[Task.task_wakeup()]>>
Task was destroyed but it is pending!
task: <Task pending name='Task-5071' coro=<InteractiveBrokersClientMarketDataMixin._schedule_bar_completion_timeout.<locals>.completion_handler() running at /Users/lindawang/Documents/Workspace/quant/.quant312/lib/python3.12/site-packages/nautilus_trader/adapters/interactive_brokers/client/market_data.py:1313> wait_for=<Future pending cb=[Task.task_wakeup()]>>
Task was destroyed but it is pending!
task: <Task pending name='Task-5083' coro=<InteractiveBrokersClientMarketDataMixin._schedule_bar_completion_timeout.<locals>.completion_handler() running at /Users/lindawang/Documents/Workspace/quant/.quant312/lib/python3.12/site-packages/nautilus_trader/adapters/interactive_brokers/client/market_data.py:1313> wait_for=<Future pending cb=[Task.task_wakeup()]>>
Task was destroyed but it is pending!
task: <Task pending name='Task-5085' coro=<InteractiveBrokersClientMarketDataMixin._schedule_bar_completion_timeout.<locals>.completion_handler() running at /Users/lindawang/Documents/Workspace/quant/.quant312/lib/python3.12/site-packages/nautilus_trader/adapters/interactive_brokers/client/market_data.py:1313> wait_for=<Future pending cb=[Task.task_wakeup()]>>
Task was destroyed but it is pending!
task: <Task pending name='Task-5087' coro=<InteractiveBrokersClientMarketDataMixin._schedule_bar_completion_timeout.<locals>.completion_handler() running at /Users/lindawang/Documents/Workspace/quant/.quant312/lib/python3.12/site-packages/nautilus_trader/adapters/interactive_brokers/client/market_data.py:1313> wait_for=<Future pending cb=[Task.task_wakeup()]>>
Task was destroyed but it is pending!
task: <Task pending name='Task-5089' coro=<InteractiveBrokersClientMarketDataMixin._schedule_bar_completion_timeout.<locals>.completion_handler() running at /Users/lindawang/Documents/Workspace/quant/.quant312/lib/python3.12/site-packages/nautilus_trader/adapters/interactive_brokers/client/market_data.py:1313> wait_for=<Future pending cb=[Task.task_wakeup()]>>
Task was destroyed but it is pending!
task: <Task pending name='Task-5091' coro=<InteractiveBrokersClientMarketDataMixin._schedule_bar_completion_timeout.<locals>.completion_handler() running at /Users/lindawang/Documents/Workspace/quant/.quant312/lib/python3.12/site-packages/nautilus_trader/adapters/interactive_brokers/client/market_data.py:1313> wait_for=<Future pending cb=[Task.task_wakeup()]>>
Task was destroyed but it is pending!
task: <Task pending name='Task-5103' coro=<InteractiveBrokersClientMarketDataMixin._schedule_bar_completion_timeout.<locals>.completion_handler() running at /Users/lindawang/Documents/Workspace/quant/.quant312/lib/python3.12/site-packages/nautilus_trader/adapters/interactive_brokers/client/market_data.py:1313> wait_for=<Future pending cb=[Task.task_wakeup()]>>
Task was destroyed but it is pending!
task: <Task pending name='Task-5105' coro=<InteractiveBrokersClientMarketDataMixin._schedule_bar_completion_timeout.<locals>.completion_handler() running at /Users/lindawang/Documents/Workspace/quant/.quant312/lib/python3.12/site-packages/nautilus_trader/adapters/interactive_brokers/client/market_data.py:1313> wait_for=<Future pending cb=[Task.task_wakeup()]>>
Task was destroyed but it is pending!
task: <Task pending name='Task-5107' coro=<InteractiveBrokersClientMarketDataMixin._schedule_bar_completion_timeout.<locals>.completion_handler() running at /Users/lindawang/Documents/Workspace/quant/.quant312/lib/python3.12/site-packages/nautilus_trader/adapters/interactive_brokers/client/market_data.py:1313> wait_for=<Future pending cb=[Task.task_wakeup()]>>
Task was destroyed but it is pending!
task: <Task pending name='Task-5109' coro=<InteractiveBrokersClientMarketDataMixin._schedule_bar_completion_timeout.<locals>.completion_handler() running at /Users/lindawang/Documents/Workspace/quant/.quant312/lib/python3.12/site-packages/nautilus_trader/adapters/interactive_brokers/client/market_data.py:1313> wait_for=<Future pending cb=[Task.task_wakeup()]>>
Task was destroyed but it is pending!
task: <Task pending name='Task-5111' coro=<InteractiveBrokersClientMarketDataMixin._schedule_bar_completion_timeout.<locals>.completion_handler() running at /Users/lindawang/Documents/Workspace/quant/.quant312/lib/python3.12/site-packages/nautilus_trader/adapters/interactive_brokers/client/market_data.py:1313> wait_for=<Future pending cb=[Task.task_wakeup()]>>
Task was destroyed but it is pending!
task: <Task pending name='Task-5123' coro=<InteractiveBrokersClientMarketDataMixin._schedule_bar_completion_timeout.<locals>.completion_handler() running at /Users/lindawang/Documents/Workspace/quant/.quant312/lib/python3.12/site-packages/nautilus_trader/adapters/interactive_brokers/client/market_data.py:1313> wait_for=<Future pending cb=[Task.task_wakeup()]>>
Task was destroyed but it is pending!
task: <Task pending name='Task-5125' coro=<InteractiveBrokersClientMarketDataMixin._schedule_bar_completion_timeout.<locals>.completion_handler() running at /Users/lindawang/Documents/Workspace/quant/.quant312/lib/python3.12/site-packages/nautilus_trader/adapters/interactive_brokers/client/market_data.py:1313> wait_for=<Future pending cb=[Task.task_wakeup()]>>
Task was destroyed but it is pending!
task: <Task pending name='Task-5127' coro=<InteractiveBrokersClientMarketDataMixin._schedule_bar_completion_timeout.<locals>.completion_handler() running at /Users/lindawang/Documents/Workspace/quant/.quant312/lib/python3.12/site-packages/nautilus_trader/adapters/interactive_brokers/client/market_data.py:1313> wait_for=<Future pending cb=[Task.task_wakeup()]>>
Task was destroyed but it is pending!
task: <Task pending name='Task-5129' coro=<InteractiveBrokersClientMarketDataMixin._schedule_bar_completion_timeout.<locals>.completion_handler() running at /Users/lindawang/Documents/Workspace/quant/.quant312/lib/python3.12/site-packages/nautilus_trader/adapters/interactive_brokers/client/market_data.py:1313> wait_for=<Future pending cb=[Task.task_wakeup()]>>
Task was destroyed but it is pending!
task: <Task pending name='Task-5131' coro=<InteractiveBrokersClientMarketDataMixin._schedule_bar_completion_timeout.<locals>.completion_handler() running at /Users/lindawang/Documents/Workspace/quant/.quant312/lib/python3.12/site-packages/nautilus_trader/adapters/interactive_brokers/client/market_data.py:1313> wait_for=<Future pending cb=[Task.task_wakeup()]>>
Task was destroyed but it is pending!
task: <Task pending name='Task-5143' coro=<InteractiveBrokersClientMarketDataMixin._schedule_bar_completion_timeout.<locals>.completion_handler() running at /Users/lindawang/Documents/Workspace/quant/.quant312/lib/python3.12/site-packages/nautilus_trader/adapters/interactive_brokers/client/market_data.py:1313> wait_for=<Future pending cb=[Task.task_wakeup()]>>
Task was destroyed but it is pending!
task: <Task pending name='Task-5145' coro=<InteractiveBrokersClientMarketDataMixin._schedule_bar_completion_timeout.<locals>.completion_handler() running at /Users/lindawang/Documents/Workspace/quant/.quant312/lib/python3.12/site-packages/nautilus_trader/adapters/interactive_brokers/client/market_data.py:1313> wait_for=<Future pending cb=[Task.task_wakeup()]>>
Task was destroyed but it is pending!
task: <Task pending name='Task-5147' coro=<InteractiveBrokersClientMarketDataMixin._schedule_bar_completion_timeout.<locals>.completion_handler() running at /Users/lindawang/Documents/Workspace/quant/.quant312/lib/python3.12/site-packages/nautilus_trader/adapters/interactive_brokers/client/market_data.py:1313> wait_for=<Future pending cb=[Task.task_wakeup()]>>
Task was destroyed but it is pending!
task: <Task pending name='Task-5149' coro=<InteractiveBrokersClientMarketDataMixin._schedule_bar_completion_timeout.<locals>.completion_handler() running at /Users/lindawang/Documents/Workspace/quant/.quant312/lib/python3.12/site-packages/nautilus_trader/adapters/interactive_brokers/client/market_data.py:1313> wait_for=<Future pending cb=[Task.task_wakeup()]>>
Task was destroyed but it is pending!
task: <Task pending name='Task-5151' coro=<InteractiveBrokersClientMarketDataMixin._schedule_bar_completion_timeout.<locals>.completion_handler() running at /Users/lindawang/Documents/Workspace/quant/.quant312/lib/python3.12/site-packages/nautilus_trader/adapters/interactive_brokers/client/market_data.py:1313> wait_for=<Future pending cb=[Task.task_wakeup()]>>
Task was destroyed but it is pending!
task: <Task pending name='Task-5163' coro=<InteractiveBrokersClientMarketDataMixin._schedule_bar_completion_timeout.<locals>.completion_handler() running at /Users/lindawang/Documents/Workspace/quant/.quant312/lib/python3.12/site-packages/nautilus_trader/adapters/interactive_brokers/client/market_data.py:1313> wait_for=<Future pending cb=[Task.task_wakeup()]>>
Task was destroyed but it is pending!
task: <Task pending name='Task-5165' coro=<InteractiveBrokersClientMarketDataMixin._schedule_bar_completion_timeout.<locals>.completion_handler() running at /Users/lindawang/Documents/Workspace/quant/.quant312/lib/python3.12/site-packages/nautilus_trader/adapters/interactive_brokers/client/market_data.py:1313> wait_for=<Future pending cb=[Task.task_wakeup()]>>
Task was destroyed but it is pending!
task: <Task pending name='Task-5167' coro=<InteractiveBrokersClientMarketDataMixin._schedule_bar_completion_timeout.<locals>.completion_handler() running at /Users/lindawang/Documents/Workspace/quant/.quant312/lib/python3.12/site-packages/nautilus_trader/adapters/interactive_brokers/client/market_data.py:1313> wait_for=<Future pending cb=[Task.task_wakeup()]>>
Task was destroyed but it is pending!
task: <Task pending name='Task-5169' coro=<InteractiveBrokersClientMarketDataMixin._schedule_bar_completion_timeout.<locals>.completion_handler() running at /Users/lindawang/Documents/Workspace/quant/.quant312/lib/python3.12/site-packages/nautilus_trader/adapters/interactive_brokers/client/market_data.py:1313> wait_for=<Future pending cb=[Task.task_wakeup()]>>
Task was destroyed but it is pending!
task: <Task pending name='Task-5171' coro=<InteractiveBrokersClientMarketDataMixin._schedule_bar_completion_timeout.<locals>.completion_handler() running at /Users/lindawang/Documents/Workspace/quant/.quant312/lib/python3.12/site-packages/nautilus_trader/adapters/interactive_brokers/client/market_data.py:1313> wait_for=<Future pending cb=[Task.task_wakeup()]>>
Task was destroyed but it is pending!
task: <Task pending name='Task-5183' coro=<InteractiveBrokersClientMarketDataMixin._schedule_bar_completion_timeout.<locals>.completion_handler() running at /Users/lindawang/Documents/Workspace/quant/.quant312/lib/python3.12/site-packages/nautilus_trader/adapters/interactive_brokers/client/market_data.py:1313> wait_for=<Future pending cb=[Task.task_wakeup()]>>
Task was destroyed but it is pending!
task: <Task pending name='Task-5185' coro=<InteractiveBrokersClientMarketDataMixin._schedule_bar_completion_timeout.<locals>.completion_handler() running at /Users/lindawang/Documents/Workspace/quant/.quant312/lib/python3.12/site-packages/nautilus_trader/adapters/interactive_brokers/client/market_data.py:1313> wait_for=<Future pending cb=[Task.task_wakeup()]>>
Task was destroyed but it is pending!
task: <Task pending name='Task-5187' coro=<InteractiveBrokersClientMarketDataMixin._schedule_bar_completion_timeout.<locals>.completion_handler() running at /Users/lindawang/Documents/Workspace/quant/.quant312/lib/python3.12/site-packages/nautilus_trader/adapters/interactive_brokers/client/market_data.py:1313> wait_for=<Future pending cb=[Task.task_wakeup()]>>
Task was destroyed but it is pending!
task: <Task pending name='Task-5189' coro=<InteractiveBrokersClientMarketDataMixin._schedule_bar_completion_timeout.<locals>.completion_handler() running at /Users/lindawang/Documents/Workspace/quant/.quant312/lib/python3.12/site-packages/nautilus_trader/adapters/interactive_brokers/client/market_data.py:1313> wait_for=<Future pending cb=[Task.task_wakeup()]>>
Task was destroyed but it is pending!
task: <Task pending name='Task-5191' coro=<InteractiveBrokersClientMarketDataMixin._schedule_bar_completion_timeout.<locals>.completion_handler() running at /Users/lindawang/Documents/Workspace/quant/.quant312/lib/python3.12/site-packages/nautilus_trader/adapters/interactive_brokers/client/market_data.py:1313> wait_for=<Future pending cb=[Task.task_wakeup()]>>
Task was destroyed but it is pending!
task: <Task pending name='Task-5203' coro=<InteractiveBrokersClientMarketDataMixin._schedule_bar_completion_timeout.<locals>.completion_handler() running at /Users/lindawang/Documents/Workspace/quant/.quant312/lib/python3.12/site-packages/nautilus_trader/adapters/interactive_brokers/client/market_data.py:1313> wait_for=<Future pending cb=[Task.task_wakeup()]>>
Task was destroyed but it is pending!
task: <Task pending name='Task-5205' coro=<InteractiveBrokersClientMarketDataMixin._schedule_bar_completion_timeout.<locals>.completion_handler() running at /Users/lindawang/Documents/Workspace/quant/.quant312/lib/python3.12/site-packages/nautilus_trader/adapters/interactive_brokers/client/market_data.py:1313> wait_for=<Future pending cb=[Task.task_wakeup()]>>
Task was destroyed but it is pending!
task: <Task pending name='Task-5207' coro=<InteractiveBrokersClientMarketDataMixin._schedule_bar_completion_timeout.<locals>.completion_handler() running at /Users/lindawang/Documents/Workspace/quant/.quant312/lib/python3.12/site-packages/nautilus_trader/adapters/interactive_brokers/client/market_data.py:1313> wait_for=<Future pending cb=[Task.task_wakeup()]>>
Task was destroyed but it is pending!
task: <Task pending name='Task-5209' coro=<InteractiveBrokersClientMarketDataMixin._schedule_bar_completion_timeout.<locals>.completion_handler() running at /Users/lindawang/Documents/Workspace/quant/.quant312/lib/python3.12/site-packages/nautilus_trader/adapters/interactive_brokers/client/market_data.py:1313> wait_for=<Future pending cb=[Task.task_wakeup()]>>
Task was destroyed but it is pending!
task: <Task pending name='Task-5211' coro=<InteractiveBrokersClientMarketDataMixin._schedule_bar_completion_timeout.<locals>.completion_handler() running at /Users/lindawang/Documents/Workspace/quant/.quant312/lib/python3.12/site-packages/nautilus_trader/adapters/interactive_brokers/client/market_data.py:1313> wait_for=<Future pending cb=[Task.task_wakeup()]>>
Task was destroyed but it is pending!
task: <Task pending name='Task-5223' coro=<InteractiveBrokersClientMarketDataMixin._schedule_bar_completion_timeout.<locals>.completion_handler() running at /Users/lindawang/Documents/Workspace/quant/.quant312/lib/python3.12/site-packages/nautilus_trader/adapters/interactive_brokers/client/market_data.py:1313> wait_for=<Future pending cb=[Task.task_wakeup()]>>
Task was destroyed but it is pending!
task: <Task pending name='Task-5225' coro=<InteractiveBrokersClientMarketDataMixin._schedule_bar_completion_timeout.<locals>.completion_handler() running at /Users/lindawang/Documents/Workspace/quant/.quant312/lib/python3.12/site-packages/nautilus_trader/adapters/interactive_brokers/client/market_data.py:1313> wait_for=<Future pending cb=[Task.task_wakeup()]>>
Task was destroyed but it is pending!
task: <Task pending name='Task-5227' coro=<InteractiveBrokersClientMarketDataMixin._schedule_bar_completion_timeout.<locals>.completion_handler() running at /Users/lindawang/Documents/Workspace/quant/.quant312/lib/python3.12/site-packages/nautilus_trader/adapters/interactive_brokers/client/market_data.py:1313> wait_for=<Future pending cb=[Task.task_wakeup()]>>
Task was destroyed but it is pending!
task: <Task pending name='Task-5229' coro=<InteractiveBrokersClientMarketDataMixin._schedule_bar_completion_timeout.<locals>.completion_handler() running at /Users/lindawang/Documents/Workspace/quant/.quant312/lib/python3.12/site-packages/nautilus_trader/adapters/interactive_brokers/client/market_data.py:1313> wait_for=<Future pending cb=[Task.task_wakeup()]>>
Task was destroyed but it is pending!
task: <Task pending name='Task-5231' coro=<InteractiveBrokersClientMarketDataMixin._schedule_bar_completion_timeout.<locals>.completion_handler() running at /Users/lindawang/Documents/Workspace/quant/.quant312/lib/python3.12/site-packages/nautilus_trader/adapters/interactive_brokers/client/market_data.py:1313> wait_for=<Future pending cb=[Task.task_wakeup()]>>
Task was destroyed but it is pending!
task: <Task pending name='Task-5243' coro=<InteractiveBrokersClientMarketDataMixin._schedule_bar_completion_timeout.<locals>.completion_handler() running at /Users/lindawang/Documents/Workspace/quant/.quant312/lib/python3.12/site-packages/nautilus_trader/adapters/interactive_brokers/client/market_data.py:1313> wait_for=<Future pending cb=[Task.task_wakeup()]>>
Task was destroyed but it is pending!
task: <Task pending name='Task-5245' coro=<InteractiveBrokersClientMarketDataMixin._schedule_bar_completion_timeout.<locals>.completion_handler() running at /Users/lindawang/Documents/Workspace/quant/.quant312/lib/python3.12/site-packages/nautilus_trader/adapters/interactive_brokers/client/market_data.py:1313> wait_for=<Future pending cb=[Task.task_wakeup()]>>
Task was destroyed but it is pending!
task: <Task pending name='Task-5247' coro=<InteractiveBrokersClientMarketDataMixin._schedule_bar_completion_timeout.<locals>.completion_handler() running at /Users/lindawang/Documents/Workspace/quant/.quant312/lib/python3.12/site-packages/nautilus_trader/adapters/interactive_brokers/client/market_data.py:1313> wait_for=<Future pending cb=[Task.task_wakeup()]>>
Task was destroyed but it is pending!
task: <Task pending name='Task-5249' coro=<InteractiveBrokersClientMarketDataMixin._schedule_bar_completion_timeout.<locals>.completion_handler() running at /Users/lindawang/Documents/Workspace/quant/.quant312/lib/python3.12/site-packages/nautilus_trader/adapters/interactive_brokers/client/market_data.py:1313> wait_for=<Future pending cb=[Task.task_wakeup()]>>
Task was destroyed but it is pending!
task: <Task pending name='Task-5251' coro=<InteractiveBrokersClientMarketDataMixin._schedule_bar_completion_timeout.<locals>.completion_handler() running at /Users/lindawang/Documents/Workspace/quant/.quant312/lib/python3.12/site-packages/nautilus_trader/adapters/interactive_brokers/client/market_data.py:1313> wait_for=<Future pending cb=[Task.task_wakeup()]>>
Task was destroyed but it is pending!
task: <Task pending name='Task-5263' coro=<InteractiveBrokersClientMarketDataMixin._schedule_bar_completion_timeout.<locals>.completion_handler() running at /Users/lindawang/Documents/Workspace/quant/.quant312/lib/python3.12/site-packages/nautilus_trader/adapters/interactive_brokers/client/market_data.py:1313> wait_for=<Future pending cb=[Task.task_wakeup()]>>
Task was destroyed but it is pending!
task: <Task pending name='Task-5265' coro=<InteractiveBrokersClientMarketDataMixin._schedule_bar_completion_timeout.<locals>.completion_handler() running at /Users/lindawang/Documents/Workspace/quant/.quant312/lib/python3.12/site-packages/nautilus_trader/adapters/interactive_brokers/client/market_data.py:1313> wait_for=<Future pending cb=[Task.task_wakeup()]>>
Task was destroyed but it is pending!
task: <Task pending name='Task-5267' coro=<InteractiveBrokersClientMarketDataMixin._schedule_bar_completion_timeout.<locals>.completion_handler() running at /Users/lindawang/Documents/Workspace/quant/.quant312/lib/python3.12/site-packages/nautilus_trader/adapters/interactive_brokers/client/market_data.py:1313> wait_for=<Future pending cb=[Task.task_wakeup()]>>
Task was destroyed but it is pending!
task: <Task pending name='Task-5269' coro=<InteractiveBrokersClientMarketDataMixin._schedule_bar_completion_timeout.<locals>.completion_handler() running at /Users/lindawang/Documents/Workspace/quant/.quant312/lib/python3.12/site-packages/nautilus_trader/adapters/interactive_brokers/client/market_data.py:1313> wait_for=<Future pending cb=[Task.task_wakeup()]>>
Task was destroyed but it is pending!
task: <Task pending name='Task-5271' coro=<InteractiveBrokersClientMarketDataMixin._schedule_bar_completion_timeout.<locals>.completion_handler() running at /Users/lindawang/Documents/Workspace/quant/.quant312/lib/python3.12/site-packages/nautilus_trader/adapters/interactive_brokers/client/market_data.py:1313> wait_for=<Future pending cb=[Task.task_wakeup()]>>
Task was destroyed but it is pending!
task: <Task pending name='Task-5283' coro=<InteractiveBrokersClientMarketDataMixin._schedule_bar_completion_timeout.<locals>.completion_handler() running at /Users/lindawang/Documents/Workspace/quant/.quant312/lib/python3.12/site-packages/nautilus_trader/adapters/interactive_brokers/client/market_data.py:1313> wait_for=<Future pending cb=[Task.task_wakeup()]>>
Task was destroyed but it is pending!
task: <Task pending name='Task-5285' coro=<InteractiveBrokersClientMarketDataMixin._schedule_bar_completion_timeout.<locals>.completion_handler() running at /Users/lindawang/Documents/Workspace/quant/.quant312/lib/python3.12/site-packages/nautilus_trader/adapters/interactive_brokers/client/market_data.py:1313> wait_for=<Future pending cb=[Task.task_wakeup()]>>
Task was destroyed but it is pending!
task: <Task pending name='Task-5287' coro=<InteractiveBrokersClientMarketDataMixin._schedule_bar_completion_timeout.<locals>.completion_handler() running at /Users/lindawang/Documents/Workspace/quant/.quant312/lib/python3.12/site-packages/nautilus_trader/adapters/interactive_brokers/client/market_data.py:1313> wait_for=<Future pending cb=[Task.task_wakeup()]>>
Task was destroyed but it is pending!
task: <Task pending name='Task-5289' coro=<InteractiveBrokersClientMarketDataMixin._schedule_bar_completion_timeout.<locals>.completion_handler() running at /Users/lindawang/Documents/Workspace/quant/.quant312/lib/python3.12/site-packages/nautilus_trader/adapters/interactive_brokers/client/market_data.py:1313> wait_for=<Future pending cb=[Task.task_wakeup()]>>
Task was destroyed but it is pending!
task: <Task pending name='Task-5291' coro=<InteractiveBrokersClientMarketDataMixin._schedule_bar_completion_timeout.<locals>.completion_handler() running at /Users/lindawang/Documents/Workspace/quant/.quant312/lib/python3.12/site-packages/nautilus_trader/adapters/interactive_brokers/client/market_data.py:1313> wait_for=<Future pending cb=[Task.task_wakeup()]>>
Task was destroyed but it is pending!
task: <Task pending name='Task-5303' coro=<InteractiveBrokersClientMarketDataMixin._schedule_bar_completion_timeout.<locals>.completion_handler() running at /Users/lindawang/Documents/Workspace/quant/.quant312/lib/python3.12/site-packages/nautilus_trader/adapters/interactive_brokers/client/market_data.py:1313> wait_for=<Future pending cb=[Task.task_wakeup()]>>
Task was destroyed but it is pending!
task: <Task pending name='Task-5305' coro=<InteractiveBrokersClientMarketDataMixin._schedule_bar_completion_timeout.<locals>.completion_handler() running at /Users/lindawang/Documents/Workspace/quant/.quant312/lib/python3.12/site-packages/nautilus_trader/adapters/interactive_brokers/client/market_data.py:1313> wait_for=<Future pending cb=[Task.task_wakeup()]>>
Task was destroyed but it is pending!
task: <Task pending name='Task-5307' coro=<InteractiveBrokersClientMarketDataMixin._schedule_bar_completion_timeout.<locals>.completion_handler() running at /Users/lindawang/Documents/Workspace/quant/.quant312/lib/python3.12/site-packages/nautilus_trader/adapters/interactive_brokers/client/market_data.py:1313> wait_for=<Future pending cb=[Task.task_wakeup()]>>
Task was destroyed but it is pending!
task: <Task pending name='Task-5309' coro=<InteractiveBrokersClientMarketDataMixin._schedule_bar_completion_timeout.<locals>.completion_handler() running at /Users/lindawang/Documents/Workspace/quant/.quant312/lib/python3.12/site-packages/nautilus_trader/adapters/interactive_brokers/client/market_data.py:1313> wait_for=<Future pending cb=[Task.task_wakeup()]>>
Task was destroyed but it is pending!
task: <Task pending name='Task-5311' coro=<InteractiveBrokersClientMarketDataMixin._schedule_bar_completion_timeout.<locals>.completion_handler() running at /Users/lindawang/Documents/Workspace/quant/.quant312/lib/python3.12/site-packages/nautilus_trader/adapters/interactive_brokers/client/market_data.py:1313> wait_for=<Future pending cb=[Task.task_wakeup()]>>
Task was destroyed but it is pending!
task: <Task pending name='Task-5323' coro=<InteractiveBrokersClientMarketDataMixin._schedule_bar_completion_timeout.<locals>.completion_handler() running at /Users/lindawang/Documents/Workspace/quant/.quant312/lib/python3.12/site-packages/nautilus_trader/adapters/interactive_brokers/client/market_data.py:1313> wait_for=<Future pending cb=[Task.task_wakeup()]>>
Task was destroyed but it is pending!
task: <Task pending name='Task-5325' coro=<InteractiveBrokersClientMarketDataMixin._schedule_bar_completion_timeout.<locals>.completion_handler() running at /Users/lindawang/Documents/Workspace/quant/.quant312/lib/python3.12/site-packages/nautilus_trader/adapters/interactive_brokers/client/market_data.py:1313> wait_for=<Future pending cb=[Task.task_wakeup()]>>
Task was destroyed but it is pending!
task: <Task pending name='Task-5327' coro=<InteractiveBrokersClientMarketDataMixin._schedule_bar_completion_timeout.<locals>.completion_handler() running at /Users/lindawang/Documents/Workspace/quant/.quant312/lib/python3.12/site-packages/nautilus_trader/adapters/interactive_brokers/client/market_data.py:1313> wait_for=<Future pending cb=[Task.task_wakeup()]>>
Task was destroyed but it is pending!
task: <Task pending name='Task-5329' coro=<InteractiveBrokersClientMarketDataMixin._schedule_bar_completion_timeout.<locals>.completion_handler() running at /Users/lindawang/Documents/Workspace/quant/.quant312/lib/python3.12/site-packages/nautilus_trader/adapters/interactive_brokers/client/market_data.py:1313> wait_for=<Future pending cb=[Task.task_wakeup()]>>
Task was destroyed but it is pending!
task: <Task pending name='Task-5331' coro=<InteractiveBrokersClientMarketDataMixin._schedule_bar_completion_timeout.<locals>.completion_handler() running at /Users/lindawang/Documents/Workspace/quant/.quant312/lib/python3.12/site-packages/nautilus_trader/adapters/interactive_brokers/client/market_data.py:1313> wait_for=<Future pending cb=[Task.task_wakeup()]>>
Task was destroyed but it is pending!
task: <Task pending name='Task-5343' coro=<InteractiveBrokersClientMarketDataMixin._schedule_bar_completion_timeout.<locals>.completion_handler() running at /Users/lindawang/Documents/Workspace/quant/.quant312/lib/python3.12/site-packages/nautilus_trader/adapters/interactive_brokers/client/market_data.py:1313> wait_for=<Future pending cb=[Task.task_wakeup()]>>
Task was destroyed but it is pending!
task: <Task pending name='Task-5345' coro=<InteractiveBrokersClientMarketDataMixin._schedule_bar_completion_timeout.<locals>.completion_handler() running at /Users/lindawang/Documents/Workspace/quant/.quant312/lib/python3.12/site-packages/nautilus_trader/adapters/interactive_brokers/client/market_data.py:1313> wait_for=<Future pending cb=[Task.task_wakeup()]>>
Task was destroyed but it is pending!
task: <Task pending name='Task-5347' coro=<InteractiveBrokersClientMarketDataMixin._schedule_bar_completion_timeout.<locals>.completion_handler() running at /Users/lindawang/Documents/Workspace/quant/.quant312/lib/python3.12/site-packages/nautilus_trader/adapters/interactive_brokers/client/market_data.py:1313> wait_for=<Future pending cb=[Task.task_wakeup()]>>
Task was destroyed but it is pending!
task: <Task pending name='Task-5349' coro=<InteractiveBrokersClientMarketDataMixin._schedule_bar_completion_timeout.<locals>.completion_handler() running at /Users/lindawang/Documents/Workspace/quant/.quant312/lib/python3.12/site-packages/nautilus_trader/adapters/interactive_brokers/client/market_data.py:1313> wait_for=<Future pending cb=[Task.task_wakeup()]>>
Task was destroyed but it is pending!
task: <Task pending name='Task-5351' coro=<InteractiveBrokersClientMarketDataMixin._schedule_bar_completion_timeout.<locals>.completion_handler() running at /Users/lindawang/Documents/Workspace/quant/.quant312/lib/python3.12/site-packages/nautilus_trader/adapters/interactive_brokers/client/market_data.py:1313> wait_for=<Future pending cb=[Task.task_wakeup()]>>
Task was destroyed but it is pending!
task: <Task pending name='Task-5364' coro=<InteractiveBrokersClientMarketDataMixin._schedule_bar_completion_timeout.<locals>.completion_handler() running at /Users/lindawang/Documents/Workspace/quant/.quant312/lib/python3.12/site-packages/nautilus_trader/adapters/interactive_brokers/client/market_data.py:1313> wait_for=<Future pending cb=[Task.task_wakeup()]>>
Task was destroyed but it is pending!
task: <Task pending name='Task-5366' coro=<InteractiveBrokersClientMarketDataMixin._schedule_bar_completion_timeout.<locals>.completion_handler() running at /Users/lindawang/Documents/Workspace/quant/.quant312/lib/python3.12/site-packages/nautilus_trader/adapters/interactive_brokers/client/market_data.py:1313> wait_for=<Future pending cb=[Task.task_wakeup()]>>
Task was destroyed but it is pending!
task: <Task pending name='Task-5368' coro=<InteractiveBrokersClientMarketDataMixin._schedule_bar_completion_timeout.<locals>.completion_handler() running at /Users/lindawang/Documents/Workspace/quant/.quant312/lib/python3.12/site-packages/nautilus_trader/adapters/interactive_brokers/client/market_data.py:1313> wait_for=<Future pending cb=[Task.task_wakeup()]>>
Task was destroyed but it is pending!
task: <Task pending name='Task-5370' coro=<InteractiveBrokersClientMarketDataMixin._schedule_bar_completion_timeout.<locals>.completion_handler() running at /Users/lindawang/Documents/Workspace/quant/.quant312/lib/python3.12/site-packages/nautilus_trader/adapters/interactive_brokers/client/market_data.py:1313> wait_for=<Future pending cb=[Task.task_wakeup()]>>
Task was destroyed but it is pending!
task: <Task pending name='Task-5372' coro=<InteractiveBrokersClientMarketDataMixin._schedule_bar_completion_timeout.<locals>.completion_handler() running at /Users/lindawang/Documents/Workspace/quant/.quant312/lib/python3.12/site-packages/nautilus_trader/adapters/interactive_brokers/client/market_data.py:1313> wait_for=<Future pending cb=[Task.task_wakeup()]>>
Task was destroyed but it is pending!
task: <Task pending name='Task-5384' coro=<InteractiveBrokersClientMarketDataMixin._schedule_bar_completion_timeout.<locals>.completion_handler() running at /Users/lindawang/Documents/Workspace/quant/.quant312/lib/python3.12/site-packages/nautilus_trader/adapters/interactive_brokers/client/market_data.py:1313> wait_for=<Future pending cb=[Task.task_wakeup()]>>
Task was destroyed but it is pending!
task: <Task pending name='Task-5386' coro=<InteractiveBrokersClientMarketDataMixin._schedule_bar_completion_timeout.<locals>.completion_handler() running at /Users/lindawang/Documents/Workspace/quant/.quant312/lib/python3.12/site-packages/nautilus_trader/adapters/interactive_brokers/client/market_data.py:1313> wait_for=<Future pending cb=[Task.task_wakeup()]>>
Task was destroyed but it is pending!
task: <Task pending name='Task-5388' coro=<InteractiveBrokersClientMarketDataMixin._schedule_bar_completion_timeout.<locals>.completion_handler() running at /Users/lindawang/Documents/Workspace/quant/.quant312/lib/python3.12/site-packages/nautilus_trader/adapters/interactive_brokers/client/market_data.py:1313> wait_for=<Future pending cb=[Task.task_wakeup()]>>
Task was destroyed but it is pending!
task: <Task pending name='Task-5390' coro=<InteractiveBrokersClientMarketDataMixin._schedule_bar_completion_timeout.<locals>.completion_handler() running at /Users/lindawang/Documents/Workspace/quant/.quant312/lib/python3.12/site-packages/nautilus_trader/adapters/interactive_brokers/client/market_data.py:1313> wait_for=<Future pending cb=[Task.task_wakeup()]>>
Task was destroyed but it is pending!
task: <Task pending name='Task-5392' coro=<InteractiveBrokersClientMarketDataMixin._schedule_bar_completion_timeout.<locals>.completion_handler() running at /Users/lindawang/Documents/Workspace/quant/.quant312/lib/python3.12/site-packages/nautilus_trader/adapters/interactive_brokers/client/market_data.py:1313> wait_for=<Future pending cb=[Task.task_wakeup()]>>
Task was destroyed but it is pending!
task: <Task pending name='Task-5404' coro=<InteractiveBrokersClientMarketDataMixin._schedule_bar_completion_timeout.<locals>.completion_handler() running at /Users/lindawang/Documents/Workspace/quant/.quant312/lib/python3.12/site-packages/nautilus_trader/adapters/interactive_brokers/client/market_data.py:1313> wait_for=<Future pending cb=[Task.task_wakeup()]>>
Task was destroyed but it is pending!
task: <Task pending name='Task-5406' coro=<InteractiveBrokersClientMarketDataMixin._schedule_bar_completion_timeout.<locals>.completion_handler() running at /Users/lindawang/Documents/Workspace/quant/.quant312/lib/python3.12/site-packages/nautilus_trader/adapters/interactive_brokers/client/market_data.py:1313> wait_for=<Future pending cb=[Task.task_wakeup()]>>
Task was destroyed but it is pending!
task: <Task pending name='Task-5408' coro=<InteractiveBrokersClientMarketDataMixin._schedule_bar_completion_timeout.<locals>.completion_handler() running at /Users/lindawang/Documents/Workspace/quant/.quant312/lib/python3.12/site-packages/nautilus_trader/adapters/interactive_brokers/client/market_data.py:1313> wait_for=<Future pending cb=[Task.task_wakeup()]>>
Task was destroyed but it is pending!
task: <Task pending name='Task-5410' coro=<InteractiveBrokersClientMarketDataMixin._schedule_bar_completion_timeout.<locals>.completion_handler() running at /Users/lindawang/Documents/Workspace/quant/.quant312/lib/python3.12/site-packages/nautilus_trader/adapters/interactive_brokers/client/market_data.py:1313> wait_for=<Future pending cb=[Task.task_wakeup()]>>
Task was destroyed but it is pending!
task: <Task pending name='Task-5412' coro=<InteractiveBrokersClientMarketDataMixin._schedule_bar_completion_timeout.<locals>.completion_handler() running at /Users/lindawang/Documents/Workspace/quant/.quant312/lib/python3.12/site-packages/nautilus_trader/adapters/interactive_brokers/client/market_data.py:1313> wait_for=<Future pending cb=[Task.task_wakeup()]>>
Task was destroyed but it is pending!
task: <Task pending name='Task-5424' coro=<InteractiveBrokersClientMarketDataMixin._schedule_bar_completion_timeout.<locals>.completion_handler() running at /Users/lindawang/Documents/Workspace/quant/.quant312/lib/python3.12/site-packages/nautilus_trader/adapters/interactive_brokers/client/market_data.py:1313> wait_for=<Future pending cb=[Task.task_wakeup()]>>
Task was destroyed but it is pending!
task: <Task pending name='Task-5426' coro=<InteractiveBrokersClientMarketDataMixin._schedule_bar_completion_timeout.<locals>.completion_handler() running at /Users/lindawang/Documents/Workspace/quant/.quant312/lib/python3.12/site-packages/nautilus_trader/adapters/interactive_brokers/client/market_data.py:1313> wait_for=<Future pending cb=[Task.task_wakeup()]>>
Task was destroyed but it is pending!
task: <Task pending name='Task-5428' coro=<InteractiveBrokersClientMarketDataMixin._schedule_bar_completion_timeout.<locals>.completion_handler() running at /Users/lindawang/Documents/Workspace/quant/.quant312/lib/python3.12/site-packages/nautilus_trader/adapters/interactive_brokers/client/market_data.py:1313> wait_for=<Future pending cb=[Task.task_wakeup()]>>
Task was destroyed but it is pending!
task: <Task pending name='Task-5430' coro=<InteractiveBrokersClientMarketDataMixin._schedule_bar_completion_timeout.<locals>.completion_handler() running at /Users/lindawang/Documents/Workspace/quant/.quant312/lib/python3.12/site-packages/nautilus_trader/adapters/interactive_brokers/client/market_data.py:1313> wait_for=<Future pending cb=[Task.task_wakeup()]>>
Task was destroyed but it is pending!
task: <Task pending name='Task-5432' coro=<InteractiveBrokersClientMarketDataMixin._schedule_bar_completion_timeout.<locals>.completion_handler() running at /Users/lindawang/Documents/Workspace/quant/.quant312/lib/python3.12/site-packages/nautilus_trader/adapters/interactive_brokers/client/market_data.py:1313> wait_for=<Future pending cb=[Task.task_wakeup()]>>
Task was destroyed but it is pending!
task: <Task pending name='Task-5444' coro=<InteractiveBrokersClientMarketDataMixin._schedule_bar_completion_timeout.<locals>.completion_handler() running at /Users/lindawang/Documents/Workspace/quant/.quant312/lib/python3.12/site-packages/nautilus_trader/adapters/interactive_brokers/client/market_data.py:1313> wait_for=<Future pending cb=[Task.task_wakeup()]>>
Task was destroyed but it is pending!
task: <Task pending name='Task-5446' coro=<InteractiveBrokersClientMarketDataMixin._schedule_bar_completion_timeout.<locals>.completion_handler() running at /Users/lindawang/Documents/Workspace/quant/.quant312/lib/python3.12/site-packages/nautilus_trader/adapters/interactive_brokers/client/market_data.py:1313> wait_for=<Future pending cb=[Task.task_wakeup()]>>
Task was destroyed but it is pending!
task: <Task pending name='Task-5448' coro=<InteractiveBrokersClientMarketDataMixin._schedule_bar_completion_timeout.<locals>.completion_handler() running at /Users/lindawang/Documents/Workspace/quant/.quant312/lib/python3.12/site-packages/nautilus_trader/adapters/interactive_brokers/client/market_data.py:1313> wait_for=<Future pending cb=[Task.task_wakeup()]>>
Task was destroyed but it is pending!
task: <Task pending name='Task-5450' coro=<InteractiveBrokersClientMarketDataMixin._schedule_bar_completion_timeout.<locals>.completion_handler() running at /Users/lindawang/Documents/Workspace/quant/.quant312/lib/python3.12/site-packages/nautilus_trader/adapters/interactive_brokers/client/market_data.py:1313> wait_for=<Future pending cb=[Task.task_wakeup()]>>
Task was destroyed but it is pending!
task: <Task pending name='Task-5452' coro=<InteractiveBrokersClientMarketDataMixin._schedule_bar_completion_timeout.<locals>.completion_handler() running at /Users/lindawang/Documents/Workspace/quant/.quant312/lib/python3.12/site-packages/nautilus_trader/adapters/interactive_brokers/client/market_data.py:1313> wait_for=<Future pending cb=[Task.task_wakeup()]>>
Task was destroyed but it is pending!
task: <Task pending name='Task-5464' coro=<InteractiveBrokersClientMarketDataMixin._schedule_bar_completion_timeout.<locals>.completion_handler() running at /Users/lindawang/Documents/Workspace/quant/.quant312/lib/python3.12/site-packages/nautilus_trader/adapters/interactive_brokers/client/market_data.py:1313> wait_for=<Future pending cb=[Task.task_wakeup()]>>
Task was destroyed but it is pending!
task: <Task pending name='Task-5466' coro=<InteractiveBrokersClientMarketDataMixin._schedule_bar_completion_timeout.<locals>.completion_handler() running at /Users/lindawang/Documents/Workspace/quant/.quant312/lib/python3.12/site-packages/nautilus_trader/adapters/interactive_brokers/client/market_data.py:1313> wait_for=<Future pending cb=[Task.task_wakeup()]>>
Task was destroyed but it is pending!
task: <Task pending name='Task-5468' coro=<InteractiveBrokersClientMarketDataMixin._schedule_bar_completion_timeout.<locals>.completion_handler() running at /Users/lindawang/Documents/Workspace/quant/.quant312/lib/python3.12/site-packages/nautilus_trader/adapters/interactive_brokers/client/market_data.py:1313> wait_for=<Future pending cb=[Task.task_wakeup()]>>
Task was destroyed but it is pending!
task: <Task pending name='Task-5470' coro=<InteractiveBrokersClientMarketDataMixin._schedule_bar_completion_timeout.<locals>.completion_handler() running at /Users/lindawang/Documents/Workspace/quant/.quant312/lib/python3.12/site-packages/nautilus_trader/adapters/interactive_brokers/client/market_data.py:1313> wait_for=<Future pending cb=[Task.task_wakeup()]>>
Task was destroyed but it is pending!
task: <Task pending name='Task-5472' coro=<InteractiveBrokersClientMarketDataMixin._schedule_bar_completion_timeout.<locals>.completion_handler() running at /Users/lindawang/Documents/Workspace/quant/.quant312/lib/python3.12/site-packages/nautilus_trader/adapters/interactive_brokers/client/market_data.py:1313> wait_for=<Future pending cb=[Task.task_wakeup()]>>
Task was destroyed but it is pending!
task: <Task pending name='Task-5484' coro=<InteractiveBrokersClientMarketDataMixin._schedule_bar_completion_timeout.<locals>.completion_handler() running at /Users/lindawang/Documents/Workspace/quant/.quant312/lib/python3.12/site-packages/nautilus_trader/adapters/interactive_brokers/client/market_data.py:1313> wait_for=<Future pending cb=[Task.task_wakeup()]>>
Task was destroyed but it is pending!
task: <Task pending name='Task-5486' coro=<InteractiveBrokersClientMarketDataMixin._schedule_bar_completion_timeout.<locals>.completion_handler() running at /Users/lindawang/Documents/Workspace/quant/.quant312/lib/python3.12/site-packages/nautilus_trader/adapters/interactive_brokers/client/market_data.py:1313> wait_for=<Future pending cb=[Task.task_wakeup()]>>
Task was destroyed but it is pending!
task: <Task pending name='Task-5488' coro=<InteractiveBrokersClientMarketDataMixin._schedule_bar_completion_timeout.<locals>.completion_handler() running at /Users/lindawang/Documents/Workspace/quant/.quant312/lib/python3.12/site-packages/nautilus_trader/adapters/interactive_brokers/client/market_data.py:1313> wait_for=<Future pending cb=[Task.task_wakeup()]>>
Task was destroyed but it is pending!
task: <Task pending name='Task-5490' coro=<InteractiveBrokersClientMarketDataMixin._schedule_bar_completion_timeout.<locals>.completion_handler() running at /Users/lindawang/Documents/Workspace/quant/.quant312/lib/python3.12/site-packages/nautilus_trader/adapters/interactive_brokers/client/market_data.py:1313> wait_for=<Future pending cb=[Task.task_wakeup()]>>
Task was destroyed but it is pending!
task: <Task pending name='Task-5492' coro=<InteractiveBrokersClientMarketDataMixin._schedule_bar_completion_timeout.<locals>.completion_handler() running at /Users/lindawang/Documents/Workspace/quant/.quant312/lib/python3.12/site-packages/nautilus_trader/adapters/interactive_brokers/client/market_data.py:1313> wait_for=<Future pending cb=[Task.task_wakeup()]>>
Task was destroyed but it is pending!
task: <Task pending name='Task-5504' coro=<InteractiveBrokersClientMarketDataMixin._schedule_bar_completion_timeout.<locals>.completion_handler() running at /Users/lindawang/Documents/Workspace/quant/.quant312/lib/python3.12/site-packages/nautilus_trader/adapters/interactive_brokers/client/market_data.py:1313> wait_for=<Future pending cb=[Task.task_wakeup()]>>
Task was destroyed but it is pending!
task: <Task pending name='Task-5506' coro=<InteractiveBrokersClientMarketDataMixin._schedule_bar_completion_timeout.<locals>.completion_handler() running at /Users/lindawang/Documents/Workspace/quant/.quant312/lib/python3.12/site-packages/nautilus_trader/adapters/interactive_brokers/client/market_data.py:1313> wait_for=<Future pending cb=[Task.task_wakeup()]>>
Task was destroyed but it is pending!
task: <Task pending name='Task-5508' coro=<InteractiveBrokersClientMarketDataMixin._schedule_bar_completion_timeout.<locals>.completion_handler() running at /Users/lindawang/Documents/Workspace/quant/.quant312/lib/python3.12/site-packages/nautilus_trader/adapters/interactive_brokers/client/market_data.py:1313> wait_for=<Future pending cb=[Task.task_wakeup()]>>
Task was destroyed but it is pending!
task: <Task pending name='Task-5510' coro=<InteractiveBrokersClientMarketDataMixin._schedule_bar_completion_timeout.<locals>.completion_handler() running at /Users/lindawang/Documents/Workspace/quant/.quant312/lib/python3.12/site-packages/nautilus_trader/adapters/interactive_brokers/client/market_data.py:1313> wait_for=<Future pending cb=[Task.task_wakeup()]>>
Task was destroyed but it is pending!
task: <Task pending name='Task-5512' coro=<InteractiveBrokersClientMarketDataMixin._schedule_bar_completion_timeout.<locals>.completion_handler() running at /Users/lindawang/Documents/Workspace/quant/.quant312/lib/python3.12/site-packages/nautilus_trader/adapters/interactive_brokers/client/market_data.py:1313> wait_for=<Future pending cb=[Task.task_wakeup()]>>
Task was destroyed but it is pending!
task: <Task pending name='Task-5524' coro=<InteractiveBrokersClientMarketDataMixin._schedule_bar_completion_timeout.<locals>.completion_handler() running at /Users/lindawang/Documents/Workspace/quant/.quant312/lib/python3.12/site-packages/nautilus_trader/adapters/interactive_brokers/client/market_data.py:1313> wait_for=<Future pending cb=[Task.task_wakeup()]>>
Task was destroyed but it is pending!
task: <Task pending name='Task-5526' coro=<InteractiveBrokersClientMarketDataMixin._schedule_bar_completion_timeout.<locals>.completion_handler() running at /Users/lindawang/Documents/Workspace/quant/.quant312/lib/python3.12/site-packages/nautilus_trader/adapters/interactive_brokers/client/market_data.py:1313> wait_for=<Future pending cb=[Task.task_wakeup()]>>
Task was destroyed but it is pending!
task: <Task pending name='Task-5528' coro=<InteractiveBrokersClientMarketDataMixin._schedule_bar_completion_timeout.<locals>.completion_handler() running at /Users/lindawang/Documents/Workspace/quant/.quant312/lib/python3.12/site-packages/nautilus_trader/adapters/interactive_brokers/client/market_data.py:1313> wait_for=<Future pending cb=[Task.task_wakeup()]>>
Task was destroyed but it is pending!
task: <Task pending name='Task-5530' coro=<InteractiveBrokersClientMarketDataMixin._schedule_bar_completion_timeout.<locals>.completion_handler() running at /Users/lindawang/Documents/Workspace/quant/.quant312/lib/python3.12/site-packages/nautilus_trader/adapters/interactive_brokers/client/market_data.py:1313> wait_for=<Future pending cb=[Task.task_wakeup()]>>
Task was destroyed but it is pending!
task: <Task pending name='Task-5532' coro=<InteractiveBrokersClientMarketDataMixin._schedule_bar_completion_timeout.<locals>.completion_handler() running at /Users/lindawang/Documents/Workspace/quant/.quant312/lib/python3.12/site-packages/nautilus_trader/adapters/interactive_brokers/client/market_data.py:1313> wait_for=<Future pending cb=[Task.task_wakeup()]>>
Task was destroyed but it is pending!
task: <Task pending name='Task-5544' coro=<InteractiveBrokersClientMarketDataMixin._schedule_bar_completion_timeout.<locals>.completion_handler() running at /Users/lindawang/Documents/Workspace/quant/.quant312/lib/python3.12/site-packages/nautilus_trader/adapters/interactive_brokers/client/market_data.py:1313> wait_for=<Future pending cb=[Task.task_wakeup()]>>
Task was destroyed but it is pending!
task: <Task pending name='Task-5546' coro=<InteractiveBrokersClientMarketDataMixin._schedule_bar_completion_timeout.<locals>.completion_handler() running at /Users/lindawang/Documents/Workspace/quant/.quant312/lib/python3.12/site-packages/nautilus_trader/adapters/interactive_brokers/client/market_data.py:1313> wait_for=<Future pending cb=[Task.task_wakeup()]>>
Task was destroyed but it is pending!
task: <Task pending name='Task-5548' coro=<InteractiveBrokersClientMarketDataMixin._schedule_bar_completion_timeout.<locals>.completion_handler() running at /Users/lindawang/Documents/Workspace/quant/.quant312/lib/python3.12/site-packages/nautilus_trader/adapters/interactive_brokers/client/market_data.py:1313> wait_for=<Future pending cb=[Task.task_wakeup()]>>
Task was destroyed but it is pending!
task: <Task pending name='Task-5550' coro=<InteractiveBrokersClientMarketDataMixin._schedule_bar_completion_timeout.<locals>.completion_handler() running at /Users/lindawang/Documents/Workspace/quant/.quant312/lib/python3.12/site-packages/nautilus_trader/adapters/interactive_brokers/client/market_data.py:1313> wait_for=<Future pending cb=[Task.task_wakeup()]>>
Task was destroyed but it is pending!
task: <Task pending name='Task-5552' coro=<InteractiveBrokersClientMarketDataMixin._schedule_bar_completion_timeout.<locals>.completion_handler() running at /Users/lindawang/Documents/Workspace/quant/.quant312/lib/python3.12/site-packages/nautilus_trader/adapters/interactive_brokers/client/market_data.py:1313> wait_for=<Future pending cb=[Task.task_wakeup()]>>
Task was destroyed but it is pending!
task: <Task pending name='Task-5564' coro=<InteractiveBrokersClientMarketDataMixin._schedule_bar_completion_timeout.<locals>.completion_handler() running at /Users/lindawang/Documents/Workspace/quant/.quant312/lib/python3.12/site-packages/nautilus_trader/adapters/interactive_brokers/client/market_data.py:1313> wait_for=<Future pending cb=[Task.task_wakeup()]>>
Task was destroyed but it is pending!
task: <Task pending name='Task-5566' coro=<InteractiveBrokersClientMarketDataMixin._schedule_bar_completion_timeout.<locals>.completion_handler() running at /Users/lindawang/Documents/Workspace/quant/.quant312/lib/python3.12/site-packages/nautilus_trader/adapters/interactive_brokers/client/market_data.py:1313> wait_for=<Future pending cb=[Task.task_wakeup()]>>
Task was destroyed but it is pending!
task: <Task pending name='Task-5568' coro=<InteractiveBrokersClientMarketDataMixin._schedule_bar_completion_timeout.<locals>.completion_handler() running at /Users/lindawang/Documents/Workspace/quant/.quant312/lib/python3.12/site-packages/nautilus_trader/adapters/interactive_brokers/client/market_data.py:1313> wait_for=<Future pending cb=[Task.task_wakeup()]>>
Task was destroyed but it is pending!
task: <Task pending name='Task-5570' coro=<InteractiveBrokersClientMarketDataMixin._schedule_bar_completion_timeout.<locals>.completion_handler() running at /Users/lindawang/Documents/Workspace/quant/.quant312/lib/python3.12/site-packages/nautilus_trader/adapters/interactive_brokers/client/market_data.py:1313> wait_for=<Future pending cb=[Task.task_wakeup()]>>
Task was destroyed but it is pending!
task: <Task pending name='Task-5572' coro=<InteractiveBrokersClientMarketDataMixin._schedule_bar_completion_timeout.<locals>.completion_handler() running at /Users/lindawang/Documents/Workspace/quant/.quant312/lib/python3.12/site-packages/nautilus_trader/adapters/interactive_brokers/client/market_data.py:1313> wait_for=<Future pending cb=[Task.task_wakeup()]>>
Task was destroyed but it is pending!
task: <Task pending name='Task-5584' coro=<InteractiveBrokersClientMarketDataMixin._schedule_bar_completion_timeout.<locals>.completion_handler() running at /Users/lindawang/Documents/Workspace/quant/.quant312/lib/python3.12/site-packages/nautilus_trader/adapters/interactive_brokers/client/market_data.py:1313> wait_for=<Future pending cb=[Task.task_wakeup()]>>
Task was destroyed but it is pending!
task: <Task pending name='Task-5586' coro=<InteractiveBrokersClientMarketDataMixin._schedule_bar_completion_timeout.<locals>.completion_handler() running at /Users/lindawang/Documents/Workspace/quant/.quant312/lib/python3.12/site-packages/nautilus_trader/adapters/interactive_brokers/client/market_data.py:1313> wait_for=<Future pending cb=[Task.task_wakeup()]>>
Task was destroyed but it is pending!
task: <Task pending name='Task-5588' coro=<InteractiveBrokersClientMarketDataMixin._schedule_bar_completion_timeout.<locals>.completion_handler() running at /Users/lindawang/Documents/Workspace/quant/.quant312/lib/python3.12/site-packages/nautilus_trader/adapters/interactive_brokers/client/market_data.py:1313> wait_for=<Future pending cb=[Task.task_wakeup()]>>
Task was destroyed but it is pending!
task: <Task pending name='Task-5590' coro=<InteractiveBrokersClientMarketDataMixin._schedule_bar_completion_timeout.<locals>.completion_handler() running at /Users/lindawang/Documents/Workspace/quant/.quant312/lib/python3.12/site-packages/nautilus_trader/adapters/interactive_brokers/client/market_data.py:1313> wait_for=<Future pending cb=[Task.task_wakeup()]>>
Task was destroyed but it is pending!
task: <Task pending name='Task-5592' coro=<InteractiveBrokersClientMarketDataMixin._schedule_bar_completion_timeout.<locals>.completion_handler() running at /Users/lindawang/Documents/Workspace/quant/.quant312/lib/python3.12/site-packages/nautilus_trader/adapters/interactive_brokers/client/market_data.py:1313> wait_for=<Future pending cb=[Task.task_wakeup()]>>
Task was destroyed but it is pending!
task: <Task pending name='Task-5604' coro=<InteractiveBrokersClientMarketDataMixin._schedule_bar_completion_timeout.<locals>.completion_handler() running at /Users/lindawang/Documents/Workspace/quant/.quant312/lib/python3.12/site-packages/nautilus_trader/adapters/interactive_brokers/client/market_data.py:1313> wait_for=<Future pending cb=[Task.task_wakeup()]>>
Task was destroyed but it is pending!
task: <Task pending name='Task-5606' coro=<InteractiveBrokersClientMarketDataMixin._schedule_bar_completion_timeout.<locals>.completion_handler() running at /Users/lindawang/Documents/Workspace/quant/.quant312/lib/python3.12/site-packages/nautilus_trader/adapters/interactive_brokers/client/market_data.py:1313> wait_for=<Future pending cb=[Task.task_wakeup()]>>
Task was destroyed but it is pending!
task: <Task pending name='Task-5608' coro=<InteractiveBrokersClientMarketDataMixin._schedule_bar_completion_timeout.<locals>.completion_handler() running at /Users/lindawang/Documents/Workspace/quant/.quant312/lib/python3.12/site-packages/nautilus_trader/adapters/interactive_brokers/client/market_data.py:1313> wait_for=<Future pending cb=[Task.task_wakeup()]>>
Task was destroyed but it is pending!
task: <Task pending name='Task-5610' coro=<InteractiveBrokersClientMarketDataMixin._schedule_bar_completion_timeout.<locals>.completion_handler() running at /Users/lindawang/Documents/Workspace/quant/.quant312/lib/python3.12/site-packages/nautilus_trader/adapters/interactive_brokers/client/market_data.py:1313> wait_for=<Future pending cb=[Task.task_wakeup()]>>
Task was destroyed but it is pending!
task: <Task pending name='Task-5612' coro=<InteractiveBrokersClientMarketDataMixin._schedule_bar_completion_timeout.<locals>.completion_handler() running at /Users/lindawang/Documents/Workspace/quant/.quant312/lib/python3.12/site-packages/nautilus_trader/adapters/interactive_brokers/client/market_data.py:1313> wait_for=<Future pending cb=[Task.task_wakeup()]>>
Task was destroyed but it is pending!
task: <Task pending name='Task-5624' coro=<InteractiveBrokersClientMarketDataMixin._schedule_bar_completion_timeout.<locals>.completion_handler() running at /Users/lindawang/Documents/Workspace/quant/.quant312/lib/python3.12/site-packages/nautilus_trader/adapters/interactive_brokers/client/market_data.py:1313> wait_for=<Future pending cb=[Task.task_wakeup()]>>
Task was destroyed but it is pending!
task: <Task pending name='Task-5626' coro=<InteractiveBrokersClientMarketDataMixin._schedule_bar_completion_timeout.<locals>.completion_handler() running at /Users/lindawang/Documents/Workspace/quant/.quant312/lib/python3.12/site-packages/nautilus_trader/adapters/interactive_brokers/client/market_data.py:1313> wait_for=<Future pending cb=[Task.task_wakeup()]>>
Task was destroyed but it is pending!
task: <Task pending name='Task-5628' coro=<InteractiveBrokersClientMarketDataMixin._schedule_bar_completion_timeout.<locals>.completion_handler() running at /Users/lindawang/Documents/Workspace/quant/.quant312/lib/python3.12/site-packages/nautilus_trader/adapters/interactive_brokers/client/market_data.py:1313> wait_for=<Future pending cb=[Task.task_wakeup()]>>
Task was destroyed but it is pending!
task: <Task pending name='Task-5630' coro=<InteractiveBrokersClientMarketDataMixin._schedule_bar_completion_timeout.<locals>.completion_handler() running at /Users/lindawang/Documents/Workspace/quant/.quant312/lib/python3.12/site-packages/nautilus_trader/adapters/interactive_brokers/client/market_data.py:1313> wait_for=<Future pending cb=[Task.task_wakeup()]>>
Task was destroyed but it is pending!
task: <Task pending name='Task-5632' coro=<InteractiveBrokersClientMarketDataMixin._schedule_bar_completion_timeout.<locals>.completion_handler() running at /Users/lindawang/Documents/Workspace/quant/.quant312/lib/python3.12/site-packages/nautilus_trader/adapters/interactive_brokers/client/market_data.py:1313> wait_for=<Future pending cb=[Task.task_wakeup()]>>
Task was destroyed but it is pending!
task: <Task pending name='Task-5644' coro=<InteractiveBrokersClientMarketDataMixin._schedule_bar_completion_timeout.<locals>.completion_handler() running at /Users/lindawang/Documents/Workspace/quant/.quant312/lib/python3.12/site-packages/nautilus_trader/adapters/interactive_brokers/client/market_data.py:1313> wait_for=<Future pending cb=[Task.task_wakeup()]>>
Task was destroyed but it is pending!
task: <Task pending name='Task-5646' coro=<InteractiveBrokersClientMarketDataMixin._schedule_bar_completion_timeout.<locals>.completion_handler() running at /Users/lindawang/Documents/Workspace/quant/.quant312/lib/python3.12/site-packages/nautilus_trader/adapters/interactive_brokers/client/market_data.py:1313> wait_for=<Future pending cb=[Task.task_wakeup()]>>
Task was destroyed but it is pending!
task: <Task pending name='Task-5648' coro=<InteractiveBrokersClientMarketDataMixin._schedule_bar_completion_timeout.<locals>.completion_handler() running at /Users/lindawang/Documents/Workspace/quant/.quant312/lib/python3.12/site-packages/nautilus_trader/adapters/interactive_brokers/client/market_data.py:1313> wait_for=<Future pending cb=[Task.task_wakeup()]>>
Task was destroyed but it is pending!
task: <Task pending name='Task-5650' coro=<InteractiveBrokersClientMarketDataMixin._schedule_bar_completion_timeout.<locals>.completion_handler() running at /Users/lindawang/Documents/Workspace/quant/.quant312/lib/python3.12/site-packages/nautilus_trader/adapters/interactive_brokers/client/market_data.py:1313> wait_for=<Future pending cb=[Task.task_wakeup()]>>
Task was destroyed but it is pending!
task: <Task pending name='Task-5652' coro=<InteractiveBrokersClientMarketDataMixin._schedule_bar_completion_timeout.<locals>.completion_handler() running at /Users/lindawang/Documents/Workspace/quant/.quant312/lib/python3.12/site-packages/nautilus_trader/adapters/interactive_brokers/client/market_data.py:1313> wait_for=<Future pending cb=[Task.task_wakeup()]>>
Task was destroyed but it is pending!
task: <Task pending name='Task-5664' coro=<InteractiveBrokersClientMarketDataMixin._schedule_bar_completion_timeout.<locals>.completion_handler() running at /Users/lindawang/Documents/Workspace/quant/.quant312/lib/python3.12/site-packages/nautilus_trader/adapters/interactive_brokers/client/market_data.py:1313> wait_for=<Future pending cb=[Task.task_wakeup()]>>
Task was destroyed but it is pending!
task: <Task pending name='Task-5666' coro=<InteractiveBrokersClientMarketDataMixin._schedule_bar_completion_timeout.<locals>.completion_handler() running at /Users/lindawang/Documents/Workspace/quant/.quant312/lib/python3.12/site-packages/nautilus_trader/adapters/interactive_brokers/client/market_data.py:1313> wait_for=<Future pending cb=[Task.task_wakeup()]>>
Task was destroyed but it is pending!
task: <Task pending name='Task-5668' coro=<InteractiveBrokersClientMarketDataMixin._schedule_bar_completion_timeout.<locals>.completion_handler() running at /Users/lindawang/Documents/Workspace/quant/.quant312/lib/python3.12/site-packages/nautilus_trader/adapters/interactive_brokers/client/market_data.py:1313> wait_for=<Future pending cb=[Task.task_wakeup()]>>
Task was destroyed but it is pending!
task: <Task pending name='Task-5670' coro=<InteractiveBrokersClientMarketDataMixin._schedule_bar_completion_timeout.<locals>.completion_handler() running at /Users/lindawang/Documents/Workspace/quant/.quant312/lib/python3.12/site-packages/nautilus_trader/adapters/interactive_brokers/client/market_data.py:1313> wait_for=<Future pending cb=[Task.task_wakeup()]>>
Task was destroyed but it is pending!
task: <Task pending name='Task-5672' coro=<InteractiveBrokersClientMarketDataMixin._schedule_bar_completion_timeout.<locals>.completion_handler() running at /Users/lindawang/Documents/Workspace/quant/.quant312/lib/python3.12/site-packages/nautilus_trader/adapters/interactive_brokers/client/market_data.py:1313> wait_for=<Future pending cb=[Task.task_wakeup()]>>
Task was destroyed but it is pending!
task: <Task pending name='Task-5684' coro=<InteractiveBrokersClientMarketDataMixin._schedule_bar_completion_timeout.<locals>.completion_handler() running at /Users/lindawang/Documents/Workspace/quant/.quant312/lib/python3.12/site-packages/nautilus_trader/adapters/interactive_brokers/client/market_data.py:1313> wait_for=<Future pending cb=[Task.task_wakeup()]>>
Task was destroyed but it is pending!
task: <Task pending name='Task-5686' coro=<InteractiveBrokersClientMarketDataMixin._schedule_bar_completion_timeout.<locals>.completion_handler() running at /Users/lindawang/Documents/Workspace/quant/.quant312/lib/python3.12/site-packages/nautilus_trader/adapters/interactive_brokers/client/market_data.py:1313> wait_for=<Future pending cb=[Task.task_wakeup()]>>
Task was destroyed but it is pending!
task: <Task pending name='Task-5688' coro=<InteractiveBrokersClientMarketDataMixin._schedule_bar_completion_timeout.<locals>.completion_handler() running at /Users/lindawang/Documents/Workspace/quant/.quant312/lib/python3.12/site-packages/nautilus_trader/adapters/interactive_brokers/client/market_data.py:1313> wait_for=<Future pending cb=[Task.task_wakeup()]>>
Task was destroyed but it is pending!
task: <Task pending name='Task-5690' coro=<InteractiveBrokersClientMarketDataMixin._schedule_bar_completion_timeout.<locals>.completion_handler() running at /Users/lindawang/Documents/Workspace/quant/.quant312/lib/python3.12/site-packages/nautilus_trader/adapters/interactive_brokers/client/market_data.py:1313> wait_for=<Future pending cb=[Task.task_wakeup()]>>
Task was destroyed but it is pending!
task: <Task pending name='Task-5692' coro=<InteractiveBrokersClientMarketDataMixin._schedule_bar_completion_timeout.<locals>.completion_handler() running at /Users/lindawang/Documents/Workspace/quant/.quant312/lib/python3.12/site-packages/nautilus_trader/adapters/interactive_brokers/client/market_data.py:1313> wait_for=<Future pending cb=[Task.task_wakeup()]>>
Task was destroyed but it is pending!
task: <Task pending name='Task-5704' coro=<InteractiveBrokersClientMarketDataMixin._schedule_bar_completion_timeout.<locals>.completion_handler() running at /Users/lindawang/Documents/Workspace/quant/.quant312/lib/python3.12/site-packages/nautilus_trader/adapters/interactive_brokers/client/market_data.py:1313> wait_for=<Future pending cb=[Task.task_wakeup()]>>
Task was destroyed but it is pending!
task: <Task pending name='Task-5706' coro=<InteractiveBrokersClientMarketDataMixin._schedule_bar_completion_timeout.<locals>.completion_handler() running at /Users/lindawang/Documents/Workspace/quant/.quant312/lib/python3.12/site-packages/nautilus_trader/adapters/interactive_brokers/client/market_data.py:1313> wait_for=<Future pending cb=[Task.task_wakeup()]>>
Task was destroyed but it is pending!
task: <Task pending name='Task-5708' coro=<InteractiveBrokersClientMarketDataMixin._schedule_bar_completion_timeout.<locals>.completion_handler() running at /Users/lindawang/Documents/Workspace/quant/.quant312/lib/python3.12/site-packages/nautilus_trader/adapters/interactive_brokers/client/market_data.py:1313> wait_for=<Future pending cb=[Task.task_wakeup()]>>
Task was destroyed but it is pending!
task: <Task pending name='Task-5710' coro=<InteractiveBrokersClientMarketDataMixin._schedule_bar_completion_timeout.<locals>.completion_handler() running at /Users/lindawang/Documents/Workspace/quant/.quant312/lib/python3.12/site-packages/nautilus_trader/adapters/interactive_brokers/client/market_data.py:1313> wait_for=<Future pending cb=[Task.task_wakeup()]>>
Task was destroyed but it is pending!
task: <Task pending name='Task-5712' coro=<InteractiveBrokersClientMarketDataMixin._schedule_bar_completion_timeout.<locals>.completion_handler() running at /Users/lindawang/Documents/Workspace/quant/.quant312/lib/python3.12/site-packages/nautilus_trader/adapters/interactive_brokers/client/market_data.py:1313> wait_for=<Future pending cb=[Task.task_wakeup()]>>
Task was destroyed but it is pending!
task: <Task pending name='Task-5725' coro=<InteractiveBrokersClientMarketDataMixin._schedule_bar_completion_timeout.<locals>.completion_handler() running at /Users/lindawang/Documents/Workspace/quant/.quant312/lib/python3.12/site-packages/nautilus_trader/adapters/interactive_brokers/client/market_data.py:1313> wait_for=<Future pending cb=[Task.task_wakeup()]>>
Task was destroyed but it is pending!
task: <Task pending name='Task-5727' coro=<InteractiveBrokersClientMarketDataMixin._schedule_bar_completion_timeout.<locals>.completion_handler() running at /Users/lindawang/Documents/Workspace/quant/.quant312/lib/python3.12/site-packages/nautilus_trader/adapters/interactive_brokers/client/market_data.py:1313> wait_for=<Future pending cb=[Task.task_wakeup()]>>
Task was destroyed but it is pending!
task: <Task pending name='Task-5729' coro=<InteractiveBrokersClientMarketDataMixin._schedule_bar_completion_timeout.<locals>.completion_handler() running at /Users/lindawang/Documents/Workspace/quant/.quant312/lib/python3.12/site-packages/nautilus_trader/adapters/interactive_brokers/client/market_data.py:1313> wait_for=<Future pending cb=[Task.task_wakeup()]>>
Task was destroyed but it is pending!
task: <Task pending name='Task-5731' coro=<InteractiveBrokersClientMarketDataMixin._schedule_bar_completion_timeout.<locals>.completion_handler() running at /Users/lindawang/Documents/Workspace/quant/.quant312/lib/python3.12/site-packages/nautilus_trader/adapters/interactive_brokers/client/market_data.py:1313> wait_for=<Future pending cb=[Task.task_wakeup()]>>
Task was destroyed but it is pending!
task: <Task pending name='Task-5733' coro=<InteractiveBrokersClientMarketDataMixin._schedule_bar_completion_timeout.<locals>.completion_handler() running at /Users/lindawang/Documents/Workspace/quant/.quant312/lib/python3.12/site-packages/nautilus_trader/adapters/interactive_brokers/client/market_data.py:1313> wait_for=<Future pending cb=[Task.task_wakeup()]>>
Task was destroyed but it is pending!
task: <Task pending name='Task-5745' coro=<InteractiveBrokersClientMarketDataMixin._schedule_bar_completion_timeout.<locals>.completion_handler() running at /Users/lindawang/Documents/Workspace/quant/.quant312/lib/python3.12/site-packages/nautilus_trader/adapters/interactive_brokers/client/market_data.py:1313> wait_for=<Future pending cb=[Task.task_wakeup()]>>
Task was destroyed but it is pending!
task: <Task pending name='Task-5747' coro=<InteractiveBrokersClientMarketDataMixin._schedule_bar_completion_timeout.<locals>.completion_handler() running at /Users/lindawang/Documents/Workspace/quant/.quant312/lib/python3.12/site-packages/nautilus_trader/adapters/interactive_brokers/client/market_data.py:1313> wait_for=<Future pending cb=[Task.task_wakeup()]>>
Task was destroyed but it is pending!
task: <Task pending name='Task-5749' coro=<InteractiveBrokersClientMarketDataMixin._schedule_bar_completion_timeout.<locals>.completion_handler() running at /Users/lindawang/Documents/Workspace/quant/.quant312/lib/python3.12/site-packages/nautilus_trader/adapters/interactive_brokers/client/market_data.py:1313> wait_for=<Future pending cb=[Task.task_wakeup()]>>
Task was destroyed but it is pending!
task: <Task pending name='Task-5751' coro=<InteractiveBrokersClientMarketDataMixin._schedule_bar_completion_timeout.<locals>.completion_handler() running at /Users/lindawang/Documents/Workspace/quant/.quant312/lib/python3.12/site-packages/nautilus_trader/adapters/interactive_brokers/client/market_data.py:1313> wait_for=<Future pending cb=[Task.task_wakeup()]>>
Task was destroyed but it is pending!
task: <Task pending name='Task-5753' coro=<InteractiveBrokersClientMarketDataMixin._schedule_bar_completion_timeout.<locals>.completion_handler() running at /Users/lindawang/Documents/Workspace/quant/.quant312/lib/python3.12/site-packages/nautilus_trader/adapters/interactive_brokers/client/market_data.py:1313> wait_for=<Future pending cb=[Task.task_wakeup()]>>
Task was destroyed but it is pending!
task: <Task pending name='Task-5765' coro=<InteractiveBrokersClientMarketDataMixin._schedule_bar_completion_timeout.<locals>.completion_handler() running at /Users/lindawang/Documents/Workspace/quant/.quant312/lib/python3.12/site-packages/nautilus_trader/adapters/interactive_brokers/client/market_data.py:1313> wait_for=<Future pending cb=[Task.task_wakeup()]>>
Task was destroyed but it is pending!
task: <Task pending name='Task-5767' coro=<InteractiveBrokersClientMarketDataMixin._schedule_bar_completion_timeout.<locals>.completion_handler() running at /Users/lindawang/Documents/Workspace/quant/.quant312/lib/python3.12/site-packages/nautilus_trader/adapters/interactive_brokers/client/market_data.py:1313> wait_for=<Future pending cb=[Task.task_wakeup()]>>
Task was destroyed but it is pending!
task: <Task pending name='Task-5769' coro=<InteractiveBrokersClientMarketDataMixin._schedule_bar_completion_timeout.<locals>.completion_handler() running at /Users/lindawang/Documents/Workspace/quant/.quant312/lib/python3.12/site-packages/nautilus_trader/adapters/interactive_brokers/client/market_data.py:1313> wait_for=<Future pending cb=[Task.task_wakeup()]>>
Task was destroyed but it is pending!
task: <Task pending name='Task-5771' coro=<InteractiveBrokersClientMarketDataMixin._schedule_bar_completion_timeout.<locals>.completion_handler() running at /Users/lindawang/Documents/Workspace/quant/.quant312/lib/python3.12/site-packages/nautilus_trader/adapters/interactive_brokers/client/market_data.py:1313> wait_for=<Future pending cb=[Task.task_wakeup()]>>
Task was destroyed but it is pending!
task: <Task pending name='Task-5773' coro=<InteractiveBrokersClientMarketDataMixin._schedule_bar_completion_timeout.<locals>.completion_handler() running at /Users/lindawang/Documents/Workspace/quant/.quant312/lib/python3.12/site-packages/nautilus_trader/adapters/interactive_brokers/client/market_data.py:1313> wait_for=<Future pending cb=[Task.task_wakeup()]>>
Task was destroyed but it is pending!
task: <Task pending name='Task-5785' coro=<InteractiveBrokersClientMarketDataMixin._schedule_bar_completion_timeout.<locals>.completion_handler() running at /Users/lindawang/Documents/Workspace/quant/.quant312/lib/python3.12/site-packages/nautilus_trader/adapters/interactive_brokers/client/market_data.py:1313> wait_for=<Future pending cb=[Task.task_wakeup()]>>
Task was destroyed but it is pending!
task: <Task pending name='Task-5787' coro=<InteractiveBrokersClientMarketDataMixin._schedule_bar_completion_timeout.<locals>.completion_handler() running at /Users/lindawang/Documents/Workspace/quant/.quant312/lib/python3.12/site-packages/nautilus_trader/adapters/interactive_brokers/client/market_data.py:1313> wait_for=<Future pending cb=[Task.task_wakeup()]>>
Task was destroyed but it is pending!
task: <Task pending name='Task-5789' coro=<InteractiveBrokersClientMarketDataMixin._schedule_bar_completion_timeout.<locals>.completion_handler() running at /Users/lindawang/Documents/Workspace/quant/.quant312/lib/python3.12/site-packages/nautilus_trader/adapters/interactive_brokers/client/market_data.py:1313> wait_for=<Future pending cb=[Task.task_wakeup()]>>
Task was destroyed but it is pending!
task: <Task pending name='Task-5791' coro=<InteractiveBrokersClientMarketDataMixin._schedule_bar_completion_timeout.<locals>.completion_handler() running at /Users/lindawang/Documents/Workspace/quant/.quant312/lib/python3.12/site-packages/nautilus_trader/adapters/interactive_brokers/client/market_data.py:1313> wait_for=<Future pending cb=[Task.task_wakeup()]>>
Task was destroyed but it is pending!
task: <Task pending name='Task-5793' coro=<InteractiveBrokersClientMarketDataMixin._schedule_bar_completion_timeout.<locals>.completion_handler() running at /Users/lindawang/Documents/Workspace/quant/.quant312/lib/python3.12/site-packages/nautilus_trader/adapters/interactive_brokers/client/market_data.py:1313> wait_for=<Future pending cb=[Task.task_wakeup()]>>
Task was destroyed but it is pending!
task: <Task pending name='Task-5805' coro=<InteractiveBrokersClientMarketDataMixin._schedule_bar_completion_timeout.<locals>.completion_handler() running at /Users/lindawang/Documents/Workspace/quant/.quant312/lib/python3.12/site-packages/nautilus_trader/adapters/interactive_brokers/client/market_data.py:1313> wait_for=<Future pending cb=[Task.task_wakeup()]>>
Task was destroyed but it is pending!
task: <Task pending name='Task-5807' coro=<InteractiveBrokersClientMarketDataMixin._schedule_bar_completion_timeout.<locals>.completion_handler() running at /Users/lindawang/Documents/Workspace/quant/.quant312/lib/python3.12/site-packages/nautilus_trader/adapters/interactive_brokers/client/market_data.py:1313> wait_for=<Future pending cb=[Task.task_wakeup()]>>
Task was destroyed but it is pending!
task: <Task pending name='Task-5809' coro=<InteractiveBrokersClientMarketDataMixin._schedule_bar_completion_timeout.<locals>.completion_handler() running at /Users/lindawang/Documents/Workspace/quant/.quant312/lib/python3.12/site-packages/nautilus_trader/adapters/interactive_brokers/client/market_data.py:1313> wait_for=<Future pending cb=[Task.task_wakeup()]>>
Task was destroyed but it is pending!
task: <Task pending name='Task-5811' coro=<InteractiveBrokersClientMarketDataMixin._schedule_bar_completion_timeout.<locals>.completion_handler() running at /Users/lindawang/Documents/Workspace/quant/.quant312/lib/python3.12/site-packages/nautilus_trader/adapters/interactive_brokers/client/market_data.py:1313> wait_for=<Future pending cb=[Task.task_wakeup()]>>
Task was destroyed but it is pending!
task: <Task pending name='Task-5813' coro=<InteractiveBrokersClientMarketDataMixin._schedule_bar_completion_timeout.<locals>.completion_handler() running at /Users/lindawang/Documents/Workspace/quant/.quant312/lib/python3.12/site-packages/nautilus_trader/adapters/interactive_brokers/client/market_data.py:1313> wait_for=<Future pending cb=[Task.task_wakeup()]>>
Task was destroyed but it is pending!
task: <Task pending name='Task-5825' coro=<InteractiveBrokersClientMarketDataMixin._schedule_bar_completion_timeout.<locals>.completion_handler() running at /Users/lindawang/Documents/Workspace/quant/.quant312/lib/python3.12/site-packages/nautilus_trader/adapters/interactive_brokers/client/market_data.py:1313> wait_for=<Future pending cb=[Task.task_wakeup()]>>
Task was destroyed but it is pending!
task: <Task pending name='Task-5827' coro=<InteractiveBrokersClientMarketDataMixin._schedule_bar_completion_timeout.<locals>.completion_handler() running at /Users/lindawang/Documents/Workspace/quant/.quant312/lib/python3.12/site-packages/nautilus_trader/adapters/interactive_brokers/client/market_data.py:1313> wait_for=<Future pending cb=[Task.task_wakeup()]>>
Task was destroyed but it is pending!
task: <Task pending name='Task-5829' coro=<InteractiveBrokersClientMarketDataMixin._schedule_bar_completion_timeout.<locals>.completion_handler() running at /Users/lindawang/Documents/Workspace/quant/.quant312/lib/python3.12/site-packages/nautilus_trader/adapters/interactive_brokers/client/market_data.py:1313> wait_for=<Future pending cb=[Task.task_wakeup()]>>
Task was destroyed but it is pending!
task: <Task pending name='Task-5831' coro=<InteractiveBrokersClientMarketDataMixin._schedule_bar_completion_timeout.<locals>.completion_handler() running at /Users/lindawang/Documents/Workspace/quant/.quant312/lib/python3.12/site-packages/nautilus_trader/adapters/interactive_brokers/client/market_data.py:1313> wait_for=<Future pending cb=[Task.task_wakeup()]>>
Task was destroyed but it is pending!
task: <Task pending name='Task-5833' coro=<InteractiveBrokersClientMarketDataMixin._schedule_bar_completion_timeout.<locals>.completion_handler() running at /Users/lindawang/Documents/Workspace/quant/.quant312/lib/python3.12/site-packages/nautilus_trader/adapters/interactive_brokers/client/market_data.py:1313> wait_for=<Future pending cb=[Task.task_wakeup()]>>
Task was destroyed but it is pending!
task: <Task pending name='Task-5845' coro=<InteractiveBrokersClientMarketDataMixin._schedule_bar_completion_timeout.<locals>.completion_handler() running at /Users/lindawang/Documents/Workspace/quant/.quant312/lib/python3.12/site-packages/nautilus_trader/adapters/interactive_brokers/client/market_data.py:1313> wait_for=<Future pending cb=[Task.task_wakeup()]>>
Task was destroyed but it is pending!
task: <Task pending name='Task-5847' coro=<InteractiveBrokersClientMarketDataMixin._schedule_bar_completion_timeout.<locals>.completion_handler() running at /Users/lindawang/Documents/Workspace/quant/.quant312/lib/python3.12/site-packages/nautilus_trader/adapters/interactive_brokers/client/market_data.py:1313> wait_for=<Future pending cb=[Task.task_wakeup()]>>
Task was destroyed but it is pending!
task: <Task pending name='Task-5849' coro=<InteractiveBrokersClientMarketDataMixin._schedule_bar_completion_timeout.<locals>.completion_handler() running at /Users/lindawang/Documents/Workspace/quant/.quant312/lib/python3.12/site-packages/nautilus_trader/adapters/interactive_brokers/client/market_data.py:1313> wait_for=<Future pending cb=[Task.task_wakeup()]>>
Task was destroyed but it is pending!
task: <Task pending name='Task-5851' coro=<InteractiveBrokersClientMarketDataMixin._schedule_bar_completion_timeout.<locals>.completion_handler() running at /Users/lindawang/Documents/Workspace/quant/.quant312/lib/python3.12/site-packages/nautilus_trader/adapters/interactive_brokers/client/market_data.py:1313> wait_for=<Future pending cb=[Task.task_wakeup()]>>
Task was destroyed but it is pending!
task: <Task pending name='Task-5853' coro=<InteractiveBrokersClientMarketDataMixin._schedule_bar_completion_timeout.<locals>.completion_handler() running at /Users/lindawang/Documents/Workspace/quant/.quant312/lib/python3.12/site-packages/nautilus_trader/adapters/interactive_brokers/client/market_data.py:1313> wait_for=<Future pending cb=[Task.task_wakeup()]>>
Task was destroyed but it is pending!
task: <Task pending name='Task-5865' coro=<InteractiveBrokersClientMarketDataMixin._schedule_bar_completion_timeout.<locals>.completion_handler() running at /Users/lindawang/Documents/Workspace/quant/.quant312/lib/python3.12/site-packages/nautilus_trader/adapters/interactive_brokers/client/market_data.py:1313> wait_for=<Future pending cb=[Task.task_wakeup()]>>
Task was destroyed but it is pending!
task: <Task pending name='Task-5867' coro=<InteractiveBrokersClientMarketDataMixin._schedule_bar_completion_timeout.<locals>.completion_handler() running at /Users/lindawang/Documents/Workspace/quant/.quant312/lib/python3.12/site-packages/nautilus_trader/adapters/interactive_brokers/client/market_data.py:1313> wait_for=<Future pending cb=[Task.task_wakeup()]>>
Task was destroyed but it is pending!
task: <Task pending name='Task-5869' coro=<InteractiveBrokersClientMarketDataMixin._schedule_bar_completion_timeout.<locals>.completion_handler() running at /Users/lindawang/Documents/Workspace/quant/.quant312/lib/python3.12/site-packages/nautilus_trader/adapters/interactive_brokers/client/market_data.py:1313> wait_for=<Future pending cb=[Task.task_wakeup()]>>
Task was destroyed but it is pending!
task: <Task pending name='Task-5871' coro=<InteractiveBrokersClientMarketDataMixin._schedule_bar_completion_timeout.<locals>.completion_handler() running at /Users/lindawang/Documents/Workspace/quant/.quant312/lib/python3.12/site-packages/nautilus_trader/adapters/interactive_brokers/client/market_data.py:1313> wait_for=<Future pending cb=[Task.task_wakeup()]>>
Task was destroyed but it is pending!
task: <Task pending name='Task-5873' coro=<InteractiveBrokersClientMarketDataMixin._schedule_bar_completion_timeout.<locals>.completion_handler() running at /Users/lindawang/Documents/Workspace/quant/.quant312/lib/python3.12/site-packages/nautilus_trader/adapters/interactive_brokers/client/market_data.py:1313> wait_for=<Future pending cb=[Task.task_wakeup()]>>
Task was destroyed but it is pending!
task: <Task pending name='Task-5885' coro=<InteractiveBrokersClientMarketDataMixin._schedule_bar_completion_timeout.<locals>.completion_handler() running at /Users/lindawang/Documents/Workspace/quant/.quant312/lib/python3.12/site-packages/nautilus_trader/adapters/interactive_brokers/client/market_data.py:1313> wait_for=<Future pending cb=[Task.task_wakeup()]>>
Task was destroyed but it is pending!
task: <Task pending name='Task-5887' coro=<InteractiveBrokersClientMarketDataMixin._schedule_bar_completion_timeout.<locals>.completion_handler() running at /Users/lindawang/Documents/Workspace/quant/.quant312/lib/python3.12/site-packages/nautilus_trader/adapters/interactive_brokers/client/market_data.py:1313> wait_for=<Future pending cb=[Task.task_wakeup()]>>
Task was destroyed but it is pending!
task: <Task pending name='Task-5889' coro=<InteractiveBrokersClientMarketDataMixin._schedule_bar_completion_timeout.<locals>.completion_handler() running at /Users/lindawang/Documents/Workspace/quant/.quant312/lib/python3.12/site-packages/nautilus_trader/adapters/interactive_brokers/client/market_data.py:1313> wait_for=<Future pending cb=[Task.task_wakeup()]>>
Task was destroyed but it is pending!
task: <Task pending name='Task-5891' coro=<InteractiveBrokersClientMarketDataMixin._schedule_bar_completion_timeout.<locals>.completion_handler() running at /Users/lindawang/Documents/Workspace/quant/.quant312/lib/python3.12/site-packages/nautilus_trader/adapters/interactive_brokers/client/market_data.py:1313> wait_for=<Future pending cb=[Task.task_wakeup()]>>
Task was destroyed but it is pending!
task: <Task pending name='Task-5893' coro=<InteractiveBrokersClientMarketDataMixin._schedule_bar_completion_timeout.<locals>.completion_handler() running at /Users/lindawang/Documents/Workspace/quant/.quant312/lib/python3.12/site-packages/nautilus_trader/adapters/interactive_brokers/client/market_data.py:1313> wait_for=<Future pending cb=[Task.task_wakeup()]>>
Task was destroyed but it is pending!
task: <Task pending name='Task-5905' coro=<InteractiveBrokersClientMarketDataMixin._schedule_bar_completion_timeout.<locals>.completion_handler() running at /Users/lindawang/Documents/Workspace/quant/.quant312/lib/python3.12/site-packages/nautilus_trader/adapters/interactive_brokers/client/market_data.py:1313> wait_for=<Future pending cb=[Task.task_wakeup()]>>
Task was destroyed but it is pending!
task: <Task pending name='Task-5907' coro=<InteractiveBrokersClientMarketDataMixin._schedule_bar_completion_timeout.<locals>.completion_handler() running at /Users/lindawang/Documents/Workspace/quant/.quant312/lib/python3.12/site-packages/nautilus_trader/adapters/interactive_brokers/client/market_data.py:1313> wait_for=<Future pending cb=[Task.task_wakeup()]>>
Task was destroyed but it is pending!
task: <Task pending name='Task-5909' coro=<InteractiveBrokersClientMarketDataMixin._schedule_bar_completion_timeout.<locals>.completion_handler() running at /Users/lindawang/Documents/Workspace/quant/.quant312/lib/python3.12/site-packages/nautilus_trader/adapters/interactive_brokers/client/market_data.py:1313> wait_for=<Future pending cb=[Task.task_wakeup()]>>
Task was destroyed but it is pending!
task: <Task pending name='Task-5911' coro=<InteractiveBrokersClientMarketDataMixin._schedule_bar_completion_timeout.<locals>.completion_handler() running at /Users/lindawang/Documents/Workspace/quant/.quant312/lib/python3.12/site-packages/nautilus_trader/adapters/interactive_brokers/client/market_data.py:1313> wait_for=<Future pending cb=[Task.task_wakeup()]>>
Task was destroyed but it is pending!
task: <Task pending name='Task-5913' coro=<InteractiveBrokersClientMarketDataMixin._schedule_bar_completion_timeout.<locals>.completion_handler() running at /Users/lindawang/Documents/Workspace/quant/.quant312/lib/python3.12/site-packages/nautilus_trader/adapters/interactive_brokers/client/market_data.py:1313> wait_for=<Future pending cb=[Task.task_wakeup()]>>
Task was destroyed but it is pending!
task: <Task pending name='Task-5925' coro=<InteractiveBrokersClientMarketDataMixin._schedule_bar_completion_timeout.<locals>.completion_handler() running at /Users/lindawang/Documents/Workspace/quant/.quant312/lib/python3.12/site-packages/nautilus_trader/adapters/interactive_brokers/client/market_data.py:1313> wait_for=<Future pending cb=[Task.task_wakeup()]>>
Task was destroyed but it is pending!
task: <Task pending name='Task-5927' coro=<InteractiveBrokersClientMarketDataMixin._schedule_bar_completion_timeout.<locals>.completion_handler() running at /Users/lindawang/Documents/Workspace/quant/.quant312/lib/python3.12/site-packages/nautilus_trader/adapters/interactive_brokers/client/market_data.py:1313> wait_for=<Future pending cb=[Task.task_wakeup()]>>
Task was destroyed but it is pending!
task: <Task pending name='Task-5929' coro=<InteractiveBrokersClientMarketDataMixin._schedule_bar_completion_timeout.<locals>.completion_handler() running at /Users/lindawang/Documents/Workspace/quant/.quant312/lib/python3.12/site-packages/nautilus_trader/adapters/interactive_brokers/client/market_data.py:1313> wait_for=<Future pending cb=[Task.task_wakeup()]>>
Task was destroyed but it is pending!
task: <Task pending name='Task-5931' coro=<InteractiveBrokersClientMarketDataMixin._schedule_bar_completion_timeout.<locals>.completion_handler() running at /Users/lindawang/Documents/Workspace/quant/.quant312/lib/python3.12/site-packages/nautilus_trader/adapters/interactive_brokers/client/market_data.py:1313> wait_for=<Future pending cb=[Task.task_wakeup()]>>
Task was destroyed but it is pending!
task: <Task pending name='Task-5933' coro=<InteractiveBrokersClientMarketDataMixin._schedule_bar_completion_timeout.<locals>.completion_handler() running at /Users/lindawang/Documents/Workspace/quant/.quant312/lib/python3.12/site-packages/nautilus_trader/adapters/interactive_brokers/client/market_data.py:1313> wait_for=<Future pending cb=[Task.task_wakeup()]>>
Task was destroyed but it is pending!
task: <Task pending name='Task-5945' coro=<InteractiveBrokersClientMarketDataMixin._schedule_bar_completion_timeout.<locals>.completion_handler() running at /Users/lindawang/Documents/Workspace/quant/.quant312/lib/python3.12/site-packages/nautilus_trader/adapters/interactive_brokers/client/market_data.py:1313> wait_for=<Future pending cb=[Task.task_wakeup()]>>
Task was destroyed but it is pending!
task: <Task pending name='Task-5947' coro=<InteractiveBrokersClientMarketDataMixin._schedule_bar_completion_timeout.<locals>.completion_handler() running at /Users/lindawang/Documents/Workspace/quant/.quant312/lib/python3.12/site-packages/nautilus_trader/adapters/interactive_brokers/client/market_data.py:1313> wait_for=<Future pending cb=[Task.task_wakeup()]>>
Task was destroyed but it is pending!
task: <Task pending name='Task-5949' coro=<InteractiveBrokersClientMarketDataMixin._schedule_bar_completion_timeout.<locals>.completion_handler() running at /Users/lindawang/Documents/Workspace/quant/.quant312/lib/python3.12/site-packages/nautilus_trader/adapters/interactive_brokers/client/market_data.py:1313> wait_for=<Future pending cb=[Task.task_wakeup()]>>
Task was destroyed but it is pending!
task: <Task pending name='Task-5951' coro=<InteractiveBrokersClientMarketDataMixin._schedule_bar_completion_timeout.<locals>.completion_handler() running at /Users/lindawang/Documents/Workspace/quant/.quant312/lib/python3.12/site-packages/nautilus_trader/adapters/interactive_brokers/client/market_data.py:1313> wait_for=<Future pending cb=[Task.task_wakeup()]>>
Task was destroyed but it is pending!
task: <Task pending name='Task-5953' coro=<InteractiveBrokersClientMarketDataMixin._schedule_bar_completion_timeout.<locals>.completion_handler() running at /Users/lindawang/Documents/Workspace/quant/.quant312/lib/python3.12/site-packages/nautilus_trader/adapters/interactive_brokers/client/market_data.py:1313> wait_for=<Future pending cb=[Task.task_wakeup()]>>
Task was destroyed but it is pending!
task: <Task pending name='Task-5965' coro=<InteractiveBrokersClientMarketDataMixin._schedule_bar_completion_timeout.<locals>.completion_handler() running at /Users/lindawang/Documents/Workspace/quant/.quant312/lib/python3.12/site-packages/nautilus_trader/adapters/interactive_brokers/client/market_data.py:1313> wait_for=<Future pending cb=[Task.task_wakeup()]>>
Task was destroyed but it is pending!
task: <Task pending name='Task-5967' coro=<InteractiveBrokersClientMarketDataMixin._schedule_bar_completion_timeout.<locals>.completion_handler() running at /Users/lindawang/Documents/Workspace/quant/.quant312/lib/python3.12/site-packages/nautilus_trader/adapters/interactive_brokers/client/market_data.py:1313> wait_for=<Future pending cb=[Task.task_wakeup()]>>
Task was destroyed but it is pending!
task: <Task pending name='Task-5969' coro=<InteractiveBrokersClientMarketDataMixin._schedule_bar_completion_timeout.<locals>.completion_handler() running at /Users/lindawang/Documents/Workspace/quant/.quant312/lib/python3.12/site-packages/nautilus_trader/adapters/interactive_brokers/client/market_data.py:1313> wait_for=<Future pending cb=[Task.task_wakeup()]>>
Task was destroyed but it is pending!
task: <Task pending name='Task-5971' coro=<InteractiveBrokersClientMarketDataMixin._schedule_bar_completion_timeout.<locals>.completion_handler() running at /Users/lindawang/Documents/Workspace/quant/.quant312/lib/python3.12/site-packages/nautilus_trader/adapters/interactive_brokers/client/market_data.py:1313> wait_for=<Future pending cb=[Task.task_wakeup()]>>
Task was destroyed but it is pending!
task: <Task pending name='Task-5973' coro=<InteractiveBrokersClientMarketDataMixin._schedule_bar_completion_timeout.<locals>.completion_handler() running at /Users/lindawang/Documents/Workspace/quant/.quant312/lib/python3.12/site-packages/nautilus_trader/adapters/interactive_brokers/client/market_data.py:1313> wait_for=<Future pending cb=[Task.task_wakeup()]>>
Task was destroyed but it is pending!
task: <Task pending name='Task-5985' coro=<InteractiveBrokersClientMarketDataMixin._schedule_bar_completion_timeout.<locals>.completion_handler() running at /Users/lindawang/Documents/Workspace/quant/.quant312/lib/python3.12/site-packages/nautilus_trader/adapters/interactive_brokers/client/market_data.py:1313> wait_for=<Future pending cb=[Task.task_wakeup()]>>
Task was destroyed but it is pending!
task: <Task pending name='Task-5987' coro=<InteractiveBrokersClientMarketDataMixin._schedule_bar_completion_timeout.<locals>.completion_handler() running at /Users/lindawang/Documents/Workspace/quant/.quant312/lib/python3.12/site-packages/nautilus_trader/adapters/interactive_brokers/client/market_data.py:1313> wait_for=<Future pending cb=[Task.task_wakeup()]>>
Task was destroyed but it is pending!
task: <Task pending name='Task-5989' coro=<InteractiveBrokersClientMarketDataMixin._schedule_bar_completion_timeout.<locals>.completion_handler() running at /Users/lindawang/Documents/Workspace/quant/.quant312/lib/python3.12/site-packages/nautilus_trader/adapters/interactive_brokers/client/market_data.py:1313> wait_for=<Future pending cb=[Task.task_wakeup()]>>
Task was destroyed but it is pending!
task: <Task pending name='Task-5991' coro=<InteractiveBrokersClientMarketDataMixin._schedule_bar_completion_timeout.<locals>.completion_handler() running at /Users/lindawang/Documents/Workspace/quant/.quant312/lib/python3.12/site-packages/nautilus_trader/adapters/interactive_brokers/client/market_data.py:1313> wait_for=<Future pending cb=[Task.task_wakeup()]>>
Task was destroyed but it is pending!
task: <Task pending name='Task-5993' coro=<InteractiveBrokersClientMarketDataMixin._schedule_bar_completion_timeout.<locals>.completion_handler() running at /Users/lindawang/Documents/Workspace/quant/.quant312/lib/python3.12/site-packages/nautilus_trader/adapters/interactive_brokers/client/market_data.py:1313> wait_for=<Future pending cb=[Task.task_wakeup()]>>
Task was destroyed but it is pending!
task: <Task pending name='Task-6005' coro=<InteractiveBrokersClientMarketDataMixin._schedule_bar_completion_timeout.<locals>.completion_handler() running at /Users/lindawang/Documents/Workspace/quant/.quant312/lib/python3.12/site-packages/nautilus_trader/adapters/interactive_brokers/client/market_data.py:1313> wait_for=<Future pending cb=[Task.task_wakeup()]>>
Task was destroyed but it is pending!
task: <Task pending name='Task-6007' coro=<InteractiveBrokersClientMarketDataMixin._schedule_bar_completion_timeout.<locals>.completion_handler() running at /Users/lindawang/Documents/Workspace/quant/.quant312/lib/python3.12/site-packages/nautilus_trader/adapters/interactive_brokers/client/market_data.py:1313> wait_for=<Future pending cb=[Task.task_wakeup()]>>
Task was destroyed but it is pending!
task: <Task pending name='Task-6009' coro=<InteractiveBrokersClientMarketDataMixin._schedule_bar_completion_timeout.<locals>.completion_handler() running at /Users/lindawang/Documents/Workspace/quant/.quant312/lib/python3.12/site-packages/nautilus_trader/adapters/interactive_brokers/client/market_data.py:1313> wait_for=<Future pending cb=[Task.task_wakeup()]>>
Task was destroyed but it is pending!
task: <Task pending name='Task-6011' coro=<InteractiveBrokersClientMarketDataMixin._schedule_bar_completion_timeout.<locals>.completion_handler() running at /Users/lindawang/Documents/Workspace/quant/.quant312/lib/python3.12/site-packages/nautilus_trader/adapters/interactive_brokers/client/market_data.py:1313> wait_for=<Future pending cb=[Task.task_wakeup()]>>
Task was destroyed but it is pending!
task: <Task pending name='Task-6013' coro=<InteractiveBrokersClientMarketDataMixin._schedule_bar_completion_timeout.<locals>.completion_handler() running at /Users/lindawang/Documents/Workspace/quant/.quant312/lib/python3.12/site-packages/nautilus_trader/adapters/interactive_brokers/client/market_data.py:1313> wait_for=<Future pending cb=[Task.task_wakeup()]>>
Task was destroyed but it is pending!
task: <Task pending name='Task-6025' coro=<InteractiveBrokersClientMarketDataMixin._schedule_bar_completion_timeout.<locals>.completion_handler() running at /Users/lindawang/Documents/Workspace/quant/.quant312/lib/python3.12/site-packages/nautilus_trader/adapters/interactive_brokers/client/market_data.py:1313> wait_for=<Future pending cb=[Task.task_wakeup()]>>
Task was destroyed but it is pending!
task: <Task pending name='Task-6027' coro=<InteractiveBrokersClientMarketDataMixin._schedule_bar_completion_timeout.<locals>.completion_handler() running at /Users/lindawang/Documents/Workspace/quant/.quant312/lib/python3.12/site-packages/nautilus_trader/adapters/interactive_brokers/client/market_data.py:1313> wait_for=<Future pending cb=[Task.task_wakeup()]>>
Task was destroyed but it is pending!
task: <Task pending name='Task-6029' coro=<InteractiveBrokersClientMarketDataMixin._schedule_bar_completion_timeout.<locals>.completion_handler() running at /Users/lindawang/Documents/Workspace/quant/.quant312/lib/python3.12/site-packages/nautilus_trader/adapters/interactive_brokers/client/market_data.py:1313> wait_for=<Future pending cb=[Task.task_wakeup()]>>
Task was destroyed but it is pending!
task: <Task pending name='Task-6031' coro=<InteractiveBrokersClientMarketDataMixin._schedule_bar_completion_timeout.<locals>.completion_handler() running at /Users/lindawang/Documents/Workspace/quant/.quant312/lib/python3.12/site-packages/nautilus_trader/adapters/interactive_brokers/client/market_data.py:1313> wait_for=<Future pending cb=[Task.task_wakeup()]>>
Task was destroyed but it is pending!
task: <Task pending name='Task-6033' coro=<InteractiveBrokersClientMarketDataMixin._schedule_bar_completion_timeout.<locals>.completion_handler() running at /Users/lindawang/Documents/Workspace/quant/.quant312/lib/python3.12/site-packages/nautilus_trader/adapters/interactive_brokers/client/market_data.py:1313> wait_for=<Future pending cb=[Task.task_wakeup()]>>
Task was destroyed but it is pending!
task: <Task pending name='Task-6045' coro=<InteractiveBrokersClientMarketDataMixin._schedule_bar_completion_timeout.<locals>.completion_handler() running at /Users/lindawang/Documents/Workspace/quant/.quant312/lib/python3.12/site-packages/nautilus_trader/adapters/interactive_brokers/client/market_data.py:1313> wait_for=<Future pending cb=[Task.task_wakeup()]>>
Task was destroyed but it is pending!
task: <Task pending name='Task-6047' coro=<InteractiveBrokersClientMarketDataMixin._schedule_bar_completion_timeout.<locals>.completion_handler() running at /Users/lindawang/Documents/Workspace/quant/.quant312/lib/python3.12/site-packages/nautilus_trader/adapters/interactive_brokers/client/market_data.py:1313> wait_for=<Future pending cb=[Task.task_wakeup()]>>
Task was destroyed but it is pending!
task: <Task pending name='Task-6049' coro=<InteractiveBrokersClientMarketDataMixin._schedule_bar_completion_timeout.<locals>.completion_handler() running at /Users/lindawang/Documents/Workspace/quant/.quant312/lib/python3.12/site-packages/nautilus_trader/adapters/interactive_brokers/client/market_data.py:1313> wait_for=<Future pending cb=[Task.task_wakeup()]>>
Task was destroyed but it is pending!
task: <Task pending name='Task-6051' coro=<InteractiveBrokersClientMarketDataMixin._schedule_bar_completion_timeout.<locals>.completion_handler() running at /Users/lindawang/Documents/Workspace/quant/.quant312/lib/python3.12/site-packages/nautilus_trader/adapters/interactive_brokers/client/market_data.py:1313> wait_for=<Future pending cb=[Task.task_wakeup()]>>
Task was destroyed but it is pending!
task: <Task pending name='Task-6053' coro=<InteractiveBrokersClientMarketDataMixin._schedule_bar_completion_timeout.<locals>.completion_handler() running at /Users/lindawang/Documents/Workspace/quant/.quant312/lib/python3.12/site-packages/nautilus_trader/adapters/interactive_brokers/client/market_data.py:1313> wait_for=<Future pending cb=[Task.task_wakeup()]>>
Task was destroyed but it is pending!
task: <Task pending name='Task-6065' coro=<InteractiveBrokersClientMarketDataMixin._schedule_bar_completion_timeout.<locals>.completion_handler() running at /Users/lindawang/Documents/Workspace/quant/.quant312/lib/python3.12/site-packages/nautilus_trader/adapters/interactive_brokers/client/market_data.py:1313> wait_for=<Future pending cb=[Task.task_wakeup()]>>
Task was destroyed but it is pending!
task: <Task pending name='Task-6067' coro=<InteractiveBrokersClientMarketDataMixin._schedule_bar_completion_timeout.<locals>.completion_handler() running at /Users/lindawang/Documents/Workspace/quant/.quant312/lib/python3.12/site-packages/nautilus_trader/adapters/interactive_brokers/client/market_data.py:1313> wait_for=<Future pending cb=[Task.task_wakeup()]>>
Task was destroyed but it is pending!
task: <Task pending name='Task-6069' coro=<InteractiveBrokersClientMarketDataMixin._schedule_bar_completion_timeout.<locals>.completion_handler() running at /Users/lindawang/Documents/Workspace/quant/.quant312/lib/python3.12/site-packages/nautilus_trader/adapters/interactive_brokers/client/market_data.py:1313> wait_for=<Future pending cb=[Task.task_wakeup()]>>
Task was destroyed but it is pending!
task: <Task pending name='Task-6071' coro=<InteractiveBrokersClientMarketDataMixin._schedule_bar_completion_timeout.<locals>.completion_handler() running at /Users/lindawang/Documents/Workspace/quant/.quant312/lib/python3.12/site-packages/nautilus_trader/adapters/interactive_brokers/client/market_data.py:1313> wait_for=<Future pending cb=[Task.task_wakeup()]>>
Task was destroyed but it is pending!
task: <Task pending name='Task-6073' coro=<InteractiveBrokersClientMarketDataMixin._schedule_bar_completion_timeout.<locals>.completion_handler() running at /Users/lindawang/Documents/Workspace/quant/.quant312/lib/python3.12/site-packages/nautilus_trader/adapters/interactive_brokers/client/market_data.py:1313> wait_for=<Future pending cb=[Task.task_wakeup()]>>
Task was destroyed but it is pending!
task: <Task pending name='Task-6086' coro=<InteractiveBrokersClientMarketDataMixin._schedule_bar_completion_timeout.<locals>.completion_handler() running at /Users/lindawang/Documents/Workspace/quant/.quant312/lib/python3.12/site-packages/nautilus_trader/adapters/interactive_brokers/client/market_data.py:1313> wait_for=<Future pending cb=[Task.task_wakeup()]>>
Task was destroyed but it is pending!
task: <Task pending name='Task-6088' coro=<InteractiveBrokersClientMarketDataMixin._schedule_bar_completion_timeout.<locals>.completion_handler() running at /Users/lindawang/Documents/Workspace/quant/.quant312/lib/python3.12/site-packages/nautilus_trader/adapters/interactive_brokers/client/market_data.py:1313> wait_for=<Future pending cb=[Task.task_wakeup()]>>
Task was destroyed but it is pending!
task: <Task pending name='Task-6090' coro=<InteractiveBrokersClientMarketDataMixin._schedule_bar_completion_timeout.<locals>.completion_handler() running at /Users/lindawang/Documents/Workspace/quant/.quant312/lib/python3.12/site-packages/nautilus_trader/adapters/interactive_brokers/client/market_data.py:1313> wait_for=<Future pending cb=[Task.task_wakeup()]>>
Task was destroyed but it is pending!
task: <Task pending name='Task-6092' coro=<InteractiveBrokersClientMarketDataMixin._schedule_bar_completion_timeout.<locals>.completion_handler() running at /Users/lindawang/Documents/Workspace/quant/.quant312/lib/python3.12/site-packages/nautilus_trader/adapters/interactive_brokers/client/market_data.py:1313> wait_for=<Future pending cb=[Task.task_wakeup()]>>
Task was destroyed but it is pending!
task: <Task pending name='Task-6094' coro=<InteractiveBrokersClientMarketDataMixin._schedule_bar_completion_timeout.<locals>.completion_handler() running at /Users/lindawang/Documents/Workspace/quant/.quant312/lib/python3.12/site-packages/nautilus_trader/adapters/interactive_brokers/client/market_data.py:1313> wait_for=<Future pending cb=[Task.task_wakeup()]>>
Task was destroyed but it is pending!
task: <Task pending name='Task-6106' coro=<InteractiveBrokersClientMarketDataMixin._schedule_bar_completion_timeout.<locals>.completion_handler() running at /Users/lindawang/Documents/Workspace/quant/.quant312/lib/python3.12/site-packages/nautilus_trader/adapters/interactive_brokers/client/market_data.py:1313> wait_for=<Future pending cb=[Task.task_wakeup()]>>
Task was destroyed but it is pending!
task: <Task pending name='Task-6108' coro=<InteractiveBrokersClientMarketDataMixin._schedule_bar_completion_timeout.<locals>.completion_handler() running at /Users/lindawang/Documents/Workspace/quant/.quant312/lib/python3.12/site-packages/nautilus_trader/adapters/interactive_brokers/client/market_data.py:1313> wait_for=<Future pending cb=[Task.task_wakeup()]>>
Task was destroyed but it is pending!
task: <Task pending name='Task-6110' coro=<InteractiveBrokersClientMarketDataMixin._schedule_bar_completion_timeout.<locals>.completion_handler() running at /Users/lindawang/Documents/Workspace/quant/.quant312/lib/python3.12/site-packages/nautilus_trader/adapters/interactive_brokers/client/market_data.py:1313> wait_for=<Future pending cb=[Task.task_wakeup()]>>
Task was destroyed but it is pending!
task: <Task pending name='Task-6112' coro=<InteractiveBrokersClientMarketDataMixin._schedule_bar_completion_timeout.<locals>.completion_handler() running at /Users/lindawang/Documents/Workspace/quant/.quant312/lib/python3.12/site-packages/nautilus_trader/adapters/interactive_brokers/client/market_data.py:1313> wait_for=<Future pending cb=[Task.task_wakeup()]>>
Task was destroyed but it is pending!
task: <Task pending name='Task-6114' coro=<InteractiveBrokersClientMarketDataMixin._schedule_bar_completion_timeout.<locals>.completion_handler() running at /Users/lindawang/Documents/Workspace/quant/.quant312/lib/python3.12/site-packages/nautilus_trader/adapters/interactive_brokers/client/market_data.py:1313> wait_for=<Future pending cb=[Task.task_wakeup()]>>
Task was destroyed but it is pending!
task: <Task pending name='Task-6126' coro=<InteractiveBrokersClientMarketDataMixin._schedule_bar_completion_timeout.<locals>.completion_handler() running at /Users/lindawang/Documents/Workspace/quant/.quant312/lib/python3.12/site-packages/nautilus_trader/adapters/interactive_brokers/client/market_data.py:1313> wait_for=<Future pending cb=[Task.task_wakeup()]>>
Task was destroyed but it is pending!
task: <Task pending name='Task-6128' coro=<InteractiveBrokersClientMarketDataMixin._schedule_bar_completion_timeout.<locals>.completion_handler() running at /Users/lindawang/Documents/Workspace/quant/.quant312/lib/python3.12/site-packages/nautilus_trader/adapters/interactive_brokers/client/market_data.py:1313> wait_for=<Future pending cb=[Task.task_wakeup()]>>
Task was destroyed but it is pending!
task: <Task pending name='Task-6130' coro=<InteractiveBrokersClientMarketDataMixin._schedule_bar_completion_timeout.<locals>.completion_handler() running at /Users/lindawang/Documents/Workspace/quant/.quant312/lib/python3.12/site-packages/nautilus_trader/adapters/interactive_brokers/client/market_data.py:1313> wait_for=<Future pending cb=[Task.task_wakeup()]>>
Task was destroyed but it is pending!
task: <Task pending name='Task-6132' coro=<InteractiveBrokersClientMarketDataMixin._schedule_bar_completion_timeout.<locals>.completion_handler() running at /Users/lindawang/Documents/Workspace/quant/.quant312/lib/python3.12/site-packages/nautilus_trader/adapters/interactive_brokers/client/market_data.py:1313> wait_for=<Future pending cb=[Task.task_wakeup()]>>
Task was destroyed but it is pending!
task: <Task pending name='Task-6134' coro=<InteractiveBrokersClientMarketDataMixin._schedule_bar_completion_timeout.<locals>.completion_handler() running at /Users/lindawang/Documents/Workspace/quant/.quant312/lib/python3.12/site-packages/nautilus_trader/adapters/interactive_brokers/client/market_data.py:1313> wait_for=<Future pending cb=[Task.task_wakeup()]>>
Task was destroyed but it is pending!
task: <Task pending name='Task-6146' coro=<InteractiveBrokersClientMarketDataMixin._schedule_bar_completion_timeout.<locals>.completion_handler() running at /Users/lindawang/Documents/Workspace/quant/.quant312/lib/python3.12/site-packages/nautilus_trader/adapters/interactive_brokers/client/market_data.py:1313> wait_for=<Future pending cb=[Task.task_wakeup()]>>
Task was destroyed but it is pending!
task: <Task pending name='Task-6148' coro=<InteractiveBrokersClientMarketDataMixin._schedule_bar_completion_timeout.<locals>.completion_handler() running at /Users/lindawang/Documents/Workspace/quant/.quant312/lib/python3.12/site-packages/nautilus_trader/adapters/interactive_brokers/client/market_data.py:1313> wait_for=<Future pending cb=[Task.task_wakeup()]>>
Task was destroyed but it is pending!
task: <Task pending name='Task-6150' coro=<InteractiveBrokersClientMarketDataMixin._schedule_bar_completion_timeout.<locals>.completion_handler() running at /Users/lindawang/Documents/Workspace/quant/.quant312/lib/python3.12/site-packages/nautilus_trader/adapters/interactive_brokers/client/market_data.py:1313> wait_for=<Future pending cb=[Task.task_wakeup()]>>
Task was destroyed but it is pending!
task: <Task pending name='Task-6152' coro=<InteractiveBrokersClientMarketDataMixin._schedule_bar_completion_timeout.<locals>.completion_handler() running at /Users/lindawang/Documents/Workspace/quant/.quant312/lib/python3.12/site-packages/nautilus_trader/adapters/interactive_brokers/client/market_data.py:1313> wait_for=<Future pending cb=[Task.task_wakeup()]>>
Task was destroyed but it is pending!
task: <Task pending name='Task-6154' coro=<InteractiveBrokersClientMarketDataMixin._schedule_bar_completion_timeout.<locals>.completion_handler() running at /Users/lindawang/Documents/Workspace/quant/.quant312/lib/python3.12/site-packages/nautilus_trader/adapters/interactive_brokers/client/market_data.py:1313> wait_for=<Future pending cb=[Task.task_wakeup()]>>
Task was destroyed but it is pending!
task: <Task pending name='Task-6166' coro=<InteractiveBrokersClientMarketDataMixin._schedule_bar_completion_timeout.<locals>.completion_handler() running at /Users/lindawang/Documents/Workspace/quant/.quant312/lib/python3.12/site-packages/nautilus_trader/adapters/interactive_brokers/client/market_data.py:1313> wait_for=<Future pending cb=[Task.task_wakeup()]>>
Task was destroyed but it is pending!
task: <Task pending name='Task-6168' coro=<InteractiveBrokersClientMarketDataMixin._schedule_bar_completion_timeout.<locals>.completion_handler() running at /Users/lindawang/Documents/Workspace/quant/.quant312/lib/python3.12/site-packages/nautilus_trader/adapters/interactive_brokers/client/market_data.py:1313> wait_for=<Future pending cb=[Task.task_wakeup()]>>
Task was destroyed but it is pending!
task: <Task pending name='Task-6170' coro=<InteractiveBrokersClientMarketDataMixin._schedule_bar_completion_timeout.<locals>.completion_handler() running at /Users/lindawang/Documents/Workspace/quant/.quant312/lib/python3.12/site-packages/nautilus_trader/adapters/interactive_brokers/client/market_data.py:1313> wait_for=<Future pending cb=[Task.task_wakeup()]>>
Task was destroyed but it is pending!
task: <Task pending name='Task-6172' coro=<InteractiveBrokersClientMarketDataMixin._schedule_bar_completion_timeout.<locals>.completion_handler() running at /Users/lindawang/Documents/Workspace/quant/.quant312/lib/python3.12/site-packages/nautilus_trader/adapters/interactive_brokers/client/market_data.py:1313> wait_for=<Future pending cb=[Task.task_wakeup()]>>
Task was destroyed but it is pending!
task: <Task pending name='Task-6174' coro=<InteractiveBrokersClientMarketDataMixin._schedule_bar_completion_timeout.<locals>.completion_handler() running at /Users/lindawang/Documents/Workspace/quant/.quant312/lib/python3.12/site-packages/nautilus_trader/adapters/interactive_brokers/client/market_data.py:1313> wait_for=<Future pending cb=[Task.task_wakeup()]>>
Task was destroyed but it is pending!
task: <Task pending name='Task-6186' coro=<InteractiveBrokersClientMarketDataMixin._schedule_bar_completion_timeout.<locals>.completion_handler() running at /Users/lindawang/Documents/Workspace/quant/.quant312/lib/python3.12/site-packages/nautilus_trader/adapters/interactive_brokers/client/market_data.py:1313> wait_for=<Future pending cb=[Task.task_wakeup()]>>
Task was destroyed but it is pending!
task: <Task pending name='Task-6188' coro=<InteractiveBrokersClientMarketDataMixin._schedule_bar_completion_timeout.<locals>.completion_handler() running at /Users/lindawang/Documents/Workspace/quant/.quant312/lib/python3.12/site-packages/nautilus_trader/adapters/interactive_brokers/client/market_data.py:1313> wait_for=<Future pending cb=[Task.task_wakeup()]>>
Task was destroyed but it is pending!
task: <Task pending name='Task-6190' coro=<InteractiveBrokersClientMarketDataMixin._schedule_bar_completion_timeout.<locals>.completion_handler() running at /Users/lindawang/Documents/Workspace/quant/.quant312/lib/python3.12/site-packages/nautilus_trader/adapters/interactive_brokers/client/market_data.py:1313> wait_for=<Future pending cb=[Task.task_wakeup()]>>
Task was destroyed but it is pending!
task: <Task pending name='Task-6192' coro=<InteractiveBrokersClientMarketDataMixin._schedule_bar_completion_timeout.<locals>.completion_handler() running at /Users/lindawang/Documents/Workspace/quant/.quant312/lib/python3.12/site-packages/nautilus_trader/adapters/interactive_brokers/client/market_data.py:1313> wait_for=<Future pending cb=[Task.task_wakeup()]>>
Task was destroyed but it is pending!
task: <Task pending name='Task-6194' coro=<InteractiveBrokersClientMarketDataMixin._schedule_bar_completion_timeout.<locals>.completion_handler() running at /Users/lindawang/Documents/Workspace/quant/.quant312/lib/python3.12/site-packages/nautilus_trader/adapters/interactive_brokers/client/market_data.py:1313> wait_for=<Future pending cb=[Task.task_wakeup()]>>
Task was destroyed but it is pending!
task: <Task pending name='Task-6206' coro=<InteractiveBrokersClientMarketDataMixin._schedule_bar_completion_timeout.<locals>.completion_handler() running at /Users/lindawang/Documents/Workspace/quant/.quant312/lib/python3.12/site-packages/nautilus_trader/adapters/interactive_brokers/client/market_data.py:1313> wait_for=<Future pending cb=[Task.task_wakeup()]>>
Task was destroyed but it is pending!
task: <Task pending name='Task-6208' coro=<InteractiveBrokersClientMarketDataMixin._schedule_bar_completion_timeout.<locals>.completion_handler() running at /Users/lindawang/Documents/Workspace/quant/.quant312/lib/python3.12/site-packages/nautilus_trader/adapters/interactive_brokers/client/market_data.py:1313> wait_for=<Future pending cb=[Task.task_wakeup()]>>
Task was destroyed but it is pending!
task: <Task pending name='Task-6210' coro=<InteractiveBrokersClientMarketDataMixin._schedule_bar_completion_timeout.<locals>.completion_handler() running at /Users/lindawang/Documents/Workspace/quant/.quant312/lib/python3.12/site-packages/nautilus_trader/adapters/interactive_brokers/client/market_data.py:1313> wait_for=<Future pending cb=[Task.task_wakeup()]>>
Task was destroyed but it is pending!
task: <Task pending name='Task-6212' coro=<InteractiveBrokersClientMarketDataMixin._schedule_bar_completion_timeout.<locals>.completion_handler() running at /Users/lindawang/Documents/Workspace/quant/.quant312/lib/python3.12/site-packages/nautilus_trader/adapters/interactive_brokers/client/market_data.py:1313> wait_for=<Future pending cb=[Task.task_wakeup()]>>
Task was destroyed but it is pending!
task: <Task pending name='Task-6214' coro=<InteractiveBrokersClientMarketDataMixin._schedule_bar_completion_timeout.<locals>.completion_handler() running at /Users/lindawang/Documents/Workspace/quant/.quant312/lib/python3.12/site-packages/nautilus_trader/adapters/interactive_brokers/client/market_data.py:1313> wait_for=<Future pending cb=[Task.task_wakeup()]>>
Task was destroyed but it is pending!
task: <Task pending name='Task-6226' coro=<InteractiveBrokersClientMarketDataMixin._schedule_bar_completion_timeout.<locals>.completion_handler() running at /Users/lindawang/Documents/Workspace/quant/.quant312/lib/python3.12/site-packages/nautilus_trader/adapters/interactive_brokers/client/market_data.py:1313> wait_for=<Future pending cb=[Task.task_wakeup()]>>
Task was destroyed but it is pending!
task: <Task pending name='Task-6228' coro=<InteractiveBrokersClientMarketDataMixin._schedule_bar_completion_timeout.<locals>.completion_handler() running at /Users/lindawang/Documents/Workspace/quant/.quant312/lib/python3.12/site-packages/nautilus_trader/adapters/interactive_brokers/client/market_data.py:1313> wait_for=<Future pending cb=[Task.task_wakeup()]>>
Task was destroyed but it is pending!
task: <Task pending name='Task-6230' coro=<InteractiveBrokersClientMarketDataMixin._schedule_bar_completion_timeout.<locals>.completion_handler() running at /Users/lindawang/Documents/Workspace/quant/.quant312/lib/python3.12/site-packages/nautilus_trader/adapters/interactive_brokers/client/market_data.py:1313> wait_for=<Future pending cb=[Task.task_wakeup()]>>
Task was destroyed but it is pending!
task: <Task pending name='Task-6232' coro=<InteractiveBrokersClientMarketDataMixin._schedule_bar_completion_timeout.<locals>.completion_handler() running at /Users/lindawang/Documents/Workspace/quant/.quant312/lib/python3.12/site-packages/nautilus_trader/adapters/interactive_brokers/client/market_data.py:1313> wait_for=<Future pending cb=[Task.task_wakeup()]>>
Task was destroyed but it is pending!
task: <Task pending name='Task-6234' coro=<InteractiveBrokersClientMarketDataMixin._schedule_bar_completion_timeout.<locals>.completion_handler() running at /Users/lindawang/Documents/Workspace/quant/.quant312/lib/python3.12/site-packages/nautilus_trader/adapters/interactive_brokers/client/market_data.py:1313> wait_for=<Future pending cb=[Task.task_wakeup()]>>
Task was destroyed but it is pending!
task: <Task pending name='Task-6246' coro=<InteractiveBrokersClientMarketDataMixin._schedule_bar_completion_timeout.<locals>.completion_handler() running at /Users/lindawang/Documents/Workspace/quant/.quant312/lib/python3.12/site-packages/nautilus_trader/adapters/interactive_brokers/client/market_data.py:1313> wait_for=<Future pending cb=[Task.task_wakeup()]>>
Task was destroyed but it is pending!
task: <Task pending name='Task-6248' coro=<InteractiveBrokersClientMarketDataMixin._schedule_bar_completion_timeout.<locals>.completion_handler() running at /Users/lindawang/Documents/Workspace/quant/.quant312/lib/python3.12/site-packages/nautilus_trader/adapters/interactive_brokers/client/market_data.py:1313> wait_for=<Future pending cb=[Task.task_wakeup()]>>
Task was destroyed but it is pending!
task: <Task pending name='Task-6250' coro=<InteractiveBrokersClientMarketDataMixin._schedule_bar_completion_timeout.<locals>.completion_handler() running at /Users/lindawang/Documents/Workspace/quant/.quant312/lib/python3.12/site-packages/nautilus_trader/adapters/interactive_brokers/client/market_data.py:1313> wait_for=<Future pending cb=[Task.task_wakeup()]>>
Task was destroyed but it is pending!
task: <Task pending name='Task-6252' coro=<InteractiveBrokersClientMarketDataMixin._schedule_bar_completion_timeout.<locals>.completion_handler() running at /Users/lindawang/Documents/Workspace/quant/.quant312/lib/python3.12/site-packages/nautilus_trader/adapters/interactive_brokers/client/market_data.py:1313> wait_for=<Future pending cb=[Task.task_wakeup()]>>
Task was destroyed but it is pending!
task: <Task pending name='Task-6254' coro=<InteractiveBrokersClientMarketDataMixin._schedule_bar_completion_timeout.<locals>.completion_handler() running at /Users/lindawang/Documents/Workspace/quant/.quant312/lib/python3.12/site-packages/nautilus_trader/adapters/interactive_brokers/client/market_data.py:1313> wait_for=<Future pending cb=[Task.task_wakeup()]>>
Task was destroyed but it is pending!
task: <Task pending name='Task-6266' coro=<InteractiveBrokersClientMarketDataMixin._schedule_bar_completion_timeout.<locals>.completion_handler() running at /Users/lindawang/Documents/Workspace/quant/.quant312/lib/python3.12/site-packages/nautilus_trader/adapters/interactive_brokers/client/market_data.py:1313> wait_for=<Future pending cb=[Task.task_wakeup()]>>
Task was destroyed but it is pending!
task: <Task pending name='Task-6268' coro=<InteractiveBrokersClientMarketDataMixin._schedule_bar_completion_timeout.<locals>.completion_handler() running at /Users/lindawang/Documents/Workspace/quant/.quant312/lib/python3.12/site-packages/nautilus_trader/adapters/interactive_brokers/client/market_data.py:1313> wait_for=<Future pending cb=[Task.task_wakeup()]>>
Task was destroyed but it is pending!
task: <Task pending name='Task-6270' coro=<InteractiveBrokersClientMarketDataMixin._schedule_bar_completion_timeout.<locals>.completion_handler() running at /Users/lindawang/Documents/Workspace/quant/.quant312/lib/python3.12/site-packages/nautilus_trader/adapters/interactive_brokers/client/market_data.py:1313> wait_for=<Future pending cb=[Task.task_wakeup()]>>
Task was destroyed but it is pending!
task: <Task pending name='Task-6272' coro=<InteractiveBrokersClientMarketDataMixin._schedule_bar_completion_timeout.<locals>.completion_handler() running at /Users/lindawang/Documents/Workspace/quant/.quant312/lib/python3.12/site-packages/nautilus_trader/adapters/interactive_brokers/client/market_data.py:1313> wait_for=<Future pending cb=[Task.task_wakeup()]>>
Task was destroyed but it is pending!
task: <Task pending name='Task-6274' coro=<InteractiveBrokersClientMarketDataMixin._schedule_bar_completion_timeout.<locals>.completion_handler() running at /Users/lindawang/Documents/Workspace/quant/.quant312/lib/python3.12/site-packages/nautilus_trader/adapters/interactive_brokers/client/market_data.py:1313> wait_for=<Future pending cb=[Task.task_wakeup()]>>
Task was destroyed but it is pending!
task: <Task pending name='Task-6286' coro=<InteractiveBrokersClientMarketDataMixin._schedule_bar_completion_timeout.<locals>.completion_handler() running at /Users/lindawang/Documents/Workspace/quant/.quant312/lib/python3.12/site-packages/nautilus_trader/adapters/interactive_brokers/client/market_data.py:1313> wait_for=<Future pending cb=[Task.task_wakeup()]>>
Task was destroyed but it is pending!
task: <Task pending name='Task-6288' coro=<InteractiveBrokersClientMarketDataMixin._schedule_bar_completion_timeout.<locals>.completion_handler() running at /Users/lindawang/Documents/Workspace/quant/.quant312/lib/python3.12/site-packages/nautilus_trader/adapters/interactive_brokers/client/market_data.py:1313> wait_for=<Future pending cb=[Task.task_wakeup()]>>
Task was destroyed but it is pending!
task: <Task pending name='Task-6290' coro=<InteractiveBrokersClientMarketDataMixin._schedule_bar_completion_timeout.<locals>.completion_handler() running at /Users/lindawang/Documents/Workspace/quant/.quant312/lib/python3.12/site-packages/nautilus_trader/adapters/interactive_brokers/client/market_data.py:1313> wait_for=<Future pending cb=[Task.task_wakeup()]>>
Task was destroyed but it is pending!
task: <Task pending name='Task-6292' coro=<InteractiveBrokersClientMarketDataMixin._schedule_bar_completion_timeout.<locals>.completion_handler() running at /Users/lindawang/Documents/Workspace/quant/.quant312/lib/python3.12/site-packages/nautilus_trader/adapters/interactive_brokers/client/market_data.py:1313> wait_for=<Future pending cb=[Task.task_wakeup()]>>
Task was destroyed but it is pending!
task: <Task pending name='Task-6294' coro=<InteractiveBrokersClientMarketDataMixin._schedule_bar_completion_timeout.<locals>.completion_handler() running at /Users/lindawang/Documents/Workspace/quant/.quant312/lib/python3.12/site-packages/nautilus_trader/adapters/interactive_brokers/client/market_data.py:1313> wait_for=<Future pending cb=[Task.task_wakeup()]>>
Task was destroyed but it is pending!
task: <Task pending name='Task-6306' coro=<InteractiveBrokersClientMarketDataMixin._schedule_bar_completion_timeout.<locals>.completion_handler() running at /Users/lindawang/Documents/Workspace/quant/.quant312/lib/python3.12/site-packages/nautilus_trader/adapters/interactive_brokers/client/market_data.py:1313> wait_for=<Future pending cb=[Task.task_wakeup()]>>
Task was destroyed but it is pending!
task: <Task pending name='Task-6308' coro=<InteractiveBrokersClientMarketDataMixin._schedule_bar_completion_timeout.<locals>.completion_handler() running at /Users/lindawang/Documents/Workspace/quant/.quant312/lib/python3.12/site-packages/nautilus_trader/adapters/interactive_brokers/client/market_data.py:1313> wait_for=<Future pending cb=[Task.task_wakeup()]>>
Task was destroyed but it is pending!
task: <Task pending name='Task-6310' coro=<InteractiveBrokersClientMarketDataMixin._schedule_bar_completion_timeout.<locals>.completion_handler() running at /Users/lindawang/Documents/Workspace/quant/.quant312/lib/python3.12/site-packages/nautilus_trader/adapters/interactive_brokers/client/market_data.py:1313> wait_for=<Future pending cb=[Task.task_wakeup()]>>
Task was destroyed but it is pending!
task: <Task pending name='Task-6312' coro=<InteractiveBrokersClientMarketDataMixin._schedule_bar_completion_timeout.<locals>.completion_handler() running at /Users/lindawang/Documents/Workspace/quant/.quant312/lib/python3.12/site-packages/nautilus_trader/adapters/interactive_brokers/client/market_data.py:1313> wait_for=<Future pending cb=[Task.task_wakeup()]>>
Task was destroyed but it is pending!
task: <Task pending name='Task-6314' coro=<InteractiveBrokersClientMarketDataMixin._schedule_bar_completion_timeout.<locals>.completion_handler() running at /Users/lindawang/Documents/Workspace/quant/.quant312/lib/python3.12/site-packages/nautilus_trader/adapters/interactive_brokers/client/market_data.py:1313> wait_for=<Future pending cb=[Task.task_wakeup()]>>
Task was destroyed but it is pending!
task: <Task pending name='Task-6326' coro=<InteractiveBrokersClientMarketDataMixin._schedule_bar_completion_timeout.<locals>.completion_handler() running at /Users/lindawang/Documents/Workspace/quant/.quant312/lib/python3.12/site-packages/nautilus_trader/adapters/interactive_brokers/client/market_data.py:1313> wait_for=<Future pending cb=[Task.task_wakeup()]>>
Task was destroyed but it is pending!
task: <Task pending name='Task-6328' coro=<InteractiveBrokersClientMarketDataMixin._schedule_bar_completion_timeout.<locals>.completion_handler() running at /Users/lindawang/Documents/Workspace/quant/.quant312/lib/python3.12/site-packages/nautilus_trader/adapters/interactive_brokers/client/market_data.py:1313> wait_for=<Future pending cb=[Task.task_wakeup()]>>
Task was destroyed but it is pending!
task: <Task pending name='Task-6330' coro=<InteractiveBrokersClientMarketDataMixin._schedule_bar_completion_timeout.<locals>.completion_handler() running at /Users/lindawang/Documents/Workspace/quant/.quant312/lib/python3.12/site-packages/nautilus_trader/adapters/interactive_brokers/client/market_data.py:1313> wait_for=<Future pending cb=[Task.task_wakeup()]>>
Task was destroyed but it is pending!
task: <Task pending name='Task-6332' coro=<InteractiveBrokersClientMarketDataMixin._schedule_bar_completion_timeout.<locals>.completion_handler() running at /Users/lindawang/Documents/Workspace/quant/.quant312/lib/python3.12/site-packages/nautilus_trader/adapters/interactive_brokers/client/market_data.py:1313> wait_for=<Future pending cb=[Task.task_wakeup()]>>
Task was destroyed but it is pending!
task: <Task pending name='Task-6334' coro=<InteractiveBrokersClientMarketDataMixin._schedule_bar_completion_timeout.<locals>.completion_handler() running at /Users/lindawang/Documents/Workspace/quant/.quant312/lib/python3.12/site-packages/nautilus_trader/adapters/interactive_brokers/client/market_data.py:1313> wait_for=<Future pending cb=[Task.task_wakeup()]>>
Task was destroyed but it is pending!
task: <Task pending name='Task-6346' coro=<InteractiveBrokersClientMarketDataMixin._schedule_bar_completion_timeout.<locals>.completion_handler() running at /Users/lindawang/Documents/Workspace/quant/.quant312/lib/python3.12/site-packages/nautilus_trader/adapters/interactive_brokers/client/market_data.py:1313> wait_for=<Future pending cb=[Task.task_wakeup()]>>
Task was destroyed but it is pending!
task: <Task pending name='Task-6348' coro=<InteractiveBrokersClientMarketDataMixin._schedule_bar_completion_timeout.<locals>.completion_handler() running at /Users/lindawang/Documents/Workspace/quant/.quant312/lib/python3.12/site-packages/nautilus_trader/adapters/interactive_brokers/client/market_data.py:1313> wait_for=<Future pending cb=[Task.task_wakeup()]>>
Task was destroyed but it is pending!
task: <Task pending name='Task-6350' coro=<InteractiveBrokersClientMarketDataMixin._schedule_bar_completion_timeout.<locals>.completion_handler() running at /Users/lindawang/Documents/Workspace/quant/.quant312/lib/python3.12/site-packages/nautilus_trader/adapters/interactive_brokers/client/market_data.py:1313> wait_for=<Future pending cb=[Task.task_wakeup()]>>
Task was destroyed but it is pending!
task: <Task pending name='Task-6352' coro=<InteractiveBrokersClientMarketDataMixin._schedule_bar_completion_timeout.<locals>.completion_handler() running at /Users/lindawang/Documents/Workspace/quant/.quant312/lib/python3.12/site-packages/nautilus_trader/adapters/interactive_brokers/client/market_data.py:1313> wait_for=<Future pending cb=[Task.task_wakeup()]>>
Task was destroyed but it is pending!
task: <Task pending name='Task-6354' coro=<InteractiveBrokersClientMarketDataMixin._schedule_bar_completion_timeout.<locals>.completion_handler() running at /Users/lindawang/Documents/Workspace/quant/.quant312/lib/python3.12/site-packages/nautilus_trader/adapters/interactive_brokers/client/market_data.py:1313> wait_for=<Future pending cb=[Task.task_wakeup()]>>
Task was destroyed but it is pending!
task: <Task pending name='Task-6366' coro=<InteractiveBrokersClientMarketDataMixin._schedule_bar_completion_timeout.<locals>.completion_handler() running at /Users/lindawang/Documents/Workspace/quant/.quant312/lib/python3.12/site-packages/nautilus_trader/adapters/interactive_brokers/client/market_data.py:1313> wait_for=<Future pending cb=[Task.task_wakeup()]>>
Task was destroyed but it is pending!
task: <Task pending name='Task-6368' coro=<InteractiveBrokersClientMarketDataMixin._schedule_bar_completion_timeout.<locals>.completion_handler() running at /Users/lindawang/Documents/Workspace/quant/.quant312/lib/python3.12/site-packages/nautilus_trader/adapters/interactive_brokers/client/market_data.py:1313> wait_for=<Future pending cb=[Task.task_wakeup()]>>
Task was destroyed but it is pending!
task: <Task pending name='Task-6370' coro=<InteractiveBrokersClientMarketDataMixin._schedule_bar_completion_timeout.<locals>.completion_handler() running at /Users/lindawang/Documents/Workspace/quant/.quant312/lib/python3.12/site-packages/nautilus_trader/adapters/interactive_brokers/client/market_data.py:1313> wait_for=<Future pending cb=[Task.task_wakeup()]>>
Task was destroyed but it is pending!
task: <Task pending name='Task-6372' coro=<InteractiveBrokersClientMarketDataMixin._schedule_bar_completion_timeout.<locals>.completion_handler() running at /Users/lindawang/Documents/Workspace/quant/.quant312/lib/python3.12/site-packages/nautilus_trader/adapters/interactive_brokers/client/market_data.py:1313> wait_for=<Future pending cb=[Task.task_wakeup()]>>
Task was destroyed but it is pending!
task: <Task pending name='Task-6374' coro=<InteractiveBrokersClientMarketDataMixin._schedule_bar_completion_timeout.<locals>.completion_handler() running at /Users/lindawang/Documents/Workspace/quant/.quant312/lib/python3.12/site-packages/nautilus_trader/adapters/interactive_brokers/client/market_data.py:1313> wait_for=<Future pending cb=[Task.task_wakeup()]>>
Task was destroyed but it is pending!
task: <Task pending name='Task-6386' coro=<InteractiveBrokersClientMarketDataMixin._schedule_bar_completion_timeout.<locals>.completion_handler() running at /Users/lindawang/Documents/Workspace/quant/.quant312/lib/python3.12/site-packages/nautilus_trader/adapters/interactive_brokers/client/market_data.py:1313> wait_for=<Future pending cb=[Task.task_wakeup()]>>
Task was destroyed but it is pending!
task: <Task pending name='Task-6388' coro=<InteractiveBrokersClientMarketDataMixin._schedule_bar_completion_timeout.<locals>.completion_handler() running at /Users/lindawang/Documents/Workspace/quant/.quant312/lib/python3.12/site-packages/nautilus_trader/adapters/interactive_brokers/client/market_data.py:1313> wait_for=<Future pending cb=[Task.task_wakeup()]>>
Task was destroyed but it is pending!
task: <Task pending name='Task-6390' coro=<InteractiveBrokersClientMarketDataMixin._schedule_bar_completion_timeout.<locals>.completion_handler() running at /Users/lindawang/Documents/Workspace/quant/.quant312/lib/python3.12/site-packages/nautilus_trader/adapters/interactive_brokers/client/market_data.py:1313> wait_for=<Future pending cb=[Task.task_wakeup()]>>
Task was destroyed but it is pending!
task: <Task pending name='Task-6392' coro=<InteractiveBrokersClientMarketDataMixin._schedule_bar_completion_timeout.<locals>.completion_handler() running at /Users/lindawang/Documents/Workspace/quant/.quant312/lib/python3.12/site-packages/nautilus_trader/adapters/interactive_brokers/client/market_data.py:1313> wait_for=<Future pending cb=[Task.task_wakeup()]>>
Task was destroyed but it is pending!
task: <Task pending name='Task-6394' coro=<InteractiveBrokersClientMarketDataMixin._schedule_bar_completion_timeout.<locals>.completion_handler() running at /Users/lindawang/Documents/Workspace/quant/.quant312/lib/python3.12/site-packages/nautilus_trader/adapters/interactive_brokers/client/market_data.py:1313> wait_for=<Future pending cb=[Task.task_wakeup()]>>
Task was destroyed but it is pending!
task: <Task pending name='Task-6406' coro=<InteractiveBrokersClientMarketDataMixin._schedule_bar_completion_timeout.<locals>.completion_handler() running at /Users/lindawang/Documents/Workspace/quant/.quant312/lib/python3.12/site-packages/nautilus_trader/adapters/interactive_brokers/client/market_data.py:1313> wait_for=<Future pending cb=[Task.task_wakeup()]>>
Task was destroyed but it is pending!
task: <Task pending name='Task-6408' coro=<InteractiveBrokersClientMarketDataMixin._schedule_bar_completion_timeout.<locals>.completion_handler() running at /Users/lindawang/Documents/Workspace/quant/.quant312/lib/python3.12/site-packages/nautilus_trader/adapters/interactive_brokers/client/market_data.py:1313> wait_for=<Future pending cb=[Task.task_wakeup()]>>
Task was destroyed but it is pending!
task: <Task pending name='Task-6410' coro=<InteractiveBrokersClientMarketDataMixin._schedule_bar_completion_timeout.<locals>.completion_handler() running at /Users/lindawang/Documents/Workspace/quant/.quant312/lib/python3.12/site-packages/nautilus_trader/adapters/interactive_brokers/client/market_data.py:1313> wait_for=<Future pending cb=[Task.task_wakeup()]>>
Task was destroyed but it is pending!
task: <Task pending name='Task-6412' coro=<InteractiveBrokersClientMarketDataMixin._schedule_bar_completion_timeout.<locals>.completion_handler() running at /Users/lindawang/Documents/Workspace/quant/.quant312/lib/python3.12/site-packages/nautilus_trader/adapters/interactive_brokers/client/market_data.py:1313> wait_for=<Future pending cb=[Task.task_wakeup()]>>
Task was destroyed but it is pending!
task: <Task pending name='Task-6414' coro=<InteractiveBrokersClientMarketDataMixin._schedule_bar_completion_timeout.<locals>.completion_handler() running at /Users/lindawang/Documents/Workspace/quant/.quant312/lib/python3.12/site-packages/nautilus_trader/adapters/interactive_brokers/client/market_data.py:1313> wait_for=<Future pending cb=[Task.task_wakeup()]>>
Task was destroyed but it is pending!
task: <Task pending name='Task-6426' coro=<InteractiveBrokersClientMarketDataMixin._schedule_bar_completion_timeout.<locals>.completion_handler() running at /Users/lindawang/Documents/Workspace/quant/.quant312/lib/python3.12/site-packages/nautilus_trader/adapters/interactive_brokers/client/market_data.py:1313> wait_for=<Future pending cb=[Task.task_wakeup()]>>
Task was destroyed but it is pending!
task: <Task pending name='Task-6428' coro=<InteractiveBrokersClientMarketDataMixin._schedule_bar_completion_timeout.<locals>.completion_handler() running at /Users/lindawang/Documents/Workspace/quant/.quant312/lib/python3.12/site-packages/nautilus_trader/adapters/interactive_brokers/client/market_data.py:1313> wait_for=<Future pending cb=[Task.task_wakeup()]>>
Task was destroyed but it is pending!
task: <Task pending name='Task-6430' coro=<InteractiveBrokersClientMarketDataMixin._schedule_bar_completion_timeout.<locals>.completion_handler() running at /Users/lindawang/Documents/Workspace/quant/.quant312/lib/python3.12/site-packages/nautilus_trader/adapters/interactive_brokers/client/market_data.py:1313> wait_for=<Future pending cb=[Task.task_wakeup()]>>
Task was destroyed but it is pending!
task: <Task pending name='Task-6432' coro=<InteractiveBrokersClientMarketDataMixin._schedule_bar_completion_timeout.<locals>.completion_handler() running at /Users/lindawang/Documents/Workspace/quant/.quant312/lib/python3.12/site-packages/nautilus_trader/adapters/interactive_brokers/client/market_data.py:1313> wait_for=<Future pending cb=[Task.task_wakeup()]>>
Task was destroyed but it is pending!
task: <Task pending name='Task-6434' coro=<InteractiveBrokersClientMarketDataMixin._schedule_bar_completion_timeout.<locals>.completion_handler() running at /Users/lindawang/Documents/Workspace/quant/.quant312/lib/python3.12/site-packages/nautilus_trader/adapters/interactive_brokers/client/market_data.py:1313> wait_for=<Future pending cb=[Task.task_wakeup()]>>
Task was destroyed but it is pending!
task: <Task pending name='Task-6447' coro=<InteractiveBrokersClientMarketDataMixin._schedule_bar_completion_timeout.<locals>.completion_handler() running at /Users/lindawang/Documents/Workspace/quant/.quant312/lib/python3.12/site-packages/nautilus_trader/adapters/interactive_brokers/client/market_data.py:1313> wait_for=<Future pending cb=[Task.task_wakeup()]>>
Task was destroyed but it is pending!
task: <Task pending name='Task-6449' coro=<InteractiveBrokersClientMarketDataMixin._schedule_bar_completion_timeout.<locals>.completion_handler() running at /Users/lindawang/Documents/Workspace/quant/.quant312/lib/python3.12/site-packages/nautilus_trader/adapters/interactive_brokers/client/market_data.py:1313> wait_for=<Future pending cb=[Task.task_wakeup()]>>
Task was destroyed but it is pending!
task: <Task pending name='Task-6451' coro=<InteractiveBrokersClientMarketDataMixin._schedule_bar_completion_timeout.<locals>.completion_handler() running at /Users/lindawang/Documents/Workspace/quant/.quant312/lib/python3.12/site-packages/nautilus_trader/adapters/interactive_brokers/client/market_data.py:1313> wait_for=<Future pending cb=[Task.task_wakeup()]>>
Task was destroyed but it is pending!
task: <Task pending name='Task-6453' coro=<InteractiveBrokersClientMarketDataMixin._schedule_bar_completion_timeout.<locals>.completion_handler() running at /Users/lindawang/Documents/Workspace/quant/.quant312/lib/python3.12/site-packages/nautilus_trader/adapters/interactive_brokers/client/market_data.py:1313> wait_for=<Future pending cb=[Task.task_wakeup()]>>
Task was destroyed but it is pending!
task: <Task pending name='Task-6455' coro=<InteractiveBrokersClientMarketDataMixin._schedule_bar_completion_timeout.<locals>.completion_handler() running at /Users/lindawang/Documents/Workspace/quant/.quant312/lib/python3.12/site-packages/nautilus_trader/adapters/interactive_brokers/client/market_data.py:1313> wait_for=<Future pending cb=[Task.task_wakeup()]>>
Task was destroyed but it is pending!
task: <Task pending name='Task-6467' coro=<InteractiveBrokersClientMarketDataMixin._schedule_bar_completion_timeout.<locals>.completion_handler() running at /Users/lindawang/Documents/Workspace/quant/.quant312/lib/python3.12/site-packages/nautilus_trader/adapters/interactive_brokers/client/market_data.py:1313> wait_for=<Future pending cb=[Task.task_wakeup()]>>
Task was destroyed but it is pending!
task: <Task pending name='Task-6469' coro=<InteractiveBrokersClientMarketDataMixin._schedule_bar_completion_timeout.<locals>.completion_handler() running at /Users/lindawang/Documents/Workspace/quant/.quant312/lib/python3.12/site-packages/nautilus_trader/adapters/interactive_brokers/client/market_data.py:1313> wait_for=<Future pending cb=[Task.task_wakeup()]>>
Task was destroyed but it is pending!
task: <Task pending name='Task-6471' coro=<InteractiveBrokersClientMarketDataMixin._schedule_bar_completion_timeout.<locals>.completion_handler() running at /Users/lindawang/Documents/Workspace/quant/.quant312/lib/python3.12/site-packages/nautilus_trader/adapters/interactive_brokers/client/market_data.py:1313> wait_for=<Future pending cb=[Task.task_wakeup()]>>
Task was destroyed but it is pending!
task: <Task pending name='Task-6473' coro=<InteractiveBrokersClientMarketDataMixin._schedule_bar_completion_timeout.<locals>.completion_handler() running at /Users/lindawang/Documents/Workspace/quant/.quant312/lib/python3.12/site-packages/nautilus_trader/adapters/interactive_brokers/client/market_data.py:1313> wait_for=<Future pending cb=[Task.task_wakeup()]>>
Task was destroyed but it is pending!
task: <Task pending name='Task-6475' coro=<InteractiveBrokersClientMarketDataMixin._schedule_bar_completion_timeout.<locals>.completion_handler() running at /Users/lindawang/Documents/Workspace/quant/.quant312/lib/python3.12/site-packages/nautilus_trader/adapters/interactive_brokers/client/market_data.py:1313> wait_for=<Future pending cb=[Task.task_wakeup()]>>
Task was destroyed but it is pending!
task: <Task pending name='Task-6487' coro=<InteractiveBrokersClientMarketDataMixin._schedule_bar_completion_timeout.<locals>.completion_handler() running at /Users/lindawang/Documents/Workspace/quant/.quant312/lib/python3.12/site-packages/nautilus_trader/adapters/interactive_brokers/client/market_data.py:1313> wait_for=<Future pending cb=[Task.task_wakeup()]>>
Task was destroyed but it is pending!
task: <Task pending name='Task-6489' coro=<InteractiveBrokersClientMarketDataMixin._schedule_bar_completion_timeout.<locals>.completion_handler() running at /Users/lindawang/Documents/Workspace/quant/.quant312/lib/python3.12/site-packages/nautilus_trader/adapters/interactive_brokers/client/market_data.py:1313> wait_for=<Future pending cb=[Task.task_wakeup()]>>
Task was destroyed but it is pending!
task: <Task pending name='Task-6491' coro=<InteractiveBrokersClientMarketDataMixin._schedule_bar_completion_timeout.<locals>.completion_handler() running at /Users/lindawang/Documents/Workspace/quant/.quant312/lib/python3.12/site-packages/nautilus_trader/adapters/interactive_brokers/client/market_data.py:1313> wait_for=<Future pending cb=[Task.task_wakeup()]>>
Task was destroyed but it is pending!
task: <Task pending name='Task-6493' coro=<InteractiveBrokersClientMarketDataMixin._schedule_bar_completion_timeout.<locals>.completion_handler() running at /Users/lindawang/Documents/Workspace/quant/.quant312/lib/python3.12/site-packages/nautilus_trader/adapters/interactive_brokers/client/market_data.py:1313> wait_for=<Future pending cb=[Task.task_wakeup()]>>
Task was destroyed but it is pending!
task: <Task pending name='Task-6495' coro=<InteractiveBrokersClientMarketDataMixin._schedule_bar_completion_timeout.<locals>.completion_handler() running at /Users/lindawang/Documents/Workspace/quant/.quant312/lib/python3.12/site-packages/nautilus_trader/adapters/interactive_brokers/client/market_data.py:1313> wait_for=<Future pending cb=[Task.task_wakeup()]>>
Task was destroyed but it is pending!
task: <Task pending name='Task-6507' coro=<InteractiveBrokersClientMarketDataMixin._schedule_bar_completion_timeout.<locals>.completion_handler() running at /Users/lindawang/Documents/Workspace/quant/.quant312/lib/python3.12/site-packages/nautilus_trader/adapters/interactive_brokers/client/market_data.py:1313> wait_for=<Future pending cb=[Task.task_wakeup()]>>
Task was destroyed but it is pending!
task: <Task pending name='Task-6509' coro=<InteractiveBrokersClientMarketDataMixin._schedule_bar_completion_timeout.<locals>.completion_handler() running at /Users/lindawang/Documents/Workspace/quant/.quant312/lib/python3.12/site-packages/nautilus_trader/adapters/interactive_brokers/client/market_data.py:1313> wait_for=<Future pending cb=[Task.task_wakeup()]>>
Task was destroyed but it is pending!
task: <Task pending name='Task-6511' coro=<InteractiveBrokersClientMarketDataMixin._schedule_bar_completion_timeout.<locals>.completion_handler() running at /Users/lindawang/Documents/Workspace/quant/.quant312/lib/python3.12/site-packages/nautilus_trader/adapters/interactive_brokers/client/market_data.py:1313> wait_for=<Future pending cb=[Task.task_wakeup()]>>
Task was destroyed but it is pending!
task: <Task pending name='Task-6513' coro=<InteractiveBrokersClientMarketDataMixin._schedule_bar_completion_timeout.<locals>.completion_handler() running at /Users/lindawang/Documents/Workspace/quant/.quant312/lib/python3.12/site-packages/nautilus_trader/adapters/interactive_brokers/client/market_data.py:1313> wait_for=<Future pending cb=[Task.task_wakeup()]>>
Task was destroyed but it is pending!
task: <Task pending name='Task-6515' coro=<InteractiveBrokersClientMarketDataMixin._schedule_bar_completion_timeout.<locals>.completion_handler() running at /Users/lindawang/Documents/Workspace/quant/.quant312/lib/python3.12/site-packages/nautilus_trader/adapters/interactive_brokers/client/market_data.py:1313> wait_for=<Future pending cb=[Task.task_wakeup()]>>
Task was destroyed but it is pending!
task: <Task pending name='Task-6527' coro=<InteractiveBrokersClientMarketDataMixin._schedule_bar_completion_timeout.<locals>.completion_handler() running at /Users/lindawang/Documents/Workspace/quant/.quant312/lib/python3.12/site-packages/nautilus_trader/adapters/interactive_brokers/client/market_data.py:1313> wait_for=<Future pending cb=[Task.task_wakeup()]>>
Task was destroyed but it is pending!
task: <Task pending name='Task-6529' coro=<InteractiveBrokersClientMarketDataMixin._schedule_bar_completion_timeout.<locals>.completion_handler() running at /Users/lindawang/Documents/Workspace/quant/.quant312/lib/python3.12/site-packages/nautilus_trader/adapters/interactive_brokers/client/market_data.py:1313> wait_for=<Future pending cb=[Task.task_wakeup()]>>
Task was destroyed but it is pending!
task: <Task pending name='Task-6531' coro=<InteractiveBrokersClientMarketDataMixin._schedule_bar_completion_timeout.<locals>.completion_handler() running at /Users/lindawang/Documents/Workspace/quant/.quant312/lib/python3.12/site-packages/nautilus_trader/adapters/interactive_brokers/client/market_data.py:1313> wait_for=<Future pending cb=[Task.task_wakeup()]>>
Task was destroyed but it is pending!
task: <Task pending name='Task-6533' coro=<InteractiveBrokersClientMarketDataMixin._schedule_bar_completion_timeout.<locals>.completion_handler() running at /Users/lindawang/Documents/Workspace/quant/.quant312/lib/python3.12/site-packages/nautilus_trader/adapters/interactive_brokers/client/market_data.py:1313> wait_for=<Future pending cb=[Task.task_wakeup()]>>
Task was destroyed but it is pending!
task: <Task pending name='Task-6535' coro=<InteractiveBrokersClientMarketDataMixin._schedule_bar_completion_timeout.<locals>.completion_handler() running at /Users/lindawang/Documents/Workspace/quant/.quant312/lib/python3.12/site-packages/nautilus_trader/adapters/interactive_brokers/client/market_data.py:1313> wait_for=<Future pending cb=[Task.task_wakeup()]>>
Task was destroyed but it is pending!
task: <Task pending name='Task-6547' coro=<InteractiveBrokersClientMarketDataMixin._schedule_bar_completion_timeout.<locals>.completion_handler() running at /Users/lindawang/Documents/Workspace/quant/.quant312/lib/python3.12/site-packages/nautilus_trader/adapters/interactive_brokers/client/market_data.py:1313> wait_for=<Future pending cb=[Task.task_wakeup()]>>
Task was destroyed but it is pending!
task: <Task pending name='Task-6549' coro=<InteractiveBrokersClientMarketDataMixin._schedule_bar_completion_timeout.<locals>.completion_handler() running at /Users/lindawang/Documents/Workspace/quant/.quant312/lib/python3.12/site-packages/nautilus_trader/adapters/interactive_brokers/client/market_data.py:1313> wait_for=<Future pending cb=[Task.task_wakeup()]>>
Task was destroyed but it is pending!
task: <Task pending name='Task-6551' coro=<InteractiveBrokersClientMarketDataMixin._schedule_bar_completion_timeout.<locals>.completion_handler() running at /Users/lindawang/Documents/Workspace/quant/.quant312/lib/python3.12/site-packages/nautilus_trader/adapters/interactive_brokers/client/market_data.py:1313> wait_for=<Future pending cb=[Task.task_wakeup()]>>
Task was destroyed but it is pending!
task: <Task pending name='Task-6553' coro=<InteractiveBrokersClientMarketDataMixin._schedule_bar_completion_timeout.<locals>.completion_handler() running at /Users/lindawang/Documents/Workspace/quant/.quant312/lib/python3.12/site-packages/nautilus_trader/adapters/interactive_brokers/client/market_data.py:1313> wait_for=<Future pending cb=[Task.task_wakeup()]>>
Task was destroyed but it is pending!
task: <Task pending name='Task-6555' coro=<InteractiveBrokersClientMarketDataMixin._schedule_bar_completion_timeout.<locals>.completion_handler() running at /Users/lindawang/Documents/Workspace/quant/.quant312/lib/python3.12/site-packages/nautilus_trader/adapters/interactive_brokers/client/market_data.py:1313> wait_for=<Future pending cb=[Task.task_wakeup()]>>
Task was destroyed but it is pending!
task: <Task pending name='Task-6567' coro=<InteractiveBrokersClientMarketDataMixin._schedule_bar_completion_timeout.<locals>.completion_handler() running at /Users/lindawang/Documents/Workspace/quant/.quant312/lib/python3.12/site-packages/nautilus_trader/adapters/interactive_brokers/client/market_data.py:1313> wait_for=<Future pending cb=[Task.task_wakeup()]>>
Task was destroyed but it is pending!
task: <Task pending name='Task-6569' coro=<InteractiveBrokersClientMarketDataMixin._schedule_bar_completion_timeout.<locals>.completion_handler() running at /Users/lindawang/Documents/Workspace/quant/.quant312/lib/python3.12/site-packages/nautilus_trader/adapters/interactive_brokers/client/market_data.py:1313> wait_for=<Future pending cb=[Task.task_wakeup()]>>
Task was destroyed but it is pending!
task: <Task pending name='Task-6571' coro=<InteractiveBrokersClientMarketDataMixin._schedule_bar_completion_timeout.<locals>.completion_handler() running at /Users/lindawang/Documents/Workspace/quant/.quant312/lib/python3.12/site-packages/nautilus_trader/adapters/interactive_brokers/client/market_data.py:1313> wait_for=<Future pending cb=[Task.task_wakeup()]>>
Task was destroyed but it is pending!
task: <Task pending name='Task-6573' coro=<InteractiveBrokersClientMarketDataMixin._schedule_bar_completion_timeout.<locals>.completion_handler() running at /Users/lindawang/Documents/Workspace/quant/.quant312/lib/python3.12/site-packages/nautilus_trader/adapters/interactive_brokers/client/market_data.py:1313> wait_for=<Future pending cb=[Task.task_wakeup()]>>
Task was destroyed but it is pending!
task: <Task pending name='Task-6575' coro=<InteractiveBrokersClientMarketDataMixin._schedule_bar_completion_timeout.<locals>.completion_handler() running at /Users/lindawang/Documents/Workspace/quant/.quant312/lib/python3.12/site-packages/nautilus_trader/adapters/interactive_brokers/client/market_data.py:1313> wait_for=<Future pending cb=[Task.task_wakeup()]>>
Task was destroyed but it is pending!
task: <Task pending name='Task-6587' coro=<InteractiveBrokersClientMarketDataMixin._schedule_bar_completion_timeout.<locals>.completion_handler() running at /Users/lindawang/Documents/Workspace/quant/.quant312/lib/python3.12/site-packages/nautilus_trader/adapters/interactive_brokers/client/market_data.py:1313> wait_for=<Future pending cb=[Task.task_wakeup()]>>
Task was destroyed but it is pending!
task: <Task pending name='Task-6589' coro=<InteractiveBrokersClientMarketDataMixin._schedule_bar_completion_timeout.<locals>.completion_handler() running at /Users/lindawang/Documents/Workspace/quant/.quant312/lib/python3.12/site-packages/nautilus_trader/adapters/interactive_brokers/client/market_data.py:1313> wait_for=<Future pending cb=[Task.task_wakeup()]>>
Task was destroyed but it is pending!
task: <Task pending name='Task-6591' coro=<InteractiveBrokersClientMarketDataMixin._schedule_bar_completion_timeout.<locals>.completion_handler() running at /Users/lindawang/Documents/Workspace/quant/.quant312/lib/python3.12/site-packages/nautilus_trader/adapters/interactive_brokers/client/market_data.py:1313> wait_for=<Future pending cb=[Task.task_wakeup()]>>
Task was destroyed but it is pending!
task: <Task pending name='Task-6593' coro=<InteractiveBrokersClientMarketDataMixin._schedule_bar_completion_timeout.<locals>.completion_handler() running at /Users/lindawang/Documents/Workspace/quant/.quant312/lib/python3.12/site-packages/nautilus_trader/adapters/interactive_brokers/client/market_data.py:1313> wait_for=<Future pending cb=[Task.task_wakeup()]>>
Task was destroyed but it is pending!
task: <Task pending name='Task-6595' coro=<InteractiveBrokersClientMarketDataMixin._schedule_bar_completion_timeout.<locals>.completion_handler() running at /Users/lindawang/Documents/Workspace/quant/.quant312/lib/python3.12/site-packages/nautilus_trader/adapters/interactive_brokers/client/market_data.py:1313> wait_for=<Future pending cb=[Task.task_wakeup()]>>
Task was destroyed but it is pending!
task: <Task pending name='Task-6607' coro=<InteractiveBrokersClientMarketDataMixin._schedule_bar_completion_timeout.<locals>.completion_handler() running at /Users/lindawang/Documents/Workspace/quant/.quant312/lib/python3.12/site-packages/nautilus_trader/adapters/interactive_brokers/client/market_data.py:1313> wait_for=<Future pending cb=[Task.task_wakeup()]>>
Task was destroyed but it is pending!
task: <Task pending name='Task-6609' coro=<InteractiveBrokersClientMarketDataMixin._schedule_bar_completion_timeout.<locals>.completion_handler() running at /Users/lindawang/Documents/Workspace/quant/.quant312/lib/python3.12/site-packages/nautilus_trader/adapters/interactive_brokers/client/market_data.py:1313> wait_for=<Future pending cb=[Task.task_wakeup()]>>
Task was destroyed but it is pending!
task: <Task pending name='Task-6611' coro=<InteractiveBrokersClientMarketDataMixin._schedule_bar_completion_timeout.<locals>.completion_handler() running at /Users/lindawang/Documents/Workspace/quant/.quant312/lib/python3.12/site-packages/nautilus_trader/adapters/interactive_brokers/client/market_data.py:1313> wait_for=<Future pending cb=[Task.task_wakeup()]>>
Task was destroyed but it is pending!
task: <Task pending name='Task-6613' coro=<InteractiveBrokersClientMarketDataMixin._schedule_bar_completion_timeout.<locals>.completion_handler() running at /Users/lindawang/Documents/Workspace/quant/.quant312/lib/python3.12/site-packages/nautilus_trader/adapters/interactive_brokers/client/market_data.py:1313> wait_for=<Future pending cb=[Task.task_wakeup()]>>
Task was destroyed but it is pending!
task: <Task pending name='Task-6615' coro=<InteractiveBrokersClientMarketDataMixin._schedule_bar_completion_timeout.<locals>.completion_handler() running at /Users/lindawang/Documents/Workspace/quant/.quant312/lib/python3.12/site-packages/nautilus_trader/adapters/interactive_brokers/client/market_data.py:1313> wait_for=<Future pending cb=[Task.task_wakeup()]>>
Task was destroyed but it is pending!
task: <Task pending name='Task-6627' coro=<InteractiveBrokersClientMarketDataMixin._schedule_bar_completion_timeout.<locals>.completion_handler() running at /Users/lindawang/Documents/Workspace/quant/.quant312/lib/python3.12/site-packages/nautilus_trader/adapters/interactive_brokers/client/market_data.py:1313> wait_for=<Future pending cb=[Task.task_wakeup()]>>
Task was destroyed but it is pending!
task: <Task pending name='Task-6629' coro=<InteractiveBrokersClientMarketDataMixin._schedule_bar_completion_timeout.<locals>.completion_handler() running at /Users/lindawang/Documents/Workspace/quant/.quant312/lib/python3.12/site-packages/nautilus_trader/adapters/interactive_brokers/client/market_data.py:1313> wait_for=<Future pending cb=[Task.task_wakeup()]>>
Task was destroyed but it is pending!
task: <Task pending name='Task-6631' coro=<InteractiveBrokersClientMarketDataMixin._schedule_bar_completion_timeout.<locals>.completion_handler() running at /Users/lindawang/Documents/Workspace/quant/.quant312/lib/python3.12/site-packages/nautilus_trader/adapters/interactive_brokers/client/market_data.py:1313> wait_for=<Future pending cb=[Task.task_wakeup()]>>
Task was destroyed but it is pending!
task: <Task pending name='Task-6633' coro=<InteractiveBrokersClientMarketDataMixin._schedule_bar_completion_timeout.<locals>.completion_handler() running at /Users/lindawang/Documents/Workspace/quant/.quant312/lib/python3.12/site-packages/nautilus_trader/adapters/interactive_brokers/client/market_data.py:1313> wait_for=<Future pending cb=[Task.task_wakeup()]>>
Task was destroyed but it is pending!
task: <Task pending name='Task-6635' coro=<InteractiveBrokersClientMarketDataMixin._schedule_bar_completion_timeout.<locals>.completion_handler() running at /Users/lindawang/Documents/Workspace/quant/.quant312/lib/python3.12/site-packages/nautilus_trader/adapters/interactive_brokers/client/market_data.py:1313> wait_for=<Future pending cb=[Task.task_wakeup()]>>
Task was destroyed but it is pending!
task: <Task pending name='Task-6647' coro=<InteractiveBrokersClientMarketDataMixin._schedule_bar_completion_timeout.<locals>.completion_handler() running at /Users/lindawang/Documents/Workspace/quant/.quant312/lib/python3.12/site-packages/nautilus_trader/adapters/interactive_brokers/client/market_data.py:1313> wait_for=<Future pending cb=[Task.task_wakeup()]>>
Task was destroyed but it is pending!
task: <Task pending name='Task-6649' coro=<InteractiveBrokersClientMarketDataMixin._schedule_bar_completion_timeout.<locals>.completion_handler() running at /Users/lindawang/Documents/Workspace/quant/.quant312/lib/python3.12/site-packages/nautilus_trader/adapters/interactive_brokers/client/market_data.py:1313> wait_for=<Future pending cb=[Task.task_wakeup()]>>
Task was destroyed but it is pending!
task: <Task pending name='Task-6651' coro=<InteractiveBrokersClientMarketDataMixin._schedule_bar_completion_timeout.<locals>.completion_handler() running at /Users/lindawang/Documents/Workspace/quant/.quant312/lib/python3.12/site-packages/nautilus_trader/adapters/interactive_brokers/client/market_data.py:1313> wait_for=<Future pending cb=[Task.task_wakeup()]>>
Task was destroyed but it is pending!
task: <Task pending name='Task-6653' coro=<InteractiveBrokersClientMarketDataMixin._schedule_bar_completion_timeout.<locals>.completion_handler() running at /Users/lindawang/Documents/Workspace/quant/.quant312/lib/python3.12/site-packages/nautilus_trader/adapters/interactive_brokers/client/market_data.py:1313> wait_for=<Future pending cb=[Task.task_wakeup()]>>
Task was destroyed but it is pending!
task: <Task pending name='Task-6655' coro=<InteractiveBrokersClientMarketDataMixin._schedule_bar_completion_timeout.<locals>.completion_handler() running at /Users/lindawang/Documents/Workspace/quant/.quant312/lib/python3.12/site-packages/nautilus_trader/adapters/interactive_brokers/client/market_data.py:1313> wait_for=<Future pending cb=[Task.task_wakeup()]>>
Task was destroyed but it is pending!
task: <Task pending name='Task-6667' coro=<InteractiveBrokersClientMarketDataMixin._schedule_bar_completion_timeout.<locals>.completion_handler() running at /Users/lindawang/Documents/Workspace/quant/.quant312/lib/python3.12/site-packages/nautilus_trader/adapters/interactive_brokers/client/market_data.py:1313> wait_for=<Future pending cb=[Task.task_wakeup()]>>
Task was destroyed but it is pending!
task: <Task pending name='Task-6669' coro=<InteractiveBrokersClientMarketDataMixin._schedule_bar_completion_timeout.<locals>.completion_handler() running at /Users/lindawang/Documents/Workspace/quant/.quant312/lib/python3.12/site-packages/nautilus_trader/adapters/interactive_brokers/client/market_data.py:1313> wait_for=<Future pending cb=[Task.task_wakeup()]>>
Task was destroyed but it is pending!
task: <Task pending name='Task-6671' coro=<InteractiveBrokersClientMarketDataMixin._schedule_bar_completion_timeout.<locals>.completion_handler() running at /Users/lindawang/Documents/Workspace/quant/.quant312/lib/python3.12/site-packages/nautilus_trader/adapters/interactive_brokers/client/market_data.py:1313> wait_for=<Future pending cb=[Task.task_wakeup()]>>
Task was destroyed but it is pending!
task: <Task pending name='Task-6673' coro=<InteractiveBrokersClientMarketDataMixin._schedule_bar_completion_timeout.<locals>.completion_handler() running at /Users/lindawang/Documents/Workspace/quant/.quant312/lib/python3.12/site-packages/nautilus_trader/adapters/interactive_brokers/client/market_data.py:1313> wait_for=<Future pending cb=[Task.task_wakeup()]>>
Task was destroyed but it is pending!
task: <Task pending name='Task-6675' coro=<InteractiveBrokersClientMarketDataMixin._schedule_bar_completion_timeout.<locals>.completion_handler() running at /Users/lindawang/Documents/Workspace/quant/.quant312/lib/python3.12/site-packages/nautilus_trader/adapters/interactive_brokers/client/market_data.py:1313> wait_for=<Future pending cb=[Task.task_wakeup()]>>
Task was destroyed but it is pending!
task: <Task pending name='Task-6687' coro=<InteractiveBrokersClientMarketDataMixin._schedule_bar_completion_timeout.<locals>.completion_handler() running at /Users/lindawang/Documents/Workspace/quant/.quant312/lib/python3.12/site-packages/nautilus_trader/adapters/interactive_brokers/client/market_data.py:1313> wait_for=<Future pending cb=[Task.task_wakeup()]>>
Task was destroyed but it is pending!
task: <Task pending name='Task-6689' coro=<InteractiveBrokersClientMarketDataMixin._schedule_bar_completion_timeout.<locals>.completion_handler() running at /Users/lindawang/Documents/Workspace/quant/.quant312/lib/python3.12/site-packages/nautilus_trader/adapters/interactive_brokers/client/market_data.py:1313> wait_for=<Future pending cb=[Task.task_wakeup()]>>
Task was destroyed but it is pending!
task: <Task pending name='Task-6691' coro=<InteractiveBrokersClientMarketDataMixin._schedule_bar_completion_timeout.<locals>.completion_handler() running at /Users/lindawang/Documents/Workspace/quant/.quant312/lib/python3.12/site-packages/nautilus_trader/adapters/interactive_brokers/client/market_data.py:1313> wait_for=<Future pending cb=[Task.task_wakeup()]>>
Task was destroyed but it is pending!
task: <Task pending name='Task-6693' coro=<InteractiveBrokersClientMarketDataMixin._schedule_bar_completion_timeout.<locals>.completion_handler() running at /Users/lindawang/Documents/Workspace/quant/.quant312/lib/python3.12/site-packages/nautilus_trader/adapters/interactive_brokers/client/market_data.py:1313> wait_for=<Future pending cb=[Task.task_wakeup()]>>
Task was destroyed but it is pending!
task: <Task pending name='Task-6695' coro=<InteractiveBrokersClientMarketDataMixin._schedule_bar_completion_timeout.<locals>.completion_handler() running at /Users/lindawang/Documents/Workspace/quant/.quant312/lib/python3.12/site-packages/nautilus_trader/adapters/interactive_brokers/client/market_data.py:1313> wait_for=<Future pending cb=[Task.task_wakeup()]>>
Task was destroyed but it is pending!
task: <Task pending name='Task-6707' coro=<InteractiveBrokersClientMarketDataMixin._schedule_bar_completion_timeout.<locals>.completion_handler() running at /Users/lindawang/Documents/Workspace/quant/.quant312/lib/python3.12/site-packages/nautilus_trader/adapters/interactive_brokers/client/market_data.py:1313> wait_for=<Future pending cb=[Task.task_wakeup()]>>
Task was destroyed but it is pending!
task: <Task pending name='Task-6709' coro=<InteractiveBrokersClientMarketDataMixin._schedule_bar_completion_timeout.<locals>.completion_handler() running at /Users/lindawang/Documents/Workspace/quant/.quant312/lib/python3.12/site-packages/nautilus_trader/adapters/interactive_brokers/client/market_data.py:1313> wait_for=<Future pending cb=[Task.task_wakeup()]>>
Task was destroyed but it is pending!
task: <Task pending name='Task-6711' coro=<InteractiveBrokersClientMarketDataMixin._schedule_bar_completion_timeout.<locals>.completion_handler() running at /Users/lindawang/Documents/Workspace/quant/.quant312/lib/python3.12/site-packages/nautilus_trader/adapters/interactive_brokers/client/market_data.py:1313> wait_for=<Future pending cb=[Task.task_wakeup()]>>
Task was destroyed but it is pending!
task: <Task pending name='Task-6713' coro=<InteractiveBrokersClientMarketDataMixin._schedule_bar_completion_timeout.<locals>.completion_handler() running at /Users/lindawang/Documents/Workspace/quant/.quant312/lib/python3.12/site-packages/nautilus_trader/adapters/interactive_brokers/client/market_data.py:1313> wait_for=<Future pending cb=[Task.task_wakeup()]>>
Task was destroyed but it is pending!
task: <Task pending name='Task-6715' coro=<InteractiveBrokersClientMarketDataMixin._schedule_bar_completion_timeout.<locals>.completion_handler() running at /Users/lindawang/Documents/Workspace/quant/.quant312/lib/python3.12/site-packages/nautilus_trader/adapters/interactive_brokers/client/market_data.py:1313> wait_for=<Future pending cb=[Task.task_wakeup()]>>
Task was destroyed but it is pending!
task: <Task pending name='Task-6727' coro=<InteractiveBrokersClientMarketDataMixin._schedule_bar_completion_timeout.<locals>.completion_handler() running at /Users/lindawang/Documents/Workspace/quant/.quant312/lib/python3.12/site-packages/nautilus_trader/adapters/interactive_brokers/client/market_data.py:1313> wait_for=<Future pending cb=[Task.task_wakeup()]>>
Task was destroyed but it is pending!
task: <Task pending name='Task-6729' coro=<InteractiveBrokersClientMarketDataMixin._schedule_bar_completion_timeout.<locals>.completion_handler() running at /Users/lindawang/Documents/Workspace/quant/.quant312/lib/python3.12/site-packages/nautilus_trader/adapters/interactive_brokers/client/market_data.py:1313> wait_for=<Future pending cb=[Task.task_wakeup()]>>
Task was destroyed but it is pending!
task: <Task pending name='Task-6731' coro=<InteractiveBrokersClientMarketDataMixin._schedule_bar_completion_timeout.<locals>.completion_handler() running at /Users/lindawang/Documents/Workspace/quant/.quant312/lib/python3.12/site-packages/nautilus_trader/adapters/interactive_brokers/client/market_data.py:1313> wait_for=<Future pending cb=[Task.task_wakeup()]>>
Task was destroyed but it is pending!
task: <Task pending name='Task-6733' coro=<InteractiveBrokersClientMarketDataMixin._schedule_bar_completion_timeout.<locals>.completion_handler() running at /Users/lindawang/Documents/Workspace/quant/.quant312/lib/python3.12/site-packages/nautilus_trader/adapters/interactive_brokers/client/market_data.py:1313> wait_for=<Future pending cb=[Task.task_wakeup()]>>
Task was destroyed but it is pending!
task: <Task pending name='Task-6735' coro=<InteractiveBrokersClientMarketDataMixin._schedule_bar_completion_timeout.<locals>.completion_handler() running at /Users/lindawang/Documents/Workspace/quant/.quant312/lib/python3.12/site-packages/nautilus_trader/adapters/interactive_brokers/client/market_data.py:1313> wait_for=<Future pending cb=[Task.task_wakeup()]>>
Task was destroyed but it is pending!
task: <Task pending name='Task-6747' coro=<InteractiveBrokersClientMarketDataMixin._schedule_bar_completion_timeout.<locals>.completion_handler() running at /Users/lindawang/Documents/Workspace/quant/.quant312/lib/python3.12/site-packages/nautilus_trader/adapters/interactive_brokers/client/market_data.py:1313> wait_for=<Future pending cb=[Task.task_wakeup()]>>
Task was destroyed but it is pending!
task: <Task pending name='Task-6749' coro=<InteractiveBrokersClientMarketDataMixin._schedule_bar_completion_timeout.<locals>.completion_handler() running at /Users/lindawang/Documents/Workspace/quant/.quant312/lib/python3.12/site-packages/nautilus_trader/adapters/interactive_brokers/client/market_data.py:1313> wait_for=<Future pending cb=[Task.task_wakeup()]>>
Task was destroyed but it is pending!
task: <Task pending name='Task-6751' coro=<InteractiveBrokersClientMarketDataMixin._schedule_bar_completion_timeout.<locals>.completion_handler() running at /Users/lindawang/Documents/Workspace/quant/.quant312/lib/python3.12/site-packages/nautilus_trader/adapters/interactive_brokers/client/market_data.py:1313> wait_for=<Future pending cb=[Task.task_wakeup()]>>
Task was destroyed but it is pending!
task: <Task pending name='Task-6753' coro=<InteractiveBrokersClientMarketDataMixin._schedule_bar_completion_timeout.<locals>.completion_handler() running at /Users/lindawang/Documents/Workspace/quant/.quant312/lib/python3.12/site-packages/nautilus_trader/adapters/interactive_brokers/client/market_data.py:1313> wait_for=<Future pending cb=[Task.task_wakeup()]>>
Task was destroyed but it is pending!
task: <Task pending name='Task-6755' coro=<InteractiveBrokersClientMarketDataMixin._schedule_bar_completion_timeout.<locals>.completion_handler() running at /Users/lindawang/Documents/Workspace/quant/.quant312/lib/python3.12/site-packages/nautilus_trader/adapters/interactive_brokers/client/market_data.py:1313> wait_for=<Future pending cb=[Task.task_wakeup()]>>
Task was destroyed but it is pending!
task: <Task pending name='Task-6767' coro=<InteractiveBrokersClientMarketDataMixin._schedule_bar_completion_timeout.<locals>.completion_handler() running at /Users/lindawang/Documents/Workspace/quant/.quant312/lib/python3.12/site-packages/nautilus_trader/adapters/interactive_brokers/client/market_data.py:1313> wait_for=<Future pending cb=[Task.task_wakeup()]>>
Task was destroyed but it is pending!
task: <Task pending name='Task-6769' coro=<InteractiveBrokersClientMarketDataMixin._schedule_bar_completion_timeout.<locals>.completion_handler() running at /Users/lindawang/Documents/Workspace/quant/.quant312/lib/python3.12/site-packages/nautilus_trader/adapters/interactive_brokers/client/market_data.py:1313> wait_for=<Future pending cb=[Task.task_wakeup()]>>
Task was destroyed but it is pending!
task: <Task pending name='Task-6771' coro=<InteractiveBrokersClientMarketDataMixin._schedule_bar_completion_timeout.<locals>.completion_handler() running at /Users/lindawang/Documents/Workspace/quant/.quant312/lib/python3.12/site-packages/nautilus_trader/adapters/interactive_brokers/client/market_data.py:1313> wait_for=<Future pending cb=[Task.task_wakeup()]>>
Task was destroyed but it is pending!
task: <Task pending name='Task-6773' coro=<InteractiveBrokersClientMarketDataMixin._schedule_bar_completion_timeout.<locals>.completion_handler() running at /Users/lindawang/Documents/Workspace/quant/.quant312/lib/python3.12/site-packages/nautilus_trader/adapters/interactive_brokers/client/market_data.py:1313> wait_for=<Future pending cb=[Task.task_wakeup()]>>
Task was destroyed but it is pending!
task: <Task pending name='Task-6775' coro=<InteractiveBrokersClientMarketDataMixin._schedule_bar_completion_timeout.<locals>.completion_handler() running at /Users/lindawang/Documents/Workspace/quant/.quant312/lib/python3.12/site-packages/nautilus_trader/adapters/interactive_brokers/client/market_data.py:1313> wait_for=<Future pending cb=[Task.task_wakeup()]>>
Task was destroyed but it is pending!
task: <Task pending name='Task-6787' coro=<InteractiveBrokersClientMarketDataMixin._schedule_bar_completion_timeout.<locals>.completion_handler() running at /Users/lindawang/Documents/Workspace/quant/.quant312/lib/python3.12/site-packages/nautilus_trader/adapters/interactive_brokers/client/market_data.py:1313> wait_for=<Future pending cb=[Task.task_wakeup()]>>
Task was destroyed but it is pending!
task: <Task pending name='Task-6789' coro=<InteractiveBrokersClientMarketDataMixin._schedule_bar_completion_timeout.<locals>.completion_handler() running at /Users/lindawang/Documents/Workspace/quant/.quant312/lib/python3.12/site-packages/nautilus_trader/adapters/interactive_brokers/client/market_data.py:1313> wait_for=<Future pending cb=[Task.task_wakeup()]>>
Task was destroyed but it is pending!
task: <Task pending name='Task-6791' coro=<InteractiveBrokersClientMarketDataMixin._schedule_bar_completion_timeout.<locals>.completion_handler() running at /Users/lindawang/Documents/Workspace/quant/.quant312/lib/python3.12/site-packages/nautilus_trader/adapters/interactive_brokers/client/market_data.py:1313> wait_for=<Future pending cb=[Task.task_wakeup()]>>
Task was destroyed but it is pending!
task: <Task pending name='Task-6793' coro=<InteractiveBrokersClientMarketDataMixin._schedule_bar_completion_timeout.<locals>.completion_handler() running at /Users/lindawang/Documents/Workspace/quant/.quant312/lib/python3.12/site-packages/nautilus_trader/adapters/interactive_brokers/client/market_data.py:1313> wait_for=<Future pending cb=[Task.task_wakeup()]>>
Task was destroyed but it is pending!
task: <Task pending name='Task-6795' coro=<InteractiveBrokersClientMarketDataMixin._schedule_bar_completion_timeout.<locals>.completion_handler() running at /Users/lindawang/Documents/Workspace/quant/.quant312/lib/python3.12/site-packages/nautilus_trader/adapters/interactive_brokers/client/market_data.py:1313> wait_for=<Future pending cb=[Task.task_wakeup()]>>
Task was destroyed but it is pending!
task: <Task pending name='Task-6808' coro=<InteractiveBrokersClientMarketDataMixin._schedule_bar_completion_timeout.<locals>.completion_handler() running at /Users/lindawang/Documents/Workspace/quant/.quant312/lib/python3.12/site-packages/nautilus_trader/adapters/interactive_brokers/client/market_data.py:1313> wait_for=<Future pending cb=[Task.task_wakeup()]>>
Task was destroyed but it is pending!
task: <Task pending name='Task-6810' coro=<InteractiveBrokersClientMarketDataMixin._schedule_bar_completion_timeout.<locals>.completion_handler() running at /Users/lindawang/Documents/Workspace/quant/.quant312/lib/python3.12/site-packages/nautilus_trader/adapters/interactive_brokers/client/market_data.py:1313> wait_for=<Future pending cb=[Task.task_wakeup()]>>
Task was destroyed but it is pending!
task: <Task pending name='Task-6812' coro=<InteractiveBrokersClientMarketDataMixin._schedule_bar_completion_timeout.<locals>.completion_handler() running at /Users/lindawang/Documents/Workspace/quant/.quant312/lib/python3.12/site-packages/nautilus_trader/adapters/interactive_brokers/client/market_data.py:1313> wait_for=<Future pending cb=[Task.task_wakeup()]>>
Task was destroyed but it is pending!
task: <Task pending name='Task-6814' coro=<InteractiveBrokersClientMarketDataMixin._schedule_bar_completion_timeout.<locals>.completion_handler() running at /Users/lindawang/Documents/Workspace/quant/.quant312/lib/python3.12/site-packages/nautilus_trader/adapters/interactive_brokers/client/market_data.py:1313> wait_for=<Future pending cb=[Task.task_wakeup()]>>
Task was destroyed but it is pending!
task: <Task pending name='Task-6816' coro=<InteractiveBrokersClientMarketDataMixin._schedule_bar_completion_timeout.<locals>.completion_handler() running at /Users/lindawang/Documents/Workspace/quant/.quant312/lib/python3.12/site-packages/nautilus_trader/adapters/interactive_brokers/client/market_data.py:1313> wait_for=<Future pending cb=[Task.task_wakeup()]>>
Task was destroyed but it is pending!
task: <Task pending name='Task-6828' coro=<InteractiveBrokersClientMarketDataMixin._schedule_bar_completion_timeout.<locals>.completion_handler() running at /Users/lindawang/Documents/Workspace/quant/.quant312/lib/python3.12/site-packages/nautilus_trader/adapters/interactive_brokers/client/market_data.py:1313> wait_for=<Future pending cb=[Task.task_wakeup()]>>
Task was destroyed but it is pending!
task: <Task pending name='Task-6830' coro=<InteractiveBrokersClientMarketDataMixin._schedule_bar_completion_timeout.<locals>.completion_handler() running at /Users/lindawang/Documents/Workspace/quant/.quant312/lib/python3.12/site-packages/nautilus_trader/adapters/interactive_brokers/client/market_data.py:1313> wait_for=<Future pending cb=[Task.task_wakeup()]>>
Task was destroyed but it is pending!
task: <Task pending name='Task-6832' coro=<InteractiveBrokersClientMarketDataMixin._schedule_bar_completion_timeout.<locals>.completion_handler() running at /Users/lindawang/Documents/Workspace/quant/.quant312/lib/python3.12/site-packages/nautilus_trader/adapters/interactive_brokers/client/market_data.py:1313> wait_for=<Future pending cb=[Task.task_wakeup()]>>
Task was destroyed but it is pending!
task: <Task pending name='Task-6834' coro=<InteractiveBrokersClientMarketDataMixin._schedule_bar_completion_timeout.<locals>.completion_handler() running at /Users/lindawang/Documents/Workspace/quant/.quant312/lib/python3.12/site-packages/nautilus_trader/adapters/interactive_brokers/client/market_data.py:1313> wait_for=<Future pending cb=[Task.task_wakeup()]>>
Task was destroyed but it is pending!
task: <Task pending name='Task-6836' coro=<InteractiveBrokersClientMarketDataMixin._schedule_bar_completion_timeout.<locals>.completion_handler() running at /Users/lindawang/Documents/Workspace/quant/.quant312/lib/python3.12/site-packages/nautilus_trader/adapters/interactive_brokers/client/market_data.py:1313> wait_for=<Future pending cb=[Task.task_wakeup()]>>
Task was destroyed but it is pending!
task: <Task pending name='Task-6848' coro=<InteractiveBrokersClientMarketDataMixin._schedule_bar_completion_timeout.<locals>.completion_handler() running at /Users/lindawang/Documents/Workspace/quant/.quant312/lib/python3.12/site-packages/nautilus_trader/adapters/interactive_brokers/client/market_data.py:1313> wait_for=<Future pending cb=[Task.task_wakeup()]>>
Task was destroyed but it is pending!
task: <Task pending name='Task-6850' coro=<InteractiveBrokersClientMarketDataMixin._schedule_bar_completion_timeout.<locals>.completion_handler() running at /Users/lindawang/Documents/Workspace/quant/.quant312/lib/python3.12/site-packages/nautilus_trader/adapters/interactive_brokers/client/market_data.py:1313> wait_for=<Future pending cb=[Task.task_wakeup()]>>
Task was destroyed but it is pending!
task: <Task pending name='Task-6852' coro=<InteractiveBrokersClientMarketDataMixin._schedule_bar_completion_timeout.<locals>.completion_handler() running at /Users/lindawang/Documents/Workspace/quant/.quant312/lib/python3.12/site-packages/nautilus_trader/adapters/interactive_brokers/client/market_data.py:1313> wait_for=<Future pending cb=[Task.task_wakeup()]>>
Task was destroyed but it is pending!
task: <Task pending name='Task-6854' coro=<InteractiveBrokersClientMarketDataMixin._schedule_bar_completion_timeout.<locals>.completion_handler() running at /Users/lindawang/Documents/Workspace/quant/.quant312/lib/python3.12/site-packages/nautilus_trader/adapters/interactive_brokers/client/market_data.py:1313> wait_for=<Future pending cb=[Task.task_wakeup()]>>
Task was destroyed but it is pending!
task: <Task pending name='Task-6856' coro=<InteractiveBrokersClientMarketDataMixin._schedule_bar_completion_timeout.<locals>.completion_handler() running at /Users/lindawang/Documents/Workspace/quant/.quant312/lib/python3.12/site-packages/nautilus_trader/adapters/interactive_brokers/client/market_data.py:1313> wait_for=<Future pending cb=[Task.task_wakeup()]>>
Task was destroyed but it is pending!
task: <Task pending name='Task-6868' coro=<InteractiveBrokersClientMarketDataMixin._schedule_bar_completion_timeout.<locals>.completion_handler() running at /Users/lindawang/Documents/Workspace/quant/.quant312/lib/python3.12/site-packages/nautilus_trader/adapters/interactive_brokers/client/market_data.py:1313> wait_for=<Future pending cb=[Task.task_wakeup()]>>
Task was destroyed but it is pending!
task: <Task pending name='Task-6870' coro=<InteractiveBrokersClientMarketDataMixin._schedule_bar_completion_timeout.<locals>.completion_handler() running at /Users/lindawang/Documents/Workspace/quant/.quant312/lib/python3.12/site-packages/nautilus_trader/adapters/interactive_brokers/client/market_data.py:1313> wait_for=<Future pending cb=[Task.task_wakeup()]>>
Task was destroyed but it is pending!
task: <Task pending name='Task-6872' coro=<InteractiveBrokersClientMarketDataMixin._schedule_bar_completion_timeout.<locals>.completion_handler() running at /Users/lindawang/Documents/Workspace/quant/.quant312/lib/python3.12/site-packages/nautilus_trader/adapters/interactive_brokers/client/market_data.py:1313> wait_for=<Future pending cb=[Task.task_wakeup()]>>
Task was destroyed but it is pending!
task: <Task pending name='Task-6874' coro=<InteractiveBrokersClientMarketDataMixin._schedule_bar_completion_timeout.<locals>.completion_handler() running at /Users/lindawang/Documents/Workspace/quant/.quant312/lib/python3.12/site-packages/nautilus_trader/adapters/interactive_brokers/client/market_data.py:1313> wait_for=<Future pending cb=[Task.task_wakeup()]>>
Task was destroyed but it is pending!
task: <Task pending name='Task-6876' coro=<InteractiveBrokersClientMarketDataMixin._schedule_bar_completion_timeout.<locals>.completion_handler() running at /Users/lindawang/Documents/Workspace/quant/.quant312/lib/python3.12/site-packages/nautilus_trader/adapters/interactive_brokers/client/market_data.py:1313> wait_for=<Future pending cb=[Task.task_wakeup()]>>
Task was destroyed but it is pending!
task: <Task pending name='Task-6888' coro=<InteractiveBrokersClientMarketDataMixin._schedule_bar_completion_timeout.<locals>.completion_handler() running at /Users/lindawang/Documents/Workspace/quant/.quant312/lib/python3.12/site-packages/nautilus_trader/adapters/interactive_brokers/client/market_data.py:1313> wait_for=<Future pending cb=[Task.task_wakeup()]>>
Task was destroyed but it is pending!
task: <Task pending name='Task-6890' coro=<InteractiveBrokersClientMarketDataMixin._schedule_bar_completion_timeout.<locals>.completion_handler() running at /Users/lindawang/Documents/Workspace/quant/.quant312/lib/python3.12/site-packages/nautilus_trader/adapters/interactive_brokers/client/market_data.py:1313> wait_for=<Future pending cb=[Task.task_wakeup()]>>
Task was destroyed but it is pending!
task: <Task pending name='Task-6892' coro=<InteractiveBrokersClientMarketDataMixin._schedule_bar_completion_timeout.<locals>.completion_handler() running at /Users/lindawang/Documents/Workspace/quant/.quant312/lib/python3.12/site-packages/nautilus_trader/adapters/interactive_brokers/client/market_data.py:1313> wait_for=<Future pending cb=[Task.task_wakeup()]>>
Task was destroyed but it is pending!
task: <Task pending name='Task-6894' coro=<InteractiveBrokersClientMarketDataMixin._schedule_bar_completion_timeout.<locals>.completion_handler() running at /Users/lindawang/Documents/Workspace/quant/.quant312/lib/python3.12/site-packages/nautilus_trader/adapters/interactive_brokers/client/market_data.py:1313> wait_for=<Future pending cb=[Task.task_wakeup()]>>
Task was destroyed but it is pending!
task: <Task pending name='Task-6896' coro=<InteractiveBrokersClientMarketDataMixin._schedule_bar_completion_timeout.<locals>.completion_handler() running at /Users/lindawang/Documents/Workspace/quant/.quant312/lib/python3.12/site-packages/nautilus_trader/adapters/interactive_brokers/client/market_data.py:1313> wait_for=<Future pending cb=[Task.task_wakeup()]>>
Task was destroyed but it is pending!
task: <Task pending name='Task-6908' coro=<InteractiveBrokersClientMarketDataMixin._schedule_bar_completion_timeout.<locals>.completion_handler() running at /Users/lindawang/Documents/Workspace/quant/.quant312/lib/python3.12/site-packages/nautilus_trader/adapters/interactive_brokers/client/market_data.py:1313> wait_for=<Future pending cb=[Task.task_wakeup()]>>
Task was destroyed but it is pending!
task: <Task pending name='Task-6910' coro=<InteractiveBrokersClientMarketDataMixin._schedule_bar_completion_timeout.<locals>.completion_handler() running at /Users/lindawang/Documents/Workspace/quant/.quant312/lib/python3.12/site-packages/nautilus_trader/adapters/interactive_brokers/client/market_data.py:1313> wait_for=<Future pending cb=[Task.task_wakeup()]>>
Task was destroyed but it is pending!
task: <Task pending name='Task-6912' coro=<InteractiveBrokersClientMarketDataMixin._schedule_bar_completion_timeout.<locals>.completion_handler() running at /Users/lindawang/Documents/Workspace/quant/.quant312/lib/python3.12/site-packages/nautilus_trader/adapters/interactive_brokers/client/market_data.py:1313> wait_for=<Future pending cb=[Task.task_wakeup()]>>
Task was destroyed but it is pending!
task: <Task pending name='Task-6914' coro=<InteractiveBrokersClientMarketDataMixin._schedule_bar_completion_timeout.<locals>.completion_handler() running at /Users/lindawang/Documents/Workspace/quant/.quant312/lib/python3.12/site-packages/nautilus_trader/adapters/interactive_brokers/client/market_data.py:1313> wait_for=<Future pending cb=[Task.task_wakeup()]>>
Task was destroyed but it is pending!
task: <Task pending name='Task-6916' coro=<InteractiveBrokersClientMarketDataMixin._schedule_bar_completion_timeout.<locals>.completion_handler() running at /Users/lindawang/Documents/Workspace/quant/.quant312/lib/python3.12/site-packages/nautilus_trader/adapters/interactive_brokers/client/market_data.py:1313> wait_for=<Future pending cb=[Task.task_wakeup()]>>
Task was destroyed but it is pending!
task: <Task pending name='Task-6928' coro=<InteractiveBrokersClientMarketDataMixin._schedule_bar_completion_timeout.<locals>.completion_handler() running at /Users/lindawang/Documents/Workspace/quant/.quant312/lib/python3.12/site-packages/nautilus_trader/adapters/interactive_brokers/client/market_data.py:1313> wait_for=<Future pending cb=[Task.task_wakeup()]>>
Task was destroyed but it is pending!
task: <Task pending name='Task-6930' coro=<InteractiveBrokersClientMarketDataMixin._schedule_bar_completion_timeout.<locals>.completion_handler() running at /Users/lindawang/Documents/Workspace/quant/.quant312/lib/python3.12/site-packages/nautilus_trader/adapters/interactive_brokers/client/market_data.py:1313> wait_for=<Future pending cb=[Task.task_wakeup()]>>
Task was destroyed but it is pending!
task: <Task pending name='Task-6932' coro=<InteractiveBrokersClientMarketDataMixin._schedule_bar_completion_timeout.<locals>.completion_handler() running at /Users/lindawang/Documents/Workspace/quant/.quant312/lib/python3.12/site-packages/nautilus_trader/adapters/interactive_brokers/client/market_data.py:1313> wait_for=<Future pending cb=[Task.task_wakeup()]>>
Task was destroyed but it is pending!
task: <Task pending name='Task-6934' coro=<InteractiveBrokersClientMarketDataMixin._schedule_bar_completion_timeout.<locals>.completion_handler() running at /Users/lindawang/Documents/Workspace/quant/.quant312/lib/python3.12/site-packages/nautilus_trader/adapters/interactive_brokers/client/market_data.py:1313> wait_for=<Future pending cb=[Task.task_wakeup()]>>
Task was destroyed but it is pending!
task: <Task pending name='Task-6936' coro=<InteractiveBrokersClientMarketDataMixin._schedule_bar_completion_timeout.<locals>.completion_handler() running at /Users/lindawang/Documents/Workspace/quant/.quant312/lib/python3.12/site-packages/nautilus_trader/adapters/interactive_brokers/client/market_data.py:1313> wait_for=<Future pending cb=[Task.task_wakeup()]>>
Task was destroyed but it is pending!
task: <Task pending name='Task-6948' coro=<InteractiveBrokersClientMarketDataMixin._schedule_bar_completion_timeout.<locals>.completion_handler() running at /Users/lindawang/Documents/Workspace/quant/.quant312/lib/python3.12/site-packages/nautilus_trader/adapters/interactive_brokers/client/market_data.py:1313> wait_for=<Future pending cb=[Task.task_wakeup()]>>
Task was destroyed but it is pending!
task: <Task pending name='Task-6950' coro=<InteractiveBrokersClientMarketDataMixin._schedule_bar_completion_timeout.<locals>.completion_handler() running at /Users/lindawang/Documents/Workspace/quant/.quant312/lib/python3.12/site-packages/nautilus_trader/adapters/interactive_brokers/client/market_data.py:1313> wait_for=<Future pending cb=[Task.task_wakeup()]>>
Task was destroyed but it is pending!
task: <Task pending name='Task-6952' coro=<InteractiveBrokersClientMarketDataMixin._schedule_bar_completion_timeout.<locals>.completion_handler() running at /Users/lindawang/Documents/Workspace/quant/.quant312/lib/python3.12/site-packages/nautilus_trader/adapters/interactive_brokers/client/market_data.py:1313> wait_for=<Future pending cb=[Task.task_wakeup()]>>
Task was destroyed but it is pending!
task: <Task pending name='Task-6954' coro=<InteractiveBrokersClientMarketDataMixin._schedule_bar_completion_timeout.<locals>.completion_handler() running at /Users/lindawang/Documents/Workspace/quant/.quant312/lib/python3.12/site-packages/nautilus_trader/adapters/interactive_brokers/client/market_data.py:1313> wait_for=<Future pending cb=[Task.task_wakeup()]>>
Task was destroyed but it is pending!
task: <Task pending name='Task-6956' coro=<InteractiveBrokersClientMarketDataMixin._schedule_bar_completion_timeout.<locals>.completion_handler() running at /Users/lindawang/Documents/Workspace/quant/.quant312/lib/python3.12/site-packages/nautilus_trader/adapters/interactive_brokers/client/market_data.py:1313> wait_for=<Future pending cb=[Task.task_wakeup()]>>
Task was destroyed but it is pending!
task: <Task pending name='Task-6968' coro=<InteractiveBrokersClientMarketDataMixin._schedule_bar_completion_timeout.<locals>.completion_handler() running at /Users/lindawang/Documents/Workspace/quant/.quant312/lib/python3.12/site-packages/nautilus_trader/adapters/interactive_brokers/client/market_data.py:1313> wait_for=<Future pending cb=[Task.task_wakeup()]>>
Task was destroyed but it is pending!
task: <Task pending name='Task-6970' coro=<InteractiveBrokersClientMarketDataMixin._schedule_bar_completion_timeout.<locals>.completion_handler() running at /Users/lindawang/Documents/Workspace/quant/.quant312/lib/python3.12/site-packages/nautilus_trader/adapters/interactive_brokers/client/market_data.py:1313> wait_for=<Future pending cb=[Task.task_wakeup()]>>
Task was destroyed but it is pending!
task: <Task pending name='Task-6972' coro=<InteractiveBrokersClientMarketDataMixin._schedule_bar_completion_timeout.<locals>.completion_handler() running at /Users/lindawang/Documents/Workspace/quant/.quant312/lib/python3.12/site-packages/nautilus_trader/adapters/interactive_brokers/client/market_data.py:1313> wait_for=<Future pending cb=[Task.task_wakeup()]>>
Task was destroyed but it is pending!
task: <Task pending name='Task-6974' coro=<InteractiveBrokersClientMarketDataMixin._schedule_bar_completion_timeout.<locals>.completion_handler() running at /Users/lindawang/Documents/Workspace/quant/.quant312/lib/python3.12/site-packages/nautilus_trader/adapters/interactive_brokers/client/market_data.py:1313> wait_for=<Future pending cb=[Task.task_wakeup()]>>
Task was destroyed but it is pending!
task: <Task pending name='Task-6976' coro=<InteractiveBrokersClientMarketDataMixin._schedule_bar_completion_timeout.<locals>.completion_handler() running at /Users/lindawang/Documents/Workspace/quant/.quant312/lib/python3.12/site-packages/nautilus_trader/adapters/interactive_brokers/client/market_data.py:1313> wait_for=<Future pending cb=[Task.task_wakeup()]>>
Task was destroyed but it is pending!
task: <Task pending name='Task-6988' coro=<InteractiveBrokersClientMarketDataMixin._schedule_bar_completion_timeout.<locals>.completion_handler() running at /Users/lindawang/Documents/Workspace/quant/.quant312/lib/python3.12/site-packages/nautilus_trader/adapters/interactive_brokers/client/market_data.py:1313> wait_for=<Future pending cb=[Task.task_wakeup()]>>
Task was destroyed but it is pending!
task: <Task pending name='Task-6990' coro=<InteractiveBrokersClientMarketDataMixin._schedule_bar_completion_timeout.<locals>.completion_handler() running at /Users/lindawang/Documents/Workspace/quant/.quant312/lib/python3.12/site-packages/nautilus_trader/adapters/interactive_brokers/client/market_data.py:1313> wait_for=<Future pending cb=[Task.task_wakeup()]>>
Task was destroyed but it is pending!
task: <Task pending name='Task-6992' coro=<InteractiveBrokersClientMarketDataMixin._schedule_bar_completion_timeout.<locals>.completion_handler() running at /Users/lindawang/Documents/Workspace/quant/.quant312/lib/python3.12/site-packages/nautilus_trader/adapters/interactive_brokers/client/market_data.py:1313> wait_for=<Future pending cb=[Task.task_wakeup()]>>
Task was destroyed but it is pending!
task: <Task pending name='Task-6994' coro=<InteractiveBrokersClientMarketDataMixin._schedule_bar_completion_timeout.<locals>.completion_handler() running at /Users/lindawang/Documents/Workspace/quant/.quant312/lib/python3.12/site-packages/nautilus_trader/adapters/interactive_brokers/client/market_data.py:1313> wait_for=<Future pending cb=[Task.task_wakeup()]>>
Task was destroyed but it is pending!
task: <Task pending name='Task-6996' coro=<InteractiveBrokersClientMarketDataMixin._schedule_bar_completion_timeout.<locals>.completion_handler() running at /Users/lindawang/Documents/Workspace/quant/.quant312/lib/python3.12/site-packages/nautilus_trader/adapters/interactive_brokers/client/market_data.py:1313> wait_for=<Future pending cb=[Task.task_wakeup()]>>
Task was destroyed but it is pending!
task: <Task pending name='Task-7008' coro=<InteractiveBrokersClientMarketDataMixin._schedule_bar_completion_timeout.<locals>.completion_handler() running at /Users/lindawang/Documents/Workspace/quant/.quant312/lib/python3.12/site-packages/nautilus_trader/adapters/interactive_brokers/client/market_data.py:1313> wait_for=<Future pending cb=[Task.task_wakeup()]>>
Task was destroyed but it is pending!
task: <Task pending name='Task-7010' coro=<InteractiveBrokersClientMarketDataMixin._schedule_bar_completion_timeout.<locals>.completion_handler() running at /Users/lindawang/Documents/Workspace/quant/.quant312/lib/python3.12/site-packages/nautilus_trader/adapters/interactive_brokers/client/market_data.py:1313> wait_for=<Future pending cb=[Task.task_wakeup()]>>
Task was destroyed but it is pending!
task: <Task pending name='Task-7012' coro=<InteractiveBrokersClientMarketDataMixin._schedule_bar_completion_timeout.<locals>.completion_handler() running at /Users/lindawang/Documents/Workspace/quant/.quant312/lib/python3.12/site-packages/nautilus_trader/adapters/interactive_brokers/client/market_data.py:1313> wait_for=<Future pending cb=[Task.task_wakeup()]>>
Task was destroyed but it is pending!
task: <Task pending name='Task-7014' coro=<InteractiveBrokersClientMarketDataMixin._schedule_bar_completion_timeout.<locals>.completion_handler() running at /Users/lindawang/Documents/Workspace/quant/.quant312/lib/python3.12/site-packages/nautilus_trader/adapters/interactive_brokers/client/market_data.py:1313> wait_for=<Future pending cb=[Task.task_wakeup()]>>
Task was destroyed but it is pending!
task: <Task pending name='Task-7016' coro=<InteractiveBrokersClientMarketDataMixin._schedule_bar_completion_timeout.<locals>.completion_handler() running at /Users/lindawang/Documents/Workspace/quant/.quant312/lib/python3.12/site-packages/nautilus_trader/adapters/interactive_brokers/client/market_data.py:1313> wait_for=<Future pending cb=[Task.task_wakeup()]>>
Task was destroyed but it is pending!
task: <Task pending name='Task-7028' coro=<InteractiveBrokersClientMarketDataMixin._schedule_bar_completion_timeout.<locals>.completion_handler() running at /Users/lindawang/Documents/Workspace/quant/.quant312/lib/python3.12/site-packages/nautilus_trader/adapters/interactive_brokers/client/market_data.py:1313> wait_for=<Future pending cb=[Task.task_wakeup()]>>
Task was destroyed but it is pending!
task: <Task pending name='Task-7030' coro=<InteractiveBrokersClientMarketDataMixin._schedule_bar_completion_timeout.<locals>.completion_handler() running at /Users/lindawang/Documents/Workspace/quant/.quant312/lib/python3.12/site-packages/nautilus_trader/adapters/interactive_brokers/client/market_data.py:1313> wait_for=<Future pending cb=[Task.task_wakeup()]>>
Task was destroyed but it is pending!
task: <Task pending name='Task-7032' coro=<InteractiveBrokersClientMarketDataMixin._schedule_bar_completion_timeout.<locals>.completion_handler() running at /Users/lindawang/Documents/Workspace/quant/.quant312/lib/python3.12/site-packages/nautilus_trader/adapters/interactive_brokers/client/market_data.py:1313> wait_for=<Future pending cb=[Task.task_wakeup()]>>
Task was destroyed but it is pending!
task: <Task pending name='Task-7034' coro=<InteractiveBrokersClientMarketDataMixin._schedule_bar_completion_timeout.<locals>.completion_handler() running at /Users/lindawang/Documents/Workspace/quant/.quant312/lib/python3.12/site-packages/nautilus_trader/adapters/interactive_brokers/client/market_data.py:1313> wait_for=<Future pending cb=[Task.task_wakeup()]>>
Task was destroyed but it is pending!
task: <Task pending name='Task-7036' coro=<InteractiveBrokersClientMarketDataMixin._schedule_bar_completion_timeout.<locals>.completion_handler() running at /Users/lindawang/Documents/Workspace/quant/.quant312/lib/python3.12/site-packages/nautilus_trader/adapters/interactive_brokers/client/market_data.py:1313> wait_for=<Future pending cb=[Task.task_wakeup()]>>
Task was destroyed but it is pending!
task: <Task pending name='Task-7048' coro=<InteractiveBrokersClientMarketDataMixin._schedule_bar_completion_timeout.<locals>.completion_handler() running at /Users/lindawang/Documents/Workspace/quant/.quant312/lib/python3.12/site-packages/nautilus_trader/adapters/interactive_brokers/client/market_data.py:1313> wait_for=<Future pending cb=[Task.task_wakeup()]>>
Task was destroyed but it is pending!
task: <Task pending name='Task-7050' coro=<InteractiveBrokersClientMarketDataMixin._schedule_bar_completion_timeout.<locals>.completion_handler() running at /Users/lindawang/Documents/Workspace/quant/.quant312/lib/python3.12/site-packages/nautilus_trader/adapters/interactive_brokers/client/market_data.py:1313> wait_for=<Future pending cb=[Task.task_wakeup()]>>
Task was destroyed but it is pending!
task: <Task pending name='Task-7052' coro=<InteractiveBrokersClientMarketDataMixin._schedule_bar_completion_timeout.<locals>.completion_handler() running at /Users/lindawang/Documents/Workspace/quant/.quant312/lib/python3.12/site-packages/nautilus_trader/adapters/interactive_brokers/client/market_data.py:1313> wait_for=<Future pending cb=[Task.task_wakeup()]>>
Task was destroyed but it is pending!
task: <Task pending name='Task-7054' coro=<InteractiveBrokersClientMarketDataMixin._schedule_bar_completion_timeout.<locals>.completion_handler() running at /Users/lindawang/Documents/Workspace/quant/.quant312/lib/python3.12/site-packages/nautilus_trader/adapters/interactive_brokers/client/market_data.py:1313> wait_for=<Future pending cb=[Task.task_wakeup()]>>
Task was destroyed but it is pending!
task: <Task pending name='Task-7056' coro=<InteractiveBrokersClientMarketDataMixin._schedule_bar_completion_timeout.<locals>.completion_handler() running at /Users/lindawang/Documents/Workspace/quant/.quant312/lib/python3.12/site-packages/nautilus_trader/adapters/interactive_brokers/client/market_data.py:1313> wait_for=<Future pending cb=[Task.task_wakeup()]>>
Task was destroyed but it is pending!
task: <Task pending name='Task-8356' coro=<InteractiveBrokersClientMarketDataMixin._schedule_bar_completion_timeout.<locals>.completion_handler() done, defined at /Users/lindawang/Documents/Workspace/quant/.quant312/lib/python3.12/site-packages/nautilus_trader/adapters/interactive_brokers/client/market_data.py:1311> wait_for=<Future pending cb=[Task.task_wakeup()]>>
Task was destroyed but it is pending!
task: <Task pending name='Task-8358' coro=<InteractiveBrokersClientMarketDataMixin._schedule_bar_completion_timeout.<locals>.completion_handler() done, defined at /Users/lindawang/Documents/Workspace/quant/.quant312/lib/python3.12/site-packages/nautilus_trader/adapters/interactive_brokers/client/market_data.py:1311> wait_for=<Future pending cb=[Task.task_wakeup()]>>
Task was destroyed but it is pending!
task: <Task pending name='Task-8360' coro=<InteractiveBrokersClientMarketDataMixin._schedule_bar_completion_timeout.<locals>.completion_handler() done, defined at /Users/lindawang/Documents/Workspace/quant/.quant312/lib/python3.12/site-packages/nautilus_trader/adapters/interactive_brokers/client/market_data.py:1311> wait_for=<Future pending cb=[Task.task_wakeup()]>>
Task was destroyed but it is pending!
task: <Task pending name='Task-7068' coro=<InteractiveBrokersClientMarketDataMixin._schedule_bar_completion_timeout.<locals>.completion_handler() running at /Users/lindawang/Documents/Workspace/quant/.quant312/lib/python3.12/site-packages/nautilus_trader/adapters/interactive_brokers/client/market_data.py:1313> wait_for=<Future pending cb=[Task.task_wakeup()]>>
Task was destroyed but it is pending!
task: <Task pending name='Task-7070' coro=<InteractiveBrokersClientMarketDataMixin._schedule_bar_completion_timeout.<locals>.completion_handler() running at /Users/lindawang/Documents/Workspace/quant/.quant312/lib/python3.12/site-packages/nautilus_trader/adapters/interactive_brokers/client/market_data.py:1313> wait_for=<Future pending cb=[Task.task_wakeup()]>>
Task was destroyed but it is pending!
task: <Task pending name='Task-7072' coro=<InteractiveBrokersClientMarketDataMixin._schedule_bar_completion_timeout.<locals>.completion_handler() running at /Users/lindawang/Documents/Workspace/quant/.quant312/lib/python3.12/site-packages/nautilus_trader/adapters/interactive_brokers/client/market_data.py:1313> wait_for=<Future pending cb=[Task.task_wakeup()]>>
Task was destroyed but it is pending!
task: <Task pending name='Task-7074' coro=<InteractiveBrokersClientMarketDataMixin._schedule_bar_completion_timeout.<locals>.completion_handler() running at /Users/lindawang/Documents/Workspace/quant/.quant312/lib/python3.12/site-packages/nautilus_trader/adapters/interactive_brokers/client/market_data.py:1313> wait_for=<Future pending cb=[Task.task_wakeup()]>>
Task was destroyed but it is pending!
task: <Task pending name='Task-7076' coro=<InteractiveBrokersClientMarketDataMixin._schedule_bar_completion_timeout.<locals>.completion_handler() running at /Users/lindawang/Documents/Workspace/quant/.quant312/lib/python3.12/site-packages/nautilus_trader/adapters/interactive_brokers/client/market_data.py:1313> wait_for=<Future pending cb=[Task.task_wakeup()]>>
Task was destroyed but it is pending!
task: <Task pending name='Task-7088' coro=<InteractiveBrokersClientMarketDataMixin._schedule_bar_completion_timeout.<locals>.completion_handler() running at /Users/lindawang/Documents/Workspace/quant/.quant312/lib/python3.12/site-packages/nautilus_trader/adapters/interactive_brokers/client/market_data.py:1313> wait_for=<Future pending cb=[Task.task_wakeup()]>>
Task was destroyed but it is pending!
task: <Task pending name='Task-7090' coro=<InteractiveBrokersClientMarketDataMixin._schedule_bar_completion_timeout.<locals>.completion_handler() running at /Users/lindawang/Documents/Workspace/quant/.quant312/lib/python3.12/site-packages/nautilus_trader/adapters/interactive_brokers/client/market_data.py:1313> wait_for=<Future pending cb=[Task.task_wakeup()]>>
Task was destroyed but it is pending!
task: <Task pending name='Task-7092' coro=<InteractiveBrokersClientMarketDataMixin._schedule_bar_completion_timeout.<locals>.completion_handler() running at /Users/lindawang/Documents/Workspace/quant/.quant312/lib/python3.12/site-packages/nautilus_trader/adapters/interactive_brokers/client/market_data.py:1313> wait_for=<Future pending cb=[Task.task_wakeup()]>>
Task was destroyed but it is pending!
task: <Task pending name='Task-7094' coro=<InteractiveBrokersClientMarketDataMixin._schedule_bar_completion_timeout.<locals>.completion_handler() running at /Users/lindawang/Documents/Workspace/quant/.quant312/lib/python3.12/site-packages/nautilus_trader/adapters/interactive_brokers/client/market_data.py:1313> wait_for=<Future pending cb=[Task.task_wakeup()]>>
Task was destroyed but it is pending!
task: <Task pending name='Task-7096' coro=<InteractiveBrokersClientMarketDataMixin._schedule_bar_completion_timeout.<locals>.completion_handler() running at /Users/lindawang/Documents/Workspace/quant/.quant312/lib/python3.12/site-packages/nautilus_trader/adapters/interactive_brokers/client/market_data.py:1313> wait_for=<Future pending cb=[Task.task_wakeup()]>>
Task was destroyed but it is pending!
task: <Task pending name='Task-7108' coro=<InteractiveBrokersClientMarketDataMixin._schedule_bar_completion_timeout.<locals>.completion_handler() running at /Users/lindawang/Documents/Workspace/quant/.quant312/lib/python3.12/site-packages/nautilus_trader/adapters/interactive_brokers/client/market_data.py:1313> wait_for=<Future pending cb=[Task.task_wakeup()]>>
Task was destroyed but it is pending!
task: <Task pending name='Task-7110' coro=<InteractiveBrokersClientMarketDataMixin._schedule_bar_completion_timeout.<locals>.completion_handler() running at /Users/lindawang/Documents/Workspace/quant/.quant312/lib/python3.12/site-packages/nautilus_trader/adapters/interactive_brokers/client/market_data.py:1313> wait_for=<Future pending cb=[Task.task_wakeup()]>>
Task was destroyed but it is pending!
task: <Task pending name='Task-7112' coro=<InteractiveBrokersClientMarketDataMixin._schedule_bar_completion_timeout.<locals>.completion_handler() running at /Users/lindawang/Documents/Workspace/quant/.quant312/lib/python3.12/site-packages/nautilus_trader/adapters/interactive_brokers/client/market_data.py:1313> wait_for=<Future pending cb=[Task.task_wakeup()]>>
Task was destroyed but it is pending!
task: <Task pending name='Task-7114' coro=<InteractiveBrokersClientMarketDataMixin._schedule_bar_completion_timeout.<locals>.completion_handler() running at /Users/lindawang/Documents/Workspace/quant/.quant312/lib/python3.12/site-packages/nautilus_trader/adapters/interactive_brokers/client/market_data.py:1313> wait_for=<Future pending cb=[Task.task_wakeup()]>>
Task was destroyed but it is pending!
task: <Task pending name='Task-7116' coro=<InteractiveBrokersClientMarketDataMixin._schedule_bar_completion_timeout.<locals>.completion_handler() running at /Users/lindawang/Documents/Workspace/quant/.quant312/lib/python3.12/site-packages/nautilus_trader/adapters/interactive_brokers/client/market_data.py:1313> wait_for=<Future pending cb=[Task.task_wakeup()]>>
Task was destroyed but it is pending!
task: <Task pending name='Task-7128' coro=<InteractiveBrokersClientMarketDataMixin._schedule_bar_completion_timeout.<locals>.completion_handler() running at /Users/lindawang/Documents/Workspace/quant/.quant312/lib/python3.12/site-packages/nautilus_trader/adapters/interactive_brokers/client/market_data.py:1313> wait_for=<Future pending cb=[Task.task_wakeup()]>>
Task was destroyed but it is pending!
task: <Task pending name='Task-7130' coro=<InteractiveBrokersClientMarketDataMixin._schedule_bar_completion_timeout.<locals>.completion_handler() running at /Users/lindawang/Documents/Workspace/quant/.quant312/lib/python3.12/site-packages/nautilus_trader/adapters/interactive_brokers/client/market_data.py:1313> wait_for=<Future pending cb=[Task.task_wakeup()]>>
Task was destroyed but it is pending!
task: <Task pending name='Task-7132' coro=<InteractiveBrokersClientMarketDataMixin._schedule_bar_completion_timeout.<locals>.completion_handler() running at /Users/lindawang/Documents/Workspace/quant/.quant312/lib/python3.12/site-packages/nautilus_trader/adapters/interactive_brokers/client/market_data.py:1313> wait_for=<Future pending cb=[Task.task_wakeup()]>>
Task was destroyed but it is pending!
task: <Task pending name='Task-7134' coro=<InteractiveBrokersClientMarketDataMixin._schedule_bar_completion_timeout.<locals>.completion_handler() running at /Users/lindawang/Documents/Workspace/quant/.quant312/lib/python3.12/site-packages/nautilus_trader/adapters/interactive_brokers/client/market_data.py:1313> wait_for=<Future pending cb=[Task.task_wakeup()]>>
Task was destroyed but it is pending!
task: <Task pending name='Task-7136' coro=<InteractiveBrokersClientMarketDataMixin._schedule_bar_completion_timeout.<locals>.completion_handler() running at /Users/lindawang/Documents/Workspace/quant/.quant312/lib/python3.12/site-packages/nautilus_trader/adapters/interactive_brokers/client/market_data.py:1313> wait_for=<Future pending cb=[Task.task_wakeup()]>>
Task was destroyed but it is pending!
task: <Task pending name='Task-7148' coro=<InteractiveBrokersClientMarketDataMixin._schedule_bar_completion_timeout.<locals>.completion_handler() running at /Users/lindawang/Documents/Workspace/quant/.quant312/lib/python3.12/site-packages/nautilus_trader/adapters/interactive_brokers/client/market_data.py:1313> wait_for=<Future pending cb=[Task.task_wakeup()]>>
Task was destroyed but it is pending!
task: <Task pending name='Task-7150' coro=<InteractiveBrokersClientMarketDataMixin._schedule_bar_completion_timeout.<locals>.completion_handler() running at /Users/lindawang/Documents/Workspace/quant/.quant312/lib/python3.12/site-packages/nautilus_trader/adapters/interactive_brokers/client/market_data.py:1313> wait_for=<Future pending cb=[Task.task_wakeup()]>>
Task was destroyed but it is pending!
task: <Task pending name='Task-7152' coro=<InteractiveBrokersClientMarketDataMixin._schedule_bar_completion_timeout.<locals>.completion_handler() running at /Users/lindawang/Documents/Workspace/quant/.quant312/lib/python3.12/site-packages/nautilus_trader/adapters/interactive_brokers/client/market_data.py:1313> wait_for=<Future pending cb=[Task.task_wakeup()]>>
Task was destroyed but it is pending!
task: <Task pending name='Task-7154' coro=<InteractiveBrokersClientMarketDataMixin._schedule_bar_completion_timeout.<locals>.completion_handler() running at /Users/lindawang/Documents/Workspace/quant/.quant312/lib/python3.12/site-packages/nautilus_trader/adapters/interactive_brokers/client/market_data.py:1313> wait_for=<Future pending cb=[Task.task_wakeup()]>>
Task was destroyed but it is pending!
task: <Task pending name='Task-7156' coro=<InteractiveBrokersClientMarketDataMixin._schedule_bar_completion_timeout.<locals>.completion_handler() running at /Users/lindawang/Documents/Workspace/quant/.quant312/lib/python3.12/site-packages/nautilus_trader/adapters/interactive_brokers/client/market_data.py:1313> wait_for=<Future pending cb=[Task.task_wakeup()]>>
Task was destroyed but it is pending!
task: <Task pending name='Task-7169' coro=<InteractiveBrokersClientMarketDataMixin._schedule_bar_completion_timeout.<locals>.completion_handler() running at /Users/lindawang/Documents/Workspace/quant/.quant312/lib/python3.12/site-packages/nautilus_trader/adapters/interactive_brokers/client/market_data.py:1313> wait_for=<Future pending cb=[Task.task_wakeup()]>>
Task was destroyed but it is pending!
task: <Task pending name='Task-7171' coro=<InteractiveBrokersClientMarketDataMixin._schedule_bar_completion_timeout.<locals>.completion_handler() running at /Users/lindawang/Documents/Workspace/quant/.quant312/lib/python3.12/site-packages/nautilus_trader/adapters/interactive_brokers/client/market_data.py:1313> wait_for=<Future pending cb=[Task.task_wakeup()]>>
Task was destroyed but it is pending!
task: <Task pending name='Task-7173' coro=<InteractiveBrokersClientMarketDataMixin._schedule_bar_completion_timeout.<locals>.completion_handler() running at /Users/lindawang/Documents/Workspace/quant/.quant312/lib/python3.12/site-packages/nautilus_trader/adapters/interactive_brokers/client/market_data.py:1313> wait_for=<Future pending cb=[Task.task_wakeup()]>>
Task was destroyed but it is pending!
task: <Task pending name='Task-7175' coro=<InteractiveBrokersClientMarketDataMixin._schedule_bar_completion_timeout.<locals>.completion_handler() running at /Users/lindawang/Documents/Workspace/quant/.quant312/lib/python3.12/site-packages/nautilus_trader/adapters/interactive_brokers/client/market_data.py:1313> wait_for=<Future pending cb=[Task.task_wakeup()]>>
Task was destroyed but it is pending!
task: <Task pending name='Task-7177' coro=<InteractiveBrokersClientMarketDataMixin._schedule_bar_completion_timeout.<locals>.completion_handler() running at /Users/lindawang/Documents/Workspace/quant/.quant312/lib/python3.12/site-packages/nautilus_trader/adapters/interactive_brokers/client/market_data.py:1313> wait_for=<Future pending cb=[Task.task_wakeup()]>>
Task was destroyed but it is pending!
task: <Task pending name='Task-7189' coro=<InteractiveBrokersClientMarketDataMixin._schedule_bar_completion_timeout.<locals>.completion_handler() running at /Users/lindawang/Documents/Workspace/quant/.quant312/lib/python3.12/site-packages/nautilus_trader/adapters/interactive_brokers/client/market_data.py:1313> wait_for=<Future pending cb=[Task.task_wakeup()]>>
Task was destroyed but it is pending!
task: <Task pending name='Task-7191' coro=<InteractiveBrokersClientMarketDataMixin._schedule_bar_completion_timeout.<locals>.completion_handler() running at /Users/lindawang/Documents/Workspace/quant/.quant312/lib/python3.12/site-packages/nautilus_trader/adapters/interactive_brokers/client/market_data.py:1313> wait_for=<Future pending cb=[Task.task_wakeup()]>>
Task was destroyed but it is pending!
task: <Task pending name='Task-7193' coro=<InteractiveBrokersClientMarketDataMixin._schedule_bar_completion_timeout.<locals>.completion_handler() running at /Users/lindawang/Documents/Workspace/quant/.quant312/lib/python3.12/site-packages/nautilus_trader/adapters/interactive_brokers/client/market_data.py:1313> wait_for=<Future pending cb=[Task.task_wakeup()]>>
Task was destroyed but it is pending!
task: <Task pending name='Task-7195' coro=<InteractiveBrokersClientMarketDataMixin._schedule_bar_completion_timeout.<locals>.completion_handler() running at /Users/lindawang/Documents/Workspace/quant/.quant312/lib/python3.12/site-packages/nautilus_trader/adapters/interactive_brokers/client/market_data.py:1313> wait_for=<Future pending cb=[Task.task_wakeup()]>>
Task was destroyed but it is pending!
task: <Task pending name='Task-7197' coro=<InteractiveBrokersClientMarketDataMixin._schedule_bar_completion_timeout.<locals>.completion_handler() running at /Users/lindawang/Documents/Workspace/quant/.quant312/lib/python3.12/site-packages/nautilus_trader/adapters/interactive_brokers/client/market_data.py:1313> wait_for=<Future pending cb=[Task.task_wakeup()]>>
Task was destroyed but it is pending!
task: <Task pending name='Task-7209' coro=<InteractiveBrokersClientMarketDataMixin._schedule_bar_completion_timeout.<locals>.completion_handler() running at /Users/lindawang/Documents/Workspace/quant/.quant312/lib/python3.12/site-packages/nautilus_trader/adapters/interactive_brokers/client/market_data.py:1313> wait_for=<Future pending cb=[Task.task_wakeup()]>>
Task was destroyed but it is pending!
task: <Task pending name='Task-7211' coro=<InteractiveBrokersClientMarketDataMixin._schedule_bar_completion_timeout.<locals>.completion_handler() running at /Users/lindawang/Documents/Workspace/quant/.quant312/lib/python3.12/site-packages/nautilus_trader/adapters/interactive_brokers/client/market_data.py:1313> wait_for=<Future pending cb=[Task.task_wakeup()]>>
Task was destroyed but it is pending!
task: <Task pending name='Task-7213' coro=<InteractiveBrokersClientMarketDataMixin._schedule_bar_completion_timeout.<locals>.completion_handler() running at /Users/lindawang/Documents/Workspace/quant/.quant312/lib/python3.12/site-packages/nautilus_trader/adapters/interactive_brokers/client/market_data.py:1313> wait_for=<Future pending cb=[Task.task_wakeup()]>>
Task was destroyed but it is pending!
task: <Task pending name='Task-7215' coro=<InteractiveBrokersClientMarketDataMixin._schedule_bar_completion_timeout.<locals>.completion_handler() running at /Users/lindawang/Documents/Workspace/quant/.quant312/lib/python3.12/site-packages/nautilus_trader/adapters/interactive_brokers/client/market_data.py:1313> wait_for=<Future pending cb=[Task.task_wakeup()]>>
Task was destroyed but it is pending!
task: <Task pending name='Task-7217' coro=<InteractiveBrokersClientMarketDataMixin._schedule_bar_completion_timeout.<locals>.completion_handler() running at /Users/lindawang/Documents/Workspace/quant/.quant312/lib/python3.12/site-packages/nautilus_trader/adapters/interactive_brokers/client/market_data.py:1313> wait_for=<Future pending cb=[Task.task_wakeup()]>>
Task was destroyed but it is pending!
task: <Task pending name='Task-7229' coro=<InteractiveBrokersClientMarketDataMixin._schedule_bar_completion_timeout.<locals>.completion_handler() running at /Users/lindawang/Documents/Workspace/quant/.quant312/lib/python3.12/site-packages/nautilus_trader/adapters/interactive_brokers/client/market_data.py:1313> wait_for=<Future pending cb=[Task.task_wakeup()]>>
Task was destroyed but it is pending!
task: <Task pending name='Task-7231' coro=<InteractiveBrokersClientMarketDataMixin._schedule_bar_completion_timeout.<locals>.completion_handler() running at /Users/lindawang/Documents/Workspace/quant/.quant312/lib/python3.12/site-packages/nautilus_trader/adapters/interactive_brokers/client/market_data.py:1313> wait_for=<Future pending cb=[Task.task_wakeup()]>>
Task was destroyed but it is pending!
task: <Task pending name='Task-7233' coro=<InteractiveBrokersClientMarketDataMixin._schedule_bar_completion_timeout.<locals>.completion_handler() running at /Users/lindawang/Documents/Workspace/quant/.quant312/lib/python3.12/site-packages/nautilus_trader/adapters/interactive_brokers/client/market_data.py:1313> wait_for=<Future pending cb=[Task.task_wakeup()]>>
Task was destroyed but it is pending!
task: <Task pending name='Task-7235' coro=<InteractiveBrokersClientMarketDataMixin._schedule_bar_completion_timeout.<locals>.completion_handler() running at /Users/lindawang/Documents/Workspace/quant/.quant312/lib/python3.12/site-packages/nautilus_trader/adapters/interactive_brokers/client/market_data.py:1313> wait_for=<Future pending cb=[Task.task_wakeup()]>>
Task was destroyed but it is pending!
task: <Task pending name='Task-7237' coro=<InteractiveBrokersClientMarketDataMixin._schedule_bar_completion_timeout.<locals>.completion_handler() running at /Users/lindawang/Documents/Workspace/quant/.quant312/lib/python3.12/site-packages/nautilus_trader/adapters/interactive_brokers/client/market_data.py:1313> wait_for=<Future pending cb=[Task.task_wakeup()]>>
Task was destroyed but it is pending!
task: <Task pending name='Task-7249' coro=<InteractiveBrokersClientMarketDataMixin._schedule_bar_completion_timeout.<locals>.completion_handler() running at /Users/lindawang/Documents/Workspace/quant/.quant312/lib/python3.12/site-packages/nautilus_trader/adapters/interactive_brokers/client/market_data.py:1313> wait_for=<Future pending cb=[Task.task_wakeup()]>>
Task was destroyed but it is pending!
task: <Task pending name='Task-7251' coro=<InteractiveBrokersClientMarketDataMixin._schedule_bar_completion_timeout.<locals>.completion_handler() running at /Users/lindawang/Documents/Workspace/quant/.quant312/lib/python3.12/site-packages/nautilus_trader/adapters/interactive_brokers/client/market_data.py:1313> wait_for=<Future pending cb=[Task.task_wakeup()]>>
Task was destroyed but it is pending!
task: <Task pending name='Task-7253' coro=<InteractiveBrokersClientMarketDataMixin._schedule_bar_completion_timeout.<locals>.completion_handler() running at /Users/lindawang/Documents/Workspace/quant/.quant312/lib/python3.12/site-packages/nautilus_trader/adapters/interactive_brokers/client/market_data.py:1313> wait_for=<Future pending cb=[Task.task_wakeup()]>>
Task was destroyed but it is pending!
task: <Task pending name='Task-7255' coro=<InteractiveBrokersClientMarketDataMixin._schedule_bar_completion_timeout.<locals>.completion_handler() running at /Users/lindawang/Documents/Workspace/quant/.quant312/lib/python3.12/site-packages/nautilus_trader/adapters/interactive_brokers/client/market_data.py:1313> wait_for=<Future pending cb=[Task.task_wakeup()]>>
Task was destroyed but it is pending!
task: <Task pending name='Task-7257' coro=<InteractiveBrokersClientMarketDataMixin._schedule_bar_completion_timeout.<locals>.completion_handler() running at /Users/lindawang/Documents/Workspace/quant/.quant312/lib/python3.12/site-packages/nautilus_trader/adapters/interactive_brokers/client/market_data.py:1313> wait_for=<Future pending cb=[Task.task_wakeup()]>>
Task was destroyed but it is pending!
task: <Task pending name='Task-7269' coro=<InteractiveBrokersClientMarketDataMixin._schedule_bar_completion_timeout.<locals>.completion_handler() running at /Users/lindawang/Documents/Workspace/quant/.quant312/lib/python3.12/site-packages/nautilus_trader/adapters/interactive_brokers/client/market_data.py:1313> wait_for=<Future pending cb=[Task.task_wakeup()]>>
Task was destroyed but it is pending!
task: <Task pending name='Task-7271' coro=<InteractiveBrokersClientMarketDataMixin._schedule_bar_completion_timeout.<locals>.completion_handler() running at /Users/lindawang/Documents/Workspace/quant/.quant312/lib/python3.12/site-packages/nautilus_trader/adapters/interactive_brokers/client/market_data.py:1313> wait_for=<Future pending cb=[Task.task_wakeup()]>>
Task was destroyed but it is pending!
task: <Task pending name='Task-7273' coro=<InteractiveBrokersClientMarketDataMixin._schedule_bar_completion_timeout.<locals>.completion_handler() running at /Users/lindawang/Documents/Workspace/quant/.quant312/lib/python3.12/site-packages/nautilus_trader/adapters/interactive_brokers/client/market_data.py:1313> wait_for=<Future pending cb=[Task.task_wakeup()]>>
Task was destroyed but it is pending!
task: <Task pending name='Task-7275' coro=<InteractiveBrokersClientMarketDataMixin._schedule_bar_completion_timeout.<locals>.completion_handler() running at /Users/lindawang/Documents/Workspace/quant/.quant312/lib/python3.12/site-packages/nautilus_trader/adapters/interactive_brokers/client/market_data.py:1313> wait_for=<Future pending cb=[Task.task_wakeup()]>>
Task was destroyed but it is pending!
task: <Task pending name='Task-7277' coro=<InteractiveBrokersClientMarketDataMixin._schedule_bar_completion_timeout.<locals>.completion_handler() running at /Users/lindawang/Documents/Workspace/quant/.quant312/lib/python3.12/site-packages/nautilus_trader/adapters/interactive_brokers/client/market_data.py:1313> wait_for=<Future pending cb=[Task.task_wakeup()]>>
Task was destroyed but it is pending!
task: <Task pending name='Task-7289' coro=<InteractiveBrokersClientMarketDataMixin._schedule_bar_completion_timeout.<locals>.completion_handler() running at /Users/lindawang/Documents/Workspace/quant/.quant312/lib/python3.12/site-packages/nautilus_trader/adapters/interactive_brokers/client/market_data.py:1313> wait_for=<Future pending cb=[Task.task_wakeup()]>>
Task was destroyed but it is pending!
task: <Task pending name='Task-7291' coro=<InteractiveBrokersClientMarketDataMixin._schedule_bar_completion_timeout.<locals>.completion_handler() running at /Users/lindawang/Documents/Workspace/quant/.quant312/lib/python3.12/site-packages/nautilus_trader/adapters/interactive_brokers/client/market_data.py:1313> wait_for=<Future pending cb=[Task.task_wakeup()]>>
Task was destroyed but it is pending!
task: <Task pending name='Task-7293' coro=<InteractiveBrokersClientMarketDataMixin._schedule_bar_completion_timeout.<locals>.completion_handler() running at /Users/lindawang/Documents/Workspace/quant/.quant312/lib/python3.12/site-packages/nautilus_trader/adapters/interactive_brokers/client/market_data.py:1313> wait_for=<Future pending cb=[Task.task_wakeup()]>>
Task was destroyed but it is pending!
task: <Task pending name='Task-7295' coro=<InteractiveBrokersClientMarketDataMixin._schedule_bar_completion_timeout.<locals>.completion_handler() running at /Users/lindawang/Documents/Workspace/quant/.quant312/lib/python3.12/site-packages/nautilus_trader/adapters/interactive_brokers/client/market_data.py:1313> wait_for=<Future pending cb=[Task.task_wakeup()]>>
Task was destroyed but it is pending!
task: <Task pending name='Task-7297' coro=<InteractiveBrokersClientMarketDataMixin._schedule_bar_completion_timeout.<locals>.completion_handler() running at /Users/lindawang/Documents/Workspace/quant/.quant312/lib/python3.12/site-packages/nautilus_trader/adapters/interactive_brokers/client/market_data.py:1313> wait_for=<Future pending cb=[Task.task_wakeup()]>>
Task was destroyed but it is pending!
task: <Task pending name='Task-7309' coro=<InteractiveBrokersClientMarketDataMixin._schedule_bar_completion_timeout.<locals>.completion_handler() running at /Users/lindawang/Documents/Workspace/quant/.quant312/lib/python3.12/site-packages/nautilus_trader/adapters/interactive_brokers/client/market_data.py:1313> wait_for=<Future pending cb=[Task.task_wakeup()]>>
Task was destroyed but it is pending!
task: <Task pending name='Task-7311' coro=<InteractiveBrokersClientMarketDataMixin._schedule_bar_completion_timeout.<locals>.completion_handler() running at /Users/lindawang/Documents/Workspace/quant/.quant312/lib/python3.12/site-packages/nautilus_trader/adapters/interactive_brokers/client/market_data.py:1313> wait_for=<Future pending cb=[Task.task_wakeup()]>>
Task was destroyed but it is pending!
task: <Task pending name='Task-7313' coro=<InteractiveBrokersClientMarketDataMixin._schedule_bar_completion_timeout.<locals>.completion_handler() running at /Users/lindawang/Documents/Workspace/quant/.quant312/lib/python3.12/site-packages/nautilus_trader/adapters/interactive_brokers/client/market_data.py:1313> wait_for=<Future pending cb=[Task.task_wakeup()]>>
Task was destroyed but it is pending!
task: <Task pending name='Task-7315' coro=<InteractiveBrokersClientMarketDataMixin._schedule_bar_completion_timeout.<locals>.completion_handler() running at /Users/lindawang/Documents/Workspace/quant/.quant312/lib/python3.12/site-packages/nautilus_trader/adapters/interactive_brokers/client/market_data.py:1313> wait_for=<Future pending cb=[Task.task_wakeup()]>>
Task was destroyed but it is pending!
task: <Task pending name='Task-7317' coro=<InteractiveBrokersClientMarketDataMixin._schedule_bar_completion_timeout.<locals>.completion_handler() running at /Users/lindawang/Documents/Workspace/quant/.quant312/lib/python3.12/site-packages/nautilus_trader/adapters/interactive_brokers/client/market_data.py:1313> wait_for=<Future pending cb=[Task.task_wakeup()]>>
Task was destroyed but it is pending!
task: <Task pending name='Task-7329' coro=<InteractiveBrokersClientMarketDataMixin._schedule_bar_completion_timeout.<locals>.completion_handler() running at /Users/lindawang/Documents/Workspace/quant/.quant312/lib/python3.12/site-packages/nautilus_trader/adapters/interactive_brokers/client/market_data.py:1313> wait_for=<Future pending cb=[Task.task_wakeup()]>>
Task was destroyed but it is pending!
task: <Task pending name='Task-7331' coro=<InteractiveBrokersClientMarketDataMixin._schedule_bar_completion_timeout.<locals>.completion_handler() running at /Users/lindawang/Documents/Workspace/quant/.quant312/lib/python3.12/site-packages/nautilus_trader/adapters/interactive_brokers/client/market_data.py:1313> wait_for=<Future pending cb=[Task.task_wakeup()]>>
Task was destroyed but it is pending!
task: <Task pending name='Task-7333' coro=<InteractiveBrokersClientMarketDataMixin._schedule_bar_completion_timeout.<locals>.completion_handler() running at /Users/lindawang/Documents/Workspace/quant/.quant312/lib/python3.12/site-packages/nautilus_trader/adapters/interactive_brokers/client/market_data.py:1313> wait_for=<Future pending cb=[Task.task_wakeup()]>>
Task was destroyed but it is pending!
task: <Task pending name='Task-7335' coro=<InteractiveBrokersClientMarketDataMixin._schedule_bar_completion_timeout.<locals>.completion_handler() running at /Users/lindawang/Documents/Workspace/quant/.quant312/lib/python3.12/site-packages/nautilus_trader/adapters/interactive_brokers/client/market_data.py:1313> wait_for=<Future pending cb=[Task.task_wakeup()]>>
Task was destroyed but it is pending!
task: <Task pending name='Task-7337' coro=<InteractiveBrokersClientMarketDataMixin._schedule_bar_completion_timeout.<locals>.completion_handler() running at /Users/lindawang/Documents/Workspace/quant/.quant312/lib/python3.12/site-packages/nautilus_trader/adapters/interactive_brokers/client/market_data.py:1313> wait_for=<Future pending cb=[Task.task_wakeup()]>>
Task was destroyed but it is pending!
task: <Task pending name='Task-7349' coro=<InteractiveBrokersClientMarketDataMixin._schedule_bar_completion_timeout.<locals>.completion_handler() running at /Users/lindawang/Documents/Workspace/quant/.quant312/lib/python3.12/site-packages/nautilus_trader/adapters/interactive_brokers/client/market_data.py:1313> wait_for=<Future pending cb=[Task.task_wakeup()]>>
Task was destroyed but it is pending!
task: <Task pending name='Task-7351' coro=<InteractiveBrokersClientMarketDataMixin._schedule_bar_completion_timeout.<locals>.completion_handler() running at /Users/lindawang/Documents/Workspace/quant/.quant312/lib/python3.12/site-packages/nautilus_trader/adapters/interactive_brokers/client/market_data.py:1313> wait_for=<Future pending cb=[Task.task_wakeup()]>>
Task was destroyed but it is pending!
task: <Task pending name='Task-7353' coro=<InteractiveBrokersClientMarketDataMixin._schedule_bar_completion_timeout.<locals>.completion_handler() running at /Users/lindawang/Documents/Workspace/quant/.quant312/lib/python3.12/site-packages/nautilus_trader/adapters/interactive_brokers/client/market_data.py:1313> wait_for=<Future pending cb=[Task.task_wakeup()]>>
Task was destroyed but it is pending!
task: <Task pending name='Task-7355' coro=<InteractiveBrokersClientMarketDataMixin._schedule_bar_completion_timeout.<locals>.completion_handler() running at /Users/lindawang/Documents/Workspace/quant/.quant312/lib/python3.12/site-packages/nautilus_trader/adapters/interactive_brokers/client/market_data.py:1313> wait_for=<Future pending cb=[Task.task_wakeup()]>>
Task was destroyed but it is pending!
task: <Task pending name='Task-7357' coro=<InteractiveBrokersClientMarketDataMixin._schedule_bar_completion_timeout.<locals>.completion_handler() running at /Users/lindawang/Documents/Workspace/quant/.quant312/lib/python3.12/site-packages/nautilus_trader/adapters/interactive_brokers/client/market_data.py:1313> wait_for=<Future pending cb=[Task.task_wakeup()]>>
Task was destroyed but it is pending!
task: <Task pending name='Task-7369' coro=<InteractiveBrokersClientMarketDataMixin._schedule_bar_completion_timeout.<locals>.completion_handler() running at /Users/lindawang/Documents/Workspace/quant/.quant312/lib/python3.12/site-packages/nautilus_trader/adapters/interactive_brokers/client/market_data.py:1313> wait_for=<Future pending cb=[Task.task_wakeup()]>>
Task was destroyed but it is pending!
task: <Task pending name='Task-7371' coro=<InteractiveBrokersClientMarketDataMixin._schedule_bar_completion_timeout.<locals>.completion_handler() running at /Users/lindawang/Documents/Workspace/quant/.quant312/lib/python3.12/site-packages/nautilus_trader/adapters/interactive_brokers/client/market_data.py:1313> wait_for=<Future pending cb=[Task.task_wakeup()]>>
Task was destroyed but it is pending!
task: <Task pending name='Task-7373' coro=<InteractiveBrokersClientMarketDataMixin._schedule_bar_completion_timeout.<locals>.completion_handler() running at /Users/lindawang/Documents/Workspace/quant/.quant312/lib/python3.12/site-packages/nautilus_trader/adapters/interactive_brokers/client/market_data.py:1313> wait_for=<Future pending cb=[Task.task_wakeup()]>>
Task was destroyed but it is pending!
task: <Task pending name='Task-7375' coro=<InteractiveBrokersClientMarketDataMixin._schedule_bar_completion_timeout.<locals>.completion_handler() running at /Users/lindawang/Documents/Workspace/quant/.quant312/lib/python3.12/site-packages/nautilus_trader/adapters/interactive_brokers/client/market_data.py:1313> wait_for=<Future pending cb=[Task.task_wakeup()]>>
Task was destroyed but it is pending!
task: <Task pending name='Task-7377' coro=<InteractiveBrokersClientMarketDataMixin._schedule_bar_completion_timeout.<locals>.completion_handler() running at /Users/lindawang/Documents/Workspace/quant/.quant312/lib/python3.12/site-packages/nautilus_trader/adapters/interactive_brokers/client/market_data.py:1313> wait_for=<Future pending cb=[Task.task_wakeup()]>>
Task was destroyed but it is pending!
task: <Task pending name='Task-7389' coro=<InteractiveBrokersClientMarketDataMixin._schedule_bar_completion_timeout.<locals>.completion_handler() running at /Users/lindawang/Documents/Workspace/quant/.quant312/lib/python3.12/site-packages/nautilus_trader/adapters/interactive_brokers/client/market_data.py:1313> wait_for=<Future pending cb=[Task.task_wakeup()]>>
Task was destroyed but it is pending!
task: <Task pending name='Task-7391' coro=<InteractiveBrokersClientMarketDataMixin._schedule_bar_completion_timeout.<locals>.completion_handler() running at /Users/lindawang/Documents/Workspace/quant/.quant312/lib/python3.12/site-packages/nautilus_trader/adapters/interactive_brokers/client/market_data.py:1313> wait_for=<Future pending cb=[Task.task_wakeup()]>>
Task was destroyed but it is pending!
task: <Task pending name='Task-7393' coro=<InteractiveBrokersClientMarketDataMixin._schedule_bar_completion_timeout.<locals>.completion_handler() running at /Users/lindawang/Documents/Workspace/quant/.quant312/lib/python3.12/site-packages/nautilus_trader/adapters/interactive_brokers/client/market_data.py:1313> wait_for=<Future pending cb=[Task.task_wakeup()]>>
Task was destroyed but it is pending!
task: <Task pending name='Task-7395' coro=<InteractiveBrokersClientMarketDataMixin._schedule_bar_completion_timeout.<locals>.completion_handler() running at /Users/lindawang/Documents/Workspace/quant/.quant312/lib/python3.12/site-packages/nautilus_trader/adapters/interactive_brokers/client/market_data.py:1313> wait_for=<Future pending cb=[Task.task_wakeup()]>>
Task was destroyed but it is pending!
task: <Task pending name='Task-7397' coro=<InteractiveBrokersClientMarketDataMixin._schedule_bar_completion_timeout.<locals>.completion_handler() running at /Users/lindawang/Documents/Workspace/quant/.quant312/lib/python3.12/site-packages/nautilus_trader/adapters/interactive_brokers/client/market_data.py:1313> wait_for=<Future pending cb=[Task.task_wakeup()]>>
Task was destroyed but it is pending!
task: <Task pending name='Task-7409' coro=<InteractiveBrokersClientMarketDataMixin._schedule_bar_completion_timeout.<locals>.completion_handler() running at /Users/lindawang/Documents/Workspace/quant/.quant312/lib/python3.12/site-packages/nautilus_trader/adapters/interactive_brokers/client/market_data.py:1313> wait_for=<Future pending cb=[Task.task_wakeup()]>>
Task was destroyed but it is pending!
task: <Task pending name='Task-7411' coro=<InteractiveBrokersClientMarketDataMixin._schedule_bar_completion_timeout.<locals>.completion_handler() running at /Users/lindawang/Documents/Workspace/quant/.quant312/lib/python3.12/site-packages/nautilus_trader/adapters/interactive_brokers/client/market_data.py:1313> wait_for=<Future pending cb=[Task.task_wakeup()]>>
Task was destroyed but it is pending!
task: <Task pending name='Task-7413' coro=<InteractiveBrokersClientMarketDataMixin._schedule_bar_completion_timeout.<locals>.completion_handler() running at /Users/lindawang/Documents/Workspace/quant/.quant312/lib/python3.12/site-packages/nautilus_trader/adapters/interactive_brokers/client/market_data.py:1313> wait_for=<Future pending cb=[Task.task_wakeup()]>>
Task was destroyed but it is pending!
task: <Task pending name='Task-7415' coro=<InteractiveBrokersClientMarketDataMixin._schedule_bar_completion_timeout.<locals>.completion_handler() running at /Users/lindawang/Documents/Workspace/quant/.quant312/lib/python3.12/site-packages/nautilus_trader/adapters/interactive_brokers/client/market_data.py:1313> wait_for=<Future pending cb=[Task.task_wakeup()]>>
Task was destroyed but it is pending!
task: <Task pending name='Task-7417' coro=<InteractiveBrokersClientMarketDataMixin._schedule_bar_completion_timeout.<locals>.completion_handler() running at /Users/lindawang/Documents/Workspace/quant/.quant312/lib/python3.12/site-packages/nautilus_trader/adapters/interactive_brokers/client/market_data.py:1313> wait_for=<Future pending cb=[Task.task_wakeup()]>>
Task was destroyed but it is pending!
task: <Task pending name='Task-7429' coro=<InteractiveBrokersClientMarketDataMixin._schedule_bar_completion_timeout.<locals>.completion_handler() running at /Users/lindawang/Documents/Workspace/quant/.quant312/lib/python3.12/site-packages/nautilus_trader/adapters/interactive_brokers/client/market_data.py:1313> wait_for=<Future pending cb=[Task.task_wakeup()]>>
Task was destroyed but it is pending!
task: <Task pending name='Task-7431' coro=<InteractiveBrokersClientMarketDataMixin._schedule_bar_completion_timeout.<locals>.completion_handler() running at /Users/lindawang/Documents/Workspace/quant/.quant312/lib/python3.12/site-packages/nautilus_trader/adapters/interactive_brokers/client/market_data.py:1313> wait_for=<Future pending cb=[Task.task_wakeup()]>>
Task was destroyed but it is pending!
task: <Task pending name='Task-7433' coro=<InteractiveBrokersClientMarketDataMixin._schedule_bar_completion_timeout.<locals>.completion_handler() running at /Users/lindawang/Documents/Workspace/quant/.quant312/lib/python3.12/site-packages/nautilus_trader/adapters/interactive_brokers/client/market_data.py:1313> wait_for=<Future pending cb=[Task.task_wakeup()]>>
Task was destroyed but it is pending!
task: <Task pending name='Task-7435' coro=<InteractiveBrokersClientMarketDataMixin._schedule_bar_completion_timeout.<locals>.completion_handler() running at /Users/lindawang/Documents/Workspace/quant/.quant312/lib/python3.12/site-packages/nautilus_trader/adapters/interactive_brokers/client/market_data.py:1313> wait_for=<Future pending cb=[Task.task_wakeup()]>>
Task was destroyed but it is pending!
task: <Task pending name='Task-7437' coro=<InteractiveBrokersClientMarketDataMixin._schedule_bar_completion_timeout.<locals>.completion_handler() running at /Users/lindawang/Documents/Workspace/quant/.quant312/lib/python3.12/site-packages/nautilus_trader/adapters/interactive_brokers/client/market_data.py:1313> wait_for=<Future pending cb=[Task.task_wakeup()]>>
Task was destroyed but it is pending!
task: <Task pending name='Task-7449' coro=<InteractiveBrokersClientMarketDataMixin._schedule_bar_completion_timeout.<locals>.completion_handler() running at /Users/lindawang/Documents/Workspace/quant/.quant312/lib/python3.12/site-packages/nautilus_trader/adapters/interactive_brokers/client/market_data.py:1313> wait_for=<Future pending cb=[Task.task_wakeup()]>>
Task was destroyed but it is pending!
task: <Task pending name='Task-7451' coro=<InteractiveBrokersClientMarketDataMixin._schedule_bar_completion_timeout.<locals>.completion_handler() running at /Users/lindawang/Documents/Workspace/quant/.quant312/lib/python3.12/site-packages/nautilus_trader/adapters/interactive_brokers/client/market_data.py:1313> wait_for=<Future pending cb=[Task.task_wakeup()]>>
Task was destroyed but it is pending!
task: <Task pending name='Task-7453' coro=<InteractiveBrokersClientMarketDataMixin._schedule_bar_completion_timeout.<locals>.completion_handler() running at /Users/lindawang/Documents/Workspace/quant/.quant312/lib/python3.12/site-packages/nautilus_trader/adapters/interactive_brokers/client/market_data.py:1313> wait_for=<Future pending cb=[Task.task_wakeup()]>>
Task was destroyed but it is pending!
task: <Task pending name='Task-7455' coro=<InteractiveBrokersClientMarketDataMixin._schedule_bar_completion_timeout.<locals>.completion_handler() running at /Users/lindawang/Documents/Workspace/quant/.quant312/lib/python3.12/site-packages/nautilus_trader/adapters/interactive_brokers/client/market_data.py:1313> wait_for=<Future pending cb=[Task.task_wakeup()]>>
Task was destroyed but it is pending!
task: <Task pending name='Task-7457' coro=<InteractiveBrokersClientMarketDataMixin._schedule_bar_completion_timeout.<locals>.completion_handler() running at /Users/lindawang/Documents/Workspace/quant/.quant312/lib/python3.12/site-packages/nautilus_trader/adapters/interactive_brokers/client/market_data.py:1313> wait_for=<Future pending cb=[Task.task_wakeup()]>>
Task was destroyed but it is pending!
task: <Task pending name='Task-7469' coro=<InteractiveBrokersClientMarketDataMixin._schedule_bar_completion_timeout.<locals>.completion_handler() running at /Users/lindawang/Documents/Workspace/quant/.quant312/lib/python3.12/site-packages/nautilus_trader/adapters/interactive_brokers/client/market_data.py:1313> wait_for=<Future pending cb=[Task.task_wakeup()]>>
Task was destroyed but it is pending!
task: <Task pending name='Task-7471' coro=<InteractiveBrokersClientMarketDataMixin._schedule_bar_completion_timeout.<locals>.completion_handler() running at /Users/lindawang/Documents/Workspace/quant/.quant312/lib/python3.12/site-packages/nautilus_trader/adapters/interactive_brokers/client/market_data.py:1313> wait_for=<Future pending cb=[Task.task_wakeup()]>>
Task was destroyed but it is pending!
task: <Task pending name='Task-7473' coro=<InteractiveBrokersClientMarketDataMixin._schedule_bar_completion_timeout.<locals>.completion_handler() running at /Users/lindawang/Documents/Workspace/quant/.quant312/lib/python3.12/site-packages/nautilus_trader/adapters/interactive_brokers/client/market_data.py:1313> wait_for=<Future pending cb=[Task.task_wakeup()]>>
Task was destroyed but it is pending!
task: <Task pending name='Task-7475' coro=<InteractiveBrokersClientMarketDataMixin._schedule_bar_completion_timeout.<locals>.completion_handler() running at /Users/lindawang/Documents/Workspace/quant/.quant312/lib/python3.12/site-packages/nautilus_trader/adapters/interactive_brokers/client/market_data.py:1313> wait_for=<Future pending cb=[Task.task_wakeup()]>>
Task was destroyed but it is pending!
task: <Task pending name='Task-7477' coro=<InteractiveBrokersClientMarketDataMixin._schedule_bar_completion_timeout.<locals>.completion_handler() running at /Users/lindawang/Documents/Workspace/quant/.quant312/lib/python3.12/site-packages/nautilus_trader/adapters/interactive_brokers/client/market_data.py:1313> wait_for=<Future pending cb=[Task.task_wakeup()]>>
Task was destroyed but it is pending!
task: <Task pending name='Task-7489' coro=<InteractiveBrokersClientMarketDataMixin._schedule_bar_completion_timeout.<locals>.completion_handler() running at /Users/lindawang/Documents/Workspace/quant/.quant312/lib/python3.12/site-packages/nautilus_trader/adapters/interactive_brokers/client/market_data.py:1313> wait_for=<Future pending cb=[Task.task_wakeup()]>>
Task was destroyed but it is pending!
task: <Task pending name='Task-7491' coro=<InteractiveBrokersClientMarketDataMixin._schedule_bar_completion_timeout.<locals>.completion_handler() running at /Users/lindawang/Documents/Workspace/quant/.quant312/lib/python3.12/site-packages/nautilus_trader/adapters/interactive_brokers/client/market_data.py:1313> wait_for=<Future pending cb=[Task.task_wakeup()]>>
Task was destroyed but it is pending!
task: <Task pending name='Task-7493' coro=<InteractiveBrokersClientMarketDataMixin._schedule_bar_completion_timeout.<locals>.completion_handler() running at /Users/lindawang/Documents/Workspace/quant/.quant312/lib/python3.12/site-packages/nautilus_trader/adapters/interactive_brokers/client/market_data.py:1313> wait_for=<Future pending cb=[Task.task_wakeup()]>>
Task was destroyed but it is pending!
task: <Task pending name='Task-7495' coro=<InteractiveBrokersClientMarketDataMixin._schedule_bar_completion_timeout.<locals>.completion_handler() running at /Users/lindawang/Documents/Workspace/quant/.quant312/lib/python3.12/site-packages/nautilus_trader/adapters/interactive_brokers/client/market_data.py:1313> wait_for=<Future pending cb=[Task.task_wakeup()]>>
Task was destroyed but it is pending!
task: <Task pending name='Task-7497' coro=<InteractiveBrokersClientMarketDataMixin._schedule_bar_completion_timeout.<locals>.completion_handler() running at /Users/lindawang/Documents/Workspace/quant/.quant312/lib/python3.12/site-packages/nautilus_trader/adapters/interactive_brokers/client/market_data.py:1313> wait_for=<Future pending cb=[Task.task_wakeup()]>>
Task was destroyed but it is pending!
task: <Task pending name='Task-7509' coro=<InteractiveBrokersClientMarketDataMixin._schedule_bar_completion_timeout.<locals>.completion_handler() running at /Users/lindawang/Documents/Workspace/quant/.quant312/lib/python3.12/site-packages/nautilus_trader/adapters/interactive_brokers/client/market_data.py:1313> wait_for=<Future pending cb=[Task.task_wakeup()]>>
Task was destroyed but it is pending!
task: <Task pending name='Task-7511' coro=<InteractiveBrokersClientMarketDataMixin._schedule_bar_completion_timeout.<locals>.completion_handler() running at /Users/lindawang/Documents/Workspace/quant/.quant312/lib/python3.12/site-packages/nautilus_trader/adapters/interactive_brokers/client/market_data.py:1313> wait_for=<Future pending cb=[Task.task_wakeup()]>>
Task was destroyed but it is pending!
task: <Task pending name='Task-7513' coro=<InteractiveBrokersClientMarketDataMixin._schedule_bar_completion_timeout.<locals>.completion_handler() running at /Users/lindawang/Documents/Workspace/quant/.quant312/lib/python3.12/site-packages/nautilus_trader/adapters/interactive_brokers/client/market_data.py:1313> wait_for=<Future pending cb=[Task.task_wakeup()]>>
Task was destroyed but it is pending!
task: <Task pending name='Task-7515' coro=<InteractiveBrokersClientMarketDataMixin._schedule_bar_completion_timeout.<locals>.completion_handler() running at /Users/lindawang/Documents/Workspace/quant/.quant312/lib/python3.12/site-packages/nautilus_trader/adapters/interactive_brokers/client/market_data.py:1313> wait_for=<Future pending cb=[Task.task_wakeup()]>>
Task was destroyed but it is pending!
task: <Task pending name='Task-7517' coro=<InteractiveBrokersClientMarketDataMixin._schedule_bar_completion_timeout.<locals>.completion_handler() running at /Users/lindawang/Documents/Workspace/quant/.quant312/lib/python3.12/site-packages/nautilus_trader/adapters/interactive_brokers/client/market_data.py:1313> wait_for=<Future pending cb=[Task.task_wakeup()]>>
Task was destroyed but it is pending!
task: <Task pending name='Task-7530' coro=<InteractiveBrokersClientMarketDataMixin._schedule_bar_completion_timeout.<locals>.completion_handler() running at /Users/lindawang/Documents/Workspace/quant/.quant312/lib/python3.12/site-packages/nautilus_trader/adapters/interactive_brokers/client/market_data.py:1313> wait_for=<Future pending cb=[Task.task_wakeup()]>>
Task was destroyed but it is pending!
task: <Task pending name='Task-7532' coro=<InteractiveBrokersClientMarketDataMixin._schedule_bar_completion_timeout.<locals>.completion_handler() running at /Users/lindawang/Documents/Workspace/quant/.quant312/lib/python3.12/site-packages/nautilus_trader/adapters/interactive_brokers/client/market_data.py:1313> wait_for=<Future pending cb=[Task.task_wakeup()]>>
Task was destroyed but it is pending!
task: <Task pending name='Task-7534' coro=<InteractiveBrokersClientMarketDataMixin._schedule_bar_completion_timeout.<locals>.completion_handler() running at /Users/lindawang/Documents/Workspace/quant/.quant312/lib/python3.12/site-packages/nautilus_trader/adapters/interactive_brokers/client/market_data.py:1313> wait_for=<Future pending cb=[Task.task_wakeup()]>>
Task was destroyed but it is pending!
task: <Task pending name='Task-7536' coro=<InteractiveBrokersClientMarketDataMixin._schedule_bar_completion_timeout.<locals>.completion_handler() running at /Users/lindawang/Documents/Workspace/quant/.quant312/lib/python3.12/site-packages/nautilus_trader/adapters/interactive_brokers/client/market_data.py:1313> wait_for=<Future pending cb=[Task.task_wakeup()]>>
Task was destroyed but it is pending!
task: <Task pending name='Task-7538' coro=<InteractiveBrokersClientMarketDataMixin._schedule_bar_completion_timeout.<locals>.completion_handler() running at /Users/lindawang/Documents/Workspace/quant/.quant312/lib/python3.12/site-packages/nautilus_trader/adapters/interactive_brokers/client/market_data.py:1313> wait_for=<Future pending cb=[Task.task_wakeup()]>>
Task was destroyed but it is pending!
task: <Task pending name='Task-7550' coro=<InteractiveBrokersClientMarketDataMixin._schedule_bar_completion_timeout.<locals>.completion_handler() running at /Users/lindawang/Documents/Workspace/quant/.quant312/lib/python3.12/site-packages/nautilus_trader/adapters/interactive_brokers/client/market_data.py:1313> wait_for=<Future pending cb=[Task.task_wakeup()]>>
Task was destroyed but it is pending!
task: <Task pending name='Task-7552' coro=<InteractiveBrokersClientMarketDataMixin._schedule_bar_completion_timeout.<locals>.completion_handler() running at /Users/lindawang/Documents/Workspace/quant/.quant312/lib/python3.12/site-packages/nautilus_trader/adapters/interactive_brokers/client/market_data.py:1313> wait_for=<Future pending cb=[Task.task_wakeup()]>>
Task was destroyed but it is pending!
task: <Task pending name='Task-7554' coro=<InteractiveBrokersClientMarketDataMixin._schedule_bar_completion_timeout.<locals>.completion_handler() running at /Users/lindawang/Documents/Workspace/quant/.quant312/lib/python3.12/site-packages/nautilus_trader/adapters/interactive_brokers/client/market_data.py:1313> wait_for=<Future pending cb=[Task.task_wakeup()]>>
Task was destroyed but it is pending!
task: <Task pending name='Task-7556' coro=<InteractiveBrokersClientMarketDataMixin._schedule_bar_completion_timeout.<locals>.completion_handler() running at /Users/lindawang/Documents/Workspace/quant/.quant312/lib/python3.12/site-packages/nautilus_trader/adapters/interactive_brokers/client/market_data.py:1313> wait_for=<Future pending cb=[Task.task_wakeup()]>>
Task was destroyed but it is pending!
task: <Task pending name='Task-7558' coro=<InteractiveBrokersClientMarketDataMixin._schedule_bar_completion_timeout.<locals>.completion_handler() running at /Users/lindawang/Documents/Workspace/quant/.quant312/lib/python3.12/site-packages/nautilus_trader/adapters/interactive_brokers/client/market_data.py:1313> wait_for=<Future pending cb=[Task.task_wakeup()]>>
Task was destroyed but it is pending!
task: <Task pending name='Task-7570' coro=<InteractiveBrokersClientMarketDataMixin._schedule_bar_completion_timeout.<locals>.completion_handler() running at /Users/lindawang/Documents/Workspace/quant/.quant312/lib/python3.12/site-packages/nautilus_trader/adapters/interactive_brokers/client/market_data.py:1313> wait_for=<Future pending cb=[Task.task_wakeup()]>>
Task was destroyed but it is pending!
task: <Task pending name='Task-7572' coro=<InteractiveBrokersClientMarketDataMixin._schedule_bar_completion_timeout.<locals>.completion_handler() running at /Users/lindawang/Documents/Workspace/quant/.quant312/lib/python3.12/site-packages/nautilus_trader/adapters/interactive_brokers/client/market_data.py:1313> wait_for=<Future pending cb=[Task.task_wakeup()]>>
Task was destroyed but it is pending!
task: <Task pending name='Task-7574' coro=<InteractiveBrokersClientMarketDataMixin._schedule_bar_completion_timeout.<locals>.completion_handler() running at /Users/lindawang/Documents/Workspace/quant/.quant312/lib/python3.12/site-packages/nautilus_trader/adapters/interactive_brokers/client/market_data.py:1313> wait_for=<Future pending cb=[Task.task_wakeup()]>>
Task was destroyed but it is pending!
task: <Task pending name='Task-7576' coro=<InteractiveBrokersClientMarketDataMixin._schedule_bar_completion_timeout.<locals>.completion_handler() running at /Users/lindawang/Documents/Workspace/quant/.quant312/lib/python3.12/site-packages/nautilus_trader/adapters/interactive_brokers/client/market_data.py:1313> wait_for=<Future pending cb=[Task.task_wakeup()]>>
Task was destroyed but it is pending!
task: <Task pending name='Task-7578' coro=<InteractiveBrokersClientMarketDataMixin._schedule_bar_completion_timeout.<locals>.completion_handler() running at /Users/lindawang/Documents/Workspace/quant/.quant312/lib/python3.12/site-packages/nautilus_trader/adapters/interactive_brokers/client/market_data.py:1313> wait_for=<Future pending cb=[Task.task_wakeup()]>>
Task was destroyed but it is pending!
task: <Task pending name='Task-7590' coro=<InteractiveBrokersClientMarketDataMixin._schedule_bar_completion_timeout.<locals>.completion_handler() running at /Users/lindawang/Documents/Workspace/quant/.quant312/lib/python3.12/site-packages/nautilus_trader/adapters/interactive_brokers/client/market_data.py:1313> wait_for=<Future pending cb=[Task.task_wakeup()]>>
Task was destroyed but it is pending!
task: <Task pending name='Task-7592' coro=<InteractiveBrokersClientMarketDataMixin._schedule_bar_completion_timeout.<locals>.completion_handler() running at /Users/lindawang/Documents/Workspace/quant/.quant312/lib/python3.12/site-packages/nautilus_trader/adapters/interactive_brokers/client/market_data.py:1313> wait_for=<Future pending cb=[Task.task_wakeup()]>>
Task was destroyed but it is pending!
task: <Task pending name='Task-7594' coro=<InteractiveBrokersClientMarketDataMixin._schedule_bar_completion_timeout.<locals>.completion_handler() running at /Users/lindawang/Documents/Workspace/quant/.quant312/lib/python3.12/site-packages/nautilus_trader/adapters/interactive_brokers/client/market_data.py:1313> wait_for=<Future pending cb=[Task.task_wakeup()]>>
Task was destroyed but it is pending!
task: <Task pending name='Task-7596' coro=<InteractiveBrokersClientMarketDataMixin._schedule_bar_completion_timeout.<locals>.completion_handler() running at /Users/lindawang/Documents/Workspace/quant/.quant312/lib/python3.12/site-packages/nautilus_trader/adapters/interactive_brokers/client/market_data.py:1313> wait_for=<Future pending cb=[Task.task_wakeup()]>>
Task was destroyed but it is pending!
task: <Task pending name='Task-7598' coro=<InteractiveBrokersClientMarketDataMixin._schedule_bar_completion_timeout.<locals>.completion_handler() running at /Users/lindawang/Documents/Workspace/quant/.quant312/lib/python3.12/site-packages/nautilus_trader/adapters/interactive_brokers/client/market_data.py:1313> wait_for=<Future pending cb=[Task.task_wakeup()]>>
Task was destroyed but it is pending!
task: <Task pending name='Task-7610' coro=<InteractiveBrokersClientMarketDataMixin._schedule_bar_completion_timeout.<locals>.completion_handler() running at /Users/lindawang/Documents/Workspace/quant/.quant312/lib/python3.12/site-packages/nautilus_trader/adapters/interactive_brokers/client/market_data.py:1313> wait_for=<Future pending cb=[Task.task_wakeup()]>>
Task was destroyed but it is pending!
task: <Task pending name='Task-7612' coro=<InteractiveBrokersClientMarketDataMixin._schedule_bar_completion_timeout.<locals>.completion_handler() running at /Users/lindawang/Documents/Workspace/quant/.quant312/lib/python3.12/site-packages/nautilus_trader/adapters/interactive_brokers/client/market_data.py:1313> wait_for=<Future pending cb=[Task.task_wakeup()]>>
Task was destroyed but it is pending!
task: <Task pending name='Task-7614' coro=<InteractiveBrokersClientMarketDataMixin._schedule_bar_completion_timeout.<locals>.completion_handler() running at /Users/lindawang/Documents/Workspace/quant/.quant312/lib/python3.12/site-packages/nautilus_trader/adapters/interactive_brokers/client/market_data.py:1313> wait_for=<Future pending cb=[Task.task_wakeup()]>>
Task was destroyed but it is pending!
task: <Task pending name='Task-7616' coro=<InteractiveBrokersClientMarketDataMixin._schedule_bar_completion_timeout.<locals>.completion_handler() running at /Users/lindawang/Documents/Workspace/quant/.quant312/lib/python3.12/site-packages/nautilus_trader/adapters/interactive_brokers/client/market_data.py:1313> wait_for=<Future pending cb=[Task.task_wakeup()]>>
Task was destroyed but it is pending!
task: <Task pending name='Task-7618' coro=<InteractiveBrokersClientMarketDataMixin._schedule_bar_completion_timeout.<locals>.completion_handler() running at /Users/lindawang/Documents/Workspace/quant/.quant312/lib/python3.12/site-packages/nautilus_trader/adapters/interactive_brokers/client/market_data.py:1313> wait_for=<Future pending cb=[Task.task_wakeup()]>>
Task was destroyed but it is pending!
task: <Task pending name='Task-7630' coro=<InteractiveBrokersClientMarketDataMixin._schedule_bar_completion_timeout.<locals>.completion_handler() running at /Users/lindawang/Documents/Workspace/quant/.quant312/lib/python3.12/site-packages/nautilus_trader/adapters/interactive_brokers/client/market_data.py:1313> wait_for=<Future pending cb=[Task.task_wakeup()]>>
Task was destroyed but it is pending!
task: <Task pending name='Task-7632' coro=<InteractiveBrokersClientMarketDataMixin._schedule_bar_completion_timeout.<locals>.completion_handler() running at /Users/lindawang/Documents/Workspace/quant/.quant312/lib/python3.12/site-packages/nautilus_trader/adapters/interactive_brokers/client/market_data.py:1313> wait_for=<Future pending cb=[Task.task_wakeup()]>>
Task was destroyed but it is pending!
task: <Task pending name='Task-7634' coro=<InteractiveBrokersClientMarketDataMixin._schedule_bar_completion_timeout.<locals>.completion_handler() running at /Users/lindawang/Documents/Workspace/quant/.quant312/lib/python3.12/site-packages/nautilus_trader/adapters/interactive_brokers/client/market_data.py:1313> wait_for=<Future pending cb=[Task.task_wakeup()]>>
Task was destroyed but it is pending!
task: <Task pending name='Task-7636' coro=<InteractiveBrokersClientMarketDataMixin._schedule_bar_completion_timeout.<locals>.completion_handler() running at /Users/lindawang/Documents/Workspace/quant/.quant312/lib/python3.12/site-packages/nautilus_trader/adapters/interactive_brokers/client/market_data.py:1313> wait_for=<Future pending cb=[Task.task_wakeup()]>>
Task was destroyed but it is pending!
task: <Task pending name='Task-7638' coro=<InteractiveBrokersClientMarketDataMixin._schedule_bar_completion_timeout.<locals>.completion_handler() running at /Users/lindawang/Documents/Workspace/quant/.quant312/lib/python3.12/site-packages/nautilus_trader/adapters/interactive_brokers/client/market_data.py:1313> wait_for=<Future pending cb=[Task.task_wakeup()]>>
Task was destroyed but it is pending!
task: <Task pending name='Task-7650' coro=<InteractiveBrokersClientMarketDataMixin._schedule_bar_completion_timeout.<locals>.completion_handler() running at /Users/lindawang/Documents/Workspace/quant/.quant312/lib/python3.12/site-packages/nautilus_trader/adapters/interactive_brokers/client/market_data.py:1313> wait_for=<Future pending cb=[Task.task_wakeup()]>>
Task was destroyed but it is pending!
task: <Task pending name='Task-7652' coro=<InteractiveBrokersClientMarketDataMixin._schedule_bar_completion_timeout.<locals>.completion_handler() running at /Users/lindawang/Documents/Workspace/quant/.quant312/lib/python3.12/site-packages/nautilus_trader/adapters/interactive_brokers/client/market_data.py:1313> wait_for=<Future pending cb=[Task.task_wakeup()]>>
Task was destroyed but it is pending!
task: <Task pending name='Task-7654' coro=<InteractiveBrokersClientMarketDataMixin._schedule_bar_completion_timeout.<locals>.completion_handler() running at /Users/lindawang/Documents/Workspace/quant/.quant312/lib/python3.12/site-packages/nautilus_trader/adapters/interactive_brokers/client/market_data.py:1313> wait_for=<Future pending cb=[Task.task_wakeup()]>>
Task was destroyed but it is pending!
task: <Task pending name='Task-7656' coro=<InteractiveBrokersClientMarketDataMixin._schedule_bar_completion_timeout.<locals>.completion_handler() running at /Users/lindawang/Documents/Workspace/quant/.quant312/lib/python3.12/site-packages/nautilus_trader/adapters/interactive_brokers/client/market_data.py:1313> wait_for=<Future pending cb=[Task.task_wakeup()]>>
Task was destroyed but it is pending!
task: <Task pending name='Task-7658' coro=<InteractiveBrokersClientMarketDataMixin._schedule_bar_completion_timeout.<locals>.completion_handler() running at /Users/lindawang/Documents/Workspace/quant/.quant312/lib/python3.12/site-packages/nautilus_trader/adapters/interactive_brokers/client/market_data.py:1313> wait_for=<Future pending cb=[Task.task_wakeup()]>>
Task was destroyed but it is pending!
task: <Task pending name='Task-7670' coro=<InteractiveBrokersClientMarketDataMixin._schedule_bar_completion_timeout.<locals>.completion_handler() running at /Users/lindawang/Documents/Workspace/quant/.quant312/lib/python3.12/site-packages/nautilus_trader/adapters/interactive_brokers/client/market_data.py:1313> wait_for=<Future pending cb=[Task.task_wakeup()]>>
Task was destroyed but it is pending!
task: <Task pending name='Task-7672' coro=<InteractiveBrokersClientMarketDataMixin._schedule_bar_completion_timeout.<locals>.completion_handler() running at /Users/lindawang/Documents/Workspace/quant/.quant312/lib/python3.12/site-packages/nautilus_trader/adapters/interactive_brokers/client/market_data.py:1313> wait_for=<Future pending cb=[Task.task_wakeup()]>>
Task was destroyed but it is pending!
task: <Task pending name='Task-7674' coro=<InteractiveBrokersClientMarketDataMixin._schedule_bar_completion_timeout.<locals>.completion_handler() running at /Users/lindawang/Documents/Workspace/quant/.quant312/lib/python3.12/site-packages/nautilus_trader/adapters/interactive_brokers/client/market_data.py:1313> wait_for=<Future pending cb=[Task.task_wakeup()]>>
Task was destroyed but it is pending!
task: <Task pending name='Task-7676' coro=<InteractiveBrokersClientMarketDataMixin._schedule_bar_completion_timeout.<locals>.completion_handler() running at /Users/lindawang/Documents/Workspace/quant/.quant312/lib/python3.12/site-packages/nautilus_trader/adapters/interactive_brokers/client/market_data.py:1313> wait_for=<Future pending cb=[Task.task_wakeup()]>>
Task was destroyed but it is pending!
task: <Task pending name='Task-7678' coro=<InteractiveBrokersClientMarketDataMixin._schedule_bar_completion_timeout.<locals>.completion_handler() running at /Users/lindawang/Documents/Workspace/quant/.quant312/lib/python3.12/site-packages/nautilus_trader/adapters/interactive_brokers/client/market_data.py:1313> wait_for=<Future pending cb=[Task.task_wakeup()]>>
Task was destroyed but it is pending!
task: <Task pending name='Task-7690' coro=<InteractiveBrokersClientMarketDataMixin._schedule_bar_completion_timeout.<locals>.completion_handler() running at /Users/lindawang/Documents/Workspace/quant/.quant312/lib/python3.12/site-packages/nautilus_trader/adapters/interactive_brokers/client/market_data.py:1313> wait_for=<Future pending cb=[Task.task_wakeup()]>>
Task was destroyed but it is pending!
task: <Task pending name='Task-7692' coro=<InteractiveBrokersClientMarketDataMixin._schedule_bar_completion_timeout.<locals>.completion_handler() running at /Users/lindawang/Documents/Workspace/quant/.quant312/lib/python3.12/site-packages/nautilus_trader/adapters/interactive_brokers/client/market_data.py:1313> wait_for=<Future pending cb=[Task.task_wakeup()]>>
Task was destroyed but it is pending!
task: <Task pending name='Task-7694' coro=<InteractiveBrokersClientMarketDataMixin._schedule_bar_completion_timeout.<locals>.completion_handler() running at /Users/lindawang/Documents/Workspace/quant/.quant312/lib/python3.12/site-packages/nautilus_trader/adapters/interactive_brokers/client/market_data.py:1313> wait_for=<Future pending cb=[Task.task_wakeup()]>>
Task was destroyed but it is pending!
task: <Task pending name='Task-7696' coro=<InteractiveBrokersClientMarketDataMixin._schedule_bar_completion_timeout.<locals>.completion_handler() running at /Users/lindawang/Documents/Workspace/quant/.quant312/lib/python3.12/site-packages/nautilus_trader/adapters/interactive_brokers/client/market_data.py:1313> wait_for=<Future pending cb=[Task.task_wakeup()]>>
Task was destroyed but it is pending!
task: <Task pending name='Task-7698' coro=<InteractiveBrokersClientMarketDataMixin._schedule_bar_completion_timeout.<locals>.completion_handler() running at /Users/lindawang/Documents/Workspace/quant/.quant312/lib/python3.12/site-packages/nautilus_trader/adapters/interactive_brokers/client/market_data.py:1313> wait_for=<Future pending cb=[Task.task_wakeup()]>>
Task was destroyed but it is pending!
task: <Task pending name='Task-7710' coro=<InteractiveBrokersClientMarketDataMixin._schedule_bar_completion_timeout.<locals>.completion_handler() running at /Users/lindawang/Documents/Workspace/quant/.quant312/lib/python3.12/site-packages/nautilus_trader/adapters/interactive_brokers/client/market_data.py:1313> wait_for=<Future pending cb=[Task.task_wakeup()]>>
Task was destroyed but it is pending!
task: <Task pending name='Task-7712' coro=<InteractiveBrokersClientMarketDataMixin._schedule_bar_completion_timeout.<locals>.completion_handler() running at /Users/lindawang/Documents/Workspace/quant/.quant312/lib/python3.12/site-packages/nautilus_trader/adapters/interactive_brokers/client/market_data.py:1313> wait_for=<Future pending cb=[Task.task_wakeup()]>>
Task was destroyed but it is pending!
task: <Task pending name='Task-7714' coro=<InteractiveBrokersClientMarketDataMixin._schedule_bar_completion_timeout.<locals>.completion_handler() running at /Users/lindawang/Documents/Workspace/quant/.quant312/lib/python3.12/site-packages/nautilus_trader/adapters/interactive_brokers/client/market_data.py:1313> wait_for=<Future pending cb=[Task.task_wakeup()]>>
Task was destroyed but it is pending!
task: <Task pending name='Task-7716' coro=<InteractiveBrokersClientMarketDataMixin._schedule_bar_completion_timeout.<locals>.completion_handler() running at /Users/lindawang/Documents/Workspace/quant/.quant312/lib/python3.12/site-packages/nautilus_trader/adapters/interactive_brokers/client/market_data.py:1313> wait_for=<Future pending cb=[Task.task_wakeup()]>>
Task was destroyed but it is pending!
task: <Task pending name='Task-7718' coro=<InteractiveBrokersClientMarketDataMixin._schedule_bar_completion_timeout.<locals>.completion_handler() running at /Users/lindawang/Documents/Workspace/quant/.quant312/lib/python3.12/site-packages/nautilus_trader/adapters/interactive_brokers/client/market_data.py:1313> wait_for=<Future pending cb=[Task.task_wakeup()]>>
Task was destroyed but it is pending!
task: <Task pending name='Task-7730' coro=<InteractiveBrokersClientMarketDataMixin._schedule_bar_completion_timeout.<locals>.completion_handler() running at /Users/lindawang/Documents/Workspace/quant/.quant312/lib/python3.12/site-packages/nautilus_trader/adapters/interactive_brokers/client/market_data.py:1313> wait_for=<Future pending cb=[Task.task_wakeup()]>>
Task was destroyed but it is pending!
task: <Task pending name='Task-7732' coro=<InteractiveBrokersClientMarketDataMixin._schedule_bar_completion_timeout.<locals>.completion_handler() running at /Users/lindawang/Documents/Workspace/quant/.quant312/lib/python3.12/site-packages/nautilus_trader/adapters/interactive_brokers/client/market_data.py:1313> wait_for=<Future pending cb=[Task.task_wakeup()]>>
Task was destroyed but it is pending!
task: <Task pending name='Task-7734' coro=<InteractiveBrokersClientMarketDataMixin._schedule_bar_completion_timeout.<locals>.completion_handler() running at /Users/lindawang/Documents/Workspace/quant/.quant312/lib/python3.12/site-packages/nautilus_trader/adapters/interactive_brokers/client/market_data.py:1313> wait_for=<Future pending cb=[Task.task_wakeup()]>>
Task was destroyed but it is pending!
task: <Task pending name='Task-7736' coro=<InteractiveBrokersClientMarketDataMixin._schedule_bar_completion_timeout.<locals>.completion_handler() running at /Users/lindawang/Documents/Workspace/quant/.quant312/lib/python3.12/site-packages/nautilus_trader/adapters/interactive_brokers/client/market_data.py:1313> wait_for=<Future pending cb=[Task.task_wakeup()]>>
Task was destroyed but it is pending!
task: <Task pending name='Task-7738' coro=<InteractiveBrokersClientMarketDataMixin._schedule_bar_completion_timeout.<locals>.completion_handler() running at /Users/lindawang/Documents/Workspace/quant/.quant312/lib/python3.12/site-packages/nautilus_trader/adapters/interactive_brokers/client/market_data.py:1313> wait_for=<Future pending cb=[Task.task_wakeup()]>>
Task was destroyed but it is pending!
task: <Task pending name='Task-7750' coro=<InteractiveBrokersClientMarketDataMixin._schedule_bar_completion_timeout.<locals>.completion_handler() running at /Users/lindawang/Documents/Workspace/quant/.quant312/lib/python3.12/site-packages/nautilus_trader/adapters/interactive_brokers/client/market_data.py:1313> wait_for=<Future pending cb=[Task.task_wakeup()]>>
Task was destroyed but it is pending!
task: <Task pending name='Task-7752' coro=<InteractiveBrokersClientMarketDataMixin._schedule_bar_completion_timeout.<locals>.completion_handler() running at /Users/lindawang/Documents/Workspace/quant/.quant312/lib/python3.12/site-packages/nautilus_trader/adapters/interactive_brokers/client/market_data.py:1313> wait_for=<Future pending cb=[Task.task_wakeup()]>>
Task was destroyed but it is pending!
task: <Task pending name='Task-7754' coro=<InteractiveBrokersClientMarketDataMixin._schedule_bar_completion_timeout.<locals>.completion_handler() running at /Users/lindawang/Documents/Workspace/quant/.quant312/lib/python3.12/site-packages/nautilus_trader/adapters/interactive_brokers/client/market_data.py:1313> wait_for=<Future pending cb=[Task.task_wakeup()]>>
Task was destroyed but it is pending!
task: <Task pending name='Task-7756' coro=<InteractiveBrokersClientMarketDataMixin._schedule_bar_completion_timeout.<locals>.completion_handler() running at /Users/lindawang/Documents/Workspace/quant/.quant312/lib/python3.12/site-packages/nautilus_trader/adapters/interactive_brokers/client/market_data.py:1313> wait_for=<Future pending cb=[Task.task_wakeup()]>>
Task was destroyed but it is pending!
task: <Task pending name='Task-7758' coro=<InteractiveBrokersClientMarketDataMixin._schedule_bar_completion_timeout.<locals>.completion_handler() running at /Users/lindawang/Documents/Workspace/quant/.quant312/lib/python3.12/site-packages/nautilus_trader/adapters/interactive_brokers/client/market_data.py:1313> wait_for=<Future pending cb=[Task.task_wakeup()]>>
Task was destroyed but it is pending!
task: <Task pending name='Task-7770' coro=<InteractiveBrokersClientMarketDataMixin._schedule_bar_completion_timeout.<locals>.completion_handler() running at /Users/lindawang/Documents/Workspace/quant/.quant312/lib/python3.12/site-packages/nautilus_trader/adapters/interactive_brokers/client/market_data.py:1313> wait_for=<Future pending cb=[Task.task_wakeup()]>>
Task was destroyed but it is pending!
task: <Task pending name='Task-7772' coro=<InteractiveBrokersClientMarketDataMixin._schedule_bar_completion_timeout.<locals>.completion_handler() running at /Users/lindawang/Documents/Workspace/quant/.quant312/lib/python3.12/site-packages/nautilus_trader/adapters/interactive_brokers/client/market_data.py:1313> wait_for=<Future pending cb=[Task.task_wakeup()]>>
Task was destroyed but it is pending!
task: <Task pending name='Task-7774' coro=<InteractiveBrokersClientMarketDataMixin._schedule_bar_completion_timeout.<locals>.completion_handler() running at /Users/lindawang/Documents/Workspace/quant/.quant312/lib/python3.12/site-packages/nautilus_trader/adapters/interactive_brokers/client/market_data.py:1313> wait_for=<Future pending cb=[Task.task_wakeup()]>>
Task was destroyed but it is pending!
task: <Task pending name='Task-7776' coro=<InteractiveBrokersClientMarketDataMixin._schedule_bar_completion_timeout.<locals>.completion_handler() running at /Users/lindawang/Documents/Workspace/quant/.quant312/lib/python3.12/site-packages/nautilus_trader/adapters/interactive_brokers/client/market_data.py:1313> wait_for=<Future pending cb=[Task.task_wakeup()]>>
Task was destroyed but it is pending!
task: <Task pending name='Task-7778' coro=<InteractiveBrokersClientMarketDataMixin._schedule_bar_completion_timeout.<locals>.completion_handler() running at /Users/lindawang/Documents/Workspace/quant/.quant312/lib/python3.12/site-packages/nautilus_trader/adapters/interactive_brokers/client/market_data.py:1313> wait_for=<Future pending cb=[Task.task_wakeup()]>>
Task was destroyed but it is pending!
task: <Task pending name='Task-7790' coro=<InteractiveBrokersClientMarketDataMixin._schedule_bar_completion_timeout.<locals>.completion_handler() running at /Users/lindawang/Documents/Workspace/quant/.quant312/lib/python3.12/site-packages/nautilus_trader/adapters/interactive_brokers/client/market_data.py:1313> wait_for=<Future pending cb=[Task.task_wakeup()]>>
Task was destroyed but it is pending!
task: <Task pending name='Task-7792' coro=<InteractiveBrokersClientMarketDataMixin._schedule_bar_completion_timeout.<locals>.completion_handler() running at /Users/lindawang/Documents/Workspace/quant/.quant312/lib/python3.12/site-packages/nautilus_trader/adapters/interactive_brokers/client/market_data.py:1313> wait_for=<Future pending cb=[Task.task_wakeup()]>>
Task was destroyed but it is pending!
task: <Task pending name='Task-7794' coro=<InteractiveBrokersClientMarketDataMixin._schedule_bar_completion_timeout.<locals>.completion_handler() running at /Users/lindawang/Documents/Workspace/quant/.quant312/lib/python3.12/site-packages/nautilus_trader/adapters/interactive_brokers/client/market_data.py:1313> wait_for=<Future pending cb=[Task.task_wakeup()]>>
Task was destroyed but it is pending!
task: <Task pending name='Task-7796' coro=<InteractiveBrokersClientMarketDataMixin._schedule_bar_completion_timeout.<locals>.completion_handler() running at /Users/lindawang/Documents/Workspace/quant/.quant312/lib/python3.12/site-packages/nautilus_trader/adapters/interactive_brokers/client/market_data.py:1313> wait_for=<Future pending cb=[Task.task_wakeup()]>>
Task was destroyed but it is pending!
task: <Task pending name='Task-7798' coro=<InteractiveBrokersClientMarketDataMixin._schedule_bar_completion_timeout.<locals>.completion_handler() running at /Users/lindawang/Documents/Workspace/quant/.quant312/lib/python3.12/site-packages/nautilus_trader/adapters/interactive_brokers/client/market_data.py:1313> wait_for=<Future pending cb=[Task.task_wakeup()]>>
Task was destroyed but it is pending!
task: <Task pending name='Task-7810' coro=<InteractiveBrokersClientMarketDataMixin._schedule_bar_completion_timeout.<locals>.completion_handler() running at /Users/lindawang/Documents/Workspace/quant/.quant312/lib/python3.12/site-packages/nautilus_trader/adapters/interactive_brokers/client/market_data.py:1313> wait_for=<Future pending cb=[Task.task_wakeup()]>>
Task was destroyed but it is pending!
task: <Task pending name='Task-7812' coro=<InteractiveBrokersClientMarketDataMixin._schedule_bar_completion_timeout.<locals>.completion_handler() running at /Users/lindawang/Documents/Workspace/quant/.quant312/lib/python3.12/site-packages/nautilus_trader/adapters/interactive_brokers/client/market_data.py:1313> wait_for=<Future pending cb=[Task.task_wakeup()]>>
Task was destroyed but it is pending!
task: <Task pending name='Task-7814' coro=<InteractiveBrokersClientMarketDataMixin._schedule_bar_completion_timeout.<locals>.completion_handler() running at /Users/lindawang/Documents/Workspace/quant/.quant312/lib/python3.12/site-packages/nautilus_trader/adapters/interactive_brokers/client/market_data.py:1313> wait_for=<Future pending cb=[Task.task_wakeup()]>>
Task was destroyed but it is pending!
task: <Task pending name='Task-7816' coro=<InteractiveBrokersClientMarketDataMixin._schedule_bar_completion_timeout.<locals>.completion_handler() running at /Users/lindawang/Documents/Workspace/quant/.quant312/lib/python3.12/site-packages/nautilus_trader/adapters/interactive_brokers/client/market_data.py:1313> wait_for=<Future pending cb=[Task.task_wakeup()]>>
Task was destroyed but it is pending!
task: <Task pending name='Task-7818' coro=<InteractiveBrokersClientMarketDataMixin._schedule_bar_completion_timeout.<locals>.completion_handler() running at /Users/lindawang/Documents/Workspace/quant/.quant312/lib/python3.12/site-packages/nautilus_trader/adapters/interactive_brokers/client/market_data.py:1313> wait_for=<Future pending cb=[Task.task_wakeup()]>>
Task was destroyed but it is pending!
task: <Task pending name='Task-7830' coro=<InteractiveBrokersClientMarketDataMixin._schedule_bar_completion_timeout.<locals>.completion_handler() running at /Users/lindawang/Documents/Workspace/quant/.quant312/lib/python3.12/site-packages/nautilus_trader/adapters/interactive_brokers/client/market_data.py:1313> wait_for=<Future pending cb=[Task.task_wakeup()]>>
Task was destroyed but it is pending!
task: <Task pending name='Task-7832' coro=<InteractiveBrokersClientMarketDataMixin._schedule_bar_completion_timeout.<locals>.completion_handler() running at /Users/lindawang/Documents/Workspace/quant/.quant312/lib/python3.12/site-packages/nautilus_trader/adapters/interactive_brokers/client/market_data.py:1313> wait_for=<Future pending cb=[Task.task_wakeup()]>>
Task was destroyed but it is pending!
task: <Task pending name='Task-7834' coro=<InteractiveBrokersClientMarketDataMixin._schedule_bar_completion_timeout.<locals>.completion_handler() running at /Users/lindawang/Documents/Workspace/quant/.quant312/lib/python3.12/site-packages/nautilus_trader/adapters/interactive_brokers/client/market_data.py:1313> wait_for=<Future pending cb=[Task.task_wakeup()]>>
Task was destroyed but it is pending!
task: <Task pending name='Task-7836' coro=<InteractiveBrokersClientMarketDataMixin._schedule_bar_completion_timeout.<locals>.completion_handler() running at /Users/lindawang/Documents/Workspace/quant/.quant312/lib/python3.12/site-packages/nautilus_trader/adapters/interactive_brokers/client/market_data.py:1313> wait_for=<Future pending cb=[Task.task_wakeup()]>>
Task was destroyed but it is pending!
task: <Task pending name='Task-7838' coro=<InteractiveBrokersClientMarketDataMixin._schedule_bar_completion_timeout.<locals>.completion_handler() running at /Users/lindawang/Documents/Workspace/quant/.quant312/lib/python3.12/site-packages/nautilus_trader/adapters/interactive_brokers/client/market_data.py:1313> wait_for=<Future pending cb=[Task.task_wakeup()]>>
Task was destroyed but it is pending!
task: <Task pending name='Task-7850' coro=<InteractiveBrokersClientMarketDataMixin._schedule_bar_completion_timeout.<locals>.completion_handler() running at /Users/lindawang/Documents/Workspace/quant/.quant312/lib/python3.12/site-packages/nautilus_trader/adapters/interactive_brokers/client/market_data.py:1313> wait_for=<Future pending cb=[Task.task_wakeup()]>>
Task was destroyed but it is pending!
task: <Task pending name='Task-7852' coro=<InteractiveBrokersClientMarketDataMixin._schedule_bar_completion_timeout.<locals>.completion_handler() running at /Users/lindawang/Documents/Workspace/quant/.quant312/lib/python3.12/site-packages/nautilus_trader/adapters/interactive_brokers/client/market_data.py:1313> wait_for=<Future pending cb=[Task.task_wakeup()]>>
Task was destroyed but it is pending!
task: <Task pending name='Task-7854' coro=<InteractiveBrokersClientMarketDataMixin._schedule_bar_completion_timeout.<locals>.completion_handler() running at /Users/lindawang/Documents/Workspace/quant/.quant312/lib/python3.12/site-packages/nautilus_trader/adapters/interactive_brokers/client/market_data.py:1313> wait_for=<Future pending cb=[Task.task_wakeup()]>>
Task was destroyed but it is pending!
task: <Task pending name='Task-7856' coro=<InteractiveBrokersClientMarketDataMixin._schedule_bar_completion_timeout.<locals>.completion_handler() running at /Users/lindawang/Documents/Workspace/quant/.quant312/lib/python3.12/site-packages/nautilus_trader/adapters/interactive_brokers/client/market_data.py:1313> wait_for=<Future pending cb=[Task.task_wakeup()]>>
Task was destroyed but it is pending!
task: <Task pending name='Task-7858' coro=<InteractiveBrokersClientMarketDataMixin._schedule_bar_completion_timeout.<locals>.completion_handler() running at /Users/lindawang/Documents/Workspace/quant/.quant312/lib/python3.12/site-packages/nautilus_trader/adapters/interactive_brokers/client/market_data.py:1313> wait_for=<Future pending cb=[Task.task_wakeup()]>>
Task was destroyed but it is pending!
task: <Task pending name='Task-7870' coro=<InteractiveBrokersClientMarketDataMixin._schedule_bar_completion_timeout.<locals>.completion_handler() running at /Users/lindawang/Documents/Workspace/quant/.quant312/lib/python3.12/site-packages/nautilus_trader/adapters/interactive_brokers/client/market_data.py:1313> wait_for=<Future pending cb=[Task.task_wakeup()]>>
Task was destroyed but it is pending!
task: <Task pending name='Task-7872' coro=<InteractiveBrokersClientMarketDataMixin._schedule_bar_completion_timeout.<locals>.completion_handler() running at /Users/lindawang/Documents/Workspace/quant/.quant312/lib/python3.12/site-packages/nautilus_trader/adapters/interactive_brokers/client/market_data.py:1313> wait_for=<Future pending cb=[Task.task_wakeup()]>>
Task was destroyed but it is pending!
task: <Task pending name='Task-7874' coro=<InteractiveBrokersClientMarketDataMixin._schedule_bar_completion_timeout.<locals>.completion_handler() running at /Users/lindawang/Documents/Workspace/quant/.quant312/lib/python3.12/site-packages/nautilus_trader/adapters/interactive_brokers/client/market_data.py:1313> wait_for=<Future pending cb=[Task.task_wakeup()]>>
Task was destroyed but it is pending!
task: <Task pending name='Task-7876' coro=<InteractiveBrokersClientMarketDataMixin._schedule_bar_completion_timeout.<locals>.completion_handler() running at /Users/lindawang/Documents/Workspace/quant/.quant312/lib/python3.12/site-packages/nautilus_trader/adapters/interactive_brokers/client/market_data.py:1313> wait_for=<Future pending cb=[Task.task_wakeup()]>>
Task was destroyed but it is pending!
task: <Task pending name='Task-7878' coro=<InteractiveBrokersClientMarketDataMixin._schedule_bar_completion_timeout.<locals>.completion_handler() running at /Users/lindawang/Documents/Workspace/quant/.quant312/lib/python3.12/site-packages/nautilus_trader/adapters/interactive_brokers/client/market_data.py:1313> wait_for=<Future pending cb=[Task.task_wakeup()]>>
Task was destroyed but it is pending!
task: <Task pending name='Task-7891' coro=<InteractiveBrokersClientMarketDataMixin._schedule_bar_completion_timeout.<locals>.completion_handler() running at /Users/lindawang/Documents/Workspace/quant/.quant312/lib/python3.12/site-packages/nautilus_trader/adapters/interactive_brokers/client/market_data.py:1313> wait_for=<Future pending cb=[Task.task_wakeup()]>>
Task was destroyed but it is pending!
task: <Task pending name='Task-7893' coro=<InteractiveBrokersClientMarketDataMixin._schedule_bar_completion_timeout.<locals>.completion_handler() running at /Users/lindawang/Documents/Workspace/quant/.quant312/lib/python3.12/site-packages/nautilus_trader/adapters/interactive_brokers/client/market_data.py:1313> wait_for=<Future pending cb=[Task.task_wakeup()]>>
Task was destroyed but it is pending!
task: <Task pending name='Task-7895' coro=<InteractiveBrokersClientMarketDataMixin._schedule_bar_completion_timeout.<locals>.completion_handler() running at /Users/lindawang/Documents/Workspace/quant/.quant312/lib/python3.12/site-packages/nautilus_trader/adapters/interactive_brokers/client/market_data.py:1313> wait_for=<Future pending cb=[Task.task_wakeup()]>>
Task was destroyed but it is pending!
task: <Task pending name='Task-7897' coro=<InteractiveBrokersClientMarketDataMixin._schedule_bar_completion_timeout.<locals>.completion_handler() running at /Users/lindawang/Documents/Workspace/quant/.quant312/lib/python3.12/site-packages/nautilus_trader/adapters/interactive_brokers/client/market_data.py:1313> wait_for=<Future pending cb=[Task.task_wakeup()]>>
Task was destroyed but it is pending!
task: <Task pending name='Task-7899' coro=<InteractiveBrokersClientMarketDataMixin._schedule_bar_completion_timeout.<locals>.completion_handler() running at /Users/lindawang/Documents/Workspace/quant/.quant312/lib/python3.12/site-packages/nautilus_trader/adapters/interactive_brokers/client/market_data.py:1313> wait_for=<Future pending cb=[Task.task_wakeup()]>>
Task was destroyed but it is pending!
task: <Task pending name='Task-7911' coro=<InteractiveBrokersClientMarketDataMixin._schedule_bar_completion_timeout.<locals>.completion_handler() running at /Users/lindawang/Documents/Workspace/quant/.quant312/lib/python3.12/site-packages/nautilus_trader/adapters/interactive_brokers/client/market_data.py:1313> wait_for=<Future pending cb=[Task.task_wakeup()]>>
Task was destroyed but it is pending!
task: <Task pending name='Task-7913' coro=<InteractiveBrokersClientMarketDataMixin._schedule_bar_completion_timeout.<locals>.completion_handler() running at /Users/lindawang/Documents/Workspace/quant/.quant312/lib/python3.12/site-packages/nautilus_trader/adapters/interactive_brokers/client/market_data.py:1313> wait_for=<Future pending cb=[Task.task_wakeup()]>>
Task was destroyed but it is pending!
task: <Task pending name='Task-7915' coro=<InteractiveBrokersClientMarketDataMixin._schedule_bar_completion_timeout.<locals>.completion_handler() running at /Users/lindawang/Documents/Workspace/quant/.quant312/lib/python3.12/site-packages/nautilus_trader/adapters/interactive_brokers/client/market_data.py:1313> wait_for=<Future pending cb=[Task.task_wakeup()]>>
Task was destroyed but it is pending!
task: <Task pending name='Task-7917' coro=<InteractiveBrokersClientMarketDataMixin._schedule_bar_completion_timeout.<locals>.completion_handler() running at /Users/lindawang/Documents/Workspace/quant/.quant312/lib/python3.12/site-packages/nautilus_trader/adapters/interactive_brokers/client/market_data.py:1313> wait_for=<Future pending cb=[Task.task_wakeup()]>>
Task was destroyed but it is pending!
task: <Task pending name='Task-7919' coro=<InteractiveBrokersClientMarketDataMixin._schedule_bar_completion_timeout.<locals>.completion_handler() running at /Users/lindawang/Documents/Workspace/quant/.quant312/lib/python3.12/site-packages/nautilus_trader/adapters/interactive_brokers/client/market_data.py:1313> wait_for=<Future pending cb=[Task.task_wakeup()]>>
Task was destroyed but it is pending!
task: <Task pending name='Task-7931' coro=<InteractiveBrokersClientMarketDataMixin._schedule_bar_completion_timeout.<locals>.completion_handler() running at /Users/lindawang/Documents/Workspace/quant/.quant312/lib/python3.12/site-packages/nautilus_trader/adapters/interactive_brokers/client/market_data.py:1313> wait_for=<Future pending cb=[Task.task_wakeup()]>>
Task was destroyed but it is pending!
task: <Task pending name='Task-7933' coro=<InteractiveBrokersClientMarketDataMixin._schedule_bar_completion_timeout.<locals>.completion_handler() running at /Users/lindawang/Documents/Workspace/quant/.quant312/lib/python3.12/site-packages/nautilus_trader/adapters/interactive_brokers/client/market_data.py:1313> wait_for=<Future pending cb=[Task.task_wakeup()]>>
Task was destroyed but it is pending!
task: <Task pending name='Task-7935' coro=<InteractiveBrokersClientMarketDataMixin._schedule_bar_completion_timeout.<locals>.completion_handler() running at /Users/lindawang/Documents/Workspace/quant/.quant312/lib/python3.12/site-packages/nautilus_trader/adapters/interactive_brokers/client/market_data.py:1313> wait_for=<Future pending cb=[Task.task_wakeup()]>>
Task was destroyed but it is pending!
task: <Task pending name='Task-7937' coro=<InteractiveBrokersClientMarketDataMixin._schedule_bar_completion_timeout.<locals>.completion_handler() running at /Users/lindawang/Documents/Workspace/quant/.quant312/lib/python3.12/site-packages/nautilus_trader/adapters/interactive_brokers/client/market_data.py:1313> wait_for=<Future pending cb=[Task.task_wakeup()]>>
Task was destroyed but it is pending!
task: <Task pending name='Task-7939' coro=<InteractiveBrokersClientMarketDataMixin._schedule_bar_completion_timeout.<locals>.completion_handler() running at /Users/lindawang/Documents/Workspace/quant/.quant312/lib/python3.12/site-packages/nautilus_trader/adapters/interactive_brokers/client/market_data.py:1313> wait_for=<Future pending cb=[Task.task_wakeup()]>>
Task was destroyed but it is pending!
task: <Task pending name='Task-7951' coro=<InteractiveBrokersClientMarketDataMixin._schedule_bar_completion_timeout.<locals>.completion_handler() running at /Users/lindawang/Documents/Workspace/quant/.quant312/lib/python3.12/site-packages/nautilus_trader/adapters/interactive_brokers/client/market_data.py:1313> wait_for=<Future pending cb=[Task.task_wakeup()]>>
Task was destroyed but it is pending!
task: <Task pending name='Task-7953' coro=<InteractiveBrokersClientMarketDataMixin._schedule_bar_completion_timeout.<locals>.completion_handler() running at /Users/lindawang/Documents/Workspace/quant/.quant312/lib/python3.12/site-packages/nautilus_trader/adapters/interactive_brokers/client/market_data.py:1313> wait_for=<Future pending cb=[Task.task_wakeup()]>>
Task was destroyed but it is pending!
task: <Task pending name='Task-7955' coro=<InteractiveBrokersClientMarketDataMixin._schedule_bar_completion_timeout.<locals>.completion_handler() running at /Users/lindawang/Documents/Workspace/quant/.quant312/lib/python3.12/site-packages/nautilus_trader/adapters/interactive_brokers/client/market_data.py:1313> wait_for=<Future pending cb=[Task.task_wakeup()]>>
Task was destroyed but it is pending!
task: <Task pending name='Task-7957' coro=<InteractiveBrokersClientMarketDataMixin._schedule_bar_completion_timeout.<locals>.completion_handler() running at /Users/lindawang/Documents/Workspace/quant/.quant312/lib/python3.12/site-packages/nautilus_trader/adapters/interactive_brokers/client/market_data.py:1313> wait_for=<Future pending cb=[Task.task_wakeup()]>>
Task was destroyed but it is pending!
task: <Task pending name='Task-7959' coro=<InteractiveBrokersClientMarketDataMixin._schedule_bar_completion_timeout.<locals>.completion_handler() running at /Users/lindawang/Documents/Workspace/quant/.quant312/lib/python3.12/site-packages/nautilus_trader/adapters/interactive_brokers/client/market_data.py:1313> wait_for=<Future pending cb=[Task.task_wakeup()]>>
Task was destroyed but it is pending!
task: <Task pending name='Task-7971' coro=<InteractiveBrokersClientMarketDataMixin._schedule_bar_completion_timeout.<locals>.completion_handler() running at /Users/lindawang/Documents/Workspace/quant/.quant312/lib/python3.12/site-packages/nautilus_trader/adapters/interactive_brokers/client/market_data.py:1313> wait_for=<Future pending cb=[Task.task_wakeup()]>>
Task was destroyed but it is pending!
task: <Task pending name='Task-7973' coro=<InteractiveBrokersClientMarketDataMixin._schedule_bar_completion_timeout.<locals>.completion_handler() running at /Users/lindawang/Documents/Workspace/quant/.quant312/lib/python3.12/site-packages/nautilus_trader/adapters/interactive_brokers/client/market_data.py:1313> wait_for=<Future pending cb=[Task.task_wakeup()]>>
Task was destroyed but it is pending!
task: <Task pending name='Task-7975' coro=<InteractiveBrokersClientMarketDataMixin._schedule_bar_completion_timeout.<locals>.completion_handler() running at /Users/lindawang/Documents/Workspace/quant/.quant312/lib/python3.12/site-packages/nautilus_trader/adapters/interactive_brokers/client/market_data.py:1313> wait_for=<Future pending cb=[Task.task_wakeup()]>>
Task was destroyed but it is pending!
task: <Task pending name='Task-7977' coro=<InteractiveBrokersClientMarketDataMixin._schedule_bar_completion_timeout.<locals>.completion_handler() running at /Users/lindawang/Documents/Workspace/quant/.quant312/lib/python3.12/site-packages/nautilus_trader/adapters/interactive_brokers/client/market_data.py:1313> wait_for=<Future pending cb=[Task.task_wakeup()]>>
Task was destroyed but it is pending!
task: <Task pending name='Task-7979' coro=<InteractiveBrokersClientMarketDataMixin._schedule_bar_completion_timeout.<locals>.completion_handler() running at /Users/lindawang/Documents/Workspace/quant/.quant312/lib/python3.12/site-packages/nautilus_trader/adapters/interactive_brokers/client/market_data.py:1313> wait_for=<Future pending cb=[Task.task_wakeup()]>>
Task was destroyed but it is pending!
task: <Task pending name='Task-7991' coro=<InteractiveBrokersClientMarketDataMixin._schedule_bar_completion_timeout.<locals>.completion_handler() running at /Users/lindawang/Documents/Workspace/quant/.quant312/lib/python3.12/site-packages/nautilus_trader/adapters/interactive_brokers/client/market_data.py:1313> wait_for=<Future pending cb=[Task.task_wakeup()]>>
Task was destroyed but it is pending!
task: <Task pending name='Task-7993' coro=<InteractiveBrokersClientMarketDataMixin._schedule_bar_completion_timeout.<locals>.completion_handler() running at /Users/lindawang/Documents/Workspace/quant/.quant312/lib/python3.12/site-packages/nautilus_trader/adapters/interactive_brokers/client/market_data.py:1313> wait_for=<Future pending cb=[Task.task_wakeup()]>>
Task was destroyed but it is pending!
task: <Task pending name='Task-7995' coro=<InteractiveBrokersClientMarketDataMixin._schedule_bar_completion_timeout.<locals>.completion_handler() running at /Users/lindawang/Documents/Workspace/quant/.quant312/lib/python3.12/site-packages/nautilus_trader/adapters/interactive_brokers/client/market_data.py:1313> wait_for=<Future pending cb=[Task.task_wakeup()]>>
Task was destroyed but it is pending!
task: <Task pending name='Task-7997' coro=<InteractiveBrokersClientMarketDataMixin._schedule_bar_completion_timeout.<locals>.completion_handler() running at /Users/lindawang/Documents/Workspace/quant/.quant312/lib/python3.12/site-packages/nautilus_trader/adapters/interactive_brokers/client/market_data.py:1313> wait_for=<Future pending cb=[Task.task_wakeup()]>>
Task was destroyed but it is pending!
task: <Task pending name='Task-7999' coro=<InteractiveBrokersClientMarketDataMixin._schedule_bar_completion_timeout.<locals>.completion_handler() running at /Users/lindawang/Documents/Workspace/quant/.quant312/lib/python3.12/site-packages/nautilus_trader/adapters/interactive_brokers/client/market_data.py:1313> wait_for=<Future pending cb=[Task.task_wakeup()]>>
Task was destroyed but it is pending!
task: <Task pending name='Task-8011' coro=<InteractiveBrokersClientMarketDataMixin._schedule_bar_completion_timeout.<locals>.completion_handler() running at /Users/lindawang/Documents/Workspace/quant/.quant312/lib/python3.12/site-packages/nautilus_trader/adapters/interactive_brokers/client/market_data.py:1313> wait_for=<Future pending cb=[Task.task_wakeup()]>>
Task was destroyed but it is pending!
task: <Task pending name='Task-8013' coro=<InteractiveBrokersClientMarketDataMixin._schedule_bar_completion_timeout.<locals>.completion_handler() running at /Users/lindawang/Documents/Workspace/quant/.quant312/lib/python3.12/site-packages/nautilus_trader/adapters/interactive_brokers/client/market_data.py:1313> wait_for=<Future pending cb=[Task.task_wakeup()]>>
Task was destroyed but it is pending!
task: <Task pending name='Task-8015' coro=<InteractiveBrokersClientMarketDataMixin._schedule_bar_completion_timeout.<locals>.completion_handler() running at /Users/lindawang/Documents/Workspace/quant/.quant312/lib/python3.12/site-packages/nautilus_trader/adapters/interactive_brokers/client/market_data.py:1313> wait_for=<Future pending cb=[Task.task_wakeup()]>>
Task was destroyed but it is pending!
task: <Task pending name='Task-8017' coro=<InteractiveBrokersClientMarketDataMixin._schedule_bar_completion_timeout.<locals>.completion_handler() running at /Users/lindawang/Documents/Workspace/quant/.quant312/lib/python3.12/site-packages/nautilus_trader/adapters/interactive_brokers/client/market_data.py:1313> wait_for=<Future pending cb=[Task.task_wakeup()]>>
Task was destroyed but it is pending!
task: <Task pending name='Task-8019' coro=<InteractiveBrokersClientMarketDataMixin._schedule_bar_completion_timeout.<locals>.completion_handler() running at /Users/lindawang/Documents/Workspace/quant/.quant312/lib/python3.12/site-packages/nautilus_trader/adapters/interactive_brokers/client/market_data.py:1313> wait_for=<Future pending cb=[Task.task_wakeup()]>>
Task was destroyed but it is pending!
task: <Task pending name='Task-8031' coro=<InteractiveBrokersClientMarketDataMixin._schedule_bar_completion_timeout.<locals>.completion_handler() running at /Users/lindawang/Documents/Workspace/quant/.quant312/lib/python3.12/site-packages/nautilus_trader/adapters/interactive_brokers/client/market_data.py:1313> wait_for=<Future pending cb=[Task.task_wakeup()]>>
Task was destroyed but it is pending!
task: <Task pending name='Task-8033' coro=<InteractiveBrokersClientMarketDataMixin._schedule_bar_completion_timeout.<locals>.completion_handler() running at /Users/lindawang/Documents/Workspace/quant/.quant312/lib/python3.12/site-packages/nautilus_trader/adapters/interactive_brokers/client/market_data.py:1313> wait_for=<Future pending cb=[Task.task_wakeup()]>>
Task was destroyed but it is pending!
task: <Task pending name='Task-8035' coro=<InteractiveBrokersClientMarketDataMixin._schedule_bar_completion_timeout.<locals>.completion_handler() running at /Users/lindawang/Documents/Workspace/quant/.quant312/lib/python3.12/site-packages/nautilus_trader/adapters/interactive_brokers/client/market_data.py:1313> wait_for=<Future pending cb=[Task.task_wakeup()]>>
Task was destroyed but it is pending!
task: <Task pending name='Task-8037' coro=<InteractiveBrokersClientMarketDataMixin._schedule_bar_completion_timeout.<locals>.completion_handler() running at /Users/lindawang/Documents/Workspace/quant/.quant312/lib/python3.12/site-packages/nautilus_trader/adapters/interactive_brokers/client/market_data.py:1313> wait_for=<Future pending cb=[Task.task_wakeup()]>>
Task was destroyed but it is pending!
task: <Task pending name='Task-8039' coro=<InteractiveBrokersClientMarketDataMixin._schedule_bar_completion_timeout.<locals>.completion_handler() running at /Users/lindawang/Documents/Workspace/quant/.quant312/lib/python3.12/site-packages/nautilus_trader/adapters/interactive_brokers/client/market_data.py:1313> wait_for=<Future pending cb=[Task.task_wakeup()]>>
Task was destroyed but it is pending!
task: <Task pending name='Task-8051' coro=<InteractiveBrokersClientMarketDataMixin._schedule_bar_completion_timeout.<locals>.completion_handler() running at /Users/lindawang/Documents/Workspace/quant/.quant312/lib/python3.12/site-packages/nautilus_trader/adapters/interactive_brokers/client/market_data.py:1313> wait_for=<Future pending cb=[Task.task_wakeup()]>>
Task was destroyed but it is pending!
task: <Task pending name='Task-8053' coro=<InteractiveBrokersClientMarketDataMixin._schedule_bar_completion_timeout.<locals>.completion_handler() running at /Users/lindawang/Documents/Workspace/quant/.quant312/lib/python3.12/site-packages/nautilus_trader/adapters/interactive_brokers/client/market_data.py:1313> wait_for=<Future pending cb=[Task.task_wakeup()]>>
Task was destroyed but it is pending!
task: <Task pending name='Task-8055' coro=<InteractiveBrokersClientMarketDataMixin._schedule_bar_completion_timeout.<locals>.completion_handler() running at /Users/lindawang/Documents/Workspace/quant/.quant312/lib/python3.12/site-packages/nautilus_trader/adapters/interactive_brokers/client/market_data.py:1313> wait_for=<Future pending cb=[Task.task_wakeup()]>>
Task was destroyed but it is pending!
task: <Task pending name='Task-8057' coro=<InteractiveBrokersClientMarketDataMixin._schedule_bar_completion_timeout.<locals>.completion_handler() running at /Users/lindawang/Documents/Workspace/quant/.quant312/lib/python3.12/site-packages/nautilus_trader/adapters/interactive_brokers/client/market_data.py:1313> wait_for=<Future pending cb=[Task.task_wakeup()]>>
Task was destroyed but it is pending!
task: <Task pending name='Task-8059' coro=<InteractiveBrokersClientMarketDataMixin._schedule_bar_completion_timeout.<locals>.completion_handler() running at /Users/lindawang/Documents/Workspace/quant/.quant312/lib/python3.12/site-packages/nautilus_trader/adapters/interactive_brokers/client/market_data.py:1313> wait_for=<Future pending cb=[Task.task_wakeup()]>>
Task was destroyed but it is pending!
task: <Task pending name='Task-8071' coro=<InteractiveBrokersClientMarketDataMixin._schedule_bar_completion_timeout.<locals>.completion_handler() running at /Users/lindawang/Documents/Workspace/quant/.quant312/lib/python3.12/site-packages/nautilus_trader/adapters/interactive_brokers/client/market_data.py:1313> wait_for=<Future pending cb=[Task.task_wakeup()]>>
Task was destroyed but it is pending!
task: <Task pending name='Task-8073' coro=<InteractiveBrokersClientMarketDataMixin._schedule_bar_completion_timeout.<locals>.completion_handler() running at /Users/lindawang/Documents/Workspace/quant/.quant312/lib/python3.12/site-packages/nautilus_trader/adapters/interactive_brokers/client/market_data.py:1313> wait_for=<Future pending cb=[Task.task_wakeup()]>>
Task was destroyed but it is pending!
task: <Task pending name='Task-8075' coro=<InteractiveBrokersClientMarketDataMixin._schedule_bar_completion_timeout.<locals>.completion_handler() running at /Users/lindawang/Documents/Workspace/quant/.quant312/lib/python3.12/site-packages/nautilus_trader/adapters/interactive_brokers/client/market_data.py:1313> wait_for=<Future pending cb=[Task.task_wakeup()]>>
Task was destroyed but it is pending!
task: <Task pending name='Task-8077' coro=<InteractiveBrokersClientMarketDataMixin._schedule_bar_completion_timeout.<locals>.completion_handler() running at /Users/lindawang/Documents/Workspace/quant/.quant312/lib/python3.12/site-packages/nautilus_trader/adapters/interactive_brokers/client/market_data.py:1313> wait_for=<Future pending cb=[Task.task_wakeup()]>>
Task was destroyed but it is pending!
task: <Task pending name='Task-8079' coro=<InteractiveBrokersClientMarketDataMixin._schedule_bar_completion_timeout.<locals>.completion_handler() running at /Users/lindawang/Documents/Workspace/quant/.quant312/lib/python3.12/site-packages/nautilus_trader/adapters/interactive_brokers/client/market_data.py:1313> wait_for=<Future pending cb=[Task.task_wakeup()]>>
Task was destroyed but it is pending!
task: <Task pending name='Task-8091' coro=<InteractiveBrokersClientMarketDataMixin._schedule_bar_completion_timeout.<locals>.completion_handler() running at /Users/lindawang/Documents/Workspace/quant/.quant312/lib/python3.12/site-packages/nautilus_trader/adapters/interactive_brokers/client/market_data.py:1313> wait_for=<Future pending cb=[Task.task_wakeup()]>>
Task was destroyed but it is pending!
task: <Task pending name='Task-8093' coro=<InteractiveBrokersClientMarketDataMixin._schedule_bar_completion_timeout.<locals>.completion_handler() running at /Users/lindawang/Documents/Workspace/quant/.quant312/lib/python3.12/site-packages/nautilus_trader/adapters/interactive_brokers/client/market_data.py:1313> wait_for=<Future pending cb=[Task.task_wakeup()]>>
Task was destroyed but it is pending!
task: <Task pending name='Task-8095' coro=<InteractiveBrokersClientMarketDataMixin._schedule_bar_completion_timeout.<locals>.completion_handler() running at /Users/lindawang/Documents/Workspace/quant/.quant312/lib/python3.12/site-packages/nautilus_trader/adapters/interactive_brokers/client/market_data.py:1313> wait_for=<Future pending cb=[Task.task_wakeup()]>>
Task was destroyed but it is pending!
task: <Task pending name='Task-8097' coro=<InteractiveBrokersClientMarketDataMixin._schedule_bar_completion_timeout.<locals>.completion_handler() running at /Users/lindawang/Documents/Workspace/quant/.quant312/lib/python3.12/site-packages/nautilus_trader/adapters/interactive_brokers/client/market_data.py:1313> wait_for=<Future pending cb=[Task.task_wakeup()]>>
Task was destroyed but it is pending!
task: <Task pending name='Task-8099' coro=<InteractiveBrokersClientMarketDataMixin._schedule_bar_completion_timeout.<locals>.completion_handler() running at /Users/lindawang/Documents/Workspace/quant/.quant312/lib/python3.12/site-packages/nautilus_trader/adapters/interactive_brokers/client/market_data.py:1313> wait_for=<Future pending cb=[Task.task_wakeup()]>>
Task was destroyed but it is pending!
task: <Task pending name='Task-8111' coro=<InteractiveBrokersClientMarketDataMixin._schedule_bar_completion_timeout.<locals>.completion_handler() running at /Users/lindawang/Documents/Workspace/quant/.quant312/lib/python3.12/site-packages/nautilus_trader/adapters/interactive_brokers/client/market_data.py:1313> wait_for=<Future pending cb=[Task.task_wakeup()]>>
Task was destroyed but it is pending!
task: <Task pending name='Task-8113' coro=<InteractiveBrokersClientMarketDataMixin._schedule_bar_completion_timeout.<locals>.completion_handler() running at /Users/lindawang/Documents/Workspace/quant/.quant312/lib/python3.12/site-packages/nautilus_trader/adapters/interactive_brokers/client/market_data.py:1313> wait_for=<Future pending cb=[Task.task_wakeup()]>>
Task was destroyed but it is pending!
task: <Task pending name='Task-8115' coro=<InteractiveBrokersClientMarketDataMixin._schedule_bar_completion_timeout.<locals>.completion_handler() running at /Users/lindawang/Documents/Workspace/quant/.quant312/lib/python3.12/site-packages/nautilus_trader/adapters/interactive_brokers/client/market_data.py:1313> wait_for=<Future pending cb=[Task.task_wakeup()]>>
Task was destroyed but it is pending!
task: <Task pending name='Task-8117' coro=<InteractiveBrokersClientMarketDataMixin._schedule_bar_completion_timeout.<locals>.completion_handler() running at /Users/lindawang/Documents/Workspace/quant/.quant312/lib/python3.12/site-packages/nautilus_trader/adapters/interactive_brokers/client/market_data.py:1313> wait_for=<Future pending cb=[Task.task_wakeup()]>>
Task was destroyed but it is pending!
task: <Task pending name='Task-8119' coro=<InteractiveBrokersClientMarketDataMixin._schedule_bar_completion_timeout.<locals>.completion_handler() running at /Users/lindawang/Documents/Workspace/quant/.quant312/lib/python3.12/site-packages/nautilus_trader/adapters/interactive_brokers/client/market_data.py:1313> wait_for=<Future pending cb=[Task.task_wakeup()]>>
Task was destroyed but it is pending!
task: <Task pending name='Task-8131' coro=<InteractiveBrokersClientMarketDataMixin._schedule_bar_completion_timeout.<locals>.completion_handler() running at /Users/lindawang/Documents/Workspace/quant/.quant312/lib/python3.12/site-packages/nautilus_trader/adapters/interactive_brokers/client/market_data.py:1313> wait_for=<Future pending cb=[Task.task_wakeup()]>>
Task was destroyed but it is pending!
task: <Task pending name='Task-8133' coro=<InteractiveBrokersClientMarketDataMixin._schedule_bar_completion_timeout.<locals>.completion_handler() running at /Users/lindawang/Documents/Workspace/quant/.quant312/lib/python3.12/site-packages/nautilus_trader/adapters/interactive_brokers/client/market_data.py:1313> wait_for=<Future pending cb=[Task.task_wakeup()]>>
Task was destroyed but it is pending!
task: <Task pending name='Task-8135' coro=<InteractiveBrokersClientMarketDataMixin._schedule_bar_completion_timeout.<locals>.completion_handler() running at /Users/lindawang/Documents/Workspace/quant/.quant312/lib/python3.12/site-packages/nautilus_trader/adapters/interactive_brokers/client/market_data.py:1313> wait_for=<Future pending cb=[Task.task_wakeup()]>>
Task was destroyed but it is pending!
task: <Task pending name='Task-8137' coro=<InteractiveBrokersClientMarketDataMixin._schedule_bar_completion_timeout.<locals>.completion_handler() running at /Users/lindawang/Documents/Workspace/quant/.quant312/lib/python3.12/site-packages/nautilus_trader/adapters/interactive_brokers/client/market_data.py:1313> wait_for=<Future pending cb=[Task.task_wakeup()]>>
Task was destroyed but it is pending!
task: <Task pending name='Task-8139' coro=<InteractiveBrokersClientMarketDataMixin._schedule_bar_completion_timeout.<locals>.completion_handler() running at /Users/lindawang/Documents/Workspace/quant/.quant312/lib/python3.12/site-packages/nautilus_trader/adapters/interactive_brokers/client/market_data.py:1313> wait_for=<Future pending cb=[Task.task_wakeup()]>>
Task was destroyed but it is pending!
task: <Task pending name='Task-8151' coro=<InteractiveBrokersClientMarketDataMixin._schedule_bar_completion_timeout.<locals>.completion_handler() running at /Users/lindawang/Documents/Workspace/quant/.quant312/lib/python3.12/site-packages/nautilus_trader/adapters/interactive_brokers/client/market_data.py:1313> wait_for=<Future pending cb=[Task.task_wakeup()]>>
Task was destroyed but it is pending!
task: <Task pending name='Task-8153' coro=<InteractiveBrokersClientMarketDataMixin._schedule_bar_completion_timeout.<locals>.completion_handler() running at /Users/lindawang/Documents/Workspace/quant/.quant312/lib/python3.12/site-packages/nautilus_trader/adapters/interactive_brokers/client/market_data.py:1313> wait_for=<Future pending cb=[Task.task_wakeup()]>>
Task was destroyed but it is pending!
task: <Task pending name='Task-8155' coro=<InteractiveBrokersClientMarketDataMixin._schedule_bar_completion_timeout.<locals>.completion_handler() running at /Users/lindawang/Documents/Workspace/quant/.quant312/lib/python3.12/site-packages/nautilus_trader/adapters/interactive_brokers/client/market_data.py:1313> wait_for=<Future pending cb=[Task.task_wakeup()]>>
Task was destroyed but it is pending!
task: <Task pending name='Task-8157' coro=<InteractiveBrokersClientMarketDataMixin._schedule_bar_completion_timeout.<locals>.completion_handler() running at /Users/lindawang/Documents/Workspace/quant/.quant312/lib/python3.12/site-packages/nautilus_trader/adapters/interactive_brokers/client/market_data.py:1313> wait_for=<Future pending cb=[Task.task_wakeup()]>>
Task was destroyed but it is pending!
task: <Task pending name='Task-8159' coro=<InteractiveBrokersClientMarketDataMixin._schedule_bar_completion_timeout.<locals>.completion_handler() running at /Users/lindawang/Documents/Workspace/quant/.quant312/lib/python3.12/site-packages/nautilus_trader/adapters/interactive_brokers/client/market_data.py:1313> wait_for=<Future pending cb=[Task.task_wakeup()]>>
Task was destroyed but it is pending!
task: <Task pending name='Task-8171' coro=<InteractiveBrokersClientMarketDataMixin._schedule_bar_completion_timeout.<locals>.completion_handler() running at /Users/lindawang/Documents/Workspace/quant/.quant312/lib/python3.12/site-packages/nautilus_trader/adapters/interactive_brokers/client/market_data.py:1313> wait_for=<Future pending cb=[Task.task_wakeup()]>>
Task was destroyed but it is pending!
task: <Task pending name='Task-8173' coro=<InteractiveBrokersClientMarketDataMixin._schedule_bar_completion_timeout.<locals>.completion_handler() running at /Users/lindawang/Documents/Workspace/quant/.quant312/lib/python3.12/site-packages/nautilus_trader/adapters/interactive_brokers/client/market_data.py:1313> wait_for=<Future pending cb=[Task.task_wakeup()]>>
Task was destroyed but it is pending!
task: <Task pending name='Task-8175' coro=<InteractiveBrokersClientMarketDataMixin._schedule_bar_completion_timeout.<locals>.completion_handler() running at /Users/lindawang/Documents/Workspace/quant/.quant312/lib/python3.12/site-packages/nautilus_trader/adapters/interactive_brokers/client/market_data.py:1313> wait_for=<Future pending cb=[Task.task_wakeup()]>>
Task was destroyed but it is pending!
task: <Task pending name='Task-8177' coro=<InteractiveBrokersClientMarketDataMixin._schedule_bar_completion_timeout.<locals>.completion_handler() running at /Users/lindawang/Documents/Workspace/quant/.quant312/lib/python3.12/site-packages/nautilus_trader/adapters/interactive_brokers/client/market_data.py:1313> wait_for=<Future pending cb=[Task.task_wakeup()]>>
Task was destroyed but it is pending!
task: <Task pending name='Task-8179' coro=<InteractiveBrokersClientMarketDataMixin._schedule_bar_completion_timeout.<locals>.completion_handler() running at /Users/lindawang/Documents/Workspace/quant/.quant312/lib/python3.12/site-packages/nautilus_trader/adapters/interactive_brokers/client/market_data.py:1313> wait_for=<Future pending cb=[Task.task_wakeup()]>>
Task was destroyed but it is pending!
task: <Task pending name='Task-8191' coro=<InteractiveBrokersClientMarketDataMixin._schedule_bar_completion_timeout.<locals>.completion_handler() running at /Users/lindawang/Documents/Workspace/quant/.quant312/lib/python3.12/site-packages/nautilus_trader/adapters/interactive_brokers/client/market_data.py:1313> wait_for=<Future pending cb=[Task.task_wakeup()]>>
Task was destroyed but it is pending!
task: <Task pending name='Task-8193' coro=<InteractiveBrokersClientMarketDataMixin._schedule_bar_completion_timeout.<locals>.completion_handler() running at /Users/lindawang/Documents/Workspace/quant/.quant312/lib/python3.12/site-packages/nautilus_trader/adapters/interactive_brokers/client/market_data.py:1313> wait_for=<Future pending cb=[Task.task_wakeup()]>>
Task was destroyed but it is pending!
task: <Task pending name='Task-8195' coro=<InteractiveBrokersClientMarketDataMixin._schedule_bar_completion_timeout.<locals>.completion_handler() running at /Users/lindawang/Documents/Workspace/quant/.quant312/lib/python3.12/site-packages/nautilus_trader/adapters/interactive_brokers/client/market_data.py:1313> wait_for=<Future pending cb=[Task.task_wakeup()]>>
Task was destroyed but it is pending!
task: <Task pending name='Task-8197' coro=<InteractiveBrokersClientMarketDataMixin._schedule_bar_completion_timeout.<locals>.completion_handler() running at /Users/lindawang/Documents/Workspace/quant/.quant312/lib/python3.12/site-packages/nautilus_trader/adapters/interactive_brokers/client/market_data.py:1313> wait_for=<Future pending cb=[Task.task_wakeup()]>>
Task was destroyed but it is pending!
task: <Task pending name='Task-8199' coro=<InteractiveBrokersClientMarketDataMixin._schedule_bar_completion_timeout.<locals>.completion_handler() running at /Users/lindawang/Documents/Workspace/quant/.quant312/lib/python3.12/site-packages/nautilus_trader/adapters/interactive_brokers/client/market_data.py:1313> wait_for=<Future pending cb=[Task.task_wakeup()]>>
Task was destroyed but it is pending!
task: <Task pending name='Task-8211' coro=<InteractiveBrokersClientMarketDataMixin._schedule_bar_completion_timeout.<locals>.completion_handler() running at /Users/lindawang/Documents/Workspace/quant/.quant312/lib/python3.12/site-packages/nautilus_trader/adapters/interactive_brokers/client/market_data.py:1313> wait_for=<Future pending cb=[Task.task_wakeup()]>>
Task was destroyed but it is pending!
task: <Task pending name='Task-8213' coro=<InteractiveBrokersClientMarketDataMixin._schedule_bar_completion_timeout.<locals>.completion_handler() running at /Users/lindawang/Documents/Workspace/quant/.quant312/lib/python3.12/site-packages/nautilus_trader/adapters/interactive_brokers/client/market_data.py:1313> wait_for=<Future pending cb=[Task.task_wakeup()]>>
Task was destroyed but it is pending!
task: <Task pending name='Task-8215' coro=<InteractiveBrokersClientMarketDataMixin._schedule_bar_completion_timeout.<locals>.completion_handler() running at /Users/lindawang/Documents/Workspace/quant/.quant312/lib/python3.12/site-packages/nautilus_trader/adapters/interactive_brokers/client/market_data.py:1313> wait_for=<Future pending cb=[Task.task_wakeup()]>>
Task was destroyed but it is pending!
task: <Task pending name='Task-8217' coro=<InteractiveBrokersClientMarketDataMixin._schedule_bar_completion_timeout.<locals>.completion_handler() running at /Users/lindawang/Documents/Workspace/quant/.quant312/lib/python3.12/site-packages/nautilus_trader/adapters/interactive_brokers/client/market_data.py:1313> wait_for=<Future pending cb=[Task.task_wakeup()]>>
Task was destroyed but it is pending!
task: <Task pending name='Task-8219' coro=<InteractiveBrokersClientMarketDataMixin._schedule_bar_completion_timeout.<locals>.completion_handler() running at /Users/lindawang/Documents/Workspace/quant/.quant312/lib/python3.12/site-packages/nautilus_trader/adapters/interactive_brokers/client/market_data.py:1313> wait_for=<Future pending cb=[Task.task_wakeup()]>>
Task was destroyed but it is pending!
task: <Task pending name='Task-8231' coro=<InteractiveBrokersClientMarketDataMixin._schedule_bar_completion_timeout.<locals>.completion_handler() running at /Users/lindawang/Documents/Workspace/quant/.quant312/lib/python3.12/site-packages/nautilus_trader/adapters/interactive_brokers/client/market_data.py:1313> wait_for=<Future pending cb=[Task.task_wakeup()]>>
Task was destroyed but it is pending!
task: <Task pending name='Task-8233' coro=<InteractiveBrokersClientMarketDataMixin._schedule_bar_completion_timeout.<locals>.completion_handler() running at /Users/lindawang/Documents/Workspace/quant/.quant312/lib/python3.12/site-packages/nautilus_trader/adapters/interactive_brokers/client/market_data.py:1313> wait_for=<Future pending cb=[Task.task_wakeup()]>>
Task was destroyed but it is pending!
task: <Task pending name='Task-8235' coro=<InteractiveBrokersClientMarketDataMixin._schedule_bar_completion_timeout.<locals>.completion_handler() running at /Users/lindawang/Documents/Workspace/quant/.quant312/lib/python3.12/site-packages/nautilus_trader/adapters/interactive_brokers/client/market_data.py:1313> wait_for=<Future pending cb=[Task.task_wakeup()]>>
Task was destroyed but it is pending!
task: <Task pending name='Task-8237' coro=<InteractiveBrokersClientMarketDataMixin._schedule_bar_completion_timeout.<locals>.completion_handler() running at /Users/lindawang/Documents/Workspace/quant/.quant312/lib/python3.12/site-packages/nautilus_trader/adapters/interactive_brokers/client/market_data.py:1313> wait_for=<Future pending cb=[Task.task_wakeup()]>>
Task was destroyed but it is pending!
task: <Task pending name='Task-8239' coro=<InteractiveBrokersClientMarketDataMixin._schedule_bar_completion_timeout.<locals>.completion_handler() running at /Users/lindawang/Documents/Workspace/quant/.quant312/lib/python3.12/site-packages/nautilus_trader/adapters/interactive_brokers/client/market_data.py:1313> wait_for=<Future pending cb=[Task.task_wakeup()]>>
Task was destroyed but it is pending!
task: <Task pending name='Task-8252' coro=<InteractiveBrokersClientMarketDataMixin._schedule_bar_completion_timeout.<locals>.completion_handler() running at /Users/lindawang/Documents/Workspace/quant/.quant312/lib/python3.12/site-packages/nautilus_trader/adapters/interactive_brokers/client/market_data.py:1313> wait_for=<Future pending cb=[Task.task_wakeup()]>>
Task was destroyed but it is pending!
task: <Task pending name='Task-8254' coro=<InteractiveBrokersClientMarketDataMixin._schedule_bar_completion_timeout.<locals>.completion_handler() running at /Users/lindawang/Documents/Workspace/quant/.quant312/lib/python3.12/site-packages/nautilus_trader/adapters/interactive_brokers/client/market_data.py:1313> wait_for=<Future pending cb=[Task.task_wakeup()]>>
Task was destroyed but it is pending!
task: <Task pending name='Task-8256' coro=<InteractiveBrokersClientMarketDataMixin._schedule_bar_completion_timeout.<locals>.completion_handler() running at /Users/lindawang/Documents/Workspace/quant/.quant312/lib/python3.12/site-packages/nautilus_trader/adapters/interactive_brokers/client/market_data.py:1313> wait_for=<Future pending cb=[Task.task_wakeup()]>>
Task was destroyed but it is pending!
task: <Task pending name='Task-8258' coro=<InteractiveBrokersClientMarketDataMixin._schedule_bar_completion_timeout.<locals>.completion_handler() running at /Users/lindawang/Documents/Workspace/quant/.quant312/lib/python3.12/site-packages/nautilus_trader/adapters/interactive_brokers/client/market_data.py:1313> wait_for=<Future pending cb=[Task.task_wakeup()]>>
Task was destroyed but it is pending!
task: <Task pending name='Task-8260' coro=<InteractiveBrokersClientMarketDataMixin._schedule_bar_completion_timeout.<locals>.completion_handler() running at /Users/lindawang/Documents/Workspace/quant/.quant312/lib/python3.12/site-packages/nautilus_trader/adapters/interactive_brokers/client/market_data.py:1313> wait_for=<Future pending cb=[Task.task_wakeup()]>>
Task was destroyed but it is pending!
task: <Task pending name='Task-8272' coro=<InteractiveBrokersClientMarketDataMixin._schedule_bar_completion_timeout.<locals>.completion_handler() running at /Users/lindawang/Documents/Workspace/quant/.quant312/lib/python3.12/site-packages/nautilus_trader/adapters/interactive_brokers/client/market_data.py:1313> wait_for=<Future pending cb=[Task.task_wakeup()]>>
Task was destroyed but it is pending!
task: <Task pending name='Task-8274' coro=<InteractiveBrokersClientMarketDataMixin._schedule_bar_completion_timeout.<locals>.completion_handler() running at /Users/lindawang/Documents/Workspace/quant/.quant312/lib/python3.12/site-packages/nautilus_trader/adapters/interactive_brokers/client/market_data.py:1313> wait_for=<Future pending cb=[Task.task_wakeup()]>>
Task was destroyed but it is pending!
task: <Task pending name='Task-8276' coro=<InteractiveBrokersClientMarketDataMixin._schedule_bar_completion_timeout.<locals>.completion_handler() running at /Users/lindawang/Documents/Workspace/quant/.quant312/lib/python3.12/site-packages/nautilus_trader/adapters/interactive_brokers/client/market_data.py:1313> wait_for=<Future pending cb=[Task.task_wakeup()]>>
Task was destroyed but it is pending!
task: <Task pending name='Task-8278' coro=<InteractiveBrokersClientMarketDataMixin._schedule_bar_completion_timeout.<locals>.completion_handler() running at /Users/lindawang/Documents/Workspace/quant/.quant312/lib/python3.12/site-packages/nautilus_trader/adapters/interactive_brokers/client/market_data.py:1313> wait_for=<Future pending cb=[Task.task_wakeup()]>>
Task was destroyed but it is pending!
task: <Task pending name='Task-8280' coro=<InteractiveBrokersClientMarketDataMixin._schedule_bar_completion_timeout.<locals>.completion_handler() running at /Users/lindawang/Documents/Workspace/quant/.quant312/lib/python3.12/site-packages/nautilus_trader/adapters/interactive_brokers/client/market_data.py:1313> wait_for=<Future pending cb=[Task.task_wakeup()]>>
Task was destroyed but it is pending!
task: <Task pending name='Task-8292' coro=<InteractiveBrokersClientMarketDataMixin._schedule_bar_completion_timeout.<locals>.completion_handler() running at /Users/lindawang/Documents/Workspace/quant/.quant312/lib/python3.12/site-packages/nautilus_trader/adapters/interactive_brokers/client/market_data.py:1313> wait_for=<Future pending cb=[Task.task_wakeup()]>>
Task was destroyed but it is pending!
task: <Task pending name='Task-8294' coro=<InteractiveBrokersClientMarketDataMixin._schedule_bar_completion_timeout.<locals>.completion_handler() running at /Users/lindawang/Documents/Workspace/quant/.quant312/lib/python3.12/site-packages/nautilus_trader/adapters/interactive_brokers/client/market_data.py:1313> wait_for=<Future pending cb=[Task.task_wakeup()]>>
Task was destroyed but it is pending!
task: <Task pending name='Task-8296' coro=<InteractiveBrokersClientMarketDataMixin._schedule_bar_completion_timeout.<locals>.completion_handler() running at /Users/lindawang/Documents/Workspace/quant/.quant312/lib/python3.12/site-packages/nautilus_trader/adapters/interactive_brokers/client/market_data.py:1313> wait_for=<Future pending cb=[Task.task_wakeup()]>>
Task was destroyed but it is pending!
task: <Task pending name='Task-8298' coro=<InteractiveBrokersClientMarketDataMixin._schedule_bar_completion_timeout.<locals>.completion_handler() running at /Users/lindawang/Documents/Workspace/quant/.quant312/lib/python3.12/site-packages/nautilus_trader/adapters/interactive_brokers/client/market_data.py:1313> wait_for=<Future pending cb=[Task.task_wakeup()]>>
Task was destroyed but it is pending!
task: <Task pending name='Task-8300' coro=<InteractiveBrokersClientMarketDataMixin._schedule_bar_completion_timeout.<locals>.completion_handler() running at /Users/lindawang/Documents/Workspace/quant/.quant312/lib/python3.12/site-packages/nautilus_trader/adapters/interactive_brokers/client/market_data.py:1313> wait_for=<Future pending cb=[Task.task_wakeup()]>>
Task was destroyed but it is pending!
task: <Task pending name='Task-8312' coro=<InteractiveBrokersClientMarketDataMixin._schedule_bar_completion_timeout.<locals>.completion_handler() running at /Users/lindawang/Documents/Workspace/quant/.quant312/lib/python3.12/site-packages/nautilus_trader/adapters/interactive_brokers/client/market_data.py:1313> wait_for=<Future pending cb=[Task.task_wakeup()]>>
Task was destroyed but it is pending!
task: <Task pending name='Task-8314' coro=<InteractiveBrokersClientMarketDataMixin._schedule_bar_completion_timeout.<locals>.completion_handler() running at /Users/lindawang/Documents/Workspace/quant/.quant312/lib/python3.12/site-packages/nautilus_trader/adapters/interactive_brokers/client/market_data.py:1313> wait_for=<Future pending cb=[Task.task_wakeup()]>>
Task was destroyed but it is pending!
task: <Task pending name='Task-8316' coro=<InteractiveBrokersClientMarketDataMixin._schedule_bar_completion_timeout.<locals>.completion_handler() running at /Users/lindawang/Documents/Workspace/quant/.quant312/lib/python3.12/site-packages/nautilus_trader/adapters/interactive_brokers/client/market_data.py:1313> wait_for=<Future pending cb=[Task.task_wakeup()]>>
Task was destroyed but it is pending!
task: <Task pending name='Task-8318' coro=<InteractiveBrokersClientMarketDataMixin._schedule_bar_completion_timeout.<locals>.completion_handler() running at /Users/lindawang/Documents/Workspace/quant/.quant312/lib/python3.12/site-packages/nautilus_trader/adapters/interactive_brokers/client/market_data.py:1313> wait_for=<Future pending cb=[Task.task_wakeup()]>>
Task was destroyed but it is pending!
task: <Task pending name='Task-8320' coro=<InteractiveBrokersClientMarketDataMixin._schedule_bar_completion_timeout.<locals>.completion_handler() running at /Users/lindawang/Documents/Workspace/quant/.quant312/lib/python3.12/site-packages/nautilus_trader/adapters/interactive_brokers/client/market_data.py:1313> wait_for=<Future pending cb=[Task.task_wakeup()]>>
Task was destroyed but it is pending!
task: <Task pending name='Task-8332' coro=<InteractiveBrokersClientMarketDataMixin._schedule_bar_completion_timeout.<locals>.completion_handler() running at /Users/lindawang/Documents/Workspace/quant/.quant312/lib/python3.12/site-packages/nautilus_trader/adapters/interactive_brokers/client/market_data.py:1313> wait_for=<Future pending cb=[Task.task_wakeup()]>>
Task was destroyed but it is pending!
task: <Task pending name='Task-8334' coro=<InteractiveBrokersClientMarketDataMixin._schedule_bar_completion_timeout.<locals>.completion_handler() running at /Users/lindawang/Documents/Workspace/quant/.quant312/lib/python3.12/site-packages/nautilus_trader/adapters/interactive_brokers/client/market_data.py:1313> wait_for=<Future pending cb=[Task.task_wakeup()]>>
Task was destroyed but it is pending!
task: <Task pending name='Task-8336' coro=<InteractiveBrokersClientMarketDataMixin._schedule_bar_completion_timeout.<locals>.completion_handler() running at /Users/lindawang/Documents/Workspace/quant/.quant312/lib/python3.12/site-packages/nautilus_trader/adapters/interactive_brokers/client/market_data.py:1313> wait_for=<Future pending cb=[Task.task_wakeup()]>>
Task was destroyed but it is pending!
task: <Task pending name='Task-8338' coro=<InteractiveBrokersClientMarketDataMixin._schedule_bar_completion_timeout.<locals>.completion_handler() running at /Users/lindawang/Documents/Workspace/quant/.quant312/lib/python3.12/site-packages/nautilus_trader/adapters/interactive_brokers/client/market_data.py:1313> wait_for=<Future pending cb=[Task.task_wakeup()]>>
Task was destroyed but it is pending!
task: <Task pending name='Task-8340' coro=<InteractiveBrokersClientMarketDataMixin._schedule_bar_completion_timeout.<locals>.completion_handler() running at /Users/lindawang/Documents/Workspace/quant/.quant312/lib/python3.12/site-packages/nautilus_trader/adapters/interactive_brokers/client/market_data.py:1313> wait_for=<Future pending cb=[Task.task_wakeup()]>>
Task was destroyed but it is pending!
task: <Task pending name='Task-8352' coro=<InteractiveBrokersClientMarketDataMixin._schedule_bar_completion_timeout.<locals>.completion_handler() running at /Users/lindawang/Documents/Workspace/quant/.quant312/lib/python3.12/site-packages/nautilus_trader/adapters/interactive_brokers/client/market_data.py:1313> wait_for=<Future pending cb=[Task.task_wakeup()]>>
Task was destroyed but it is pending!
task: <Task pending name='Task-8354' coro=<InteractiveBrokersClientMarketDataMixin._schedule_bar_completion_timeout.<locals>.completion_handler() running at /Users/lindawang/Documents/Workspace/quant/.quant312/lib/python3.12/site-packages/nautilus_trader/adapters/interactive_brokers/client/market_data.py:1313> wait_for=<Future pending cb=[Task.task_wakeup()]>>
