timestamp,ticker,open,high,low,close,volume,source,session,price_basis,volume_basis,retrieved_at,requested_bar_hours
2021-09-03,AAPL,153.75,154.63,153.09,154.3,46045854.0,IBKR_TRADES,RTH,split_adjusted,traded_shares,2026-09-10T01:20:37.874819+00:00,24
2021-09-03,AMD,108.89,111.17,108.5,109.92,37497538.0,IBKR_TRADES,RTH,split_adjusted,traded_shares,2026-09-10T01:20:37.874819+00:00,24
2021-09-03,NVDA,22.33,22.99,22.2,22.84,209697270.0,IBKR_TRADES,RTH,split_adjusted,traded_shares,2026-09-10T01:20:37.874819+00:00,24
2021-09-03,QQQ,379.22,381.98,379.2,381.57,15955418.000000002,IBKR_TRADES,RTH,split_adjusted,traded_shares,2026-09-10T01:20:37.874819+00:00,24
2021-09-03,SMH,135.5,137.12,135.16,136.65,2492058.0,IBKR_TRADES,RTH,split_adjusted,traded_shares,2026-09-10T01:20:37.874819+00:00,24
2021-09-07,AAPL,155.0,157.26,154.39,156.69,66179291.0,IBKR_TRADES,RTH,split_adjusted,traded_shares,2026-09-10T01:20:37.874819+00:00,24
2021-09-07,AMD,109.97,110.58,108.66,109.15,23989189.0,IBKR_TRADES,RTH,split_adjusted,traded_shares,2026-09-10T01:20:37.874819+00:00,24
2021-09-07,NVDA,22.81,22.9,22.52,22.66,134890440.0,IBKR_TRADES,RTH,split_adjusted,traded_shares,2026-09-10T01:20:37.874819+00:00,24
2021-09-07,QQQ,381.65,382.78,380.48,382.11,16537515.999999998,IBKR_TRADES,RTH,split_adjusted,traded_shares,2026-09-10T01:20:37.874819+00:00,24
2021-09-07,SMH,136.85,136.9,135.56,136.37,2680118.0,IBKR_TRADES,RTH,split_adjusted,traded_shares,2026-09-10T01:20:37.874819+00:00,24
2021-09-08,AAPL,156.98,157.04,154.0,155.11,58699047.0,IBKR_TRADES,RTH,split_adjusted,traded_shares,2026-09-10T01:20:37.874819+00:00,24
2021-09-08,AMD,108.82,109.3,105.52,106.17,36129210.0,IBKR_TRADES,RTH,split_adjusted,traded_shares,2026-09-10T01:20:37.874819+00:00,24
2021-09-08,NVDA,22.52,22.61,21.98,22.34,185015950.0,IBKR_TRADES,RTH,split_adjusted,traded_shares,2026-09-10T01:20:37.874819+00:00,24
2021-09-08,QQQ,381.93,381.93,378.45,380.78,24967587.0,IBKR_TRADES,RTH,split_adjusted,traded_shares,2026-09-10T01:20:37.874819+00:00,24
2021-09-08,SMH,135.85,135.86,133.52,134.57,3472546.0,IBKR_TRADES,RTH,split_adjusted,traded_shares,2026-09-10T01:20:37.874819+00:00,24
2021-09-09,AAPL,155.49,156.11,153.95,154.07,44961300.0,IBKR_TRADES,RTH,split_adjusted,traded_shares,2026-09-10T01:20:37.874819+00:00,24
2021-09-09,AMD,106.51,107.3,105.84,106.15,27381515.0,IBKR_TRADES,RTH,split_adjusted,traded_shares,2026-09-10T01:20:37.874819+00:00,24
2021-09-09,NVDA,22.34,22.54,22.13,22.18,131514310.0,IBKR_TRADES,RTH,split_adjusted,traded_shares,2026-09-10T01:20:37.874819+00:00,24
2021-09-09,QQQ,381.01,382.15,379.22,379.47,21973387.0,IBKR_TRADES,RTH,split_adjusted,traded_shares,2026-09-10T01:20:37.874819+00:00,24
2021-09-09,SMH,134.51,135.85,134.49,135.12,3278208.0,IBKR_TRADES,RTH,split_adjusted,traded_shares,2026-09-10T01:20:37.874819+00:00,24
2021-09-10,AAPL,155.02,155.48,148.7,148.97,116040945.0,IBKR_TRADES,RTH,split_adjusted,traded_shares,2026-09-10T01:20:37.874819+00:00,24
2021-09-10,AMD,107.05,107.05,104.98,105.2,27543780.0,IBKR_TRADES,RTH,split_adjusted,traded_shares,2026-09-10T01:20:37.874819+00:00,24
2021-09-10,NVDA,22.36,22.63,22.27,22.48,177983990.0,IBKR_TRADES,RTH,split_adjusted,traded_shares,2026-09-10T01:20:37.874819+00:00,24
2021-09-10,QQQ,381.23,381.97,376.24,376.59,29198319.0,IBKR_TRADES,RTH,split_adjusted,traded_shares,2026-09-10T01:20:37.874819+00:00,24
2021-09-10,SMH,136.26,138.02,136.04,136.14,5330416.0,IBKR_TRADES,RTH,split_adjusted,traded_shares,2026-09-10T01:20:37.874819+00:00,24
2021-09-13,AAPL,150.65,151.42,148.75,149.55,73141098.0,IBKR_TRADES,RTH,split_adjusted,traded_shares,2026-09-10T01:20:37.874819+00:00,24
2021-09-13,AMD,105.2,105.28,102.63,104.8,30978323.0,IBKR_TRADES,RTH,split_adjusted,traded_shares,2026-09-10T01:20:37.874819+00:00,24
2021-09-13,NVDA,22.68,22.96,21.86,22.15,199989620.0,IBKR_TRADES,RTH,split_adjusted,traded_shares,2026-09-10T01:20:37.874819+00:00,24
2021-09-13,QQQ,378.99,379.43,374.22,376.33,34457907.0,IBKR_TRADES,RTH,split_adjusted,traded_shares,2026-09-10T01:20:37.874819+00:00,24
2021-09-13,SMH,137.25,137.5,135.42,137.16,3934052.0,IBKR_TRADES,RTH,split_adjusted,traded_shares,2026-09-10T01:20:37.874819+00:00,24
2021-09-14,AAPL,150.36,151.07,146.91,148.12,84363534.0,IBKR_TRADES,RTH,split_adjusted,traded_shares,2026-09-10T01:20:37.874819+00:00,24
2021-09-14,AMD,105.52,106.82,104.42,105.73,35710687.0,IBKR_TRADES,RTH,split_adjusted,traded_shares,2026-09-10T01:20:37.874819+00:00,24
2021-09-14,NVDA,22.28,22.41,22.09,22.24,139890880.0,IBKR_TRADES,RTH,split_adjusted,traded_shares,2026-09-10T01:20:37.874819+00:00,24
2021-09-14,QQQ,377.84,378.61,374.28,375.26,32446866.0,IBKR_TRADES,RTH,split_adjusted,traded_shares,2026-09-10T01:20:37.874819+00:00,24
2021-09-14,SMH,137.56,138.23,136.56,137.25,3768560.0,IBKR_TRADES,RTH,split_adjusted,traded_shares,2026-09-10T01:20:37.874819+00:00,24
2021-09-15,AAPL,148.54,149.44,146.37,149.03,61732142.0,IBKR_TRADES,RTH,split_adjusted,traded_shares,2026-09-10T01:20:37.874819+00:00,24
2021-09-15,AMD,106.04,106.32,104.03,105.6,31653570.000000004,IBKR_TRADES,RTH,split_adjusted,traded_shares,2026-09-10T01:20:37.874819+00:00,24
2021-09-15,NVDA,22.3,22.37,21.97,22.34,112649160.0,IBKR_TRADES,RTH,split_adjusted,traded_shares,2026-09-10T01:20:37.874819+00:00,24
2021-09-15,QQQ,375.73,378.41,373.37,378.05,25775485.0,IBKR_TRADES,RTH,split_adjusted,traded_shares,2026-09-10T01:20:37.874819+00:00,24
2021-09-15,SMH,137.15,137.74,136.06,137.73,3058514.0,IBKR_TRADES,RTH,split_adjusted,traded_shares,2026-09-10T01:20:37.874819+00:00,24
2021-09-16,AAPL,148.44,148.97,147.22,148.79,53150536.0,IBKR_TRADES,RTH,split_adjusted,traded_shares,2026-09-10T01:20:37.874819+00:00,24
2021-09-16,AMD,104.92,106.75,103.76,106.22,32419639.999999996,IBKR_TRADES,RTH,split_adjusted,traded_shares,2026-09-10T01:20:37.874819+00:00,24
2021-09-16,NVDA,22.18,22.28,21.93,22.24,108406070.0,IBKR_TRADES,RTH,split_adjusted,traded_shares,2026-09-10T01:20:37.874819+00:00,24
2021-09-16,QQQ,376.71,378.9,374.69,378.31,23420525.0,IBKR_TRADES,RTH,split_adjusted,traded_shares,2026-09-10T01:20:37.874819+00:00,24
2021-09-16,SMH,136.64,138.35,136.07,137.93,3444846.0,IBKR_TRADES,RTH,split_adjusted,traded_shares,2026-09-10T01:20:37.874819+00:00,24
2021-09-17,AAPL,148.78,148.82,145.76,146.06,77809929.0,IBKR_TRADES,RTH,split_adjusted,traded_shares,2026-09-10T01:20:37.874819+00:00,24
2021-09-17,AMD,105.51,105.98,103.71,103.88,30859683.0,IBKR_TRADES,RTH,split_adjusted,traded_shares,2026-09-10T01:20:37.874819+00:00,24
2021-09-17,NVDA,22.3,22.32,21.83,21.9,155947760.0,IBKR_TRADES,RTH,split_adjusted,traded_shares,2026-09-10T01:20:37.874819+00:00,24
2021-09-17,QQQ,377.82,377.87,372.76,373.83,37465699.0,IBKR_TRADES,RTH,split_adjusted,traded_shares,2026-09-10T01:20:37.874819+00:00,24
2021-09-17,SMH,137.5,137.5,134.98,135.5,5240436.0,IBKR_TRADES,RTH,split_adjusted,traded_shares,2026-09-10T01:20:37.874819+00:00,24
2021-09-20,AAPL,143.86,144.84,141.27,142.94,89873045.0,IBKR_TRADES,RTH,split_adjusted,traded_shares,2026-09-10T01:20:37.874819+00:00,24
2021-09-20,AMD,101.63,102.51,99.51,101.55,36518624.0,IBKR_TRADES,RTH,split_adjusted,traded_shares,2026-09-10T01:20:37.874819+00:00,24
2021-09-20,NVDA,21.15,21.43,20.66,21.11,237337140.0,IBKR_TRADES,RTH,split_adjusted,traded_shares,2026-09-10T01:20:37.874819+00:00,24
2021-09-20,QQQ,367.49,369.25,360.93,365.7,54602297.0,IBKR_TRADES,RTH,split_adjusted,traded_shares,2026-09-10T01:20:37.874819+00:00,24
2021-09-20,SMH,132.58,133.1,130.22,132.2,4767512.0,IBKR_TRADES,RTH,split_adjusted,traded_shares,2026-09-10T01:20:37.874819+00:00,24
2021-09-21,AAPL,143.93,144.6,142.78,143.43,59221109.0,IBKR_TRADES,RTH,split_adjusted,traded_shares,2026-09-10T01:20:37.874819+00:00,24
2021-09-21,AMD,102.14,103.43,101.18,102.82,29131271.0,IBKR_TRADES,RTH,split_adjusted,traded_shares,2026-09-10T01:20:37.874819+00:00,24
2021-09-21,NVDA,21.41,21.43,20.95,21.25,143553650.0,IBKR_TRADES,RTH,split_adjusted,traded_shares,2026-09-10T01:20:37.874819+00:00,24
2021-09-21,QQQ,367.58,368.81,364.99,366.15,31719307.0,IBKR_TRADES,RTH,split_adjusted,traded_shares,2026-09-10T01:20:37.874819+00:00,24
2021-09-21,SMH,133.05,133.41,131.43,132.48,3054160.0,IBKR_TRADES,RTH,split_adjusted,traded_shares,2026-09-10T01:20:37.874819+00:00,24
2021-09-22,AAPL,144.4,146.43,143.7,145.85,58798190.0,IBKR_TRADES,RTH,split_adjusted,traded_shares,2026-09-10T01:20:37.874819+00:00,24
2021-09-22,AMD,102.76,104.56,102.21,104.38,29411758.0,IBKR_TRADES,RTH,split_adjusted,traded_shares,2026-09-10T01:20:37.874819+00:00,24
2021-09-22,NVDA,21.37,21.96,21.2,21.94,190554680.0,IBKR_TRADES,RTH,split_adjusted,traded_shares,2026-09-10T01:20:37.874819+00:00,24
2021-09-22,QQQ,367.09,371.07,365.95,369.57,36030381.0,IBKR_TRADES,RTH,split_adjusted,traded_shares,2026-09-10T01:20:37.874819+00:00,24
2021-09-22,SMH,133.19,135.21,132.74,134.87,3025920.0,IBKR_TRADES,RTH,split_adjusted,traded_shares,2026-09-10T01:20:37.874819+00:00,24
2021-09-23,AAPL,146.62,147.08,145.64,146.83,49946631.0,IBKR_TRADES,RTH,split_adjusted,traded_shares,2026-09-10T01:20:37.874819+00:00,24
2021-09-23,AMD,104.89,106.86,103.89,106.15,28194167.0,IBKR_TRADES,RTH,split_adjusted,traded_shares,2026-09-10T01:20:37.874819+00:00,24
2021-09-23,NVDA,22.12,22.54,21.89,22.48,175014960.0,IBKR_TRADES,RTH,split_adjusted,traded_shares,2026-09-10T01:20:37.874819+00:00,24
2021-09-23,QQQ,370.76,374.04,370.09,372.98,31424465.0,IBKR_TRADES,RTH,split_adjusted,traded_shares,2026-09-10T01:20:37.874819+00:00,24
2021-09-23,SMH,135.74,136.96,135.04,136.57,2895710.0,IBKR_TRADES,RTH,split_adjusted,traded_shares,2026-09-10T01:20:37.874819+00:00,24
2021-09-24,AAPL,145.66,147.48,145.56,146.92,41993074.0,IBKR_TRADES,RTH,split_adjusted,traded_shares,2026-09-10T01:20:37.874819+00:00,24
2021-09-24,AMD,105.2,106.05,104.68,105.8,22809894.0,IBKR_TRADES,RTH,split_adjusted,traded_shares,2026-09-10T01:20:37.874819+00:00,24
2021-09-24,NVDA,22.08,22.15,21.86,22.08,145936750.0,IBKR_TRADES,RTH,split_adjusted,traded_shares,2026-09-10T01:20:37.874819+00:00,24
2021-09-24,QQQ,370.65,373.76,370.27,373.33,23775323.0,IBKR_TRADES,RTH,split_adjusted,traded_shares,2026-09-10T01:20:37.874819+00:00,24
2021-09-24,SMH,135.5,136.42,135.21,136.2,1777304.0,IBKR_TRADES,RTH,split_adjusted,traded_shares,2026-09-10T01:20:37.874819+00:00,24
2021-09-27,AAPL,145.48,145.96,143.82,145.37,55397696.0,IBKR_TRADES,RTH,split_adjusted,traded_shares,2026-09-10T01:20:37.874819+00:00,24
2021-09-27,AMD,105.07,108.44,103.44,108.16,45967666.0,IBKR_TRADES,RTH,split_adjusted,traded_shares,2026-09-10T01:20:37.874819+00:00,24
2021-09-27,NVDA,21.72,21.8,21.33,21.66,176565920.0,IBKR_TRADES,RTH,split_adjusted,traded_shares,2026-09-10T01:20:37.874819+00:00,24
2021-09-27,QQQ,370.2,371.26,367.73,370.35,29862519.0,IBKR_TRADES,RTH,split_adjusted,traded_shares,2026-09-10T01:20:37.874819+00:00,24
2021-09-27,SMH,134.8,136.19,133.85,135.71,2497144.0,IBKR_TRADES,RTH,split_adjusted,traded_shares,2026-09-10T01:20:37.874819+00:00,24
2021-09-28,AAPL,143.27,144.75,141.69,141.91,81282540.0,IBKR_TRADES,RTH,split_adjusted,traded_shares,2026-09-10T01:20:37.874819+00:00,24
2021-09-28,AMD,106.83,107.65,101.42,101.52,64654585.0,IBKR_TRADES,RTH,split_adjusted,traded_shares,2026-09-10T01:20:37.874819+00:00,24
2021-09-28,NVDA,21.21,21.42,20.65,20.7,240612310.0,IBKR_TRADES,RTH,split_adjusted,traded_shares,2026-09-10T01:20:37.874819+00:00,24
2021-09-28,QQQ,365.67,366.36,359.35,359.87,71618175.0,IBKR_TRADES,RTH,split_adjusted,traded_shares,2026-09-10T01:20:37.874819+00:00,24
2021-09-28,SMH,132.83,133.78,130.08,130.25,7388102.0,IBKR_TRADES,RTH,split_adjusted,traded_shares,2026-09-10T01:20:37.874819+00:00,24
2021-09-29,AAPL,142.54,144.45,142.03,142.83,55744478.0,IBKR_TRADES,RTH,split_adjusted,traded_shares,2026-09-10T01:20:37.874819+00:00,24
2021-09-29,AMD,102.22,102.66,99.81,100.35,44998762.0,IBKR_TRADES,RTH,split_adjusted,traded_shares,2026-09-10T01:20:37.874819+00:00,24
2021-09-29,NVDA,20.94,21.02,20.47,20.52,149778220.0,IBKR_TRADES,RTH,split_adjusted,traded_shares,2026-09-10T01:20:37.874819+00:00,24
2021-09-29,QQQ,361.18,363.37,358.63,359.28,45619660.0,IBKR_TRADES,RTH,split_adjusted,traded_shares,2026-09-10T01:20:37.874819+00:00,24
2021-09-29,SMH,130.33,130.85,127.89,128.28,6445756.0,IBKR_TRADES,RTH,split_adjusted,traded_shares,2026-09-10T01:20:37.874819+00:00,24
2021-09-30,AAPL,143.66,144.38,141.28,141.5,68780930.0,IBKR_TRADES,RTH,split_adjusted,traded_shares,2026-09-10T01:20:37.874819+00:00,24
2021-09-30,AMD,101.97,104.44,101.97,102.9,49188961.0,IBKR_TRADES,RTH,split_adjusted,traded_shares,2026-09-10T01:20:37.874819+00:00,24
2021-09-30,NVDA,20.76,21.07,20.69,20.72,143485680.0,IBKR_TRADES,RTH,split_adjusted,traded_shares,2026-09-10T01:20:37.874819+00:00,24
2021-09-30,QQQ,361.02,362.68,357.1,357.96,49066400.0,IBKR_TRADES,RTH,split_adjusted,traded_shares,2026-09-10T01:20:37.874819+00:00,24
2021-09-30,SMH,129.1,130.27,128.11,128.14,4407318.0,IBKR_TRADES,RTH,split_adjusted,traded_shares,2026-09-10T01:20:37.874819+00:00,24
2021-10-01,AAPL,141.87,142.92,139.11,142.65,70841913.0,IBKR_TRADES,RTH,split_adjusted,traded_shares,2026-09-10T01:20:37.874819+00:00,24
2021-10-01,AMD,102.65,103.0,100.64,102.45,33585533.0,IBKR_TRADES,RTH,split_adjusted,traded_shares,2026-09-10T01:20:37.874819+00:00,24
2021-10-01,NVDA,20.75,20.86,20.2,20.74,167035040.0,IBKR_TRADES,RTH,split_adjusted,traded_shares,2026-09-10T01:20:37.874819+00:00,24
2021-10-01,QQQ,358.6,361.25,354.38,360.18,41279713.0,IBKR_TRADES,RTH,split_adjusted,traded_shares,2026-09-10T01:20:37.874819+00:00,24
2021-10-01,SMH,128.74,128.84,126.17,128.25,4613756.0,IBKR_TRADES,RTH,split_adjusted,traded_shares,2026-09-10T01:20:37.874819+00:00,24
2021-10-04,AAPL,141.71,142.21,138.27,139.14,74926541.0,IBKR_TRADES,RTH,split_adjusted,traded_shares,2026-09-10T01:20:37.874819+00:00,24
2021-10-04,AMD,101.69,101.85,99.82,100.34,35925142.0,IBKR_TRADES,RTH,split_adjusted,traded_shares,2026-09-10T01:20:37.874819+00:00,24
2021-10-04,NVDA,20.5,20.54,19.56,19.73,234002230.0,IBKR_TRADES,RTH,split_adjusted,traded_shares,2026-09-10T01:20:37.874819+00:00,24
2021-10-04,QQQ,358.52,358.86,350.32,352.62,59119634.0,IBKR_TRADES,RTH,split_adjusted,traded_shares,2026-09-10T01:20:37.874819+00:00,24
2021-10-04,SMH,127.28,127.48,124.39,124.91,6037192.0,IBKR_TRADES,RTH,split_adjusted,traded_shares,2026-09-10T01:20:37.874819+00:00,24
2021-10-05,AAPL,139.49,142.24,139.36,141.11,62079151.00000001,IBKR_TRADES,RTH,split_adjusted,traded_shares,2026-09-10T01:20:37.874819+00:00,24
2021-10-05,AMD,100.92,102.87,100.61,101.81,26450325.0,IBKR_TRADES,RTH,split_adjusted,traded_shares,2026-09-10T01:20:37.874819+00:00,24
2021-10-05,NVDA,19.95,20.65,19.85,20.45,187033970.0,IBKR_TRADES,RTH,split_adjusted,traded_shares,2026-09-10T01:20:37.874819+00:00,24
2021-10-05,QQQ,353.71,359.69,353.48,357.38,36408141.0,IBKR_TRADES,RTH,split_adjusted,traded_shares,2026-09-10T01:20:37.874819+00:00,24
2021-10-05,SMH,125.91,127.56,125.31,126.66,4504164.0,IBKR_TRADES,RTH,split_adjusted,traded_shares,2026-09-10T01:20:37.874819+00:00,24
2021-10-06,AAPL,139.58,142.15,138.37,142.0,65918278.99999999,IBKR_TRADES,RTH,split_adjusted,traded_shares,2026-09-10T01:20:37.874819+00:00,24
2021-10-06,AMD,100.6,103.72,100.35,103.64,33175044.0,IBKR_TRADES,RTH,split_adjusted,traded_shares,2026-09-10T01:20:37.874819+00:00,24
2021-10-06,NVDA,20.12,20.72,20.08,20.7,193981150.0,IBKR_TRADES,RTH,split_adjusted,traded_shares,2026-09-10T01:20:37.874819+00:00,24
2021-10-06,QQQ,354.07,359.95,353.15,359.67,44049865.0,IBKR_TRADES,RTH,split_adjusted,traded_shares,2026-09-10T01:20:37.874819+00:00,24
2021-10-06,SMH,125.2,127.19,124.83,127.05,4628600.0,IBKR_TRADES,RTH,split_adjusted,traded_shares,2026-09-10T01:20:37.874819+00:00,24
2021-10-07,AAPL,143.0,144.22,142.72,143.29,48981558.0,IBKR_TRADES,RTH,split_adjusted,traded_shares,2026-09-10T01:20:37.874819+00:00,24
2021-10-07,AMD,104.55,107.95,104.46,106.45,35965610.0,IBKR_TRADES,RTH,split_adjusted,traded_shares,2026-09-10T01:20:37.874819+00:00,24
2021-10-07,NVDA,21.09,21.32,20.97,21.08,183243540.0,IBKR_TRADES,RTH,split_adjusted,traded_shares,2026-09-10T01:20:37.874819+00:00,24
2021-10-07,QQQ,362.8,365.69,362.25,362.97,30774238.0,IBKR_TRADES,RTH,split_adjusted,traded_shares,2026-09-10T01:20:37.874819+00:00,24
2021-10-07,SMH,128.84,130.13,128.51,128.63,3290194.0,IBKR_TRADES,RTH,split_adjusted,traded_shares,2026-09-10T01:20:37.874819+00:00,24
2021-10-08,AAPL,144.04,144.18,142.56,142.9,43275947.0,IBKR_TRADES,RTH,split_adjusted,traded_shares,2026-09-10T01:20:37.874819+00:00,24
2021-10-08,AMD,106.54,107.28,104.89,105.06,26371190.0,IBKR_TRADES,RTH,split_adjusted,traded_shares,2026-09-10T01:20:37.874819+00:00,24
2021-10-08,NVDA,21.1,21.21,20.78,20.83,104877880.0,IBKR_TRADES,RTH,split_adjusted,traded_shares,2026-09-10T01:20:37.874819+00:00,24
2021-10-08,QQQ,364.1,364.32,360.61,361.16,29897447.0,IBKR_TRADES,RTH,split_adjusted,traded_shares,2026-09-10T01:20:37.874819+00:00,24
2021-10-08,SMH,129.09,129.25,127.17,127.38,2801312.0,IBKR_TRADES,RTH,split_adjusted,traded_shares,2026-09-10T01:20:37.874819+00:00,24
2021-10-11,AAPL,142.26,144.81,141.81,142.81,46063724.0,IBKR_TRADES,RTH,split_adjusted,traded_shares,2026-09-10T01:20:37.874819+00:00,24
2021-10-11,AMD,104.66,107.2,104.02,104.68,26036221.0,IBKR_TRADES,RTH,split_adjusted,traded_shares,2026-09-10T01:20:37.874819+00:00,24
2021-10-11,NVDA,20.6,21.06,20.51,20.7,104891090.0,IBKR_TRADES,RTH,split_adjusted,traded_shares,2026-09-10T01:20:37.874819+00:00,24
2021-10-11,QQQ,359.58,363.2,358.3,358.39,27524531.0,IBKR_TRADES,RTH,split_adjusted,traded_shares,2026-09-10T01:20:37.874819+00:00,24
2021-10-11,SMH,126.73,128.65,126.58,126.61,2885154.0,IBKR_TRADES,RTH,split_adjusted,traded_shares,2026-09-10T01:20:37.874819+00:00,24
2021-10-12,AAPL,143.23,143.25,141.04,141.51,50614841.0,IBKR_TRADES,RTH,split_adjusted,traded_shares,2026-09-10T01:20:37.874819+00:00,24
2021-10-12,AMD,105.3,106.04,104.34,105.04,27440260.0,IBKR_TRADES,RTH,split_adjusted,traded_shares,2026-09-10T01:20:37.874819+00:00,24
2021-10-12,NVDA,20.85,21.06,20.53,20.67,114906900.0,IBKR_TRADES,RTH,split_adjusted,traded_shares,2026-09-10T01:20:37.874819+00:00,24
2021-10-12,QQQ,359.88,360.33,356.48,357.14,31338211.999999996,IBKR_TRADES,RTH,split_adjusted,traded_shares,2026-09-10T01:20:37.874819+00:00,24
2021-10-12,SMH,127.36,127.64,124.81,125.33,5496086.0,IBKR_TRADES,RTH,split_adjusted,traded_shares,2026-09-10T01:20:37.874819+00:00,24
2021-10-13,AAPL,141.2,141.4,139.2,140.91,58368781.0,IBKR_TRADES,RTH,split_adjusted,traded_shares,2026-09-10T01:20:37.874819+00:00,24
2021-10-13,AMD,106.21,109.88,106.21,109.16,48081552.0,IBKR_TRADES,RTH,split_adjusted,traded_shares,2026-09-10T01:20:37.874819+00:00,24
2021-10-13,NVDA,20.92,20.99,20.71,20.94,107065750.0,IBKR_TRADES,RTH,split_adjusted,traded_shares,2026-09-10T01:20:37.874819+00:00,24
2021-10-13,QQQ,359.49,360.69,357.43,360.0,29089594.0,IBKR_TRADES,RTH,split_adjusted,traded_shares,2026-09-10T01:20:37.874819+00:00,24
2021-10-13,SMH,126.46,127.02,125.83,126.41,3678600.0,IBKR_TRADES,RTH,split_adjusted,traded_shares,2026-09-10T01:20:37.874819+00:00,24
2021-10-14,AAPL,142.09,143.88,141.51,143.76,50440226.0,IBKR_TRADES,RTH,split_adjusted,traded_shares,2026-09-10T01:20:37.874819+00:00,24
2021-10-14,AMD,110.5,112.22,109.63,111.99,39423425.0,IBKR_TRADES,RTH,split_adjusted,traded_shares,2026-09-10T01:20:37.874819+00:00,24
2021-10-14,NVDA,21.27,21.76,21.12,21.75,157575620.0,IBKR_TRADES,RTH,split_adjusted,traded_shares,2026-09-10T01:20:37.874819+00:00,24
2021-10-14,QQQ,363.69,366.85,363.01,366.63,31660091.999999996,IBKR_TRADES,RTH,split_adjusted,traded_shares,2026-09-10T01:20:37.874819+00:00,24
2021-10-14,SMH,129.28,130.28,128.52,130.2,4815370.0,IBKR_TRADES,RTH,split_adjusted,traded_shares,2026-09-10T01:20:37.874819+00:00,24
2021-10-15,AAPL,143.72,144.9,143.51,144.84,50531448.0,IBKR_TRADES,RTH,split_adjusted,traded_shares,2026-09-10T01:20:37.874819+00:00,24
2021-10-15,AMD,112.41,112.84,111.11,112.12,29671328.0,IBKR_TRADES,RTH,split_adjusted,traded_shares,2026-09-10T01:20:37.874819+00:00,24
2021-10-15,NVDA,21.78,21.93,21.66,21.86,148691950.0,IBKR_TRADES,RTH,split_adjusted,traded_shares,2026-09-10T01:20:37.874819+00:00,24
2021-10-15,QQQ,367.88,369.06,366.82,368.94,21832416.0,IBKR_TRADES,RTH,split_adjusted,traded_shares,2026-09-10T01:20:37.874819+00:00,24
2021-10-15,SMH,131.25,131.41,130.49,131.29,2859182.0,IBKR_TRADES,RTH,split_adjusted,traded_shares,2026-09-10T01:20:37.874819+00:00,24
2021-10-18,AAPL,143.44,146.84,143.16,146.55,60815768.99999999,IBKR_TRADES,RTH,split_adjusted,traded_shares,2026-09-10T01:20:37.874819+00:00,24
2021-10-18,AMD,111.9,116.88,111.37,116.43,40054243.0,IBKR_TRADES,RTH,split_adjusted,traded_shares,2026-09-10T01:20:37.874819+00:00,24
2021-10-18,NVDA,21.74,22.29,21.64,22.22,124096749.99999999,IBKR_TRADES,RTH,split_adjusted,traded_shares,2026-09-10T01:20:37.874819+00:00,24
2021-10-18,QQQ,367.6,372.87,366.99,372.65,23227030.0,IBKR_TRADES,RTH,split_adjusted,traded_shares,2026-09-10T01:20:37.874819+00:00,24
2021-10-18,SMH,130.29,132.39,129.81,132.33,2289004.0,IBKR_TRADES,RTH,split_adjusted,traded_shares,2026-09-10T01:20:37.874819+00:00,24
2021-10-19,AAPL,146.99,149.17,146.55,148.76,60624868.0,IBKR_TRADES,RTH,split_adjusted,traded_shares,2026-09-10T01:20:37.874819+00:00,24
2021-10-19,AMD,116.16,117.17,114.47,116.33,34371215.0,IBKR_TRADES,RTH,split_adjusted,traded_shares,2026-09-10T01:20:37.874819+00:00,24
2021-10-19,NVDA,22.28,22.38,22.04,22.29,114591090.0,IBKR_TRADES,RTH,split_adjusted,traded_shares,2026-09-10T01:20:37.874819+00:00,24
2021-10-19,QQQ,373.74,375.52,373.05,375.47,20415806.0,IBKR_TRADES,RTH,split_adjusted,traded_shares,2026-09-10T01:20:37.874819+00:00,24
2021-10-19,SMH,132.51,133.84,132.02,133.84,3118272.0,IBKR_TRADES,RTH,split_adjusted,traded_shares,2026-09-10T01:20:37.874819+00:00,24
2021-10-20,AAPL,148.72,149.76,148.12,149.26,47868276.0,IBKR_TRADES,RTH,split_adjusted,traded_shares,2026-09-10T01:20:37.874819+00:00,24
2021-10-20,AMD,116.19,118.31,115.42,116.39,29550751.0,IBKR_TRADES,RTH,split_adjusted,traded_shares,2026-09-10T01:20:37.874819+00:00,24
2021-10-20,NVDA,22.29,22.43,21.98,22.1,101557140.0,IBKR_TRADES,RTH,split_adjusted,traded_shares,2026-09-10T01:20:37.874819+00:00,24
2021-10-20,QQQ,375.94,376.57,373.46,374.98,22108162.0,IBKR_TRADES,RTH,split_adjusted,traded_shares,2026-09-10T01:20:37.874819+00:00,24
2021-10-20,SMH,133.49,133.96,132.78,133.25,3047490.0,IBKR_TRADES,RTH,split_adjusted,traded_shares,2026-09-10T01:20:37.874819+00:00,24
2021-10-21,AAPL,148.76,149.64,147.87,149.48,43925575.0,IBKR_TRADES,RTH,split_adjusted,traded_shares,2026-09-10T01:20:37.874819+00:00,24
2021-10-21,AMD,116.52,119.68,116.26,119.33,28504932.0,IBKR_TRADES,RTH,split_adjusted,traded_shares,2026-09-10T01:20:37.874819+00:00,24
2021-10-21,NVDA,22.09,22.71,22.08,22.69,128721340.0,IBKR_TRADES,RTH,split_adjusted,traded_shares,2026-09-10T01:20:37.874819+00:00,24
2021-10-21,QQQ,374.14,377.47,373.85,377.27,17282926.0,IBKR_TRADES,RTH,split_adjusted,traded_shares,2026-09-10T01:20:37.874819+00:00,24
2021-10-21,SMH,132.35,134.84,132.24,134.77,2647732.0,IBKR_TRADES,RTH,split_adjusted,traded_shares,2026-09-10T01:20:37.874819+00:00,24
2021-10-22,AAPL,149.64,150.18,148.64,148.69,45329745.0,IBKR_TRADES,RTH,split_adjusted,traded_shares,2026-09-10T01:20:37.874819+00:00,24
2021-10-22,AMD,120.78,121.56,118.37,119.82,32826897.999999996,IBKR_TRADES,RTH,split_adjusted,traded_shares,2026-09-10T01:20:37.874819+00:00,24
2021-10-22,NVDA,22.85,23.13,22.56,22.73,165572440.0,IBKR_TRADES,RTH,split_adjusted,traded_shares,2026-09-10T01:20:37.874819+00:00,24
2021-10-22,QQQ,375.98,376.97,372.38,374.1,26488460.0,IBKR_TRADES,RTH,split_adjusted,traded_shares,2026-09-10T01:20:37.874819+00:00,24
2021-10-22,SMH,134.6,135.79,133.35,133.58,4004366.0,IBKR_TRADES,RTH,split_adjusted,traded_shares,2026-09-10T01:20:37.874819+00:00,24
2021-10-25,AAPL,148.69,149.37,147.62,148.64,36790471.0,IBKR_TRADES,RTH,split_adjusted,traded_shares,2026-09-10T01:20:37.874819+00:00,24
2021-10-25,AMD,120.49,123.46,118.6,122.36,39021493.0,IBKR_TRADES,RTH,split_adjusted,traded_shares,2026-09-10T01:20:37.874819+00:00,24
2021-10-25,NVDA,22.97,23.36,22.77,23.17,154031900.0,IBKR_TRADES,RTH,split_adjusted,traded_shares,2026-09-10T01:20:37.874819+00:00,24
2021-10-25,QQQ,375.57,378.87,373.56,377.93,23587484.0,IBKR_TRADES,RTH,split_adjusted,traded_shares,2026-09-10T01:20:37.874819+00:00,24
2021-10-25,SMH,134.19,135.04,133.69,134.26,2560620.0,IBKR_TRADES,RTH,split_adjusted,traded_shares,2026-09-10T01:20:37.874819+00:00,24
2021-10-26,AAPL,149.28,150.84,149.01,149.32,46556350.0,IBKR_TRADES,RTH,split_adjusted,traded_shares,2026-09-10T01:20:37.874819+00:00,24
2021-10-26,AMD,122.99,127.2,122.57,122.93,47661918.0,IBKR_TRADES,RTH,split_adjusted,traded_shares,2026-09-10T01:20:37.874819+00:00,24
2021-10-26,NVDA,24.0,25.26,23.92,24.72,359618710.0,IBKR_TRADES,RTH,split_adjusted,traded_shares,2026-09-10T01:20:37.874819+00:00,24
2021-10-26,QQQ,380.22,382.71,377.9,379.12,31199365.0,IBKR_TRADES,RTH,split_adjusted,traded_shares,2026-09-10T01:20:37.874819+00:00,24
2021-10-26,SMH,135.75,136.37,134.53,135.02,3133278.0,IBKR_TRADES,RTH,split_adjusted,traded_shares,2026-09-10T01:20:37.874819+00:00,24
2021-10-27,AAPL,149.38,149.73,148.49,148.85,38586370.0,IBKR_TRADES,RTH,split_adjusted,traded_shares,2026-09-10T01:20:37.874819+00:00,24
2021-10-27,AMD,121.58,128.08,121.05,122.28,84881314.0,IBKR_TRADES,RTH,split_adjusted,traded_shares,2026-09-10T01:20:37.874819+00:00,24
2021-10-27,NVDA,24.47,25.09,24.28,24.45,173793120.0,IBKR_TRADES,RTH,split_adjusted,traded_shares,2026-09-10T01:20:37.874819+00:00,24
2021-10-27,QQQ,379.58,383.15,379.31,380.0,30194814.0,IBKR_TRADES,RTH,split_adjusted,traded_shares,2026-09-10T01:20:37.874819+00:00,24
2021-10-27,SMH,134.24,135.48,133.65,133.88,3732136.0,IBKR_TRADES,RTH,split_adjusted,traded_shares,2026-09-10T01:20:37.874819+00:00,24
2021-10-28,AAPL,149.86,153.17,149.72,152.57,69297439.0,IBKR_TRADES,RTH,split_adjusted,traded_shares,2026-09-10T01:20:37.874819+00:00,24
2021-10-28,AMD,122.86,123.5,120.26,121.16,47585050.0,IBKR_TRADES,RTH,split_adjusted,traded_shares,2026-09-10T01:20:37.874819+00:00,24
2021-10-28,NVDA,24.88,24.95,24.52,24.94,151569920.0,IBKR_TRADES,RTH,split_adjusted,traded_shares,2026-09-10T01:20:37.874819+00:00,24
2021-10-28,QQQ,381.95,384.48,381.15,384.22,24203231.0,IBKR_TRADES,RTH,split_adjusted,traded_shares,2026-09-10T01:20:37.874819+00:00,24
2021-10-28,SMH,135.57,136.47,135.02,136.43,3970109.9999999995,IBKR_TRADES,RTH,split_adjusted,traded_shares,2026-09-10T01:20:37.874819+00:00,24
2021-10-29,AAPL,147.19,149.94,146.41,149.8,89223094.0,IBKR_TRADES,RTH,split_adjusted,traded_shares,2026-09-10T01:20:37.874819+00:00,24
2021-10-29,AMD,120.96,122.57,119.88,120.23,35239686.0,IBKR_TRADES,RTH,split_adjusted,traded_shares,2026-09-10T01:20:37.874819+00:00,24
2021-10-29,NVDA,25.0,25.71,25.0,25.57,195771960.0,IBKR_TRADES,RTH,split_adjusted,traded_shares,2026-09-10T01:20:37.874819+00:00,24
2021-10-29,QQQ,381.06,386.28,380.7,386.11,26577552.0,IBKR_TRADES,RTH,split_adjusted,traded_shares,2026-09-10T01:20:37.874819+00:00,24
2021-10-29,SMH,135.37,136.87,135.21,136.82,2681308.0,IBKR_TRADES,RTH,split_adjusted,traded_shares,2026-09-10T01:20:37.874819+00:00,24
2021-11-01,AAPL,148.99,149.7,147.8,148.96,47432502.0,IBKR_TRADES,RTH,split_adjusted,traded_shares,2026-09-10T01:20:37.874819+00:00,24
2021-11-01,AMD,119.45,125.67,118.14,125.23,41981075.0,IBKR_TRADES,RTH,split_adjusted,traded_shares,2026-09-10T01:20:37.874819+00:00,24
2021-11-01,NVDA,25.65,25.89,25.23,25.83,166293730.0,IBKR_TRADES,RTH,split_adjusted,traded_shares,2026-09-10T01:20:37.874819+00:00,24
2021-11-01,QQQ,386.56,387.56,384.42,387.43,19433057.0,IBKR_TRADES,RTH,split_adjusted,traded_shares,2026-09-10T01:20:37.874819+00:00,24
2021-11-01,SMH,136.95,138.47,136.42,138.39,2768004.0,IBKR_TRADES,RTH,split_adjusted,traded_shares,2026-09-10T01:20:37.874819+00:00,24
2021-11-02,AAPL,148.67,151.57,148.65,150.02,50479783.0,IBKR_TRADES,RTH,split_adjusted,traded_shares,2026-09-10T01:20:37.874819+00:00,24
2021-11-02,AMD,124.97,128.46,124.2,127.63,41786275.0,IBKR_TRADES,RTH,split_adjusted,traded_shares,2026-09-10T01:20:37.874819+00:00,24
2021-11-02,NVDA,25.82,26.68,25.8,26.4,196106090.0,IBKR_TRADES,RTH,split_adjusted,traded_shares,2026-09-10T01:20:37.874819+00:00,24
2021-11-02,QQQ,386.8,389.54,386.75,389.05,17723759.0,IBKR_TRADES,RTH,split_adjusted,traded_shares,2026-09-10T01:20:37.874819+00:00,24
2021-11-02,SMH,138.38,140.0,138.3,139.92,2962934.0,IBKR_TRADES,RTH,split_adjusted,traded_shares,2026-09-10T01:20:37.874819+00:00,24
2021-11-03,AAPL,150.39,151.97,149.82,151.49,35804933.0,IBKR_TRADES,RTH,split_adjusted,traded_shares,2026-09-10T01:20:37.874819+00:00,24
2021-11-03,AMD,127.75,130.6,126.79,130.53,45741727.0,IBKR_TRADES,RTH,split_adjusted,traded_shares,2026-09-10T01:20:37.874819+00:00,24
2021-11-03,NVDA,26.67,26.78,26.24,26.6,159067050.0,IBKR_TRADES,RTH,split_adjusted,traded_shares,2026-09-10T01:20:37.874819+00:00,24
2021-11-03,QQQ,389.53,393.61,388.48,393.18,24806394.0,IBKR_TRADES,RTH,split_adjusted,traded_shares,2026-09-10T01:20:37.874819+00:00,24
2021-11-03,SMH,140.17,141.39,139.54,141.3,3714984.0,IBKR_TRADES,RTH,split_adjusted,traded_shares,2026-09-10T01:20:37.874819+00:00,24
2021-11-04,AAPL,151.61,152.43,150.64,150.96,40120421.0,IBKR_TRADES,RTH,split_adjusted,traded_shares,2026-09-10T01:20:37.874819+00:00,24
2021-11-04,AMD,132.0,139.0,130.77,137.5,67263828.0,IBKR_TRADES,RTH,split_adjusted,traded_shares,2026-09-10T01:20:37.874819+00:00,24
2021-11-04,NVDA,27.24,31.36,27.12,29.8,825987950.0,IBKR_TRADES,RTH,split_adjusted,traded_shares,2026-09-10T01:20:37.874819+00:00,24
2021-11-04,QQQ,394.46,399.2,393.92,398.22,28115431.0,IBKR_TRADES,RTH,split_adjusted,traded_shares,2026-09-10T01:20:37.874819+00:00,24
2021-11-04,SMH,142.65,148.05,142.16,147.15,10061246.0,IBKR_TRADES,RTH,split_adjusted,traded_shares,2026-09-10T01:20:37.874819+00:00,24
2021-11-05,AAPL,151.81,152.19,150.06,151.28,39158690.0,IBKR_TRADES,RTH,split_adjusted,traded_shares,2026-09-10T01:20:37.874819+00:00,24
2021-11-05,AMD,139.18,141.22,134.42,136.34,50035545.0,IBKR_TRADES,RTH,split_adjusted,traded_shares,2026-09-10T01:20:37.874819+00:00,24
2021-11-05,NVDA,30.18,31.4,29.41,29.75,588374930.0,IBKR_TRADES,RTH,split_adjusted,traded_shares,2026-09-10T01:20:37.874819+00:00,24
2021-11-05,QQQ,400.04,400.99,397.16,398.6,29829530.0,IBKR_TRADES,RTH,split_adjusted,traded_shares,2026-09-10T01:20:37.874819+00:00,24
2021-11-05,SMH,148.34,149.87,146.99,148.3,6098194.0,IBKR_TRADES,RTH,split_adjusted,traded_shares,2026-09-10T01:20:37.874819+00:00,24
2021-11-08,AAPL,151.4,151.57,150.16,150.44,31158440.000000004,IBKR_TRADES,RTH,split_adjusted,traded_shares,2026-09-10T01:20:37.874819+00:00,24
2021-11-08,AMD,137.68,153.6,137.68,150.16,111362505.0,IBKR_TRADES,RTH,split_adjusted,traded_shares,2026-09-10T01:20:37.874819+00:00,24
2021-11-08,NVDA,30.13,31.1,29.91,30.8,333607080.0,IBKR_TRADES,RTH,split_adjusted,traded_shares,2026-09-10T01:20:37.874819+00:00,24
2021-11-08,QQQ,398.57,399.62,397.4,398.06,19974432.0,IBKR_TRADES,RTH,split_adjusted,traded_shares,2026-09-10T01:20:37.874819+00:00,24
2021-11-08,SMH,149.27,151.93,148.58,150.97,5493608.0,IBKR_TRADES,RTH,split_adjusted,traded_shares,2026-09-10T01:20:37.874819+00:00,24
2021-11-09,AAPL,150.15,151.43,150.07,150.81,36726836.0,IBKR_TRADES,RTH,split_adjusted,traded_shares,2026-09-10T01:20:37.874819+00:00,24
2021-11-09,AMD,154.01,155.65,143.89,148.92,75236395.0,IBKR_TRADES,RTH,split_adjusted,traded_shares,2026-09-10T01:20:37.874819+00:00,24
2021-11-09,NVDA,32.28,32.31,29.96,30.66,435415180.0,IBKR_TRADES,RTH,split_adjusted,traded_shares,2026-09-10T01:20:37.874819+00:00,24
2021-11-09,QQQ,399.16,399.57,393.92,395.32,38550462.0,IBKR_TRADES,RTH,split_adjusted,traded_shares,2026-09-10T01:20:37.874819+00:00,24
2021-11-09,SMH,152.51,152.98,149.65,151.17,7579356.0,IBKR_TRADES,RTH,split_adjusted,traded_shares,2026-09-10T01:20:37.874819+00:00,24
2021-11-10,AAPL,150.08,150.13,147.85,147.92,44778285.0,IBKR_TRADES,RTH,split_adjusted,traded_shares,2026-09-10T01:20:37.874819+00:00,24
2021-11-10,AMD,143.92,146.3,138.52,139.87,62903063.00000001,IBKR_TRADES,RTH,split_adjusted,traded_shares,2026-09-10T01:20:37.874819+00:00,24
2021-11-10,NVDA,29.32,30.85,28.78,29.46,414649580.0,IBKR_TRADES,RTH,split_adjusted,traded_shares,2026-09-10T01:20:37.874819+00:00,24
2021-11-10,QQQ,392.47,395.36,387.53,389.51,41373738.0,IBKR_TRADES,RTH,split_adjusted,traded_shares,2026-09-10T01:20:37.874819+00:00,24
2021-11-10,SMH,148.25,150.16,145.78,146.4,7029052.0,IBKR_TRADES,RTH,split_adjusted,traded_shares,2026-09-10T01:20:37.874819+00:00,24
2021-11-11,AAPL,148.96,149.43,147.68,147.87,28880240.0,IBKR_TRADES,RTH,split_adjusted,traded_shares,2026-09-10T01:20:37.874819+00:00,24
2021-11-11,AMD,142.92,146.47,140.84,146.01,51718631.0,IBKR_TRADES,RTH,split_adjusted,traded_shares,2026-09-10T01:20:37.874819+00:00,24
2021-11-11,NVDA,30.47,30.59,29.78,30.39,211980040.0,IBKR_TRADES,RTH,split_adjusted,traded_shares,2026-09-10T01:20:37.874819+00:00,24
2021-11-11,QQQ,392.53,392.75,390.24,390.59,22150536.0,IBKR_TRADES,RTH,split_adjusted,traded_shares,2026-09-10T01:20:37.874819+00:00,24
2021-11-11,SMH,148.75,149.45,147.72,149.04,4036586.0,IBKR_TRADES,RTH,split_adjusted,traded_shares,2026-09-10T01:20:37.874819+00:00,24
2021-11-12,AAPL,148.43,150.4,147.48,149.99,41134838.0,IBKR_TRADES,RTH,split_adjusted,traded_shares,2026-09-10T01:20:37.874819+00:00,24
2021-11-12,AMD,146.01,148.59,144.25,147.89,39670251.0,IBKR_TRADES,RTH,split_adjusted,traded_shares,2026-09-10T01:20:37.874819+00:00,24
2021-11-12,NVDA,30.0,30.68,29.63,30.39,267945140.0,IBKR_TRADES,RTH,split_adjusted,traded_shares,2026-09-10T01:20:37.874819+00:00,24
2021-11-12,QQQ,391.77,395.25,390.13,394.7,23942693.0,IBKR_TRADES,RTH,split_adjusted,traded_shares,2026-09-10T01:20:37.874819+00:00,24
2021-11-12,SMH,149.52,151.16,148.62,150.55,3696346.0,IBKR_TRADES,RTH,split_adjusted,traded_shares,2026-09-10T01:20:37.874819+00:00,24
2021-11-15,AAPL,150.33,151.88,149.43,150.0,36555080.0,IBKR_TRADES,RTH,split_adjusted,traded_shares,2026-09-10T01:20:37.874819+00:00,24
2021-11-15,AMD,148.0,148.98,142.86,146.49,40293525.0,IBKR_TRADES,RTH,split_adjusted,traded_shares,2026-09-10T01:20:37.874819+00:00,24
2021-11-15,NVDA,30.55,30.64,29.25,30.03,252704970.0,IBKR_TRADES,RTH,split_adjusted,traded_shares,2026-09-10T01:20:37.874819+00:00,24
2021-11-15,QQQ,395.91,396.24,392.09,394.61,23975476.0,IBKR_TRADES,RTH,split_adjusted,traded_shares,2026-09-10T01:20:37.874819+00:00,24
2021-11-15,SMH,151.56,151.56,148.84,150.35,4096088.0000000005,IBKR_TRADES,RTH,split_adjusted,traded_shares,2026-09-10T01:20:37.874819+00:00,24
2021-11-16,AAPL,149.93,151.49,149.34,151.0,37591611.0,IBKR_TRADES,RTH,split_adjusted,traded_shares,2026-09-10T01:20:37.874819+00:00,24
2021-11-16,AMD,145.94,153.08,145.34,152.45,40737030.0,IBKR_TRADES,RTH,split_adjusted,traded_shares,2026-09-10T01:20:37.874819+00:00,24
2021-11-16,NVDA,29.75,30.39,29.71,30.2,162301890.0,IBKR_TRADES,RTH,split_adjusted,traded_shares,2026-09-10T01:20:37.874819+00:00,24
2021-11-16,QQQ,393.87,397.93,393.66,397.42,19238330.0,IBKR_TRADES,RTH,split_adjusted,traded_shares,2026-09-10T01:20:37.874819+00:00,24
2021-11-16,SMH,149.95,152.53,149.39,152.3,3339250.0,IBKR_TRADES,RTH,split_adjusted,traded_shares,2026-09-10T01:20:37.874819+00:00,24
2021-11-17,AAPL,150.99,155.0,150.99,153.49,67526788.0,IBKR_TRADES,RTH,split_adjusted,traded_shares,2026-09-10T01:20:37.874819+00:00,24
2021-11-17,AMD,151.98,154.66,149.69,151.34,41667372.0,IBKR_TRADES,RTH,split_adjusted,traded_shares,2026-09-10T01:20:37.874819+00:00,24
2021-11-17,NVDA,30.41,30.51,28.8,29.26,239653750.0,IBKR_TRADES,RTH,split_adjusted,traded_shares,2026-09-10T01:20:37.874819+00:00,24
2021-11-17,QQQ,397.75,399.72,396.64,397.63,20536382.0,IBKR_TRADES,RTH,split_adjusted,traded_shares,2026-09-10T01:20:37.874819+00:00,24
2021-11-17,SMH,152.23,152.73,150.83,151.4,4014488.0,IBKR_TRADES,RTH,split_adjusted,traded_shares,2026-09-10T01:20:37.874819+00:00,24
2021-11-18,AAPL,153.65,158.67,153.05,157.87,98585969.0,IBKR_TRADES,RTH,split_adjusted,traded_shares,2026-09-10T01:20:37.874819+00:00,24
2021-11-18,AMD,157.02,158.89,152.56,155.02,50653423.0,IBKR_TRADES,RTH,split_adjusted,traded_shares,2026-09-10T01:20:37.874819+00:00,24
2021-11-18,NVDA,32.33,32.76,31.32,31.68,565123630.0,IBKR_TRADES,RTH,split_adjusted,traded_shares,2026-09-10T01:20:37.874819+00:00,24
2021-11-18,QQQ,399.72,402.27,397.45,401.75,29769068.0,IBKR_TRADES,RTH,split_adjusted,traded_shares,2026-09-10T01:20:37.874819+00:00,24
2021-11-18,SMH,154.91,155.82,153.57,155.12,5093740.0,IBKR_TRADES,RTH,split_adjusted,traded_shares,2026-09-10T01:20:37.874819+00:00,24
2021-11-19,AAPL,157.63,161.02,156.53,160.55,91072720.0,IBKR_TRADES,RTH,split_adjusted,traded_shares,2026-09-10T01:20:37.874819+00:00,24
2021-11-19,AMD,155.75,156.92,153.44,155.41,34527404.0,IBKR_TRADES,RTH,split_adjusted,traded_shares,2026-09-10T01:20:37.874819+00:00,24
2021-11-19,NVDA,32.25,33.09,31.91,32.99,378393060.0,IBKR_TRADES,RTH,split_adjusted,traded_shares,2026-09-10T01:20:37.874819+00:00,24
2021-11-19,QQQ,403.43,405.3,402.58,403.99,22666243.0,IBKR_TRADES,RTH,split_adjusted,traded_shares,2026-09-10T01:20:37.874819+00:00,24
2021-11-19,SMH,154.82,157.04,154.44,156.1,3708714.0,IBKR_TRADES,RTH,split_adjusted,traded_shares,2026-09-10T01:20:37.874819+00:00,24
2021-11-22,AAPL,161.68,165.7,161.0,161.02,93149689.0,IBKR_TRADES,RTH,split_adjusted,traded_shares,2026-09-10T01:20:37.874819+00:00,24
2021-11-22,AMD,157.13,161.88,152.39,152.52,49188480.0,IBKR_TRADES,RTH,split_adjusted,traded_shares,2026-09-10T01:20:37.874819+00:00,24
2021-11-22,NVDA,33.52,34.65,31.9,31.96,540479930.0,IBKR_TRADES,RTH,split_adjusted,traded_shares,2026-09-10T01:20:37.874819+00:00,24
2021-11-22,QQQ,405.57,408.71,399.19,399.3,43938062.0,IBKR_TRADES,RTH,split_adjusted,traded_shares,2026-09-10T01:20:37.874819+00:00,24
2021-11-22,SMH,156.79,159.41,153.64,153.75,6963544.0,IBKR_TRADES,RTH,split_adjusted,traded_shares,2026-09-10T01:20:37.874819+00:00,24
2021-11-23,AAPL,161.12,161.8,159.06,161.41,70971253.0,IBKR_TRADES,RTH,split_adjusted,traded_shares,2026-09-10T01:20:37.874819+00:00,24
2021-11-23,AMD,150.4,152.66,145.29,149.92,51590354.0,IBKR_TRADES,RTH,split_adjusted,traded_shares,2026-09-10T01:20:37.874819+00:00,24
2021-11-23,NVDA,31.54,32.36,30.88,31.75,387846570.0,IBKR_TRADES,RTH,split_adjusted,traded_shares,2026-09-10T01:20:37.874819+00:00,24
2021-11-23,QQQ,398.11,400.23,392.92,397.48,52851393.0,IBKR_TRADES,RTH,split_adjusted,traded_shares,2026-09-10T01:20:37.874819+00:00,24
2021-11-23,SMH,152.94,154.32,149.99,152.63,6392576.0,IBKR_TRADES,RTH,split_adjusted,traded_shares,2026-09-10T01:20:37.874819+00:00,24
2021-11-24,AAPL,160.75,162.14,159.64,161.94,54588093.0,IBKR_TRADES,RTH,split_adjusted,traded_shares,2026-09-10T01:20:37.874819+00:00,24
2021-11-24,AMD,149.5,157.93,147.19,157.8,52556445.0,IBKR_TRADES,RTH,split_adjusted,traded_shares,2026-09-10T01:20:37.874819+00:00,24
2021-11-24,NVDA,31.46,32.86,30.93,32.67,288958960.0,IBKR_TRADES,RTH,split_adjusted,traded_shares,2026-09-10T01:20:37.874819+00:00,24
2021-11-24,QQQ,394.91,399.05,392.54,398.76,34580592.0,IBKR_TRADES,RTH,split_adjusted,traded_shares,2026-09-10T01:20:37.874819+00:00,24
2021-11-24,SMH,151.17,154.25,149.74,154.17,4516898.0,IBKR_TRADES,RTH,split_adjusted,traded_shares,2026-09-10T01:20:37.874819+00:00,24
2021-11-26,AAPL,159.56,160.45,156.36,156.81,55429693.0,IBKR_TRADES,RTH,split_adjusted,traded_shares,2026-09-10T01:20:37.874819+00:00,24
2021-11-26,AMD,155.79,158.1,152.81,154.81,29819156.0,IBKR_TRADES,RTH,split_adjusted,traded_shares,2026-09-10T01:20:37.874819+00:00,24
2021-11-26,NVDA,32.54,32.71,31.35,31.5,174690810.0,IBKR_TRADES,RTH,split_adjusted,traded_shares,2026-09-10T01:20:37.874819+00:00,24
2021-11-26,QQQ,396.11,397.54,389.77,391.2,35234016.0,IBKR_TRADES,RTH,split_adjusted,traded_shares,2026-09-10T01:20:37.874819+00:00,24
2021-11-26,SMH,151.32,152.72,148.95,149.7,3990900.0,IBKR_TRADES,RTH,split_adjusted,traded_shares,2026-09-10T01:20:37.874819+00:00,24
2021-11-29,AAPL,159.36,161.19,158.79,160.24,64215971.99999999,IBKR_TRADES,RTH,split_adjusted,traded_shares,2026-09-10T01:20:37.874819+00:00,24
2021-11-29,AMD,157.59,162.51,156.1,161.91,48879045.0,IBKR_TRADES,RTH,split_adjusted,traded_shares,2026-09-10T01:20:37.874819+00:00,24
2021-11-29,NVDA,32.38,33.41,32.04,33.38,295575000.0,IBKR_TRADES,RTH,split_adjusted,traded_shares,2026-09-10T01:20:37.874819+00:00,24
2021-11-29,QQQ,395.86,400.73,395.14,399.69,36257303.0,IBKR_TRADES,RTH,split_adjusted,traded_shares,2026-09-10T01:20:37.874819+00:00,24
2021-11-29,SMH,152.29,155.87,151.54,155.71,5072714.0,IBKR_TRADES,RTH,split_adjusted,traded_shares,2026-09-10T01:20:37.874819+00:00,24
2021-11-30,AAPL,159.97,165.52,159.92,165.3,122399508.99999999,IBKR_TRADES,RTH,split_adjusted,traded_shares,2026-09-10T01:20:37.874819+00:00,24
2021-11-30,AMD,163.36,164.46,155.68,158.37,60965652.0,IBKR_TRADES,RTH,split_adjusted,traded_shares,2026-09-10T01:20:37.874819+00:00,24
2021-11-30,NVDA,33.17,33.35,31.86,32.68,376918950.0,IBKR_TRADES,RTH,split_adjusted,traded_shares,2026-09-10T01:20:37.874819+00:00,24
2021-11-30,QQQ,398.78,401.19,391.75,393.82,61600186.99999999,IBKR_TRADES,RTH,split_adjusted,traded_shares,2026-09-10T01:20:37.874819+00:00,24
2021-11-30,SMH,155.07,156.39,151.3,152.45,7157470.0,IBKR_TRADES,RTH,split_adjusted,traded_shares,2026-09-10T01:20:37.874819+00:00,24
2021-12-01,AAPL,167.35,170.3,164.53,164.77,117831733.0,IBKR_TRADES,RTH,split_adjusted,traded_shares,2026-09-10T01:20:37.874819+00:00,24
2021-12-01,AMD,160.3,160.88,148.92,149.11,53951633.0,IBKR_TRADES,RTH,split_adjusted,traded_shares,2026-09-10T01:20:37.874819+00:00,24
2021-12-01,NVDA,33.17,33.29,31.38,31.44,353377050.0,IBKR_TRADES,RTH,split_adjusted,traded_shares,2026-09-10T01:20:37.874819+00:00,24
2021-12-01,QQQ,398.29,400.48,386.64,387.12,58660992.0,IBKR_TRADES,RTH,split_adjusted,traded_shares,2026-09-10T01:20:37.874819+00:00,24
2021-12-01,SMH,155.33,157.79,151.78,151.91,8275242.000000001,IBKR_TRADES,RTH,split_adjusted,traded_shares,2026-09-10T01:20:37.874819+00:00,24
2021-12-02,AAPL,158.74,164.2,157.8,163.76,103936698.0,IBKR_TRADES,RTH,split_adjusted,traded_shares,2026-09-10T01:20:37.874819+00:00,24
2021-12-02,AMD,147.65,152.53,146.47,150.68,47402328.0,IBKR_TRADES,RTH,split_adjusted,traded_shares,2026-09-10T01:20:37.874819+00:00,24
2021-12-02,NVDA,31.21,32.48,31.03,32.13,321740830.0,IBKR_TRADES,RTH,split_adjusted,traded_shares,2026-09-10T01:20:37.874819+00:00,24
2021-12-02,QQQ,385.8,391.74,384.34,389.91,64040153.0,IBKR_TRADES,RTH,split_adjusted,traded_shares,2026-09-10T01:20:37.874819+00:00,24
2021-12-02,SMH,150.28,153.59,149.57,152.31,7327328.0,IBKR_TRADES,RTH,split_adjusted,traded_shares,2026-09-10T01:20:37.874819+00:00,24
2021-12-03,AAPL,164.0,164.96,159.72,161.84,88732071.0,IBKR_TRADES,RTH,split_adjusted,traded_shares,2026-09-10T01:20:37.874819+00:00,24
2021-12-03,AMD,151.38,152.38,140.72,144.01,54458232.0,IBKR_TRADES,RTH,split_adjusted,traded_shares,2026-09-10T01:20:37.874819+00:00,24
2021-12-03,NVDA,32.0,32.13,30.13,30.69,364555630.0,IBKR_TRADES,RTH,split_adjusted,traded_shares,2026-09-10T01:20:37.874819+00:00,24
2021-12-03,QQQ,391.29,392.34,378.9,383.13,80724006.0,IBKR_TRADES,RTH,split_adjusted,traded_shares,2026-09-10T01:20:37.874819+00:00,24
2021-12-03,SMH,153.38,154.72,148.77,150.58,8028640.0,IBKR_TRADES,RTH,split_adjusted,traded_shares,2026-09-10T01:20:37.874819+00:00,24
2021-12-06,AAPL,164.32,167.88,164.28,165.32,76174443.0,IBKR_TRADES,RTH,split_adjusted,traded_shares,2026-09-10T01:20:37.874819+00:00,24
2021-12-06,AMD,141.16,141.31,134.2,139.06,56192541.0,IBKR_TRADES,RTH,split_adjusted,traded_shares,2026-09-10T01:20:37.874819+00:00,24
2021-12-06,NVDA,29.88,30.24,28.04,30.04,466456360.0,IBKR_TRADES,RTH,split_adjusted,traded_shares,2026-09-10T01:20:37.874819+00:00,24
2021-12-06,QQQ,383.63,387.6,379.3,386.2,51227960.0,IBKR_TRADES,RTH,split_adjusted,traded_shares,2026-09-10T01:20:37.874819+00:00,24
2021-12-06,SMH,149.79,150.7,145.26,150.0,6386256.0,IBKR_TRADES,RTH,split_adjusted,traded_shares,2026-09-10T01:20:37.874819+00:00,24
2021-12-07,AAPL,169.06,171.58,168.34,171.18,85726234.0,IBKR_TRADES,RTH,split_adjusted,traded_shares,2026-09-10T01:20:37.874819+00:00,24
2021-12-07,AMD,143.99,145.76,141.0,144.85,44052027.0,IBKR_TRADES,RTH,split_adjusted,traded_shares,2026-09-10T01:20:37.874819+00:00,24
2021-12-07,NVDA,30.96,32.45,30.65,32.43,436007510.0,IBKR_TRADES,RTH,split_adjusted,traded_shares,2026-09-10T01:20:37.874819+00:00,24
2021-12-07,QQQ,392.98,398.46,392.98,397.83,39813725.0,IBKR_TRADES,RTH,split_adjusted,traded_shares,2026-09-10T01:20:37.874819+00:00,24
2021-12-07,SMH,153.5,157.71,153.5,157.28,7109860.0,IBKR_TRADES,RTH,split_adjusted,traded_shares,2026-09-10T01:20:37.874819+00:00,24
2021-12-08,AAPL,171.93,175.96,170.7,175.08,90235677.0,IBKR_TRADES,RTH,split_adjusted,traded_shares,2026-09-10T01:20:37.874819+00:00,24
2021-12-08,AMD,144.96,147.04,142.7,145.24,33722200.0,IBKR_TRADES,RTH,split_adjusted,traded_shares,2026-09-10T01:20:37.874819+00:00,24
2021-12-08,NVDA,31.99,32.29,31.42,31.83,350414290.0,IBKR_TRADES,RTH,split_adjusted,traded_shares,2026-09-10T01:20:37.874819+00:00,24
2021-12-08,QQQ,398.17,399.82,396.22,399.61,28485071.0,IBKR_TRADES,RTH,split_adjusted,traded_shares,2026-09-10T01:20:37.874819+00:00,24
2021-12-08,SMH,156.42,156.92,155.0,156.6,4350748.0,IBKR_TRADES,RTH,split_adjusted,traded_shares,2026-09-10T01:20:37.874819+00:00,24
2021-12-09,AAPL,174.85,176.75,173.92,174.56,85323591.0,IBKR_TRADES,RTH,split_adjusted,traded_shares,2026-09-10T01:20:37.874819+00:00,24
2021-12-09,AMD,145.16,146.69,137.8,138.1,43806474.0,IBKR_TRADES,RTH,split_adjusted,traded_shares,2026-09-10T01:20:37.874819+00:00,24
2021-12-09,NVDA,31.71,32.21,30.43,30.49,347903170.0,IBKR_TRADES,RTH,split_adjusted,traded_shares,2026-09-10T01:20:37.874819+00:00,24
2021-12-09,QQQ,398.35,400.2,393.52,393.73,37297399.0,IBKR_TRADES,RTH,split_adjusted,traded_shares,2026-09-10T01:20:37.874819+00:00,24
2021-12-09,SMH,155.55,157.1,152.67,152.81,3891464.0,IBKR_TRADES,RTH,split_adjusted,traded_shares,2026-09-10T01:20:37.874819+00:00,24
2021-12-10,AAPL,175.25,179.63,174.69,179.45,88691060.0,IBKR_TRADES,RTH,split_adjusted,traded_shares,2026-09-10T01:20:37.874819+00:00,24
2021-12-10,AMD,141.27,141.37,135.82,138.55,33162347.999999996,IBKR_TRADES,RTH,split_adjusted,traded_shares,2026-09-10T01:20:37.874819+00:00,24
2021-12-10,NVDA,31.15,31.31,29.86,30.2,349961950.0,IBKR_TRADES,RTH,split_adjusted,traded_shares,2026-09-10T01:20:37.874819+00:00,24
2021-12-10,QQQ,396.59,398.28,393.36,398.01,38706964.0,IBKR_TRADES,RTH,split_adjusted,traded_shares,2026-09-10T01:20:37.874819+00:00,24
2021-12-10,SMH,155.56,155.88,152.2,153.78,4119622.0000000005,IBKR_TRADES,RTH,split_adjusted,traded_shares,2026-09-10T01:20:37.874819+00:00,24
2021-12-13,AAPL,181.08,182.13,175.53,175.74,115326498.0,IBKR_TRADES,RTH,split_adjusted,traded_shares,2026-09-10T01:20:37.874819+00:00,24
2021-12-13,AMD,138.23,139.4,133.41,133.8,34605878.0,IBKR_TRADES,RTH,split_adjusted,traded_shares,2026-09-10T01:20:37.874819+00:00,24
2021-12-13,NVDA,30.24,30.29,28.12,28.16,437138510.0,IBKR_TRADES,RTH,split_adjusted,traded_shares,2026-09-10T01:20:37.874819+00:00,24
2021-12-13,QQQ,398.0,398.33,391.88,392.26,31950653.0,IBKR_TRADES,RTH,split_adjusted,traded_shares,2026-09-10T01:20:37.874819+00:00,24
2021-12-13,SMH,154.32,154.47,149.54,149.79,4207312.0,IBKR_TRADES,RTH,split_adjusted,traded_shares,2026-09-10T01:20:37.874819+00:00,24
2021-12-14,AAPL,175.29,177.74,172.21,174.33,95501156.0,IBKR_TRADES,RTH,split_adjusted,traded_shares,2026-09-10T01:20:37.874819+00:00,24
2021-12-14,AMD,131.7,137.24,130.6,135.6,41838270.0,IBKR_TRADES,RTH,split_adjusted,traded_shares,2026-09-10T01:20:37.874819+00:00,24
2021-12-14,NVDA,27.69,28.68,27.25,28.34,482109330.0,IBKR_TRADES,RTH,split_adjusted,traded_shares,2026-09-10T01:20:37.874819+00:00,24
2021-12-14,QQQ,387.3,390.09,383.63,388.2,47090578.0,IBKR_TRADES,RTH,split_adjusted,traded_shares,2026-09-10T01:20:37.874819+00:00,24
2021-12-14,SMH,147.86,149.74,146.82,148.92,5304564.0,IBKR_TRADES,RTH,split_adjusted,traded_shares,2026-09-10T01:20:37.874819+00:00,24
2021-12-15,AAPL,175.11,179.5,172.31,179.3,98454969.0,IBKR_TRADES,RTH,split_adjusted,traded_shares,2026-09-10T01:20:37.874819+00:00,24
2021-12-15,AMD,135.19,146.69,133.81,146.5,61222434.00000001,IBKR_TRADES,RTH,split_adjusted,traded_shares,2026-09-10T01:20:37.874819+00:00,24
2021-12-15,NVDA,28.4,30.5,27.84,30.46,509037600.0,IBKR_TRADES,RTH,split_adjusted,traded_shares,2026-09-10T01:20:37.874819+00:00,24
2021-12-15,QQQ,387.98,397.42,383.88,397.05,51038826.0,IBKR_TRADES,RTH,split_adjusted,traded_shares,2026-09-10T01:20:37.874819+00:00,24
2021-12-15,SMH,149.08,155.19,147.8,155.08,6479530.0,IBKR_TRADES,RTH,split_adjusted,traded_shares,2026-09-10T01:20:37.874819+00:00,24
2021-12-16,AAPL,179.3,181.14,170.75,172.26,120068566.0,IBKR_TRADES,RTH,split_adjusted,traded_shares,2026-09-10T01:20:37.874819+00:00,24
2021-12-16,AMD,147.01,147.93,137.02,138.64,51868675.0,IBKR_TRADES,RTH,split_adjusted,traded_shares,2026-09-10T01:20:37.874819+00:00,24
2021-12-16,NVDA,31.16,31.16,28.09,28.39,486225499.99999994,IBKR_TRADES,RTH,split_adjusted,traded_shares,2026-09-10T01:20:37.874819+00:00,24
2021-12-16,QQQ,398.04,398.48,385.21,386.84,62878806.0,IBKR_TRADES,RTH,split_adjusted,traded_shares,2026-09-10T01:20:37.874819+00:00,24
2021-12-16,SMH,155.84,156.18,147.56,148.34,8016188.0,IBKR_TRADES,RTH,split_adjusted,traded_shares,2026-09-10T01:20:37.874819+00:00,24
2021-12-17,AAPL,169.93,173.47,169.69,171.14,114267403.0,IBKR_TRADES,RTH,split_adjusted,traded_shares,2026-09-10T01:20:37.874819+00:00,24
2021-12-17,AMD,136.28,142.04,136.11,137.75,42562235.0,IBKR_TRADES,RTH,split_adjusted,traded_shares,2026-09-10T01:20:37.874819+00:00,24
2021-12-17,NVDA,27.99,28.92,27.76,27.8,395252230.0,IBKR_TRADES,RTH,split_adjusted,traded_shares,2026-09-10T01:20:37.874819+00:00,24
2021-12-17,QQQ,383.33,389.19,381.77,384.91,52792576.0,IBKR_TRADES,RTH,split_adjusted,traded_shares,2026-09-10T01:20:37.874819+00:00,24
2021-12-17,SMH,147.03,150.03,146.66,147.65,5514902.0,IBKR_TRADES,RTH,split_adjusted,traded_shares,2026-09-10T01:20:37.874819+00:00,24
2021-12-20,AAPL,168.23,170.58,167.46,169.75,77759544.0,IBKR_TRADES,RTH,split_adjusted,traded_shares,2026-09-10T01:20:37.874819+00:00,24
2021-12-20,AMD,135.97,138.26,133.52,135.8,31057698.000000004,IBKR_TRADES,RTH,split_adjusted,traded_shares,2026-09-10T01:20:37.874819+00:00,24
2021-12-20,NVDA,27.31,28.14,27.15,27.72,318048180.0,IBKR_TRADES,RTH,split_adjusted,traded_shares,2026-09-10T01:20:37.874819+00:00,24
2021-12-20,QQQ,379.59,381.5,377.47,380.69,42281977.0,IBKR_TRADES,RTH,split_adjusted,traded_shares,2026-09-10T01:20:37.874819+00:00,24
2021-12-20,SMH,144.95,146.75,144.07,145.76,6326978.0,IBKR_TRADES,RTH,split_adjusted,traded_shares,2026-09-10T01:20:37.874819+00:00,24
2021-12-21,AAPL,171.56,173.2,169.12,172.99,67853695.0,IBKR_TRADES,RTH,split_adjusted,traded_shares,2026-09-10T01:20:37.874819+00:00,24
2021-12-21,AMD,138.17,144.5,135.15,144.25,48042009.0,IBKR_TRADES,RTH,split_adjusted,traded_shares,2026-09-10T01:20:37.874819+00:00,24
2021-12-21,NVDA,28.37,29.12,27.4,29.08,374415060.0,IBKR_TRADES,RTH,split_adjusted,traded_shares,2026-09-10T01:20:37.874819+00:00,24
2021-12-21,QQQ,384.05,389.53,380.2,389.21,33773431.0,IBKR_TRADES,RTH,split_adjusted,traded_shares,2026-09-10T01:20:37.874819+00:00,24
2021-12-21,SMH,148.85,151.16,146.82,151.02,5951556.0,IBKR_TRADES,RTH,split_adjusted,traded_shares,2026-09-10T01:20:37.874819+00:00,24
2021-12-22,AAPL,172.93,175.86,172.15,175.64,65739540.0,IBKR_TRADES,RTH,split_adjusted,traded_shares,2026-09-10T01:20:37.874819+00:00,24
2021-12-22,AMD,142.67,144.5,140.27,143.88,38773502.0,IBKR_TRADES,RTH,split_adjusted,traded_shares,2026-09-10T01:20:37.874819+00:00,24
2021-12-22,NVDA,28.88,29.56,28.45,29.4,271917280.0,IBKR_TRADES,RTH,split_adjusted,traded_shares,2026-09-10T01:20:37.874819+00:00,24
2021-12-22,QQQ,388.91,394.16,388.23,393.95,26770228.0,IBKR_TRADES,RTH,split_adjusted,traded_shares,2026-09-10T01:20:37.874819+00:00,24
2021-12-22,SMH,150.03,152.82,149.72,152.82,2976386.0,IBKR_TRADES,RTH,split_adjusted,traded_shares,2026-09-10T01:20:37.874819+00:00,24
2021-12-23,AAPL,175.83,176.85,175.27,176.28,51647964.0,IBKR_TRADES,RTH,split_adjusted,traded_shares,2026-09-10T01:20:37.874819+00:00,24
2021-12-23,AMD,143.95,149.02,143.85,146.14,41308763.0,IBKR_TRADES,RTH,split_adjusted,traded_shares,2026-09-10T01:20:37.874819+00:00,24
2021-12-23,NVDA,29.77,30.06,29.43,29.64,232970080.0,IBKR_TRADES,RTH,split_adjusted,traded_shares,2026-09-10T01:20:37.874819+00:00,24
2021-12-23,QQQ,394.34,398.43,394.14,396.92,20379988.0,IBKR_TRADES,RTH,split_adjusted,traded_shares,2026-09-10T01:20:37.874819+00:00,24
2021-12-23,SMH,153.24,155.19,153.07,154.13,3073458.0,IBKR_TRADES,RTH,split_adjusted,traded_shares,2026-09-10T01:20:37.874819+00:00,24
2021-12-27,AAPL,177.09,180.42,177.07,180.33,57449334.0,IBKR_TRADES,RTH,split_adjusted,traded_shares,2026-09-10T01:20:37.874819+00:00,24
2021-12-27,AMD,147.59,154.89,147.25,154.36,44836221.0,IBKR_TRADES,RTH,split_adjusted,traded_shares,2026-09-10T01:20:37.874819+00:00,24
2021-12-27,NVDA,29.66,31.09,29.64,30.95,287126720.0,IBKR_TRADES,RTH,split_adjusted,traded_shares,2026-09-10T01:20:37.874819+00:00,24
2021-12-27,QQQ,398.26,403.48,398.21,403.48,21697307.0,IBKR_TRADES,RTH,split_adjusted,traded_shares,2026-09-10T01:20:37.874819+00:00,24
2021-12-27,SMH,154.66,158.34,154.54,158.28,4381232.0,IBKR_TRADES,RTH,split_adjusted,traded_shares,2026-09-10T01:20:37.874819+00:00,24
2021-12-28,AAPL,180.16,181.33,178.53,179.29,64311654.0,IBKR_TRADES,RTH,split_adjusted,traded_shares,2026-09-10T01:20:37.874819+00:00,24
2021-12-28,AMD,155.84,156.73,151.38,153.15,47241436.0,IBKR_TRADES,RTH,split_adjusted,traded_shares,2026-09-10T01:20:37.874819+00:00,24
2021-12-28,NVDA,31.31,31.33,30.01,30.32,284123910.0,IBKR_TRADES,RTH,split_adjusted,traded_shares,2026-09-10T01:20:37.874819+00:00,24
2021-12-28,QQQ,404.36,404.58,400.71,401.61,23628102.0,IBKR_TRADES,RTH,split_adjusted,traded_shares,2026-09-10T01:20:37.874819+00:00,24
2021-12-28,SMH,159.04,159.04,155.95,156.72,3273624.0,IBKR_TRADES,RTH,split_adjusted,traded_shares,2026-09-10T01:20:37.874819+00:00,24
2021-12-29,AAPL,179.35,180.63,178.14,179.38,47994050.0,IBKR_TRADES,RTH,split_adjusted,traded_shares,2026-09-10T01:20:37.874819+00:00,24
2021-12-29,AMD,152.89,154.34,147.29,148.26,43599215.0,IBKR_TRADES,RTH,split_adjusted,traded_shares,2026-09-10T01:20:37.874819+00:00,24
2021-12-29,NVDA,30.31,30.55,29.37,30.0,240162220.0,IBKR_TRADES,RTH,split_adjusted,traded_shares,2026-09-10T01:20:37.874819+00:00,24
2021-12-29,QQQ,401.78,403.05,399.11,401.55,21732590.0,IBKR_TRADES,RTH,split_adjusted,traded_shares,2026-09-10T01:20:37.874819+00:00,24
2021-12-29,SMH,156.54,157.78,155.74,156.7,3868128.0,IBKR_TRADES,RTH,split_adjusted,traded_shares,2026-09-10T01:20:37.874819+00:00,24
2021-12-30,AAPL,179.55,180.57,178.09,178.2,47456923.0,IBKR_TRADES,RTH,split_adjusted,traded_shares,2026-09-10T01:20:37.874819+00:00,24
2021-12-30,AMD,147.39,148.85,144.85,145.15,38261397.0,IBKR_TRADES,RTH,split_adjusted,traded_shares,2026-09-10T01:20:37.874819+00:00,24
2021-12-30,NVDA,29.83,30.46,29.54,29.59,222726190.0,IBKR_TRADES,RTH,split_adjusted,traded_shares,2026-09-10T01:20:37.874819+00:00,24
2021-12-30,QQQ,401.31,403.57,399.75,400.35,16912523.0,IBKR_TRADES,RTH,split_adjusted,traded_shares,2026-09-10T01:20:37.874819+00:00,24
2021-12-30,SMH,156.53,157.01,154.64,154.92,4191682.0000000005,IBKR_TRADES,RTH,split_adjusted,traded_shares,2026-09-10T01:20:37.874819+00:00,24
2021-12-31,AAPL,178.12,179.23,177.26,177.57,43468950.0,IBKR_TRADES,RTH,split_adjusted,traded_shares,2026-09-10T01:20:37.874819+00:00,24
2021-12-31,AMD,146.14,148.61,143.55,143.9,41540354.0,IBKR_TRADES,RTH,split_adjusted,traded_shares,2026-09-10T01:20:37.874819+00:00,24
2021-12-31,NVDA,29.67,30.03,29.33,29.41,182361000.0,IBKR_TRADES,RTH,split_adjusted,traded_shares,2026-09-10T01:20:37.874819+00:00,24
2021-12-31,QQQ,399.69,401.06,397.34,397.85,23254304.0,IBKR_TRADES,RTH,split_adjusted,traded_shares,2026-09-10T01:20:37.874819+00:00,24
2021-12-31,SMH,155.01,156.02,154.35,154.4,1948305.9999999998,IBKR_TRADES,RTH,split_adjusted,traded_shares,2026-09-10T01:20:37.874819+00:00,24
2022-01-03,AAPL,177.89,182.88,177.71,182.01,71642674.0,IBKR_TRADES,RTH,split_adjusted,traded_shares,2026-09-10T01:20:37.874819+00:00,24
2022-01-03,AMD,145.14,151.65,145.02,150.24,49203116.0,IBKR_TRADES,RTH,split_adjusted,traded_shares,2026-09-10T01:20:37.874819+00:00,24
2022-01-03,NVDA,29.82,30.71,29.79,30.12,262241150.0,IBKR_TRADES,RTH,split_adjusted,traded_shares,2026-09-10T01:20:37.874819+00:00,24
2022-01-03,QQQ,399.05,401.94,396.88,401.68,28285016.0,IBKR_TRADES,RTH,split_adjusted,traded_shares,2026-09-10T01:20:37.874819+00:00,24
2022-01-03,SMH,155.65,157.85,155.22,157.8,4689890.0,IBKR_TRADES,RTH,split_adjusted,traded_shares,2026-09-10T01:20:37.874819+00:00,24
2022-01-04,AAPL,182.63,182.94,179.12,179.7,68898912.0,IBKR_TRADES,RTH,split_adjusted,traded_shares,2026-09-10T01:20:37.874819+00:00,24
2022-01-04,AMD,151.0,152.42,140.7,144.42,66985711.99999999,IBKR_TRADES,RTH,split_adjusted,traded_shares,2026-09-10T01:20:37.874819+00:00,24
2022-01-04,NVDA,30.26,30.47,28.35,29.29,350329670.0,IBKR_TRADES,RTH,split_adjusted,traded_shares,2026-09-10T01:20:37.874819+00:00,24
2022-01-04,QQQ,402.24,402.29,393.28,396.47,44423810.0,IBKR_TRADES,RTH,split_adjusted,traded_shares,2026-09-10T01:20:37.874819+00:00,24
2022-01-04,SMH,158.5,159.35,153.59,156.98,6918248.0,IBKR_TRADES,RTH,split_adjusted,traded_shares,2026-09-10T01:20:37.874819+00:00,24
2022-01-05,AAPL,179.62,180.17,174.64,174.92,67572056.0,IBKR_TRADES,RTH,split_adjusted,traded_shares,2026-09-10T01:20:37.874819+00:00,24
2022-01-05,AMD,142.8,143.76,135.29,136.15,55090714.0,IBKR_TRADES,RTH,split_adjusted,traded_shares,2026-09-10T01:20:37.874819+00:00,24
2022-01-05,NVDA,28.95,29.42,27.53,27.6,317050350.0,IBKR_TRADES,RTH,split_adjusted,traded_shares,2026-09-10T01:20:37.874819+00:00,24
2022-01-05,QQQ,394.74,395.89,384.03,384.29,56366551.0,IBKR_TRADES,RTH,split_adjusted,traded_shares,2026-09-10T01:20:37.874819+00:00,24
2022-01-05,SMH,155.75,156.94,151.51,151.6,8732476.0,IBKR_TRADES,RTH,split_adjusted,traded_shares,2026-09-10T01:20:37.874819+00:00,24
2022-01-06,AAPL,172.69,175.3,171.64,172.0,65887324.00000001,IBKR_TRADES,RTH,split_adjusted,traded_shares,2026-09-10T01:20:37.874819+00:00,24
2022-01-06,AMD,136.19,138.0,131.77,136.23,54278422.0,IBKR_TRADES,RTH,split_adjusted,traded_shares,2026-09-10T01:20:37.874819+00:00,24
2022-01-06,NVDA,27.64,28.44,27.07,28.18,303680610.0,IBKR_TRADES,RTH,split_adjusted,traded_shares,2026-09-10T01:20:37.874819+00:00,24
2022-01-06,QQQ,382.39,387.35,380.13,384.02,53319728.0,IBKR_TRADES,RTH,split_adjusted,traded_shares,2026-09-10T01:20:37.874819+00:00,24
2022-01-06,SMH,151.47,153.76,149.89,153.1,6762820.0,IBKR_TRADES,RTH,split_adjusted,traded_shares,2026-09-10T01:20:37.874819+00:00,24
2022-01-07,AAPL,172.8,174.14,171.03,172.17,58024390.0,IBKR_TRADES,RTH,split_adjusted,traded_shares,2026-09-10T01:20:37.874819+00:00,24
2022-01-07,AMD,136.29,137.44,131.13,132.0,48250033.0,IBKR_TRADES,RTH,split_adjusted,traded_shares,2026-09-10T01:20:37.874819+00:00,24
2022-01-07,NVDA,28.14,28.42,27.06,27.25,271406560.0,IBKR_TRADES,RTH,split_adjusted,traded_shares,2026-09-10T01:20:37.874819+00:00,24
2022-01-07,QQQ,384.03,385.76,378.04,379.86,53289056.0,IBKR_TRADES,RTH,split_adjusted,traded_shares,2026-09-10T01:20:37.874819+00:00,24
2022-01-07,SMH,152.81,153.31,148.1,148.45,8953152.0,IBKR_TRADES,RTH,split_adjusted,traded_shares,2026-09-10T01:20:37.874819+00:00,24
2022-01-10,AAPL,169.08,172.5,168.17,172.19,76243662.0,IBKR_TRADES,RTH,split_adjusted,traded_shares,2026-09-10T01:20:37.874819+00:00,24
2022-01-10,AMD,129.12,132.42,125.03,132.0,70440049.0,IBKR_TRADES,RTH,split_adjusted,traded_shares,2026-09-10T01:20:37.874819+00:00,24
2022-01-10,NVDA,26.58,27.47,25.64,27.4,400384250.0,IBKR_TRADES,RTH,split_adjusted,traded_shares,2026-09-10T01:20:37.874819+00:00,24
2022-01-10,QQQ,374.82,380.64,369.31,380.11,67896298.0,IBKR_TRADES,RTH,split_adjusted,traded_shares,2026-09-10T01:20:37.874819+00:00,24
2022-01-10,SMH,146.5,148.88,143.87,148.64,8961184.0,IBKR_TRADES,RTH,split_adjusted,traded_shares,2026-09-10T01:20:37.874819+00:00,24
2022-01-11,AAPL,172.37,175.18,170.82,175.08,58239363.0,IBKR_TRADES,RTH,split_adjusted,traded_shares,2026-09-10T01:20:37.874819+00:00,24
2022-01-11,AMD,133.41,138.99,131.59,137.31,66841393.0,IBKR_TRADES,RTH,split_adjusted,traded_shares,2026-09-10T01:20:37.874819+00:00,24
2022-01-11,NVDA,27.32,28.07,26.84,27.82,282382660.0,IBKR_TRADES,RTH,split_adjusted,traded_shares,2026-09-10T01:20:37.874819+00:00,24
2022-01-11,QQQ,379.35,385.99,377.21,385.82,53792032.0,IBKR_TRADES,RTH,split_adjusted,traded_shares,2026-09-10T01:20:37.874819+00:00,24
2022-01-11,SMH,148.24,151.79,147.09,151.64,5660830.0,IBKR_TRADES,RTH,split_adjusted,traded_shares,2026-09-10T01:20:37.874819+00:00,24
2022-01-12,AAPL,176.09,177.18,174.82,175.53,56620012.0,IBKR_TRADES,RTH,split_adjusted,traded_shares,2026-09-10T01:20:37.874819+00:00,24
2022-01-12,AMD,138.59,140.57,135.77,137.47,59901589.0,IBKR_TRADES,RTH,split_adjusted,traded_shares,2026-09-10T01:20:37.874819+00:00,24
2022-01-12,NVDA,28.07,28.6,27.61,28.0,266487620.00000003,IBKR_TRADES,RTH,split_adjusted,traded_shares,2026-09-10T01:20:37.874819+00:00,24
2022-01-12,QQQ,388.47,390.2,385.01,387.35,40077443.0,IBKR_TRADES,RTH,split_adjusted,traded_shares,2026-09-10T01:20:37.874819+00:00,24
2022-01-12,SMH,152.92,154.2,151.32,152.93,6906190.0,IBKR_TRADES,RTH,split_adjusted,traded_shares,2026-09-10T01:20:37.874819+00:00,24
2022-01-13,AAPL,175.77,176.62,171.79,172.19,62632078.00000001,IBKR_TRADES,RTH,split_adjusted,traded_shares,2026-09-10T01:20:37.874819+00:00,24
2022-01-13,AMD,139.51,141.25,131.81,132.74,64855505.0,IBKR_TRADES,RTH,split_adjusted,traded_shares,2026-09-10T01:20:37.874819+00:00,24
2022-01-13,NVDA,28.39,28.48,26.5,26.58,359230620.0,IBKR_TRADES,RTH,split_adjusted,traded_shares,2026-09-10T01:20:37.874819+00:00,24
2022-01-13,QQQ,388.75,389.47,376.7,377.66,58509991.0,IBKR_TRADES,RTH,split_adjusted,traded_shares,2026-09-10T01:20:37.874819+00:00,24
2022-01-13,SMH,156.0,157.41,149.85,150.27,10710638.0,IBKR_TRADES,RTH,split_adjusted,traded_shares,2026-09-10T01:20:37.874819+00:00,24
2022-01-14,AAPL,171.34,173.78,171.09,173.07,54913077.0,IBKR_TRADES,RTH,split_adjusted,traded_shares,2026-09-10T01:20:37.874819+00:00,24
2022-01-14,AMD,131.72,137.0,131.43,136.88,60727450.0,IBKR_TRADES,RTH,split_adjusted,traded_shares,2026-09-10T01:20:37.874819+00:00,24
2022-01-14,NVDA,26.3,27.2,26.21,26.94,267300099.99999997,IBKR_TRADES,RTH,split_adjusted,traded_shares,2026-09-10T01:20:37.874819+00:00,24
2022-01-14,QQQ,375.07,380.35,374.86,380.01,59635686.0,IBKR_TRADES,RTH,split_adjusted,traded_shares,2026-09-10T01:20:37.874819+00:00,24
2022-01-14,SMH,149.24,153.7,148.94,153.46,6833420.0,IBKR_TRADES,RTH,split_adjusted,traded_shares,2026-09-10T01:20:37.874819+00:00,24
2022-01-18,AAPL,171.5,172.54,169.4,169.8,61237493.99999999,IBKR_TRADES,RTH,split_adjusted,traded_shares,2026-09-10T01:20:37.874819+00:00,24
2022-01-18,AMD,134.53,136.39,131.59,131.93,47044569.0,IBKR_TRADES,RTH,split_adjusted,traded_shares,2026-09-10T01:20:37.874819+00:00,24
2022-01-18,NVDA,26.26,26.64,25.77,25.9,267250410.00000003,IBKR_TRADES,RTH,split_adjusted,traded_shares,2026-09-10T01:20:37.874819+00:00,24
2022-01-18,QQQ,374.12,376.22,369.77,370.55,54304472.0,IBKR_TRADES,RTH,split_adjusted,traded_shares,2026-09-10T01:20:37.874819+00:00,24
2022-01-18,SMH,150.85,150.9,146.3,146.59,8230345.999999999,IBKR_TRADES,RTH,split_adjusted,traded_shares,2026-09-10T01:20:37.874819+00:00,24
2022-01-19,AAPL,169.98,171.08,165.94,166.23,68212756.0,IBKR_TRADES,RTH,split_adjusted,traded_shares,2026-09-10T01:20:37.874819+00:00,24
2022-01-19,AMD,133.55,134.57,128.02,128.27,57914375.0,IBKR_TRADES,RTH,split_adjusted,traded_shares,2026-09-10T01:20:37.874819+00:00,24
2022-01-19,NVDA,26.07,26.54,25.05,25.07,324490500.0,IBKR_TRADES,RTH,split_adjusted,traded_shares,2026-09-10T01:20:37.874819+00:00,24
2022-01-19,QQQ,372.08,374.69,366.21,366.48,59566103.0,IBKR_TRADES,RTH,split_adjusted,traded_shares,2026-09-10T01:20:37.874819+00:00,24
2022-01-19,SMH,147.95,148.85,142.45,142.54,11449344.0,IBKR_TRADES,RTH,split_adjusted,traded_shares,2026-09-10T01:20:37.874819+00:00,24
2022-01-20,AAPL,166.99,169.68,164.18,164.51,64408443.00000001,IBKR_TRADES,RTH,split_adjusted,traded_shares,2026-09-10T01:20:37.874819+00:00,24
2022-01-20,AMD,126.04,128.51,121.41,121.89,73588603.0,IBKR_TRADES,RTH,split_adjusted,traded_shares,2026-09-10T01:20:37.874819+00:00,24
2022-01-20,NVDA,25.31,25.58,24.08,24.15,285280800.0,IBKR_TRADES,RTH,split_adjusted,traded_shares,2026-09-10T01:20:37.874819+00:00,24
2022-01-20,QQQ,369.78,373.87,361.17,361.72,60159969.0,IBKR_TRADES,RTH,split_adjusted,traded_shares,2026-09-10T01:20:37.874819+00:00,24
2022-01-20,SMH,143.72,144.79,138.17,138.18,11527894.0,IBKR_TRADES,RTH,split_adjusted,traded_shares,2026-09-10T01:20:37.874819+00:00,24
2022-01-21,AAPL,164.42,166.33,162.3,162.41,90813513.0,IBKR_TRADES,RTH,split_adjusted,traded_shares,2026-09-10T01:20:37.874819+00:00,24
2022-01-21,AMD,120.18,125.02,118.39,118.81,79498065.0,IBKR_TRADES,RTH,split_adjusted,traded_shares,2026-09-10T01:20:37.874819+00:00,24
2022-01-21,NVDA,23.54,24.82,23.26,23.37,481257430.0,IBKR_TRADES,RTH,split_adjusted,traded_shares,2026-09-10T01:20:37.874819+00:00,24
2022-01-21,QQQ,359.44,362.18,351.41,351.69,99931036.0,IBKR_TRADES,RTH,split_adjusted,traded_shares,2026-09-10T01:20:37.874819+00:00,24
2022-01-21,SMH,137.5,141.0,135.76,135.88,18326420.0,IBKR_TRADES,RTH,split_adjusted,traded_shares,2026-09-10T01:20:37.874819+00:00,24
2022-01-24,AAPL,160.05,162.3,154.7,161.62,115343786.0,IBKR_TRADES,RTH,split_adjusted,traded_shares,2026-09-10T01:20:37.874819+00:00,24
2022-01-24,AMD,115.3,116.77,107.5,116.53,95179451.0,IBKR_TRADES,RTH,split_adjusted,traded_shares,2026-09-10T01:20:37.874819+00:00,24
2022-01-24,NVDA,22.33,23.38,20.89,23.37,616684910.0,IBKR_TRADES,RTH,split_adjusted,traded_shares,2026-09-10T01:20:37.874819+00:00,24
2022-01-24,QQQ,345.88,353.98,334.15,353.3,145009826.0,IBKR_TRADES,RTH,split_adjusted,traded_shares,2026-09-10T01:20:37.874819+00:00,24
2022-01-24,SMH,133.1,137.7,128.62,137.62,15688512.000000002,IBKR_TRADES,RTH,split_adjusted,traded_shares,2026-09-10T01:20:37.874819+00:00,24
2022-01-25,AAPL,158.93,162.76,157.02,159.78,78409907.0,IBKR_TRADES,RTH,split_adjusted,traded_shares,2026-09-10T01:20:37.874819+00:00,24
2022-01-25,AMD,114.1,114.82,109.86,111.13,69352470.0,IBKR_TRADES,RTH,split_adjusted,traded_shares,2026-09-10T01:20:37.874819+00:00,24
2022-01-25,NVDA,22.56,22.94,22.0,22.32,439279400.0,IBKR_TRADES,RTH,split_adjusted,traded_shares,2026-09-10T01:20:37.874819+00:00,24
2022-01-25,QQQ,346.62,351.03,341.68,345.11,88013103.0,IBKR_TRADES,RTH,split_adjusted,traded_shares,2026-09-10T01:20:37.874819+00:00,24
2022-01-25,SMH,133.72,135.37,131.43,132.17,11790044.0,IBKR_TRADES,RTH,split_adjusted,traded_shares,2026-09-10T01:20:37.874819+00:00,24
2022-01-26,AAPL,163.44,164.39,157.82,159.69,79227846.0,IBKR_TRADES,RTH,split_adjusted,traded_shares,2026-09-10T01:20:37.874819+00:00,24
2022-01-26,AMD,114.51,117.16,108.63,110.71,79536744.0,IBKR_TRADES,RTH,split_adjusted,traded_shares,2026-09-10T01:20:37.874819+00:00,24
2022-01-26,NVDA,23.22,24.06,22.3,22.77,518928629.99999994,IBKR_TRADES,RTH,split_adjusted,traded_shares,2026-09-10T01:20:37.874819+00:00,24
2022-01-26,QQQ,352.91,356.88,340.78,344.57,102359714.0,IBKR_TRADES,RTH,split_adjusted,traded_shares,2026-09-10T01:20:37.874819+00:00,24
2022-01-26,SMH,136.2,139.45,131.95,134.07,14221498.0,IBKR_TRADES,RTH,split_adjusted,traded_shares,2026-09-10T01:20:37.874819+00:00,24
2022-01-27,AAPL,162.42,163.84,158.28,159.22,84054091.0,IBKR_TRADES,RTH,split_adjusted,traded_shares,2026-09-10T01:20:37.874819+00:00,24
2022-01-27,AMD,111.96,112.75,101.94,102.6,95658325.0,IBKR_TRADES,RTH,split_adjusted,traded_shares,2026-09-10T01:20:37.874819+00:00,24
2022-01-27,NVDA,23.58,24.0,21.68,21.94,389263180.0,IBKR_TRADES,RTH,split_adjusted,traded_shares,2026-09-10T01:20:37.874819+00:00,24
2022-01-27,QQQ,349.39,351.27,340.05,341.1,67009204.00000001,IBKR_TRADES,RTH,split_adjusted,traded_shares,2026-09-10T01:20:37.874819+00:00,24
2022-01-27,SMH,135.42,135.7,127.97,128.35,14805984.0,IBKR_TRADES,RTH,split_adjusted,traded_shares,2026-09-10T01:20:37.874819+00:00,24
2022-01-28,AAPL,165.71,170.35,162.8,170.33,129744687.0,IBKR_TRADES,RTH,split_adjusted,traded_shares,2026-09-10T01:20:37.874819+00:00,24
2022-01-28,AMD,101.59,105.4,99.35,105.24,80751198.0,IBKR_TRADES,RTH,split_adjusted,traded_shares,2026-09-10T01:20:37.874819+00:00,24
2022-01-28,NVDA,22.0,22.86,21.3,22.84,377893690.0,IBKR_TRADES,RTH,split_adjusted,traded_shares,2026-09-10T01:20:37.874819+00:00,24
2022-01-28,QQQ,343.03,352.02,337.95,351.8,73057907.0,IBKR_TRADES,RTH,split_adjusted,traded_shares,2026-09-10T01:20:37.874819+00:00,24
2022-01-28,SMH,128.21,130.88,124.68,130.85,14472138.0,IBKR_TRADES,RTH,split_adjusted,traded_shares,2026-09-10T01:20:37.874819+00:00,24
2022-01-31,AAPL,170.24,175.0,169.51,174.78,80974538.0,IBKR_TRADES,RTH,split_adjusted,traded_shares,2026-09-10T01:20:37.874819+00:00,24
2022-01-31,AMD,107.74,114.31,106.9,114.25,80608903.0,IBKR_TRADES,RTH,split_adjusted,traded_shares,2026-09-10T01:20:37.874819+00:00,24
2022-01-31,NVDA,23.18,24.51,23.05,24.49,389752370.0,IBKR_TRADES,RTH,split_adjusted,traded_shares,2026-09-10T01:20:37.874819+00:00,24
2022-01-31,QQQ,353.25,363.65,351.52,363.05,59995217.0,IBKR_TRADES,RTH,split_adjusted,traded_shares,2026-09-10T01:20:37.874819+00:00,24
2022-01-31,SMH,131.73,137.7,130.97,137.7,9841578.0,IBKR_TRADES,RTH,split_adjusted,traded_shares,2026-09-10T01:20:37.874819+00:00,24
2022-02-01,AAPL,174.03,174.84,172.31,174.61,58265825.0,IBKR_TRADES,RTH,split_adjusted,traded_shares,2026-09-10T01:20:37.874819+00:00,24
2022-02-01,AMD,116.75,117.26,112.73,116.78,91384424.0,IBKR_TRADES,RTH,split_adjusted,traded_shares,2026-09-10T01:20:37.874819+00:00,24
2022-02-01,NVDA,25.11,25.15,23.89,24.64,357336580.0,IBKR_TRADES,RTH,split_adjusted,traded_shares,2026-09-10T01:20:37.874819+00:00,24
2022-02-01,QQQ,364.43,366.19,359.14,365.52,51966229.0,IBKR_TRADES,RTH,split_adjusted,traded_shares,2026-09-10T01:20:37.874819+00:00,24
2022-02-01,SMH,138.65,138.75,135.1,138.29,7197666.0,IBKR_TRADES,RTH,split_adjusted,traded_shares,2026-09-10T01:20:37.874819+00:00,24
2022-02-02,AAPL,174.74,175.88,173.33,175.84,53915586.0,IBKR_TRADES,RTH,split_adjusted,traded_shares,2026-09-10T01:20:37.874819+00:00,24
2022-02-02,AMD,129.89,130.06,120.64,122.76,148573329.0,IBKR_TRADES,RTH,split_adjusted,traded_shares,2026-09-10T01:20:37.874819+00:00,24
2022-02-02,NVDA,25.8,25.82,24.55,25.24,357517560.0,IBKR_TRADES,RTH,split_adjusted,traded_shares,2026-09-10T01:20:37.874819+00:00,24
2022-02-02,QQQ,369.8,370.1,364.28,368.49,49085441.0,IBKR_TRADES,RTH,split_adjusted,traded_shares,2026-09-10T01:20:37.874819+00:00,24
2022-02-02,SMH,141.33,142.02,139.0,141.82,7721144.000000001,IBKR_TRADES,RTH,split_adjusted,traded_shares,2026-09-10T01:20:37.874819+00:00,24
2022-02-03,AAPL,174.54,176.24,172.12,172.9,59100405.0,IBKR_TRADES,RTH,split_adjusted,traded_shares,2026-09-10T01:20:37.874819+00:00,24
2022-02-03,AMD,120.22,125.37,118.81,120.08,85858483.0,IBKR_TRADES,RTH,split_adjusted,traded_shares,2026-09-10T01:20:37.874819+00:00,24
2022-02-03,NVDA,24.43,25.08,23.78,23.95,254445299.99999997,IBKR_TRADES,RTH,split_adjusted,traded_shares,2026-09-10T01:20:37.874819+00:00,24
2022-02-03,QQQ,358.58,361.93,352.46,353.55,59824662.0,IBKR_TRADES,RTH,split_adjusted,traded_shares,2026-09-10T01:20:37.874819+00:00,24
2022-02-03,SMH,138.32,140.28,135.0,135.53,10503118.0,IBKR_TRADES,RTH,split_adjusted,traded_shares,2026-09-10T01:20:37.874819+00:00,24
2022-02-04,AAPL,171.75,174.1,170.68,172.39,55312203.0,IBKR_TRADES,RTH,split_adjusted,traded_shares,2026-09-10T01:20:37.874819+00:00,24
2022-02-04,AMD,120.34,124.96,118.58,123.6,72932494.0,IBKR_TRADES,RTH,split_adjusted,traded_shares,2026-09-10T01:20:37.874819+00:00,24
2022-02-04,NVDA,23.94,24.64,23.63,24.32,226073100.0,IBKR_TRADES,RTH,split_adjusted,traded_shares,2026-09-10T01:20:37.874819+00:00,24
2022-02-04,QQQ,354.08,361.4,351.97,358.01,60978276.99999999,IBKR_TRADES,RTH,split_adjusted,traded_shares,2026-09-10T01:20:37.874819+00:00,24
2022-02-04,SMH,134.97,137.43,133.24,136.27,6158482.0,IBKR_TRADES,RTH,split_adjusted,traded_shares,2026-09-10T01:20:37.874819+00:00,24
2022-02-07,AAPL,172.84,173.95,170.95,171.66,44819660.0,IBKR_TRADES,RTH,split_adjusted,traded_shares,2026-09-10T01:20:37.874819+00:00,24
2022-02-07,AMD,123.6,127.63,122.78,123.67,67955877.0,IBKR_TRADES,RTH,split_adjusted,traded_shares,2026-09-10T01:20:37.874819+00:00,24
2022-02-07,NVDA,24.36,25.18,24.2,24.73,252212170.0,IBKR_TRADES,RTH,split_adjusted,traded_shares,2026-09-10T01:20:37.874819+00:00,24
2022-02-07,QQQ,358.65,361.05,353.84,355.13,42571027.0,IBKR_TRADES,RTH,split_adjusted,traded_shares,2026-09-10T01:20:37.874819+00:00,24
2022-02-07,SMH,136.89,138.47,135.84,136.48,6147128.0,IBKR_TRADES,RTH,split_adjusted,traded_shares,2026-09-10T01:20:37.874819+00:00,24
2022-02-08,AAPL,171.75,175.35,171.43,174.83,55397502.0,IBKR_TRADES,RTH,split_adjusted,traded_shares,2026-09-10T01:20:37.874819+00:00,24
2022-02-08,AMD,122.37,128.71,122.05,128.23,69365350.0,IBKR_TRADES,RTH,split_adjusted,traded_shares,2026-09-10T01:20:37.874819+00:00,24
2022-02-08,NVDA,24.34,25.23,23.98,25.11,273961870.0,IBKR_TRADES,RTH,split_adjusted,traded_shares,2026-09-10T01:20:37.874819+00:00,24
2022-02-08,QQQ,354.01,360.24,352.8,359.12,43862117.0,IBKR_TRADES,RTH,split_adjusted,traded_shares,2026-09-10T01:20:37.874819+00:00,24
2022-02-08,SMH,135.59,139.7,135.27,139.28,6844132.0,IBKR_TRADES,RTH,split_adjusted,traded_shares,2026-09-10T01:20:37.874819+00:00,24
2022-02-09,AAPL,176.11,176.65,174.9,176.28,48830139.0,IBKR_TRADES,RTH,split_adjusted,traded_shares,2026-09-10T01:20:37.874819+00:00,24
2022-02-09,AMD,129.66,132.96,127.65,132.85,76925236.0,IBKR_TRADES,RTH,split_adjusted,traded_shares,2026-09-10T01:20:37.874819+00:00,24
2022-02-09,NVDA,25.62,26.73,25.35,26.71,346683390.0,IBKR_TRADES,RTH,split_adjusted,traded_shares,2026-09-10T01:20:37.874819+00:00,24
2022-02-09,QQQ,363.73,366.8,362.12,366.73,39747024.0,IBKR_TRADES,RTH,split_adjusted,traded_shares,2026-09-10T01:20:37.874819+00:00,24
2022-02-09,SMH,141.4,144.16,139.6,144.13,15612272.000000002,IBKR_TRADES,RTH,split_adjusted,traded_shares,2026-09-10T01:20:37.874819+00:00,24
2022-02-10,AAPL,174.15,175.48,171.55,172.12,63629235.99999999,IBKR_TRADES,RTH,split_adjusted,traded_shares,2026-09-10T01:20:37.874819+00:00,24
2022-02-10,AMD,128.84,131.76,124.61,125.77,86331432.0,IBKR_TRADES,RTH,split_adjusted,traded_shares,2026-09-10T01:20:37.874819+00:00,24
2022-02-10,NVDA,26.0,26.93,25.6,25.82,344084850.0,IBKR_TRADES,RTH,split_adjusted,traded_shares,2026-09-10T01:20:37.874819+00:00,24
2022-02-10,QQQ,359.52,366.49,356.54,358.43,79680860.0,IBKR_TRADES,RTH,split_adjusted,traded_shares,2026-09-10T01:20:37.874819+00:00,24
2022-02-10,SMH,140.93,145.18,139.15,139.81,10411674.0,IBKR_TRADES,RTH,split_adjusted,traded_shares,2026-09-10T01:20:37.874819+00:00,24
2022-02-11,AAPL,172.33,173.08,168.04,168.64,66915186.0,IBKR_TRADES,RTH,split_adjusted,traded_shares,2026-09-10T01:20:37.874819+00:00,24
2022-02-11,AMD,126.1,127.17,111.81,113.18,133946664.0,IBKR_TRADES,RTH,split_adjusted,traded_shares,2026-09-10T01:20:37.874819+00:00,24
2022-02-11,NVDA,25.92,26.15,23.77,23.95,392906620.0,IBKR_TRADES,RTH,split_adjusted,traded_shares,2026-09-10T01:20:37.874819+00:00,24
2022-02-11,QQQ,358.46,360.07,345.8,347.06,76237181.0,IBKR_TRADES,RTH,split_adjusted,traded_shares,2026-09-10T01:20:37.874819+00:00,24
2022-02-11,SMH,140.0,141.01,131.79,132.63,15425377.999999998,IBKR_TRADES,RTH,split_adjusted,traded_shares,2026-09-10T01:20:37.874819+00:00,24
2022-02-14,AAPL,167.37,169.58,166.56,168.88,57278255.0,IBKR_TRADES,RTH,split_adjusted,traded_shares,2026-09-10T01:20:37.874819+00:00,24
2022-02-14,AMD,115.5,118.37,113.46,114.27,100171534.0,IBKR_TRADES,RTH,split_adjusted,traded_shares,2026-09-10T01:20:37.874819+00:00,24
2022-02-14,NVDA,23.94,24.88,23.76,24.27,295474340.0,IBKR_TRADES,RTH,split_adjusted,traded_shares,2026-09-10T01:20:37.874819+00:00,24
2022-02-14,QQQ,346.46,350.98,343.89,347.49,58526787.0,IBKR_TRADES,RTH,split_adjusted,traded_shares,2026-09-10T01:20:37.874819+00:00,24
2022-02-14,SMH,133.07,135.33,130.88,132.54,11103584.0,IBKR_TRADES,RTH,split_adjusted,traded_shares,2026-09-10T01:20:37.874819+00:00,24
2022-02-15,AAPL,170.99,172.95,170.25,172.79,46112499.0,IBKR_TRADES,RTH,split_adjusted,traded_shares,2026-09-10T01:20:37.874819+00:00,24
2022-02-15,AMD,117.1,121.88,114.36,121.47,120947466.0,IBKR_TRADES,RTH,split_adjusted,traded_shares,2026-09-10T01:20:37.874819+00:00,24
2022-02-15,NVDA,24.93,26.54,24.78,26.5,484951130.0,IBKR_TRADES,RTH,split_adjusted,traded_shares,2026-09-10T01:20:37.874819+00:00,24
2022-02-15,QQQ,352.91,356.37,351.82,356.13,43207889.0,IBKR_TRADES,RTH,split_adjusted,traded_shares,2026-09-10T01:20:37.874819+00:00,24
2022-02-15,SMH,135.51,139.91,135.09,139.75,8971954.0,IBKR_TRADES,RTH,split_adjusted,traded_shares,2026-09-10T01:20:37.874819+00:00,24
2022-02-16,AAPL,171.82,173.34,170.05,172.55,43016135.0,IBKR_TRADES,RTH,split_adjusted,traded_shares,2026-09-10T01:20:37.874819+00:00,24
2022-02-16,AMD,119.04,119.54,114.22,117.69,99868603.0,IBKR_TRADES,RTH,split_adjusted,traded_shares,2026-09-10T01:20:37.874819+00:00,24
2022-02-16,NVDA,26.26,26.58,25.55,26.51,455979360.0,IBKR_TRADES,RTH,split_adjusted,traded_shares,2026-09-10T01:20:37.874819+00:00,24
2022-02-16,QQQ,353.92,357.09,350.71,356.04,42520861.0,IBKR_TRADES,RTH,split_adjusted,traded_shares,2026-09-10T01:20:37.874819+00:00,24
2022-02-16,SMH,137.99,140.09,136.62,139.72,6349214.0,IBKR_TRADES,RTH,split_adjusted,traded_shares,2026-09-10T01:20:37.874819+00:00,24
2022-02-17,AAPL,171.07,171.91,168.47,168.88,46848383.0,IBKR_TRADES,RTH,split_adjusted,traded_shares,2026-09-10T01:20:37.874819+00:00,24
2022-02-17,AMD,116.27,116.98,112.26,112.37,83910005.0,IBKR_TRADES,RTH,split_adjusted,traded_shares,2026-09-10T01:20:37.874819+00:00,24
2022-02-17,NVDA,25.63,25.79,24.17,24.51,562243700.0,IBKR_TRADES,RTH,split_adjusted,traded_shares,2026-09-10T01:20:37.874819+00:00,24
2022-02-17,QQQ,352.69,353.46,345.02,345.45,43728703.0,IBKR_TRADES,RTH,split_adjusted,traded_shares,2026-09-10T01:20:37.874819+00:00,24
2022-02-17,SMH,137.98,138.16,134.0,134.12,10664448.0,IBKR_TRADES,RTH,split_adjusted,traded_shares,2026-09-10T01:20:37.874819+00:00,24
2022-02-18,AAPL,169.84,170.55,166.19,167.3,56354059.0,IBKR_TRADES,RTH,split_adjusted,traded_shares,2026-09-10T01:20:37.874819+00:00,24
2022-02-18,AMD,113.9,115.64,109.94,113.83,95635991.0,IBKR_TRADES,RTH,split_adjusted,traded_shares,2026-09-10T01:20:37.874819+00:00,24
2022-02-18,NVDA,24.67,24.99,23.1,23.64,523128779.99999994,IBKR_TRADES,RTH,split_adjusted,traded_shares,2026-09-10T01:20:37.874819+00:00,24
2022-02-18,QQQ,346.41,346.81,339.14,341.51,55872638.0,IBKR_TRADES,RTH,split_adjusted,traded_shares,2026-09-10T01:20:37.874819+00:00,24
2022-02-18,SMH,134.57,134.81,130.85,132.63,11579400.0,IBKR_TRADES,RTH,split_adjusted,traded_shares,2026-09-10T01:20:37.874819+00:00,24
2022-02-22,AAPL,164.99,166.69,162.15,164.32,64015373.0,IBKR_TRADES,RTH,split_adjusted,traded_shares,2026-09-10T01:20:37.874819+00:00,24
2022-02-22,AMD,115.33,119.2,113.61,115.65,116278173.0,IBKR_TRADES,RTH,split_adjusted,traded_shares,2026-09-10T01:20:37.874819+00:00,24
2022-02-22,NVDA,23.03,24.06,23.0,23.39,433858490.0,IBKR_TRADES,RTH,split_adjusted,traded_shares,2026-09-10T01:20:37.874819+00:00,24
2022-02-22,QQQ,338.52,344.04,334.35,338.08,64478894.99999999,IBKR_TRADES,RTH,split_adjusted,traded_shares,2026-09-10T01:20:37.874819+00:00,24
2022-02-22,SMH,131.15,134.85,129.77,131.72,11194708.0,IBKR_TRADES,RTH,split_adjusted,traded_shares,2026-09-10T01:20:37.874819+00:00,24
2022-02-23,AAPL,165.54,166.15,159.75,160.07,61854281.0,IBKR_TRADES,RTH,split_adjusted,traded_shares,2026-09-10T01:20:37.874819+00:00,24
2022-02-23,AMD,117.41,118.65,109.04,109.76,101703726.0,IBKR_TRADES,RTH,split_adjusted,traded_shares,2026-09-10T01:20:37.874819+00:00,24
2022-02-23,NVDA,23.8,24.16,22.3,22.39,376511640.0,IBKR_TRADES,RTH,split_adjusted,traded_shares,2026-09-10T01:20:37.874819+00:00,24
2022-02-23,QQQ,341.32,342.19,329.11,329.42,60946331.0,IBKR_TRADES,RTH,split_adjusted,traded_shares,2026-09-10T01:20:37.874819+00:00,24
2022-02-23,SMH,133.88,134.89,128.6,128.96,10013750.0,IBKR_TRADES,RTH,split_adjusted,traded_shares,2026-09-10T01:20:37.874819+00:00,24
2022-02-24,AAPL,152.62,162.85,152.0,162.74,100193295.0,IBKR_TRADES,RTH,split_adjusted,traded_shares,2026-09-10T01:20:37.874819+00:00,24
2022-02-24,AMD,104.57,116.96,104.26,116.61,116763802.0,IBKR_TRADES,RTH,split_adjusted,traded_shares,2026-09-10T01:20:37.874819+00:00,24
2022-02-24,NVDA,21.0,23.8,20.89,23.75,511645620.00000006,IBKR_TRADES,RTH,split_adjusted,traded_shares,2026-09-10T01:20:37.874819+00:00,24
2022-02-24,QQQ,318.84,341.04,318.26,340.49,92605628.0,IBKR_TRADES,RTH,split_adjusted,traded_shares,2026-09-10T01:20:37.874819+00:00,24
2022-02-24,SMH,123.93,133.4,123.38,133.38,13778238.0,IBKR_TRADES,RTH,split_adjusted,traded_shares,2026-09-10T01:20:37.874819+00:00,24
2022-02-25,AAPL,163.83,165.12,160.87,164.85,70412962.0,IBKR_TRADES,RTH,split_adjusted,traded_shares,2026-09-10T01:20:37.874819+00:00,24
2022-02-25,AMD,117.18,121.23,116.04,121.06,110234284.0,IBKR_TRADES,RTH,split_adjusted,traded_shares,2026-09-10T01:20:37.874819+00:00,24
2022-02-25,NVDA,23.7,24.22,23.38,24.16,377877310.0,IBKR_TRADES,RTH,split_adjusted,traded_shares,2026-09-10T01:20:37.874819+00:00,24
2022-02-25,QQQ,341.31,345.98,337.39,345.77,56656239.0,IBKR_TRADES,RTH,split_adjusted,traded_shares,2026-09-10T01:20:37.874819+00:00,24
2022-02-25,SMH,133.25,135.29,131.41,135.24,11896844.0,IBKR_TRADES,RTH,split_adjusted,traded_shares,2026-09-10T01:20:37.874819+00:00,24
2022-02-28,AAPL,162.97,165.42,162.43,165.12,61883797.0,IBKR_TRADES,RTH,split_adjusted,traded_shares,2026-09-10T01:20:37.874819+00:00,24
2022-02-28,AMD,120.3,124.61,119.2,123.34,105376817.0,IBKR_TRADES,RTH,split_adjusted,traded_shares,2026-09-10T01:20:37.874819+00:00,24
2022-02-28,NVDA,23.99,24.67,23.71,24.39,297926720.0,IBKR_TRADES,RTH,split_adjusted,traded_shares,2026-09-10T01:20:37.874819+00:00,24
2022-02-28,QQQ,342.47,348.54,341.32,346.8,56298020.0,IBKR_TRADES,RTH,split_adjusted,traded_shares,2026-09-10T01:20:37.874819+00:00,24
2022-02-28,SMH,133.23,135.43,131.49,134.08,10989504.0,IBKR_TRADES,RTH,split_adjusted,traded_shares,2026-09-10T01:20:37.874819+00:00,24
2022-03-01,AAPL,164.7,166.6,161.97,163.2,63866605.99999999,IBKR_TRADES,RTH,split_adjusted,traded_shares,2026-09-10T01:20:37.874819+00:00,24
2022-03-01,AMD,122.35,122.43,112.8,113.83,107853643.0,IBKR_TRADES,RTH,split_adjusted,traded_shares,2026-09-10T01:20:37.874819+00:00,24
2022-03-01,NVDA,24.29,24.38,23.13,23.48,283296280.0,IBKR_TRADES,RTH,split_adjusted,traded_shares,2026-09-10T01:20:37.874819+00:00,24
2022-03-01,QQQ,345.75,348.08,338.9,341.49,50766233.0,IBKR_TRADES,RTH,split_adjusted,traded_shares,2026-09-10T01:20:37.874819+00:00,24
2022-03-01,SMH,133.62,134.53,128.56,129.85,10831698.0,IBKR_TRADES,RTH,split_adjusted,traded_shares,2026-09-10T01:20:37.874819+00:00,24
2022-03-02,AAPL,164.48,167.36,162.95,166.56,58653746.0,IBKR_TRADES,RTH,split_adjusted,traded_shares,2026-09-10T01:20:37.874819+00:00,24
2022-03-02,AMD,115.47,119.48,113.31,118.28,99445743.0,IBKR_TRADES,RTH,split_adjusted,traded_shares,2026-09-10T01:20:37.874819+00:00,24
2022-03-02,NVDA,23.76,24.41,23.42,24.22,271719470.0,IBKR_TRADES,RTH,split_adjusted,traded_shares,2026-09-10T01:20:37.874819+00:00,24
2022-03-02,QQQ,343.08,348.59,340.24,347.22,49217112.0,IBKR_TRADES,RTH,split_adjusted,traded_shares,2026-09-10T01:20:37.874819+00:00,24
2022-03-02,SMH,130.82,134.81,130.49,134.1,10760338.0,IBKR_TRADES,RTH,split_adjusted,traded_shares,2026-09-10T01:20:37.874819+00:00,24
2022-03-03,AAPL,168.44,168.91,165.55,166.23,56516320.0,IBKR_TRADES,RTH,split_adjusted,traded_shares,2026-09-10T01:20:37.874819+00:00,24
2022-03-03,AMD,118.08,118.26,111.05,111.98,105986514.0,IBKR_TRADES,RTH,split_adjusted,traded_shares,2026-09-10T01:20:37.874819+00:00,24
2022-03-03,NVDA,24.26,24.33,23.47,23.71,248844419.99999997,IBKR_TRADES,RTH,split_adjusted,traded_shares,2026-09-10T01:20:37.874819+00:00,24
2022-03-03,QQQ,349.94,350.04,340.35,342.26,52885255.0,IBKR_TRADES,RTH,split_adjusted,traded_shares,2026-09-10T01:20:37.874819+00:00,24
2022-03-03,SMH,134.52,134.57,130.4,131.21,10523002.0,IBKR_TRADES,RTH,split_adjusted,traded_shares,2026-09-10T01:20:37.874819+00:00,24
2022-03-04,AAPL,164.49,165.55,162.1,163.17,63262885.0,IBKR_TRADES,RTH,split_adjusted,traded_shares,2026-09-10T01:20:37.874819+00:00,24
2022-03-04,AMD,111.9,113.0,106.81,108.41,85324157.0,IBKR_TRADES,RTH,split_adjusted,traded_shares,2026-09-10T01:20:37.874819+00:00,24
2022-03-04,NVDA,23.38,23.68,22.48,22.94,304020520.0,IBKR_TRADES,RTH,split_adjusted,traded_shares,2026-09-10T01:20:37.874819+00:00,24
2022-03-04,QQQ,339.83,341.31,334.92,337.3,54873104.0,IBKR_TRADES,RTH,split_adjusted,traded_shares,2026-09-10T01:20:37.874819+00:00,24
2022-03-04,SMH,129.78,130.78,126.15,127.67,10254466.0,IBKR_TRADES,RTH,split_adjusted,traded_shares,2026-09-10T01:20:37.874819+00:00,24
2022-03-07,AAPL,163.41,165.02,159.04,159.3,68972253.0,IBKR_TRADES,RTH,split_adjusted,traded_shares,2026-09-10T01:20:37.874819+00:00,24
2022-03-07,AMD,108.55,109.53,102.82,102.95,76325394.0,IBKR_TRADES,RTH,split_adjusted,traded_shares,2026-09-10T01:20:37.874819+00:00,24
2022-03-07,NVDA,22.83,23.03,21.33,21.35,299167910.0,IBKR_TRADES,RTH,split_adjusted,traded_shares,2026-09-10T01:20:37.874819+00:00,24
2022-03-07,QQQ,337.29,338.48,324.65,324.86,64881958.99999999,IBKR_TRADES,RTH,split_adjusted,traded_shares,2026-09-10T01:20:37.874819+00:00,24
2022-03-07,SMH,127.67,128.78,121.26,121.32,10927040.0,IBKR_TRADES,RTH,split_adjusted,traded_shares,2026-09-10T01:20:37.874819+00:00,24
2022-03-08,AAPL,158.82,162.88,155.8,157.44,100501629.0,IBKR_TRADES,RTH,split_adjusted,traded_shares,2026-09-10T01:20:37.874819+00:00,24
2022-03-08,AMD,102.87,109.9,100.08,105.53,115753171.0,IBKR_TRADES,RTH,split_adjusted,traded_shares,2026-09-10T01:20:37.874819+00:00,24
2022-03-08,NVDA,21.3,22.37,20.65,21.51,395505070.0,IBKR_TRADES,RTH,split_adjusted,traded_shares,2026-09-10T01:20:37.874819+00:00,24
2022-03-08,QQQ,324.05,333.21,319.94,323.35,84444167.0,IBKR_TRADES,RTH,split_adjusted,traded_shares,2026-09-10T01:20:37.874819+00:00,24
2022-03-08,SMH,121.49,127.59,119.83,123.15,16922436.0,IBKR_TRADES,RTH,split_adjusted,traded_shares,2026-09-10T01:20:37.874819+00:00,24
2022-03-09,AAPL,161.47,163.41,159.41,162.95,64481755.99999999,IBKR_TRADES,RTH,split_adjusted,traded_shares,2026-09-10T01:20:37.874819+00:00,24
2022-03-09,AMD,108.39,111.71,106.85,111.05,87735122.0,IBKR_TRADES,RTH,split_adjusted,traded_shares,2026-09-10T01:20:37.874819+00:00,24
2022-03-09,NVDA,22.39,23.22,22.25,23.01,341591230.0,IBKR_TRADES,RTH,split_adjusted,traded_shares,2026-09-10T01:20:37.874819+00:00,24
2022-03-09,QQQ,331.76,336.38,329.09,334.99,42862694.0,IBKR_TRADES,RTH,split_adjusted,traded_shares,2026-09-10T01:20:37.874819+00:00,24
2022-03-09,SMH,127.33,129.35,125.83,128.5,8333972.000000001,IBKR_TRADES,RTH,split_adjusted,traded_shares,2026-09-10T01:20:37.874819+00:00,24
2022-03-10,AAPL,160.2,160.39,156.0,158.52,74033721.0,IBKR_TRADES,RTH,split_adjusted,traded_shares,2026-09-10T01:20:37.874819+00:00,24
2022-03-10,AMD,109.02,109.07,103.07,106.46,88061524.0,IBKR_TRADES,RTH,split_adjusted,traded_shares,2026-09-10T01:20:37.874819+00:00,24
2022-03-10,NVDA,22.55,22.79,21.88,22.66,271786980.0,IBKR_TRADES,RTH,split_adjusted,traded_shares,2026-09-10T01:20:37.874819+00:00,24
2022-03-10,QQQ,330.82,332.51,326.71,331.27,47558278.0,IBKR_TRADES,RTH,split_adjusted,traded_shares,2026-09-10T01:20:37.874819+00:00,24
2022-03-10,SMH,126.11,126.3,123.35,125.72,9586134.0,IBKR_TRADES,RTH,split_adjusted,traded_shares,2026-09-10T01:20:37.874819+00:00,24
2022-03-11,AAPL,158.97,159.28,154.5,154.73,72857526.0,IBKR_TRADES,RTH,split_adjusted,traded_shares,2026-09-10T01:20:37.874819+00:00,24
2022-03-11,AMD,108.09,108.19,104.08,104.29,73326787.0,IBKR_TRADES,RTH,split_adjusted,traded_shares,2026-09-10T01:20:37.874819+00:00,24
2022-03-11,NVDA,23.02,23.15,22.05,22.1,234131240.0,IBKR_TRADES,RTH,split_adjusted,traded_shares,2026-09-10T01:20:37.874819+00:00,24
2022-03-11,QQQ,334.32,334.64,323.9,324.4,47656705.0,IBKR_TRADES,RTH,split_adjusted,traded_shares,2026-09-10T01:20:37.874819+00:00,24
2022-03-11,SMH,127.6,127.84,122.78,122.89,9888714.0,IBKR_TRADES,RTH,split_adjusted,traded_shares,2026-09-10T01:20:37.874819+00:00,24
2022-03-14,AAPL,151.53,154.12,150.1,150.62,79342744.0,IBKR_TRADES,RTH,split_adjusted,traded_shares,2026-09-10T01:20:37.874819+00:00,24
2022-03-14,AMD,102.99,105.24,101.04,102.25,74567693.0,IBKR_TRADES,RTH,split_adjusted,traded_shares,2026-09-10T01:20:37.874819+00:00,24
2022-03-14,NVDA,21.79,22.26,21.16,21.33,256383050.0,IBKR_TRADES,RTH,split_adjusted,traded_shares,2026-09-10T01:20:37.874819+00:00,24
2022-03-14,QQQ,323.13,326.59,317.45,318.17,57397954.0,IBKR_TRADES,RTH,split_adjusted,traded_shares,2026-09-10T01:20:37.874819+00:00,24
2022-03-14,SMH,122.78,123.42,118.66,119.35,15924162.000000002,IBKR_TRADES,RTH,split_adjusted,traded_shares,2026-09-10T01:20:37.874819+00:00,24
2022-03-15,AAPL,150.99,155.57,150.38,155.09,67072382.0,IBKR_TRADES,RTH,split_adjusted,traded_shares,2026-09-10T01:20:37.874819+00:00,24
2022-03-15,AMD,102.71,109.69,101.79,109.33,96696242.0,IBKR_TRADES,RTH,split_adjusted,traded_shares,2026-09-10T01:20:37.874819+00:00,24
2022-03-15,NVDA,21.53,23.04,21.32,22.97,331845790.0,IBKR_TRADES,RTH,split_adjusted,traded_shares,2026-09-10T01:20:37.874819+00:00,24
2022-03-15,QQQ,320.88,328.95,319.23,328.15,52897375.0,IBKR_TRADES,RTH,split_adjusted,traded_shares,2026-09-10T01:20:37.874819+00:00,24
2022-03-15,SMH,120.46,124.68,119.57,124.35,13577834.0,IBKR_TRADES,RTH,split_adjusted,traded_shares,2026-09-10T01:20:37.874819+00:00,24
2022-03-16,AAPL,157.07,160.0,154.46,159.59,72481911.0,IBKR_TRADES,RTH,split_adjusted,traded_shares,2026-09-10T01:20:37.874819+00:00,24
2022-03-16,AMD,111.63,115.42,109.89,115.37,96503022.0,IBKR_TRADES,RTH,split_adjusted,traded_shares,2026-09-10T01:20:37.874819+00:00,24
2022-03-16,NVDA,23.52,24.6,23.17,24.5,464003570.0,IBKR_TRADES,RTH,split_adjusted,traded_shares,2026-09-10T01:20:37.874819+00:00,24
2022-03-16,QQQ,332.17,340.44,328.4,340.32,70651026.0,IBKR_TRADES,RTH,split_adjusted,traded_shares,2026-09-10T01:20:37.874819+00:00,24
2022-03-16,SMH,126.59,130.93,125.43,130.93,15528564.0,IBKR_TRADES,RTH,split_adjusted,traded_shares,2026-09-10T01:20:37.874819+00:00,24
2022-03-17,AAPL,158.55,161.0,157.63,160.62,54264041.0,IBKR_TRADES,RTH,split_adjusted,traded_shares,2026-09-10T01:20:37.874819+00:00,24
2022-03-17,AMD,112.1,114.27,109.71,111.69,88141783.0,IBKR_TRADES,RTH,split_adjusted,traded_shares,2026-09-10T01:20:37.874819+00:00,24
2022-03-17,NVDA,24.12,24.84,23.91,24.77,328794640.0,IBKR_TRADES,RTH,split_adjusted,traded_shares,2026-09-10T01:20:37.874819+00:00,24
2022-03-17,QQQ,338.37,344.5,337.04,344.44,44002934.0,IBKR_TRADES,RTH,split_adjusted,traded_shares,2026-09-10T01:20:37.874819+00:00,24
2022-03-17,SMH,129.64,131.75,128.56,131.75,9198272.0,IBKR_TRADES,RTH,split_adjusted,traded_shares,2026-09-10T01:20:37.874819+00:00,24
2022-03-18,AAPL,160.46,164.48,159.76,163.98,77561285.0,IBKR_TRADES,RTH,split_adjusted,traded_shares,2026-09-10T01:20:37.874819+00:00,24
2022-03-18,AMD,111.26,114.93,110.55,113.46,86407144.0,IBKR_TRADES,RTH,split_adjusted,traded_shares,2026-09-10T01:20:37.874819+00:00,24
2022-03-18,NVDA,24.8,26.57,24.62,26.45,471709410.0,IBKR_TRADES,RTH,split_adjusted,traded_shares,2026-09-10T01:20:37.874819+00:00,24
2022-03-18,QQQ,342.74,351.79,341.55,351.49,49262438.0,IBKR_TRADES,RTH,split_adjusted,traded_shares,2026-09-10T01:20:37.874819+00:00,24
2022-03-18,SMH,130.64,135.02,130.14,134.6,11183018.0,IBKR_TRADES,RTH,split_adjusted,traded_shares,2026-09-10T01:20:37.874819+00:00,24
2022-03-21,AAPL,163.51,166.35,163.01,165.38,63109146.0,IBKR_TRADES,RTH,split_adjusted,traded_shares,2026-09-10T01:20:37.874819+00:00,24
2022-03-21,AMD,113.73,117.57,112.54,115.92,86941305.0,IBKR_TRADES,RTH,split_adjusted,traded_shares,2026-09-10T01:20:37.874819+00:00,24
2022-03-21,NVDA,26.51,27.15,25.97,26.73,410660610.0,IBKR_TRADES,RTH,split_adjusted,traded_shares,2026-09-10T01:20:37.874819+00:00,24
2022-03-21,QQQ,350.2,352.48,345.57,350.08,53640297.0,IBKR_TRADES,RTH,split_adjusted,traded_shares,2026-09-10T01:20:37.874819+00:00,24
2022-03-21,SMH,134.21,135.29,131.92,134.28,9186398.0,IBKR_TRADES,RTH,split_adjusted,traded_shares,2026-09-10T01:20:37.874819+00:00,24
2022-03-22,AAPL,165.47,169.42,164.91,168.82,60810238.00000001,IBKR_TRADES,RTH,split_adjusted,traded_shares,2026-09-10T01:20:37.874819+00:00,24
2022-03-22,AMD,115.36,117.95,113.81,114.78,87457368.0,IBKR_TRADES,RTH,split_adjusted,traded_shares,2026-09-10T01:20:37.874819+00:00,24
2022-03-22,NVDA,26.73,27.24,26.07,26.52,389852240.0,IBKR_TRADES,RTH,split_adjusted,traded_shares,2026-09-10T01:20:37.874819+00:00,24
2022-03-22,QQQ,350.57,357.85,350.2,356.96,43936117.0,IBKR_TRADES,RTH,split_adjusted,traded_shares,2026-09-10T01:20:37.874819+00:00,24
2022-03-22,SMH,134.29,136.7,133.97,135.21,7937261.999999999,IBKR_TRADES,RTH,split_adjusted,traded_shares,2026-09-10T01:20:37.874819+00:00,24
2022-03-23,AAPL,167.96,172.64,167.65,170.21,76245630.0,IBKR_TRADES,RTH,split_adjusted,traded_shares,2026-09-10T01:20:37.874819+00:00,24
2022-03-23,AMD,114.29,117.55,112.21,113.92,78483944.0,IBKR_TRADES,RTH,split_adjusted,traded_shares,2026-09-10T01:20:37.874819+00:00,24
2022-03-23,NVDA,26.13,26.61,25.58,25.63,357518040.0,IBKR_TRADES,RTH,split_adjusted,traded_shares,2026-09-10T01:20:37.874819+00:00,24
2022-03-23,QQQ,353.99,357.66,351.77,351.83,47149590.0,IBKR_TRADES,RTH,split_adjusted,traded_shares,2026-09-10T01:20:37.874819+00:00,24
2022-03-23,SMH,133.9,135.58,131.75,131.83,10073250.0,IBKR_TRADES,RTH,split_adjusted,traded_shares,2026-09-10T01:20:37.874819+00:00,24
2022-03-24,AAPL,171.2,174.14,170.21,174.07,68645413.0,IBKR_TRADES,RTH,split_adjusted,traded_shares,2026-09-10T01:20:37.874819+00:00,24
2022-03-24,AMD,114.93,120.55,113.71,120.53,105907260.0,IBKR_TRADES,RTH,split_adjusted,traded_shares,2026-09-10T01:20:37.874819+00:00,24
2022-03-24,NVDA,26.15,28.32,25.91,28.15,629012070.0,IBKR_TRADES,RTH,split_adjusted,traded_shares,2026-09-10T01:20:37.874819+00:00,24
2022-03-24,QQQ,353.75,359.7,351.59,359.65,40288760.0,IBKR_TRADES,RTH,split_adjusted,traded_shares,2026-09-10T01:20:37.874819+00:00,24
2022-03-24,SMH,133.41,138.26,132.6,138.24,10946662.0,IBKR_TRADES,RTH,split_adjusted,traded_shares,2026-09-10T01:20:37.874819+00:00,24
2022-03-25,AAPL,173.79,175.28,172.75,174.72,62894013.0,IBKR_TRADES,RTH,split_adjusted,traded_shares,2026-09-10T01:20:37.874819+00:00,24
2022-03-25,AMD,119.89,121.4,117.25,119.67,83800193.0,IBKR_TRADES,RTH,split_adjusted,traded_shares,2026-09-10T01:20:37.874819+00:00,24
2022-03-25,NVDA,27.89,28.36,27.27,27.69,420435800.0,IBKR_TRADES,RTH,split_adjusted,traded_shares,2026-09-10T01:20:37.874819+00:00,24
2022-03-25,QQQ,359.58,360.67,354.94,359.35,43261814.0,IBKR_TRADES,RTH,split_adjusted,traded_shares,2026-09-10T01:20:37.874819+00:00,24
2022-03-25,SMH,138.05,138.25,135.45,137.67,6997816.0,IBKR_TRADES,RTH,split_adjusted,traded_shares,2026-09-10T01:20:37.874819+00:00,24
2022-03-28,AAPL,172.09,175.73,172.0,175.6,69899201.0,IBKR_TRADES,RTH,split_adjusted,traded_shares,2026-09-10T01:20:37.874819+00:00,24
2022-03-28,AMD,117.69,120.41,116.71,120.24,80800553.0,IBKR_TRADES,RTH,split_adjusted,traded_shares,2026-09-10T01:20:37.874819+00:00,24
2022-03-28,NVDA,27.76,28.25,27.21,28.22,288462500.0,IBKR_TRADES,RTH,split_adjusted,traded_shares,2026-09-10T01:20:37.874819+00:00,24
2022-03-28,QQQ,359.34,365.01,358.07,364.91,44330238.0,IBKR_TRADES,RTH,split_adjusted,traded_shares,2026-09-10T01:20:37.874819+00:00,24
2022-03-28,SMH,136.66,138.73,135.04,138.67,8550304.0,IBKR_TRADES,RTH,split_adjusted,traded_shares,2026-09-10T01:20:37.874819+00:00,24
2022-03-29,AAPL,176.75,179.01,176.34,178.96,70096530.0,IBKR_TRADES,RTH,split_adjusted,traded_shares,2026-09-10T01:20:37.874819+00:00,24
2022-03-29,AMD,122.28,123.71,119.59,123.23,81191137.0,IBKR_TRADES,RTH,split_adjusted,traded_shares,2026-09-10T01:20:37.874819+00:00,24
2022-03-29,NVDA,28.7,28.95,27.98,28.66,328970260.0,IBKR_TRADES,RTH,split_adjusted,traded_shares,2026-09-10T01:20:37.874819+00:00,24
2022-03-29,QQQ,368.86,371.83,366.06,371.19,48892242.0,IBKR_TRADES,RTH,split_adjusted,traded_shares,2026-09-10T01:20:37.874819+00:00,24
2022-03-29,SMH,141.22,142.21,139.16,141.8,9223948.0,IBKR_TRADES,RTH,split_adjusted,traded_shares,2026-09-10T01:20:37.874819+00:00,24
2022-03-30,AAPL,178.56,179.61,176.7,177.77,66750463.0,IBKR_TRADES,RTH,split_adjusted,traded_shares,2026-09-10T01:20:37.874819+00:00,24
2022-03-30,AMD,123.08,125.67,118.59,119.22,86964018.0,IBKR_TRADES,RTH,split_adjusted,traded_shares,2026-09-10T01:20:37.874819+00:00,24
2022-03-30,NVDA,28.3,28.5,27.5,27.69,313382380.0,IBKR_TRADES,RTH,split_adjusted,traded_shares,2026-09-10T01:20:37.874819+00:00,24
2022-03-30,QQQ,369.28,370.98,365.57,367.09,46468054.0,IBKR_TRADES,RTH,split_adjusted,traded_shares,2026-09-10T01:20:37.874819+00:00,24
2022-03-30,SMH,140.98,141.33,136.91,137.69,9544690.0,IBKR_TRADES,RTH,split_adjusted,traded_shares,2026-09-10T01:20:37.874819+00:00,24
2022-03-31,AAPL,177.87,178.03,174.4,174.61,66091708.99999999,IBKR_TRADES,RTH,split_adjusted,traded_shares,2026-09-10T01:20:37.874819+00:00,24
2022-03-31,AMD,116.17,116.38,109.02,109.34,124392477.0,IBKR_TRADES,RTH,split_adjusted,traded_shares,2026-09-10T01:20:37.874819+00:00,24
2022-03-31,NVDA,27.77,28.25,27.27,27.29,341599720.0,IBKR_TRADES,RTH,split_adjusted,traded_shares,2026-09-10T01:20:37.874819+00:00,24
2022-03-31,QQQ,367.24,367.6,361.68,362.54,47314867.0,IBKR_TRADES,RTH,split_adjusted,traded_shares,2026-09-10T01:20:37.874819+00:00,24
2022-03-31,SMH,137.38,138.38,134.67,134.9,8934798.0,IBKR_TRADES,RTH,split_adjusted,traded_shares,2026-09-10T01:20:37.874819+00:00,24
2022-04-01,AAPL,173.99,174.88,171.95,174.31,57754704.0,IBKR_TRADES,RTH,split_adjusted,traded_shares,2026-09-10T01:20:37.874819+00:00,24
2022-04-01,AMD,110.5,111.42,106.1,108.19,97730757.0,IBKR_TRADES,RTH,split_adjusted,traded_shares,2026-09-10T01:20:37.874819+00:00,24
2022-04-01,NVDA,27.36,27.5,26.27,26.71,359824710.0,IBKR_TRADES,RTH,split_adjusted,traded_shares,2026-09-10T01:20:37.874819+00:00,24
2022-04-01,QQQ,362.81,363.61,358.59,361.85,39422867.0,IBKR_TRADES,RTH,split_adjusted,traded_shares,2026-09-10T01:20:37.874819+00:00,24
2022-04-01,SMH,135.4,135.89,130.79,132.71,10593724.0,IBKR_TRADES,RTH,split_adjusted,traded_shares,2026-09-10T01:20:37.874819+00:00,24
2022-04-04,AAPL,174.57,178.49,174.44,178.44,59877249.0,IBKR_TRADES,RTH,split_adjusted,traded_shares,2026-09-10T01:20:37.874819+00:00,24
2022-04-04,AMD,109.99,110.94,107.03,110.53,75173320.0,IBKR_TRADES,RTH,split_adjusted,traded_shares,2026-09-10T01:20:37.874819+00:00,24
2022-04-04,NVDA,26.73,27.56,26.61,27.36,263101889.99999997,IBKR_TRADES,RTH,split_adjusted,traded_shares,2026-09-10T01:20:37.874819+00:00,24
2022-04-04,QQQ,362.71,369.31,362.44,369.3,31369918.0,IBKR_TRADES,RTH,split_adjusted,traded_shares,2026-09-10T01:20:37.874819+00:00,24
2022-04-04,SMH,133.04,135.09,132.62,134.9,8513876.0,IBKR_TRADES,RTH,split_adjusted,traded_shares,2026-09-10T01:20:37.874819+00:00,24
2022-04-05,AAPL,177.55,178.3,174.41,175.06,55112678.0,IBKR_TRADES,RTH,split_adjusted,traded_shares,2026-09-10T01:20:37.874819+00:00,24
2022-04-05,AMD,109.69,110.48,106.05,106.82,67024763.0,IBKR_TRADES,RTH,split_adjusted,traded_shares,2026-09-10T01:20:37.874819+00:00,24
2022-04-05,NVDA,27.27,27.32,25.82,25.93,291368470.0,IBKR_TRADES,RTH,split_adjusted,traded_shares,2026-09-10T01:20:37.874819+00:00,24
2022-04-05,QQQ,367.81,368.54,360.0,361.1,47741806.0,IBKR_TRADES,RTH,split_adjusted,traded_shares,2026-09-10T01:20:37.874819+00:00,24
2022-04-05,SMH,133.97,134.04,128.71,129.08,16505546.0,IBKR_TRADES,RTH,split_adjusted,traded_shares,2026-09-10T01:20:37.874819+00:00,24
2022-04-06,AAPL,172.35,173.63,170.13,171.83,66687005.0,IBKR_TRADES,RTH,split_adjusted,traded_shares,2026-09-10T01:20:37.874819+00:00,24
2022-04-06,AMD,104.41,105.75,101.71,103.67,90136213.0,IBKR_TRADES,RTH,split_adjusted,traded_shares,2026-09-10T01:20:37.874819+00:00,24
2022-04-06,NVDA,24.93,25.3,24.0,24.41,482316660.0,IBKR_TRADES,RTH,split_adjusted,traded_shares,2026-09-10T01:20:37.874819+00:00,24
2022-04-06,QQQ,355.65,356.78,350.56,353.26,65687649.0,IBKR_TRADES,RTH,split_adjusted,traded_shares,2026-09-10T01:20:37.874819+00:00,24
2022-04-06,SMH,126.38,128.45,124.98,126.41,15655094.000000002,IBKR_TRADES,RTH,split_adjusted,traded_shares,2026-09-10T01:20:37.874819+00:00,24
2022-04-07,AAPL,171.17,173.36,169.85,172.14,56294405.0,IBKR_TRADES,RTH,split_adjusted,traded_shares,2026-09-10T01:20:37.874819+00:00,24
2022-04-07,AMD,103.92,105.24,100.91,103.72,79922835.0,IBKR_TRADES,RTH,split_adjusted,traded_shares,2026-09-10T01:20:37.874819+00:00,24
2022-04-07,NVDA,24.43,24.72,23.48,24.21,394335040.0,IBKR_TRADES,RTH,split_adjusted,traded_shares,2026-09-10T01:20:37.874819+00:00,24
2022-04-07,QQQ,352.24,356.35,348.69,354.1,49381432.0,IBKR_TRADES,RTH,split_adjusted,traded_shares,2026-09-10T01:20:37.874819+00:00,24
2022-04-07,SMH,125.86,127.61,124.06,126.43,10131504.0,IBKR_TRADES,RTH,split_adjusted,traded_shares,2026-09-10T01:20:37.874819+00:00,24
2022-04-08,AAPL,171.78,171.78,169.2,170.09,58436773.0,IBKR_TRADES,RTH,split_adjusted,traded_shares,2026-09-10T01:20:37.874819+00:00,24
2022-04-08,AMD,102.45,102.99,100.42,101.0,81367533.0,IBKR_TRADES,RTH,split_adjusted,traded_shares,2026-09-10T01:20:37.874819+00:00,24
2022-04-08,NVDA,23.92,23.92,23.06,23.12,380653490.0,IBKR_TRADES,RTH,split_adjusted,traded_shares,2026-09-10T01:20:37.874819+00:00,24
2022-04-08,QQQ,352.32,353.09,348.5,349.15,45456202.0,IBKR_TRADES,RTH,split_adjusted,traded_shares,2026-09-10T01:20:37.874819+00:00,24
2022-04-08,SMH,125.72,125.72,123.21,123.42,8915018.0,IBKR_TRADES,RTH,split_adjusted,traded_shares,2026-09-10T01:20:37.874819+00:00,24
2022-04-11,AAPL,168.73,169.03,165.5,165.75,54402821.0,IBKR_TRADES,RTH,split_adjusted,traded_shares,2026-09-10T01:20:37.874819+00:00,24
2022-04-11,AMD,98.55,98.67,95.94,97.37,79520088.0,IBKR_TRADES,RTH,split_adjusted,traded_shares,2026-09-10T01:20:37.874819+00:00,24
2022-04-11,NVDA,22.21,22.32,21.66,21.92,377344570.0,IBKR_TRADES,RTH,split_adjusted,traded_shares,2026-09-10T01:20:37.874819+00:00,24
2022-04-11,QQQ,344.81,345.75,340.53,340.89,43741901.0,IBKR_TRADES,RTH,split_adjusted,traded_shares,2026-09-10T01:20:37.874819+00:00,24
2022-04-11,SMH,121.63,122.35,120.47,120.65,11522466.0,IBKR_TRADES,RTH,split_adjusted,traded_shares,2026-09-10T01:20:37.874819+00:00,24
2022-04-12,AAPL,168.01,169.87,166.64,167.66,61050217.99999999,IBKR_TRADES,RTH,split_adjusted,traded_shares,2026-09-10T01:20:37.874819+00:00,24
2022-04-12,AMD,98.78,99.59,94.6,95.1,74992408.0,IBKR_TRADES,RTH,split_adjusted,traded_shares,2026-09-10T01:20:37.874819+00:00,24
2022-04-12,NVDA,22.52,22.73,21.28,21.5,440096160.0,IBKR_TRADES,RTH,split_adjusted,traded_shares,2026-09-10T01:20:37.874819+00:00,24
2022-04-12,QQQ,345.76,347.69,338.03,339.45,54008870.0,IBKR_TRADES,RTH,split_adjusted,traded_shares,2026-09-10T01:20:37.874819+00:00,24
2022-04-12,SMH,123.01,124.06,119.61,120.0,13638500.0,IBKR_TRADES,RTH,split_adjusted,traded_shares,2026-09-10T01:20:37.874819+00:00,24
2022-04-13,AAPL,167.39,171.04,166.77,170.4,52907220.0,IBKR_TRADES,RTH,split_adjusted,traded_shares,2026-09-10T01:20:37.874819+00:00,24
2022-04-13,AMD,95.3,98.33,94.71,97.74,67258757.0,IBKR_TRADES,RTH,split_adjusted,traded_shares,2026-09-10T01:20:37.874819+00:00,24
2022-04-13,NVDA,21.73,22.5,21.46,22.2,359599270.0,IBKR_TRADES,RTH,split_adjusted,traded_shares,2026-09-10T01:20:37.874819+00:00,24
2022-04-13,QQQ,339.81,347.43,339.06,346.35,42800996.0,IBKR_TRADES,RTH,split_adjusted,traded_shares,2026-09-10T01:20:37.874819+00:00,24
2022-04-13,SMH,121.15,123.86,120.39,122.85,11692656.0,IBKR_TRADES,RTH,split_adjusted,traded_shares,2026-09-10T01:20:37.874819+00:00,24
2022-04-14,AAPL,170.73,171.27,165.04,165.29,55208723.0,IBKR_TRADES,RTH,split_adjusted,traded_shares,2026-09-10T01:20:37.874819+00:00,24
2022-04-14,AMD,98.37,98.39,92.92,93.06,61307502.0,IBKR_TRADES,RTH,split_adjusted,traded_shares,2026-09-10T01:20:37.874819+00:00,24
2022-04-14,NVDA,22.51,22.78,21.16,21.26,384006740.0,IBKR_TRADES,RTH,split_adjusted,traded_shares,2026-09-10T01:20:37.874819+00:00,24
2022-04-14,QQQ,346.44,346.97,338.21,338.43,47240681.0,IBKR_TRADES,RTH,split_adjusted,traded_shares,2026-09-10T01:20:37.874819+00:00,24
2022-04-14,SMH,123.5,123.61,119.08,119.11,10715960.0,IBKR_TRADES,RTH,split_adjusted,traded_shares,2026-09-10T01:20:37.874819+00:00,24
2022-04-18,AAPL,163.91,166.6,163.57,165.07,49898998.0,IBKR_TRADES,RTH,split_adjusted,traded_shares,2026-09-10T01:20:37.874819+00:00,24
2022-04-18,AMD,92.06,95.16,91.64,93.89,69522285.0,IBKR_TRADES,RTH,split_adjusted,traded_shares,2026-09-10T01:20:37.874819+00:00,24
2022-04-18,NVDA,21.2,22.09,21.08,21.78,386272390.0,IBKR_TRADES,RTH,split_adjusted,traded_shares,2026-09-10T01:20:37.874819+00:00,24
2022-04-18,QQQ,337.35,341.04,335.79,338.69,42696895.0,IBKR_TRADES,RTH,split_adjusted,traded_shares,2026-09-10T01:20:37.874819+00:00,24
2022-04-18,SMH,118.61,122.17,118.55,121.15,9081082.0,IBKR_TRADES,RTH,split_adjusted,traded_shares,2026-09-10T01:20:37.874819+00:00,24
2022-04-19,AAPL,165.0,167.82,163.91,167.4,49351346.0,IBKR_TRADES,RTH,split_adjusted,traded_shares,2026-09-10T01:20:37.874819+00:00,24
2022-04-19,AMD,93.41,97.07,92.84,96.93,66941692.99999999,IBKR_TRADES,RTH,split_adjusted,traded_shares,2026-09-10T01:20:37.874819+00:00,24
2022-04-19,NVDA,21.72,22.37,21.31,22.2,366258320.0,IBKR_TRADES,RTH,split_adjusted,traded_shares,2026-09-10T01:20:37.874819+00:00,24
2022-04-19,QQQ,338.03,346.85,336.98,346.26,40644717.0,IBKR_TRADES,RTH,split_adjusted,traded_shares,2026-09-10T01:20:37.874819+00:00,24
2022-04-19,SMH,120.47,123.89,119.96,123.73,9367012.0,IBKR_TRADES,RTH,split_adjusted,traded_shares,2026-09-10T01:20:37.874819+00:00,24
2022-04-20,AAPL,168.76,168.88,166.1,167.23,51715219.0,IBKR_TRADES,RTH,split_adjusted,traded_shares,2026-09-10T01:20:37.874819+00:00,24
2022-04-20,AMD,97.84,97.91,93.2,94.02,53706217.0,IBKR_TRADES,RTH,split_adjusted,traded_shares,2026-09-10T01:20:37.874819+00:00,24
2022-04-20,NVDA,22.51,22.67,21.2,21.48,331882660.0,IBKR_TRADES,RTH,split_adjusted,traded_shares,2026-09-10T01:20:37.874819+00:00,24
2022-04-20,QQQ,347.09,347.56,339.97,341.21,50110346.0,IBKR_TRADES,RTH,split_adjusted,traded_shares,2026-09-10T01:20:37.874819+00:00,24
2022-04-20,SMH,125.79,126.64,123.08,123.51,8717932.0,IBKR_TRADES,RTH,split_adjusted,traded_shares,2026-09-10T01:20:37.874819+00:00,24
2022-04-21,AAPL,168.87,171.53,165.91,166.42,67850250.0,IBKR_TRADES,RTH,split_adjusted,traded_shares,2026-09-10T01:20:37.874819+00:00,24
2022-04-21,AMD,95.16,96.23,89.24,89.85,64553482.0,IBKR_TRADES,RTH,split_adjusted,traded_shares,2026-09-10T01:20:37.874819+00:00,24
2022-04-21,NVDA,21.7,22.39,20.0,20.18,457339110.0,IBKR_TRADES,RTH,split_adjusted,traded_shares,2026-09-10T01:20:37.874819+00:00,24
2022-04-21,QQQ,345.17,347.87,333.2,334.15,61575926.00000001,IBKR_TRADES,RTH,split_adjusted,traded_shares,2026-09-10T01:20:37.874819+00:00,24
2022-04-21,SMH,125.02,126.38,119.59,120.12,11831706.0,IBKR_TRADES,RTH,split_adjusted,traded_shares,2026-09-10T01:20:37.874819+00:00,24
2022-04-22,AAPL,166.49,167.87,161.5,161.79,59419014.0,IBKR_TRADES,RTH,split_adjusted,traded_shares,2026-09-10T01:20:37.874819+00:00,24
2022-04-22,AMD,90.02,91.46,87.93,88.14,60944441.0,IBKR_TRADES,RTH,split_adjusted,traded_shares,2026-09-10T01:20:37.874819+00:00,24
2022-04-22,NVDA,20.32,20.49,19.5,19.52,417213490.0,IBKR_TRADES,RTH,split_adjusted,traded_shares,2026-09-10T01:20:37.874819+00:00,24
2022-04-22,QQQ,334.33,335.56,324.98,325.4,63543544.99999999,IBKR_TRADES,RTH,split_adjusted,traded_shares,2026-09-10T01:20:37.874819+00:00,24
2022-04-22,SMH,119.98,120.72,117.27,117.36,9307896.0,IBKR_TRADES,RTH,split_adjusted,traded_shares,2026-09-10T01:20:37.874819+00:00,24
2022-04-25,AAPL,161.18,163.17,158.46,162.88,72237670.0,IBKR_TRADES,RTH,split_adjusted,traded_shares,2026-09-10T01:20:37.874819+00:00,24
2022-04-25,AMD,89.89,91.37,88.61,90.69,79858180.0,IBKR_TRADES,RTH,split_adjusted,traded_shares,2026-09-10T01:20:37.874819+00:00,24
2022-04-25,NVDA,19.2,19.95,19.1,19.9,482341150.0,IBKR_TRADES,RTH,split_adjusted,traded_shares,2026-09-10T01:20:37.874819+00:00,24
2022-04-25,QQQ,323.73,329.9,322.43,329.58,74429122.0,IBKR_TRADES,RTH,split_adjusted,traded_shares,2026-09-10T01:20:37.874819+00:00,24
2022-04-25,SMH,116.58,119.4,116.2,119.39,14056160.0,IBKR_TRADES,RTH,split_adjusted,traded_shares,2026-09-10T01:20:37.874819+00:00,24
2022-04-26,AAPL,162.18,162.34,156.72,156.8,69401232.0,IBKR_TRADES,RTH,split_adjusted,traded_shares,2026-09-10T01:20:37.874819+00:00,24
2022-04-26,AMD,89.83,90.12,85.08,85.16,74423242.0,IBKR_TRADES,RTH,split_adjusted,traded_shares,2026-09-10T01:20:37.874819+00:00,24
2022-04-26,NVDA,19.72,19.79,18.67,18.79,467776350.0,IBKR_TRADES,RTH,split_adjusted,traded_shares,2026-09-10T01:20:37.874819+00:00,24
2022-04-26,QQQ,327.47,327.66,316.85,317.14,75534398.0,IBKR_TRADES,RTH,split_adjusted,traded_shares,2026-09-10T01:20:37.874819+00:00,24
2022-04-26,SMH,118.16,118.3,114.31,114.31,11708036.0,IBKR_TRADES,RTH,split_adjusted,traded_shares,2026-09-10T01:20:37.874819+00:00,24
2022-04-27,AAPL,155.94,159.79,155.38,156.57,64353114.00000001,IBKR_TRADES,RTH,split_adjusted,traded_shares,2026-09-10T01:20:37.874819+00:00,24
2022-04-27,AMD,84.28,87.9,83.99,84.91,71253237.0,IBKR_TRADES,RTH,split_adjusted,traded_shares,2026-09-10T01:20:37.874819+00:00,24
2022-04-27,NVDA,18.6,19.17,18.29,18.42,362776770.0,IBKR_TRADES,RTH,split_adjusted,traded_shares,2026-09-10T01:20:37.874819+00:00,24
2022-04-27,QQQ,317.24,322.88,315.0,316.76,83524386.0,IBKR_TRADES,RTH,split_adjusted,traded_shares,2026-09-10T01:20:37.874819+00:00,24
2022-04-27,SMH,112.98,116.49,112.9,113.76,9804750.0,IBKR_TRADES,RTH,split_adjusted,traded_shares,2026-09-10T01:20:37.874819+00:00,24
2022-04-28,AAPL,159.16,164.52,158.93,163.64,83789592.0,IBKR_TRADES,RTH,split_adjusted,traded_shares,2026-09-10T01:20:37.874819+00:00,24
2022-04-28,AMD,86.59,90.58,84.78,89.64,77818515.0,IBKR_TRADES,RTH,split_adjusted,traded_shares,2026-09-10T01:20:37.874819+00:00,24
2022-04-28,NVDA,18.96,20.04,18.49,19.78,416141770.0,IBKR_TRADES,RTH,split_adjusted,traded_shares,2026-09-10T01:20:37.874819+00:00,24
2022-04-28,QQQ,321.85,329.89,317.52,328.01,67011781.99999999,IBKR_TRADES,RTH,split_adjusted,traded_shares,2026-09-10T01:20:37.874819+00:00,24
2022-04-28,SMH,116.21,121.33,114.83,120.25,13312928.0,IBKR_TRADES,RTH,split_adjusted,traded_shares,2026-09-10T01:20:37.874819+00:00,24
2022-04-29,AAPL,161.86,166.2,157.25,157.65,92293023.0,IBKR_TRADES,RTH,split_adjusted,traded_shares,2026-09-10T01:20:37.874819+00:00,24
2022-04-29,AMD,88.09,91.79,85.38,85.52,70175406.0,IBKR_TRADES,RTH,split_adjusted,traded_shares,2026-09-10T01:20:37.874819+00:00,24
2022-04-29,NVDA,19.4,20.13,18.52,18.55,339940980.0,IBKR_TRADES,RTH,split_adjusted,traded_shares,2026-09-10T01:20:37.874819+00:00,24
2022-04-29,QQQ,323.7,327.23,312.6,313.25,69205485.0,IBKR_TRADES,RTH,split_adjusted,traded_shares,2026-09-10T01:20:37.874819+00:00,24
2022-04-29,SMH,117.97,120.6,114.72,114.92,9930806.0,IBKR_TRADES,RTH,split_adjusted,traded_shares,2026-09-10T01:20:37.874819+00:00,24
2022-05-02,AAPL,156.79,158.23,153.27,157.96,95751321.0,IBKR_TRADES,RTH,split_adjusted,traded_shares,2026-09-10T01:20:37.874819+00:00,24
2022-05-02,AMD,85.66,90.37,85.32,89.84,83955323.0,IBKR_TRADES,RTH,split_adjusted,traded_shares,2026-09-10T01:20:37.874819+00:00,24
2022-05-02,NVDA,18.54,19.57,18.39,19.53,429004620.0,IBKR_TRADES,RTH,split_adjusted,traded_shares,2026-09-10T01:20:37.874819+00:00,24
2022-05-02,QQQ,312.82,318.72,309.64,318.48,79352955.0,IBKR_TRADES,RTH,split_adjusted,traded_shares,2026-09-10T01:20:37.874819+00:00,24
2022-05-02,SMH,114.95,118.36,113.86,118.27,10893438.0,IBKR_TRADES,RTH,split_adjusted,traded_shares,2026-09-10T01:20:37.874819+00:00,24
2022-05-03,AAPL,158.14,160.71,156.32,159.48,68937269.0,IBKR_TRADES,RTH,split_adjusted,traded_shares,2026-09-10T01:20:37.874819+00:00,24
2022-05-03,AMD,89.85,92.21,89.01,91.13,101115781.0,IBKR_TRADES,RTH,split_adjusted,traded_shares,2026-09-10T01:20:37.874819+00:00,24
2022-05-03,NVDA,19.4,19.83,19.13,19.6,362128790.0,IBKR_TRADES,RTH,split_adjusted,traded_shares,2026-09-10T01:20:37.874819+00:00,24
2022-05-03,QQQ,318.5,321.17,315.98,318.82,57784181.0,IBKR_TRADES,RTH,split_adjusted,traded_shares,2026-09-10T01:20:37.874819+00:00,24
2022-05-03,SMH,117.9,120.01,117.06,119.24,7201104.0,IBKR_TRADES,RTH,split_adjusted,traded_shares,2026-09-10T01:20:37.874819+00:00,24
2022-05-04,AAPL,159.67,166.48,159.26,166.02,86160287.0,IBKR_TRADES,RTH,split_adjusted,traded_shares,2026-09-10T01:20:37.874819+00:00,24
2022-05-04,AMD,98.18,99.69,91.7,99.42,198442931.0,IBKR_TRADES,RTH,split_adjusted,traded_shares,2026-09-10T01:20:37.874819+00:00,24
2022-05-04,NVDA,19.93,20.4,18.75,20.33,478467190.0,IBKR_TRADES,RTH,split_adjusted,traded_shares,2026-09-10T01:20:37.874819+00:00,24
2022-05-04,QQQ,319.31,330.29,313.89,329.6,91093063.0,IBKR_TRADES,RTH,split_adjusted,traded_shares,2026-09-10T01:20:37.874819+00:00,24
2022-05-04,SMH,119.96,123.6,116.23,123.33,15230570.0,IBKR_TRADES,RTH,split_adjusted,traded_shares,2026-09-10T01:20:37.874819+00:00,24
2022-05-05,AAPL,163.81,164.08,154.95,156.77,99948693.0,IBKR_TRADES,RTH,split_adjusted,traded_shares,2026-09-10T01:20:37.874819+00:00,24
2022-05-05,AMD,97.62,97.84,92.17,93.87,133021514.0,IBKR_TRADES,RTH,split_adjusted,traded_shares,2026-09-10T01:20:37.874819+00:00,24
2022-05-05,NVDA,19.87,19.93,18.5,18.84,451921450.0,IBKR_TRADES,RTH,split_adjusted,traded_shares,2026-09-10T01:20:37.874819+00:00,24
2022-05-05,QQQ,325.17,325.25,309.62,313.0,113772299.0,IBKR_TRADES,RTH,split_adjusted,traded_shares,2026-09-10T01:20:37.874819+00:00,24
2022-05-05,SMH,121.27,121.39,115.88,117.54,10235886.0,IBKR_TRADES,RTH,split_adjusted,traded_shares,2026-09-10T01:20:37.874819+00:00,24
2022-05-06,AAPL,156.02,159.44,154.18,157.28,89041854.0,IBKR_TRADES,RTH,split_adjusted,traded_shares,2026-09-10T01:20:37.874819+00:00,24
2022-05-06,AMD,94.39,98.18,92.65,95.34,125813929.00000001,IBKR_TRADES,RTH,split_adjusted,traded_shares,2026-09-10T01:20:37.874819+00:00,24
2022-05-06,NVDA,18.72,19.51,17.99,18.68,476224740.0,IBKR_TRADES,RTH,split_adjusted,traded_shares,2026-09-10T01:20:37.874819+00:00,24
2022-05-06,QQQ,310.95,315.09,305.1,309.25,106536079.0,IBKR_TRADES,RTH,split_adjusted,traded_shares,2026-09-10T01:20:37.874819+00:00,24
2022-05-06,SMH,116.55,118.92,114.21,116.33,13850000.0,IBKR_TRADES,RTH,split_adjusted,traded_shares,2026-09-10T01:20:37.874819+00:00,24
2022-05-09,AAPL,154.91,155.83,151.49,152.06,94567578.0,IBKR_TRADES,RTH,split_adjusted,traded_shares,2026-09-10T01:20:37.874819+00:00,24
2022-05-09,AMD,92.86,93.74,85.38,86.36,128492065.00000001,IBKR_TRADES,RTH,split_adjusted,traded_shares,2026-09-10T01:20:37.874819+00:00,24
2022-05-09,NVDA,18.03,18.26,16.83,16.95,463855730.0,IBKR_TRADES,RTH,split_adjusted,traded_shares,2026-09-10T01:20:37.874819+00:00,24
2022-05-09,QQQ,303.46,306.0,295.72,297.15,80875517.0,IBKR_TRADES,RTH,split_adjusted,traded_shares,2026-09-10T01:20:37.874819+00:00,24
2022-05-09,SMH,113.82,115.09,109.95,110.45,12024202.0,IBKR_TRADES,RTH,split_adjusted,traded_shares,2026-09-10T01:20:37.874819+00:00,24
2022-05-10,AAPL,155.5,156.74,152.97,154.51,83192975.0,IBKR_TRADES,RTH,split_adjusted,traded_shares,2026-09-10T01:20:37.874819+00:00,24
2022-05-10,AMD,89.18,90.78,85.41,88.73,122348773.0,IBKR_TRADES,RTH,split_adjusted,traded_shares,2026-09-10T01:20:37.874819+00:00,24
2022-05-10,NVDA,17.69,18.2,17.03,17.6,567726550.0,IBKR_TRADES,RTH,split_adjusted,traded_shares,2026-09-10T01:20:37.874819+00:00,24
2022-05-10,QQQ,304.5,305.76,296.57,300.76,90883591.0,IBKR_TRADES,RTH,split_adjusted,traded_shares,2026-09-10T01:20:37.874819+00:00,24
2022-05-10,SMH,113.81,115.13,110.74,113.3,12581964.0,IBKR_TRADES,RTH,split_adjusted,traded_shares,2026-09-10T01:20:37.874819+00:00,24
2022-05-11,AAPL,153.5,155.45,145.81,146.5,103993686.0,IBKR_TRADES,RTH,split_adjusted,traded_shares,2026-09-10T01:20:37.874819+00:00,24
2022-05-11,AMD,87.83,93.46,86.53,87.92,117895349.0,IBKR_TRADES,RTH,split_adjusted,traded_shares,2026-09-10T01:20:37.874819+00:00,24
2022-05-11,NVDA,17.33,17.75,16.57,16.63,483971090.00000006,IBKR_TRADES,RTH,split_adjusted,traded_shares,2026-09-10T01:20:37.874819+00:00,24
2022-05-11,QQQ,298.44,304.09,290.95,291.84,90274351.0,IBKR_TRADES,RTH,split_adjusted,traded_shares,2026-09-10T01:20:37.874819+00:00,24
2022-05-11,SMH,112.2,114.85,109.64,109.83,12121396.0,IBKR_TRADES,RTH,split_adjusted,traded_shares,2026-09-10T01:20:37.874819+00:00,24
2022-05-12,AAPL,142.76,146.2,138.8,142.56,140776114.0,IBKR_TRADES,RTH,split_adjusted,traded_shares,2026-09-10T01:20:37.874819+00:00,24
2022-05-12,AMD,86.62,88.55,83.27,87.06,111773198.0,IBKR_TRADES,RTH,split_adjusted,traded_shares,2026-09-10T01:20:37.874819+00:00,24
2022-05-12,NVDA,16.24,16.79,15.57,16.18,509259640.0,IBKR_TRADES,RTH,split_adjusted,traded_shares,2026-09-10T01:20:37.874819+00:00,24
2022-05-12,QQQ,287.45,295.75,284.94,291.15,85623114.0,IBKR_TRADES,RTH,split_adjusted,traded_shares,2026-09-10T01:20:37.874819+00:00,24
2022-05-12,SMH,108.63,111.44,107.61,110.35,9644698.0,IBKR_TRADES,RTH,split_adjusted,traded_shares,2026-09-10T01:20:37.874819+00:00,24
2022-05-13,AAPL,144.66,148.11,143.11,147.11,88833843.0,IBKR_TRADES,RTH,split_adjusted,traded_shares,2026-09-10T01:20:37.874819+00:00,24
2022-05-13,AMD,88.26,96.57,88.22,95.12,118851145.0,IBKR_TRADES,RTH,split_adjusted,traded_shares,2026-09-10T01:20:37.874819+00:00,24
2022-05-13,NVDA,16.79,17.93,16.59,17.71,499596679.99999994,IBKR_TRADES,RTH,split_adjusted,traded_shares,2026-09-10T01:20:37.874819+00:00,24
2022-05-13,QQQ,295.72,303.0,294.08,301.94,56364090.0,IBKR_TRADES,RTH,split_adjusted,traded_shares,2026-09-10T01:20:37.874819+00:00,24
2022-05-13,SMH,112.61,116.85,111.89,116.13,9125414.0,IBKR_TRADES,RTH,split_adjusted,traded_shares,2026-09-10T01:20:37.874819+00:00,24
2022-05-16,AAPL,145.61,147.52,144.18,145.54,65426332.00000001,IBKR_TRADES,RTH,split_adjusted,traded_shares,2026-09-10T01:20:37.874819+00:00,24
2022-05-16,AMD,93.74,98.17,93.08,94.24,119172119.0,IBKR_TRADES,RTH,split_adjusted,traded_shares,2026-09-10T01:20:37.874819+00:00,24
2022-05-16,NVDA,17.51,17.79,17.11,17.26,406372000.0,IBKR_TRADES,RTH,split_adjusted,traded_shares,2026-09-10T01:20:37.874819+00:00,24
2022-05-16,QQQ,300.13,302.26,297.13,298.44,44470449.0,IBKR_TRADES,RTH,split_adjusted,traded_shares,2026-09-10T01:20:37.874819+00:00,24
2022-05-16,SMH,115.02,116.02,113.76,114.26,7407570.0,IBKR_TRADES,RTH,split_adjusted,traded_shares,2026-09-10T01:20:37.874819+00:00,24
2022-05-17,AAPL,148.86,149.77,146.68,149.24,58090230.0,IBKR_TRADES,RTH,split_adjusted,traded_shares,2026-09-10T01:20:37.874819+00:00,24
2022-05-17,AMD,97.78,103.2,97.54,102.47,145162853.0,IBKR_TRADES,RTH,split_adjusted,traded_shares,2026-09-10T01:20:37.874819+00:00,24
2022-05-17,NVDA,18.09,18.37,17.63,18.18,446330150.0,IBKR_TRADES,RTH,split_adjusted,traded_shares,2026-09-10T01:20:37.874819+00:00,24
2022-05-17,QQQ,304.42,306.56,300.55,306.17,43662605.0,IBKR_TRADES,RTH,split_adjusted,traded_shares,2026-09-10T01:20:37.874819+00:00,24
2022-05-17,SMH,117.38,119.98,116.83,119.72,7232554.0,IBKR_TRADES,RTH,split_adjusted,traded_shares,2026-09-10T01:20:37.874819+00:00,24
2022-05-18,AAPL,146.86,147.37,139.97,140.82,80338150.0,IBKR_TRADES,RTH,split_adjusted,traded_shares,2026-09-10T01:20:37.874819+00:00,24
2022-05-18,AMD,100.01,104.22,95.71,96.28,123170328.00000001,IBKR_TRADES,RTH,split_adjusted,traded_shares,2026-09-10T01:20:37.874819+00:00,24
2022-05-18,NVDA,17.71,18.12,16.86,16.94,402483120.0,IBKR_TRADES,RTH,split_adjusted,traded_shares,2026-09-10T01:20:37.874819+00:00,24
2022-05-18,QQQ,301.54,302.25,289.88,291.14,53006860.0,IBKR_TRADES,RTH,split_adjusted,traded_shares,2026-09-10T01:20:37.874819+00:00,24
2022-05-18,SMH,117.75,119.18,113.48,114.0,7707238.0,IBKR_TRADES,RTH,split_adjusted,traded_shares,2026-09-10T01:20:37.874819+00:00,24
2022-05-19,AAPL,139.89,141.66,136.6,137.35,106384505.0,IBKR_TRADES,RTH,split_adjusted,traded_shares,2026-09-10T01:20:37.874819+00:00,24
2022-05-19,AMD,96.69,100.69,95.09,96.67,125924539.99999999,IBKR_TRADES,RTH,split_adjusted,traded_shares,2026-09-10T01:20:37.874819+00:00,24
2022-05-19,NVDA,16.94,17.69,16.73,17.12,488018710.00000006,IBKR_TRADES,RTH,split_adjusted,traded_shares,2026-09-10T01:20:37.874819+00:00,24
2022-05-19,QQQ,289.29,294.39,287.58,289.58,55683329.0,IBKR_TRADES,RTH,split_adjusted,traded_shares,2026-09-10T01:20:37.874819+00:00,24
2022-05-19,SMH,113.24,116.76,112.94,114.03,9842522.0,IBKR_TRADES,RTH,split_adjusted,traded_shares,2026-09-10T01:20:37.874819+00:00,24
2022-05-20,AAPL,139.07,140.7,132.61,137.59,107421893.0,IBKR_TRADES,RTH,split_adjusted,traded_shares,2026-09-10T01:20:37.874819+00:00,24
2022-05-20,AMD,98.4,98.64,88.26,93.5,146571448.0,IBKR_TRADES,RTH,split_adjusted,traded_shares,2026-09-10T01:20:37.874819+00:00,24
2022-05-20,NVDA,17.34,17.41,15.76,16.69,564573670.0,IBKR_TRADES,RTH,split_adjusted,traded_shares,2026-09-10T01:20:37.874819+00:00,24
2022-05-20,QQQ,293.13,293.8,280.21,288.68,62435096.0,IBKR_TRADES,RTH,split_adjusted,traded_shares,2026-09-10T01:20:37.874819+00:00,24
2022-05-20,SMH,116.02,116.26,109.38,114.08,12892414.0,IBKR_TRADES,RTH,split_adjusted,traded_shares,2026-09-10T01:20:37.874819+00:00,24
2022-05-23,AAPL,137.79,143.26,137.65,143.11,92605239.0,IBKR_TRADES,RTH,split_adjusted,traded_shares,2026-09-10T01:20:37.874819+00:00,24
2022-05-23,AMD,91.7,95.19,90.92,95.07,114550150.0,IBKR_TRADES,RTH,split_adjusted,traded_shares,2026-09-10T01:20:37.874819+00:00,24
2022-05-23,NVDA,16.26,16.92,16.18,16.9,495041939.99999994,IBKR_TRADES,RTH,split_adjusted,traded_shares,2026-09-10T01:20:37.874819+00:00,24
2022-05-23,QQQ,289.75,293.87,287.29,293.48,44929676.0,IBKR_TRADES,RTH,split_adjusted,traded_shares,2026-09-10T01:20:37.874819+00:00,24
2022-05-23,SMH,113.72,115.3,112.82,115.0,5621208.0,IBKR_TRADES,RTH,split_adjusted,traded_shares,2026-09-10T01:20:37.874819+00:00,24
2022-05-24,AAPL,140.83,141.97,137.33,140.36,84602216.0,IBKR_TRADES,RTH,split_adjusted,traded_shares,2026-09-10T01:20:37.874819+00:00,24
2022-05-24,AMD,92.56,93.42,89.62,91.16,111156745.0,IBKR_TRADES,RTH,split_adjusted,traded_shares,2026-09-10T01:20:37.874819+00:00,24
2022-05-24,NVDA,16.52,16.6,15.78,16.15,444160470.0,IBKR_TRADES,RTH,split_adjusted,traded_shares,2026-09-10T01:20:37.874819+00:00,24
2022-05-24,QQQ,288.13,288.86,282.25,287.24,53302119.0,IBKR_TRADES,RTH,split_adjusted,traded_shares,2026-09-10T01:20:37.874819+00:00,24
2022-05-24,SMH,113.11,113.5,110.92,111.97,7808587.999999999,IBKR_TRADES,RTH,split_adjusted,traded_shares,2026-09-10T01:20:37.874819+00:00,24
2022-05-25,AAPL,138.44,141.79,138.34,140.52,70320990.0,IBKR_TRADES,RTH,split_adjusted,traded_shares,2026-09-10T01:20:37.874819+00:00,24
2022-05-25,AMD,90.49,93.89,89.52,92.65,96963292.0,IBKR_TRADES,RTH,split_adjusted,traded_shares,2026-09-10T01:20:37.874819+00:00,24
2022-05-25,NVDA,16.02,17.11,16.0,16.98,544157180.0,IBKR_TRADES,RTH,split_adjusted,traded_shares,2026-09-10T01:20:37.874819+00:00,24
2022-05-25,QQQ,285.71,293.39,285.5,291.26,48757041.0,IBKR_TRADES,RTH,split_adjusted,traded_shares,2026-09-10T01:20:37.874819+00:00,24
2022-05-25,SMH,111.49,115.11,111.33,114.3,7932996.0,IBKR_TRADES,RTH,split_adjusted,traded_shares,2026-09-10T01:20:37.874819+00:00,24
2022-05-26,AAPL,137.39,144.34,137.14,143.78,66880305.0,IBKR_TRADES,RTH,split_adjusted,traded_shares,2026-09-10T01:20:37.874819+00:00,24
2022-05-26,AMD,91.36,100.33,90.74,98.75,114322443.0,IBKR_TRADES,RTH,split_adjusted,traded_shares,2026-09-10T01:20:37.874819+00:00,24
2022-05-26,NVDA,16.03,18.09,16.02,17.85,748653210.0,IBKR_TRADES,RTH,split_adjusted,traded_shares,2026-09-10T01:20:37.874819+00:00,24
2022-05-26,QQQ,290.44,300.92,290.15,299.33,44341050.0,IBKR_TRADES,RTH,split_adjusted,traded_shares,2026-09-10T01:20:37.874819+00:00,24
2022-05-26,SMH,113.19,118.57,112.74,118.11,5951452.0,IBKR_TRADES,RTH,split_adjusted,traded_shares,2026-09-10T01:20:37.874819+00:00,24
2022-05-27,AAPL,145.39,149.68,145.26,149.64,68105153.0,IBKR_TRADES,RTH,split_adjusted,traded_shares,2026-09-10T01:20:37.874819+00:00,24
2022-05-27,AMD,100.14,102.4,99.38,102.26,91339660.0,IBKR_TRADES,RTH,split_adjusted,traded_shares,2026-09-10T01:20:37.874819+00:00,24
2022-05-27,NVDA,18.19,18.88,18.1,18.81,519817170.0,IBKR_TRADES,RTH,split_adjusted,traded_shares,2026-09-10T01:20:37.874819+00:00,24
2022-05-27,QQQ,302.53,309.25,302.42,309.1,45424955.0,IBKR_TRADES,RTH,split_adjusted,traded_shares,2026-09-10T01:20:37.874819+00:00,24
2022-05-27,SMH,120.05,123.0,119.97,122.8,6154724.0,IBKR_TRADES,RTH,split_adjusted,traded_shares,2026-09-10T01:20:37.874819+00:00,24
2022-05-31,AAPL,149.03,150.66,146.84,148.84,64486024.0,IBKR_TRADES,RTH,split_adjusted,traded_shares,2026-09-10T01:20:37.874819+00:00,24
2022-05-31,AMD,102.43,104.55,100.04,101.86,103994324.0,IBKR_TRADES,RTH,split_adjusted,traded_shares,2026-09-10T01:20:37.874819+00:00,24
2022-05-31,NVDA,18.98,19.2,18.35,18.67,445533870.0,IBKR_TRADES,RTH,split_adjusted,traded_shares,2026-09-10T01:20:37.874819+00:00,24
2022-05-31,QQQ,309.08,311.33,304.33,308.28,43420483.0,IBKR_TRADES,RTH,split_adjusted,traded_shares,2026-09-10T01:20:37.874819+00:00,24
2022-05-31,SMH,122.56,123.3,120.36,122.29,6325478.0,IBKR_TRADES,RTH,split_adjusted,traded_shares,2026-09-10T01:20:37.874819+00:00,24
2022-06-01,AAPL,149.91,151.74,147.68,148.71,57675000.0,IBKR_TRADES,RTH,split_adjusted,traded_shares,2026-09-10T01:20:37.874819+00:00,24
2022-06-01,AMD,102.15,103.57,99.55,101.22,88362034.0,IBKR_TRADES,RTH,split_adjusted,traded_shares,2026-09-10T01:20:37.874819+00:00,24
2022-06-01,NVDA,18.72,19.05,18.12,18.32,416308100.0,IBKR_TRADES,RTH,split_adjusted,traded_shares,2026-09-10T01:20:37.874819+00:00,24
2022-06-01,QQQ,310.47,312.65,303.73,306.0,46395440.0,IBKR_TRADES,RTH,split_adjusted,traded_shares,2026-09-10T01:20:37.874819+00:00,24
2022-06-01,SMH,122.86,123.48,118.81,120.28,6733382.0,IBKR_TRADES,RTH,split_adjusted,traded_shares,2026-09-10T01:20:37.874819+00:00,24
2022-06-02,AAPL,147.81,151.27,146.86,151.21,54654301.0,IBKR_TRADES,RTH,split_adjusted,traded_shares,2026-09-10T01:20:37.874819+00:00,24
2022-06-02,AMD,100.71,109.5,100.71,108.59,107794715.0,IBKR_TRADES,RTH,split_adjusted,traded_shares,2026-09-10T01:20:37.874819+00:00,24
2022-06-02,NVDA,18.29,19.62,18.2,19.59,487942060.0,IBKR_TRADES,RTH,split_adjusted,traded_shares,2026-09-10T01:20:37.874819+00:00,24
2022-06-02,QQQ,304.85,314.56,303.4,314.38,41093209.0,IBKR_TRADES,RTH,split_adjusted,traded_shares,2026-09-10T01:20:37.874819+00:00,24
2022-06-02,SMH,120.16,124.56,119.72,124.53,5943346.0,IBKR_TRADES,RTH,split_adjusted,traded_shares,2026-09-10T01:20:37.874819+00:00,24
2022-06-03,AAPL,146.89,147.97,144.46,145.38,66261643.0,IBKR_TRADES,RTH,split_adjusted,traded_shares,2026-09-10T01:20:37.874819+00:00,24
2022-06-03,AMD,105.76,109.39,104.65,106.3,95001496.0,IBKR_TRADES,RTH,split_adjusted,traded_shares,2026-09-10T01:20:37.874819+00:00,24
2022-06-03,NVDA,19.08,19.33,18.52,18.72,441065080.0,IBKR_TRADES,RTH,split_adjusted,traded_shares,2026-09-10T01:20:37.874819+00:00,24
2022-06-03,QQQ,309.03,310.47,304.92,306.2,41222615.0,IBKR_TRADES,RTH,split_adjusted,traded_shares,2026-09-10T01:20:37.874819+00:00,24
2022-06-03,SMH,121.87,122.39,120.19,120.86,5206644.0,IBKR_TRADES,RTH,split_adjusted,traded_shares,2026-09-10T01:20:37.874819+00:00,24
2022-06-06,AAPL,146.95,148.57,144.9,146.14,56462204.0,IBKR_TRADES,RTH,split_adjusted,traded_shares,2026-09-10T01:20:37.874819+00:00,24
2022-06-06,AMD,108.27,109.57,104.22,105.65,85646404.0,IBKR_TRADES,RTH,split_adjusted,traded_shares,2026-09-10T01:20:37.874819+00:00,24
2022-06-06,NVDA,19.14,19.34,18.56,18.79,317464390.0,IBKR_TRADES,RTH,split_adjusted,traded_shares,2026-09-10T01:20:37.874819+00:00,24
2022-06-06,QQQ,310.75,312.35,305.62,307.22,35705148.0,IBKR_TRADES,RTH,split_adjusted,traded_shares,2026-09-10T01:20:37.874819+00:00,24
2022-06-06,SMH,122.86,123.73,120.27,120.96,5785156.0,IBKR_TRADES,RTH,split_adjusted,traded_shares,2026-09-10T01:20:37.874819+00:00,24
2022-06-07,AAPL,144.38,149.0,144.1,148.71,51273128.0,IBKR_TRADES,RTH,split_adjusted,traded_shares,2026-09-10T01:20:37.874819+00:00,24
2022-06-07,AMD,104.25,106.24,102.61,105.28,70037639.0,IBKR_TRADES,RTH,split_adjusted,traded_shares,2026-09-10T01:20:37.874819+00:00,24
2022-06-07,NVDA,18.46,19.0,18.19,18.93,285956940.0,IBKR_TRADES,RTH,split_adjusted,traded_shares,2026-09-10T01:20:37.874819+00:00,24
2022-06-07,QQQ,303.81,310.67,302.68,309.87,32950405.0,IBKR_TRADES,RTH,split_adjusted,traded_shares,2026-09-10T01:20:37.874819+00:00,24
2022-06-07,SMH,119.44,122.19,118.58,121.92,3535022.0,IBKR_TRADES,RTH,split_adjusted,traded_shares,2026-09-10T01:20:37.874819+00:00,24
2022-06-08,AAPL,148.51,149.87,147.46,147.96,41909176.0,IBKR_TRADES,RTH,split_adjusted,traded_shares,2026-09-10T01:20:37.874819+00:00,24
2022-06-08,AMD,104.57,105.85,100.41,101.9,84021688.0,IBKR_TRADES,RTH,split_adjusted,traded_shares,2026-09-10T01:20:37.874819+00:00,24
2022-06-08,NVDA,18.8,19.18,18.54,18.65,279726930.0,IBKR_TRADES,RTH,split_adjusted,traded_shares,2026-09-10T01:20:37.874819+00:00,24
2022-06-08,QQQ,309.05,311.72,306.77,307.64,28686781.0,IBKR_TRADES,RTH,split_adjusted,traded_shares,2026-09-10T01:20:37.874819+00:00,24
2022-06-08,SMH,121.36,121.85,118.63,119.39,5620554.0,IBKR_TRADES,RTH,split_adjusted,traded_shares,2026-09-10T01:20:37.874819+00:00,24
2022-06-09,AAPL,147.09,147.95,142.53,142.64,52347279.0,IBKR_TRADES,RTH,split_adjusted,traded_shares,2026-09-10T01:20:37.874819+00:00,24
2022-06-09,AMD,101.6,103.94,98.74,98.8,83147043.0,IBKR_TRADES,RTH,split_adjusted,traded_shares,2026-09-10T01:20:37.874819+00:00,24
2022-06-09,NVDA,18.48,18.93,18.04,18.05,287847670.0,IBKR_TRADES,RTH,split_adjusted,traded_shares,2026-09-10T01:20:37.874819+00:00,24
2022-06-09,QQQ,305.91,309.05,299.23,299.4,35942671.0,IBKR_TRADES,RTH,split_adjusted,traded_shares,2026-09-10T01:20:37.874819+00:00,24
2022-06-09,SMH,118.58,120.36,116.14,116.21,7169408.0,IBKR_TRADES,RTH,split_adjusted,traded_shares,2026-09-10T01:20:37.874819+00:00,24
2022-06-10,AAPL,140.28,140.76,137.06,137.13,67187205.0,IBKR_TRADES,RTH,split_adjusted,traded_shares,2026-09-10T01:20:37.874819+00:00,24
2022-06-10,AMD,98.81,99.93,94.25,94.82,86853235.0,IBKR_TRADES,RTH,split_adjusted,traded_shares,2026-09-10T01:20:37.874819+00:00,24
2022-06-10,NVDA,17.6,17.7,16.87,16.97,331731480.0,IBKR_TRADES,RTH,split_adjusted,traded_shares,2026-09-10T01:20:37.874819+00:00,24
2022-06-10,QQQ,293.65,294.87,288.38,288.84,57126417.0,IBKR_TRADES,RTH,split_adjusted,traded_shares,2026-09-10T01:20:37.874819+00:00,24
2022-06-10,SMH,114.05,115.03,111.71,111.91,7179520.0,IBKR_TRADES,RTH,split_adjusted,traded_shares,2026-09-10T01:20:37.874819+00:00,24
2022-06-13,AAPL,132.86,135.2,131.44,131.88,91359086.0,IBKR_TRADES,RTH,split_adjusted,traded_shares,2026-09-10T01:20:37.874819+00:00,24
2022-06-13,AMD,91.26,92.03,86.64,86.99,81635130.0,IBKR_TRADES,RTH,split_adjusted,traded_shares,2026-09-10T01:20:37.874819+00:00,24
2022-06-13,NVDA,16.0,16.31,15.61,15.65,423861470.0,IBKR_TRADES,RTH,split_adjusted,traded_shares,2026-09-10T01:20:37.874819+00:00,24
2022-06-13,QQQ,279.75,282.34,274.53,275.41,63371011.0,IBKR_TRADES,RTH,split_adjusted,traded_shares,2026-09-10T01:20:37.874819+00:00,24
2022-06-13,SMH,107.87,109.08,105.33,105.69,9526366.0,IBKR_TRADES,RTH,split_adjusted,traded_shares,2026-09-10T01:20:37.874819+00:00,24
2022-06-14,AAPL,133.1,133.89,131.48,132.76,62854504.99999999,IBKR_TRADES,RTH,split_adjusted,traded_shares,2026-09-10T01:20:37.874819+00:00,24
2022-06-14,AMD,87.41,88.3,85.82,86.99,73020271.0,IBKR_TRADES,RTH,split_adjusted,traded_shares,2026-09-10T01:20:37.874819+00:00,24
2022-06-14,NVDA,15.75,16.07,15.41,15.84,358242000.0,IBKR_TRADES,RTH,split_adjusted,traded_shares,2026-09-10T01:20:37.874819+00:00,24
2022-06-14,QQQ,277.72,278.66,273.33,275.91,46433058.0,IBKR_TRADES,RTH,split_adjusted,traded_shares,2026-09-10T01:20:37.874819+00:00,24
2022-06-14,SMH,106.91,107.36,105.16,106.47,6155340.0,IBKR_TRADES,RTH,split_adjusted,traded_shares,2026-09-10T01:20:37.874819+00:00,24
2022-06-15,AAPL,134.21,137.34,132.16,135.43,68733160.0,IBKR_TRADES,RTH,split_adjusted,traded_shares,2026-09-10T01:20:37.874819+00:00,24
2022-06-15,AMD,87.92,90.86,86.19,89.3,83318266.0,IBKR_TRADES,RTH,split_adjusted,traded_shares,2026-09-10T01:20:37.874819+00:00,24
2022-06-15,NVDA,16.1,16.87,15.93,16.53,431424570.0,IBKR_TRADES,RTH,split_adjusted,traded_shares,2026-09-10T01:20:37.874819+00:00,24
2022-06-15,QQQ,279.44,286.83,276.61,282.8,61871527.99999999,IBKR_TRADES,RTH,split_adjusted,traded_shares,2026-09-10T01:20:37.874819+00:00,24
2022-06-15,SMH,107.76,110.22,105.93,108.42,6886388.0,IBKR_TRADES,RTH,split_adjusted,traded_shares,2026-09-10T01:20:37.874819+00:00,24
2022-06-16,AAPL,132.08,132.39,129.04,130.06,74399107.0,IBKR_TRADES,RTH,split_adjusted,traded_shares,2026-09-10T01:20:37.874819+00:00,24
2022-06-16,AMD,86.67,86.73,80.64,82.05,87431907.0,IBKR_TRADES,RTH,split_adjusted,traded_shares,2026-09-10T01:20:37.874819+00:00,24
2022-06-16,NVDA,15.86,15.94,15.4,15.6,367708830.0,IBKR_TRADES,RTH,split_adjusted,traded_shares,2026-09-10T01:20:37.874819+00:00,24
2022-06-16,QQQ,275.59,276.06,269.28,271.39,52907159.0,IBKR_TRADES,RTH,split_adjusted,traded_shares,2026-09-10T01:20:37.874819+00:00,24
2022-06-16,SMH,105.08,105.3,100.99,101.99,11325430.0,IBKR_TRADES,RTH,split_adjusted,traded_shares,2026-09-10T01:20:37.874819+00:00,24
2022-06-17,AAPL,130.07,133.08,129.81,131.56,86358190.0,IBKR_TRADES,RTH,split_adjusted,traded_shares,2026-09-10T01:20:37.874819+00:00,24
2022-06-17,AMD,82.19,82.94,79.43,81.57,86655163.0,IBKR_TRADES,RTH,split_adjusted,traded_shares,2026-09-10T01:20:37.874819+00:00,24
2022-06-17,NVDA,15.65,15.99,15.33,15.88,401293740.0,IBKR_TRADES,RTH,split_adjusted,traded_shares,2026-09-10T01:20:37.874819+00:00,24
2022-06-17,QQQ,272.15,277.19,270.51,274.69,45998226.0,IBKR_TRADES,RTH,split_adjusted,traded_shares,2026-09-10T01:20:37.874819+00:00,24
2022-06-17,SMH,102.47,103.6,100.53,102.83,8397198.0,IBKR_TRADES,RTH,split_adjusted,traded_shares,2026-09-10T01:20:37.874819+00:00,24
2022-06-21,AAPL,133.42,137.05,133.32,135.87,57651864.0,IBKR_TRADES,RTH,split_adjusted,traded_shares,2026-09-10T01:20:37.874819+00:00,24
2022-06-21,AMD,84.17,85.81,82.6,83.79,75447117.0,IBKR_TRADES,RTH,split_adjusted,traded_shares,2026-09-10T01:20:37.874819+00:00,24
2022-06-21,NVDA,16.48,17.01,16.41,16.57,354662310.0,IBKR_TRADES,RTH,split_adjusted,traded_shares,2026-09-10T01:20:37.874819+00:00,24
2022-06-21,QQQ,278.75,283.45,278.64,281.08,34807529.0,IBKR_TRADES,RTH,split_adjusted,traded_shares,2026-09-10T01:20:37.874819+00:00,24
2022-06-21,SMH,104.88,107.16,104.86,105.74,7307182.0,IBKR_TRADES,RTH,split_adjusted,traded_shares,2026-09-10T01:20:37.874819+00:00,24
2022-06-22,AAPL,134.84,137.76,133.91,135.35,53860709.0,IBKR_TRADES,RTH,split_adjusted,traded_shares,2026-09-10T01:20:37.874819+00:00,24
2022-06-22,AMD,84.4,86.38,83.3,83.75,74065985.0,IBKR_TRADES,RTH,split_adjusted,traded_shares,2026-09-10T01:20:37.874819+00:00,24
2022-06-22,NVDA,16.23,16.66,16.18,16.36,324166880.0,IBKR_TRADES,RTH,split_adjusted,traded_shares,2026-09-10T01:20:37.874819+00:00,24
2022-06-22,QQQ,278.52,285.18,277.91,280.67,45244913.0,IBKR_TRADES,RTH,split_adjusted,traded_shares,2026-09-10T01:20:37.874819+00:00,24
2022-06-22,SMH,103.7,106.0,103.54,104.25,4921828.0,IBKR_TRADES,RTH,split_adjusted,traded_shares,2026-09-10T01:20:37.874819+00:00,24
2022-06-23,AAPL,136.83,138.59,135.63,138.27,54212881.0,IBKR_TRADES,RTH,split_adjusted,traded_shares,2026-09-10T01:20:37.874819+00:00,24
2022-06-23,AMD,84.34,84.41,80.22,82.43,88332978.0,IBKR_TRADES,RTH,split_adjusted,traded_shares,2026-09-10T01:20:37.874819+00:00,24
2022-06-23,NVDA,16.51,16.59,15.85,16.23,355416690.0,IBKR_TRADES,RTH,split_adjusted,traded_shares,2026-09-10T01:20:37.874819+00:00,24
2022-06-23,QQQ,283.2,285.72,280.31,284.85,43086939.0,IBKR_TRADES,RTH,split_adjusted,traded_shares,2026-09-10T01:20:37.874819+00:00,24
2022-06-23,SMH,104.77,104.89,102.21,103.71,5519452.0,IBKR_TRADES,RTH,split_adjusted,traded_shares,2026-09-10T01:20:37.874819+00:00,24
2022-06-24,AAPL,139.9,141.91,139.77,141.66,51857544.0,IBKR_TRADES,RTH,split_adjusted,traded_shares,2026-09-10T01:20:37.874819+00:00,24
2022-06-24,AMD,83.55,87.53,83.08,87.08,71056847.0,IBKR_TRADES,RTH,split_adjusted,traded_shares,2026-09-10T01:20:37.874819+00:00,24
2022-06-24,NVDA,16.5,17.14,16.31,17.13,342029850.0,IBKR_TRADES,RTH,split_adjusted,traded_shares,2026-09-10T01:20:37.874819+00:00,24
2022-06-24,QQQ,287.76,295.0,287.5,294.61,39609579.0,IBKR_TRADES,RTH,split_adjusted,traded_shares,2026-09-10T01:20:37.874819+00:00,24
2022-06-24,SMH,105.43,108.13,105.03,108.08,7739574.0,IBKR_TRADES,RTH,split_adjusted,traded_shares,2026-09-10T01:20:37.874819+00:00,24
2022-06-27,AAPL,142.68,143.49,140.96,141.66,47638772.0,IBKR_TRADES,RTH,split_adjusted,traded_shares,2026-09-10T01:20:37.874819+00:00,24
2022-06-27,AMD,87.36,88.22,85.25,86.16,65335145.00000001,IBKR_TRADES,RTH,split_adjusted,traded_shares,2026-09-10T01:20:37.874819+00:00,24
2022-06-27,NVDA,17.31,17.33,16.63,16.87,327093370.0,IBKR_TRADES,RTH,split_adjusted,traded_shares,2026-09-10T01:20:37.874819+00:00,24
2022-06-27,QQQ,296.0,296.58,291.29,292.45,33359104.0,IBKR_TRADES,RTH,split_adjusted,traded_shares,2026-09-10T01:20:37.874819+00:00,24
2022-06-27,SMH,109.09,109.25,106.97,107.72,3652234.0,IBKR_TRADES,RTH,split_adjusted,traded_shares,2026-09-10T01:20:37.874819+00:00,24
2022-06-28,AAPL,142.17,143.43,137.32,137.44,49930490.0,IBKR_TRADES,RTH,split_adjusted,traded_shares,2026-09-10T01:20:37.874819+00:00,24
2022-06-28,AMD,85.71,86.73,80.43,80.78,83583553.0,IBKR_TRADES,RTH,split_adjusted,traded_shares,2026-09-10T01:20:37.874819+00:00,24
2022-06-28,NVDA,16.9,17.2,15.94,15.98,331021110.0,IBKR_TRADES,RTH,split_adjusted,traded_shares,2026-09-10T01:20:37.874819+00:00,24
2022-06-28,QQQ,293.0,295.65,283.35,283.54,47152859.0,IBKR_TRADES,RTH,split_adjusted,traded_shares,2026-09-10T01:20:37.874819+00:00,24
2022-06-28,SMH,108.21,109.41,104.99,105.01,6455648.0,IBKR_TRADES,RTH,split_adjusted,traded_shares,2026-09-10T01:20:37.874819+00:00,24
2022-06-29,AAPL,137.48,140.67,136.67,139.23,52512525.0,IBKR_TRADES,RTH,split_adjusted,traded_shares,2026-09-10T01:20:37.874819+00:00,24
2022-06-29,AMD,79.55,79.75,76.51,77.99,91851885.0,IBKR_TRADES,RTH,split_adjusted,traded_shares,2026-09-10T01:20:37.874819+00:00,24
2022-06-29,NVDA,15.81,15.82,15.17,15.54,369082450.0,IBKR_TRADES,RTH,split_adjusted,traded_shares,2026-09-10T01:20:37.874819+00:00,24
2022-06-29,QQQ,283.4,285.34,280.84,283.8,39358666.0,IBKR_TRADES,RTH,split_adjusted,traded_shares,2026-09-10T01:20:37.874819+00:00,24
2022-06-29,SMH,104.07,104.33,102.02,103.16,5362346.0,IBKR_TRADES,RTH,split_adjusted,traded_shares,2026-09-10T01:20:37.874819+00:00,24
2022-06-30,AAPL,137.22,138.37,133.77,136.72,68929852.0,IBKR_TRADES,RTH,split_adjusted,traded_shares,2026-09-10T01:20:37.874819+00:00,24
2022-06-30,AMD,77.75,78.91,75.48,76.47,93192256.0,IBKR_TRADES,RTH,split_adjusted,traded_shares,2026-09-10T01:20:37.874819+00:00,24
2022-06-30,NVDA,15.35,15.57,14.86,15.16,513750280.0,IBKR_TRADES,RTH,split_adjusted,traded_shares,2026-09-10T01:20:37.874819+00:00,24
2022-06-30,QQQ,280.75,283.89,275.78,280.28,56927782.0,IBKR_TRADES,RTH,split_adjusted,traded_shares,2026-09-10T01:20:37.874819+00:00,24
2022-06-30,SMH,101.54,103.6,100.11,101.86,6873050.0,IBKR_TRADES,RTH,split_adjusted,traded_shares,2026-09-10T01:20:37.874819+00:00,24
2022-07-01,AAPL,136.2,139.04,135.66,138.93,52461724.0,IBKR_TRADES,RTH,split_adjusted,traded_shares,2026-09-10T01:20:37.874819+00:00,24
2022-07-01,AMD,75.2,75.45,72.69,73.67,76760242.0,IBKR_TRADES,RTH,split_adjusted,traded_shares,2026-09-10T01:20:37.874819+00:00,24
2022-07-01,NVDA,14.9,15.06,14.4,14.52,439515920.0,IBKR_TRADES,RTH,split_adjusted,traded_shares,2026-09-10T01:20:37.874819+00:00,24
2022-07-01,QQQ,278.95,282.53,277.03,282.13,42169603.0,IBKR_TRADES,RTH,split_adjusted,traded_shares,2026-09-10T01:20:37.874819+00:00,24
2022-07-01,SMH,100.1,100.42,96.81,98.0,9085342.0,IBKR_TRADES,RTH,split_adjusted,traded_shares,2026-09-10T01:20:37.874819+00:00,24
2022-07-05,AAPL,137.77,141.61,136.93,141.56,53401575.0,IBKR_TRADES,RTH,split_adjusted,traded_shares,2026-09-10T01:20:37.874819+00:00,24
2022-07-05,AMD,71.96,75.21,71.6,75.2,84375526.0,IBKR_TRADES,RTH,split_adjusted,traded_shares,2026-09-10T01:20:37.874819+00:00,24
2022-07-05,NVDA,14.18,14.97,14.06,14.96,500594130.00000006,IBKR_TRADES,RTH,split_adjusted,traded_shares,2026-09-10T01:20:37.874819+00:00,24
2022-07-05,QQQ,278.3,287.08,276.75,286.96,45859158.0,IBKR_TRADES,RTH,split_adjusted,traded_shares,2026-09-10T01:20:37.874819+00:00,24
2022-07-05,SMH,95.5,98.53,94.97,98.51,8144352.0,IBKR_TRADES,RTH,split_adjusted,traded_shares,2026-09-10T01:20:37.874819+00:00,24
2022-07-06,AAPL,141.33,144.12,141.08,142.92,57314246.0,IBKR_TRADES,RTH,split_adjusted,traded_shares,2026-09-10T01:20:37.874819+00:00,24
2022-07-06,AMD,75.18,76.28,73.55,75.35,74049064.0,IBKR_TRADES,RTH,split_adjusted,traded_shares,2026-09-10T01:20:37.874819+00:00,24
2022-07-06,NVDA,15.01,15.32,14.79,15.13,424780180.0,IBKR_TRADES,RTH,split_adjusted,traded_shares,2026-09-10T01:20:37.874819+00:00,24
2022-07-06,QQQ,287.35,290.95,285.59,288.8,42199561.0,IBKR_TRADES,RTH,split_adjusted,traded_shares,2026-09-10T01:20:37.874819+00:00,24
2022-07-06,SMH,98.49,100.25,97.54,99.18,4907576.0,IBKR_TRADES,RTH,split_adjusted,traded_shares,2026-09-10T01:20:37.874819+00:00,24
2022-07-07,AAPL,143.27,146.55,143.27,146.35,49886460.0,IBKR_TRADES,RTH,split_adjusted,traded_shares,2026-09-10T01:20:37.874819+00:00,24
2022-07-07,AMD,77.22,79.99,76.9,79.3,73759263.0,IBKR_TRADES,RTH,split_adjusted,traded_shares,2026-09-10T01:20:37.874819+00:00,24
2022-07-07,NVDA,15.46,15.94,15.39,15.86,392315590.0,IBKR_TRADES,RTH,split_adjusted,traded_shares,2026-09-10T01:20:37.874819+00:00,24
2022-07-07,QQQ,289.66,295.7,289.63,294.98,35342765.0,IBKR_TRADES,RTH,split_adjusted,traded_shares,2026-09-10T01:20:37.874819+00:00,24
2022-07-07,SMH,101.38,104.2,101.38,103.76,6598182.0,IBKR_TRADES,RTH,split_adjusted,traded_shares,2026-09-10T01:20:37.874819+00:00,24
2022-07-08,AAPL,145.21,147.55,145.0,147.04,51393650.0,IBKR_TRADES,RTH,split_adjusted,traded_shares,2026-09-10T01:20:37.874819+00:00,24
2022-07-08,AMD,78.28,80.47,77.4,79.35,73796842.0,IBKR_TRADES,RTH,split_adjusted,traded_shares,2026-09-10T01:20:37.874819+00:00,24
2022-07-08,NVDA,15.43,16.04,15.39,15.84,380763250.0,IBKR_TRADES,RTH,split_adjusted,traded_shares,2026-09-10T01:20:37.874819+00:00,24
2022-07-08,QQQ,292.08,296.75,291.12,295.35,41736630.0,IBKR_TRADES,RTH,split_adjusted,traded_shares,2026-09-10T01:20:37.874819+00:00,24
2022-07-08,SMH,102.22,104.95,102.0,104.32,3834836.0000000005,IBKR_TRADES,RTH,split_adjusted,traded_shares,2026-09-10T01:20:37.874819+00:00,24
2022-07-11,AAPL,145.71,146.64,143.78,144.87,43878003.0,IBKR_TRADES,RTH,split_adjusted,traded_shares,2026-09-10T01:20:37.874819+00:00,24
2022-07-11,AMD,77.84,78.29,75.84,76.95,64064109.0,IBKR_TRADES,RTH,split_adjusted,traded_shares,2026-09-10T01:20:37.874819+00:00,24
2022-07-11,NVDA,15.52,15.53,15.04,15.15,317588580.0,IBKR_TRADES,RTH,split_adjusted,traded_shares,2026-09-10T01:20:37.874819+00:00,24
2022-07-11,QQQ,292.84,293.11,288.14,289.04,36494288.0,IBKR_TRADES,RTH,split_adjusted,traded_shares,2026-09-10T01:20:37.874819+00:00,24
2022-07-11,SMH,102.72,103.2,101.24,101.82,3895294.0,IBKR_TRADES,RTH,split_adjusted,traded_shares,2026-09-10T01:20:37.874819+00:00,24
2022-07-12,AAPL,145.83,148.45,145.05,145.86,58580126.0,IBKR_TRADES,RTH,split_adjusted,traded_shares,2026-09-10T01:20:37.874819+00:00,24
2022-07-12,AMD,76.96,77.44,74.43,76.36,67052970.99999999,IBKR_TRADES,RTH,split_adjusted,traded_shares,2026-09-10T01:20:37.874819+00:00,24
2022-07-12,NVDA,15.27,15.43,14.88,15.08,332074320.0,IBKR_TRADES,RTH,split_adjusted,traded_shares,2026-09-10T01:20:37.874819+00:00,24
2022-07-12,QQQ,290.32,292.28,284.61,286.24,39514304.0,IBKR_TRADES,RTH,split_adjusted,traded_shares,2026-09-10T01:20:37.874819+00:00,24
2022-07-12,SMH,102.82,103.43,101.21,101.78,3831532.0,IBKR_TRADES,RTH,split_adjusted,traded_shares,2026-09-10T01:20:37.874819+00:00,24
2022-07-13,AAPL,142.99,146.45,142.12,145.49,50583920.0,IBKR_TRADES,RTH,split_adjusted,traded_shares,2026-09-10T01:20:37.874819+00:00,24
2022-07-13,AMD,74.88,79.11,74.48,77.52,68716877.0,IBKR_TRADES,RTH,split_adjusted,traded_shares,2026-09-10T01:20:37.874819+00:00,24
2022-07-13,NVDA,14.6,15.38,14.47,15.16,388305030.0,IBKR_TRADES,RTH,split_adjusted,traded_shares,2026-09-10T01:20:37.874819+00:00,24
2022-07-13,QQQ,280.59,288.05,280.02,285.65,47531186.0,IBKR_TRADES,RTH,split_adjusted,traded_shares,2026-09-10T01:20:37.874819+00:00,24
2022-07-13,SMH,99.85,103.38,99.7,102.58,4856462.0,IBKR_TRADES,RTH,split_adjusted,traded_shares,2026-09-10T01:20:37.874819+00:00,24
2022-07-14,AAPL,144.09,148.95,143.25,148.47,60879667.0,IBKR_TRADES,RTH,split_adjusted,traded_shares,2026-09-10T01:20:37.874819+00:00,24
2022-07-14,AMD,78.26,79.25,76.0,78.6,71814228.0,IBKR_TRADES,RTH,split_adjusted,traded_shares,2026-09-10T01:20:37.874819+00:00,24
2022-07-14,NVDA,15.11,15.47,14.73,15.37,347302000.0,IBKR_TRADES,RTH,split_adjusted,traded_shares,2026-09-10T01:20:37.874819+00:00,24
2022-07-14,QQQ,282.99,287.56,279.8,286.67,43354556.0,IBKR_TRADES,RTH,split_adjusted,traded_shares,2026-09-10T01:20:37.874819+00:00,24
2022-07-14,SMH,102.28,105.18,100.78,104.75,4701232.0,IBKR_TRADES,RTH,split_adjusted,traded_shares,2026-09-10T01:20:37.874819+00:00,24
2022-07-15,AAPL,149.82,150.86,148.2,150.17,55472678.0,IBKR_TRADES,RTH,split_adjusted,traded_shares,2026-09-10T01:20:37.874819+00:00,24
2022-07-15,AMD,79.36,81.2,77.9,81.11,63251521.99999999,IBKR_TRADES,RTH,split_adjusted,traded_shares,2026-09-10T01:20:37.874819+00:00,24
2022-07-15,NVDA,15.66,15.78,15.44,15.76,271798760.0,IBKR_TRADES,RTH,split_adjusted,traded_shares,2026-09-10T01:20:37.874819+00:00,24
2022-07-15,QQQ,289.75,291.98,288.08,291.87,34767366.0,IBKR_TRADES,RTH,split_adjusted,traded_shares,2026-09-10T01:20:37.874819+00:00,24
2022-07-15,SMH,106.26,107.43,104.84,107.39,5388438.0,IBKR_TRADES,RTH,split_adjusted,traded_shares,2026-09-10T01:20:37.874819+00:00,24
2022-07-18,AAPL,150.75,151.57,146.7,147.07,60692283.0,IBKR_TRADES,RTH,split_adjusted,traded_shares,2026-09-10T01:20:37.874819+00:00,24
2022-07-18,AMD,82.21,84.47,80.94,81.43,76169628.0,IBKR_TRADES,RTH,split_adjusted,traded_shares,2026-09-10T01:20:37.874819+00:00,24
2022-07-18,NVDA,16.31,16.9,16.0,16.1,511152020.00000006,IBKR_TRADES,RTH,split_adjusted,traded_shares,2026-09-10T01:20:37.874819+00:00,24
2022-07-18,QQQ,294.72,296.16,288.2,289.4,38303002.0,IBKR_TRADES,RTH,split_adjusted,traded_shares,2026-09-10T01:20:37.874819+00:00,24
2022-07-18,SMH,108.96,109.5,106.06,106.6,6044250.0,IBKR_TRADES,RTH,split_adjusted,traded_shares,2026-09-10T01:20:37.874819+00:00,24
2022-07-19,AAPL,147.93,151.23,146.91,151.0,59077983.0,IBKR_TRADES,RTH,split_adjusted,traded_shares,2026-09-10T01:20:37.874819+00:00,24
2022-07-19,AMD,82.76,86.41,82.19,85.88,72877860.0,IBKR_TRADES,RTH,split_adjusted,traded_shares,2026-09-10T01:20:37.874819+00:00,24
2022-07-19,NVDA,16.49,17.11,16.17,16.99,528086200.0,IBKR_TRADES,RTH,split_adjusted,traded_shares,2026-09-10T01:20:37.874819+00:00,24
2022-07-19,QQQ,293.14,298.6,291.47,298.3,38398604.0,IBKR_TRADES,RTH,split_adjusted,traded_shares,2026-09-10T01:20:37.874819+00:00,24
2022-07-19,SMH,108.41,111.86,108.19,111.47,5890196.0,IBKR_TRADES,RTH,split_adjusted,traded_shares,2026-09-10T01:20:37.874819+00:00,24
2022-07-20,AAPL,151.07,153.72,150.37,153.04,49598813.0,IBKR_TRADES,RTH,split_adjusted,traded_shares,2026-09-10T01:20:37.874819+00:00,24
2022-07-20,AMD,85.4,89.92,85.08,89.43,76613401.0,IBKR_TRADES,RTH,split_adjusted,traded_shares,2026-09-10T01:20:37.874819+00:00,24
2022-07-20,NVDA,16.95,17.93,16.8,17.81,587137380.0,IBKR_TRADES,RTH,split_adjusted,traded_shares,2026-09-10T01:20:37.874819+00:00,24
2022-07-20,QQQ,298.73,304.24,297.93,303.03,47220279.0,IBKR_TRADES,RTH,split_adjusted,traded_shares,2026-09-10T01:20:37.874819+00:00,24
2022-07-20,SMH,111.11,114.49,110.45,114.1,7176340.0,IBKR_TRADES,RTH,split_adjusted,traded_shares,2026-09-10T01:20:37.874819+00:00,24
2022-07-21,AAPL,154.56,155.57,151.94,155.35,47477793.0,IBKR_TRADES,RTH,split_adjusted,traded_shares,2026-09-10T01:20:37.874819+00:00,24
2022-07-21,AMD,89.62,91.58,88.22,91.09,77500274.0,IBKR_TRADES,RTH,split_adjusted,traded_shares,2026-09-10T01:20:37.874819+00:00,24
2022-07-21,NVDA,17.89,18.14,17.54,18.05,409730680.0,IBKR_TRADES,RTH,split_adjusted,traded_shares,2026-09-10T01:20:37.874819+00:00,24
2022-07-21,QQQ,303.5,307.44,300.78,307.38,37601593.0,IBKR_TRADES,RTH,split_adjusted,traded_shares,2026-09-10T01:20:37.874819+00:00,24
2022-07-21,SMH,114.55,116.07,113.14,116.01,5957512.0,IBKR_TRADES,RTH,split_adjusted,traded_shares,2026-09-10T01:20:37.874819+00:00,24
2022-07-22,AAPL,155.39,156.28,153.41,154.09,50924150.0,IBKR_TRADES,RTH,split_adjusted,traded_shares,2026-09-10T01:20:37.874819+00:00,24
2022-07-22,AMD,90.2,90.69,87.04,88.1,63611907.99999999,IBKR_TRADES,RTH,split_adjusted,traded_shares,2026-09-10T01:20:37.874819+00:00,24
2022-07-22,NVDA,17.89,17.97,17.14,17.32,399863070.0,IBKR_TRADES,RTH,split_adjusted,traded_shares,2026-09-10T01:20:37.874819+00:00,24
2022-07-22,QQQ,306.44,308.55,300.11,301.99,39540286.0,IBKR_TRADES,RTH,split_adjusted,traded_shares,2026-09-10T01:20:37.874819+00:00,24
2022-07-22,SMH,115.62,115.8,112.55,113.39,8432798.0,IBKR_TRADES,RTH,split_adjusted,traded_shares,2026-09-10T01:20:37.874819+00:00,24
2022-07-25,AAPL,154.01,155.04,152.28,152.95,40900326.0,IBKR_TRADES,RTH,split_adjusted,traded_shares,2026-09-10T01:20:37.874819+00:00,24
2022-07-25,AMD,86.59,87.6,85.12,87.54,59219537.0,IBKR_TRADES,RTH,split_adjusted,traded_shares,2026-09-10T01:20:37.874819+00:00,24
2022-07-25,NVDA,17.02,17.12,16.65,17.02,365871260.0,IBKR_TRADES,RTH,split_adjusted,traded_shares,2026-09-10T01:20:37.874819+00:00,24
2022-07-25,QQQ,302.02,302.5,298.22,300.27,30264275.0,IBKR_TRADES,RTH,split_adjusted,traded_shares,2026-09-10T01:20:37.874819+00:00,24
2022-07-25,SMH,112.67,112.95,111.14,112.69,4434412.0,IBKR_TRADES,RTH,split_adjusted,traded_shares,2026-09-10T01:20:37.874819+00:00,24
2022-07-26,AAPL,152.26,153.09,150.8,151.6,39639710.0,IBKR_TRADES,RTH,split_adjusted,traded_shares,2026-09-10T01:20:37.874819+00:00,24
2022-07-26,AMD,87.01,87.75,84.71,85.25,58189024.0,IBKR_TRADES,RTH,split_adjusted,traded_shares,2026-09-10T01:20:37.874819+00:00,24
2022-07-26,NVDA,16.9,16.92,16.48,16.53,291034230.0,IBKR_TRADES,RTH,split_adjusted,traded_shares,2026-09-10T01:20:37.874819+00:00,24
2022-07-26,QQQ,298.51,298.77,293.54,294.37,32749020.000000004,IBKR_TRADES,RTH,split_adjusted,traded_shares,2026-09-10T01:20:37.874819+00:00,24
2022-07-26,SMH,112.29,112.72,110.65,110.99,2935366.0,IBKR_TRADES,RTH,split_adjusted,traded_shares,2026-09-10T01:20:37.874819+00:00,24
2022-07-27,AAPL,152.55,157.33,152.16,156.79,52854895.0,IBKR_TRADES,RTH,split_adjusted,traded_shares,2026-09-10T01:20:37.874819+00:00,24
2022-07-27,AMD,86.89,90.62,86.29,89.82,63903123.0,IBKR_TRADES,RTH,split_adjusted,traded_shares,2026-09-10T01:20:37.874819+00:00,24
2022-07-27,NVDA,17.05,17.94,16.91,17.79,413294180.0,IBKR_TRADES,RTH,split_adjusted,traded_shares,2026-09-10T01:20:37.874819+00:00,24
2022-07-27,QQQ,299.04,308.54,298.46,306.81,49577965.0,IBKR_TRADES,RTH,split_adjusted,traded_shares,2026-09-10T01:20:37.874819+00:00,24
2022-07-27,SMH,112.75,116.94,112.71,116.18,7224862.0,IBKR_TRADES,RTH,split_adjusted,traded_shares,2026-09-10T01:20:37.874819+00:00,24
2022-07-28,AAPL,156.98,157.64,154.41,157.35,51866668.0,IBKR_TRADES,RTH,split_adjusted,traded_shares,2026-09-10T01:20:37.874819+00:00,24
2022-07-28,AMD,90.43,92.22,88.59,91.67,67135921.0,IBKR_TRADES,RTH,split_adjusted,traded_shares,2026-09-10T01:20:37.874819+00:00,24
2022-07-28,NVDA,17.95,18.14,17.44,17.98,355305350.0,IBKR_TRADES,RTH,split_adjusted,traded_shares,2026-09-10T01:20:37.874819+00:00,24
2022-07-28,QQQ,306.59,310.4,302.74,309.81,39056654.0,IBKR_TRADES,RTH,split_adjusted,traded_shares,2026-09-10T01:20:37.874819+00:00,24
2022-07-28,SMH,116.42,117.79,114.01,117.6,4488274.0,IBKR_TRADES,RTH,split_adjusted,traded_shares,2026-09-10T01:20:37.874819+00:00,24
2022-07-29,AAPL,161.24,163.63,159.5,162.51,68695588.0,IBKR_TRADES,RTH,split_adjusted,traded_shares,2026-09-10T01:20:37.874819+00:00,24
2022-07-29,AMD,90.7,94.81,90.56,94.47,64143538.99999999,IBKR_TRADES,RTH,split_adjusted,traded_shares,2026-09-10T01:20:37.874819+00:00,24
2022-07-29,NVDA,17.81,18.24,17.69,18.16,314217160.0,IBKR_TRADES,RTH,split_adjusted,traded_shares,2026-09-10T01:20:37.874819+00:00,24
2022-07-29,QQQ,311.38,316.39,309.93,315.46,37780418.0,IBKR_TRADES,RTH,split_adjusted,traded_shares,2026-09-10T01:20:37.874819+00:00,24
2022-07-29,SMH,116.37,118.92,115.77,118.58,4647816.0,IBKR_TRADES,RTH,split_adjusted,traded_shares,2026-09-10T01:20:37.874819+00:00,24
2022-08-01,AAPL,161.01,163.59,160.89,161.51,46192783.0,IBKR_TRADES,RTH,split_adjusted,traded_shares,2026-09-10T01:20:37.874819+00:00,24
2022-08-01,AMD,95.59,98.39,93.96,96.78,82095407.0,IBKR_TRADES,RTH,split_adjusted,traded_shares,2026-09-10T01:20:37.874819+00:00,24
2022-08-01,NVDA,18.19,18.85,17.99,18.44,358528900.0,IBKR_TRADES,RTH,split_adjusted,traded_shares,2026-09-10T01:20:37.874819+00:00,24
2022-08-01,QQQ,313.66,318.81,312.53,315.27,33992799.0,IBKR_TRADES,RTH,split_adjusted,traded_shares,2026-09-10T01:20:37.874819+00:00,24
2022-08-01,SMH,117.5,119.91,116.83,118.82,4356544.0,IBKR_TRADES,RTH,split_adjusted,traded_shares,2026-09-10T01:20:37.874819+00:00,24
2022-08-02,AAPL,160.11,162.41,159.63,160.01,42690206.0,IBKR_TRADES,RTH,split_adjusted,traded_shares,2026-09-10T01:20:37.874819+00:00,24
2022-08-02,AMD,95.63,100.92,95.36,99.29,92811645.0,IBKR_TRADES,RTH,split_adjusted,traded_shares,2026-09-10T01:20:37.874819+00:00,24
2022-08-02,NVDA,18.13,18.94,18.09,18.53,369174440.0,IBKR_TRADES,RTH,split_adjusted,traded_shares,2026-09-10T01:20:37.874819+00:00,24
2022-08-02,QQQ,312.92,318.55,311.84,314.33,35825923.0,IBKR_TRADES,RTH,split_adjusted,traded_shares,2026-09-10T01:20:37.874819+00:00,24
2022-08-02,SMH,117.47,120.36,116.99,118.58,4773210.0,IBKR_TRADES,RTH,split_adjusted,traded_shares,2026-09-10T01:20:37.874819+00:00,24
2022-08-03,AAPL,160.84,166.59,160.75,166.13,58706333.0,IBKR_TRADES,RTH,split_adjusted,traded_shares,2026-09-10T01:20:37.874819+00:00,24
2022-08-03,AMD,94.83,98.77,94.27,98.09,110180803.0,IBKR_TRADES,RTH,split_adjusted,traded_shares,2026-09-10T01:20:37.874819+00:00,24
2022-08-03,NVDA,18.18,18.97,18.14,18.89,304055510.0,IBKR_TRADES,RTH,split_adjusted,traded_shares,2026-09-10T01:20:37.874819+00:00,24
2022-08-03,QQQ,316.05,323.73,315.99,322.89,40350530.0,IBKR_TRADES,RTH,split_adjusted,traded_shares,2026-09-10T01:20:37.874819+00:00,24
2022-08-03,SMH,118.46,121.78,118.21,121.41,5407474.0,IBKR_TRADES,RTH,split_adjusted,traded_shares,2026-09-10T01:20:37.874819+00:00,24
2022-08-04,AAPL,166.01,167.19,164.43,165.81,40438699.0,IBKR_TRADES,RTH,split_adjusted,traded_shares,2026-09-10T01:20:37.874819+00:00,24
2022-08-04,AMD,97.59,104.59,97.26,103.91,109093757.0,IBKR_TRADES,RTH,split_adjusted,traded_shares,2026-09-10T01:20:37.874819+00:00,24
2022-08-04,NVDA,18.85,19.27,18.76,19.22,315212360.0,IBKR_TRADES,RTH,split_adjusted,traded_shares,2026-09-10T01:20:37.874819+00:00,24
2022-08-04,QQQ,322.92,324.72,320.77,324.4,27389418.0,IBKR_TRADES,RTH,split_adjusted,traded_shares,2026-09-10T01:20:37.874819+00:00,24
2022-08-04,SMH,121.29,122.87,120.92,122.64,3752094.0,IBKR_TRADES,RTH,split_adjusted,traded_shares,2026-09-10T01:20:37.874819+00:00,24
2022-08-05,AAPL,163.23,165.85,163.0,165.35,41333126.0,IBKR_TRADES,RTH,split_adjusted,traded_shares,2026-09-10T01:20:37.874819+00:00,24
2022-08-05,AMD,101.05,103.86,100.98,102.31,81183550.0,IBKR_TRADES,RTH,split_adjusted,traded_shares,2026-09-10T01:20:37.874819+00:00,24
2022-08-05,NVDA,18.81,19.23,18.67,18.99,285808600.0,IBKR_TRADES,RTH,split_adjusted,traded_shares,2026-09-10T01:20:37.874819+00:00,24
2022-08-05,QQQ,319.19,323.83,318.39,321.75,36844323.0,IBKR_TRADES,RTH,split_adjusted,traded_shares,2026-09-10T01:20:37.874819+00:00,24
2022-08-05,SMH,120.7,122.77,120.06,121.81,3698734.0,IBKR_TRADES,RTH,split_adjusted,traded_shares,2026-09-10T01:20:37.874819+00:00,24
2022-08-08,AAPL,166.37,167.81,164.2,164.87,39581359.0,IBKR_TRADES,RTH,split_adjusted,traded_shares,2026-09-10T01:20:37.874819+00:00,24
2022-08-08,AMD,100.07,101.8,97.99,100.07,76724069.0,IBKR_TRADES,RTH,split_adjusted,traded_shares,2026-09-10T01:20:37.874819+00:00,24
2022-08-08,NVDA,17.51,18.24,17.24,17.79,734307310.0,IBKR_TRADES,RTH,split_adjusted,traded_shares,2026-09-10T01:20:37.874819+00:00,24
2022-08-08,QQQ,322.69,326.47,319.21,320.71,33245838.0,IBKR_TRADES,RTH,split_adjusted,traded_shares,2026-09-10T01:20:37.874819+00:00,24
2022-08-08,SMH,120.28,121.33,118.03,119.71,6056130.0,IBKR_TRADES,RTH,split_adjusted,traded_shares,2026-09-10T01:20:37.874819+00:00,24
2022-08-09,AAPL,164.01,165.82,163.25,164.92,42801907.0,IBKR_TRADES,RTH,split_adjusted,traded_shares,2026-09-10T01:20:37.874819+00:00,24
2022-08-09,AMD,97.96,98.05,93.67,95.54,75839142.0,IBKR_TRADES,RTH,split_adjusted,traded_shares,2026-09-10T01:20:37.874819+00:00,24
2022-08-09,NVDA,17.25,17.45,16.72,17.09,515827570.00000006,IBKR_TRADES,RTH,split_adjusted,traded_shares,2026-09-10T01:20:37.874819+00:00,24
2022-08-09,QQQ,318.77,319.03,315.42,317.08,27401014.0,IBKR_TRADES,RTH,split_adjusted,traded_shares,2026-09-10T01:20:37.874819+00:00,24
2022-08-09,SMH,117.13,117.21,113.36,114.7,9825680.0,IBKR_TRADES,RTH,split_adjusted,traded_shares,2026-09-10T01:20:37.874819+00:00,24
2022-08-10,AAPL,167.66,169.34,166.9,169.24,49248193.0,IBKR_TRADES,RTH,split_adjusted,traded_shares,2026-09-10T01:20:37.874819+00:00,24
2022-08-10,AMD,98.44,99.35,95.61,99.05,68766286.0,IBKR_TRADES,RTH,split_adjusted,traded_shares,2026-09-10T01:20:37.874819+00:00,24
2022-08-10,NVDA,17.7,18.12,17.32,18.1,443193950.0,IBKR_TRADES,RTH,split_adjusted,traded_shares,2026-09-10T01:20:37.874819+00:00,24
2022-08-10,QQQ,324.58,326.23,322.06,325.93,33522045.000000004,IBKR_TRADES,RTH,split_adjusted,traded_shares,2026-09-10T01:20:37.874819+00:00,24
2022-08-10,SMH,117.65,119.41,116.25,119.34,5944840.0,IBKR_TRADES,RTH,split_adjusted,traded_shares,2026-09-10T01:20:37.874819+00:00,24
2022-08-11,AAPL,170.06,170.99,168.19,168.49,41336027.0,IBKR_TRADES,RTH,split_adjusted,traded_shares,2026-09-10T01:20:37.874819+00:00,24
2022-08-11,AMD,99.93,102.37,98.0,98.12,66306686.99999999,IBKR_TRADES,RTH,split_adjusted,traded_shares,2026-09-10T01:20:37.874819+00:00,24
2022-08-11,NVDA,18.12,18.71,17.88,17.94,395071500.0,IBKR_TRADES,RTH,split_adjusted,traded_shares,2026-09-10T01:20:37.874819+00:00,24
2022-08-11,QQQ,328.29,330.36,323.36,324.08,33015505.000000004,IBKR_TRADES,RTH,split_adjusted,traded_shares,2026-09-10T01:20:37.874819+00:00,24
2022-08-11,SMH,120.17,122.5,119.06,119.32,6661610.0,IBKR_TRADES,RTH,split_adjusted,traded_shares,2026-09-10T01:20:37.874819+00:00,24
2022-08-12,AAPL,169.84,172.17,169.4,172.1,48828375.0,IBKR_TRADES,RTH,split_adjusted,traded_shares,2026-09-10T01:20:37.874819+00:00,24
2022-08-12,AMD,99.18,101.4,98.48,100.83,61500764.0,IBKR_TRADES,RTH,split_adjusted,traded_shares,2026-09-10T01:20:37.874819+00:00,24
2022-08-12,NVDA,18.16,18.72,17.95,18.71,366769700.0,IBKR_TRADES,RTH,split_adjusted,traded_shares,2026-09-10T01:20:37.874819+00:00,24
2022-08-12,QQQ,326.18,330.59,325.1,330.39,26825890.0,IBKR_TRADES,RTH,split_adjusted,traded_shares,2026-09-10T01:20:37.874819+00:00,24
2022-08-12,SMH,120.0,122.86,119.6,122.69,4088054.0,IBKR_TRADES,RTH,split_adjusted,traded_shares,2026-09-10T01:20:37.874819+00:00,24
2022-08-15,AAPL,171.51,173.39,171.34,173.19,36483134.0,IBKR_TRADES,RTH,split_adjusted,traded_shares,2026-09-10T01:20:37.874819+00:00,24
2022-08-15,AMD,100.5,101.85,99.8,101.01,52608416.0,IBKR_TRADES,RTH,split_adjusted,traded_shares,2026-09-10T01:20:37.874819+00:00,24
2022-08-15,NVDA,18.71,19.16,18.61,19.03,357349760.0,IBKR_TRADES,RTH,split_adjusted,traded_shares,2026-09-10T01:20:37.874819+00:00,24
2022-08-15,QQQ,329.42,333.57,329.4,333.06,24553421.0,IBKR_TRADES,RTH,split_adjusted,traded_shares,2026-09-10T01:20:37.874819+00:00,24
2022-08-15,SMH,121.95,123.53,121.39,123.24,3216368.0,IBKR_TRADES,RTH,split_adjusted,traded_shares,2026-09-10T01:20:37.874819+00:00,24
2022-08-16,AAPL,172.77,173.71,171.66,173.03,40015046.0,IBKR_TRADES,RTH,split_adjusted,traded_shares,2026-09-10T01:20:37.874819+00:00,24
2022-08-16,AMD,100.81,101.45,98.32,100.2,51976847.0,IBKR_TRADES,RTH,split_adjusted,traded_shares,2026-09-10T01:20:37.874819+00:00,24
2022-08-16,NVDA,18.92,19.14,18.5,18.88,335507790.0,IBKR_TRADES,RTH,split_adjusted,traded_shares,2026-09-10T01:20:37.874819+00:00,24
2022-08-16,QQQ,332.06,334.43,329.16,332.28,29680445.0,IBKR_TRADES,RTH,split_adjusted,traded_shares,2026-09-10T01:20:37.874819+00:00,24
2022-08-16,SMH,122.6,122.96,120.53,121.85,3071892.0,IBKR_TRADES,RTH,split_adjusted,traded_shares,2026-09-10T01:20:37.874819+00:00,24
2022-08-17,AAPL,172.77,176.15,172.57,174.55,61086473.0,IBKR_TRADES,RTH,split_adjusted,traded_shares,2026-09-10T01:20:37.874819+00:00,24
2022-08-17,AMD,99.22,99.64,96.72,98.27,54488703.0,IBKR_TRADES,RTH,split_adjusted,traded_shares,2026-09-10T01:20:37.874819+00:00,24
2022-08-17,NVDA,18.53,18.69,18.15,18.34,342053560.0,IBKR_TRADES,RTH,split_adjusted,traded_shares,2026-09-10T01:20:37.874819+00:00,24
2022-08-17,QQQ,329.07,331.43,326.36,328.49,34032369.0,IBKR_TRADES,RTH,split_adjusted,traded_shares,2026-09-10T01:20:37.874819+00:00,24
2022-08-17,SMH,120.14,120.27,117.7,119.24,4592420.0,IBKR_TRADES,RTH,split_adjusted,traded_shares,2026-09-10T01:20:37.874819+00:00,24
2022-08-18,AAPL,173.74,174.9,173.12,174.15,47351175.0,IBKR_TRADES,RTH,split_adjusted,traded_shares,2026-09-10T01:20:37.874819+00:00,24
2022-08-18,AMD,97.75,101.07,96.73,100.44,65232279.0,IBKR_TRADES,RTH,split_adjusted,traded_shares,2026-09-10T01:20:37.874819+00:00,24
2022-08-18,NVDA,18.3,18.87,18.18,18.77,316366710.0,IBKR_TRADES,RTH,split_adjusted,traded_shares,2026-09-10T01:20:37.874819+00:00,24
2022-08-18,QQQ,328.44,330.49,326.79,329.28,26643262.0,IBKR_TRADES,RTH,split_adjusted,traded_shares,2026-09-10T01:20:37.874819+00:00,24
2022-08-18,SMH,119.11,121.7,118.7,120.9,3564642.0,IBKR_TRADES,RTH,split_adjusted,traded_shares,2026-09-10T01:20:37.874819+00:00,24
2022-08-19,AAPL,173.03,173.74,171.31,171.52,51819981.0,IBKR_TRADES,RTH,split_adjusted,traded_shares,2026-09-10T01:20:37.874819+00:00,24
2022-08-19,AMD,98.67,99.25,94.59,95.95,55797985.0,IBKR_TRADES,RTH,split_adjusted,traded_shares,2026-09-10T01:20:37.874819+00:00,24
2022-08-19,NVDA,18.41,18.52,17.77,17.85,326601600.0,IBKR_TRADES,RTH,split_adjusted,traded_shares,2026-09-10T01:20:37.874819+00:00,24
2022-08-19,QQQ,326.17,326.84,322.08,322.86,32431771.0,IBKR_TRADES,RTH,split_adjusted,traded_shares,2026-09-10T01:20:37.874819+00:00,24
2022-08-19,SMH,119.36,119.79,117.1,117.5,4958020.0,IBKR_TRADES,RTH,split_adjusted,traded_shares,2026-09-10T01:20:37.874819+00:00,24
2022-08-22,AAPL,169.71,169.86,167.13,167.57,47281325.0,IBKR_TRADES,RTH,split_adjusted,traded_shares,2026-09-10T01:20:37.874819+00:00,24
2022-08-22,AMD,94.4,95.02,92.36,92.84,50022330.0,IBKR_TRADES,RTH,split_adjusted,traded_shares,2026-09-10T01:20:37.874819+00:00,24
2022-08-22,NVDA,17.49,17.56,16.97,17.03,303046660.0,IBKR_TRADES,RTH,split_adjusted,traded_shares,2026-09-10T01:20:37.874819+00:00,24
2022-08-22,QQQ,318.5,318.74,313.53,314.36,34610828.0,IBKR_TRADES,RTH,split_adjusted,traded_shares,2026-09-10T01:20:37.874819+00:00,24
2022-08-22,SMH,115.24,115.63,112.98,113.4,4794140.0,IBKR_TRADES,RTH,split_adjusted,traded_shares,2026-09-10T01:20:37.874819+00:00,24
2022-08-23,AAPL,167.13,168.71,166.65,167.23,40081047.0,IBKR_TRADES,RTH,split_adjusted,traded_shares,2026-09-10T01:20:37.874819+00:00,24
2022-08-23,AMD,92.43,94.44,92.11,92.49,44944148.0,IBKR_TRADES,RTH,split_adjusted,traded_shares,2026-09-10T01:20:37.874819+00:00,24
2022-08-23,NVDA,17.0,17.47,16.97,17.18,276540090.0,IBKR_TRADES,RTH,split_adjusted,traded_shares,2026-09-10T01:20:37.874819+00:00,24
2022-08-23,QQQ,314.1,317.0,313.33,314.1,27694799.0,IBKR_TRADES,RTH,split_adjusted,traded_shares,2026-09-10T01:20:37.874819+00:00,24
2022-08-23,SMH,113.4,115.54,113.36,114.14,3174644.0,IBKR_TRADES,RTH,split_adjusted,traded_shares,2026-09-10T01:20:37.874819+00:00,24
2022-08-24,AAPL,167.41,168.11,166.24,167.53,40183318.0,IBKR_TRADES,RTH,split_adjusted,traded_shares,2026-09-10T01:20:37.874819+00:00,24
2022-08-24,AMD,92.27,93.38,90.9,92.73,45897151.0,IBKR_TRADES,RTH,split_adjusted,traded_shares,2026-09-10T01:20:37.874819+00:00,24
2022-08-24,NVDA,17.03,17.41,16.9,17.22,361666100.0,IBKR_TRADES,RTH,split_adjusted,traded_shares,2026-09-10T01:20:37.874819+00:00,24
2022-08-24,QQQ,313.54,316.87,312.99,315.01,26203216.0,IBKR_TRADES,RTH,split_adjusted,traded_shares,2026-09-10T01:20:37.874819+00:00,24
2022-08-24,SMH,113.91,114.52,112.87,114.06,3188950.0,IBKR_TRADES,RTH,split_adjusted,traded_shares,2026-09-10T01:20:37.874819+00:00,24
2022-08-25,AAPL,168.78,170.14,168.35,170.03,37654463.0,IBKR_TRADES,RTH,split_adjusted,traded_shares,2026-09-10T01:20:37.874819+00:00,24
2022-08-25,AMD,93.14,97.57,93.14,97.18,51790124.0,IBKR_TRADES,RTH,split_adjusted,traded_shares,2026-09-10T01:20:37.874819+00:00,24
2022-08-25,NVDA,16.84,17.95,16.83,17.91,601133930.0,IBKR_TRADES,RTH,split_adjusted,traded_shares,2026-09-10T01:20:37.874819+00:00,24
2022-08-25,QQQ,316.85,320.6,315.75,320.58,23461132.0,IBKR_TRADES,RTH,split_adjusted,traded_shares,2026-09-10T01:20:37.874819+00:00,24
2022-08-25,SMH,114.27,117.9,114.25,117.89,3898716.0000000005,IBKR_TRADES,RTH,split_adjusted,traded_shares,2026-09-10T01:20:37.874819+00:00,24
2022-08-26,AAPL,170.57,171.05,163.56,163.62,52371892.0,IBKR_TRADES,RTH,split_adjusted,traded_shares,2026-09-10T01:20:37.874819+00:00,24
2022-08-26,AMD,96.29,97.6,91.12,91.18,52083182.0,IBKR_TRADES,RTH,split_adjusted,traded_shares,2026-09-10T01:20:37.874819+00:00,24
2022-08-26,NVDA,17.85,17.92,16.24,16.26,575330950.0,IBKR_TRADES,RTH,split_adjusted,traded_shares,2026-09-10T01:20:37.874819+00:00,24
2022-08-26,QQQ,320.28,321.51,307.35,307.44,47786700.0,IBKR_TRADES,RTH,split_adjusted,traded_shares,2026-09-10T01:20:37.874819+00:00,24
2022-08-26,SMH,117.64,117.8,111.32,111.33,6788330.0,IBKR_TRADES,RTH,split_adjusted,traded_shares,2026-09-10T01:20:37.874819+00:00,24
2022-08-29,AAPL,161.15,162.9,159.82,161.38,54532690.0,IBKR_TRADES,RTH,split_adjusted,traded_shares,2026-09-10T01:20:37.874819+00:00,24
2022-08-29,AMD,90.09,91.19,88.26,88.49,51159684.0,IBKR_TRADES,RTH,split_adjusted,traded_shares,2026-09-10T01:20:37.874819+00:00,24
2022-08-29,NVDA,16.01,16.34,15.77,15.8,375118240.0,IBKR_TRADES,RTH,split_adjusted,traded_shares,2026-09-10T01:20:37.874819+00:00,24
2022-08-29,QQQ,304.62,307.22,303.28,304.41,35996670.0,IBKR_TRADES,RTH,split_adjusted,traded_shares,2026-09-10T01:20:37.874819+00:00,24
2022-08-29,SMH,110.5,111.46,109.16,109.27,6743486.0,IBKR_TRADES,RTH,split_adjusted,traded_shares,2026-09-10T01:20:37.874819+00:00,24
2022-08-30,AAPL,162.16,162.56,157.72,158.91,58445551.0,IBKR_TRADES,RTH,split_adjusted,traded_shares,2026-09-10T01:20:37.874819+00:00,24
2022-08-30,AMD,90.06,90.15,85.34,86.94,59616847.0,IBKR_TRADES,RTH,split_adjusted,traded_shares,2026-09-10T01:20:37.874819+00:00,24
2022-08-30,NVDA,15.96,16.04,15.18,15.47,398858170.0,IBKR_TRADES,RTH,split_adjusted,traded_shares,2026-09-10T01:20:37.874819+00:00,24
2022-08-30,QQQ,306.1,306.73,298.44,301.02,39380880.0,IBKR_TRADES,RTH,split_adjusted,traded_shares,2026-09-10T01:20:37.874819+00:00,24
2022-08-30,SMH,110.38,110.52,106.88,108.02,5968546.0,IBKR_TRADES,RTH,split_adjusted,traded_shares,2026-09-10T01:20:37.874819+00:00,24
2022-08-31,AAPL,160.31,160.58,157.14,157.22,51675701.0,IBKR_TRADES,RTH,split_adjusted,traded_shares,2026-09-10T01:20:37.874819+00:00,24
2022-08-31,AMD,86.3,86.72,83.72,84.87,52308392.0,IBKR_TRADES,RTH,split_adjusted,traded_shares,2026-09-10T01:20:37.874819+00:00,24
2022-08-31,NVDA,15.37,15.54,14.96,15.09,387021240.0,IBKR_TRADES,RTH,split_adjusted,traded_shares,2026-09-10T01:20:37.874819+00:00,24
2022-08-31,QQQ,304.0,304.91,299.16,299.27,33031508.0,IBKR_TRADES,RTH,split_adjusted,traded_shares,2026-09-10T01:20:37.874819+00:00,24
2022-08-31,SMH,108.68,108.88,106.37,107.29,5557180.0,IBKR_TRADES,RTH,split_adjusted,traded_shares,2026-09-10T01:20:37.874819+00:00,24
2022-09-01,AAPL,156.64,158.42,154.67,157.96,57746715.0,IBKR_TRADES,RTH,split_adjusted,traded_shares,2026-09-10T01:20:37.874819+00:00,24
2022-09-01,AMD,82.37,82.76,78.52,82.33,81438829.0,IBKR_TRADES,RTH,split_adjusted,traded_shares,2026-09-10T01:20:37.874819+00:00,24
2022-09-01,NVDA,14.21,14.38,13.27,13.94,889568590.0,IBKR_TRADES,RTH,split_adjusted,traded_shares,2026-09-10T01:20:37.874819+00:00,24
2022-09-01,QQQ,296.72,299.78,292.95,299.4,43878796.0,IBKR_TRADES,RTH,split_adjusted,traded_shares,2026-09-10T01:20:37.874819+00:00,24
2022-09-01,SMH,104.52,105.1,102.08,104.94,9568700.0,IBKR_TRADES,RTH,split_adjusted,traded_shares,2026-09-10T01:20:37.874819+00:00,24
2022-09-02,AAPL,159.73,160.37,154.96,155.81,58508412.0,IBKR_TRADES,RTH,split_adjusted,traded_shares,2026-09-10T01:20:37.874819+00:00,24
2022-09-02,AMD,83.35,83.65,79.8,80.24,73985295.0,IBKR_TRADES,RTH,split_adjusted,traded_shares,2026-09-10T01:20:37.874819+00:00,24
2022-09-02,NVDA,14.1,14.17,13.59,13.65,561640590.0,IBKR_TRADES,RTH,split_adjusted,traded_shares,2026-09-10T01:20:37.874819+00:00,24
2022-09-02,QQQ,302.34,303.75,293.52,295.17,44093136.0,IBKR_TRADES,RTH,split_adjusted,traded_shares,2026-09-10T01:20:37.874819+00:00,24
2022-09-02,SMH,106.27,107.29,103.47,103.91,4928910.0,IBKR_TRADES,RTH,split_adjusted,traded_shares,2026-09-10T01:20:37.874819+00:00,24
2022-09-06,AAPL,156.46,157.09,153.69,154.53,56517573.0,IBKR_TRADES,RTH,split_adjusted,traded_shares,2026-09-10T01:20:37.874819+00:00,24
2022-09-06,AMD,80.41,80.89,78.37,78.72,56535740.0,IBKR_TRADES,RTH,split_adjusted,traded_shares,2026-09-10T01:20:37.874819+00:00,24
2022-09-06,NVDA,13.72,13.78,13.35,13.47,406741280.0,IBKR_TRADES,RTH,split_adjusted,traded_shares,2026-09-10T01:20:37.874819+00:00,24
2022-09-06,QQQ,295.66,296.6,290.87,293.05,41605437.0,IBKR_TRADES,RTH,split_adjusted,traded_shares,2026-09-10T01:20:37.874819+00:00,24
2022-09-06,SMH,104.01,104.52,102.09,102.75,4998072.0,IBKR_TRADES,RTH,split_adjusted,traded_shares,2026-09-10T01:20:37.874819+00:00,24
2022-09-07,AAPL,154.8,156.67,153.61,155.96,68453430.0,IBKR_TRADES,RTH,split_adjusted,traded_shares,2026-09-10T01:20:37.874819+00:00,24
2022-09-07,AMD,79.2,80.25,77.74,79.61,55868937.0,IBKR_TRADES,RTH,split_adjusted,traded_shares,2026-09-10T01:20:37.874819+00:00,24
2022-09-07,NVDA,13.57,13.84,13.35,13.71,373370130.0,IBKR_TRADES,RTH,split_adjusted,traded_shares,2026-09-10T01:20:37.874819+00:00,24
2022-09-07,QQQ,293.54,299.99,293.27,298.97,34383114.0,IBKR_TRADES,RTH,split_adjusted,traded_shares,2026-09-10T01:20:37.874819+00:00,24
2022-09-07,SMH,102.75,105.18,102.25,104.39,5908302.0,IBKR_TRADES,RTH,split_adjusted,traded_shares,2026-09-10T01:20:37.874819+00:00,24
2022-09-08,AAPL,154.65,156.36,152.68,154.46,64071159.0,IBKR_TRADES,RTH,split_adjusted,traded_shares,2026-09-10T01:20:37.874819+00:00,24
2022-09-08,AMD,80.02,83.45,79.24,82.78,76640791.0,IBKR_TRADES,RTH,split_adjusted,traded_shares,2026-09-10T01:20:37.874819+00:00,24
2022-09-08,NVDA,13.46,14.01,13.37,13.99,486369489.99999994,IBKR_TRADES,RTH,split_adjusted,traded_shares,2026-09-10T01:20:37.874819+00:00,24
2022-09-08,QQQ,296.85,301.87,295.45,300.52,37603607.0,IBKR_TRADES,RTH,split_adjusted,traded_shares,2026-09-10T01:20:37.874819+00:00,24
2022-09-08,SMH,103.39,106.22,102.65,105.81,5906028.0,IBKR_TRADES,RTH,split_adjusted,traded_shares,2026-09-10T01:20:37.874819+00:00,24
2022-09-09,AAPL,155.48,157.82,154.75,157.37,49750564.0,IBKR_TRADES,RTH,split_adjusted,traded_shares,2026-09-10T01:20:37.874819+00:00,24
2022-09-09,AMD,84.04,85.68,83.84,85.45,59547016.0,IBKR_TRADES,RTH,split_adjusted,traded_shares,2026-09-10T01:20:37.874819+00:00,24
2022-09-09,NVDA,14.15,14.47,14.13,14.39,369843210.0,IBKR_TRADES,RTH,split_adjusted,traded_shares,2026-09-10T01:20:37.874819+00:00,24
2022-09-09,QQQ,302.83,307.6,302.79,307.09,36902824.0,IBKR_TRADES,RTH,split_adjusted,traded_shares,2026-09-10T01:20:37.874819+00:00,24
2022-09-09,SMH,107.33,108.74,107.14,108.43,5709194.0,IBKR_TRADES,RTH,split_adjusted,traded_shares,2026-09-10T01:20:37.874819+00:00,24
2022-09-12,AAPL,159.6,164.26,159.3,163.43,78753651.0,IBKR_TRADES,RTH,split_adjusted,traded_shares,2026-09-10T01:20:37.874819+00:00,24
2022-09-12,AMD,84.89,85.35,83.46,84.64,61204212.0,IBKR_TRADES,RTH,split_adjusted,traded_shares,2026-09-10T01:20:37.874819+00:00,24
2022-09-12,NVDA,14.37,14.55,14.2,14.51,383096900.0,IBKR_TRADES,RTH,split_adjusted,traded_shares,2026-09-10T01:20:37.874819+00:00,24
2022-09-12,QQQ,308.5,311.08,308.18,310.74,28455471.0,IBKR_TRADES,RTH,split_adjusted,traded_shares,2026-09-10T01:20:37.874819+00:00,24
2022-09-12,SMH,108.88,109.42,107.66,108.7,4928304.0,IBKR_TRADES,RTH,split_adjusted,traded_shares,2026-09-10T01:20:37.874819+00:00,24
2022-09-13,AAPL,160.01,160.54,153.37,153.84,87158911.0,IBKR_TRADES,RTH,split_adjusted,traded_shares,2026-09-10T01:20:37.874819+00:00,24
2022-09-13,AMD,81.01,81.47,76.8,77.03,65335680.0,IBKR_TRADES,RTH,split_adjusted,traded_shares,2026-09-10T01:20:37.874819+00:00,24
2022-09-13,NVDA,13.81,13.92,13.1,13.13,498416300.0,IBKR_TRADES,RTH,split_adjusted,traded_shares,2026-09-10T01:20:37.874819+00:00,24
2022-09-13,QQQ,301.76,303.02,292.78,293.7,50541474.0,IBKR_TRADES,RTH,split_adjusted,traded_shares,2026-09-10T01:20:37.874819+00:00,24
2022-09-13,SMH,104.92,105.77,101.95,102.23,6402780.0,IBKR_TRADES,RTH,split_adjusted,traded_shares,2026-09-10T01:20:37.874819+00:00,24
2022-09-14,AAPL,154.76,157.1,153.61,155.31,65474174.0,IBKR_TRADES,RTH,split_adjusted,traded_shares,2026-09-10T01:20:37.874819+00:00,24
2022-09-14,AMD,77.05,78.08,75.87,77.45,61022262.99999999,IBKR_TRADES,RTH,split_adjusted,traded_shares,2026-09-10T01:20:37.874819+00:00,24
2022-09-14,NVDA,13.25,13.29,12.91,13.13,443831170.0,IBKR_TRADES,RTH,split_adjusted,traded_shares,2026-09-10T01:20:37.874819+00:00,24
2022-09-14,QQQ,294.87,296.93,293.06,296.03,39004063.0,IBKR_TRADES,RTH,split_adjusted,traded_shares,2026-09-10T01:20:37.874819+00:00,24
2022-09-14,SMH,103.13,104.01,101.99,103.34,6935676.0,IBKR_TRADES,RTH,split_adjusted,traded_shares,2026-09-10T01:20:37.874819+00:00,24
2022-09-15,AAPL,154.65,155.24,151.38,152.37,66350386.0,IBKR_TRADES,RTH,split_adjusted,traded_shares,2026-09-10T01:20:37.874819+00:00,24
2022-09-15,AMD,76.67,77.97,74.9,76.66,71286664.0,IBKR_TRADES,RTH,split_adjusted,traded_shares,2026-09-10T01:20:37.874819+00:00,24
2022-09-15,NVDA,13.02,13.23,12.79,12.93,394371290.0,IBKR_TRADES,RTH,split_adjusted,traded_shares,2026-09-10T01:20:37.874819+00:00,24
2022-09-15,QQQ,294.07,296.53,289.46,291.1,46367996.0,IBKR_TRADES,RTH,split_adjusted,traded_shares,2026-09-10T01:20:37.874819+00:00,24
2022-09-15,SMH,102.66,103.66,100.79,101.5,6982824.0,IBKR_TRADES,RTH,split_adjusted,traded_shares,2026-09-10T01:20:37.874819+00:00,24
2022-09-16,AAPL,151.21,151.35,148.37,150.7,92297663.0,IBKR_TRADES,RTH,split_adjusted,traded_shares,2026-09-10T01:20:37.874819+00:00,24
2022-09-16,AMD,75.62,76.82,74.68,76.51,62158395.0,IBKR_TRADES,RTH,split_adjusted,traded_shares,2026-09-10T01:20:37.874819+00:00,24
2022-09-16,NVDA,12.74,13.21,12.62,13.2,488733610.0,IBKR_TRADES,RTH,split_adjusted,traded_shares,2026-09-10T01:20:37.874819+00:00,24
2022-09-16,QQQ,287.72,289.72,285.62,289.32,45733303.0,IBKR_TRADES,RTH,split_adjusted,traded_shares,2026-09-10T01:20:37.874819+00:00,24
2022-09-16,SMH,100.5,102.07,99.71,101.96,5668586.0,IBKR_TRADES,RTH,split_adjusted,traded_shares,2026-09-10T01:20:37.874819+00:00,24
2022-09-19,AAPL,149.31,154.56,149.1,154.48,62375843.0,IBKR_TRADES,RTH,split_adjusted,traded_shares,2026-09-10T01:20:37.874819+00:00,24
2022-09-19,AMD,75.43,77.34,75.35,76.77,57265390.0,IBKR_TRADES,RTH,split_adjusted,traded_shares,2026-09-10T01:20:37.874819+00:00,24
2022-09-19,NVDA,13.01,13.46,13.01,13.38,444390160.0,IBKR_TRADES,RTH,split_adjusted,traded_shares,2026-09-10T01:20:37.874819+00:00,24
2022-09-19,QQQ,286.15,291.21,286.04,291.05,36417010.0,IBKR_TRADES,RTH,split_adjusted,traded_shares,2026-09-10T01:20:37.874819+00:00,24
2022-09-19,SMH,100.65,102.91,100.56,102.63,4450154.0,IBKR_TRADES,RTH,split_adjusted,traded_shares,2026-09-10T01:20:37.874819+00:00,24
2022-09-20,AAPL,153.4,158.08,153.08,156.9,87793543.0,IBKR_TRADES,RTH,split_adjusted,traded_shares,2026-09-10T01:20:37.874819+00:00,24
2022-09-20,AMD,76.09,76.58,74.73,75.25,43907833.0,IBKR_TRADES,RTH,split_adjusted,traded_shares,2026-09-10T01:20:37.874819+00:00,24
2022-09-20,NVDA,13.22,13.48,13.06,13.18,430669440.0,IBKR_TRADES,RTH,split_adjusted,traded_shares,2026-09-10T01:20:37.874819+00:00,24
2022-09-20,QQQ,288.49,291.07,286.38,288.73,38543208.0,IBKR_TRADES,RTH,split_adjusted,traded_shares,2026-09-10T01:20:37.874819+00:00,24
2022-09-20,SMH,101.6,102.13,100.58,101.21,3723692.0,IBKR_TRADES,RTH,split_adjusted,traded_shares,2026-09-10T01:20:37.874819+00:00,24
2022-09-21,AAPL,157.44,158.74,153.6,153.72,79131651.0,IBKR_TRADES,RTH,split_adjusted,traded_shares,2026-09-10T01:20:37.874819+00:00,24
2022-09-21,AMD,75.4,78.41,74.45,74.48,71717370.0,IBKR_TRADES,RTH,split_adjusted,traded_shares,2026-09-10T01:20:37.874819+00:00,24
2022-09-21,NVDA,13.21,14.03,13.11,13.26,648494310.0,IBKR_TRADES,RTH,split_adjusted,traded_shares,2026-09-10T01:20:37.874819+00:00,24
2022-09-21,QQQ,289.61,293.95,283.42,283.56,60870603.00000001,IBKR_TRADES,RTH,split_adjusted,traded_shares,2026-09-10T01:20:37.874819+00:00,24
2022-09-21,SMH,101.47,104.69,100.33,100.36,9280222.0,IBKR_TRADES,RTH,split_adjusted,traded_shares,2026-09-10T01:20:37.874819+00:00,24
2022-09-22,AAPL,152.3,154.47,150.91,152.74,68915401.0,IBKR_TRADES,RTH,split_adjusted,traded_shares,2026-09-10T01:20:37.874819+00:00,24
2022-09-22,AMD,73.9,74.29,69.17,69.5,85805023.0,IBKR_TRADES,RTH,split_adjusted,traded_shares,2026-09-10T01:20:37.874819+00:00,24
2022-09-22,NVDA,13.08,13.15,12.43,12.56,607883740.0,IBKR_TRADES,RTH,split_adjusted,traded_shares,2026-09-10T01:20:37.874819+00:00,24
2022-09-22,QQQ,282.0,283.03,278.81,280.07,45002043.0,IBKR_TRADES,RTH,split_adjusted,traded_shares,2026-09-10T01:20:37.874819+00:00,24
2022-09-22,SMH,99.85,100.05,97.25,97.58,7749438.0,IBKR_TRADES,RTH,split_adjusted,traded_shares,2026-09-10T01:20:37.874819+00:00,24
2022-09-23,AAPL,151.2,151.47,148.56,150.43,74353224.0,IBKR_TRADES,RTH,split_adjusted,traded_shares,2026-09-10T01:20:37.874819+00:00,24
2022-09-23,AMD,68.03,69.09,66.82,67.96,73003054.0,IBKR_TRADES,RTH,split_adjusted,traded_shares,2026-09-10T01:20:37.874819+00:00,24
2022-09-23,NVDA,12.42,12.61,12.26,12.52,519385610.0,IBKR_TRADES,RTH,split_adjusted,traded_shares,2026-09-10T01:20:37.874819+00:00,24
2022-09-23,QQQ,277.55,277.85,272.02,275.51,53204021.0,IBKR_TRADES,RTH,split_adjusted,traded_shares,2026-09-10T01:20:37.874819+00:00,24
2022-09-23,SMH,96.49,96.84,94.74,96.19,5997646.0,IBKR_TRADES,RTH,split_adjusted,traded_shares,2026-09-10T01:20:37.874819+00:00,24
2022-09-26,AAPL,149.66,153.78,149.64,150.77,71643441.0,IBKR_TRADES,RTH,split_adjusted,traded_shares,2026-09-10T01:20:37.874819+00:00,24
2022-09-26,AMD,67.85,68.74,66.25,66.3,69173702.0,IBKR_TRADES,RTH,split_adjusted,traded_shares,2026-09-10T01:20:37.874819+00:00,24
2022-09-26,NVDA,12.5,12.66,12.21,12.23,411911000.0,IBKR_TRADES,RTH,split_adjusted,traded_shares,2026-09-10T01:20:37.874819+00:00,24
2022-09-26,QQQ,274.98,279.49,273.57,274.37,49552881.0,IBKR_TRADES,RTH,split_adjusted,traded_shares,2026-09-10T01:20:37.874819+00:00,24
2022-09-26,SMH,96.14,97.45,94.9,95.07,3988409.9999999995,IBKR_TRADES,RTH,split_adjusted,traded_shares,2026-09-10T01:20:37.874819+00:00,24
2022-09-27,AAPL,152.79,154.72,149.94,151.76,64998053.0,IBKR_TRADES,RTH,split_adjusted,traded_shares,2026-09-10T01:20:37.874819+00:00,24
2022-09-27,AMD,67.89,68.78,66.0,67.17,83283302.0,IBKR_TRADES,RTH,split_adjusted,traded_shares,2026-09-10T01:20:37.874819+00:00,24
2022-09-27,NVDA,12.51,12.74,12.26,12.41,443124280.0,IBKR_TRADES,RTH,split_adjusted,traded_shares,2026-09-10T01:20:37.874819+00:00,24
2022-09-27,QQQ,277.81,280.21,272.11,274.48,51489348.0,IBKR_TRADES,RTH,split_adjusted,traded_shares,2026-09-10T01:20:37.874819+00:00,24
2022-09-27,SMH,96.55,97.36,94.45,95.79,5717550.0,IBKR_TRADES,RTH,split_adjusted,traded_shares,2026-09-10T01:20:37.874819+00:00,24
2022-09-28,AAPL,147.64,150.65,144.84,149.84,111039393.0,IBKR_TRADES,RTH,split_adjusted,traded_shares,2026-09-10T01:20:37.874819+00:00,24
2022-09-28,AMD,67.11,68.8,66.56,68.36,59758260.0,IBKR_TRADES,RTH,split_adjusted,traded_shares,2026-09-10T01:20:37.874819+00:00,24
2022-09-28,NVDA,12.41,12.82,12.35,12.74,414662410.0,IBKR_TRADES,RTH,split_adjusted,traded_shares,2026-09-10T01:20:37.874819+00:00,24
2022-09-28,QQQ,274.46,281.25,272.94,279.94,46222466.0,IBKR_TRADES,RTH,split_adjusted,traded_shares,2026-09-10T01:20:37.874819+00:00,24
2022-09-28,SMH,94.86,97.44,94.51,97.01,6773908.0,IBKR_TRADES,RTH,split_adjusted,traded_shares,2026-09-10T01:20:37.874819+00:00,24
2022-09-29,AAPL,146.1,146.72,140.68,142.48,98773283.0,IBKR_TRADES,RTH,split_adjusted,traded_shares,2026-09-10T01:20:37.874819+00:00,24
2022-09-29,AMD,67.22,67.22,62.83,64.14,86329020.0,IBKR_TRADES,RTH,split_adjusted,traded_shares,2026-09-10T01:20:37.874819+00:00,24
2022-09-29,NVDA,12.45,12.5,11.95,12.22,405177790.0,IBKR_TRADES,RTH,split_adjusted,traded_shares,2026-09-10T01:20:37.874819+00:00,24
2022-09-29,QQQ,275.9,276.25,268.84,271.87,59166309.0,IBKR_TRADES,RTH,split_adjusted,traded_shares,2026-09-10T01:20:37.874819+00:00,24
2022-09-29,SMH,95.19,95.44,92.7,93.95,7337768.0,IBKR_TRADES,RTH,split_adjusted,traded_shares,2026-09-10T01:20:37.874819+00:00,24
2022-09-30,AAPL,141.2,143.1,138.0,138.2,87106210.0,IBKR_TRADES,RTH,split_adjusted,traded_shares,2026-09-10T01:20:37.874819+00:00,24
2022-09-30,AMD,63.62,65.91,63.34,63.36,69348614.0,IBKR_TRADES,RTH,split_adjusted,traded_shares,2026-09-10T01:20:37.874819+00:00,24
2022-09-30,NVDA,12.09,12.63,12.08,12.14,432336630.0,IBKR_TRADES,RTH,split_adjusted,traded_shares,2026-09-10T01:20:37.874819+00:00,24
2022-09-30,QQQ,271.03,275.19,267.1,267.26,50405331.0,IBKR_TRADES,RTH,split_adjusted,traded_shares,2026-09-10T01:20:37.874819+00:00,24
2022-09-30,SMH,92.83,95.31,92.56,92.56,4659294.0,IBKR_TRADES,RTH,split_adjusted,traded_shares,2026-09-10T01:20:37.874819+00:00,24
2022-10-03,AAPL,138.26,143.07,137.68,142.45,82722763.0,IBKR_TRADES,RTH,split_adjusted,traded_shares,2026-09-10T01:20:37.874819+00:00,24
2022-10-03,AMD,64.46,66.91,63.39,66.11,67927687.0,IBKR_TRADES,RTH,split_adjusted,traded_shares,2026-09-10T01:20:37.874819+00:00,24
2022-10-03,NVDA,12.35,12.68,12.11,12.51,424971280.0,IBKR_TRADES,RTH,split_adjusted,traded_shares,2026-09-10T01:20:37.874819+00:00,24
2022-10-03,QQQ,269.07,275.16,267.53,273.53,41999267.0,IBKR_TRADES,RTH,split_adjusted,traded_shares,2026-09-10T01:20:37.874819+00:00,24
2022-10-03,SMH,93.64,96.83,93.06,95.88,5926808.0,IBKR_TRADES,RTH,split_adjusted,traded_shares,2026-09-10T01:20:37.874819+00:00,24
2022-10-04,AAPL,145.03,146.22,144.26,146.1,63574086.0,IBKR_TRADES,RTH,split_adjusted,traded_shares,2026-09-10T01:20:37.874819+00:00,24
2022-10-04,AMD,68.26,69.18,67.33,67.9,65103097.0,IBKR_TRADES,RTH,split_adjusted,traded_shares,2026-09-10T01:20:37.874819+00:00,24
2022-10-04,NVDA,12.88,13.22,12.88,13.17,448085650.0,IBKR_TRADES,RTH,split_adjusted,traded_shares,2026-09-10T01:20:37.874819+00:00,24
2022-10-04,QQQ,278.99,282.85,278.99,282.13,46490711.0,IBKR_TRADES,RTH,split_adjusted,traded_shares,2026-09-10T01:20:37.874819+00:00,24
2022-10-04,SMH,98.7,100.31,98.5,99.98,7951794.0,IBKR_TRADES,RTH,split_adjusted,traded_shares,2026-09-10T01:20:37.874819+00:00,24
2022-10-05,AAPL,144.07,147.38,143.01,146.4,62976887.00000001,IBKR_TRADES,RTH,split_adjusted,traded_shares,2026-09-10T01:20:37.874819+00:00,24
2022-10-05,AMD,66.59,68.69,64.51,67.94,77302420.0,IBKR_TRADES,RTH,split_adjusted,traded_shares,2026-09-10T01:20:37.874819+00:00,24
2022-10-05,NVDA,12.91,13.32,12.62,13.21,412686220.0,IBKR_TRADES,RTH,split_adjusted,traded_shares,2026-09-10T01:20:37.874819+00:00,24
2022-10-05,QQQ,278.29,283.81,275.42,281.98,41802833.0,IBKR_TRADES,RTH,split_adjusted,traded_shares,2026-09-10T01:20:37.874819+00:00,24
2022-10-05,SMH,98.52,101.73,97.66,100.97,5047090.0,IBKR_TRADES,RTH,split_adjusted,traded_shares,2026-09-10T01:20:37.874819+00:00,24
2022-10-06,AAPL,145.89,147.54,145.22,145.43,51856533.0,IBKR_TRADES,RTH,split_adjusted,traded_shares,2026-09-10T01:20:37.874819+00:00,24
2022-10-06,AMD,67.79,70.29,67.66,67.85,82211652.0,IBKR_TRADES,RTH,split_adjusted,traded_shares,2026-09-10T01:20:37.874819+00:00,24
2022-10-06,NVDA,13.21,13.66,13.1,13.13,519653130.00000006,IBKR_TRADES,RTH,split_adjusted,traded_shares,2026-09-10T01:20:37.874819+00:00,24
2022-10-06,QQQ,280.97,284.18,279.43,279.76,40192335.0,IBKR_TRADES,RTH,split_adjusted,traded_shares,2026-09-10T01:20:37.874819+00:00,24
2022-10-06,SMH,100.67,102.36,99.98,100.28,6176970.0,IBKR_TRADES,RTH,split_adjusted,traded_shares,2026-09-10T01:20:37.874819+00:00,24
2022-10-07,AAPL,142.58,143.1,139.44,140.09,60802414.0,IBKR_TRADES,RTH,split_adjusted,traded_shares,2026-09-10T01:20:37.874819+00:00,24
2022-10-07,AMD,64.03,64.03,58.22,58.44,139893302.0,IBKR_TRADES,RTH,split_adjusted,traded_shares,2026-09-10T01:20:37.874819+00:00,24
2022-10-07,NVDA,12.51,12.67,12.02,12.08,511663090.0,IBKR_TRADES,RTH,split_adjusted,traded_shares,2026-09-10T01:20:37.874819+00:00,24
2022-10-07,QQQ,275.02,275.15,267.74,269.1,46472131.0,IBKR_TRADES,RTH,split_adjusted,traded_shares,2026-09-10T01:20:37.874819+00:00,24
2022-10-07,SMH,97.33,97.61,93.91,94.3,8807786.0,IBKR_TRADES,RTH,split_adjusted,traded_shares,2026-09-10T01:20:37.874819+00:00,24
2022-10-10,AAPL,140.42,141.89,138.57,140.42,58800151.0,IBKR_TRADES,RTH,split_adjusted,traded_shares,2026-09-10T01:20:37.874819+00:00,24
2022-10-10,AMD,57.31,58.79,56.3,57.81,97057064.0,IBKR_TRADES,RTH,split_adjusted,traded_shares,2026-09-10T01:20:37.874819+00:00,24
2022-10-10,NVDA,12.04,12.13,11.41,11.67,547135860.0,IBKR_TRADES,RTH,split_adjusted,traded_shares,2026-09-10T01:20:37.874819+00:00,24
2022-10-10,QQQ,269.31,269.7,263.64,266.41,43846040.0,IBKR_TRADES,RTH,split_adjusted,traded_shares,2026-09-10T01:20:37.874819+00:00,24
2022-10-10,SMH,94.14,94.2,90.05,91.15,8959864.0,IBKR_TRADES,RTH,split_adjusted,traded_shares,2026-09-10T01:20:37.874819+00:00,24
2022-10-11,AAPL,139.89,141.35,138.22,138.98,61306390.0,IBKR_TRADES,RTH,split_adjusted,traded_shares,2026-09-10T01:20:37.874819+00:00,24
2022-10-11,AMD,57.2,58.92,56.05,57.63,98464554.0,IBKR_TRADES,RTH,split_adjusted,traded_shares,2026-09-10T01:20:37.874819+00:00,24
2022-10-11,NVDA,11.56,11.85,11.28,11.59,523334410.0,IBKR_TRADES,RTH,split_adjusted,traded_shares,2026-09-10T01:20:37.874819+00:00,24
2022-10-11,QQQ,264.74,267.63,261.03,262.75,49103508.0,IBKR_TRADES,RTH,split_adjusted,traded_shares,2026-09-10T01:20:37.874819+00:00,24
2022-10-11,SMH,89.45,90.04,87.09,88.28,12498722.0,IBKR_TRADES,RTH,split_adjusted,traded_shares,2026-09-10T01:20:37.874819+00:00,24
2022-10-12,AAPL,139.13,140.36,138.16,138.34,54161218.0,IBKR_TRADES,RTH,split_adjusted,traded_shares,2026-09-10T01:20:37.874819+00:00,24
2022-10-12,AMD,57.46,58.32,56.32,57.85,79359843.0,IBKR_TRADES,RTH,split_adjusted,traded_shares,2026-09-10T01:20:37.874819+00:00,24
2022-10-12,NVDA,11.58,11.74,11.35,11.5,383016470.0,IBKR_TRADES,RTH,split_adjusted,traded_shares,2026-09-10T01:20:37.874819+00:00,24
2022-10-12,QQQ,263.4,265.36,261.95,262.66,35536329.0,IBKR_TRADES,RTH,split_adjusted,traded_shares,2026-09-10T01:20:37.874819+00:00,24
2022-10-12,SMH,88.29,88.79,87.35,87.75,5126796.0,IBKR_TRADES,RTH,split_adjusted,traded_shares,2026-09-10T01:20:37.874819+00:00,24
2022-10-13,AAPL,134.99,143.59,134.37,142.99,90294352.0,IBKR_TRADES,RTH,split_adjusted,traded_shares,2026-09-10T01:20:37.874819+00:00,24
2022-10-13,AMD,55.54,60.14,54.57,58.94,117984727.0,IBKR_TRADES,RTH,split_adjusted,traded_shares,2026-09-10T01:20:37.874819+00:00,24
2022-10-13,NVDA,10.99,12.08,10.81,11.96,686192240.0,IBKR_TRADES,RTH,split_adjusted,traded_shares,2026-09-10T01:20:37.874819+00:00,24
2022-10-13,QQQ,255.18,270.17,254.26,268.82,75615942.0,IBKR_TRADES,RTH,split_adjusted,traded_shares,2026-09-10T01:20:37.874819+00:00,24
2022-10-13,SMH,84.37,92.1,83.49,90.43,16485380.000000002,IBKR_TRADES,RTH,split_adjusted,traded_shares,2026-09-10T01:20:37.874819+00:00,24
2022-10-14,AAPL,144.29,144.52,138.19,138.38,67337698.0,IBKR_TRADES,RTH,split_adjusted,traded_shares,2026-09-10T01:20:37.874819+00:00,24
2022-10-14,AMD,59.54,59.94,55.83,55.94,84747043.0,IBKR_TRADES,RTH,split_adjusted,traded_shares,2026-09-10T01:20:37.874819+00:00,24
2022-10-14,NVDA,12.06,12.11,11.2,11.23,583920420.0,IBKR_TRADES,RTH,split_adjusted,traded_shares,2026-09-10T01:20:37.874819+00:00,24
2022-10-14,QQQ,271.18,271.81,260.14,260.74,54978696.0,IBKR_TRADES,RTH,split_adjusted,traded_shares,2026-09-10T01:20:37.874819+00:00,24
2022-10-14,SMH,91.3,91.52,86.39,86.58,7467304.0,IBKR_TRADES,RTH,split_adjusted,traded_shares,2026-09-10T01:20:37.874819+00:00,24
2022-10-17,AAPL,141.06,142.9,140.27,142.41,63873690.99999999,IBKR_TRADES,RTH,split_adjusted,traded_shares,2026-09-10T01:20:37.874819+00:00,24
2022-10-17,AMD,57.42,58.51,57.1,57.96,67094319.99999999,IBKR_TRADES,RTH,split_adjusted,traded_shares,2026-09-10T01:20:37.874819+00:00,24
2022-10-17,NVDA,11.52,11.95,11.52,11.89,467624380.0,IBKR_TRADES,RTH,split_adjusted,traded_shares,2026-09-10T01:20:37.874819+00:00,24
2022-10-17,QQQ,266.79,270.24,266.74,269.35,43501689.0,IBKR_TRADES,RTH,split_adjusted,traded_shares,2026-09-10T01:20:37.874819+00:00,24
2022-10-17,SMH,88.9,89.74,87.91,88.63,5828670.0,IBKR_TRADES,RTH,split_adjusted,traded_shares,2026-09-10T01:20:37.874819+00:00,24
2022-10-18,AAPL,145.34,146.7,140.61,143.75,81019756.0,IBKR_TRADES,RTH,split_adjusted,traded_shares,2026-09-10T01:20:37.874819+00:00,24
2022-10-18,AMD,59.9,60.49,56.4,57.92,94299027.0,IBKR_TRADES,RTH,split_adjusted,traded_shares,2026-09-10T01:20:37.874819+00:00,24
2022-10-18,NVDA,12.34,12.49,11.62,11.97,553258210.0,IBKR_TRADES,RTH,split_adjusted,traded_shares,2026-09-10T01:20:37.874819+00:00,24
2022-10-18,QQQ,276.54,277.21,268.74,271.48,48604107.0,IBKR_TRADES,RTH,split_adjusted,traded_shares,2026-09-10T01:20:37.874819+00:00,24
2022-10-18,SMH,91.24,91.83,87.28,88.64,6772914.0,IBKR_TRADES,RTH,split_adjusted,traded_shares,2026-09-10T01:20:37.874819+00:00,24
2022-10-19,AAPL,141.64,144.95,141.5,143.86,49161776.0,IBKR_TRADES,RTH,split_adjusted,traded_shares,2026-09-10T01:20:37.874819+00:00,24
2022-10-19,AMD,57.34,59.04,56.57,57.23,68715349.0,IBKR_TRADES,RTH,split_adjusted,traded_shares,2026-09-10T01:20:37.874819+00:00,24
2022-10-19,NVDA,11.89,12.35,11.83,12.05,425513050.0,IBKR_TRADES,RTH,split_adjusted,traded_shares,2026-09-10T01:20:37.874819+00:00,24
2022-10-19,QQQ,269.93,273.68,268.07,270.49,37662966.0,IBKR_TRADES,RTH,split_adjusted,traded_shares,2026-09-10T01:20:37.874819+00:00,24
2022-10-19,SMH,88.19,90.17,87.78,89.36,6183892.0,IBKR_TRADES,RTH,split_adjusted,traded_shares,2026-09-10T01:20:37.874819+00:00,24
2022-10-20,AAPL,143.02,145.89,142.65,143.39,48877905.0,IBKR_TRADES,RTH,split_adjusted,traded_shares,2026-09-10T01:20:37.874819+00:00,24
2022-10-20,AMD,57.47,60.2,57.4,57.77,72396631.0,IBKR_TRADES,RTH,split_adjusted,traded_shares,2026-09-10T01:20:37.874819+00:00,24
2022-10-20,NVDA,12.11,12.77,12.11,12.19,536511170.0,IBKR_TRADES,RTH,split_adjusted,traded_shares,2026-09-10T01:20:37.874819+00:00,24
2022-10-20,QQQ,269.58,274.84,267.92,269.11,40589426.0,IBKR_TRADES,RTH,split_adjusted,traded_shares,2026-09-10T01:20:37.874819+00:00,24
2022-10-20,SMH,90.1,92.7,89.53,90.07,8554448.0,IBKR_TRADES,RTH,split_adjusted,traded_shares,2026-09-10T01:20:37.874819+00:00,24
2022-10-21,AAPL,142.87,147.85,142.64,147.27,66568041.00000001,IBKR_TRADES,RTH,split_adjusted,traded_shares,2026-09-10T01:20:37.874819+00:00,24
2022-10-21,AMD,57.22,58.91,55.71,58.82,85482672.0,IBKR_TRADES,RTH,split_adjusted,traded_shares,2026-09-10T01:20:37.874819+00:00,24
2022-10-21,NVDA,12.1,12.5,11.89,12.47,499396170.0,IBKR_TRADES,RTH,split_adjusted,traded_shares,2026-09-10T01:20:37.874819+00:00,24
2022-10-21,QQQ,267.98,275.97,266.82,275.42,49794691.0,IBKR_TRADES,RTH,split_adjusted,traded_shares,2026-09-10T01:20:37.874819+00:00,24
2022-10-21,SMH,89.67,93.32,89.28,93.17,8621582.0,IBKR_TRADES,RTH,split_adjusted,traded_shares,2026-09-10T01:20:37.874819+00:00,24
2022-10-24,AAPL,147.11,150.23,146.0,149.45,58429666.0,IBKR_TRADES,RTH,split_adjusted,traded_shares,2026-09-10T01:20:37.874819+00:00,24
2022-10-24,AMD,58.54,59.0,56.66,58.7,66434411.99999999,IBKR_TRADES,RTH,split_adjusted,traded_shares,2026-09-10T01:20:37.874819+00:00,24
2022-10-24,NVDA,12.51,12.71,12.06,12.6,424023160.0,IBKR_TRADES,RTH,split_adjusted,traded_shares,2026-09-10T01:20:37.874819+00:00,24
2022-10-24,QQQ,275.69,279.4,271.97,278.45,45817006.0,IBKR_TRADES,RTH,split_adjusted,traded_shares,2026-09-10T01:20:37.874819+00:00,24
2022-10-24,SMH,92.69,93.85,91.11,93.47,7384908.0,IBKR_TRADES,RTH,split_adjusted,traded_shares,2026-09-10T01:20:37.874819+00:00,24
2022-10-25,AAPL,150.16,152.49,149.36,152.34,54969470.0,IBKR_TRADES,RTH,split_adjusted,traded_shares,2026-09-10T01:20:37.874819+00:00,24
2022-10-25,AMD,58.76,61.98,58.69,61.47,72524646.0,IBKR_TRADES,RTH,split_adjusted,traded_shares,2026-09-10T01:20:37.874819+00:00,24
2022-10-25,NVDA,12.7,13.3,12.66,13.26,400765100.0,IBKR_TRADES,RTH,split_adjusted,traded_shares,2026-09-10T01:20:37.874819+00:00,24
2022-10-25,QQQ,279.41,284.6,279.4,284.21,39283003.0,IBKR_TRADES,RTH,split_adjusted,traded_shares,2026-09-10T01:20:37.874819+00:00,24
2022-10-25,SMH,93.58,95.63,93.54,94.95,10257726.0,IBKR_TRADES,RTH,split_adjusted,traded_shares,2026-09-10T01:20:37.874819+00:00,24
2022-10-26,AAPL,150.9,151.99,148.04,149.35,65318650.0,IBKR_TRADES,RTH,split_adjusted,traded_shares,2026-09-10T01:20:37.874819+00:00,24
2022-10-26,AMD,59.73,61.77,59.15,59.73,70194420.0,IBKR_TRADES,RTH,split_adjusted,traded_shares,2026-09-10T01:20:37.874819+00:00,24
2022-10-26,NVDA,12.87,13.39,12.71,12.9,413218830.0,IBKR_TRADES,RTH,split_adjusted,traded_shares,2026-09-10T01:20:37.874819+00:00,24
2022-10-26,QQQ,278.46,283.98,277.43,277.93,47601324.0,IBKR_TRADES,RTH,split_adjusted,traded_shares,2026-09-10T01:20:37.874819+00:00,24
2022-10-26,SMH,93.38,96.18,92.78,94.02,7081504.0,IBKR_TRADES,RTH,split_adjusted,traded_shares,2026-09-10T01:20:37.874819+00:00,24
2022-10-27,AAPL,148.07,149.05,144.13,144.8,66936381.0,IBKR_TRADES,RTH,split_adjusted,traded_shares,2026-09-10T01:20:37.874819+00:00,24
2022-10-27,AMD,61.61,62.72,58.51,58.6,72886251.0,IBKR_TRADES,RTH,split_adjusted,traded_shares,2026-09-10T01:20:37.874819+00:00,24
2022-10-27,NVDA,13.63,13.84,13.12,13.18,436905450.0,IBKR_TRADES,RTH,split_adjusted,traded_shares,2026-09-10T01:20:37.874819+00:00,24
2022-10-27,QQQ,276.79,278.28,272.34,272.87,36008214.0,IBKR_TRADES,RTH,split_adjusted,traded_shares,2026-09-10T01:20:37.874819+00:00,24
2022-10-27,SMH,95.25,95.99,92.73,92.85,6885260.0,IBKR_TRADES,RTH,split_adjusted,traded_shares,2026-09-10T01:20:37.874819+00:00,24
2022-10-28,AAPL,148.08,157.5,147.82,155.74,131631088.0,IBKR_TRADES,RTH,split_adjusted,traded_shares,2026-09-10T01:20:37.874819+00:00,24
2022-10-28,AMD,59.09,62.35,58.92,62.01,68147195.0,IBKR_TRADES,RTH,split_adjusted,traded_shares,2026-09-10T01:20:37.874819+00:00,24
2022-10-28,NVDA,13.12,13.85,13.06,13.83,408904800.0,IBKR_TRADES,RTH,split_adjusted,traded_shares,2026-09-10T01:20:37.874819+00:00,24
2022-10-28,QQQ,272.23,281.7,272.06,281.22,44181282.0,IBKR_TRADES,RTH,split_adjusted,traded_shares,2026-09-10T01:20:37.874819+00:00,24
2022-10-28,SMH,93.09,96.54,92.91,96.39,5954948.0,IBKR_TRADES,RTH,split_adjusted,traded_shares,2026-09-10T01:20:37.874819+00:00,24
2022-10-31,AAPL,153.16,154.24,151.92,153.34,67248938.0,IBKR_TRADES,RTH,split_adjusted,traded_shares,2026-09-10T01:20:37.874819+00:00,24
2022-10-31,AMD,60.75,61.86,59.52,60.06,63635872.0,IBKR_TRADES,RTH,split_adjusted,traded_shares,2026-09-10T01:20:37.874819+00:00,24
2022-10-31,NVDA,13.77,13.84,13.3,13.5,377548320.0,IBKR_TRADES,RTH,split_adjusted,traded_shares,2026-09-10T01:20:37.874819+00:00,24
2022-10-31,QQQ,278.92,279.76,275.99,277.95,34362869.0,IBKR_TRADES,RTH,split_adjusted,traded_shares,2026-09-10T01:20:37.874819+00:00,24
2022-10-31,SMH,95.6,95.83,94.1,94.61,3709648.0,IBKR_TRADES,RTH,split_adjusted,traded_shares,2026-09-10T01:20:37.874819+00:00,24
2022-11-01,AAPL,155.06,155.45,149.13,150.65,62841241.99999999,IBKR_TRADES,RTH,split_adjusted,traded_shares,2026-09-10T01:20:37.874819+00:00,24
2022-11-01,AMD,61.49,61.99,59.42,59.66,65465031.0,IBKR_TRADES,RTH,split_adjusted,traded_shares,2026-09-10T01:20:37.874819+00:00,24
2022-11-01,NVDA,13.81,13.93,13.52,13.54,344728520.0,IBKR_TRADES,RTH,split_adjusted,traded_shares,2026-09-10T01:20:37.874819+00:00,24
2022-11-01,QQQ,281.5,282.07,274.74,275.11,34697698.0,IBKR_TRADES,RTH,split_adjusted,traded_shares,2026-09-10T01:20:37.874819+00:00,24
2022-11-01,SMH,96.65,96.88,94.85,95.27,3008812.0,IBKR_TRADES,RTH,split_adjusted,traded_shares,2026-09-10T01:20:37.874819+00:00,24
2022-11-02,AAPL,149.07,152.17,145.0,145.03,70959669.0,IBKR_TRADES,RTH,split_adjusted,traded_shares,2026-09-10T01:20:37.874819+00:00,24
2022-11-02,AMD,62.99,63.93,58.57,58.63,126016489.0,IBKR_TRADES,RTH,split_adjusted,traded_shares,2026-09-10T01:20:37.874819+00:00,24
2022-11-02,NVDA,13.85,14.21,13.21,13.22,536117480.0,IBKR_TRADES,RTH,split_adjusted,traded_shares,2026-09-10T01:20:37.874819+00:00,24
2022-11-02,QQQ,275.08,278.21,265.61,265.68,62536919.0,IBKR_TRADES,RTH,split_adjusted,traded_shares,2026-09-10T01:20:37.874819+00:00,24
2022-11-02,SMH,96.0,97.71,92.49,92.54,8282778.0,IBKR_TRADES,RTH,split_adjusted,traded_shares,2026-09-10T01:20:37.874819+00:00,24
2022-11-03,AAPL,142.07,142.8,138.75,138.88,72694765.0,IBKR_TRADES,RTH,split_adjusted,traded_shares,2026-09-10T01:20:37.874819+00:00,24
2022-11-03,AMD,58.12,62.28,58.02,60.11,83276560.0,IBKR_TRADES,RTH,split_adjusted,traded_shares,2026-09-10T01:20:37.874819+00:00,24
2022-11-03,NVDA,13.05,13.78,12.96,13.42,395817780.0,IBKR_TRADES,RTH,split_adjusted,traded_shares,2026-09-10T01:20:37.874819+00:00,24
2022-11-03,QQQ,263.01,264.5,260.1,260.49,45293032.0,IBKR_TRADES,RTH,split_adjusted,traded_shares,2026-09-10T01:20:37.874819+00:00,24
2022-11-03,SMH,91.09,93.05,90.2,91.45,7588754.0,IBKR_TRADES,RTH,split_adjusted,traded_shares,2026-09-10T01:20:37.874819+00:00,24
2022-11-04,AAPL,142.09,142.67,134.38,138.38,109809677.0,IBKR_TRADES,RTH,split_adjusted,traded_shares,2026-09-10T01:20:37.874819+00:00,24
2022-11-04,AMD,62.49,63.0,60.53,62.19,72439093.0,IBKR_TRADES,RTH,split_adjusted,traded_shares,2026-09-10T01:20:37.874819+00:00,24
2022-11-04,NVDA,13.99,14.23,13.7,14.16,464658620.0,IBKR_TRADES,RTH,split_adjusted,traded_shares,2026-09-10T01:20:37.874819+00:00,24
2022-11-04,QQQ,265.55,266.61,259.08,264.68,54270891.0,IBKR_TRADES,RTH,split_adjusted,traded_shares,2026-09-10T01:20:37.874819+00:00,24
2022-11-04,SMH,94.83,95.78,93.39,95.7,5759062.0,IBKR_TRADES,RTH,split_adjusted,traded_shares,2026-09-10T01:20:37.874819+00:00,24
2022-11-07,AAPL,137.11,139.15,135.67,138.92,63056199.0,IBKR_TRADES,RTH,split_adjusted,traded_shares,2026-09-10T01:20:37.874819+00:00,24
2022-11-07,AMD,62.93,63.53,61.4,63.08,53880713.0,IBKR_TRADES,RTH,split_adjusted,traded_shares,2026-09-10T01:20:37.874819+00:00,24
2022-11-07,NVDA,14.21,14.41,13.95,14.3,326774690.0,IBKR_TRADES,RTH,split_adjusted,traded_shares,2026-09-10T01:20:37.874819+00:00,24
2022-11-07,QQQ,265.75,268.14,263.57,267.59,33427707.999999996,IBKR_TRADES,RTH,split_adjusted,traded_shares,2026-09-10T01:20:37.874819+00:00,24
2022-11-07,SMH,96.26,97.86,95.2,97.59,5896546.0,IBKR_TRADES,RTH,split_adjusted,traded_shares,2026-09-10T01:20:37.874819+00:00,24
2022-11-08,AAPL,140.29,141.43,137.49,139.5,62927330.0,IBKR_TRADES,RTH,split_adjusted,traded_shares,2026-09-10T01:20:37.874819+00:00,24
2022-11-08,AMD,64.1,64.96,62.36,63.85,66539856.00000001,IBKR_TRADES,RTH,split_adjusted,traded_shares,2026-09-10T01:20:37.874819+00:00,24
2022-11-08,NVDA,14.8,14.89,14.22,14.6,475472370.0,IBKR_TRADES,RTH,split_adjusted,traded_shares,2026-09-10T01:20:37.874819+00:00,24
2022-11-08,QQQ,269.1,272.85,265.52,269.54,47478281.0,IBKR_TRADES,RTH,split_adjusted,traded_shares,2026-09-10T01:20:37.874819+00:00,24
2022-11-08,SMH,99.39,100.83,97.8,99.7,9318176.0,IBKR_TRADES,RTH,split_adjusted,traded_shares,2026-09-10T01:20:37.874819+00:00,24
2022-11-09,AAPL,138.47,138.55,134.59,134.87,53464494.0,IBKR_TRADES,RTH,split_adjusted,traded_shares,2026-09-10T01:20:37.874819+00:00,24
2022-11-09,AMD,62.2,63.05,59.8,59.92,52536066.0,IBKR_TRADES,RTH,split_adjusted,traded_shares,2026-09-10T01:20:37.874819+00:00,24
2022-11-09,NVDA,14.16,14.21,13.76,13.78,344687170.0,IBKR_TRADES,RTH,split_adjusted,traded_shares,2026-09-10T01:20:37.874819+00:00,24
2022-11-09,QQQ,267.76,268.56,263.03,263.32,41501846.0,IBKR_TRADES,RTH,split_adjusted,traded_shares,2026-09-10T01:20:37.874819+00:00,24
2022-11-09,SMH,98.37,98.7,96.83,96.99,6175776.0,IBKR_TRADES,RTH,split_adjusted,traded_shares,2026-09-10T01:20:37.874819+00:00,24
2022-11-10,AAPL,141.24,146.87,140.4,146.87,80019284.0,IBKR_TRADES,RTH,split_adjusted,traded_shares,2026-09-10T01:20:37.874819+00:00,24
2022-11-10,AMD,64.29,68.8,63.62,68.47,91209869.0,IBKR_TRADES,RTH,split_adjusted,traded_shares,2026-09-10T01:20:37.874819+00:00,24
2022-11-10,NVDA,14.8,15.77,14.55,15.75,513306770.00000006,IBKR_TRADES,RTH,split_adjusted,traded_shares,2026-09-10T01:20:37.874819+00:00,24
2022-11-10,QQQ,276.01,283.05,273.85,282.75,64352694.00000001,IBKR_TRADES,RTH,split_adjusted,traded_shares,2026-09-10T01:20:37.874819+00:00,24
2022-11-10,SMH,102.64,107.08,101.72,106.89,12908842.0,IBKR_TRADES,RTH,split_adjusted,traded_shares,2026-09-10T01:20:37.874819+00:00,24
2022-11-11,AAPL,145.82,150.0,144.37,149.7,70086656.0,IBKR_TRADES,RTH,split_adjusted,traded_shares,2026-09-10T01:20:37.874819+00:00,24
2022-11-11,AMD,69.53,73.32,68.29,72.37,98002574.0,IBKR_TRADES,RTH,split_adjusted,traded_shares,2026-09-10T01:20:37.874819+00:00,24
2022-11-11,NVDA,15.81,16.39,15.48,16.33,507423720.0,IBKR_TRADES,RTH,split_adjusted,traded_shares,2026-09-10T01:20:37.874819+00:00,24
2022-11-11,QQQ,282.56,288.64,281.19,287.96,46422545.0,IBKR_TRADES,RTH,split_adjusted,traded_shares,2026-09-10T01:20:37.874819+00:00,24
2022-11-11,SMH,107.26,110.91,106.45,110.4,8834704.0,IBKR_TRADES,RTH,split_adjusted,traded_shares,2026-09-10T01:20:37.874819+00:00,24
2022-11-14,AAPL,149.06,150.28,147.43,148.28,52169059.0,IBKR_TRADES,RTH,split_adjusted,traded_shares,2026-09-10T01:20:37.874819+00:00,24
2022-11-14,AMD,75.2,75.25,72.67,73.53,94850902.0,IBKR_TRADES,RTH,split_adjusted,traded_shares,2026-09-10T01:20:37.874819+00:00,24
2022-11-14,NVDA,16.22,16.54,15.92,16.29,410222300.0,IBKR_TRADES,RTH,split_adjusted,traded_shares,2026-09-10T01:20:37.874819+00:00,24
2022-11-14,QQQ,285.86,289.22,284.44,285.44,37239608.0,IBKR_TRADES,RTH,split_adjusted,traded_shares,2026-09-10T01:20:37.874819+00:00,24
2022-11-14,SMH,109.87,111.3,109.16,109.36,8597754.0,IBKR_TRADES,RTH,split_adjusted,traded_shares,2026-09-10T01:20:37.874819+00:00,24
2022-11-15,AAPL,152.25,153.59,148.56,150.04,69194368.0,IBKR_TRADES,RTH,split_adjusted,traded_shares,2026-09-10T01:20:37.874819+00:00,24
2022-11-15,AMD,77.26,79.16,75.39,76.37,95278546.0,IBKR_TRADES,RTH,split_adjusted,traded_shares,2026-09-10T01:20:37.874819+00:00,24
2022-11-15,NVDA,16.72,17.0,16.38,16.67,413232720.0,IBKR_TRADES,RTH,split_adjusted,traded_shares,2026-09-10T01:20:37.874819+00:00,24
2022-11-15,QQQ,292.21,293.26,285.97,289.39,51371735.0,IBKR_TRADES,RTH,split_adjusted,traded_shares,2026-09-10T01:20:37.874819+00:00,24
2022-11-15,SMH,114.26,114.64,111.38,112.8,7868706.000000001,IBKR_TRADES,RTH,split_adjusted,traded_shares,2026-09-10T01:20:37.874819+00:00,24
2022-11-16,AAPL,148.96,149.87,147.29,148.79,46067495.0,IBKR_TRADES,RTH,split_adjusted,traded_shares,2026-09-10T01:20:37.874819+00:00,24
2022-11-16,AMD,73.6,74.83,71.92,72.7,66127886.00000001,IBKR_TRADES,RTH,split_adjusted,traded_shares,2026-09-10T01:20:37.874819+00:00,24
2022-11-16,NVDA,16.14,16.36,15.87,15.91,433111750.0,IBKR_TRADES,RTH,split_adjusted,traded_shares,2026-09-10T01:20:37.874819+00:00,24
2022-11-16,QQQ,287.39,287.74,284.6,285.44,31810039.0,IBKR_TRADES,RTH,split_adjusted,traded_shares,2026-09-10T01:20:37.874819+00:00,24
2022-11-16,SMH,110.38,110.64,108.11,108.74,7541496.0,IBKR_TRADES,RTH,split_adjusted,traded_shares,2026-09-10T01:20:37.874819+00:00,24
2022-11-17,AAPL,146.56,151.48,146.15,150.72,59138702.0,IBKR_TRADES,RTH,split_adjusted,traded_shares,2026-09-10T01:20:37.874819+00:00,24
2022-11-17,AMD,70.57,74.38,70.16,73.9,72260966.0,IBKR_TRADES,RTH,split_adjusted,traded_shares,2026-09-10T01:20:37.874819+00:00,24
2022-11-17,NVDA,15.74,16.27,15.54,15.68,557612650.0,IBKR_TRADES,RTH,split_adjusted,traded_shares,2026-09-10T01:20:37.874819+00:00,24
2022-11-17,QQQ,280.93,286.32,280.72,284.81,36148414.0,IBKR_TRADES,RTH,split_adjusted,traded_shares,2026-09-10T01:20:37.874819+00:00,24
2022-11-17,SMH,106.59,110.08,106.38,109.56,6586604.0,IBKR_TRADES,RTH,split_adjusted,traded_shares,2026-09-10T01:20:37.874819+00:00,24
2022-11-18,AAPL,152.17,152.7,149.97,151.29,54764871.0,IBKR_TRADES,RTH,split_adjusted,traded_shares,2026-09-10T01:20:37.874819+00:00,24
2022-11-18,AMD,75.04,75.35,72.18,73.57,63215195.0,IBKR_TRADES,RTH,split_adjusted,traded_shares,2026-09-10T01:20:37.874819+00:00,24
2022-11-18,NVDA,15.97,16.0,15.12,15.41,385719510.0,IBKR_TRADES,RTH,split_adjusted,traded_shares,2026-09-10T01:20:37.874819+00:00,24
2022-11-18,QQQ,287.89,287.99,282.32,284.82,32466586.0,IBKR_TRADES,RTH,split_adjusted,traded_shares,2026-09-10T01:20:37.874819+00:00,24
2022-11-18,SMH,111.35,111.35,108.42,109.76,6008570.0,IBKR_TRADES,RTH,split_adjusted,traded_shares,2026-09-10T01:20:37.874819+00:00,24
2022-11-21,AAPL,150.08,150.37,147.71,148.01,43256924.0,IBKR_TRADES,RTH,split_adjusted,traded_shares,2026-09-10T01:20:37.874819+00:00,24
2022-11-21,AMD,72.24,72.98,71.57,72.46,44344817.0,IBKR_TRADES,RTH,split_adjusted,traded_shares,2026-09-10T01:20:37.874819+00:00,24
2022-11-21,NVDA,15.14,15.48,15.08,15.32,304612680.0,IBKR_TRADES,RTH,split_adjusted,traded_shares,2026-09-10T01:20:37.874819+00:00,24
2022-11-21,QQQ,283.4,284.58,281.04,281.89,28320548.0,IBKR_TRADES,RTH,split_adjusted,traded_shares,2026-09-10T01:20:37.874819+00:00,24
2022-11-21,SMH,108.35,108.67,107.38,107.84,3538466.0,IBKR_TRADES,RTH,split_adjusted,traded_shares,2026-09-10T01:20:37.874819+00:00,24
2022-11-22,AAPL,148.13,150.42,146.92,150.18,38202760.0,IBKR_TRADES,RTH,split_adjusted,traded_shares,2026-09-10T01:20:37.874819+00:00,24
2022-11-22,AMD,72.68,75.33,72.1,75.25,47865011.0,IBKR_TRADES,RTH,split_adjusted,traded_shares,2026-09-10T01:20:37.874819+00:00,24
2022-11-22,NVDA,15.34,16.06,15.12,16.04,375622890.0,IBKR_TRADES,RTH,split_adjusted,traded_shares,2026-09-10T01:20:37.874819+00:00,24
2022-11-22,QQQ,282.64,286.11,280.46,285.95,28574135.0,IBKR_TRADES,RTH,split_adjusted,traded_shares,2026-09-10T01:20:37.874819+00:00,24
2022-11-22,SMH,108.74,110.98,107.81,110.98,6227158.0,IBKR_TRADES,RTH,split_adjusted,traded_shares,2026-09-10T01:20:37.874819+00:00,24
2022-11-23,AAPL,149.43,151.83,149.34,151.07,44513767.0,IBKR_TRADES,RTH,split_adjusted,traded_shares,2026-09-10T01:20:37.874819+00:00,24
2022-11-23,AMD,75.48,78.22,75.3,76.4,72331388.0,IBKR_TRADES,RTH,split_adjusted,traded_shares,2026-09-10T01:20:37.874819+00:00,24
2022-11-23,NVDA,16.1,16.53,16.05,16.52,343174870.0,IBKR_TRADES,RTH,split_adjusted,traded_shares,2026-09-10T01:20:37.874819+00:00,24
2022-11-23,QQQ,285.98,289.46,285.79,288.82,31476240.999999996,IBKR_TRADES,RTH,split_adjusted,traded_shares,2026-09-10T01:20:37.874819+00:00,24
2022-11-23,SMH,110.96,113.04,110.79,111.94,4374402.0,IBKR_TRADES,RTH,split_adjusted,traded_shares,2026-09-10T01:20:37.874819+00:00,24
2022-11-25,AAPL,148.31,148.88,147.12,148.11,26091532.0,IBKR_TRADES,RTH,split_adjusted,traded_shares,2026-09-10T01:20:37.874819+00:00,24
2022-11-25,AMD,75.67,76.04,74.74,75.14,22368889.0,IBKR_TRADES,RTH,split_adjusted,traded_shares,2026-09-10T01:20:37.874819+00:00,24
2022-11-25,NVDA,16.29,16.49,16.17,16.27,132616460.0,IBKR_TRADES,RTH,split_adjusted,traded_shares,2026-09-10T01:20:37.874819+00:00,24
2022-11-25,QQQ,287.19,287.91,286.42,286.92,11139647.0,IBKR_TRADES,RTH,split_adjusted,traded_shares,2026-09-10T01:20:37.874819+00:00,24
2022-11-25,SMH,111.45,111.76,110.63,110.63,1603966.0,IBKR_TRADES,RTH,split_adjusted,traded_shares,2026-09-10T01:20:37.874819+00:00,24
2022-11-28,AAPL,145.18,146.64,143.38,144.22,50103346.0,IBKR_TRADES,RTH,split_adjusted,traded_shares,2026-09-10T01:20:37.874819+00:00,24
2022-11-28,AMD,73.94,75.47,72.57,73.19,38137100.0,IBKR_TRADES,RTH,split_adjusted,traded_shares,2026-09-10T01:20:37.874819+00:00,24
2022-11-28,NVDA,16.03,16.36,15.72,15.83,218608860.0,IBKR_TRADES,RTH,split_adjusted,traded_shares,2026-09-10T01:20:37.874819+00:00,24
2022-11-28,QQQ,284.9,286.96,281.76,282.71,27982252.0,IBKR_TRADES,RTH,split_adjusted,traded_shares,2026-09-10T01:20:37.874819+00:00,24
2022-11-28,SMH,109.25,110.58,107.42,108.02,5805748.0,IBKR_TRADES,RTH,split_adjusted,traded_shares,2026-09-10T01:20:37.874819+00:00,24
2022-11-29,AAPL,144.29,144.81,140.35,141.17,66144366.00000001,IBKR_TRADES,RTH,split_adjusted,traded_shares,2026-09-10T01:20:37.874819+00:00,24
2022-11-29,AMD,73.61,74.49,72.78,73.39,45273363.0,IBKR_TRADES,RTH,split_adjusted,traded_shares,2026-09-10T01:20:37.874819+00:00,24
2022-11-29,NVDA,15.83,15.93,15.52,15.64,239470370.0,IBKR_TRADES,RTH,split_adjusted,traded_shares,2026-09-10T01:20:37.874819+00:00,24
2022-11-29,QQQ,282.94,283.35,279.17,280.57,27404947.0,IBKR_TRADES,RTH,split_adjusted,traded_shares,2026-09-10T01:20:37.874819+00:00,24
2022-11-29,SMH,108.37,108.92,106.96,107.72,3489350.0,IBKR_TRADES,RTH,split_adjusted,traded_shares,2026-09-10T01:20:37.874819+00:00,24
2022-11-30,AAPL,141.42,148.03,140.55,148.03,68245060.0,IBKR_TRADES,RTH,split_adjusted,traded_shares,2026-09-10T01:20:37.874819+00:00,24
2022-11-30,AMD,73.36,77.7,72.81,77.63,70287870.0,IBKR_TRADES,RTH,split_adjusted,traded_shares,2026-09-10T01:20:37.874819+00:00,24
2022-11-30,NVDA,15.69,16.93,15.6,16.92,400118850.0,IBKR_TRADES,RTH,split_adjusted,traded_shares,2026-09-10T01:20:37.874819+00:00,24
2022-11-30,QQQ,280.84,293.45,279.97,293.36,55452136.0,IBKR_TRADES,RTH,split_adjusted,traded_shares,2026-09-10T01:20:37.874819+00:00,24
2022-11-30,SMH,108.02,113.87,107.22,113.86,9341054.0,IBKR_TRADES,RTH,split_adjusted,traded_shares,2026-09-10T01:20:37.874819+00:00,24
2022-12-01,AAPL,148.3,149.13,146.61,148.31,48315540.0,IBKR_TRADES,RTH,split_adjusted,traded_shares,2026-09-10T01:20:37.874819+00:00,24
2022-12-01,AMD,78.31,79.23,76.44,77.48,49512215.0,IBKR_TRADES,RTH,split_adjusted,traded_shares,2026-09-10T01:20:37.874819+00:00,24
2022-12-01,NVDA,17.01,17.27,16.64,17.14,336547240.0,IBKR_TRADES,RTH,split_adjusted,traded_shares,2026-09-10T01:20:37.874819+00:00,24
2022-12-01,QQQ,293.67,295.75,290.88,293.72,36709918.0,IBKR_TRADES,RTH,split_adjusted,traded_shares,2026-09-10T01:20:37.874819+00:00,24
2022-12-01,SMH,114.71,114.92,111.89,113.5,5980752.0,IBKR_TRADES,RTH,split_adjusted,traded_shares,2026-09-10T01:20:37.874819+00:00,24
2022-12-02,AAPL,146.01,148.0,145.65,147.81,44363190.0,IBKR_TRADES,RTH,split_adjusted,traded_shares,2026-09-10T01:20:37.874819+00:00,24
2022-12-02,AMD,75.05,76.28,73.65,74.98,55449492.0,IBKR_TRADES,RTH,split_adjusted,traded_shares,2026-09-10T01:20:37.874819+00:00,24
2022-12-02,NVDA,16.68,16.93,16.45,16.88,270953860.0,IBKR_TRADES,RTH,split_adjusted,traded_shares,2026-09-10T01:20:37.874819+00:00,24
2022-12-02,QQQ,288.54,293.45,288.36,292.55,33936031.0,IBKR_TRADES,RTH,split_adjusted,traded_shares,2026-09-10T01:20:37.874819+00:00,24
2022-12-02,SMH,110.7,112.33,110.13,111.94,6138308.0,IBKR_TRADES,RTH,split_adjusted,traded_shares,2026-09-10T01:20:37.874819+00:00,24
2022-12-05,AAPL,147.73,150.92,145.77,146.63,52452929.0,IBKR_TRADES,RTH,split_adjusted,traded_shares,2026-09-10T01:20:37.874819+00:00,24
2022-12-05,AMD,74.52,75.17,72.82,73.62,40009690.0,IBKR_TRADES,RTH,split_adjusted,traded_shares,2026-09-10T01:20:37.874819+00:00,24
2022-12-05,NVDA,16.67,17.0,16.47,16.61,247270120.00000003,IBKR_TRADES,RTH,split_adjusted,traded_shares,2026-09-10T01:20:37.874819+00:00,24
2022-12-05,QQQ,290.38,291.68,286.15,287.64,28631280.0,IBKR_TRADES,RTH,split_adjusted,traded_shares,2026-09-10T01:20:37.874819+00:00,24
2022-12-05,SMH,111.46,112.17,109.61,110.61,5414610.0,IBKR_TRADES,RTH,split_adjusted,traded_shares,2026-09-10T01:20:37.874819+00:00,24
2022-12-06,AAPL,147.06,147.3,141.94,142.91,48600368.0,IBKR_TRADES,RTH,split_adjusted,traded_shares,2026-09-10T01:20:37.874819+00:00,24
2022-12-06,AMD,73.11,73.4,69.4,70.27,56348508.0,IBKR_TRADES,RTH,split_adjusted,traded_shares,2026-09-10T01:20:37.874819+00:00,24
2022-12-06,NVDA,16.53,16.57,15.82,15.99,267666659.99999997,IBKR_TRADES,RTH,split_adjusted,traded_shares,2026-09-10T01:20:37.874819+00:00,24
2022-12-06,QQQ,287.48,287.62,280.25,281.68,40823988.0,IBKR_TRADES,RTH,split_adjusted,traded_shares,2026-09-10T01:20:37.874819+00:00,24
2022-12-06,SMH,110.51,110.61,107.28,108.18,4508078.0,IBKR_TRADES,RTH,split_adjusted,traded_shares,2026-09-10T01:20:37.874819+00:00,24
2022-12-07,AAPL,142.19,143.37,140.0,140.94,51108772.0,IBKR_TRADES,RTH,split_adjusted,traded_shares,2026-09-10T01:20:37.874819+00:00,24
2022-12-07,AMD,69.53,71.37,69.28,70.14,51901900.0,IBKR_TRADES,RTH,split_adjusted,traded_shares,2026-09-10T01:20:37.874819+00:00,24
2022-12-07,NVDA,15.77,16.19,15.67,16.12,292189270.0,IBKR_TRADES,RTH,split_adjusted,traded_shares,2026-09-10T01:20:37.874819+00:00,24
2022-12-07,QQQ,280.47,282.57,278.78,280.53,29607038.0,IBKR_TRADES,RTH,split_adjusted,traded_shares,2026-09-10T01:20:37.874819+00:00,24
2022-12-07,SMH,107.23,108.77,107.13,108.16,4022638.0,IBKR_TRADES,RTH,split_adjusted,traded_shares,2026-09-10T01:20:37.874819+00:00,24
2022-12-08,AAPL,142.4,143.52,141.1,142.65,44267422.0,IBKR_TRADES,RTH,split_adjusted,traded_shares,2026-09-10T01:20:37.874819+00:00,24
2022-12-08,AMD,70.21,71.23,69.0,70.47,49008200.0,IBKR_TRADES,RTH,split_adjusted,traded_shares,2026-09-10T01:20:37.874819+00:00,24
2022-12-08,NVDA,16.27,17.18,15.96,17.17,396220960.0,IBKR_TRADES,RTH,split_adjusted,traded_shares,2026-09-10T01:20:37.874819+00:00,24
2022-12-08,QQQ,281.91,284.84,279.79,283.85,30239551.0,IBKR_TRADES,RTH,split_adjusted,traded_shares,2026-09-10T01:20:37.874819+00:00,24
2022-12-08,SMH,108.57,111.17,107.94,110.91,5273356.0,IBKR_TRADES,RTH,split_adjusted,traded_shares,2026-09-10T01:20:37.874819+00:00,24
2022-12-09,AAPL,142.34,145.57,140.9,142.16,52260740.0,IBKR_TRADES,RTH,split_adjusted,traded_shares,2026-09-10T01:20:37.874819+00:00,24
2022-12-09,AMD,69.49,70.67,68.52,68.59,48392114.0,IBKR_TRADES,RTH,split_adjusted,traded_shares,2026-09-10T01:20:37.874819+00:00,24
2022-12-09,NVDA,17.16,17.58,16.98,17.0,349042270.0,IBKR_TRADES,RTH,split_adjusted,traded_shares,2026-09-10T01:20:37.874819+00:00,24
2022-12-09,QQQ,282.81,285.64,281.59,282.04,29402599.0,IBKR_TRADES,RTH,split_adjusted,traded_shares,2026-09-10T01:20:37.874819+00:00,24
2022-12-09,SMH,110.6,112.02,109.73,110.02,3499034.0,IBKR_TRADES,RTH,split_adjusted,traded_shares,2026-09-10T01:20:37.874819+00:00,24
2022-12-12,AAPL,142.9,144.5,141.06,144.49,44958746.0,IBKR_TRADES,RTH,split_adjusted,traded_shares,2026-09-10T01:20:37.874819+00:00,24
2022-12-12,AMD,68.54,70.67,67.53,70.67,51147664.0,IBKR_TRADES,RTH,split_adjusted,traded_shares,2026-09-10T01:20:37.874819+00:00,24
2022-12-12,NVDA,17.04,17.54,16.8,17.54,349166170.0,IBKR_TRADES,RTH,split_adjusted,traded_shares,2026-09-10T01:20:37.874819+00:00,24
2022-12-12,QQQ,282.21,285.64,281.16,285.58,26402754.0,IBKR_TRADES,RTH,split_adjusted,traded_shares,2026-09-10T01:20:37.874819+00:00,24
2022-12-12,SMH,109.39,112.04,109.06,111.98,4111122.0,IBKR_TRADES,RTH,split_adjusted,traded_shares,2026-09-10T01:20:37.874819+00:00,24
2022-12-13,AAPL,149.43,149.97,144.24,145.47,65659197.0,IBKR_TRADES,RTH,split_adjusted,traded_shares,2026-09-10T01:20:37.874819+00:00,24
2022-12-13,AMD,74.84,75.21,70.66,71.65,60370664.0,IBKR_TRADES,RTH,split_adjusted,traded_shares,2026-09-10T01:20:37.874819+00:00,24
2022-12-13,NVDA,18.5,18.79,17.71,18.07,465231190.0,IBKR_TRADES,RTH,split_adjusted,traded_shares,2026-09-10T01:20:37.874819+00:00,24
2022-12-13,QQQ,296.62,296.88,285.91,288.65,53466113.0,IBKR_TRADES,RTH,split_adjusted,traded_shares,2026-09-10T01:20:37.874819+00:00,24
2022-12-13,SMH,117.02,117.3,112.42,113.85,6549844.0,IBKR_TRADES,RTH,split_adjusted,traded_shares,2026-09-10T01:20:37.874819+00:00,24
2022-12-14,AAPL,145.35,146.66,141.16,143.21,59704420.0,IBKR_TRADES,RTH,split_adjusted,traded_shares,2026-09-10T01:20:37.874819+00:00,24
2022-12-14,AMD,70.93,72.0,68.32,68.93,58589535.0,IBKR_TRADES,RTH,split_adjusted,traded_shares,2026-09-10T01:20:37.874819+00:00,24
2022-12-14,NVDA,17.99,18.25,17.42,17.67,377996410.0,IBKR_TRADES,RTH,split_adjusted,traded_shares,2026-09-10T01:20:37.874819+00:00,24
2022-12-14,QQQ,288.08,291.41,283.19,286.51,49133220.0,IBKR_TRADES,RTH,split_adjusted,traded_shares,2026-09-10T01:20:37.874819+00:00,24
2022-12-14,SMH,113.53,114.86,110.78,111.89,5256104.0,IBKR_TRADES,RTH,split_adjusted,traded_shares,2026-09-10T01:20:37.874819+00:00,24
2022-12-15,AAPL,141.11,141.8,136.02,136.5,68097647.0,IBKR_TRADES,RTH,split_adjusted,traded_shares,2026-09-10T01:20:37.874819+00:00,24
2022-12-15,AMD,67.61,68.21,66.12,66.53,49814783.0,IBKR_TRADES,RTH,split_adjusted,traded_shares,2026-09-10T01:20:37.874819+00:00,24
2022-12-15,NVDA,17.16,17.32,16.7,16.95,344686730.0,IBKR_TRADES,RTH,split_adjusted,traded_shares,2026-09-10T01:20:37.874819+00:00,24
2022-12-15,QQQ,282.33,283.01,275.67,276.89,43584033.0,IBKR_TRADES,RTH,split_adjusted,traded_shares,2026-09-10T01:20:37.874819+00:00,24
2022-12-15,SMH,109.98,110.29,107.3,107.63,5989960.0,IBKR_TRADES,RTH,split_adjusted,traded_shares,2026-09-10T01:20:37.874819+00:00,24
2022-12-16,AAPL,136.69,137.65,133.73,134.51,76287323.0,IBKR_TRADES,RTH,split_adjusted,traded_shares,2026-09-10T01:20:37.874819+00:00,24
2022-12-16,AMD,66.22,67.19,64.8,65.41,43428244.0,IBKR_TRADES,RTH,split_adjusted,traded_shares,2026-09-10T01:20:37.874819+00:00,24
2022-12-16,NVDA,16.88,17.04,16.41,16.57,311715820.0,IBKR_TRADES,RTH,split_adjusted,traded_shares,2026-09-10T01:20:37.874819+00:00,24
2022-12-16,QQQ,276.2,277.77,272.61,274.25,37843033.0,IBKR_TRADES,RTH,split_adjusted,traded_shares,2026-09-10T01:20:37.874819+00:00,24
2022-12-16,SMH,107.15,108.1,105.84,106.79,4081132.0,IBKR_TRADES,RTH,split_adjusted,traded_shares,2026-09-10T01:20:37.874819+00:00,24
2022-12-19,AAPL,135.07,135.25,131.32,132.37,55810300.0,IBKR_TRADES,RTH,split_adjusted,traded_shares,2026-09-10T01:20:37.874819+00:00,24
2022-12-19,AMD,65.12,65.59,63.71,64.59,37360721.0,IBKR_TRADES,RTH,split_adjusted,traded_shares,2026-09-10T01:20:37.874819+00:00,24
2022-12-19,NVDA,16.59,16.61,16.15,16.25,268523380.0,IBKR_TRADES,RTH,split_adjusted,traded_shares,2026-09-10T01:20:37.874819+00:00,24
2022-12-19,QQQ,273.87,273.96,268.49,269.75,29020907.0,IBKR_TRADES,RTH,split_adjusted,traded_shares,2026-09-10T01:20:37.874819+00:00,24
2022-12-19,SMH,105.74,105.77,103.44,104.34,4694206.0,IBKR_TRADES,RTH,split_adjusted,traded_shares,2026-09-10T01:20:37.874819+00:00,24
2022-12-20,AAPL,131.4,133.25,129.9,132.3,59227848.0,IBKR_TRADES,RTH,split_adjusted,traded_shares,2026-09-10T01:20:37.874819+00:00,24
2022-12-20,AMD,63.76,66.06,63.52,65.05,45600122.0,IBKR_TRADES,RTH,split_adjusted,traded_shares,2026-09-10T01:20:37.874819+00:00,24
2022-12-20,NVDA,16.06,16.31,15.85,16.09,295296380.0,IBKR_TRADES,RTH,split_adjusted,traded_shares,2026-09-10T01:20:37.874819+00:00,24
2022-12-20,QQQ,268.55,271.32,266.95,269.54,26746880.0,IBKR_TRADES,RTH,split_adjusted,traded_shares,2026-09-10T01:20:37.874819+00:00,24
2022-12-20,SMH,103.36,104.67,103.0,103.83,2757696.0,IBKR_TRADES,RTH,split_adjusted,traded_shares,2026-09-10T01:20:37.874819+00:00,24
2022-12-21,AAPL,132.99,136.81,132.75,135.45,59010998.0,IBKR_TRADES,RTH,split_adjusted,traded_shares,2026-09-10T01:20:37.874819+00:00,24
2022-12-21,AMD,65.43,67.85,65.21,67.68,36495608.0,IBKR_TRADES,RTH,split_adjusted,traded_shares,2026-09-10T01:20:37.874819+00:00,24
2022-12-21,NVDA,16.11,16.63,16.1,16.5,247833559.99999997,IBKR_TRADES,RTH,split_adjusted,traded_shares,2026-09-10T01:20:37.874819+00:00,24
2022-12-21,QQQ,270.6,274.78,269.74,273.45,28572656.0,IBKR_TRADES,RTH,split_adjusted,traded_shares,2026-09-10T01:20:37.874819+00:00,24
2022-12-21,SMH,104.48,106.46,104.21,106.15,4461524.0,IBKR_TRADES,RTH,split_adjusted,traded_shares,2026-09-10T01:20:37.874819+00:00,24
2022-12-22,AAPL,134.42,134.56,130.3,132.23,57575140.0,IBKR_TRADES,RTH,split_adjusted,traded_shares,2026-09-10T01:20:37.874819+00:00,24
2022-12-22,AMD,66.08,66.31,62.26,63.86,62736235.00000001,IBKR_TRADES,RTH,split_adjusted,traded_shares,2026-09-10T01:20:37.874819+00:00,24
2022-12-22,NVDA,16.09,16.14,14.88,15.34,440194630.0,IBKR_TRADES,RTH,split_adjusted,traded_shares,2026-09-10T01:20:37.874819+00:00,24
2022-12-22,QQQ,270.38,270.52,262.45,266.76,42819528.0,IBKR_TRADES,RTH,split_adjusted,traded_shares,2026-09-10T01:20:37.874819+00:00,24
2022-12-22,SMH,104.0,104.0,99.73,101.75,6632294.0,IBKR_TRADES,RTH,split_adjusted,traded_shares,2026-09-10T01:20:37.874819+00:00,24
2022-12-23,AAPL,130.93,132.42,129.64,131.86,50329486.0,IBKR_TRADES,RTH,split_adjusted,traded_shares,2026-09-10T01:20:37.874819+00:00,24
2022-12-23,AMD,63.11,64.66,62.72,64.52,39895489.0,IBKR_TRADES,RTH,split_adjusted,traded_shares,2026-09-10T01:20:37.874819+00:00,24
2022-12-23,NVDA,15.2,15.34,14.88,15.21,273724380.0,IBKR_TRADES,RTH,split_adjusted,traded_shares,2026-09-10T01:20:37.874819+00:00,24
2022-12-23,QQQ,265.46,268.04,263.53,267.36,26063346.0,IBKR_TRADES,RTH,split_adjusted,traded_shares,2026-09-10T01:20:37.874819+00:00,24
2022-12-23,SMH,100.85,101.86,99.97,101.74,2379734.0,IBKR_TRADES,RTH,split_adjusted,traded_shares,2026-09-10T01:20:37.874819+00:00,24
2022-12-27,AAPL,131.42,131.42,128.72,130.03,52122468.0,IBKR_TRADES,RTH,split_adjusted,traded_shares,2026-09-10T01:20:37.874819+00:00,24
2022-12-27,AMD,63.87,64.28,62.97,63.27,30461905.0,IBKR_TRADES,RTH,split_adjusted,traded_shares,2026-09-10T01:20:37.874819+00:00,24
2022-12-27,NVDA,15.07,15.1,14.06,14.12,370953940.0,IBKR_TRADES,RTH,split_adjusted,traded_shares,2026-09-10T01:20:37.874819+00:00,24
2022-12-27,QQQ,266.74,266.85,263.03,263.58,25703194.0,IBKR_TRADES,RTH,split_adjusted,traded_shares,2026-09-10T01:20:37.874819+00:00,24
2022-12-27,SMH,101.04,101.17,99.66,99.92,2659634.0,IBKR_TRADES,RTH,split_adjusted,traded_shares,2026-09-10T01:20:37.874819+00:00,24
2022-12-28,AAPL,129.73,131.03,125.87,126.04,67700015.0,IBKR_TRADES,RTH,split_adjusted,traded_shares,2026-09-10T01:20:37.874819+00:00,24
2022-12-28,AMD,62.57,63.54,61.96,62.57,34680757.0,IBKR_TRADES,RTH,split_adjusted,traded_shares,2026-09-10T01:20:37.874819+00:00,24
2022-12-28,NVDA,13.93,14.26,13.88,14.04,278150880.0,IBKR_TRADES,RTH,split_adjusted,traded_shares,2026-09-10T01:20:37.874819+00:00,24
2022-12-28,QQQ,263.13,265.47,259.73,260.1,32975327.000000004,IBKR_TRADES,RTH,split_adjusted,traded_shares,2026-09-10T01:20:37.874819+00:00,24
2022-12-28,SMH,99.48,100.56,98.27,98.65,3179526.0,IBKR_TRADES,RTH,split_adjusted,traded_shares,2026-09-10T01:20:37.874819+00:00,24
2022-12-29,AAPL,127.99,130.49,127.73,129.61,60111956.0,IBKR_TRADES,RTH,split_adjusted,traded_shares,2026-09-10T01:20:37.874819+00:00,24
2022-12-29,AMD,63.64,65.18,63.06,64.82,35122614.0,IBKR_TRADES,RTH,split_adjusted,traded_shares,2026-09-10T01:20:37.874819+00:00,24
2022-12-29,NVDA,14.4,14.68,14.23,14.6,274338350.0,IBKR_TRADES,RTH,split_adjusted,traded_shares,2026-09-10T01:20:37.874819+00:00,24
2022-12-29,QQQ,262.96,267.41,262.25,266.44,28133455.0,IBKR_TRADES,RTH,split_adjusted,traded_shares,2026-09-10T01:20:37.874819+00:00,24
2022-12-29,SMH,100.22,102.2,99.87,101.87,5666188.0,IBKR_TRADES,RTH,split_adjusted,traded_shares,2026-09-10T01:20:37.874819+00:00,24
2022-12-30,AAPL,128.41,129.95,127.43,129.93,56782382.0,IBKR_TRADES,RTH,split_adjusted,traded_shares,2026-09-10T01:20:37.874819+00:00,24
2022-12-30,AMD,63.82,64.82,63.14,64.77,31337084.0,IBKR_TRADES,RTH,split_adjusted,traded_shares,2026-09-10T01:20:37.874819+00:00,24
2022-12-30,NVDA,14.33,14.63,14.23,14.61,238320070.0,IBKR_TRADES,RTH,split_adjusted,traded_shares,2026-09-10T01:20:37.874819+00:00,24
2022-12-30,QQQ,263.62,266.41,262.29,266.28,26820683.0,IBKR_TRADES,RTH,split_adjusted,traded_shares,2026-09-10T01:20:37.874819+00:00,24
2022-12-30,SMH,100.35,101.61,99.57,101.47,2609412.0,IBKR_TRADES,RTH,split_adjusted,traded_shares,2026-09-10T01:20:37.874819+00:00,24
2023-01-03,AAPL,130.25,130.9,124.17,125.07,80972048.0,IBKR_TRADES,RTH,split_adjusted,traded_shares,2026-09-10T01:20:37.874819+00:00,24
2023-01-03,AMD,65.94,66.88,63.59,64.02,39486786.0,IBKR_TRADES,RTH,split_adjusted,traded_shares,2026-09-10T01:20:37.874819+00:00,24
2023-01-03,NVDA,14.87,15.0,14.1,14.32,314701170.0,IBKR_TRADES,RTH,split_adjusted,traded_shares,2026-09-10T01:20:37.874819+00:00,24
2023-01-03,QQQ,268.67,270.16,262.13,264.48,27484645.0,IBKR_TRADES,RTH,split_adjusted,traded_shares,2026-09-10T01:20:37.874819+00:00,24
2023-01-03,SMH,103.29,103.39,100.05,100.69,2887730.0,IBKR_TRADES,RTH,split_adjusted,traded_shares,2026-09-10T01:20:37.874819+00:00,24
2023-01-04,AAPL,126.91,128.66,125.08,126.36,68010526.0,IBKR_TRADES,RTH,split_adjusted,traded_shares,2026-09-10T01:20:37.874819+00:00,24
2023-01-04,AMD,64.98,65.79,63.31,64.66,40473588.0,IBKR_TRADES,RTH,split_adjusted,traded_shares,2026-09-10T01:20:37.874819+00:00,24
2023-01-04,NVDA,14.57,14.85,14.24,14.75,339224850.0,IBKR_TRADES,RTH,split_adjusted,traded_shares,2026-09-10T01:20:37.874819+00:00,24
2023-01-04,QQQ,266.61,267.45,262.53,265.74,35177951.0,IBKR_TRADES,RTH,split_adjusted,traded_shares,2026-09-10T01:20:37.874819+00:00,24
2023-01-04,SMH,102.55,103.8,101.33,103.25,5456154.0,IBKR_TRADES,RTH,split_adjusted,traded_shares,2026-09-10T01:20:37.874819+00:00,24
2023-01-05,AAPL,127.2,127.77,124.76,125.02,60250831.0,IBKR_TRADES,RTH,split_adjusted,traded_shares,2026-09-10T01:20:37.874819+00:00,24
2023-01-05,AMD,64.15,64.35,62.3,62.33,36611253.0,IBKR_TRADES,RTH,split_adjusted,traded_shares,2026-09-10T01:20:37.874819+00:00,24
2023-01-05,NVDA,14.49,14.56,14.15,14.27,285636960.0,IBKR_TRADES,RTH,split_adjusted,traded_shares,2026-09-10T01:20:37.874819+00:00,24
2023-01-05,QQQ,264.07,264.21,261.26,261.58,29144033.0,IBKR_TRADES,RTH,split_adjusted,traded_shares,2026-09-10T01:20:37.874819+00:00,24
2023-01-05,SMH,102.01,102.86,101.33,101.4,3619454.0,IBKR_TRADES,RTH,split_adjusted,traded_shares,2026-09-10T01:20:37.874819+00:00,24
2023-01-06,AAPL,126.0,130.29,124.89,129.62,64421352.99999999,IBKR_TRADES,RTH,split_adjusted,traded_shares,2026-09-10T01:20:37.874819+00:00,24
2023-01-06,AMD,63.14,64.3,60.05,63.96,59407997.0,IBKR_TRADES,RTH,split_adjusted,traded_shares,2026-09-10T01:20:37.874819+00:00,24
2023-01-06,NVDA,14.48,15.01,14.03,14.86,310492800.0,IBKR_TRADES,RTH,split_adjusted,traded_shares,2026-09-10T01:20:37.874819+00:00,24
2023-01-06,QQQ,263.33,269.94,260.34,268.8,37507727.0,IBKR_TRADES,RTH,split_adjusted,traded_shares,2026-09-10T01:20:37.874819+00:00,24
2023-01-06,SMH,103.08,106.46,101.43,105.83,4407984.0,IBKR_TRADES,RTH,split_adjusted,traded_shares,2026-09-10T01:20:37.874819+00:00,24
2023-01-09,AAPL,130.52,133.41,129.89,130.15,53320917.0,IBKR_TRADES,RTH,split_adjusted,traded_shares,2026-09-10T01:20:37.874819+00:00,24
2023-01-09,AMD,66.22,69.32,65.67,67.24,57694739.0,IBKR_TRADES,RTH,split_adjusted,traded_shares,2026-09-10T01:20:37.874819+00:00,24
2023-01-09,NVDA,15.28,16.06,15.14,15.63,392013000.0,IBKR_TRADES,RTH,split_adjusted,traded_shares,2026-09-10T01:20:37.874819+00:00,24
2023-01-09,QQQ,270.82,275.29,269.92,270.54,35385413.0,IBKR_TRADES,RTH,split_adjusted,traded_shares,2026-09-10T01:20:37.874819+00:00,24
2023-01-09,SMH,107.79,110.36,107.23,108.14,7567532.000000001,IBKR_TRADES,RTH,split_adjusted,traded_shares,2026-09-10T01:20:37.874819+00:00,24
2023-01-10,AAPL,130.28,131.27,128.12,130.73,51125163.0,IBKR_TRADES,RTH,split_adjusted,traded_shares,2026-09-10T01:20:37.874819+00:00,24
2023-01-10,AMD,66.69,68.15,66.56,68.05,35567000.0,IBKR_TRADES,RTH,split_adjusted,traded_shares,2026-09-10T01:20:37.874819+00:00,24
2023-01-10,NVDA,15.49,15.96,15.47,15.91,298605100.0,IBKR_TRADES,RTH,split_adjusted,traded_shares,2026-09-10T01:20:37.874819+00:00,24
2023-01-10,QQQ,269.53,272.93,268.97,272.83,25354910.0,IBKR_TRADES,RTH,split_adjusted,traded_shares,2026-09-10T01:20:37.874819+00:00,24
2023-01-10,SMH,107.75,109.55,107.36,109.55,3386514.0,IBKR_TRADES,RTH,split_adjusted,traded_shares,2026-09-10T01:20:37.874819+00:00,24
2023-01-11,AAPL,131.21,133.51,130.46,133.49,51414827.0,IBKR_TRADES,RTH,split_adjusted,traded_shares,2026-09-10T01:20:37.874819+00:00,24
2023-01-11,AMD,68.42,69.13,67.22,69.06,36270728.0,IBKR_TRADES,RTH,split_adjusted,traded_shares,2026-09-10T01:20:37.874819+00:00,24
2023-01-11,NVDA,15.83,16.03,15.56,16.0,267787969.99999997,IBKR_TRADES,RTH,split_adjusted,traded_shares,2026-09-10T01:20:37.874819+00:00,24
2023-01-11,QQQ,273.94,277.66,273.12,277.55,30171869.0,IBKR_TRADES,RTH,split_adjusted,traded_shares,2026-09-10T01:20:37.874819+00:00,24
2023-01-11,SMH,109.42,110.83,108.6,110.83,3813916.0,IBKR_TRADES,RTH,split_adjusted,traded_shares,2026-09-10T01:20:37.874819+00:00,24
2023-01-12,AAPL,133.81,134.26,131.44,133.41,51955143.0,IBKR_TRADES,RTH,split_adjusted,traded_shares,2026-09-10T01:20:37.874819+00:00,24
2023-01-12,AMD,70.07,71.65,67.18,70.8,58340980.0,IBKR_TRADES,RTH,split_adjusted,traded_shares,2026-09-10T01:20:37.874819+00:00,24
2023-01-12,NVDA,16.09,16.64,15.49,16.51,432806120.0,IBKR_TRADES,RTH,split_adjusted,traded_shares,2026-09-10T01:20:37.874819+00:00,24
2023-01-12,QQQ,278.12,280.1,273.74,279.05,39586613.0,IBKR_TRADES,RTH,split_adjusted,traded_shares,2026-09-10T01:20:37.874819+00:00,24
2023-01-12,SMH,111.74,113.23,109.45,112.49,4885440.0,IBKR_TRADES,RTH,split_adjusted,traded_shares,2026-09-10T01:20:37.874819+00:00,24
2023-01-13,AAPL,131.95,134.92,131.66,134.76,43779108.0,IBKR_TRADES,RTH,split_adjusted,traded_shares,2026-09-10T01:20:37.874819+00:00,24
2023-01-13,AMD,69.84,71.1,69.23,71.0,37774293.0,IBKR_TRADES,RTH,split_adjusted,traded_shares,2026-09-10T01:20:37.874819+00:00,24
2023-01-13,NVDA,16.28,16.92,16.17,16.9,352007600.0,IBKR_TRADES,RTH,split_adjusted,traded_shares,2026-09-10T01:20:37.874819+00:00,24
2023-01-13,QQQ,276.52,281.22,276.16,280.97,29916967.0,IBKR_TRADES,RTH,split_adjusted,traded_shares,2026-09-10T01:20:37.874819+00:00,24
2023-01-13,SMH,111.29,112.96,110.91,112.89,2661352.0,IBKR_TRADES,RTH,split_adjusted,traded_shares,2026-09-10T01:20:37.874819+00:00,24
2023-01-17,AAPL,134.83,137.29,134.13,135.94,46840401.0,IBKR_TRADES,RTH,split_adjusted,traded_shares,2026-09-10T01:20:37.874819+00:00,24
2023-01-17,AMD,70.83,72.66,70.65,71.59,34179849.0,IBKR_TRADES,RTH,split_adjusted,traded_shares,2026-09-10T01:20:37.874819+00:00,24
2023-01-17,NVDA,16.9,17.73,16.9,17.7,390907120.0,IBKR_TRADES,RTH,split_adjusted,traded_shares,2026-09-10T01:20:37.874819+00:00,24
2023-01-17,QQQ,280.77,282.85,279.58,281.54,23664229.0,IBKR_TRADES,RTH,split_adjusted,traded_shares,2026-09-10T01:20:37.874819+00:00,24
2023-01-17,SMH,112.61,114.33,112.45,113.57,3337692.0,IBKR_TRADES,RTH,split_adjusted,traded_shares,2026-09-10T01:20:37.874819+00:00,24
2023-01-18,AAPL,136.82,138.61,135.03,135.21,50284661.0,IBKR_TRADES,RTH,split_adjusted,traded_shares,2026-09-10T01:20:37.874819+00:00,24
2023-01-18,AMD,71.87,72.78,70.5,70.53,32124398.000000004,IBKR_TRADES,RTH,split_adjusted,traded_shares,2026-09-10T01:20:37.874819+00:00,24
2023-01-18,NVDA,17.67,17.87,17.28,17.38,341518460.0,IBKR_TRADES,RTH,split_adjusted,traded_shares,2026-09-10T01:20:37.874819+00:00,24
2023-01-18,QQQ,283.15,284.69,277.67,277.88,33120240.0,IBKR_TRADES,RTH,split_adjusted,traded_shares,2026-09-10T01:20:37.874819+00:00,24
2023-01-18,SMH,114.58,115.53,112.8,112.86,6341574.0,IBKR_TRADES,RTH,split_adjusted,traded_shares,2026-09-10T01:20:37.874819+00:00,24
2023-01-19,AAPL,134.09,136.25,133.77,135.27,43664494.0,IBKR_TRADES,RTH,split_adjusted,traded_shares,2026-09-10T01:20:37.874819+00:00,24
2023-01-19,AMD,69.0,69.26,67.26,67.71,38161885.0,IBKR_TRADES,RTH,split_adjusted,traded_shares,2026-09-10T01:20:37.874819+00:00,24
2023-01-19,NVDA,17.06,17.2,16.73,16.77,352831230.0,IBKR_TRADES,RTH,split_adjusted,traded_shares,2026-09-10T01:20:37.874819+00:00,24
2023-01-19,QQQ,276.24,277.38,273.89,275.15,30854885.999999996,IBKR_TRADES,RTH,split_adjusted,traded_shares,2026-09-10T01:20:37.874819+00:00,24
2023-01-19,SMH,111.79,112.14,109.86,110.1,5717378.0,IBKR_TRADES,RTH,split_adjusted,traded_shares,2026-09-10T01:20:37.874819+00:00,24
2023-01-20,AAPL,135.21,138.02,134.22,137.87,54540584.0,IBKR_TRADES,RTH,split_adjusted,traded_shares,2026-09-10T01:20:37.874819+00:00,24
2023-01-20,AMD,68.11,70.13,67.45,70.07,35733497.0,IBKR_TRADES,RTH,split_adjusted,traded_shares,2026-09-10T01:20:37.874819+00:00,24
2023-01-20,NVDA,17.0,17.86,16.83,17.84,416034340.0,IBKR_TRADES,RTH,split_adjusted,traded_shares,2026-09-10T01:20:37.874819+00:00,24
2023-01-20,QQQ,276.77,283.02,275.71,282.68,34227655.0,IBKR_TRADES,RTH,split_adjusted,traded_shares,2026-09-10T01:20:37.874819+00:00,24
2023-01-20,SMH,111.11,113.69,110.39,113.67,3894949.9999999995,IBKR_TRADES,RTH,split_adjusted,traded_shares,2026-09-10T01:20:37.874819+00:00,24
2023-01-23,AAPL,138.13,143.32,137.9,141.11,62585642.0,IBKR_TRADES,RTH,split_adjusted,traded_shares,2026-09-10T01:20:37.874819+00:00,24
2023-01-23,AMD,72.23,76.59,71.54,76.53,70530444.0,IBKR_TRADES,RTH,split_adjusted,traded_shares,2026-09-10T01:20:37.874819+00:00,24
2023-01-23,NVDA,18.07,19.25,17.82,19.19,516153470.00000006,IBKR_TRADES,RTH,split_adjusted,traded_shares,2026-09-10T01:20:37.874819+00:00,24
2023-01-23,QQQ,283.51,290.21,282.73,288.96,36321310.0,IBKR_TRADES,RTH,split_adjusted,traded_shares,2026-09-10T01:20:37.874819+00:00,24
2023-01-23,SMH,114.5,119.35,114.35,119.04,8349141.999999999,IBKR_TRADES,RTH,split_adjusted,traded_shares,2026-09-10T01:20:37.874819+00:00,24
2023-01-24,AAPL,140.31,143.16,140.3,142.53,44284503.0,IBKR_TRADES,RTH,split_adjusted,traded_shares,2026-09-10T01:20:37.874819+00:00,24
2023-01-24,AMD,73.75,75.65,73.42,74.7,47573817.0,IBKR_TRADES,RTH,split_adjusted,traded_shares,2026-09-10T01:20:37.874819+00:00,24
2023-01-24,NVDA,18.83,19.5,18.82,19.27,393910980.0,IBKR_TRADES,RTH,split_adjusted,traded_shares,2026-09-10T01:20:37.874819+00:00,24
2023-01-24,QQQ,287.31,289.55,286.78,288.37,26242909.0,IBKR_TRADES,RTH,split_adjusted,traded_shares,2026-09-10T01:20:37.874819+00:00,24
2023-01-24,SMH,117.45,119.13,117.45,118.19,5262616.0,IBKR_TRADES,RTH,split_adjusted,traded_shares,2026-09-10T01:20:37.874819+00:00,24
2023-01-25,AAPL,140.95,142.43,138.81,141.86,49457827.0,IBKR_TRADES,RTH,split_adjusted,traded_shares,2026-09-10T01:20:37.874819+00:00,24
2023-01-25,AMD,72.9,75.12,72.09,74.91,43022030.0,IBKR_TRADES,RTH,split_adjusted,traded_shares,2026-09-10T01:20:37.874819+00:00,24
2023-01-25,NVDA,18.91,19.37,18.58,19.32,368409560.0,IBKR_TRADES,RTH,split_adjusted,traded_shares,2026-09-10T01:20:37.874819+00:00,24
2023-01-25,QQQ,283.77,288.36,281.18,287.73,35573974.0,IBKR_TRADES,RTH,split_adjusted,traded_shares,2026-09-10T01:20:37.874819+00:00,24
2023-01-25,SMH,116.19,118.57,115.14,118.31,4779054.0,IBKR_TRADES,RTH,split_adjusted,traded_shares,2026-09-10T01:20:37.874819+00:00,24
2023-01-26,AAPL,143.15,144.25,141.9,143.96,39937944.0,IBKR_TRADES,RTH,split_adjusted,traded_shares,2026-09-10T01:20:37.874819+00:00,24
2023-01-26,AMD,76.42,77.08,74.28,75.16,40537546.0,IBKR_TRADES,RTH,split_adjusted,traded_shares,2026-09-10T01:20:37.874819+00:00,24
2023-01-26,NVDA,19.7,20.17,19.28,19.8,377191080.0,IBKR_TRADES,RTH,split_adjusted,traded_shares,2026-09-10T01:20:37.874819+00:00,24
2023-01-26,QQQ,291.22,293.52,288.51,293.34,32973703.999999996,IBKR_TRADES,RTH,split_adjusted,traded_shares,2026-09-10T01:20:37.874819+00:00,24
2023-01-26,SMH,119.85,120.52,117.96,120.43,4747536.0,IBKR_TRADES,RTH,split_adjusted,traded_shares,2026-09-10T01:20:37.874819+00:00,24
2023-01-27,AAPL,143.18,147.23,143.08,145.93,50487118.0,IBKR_TRADES,RTH,split_adjusted,traded_shares,2026-09-10T01:20:37.874819+00:00,24
2023-01-27,AMD,73.7,76.74,73.49,75.4,48863221.0,IBKR_TRADES,RTH,split_adjusted,traded_shares,2026-09-10T01:20:37.874819+00:00,24
2023-01-27,NVDA,19.47,20.63,19.41,20.37,426804520.0,IBKR_TRADES,RTH,split_adjusted,traded_shares,2026-09-10T01:20:37.874819+00:00,24
2023-01-27,QQQ,292.0,298.26,291.88,296.26,38029601.0,IBKR_TRADES,RTH,split_adjusted,traded_shares,2026-09-10T01:20:37.874819+00:00,24
2023-01-27,SMH,118.45,120.6,117.96,119.64,5398448.0,IBKR_TRADES,RTH,split_adjusted,traded_shares,2026-09-10T01:20:37.874819+00:00,24
2023-01-30,AAPL,144.96,145.55,142.85,143.0,45801580.0,IBKR_TRADES,RTH,split_adjusted,traded_shares,2026-09-10T01:20:37.874819+00:00,24
2023-01-30,AMD,74.28,74.64,72.4,72.45,39516379.0,IBKR_TRADES,RTH,split_adjusted,traded_shares,2026-09-10T01:20:37.874819+00:00,24
2023-01-30,NVDA,19.96,20.14,19.15,19.16,371412870.0,IBKR_TRADES,RTH,split_adjusted,traded_shares,2026-09-10T01:20:37.874819+00:00,24
2023-01-30,QQQ,292.93,294.38,289.89,290.27,32529386.999999996,IBKR_TRADES,RTH,split_adjusted,traded_shares,2026-09-10T01:20:37.874819+00:00,24
2023-01-30,SMH,117.89,118.87,116.67,116.78,5773216.0,IBKR_TRADES,RTH,split_adjusted,traded_shares,2026-09-10T01:20:37.874819+00:00,24
2023-01-31,AAPL,142.69,144.34,142.28,144.29,37758543.0,IBKR_TRADES,RTH,split_adjusted,traded_shares,2026-09-10T01:20:37.874819+00:00,24
2023-01-31,AMD,72.23,75.2,72.03,75.15,52128683.0,IBKR_TRADES,RTH,split_adjusted,traded_shares,2026-09-10T01:20:37.874819+00:00,24
2023-01-31,NVDA,19.17,19.69,18.95,19.54,374535320.0,IBKR_TRADES,RTH,split_adjusted,traded_shares,2026-09-10T01:20:37.874819+00:00,24
2023-01-31,QQQ,290.31,294.72,290.2,294.62,28523017.0,IBKR_TRADES,RTH,split_adjusted,traded_shares,2026-09-10T01:20:37.874819+00:00,24
2023-01-31,SMH,116.45,118.56,116.1,118.55,3811342.0,IBKR_TRADES,RTH,split_adjusted,traded_shares,2026-09-10T01:20:37.874819+00:00,24
2023-02-01,AAPL,143.94,146.61,141.32,145.43,56709425.0,IBKR_TRADES,RTH,split_adjusted,traded_shares,2026-09-10T01:20:37.874819+00:00,24
2023-02-01,AMD,78.47,85.48,77.88,84.64,126881152.0,IBKR_TRADES,RTH,split_adjusted,traded_shares,2026-09-10T01:20:37.874819+00:00,24
2023-02-01,NVDA,19.7,21.19,19.61,20.94,509867280.0,IBKR_TRADES,RTH,split_adjusted,traded_shares,2026-09-10T01:20:37.874819+00:00,24
2023-02-01,QQQ,294.41,303.43,292.3,300.92,46716460.0,IBKR_TRADES,RTH,split_adjusted,traded_shares,2026-09-10T01:20:37.874819+00:00,24
2023-02-01,SMH,119.17,125.31,118.88,124.14,11166400.0,IBKR_TRADES,RTH,split_adjusted,traded_shares,2026-09-10T01:20:37.874819+00:00,24
2023-02-02,AAPL,148.82,151.18,148.17,150.82,70180341.0,IBKR_TRADES,RTH,split_adjusted,traded_shares,2026-09-10T01:20:37.874819+00:00,24
2023-02-02,AMD,84.24,88.94,83.61,88.31,82764358.0,IBKR_TRADES,RTH,split_adjusted,traded_shares,2026-09-10T01:20:37.874819+00:00,24
2023-02-02,NVDA,21.0,21.95,20.96,21.71,420855680.0,IBKR_TRADES,RTH,split_adjusted,traded_shares,2026-09-10T01:20:37.874819+00:00,24
2023-02-02,QQQ,307.52,313.68,306.73,311.72,51687873.0,IBKR_TRADES,RTH,split_adjusted,traded_shares,2026-09-10T01:20:37.874819+00:00,24
2023-02-02,SMH,125.53,127.82,124.81,126.8,8355833.999999999,IBKR_TRADES,RTH,split_adjusted,traded_shares,2026-09-10T01:20:37.874819+00:00,24
2023-02-03,AAPL,147.94,157.38,147.83,154.5,108467761.0,IBKR_TRADES,RTH,split_adjusted,traded_shares,2026-09-10T01:20:37.874819+00:00,24
2023-02-03,AMD,86.65,88.81,85.83,86.09,56285943.0,IBKR_TRADES,RTH,split_adjusted,traded_shares,2026-09-10T01:20:37.874819+00:00,24
2023-02-03,NVDA,20.98,21.75,20.79,21.1,315343850.0,IBKR_TRADES,RTH,split_adjusted,traded_shares,2026-09-10T01:20:37.874819+00:00,24
2023-02-03,QQQ,304.94,312.39,304.54,306.18,51883796.0,IBKR_TRADES,RTH,split_adjusted,traded_shares,2026-09-10T01:20:37.874819+00:00,24
2023-02-03,SMH,124.13,127.15,123.73,124.47,5059490.0,IBKR_TRADES,RTH,split_adjusted,traded_shares,2026-09-10T01:20:37.874819+00:00,24
2023-02-06,AAPL,152.58,153.1,150.78,151.73,49400658.0,IBKR_TRADES,RTH,split_adjusted,traded_shares,2026-09-10T01:20:37.874819+00:00,24
2023-02-06,AMD,84.64,86.28,83.22,83.68,43187134.0,IBKR_TRADES,RTH,split_adjusted,traded_shares,2026-09-10T01:20:37.874819+00:00,24
2023-02-06,NVDA,20.81,21.57,20.79,21.09,355925060.0,IBKR_TRADES,RTH,split_adjusted,traded_shares,2026-09-10T01:20:37.874819+00:00,24
2023-02-06,QQQ,303.52,305.91,302.22,303.59,28202710.0,IBKR_TRADES,RTH,split_adjusted,traded_shares,2026-09-10T01:20:37.874819+00:00,24
2023-02-06,SMH,122.48,124.1,121.88,122.39,4890938.0,IBKR_TRADES,RTH,split_adjusted,traded_shares,2026-09-10T01:20:37.874819+00:00,24
2023-02-07,AAPL,150.73,155.23,150.63,154.65,59548857.0,IBKR_TRADES,RTH,split_adjusted,traded_shares,2026-09-10T01:20:37.874819+00:00,24
2023-02-07,AMD,84.29,86.25,82.52,85.91,55969375.0,IBKR_TRADES,RTH,split_adjusted,traded_shares,2026-09-10T01:20:37.874819+00:00,24
2023-02-07,NVDA,21.39,22.26,21.15,22.17,516574280.0,IBKR_TRADES,RTH,split_adjusted,traded_shares,2026-09-10T01:20:37.874819+00:00,24
2023-02-07,QQQ,303.46,311.03,302.32,309.88,49455492.0,IBKR_TRADES,RTH,split_adjusted,traded_shares,2026-09-10T01:20:37.874819+00:00,24
2023-02-07,SMH,122.78,126.64,122.5,126.07,7007068.0,IBKR_TRADES,RTH,split_adjusted,traded_shares,2026-09-10T01:20:37.874819+00:00,24
2023-02-08,AAPL,153.77,154.58,151.16,151.92,44704905.0,IBKR_TRADES,RTH,split_adjusted,traded_shares,2026-09-10T01:20:37.874819+00:00,24
2023-02-08,AMD,85.77,88.0,84.54,84.69,44853403.0,IBKR_TRADES,RTH,split_adjusted,traded_shares,2026-09-10T01:20:37.874819+00:00,24
2023-02-08,NVDA,22.38,22.88,22.01,22.21,420042700.0,IBKR_TRADES,RTH,split_adjusted,traded_shares,2026-09-10T01:20:37.874819+00:00,24
2023-02-08,QQQ,308.54,309.5,303.67,304.37,35127183.0,IBKR_TRADES,RTH,split_adjusted,traded_shares,2026-09-10T01:20:37.874819+00:00,24
2023-02-08,SMH,125.51,126.35,123.31,123.6,4947012.0,IBKR_TRADES,RTH,split_adjusted,traded_shares,2026-09-10T01:20:37.874819+00:00,24
2023-02-09,AAPL,153.79,154.33,150.42,150.87,38724526.0,IBKR_TRADES,RTH,split_adjusted,traded_shares,2026-09-10T01:20:37.874819+00:00,24
2023-02-09,AMD,85.85,86.67,82.76,83.21,39015560.0,IBKR_TRADES,RTH,split_adjusted,traded_shares,2026-09-10T01:20:37.874819+00:00,24
2023-02-09,NVDA,22.61,23.02,22.12,22.34,404426150.0,IBKR_TRADES,RTH,split_adjusted,traded_shares,2026-09-10T01:20:37.874819+00:00,24
2023-02-09,QQQ,308.84,308.99,300.2,301.68,36653318.0,IBKR_TRADES,RTH,split_adjusted,traded_shares,2026-09-10T01:20:37.874819+00:00,24
2023-02-09,SMH,125.83,127.3,123.17,124.09,6030380.0,IBKR_TRADES,RTH,split_adjusted,traded_shares,2026-09-10T01:20:37.874819+00:00,24
2023-02-10,AAPL,149.49,151.35,149.22,151.01,37699630.0,IBKR_TRADES,RTH,split_adjusted,traded_shares,2026-09-10T01:20:37.874819+00:00,24
2023-02-10,AMD,82.26,82.71,80.47,81.48,40174992.0,IBKR_TRADES,RTH,split_adjusted,traded_shares,2026-09-10T01:20:37.874819+00:00,24
2023-02-10,NVDA,21.68,22.08,20.81,21.27,426641890.0,IBKR_TRADES,RTH,split_adjusted,traded_shares,2026-09-10T01:20:37.874819+00:00,24
2023-02-10,QQQ,299.48,301.57,297.25,299.7,35601926.0,IBKR_TRADES,RTH,split_adjusted,traded_shares,2026-09-10T01:20:37.874819+00:00,24
2023-02-10,SMH,122.69,123.13,120.78,122.01,5120464.0,IBKR_TRADES,RTH,split_adjusted,traded_shares,2026-09-10T01:20:37.874819+00:00,24
2023-02-13,AAPL,150.96,154.26,150.92,153.85,43022921.0,IBKR_TRADES,RTH,split_adjusted,traded_shares,2026-09-10T01:20:37.874819+00:00,24
2023-02-13,AMD,81.63,84.15,80.9,83.13,35211433.0,IBKR_TRADES,RTH,split_adjusted,traded_shares,2026-09-10T01:20:37.874819+00:00,24
2023-02-13,NVDA,21.54,22.05,20.96,21.79,365878390.0,IBKR_TRADES,RTH,split_adjusted,traded_shares,2026-09-10T01:20:37.874819+00:00,24
2023-02-13,QQQ,301.13,305.1,299.93,304.5,28383578.0,IBKR_TRADES,RTH,split_adjusted,traded_shares,2026-09-10T01:20:37.874819+00:00,24
2023-02-13,SMH,122.53,124.17,121.64,123.84,2737114.0,IBKR_TRADES,RTH,split_adjusted,traded_shares,2026-09-10T01:20:37.874819+00:00,24
2023-02-14,AAPL,152.07,153.77,150.86,153.2,44030273.0,IBKR_TRADES,RTH,split_adjusted,traded_shares,2026-09-10T01:20:37.874819+00:00,24
2023-02-14,AMD,82.71,86.19,81.76,85.95,47599258.0,IBKR_TRADES,RTH,split_adjusted,traded_shares,2026-09-10T01:20:37.874819+00:00,24
2023-02-14,NVDA,21.57,23.05,21.37,22.97,518455329.99999994,IBKR_TRADES,RTH,split_adjusted,traded_shares,2026-09-10T01:20:37.874819+00:00,24
2023-02-14,QQQ,302.89,307.72,300.91,306.75,43952381.0,IBKR_TRADES,RTH,split_adjusted,traded_shares,2026-09-10T01:20:37.874819+00:00,24
2023-02-14,SMH,123.0,126.89,122.29,126.51,6467222.0,IBKR_TRADES,RTH,split_adjusted,traded_shares,2026-09-10T01:20:37.874819+00:00,24
2023-02-15,AAPL,153.12,155.5,152.88,155.33,46662146.0,IBKR_TRADES,RTH,split_adjusted,traded_shares,2026-09-10T01:20:37.874819+00:00,24
2023-02-15,AMD,85.1,85.89,83.32,85.18,37629982.0,IBKR_TRADES,RTH,split_adjusted,traded_shares,2026-09-10T01:20:37.874819+00:00,24
2023-02-15,NVDA,22.55,22.86,22.11,22.76,319154910.0,IBKR_TRADES,RTH,split_adjusted,traded_shares,2026-09-10T01:20:37.874819+00:00,24
2023-02-15,QQQ,304.9,309.27,304.2,309.1,29767727.0,IBKR_TRADES,RTH,split_adjusted,traded_shares,2026-09-10T01:20:37.874819+00:00,24
2023-02-15,SMH,124.84,126.57,123.78,126.5,4633760.0,IBKR_TRADES,RTH,split_adjusted,traded_shares,2026-09-10T01:20:37.874819+00:00,24
2023-02-16,AAPL,153.36,156.33,153.3,153.71,47064260.0,IBKR_TRADES,RTH,split_adjusted,traded_shares,2026-09-10T01:20:37.874819+00:00,24
2023-02-16,AMD,82.97,83.35,80.05,80.08,47001561.0,IBKR_TRADES,RTH,split_adjusted,traded_shares,2026-09-10T01:20:37.874819+00:00,24
2023-02-16,NVDA,22.13,22.55,21.93,22.0,300775930.0,IBKR_TRADES,RTH,split_adjusted,traded_shares,2026-09-10T01:20:37.874819+00:00,24
2023-02-16,QQQ,304.38,308.43,303.15,303.3,41053514.0,IBKR_TRADES,RTH,split_adjusted,traded_shares,2026-09-10T01:20:37.874819+00:00,24
2023-02-16,SMH,123.95,125.03,122.9,123.07,3545202.0,IBKR_TRADES,RTH,split_adjusted,traded_shares,2026-09-10T01:20:37.874819+00:00,24
2023-02-17,AAPL,152.35,153.0,150.85,152.55,41747205.0,IBKR_TRADES,RTH,split_adjusted,traded_shares,2026-09-10T01:20:37.874819+00:00,24
2023-02-17,AMD,79.54,79.65,77.37,78.5,41463619.0,IBKR_TRADES,RTH,split_adjusted,traded_shares,2026-09-10T01:20:37.874819+00:00,24
2023-02-17,NVDA,21.64,21.74,20.98,21.39,359237850.0,IBKR_TRADES,RTH,split_adjusted,traded_shares,2026-09-10T01:20:37.874819+00:00,24
2023-02-17,QQQ,301.07,301.93,298.1,301.16,37375353.0,IBKR_TRADES,RTH,split_adjusted,traded_shares,2026-09-10T01:20:37.874819+00:00,24
2023-02-17,SMH,122.2,122.58,120.3,121.39,5543382.0,IBKR_TRADES,RTH,split_adjusted,traded_shares,2026-09-10T01:20:37.874819+00:00,24
2023-02-21,AAPL,150.34,151.3,148.4,148.48,37423127.0,IBKR_TRADES,RTH,split_adjusted,traded_shares,2026-09-10T01:20:37.874819+00:00,24
2023-02-21,AMD,77.15,78.46,76.45,76.77,36000884.0,IBKR_TRADES,RTH,split_adjusted,traded_shares,2026-09-10T01:20:37.874819+00:00,24
2023-02-21,NVDA,21.0,21.49,20.62,20.66,288046580.0,IBKR_TRADES,RTH,split_adjusted,traded_shares,2026-09-10T01:20:37.874819+00:00,24
2023-02-21,QQQ,297.27,298.73,293.89,294.03,32714283.0,IBKR_TRADES,RTH,split_adjusted,traded_shares,2026-09-10T01:20:37.874819+00:00,24
2023-02-21,SMH,119.51,120.78,117.57,117.7,5274144.0,IBKR_TRADES,RTH,split_adjusted,traded_shares,2026-09-10T01:20:37.874819+00:00,24
2023-02-22,AAPL,148.81,149.95,147.16,148.91,37679338.0,IBKR_TRADES,RTH,split_adjusted,traded_shares,2026-09-10T01:20:37.874819+00:00,24
2023-02-22,AMD,76.93,78.13,75.92,76.61,42760684.0,IBKR_TRADES,RTH,split_adjusted,traded_shares,2026-09-10T01:20:37.874819+00:00,24
2023-02-22,NVDA,20.72,21.1,20.42,20.75,321188720.0,IBKR_TRADES,RTH,split_adjusted,traded_shares,2026-09-10T01:20:37.874819+00:00,24
2023-02-22,QQQ,294.62,296.36,292.56,294.25,36281837.0,IBKR_TRADES,RTH,split_adjusted,traded_shares,2026-09-10T01:20:37.874819+00:00,24
2023-02-22,SMH,117.92,118.86,116.55,117.12,4510654.0,IBKR_TRADES,RTH,split_adjusted,traded_shares,2026-09-10T01:20:37.874819+00:00,24
2023-02-23,AAPL,150.09,150.34,147.24,149.4,35265981.0,IBKR_TRADES,RTH,split_adjusted,traded_shares,2026-09-10T01:20:37.874819+00:00,24
2023-02-23,AMD,80.63,81.79,77.96,79.75,64467900.00000001,IBKR_TRADES,RTH,split_adjusted,traded_shares,2026-09-10T01:20:37.874819+00:00,24
2023-02-23,NVDA,23.44,23.89,23.03,23.66,821282220.0,IBKR_TRADES,RTH,split_adjusted,traded_shares,2026-09-10T01:20:37.874819+00:00,24
2023-02-23,QQQ,297.96,298.13,292.55,296.82,51224686.0,IBKR_TRADES,RTH,split_adjusted,traded_shares,2026-09-10T01:20:37.874819+00:00,24
2023-02-23,SMH,121.13,121.86,119.16,121.27,7870181.999999999,IBKR_TRADES,RTH,split_adjusted,traded_shares,2026-09-10T01:20:37.874819+00:00,24
2023-02-24,AAPL,147.13,147.19,145.72,146.71,39737438.0,IBKR_TRADES,RTH,split_adjusted,traded_shares,2026-09-10T01:20:37.874819+00:00,24
2023-02-24,AMD,77.75,78.81,76.94,78.09,39827662.0,IBKR_TRADES,RTH,split_adjusted,traded_shares,2026-09-10T01:20:37.874819+00:00,24
2023-02-24,NVDA,23.23,23.47,22.95,23.29,436639010.0,IBKR_TRADES,RTH,split_adjusted,traded_shares,2026-09-10T01:20:37.874819+00:00,24
2023-02-24,QQQ,291.75,292.97,290.05,291.85,53791921.0,IBKR_TRADES,RTH,split_adjusted,traded_shares,2026-09-10T01:20:37.874819+00:00,24
2023-02-24,SMH,119.04,119.69,118.22,119.11,3909350.0,IBKR_TRADES,RTH,split_adjusted,traded_shares,2026-09-10T01:20:37.874819+00:00,24
2023-02-27,AAPL,147.71,149.17,147.45,147.92,32019306.0,IBKR_TRADES,RTH,split_adjusted,traded_shares,2026-09-10T01:20:37.874819+00:00,24
2023-02-27,AMD,79.72,80.12,78.53,78.77,37788271.0,IBKR_TRADES,RTH,split_adjusted,traded_shares,2026-09-10T01:20:37.874819+00:00,24
2023-02-27,NVDA,23.68,23.88,23.45,23.5,335617610.0,IBKR_TRADES,RTH,split_adjusted,traded_shares,2026-09-10T01:20:37.874819+00:00,24
2023-02-27,QQQ,295.08,296.49,293.34,293.94,33210872.0,IBKR_TRADES,RTH,split_adjusted,traded_shares,2026-09-10T01:20:37.874819+00:00,24
2023-02-27,SMH,121.0,121.17,119.56,119.64,3852930.0,IBKR_TRADES,RTH,split_adjusted,traded_shares,2026-09-10T01:20:37.874819+00:00,24
2023-02-28,AAPL,147.05,149.08,146.83,147.41,30195044.0,IBKR_TRADES,RTH,split_adjusted,traded_shares,2026-09-10T01:20:37.874819+00:00,24
2023-02-28,AMD,77.88,80.14,77.42,78.58,37135308.0,IBKR_TRADES,RTH,split_adjusted,traded_shares,2026-09-10T01:20:37.874819+00:00,24
2023-02-28,NVDA,23.37,23.83,23.21,23.22,310486770.0,IBKR_TRADES,RTH,split_adjusted,traded_shares,2026-09-10T01:20:37.874819+00:00,24
2023-02-28,QQQ,293.3,296.13,292.96,293.56,34908245.0,IBKR_TRADES,RTH,split_adjusted,traded_shares,2026-09-10T01:20:37.874819+00:00,24
2023-02-28,SMH,119.3,121.3,119.1,119.7,3029324.0,IBKR_TRADES,RTH,split_adjusted,traded_shares,2026-09-10T01:20:37.874819+00:00,24
2023-03-01,AAPL,146.83,147.23,145.01,145.31,37145587.0,IBKR_TRADES,RTH,split_adjusted,traded_shares,2026-09-10T01:20:37.874819+00:00,24
2023-03-01,AMD,78.74,80.29,77.88,78.29,38187998.0,IBKR_TRADES,RTH,split_adjusted,traded_shares,2026-09-10T01:20:37.874819+00:00,24
2023-03-01,NVDA,23.22,23.26,22.51,22.7,317998970.0,IBKR_TRADES,RTH,split_adjusted,traded_shares,2026-09-10T01:20:37.874819+00:00,24
2023-03-01,QQQ,293.23,293.93,290.2,291.2,42310062.0,IBKR_TRADES,RTH,split_adjusted,traded_shares,2026-09-10T01:20:37.874819+00:00,24
2023-03-01,SMH,120.22,121.28,119.33,119.78,3157532.0,IBKR_TRADES,RTH,split_adjusted,traded_shares,2026-09-10T01:20:37.874819+00:00,24
2023-03-02,AAPL,144.41,146.71,143.9,145.91,36646909.0,IBKR_TRADES,RTH,split_adjusted,traded_shares,2026-09-10T01:20:37.874819+00:00,24
2023-03-02,AMD,77.57,80.92,76.65,80.44,52848797.0,IBKR_TRADES,RTH,split_adjusted,traded_shares,2026-09-10T01:20:37.874819+00:00,24
2023-03-02,NVDA,22.48,23.38,22.43,23.31,287034660.0,IBKR_TRADES,RTH,split_adjusted,traded_shares,2026-09-10T01:20:37.874819+00:00,24
2023-03-02,QQQ,288.66,294.43,288.37,293.61,38476160.0,IBKR_TRADES,RTH,split_adjusted,traded_shares,2026-09-10T01:20:37.874819+00:00,24
2023-03-02,SMH,118.18,121.36,117.35,120.84,4108073.9999999995,IBKR_TRADES,RTH,split_adjusted,traded_shares,2026-09-10T01:20:37.874819+00:00,24
2023-03-03,AAPL,148.09,151.11,147.33,151.03,47751342.0,IBKR_TRADES,RTH,split_adjusted,traded_shares,2026-09-10T01:20:37.874819+00:00,24
2023-03-03,AMD,80.41,81.63,79.34,81.52,44072375.0,IBKR_TRADES,RTH,split_adjusted,traded_shares,2026-09-10T01:20:37.874819+00:00,24
2023-03-03,NVDA,23.32,23.9,23.13,23.89,295184020.0,IBKR_TRADES,RTH,split_adjusted,traded_shares,2026-09-10T01:20:37.874819+00:00,24
2023-03-03,QQQ,295.39,299.92,294.87,299.68,41795138.0,IBKR_TRADES,RTH,split_adjusted,traded_shares,2026-09-10T01:20:37.874819+00:00,24
2023-03-03,SMH,120.85,122.59,119.92,122.48,3705724.0,IBKR_TRADES,RTH,split_adjusted,traded_shares,2026-09-10T01:20:37.874819+00:00,24
2023-03-06,AAPL,153.81,156.3,153.46,153.83,65384332.00000001,IBKR_TRADES,RTH,split_adjusted,traded_shares,2026-09-10T01:20:37.874819+00:00,24
2023-03-06,AMD,82.03,83.3,81.04,81.16,45897625.0,IBKR_TRADES,RTH,split_adjusted,traded_shares,2026-09-10T01:20:37.874819+00:00,24
2023-03-06,NVDA,23.89,24.25,23.49,23.55,325715930.0,IBKR_TRADES,RTH,split_adjusted,traded_shares,2026-09-10T01:20:37.874819+00:00,24
2023-03-06,QQQ,300.94,304.0,299.82,300.02,39726914.0,IBKR_TRADES,RTH,split_adjusted,traded_shares,2026-09-10T01:20:37.874819+00:00,24
2023-03-06,SMH,122.81,123.92,121.14,121.39,4060698.0,IBKR_TRADES,RTH,split_adjusted,traded_shares,2026-09-10T01:20:37.874819+00:00,24
2023-03-07,AAPL,153.64,154.03,151.13,151.6,41641370.0,IBKR_TRADES,RTH,split_adjusted,traded_shares,2026-09-10T01:20:37.874819+00:00,24
2023-03-07,AMD,81.08,84.85,80.66,82.11,60266198.0,IBKR_TRADES,RTH,split_adjusted,traded_shares,2026-09-10T01:20:37.874819+00:00,24
2023-03-07,NVDA,23.61,24.13,23.24,23.29,398386610.0,IBKR_TRADES,RTH,split_adjusted,traded_shares,2026-09-10T01:20:37.874819+00:00,24
2023-03-07,QQQ,300.07,301.01,295.72,296.34,50127223.0,IBKR_TRADES,RTH,split_adjusted,traded_shares,2026-09-10T01:20:37.874819+00:00,24
2023-03-07,SMH,121.44,122.0,119.53,120.04,4171408.0,IBKR_TRADES,RTH,split_adjusted,traded_shares,2026-09-10T01:20:37.874819+00:00,24
2023-03-08,AAPL,152.77,153.47,151.83,152.87,37163169.0,IBKR_TRADES,RTH,split_adjusted,traded_shares,2026-09-10T01:20:37.874819+00:00,24
2023-03-08,AMD,82.79,85.77,82.28,85.37,59766409.0,IBKR_TRADES,RTH,split_adjusted,traded_shares,2026-09-10T01:20:37.874819+00:00,24
2023-03-08,NVDA,23.49,24.2,23.42,24.18,403125400.0,IBKR_TRADES,RTH,split_adjusted,traded_shares,2026-09-10T01:20:37.874819+00:00,24
2023-03-08,QQQ,296.74,298.43,294.88,297.82,37776606.0,IBKR_TRADES,RTH,split_adjusted,traded_shares,2026-09-10T01:20:37.874819+00:00,24
2023-03-08,SMH,120.66,123.27,120.41,123.17,5236330.0,IBKR_TRADES,RTH,split_adjusted,traded_shares,2026-09-10T01:20:37.874819+00:00,24
2023-03-09,AAPL,153.49,154.54,150.22,150.59,39962584.0,IBKR_TRADES,RTH,split_adjusted,traded_shares,2026-09-10T01:20:37.874819+00:00,24
2023-03-09,AMD,85.29,87.81,83.59,84.03,68831243.0,IBKR_TRADES,RTH,split_adjusted,traded_shares,2026-09-10T01:20:37.874819+00:00,24
2023-03-09,NVDA,24.18,24.45,23.38,23.44,377439270.0,IBKR_TRADES,RTH,split_adjusted,traded_shares,2026-09-10T01:20:37.874819+00:00,24
2023-03-09,QQQ,298.34,300.98,291.82,292.66,52121763.0,IBKR_TRADES,RTH,split_adjusted,traded_shares,2026-09-10T01:20:37.874819+00:00,24
2023-03-09,SMH,122.96,124.78,120.57,120.82,6050744.0,IBKR_TRADES,RTH,split_adjusted,traded_shares,2026-09-10T01:20:37.874819+00:00,24
2023-03-10,AAPL,150.21,150.94,147.6,148.5,50731374.0,IBKR_TRADES,RTH,split_adjusted,traded_shares,2026-09-10T01:20:37.874819+00:00,24
2023-03-10,AMD,84.58,85.45,81.63,82.67,61039154.00000001,IBKR_TRADES,RTH,split_adjusted,traded_shares,2026-09-10T01:20:37.874819+00:00,24
2023-03-10,NVDA,23.41,23.63,22.73,22.97,347518080.0,IBKR_TRADES,RTH,split_adjusted,traded_shares,2026-09-10T01:20:37.874819+00:00,24
2023-03-10,QQQ,292.83,294.35,287.38,288.55,72016320.0,IBKR_TRADES,RTH,split_adjusted,traded_shares,2026-09-10T01:20:37.874819+00:00,24
2023-03-10,SMH,121.24,121.92,118.26,118.86,9045304.0,IBKR_TRADES,RTH,split_adjusted,traded_shares,2026-09-10T01:20:37.874819+00:00,24
2023-03-13,AAPL,147.81,153.14,147.7,150.47,63598014.0,IBKR_TRADES,RTH,split_adjusted,traded_shares,2026-09-10T01:20:37.874819+00:00,24
2023-03-13,AMD,81.32,83.83,78.51,82.01,53583075.0,IBKR_TRADES,RTH,split_adjusted,traded_shares,2026-09-10T01:20:37.874819+00:00,24
2023-03-13,NVDA,22.75,23.3,22.3,22.97,294661450.0,IBKR_TRADES,RTH,split_adjusted,traded_shares,2026-09-10T01:20:37.874819+00:00,24
2023-03-13,QQQ,286.73,294.47,285.19,290.69,70617818.0,IBKR_TRADES,RTH,split_adjusted,traded_shares,2026-09-10T01:20:37.874819+00:00,24
2023-03-13,SMH,117.36,120.25,116.39,118.78,6306372.0,IBKR_TRADES,RTH,split_adjusted,traded_shares,2026-09-10T01:20:37.874819+00:00,24
2023-03-14,AAPL,151.27,153.4,150.1,152.59,50383686.0,IBKR_TRADES,RTH,split_adjusted,traded_shares,2026-09-10T01:20:37.874819+00:00,24
2023-03-14,AMD,83.59,88.3,83.59,87.45,55558633.0,IBKR_TRADES,RTH,split_adjusted,traded_shares,2026-09-10T01:20:37.874819+00:00,24
2023-03-14,NVDA,23.5,24.22,23.46,24.06,345824430.0,IBKR_TRADES,RTH,split_adjusted,traded_shares,2026-09-10T01:20:37.874819+00:00,24
2023-03-14,QQQ,294.31,297.93,293.45,297.37,52108029.0,IBKR_TRADES,RTH,split_adjusted,traded_shares,2026-09-10T01:20:37.874819+00:00,24
2023-03-14,SMH,120.7,123.0,120.49,122.33,7472490.0,IBKR_TRADES,RTH,split_adjusted,traded_shares,2026-09-10T01:20:37.874819+00:00,24
2023-03-15,AAPL,151.19,153.25,149.92,152.99,53542299.0,IBKR_TRADES,RTH,split_adjusted,traded_shares,2026-09-10T01:20:37.874819+00:00,24
2023-03-15,AMD,86.74,90.42,86.21,89.68,71923458.0,IBKR_TRADES,RTH,split_adjusted,traded_shares,2026-09-10T01:20:37.874819+00:00,24
2023-03-15,NVDA,23.76,24.29,23.36,24.23,373826320.0,IBKR_TRADES,RTH,split_adjusted,traded_shares,2026-09-10T01:20:37.874819+00:00,24
2023-03-15,QQQ,294.71,299.27,293.24,298.93,54777829.0,IBKR_TRADES,RTH,split_adjusted,traded_shares,2026-09-10T01:20:37.874819+00:00,24
2023-03-15,SMH,120.5,121.25,118.54,120.96,8291868.0,IBKR_TRADES,RTH,split_adjusted,traded_shares,2026-09-10T01:20:37.874819+00:00,24
2023-03-16,AAPL,152.15,156.46,151.64,155.85,56772468.0,IBKR_TRADES,RTH,split_adjusted,traded_shares,2026-09-10T01:20:37.874819+00:00,24
2023-03-16,AMD,89.74,96.69,89.02,96.6,97982141.0,IBKR_TRADES,RTH,split_adjusted,traded_shares,2026-09-10T01:20:37.874819+00:00,24
2023-03-16,NVDA,24.02,25.59,23.89,25.54,417615490.0,IBKR_TRADES,RTH,split_adjusted,traded_shares,2026-09-10T01:20:37.874819+00:00,24
2023-03-16,QQQ,297.95,307.18,297.19,306.81,63873457.00000001,IBKR_TRADES,RTH,split_adjusted,traded_shares,2026-09-10T01:20:37.874819+00:00,24
2023-03-16,SMH,120.27,125.99,119.89,125.8,9912948.0,IBKR_TRADES,RTH,split_adjusted,traded_shares,2026-09-10T01:20:37.874819+00:00,24
2023-03-17,AAPL,156.08,156.74,154.28,155.0,60218668.0,IBKR_TRADES,RTH,split_adjusted,traded_shares,2026-09-10T01:20:37.874819+00:00,24
2023-03-17,AMD,96.66,98.75,95.93,97.84,74452063.0,IBKR_TRADES,RTH,split_adjusted,traded_shares,2026-09-10T01:20:37.874819+00:00,24
2023-03-17,NVDA,25.98,26.4,25.67,25.73,524451340.0,IBKR_TRADES,RTH,split_adjusted,traded_shares,2026-09-10T01:20:37.874819+00:00,24
2023-03-17,QQQ,306.72,309.15,303.37,305.36,51390008.0,IBKR_TRADES,RTH,split_adjusted,traded_shares,2026-09-10T01:20:37.874819+00:00,24
2023-03-17,SMH,125.95,127.09,124.63,125.16,5973694.0,IBKR_TRADES,RTH,split_adjusted,traded_shares,2026-09-10T01:20:37.874819+00:00,24
2023-03-20,AAPL,155.03,157.82,154.15,157.4,51388859.0,IBKR_TRADES,RTH,split_adjusted,traded_shares,2026-09-10T01:20:37.874819+00:00,24
2023-03-20,AMD,96.3,96.94,92.9,96.81,80409516.0,IBKR_TRADES,RTH,split_adjusted,traded_shares,2026-09-10T01:20:37.874819+00:00,24
2023-03-20,NVDA,25.61,26.02,25.13,25.9,309844380.0,IBKR_TRADES,RTH,split_adjusted,traded_shares,2026-09-10T01:20:37.874819+00:00,24
2023-03-20,QQQ,304.26,306.3,302.01,305.97,37415693.0,IBKR_TRADES,RTH,split_adjusted,traded_shares,2026-09-10T01:20:37.874819+00:00,24
2023-03-20,SMH,125.5,126.79,124.35,126.42,4292626.0,IBKR_TRADES,RTH,split_adjusted,traded_shares,2026-09-10T01:20:37.874819+00:00,24
2023-03-21,AAPL,157.29,159.4,156.54,159.28,50287990.0,IBKR_TRADES,RTH,split_adjusted,traded_shares,2026-09-10T01:20:37.874819+00:00,24
2023-03-21,AMD,97.01,99.47,93.64,95.93,74059456.0,IBKR_TRADES,RTH,split_adjusted,traded_shares,2026-09-10T01:20:37.874819+00:00,24
2023-03-21,NVDA,26.19,26.39,25.38,26.2,409539360.0,IBKR_TRADES,RTH,split_adjusted,traded_shares,2026-09-10T01:20:37.874819+00:00,24
2023-03-21,QQQ,307.94,310.8,306.39,310.34,34016233.0,IBKR_TRADES,RTH,split_adjusted,traded_shares,2026-09-10T01:20:37.874819+00:00,24
2023-03-21,SMH,127.44,128.69,124.8,126.82,6057496.0,IBKR_TRADES,RTH,split_adjusted,traded_shares,2026-09-10T01:20:37.874819+00:00,24
2023-03-22,AAPL,159.29,162.14,157.81,157.83,54562750.0,IBKR_TRADES,RTH,split_adjusted,traded_shares,2026-09-10T01:20:37.874819+00:00,24
2023-03-22,AMD,95.66,101.7,95.64,97.58,97177605.0,IBKR_TRADES,RTH,split_adjusted,traded_shares,2026-09-10T01:20:37.874819+00:00,24
2023-03-22,NVDA,26.42,27.59,26.24,26.47,609637290.0,IBKR_TRADES,RTH,split_adjusted,traded_shares,2026-09-10T01:20:37.874819+00:00,24
2023-03-22,QQQ,310.27,315.25,305.95,306.12,54160622.0,IBKR_TRADES,RTH,split_adjusted,traded_shares,2026-09-10T01:20:37.874819+00:00,24
2023-03-22,SMH,127.01,130.44,126.01,126.01,5784574.0,IBKR_TRADES,RTH,split_adjusted,traded_shares,2026-09-10T01:20:37.874819+00:00,24
2023-03-23,AAPL,158.77,161.56,157.68,158.93,50035497.0,IBKR_TRADES,RTH,split_adjusted,traded_shares,2026-09-10T01:20:37.874819+00:00,24
2023-03-23,AMD,100.11,102.43,98.67,100.28,71801928.0,IBKR_TRADES,RTH,split_adjusted,traded_shares,2026-09-10T01:20:37.874819+00:00,24
2023-03-23,NVDA,27.11,27.5,26.69,27.19,407782320.0,IBKR_TRADES,RTH,split_adjusted,traded_shares,2026-09-10T01:20:37.874819+00:00,24
2023-03-23,QQQ,309.92,314.15,307.01,309.75,49899416.0,IBKR_TRADES,RTH,split_adjusted,traded_shares,2026-09-10T01:20:37.874819+00:00,24
2023-03-23,SMH,128.42,130.96,127.31,129.35,7569360.0,IBKR_TRADES,RTH,split_adjusted,traded_shares,2026-09-10T01:20:37.874819+00:00,24
2023-03-24,AAPL,158.88,160.34,157.85,160.25,41845530.0,IBKR_TRADES,RTH,split_adjusted,traded_shares,2026-09-10T01:20:37.874819+00:00,24
2023-03-24,AMD,99.17,99.52,96.74,97.95,55390732.0,IBKR_TRADES,RTH,split_adjusted,traded_shares,2026-09-10T01:20:37.874819+00:00,24
2023-03-24,NVDA,27.03,27.17,26.36,26.78,329961180.0,IBKR_TRADES,RTH,split_adjusted,traded_shares,2026-09-10T01:20:37.874819+00:00,24
2023-03-24,QQQ,309.32,310.99,306.95,310.89,42574278.0,IBKR_TRADES,RTH,split_adjusted,traded_shares,2026-09-10T01:20:37.874819+00:00,24
2023-03-24,SMH,128.6,128.81,126.01,127.31,7662854.000000001,IBKR_TRADES,RTH,split_adjusted,traded_shares,2026-09-10T01:20:37.874819+00:00,24
2023-03-27,AAPL,159.93,160.77,157.87,158.28,36560222.0,IBKR_TRADES,RTH,split_adjusted,traded_shares,2026-09-10T01:20:37.874819+00:00,24
2023-03-27,AMD,97.99,98.93,95.42,96.61,49511156.0,IBKR_TRADES,RTH,split_adjusted,traded_shares,2026-09-10T01:20:37.874819+00:00,24
2023-03-27,NVDA,26.84,27.0,26.36,26.53,274184400.0,IBKR_TRADES,RTH,split_adjusted,traded_shares,2026-09-10T01:20:37.874819+00:00,24
2023-03-27,QQQ,311.6,312.7,307.89,308.76,36875104.0,IBKR_TRADES,RTH,split_adjusted,traded_shares,2026-09-10T01:20:37.874819+00:00,24
2023-03-27,SMH,127.64,128.0,125.44,125.83,4870312.0,IBKR_TRADES,RTH,split_adjusted,traded_shares,2026-09-10T01:20:37.874819+00:00,24
2023-03-28,AAPL,157.99,158.49,155.98,157.65,34128815.0,IBKR_TRADES,RTH,split_adjusted,traded_shares,2026-09-10T01:20:37.874819+00:00,24
2023-03-28,AMD,96.77,96.94,92.87,94.56,50413332.0,IBKR_TRADES,RTH,split_adjusted,traded_shares,2026-09-10T01:20:37.874819+00:00,24
2023-03-28,NVDA,26.43,26.51,25.85,26.41,265432140.0,IBKR_TRADES,RTH,split_adjusted,traded_shares,2026-09-10T01:20:37.874819+00:00,24
2023-03-28,QQQ,308.17,308.2,304.77,307.12,33670801.0,IBKR_TRADES,RTH,split_adjusted,traded_shares,2026-09-10T01:20:37.874819+00:00,24
2023-03-28,SMH,125.33,125.57,123.22,124.95,5344970.0,IBKR_TRADES,RTH,split_adjusted,traded_shares,2026-09-10T01:20:37.874819+00:00,24
2023-03-29,AAPL,159.37,161.05,159.35,160.77,37058121.0,IBKR_TRADES,RTH,split_adjusted,traded_shares,2026-09-10T01:20:37.874819+00:00,24
2023-03-29,AMD,95.96,96.91,94.87,96.09,46875658.0,IBKR_TRADES,RTH,split_adjusted,traded_shares,2026-09-10T01:20:37.874819+00:00,24
2023-03-29,NVDA,26.83,27.08,26.6,26.98,276777580.0,IBKR_TRADES,RTH,split_adjusted,traded_shares,2026-09-10T01:20:37.874819+00:00,24
2023-03-29,QQQ,310.89,313.35,310.05,312.72,37424999.0,IBKR_TRADES,RTH,split_adjusted,traded_shares,2026-09-10T01:20:37.874819+00:00,24
2023-03-29,SMH,126.79,129.57,126.79,128.84,6537882.0,IBKR_TRADES,RTH,split_adjusted,traded_shares,2026-09-10T01:20:37.874819+00:00,24
2023-03-30,AAPL,161.59,162.47,161.27,162.36,34726065.0,IBKR_TRADES,RTH,split_adjusted,traded_shares,2026-09-10T01:20:37.874819+00:00,24
2023-03-30,AMD,98.0,99.53,97.25,97.88,49066160.0,IBKR_TRADES,RTH,split_adjusted,traded_shares,2026-09-10T01:20:37.874819+00:00,24
2023-03-30,NVDA,27.23,27.5,27.1,27.38,260111429.99999997,IBKR_TRADES,RTH,split_adjusted,traded_shares,2026-09-10T01:20:37.874819+00:00,24
2023-03-30,QQQ,315.22,316.32,313.93,315.68,34851002.0,IBKR_TRADES,RTH,split_adjusted,traded_shares,2026-09-10T01:20:37.874819+00:00,24
2023-03-30,SMH,130.17,131.52,129.79,130.69,4787936.0,IBKR_TRADES,RTH,split_adjusted,traded_shares,2026-09-10T01:20:37.874819+00:00,24
2023-03-31,AAPL,162.43,165.0,161.91,164.9,43105312.0,IBKR_TRADES,RTH,split_adjusted,traded_shares,2026-09-10T01:20:37.874819+00:00,24
2023-03-31,AMD,96.38,98.36,95.27,98.01,47191690.0,IBKR_TRADES,RTH,split_adjusted,traded_shares,2026-09-10T01:20:37.874819+00:00,24
2023-03-31,NVDA,27.14,27.84,27.11,27.78,306824880.0,IBKR_TRADES,RTH,split_adjusted,traded_shares,2026-09-10T01:20:37.874819+00:00,24
2023-03-31,QQQ,315.91,321.17,315.6,320.93,41292175.0,IBKR_TRADES,RTH,split_adjusted,traded_shares,2026-09-10T01:20:37.874819+00:00,24
2023-03-31,SMH,129.69,131.79,129.43,131.6,4502428.0,IBKR_TRADES,RTH,split_adjusted,traded_shares,2026-09-10T01:20:37.874819+00:00,24
2023-04-03,AAPL,164.27,166.29,164.21,166.17,37783464.0,IBKR_TRADES,RTH,split_adjusted,traded_shares,2026-09-10T01:20:37.874819+00:00,24
2023-04-03,AMD,96.7,96.79,94.81,96.56,42245440.0,IBKR_TRADES,RTH,split_adjusted,traded_shares,2026-09-10T01:20:37.874819+00:00,24
2023-04-03,NVDA,27.5,28.0,27.34,27.96,286956780.0,IBKR_TRADES,RTH,split_adjusted,traded_shares,2026-09-10T01:20:37.874819+00:00,24
2023-04-03,QQQ,318.77,320.42,317.42,320.15,33275557.999999996,IBKR_TRADES,RTH,split_adjusted,traded_shares,2026-09-10T01:20:37.874819+00:00,24
2023-04-03,SMH,130.9,131.42,129.31,130.85,3803756.0,IBKR_TRADES,RTH,split_adjusted,traded_shares,2026-09-10T01:20:37.874819+00:00,24
2023-04-04,AAPL,166.59,166.84,165.11,165.63,30911301.000000004,IBKR_TRADES,RTH,split_adjusted,traded_shares,2026-09-10T01:20:37.874819+00:00,24
2023-04-04,AMD,97.01,97.27,95.21,95.87,36562406.0,IBKR_TRADES,RTH,split_adjusted,traded_shares,2026-09-10T01:20:37.874819+00:00,24
2023-04-04,NVDA,27.96,28.0,27.31,27.45,267505650.00000003,IBKR_TRADES,RTH,split_adjusted,traded_shares,2026-09-10T01:20:37.874819+00:00,24
2023-04-04,QQQ,320.6,321.63,317.82,319.07,30921006.999999996,IBKR_TRADES,RTH,split_adjusted,traded_shares,2026-09-10T01:20:37.874819+00:00,24
2023-04-04,SMH,131.11,131.27,128.21,128.84,5148872.0,IBKR_TRADES,RTH,split_adjusted,traded_shares,2026-09-10T01:20:37.874819+00:00,24
2023-04-05,AAPL,164.74,165.05,161.8,163.76,38442588.0,IBKR_TRADES,RTH,split_adjusted,traded_shares,2026-09-10T01:20:37.874819+00:00,24
2023-04-05,AMD,94.37,94.5,91.36,92.56,43781456.0,IBKR_TRADES,RTH,split_adjusted,traded_shares,2026-09-10T01:20:37.874819+00:00,24
2023-04-05,NVDA,26.83,27.0,26.4,26.88,364729850.0,IBKR_TRADES,RTH,split_adjusted,traded_shares,2026-09-10T01:20:37.874819+00:00,24
2023-04-05,QQQ,318.1,318.31,314.07,315.92,47619702.0,IBKR_TRADES,RTH,split_adjusted,traded_shares,2026-09-10T01:20:37.874819+00:00,24
2023-04-05,SMH,127.52,127.73,125.22,126.58,6937582.0,IBKR_TRADES,RTH,split_adjusted,traded_shares,2026-09-10T01:20:37.874819+00:00,24
2023-04-06,AAPL,162.38,164.96,162.0,164.66,32014329.999999996,IBKR_TRADES,RTH,split_adjusted,traded_shares,2026-09-10T01:20:37.874819+00:00,24
2023-04-06,AMD,91.47,92.92,90.62,92.47,39770043.0,IBKR_TRADES,RTH,split_adjusted,traded_shares,2026-09-10T01:20:37.874819+00:00,24
2023-04-06,NVDA,26.58,27.08,26.43,27.04,276740930.0,IBKR_TRADES,RTH,split_adjusted,traded_shares,2026-09-10T01:20:37.874819+00:00,24
2023-04-06,QQQ,314.24,318.55,312.82,318.05,33732439.0,IBKR_TRADES,RTH,split_adjusted,traded_shares,2026-09-10T01:20:37.874819+00:00,24
2023-04-06,SMH,125.32,127.02,124.64,126.2,4816594.0,IBKR_TRADES,RTH,split_adjusted,traded_shares,2026-09-10T01:20:37.874819+00:00,24
2023-04-10,AAPL,161.39,162.03,160.08,162.03,35075771.0,IBKR_TRADES,RTH,split_adjusted,traded_shares,2026-09-10T01:20:37.874819+00:00,24
2023-04-10,AMD,91.32,95.8,91.02,95.48,44465542.0,IBKR_TRADES,RTH,split_adjusted,traded_shares,2026-09-10T01:20:37.874819+00:00,24
2023-04-10,NVDA,26.82,27.62,26.67,27.58,278027330.0,IBKR_TRADES,RTH,split_adjusted,traded_shares,2026-09-10T01:20:37.874819+00:00,24
2023-04-10,QQQ,315.06,317.92,313.25,317.87,31556258.000000004,IBKR_TRADES,RTH,split_adjusted,traded_shares,2026-09-10T01:20:37.874819+00:00,24
2023-04-10,SMH,125.05,128.18,124.85,128.11,3782684.0,IBKR_TRADES,RTH,split_adjusted,traded_shares,2026-09-10T01:20:37.874819+00:00,24
2023-04-11,AAPL,162.35,162.36,160.51,160.8,33513122.999999996,IBKR_TRADES,RTH,split_adjusted,traded_shares,2026-09-10T01:20:37.874819+00:00,24
2023-04-11,AMD,96.06,96.07,92.69,94.03,44710559.0,IBKR_TRADES,RTH,split_adjusted,traded_shares,2026-09-10T01:20:37.874819+00:00,24
2023-04-11,NVDA,27.73,27.79,27.13,27.17,222523540.0,IBKR_TRADES,RTH,split_adjusted,traded_shares,2026-09-10T01:20:37.874819+00:00,24
2023-04-11,QQQ,317.84,317.89,315.31,315.83,29153454.0,IBKR_TRADES,RTH,split_adjusted,traded_shares,2026-09-10T01:20:37.874819+00:00,24
2023-04-11,SMH,128.58,128.76,127.24,127.43,3501556.0,IBKR_TRADES,RTH,split_adjusted,traded_shares,2026-09-10T01:20:37.874819+00:00,24
2023-04-12,AAPL,161.22,162.06,159.78,160.1,36275318.0,IBKR_TRADES,RTH,split_adjusted,traded_shares,2026-09-10T01:20:37.874819+00:00,24
2023-04-12,AMD,94.96,95.0,91.74,92.33,45630646.0,IBKR_TRADES,RTH,split_adjusted,traded_shares,2026-09-10T01:20:37.874819+00:00,24
2023-04-12,NVDA,27.36,27.47,26.45,26.5,332631750.0,IBKR_TRADES,RTH,split_adjusted,traded_shares,2026-09-10T01:20:37.874819+00:00,24
2023-04-12,QQQ,317.82,318.42,312.56,313.04,41139156.0,IBKR_TRADES,RTH,split_adjusted,traded_shares,2026-09-10T01:20:37.874819+00:00,24
2023-04-12,SMH,128.5,128.76,125.07,125.17,5258788.0,IBKR_TRADES,RTH,split_adjusted,traded_shares,2026-09-10T01:20:37.874819+00:00,24
2023-04-13,AAPL,161.59,165.8,161.42,165.56,47988459.0,IBKR_TRADES,RTH,split_adjusted,traded_shares,2026-09-10T01:20:37.874819+00:00,24
2023-04-13,AMD,92.79,93.16,91.83,92.09,33604146.0,IBKR_TRADES,RTH,split_adjusted,traded_shares,2026-09-10T01:20:37.874819+00:00,24
2023-04-13,NVDA,26.73,26.89,26.33,26.46,251416480.0,IBKR_TRADES,RTH,split_adjusted,traded_shares,2026-09-10T01:20:37.874819+00:00,24
2023-04-13,QQQ,314.82,319.65,314.64,319.17,36779528.0,IBKR_TRADES,RTH,split_adjusted,traded_shares,2026-09-10T01:20:37.874819+00:00,24
2023-04-13,SMH,125.5,126.89,124.59,126.17,3681274.0,IBKR_TRADES,RTH,split_adjusted,traded_shares,2026-09-10T01:20:37.874819+00:00,24
2023-04-14,AAPL,164.59,166.32,163.82,165.21,35671612.0,IBKR_TRADES,RTH,split_adjusted,traded_shares,2026-09-10T01:20:37.874819+00:00,24
2023-04-14,AMD,91.89,92.97,90.5,91.75,33403529.0,IBKR_TRADES,RTH,split_adjusted,traded_shares,2026-09-10T01:20:37.874819+00:00,24
2023-04-14,NVDA,26.51,26.88,26.22,26.76,295754150.0,IBKR_TRADES,RTH,split_adjusted,traded_shares,2026-09-10T01:20:37.874819+00:00,24
2023-04-14,QQQ,317.59,320.36,315.61,318.57,38930440.0,IBKR_TRADES,RTH,split_adjusted,traded_shares,2026-09-10T01:20:37.874819+00:00,24
2023-04-14,SMH,125.99,127.48,124.66,126.04,3329144.0,IBKR_TRADES,RTH,split_adjusted,traded_shares,2026-09-10T01:20:37.874819+00:00,24
2023-04-17,AAPL,165.09,165.39,164.03,165.23,29441425.0,IBKR_TRADES,RTH,split_adjusted,traded_shares,2026-09-10T01:20:37.874819+00:00,24
2023-04-17,AMD,90.24,90.69,88.3,89.87,38975188.0,IBKR_TRADES,RTH,split_adjusted,traded_shares,2026-09-10T01:20:37.874819+00:00,24
2023-04-17,NVDA,26.57,27.01,26.43,27.0,234630930.0,IBKR_TRADES,RTH,split_adjusted,traded_shares,2026-09-10T01:20:37.874819+00:00,24
2023-04-17,QQQ,318.17,319.2,316.04,318.84,30045221.0,IBKR_TRADES,RTH,split_adjusted,traded_shares,2026-09-10T01:20:37.874819+00:00,24
2023-04-17,SMH,124.9,125.99,124.33,125.95,3643944.0,IBKR_TRADES,RTH,split_adjusted,traded_shares,2026-09-10T01:20:37.874819+00:00,24
2023-04-18,AAPL,166.07,167.41,165.65,166.47,34325344.0,IBKR_TRADES,RTH,split_adjusted,traded_shares,2026-09-10T01:20:37.874819+00:00,24
2023-04-18,AMD,91.66,92.16,89.33,89.78,38073863.0,IBKR_TRADES,RTH,split_adjusted,traded_shares,2026-09-10T01:20:37.874819+00:00,24
2023-04-18,NVDA,27.55,28.11,27.36,27.67,463574590.0,IBKR_TRADES,RTH,split_adjusted,traded_shares,2026-09-10T01:20:37.874819+00:00,24
2023-04-18,QQQ,321.0,321.42,317.64,318.86,31787078.000000004,IBKR_TRADES,RTH,split_adjusted,traded_shares,2026-09-10T01:20:37.874819+00:00,24
2023-04-18,SMH,127.1,127.91,125.56,126.52,3470216.0,IBKR_TRADES,RTH,split_adjusted,traded_shares,2026-09-10T01:20:37.874819+00:00,24
2023-04-19,AAPL,165.82,168.16,165.54,167.63,33918135.0,IBKR_TRADES,RTH,split_adjusted,traded_shares,2026-09-10T01:20:37.874819+00:00,24
2023-04-19,AMD,88.55,90.54,88.22,89.94,30429348.0,IBKR_TRADES,RTH,split_adjusted,traded_shares,2026-09-10T01:20:37.874819+00:00,24
2023-04-19,NVDA,27.37,28.0,27.23,27.93,271872410.0,IBKR_TRADES,RTH,split_adjusted,traded_shares,2026-09-10T01:20:37.874819+00:00,24
2023-04-19,QQQ,316.41,319.79,316.28,318.71,27990322.0,IBKR_TRADES,RTH,split_adjusted,traded_shares,2026-09-10T01:20:37.874819+00:00,24
2023-04-19,SMH,124.78,125.53,124.5,125.32,3376540.0,IBKR_TRADES,RTH,split_adjusted,traded_shares,2026-09-10T01:20:37.874819+00:00,24
2023-04-20,AAPL,166.09,167.87,165.56,166.65,36396842.0,IBKR_TRADES,RTH,split_adjusted,traded_shares,2026-09-10T01:20:37.874819+00:00,24
2023-04-20,AMD,88.86,91.58,88.73,90.11,39626159.0,IBKR_TRADES,RTH,split_adjusted,traded_shares,2026-09-10T01:20:37.874819+00:00,24
2023-04-20,NVDA,27.67,28.03,27.0,27.1,310734280.0,IBKR_TRADES,RTH,split_adjusted,traded_shares,2026-09-10T01:20:37.874819+00:00,24
2023-04-20,QQQ,315.69,319.27,314.97,316.28,41608790.0,IBKR_TRADES,RTH,split_adjusted,traded_shares,2026-09-10T01:20:37.874819+00:00,24
2023-04-20,SMH,124.5,127.28,124.41,125.46,3835680.0,IBKR_TRADES,RTH,split_adjusted,traded_shares,2026-09-10T01:20:37.874819+00:00,24
2023-04-21,AAPL,165.05,166.46,164.49,165.02,40190477.0,IBKR_TRADES,RTH,split_adjusted,traded_shares,2026-09-10T01:20:37.874819+00:00,24
2023-04-21,AMD,89.84,89.84,88.05,88.43,34717156.0,IBKR_TRADES,RTH,split_adjusted,traded_shares,2026-09-10T01:20:37.874819+00:00,24
2023-04-21,NVDA,26.95,27.18,26.72,27.12,250439190.0,IBKR_TRADES,RTH,split_adjusted,traded_shares,2026-09-10T01:20:37.874819+00:00,24
2023-04-21,QQQ,315.9,317.4,314.1,316.61,34715424.0,IBKR_TRADES,RTH,split_adjusted,traded_shares,2026-09-10T01:20:37.874819+00:00,24
2023-04-21,SMH,124.59,125.32,123.29,124.17,3316798.0,IBKR_TRADES,RTH,split_adjusted,traded_shares,2026-09-10T01:20:37.874819+00:00,24
2023-04-24,AAPL,164.95,165.6,163.89,165.33,28254221.0,IBKR_TRADES,RTH,split_adjusted,traded_shares,2026-09-10T01:20:37.874819+00:00,24
2023-04-24,AMD,88.14,88.64,86.34,87.57,34452131.0,IBKR_TRADES,RTH,split_adjusted,traded_shares,2026-09-10T01:20:37.874819+00:00,24
2023-04-24,NVDA,27.01,27.37,26.67,27.04,234010370.0,IBKR_TRADES,RTH,split_adjusted,traded_shares,2026-09-10T01:20:37.874819+00:00,24
2023-04-24,QQQ,316.36,317.74,313.74,315.95,30466560.999999996,IBKR_TRADES,RTH,split_adjusted,traded_shares,2026-09-10T01:20:37.874819+00:00,24
2023-04-24,SMH,123.9,124.68,122.72,123.51,3047064.0,IBKR_TRADES,RTH,split_adjusted,traded_shares,2026-09-10T01:20:37.874819+00:00,24
2023-04-25,AAPL,165.19,166.31,163.73,163.77,33810143.0,IBKR_TRADES,RTH,split_adjusted,traded_shares,2026-09-10T01:20:37.874819+00:00,24
2023-04-25,AMD,86.9,87.06,83.76,83.8,42589208.0,IBKR_TRADES,RTH,split_adjusted,traded_shares,2026-09-10T01:20:37.874819+00:00,24
2023-04-25,NVDA,27.08,27.25,26.23,26.24,273007960.0,IBKR_TRADES,RTH,split_adjusted,traded_shares,2026-09-10T01:20:37.874819+00:00,24
2023-04-25,QQQ,314.29,314.97,309.89,309.99,38621923.0,IBKR_TRADES,RTH,split_adjusted,traded_shares,2026-09-10T01:20:37.874819+00:00,24
2023-04-25,SMH,122.53,122.55,119.54,119.59,6995042.0,IBKR_TRADES,RTH,split_adjusted,traded_shares,2026-09-10T01:20:37.874819+00:00,24
2023-04-26,AAPL,163.05,165.28,162.8,163.76,30434474.000000004,IBKR_TRADES,RTH,split_adjusted,traded_shares,2026-09-10T01:20:37.874819+00:00,24
2023-04-26,AMD,86.5,87.35,85.32,85.94,39820678.0,IBKR_TRADES,RTH,split_adjusted,traded_shares,2026-09-10T01:20:37.874819+00:00,24
2023-04-26,NVDA,26.99,27.33,26.71,26.96,304106800.0,IBKR_TRADES,RTH,split_adjusted,traded_shares,2026-09-10T01:20:37.874819+00:00,24
2023-04-26,QQQ,313.44,314.94,311.34,311.87,36463933.0,IBKR_TRADES,RTH,split_adjusted,traded_shares,2026-09-10T01:20:37.874819+00:00,24
2023-04-26,SMH,120.81,121.61,119.85,120.42,4984436.0,IBKR_TRADES,RTH,split_adjusted,traded_shares,2026-09-10T01:20:37.874819+00:00,24
2023-04-27,AAPL,165.13,168.56,165.13,168.41,42923150.0,IBKR_TRADES,RTH,split_adjusted,traded_shares,2026-09-10T01:20:37.874819+00:00,24
2023-04-27,AMD,86.39,87.57,84.09,87.44,43306966.0,IBKR_TRADES,RTH,split_adjusted,traded_shares,2026-09-10T01:20:37.874819+00:00,24
2023-04-27,NVDA,27.36,27.5,26.63,27.23,271657650.0,IBKR_TRADES,RTH,split_adjusted,traded_shares,2026-09-10T01:20:37.874819+00:00,24
2023-04-27,QQQ,315.71,320.86,315.05,320.35,41939907.0,IBKR_TRADES,RTH,split_adjusted,traded_shares,2026-09-10T01:20:37.874819+00:00,24
2023-04-27,SMH,120.5,121.76,118.57,121.59,4366586.0,IBKR_TRADES,RTH,split_adjusted,traded_shares,2026-09-10T01:20:37.874819+00:00,24
2023-04-28,AAPL,168.48,169.85,167.88,169.68,37949458.0,IBKR_TRADES,RTH,split_adjusted,traded_shares,2026-09-10T01:20:37.874819+00:00,24
2023-04-28,AMD,87.02,89.75,86.44,89.37,41426873.0,IBKR_TRADES,RTH,split_adjusted,traded_shares,2026-09-10T01:20:37.874819+00:00,24
2023-04-28,NVDA,27.23,27.76,27.07,27.75,205061160.0,IBKR_TRADES,RTH,split_adjusted,traded_shares,2026-09-10T01:20:37.874819+00:00,24
2023-04-28,QQQ,320.12,322.65,318.96,322.56,41900323.0,IBKR_TRADES,RTH,split_adjusted,traded_shares,2026-09-10T01:20:37.874819+00:00,24
2023-04-28,SMH,122.25,123.63,121.78,123.63,4927984.0,IBKR_TRADES,RTH,split_adjusted,traded_shares,2026-09-10T01:20:37.874819+00:00,24
2023-05-01,AAPL,169.29,170.45,168.64,169.59,36206976.0,IBKR_TRADES,RTH,split_adjusted,traded_shares,2026-09-10T01:20:37.874819+00:00,24
2023-05-01,AMD,91.03,91.04,88.61,89.69,50140046.0,IBKR_TRADES,RTH,split_adjusted,traded_shares,2026-09-10T01:20:37.874819+00:00,24
2023-05-01,NVDA,27.84,29.06,27.78,28.91,442782240.0,IBKR_TRADES,RTH,split_adjusted,traded_shares,2026-09-10T01:20:37.874819+00:00,24
2023-05-01,QQQ,322.09,323.63,321.09,322.19,30768194.0,IBKR_TRADES,RTH,split_adjusted,traded_shares,2026-09-10T01:20:37.874819+00:00,24
2023-05-01,SMH,124.04,124.96,123.67,124.57,3099272.0,IBKR_TRADES,RTH,split_adjusted,traded_shares,2026-09-10T01:20:37.874819+00:00,24
2023-05-02,AAPL,170.09,170.35,167.54,168.54,34201074.0,IBKR_TRADES,RTH,split_adjusted,traded_shares,2026-09-10T01:20:37.874819+00:00,24
2023-05-02,AMD,89.33,90.46,88.12,89.91,51580794.0,IBKR_TRADES,RTH,split_adjusted,traded_shares,2026-09-10T01:20:37.874819+00:00,24
2023-05-02,NVDA,28.68,28.84,28.08,28.21,294082710.0,IBKR_TRADES,RTH,split_adjusted,traded_shares,2026-09-10T01:20:37.874819+00:00,24
2023-05-02,QQQ,322.12,322.45,317.61,319.38,40654647.0,IBKR_TRADES,RTH,split_adjusted,traded_shares,2026-09-10T01:20:37.874819+00:00,24
2023-05-02,SMH,124.53,125.18,122.5,123.49,4196536.0,IBKR_TRADES,RTH,split_adjusted,traded_shares,2026-09-10T01:20:37.874819+00:00,24
2023-05-03,AAPL,169.51,170.92,167.16,167.45,42181315.0,IBKR_TRADES,RTH,split_adjusted,traded_shares,2026-09-10T01:20:37.874819+00:00,24
2023-05-03,AMD,83.56,85.48,81.02,81.62,91498708.0,IBKR_TRADES,RTH,split_adjusted,traded_shares,2026-09-10T01:20:37.874819+00:00,24
2023-05-03,NVDA,27.84,28.37,27.47,27.8,286455510.0,IBKR_TRADES,RTH,split_adjusted,traded_shares,2026-09-10T01:20:37.874819+00:00,24
2023-05-03,QQQ,319.75,322.47,317.18,317.29,44534249.0,IBKR_TRADES,RTH,split_adjusted,traded_shares,2026-09-10T01:20:37.874819+00:00,24
2023-05-03,SMH,122.85,124.3,122.08,122.22,3627974.0,IBKR_TRADES,RTH,split_adjusted,traded_shares,2026-09-10T01:20:37.874819+00:00,24
2023-05-04,AAPL,164.83,167.04,164.31,165.79,46697419.0,IBKR_TRADES,RTH,split_adjusted,traded_shares,2026-09-10T01:20:37.874819+00:00,24
2023-05-04,AMD,81.51,91.64,81.11,86.61,105156749.0,IBKR_TRADES,RTH,split_adjusted,traded_shares,2026-09-10T01:20:37.874819+00:00,24
2023-05-04,NVDA,27.65,27.86,27.24,27.56,231599280.0,IBKR_TRADES,RTH,split_adjusted,traded_shares,2026-09-10T01:20:37.874819+00:00,24
2023-05-04,QQQ,317.06,318.23,315.11,316.17,36263515.0,IBKR_TRADES,RTH,split_adjusted,traded_shares,2026-09-10T01:20:37.874819+00:00,24
2023-05-04,SMH,121.64,122.82,120.94,121.81,3569826.0,IBKR_TRADES,RTH,split_adjusted,traded_shares,2026-09-10T01:20:37.874819+00:00,24
2023-05-05,AAPL,171.0,174.3,170.76,173.57,80103962.0,IBKR_TRADES,RTH,split_adjusted,traded_shares,2026-09-10T01:20:37.874819+00:00,24
2023-05-05,AMD,84.99,90.43,84.72,89.84,64067112.00000001,IBKR_TRADES,RTH,split_adjusted,traded_shares,2026-09-10T01:20:37.874819+00:00,24
2023-05-05,NVDA,27.83,28.76,27.73,28.68,246860700.0,IBKR_TRADES,RTH,split_adjusted,traded_shares,2026-09-10T01:20:37.874819+00:00,24
2023-05-05,QQQ,318.46,323.76,318.1,322.89,36706742.0,IBKR_TRADES,RTH,split_adjusted,traded_shares,2026-09-10T01:20:37.874819+00:00,24
2023-05-05,SMH,122.16,124.97,121.59,124.38,4264506.0,IBKR_TRADES,RTH,split_adjusted,traded_shares,2026-09-10T01:20:37.874819+00:00,24
2023-05-08,AAPL,172.52,173.85,172.11,173.5,38358735.0,IBKR_TRADES,RTH,split_adjusted,traded_shares,2026-09-10T01:20:37.874819+00:00,24
2023-05-08,AMD,89.96,95.66,89.17,95.04,84099572.0,IBKR_TRADES,RTH,split_adjusted,traded_shares,2026-09-10T01:20:37.874819+00:00,24
2023-05-08,NVDA,28.52,29.22,28.35,29.15,263280490.0,IBKR_TRADES,RTH,split_adjusted,traded_shares,2026-09-10T01:20:37.874819+00:00,24
2023-05-08,QQQ,322.4,324.04,321.31,323.69,26777653.0,IBKR_TRADES,RTH,split_adjusted,traded_shares,2026-09-10T01:20:37.874819+00:00,24
2023-05-08,SMH,123.98,125.15,123.37,125.07,3164897.0,IBKR_TRADES,RTH,split_adjusted,traded_shares,2026-09-10T01:20:37.874819+00:00,24
2023-05-09,AAPL,173.13,173.54,171.6,171.77,30446235.0,IBKR_TRADES,RTH,split_adjusted,traded_shares,2026-09-10T01:20:37.874819+00:00,24
2023-05-09,AMD,94.9,96.16,93.42,95.06,59982290.0,IBKR_TRADES,RTH,split_adjusted,traded_shares,2026-09-10T01:20:37.874819+00:00,24
2023-05-09,NVDA,28.9,28.97,28.45,28.57,216547570.0,IBKR_TRADES,RTH,split_adjusted,traded_shares,2026-09-10T01:20:37.874819+00:00,24
2023-05-09,QQQ,322.0,322.88,321.32,321.64,23893192.0,IBKR_TRADES,RTH,split_adjusted,traded_shares,2026-09-10T01:20:37.874819+00:00,24
2023-05-09,SMH,123.59,123.77,122.74,123.14,3743950.0,IBKR_TRADES,RTH,split_adjusted,traded_shares,2026-09-10T01:20:37.874819+00:00,24
2023-05-10,AAPL,173.01,174.03,171.9,173.56,37302251.0,IBKR_TRADES,RTH,split_adjusted,traded_shares,2026-09-10T01:20:37.874819+00:00,24
2023-05-10,AMD,96.42,99.94,96.12,97.02,82304476.0,IBKR_TRADES,RTH,split_adjusted,traded_shares,2026-09-10T01:20:37.874819+00:00,24
2023-05-10,NVDA,29.01,29.11,28.46,28.89,263778480.0,IBKR_TRADES,RTH,split_adjusted,traded_shares,2026-09-10T01:20:37.874819+00:00,24
2023-05-10,QQQ,324.11,326.01,321.6,325.14,44503686.0,IBKR_TRADES,RTH,split_adjusted,traded_shares,2026-09-10T01:20:37.874819+00:00,24
2023-05-10,SMH,124.44,125.04,122.97,124.14,4067734.0,IBKR_TRADES,RTH,split_adjusted,traded_shares,2026-09-10T01:20:37.874819+00:00,24
2023-05-11,AAPL,173.85,174.59,172.17,173.75,36120223.0,IBKR_TRADES,RTH,split_adjusted,traded_shares,2026-09-10T01:20:37.874819+00:00,24
2023-05-11,AMD,98.16,99.19,96.14,97.1,48036637.0,IBKR_TRADES,RTH,split_adjusted,traded_shares,2026-09-10T01:20:37.874819+00:00,24
2023-05-11,NVDA,28.91,28.95,28.25,28.58,232357380.0,IBKR_TRADES,RTH,split_adjusted,traded_shares,2026-09-10T01:20:37.874819+00:00,24
2023-05-11,QQQ,325.7,326.75,324.12,326.2,30421023.0,IBKR_TRADES,RTH,split_adjusted,traded_shares,2026-09-10T01:20:37.874819+00:00,24
2023-05-11,SMH,123.79,124.03,121.89,123.04,3973066.0000000005,IBKR_TRADES,RTH,split_adjusted,traded_shares,2026-09-10T01:20:37.874819+00:00,24
2023-05-12,AAPL,173.62,174.06,171.0,172.57,32664382.0,IBKR_TRADES,RTH,split_adjusted,traded_shares,2026-09-10T01:20:37.874819+00:00,24
2023-05-12,AMD,96.83,97.45,93.68,95.26,46583132.0,IBKR_TRADES,RTH,split_adjusted,traded_shares,2026-09-10T01:20:37.874819+00:00,24
2023-05-12,NVDA,28.53,28.78,28.05,28.34,195385520.0,IBKR_TRADES,RTH,split_adjusted,traded_shares,2026-09-10T01:20:37.874819+00:00,24
2023-05-12,QQQ,326.7,327.17,322.94,325.03,31270828.0,IBKR_TRADES,RTH,split_adjusted,traded_shares,2026-09-10T01:20:37.874819+00:00,24
2023-05-12,SMH,123.47,123.89,121.81,122.9,2442280.0,IBKR_TRADES,RTH,split_adjusted,traded_shares,2026-09-10T01:20:37.874819+00:00,24
2023-05-15,AAPL,173.16,173.21,171.47,172.07,25615336.0,IBKR_TRADES,RTH,split_adjusted,traded_shares,2026-09-10T01:20:37.874819+00:00,24
2023-05-15,AMD,95.3,97.43,93.45,97.4,44522809.0,IBKR_TRADES,RTH,split_adjusted,traded_shares,2026-09-10T01:20:37.874819+00:00,24
2023-05-15,NVDA,28.51,28.97,28.15,28.95,211567350.0,IBKR_TRADES,RTH,split_adjusted,traded_shares,2026-09-10T01:20:37.874819+00:00,24
2023-05-15,QQQ,325.52,327.03,323.96,326.79,24297979.0,IBKR_TRADES,RTH,split_adjusted,traded_shares,2026-09-10T01:20:37.874819+00:00,24
2023-05-15,SMH,123.24,126.12,122.84,126.12,4653084.0,IBKR_TRADES,RTH,split_adjusted,traded_shares,2026-09-10T01:20:37.874819+00:00,24
2023-05-16,AAPL,171.99,173.14,171.79,172.07,30244923.999999996,IBKR_TRADES,RTH,split_adjusted,traded_shares,2026-09-10T01:20:37.874819+00:00,24
2023-05-16,AMD,97.39,103.28,97.31,101.48,78667315.0,IBKR_TRADES,RTH,split_adjusted,traded_shares,2026-09-10T01:20:37.874819+00:00,24
2023-05-16,NVDA,28.83,29.87,28.83,29.21,342777020.0,IBKR_TRADES,RTH,split_adjusted,traded_shares,2026-09-10T01:20:37.874819+00:00,24
2023-05-16,QQQ,326.06,328.91,326.02,327.16,28815904.0,IBKR_TRADES,RTH,split_adjusted,traded_shares,2026-09-10T01:20:37.874819+00:00,24
2023-05-16,SMH,125.71,127.42,125.71,126.09,3972931.0,IBKR_TRADES,RTH,split_adjusted,traded_shares,2026-09-10T01:20:37.874819+00:00,24
2023-05-17,AAPL,171.75,172.93,170.42,172.69,38067755.0,IBKR_TRADES,RTH,split_adjusted,traded_shares,2026-09-10T01:20:37.874819+00:00,24
2023-05-17,AMD,101.76,104.14,100.05,103.75,62404621.00000001,IBKR_TRADES,RTH,split_adjusted,traded_shares,2026-09-10T01:20:37.874819+00:00,24
2023-05-17,NVDA,29.59,30.2,29.43,30.18,308240060.0,IBKR_TRADES,RTH,split_adjusted,traded_shares,2026-09-10T01:20:37.874819+00:00,24
2023-05-17,QQQ,328.24,331.71,327.04,331.12,34923426.0,IBKR_TRADES,RTH,split_adjusted,traded_shares,2026-09-10T01:20:37.874819+00:00,24
2023-05-17,SMH,127.29,129.94,126.8,129.5,4952420.0,IBKR_TRADES,RTH,split_adjusted,traded_shares,2026-09-10T01:20:37.874819+00:00,24
2023-05-18,AAPL,173.0,175.24,172.58,175.05,43858785.0,IBKR_TRADES,RTH,split_adjusted,traded_shares,2026-09-10T01:20:37.874819+00:00,24
2023-05-18,AMD,103.98,108.1,103.93,107.93,62813329.0,IBKR_TRADES,RTH,split_adjusted,traded_shares,2026-09-10T01:20:37.874819+00:00,24
2023-05-18,NVDA,30.41,31.83,30.32,31.68,561984250.0,IBKR_TRADES,RTH,split_adjusted,traded_shares,2026-09-10T01:20:37.874819+00:00,24
2023-05-18,QQQ,331.52,337.49,331.5,337.27,48080076.0,IBKR_TRADES,RTH,split_adjusted,traded_shares,2026-09-10T01:20:37.874819+00:00,24
2023-05-18,SMH,130.1,134.31,130.1,134.04,7409543.0,IBKR_TRADES,RTH,split_adjusted,traded_shares,2026-09-10T01:20:37.874819+00:00,24
2023-05-19,AAPL,176.39,176.44,174.94,175.16,36733455.0,IBKR_TRADES,RTH,split_adjusted,traded_shares,2026-09-10T01:20:37.874819+00:00,24
2023-05-19,AMD,106.32,107.29,104.62,105.82,57680038.0,IBKR_TRADES,RTH,split_adjusted,traded_shares,2026-09-10T01:20:37.874819+00:00,24
2023-05-19,NVDA,31.52,31.58,30.92,31.26,342385970.0,IBKR_TRADES,RTH,split_adjusted,traded_shares,2026-09-10T01:20:37.874819+00:00,24
2023-05-19,QQQ,337.49,338.21,335.43,336.51,39397011.0,IBKR_TRADES,RTH,split_adjusted,traded_shares,2026-09-10T01:20:37.874819+00:00,24
2023-05-19,SMH,133.77,133.93,132.58,133.3,4157318.0,IBKR_TRADES,RTH,split_adjusted,traded_shares,2026-09-10T01:20:37.874819+00:00,24
2023-05-22,AAPL,173.96,174.71,173.45,174.2,29957059.0,IBKR_TRADES,RTH,split_adjusted,traded_shares,2026-09-10T01:20:37.874819+00:00,24
2023-05-22,AMD,104.68,108.79,103.49,108.0,55621488.0,IBKR_TRADES,RTH,split_adjusted,traded_shares,2026-09-10T01:20:37.874819+00:00,24
2023-05-22,NVDA,30.91,31.52,30.68,31.18,270739820.0,IBKR_TRADES,RTH,split_adjusted,traded_shares,2026-09-10T01:20:37.874819+00:00,24
2023-05-22,QQQ,336.26,338.67,336.24,337.64,28750791.0,IBKR_TRADES,RTH,split_adjusted,traded_shares,2026-09-10T01:20:37.874819+00:00,24
2023-05-22,SMH,132.22,133.61,131.97,133.19,2955159.0,IBKR_TRADES,RTH,split_adjusted,traded_shares,2026-09-10T01:20:37.874819+00:00,24
2023-05-23,AAPL,173.13,173.38,171.27,171.56,32391308.999999996,IBKR_TRADES,RTH,split_adjusted,traded_shares,2026-09-10T01:20:37.874819+00:00,24
2023-05-23,AMD,107.32,110.99,107.19,108.12,63135817.0,IBKR_TRADES,RTH,split_adjusted,traded_shares,2026-09-10T01:20:37.874819+00:00,24
2023-05-23,NVDA,31.01,31.29,30.63,30.69,251651939.99999997,IBKR_TRADES,RTH,split_adjusted,traded_shares,2026-09-10T01:20:37.874819+00:00,24
2023-05-23,QQQ,335.89,337.06,333.0,333.36,35780764.0,IBKR_TRADES,RTH,split_adjusted,traded_shares,2026-09-10T01:20:37.874819+00:00,24
2023-05-23,SMH,132.41,133.04,131.08,131.27,3650871.0,IBKR_TRADES,RTH,split_adjusted,traded_shares,2026-09-10T01:20:37.874819+00:00,24
2023-05-24,AAPL,171.09,172.42,170.52,171.84,30226951.0,IBKR_TRADES,RTH,split_adjusted,traded_shares,2026-09-10T01:20:37.874819+00:00,24
2023-05-24,AMD,105.81,108.91,105.64,108.27,50387304.0,IBKR_TRADES,RTH,split_adjusted,traded_shares,2026-09-10T01:20:37.874819+00:00,24
2023-05-24,NVDA,30.21,30.61,29.81,30.54,365894030.0,IBKR_TRADES,RTH,split_adjusted,traded_shares,2026-09-10T01:20:37.874819+00:00,24
2023-05-24,QQQ,331.37,332.91,329.56,331.65,39533533.0,IBKR_TRADES,RTH,split_adjusted,traded_shares,2026-09-10T01:20:37.874819+00:00,24
2023-05-24,SMH,128.73,129.65,127.95,129.34,5449509.0,IBKR_TRADES,RTH,split_adjusted,traded_shares,2026-09-10T01:20:37.874819+00:00,24
2023-05-25,AAPL,172.5,173.9,171.69,172.99,35249239.0,IBKR_TRADES,RTH,split_adjusted,traded_shares,2026-09-10T01:20:37.874819+00:00,24
2023-05-25,AMD,117.3,120.69,115.8,120.35,83828169.0,IBKR_TRADES,RTH,split_adjusted,traded_shares,2026-09-10T01:20:37.874819+00:00,24
2023-05-25,NVDA,38.54,39.48,36.64,37.98,1018940149.9999999,IBKR_TRADES,RTH,split_adjusted,traded_shares,2026-09-10T01:20:37.874819+00:00,24
2023-05-25,QQQ,339.16,341.01,336.66,339.72,49733231.0,IBKR_TRADES,RTH,split_adjusted,traded_shares,2026-09-10T01:20:37.874819+00:00,24
2023-05-25,SMH,137.93,141.14,136.28,140.46,11164359.0,IBKR_TRADES,RTH,split_adjusted,traded_shares,2026-09-10T01:20:37.874819+00:00,24
2023-05-26,AAPL,173.31,175.77,173.11,175.43,36312158.0,IBKR_TRADES,RTH,split_adjusted,traded_shares,2026-09-10T01:20:37.874819+00:00,24
2023-05-26,AMD,122.54,127.43,120.89,127.03,74124092.0,IBKR_TRADES,RTH,split_adjusted,traded_shares,2026-09-10T01:20:37.874819+00:00,24
2023-05-26,NVDA,37.9,39.17,37.55,38.95,503119030.0,IBKR_TRADES,RTH,split_adjusted,traded_shares,2026-09-10T01:20:37.874819+00:00,24
2023-05-26,QQQ,340.76,349.25,340.66,348.4,43588169.0,IBKR_TRADES,RTH,split_adjusted,traded_shares,2026-09-10T01:20:37.874819+00:00,24
2023-05-26,SMH,141.79,148.33,141.78,147.36,9688122.0,IBKR_TRADES,RTH,split_adjusted,traded_shares,2026-09-10T01:20:37.874819+00:00,24
2023-05-30,AAPL,177.0,178.99,176.57,177.3,37542184.0,IBKR_TRADES,RTH,split_adjusted,traded_shares,2026-09-10T01:20:37.874819+00:00,24
2023-05-30,AMD,130.35,130.79,123.51,125.27,80357054.0,IBKR_TRADES,RTH,split_adjusted,traded_shares,2026-09-10T01:20:37.874819+00:00,24
2023-05-30,NVDA,40.6,41.94,39.95,40.11,641925510.0,IBKR_TRADES,RTH,split_adjusted,traded_shares,2026-09-10T01:20:37.874819+00:00,24
2023-05-30,QQQ,352.71,353.93,348.53,349.98,50187615.0,IBKR_TRADES,RTH,split_adjusted,traded_shares,2026-09-10T01:20:37.874819+00:00,24
2023-05-30,SMH,150.65,151.71,147.5,148.07,9397714.0,IBKR_TRADES,RTH,split_adjusted,traded_shares,2026-09-10T01:20:37.874819+00:00,24
2023-05-31,AAPL,177.32,179.35,176.76,177.25,49770843.0,IBKR_TRADES,RTH,split_adjusted,traded_shares,2026-09-10T01:20:37.874819+00:00,24
2023-05-31,AMD,122.5,123.96,117.86,118.21,68019995.0,IBKR_TRADES,RTH,split_adjusted,traded_shares,2026-09-10T01:20:37.874819+00:00,24
2023-05-31,NVDA,39.51,40.3,37.82,37.83,564500660.0,IBKR_TRADES,RTH,split_adjusted,traded_shares,2026-09-10T01:20:37.874819+00:00,24
2023-05-31,QQQ,348.37,350.6,346.51,347.99,42831247.0,IBKR_TRADES,RTH,split_adjusted,traded_shares,2026-09-10T01:20:37.874819+00:00,24
2023-05-31,SMH,145.74,147.34,144.08,144.33,7083734.0,IBKR_TRADES,RTH,split_adjusted,traded_shares,2026-09-10T01:20:37.874819+00:00,24
2023-06-01,AAPL,177.7,180.12,176.93,180.09,45182282.0,IBKR_TRADES,RTH,split_adjusted,traded_shares,2026-09-10T01:20:37.874819+00:00,24
2023-06-01,AMD,117.34,121.28,116.6,119.47,51061721.0,IBKR_TRADES,RTH,split_adjusted,traded_shares,2026-09-10T01:20:37.874819+00:00,24
2023-06-01,NVDA,38.49,40.05,38.34,39.77,427037770.0,IBKR_TRADES,RTH,split_adjusted,traded_shares,2026-09-10T01:20:37.874819+00:00,24
2023-06-01,QQQ,347.73,353.36,346.66,352.01,35789968.0,IBKR_TRADES,RTH,split_adjusted,traded_shares,2026-09-10T01:20:37.874819+00:00,24
2023-06-01,SMH,144.89,147.79,143.8,146.5,5048200.0,IBKR_TRADES,RTH,split_adjusted,traded_shares,2026-09-10T01:20:37.874819+00:00,24
2023-06-02,AAPL,181.05,181.78,179.26,180.95,43710407.0,IBKR_TRADES,RTH,split_adjusted,traded_shares,2026-09-10T01:20:37.874819+00:00,24
2023-06-02,AMD,120.75,121.66,117.67,117.86,43101696.0,IBKR_TRADES,RTH,split_adjusted,traded_shares,2026-09-10T01:20:37.874819+00:00,24
2023-06-02,NVDA,40.1,40.5,39.06,39.33,340670390.0,IBKR_TRADES,RTH,split_adjusted,traded_shares,2026-09-10T01:20:37.874819+00:00,24
2023-06-02,QQQ,353.76,355.83,352.01,354.65,35858775.0,IBKR_TRADES,RTH,split_adjusted,traded_shares,2026-09-10T01:20:37.874819+00:00,24
2023-06-02,SMH,147.89,148.19,145.29,146.14,4329628.0,IBKR_TRADES,RTH,split_adjusted,traded_shares,2026-09-10T01:20:37.874819+00:00,24
2023-06-05,AAPL,182.63,184.96,178.03,179.58,97095899.0,IBKR_TRADES,RTH,split_adjusted,traded_shares,2026-09-10T01:20:37.874819+00:00,24
2023-06-05,AMD,116.59,119.32,116.42,117.93,44008532.0,IBKR_TRADES,RTH,split_adjusted,traded_shares,2026-09-10T01:20:37.874819+00:00,24
2023-06-05,NVDA,38.9,39.57,38.71,39.17,279144600.0,IBKR_TRADES,RTH,split_adjusted,traded_shares,2026-09-10T01:20:37.874819+00:00,24
2023-06-05,QQQ,354.43,357.5,353.85,354.9,34878671.0,IBKR_TRADES,RTH,split_adjusted,traded_shares,2026-09-10T01:20:37.874819+00:00,24
2023-06-05,SMH,145.28,145.75,143.59,144.31,4276229.0,IBKR_TRADES,RTH,split_adjusted,traded_shares,2026-09-10T01:20:37.874819+00:00,24
2023-06-06,AAPL,180.0,180.12,177.43,179.21,47311241.0,IBKR_TRADES,RTH,split_adjusted,traded_shares,2026-09-10T01:20:37.874819+00:00,24
2023-06-06,AMD,117.93,124.42,117.74,124.23,63870393.0,IBKR_TRADES,RTH,split_adjusted,traded_shares,2026-09-10T01:20:37.874819+00:00,24
2023-06-06,NVDA,38.83,39.16,38.15,38.65,281738730.0,IBKR_TRADES,RTH,split_adjusted,traded_shares,2026-09-10T01:20:37.874819+00:00,24
2023-06-06,QQQ,354.29,355.82,352.93,354.84,31560680.999999996,IBKR_TRADES,RTH,split_adjusted,traded_shares,2026-09-10T01:20:37.874819+00:00,24
2023-06-06,SMH,143.5,146.18,142.98,145.33,3715231.0,IBKR_TRADES,RTH,split_adjusted,traded_shares,2026-09-10T01:20:37.874819+00:00,24
2023-06-07,AAPL,178.44,181.21,177.32,177.82,41768665.0,IBKR_TRADES,RTH,split_adjusted,traded_shares,2026-09-10T01:20:37.874819+00:00,24
2023-06-07,AMD,123.99,125.34,117.07,117.83,68081016.0,IBKR_TRADES,RTH,split_adjusted,traded_shares,2026-09-10T01:20:37.874819+00:00,24
2023-06-07,NVDA,38.93,39.5,37.36,37.48,364941650.0,IBKR_TRADES,RTH,split_adjusted,traded_shares,2026-09-10T01:20:37.874819+00:00,24
2023-06-07,QQQ,355.13,357.12,348.18,348.82,50407255.0,IBKR_TRADES,RTH,split_adjusted,traded_shares,2026-09-10T01:20:37.874819+00:00,24
2023-06-07,SMH,146.44,148.17,144.16,144.5,6067606.0,IBKR_TRADES,RTH,split_adjusted,traded_shares,2026-09-10T01:20:37.874819+00:00,24
2023-06-08,AAPL,177.89,180.84,177.46,180.57,33884755.0,IBKR_TRADES,RTH,split_adjusted,traded_shares,2026-09-10T01:20:37.874819+00:00,24
2023-06-08,AMD,118.31,122.21,117.05,121.05,53593906.0,IBKR_TRADES,RTH,split_adjusted,traded_shares,2026-09-10T01:20:37.874819+00:00,24
2023-06-08,NVDA,37.71,38.86,37.51,38.51,296887130.0,IBKR_TRADES,RTH,split_adjusted,traded_shares,2026-09-10T01:20:37.874819+00:00,24
2023-06-08,QQQ,349.12,353.62,348.89,353.15,33339856.999999996,IBKR_TRADES,RTH,split_adjusted,traded_shares,2026-09-10T01:20:37.874819+00:00,24
2023-06-08,SMH,144.64,146.58,144.33,146.17,3473937.0,IBKR_TRADES,RTH,split_adjusted,traded_shares,2026-09-10T01:20:37.874819+00:00,24
2023-06-09,AAPL,181.52,182.23,180.63,180.96,33993268.0,IBKR_TRADES,RTH,split_adjusted,traded_shares,2026-09-10T01:20:37.874819+00:00,24
2023-06-09,AMD,123.57,127.25,123.55,124.92,62863172.0,IBKR_TRADES,RTH,split_adjusted,traded_shares,2026-09-10T01:20:37.874819+00:00,24
2023-06-09,NVDA,39.03,39.71,38.57,38.77,300199580.0,IBKR_TRADES,RTH,split_adjusted,traded_shares,2026-09-10T01:20:37.874819+00:00,24
2023-06-09,QQQ,354.63,357.66,353.03,354.5,37604192.0,IBKR_TRADES,RTH,split_adjusted,traded_shares,2026-09-10T01:20:37.874819+00:00,24
2023-06-09,SMH,147.93,149.14,146.14,146.84,3897550.0000000005,IBKR_TRADES,RTH,split_adjusted,traded_shares,2026-09-10T01:20:37.874819+00:00,24
2023-06-12,AAPL,181.27,183.89,180.97,183.79,30626517.999999996,IBKR_TRADES,RTH,split_adjusted,traded_shares,2026-09-10T01:20:37.874819+00:00,24
2023-06-12,AMD,128.56,130.48,126.4,129.19,70619289.0,IBKR_TRADES,RTH,split_adjusted,traded_shares,2026-09-10T01:20:37.874819+00:00,24
2023-06-12,NVDA,39.22,39.53,38.62,39.48,265926360.0,IBKR_TRADES,RTH,split_adjusted,traded_shares,2026-09-10T01:20:37.874819+00:00,24
2023-06-12,QQQ,356.19,360.59,355.2,360.49,28602637.0,IBKR_TRADES,RTH,split_adjusted,traded_shares,2026-09-10T01:20:37.874819+00:00,24
2023-06-12,SMH,148.51,151.45,148.4,151.18,5153356.0,IBKR_TRADES,RTH,split_adjusted,traded_shares,2026-09-10T01:20:37.874819+00:00,24
2023-06-13,AAPL,182.79,184.15,182.44,183.31,34783436.0,IBKR_TRADES,RTH,split_adjusted,traded_shares,2026-09-10T01:20:37.874819+00:00,24
2023-06-13,AMD,132.32,132.83,122.45,124.53,112276513.0,IBKR_TRADES,RTH,split_adjusted,traded_shares,2026-09-10T01:20:37.874819+00:00,24
2023-06-13,NVDA,40.17,41.1,39.74,41.02,435406640.0,IBKR_TRADES,RTH,split_adjusted,traded_shares,2026-09-10T01:20:37.874819+00:00,24
2023-06-13,QQQ,363.29,364.11,360.03,363.26,37254652.0,IBKR_TRADES,RTH,split_adjusted,traded_shares,2026-09-10T01:20:37.874819+00:00,24
2023-06-13,SMH,153.73,154.35,151.4,153.27,5217537.0,IBKR_TRADES,RTH,split_adjusted,traded_shares,2026-09-10T01:20:37.874819+00:00,24
2023-06-14,AAPL,183.31,184.39,182.02,183.95,38875820.0,IBKR_TRADES,RTH,split_adjusted,traded_shares,2026-09-10T01:20:37.874819+00:00,24
2023-06-14,AMD,126.54,127.73,123.81,127.33,77634603.0,IBKR_TRADES,RTH,split_adjusted,traded_shares,2026-09-10T01:20:37.874819+00:00,24
2023-06-14,NVDA,40.81,43.0,40.55,43.0,526095570.0,IBKR_TRADES,RTH,split_adjusted,traded_shares,2026-09-10T01:20:37.874819+00:00,24
2023-06-14,QQQ,363.27,366.19,360.42,365.9,44789679.0,IBKR_TRADES,RTH,split_adjusted,traded_shares,2026-09-10T01:20:37.874819+00:00,24
2023-06-14,SMH,152.81,155.74,152.03,155.6,4840631.0,IBKR_TRADES,RTH,split_adjusted,traded_shares,2026-09-10T01:20:37.874819+00:00,24
2023-06-15,AAPL,183.97,186.52,183.78,186.01,43776048.0,IBKR_TRADES,RTH,split_adjusted,traded_shares,2026-09-10T01:20:37.874819+00:00,24
2023-06-15,AMD,125.49,125.7,122.26,124.24,68994846.0,IBKR_TRADES,RTH,split_adjusted,traded_shares,2026-09-10T01:20:37.874819+00:00,24
2023-06-15,NVDA,42.6,43.29,42.15,42.65,399227820.0,IBKR_TRADES,RTH,split_adjusted,traded_shares,2026-09-10T01:20:37.874819+00:00,24
2023-06-15,QQQ,364.61,371.77,363.98,370.26,46165590.0,IBKR_TRADES,RTH,split_adjusted,traded_shares,2026-09-10T01:20:37.874819+00:00,24
2023-06-15,SMH,154.03,155.75,153.32,154.48,5642725.0,IBKR_TRADES,RTH,split_adjusted,traded_shares,2026-09-10T01:20:37.874819+00:00,24
2023-06-16,AAPL,186.61,186.99,184.27,184.92,49277200.0,IBKR_TRADES,RTH,split_adjusted,traded_shares,2026-09-10T01:20:37.874819+00:00,24
2023-06-16,AMD,125.83,125.85,119.9,120.08,62249303.99999999,IBKR_TRADES,RTH,split_adjusted,traded_shares,2026-09-10T01:20:37.874819+00:00,24
2023-06-16,NVDA,43.43,43.72,42.66,42.69,415891210.0,IBKR_TRADES,RTH,split_adjusted,traded_shares,2026-09-10T01:20:37.874819+00:00,24
2023-06-16,QQQ,372.72,372.85,367.48,367.93,39873344.0,IBKR_TRADES,RTH,split_adjusted,traded_shares,2026-09-10T01:20:37.874819+00:00,24
2023-06-16,SMH,155.8,155.94,153.17,153.38,4107872.0,IBKR_TRADES,RTH,split_adjusted,traded_shares,2026-09-10T01:20:37.874819+00:00,24
2023-06-20,AAPL,184.41,186.1,184.41,185.01,32064546.0,IBKR_TRADES,RTH,split_adjusted,traded_shares,2026-09-10T01:20:37.874819+00:00,24
2023-06-20,AMD,119.06,121.75,117.7,118.93,48353023.0,IBKR_TRADES,RTH,split_adjusted,traded_shares,2026-09-10T01:20:37.874819+00:00,24
2023-06-20,NVDA,43.0,43.99,42.68,43.81,298945500.0,IBKR_TRADES,RTH,split_adjusted,traded_shares,2026-09-10T01:20:37.874819+00:00,24
2023-06-20,QQQ,365.98,368.32,363.88,366.9,31722325.999999996,IBKR_TRADES,RTH,split_adjusted,traded_shares,2026-09-10T01:20:37.874819+00:00,24
2023-06-20,SMH,152.75,153.94,151.13,152.84,3406131.0,IBKR_TRADES,RTH,split_adjusted,traded_shares,2026-09-10T01:20:37.874819+00:00,24
2023-06-21,AAPL,184.89,185.41,182.59,183.96,31299088.000000004,IBKR_TRADES,RTH,split_adjusted,traded_shares,2026-09-10T01:20:37.874819+00:00,24
2023-06-21,AMD,118.48,119.19,111.67,112.11,68969100.0,IBKR_TRADES,RTH,split_adjusted,traded_shares,2026-09-10T01:20:37.874819+00:00,24
2023-06-21,NVDA,43.5,43.62,42.08,43.05,394839320.0,IBKR_TRADES,RTH,split_adjusted,traded_shares,2026-09-10T01:20:37.874819+00:00,24
2023-06-21,QQQ,365.73,366.18,360.96,361.9,34597715.0,IBKR_TRADES,RTH,split_adjusted,traded_shares,2026-09-10T01:20:37.874819+00:00,24
2023-06-21,SMH,152.04,152.47,148.73,149.34,4372216.0,IBKR_TRADES,RTH,split_adjusted,traded_shares,2026-09-10T01:20:37.874819+00:00,24
2023-06-22,AAPL,183.74,187.05,183.67,187.0,35847235.0,IBKR_TRADES,RTH,split_adjusted,traded_shares,2026-09-10T01:20:37.874819+00:00,24
2023-06-22,AMD,112.24,114.0,109.85,110.7,57638829.0,IBKR_TRADES,RTH,split_adjusted,traded_shares,2026-09-10T01:20:37.874819+00:00,24
2023-06-22,NVDA,42.27,43.43,42.23,43.02,289933430.0,IBKR_TRADES,RTH,split_adjusted,traded_shares,2026-09-10T01:20:37.874819+00:00,24
2023-06-22,QQQ,360.64,366.33,360.22,366.17,32545400.0,IBKR_TRADES,RTH,split_adjusted,traded_shares,2026-09-10T01:20:37.874819+00:00,24
2023-06-22,SMH,148.15,150.67,147.95,150.08,3972234.0,IBKR_TRADES,RTH,split_adjusted,traded_shares,2026-09-10T01:20:37.874819+00:00,24
2023-06-23,AAPL,185.55,187.56,185.01,186.68,33385731.0,IBKR_TRADES,RTH,split_adjusted,traded_shares,2026-09-10T01:20:37.874819+00:00,24
2023-06-23,AMD,109.31,111.1,107.46,110.01,57494108.0,IBKR_TRADES,RTH,split_adjusted,traded_shares,2026-09-10T01:20:37.874819+00:00,24
2023-06-23,NVDA,42.46,42.81,42.02,42.21,250690580.00000003,IBKR_TRADES,RTH,split_adjusted,traded_shares,2026-09-10T01:20:37.874819+00:00,24
2023-06-23,QQQ,362.21,364.88,360.82,362.54,33420263.000000004,IBKR_TRADES,RTH,split_adjusted,traded_shares,2026-09-10T01:20:37.874819+00:00,24
2023-06-23,SMH,147.75,148.45,146.96,147.53,4362684.0,IBKR_TRADES,RTH,split_adjusted,traded_shares,2026-09-10T01:20:37.874819+00:00,24
2023-06-26,AAPL,186.8,188.05,185.23,185.27,32745692.999999996,IBKR_TRADES,RTH,split_adjusted,traded_shares,2026-09-10T01:20:37.874819+00:00,24
2023-06-26,AMD,110.89,112.55,107.2,107.51,57701622.0,IBKR_TRADES,RTH,split_adjusted,traded_shares,2026-09-10T01:20:37.874819+00:00,24
2023-06-26,NVDA,42.46,42.76,40.1,40.63,428744830.0,IBKR_TRADES,RTH,split_adjusted,traded_shares,2026-09-10T01:20:37.874819+00:00,24
2023-06-26,QQQ,362.0,364.84,357.59,357.68,36839773.0,IBKR_TRADES,RTH,split_adjusted,traded_shares,2026-09-10T01:20:37.874819+00:00,24
2023-06-26,SMH,148.28,150.36,146.83,146.85,4175584.0,IBKR_TRADES,RTH,split_adjusted,traded_shares,2026-09-10T01:20:37.874819+00:00,24
2023-06-27,AAPL,185.91,188.39,185.67,188.06,34140221.0,IBKR_TRADES,RTH,split_adjusted,traded_shares,2026-09-10T01:20:37.874819+00:00,24
2023-06-27,AMD,108.63,110.97,107.08,110.39,45300862.0,IBKR_TRADES,RTH,split_adjusted,traded_shares,2026-09-10T01:20:37.874819+00:00,24
2023-06-27,NVDA,40.79,41.94,40.45,41.88,321747580.0,IBKR_TRADES,RTH,split_adjusted,traded_shares,2026-09-10T01:20:37.874819+00:00,24
2023-06-27,QQQ,359.25,364.57,358.51,363.83,32957488.0,IBKR_TRADES,RTH,split_adjusted,traded_shares,2026-09-10T01:20:37.874819+00:00,24
2023-06-27,SMH,147.43,151.8,146.96,151.51,4593650.0,IBKR_TRADES,RTH,split_adjusted,traded_shares,2026-09-10T01:20:37.874819+00:00,24
2023-06-28,AAPL,187.97,189.9,187.6,189.25,35149037.0,IBKR_TRADES,RTH,split_adjusted,traded_shares,2026-09-10T01:20:37.874819+00:00,24
2023-06-28,AMD,108.14,111.78,107.63,110.17,56352718.0,IBKR_TRADES,RTH,split_adjusted,traded_shares,2026-09-10T01:20:37.874819+00:00,24
2023-06-28,NVDA,40.66,41.85,40.52,41.12,412700670.0,IBKR_TRADES,RTH,split_adjusted,traded_shares,2026-09-10T01:20:37.874819+00:00,24
2023-06-28,QQQ,361.99,366.52,361.9,364.54,35518355.0,IBKR_TRADES,RTH,split_adjusted,traded_shares,2026-09-10T01:20:37.874819+00:00,24
2023-06-28,SMH,148.92,151.54,148.79,150.14,4971990.0,IBKR_TRADES,RTH,split_adjusted,traded_shares,2026-09-10T01:20:37.874819+00:00,24
2023-06-29,AAPL,189.07,190.04,188.94,189.59,31568621.0,IBKR_TRADES,RTH,split_adjusted,traded_shares,2026-09-10T01:20:37.874819+00:00,24
2023-06-29,AMD,112.07,112.76,109.84,111.24,48141972.0,IBKR_TRADES,RTH,split_adjusted,traded_shares,2026-09-10T01:20:37.874819+00:00,24
2023-06-29,NVDA,41.56,41.6,40.6,40.82,274378660.0,IBKR_TRADES,RTH,split_adjusted,traded_shares,2026-09-10T01:20:37.874819+00:00,24
2023-06-29,QQQ,364.24,364.89,362.14,363.81,30695985.999999996,IBKR_TRADES,RTH,split_adjusted,traded_shares,2026-09-10T01:20:37.874819+00:00,24
2023-06-29,SMH,150.82,150.96,148.91,149.92,2847059.0,IBKR_TRADES,RTH,split_adjusted,traded_shares,2026-09-10T01:20:37.874819+00:00,24
2023-06-30,AAPL,191.63,194.48,191.26,193.97,51003445.0,IBKR_TRADES,RTH,split_adjusted,traded_shares,2026-09-10T01:20:37.874819+00:00,24
2023-06-30,AMD,113.01,114.69,112.41,113.91,41292230.0,IBKR_TRADES,RTH,split_adjusted,traded_shares,2026-09-10T01:20:37.874819+00:00,24
2023-06-30,NVDA,41.67,42.55,41.5,42.3,339542540.0,IBKR_TRADES,RTH,split_adjusted,traded_shares,2026-09-10T01:20:37.874819+00:00,24
2023-06-30,QQQ,367.55,370.49,367.23,369.42,37539502.0,IBKR_TRADES,RTH,split_adjusted,traded_shares,2026-09-10T01:20:37.874819+00:00,24
2023-06-30,SMH,151.75,152.96,151.02,152.25,3751017.0,IBKR_TRADES,RTH,split_adjusted,traded_shares,2026-09-10T01:20:37.874819+00:00,24
2023-07-03,AAPL,193.8,193.88,191.76,192.46,22815136.0,IBKR_TRADES,RTH,split_adjusted,traded_shares,2026-09-10T01:20:37.874819+00:00,24
2023-07-03,AMD,115.27,116.73,114.51,115.82,26223815.0,IBKR_TRADES,RTH,split_adjusted,traded_shares,2026-09-10T01:20:37.874819+00:00,24
2023-07-03,NVDA,42.51,42.9,42.2,42.41,139073370.0,IBKR_TRADES,RTH,split_adjusted,traded_shares,2026-09-10T01:20:37.874819+00:00,24
2023-07-03,QQQ,370.07,370.93,368.97,370.29,15098390.0,IBKR_TRADES,RTH,split_adjusted,traded_shares,2026-09-10T01:20:37.874819+00:00,24
2023-07-03,SMH,153.17,154.07,152.25,153.6,1877484.0,IBKR_TRADES,RTH,split_adjusted,traded_shares,2026-09-10T01:20:37.874819+00:00,24
2023-07-05,AAPL,191.57,192.98,190.62,191.33,30647118.0,IBKR_TRADES,RTH,split_adjusted,traded_shares,2026-09-10T01:20:37.874819+00:00,24
2023-07-05,AMD,116.09,117.67,113.85,113.95,40695571.0,IBKR_TRADES,RTH,split_adjusted,traded_shares,2026-09-10T01:20:37.874819+00:00,24
2023-07-05,NVDA,42.13,43.18,42.08,42.32,233032470.0,IBKR_TRADES,RTH,split_adjusted,traded_shares,2026-09-10T01:20:37.874819+00:00,24
2023-07-05,QQQ,368.69,372.01,368.66,370.28,26265924.0,IBKR_TRADES,RTH,split_adjusted,traded_shares,2026-09-10T01:20:37.874819+00:00,24
2023-07-05,SMH,152.25,153.16,150.66,150.7,3765228.0,IBKR_TRADES,RTH,split_adjusted,traded_shares,2026-09-10T01:20:37.874819+00:00,24
2023-07-06,AAPL,189.91,192.02,189.2,191.81,29290464.0,IBKR_TRADES,RTH,split_adjusted,traded_shares,2026-09-10T01:20:37.874819+00:00,24
2023-07-06,AMD,111.98,113.79,110.31,113.48,31822809.999999996,IBKR_TRADES,RTH,split_adjusted,traded_shares,2026-09-10T01:20:37.874819+00:00,24
2023-07-06,NVDA,41.87,42.18,41.35,42.1,203691420.0,IBKR_TRADES,RTH,split_adjusted,traded_shares,2026-09-10T01:20:37.874819+00:00,24
2023-07-06,QQQ,366.53,367.91,364.52,367.46,34442665.0,IBKR_TRADES,RTH,split_adjusted,traded_shares,2026-09-10T01:20:37.874819+00:00,24
2023-07-06,SMH,148.34,149.08,147.15,148.91,3294670.0,IBKR_TRADES,RTH,split_adjusted,traded_shares,2026-09-10T01:20:37.874819+00:00,24
2023-07-07,AAPL,191.4,192.67,190.24,190.68,31801701.0,IBKR_TRADES,RTH,split_adjusted,traded_shares,2026-09-10T01:20:37.874819+00:00,24
2023-07-07,AMD,114.2,115.33,113.04,113.17,29251888.0,IBKR_TRADES,RTH,split_adjusted,traded_shares,2026-09-10T01:20:37.874819+00:00,24
2023-07-07,NVDA,42.34,43.21,42.18,42.5,249268300.00000003,IBKR_TRADES,RTH,split_adjusted,traded_shares,2026-09-10T01:20:37.874819+00:00,24
2023-07-07,QQQ,367.23,370.48,366.01,366.24,32900226.0,IBKR_TRADES,RTH,split_adjusted,traded_shares,2026-09-10T01:20:37.874819+00:00,24
2023-07-07,SMH,149.03,151.24,148.65,149.05,3151417.0,IBKR_TRADES,RTH,split_adjusted,traded_shares,2026-09-10T01:20:37.874819+00:00,24
2023-07-10,AAPL,189.23,189.99,187.03,188.61,40762633.0,IBKR_TRADES,RTH,split_adjusted,traded_shares,2026-09-10T01:20:37.874819+00:00,24
2023-07-10,AMD,113.0,113.61,109.88,113.58,39417240.0,IBKR_TRADES,RTH,split_adjusted,traded_shares,2026-09-10T01:20:37.874819+00:00,24
2023-07-10,NVDA,42.66,42.81,41.65,42.18,242853820.0,IBKR_TRADES,RTH,split_adjusted,traded_shares,2026-09-10T01:20:37.874819+00:00,24
2023-07-10,QQQ,365.96,367.05,363.41,366.36,31719977.0,IBKR_TRADES,RTH,split_adjusted,traded_shares,2026-09-10T01:20:37.874819+00:00,24
2023-07-10,SMH,149.58,151.41,149.35,151.16,4355542.0,IBKR_TRADES,RTH,split_adjusted,traded_shares,2026-09-10T01:20:37.874819+00:00,24
2023-07-11,AAPL,189.2,189.3,186.6,188.08,32009175.999999996,IBKR_TRADES,RTH,split_adjusted,traded_shares,2026-09-10T01:20:37.874819+00:00,24
2023-07-11,AMD,111.7,113.27,109.5,111.32,48164110.0,IBKR_TRADES,RTH,split_adjusted,traded_shares,2026-09-10T01:20:37.874819+00:00,24
2023-07-11,NVDA,42.49,42.76,42.07,42.41,201128020.0,IBKR_TRADES,RTH,split_adjusted,traded_shares,2026-09-10T01:20:37.874819+00:00,24
2023-07-11,QQQ,366.79,368.64,364.62,368.17,29464746.0,IBKR_TRADES,RTH,split_adjusted,traded_shares,2026-09-10T01:20:37.874819+00:00,24
2023-07-11,SMH,152.18,152.19,149.42,151.32,3384106.0,IBKR_TRADES,RTH,split_adjusted,traded_shares,2026-09-10T01:20:37.874819+00:00,24
2023-07-12,AAPL,189.68,191.7,188.47,189.77,40126428.0,IBKR_TRADES,RTH,split_adjusted,traded_shares,2026-09-10T01:20:37.874819+00:00,24
2023-07-12,AMD,112.9,115.4,112.31,114.58,46407913.0,IBKR_TRADES,RTH,split_adjusted,traded_shares,2026-09-10T01:20:37.874819+00:00,24
2023-07-12,NVDA,43.04,43.94,42.78,43.9,326057660.0,IBKR_TRADES,RTH,split_adjusted,traded_shares,2026-09-10T01:20:37.874819+00:00,24
2023-07-12,QQQ,372.34,374.19,370.3,372.82,43069120.0,IBKR_TRADES,RTH,split_adjusted,traded_shares,2026-09-10T01:20:37.874819+00:00,24
2023-07-12,SMH,153.53,154.68,152.9,154.5,4596858.0,IBKR_TRADES,RTH,split_adjusted,traded_shares,2026-09-10T01:20:37.874819+00:00,24
2023-07-13,AAPL,190.5,191.19,189.78,190.54,27460103.0,IBKR_TRADES,RTH,split_adjusted,traded_shares,2026-09-10T01:20:37.874819+00:00,24
2023-07-13,AMD,115.68,116.16,113.57,115.92,38398801.0,IBKR_TRADES,RTH,split_adjusted,traded_shares,2026-09-10T01:20:37.874819+00:00,24
2023-07-13,NVDA,44.51,46.16,44.49,45.98,324566640.0,IBKR_TRADES,RTH,split_adjusted,traded_shares,2026-09-10T01:20:37.874819+00:00,24
2023-07-13,QQQ,376.05,379.99,375.46,379.15,34808697.0,IBKR_TRADES,RTH,split_adjusted,traded_shares,2026-09-10T01:20:37.874819+00:00,24
2023-07-13,SMH,156.27,158.47,155.85,158.21,4509611.0,IBKR_TRADES,RTH,split_adjusted,traded_shares,2026-09-10T01:20:37.874819+00:00,24
2023-07-14,AAPL,190.25,191.18,189.63,190.69,28580889.0,IBKR_TRADES,RTH,split_adjusted,traded_shares,2026-09-10T01:20:37.874819+00:00,24
2023-07-14,AMD,116.19,122.12,115.25,115.94,79151032.0,IBKR_TRADES,RTH,split_adjusted,traded_shares,2026-09-10T01:20:37.874819+00:00,24
2023-07-14,NVDA,46.58,48.04,45.06,45.47,563151880.0,IBKR_TRADES,RTH,split_adjusted,traded_shares,2026-09-10T01:20:37.874819+00:00,24
2023-07-14,QQQ,379.59,382.86,378.18,379.07,39376267.0,IBKR_TRADES,RTH,split_adjusted,traded_shares,2026-09-10T01:20:37.874819+00:00,24
2023-07-14,SMH,158.69,160.7,156.2,156.9,5386394.0,IBKR_TRADES,RTH,split_adjusted,traded_shares,2026-09-10T01:20:37.874819+00:00,24
2023-07-17,AAPL,191.9,194.32,191.81,193.99,34325618.0,IBKR_TRADES,RTH,split_adjusted,traded_shares,2026-09-10T01:20:37.874819+00:00,24
2023-07-17,AMD,115.91,118.84,112.73,118.32,57026411.0,IBKR_TRADES,RTH,split_adjusted,traded_shares,2026-09-10T01:20:37.874819+00:00,24
2023-07-17,NVDA,46.29,46.5,45.26,46.46,374097490.0,IBKR_TRADES,RTH,split_adjusted,traded_shares,2026-09-10T01:20:37.874819+00:00,24
2023-07-17,QQQ,379.8,383.5,379.31,382.61,28355524.0,IBKR_TRADES,RTH,split_adjusted,traded_shares,2026-09-10T01:20:37.874819+00:00,24
2023-07-17,SMH,157.23,160.45,155.7,159.82,5007710.0,IBKR_TRADES,RTH,split_adjusted,traded_shares,2026-09-10T01:20:37.874819+00:00,24
2023-07-18,AAPL,193.4,194.33,192.41,193.73,34638185.0,IBKR_TRADES,RTH,split_adjusted,traded_shares,2026-09-10T01:20:37.874819+00:00,24
2023-07-18,AMD,117.61,118.43,115.19,117.93,48055206.0,IBKR_TRADES,RTH,split_adjusted,traded_shares,2026-09-10T01:20:37.874819+00:00,24
2023-07-18,NVDA,46.7,47.9,45.73,47.49,410653880.0,IBKR_TRADES,RTH,split_adjusted,traded_shares,2026-09-10T01:20:37.874819+00:00,24
2023-07-18,QQQ,381.95,387.13,380.0,385.74,41638693.0,IBKR_TRADES,RTH,split_adjusted,traded_shares,2026-09-10T01:20:37.874819+00:00,24
2023-07-18,SMH,159.12,160.79,157.62,160.26,4469276.0,IBKR_TRADES,RTH,split_adjusted,traded_shares,2026-09-10T01:20:37.874819+00:00,24
2023-07-19,AAPL,193.07,198.23,192.65,195.1,55062967.0,IBKR_TRADES,RTH,split_adjusted,traded_shares,2026-09-10T01:20:37.874819+00:00,24
2023-07-19,AMD,121.29,121.67,115.55,116.43,57144376.0,IBKR_TRADES,RTH,split_adjusted,traded_shares,2026-09-10T01:20:37.874819+00:00,24
2023-07-19,NVDA,47.47,47.82,46.74,47.08,304804280.0,IBKR_TRADES,RTH,split_adjusted,traded_shares,2026-09-10T01:20:37.874819+00:00,24
2023-07-19,QQQ,386.82,387.98,384.3,385.65,38667035.0,IBKR_TRADES,RTH,split_adjusted,traded_shares,2026-09-10T01:20:37.874819+00:00,24
2023-07-19,SMH,160.43,160.51,158.06,158.58,7157009.0,IBKR_TRADES,RTH,split_adjusted,traded_shares,2026-09-10T01:20:37.874819+00:00,24
2023-07-20,AAPL,195.08,196.47,192.49,193.13,43434218.0,IBKR_TRADES,RTH,split_adjusted,traded_shares,2026-09-10T01:20:37.874819+00:00,24
2023-07-20,AMD,114.99,115.05,109.28,110.25,58762941.0,IBKR_TRADES,RTH,split_adjusted,traded_shares,2026-09-10T01:20:37.874819+00:00,24
2023-07-20,NVDA,46.51,47.09,45.06,45.52,373531400.0,IBKR_TRADES,RTH,split_adjusted,traded_shares,2026-09-10T01:20:37.874819+00:00,24
2023-07-20,QQQ,382.61,384.1,375.72,376.76,51487972.0,IBKR_TRADES,RTH,split_adjusted,traded_shares,2026-09-10T01:20:37.874819+00:00,24
2023-07-20,SMH,155.72,156.41,152.29,152.97,11562790.0,IBKR_TRADES,RTH,split_adjusted,traded_shares,2026-09-10T01:20:37.874819+00:00,24
2023-07-21,AAPL,194.1,194.97,191.23,191.94,34825322.0,IBKR_TRADES,RTH,split_adjusted,traded_shares,2026-09-10T01:20:37.874819+00:00,24
2023-07-21,AMD,110.98,112.3,109.54,110.95,46623503.0,IBKR_TRADES,RTH,split_adjusted,traded_shares,2026-09-10T01:20:37.874819+00:00,24
2023-07-21,NVDA,45.87,45.87,44.1,44.31,384836940.0,IBKR_TRADES,RTH,split_adjusted,traded_shares,2026-09-10T01:20:37.874819+00:00,24
2023-07-21,QQQ,379.18,379.92,375.19,375.63,40179092.0,IBKR_TRADES,RTH,split_adjusted,traded_shares,2026-09-10T01:20:37.874819+00:00,24
2023-07-21,SMH,154.49,155.27,153.01,153.79,6218676.0,IBKR_TRADES,RTH,split_adjusted,traded_shares,2026-09-10T01:20:37.874819+00:00,24
2023-07-24,AAPL,193.4,194.91,192.25,192.75,27604708.0,IBKR_TRADES,RTH,split_adjusted,traded_shares,2026-09-10T01:20:37.874819+00:00,24
2023-07-24,AMD,110.67,111.31,108.55,110.61,37731935.0,IBKR_TRADES,RTH,split_adjusted,traded_shares,2026-09-10T01:20:37.874819+00:00,24
2023-07-24,NVDA,44.73,45.11,44.04,44.61,261424140.0,IBKR_TRADES,RTH,split_adjusted,traded_shares,2026-09-10T01:20:37.874819+00:00,24
2023-07-24,QQQ,376.62,377.58,374.34,376.23,27403902.0,IBKR_TRADES,RTH,split_adjusted,traded_shares,2026-09-10T01:20:37.874819+00:00,24
2023-07-24,SMH,153.88,154.54,152.9,153.92,2683254.0,IBKR_TRADES,RTH,split_adjusted,traded_shares,2026-09-10T01:20:37.874819+00:00,24
2023-07-25,AAPL,193.39,194.44,192.91,193.62,23373165.0,IBKR_TRADES,RTH,split_adjusted,traded_shares,2026-09-10T01:20:37.874819+00:00,24
2023-07-25,AMD,111.15,114.05,111.0,113.0,35354413.0,IBKR_TRADES,RTH,split_adjusted,traded_shares,2026-09-10T01:20:37.874819+00:00,24
2023-07-25,NVDA,44.94,46.18,44.92,45.68,243774700.0,IBKR_TRADES,RTH,split_adjusted,traded_shares,2026-09-10T01:20:37.874819+00:00,24
2023-07-25,QQQ,376.95,380.47,376.93,378.78,23683093.0,IBKR_TRADES,RTH,split_adjusted,traded_shares,2026-09-10T01:20:37.874819+00:00,24
2023-07-25,SMH,154.46,157.35,154.46,156.39,4362150.0,IBKR_TRADES,RTH,split_adjusted,traded_shares,2026-09-10T01:20:37.874819+00:00,24
2023-07-26,AAPL,193.71,195.64,193.32,194.5,28862326.0,IBKR_TRADES,RTH,split_adjusted,traded_shares,2026-09-10T01:20:37.874819+00:00,24
2023-07-26,AMD,111.91,112.36,109.3,110.09,41636937.0,IBKR_TRADES,RTH,split_adjusted,traded_shares,2026-09-10T01:20:37.874819+00:00,24
2023-07-26,NVDA,46.04,46.05,44.63,45.45,262046159.99999997,IBKR_TRADES,RTH,split_adjusted,traded_shares,2026-09-10T01:20:37.874819+00:00,24
2023-07-26,QQQ,377.72,379.24,375.18,377.52,34680935.0,IBKR_TRADES,RTH,split_adjusted,traded_shares,2026-09-10T01:20:37.874819+00:00,24
2023-07-26,SMH,155.02,155.88,152.95,154.68,4577813.0,IBKR_TRADES,RTH,split_adjusted,traded_shares,2026-09-10T01:20:37.874819+00:00,24
2023-07-27,AAPL,196.05,197.2,192.55,193.22,33613312.0,IBKR_TRADES,RTH,split_adjusted,traded_shares,2026-09-10T01:20:37.874819+00:00,24
2023-07-27,AMD,111.79,115.08,110.51,111.1,58736928.0,IBKR_TRADES,RTH,split_adjusted,traded_shares,2026-09-10T01:20:37.874819+00:00,24
2023-07-27,NVDA,46.52,47.4,45.75,45.9,333439830.0,IBKR_TRADES,RTH,split_adjusted,traded_shares,2026-09-10T01:20:37.874819+00:00,24
2023-07-27,QQQ,383.07,384.71,375.31,376.62,45487168.0,IBKR_TRADES,RTH,split_adjusted,traded_shares,2026-09-10T01:20:37.874819+00:00,24
2023-07-27,SMH,158.65,160.92,156.67,157.46,7528326.0,IBKR_TRADES,RTH,split_adjusted,traded_shares,2026-09-10T01:20:37.874819+00:00,24
2023-07-28,AAPL,194.7,196.63,194.14,195.83,29915068.0,IBKR_TRADES,RTH,split_adjusted,traded_shares,2026-09-10T01:20:37.874819+00:00,24
2023-07-28,AMD,113.38,114.86,112.44,112.96,44707606.0,IBKR_TRADES,RTH,split_adjusted,traded_shares,2026-09-10T01:20:37.874819+00:00,24
2023-07-28,NVDA,46.68,47.03,46.38,46.75,229269150.0,IBKR_TRADES,RTH,split_adjusted,traded_shares,2026-09-10T01:20:37.874819+00:00,24
2023-07-28,QQQ,380.74,384.52,380.22,383.48,37009155.0,IBKR_TRADES,RTH,split_adjusted,traded_shares,2026-09-10T01:20:37.874819+00:00,24
2023-07-28,SMH,160.15,161.04,158.83,160.5,5037615.0,IBKR_TRADES,RTH,split_adjusted,traded_shares,2026-09-10T01:20:37.874819+00:00,24
2023-07-31,AAPL,196.09,196.49,195.26,196.45,24375306.0,IBKR_TRADES,RTH,split_adjusted,traded_shares,2026-09-10T01:20:37.874819+00:00,24
2023-07-31,AMD,114.13,114.68,112.35,114.4,43255807.0,IBKR_TRADES,RTH,split_adjusted,traded_shares,2026-09-10T01:20:37.874819+00:00,24
2023-07-31,NVDA,46.75,47.13,46.51,46.73,173878000.0,IBKR_TRADES,RTH,split_adjusted,traded_shares,2026-09-10T01:20:37.874819+00:00,24
2023-07-31,QQQ,383.79,384.88,382.34,383.68,28294629.0,IBKR_TRADES,RTH,split_adjusted,traded_shares,2026-09-10T01:20:37.874819+00:00,24
2023-07-31,SMH,160.7,161.17,159.67,160.62,2852669.0,IBKR_TRADES,RTH,split_adjusted,traded_shares,2026-09-10T01:20:37.874819+00:00,24
2023-08-01,AAPL,196.24,196.73,195.28,195.61,23067120.0,IBKR_TRADES,RTH,split_adjusted,traded_shares,2026-09-10T01:20:37.874819+00:00,24
2023-08-01,AMD,114.26,118.19,113.16,117.6,65288715.0,IBKR_TRADES,RTH,split_adjusted,traded_shares,2026-09-10T01:20:37.874819+00:00,24
2023-08-01,NVDA,46.46,46.9,46.03,46.51,166302050.0,IBKR_TRADES,RTH,split_adjusted,traded_shares,2026-09-10T01:20:37.874819+00:00,24
2023-08-01,QQQ,382.31,383.56,380.69,382.79,26667433.0,IBKR_TRADES,RTH,split_adjusted,traded_shares,2026-09-10T01:20:37.874819+00:00,24
2023-08-01,SMH,159.67,160.89,158.95,160.53,3217049.0,IBKR_TRADES,RTH,split_adjusted,traded_shares,2026-09-10T01:20:37.874819+00:00,24
2023-08-02,AAPL,195.08,195.18,191.85,192.58,31124880.999999996,IBKR_TRADES,RTH,split_adjusted,traded_shares,2026-09-10T01:20:37.874819+00:00,24
2023-08-02,AMD,119.49,119.5,107.38,109.35,141608538.0,IBKR_TRADES,RTH,split_adjusted,traded_shares,2026-09-10T01:20:37.874819+00:00,24
2023-08-02,NVDA,45.83,45.84,43.39,44.27,380966190.0,IBKR_TRADES,RTH,split_adjusted,traded_shares,2026-09-10T01:20:37.874819+00:00,24
2023-08-02,QQQ,379.24,379.26,373.13,374.39,48330368.0,IBKR_TRADES,RTH,split_adjusted,traded_shares,2026-09-10T01:20:37.874819+00:00,24
2023-08-02,SMH,158.77,158.79,153.46,154.64,7407942.0,IBKR_TRADES,RTH,split_adjusted,traded_shares,2026-09-10T01:20:37.874819+00:00,24
2023-08-03,AAPL,191.56,192.37,190.69,191.17,35230583.0,IBKR_TRADES,RTH,split_adjusted,traded_shares,2026-09-10T01:20:37.874819+00:00,24
2023-08-03,AMD,108.94,114.96,108.91,113.15,75016427.0,IBKR_TRADES,RTH,split_adjusted,traded_shares,2026-09-10T01:20:37.874819+00:00,24
2023-08-03,NVDA,43.82,45.12,43.8,44.52,227475800.0,IBKR_TRADES,RTH,split_adjusted,traded_shares,2026-09-10T01:20:37.874819+00:00,24
2023-08-03,QQQ,371.94,375.95,371.77,373.79,31624334.0,IBKR_TRADES,RTH,split_adjusted,traded_shares,2026-09-10T01:20:37.874819+00:00,24
2023-08-03,SMH,152.48,155.19,152.16,154.19,5035499.0,IBKR_TRADES,RTH,split_adjusted,traded_shares,2026-09-10T01:20:37.874819+00:00,24
2023-08-04,AAPL,185.56,187.38,181.92,181.99,79982315.0,IBKR_TRADES,RTH,split_adjusted,traded_shares,2026-09-10T01:20:37.874819+00:00,24
2023-08-04,AMD,114.47,118.85,113.96,115.82,68618721.0,IBKR_TRADES,RTH,split_adjusted,traded_shares,2026-09-10T01:20:37.874819+00:00,24
2023-08-04,NVDA,44.99,45.64,44.39,44.68,249699509.99999997,IBKR_TRADES,RTH,split_adjusted,traded_shares,2026-09-10T01:20:37.874819+00:00,24
2023-08-04,QQQ,375.75,378.1,371.53,372.04,43188133.0,IBKR_TRADES,RTH,split_adjusted,traded_shares,2026-09-10T01:20:37.874819+00:00,24
2023-08-04,SMH,154.22,156.54,152.75,154.25,4731238.0,IBKR_TRADES,RTH,split_adjusted,traded_shares,2026-09-10T01:20:37.874819+00:00,24
2023-08-07,AAPL,182.14,183.13,177.35,178.85,69695776.0,IBKR_TRADES,RTH,split_adjusted,traded_shares,2026-09-10T01:20:37.874819+00:00,24
2023-08-07,AMD,116.36,119.08,115.49,116.81,55479151.0,IBKR_TRADES,RTH,split_adjusted,traded_shares,2026-09-10T01:20:37.874819+00:00,24
2023-08-07,NVDA,45.12,45.54,44.56,45.42,227886850.0,IBKR_TRADES,RTH,split_adjusted,traded_shares,2026-09-10T01:20:37.874819+00:00,24
2023-08-07,QQQ,373.89,375.29,371.51,375.19,25299871.0,IBKR_TRADES,RTH,split_adjusted,traded_shares,2026-09-10T01:20:37.874819+00:00,24
2023-08-07,SMH,155.52,156.14,154.37,155.91,4147910.0000000005,IBKR_TRADES,RTH,split_adjusted,traded_shares,2026-09-10T01:20:37.874819+00:00,24
2023-08-08,AAPL,179.7,180.27,177.58,179.8,47710746.0,IBKR_TRADES,RTH,split_adjusted,traded_shares,2026-09-10T01:20:37.874819+00:00,24
2023-08-08,AMD,114.94,115.46,111.41,113.23,45438715.0,IBKR_TRADES,RTH,split_adjusted,traded_shares,2026-09-10T01:20:37.874819+00:00,24
2023-08-08,NVDA,44.88,45.24,44.06,44.66,255877380.0,IBKR_TRADES,RTH,split_adjusted,traded_shares,2026-09-10T01:20:37.874819+00:00,24
2023-08-08,QQQ,372.65,372.66,368.82,372.0,32772549.0,IBKR_TRADES,RTH,split_adjusted,traded_shares,2026-09-10T01:20:37.874819+00:00,24
2023-08-08,SMH,153.9,153.9,151.53,153.34,6180557.0,IBKR_TRADES,RTH,split_adjusted,traded_shares,2026-09-10T01:20:37.874819+00:00,24
2023-08-09,AAPL,180.83,180.93,177.01,178.19,42205824.0,IBKR_TRADES,RTH,split_adjusted,traded_shares,2026-09-10T01:20:37.874819+00:00,24
2023-08-09,AMD,112.9,113.15,108.78,110.47,45607775.0,IBKR_TRADES,RTH,split_adjusted,traded_shares,2026-09-10T01:20:37.874819+00:00,24
2023-08-09,NVDA,44.29,44.31,42.13,42.55,428875860.0,IBKR_TRADES,RTH,split_adjusted,traded_shares,2026-09-10T01:20:37.874819+00:00,24
2023-08-09,QQQ,372.29,372.45,367.14,367.91,36242421.0,IBKR_TRADES,RTH,split_adjusted,traded_shares,2026-09-10T01:20:37.874819+00:00,24
2023-08-09,SMH,153.17,153.32,149.73,150.3,6549724.0,IBKR_TRADES,RTH,split_adjusted,traded_shares,2026-09-10T01:20:37.874819+00:00,24
2023-08-10,AAPL,179.41,180.75,177.6,177.97,39410888.0,IBKR_TRADES,RTH,split_adjusted,traded_shares,2026-09-10T01:20:37.874819+00:00,24
2023-08-10,AMD,111.28,113.89,109.47,110.23,48086754.0,IBKR_TRADES,RTH,split_adjusted,traded_shares,2026-09-10T01:20:37.874819+00:00,24
2023-08-10,NVDA,42.16,43.57,41.84,42.39,359082740.0,IBKR_TRADES,RTH,split_adjusted,traded_shares,2026-09-10T01:20:37.874819+00:00,24
2023-08-10,QQQ,370.97,374.36,367.03,368.59,44306954.0,IBKR_TRADES,RTH,split_adjusted,traded_shares,2026-09-10T01:20:37.874819+00:00,24
2023-08-10,SMH,151.14,153.16,148.9,149.97,6141024.0,IBKR_TRADES,RTH,split_adjusted,traded_shares,2026-09-10T01:20:37.874819+00:00,24
2023-08-11,AAPL,177.35,178.62,176.66,177.79,34528246.0,IBKR_TRADES,RTH,split_adjusted,traded_shares,2026-09-10T01:20:37.874819+00:00,24
2023-08-11,AMD,108.85,109.07,106.48,107.57,45084050.0,IBKR_TRADES,RTH,split_adjusted,traded_shares,2026-09-10T01:20:37.874819+00:00,24
2023-08-11,NVDA,41.77,42.02,40.64,40.86,391486600.0,IBKR_TRADES,RTH,split_adjusted,traded_shares,2026-09-10T01:20:37.874819+00:00,24
2023-08-11,QQQ,365.99,368.0,364.69,366.24,34384375.0,IBKR_TRADES,RTH,split_adjusted,traded_shares,2026-09-10T01:20:37.874819+00:00,24
2023-08-11,SMH,148.01,148.12,146.04,146.21,8313825.000000001,IBKR_TRADES,RTH,split_adjusted,traded_shares,2026-09-10T01:20:37.874819+00:00,24
2023-08-14,AAPL,177.95,179.69,177.3,179.46,28856949.0,IBKR_TRADES,RTH,split_adjusted,traded_shares,2026-09-10T01:20:37.874819+00:00,24
2023-08-14,AMD,106.79,111.99,105.42,111.98,46669877.0,IBKR_TRADES,RTH,split_adjusted,traded_shares,2026-09-10T01:20:37.874819+00:00,24
2023-08-14,NVDA,40.51,43.8,40.31,43.75,498933100.0,IBKR_TRADES,RTH,split_adjusted,traded_shares,2026-09-10T01:20:37.874819+00:00,24
2023-08-14,QQQ,365.44,370.47,364.7,370.35,30075933.0,IBKR_TRADES,RTH,split_adjusted,traded_shares,2026-09-10T01:20:37.874819+00:00,24
2023-08-14,SMH,145.57,150.73,145.02,150.66,5816357.0,IBKR_TRADES,RTH,split_adjusted,traded_shares,2026-09-10T01:20:37.874819+00:00,24
2023-08-15,AAPL,178.93,179.48,177.05,177.45,27015120.0,IBKR_TRADES,RTH,split_adjusted,traded_shares,2026-09-10T01:20:37.874819+00:00,24
2023-08-15,AMD,112.01,113.18,110.17,111.35,43424127.0,IBKR_TRADES,RTH,split_adjusted,traded_shares,2026-09-10T01:20:37.874819+00:00,24
2023-08-15,NVDA,44.57,45.27,43.71,43.94,501387629.99999994,IBKR_TRADES,RTH,split_adjusted,traded_shares,2026-09-10T01:20:37.874819+00:00,24
2023-08-15,QQQ,369.36,370.17,365.74,366.42,29977953.0,IBKR_TRADES,RTH,split_adjusted,traded_shares,2026-09-10T01:20:37.874819+00:00,24
2023-08-15,SMH,150.55,151.09,148.64,148.85,5548418.0,IBKR_TRADES,RTH,split_adjusted,traded_shares,2026-09-10T01:20:37.874819+00:00,24
2023-08-16,AAPL,177.13,178.54,176.5,176.57,29571741.0,IBKR_TRADES,RTH,split_adjusted,traded_shares,2026-09-10T01:20:37.874819+00:00,24
2023-08-16,AMD,110.14,110.44,106.98,107.19,44420674.0,IBKR_TRADES,RTH,split_adjusted,traded_shares,2026-09-10T01:20:37.874819+00:00,24
2023-08-16,NVDA,44.52,44.68,43.41,43.49,370308920.0,IBKR_TRADES,RTH,split_adjusted,traded_shares,2026-09-10T01:20:37.874819+00:00,24
2023-08-16,QQQ,365.87,367.43,362.44,362.54,39100564.0,IBKR_TRADES,RTH,split_adjusted,traded_shares,2026-09-10T01:20:37.874819+00:00,24
2023-08-16,SMH,148.97,149.14,146.41,146.5,5505187.0,IBKR_TRADES,RTH,split_adjusted,traded_shares,2026-09-10T01:20:37.874819+00:00,24
2023-08-17,AAPL,177.2,177.51,173.48,174.0,40552835.0,IBKR_TRADES,RTH,split_adjusted,traded_shares,2026-09-10T01:20:37.874819+00:00,24
2023-08-17,AMD,107.61,107.85,104.1,104.44,48061435.0,IBKR_TRADES,RTH,split_adjusted,traded_shares,2026-09-10T01:20:37.874819+00:00,24
2023-08-17,NVDA,43.96,44.06,43.0,43.34,313781780.0,IBKR_TRADES,RTH,split_adjusted,traded_shares,2026-09-10T01:20:37.874819+00:00,24
2023-08-17,QQQ,363.95,364.31,358.16,358.58,45864692.0,IBKR_TRADES,RTH,split_adjusted,traded_shares,2026-09-10T01:20:37.874819+00:00,24
2023-08-17,SMH,147.72,147.8,145.03,145.51,5356389.0,IBKR_TRADES,RTH,split_adjusted,traded_shares,2026-09-10T01:20:37.874819+00:00,24
2023-08-18,AAPL,172.3,175.1,171.98,174.49,37530239.0,IBKR_TRADES,RTH,split_adjusted,traded_shares,2026-09-10T01:20:37.874819+00:00,24
2023-08-18,AMD,102.4,106.07,101.68,105.45,49679520.0,IBKR_TRADES,RTH,split_adjusted,traded_shares,2026-09-10T01:20:37.874819+00:00,24
2023-08-18,NVDA,42.63,43.58,41.66,43.3,445381670.0,IBKR_TRADES,RTH,split_adjusted,traded_shares,2026-09-10T01:20:37.874819+00:00,24
2023-08-18,QQQ,355.26,359.41,354.71,358.13,42274091.0,IBKR_TRADES,RTH,split_adjusted,traded_shares,2026-09-10T01:20:37.874819+00:00,24
2023-08-18,SMH,143.79,146.66,143.35,146.13,6037315.0,IBKR_TRADES,RTH,split_adjusted,traded_shares,2026-09-10T01:20:37.874819+00:00,24
2023-08-21,AAPL,175.1,176.13,173.73,175.84,28277904.0,IBKR_TRADES,RTH,split_adjusted,traded_shares,2026-09-10T01:20:37.874819+00:00,24
2023-08-21,AMD,106.26,108.54,105.67,108.22,38625598.0,IBKR_TRADES,RTH,split_adjusted,traded_shares,2026-09-10T01:20:37.874819+00:00,24
2023-08-21,NVDA,44.5,47.07,44.22,46.97,483755780.0,IBKR_TRADES,RTH,split_adjusted,traded_shares,2026-09-10T01:20:37.874819+00:00,24
2023-08-21,QQQ,359.6,364.59,359.15,363.9,36249796.0,IBKR_TRADES,RTH,split_adjusted,traded_shares,2026-09-10T01:20:37.874819+00:00,24
2023-08-21,SMH,147.18,151.24,146.96,151.04,5570629.0,IBKR_TRADES,RTH,split_adjusted,traded_shares,2026-09-10T01:20:37.874819+00:00,24
2023-08-22,AAPL,177.06,177.68,176.25,177.23,29150364.0,IBKR_TRADES,RTH,split_adjusted,traded_shares,2026-09-10T01:20:37.874819+00:00,24
2023-08-22,AMD,109.4,109.72,104.85,105.66,39588720.0,IBKR_TRADES,RTH,split_adjusted,traded_shares,2026-09-10T01:20:37.874819+00:00,24
2023-08-22,NVDA,48.14,48.19,45.33,45.67,553546470.0,IBKR_TRADES,RTH,split_adjusted,traded_shares,2026-09-10T01:20:37.874819+00:00,24
2023-08-22,QQQ,366.55,366.56,362.68,363.38,30615910.0,IBKR_TRADES,RTH,split_adjusted,traded_shares,2026-09-10T01:20:37.874819+00:00,24
2023-08-22,SMH,153.05,153.24,148.89,149.53,5948564.0,IBKR_TRADES,RTH,split_adjusted,traded_shares,2026-09-10T01:20:37.874819+00:00,24
2023-08-23,AAPL,178.56,181.55,178.32,181.12,36177421.0,IBKR_TRADES,RTH,split_adjusted,traded_shares,2026-09-10T01:20:37.874819+00:00,24
2023-08-23,AMD,105.62,110.08,105.0,109.43,39284940.0,IBKR_TRADES,RTH,split_adjusted,traded_shares,2026-09-10T01:20:37.874819+00:00,24
2023-08-23,NVDA,45.87,47.2,45.21,47.12,432379880.0,IBKR_TRADES,RTH,split_adjusted,traded_shares,2026-09-10T01:20:37.874819+00:00,24
2023-08-23,QQQ,364.56,370.22,364.36,369.11,31535992.999999996,IBKR_TRADES,RTH,split_adjusted,traded_shares,2026-09-10T01:20:37.874819+00:00,24
2023-08-23,SMH,149.35,153.22,148.86,152.77,5769730.0,IBKR_TRADES,RTH,split_adjusted,traded_shares,2026-09-10T01:20:37.874819+00:00,24
2023-08-24,AAPL,180.68,181.11,176.01,176.38,33758223.0,IBKR_TRADES,RTH,split_adjusted,traded_shares,2026-09-10T01:20:37.874819+00:00,24
2023-08-24,AMD,111.1,111.64,100.87,101.8,87918103.0,IBKR_TRADES,RTH,split_adjusted,traded_shares,2026-09-10T01:20:37.874819+00:00,24
2023-08-24,NVDA,50.22,50.27,47.16,47.16,800704060.0,IBKR_TRADES,RTH,split_adjusted,traded_shares,2026-09-10T01:20:37.874819+00:00,24
2023-08-24,QQQ,372.64,372.74,361.01,361.22,50864977.0,IBKR_TRADES,RTH,split_adjusted,traded_shares,2026-09-10T01:20:37.874819+00:00,24
2023-08-24,SMH,156.46,156.59,148.58,148.82,9399110.0,IBKR_TRADES,RTH,split_adjusted,traded_shares,2026-09-10T01:20:37.874819+00:00,24
2023-08-25,AAPL,177.41,179.15,175.82,178.61,32475040.0,IBKR_TRADES,RTH,split_adjusted,traded_shares,2026-09-10T01:20:37.874819+00:00,24
2023-08-25,AMD,101.16,104.12,99.58,102.25,61179344.0,IBKR_TRADES,RTH,split_adjusted,traded_shares,2026-09-10T01:20:37.874819+00:00,24
2023-08-25,NVDA,47.01,47.81,45.02,46.02,692318010.0,IBKR_TRADES,RTH,split_adjusted,traded_shares,2026-09-10T01:20:37.874819+00:00,24
2023-08-25,QQQ,362.07,365.74,358.58,364.02,53401850.0,IBKR_TRADES,RTH,split_adjusted,traded_shares,2026-09-10T01:20:37.874819+00:00,24
2023-08-25,SMH,148.61,150.75,146.27,149.09,8815340.0,IBKR_TRADES,RTH,split_adjusted,traded_shares,2026-09-10T01:20:37.874819+00:00,24
2023-08-28,AAPL,180.09,180.59,178.54,180.19,27996024.0,IBKR_TRADES,RTH,split_adjusted,traded_shares,2026-09-10T01:20:37.874819+00:00,24
2023-08-28,AMD,103.47,104.07,100.89,102.61,45811028.0,IBKR_TRADES,RTH,split_adjusted,traded_shares,2026-09-10T01:20:37.874819+00:00,24
2023-08-28,NVDA,46.5,46.98,44.89,46.84,509977359.99999994,IBKR_TRADES,RTH,split_adjusted,traded_shares,2026-09-10T01:20:37.874819+00:00,24
2023-08-28,QQQ,366.99,367.71,364.25,366.76,33045260.0,IBKR_TRADES,RTH,split_adjusted,traded_shares,2026-09-10T01:20:37.874819+00:00,24
2023-08-28,SMH,150.36,151.09,148.9,150.93,4590072.0,IBKR_TRADES,RTH,split_adjusted,traded_shares,2026-09-10T01:20:37.874819+00:00,24
2023-08-29,AAPL,179.72,184.9,179.5,184.12,37144668.0,IBKR_TRADES,RTH,split_adjusted,traded_shares,2026-09-10T01:20:37.874819+00:00,24
2023-08-29,AMD,102.16,106.57,101.79,105.92,41047045.0,IBKR_TRADES,RTH,split_adjusted,traded_shares,2026-09-10T01:20:37.874819+00:00,24
2023-08-29,NVDA,46.66,49.08,46.39,48.78,526566200.0,IBKR_TRADES,RTH,split_adjusted,traded_shares,2026-09-10T01:20:37.874819+00:00,24
2023-08-29,QQQ,366.56,375.13,366.23,374.77,44110543.0,IBKR_TRADES,RTH,split_adjusted,traded_shares,2026-09-10T01:20:37.874819+00:00,24
2023-08-29,SMH,150.36,155.3,149.93,154.8,6954808.0,IBKR_TRADES,RTH,split_adjusted,traded_shares,2026-09-10T01:20:37.874819+00:00,24
2023-08-30,AAPL,184.8,187.79,184.74,187.65,45296983.0,IBKR_TRADES,RTH,split_adjusted,traded_shares,2026-09-10T01:20:37.874819+00:00,24
2023-08-30,AMD,105.49,107.67,104.5,106.59,44301938.0,IBKR_TRADES,RTH,split_adjusted,traded_shares,2026-09-10T01:20:37.874819+00:00,24
2023-08-30,NVDA,49.04,49.93,48.43,49.26,526571660.0,IBKR_TRADES,RTH,split_adjusted,traded_shares,2026-09-10T01:20:37.874819+00:00,24
2023-08-30,QQQ,374.89,377.45,373.86,376.86,31340298.0,IBKR_TRADES,RTH,split_adjusted,traded_shares,2026-09-10T01:20:37.874819+00:00,24
2023-08-30,SMH,154.73,156.22,153.67,155.59,5056864.0,IBKR_TRADES,RTH,split_adjusted,traded_shares,2026-09-10T01:20:37.874819+00:00,24
2023-08-31,AAPL,187.86,189.12,187.48,187.87,35296005.0,IBKR_TRADES,RTH,split_adjusted,traded_shares,2026-09-10T01:20:37.874819+00:00,24
2023-08-31,AMD,106.19,108.06,104.86,105.72,45704301.0,IBKR_TRADES,RTH,split_adjusted,traded_shares,2026-09-10T01:20:37.874819+00:00,24
2023-08-31,NVDA,49.38,49.74,48.96,49.36,350100980.0,IBKR_TRADES,RTH,split_adjusted,traded_shares,2026-09-10T01:20:37.874819+00:00,24
2023-08-31,QQQ,376.94,379.72,376.86,377.99,25310353.0,IBKR_TRADES,RTH,split_adjusted,traded_shares,2026-09-10T01:20:37.874819+00:00,24
2023-08-31,SMH,154.85,157.16,154.85,156.22,4615394.0,IBKR_TRADES,RTH,split_adjusted,traded_shares,2026-09-10T01:20:37.874819+00:00,24
2023-09-01,AAPL,189.57,189.92,188.28,189.46,30193704.0,IBKR_TRADES,RTH,split_adjusted,traded_shares,2026-09-10T01:20:37.874819+00:00,24
2023-09-01,AMD,106.97,110.06,106.61,109.45,44886046.0,IBKR_TRADES,RTH,split_adjusted,traded_shares,2026-09-10T01:20:37.874819+00:00,24
2023-09-01,NVDA,49.77,49.8,48.14,48.51,340698680.0,IBKR_TRADES,RTH,split_adjusted,traded_shares,2026-09-10T01:20:37.874819+00:00,24
2023-09-01,QQQ,380.4,380.83,376.08,377.59,26988473.0,IBKR_TRADES,RTH,split_adjusted,traded_shares,2026-09-10T01:20:37.874819+00:00,24
2023-09-01,SMH,157.43,157.63,155.26,156.21,3174502.0,IBKR_TRADES,RTH,split_adjusted,traded_shares,2026-09-10T01:20:37.874819+00:00,24
2023-09-05,AAPL,188.22,189.98,187.61,189.7,29976406.0,IBKR_TRADES,RTH,split_adjusted,traded_shares,2026-09-10T01:20:37.874819+00:00,24
2023-09-05,AMD,108.99,111.82,106.3,110.78,54999345.0,IBKR_TRADES,RTH,split_adjusted,traded_shares,2026-09-10T01:20:37.874819+00:00,24
2023-09-05,NVDA,48.23,48.85,47.86,48.55,270382750.0,IBKR_TRADES,RTH,split_adjusted,traded_shares,2026-09-10T01:20:37.874819+00:00,24
2023-09-05,QQQ,376.77,379.31,375.83,378.07,24052990.0,IBKR_TRADES,RTH,split_adjusted,traded_shares,2026-09-10T01:20:37.874819+00:00,24
2023-09-05,SMH,155.63,157.62,155.08,156.58,4174213.0000000005,IBKR_TRADES,RTH,split_adjusted,traded_shares,2026-09-10T01:20:37.874819+00:00,24
2023-09-06,AAPL,188.4,188.85,181.47,182.91,60969233.00000001,IBKR_TRADES,RTH,split_adjusted,traded_shares,2026-09-10T01:20:37.874819+00:00,24
2023-09-06,AMD,110.5,111.33,108.22,109.28,38853111.0,IBKR_TRADES,RTH,split_adjusted,traded_shares,2026-09-10T01:20:37.874819+00:00,24
2023-09-06,NVDA,48.46,48.55,46.59,47.06,343079570.0,IBKR_TRADES,RTH,split_adjusted,traded_shares,2026-09-10T01:20:37.874819+00:00,24
2023-09-06,QQQ,377.28,377.63,372.7,374.74,33356227.0,IBKR_TRADES,RTH,split_adjusted,traded_shares,2026-09-10T01:20:37.874819+00:00,24
2023-09-06,SMH,156.01,156.8,153.26,154.76,4856996.0,IBKR_TRADES,RTH,split_adjusted,traded_shares,2026-09-10T01:20:37.874819+00:00,24
2023-09-07,AAPL,175.14,178.21,173.54,177.56,82741400.0,IBKR_TRADES,RTH,split_adjusted,traded_shares,2026-09-10T01:20:37.874819+00:00,24
2023-09-07,AMD,106.19,107.69,105.09,106.59,40170760.0,IBKR_TRADES,RTH,split_adjusted,traded_shares,2026-09-10T01:20:37.874819+00:00,24
2023-09-07,NVDA,45.52,46.34,45.15,46.24,300627240.0,IBKR_TRADES,RTH,split_adjusted,traded_shares,2026-09-10T01:20:37.874819+00:00,24
2023-09-07,QQQ,370.19,372.85,369.15,372.06,35176383.0,IBKR_TRADES,RTH,split_adjusted,traded_shares,2026-09-10T01:20:37.874819+00:00,24
2023-09-07,SMH,151.14,151.73,149.45,151.33,6113962.0,IBKR_TRADES,RTH,split_adjusted,traded_shares,2026-09-10T01:20:37.874819+00:00,24
2023-09-08,AAPL,178.4,180.24,177.79,178.18,49666678.0,IBKR_TRADES,RTH,split_adjusted,traded_shares,2026-09-10T01:20:37.874819+00:00,24
2023-09-08,AMD,107.0,109.74,105.75,106.09,37705681.0,IBKR_TRADES,RTH,split_adjusted,traded_shares,2026-09-10T01:20:37.874819+00:00,24
2023-09-08,NVDA,45.97,46.61,45.27,45.57,320999590.0,IBKR_TRADES,RTH,split_adjusted,traded_shares,2026-09-10T01:20:37.874819+00:00,24
2023-09-08,QQQ,372.01,374.85,371.6,372.58,26001322.0,IBKR_TRADES,RTH,split_adjusted,traded_shares,2026-09-10T01:20:37.874819+00:00,24
2023-09-08,SMH,150.94,152.17,149.75,150.38,3995508.0,IBKR_TRADES,RTH,split_adjusted,traded_shares,2026-09-10T01:20:37.874819+00:00,24
2023-09-11,AAPL,180.08,180.3,177.34,179.36,42238795.0,IBKR_TRADES,RTH,split_adjusted,traded_shares,2026-09-10T01:20:37.874819+00:00,24
2023-09-11,AMD,107.45,107.51,103.0,105.32,40955870.0,IBKR_TRADES,RTH,split_adjusted,traded_shares,2026-09-10T01:20:37.874819+00:00,24
2023-09-11,NVDA,46.15,46.16,44.31,45.18,331017620.0,IBKR_TRADES,RTH,split_adjusted,traded_shares,2026-09-10T01:20:37.874819+00:00,24
2023-09-11,QQQ,375.66,377.49,373.66,376.97,27597145.0,IBKR_TRADES,RTH,split_adjusted,traded_shares,2026-09-10T01:20:37.874819+00:00,24
2023-09-11,SMH,152.19,152.19,148.5,150.49,4563567.0,IBKR_TRADES,RTH,split_adjusted,traded_shares,2026-09-10T01:20:37.874819+00:00,24
2023-09-12,AAPL,179.49,180.13,174.82,176.3,68838348.0,IBKR_TRADES,RTH,split_adjusted,traded_shares,2026-09-10T01:20:37.874819+00:00,24
2023-09-12,AMD,104.2,106.74,103.18,105.31,34127821.0,IBKR_TRADES,RTH,split_adjusted,traded_shares,2026-09-10T01:20:37.874819+00:00,24
2023-09-12,NVDA,44.74,45.67,44.53,44.87,244507859.99999997,IBKR_TRADES,RTH,split_adjusted,traded_shares,2026-09-10T01:20:37.874819+00:00,24
2023-09-12,QQQ,375.28,376.68,372.5,372.79,28358671.0,IBKR_TRADES,RTH,split_adjusted,traded_shares,2026-09-10T01:20:37.874819+00:00,24
2023-09-12,SMH,149.41,151.65,149.16,149.36,4890309.0,IBKR_TRADES,RTH,split_adjusted,traded_shares,2026-09-10T01:20:37.874819+00:00,24
2023-09-13,AAPL,176.49,177.3,173.98,174.21,58163100.0,IBKR_TRADES,RTH,split_adjusted,traded_shares,2026-09-10T01:20:37.874819+00:00,24
2023-09-13,AMD,105.08,108.74,104.83,107.71,36839528.0,IBKR_TRADES,RTH,split_adjusted,traded_shares,2026-09-10T01:20:37.874819+00:00,24
2023-09-13,NVDA,44.6,45.93,44.5,45.49,283788150.0,IBKR_TRADES,RTH,split_adjusted,traded_shares,2026-09-10T01:20:37.874819+00:00,24
2023-09-13,QQQ,373.03,375.84,371.88,374.21,30574697.000000004,IBKR_TRADES,RTH,split_adjusted,traded_shares,2026-09-10T01:20:37.874819+00:00,24
2023-09-13,SMH,149.31,151.83,149.04,150.57,4694831.0,IBKR_TRADES,RTH,split_adjusted,traded_shares,2026-09-10T01:20:37.874819+00:00,24
2023-09-14,AAPL,174.01,176.1,173.58,175.74,41213746.0,IBKR_TRADES,RTH,split_adjusted,traded_shares,2026-09-10T01:20:37.874819+00:00,24
2023-09-14,AMD,108.43,109.15,106.22,106.63,38083091.0,IBKR_TRADES,RTH,split_adjusted,traded_shares,2026-09-10T01:20:37.874819+00:00,24
2023-09-14,NVDA,45.94,45.99,45.13,45.58,256814300.00000003,IBKR_TRADES,RTH,split_adjusted,traded_shares,2026-09-10T01:20:37.874819+00:00,24
2023-09-14,QQQ,375.97,378.27,373.89,377.27,30414885.0,IBKR_TRADES,RTH,split_adjusted,traded_shares,2026-09-10T01:20:37.874819+00:00,24
2023-09-14,SMH,152.09,152.16,150.17,151.39,5237366.0,IBKR_TRADES,RTH,split_adjusted,traded_shares,2026-09-10T01:20:37.874819+00:00,24
2023-09-15,AAPL,176.41,176.5,173.82,175.01,57613758.0,IBKR_TRADES,RTH,split_adjusted,traded_shares,2026-09-10T01:20:37.874819+00:00,24
2023-09-15,AMD,106.07,106.76,101.28,101.49,50768067.0,IBKR_TRADES,RTH,split_adjusted,traded_shares,2026-09-10T01:20:37.874819+00:00,24
2023-09-15,NVDA,45.33,45.6,43.81,43.9,317613970.0,IBKR_TRADES,RTH,split_adjusted,traded_shares,2026-09-10T01:20:37.874819+00:00,24
2023-09-15,QQQ,375.91,376.32,369.86,370.81,42070553.0,IBKR_TRADES,RTH,split_adjusted,traded_shares,2026-09-10T01:20:37.874819+00:00,24
2023-09-15,SMH,150.23,150.54,146.17,146.81,8322224.999999999,IBKR_TRADES,RTH,split_adjusted,traded_shares,2026-09-10T01:20:37.874819+00:00,24
2023-09-18,AAPL,176.57,179.38,176.17,177.97,48844299.0,IBKR_TRADES,RTH,split_adjusted,traded_shares,2026-09-10T01:20:37.874819+00:00,24
2023-09-18,AMD,100.83,102.99,99.45,102.37,39409642.0,IBKR_TRADES,RTH,split_adjusted,traded_shares,2026-09-10T01:20:37.874819+00:00,24
2023-09-18,NVDA,42.75,44.24,42.0,43.97,369946310.0,IBKR_TRADES,RTH,split_adjusted,traded_shares,2026-09-10T01:20:37.874819+00:00,24
2023-09-18,QQQ,369.32,371.79,369.03,370.66,23941161.0,IBKR_TRADES,RTH,split_adjusted,traded_shares,2026-09-10T01:20:37.874819+00:00,24
2023-09-18,SMH,145.43,147.82,144.97,147.3,5680416.0,IBKR_TRADES,RTH,split_adjusted,traded_shares,2026-09-10T01:20:37.874819+00:00,24
2023-09-19,AAPL,177.52,179.63,177.13,179.07,38112949.0,IBKR_TRADES,RTH,split_adjusted,traded_shares,2026-09-10T01:20:37.874819+00:00,24
2023-09-19,AMD,101.8,102.86,100.7,101.61,36031856.0,IBKR_TRADES,RTH,split_adjusted,traded_shares,2026-09-10T01:20:37.874819+00:00,24
2023-09-19,NVDA,43.83,43.97,43.0,43.52,274337960.0,IBKR_TRADES,RTH,split_adjusted,traded_shares,2026-09-10T01:20:37.874819+00:00,24
2023-09-19,QQQ,369.32,370.63,366.8,369.87,27266719.0,IBKR_TRADES,RTH,split_adjusted,traded_shares,2026-09-10T01:20:37.874819+00:00,24
2023-09-19,SMH,146.75,146.99,145.07,146.03,4575886.0,IBKR_TRADES,RTH,split_adjusted,traded_shares,2026-09-10T01:20:37.874819+00:00,24
2023-09-20,AAPL,179.3,179.7,175.4,175.49,41869663.0,IBKR_TRADES,RTH,split_adjusted,traded_shares,2026-09-10T01:20:37.874819+00:00,24
2023-09-20,AMD,102.37,103.94,100.28,100.34,44959693.0,IBKR_TRADES,RTH,split_adjusted,traded_shares,2026-09-10T01:20:37.874819+00:00,24
2023-09-20,NVDA,43.6,43.9,42.22,42.24,264958430.0,IBKR_TRADES,RTH,split_adjusted,traded_shares,2026-09-10T01:20:37.874819+00:00,24
2023-09-20,QQQ,370.95,371.31,364.46,364.54,35541996.0,IBKR_TRADES,RTH,split_adjusted,traded_shares,2026-09-10T01:20:37.874819+00:00,24
2023-09-20,SMH,146.65,147.24,143.55,143.63,5756559.0,IBKR_TRADES,RTH,split_adjusted,traded_shares,2026-09-10T01:20:37.874819+00:00,24
2023-09-21,AAPL,174.55,176.3,173.86,173.93,42844210.0,IBKR_TRADES,RTH,split_adjusted,traded_shares,2026-09-10T01:20:37.874819+00:00,24
2023-09-21,AMD,98.59,98.87,95.84,96.11,48692636.0,IBKR_TRADES,RTH,split_adjusted,traded_shares,2026-09-10T01:20:37.874819+00:00,24
2023-09-21,NVDA,41.59,42.1,40.98,41.02,325020770.0,IBKR_TRADES,RTH,split_adjusted,traded_shares,2026-09-10T01:20:37.874819+00:00,24
2023-09-21,QQQ,360.8,361.6,357.69,357.86,49791866.0,IBKR_TRADES,RTH,split_adjusted,traded_shares,2026-09-10T01:20:37.874819+00:00,24
2023-09-21,SMH,141.56,142.57,140.69,140.76,8098902.0,IBKR_TRADES,RTH,split_adjusted,traded_shares,2026-09-10T01:20:37.874819+00:00,24
2023-09-22,AAPL,174.67,177.08,174.05,174.79,40708267.0,IBKR_TRADES,RTH,split_adjusted,traded_shares,2026-09-10T01:20:37.874819+00:00,24
2023-09-22,AMD,96.96,98.42,95.61,96.2,44270047.0,IBKR_TRADES,RTH,split_adjusted,traded_shares,2026-09-10T01:20:37.874819+00:00,24
2023-09-22,NVDA,41.57,42.12,41.23,41.61,345553960.0,IBKR_TRADES,RTH,split_adjusted,traded_shares,2026-09-10T01:20:37.874819+00:00,24
2023-09-22,QQQ,359.63,361.8,357.59,357.91,37101095.0,IBKR_TRADES,RTH,split_adjusted,traded_shares,2026-09-10T01:20:37.874819+00:00,24
2023-09-22,SMH,142.13,143.4,141.55,141.96,5973329.0,IBKR_TRADES,RTH,split_adjusted,traded_shares,2026-09-10T01:20:37.874819+00:00,24
2023-09-25,AAPL,174.2,176.97,174.15,176.08,34839137.0,IBKR_TRADES,RTH,split_adjusted,traded_shares,2026-09-10T01:20:37.874819+00:00,24
2023-09-25,AMD,95.98,97.45,94.46,97.38,36265355.0,IBKR_TRADES,RTH,split_adjusted,traded_shares,2026-09-10T01:20:37.874819+00:00,24
2023-09-25,NVDA,41.59,42.54,41.18,42.22,309434230.0,IBKR_TRADES,RTH,split_adjusted,traded_shares,2026-09-10T01:20:37.874819+00:00,24
2023-09-25,QQQ,356.93,359.7,355.93,359.61,29926439.0,IBKR_TRADES,RTH,split_adjusted,traded_shares,2026-09-10T01:20:37.874819+00:00,24
2023-09-25,SMH,141.33,143.11,140.66,142.96,6266061.0,IBKR_TRADES,RTH,split_adjusted,traded_shares,2026-09-10T01:20:37.874819+00:00,24
2023-09-26,AAPL,174.73,175.2,171.66,171.96,46331416.0,IBKR_TRADES,RTH,split_adjusted,traded_shares,2026-09-10T01:20:37.874819+00:00,24
2023-09-26,AMD,96.44,97.83,95.27,95.96,36168093.0,IBKR_TRADES,RTH,split_adjusted,traded_shares,2026-09-10T01:20:37.874819+00:00,24
2023-09-26,NVDA,42.01,42.82,41.66,41.91,293477670.0,IBKR_TRADES,RTH,split_adjusted,traded_shares,2026-09-10T01:20:37.874819+00:00,24
2023-09-26,QQQ,356.99,357.54,353.21,354.21,40812400.0,IBKR_TRADES,RTH,split_adjusted,traded_shares,2026-09-10T01:20:37.874819+00:00,24
2023-09-26,SMH,141.64,142.39,140.1,140.7,5157820.0,IBKR_TRADES,RTH,split_adjusted,traded_shares,2026-09-10T01:20:37.874819+00:00,24
2023-09-27,AAPL,172.56,173.04,169.05,170.43,48834513.0,IBKR_TRADES,RTH,split_adjusted,traded_shares,2026-09-10T01:20:37.874819+00:00,24
2023-09-27,AMD,96.82,99.23,96.35,98.07,41899634.0,IBKR_TRADES,RTH,split_adjusted,traded_shares,2026-09-10T01:20:37.874819+00:00,24
2023-09-27,NVDA,42.32,42.87,41.63,42.47,336419810.0,IBKR_TRADES,RTH,split_adjusted,traded_shares,2026-09-10T01:20:37.874819+00:00,24
2023-09-27,QQQ,355.38,356.98,351.36,355.04,42669261.0,IBKR_TRADES,RTH,split_adjusted,traded_shares,2026-09-10T01:20:37.874819+00:00,24
2023-09-27,SMH,141.85,142.92,139.76,141.99,7014225.0,IBKR_TRADES,RTH,split_adjusted,traded_shares,2026-09-10T01:20:37.874819+00:00,24
2023-09-28,AAPL,169.55,172.03,167.64,170.69,43349416.0,IBKR_TRADES,RTH,split_adjusted,traded_shares,2026-09-10T01:20:37.874819+00:00,24
2023-09-28,AMD,97.99,104.2,97.76,102.76,61964348.0,IBKR_TRADES,RTH,split_adjusted,traded_shares,2026-09-10T01:20:37.874819+00:00,24
2023-09-28,NVDA,42.47,43.45,42.12,43.09,327567460.0,IBKR_TRADES,RTH,split_adjusted,traded_shares,2026-09-10T01:20:37.874819+00:00,24
2023-09-28,QQQ,354.1,360.17,353.24,358.01,40250518.0,IBKR_TRADES,RTH,split_adjusted,traded_shares,2026-09-10T01:20:37.874819+00:00,24
2023-09-28,SMH,141.73,145.65,141.08,144.29,8775177.0,IBKR_TRADES,RTH,split_adjusted,traded_shares,2026-09-10T01:20:37.874819+00:00,24
2023-09-29,AAPL,172.02,173.07,170.34,171.21,33052792.000000004,IBKR_TRADES,RTH,split_adjusted,traded_shares,2026-09-10T01:20:37.874819+00:00,24
2023-09-29,AMD,104.64,104.94,102.56,102.82,46579898.0,IBKR_TRADES,RTH,split_adjusted,traded_shares,2026-09-10T01:20:37.874819+00:00,24
2023-09-29,NVDA,43.83,44.14,43.31,43.5,293669940.0,IBKR_TRADES,RTH,split_adjusted,traded_shares,2026-09-10T01:20:37.874819+00:00,24
2023-09-29,QQQ,361.54,362.95,357.02,358.27,44935101.0,IBKR_TRADES,RTH,split_adjusted,traded_shares,2026-09-10T01:20:37.874819+00:00,24
2023-09-29,SMH,146.53,146.93,144.46,144.98,6262009.0,IBKR_TRADES,RTH,split_adjusted,traded_shares,2026-09-10T01:20:37.874819+00:00,24
2023-10-02,AAPL,171.29,174.3,170.93,173.75,36645577.0,IBKR_TRADES,RTH,split_adjusted,traded_shares,2026-09-10T01:20:37.874819+00:00,24
2023-10-02,AMD,102.34,103.71,101.7,103.27,36495918.0,IBKR_TRADES,RTH,split_adjusted,traded_shares,2026-09-10T01:20:37.874819+00:00,24
2023-10-02,NVDA,44.03,45.18,43.86,44.78,327219690.0,IBKR_TRADES,RTH,split_adjusted,traded_shares,2026-09-10T01:20:37.874819+00:00,24
2023-10-02,QQQ,358.54,362.68,357.92,361.26,38497487.0,IBKR_TRADES,RTH,split_adjusted,traded_shares,2026-09-10T01:20:37.874819+00:00,24
2023-10-02,SMH,145.27,147.27,144.59,146.23,7095673.0,IBKR_TRADES,RTH,split_adjusted,traded_shares,2026-09-10T01:20:37.874819+00:00,24
2023-10-03,AAPL,172.29,173.63,170.82,172.4,36681746.0,IBKR_TRADES,RTH,split_adjusted,traded_shares,2026-09-10T01:20:37.874819+00:00,24
2023-10-03,AMD,101.8,103.29,99.17,100.08,39844760.0,IBKR_TRADES,RTH,split_adjusted,traded_shares,2026-09-10T01:20:37.874819+00:00,24
2023-10-03,NVDA,44.82,45.13,43.25,43.52,351613220.0,IBKR_TRADES,RTH,split_adjusted,traded_shares,2026-09-10T01:20:37.874819+00:00,24
2023-10-03,QQQ,358.78,361.01,353.27,354.92,47552080.0,IBKR_TRADES,RTH,split_adjusted,traded_shares,2026-09-10T01:20:37.874819+00:00,24
2023-10-03,SMH,145.29,146.86,142.16,142.98,7710379.0,IBKR_TRADES,RTH,split_adjusted,traded_shares,2026-09-10T01:20:37.874819+00:00,24
2023-10-04,AAPL,171.1,174.21,170.97,173.66,37635681.0,IBKR_TRADES,RTH,split_adjusted,traded_shares,2026-09-10T01:20:37.874819+00:00,24
2023-10-04,AMD,100.68,104.4,100.34,104.07,41962350.0,IBKR_TRADES,RTH,split_adjusted,traded_shares,2026-09-10T01:20:37.874819+00:00,24
2023-10-04,NVDA,43.74,44.14,43.29,44.04,265288769.99999997,IBKR_TRADES,RTH,split_adjusted,traded_shares,2026-09-10T01:20:37.874819+00:00,24
2023-10-04,QQQ,355.76,360.61,355.3,359.75,39389220.0,IBKR_TRADES,RTH,split_adjusted,traded_shares,2026-09-10T01:20:37.874819+00:00,24
2023-10-04,SMH,143.85,145.48,142.96,145.21,9349345.0,IBKR_TRADES,RTH,split_adjusted,traded_shares,2026-09-10T01:20:37.874819+00:00,24
2023-10-05,AAPL,173.74,175.45,172.68,174.91,34873480.0,IBKR_TRADES,RTH,split_adjusted,traded_shares,2026-09-10T01:20:37.874819+00:00,24
2023-10-05,AMD,103.41,103.74,100.27,102.91,43327590.0,IBKR_TRADES,RTH,split_adjusted,traded_shares,2026-09-10T01:20:37.874819+00:00,24
2023-10-05,NVDA,44.05,44.9,43.89,44.69,284563450.0,IBKR_TRADES,RTH,split_adjusted,traded_shares,2026-09-10T01:20:37.874819+00:00,24
2023-10-05,QQQ,359.74,360.15,355.14,358.69,33886427.0,IBKR_TRADES,RTH,split_adjusted,traded_shares,2026-09-10T01:20:37.874819+00:00,24
2023-10-05,SMH,145.29,145.9,143.67,145.21,4888170.0,IBKR_TRADES,RTH,split_adjusted,traded_shares,2026-09-10T01:20:37.874819+00:00,24
2023-10-06,AAPL,173.89,177.99,173.18,177.49,40265915.0,IBKR_TRADES,RTH,split_adjusted,traded_shares,2026-09-10T01:20:37.874819+00:00,24
2023-10-06,AMD,102.16,107.87,102.03,107.24,54277396.0,IBKR_TRADES,RTH,split_adjusted,traded_shares,2026-09-10T01:20:37.874819+00:00,24
2023-10-06,NVDA,44.19,45.79,44.03,45.76,304975130.0,IBKR_TRADES,RTH,split_adjusted,traded_shares,2026-09-10T01:20:37.874819+00:00,24
2023-10-06,QQQ,355.65,365.91,354.85,364.7,55274069.0,IBKR_TRADES,RTH,split_adjusted,traded_shares,2026-09-10T01:20:37.874819+00:00,24
2023-10-06,SMH,144.63,148.95,143.53,148.35,8184028.0,IBKR_TRADES,RTH,split_adjusted,traded_shares,2026-09-10T01:20:37.874819+00:00,24
2023-10-09,AAPL,176.84,179.05,175.8,178.99,31003303.0,IBKR_TRADES,RTH,split_adjusted,traded_shares,2026-09-10T01:20:37.874819+00:00,24
2023-10-09,AMD,106.0,107.31,104.79,106.97,33648365.0,IBKR_TRADES,RTH,split_adjusted,traded_shares,2026-09-10T01:20:37.874819+00:00,24
2023-10-09,NVDA,44.84,45.61,44.37,45.27,294984920.0,IBKR_TRADES,RTH,split_adjusted,traded_shares,2026-09-10T01:20:37.874819+00:00,24
2023-10-09,QQQ,362.3,367.11,360.78,366.56,34646727.0,IBKR_TRADES,RTH,split_adjusted,traded_shares,2026-09-10T01:20:37.874819+00:00,24
2023-10-09,SMH,146.79,148.46,145.64,147.97,5680605.0,IBKR_TRADES,RTH,split_adjusted,traded_shares,2026-09-10T01:20:37.874819+00:00,24
2023-10-10,AAPL,178.1,179.72,177.95,178.39,31073817.0,IBKR_TRADES,RTH,split_adjusted,traded_shares,2026-09-10T01:20:37.874819+00:00,24
2023-10-10,AMD,107.43,110.12,106.4,109.01,46764727.0,IBKR_TRADES,RTH,split_adjusted,traded_shares,2026-09-10T01:20:37.874819+00:00,24
2023-10-10,NVDA,45.34,46.26,45.09,45.8,263037310.0,IBKR_TRADES,RTH,split_adjusted,traded_shares,2026-09-10T01:20:37.874819+00:00,24
2023-10-10,QQQ,366.91,371.28,366.39,368.59,36095158.0,IBKR_TRADES,RTH,split_adjusted,traded_shares,2026-09-10T01:20:37.874819+00:00,24
2023-10-10,SMH,148.5,150.98,147.83,149.8,5362821.0,IBKR_TRADES,RTH,split_adjusted,traded_shares,2026-09-10T01:20:37.874819+00:00,24
2023-10-11,AAPL,178.2,179.85,177.6,179.8,32263908.999999996,IBKR_TRADES,RTH,split_adjusted,traded_shares,2026-09-10T01:20:37.874819+00:00,24
2023-10-11,AMD,109.15,110.1,106.93,108.31,41555331.0,IBKR_TRADES,RTH,split_adjusted,traded_shares,2026-09-10T01:20:37.874819+00:00,24
2023-10-11,NVDA,46.18,46.86,46.05,46.81,276990130.0,IBKR_TRADES,RTH,split_adjusted,traded_shares,2026-09-10T01:20:37.874819+00:00,24
2023-10-11,QQQ,369.94,371.42,368.19,371.22,27997441.0,IBKR_TRADES,RTH,split_adjusted,traded_shares,2026-09-10T01:20:37.874819+00:00,24
2023-10-11,SMH,150.64,151.44,149.49,151.42,7385538.0,IBKR_TRADES,RTH,split_adjusted,traded_shares,2026-09-10T01:20:37.874819+00:00,24
2023-10-12,AAPL,180.07,182.34,179.04,180.71,42374800.0,IBKR_TRADES,RTH,split_adjusted,traded_shares,2026-09-10T01:20:37.874819+00:00,24
2023-10-12,AMD,108.4,111.31,107.51,108.79,50114025.0,IBKR_TRADES,RTH,split_adjusted,traded_shares,2026-09-10T01:20:37.874819+00:00,24
2023-10-12,NVDA,46.77,47.61,46.33,46.95,358216160.0,IBKR_TRADES,RTH,split_adjusted,traded_shares,2026-09-10T01:20:37.874819+00:00,24
2023-10-12,QQQ,371.73,373.74,367.5,369.93,38162917.0,IBKR_TRADES,RTH,split_adjusted,traded_shares,2026-09-10T01:20:37.874819+00:00,24
2023-10-12,SMH,151.84,154.06,150.72,152.19,6748058.0,IBKR_TRADES,RTH,split_adjusted,traded_shares,2026-09-10T01:20:37.874819+00:00,24
2023-10-13,AAPL,181.39,181.93,178.14,178.85,34527171.0,IBKR_TRADES,RTH,split_adjusted,traded_shares,2026-09-10T01:20:37.874819+00:00,24
2023-10-13,AMD,108.65,108.97,104.75,105.09,42982156.0,IBKR_TRADES,RTH,split_adjusted,traded_shares,2026-09-10T01:20:37.874819+00:00,24
2023-10-13,NVDA,46.96,47.12,45.28,45.46,338392420.0,IBKR_TRADES,RTH,split_adjusted,traded_shares,2026-09-10T01:20:37.874819+00:00,24
2023-10-13,QQQ,370.56,371.16,363.86,365.28,40153159.0,IBKR_TRADES,RTH,split_adjusted,traded_shares,2026-09-10T01:20:37.874819+00:00,24
2023-10-13,SMH,152.42,152.64,148.05,148.38,7260490.0,IBKR_TRADES,RTH,split_adjusted,traded_shares,2026-09-10T01:20:37.874819+00:00,24
2023-10-16,AAPL,176.75,179.08,176.51,178.72,38606920.0,IBKR_TRADES,RTH,split_adjusted,traded_shares,2026-09-10T01:20:37.874819+00:00,24
2023-10-16,AMD,105.45,107.48,105.03,106.46,33729997.0,IBKR_TRADES,RTH,split_adjusted,traded_shares,2026-09-10T01:20:37.874819+00:00,24
2023-10-16,NVDA,45.06,46.23,44.91,46.1,270965380.0,IBKR_TRADES,RTH,split_adjusted,traded_shares,2026-09-10T01:20:37.874819+00:00,24
2023-10-16,QQQ,366.63,370.48,366.47,369.41,32227003.0,IBKR_TRADES,RTH,split_adjusted,traded_shares,2026-09-10T01:20:37.874819+00:00,24
2023-10-16,SMH,148.55,150.69,148.42,150.09,7844693.0,IBKR_TRADES,RTH,split_adjusted,traded_shares,2026-09-10T01:20:37.874819+00:00,24
2023-10-17,AAPL,176.68,178.42,174.8,177.15,43819636.0,IBKR_TRADES,RTH,split_adjusted,traded_shares,2026-09-10T01:20:37.874819+00:00,24
2023-10-17,AMD,103.57,106.29,101.66,105.14,41908525.0,IBKR_TRADES,RTH,split_adjusted,traded_shares,2026-09-10T01:20:37.874819+00:00,24
2023-10-17,NVDA,43.96,44.75,42.48,43.94,595378380.0,IBKR_TRADES,RTH,split_adjusted,traded_shares,2026-09-10T01:20:37.874819+00:00,24
2023-10-17,QQQ,365.81,369.92,363.66,368.2,39365565.0,IBKR_TRADES,RTH,split_adjusted,traded_shares,2026-09-10T01:20:37.874819+00:00,24
2023-10-17,SMH,146.78,149.47,144.47,148.32,11082596.0,IBKR_TRADES,RTH,split_adjusted,traded_shares,2026-09-10T01:20:37.874819+00:00,24
2023-10-18,AAPL,175.57,177.58,175.11,175.84,38676161.0,IBKR_TRADES,RTH,split_adjusted,traded_shares,2026-09-10T01:20:37.874819+00:00,24
2023-10-18,AMD,103.43,104.78,101.74,102.17,42245739.0,IBKR_TRADES,RTH,split_adjusted,traded_shares,2026-09-10T01:20:37.874819+00:00,24
2023-10-18,NVDA,42.6,43.22,41.83,42.2,454757020.0,IBKR_TRADES,RTH,split_adjusted,traded_shares,2026-09-10T01:20:37.874819+00:00,24
2023-10-18,QQQ,365.66,367.91,362.02,363.37,42042928.0,IBKR_TRADES,RTH,split_adjusted,traded_shares,2026-09-10T01:20:37.874819+00:00,24
2023-10-18,SMH,145.43,146.71,144.63,145.35,10376552.0,IBKR_TRADES,RTH,split_adjusted,traded_shares,2026-09-10T01:20:37.874819+00:00,24
2023-10-19,AAPL,176.0,177.84,175.19,175.46,38884579.0,IBKR_TRADES,RTH,split_adjusted,traded_shares,2026-09-10T01:20:37.874819+00:00,24
2023-10-19,AMD,103.81,105.6,101.84,102.4,42889737.0,IBKR_TRADES,RTH,split_adjusted,traded_shares,2026-09-10T01:20:37.874819+00:00,24
2023-10-19,NVDA,42.81,43.3,41.88,42.1,358129490.0,IBKR_TRADES,RTH,split_adjusted,traded_shares,2026-09-10T01:20:37.874819+00:00,24
2023-10-19,QQQ,364.81,366.02,359.16,359.97,56308251.0,IBKR_TRADES,RTH,split_adjusted,traded_shares,2026-09-10T01:20:37.874819+00:00,24
2023-10-19,SMH,147.25,147.67,143.88,144.36,13147606.0,IBKR_TRADES,RTH,split_adjusted,traded_shares,2026-09-10T01:20:37.874819+00:00,24
2023-10-20,AAPL,175.37,175.42,172.64,172.88,42092639.0,IBKR_TRADES,RTH,split_adjusted,traded_shares,2026-09-10T01:20:37.874819+00:00,24
2023-10-20,AMD,102.28,104.34,101.44,101.81,46328851.0,IBKR_TRADES,RTH,split_adjusted,traded_shares,2026-09-10T01:20:37.874819+00:00,24
2023-10-20,NVDA,41.89,42.47,41.08,41.39,354236780.0,IBKR_TRADES,RTH,split_adjusted,traded_shares,2026-09-10T01:20:37.874819+00:00,24
2023-10-20,QQQ,359.48,360.04,354.37,354.6,47992504.0,IBKR_TRADES,RTH,split_adjusted,traded_shares,2026-09-10T01:20:37.874819+00:00,24
2023-10-20,SMH,144.22,145.39,141.93,142.1,6554927.0,IBKR_TRADES,RTH,split_adjusted,traded_shares,2026-09-10T01:20:37.874819+00:00,24
2023-10-23,AAPL,170.97,174.01,169.99,173.0,40440044.0,IBKR_TRADES,RTH,split_adjusted,traded_shares,2026-09-10T01:20:37.874819+00:00,24
2023-10-23,AMD,100.89,102.42,99.31,100.01,42617136.0,IBKR_TRADES,RTH,split_adjusted,traded_shares,2026-09-10T01:20:37.874819+00:00,24
2023-10-23,NVDA,41.25,43.25,40.95,42.98,344114120.0,IBKR_TRADES,RTH,split_adjusted,traded_shares,2026-09-10T01:20:37.874819+00:00,24
2023-10-23,QQQ,353.26,359.26,351.11,355.67,43143747.0,IBKR_TRADES,RTH,split_adjusted,traded_shares,2026-09-10T01:20:37.874819+00:00,24
2023-10-23,SMH,141.14,144.54,139.96,142.6,8268385.0,IBKR_TRADES,RTH,split_adjusted,traded_shares,2026-09-10T01:20:37.874819+00:00,24
2023-10-24,AAPL,173.0,173.67,171.45,173.44,31959415.0,IBKR_TRADES,RTH,split_adjusted,traded_shares,2026-09-10T01:20:37.874819+00:00,24
2023-10-24,AMD,101.0,101.79,99.38,101.67,40677973.0,IBKR_TRADES,RTH,split_adjusted,traded_shares,2026-09-10T01:20:37.874819+00:00,24
2023-10-24,NVDA,43.07,43.7,42.69,43.66,277556000.0,IBKR_TRADES,RTH,split_adjusted,traded_shares,2026-09-10T01:20:37.874819+00:00,24
2023-10-24,QQQ,357.51,359.91,355.79,359.13,32821111.999999996,IBKR_TRADES,RTH,split_adjusted,traded_shares,2026-09-10T01:20:37.874819+00:00,24
2023-10-24,SMH,143.0,144.5,142.53,144.27,6301920.0,IBKR_TRADES,RTH,split_adjusted,traded_shares,2026-09-10T01:20:37.874819+00:00,24
2023-10-25,AAPL,171.92,173.06,170.65,171.1,37398079.0,IBKR_TRADES,RTH,split_adjusted,traded_shares,2026-09-10T01:20:37.874819+00:00,24
2023-10-25,AMD,100.38,101.03,95.23,96.06,42896360.0,IBKR_TRADES,RTH,split_adjusted,traded_shares,2026-09-10T01:20:37.874819+00:00,24
2023-10-25,NVDA,43.39,43.65,41.56,41.78,273239550.0,IBKR_TRADES,RTH,split_adjusted,traded_shares,2026-09-10T01:20:37.874819+00:00,24
2023-10-25,QQQ,356.69,356.88,349.75,350.34,48355093.0,IBKR_TRADES,RTH,split_adjusted,traded_shares,2026-09-10T01:20:37.874819+00:00,24
2023-10-25,SMH,142.8,143.15,138.03,138.68,10070250.0,IBKR_TRADES,RTH,split_adjusted,traded_shares,2026-09-10T01:20:37.874819+00:00,24
2023-10-26,AAPL,170.43,171.38,165.67,166.89,49518707.0,IBKR_TRADES,RTH,split_adjusted,traded_shares,2026-09-10T01:20:37.874819+00:00,24
2023-10-26,AMD,95.97,97.52,93.11,93.67,40084872.0,IBKR_TRADES,RTH,split_adjusted,traded_shares,2026-09-10T01:20:37.874819+00:00,24
2023-10-26,NVDA,41.87,42.26,39.88,40.33,378817670.0,IBKR_TRADES,RTH,split_adjusted,traded_shares,2026-09-10T01:20:37.874819+00:00,24
2023-10-26,QQQ,349.12,350.07,342.35,343.66,57982339.0,IBKR_TRADES,RTH,split_adjusted,traded_shares,2026-09-10T01:20:37.874819+00:00,24
2023-10-26,SMH,139.1,140.65,136.63,137.46,12736775.0,IBKR_TRADES,RTH,split_adjusted,traded_shares,2026-09-10T01:20:37.874819+00:00,24
2023-10-27,AAPL,166.91,168.96,166.83,168.22,39346316.0,IBKR_TRADES,RTH,split_adjusted,traded_shares,2026-09-10T01:20:37.874819+00:00,24
2023-10-27,AMD,95.77,97.35,94.59,96.43,43437329.0,IBKR_TRADES,RTH,split_adjusted,traded_shares,2026-09-10T01:20:37.874819+00:00,24
2023-10-27,NVDA,41.13,41.21,40.02,40.5,307726780.0,IBKR_TRADES,RTH,split_adjusted,traded_shares,2026-09-10T01:20:37.874819+00:00,24
2023-10-27,QQQ,346.43,348.84,344.08,345.31,47269292.0,IBKR_TRADES,RTH,split_adjusted,traded_shares,2026-09-10T01:20:37.874819+00:00,24
2023-10-27,SMH,139.0,139.73,137.67,138.31,9630988.0,IBKR_TRADES,RTH,split_adjusted,traded_shares,2026-09-10T01:20:37.874819+00:00,24
2023-10-30,AAPL,169.02,171.17,168.87,170.29,36579410.0,IBKR_TRADES,RTH,split_adjusted,traded_shares,2026-09-10T01:20:37.874819+00:00,24
2023-10-30,AMD,96.17,97.04,94.7,96.18,34260906.0,IBKR_TRADES,RTH,split_adjusted,traded_shares,2026-09-10T01:20:37.874819+00:00,24
2023-10-30,NVDA,41.08,41.77,40.48,41.16,280152050.0,IBKR_TRADES,RTH,split_adjusted,traded_shares,2026-09-10T01:20:37.874819+00:00,24
2023-10-30,QQQ,347.83,350.54,346.45,349.2,39683622.0,IBKR_TRADES,RTH,split_adjusted,traded_shares,2026-09-10T01:20:37.874819+00:00,24
2023-10-30,SMH,138.41,139.64,136.51,137.96,7376244.0,IBKR_TRADES,RTH,split_adjusted,traded_shares,2026-09-10T01:20:37.874819+00:00,24
2023-10-31,AAPL,169.27,170.9,167.9,170.77,28971047.0,IBKR_TRADES,RTH,split_adjusted,traded_shares,2026-09-10T01:20:37.874819+00:00,24
2023-10-31,AMD,96.23,98.82,94.07,98.5,55229489.0,IBKR_TRADES,RTH,split_adjusted,traded_shares,2026-09-10T01:20:37.874819+00:00,24
2023-10-31,NVDA,40.42,40.88,39.23,40.78,381294400.0,IBKR_TRADES,RTH,split_adjusted,traded_shares,2026-09-10T01:20:37.874819+00:00,24
2023-10-31,QQQ,349.23,351.25,346.62,350.87,36035619.0,IBKR_TRADES,RTH,split_adjusted,traded_shares,2026-09-10T01:20:37.874819+00:00,24
2023-10-31,SMH,137.96,139.28,136.1,138.95,6069070.0,IBKR_TRADES,RTH,split_adjusted,traded_shares,2026-09-10T01:20:37.874819+00:00,24
2023-11-01,AAPL,171.05,174.23,170.12,173.97,38224244.0,IBKR_TRADES,RTH,split_adjusted,traded_shares,2026-09-10T01:20:37.874819+00:00,24
2023-11-01,AMD,98.58,108.15,98.5,108.04,113982727.0,IBKR_TRADES,RTH,split_adjusted,traded_shares,2026-09-10T01:20:37.874819+00:00,24
2023-11-01,NVDA,40.88,42.38,40.87,42.33,316856340.0,IBKR_TRADES,RTH,split_adjusted,traded_shares,2026-09-10T01:20:37.874819+00:00,24
2023-11-01,QQQ,351.72,357.53,351.62,356.96,46291661.0,IBKR_TRADES,RTH,split_adjusted,traded_shares,2026-09-10T01:20:37.874819+00:00,24
2023-11-01,SMH,139.2,142.58,139.06,142.41,9646414.0,IBKR_TRADES,RTH,split_adjusted,traded_shares,2026-09-10T01:20:37.874819+00:00,24
2023-11-02,AAPL,175.5,177.78,175.46,177.57,45544595.0,IBKR_TRADES,RTH,split_adjusted,traded_shares,2026-09-10T01:20:37.874819+00:00,24
2023-11-02,AMD,107.91,109.41,105.91,107.83,55034312.0,IBKR_TRADES,RTH,split_adjusted,traded_shares,2026-09-10T01:20:37.874819+00:00,24
2023-11-02,NVDA,43.35,43.88,42.89,43.51,289254360.0,IBKR_TRADES,RTH,split_adjusted,traded_shares,2026-09-10T01:20:37.874819+00:00,24
2023-11-02,QQQ,361.54,363.68,360.3,363.44,37152104.0,IBKR_TRADES,RTH,split_adjusted,traded_shares,2026-09-10T01:20:37.874819+00:00,24
2023-11-02,SMH,145.62,147.04,144.29,146.1,9617366.0,IBKR_TRADES,RTH,split_adjusted,traded_shares,2026-09-10T01:20:37.874819+00:00,24
2023-11-03,AAPL,174.24,176.82,173.35,176.65,56096402.0,IBKR_TRADES,RTH,split_adjusted,traded_shares,2026-09-10T01:20:37.874819+00:00,24
2023-11-03,AMD,109.05,113.39,107.86,112.25,54606080.0,IBKR_TRADES,RTH,split_adjusted,traded_shares,2026-09-10T01:20:37.874819+00:00,24
2023-11-03,NVDA,44.02,45.31,43.72,45.01,302004380.0,IBKR_TRADES,RTH,split_adjusted,traded_shares,2026-09-10T01:20:37.874819+00:00,24
2023-11-03,QQQ,364.75,369.02,364.52,367.71,37865150.0,IBKR_TRADES,RTH,split_adjusted,traded_shares,2026-09-10T01:20:37.874819+00:00,24
2023-11-03,SMH,147.59,150.54,147.18,149.51,6410393.0,IBKR_TRADES,RTH,split_adjusted,traded_shares,2026-09-10T01:20:37.874819+00:00,24
2023-11-06,AAPL,176.36,179.43,176.21,179.23,43332852.0,IBKR_TRADES,RTH,split_adjusted,traded_shares,2026-09-10T01:20:37.874819+00:00,24
2023-11-06,AMD,112.6,113.08,110.22,111.75,39092230.0,IBKR_TRADES,RTH,split_adjusted,traded_shares,2026-09-10T01:20:37.874819+00:00,24
2023-11-06,NVDA,45.29,45.94,44.9,45.75,300830340.0,IBKR_TRADES,RTH,split_adjusted,traded_shares,2026-09-10T01:20:37.874819+00:00,24
2023-11-06,QQQ,368.49,369.78,366.91,369.21,29014943.0,IBKR_TRADES,RTH,split_adjusted,traded_shares,2026-09-10T01:20:37.874819+00:00,24
2023-11-06,SMH,149.75,150.44,148.29,149.95,4446573.0,IBKR_TRADES,RTH,split_adjusted,traded_shares,2026-09-10T01:20:37.874819+00:00,24
2023-11-07,AAPL,179.18,182.44,178.97,181.82,45868762.0,IBKR_TRADES,RTH,split_adjusted,traded_shares,2026-09-10T01:20:37.874819+00:00,24
2023-11-07,AMD,111.89,114.65,111.22,113.45,41147801.0,IBKR_TRADES,RTH,split_adjusted,traded_shares,2026-09-10T01:20:37.874819+00:00,24
2023-11-07,NVDA,45.72,46.22,45.16,45.96,249166789.99999997,IBKR_TRADES,RTH,split_adjusted,traded_shares,2026-09-10T01:20:37.874819+00:00,24
2023-11-07,QQQ,370.27,373.58,369.04,372.7,36590649.0,IBKR_TRADES,RTH,split_adjusted,traded_shares,2026-09-10T01:20:37.874819+00:00,24
2023-11-07,SMH,149.66,151.52,149.31,150.89,3584680.0,IBKR_TRADES,RTH,split_adjusted,traded_shares,2026-09-10T01:20:37.874819+00:00,24
2023-11-08,AAPL,182.41,183.45,181.59,182.89,35294139.0,IBKR_TRADES,RTH,split_adjusted,traded_shares,2026-09-10T01:20:37.874819+00:00,24
2023-11-08,AMD,113.55,115.32,112.88,113.59,33224273.000000004,IBKR_TRADES,RTH,split_adjusted,traded_shares,2026-09-10T01:20:37.874819+00:00,24
2023-11-08,NVDA,46.1,46.87,45.97,46.57,254172460.00000003,IBKR_TRADES,RTH,split_adjusted,traded_shares,2026-09-10T01:20:37.874819+00:00,24
2023-11-08,QQQ,373.08,373.79,370.62,372.94,27073147.0,IBKR_TRADES,RTH,split_adjusted,traded_shares,2026-09-10T01:20:37.874819+00:00,24
2023-11-08,SMH,151.37,152.11,150.44,151.43,4840118.0,IBKR_TRADES,RTH,split_adjusted,traded_shares,2026-09-10T01:20:37.874819+00:00,24
2023-11-09,AAPL,182.96,184.12,181.81,182.41,37027098.0,IBKR_TRADES,RTH,split_adjusted,traded_shares,2026-09-10T01:20:37.874819+00:00,24
2023-11-09,AMD,114.09,115.81,113.06,113.49,48561982.0,IBKR_TRADES,RTH,split_adjusted,traded_shares,2026-09-10T01:20:37.874819+00:00,24
2023-11-09,NVDA,47.46,48.23,46.75,46.95,379611160.0,IBKR_TRADES,RTH,split_adjusted,traded_shares,2026-09-10T01:20:37.874819+00:00,24
2023-11-09,QQQ,373.64,374.8,369.57,370.07,39381801.0,IBKR_TRADES,RTH,split_adjusted,traded_shares,2026-09-10T01:20:37.874819+00:00,24
2023-11-09,SMH,152.96,154.51,151.0,151.16,8688152.0,IBKR_TRADES,RTH,split_adjusted,traded_shares,2026-09-10T01:20:37.874819+00:00,24
2023-11-10,AAPL,183.97,186.57,183.53,186.4,40797728.0,IBKR_TRADES,RTH,split_adjusted,traded_shares,2026-09-10T01:20:37.874819+00:00,24
2023-11-10,AMD,114.32,119.7,114.03,118.59,59664002.0,IBKR_TRADES,RTH,split_adjusted,traded_shares,2026-09-10T01:20:37.874819+00:00,24
2023-11-10,NVDA,47.48,48.47,47.28,48.34,283007570.0,IBKR_TRADES,RTH,split_adjusted,traded_shares,2026-09-10T01:20:37.874819+00:00,24
2023-11-10,QQQ,371.82,378.54,371.28,378.39,40763293.0,IBKR_TRADES,RTH,split_adjusted,traded_shares,2026-09-10T01:20:37.874819+00:00,24
2023-11-10,SMH,153.25,157.67,152.69,157.28,9117999.0,IBKR_TRADES,RTH,split_adjusted,traded_shares,2026-09-10T01:20:37.874819+00:00,24
2023-11-13,AAPL,185.77,186.03,184.21,184.8,28575250.0,IBKR_TRADES,RTH,split_adjusted,traded_shares,2026-09-10T01:20:37.874819+00:00,24
2023-11-13,AMD,118.39,118.68,116.0,116.79,37852964.0,IBKR_TRADES,RTH,split_adjusted,traded_shares,2026-09-10T01:20:37.874819+00:00,24
2023-11-13,NVDA,48.34,49.12,48.1,48.62,278978150.0,IBKR_TRADES,RTH,split_adjusted,traded_shares,2026-09-10T01:20:37.874819+00:00,24
2023-11-13,QQQ,376.79,378.28,375.24,377.21,30847308.000000004,IBKR_TRADES,RTH,split_adjusted,traded_shares,2026-09-10T01:20:37.874819+00:00,24
2023-11-13,SMH,156.3,157.02,155.19,156.32,5610364.0,IBKR_TRADES,RTH,split_adjusted,traded_shares,2026-09-10T01:20:37.874819+00:00,24
2023-11-14,AAPL,187.69,188.11,186.3,187.44,38263286.0,IBKR_TRADES,RTH,split_adjusted,traded_shares,2026-09-10T01:20:37.874819+00:00,24
2023-11-14,AMD,119.7,122.11,119.22,119.88,46597240.0,IBKR_TRADES,RTH,split_adjusted,traded_shares,2026-09-10T01:20:37.874819+00:00,24
2023-11-14,NVDA,49.7,49.83,49.04,49.66,287606210.0,IBKR_TRADES,RTH,split_adjusted,traded_shares,2026-09-10T01:20:37.874819+00:00,24
2023-11-14,QQQ,383.71,386.26,383.18,385.33,44451151.0,IBKR_TRADES,RTH,split_adjusted,traded_shares,2026-09-10T01:20:37.874819+00:00,24
2023-11-14,SMH,159.89,161.54,159.52,161.09,7731161.999999999,IBKR_TRADES,RTH,split_adjusted,traded_shares,2026-09-10T01:20:37.874819+00:00,24
2023-11-15,AAPL,187.84,189.5,187.78,188.01,34135430.0,IBKR_TRADES,RTH,split_adjusted,traded_shares,2026-09-10T01:20:37.874819+00:00,24
2023-11-15,AMD,120.57,120.59,116.87,118.0,47967723.0,IBKR_TRADES,RTH,split_adjusted,traded_shares,2026-09-10T01:20:37.874819+00:00,24
2023-11-15,NVDA,49.93,49.96,48.2,48.89,332078940.0,IBKR_TRADES,RTH,split_adjusted,traded_shares,2026-09-10T01:20:37.874819+00:00,24
2023-11-15,QQQ,387.24,387.75,384.23,385.62,37878872.0,IBKR_TRADES,RTH,split_adjusted,traded_shares,2026-09-10T01:20:37.874819+00:00,24
2023-11-15,SMH,162.23,162.23,160.09,161.21,7293859.0,IBKR_TRADES,RTH,split_adjusted,traded_shares,2026-09-10T01:20:37.874819+00:00,24
2023-11-16,AAPL,189.53,190.96,188.65,189.71,39381450.0,IBKR_TRADES,RTH,split_adjusted,traded_shares,2026-09-10T01:20:37.874819+00:00,24
2023-11-16,AMD,117.2,120.73,116.41,119.83,38373374.0,IBKR_TRADES,RTH,split_adjusted,traded_shares,2026-09-10T01:20:37.874819+00:00,24
2023-11-16,NVDA,48.68,49.52,48.33,49.48,238866470.0,IBKR_TRADES,RTH,split_adjusted,traded_shares,2026-09-10T01:20:37.874819+00:00,24
2023-11-16,QQQ,384.84,386.19,383.56,385.95,34489963.0,IBKR_TRADES,RTH,split_adjusted,traded_shares,2026-09-10T01:20:37.874819+00:00,24
2023-11-16,SMH,160.64,162.17,160.24,161.81,5763033.0,IBKR_TRADES,RTH,split_adjusted,traded_shares,2026-09-10T01:20:37.874819+00:00,24
2023-11-17,AAPL,190.25,190.38,188.57,189.69,33252170.0,IBKR_TRADES,RTH,split_adjusted,traded_shares,2026-09-10T01:20:37.874819+00:00,24
2023-11-17,AMD,119.71,121.49,118.82,120.62,30998162.000000004,IBKR_TRADES,RTH,split_adjusted,traded_shares,2026-09-10T01:20:37.874819+00:00,24
2023-11-17,NVDA,49.5,49.72,49.01,49.3,224492650.0,IBKR_TRADES,RTH,split_adjusted,traded_shares,2026-09-10T01:20:37.874819+00:00,24
2023-11-17,QQQ,385.21,387.07,384.29,386.04,26047421.0,IBKR_TRADES,RTH,split_adjusted,traded_shares,2026-09-10T01:20:37.874819+00:00,24
2023-11-17,SMH,161.18,162.96,160.88,162.57,3901741.9999999995,IBKR_TRADES,RTH,split_adjusted,traded_shares,2026-09-10T01:20:37.874819+00:00,24
2023-11-20,AAPL,189.89,191.91,189.88,191.45,30197601.0,IBKR_TRADES,RTH,split_adjusted,traded_shares,2026-09-10T01:20:37.874819+00:00,24
2023-11-20,AMD,120.7,121.93,120.07,121.53,31783862.999999996,IBKR_TRADES,RTH,split_adjusted,traded_shares,2026-09-10T01:20:37.874819+00:00,24
2023-11-20,NVDA,49.31,50.55,49.18,50.41,275743240.0,IBKR_TRADES,RTH,split_adjusted,traded_shares,2026-09-10T01:20:37.874819+00:00,24
2023-11-20,QQQ,386.05,391.41,386.04,390.74,34496990.0,IBKR_TRADES,RTH,split_adjusted,traded_shares,2026-09-10T01:20:37.874819+00:00,24
2023-11-20,SMH,162.66,165.44,162.52,164.9,5763867.0,IBKR_TRADES,RTH,split_adjusted,traded_shares,2026-09-10T01:20:37.874819+00:00,24
2023-11-21,AAPL,191.46,191.52,189.74,190.64,26024307.0,IBKR_TRADES,RTH,split_adjusted,traded_shares,2026-09-10T01:20:37.874819+00:00,24
2023-11-21,AMD,120.54,120.65,117.96,119.16,31437249.999999996,IBKR_TRADES,RTH,split_adjusted,traded_shares,2026-09-10T01:20:37.874819+00:00,24
2023-11-21,NVDA,50.13,50.52,49.22,49.94,331759210.0,IBKR_TRADES,RTH,split_adjusted,traded_shares,2026-09-10T01:20:37.874819+00:00,24
2023-11-21,QQQ,389.01,389.23,386.7,388.47,31502579.0,IBKR_TRADES,RTH,split_adjusted,traded_shares,2026-09-10T01:20:37.874819+00:00,24
2023-11-21,SMH,163.69,163.98,161.7,162.47,7334647.0,IBKR_TRADES,RTH,split_adjusted,traded_shares,2026-09-10T01:20:37.874819+00:00,24
2023-11-22,AAPL,191.49,192.93,190.82,191.31,28997260.0,IBKR_TRADES,RTH,split_adjusted,traded_shares,2026-09-10T01:20:37.874819+00:00,24
2023-11-22,AMD,119.9,124.77,119.9,122.51,47357120.0,IBKR_TRADES,RTH,split_adjusted,traded_shares,2026-09-10T01:20:37.874819+00:00,24
2023-11-22,NVDA,49.85,50.34,47.69,48.72,649880200.0,IBKR_TRADES,RTH,split_adjusted,traded_shares,2026-09-10T01:20:37.874819+00:00,24
2023-11-22,QQQ,390.57,393.07,389.04,390.06,33200360.0,IBKR_TRADES,RTH,split_adjusted,traded_shares,2026-09-10T01:20:37.874819+00:00,24
2023-11-22,SMH,163.26,164.93,161.33,162.12,7163940.0,IBKR_TRADES,RTH,split_adjusted,traded_shares,2026-09-10T01:20:37.874819+00:00,24
2023-11-24,AAPL,190.87,190.9,189.25,189.97,16869554.0,IBKR_TRADES,RTH,split_adjusted,traded_shares,2026-09-10T01:20:37.874819+00:00,24
2023-11-24,AMD,122.03,123.25,121.54,122.31,15477336.0,IBKR_TRADES,RTH,split_adjusted,traded_shares,2026-09-10T01:20:37.874819+00:00,24
2023-11-24,NVDA,48.49,48.92,47.74,47.78,205265990.0,IBKR_TRADES,RTH,split_adjusted,traded_shares,2026-09-10T01:20:37.874819+00:00,24
2023-11-24,QQQ,389.64,390.25,388.5,389.51,11081470.0,IBKR_TRADES,RTH,split_adjusted,traded_shares,2026-09-10T01:20:37.874819+00:00,24
2023-11-24,SMH,162.24,162.45,161.34,161.76,2296006.0,IBKR_TRADES,RTH,split_adjusted,traded_shares,2026-09-10T01:20:37.874819+00:00,24
2023-11-27,AAPL,189.91,190.67,188.9,189.79,24406092.0,IBKR_TRADES,RTH,split_adjusted,traded_shares,2026-09-10T01:20:37.874819+00:00,24
2023-11-27,AMD,122.07,123.89,121.77,122.65,27102814.0,IBKR_TRADES,RTH,split_adjusted,traded_shares,2026-09-10T01:20:37.874819+00:00,24
2023-11-27,NVDA,47.79,48.53,47.65,48.24,279780480.0,IBKR_TRADES,RTH,split_adjusted,traded_shares,2026-09-10T01:20:37.874819+00:00,24
2023-11-27,QQQ,389.0,391.15,388.28,389.17,26928374.0,IBKR_TRADES,RTH,split_adjusted,traded_shares,2026-09-10T01:20:37.874819+00:00,24
2023-11-27,SMH,161.22,162.89,160.73,161.66,4020126.0,IBKR_TRADES,RTH,split_adjusted,traded_shares,2026-09-10T01:20:37.874819+00:00,24
2023-11-28,AAPL,189.78,191.08,189.4,190.4,25974829.0,IBKR_TRADES,RTH,split_adjusted,traded_shares,2026-09-10T01:20:37.874819+00:00,24
2023-11-28,AMD,122.05,122.54,120.79,122.01,25932780.0,IBKR_TRADES,RTH,split_adjusted,traded_shares,2026-09-10T01:20:37.874819+00:00,24
2023-11-28,NVDA,48.24,48.32,47.48,47.82,288202160.0,IBKR_TRADES,RTH,split_adjusted,traded_shares,2026-09-10T01:20:37.874819+00:00,24
2023-11-28,QQQ,388.4,390.78,388.05,390.19,24787164.0,IBKR_TRADES,RTH,split_adjusted,traded_shares,2026-09-10T01:20:37.874819+00:00,24
2023-11-28,SMH,160.86,161.5,159.62,160.73,4877420.0,IBKR_TRADES,RTH,split_adjusted,traded_shares,2026-09-10T01:20:37.874819+00:00,24
2023-11-29,AAPL,190.91,192.09,188.97,189.37,26023528.0,IBKR_TRADES,RTH,split_adjusted,traded_shares,2026-09-10T01:20:37.874819+00:00,24
2023-11-29,AMD,123.98,125.73,123.48,123.85,29115822.0,IBKR_TRADES,RTH,split_adjusted,traded_shares,2026-09-10T01:20:37.874819+00:00,24
2023-11-29,NVDA,48.38,48.76,47.86,48.14,241832830.00000003,IBKR_TRADES,RTH,split_adjusted,traded_shares,2026-09-10T01:20:37.874819+00:00,24
2023-11-29,QQQ,392.69,394.14,389.46,389.81,27051046.0,IBKR_TRADES,RTH,split_adjusted,traded_shares,2026-09-10T01:20:37.874819+00:00,24
2023-11-29,SMH,162.8,164.33,162.0,162.21,6213308.0,IBKR_TRADES,RTH,split_adjusted,traded_shares,2026-09-10T01:20:37.874819+00:00,24
2023-11-30,AAPL,189.84,190.32,188.19,189.95,26306438.0,IBKR_TRADES,RTH,split_adjusted,traded_shares,2026-09-10T01:20:37.874819+00:00,24
2023-11-30,AMD,123.61,124.05,119.65,121.16,31767982.000000004,IBKR_TRADES,RTH,split_adjusted,traded_shares,2026-09-10T01:20:37.874819+00:00,24
2023-11-30,NVDA,48.02,48.11,46.42,46.77,314201460.0,IBKR_TRADES,RTH,split_adjusted,traded_shares,2026-09-10T01:20:37.874819+00:00,24
2023-11-30,QQQ,390.1,390.55,385.82,388.83,32663052.0,IBKR_TRADES,RTH,split_adjusted,traded_shares,2026-09-10T01:20:37.874819+00:00,24
2023-11-30,SMH,162.84,162.84,159.25,160.48,7402514.0,IBKR_TRADES,RTH,split_adjusted,traded_shares,2026-09-10T01:20:37.874819+00:00,24
2023-12-01,AAPL,190.33,191.56,189.23,191.24,28330314.0,IBKR_TRADES,RTH,split_adjusted,traded_shares,2026-09-10T01:20:37.874819+00:00,24
2023-12-01,AMD,119.88,121.41,118.64,121.39,29065138.0,IBKR_TRADES,RTH,split_adjusted,traded_shares,2026-09-10T01:20:37.874819+00:00,24
2023-12-01,NVDA,46.52,47.2,46.19,46.77,253548240.0,IBKR_TRADES,RTH,split_adjusted,traded_shares,2026-09-10T01:20:37.874819+00:00,24
2023-12-01,QQQ,387.71,390.54,386.07,389.94,31195207.000000004,IBKR_TRADES,RTH,split_adjusted,traded_shares,2026-09-10T01:20:37.874819+00:00,24
2023-12-01,SMH,160.0,161.72,158.86,161.13,4915053.0,IBKR_TRADES,RTH,split_adjusted,traded_shares,2026-09-10T01:20:37.874819+00:00,24
2023-12-04,AAPL,189.98,190.05,187.45,189.43,29219762.0,IBKR_TRADES,RTH,split_adjusted,traded_shares,2026-09-10T01:20:37.874819+00:00,24
2023-12-04,AMD,119.75,119.9,116.37,118.57,32696147.000000004,IBKR_TRADES,RTH,split_adjusted,traded_shares,2026-09-10T01:20:37.874819+00:00,24
2023-12-04,NVDA,46.07,46.08,45.01,45.51,307129790.0,IBKR_TRADES,RTH,split_adjusted,traded_shares,2026-09-10T01:20:37.874819+00:00,24
2023-12-04,QQQ,386.09,386.6,382.66,386.32,37490389.0,IBKR_TRADES,RTH,split_adjusted,traded_shares,2026-09-10T01:20:37.874819+00:00,24
2023-12-04,SMH,159.41,159.5,156.56,158.78,6856450.0,IBKR_TRADES,RTH,split_adjusted,traded_shares,2026-09-10T01:20:37.874819+00:00,24
2023-12-05,AAPL,190.21,194.4,190.18,193.42,46523695.0,IBKR_TRADES,RTH,split_adjusted,traded_shares,2026-09-10T01:20:37.874819+00:00,24
2023-12-05,AMD,117.43,118.49,116.45,118.38,32338023.000000004,IBKR_TRADES,RTH,split_adjusted,traded_shares,2026-09-10T01:20:37.874819+00:00,24
2023-12-05,NVDA,45.47,46.6,45.27,46.57,265807780.0,IBKR_TRADES,RTH,split_adjusted,traded_shares,2026-09-10T01:20:37.874819+00:00,24
2023-12-05,QQQ,384.38,388.5,384.21,387.29,30910595.0,IBKR_TRADES,RTH,split_adjusted,traded_shares,2026-09-10T01:20:37.874819+00:00,24
2023-12-05,SMH,157.52,158.95,157.06,158.78,3861360.9999999995,IBKR_TRADES,RTH,split_adjusted,traded_shares,2026-09-10T01:20:37.874819+00:00,24
2023-12-06,AAPL,194.45,194.76,192.11,192.32,26334940.0,IBKR_TRADES,RTH,split_adjusted,traded_shares,2026-09-10T01:20:37.874819+00:00,24
2023-12-06,AMD,120.57,122.84,116.38,116.82,50181968.0,IBKR_TRADES,RTH,split_adjusted,traded_shares,2026-09-10T01:20:37.874819+00:00,24
2023-12-06,NVDA,47.22,47.39,45.41,45.5,266183639.99999997,IBKR_TRADES,RTH,split_adjusted,traded_shares,2026-09-10T01:20:37.874819+00:00,24
2023-12-06,QQQ,390.27,390.37,384.7,385.05,29768593.0,IBKR_TRADES,RTH,split_adjusted,traded_shares,2026-09-10T01:20:37.874819+00:00,24
2023-12-06,SMH,160.67,160.97,157.29,157.5,5151244.0,IBKR_TRADES,RTH,split_adjusted,traded_shares,2026-09-10T01:20:37.874819+00:00,24
2023-12-07,AAPL,193.63,195.0,193.59,194.27,27981393.0,IBKR_TRADES,RTH,split_adjusted,traded_shares,2026-09-10T01:20:37.874819+00:00,24
2023-12-07,AMD,120.79,128.68,119.56,128.37,99745676.0,IBKR_TRADES,RTH,split_adjusted,traded_shares,2026-09-10T01:20:37.874819+00:00,24
2023-12-07,NVDA,45.7,46.63,45.6,46.6,225750120.0,IBKR_TRADES,RTH,split_adjusted,traded_shares,2026-09-10T01:20:37.874819+00:00,24
2023-12-07,QQQ,388.06,391.27,386.96,390.43,36009449.0,IBKR_TRADES,RTH,split_adjusted,traded_shares,2026-09-10T01:20:37.874819+00:00,24
2023-12-07,SMH,158.87,161.44,158.22,161.1,7414957.0,IBKR_TRADES,RTH,split_adjusted,traded_shares,2026-09-10T01:20:37.874819+00:00,24
2023-12-08,AAPL,194.08,195.99,193.67,195.71,32380166.0,IBKR_TRADES,RTH,split_adjusted,traded_shares,2026-09-10T01:20:37.874819+00:00,24
2023-12-08,AMD,129.49,131.0,126.89,128.92,74992203.0,IBKR_TRADES,RTH,split_adjusted,traded_shares,2026-09-10T01:20:37.874819+00:00,24
2023-12-08,NVDA,46.61,47.74,46.55,47.51,249989030.0,IBKR_TRADES,RTH,split_adjusted,traded_shares,2026-09-10T01:20:37.874819+00:00,24
2023-12-08,QQQ,388.67,392.62,388.48,392.17,33119041.0,IBKR_TRADES,RTH,split_adjusted,traded_shares,2026-09-10T01:20:37.874819+00:00,24
2023-12-08,SMH,160.84,162.94,160.66,162.48,4397113.0,IBKR_TRADES,RTH,split_adjusted,traded_shares,2026-09-10T01:20:37.874819+00:00,24
2023-12-11,AAPL,193.22,193.49,191.42,193.18,38429623.0,IBKR_TRADES,RTH,split_adjusted,traded_shares,2026-09-10T01:20:37.874819+00:00,24
2023-12-11,AMD,130.58,135.0,128.25,134.41,84428883.0,IBKR_TRADES,RTH,split_adjusted,traded_shares,2026-09-10T01:20:37.874819+00:00,24
2023-12-11,NVDA,47.53,47.53,45.83,46.63,350835650.0,IBKR_TRADES,RTH,split_adjusted,traded_shares,2026-09-10T01:20:37.874819+00:00,24
2023-12-11,QQQ,391.73,395.79,391.53,395.52,28599639.0,IBKR_TRADES,RTH,split_adjusted,traded_shares,2026-09-10T01:20:37.874819+00:00,24
2023-12-11,SMH,163.53,166.99,163.29,166.38,7556841.999999999,IBKR_TRADES,RTH,split_adjusted,traded_shares,2026-09-10T01:20:37.874819+00:00,24
2023-12-12,AAPL,192.92,194.72,191.72,194.71,30138188.0,IBKR_TRADES,RTH,split_adjusted,traded_shares,2026-09-10T01:20:37.874819+00:00,24
2023-12-12,AMD,132.25,139.89,131.9,137.61,95431491.0,IBKR_TRADES,RTH,split_adjusted,traded_shares,2026-09-10T01:20:37.874819+00:00,24
2023-12-12,NVDA,46.05,47.67,46.05,47.66,265050159.99999997,IBKR_TRADES,RTH,split_adjusted,traded_shares,2026-09-10T01:20:37.874819+00:00,24
2023-12-12,QQQ,395.56,398.79,394.41,398.67,24656449.0,IBKR_TRADES,RTH,split_adjusted,traded_shares,2026-09-10T01:20:37.874819+00:00,24
2023-12-12,SMH,165.58,168.19,165.33,168.14,5038066.0,IBKR_TRADES,RTH,split_adjusted,traded_shares,2026-09-10T01:20:37.874819+00:00,24
2023-12-13,AAPL,195.08,198.0,194.85,197.96,45361345.0,IBKR_TRADES,RTH,split_adjusted,traded_shares,2026-09-10T01:20:37.874819+00:00,24
2023-12-13,AMD,137.97,139.24,136.03,138.19,56792306.0,IBKR_TRADES,RTH,split_adjusted,traded_shares,2026-09-10T01:20:37.874819+00:00,24
2023-12-13,NVDA,47.63,48.59,47.61,48.09,315948980.0,IBKR_TRADES,RTH,split_adjusted,traded_shares,2026-09-10T01:20:37.874819+00:00,24
2023-12-13,QQQ,399.63,404.36,398.83,403.74,39515795.0,IBKR_TRADES,RTH,split_adjusted,traded_shares,2026-09-10T01:20:37.874819+00:00,24
2023-12-13,SMH,168.31,171.1,167.76,170.12,6386265.0,IBKR_TRADES,RTH,split_adjusted,traded_shares,2026-09-10T01:20:37.874819+00:00,24
2023-12-14,AAPL,198.01,199.62,196.16,198.11,45256860.0,IBKR_TRADES,RTH,split_adjusted,traded_shares,2026-09-10T01:20:37.874819+00:00,24
2023-12-14,AMD,138.84,141.82,135.72,138.0,61619961.0,IBKR_TRADES,RTH,split_adjusted,traded_shares,2026-09-10T01:20:37.874819+00:00,24
2023-12-14,NVDA,48.39,48.67,47.42,48.35,264878360.00000003,IBKR_TRADES,RTH,split_adjusted,traded_shares,2026-09-10T01:20:37.874819+00:00,24
2023-12-14,QQQ,404.98,406.3,400.34,403.39,39524965.0,IBKR_TRADES,RTH,split_adjusted,traded_shares,2026-09-10T01:20:37.874819+00:00,24
2023-12-14,SMH,171.62,173.86,171.42,173.26,7546058.0,IBKR_TRADES,RTH,split_adjusted,traded_shares,2026-09-10T01:20:37.874819+00:00,24
2023-12-15,AAPL,197.53,198.4,197.0,197.57,49384170.0,IBKR_TRADES,RTH,split_adjusted,traded_shares,2026-09-10T01:20:37.874819+00:00,24
2023-12-15,AMD,139.5,140.89,137.25,139.15,52704917.0,IBKR_TRADES,RTH,split_adjusted,traded_shares,2026-09-10T01:20:37.874819+00:00,24
2023-12-15,NVDA,48.19,49.4,48.12,48.89,308974370.0,IBKR_TRADES,RTH,split_adjusted,traded_shares,2026-09-10T01:20:37.874819+00:00,24
2023-12-15,QQQ,404.19,406.54,403.57,405.34,34069727.0,IBKR_TRADES,RTH,split_adjusted,traded_shares,2026-09-10T01:20:37.874819+00:00,24
2023-12-15,SMH,173.89,175.86,173.7,174.08,5263299.0,IBKR_TRADES,RTH,split_adjusted,traded_shares,2026-09-10T01:20:37.874819+00:00,24
2023-12-18,AAPL,196.11,196.63,194.39,195.89,34182739.0,IBKR_TRADES,RTH,split_adjusted,traded_shares,2026-09-10T01:20:37.874819+00:00,24
2023-12-18,AMD,139.17,139.79,137.65,138.9,35944032.0,IBKR_TRADES,RTH,split_adjusted,traded_shares,2026-09-10T01:20:37.874819+00:00,24
2023-12-18,NVDA,49.39,50.43,49.15,50.08,293543130.0,IBKR_TRADES,RTH,split_adjusted,traded_shares,2026-09-10T01:20:37.874819+00:00,24
2023-12-18,QQQ,404.93,407.99,404.6,407.08,25127890.0,IBKR_TRADES,RTH,split_adjusted,traded_shares,2026-09-10T01:20:37.874819+00:00,24
2023-12-18,SMH,173.56,173.87,171.97,173.34,3933343.0,IBKR_TRADES,RTH,split_adjusted,traded_shares,2026-09-10T01:20:37.874819+00:00,24
2023-12-19,AAPL,196.15,196.95,195.89,196.94,23052074.0,IBKR_TRADES,RTH,split_adjusted,traded_shares,2026-09-10T01:20:37.874819+00:00,24
2023-12-19,AMD,138.58,143.47,138.55,140.15,53365999.0,IBKR_TRADES,RTH,split_adjusted,traded_shares,2026-09-10T01:20:37.874819+00:00,24
2023-12-19,NVDA,49.42,49.7,48.9,49.6,318290230.0,IBKR_TRADES,RTH,split_adjusted,traded_shares,2026-09-10T01:20:37.874819+00:00,24
2023-12-19,QQQ,407.54,409.28,407.34,409.16,23475113.0,IBKR_TRADES,RTH,split_adjusted,traded_shares,2026-09-10T01:20:37.874819+00:00,24
2023-12-19,SMH,173.2,174.05,172.91,173.92,3675051.0,IBKR_TRADES,RTH,split_adjusted,traded_shares,2026-09-10T01:20:37.874819+00:00,24
2023-12-20,AAPL,196.86,197.68,194.83,194.83,31457688.0,IBKR_TRADES,RTH,split_adjusted,traded_shares,2026-09-10T01:20:37.874819+00:00,24
2023-12-20,AMD,139.09,139.58,135.37,135.47,43965634.0,IBKR_TRADES,RTH,split_adjusted,traded_shares,2026-09-10T01:20:37.874819+00:00,24
2023-12-20,NVDA,49.65,50.0,48.1,48.11,285186520.0,IBKR_TRADES,RTH,split_adjusted,traded_shares,2026-09-10T01:20:37.874819+00:00,24
2023-12-20,QQQ,408.35,410.47,402.9,403.08,40618960.0,IBKR_TRADES,RTH,split_adjusted,traded_shares,2026-09-10T01:20:37.874819+00:00,24
2023-12-20,SMH,172.86,173.69,169.01,169.08,6867644.0,IBKR_TRADES,RTH,split_adjusted,traded_shares,2026-09-10T01:20:37.874819+00:00,24
2023-12-21,AAPL,196.13,197.08,193.5,194.68,30799952.0,IBKR_TRADES,RTH,split_adjusted,traded_shares,2026-09-10T01:20:37.874819+00:00,24
2023-12-21,AMD,138.09,139.98,137.38,139.91,38601225.0,IBKR_TRADES,RTH,split_adjusted,traded_shares,2026-09-10T01:20:37.874819+00:00,24
2023-12-21,NVDA,48.8,49.1,48.42,48.99,219132230.0,IBKR_TRADES,RTH,split_adjusted,traded_shares,2026-09-10T01:20:37.874819+00:00,24
2023-12-21,QQQ,407.06,408.14,404.47,407.77,33331355.999999996,IBKR_TRADES,RTH,split_adjusted,traded_shares,2026-09-10T01:20:37.874819+00:00,24
2023-12-21,SMH,172.35,173.55,171.52,173.26,6543152.0,IBKR_TRADES,RTH,split_adjusted,traded_shares,2026-09-10T01:20:37.874819+00:00,24
2023-12-22,AAPL,195.17,195.41,192.97,193.6,25585126.0,IBKR_TRADES,RTH,split_adjusted,traded_shares,2026-09-10T01:20:37.874819+00:00,24
2023-12-22,AMD,140.48,140.7,138.31,139.6,29078028.0,IBKR_TRADES,RTH,split_adjusted,traded_shares,2026-09-10T01:20:37.874819+00:00,24
2023-12-22,NVDA,49.2,49.38,48.47,48.83,185940410.0,IBKR_TRADES,RTH,split_adjusted,traded_shares,2026-09-10T01:20:37.874819+00:00,24
2023-12-22,QQQ,409.0,409.97,406.47,408.38,23440202.0,IBKR_TRADES,RTH,split_adjusted,traded_shares,2026-09-10T01:20:37.874819+00:00,24
2023-12-22,SMH,174.1,174.41,172.41,173.28,3289355.0,IBKR_TRADES,RTH,split_adjusted,traded_shares,2026-09-10T01:20:37.874819+00:00,24
2023-12-26,AAPL,193.61,193.89,192.83,193.05,19653316.0,IBKR_TRADES,RTH,split_adjusted,traded_shares,2026-09-10T01:20:37.874819+00:00,24
2023-12-26,AMD,140.0,143.85,139.92,143.41,39986076.0,IBKR_TRADES,RTH,split_adjusted,traded_shares,2026-09-10T01:20:37.874819+00:00,24
2023-12-26,NVDA,48.97,49.6,48.96,49.28,168794220.0,IBKR_TRADES,RTH,split_adjusted,traded_shares,2026-09-10T01:20:37.874819+00:00,24
2023-12-26,QQQ,409.25,411.56,409.15,410.88,14960413.0,IBKR_TRADES,RTH,split_adjusted,traded_shares,2026-09-10T01:20:37.874819+00:00,24
2023-12-26,SMH,173.78,176.31,173.78,175.67,3479853.0,IBKR_TRADES,RTH,split_adjusted,traded_shares,2026-09-10T01:20:37.874819+00:00,24
2023-12-27,AAPL,192.49,193.5,191.09,193.15,30849812.000000004,IBKR_TRADES,RTH,split_adjusted,traded_shares,2026-09-10T01:20:37.874819+00:00,24
2023-12-27,AMD,144.75,146.25,143.18,146.07,41326205.0,IBKR_TRADES,RTH,split_adjusted,traded_shares,2026-09-10T01:20:37.874819+00:00,24
2023-12-27,NVDA,49.51,49.68,49.09,49.42,167966260.0,IBKR_TRADES,RTH,split_adjusted,traded_shares,2026-09-10T01:20:37.874819+00:00,24
2023-12-27,QQQ,410.95,411.79,410.08,411.5,22745105.0,IBKR_TRADES,RTH,split_adjusted,traded_shares,2026-09-10T01:20:37.874819+00:00,24
2023-12-27,SMH,176.35,176.75,175.19,175.86,4130837.0000000005,IBKR_TRADES,RTH,split_adjusted,traded_shares,2026-09-10T01:20:37.874819+00:00,24
2023-12-28,AAPL,194.09,194.66,193.17,193.58,23169409.0,IBKR_TRADES,RTH,split_adjusted,traded_shares,2026-09-10T01:20:37.874819+00:00,24
2023-12-28,AMD,146.78,150.41,145.95,148.76,55213103.0,IBKR_TRADES,RTH,split_adjusted,traded_shares,2026-09-10T01:20:37.874819+00:00,24
2023-12-28,NVDA,49.65,49.88,49.41,49.52,177415860.0,IBKR_TRADES,RTH,split_adjusted,traded_shares,2026-09-10T01:20:37.874819+00:00,24
2023-12-28,QQQ,412.67,412.92,410.94,411.3,17897823.0,IBKR_TRADES,RTH,split_adjusted,traded_shares,2026-09-10T01:20:37.874819+00:00,24
2023-12-28,SMH,176.62,176.73,175.71,175.82,3196730.0,IBKR_TRADES,RTH,split_adjusted,traded_shares,2026-09-10T01:20:37.874819+00:00,24
2023-12-29,AAPL,193.88,194.4,191.72,192.53,25228963.0,IBKR_TRADES,RTH,split_adjusted,traded_shares,2026-09-10T01:20:37.874819+00:00,24
2023-12-29,AMD,149.51,151.05,147.2,147.41,53176975.0,IBKR_TRADES,RTH,split_adjusted,traded_shares,2026-09-10T01:20:37.874819+00:00,24
2023-12-29,NVDA,49.81,50.0,48.75,49.52,286693580.0,IBKR_TRADES,RTH,split_adjusted,traded_shares,2026-09-10T01:20:37.874819+00:00,24
2023-12-29,QQQ,411.29,411.64,407.58,409.52,27456462.0,IBKR_TRADES,RTH,split_adjusted,traded_shares,2026-09-10T01:20:37.874819+00:00,24
2023-12-29,SMH,176.02,176.38,173.67,174.87,4342233.0,IBKR_TRADES,RTH,split_adjusted,traded_shares,2026-09-10T01:20:37.874819+00:00,24
2024-01-02,AAPL,187.17,188.44,183.88,185.64,53279235.0,IBKR_TRADES,RTH,split_adjusted,traded_shares,2026-09-10T01:20:37.874819+00:00,24
2024-01-02,AMD,144.25,144.4,137.43,138.58,52045248.0,IBKR_TRADES,RTH,split_adjusted,traded_shares,2026-09-10T01:20:37.874819+00:00,24
2024-01-02,NVDA,49.27,49.3,47.6,48.17,285913950.0,IBKR_TRADES,RTH,split_adjusted,traded_shares,2026-09-10T01:20:37.874819+00:00,24
2024-01-02,QQQ,405.84,406.09,400.24,402.59,40523131.0,IBKR_TRADES,RTH,split_adjusted,traded_shares,2026-09-10T01:20:37.874819+00:00,24
2024-01-02,SMH,172.35,172.35,167.61,168.97,7118410.0,IBKR_TRADES,RTH,split_adjusted,traded_shares,2026-09-10T01:20:37.874819+00:00,24
2024-01-03,AAPL,184.29,185.88,183.43,184.25,37312996.0,IBKR_TRADES,RTH,split_adjusted,traded_shares,2026-09-10T01:20:37.874819+00:00,24
2024-01-03,AMD,135.83,137.43,133.74,135.32,50263410.0,IBKR_TRADES,RTH,split_adjusted,traded_shares,2026-09-10T01:20:37.874819+00:00,24
2024-01-03,NVDA,47.47,48.19,47.32,47.57,219776320.0,IBKR_TRADES,RTH,split_adjusted,traded_shares,2026-09-10T01:20:37.874819+00:00,24
2024-01-03,QQQ,399.93,401.0,397.89,398.33,35947471.0,IBKR_TRADES,RTH,split_adjusted,traded_shares,2026-09-10T01:20:37.874819+00:00,24
2024-01-03,SMH,166.35,167.48,165.37,165.97,7554735.0,IBKR_TRADES,RTH,split_adjusted,traded_shares,2026-09-10T01:20:37.874819+00:00,24
2024-01-04,AAPL,182.17,183.09,180.88,181.91,45414756.0,IBKR_TRADES,RTH,split_adjusted,traded_shares,2026-09-10T01:20:37.874819+00:00,24
2024-01-04,AMD,134.3,137.7,134.0,136.01,47704481.0,IBKR_TRADES,RTH,split_adjusted,traded_shares,2026-09-10T01:20:37.874819+00:00,24
2024-01-04,NVDA,47.77,48.5,47.51,48.0,215133920.0,IBKR_TRADES,RTH,split_adjusted,traded_shares,2026-09-10T01:20:37.874819+00:00,24
2024-01-04,QQQ,396.45,399.59,396.06,396.28,28509012.0,IBKR_TRADES,RTH,split_adjusted,traded_shares,2026-09-10T01:20:37.874819+00:00,24
2024-01-04,SMH,164.28,166.65,163.97,164.99,5566953.0,IBKR_TRADES,RTH,split_adjusted,traded_shares,2026-09-10T01:20:37.874819+00:00,24
2024-01-05,AAPL,181.94,182.76,180.17,181.18,42239191.0,IBKR_TRADES,RTH,split_adjusted,traded_shares,2026-09-10T01:20:37.874819+00:00,24
2024-01-05,AMD,136.78,141.01,136.43,138.58,59429629.0,IBKR_TRADES,RTH,split_adjusted,traded_shares,2026-09-10T01:20:37.874819+00:00,24
2024-01-05,NVDA,48.46,49.55,48.31,49.1,297139970.0,IBKR_TRADES,RTH,split_adjusted,traded_shares,2026-09-10T01:20:37.874819+00:00,24
2024-01-05,QQQ,396.44,399.56,395.34,396.75,33786422.0,IBKR_TRADES,RTH,split_adjusted,traded_shares,2026-09-10T01:20:37.874819+00:00,24
2024-01-05,SMH,165.48,167.57,165.1,166.08,5503188.0,IBKR_TRADES,RTH,split_adjusted,traded_shares,2026-09-10T01:20:37.874819+00:00,24
2024-01-08,AAPL,182.14,185.6,181.5,185.56,35168928.0,IBKR_TRADES,RTH,split_adjusted,traded_shares,2026-09-10T01:20:37.874819+00:00,24
2024-01-08,AMD,140.39,147.15,140.15,146.18,59343857.0,IBKR_TRADES,RTH,split_adjusted,traded_shares,2026-09-10T01:20:37.874819+00:00,24
2024-01-08,NVDA,49.51,52.27,49.48,52.25,455092990.0,IBKR_TRADES,RTH,split_adjusted,traded_shares,2026-09-10T01:20:37.874819+00:00,24
2024-01-08,QQQ,397.99,405.24,397.83,404.95,30220990.0,IBKR_TRADES,RTH,split_adjusted,traded_shares,2026-09-10T01:20:37.874819+00:00,24
2024-01-08,SMH,167.4,172.08,167.28,171.96,8644082.0,IBKR_TRADES,RTH,split_adjusted,traded_shares,2026-09-10T01:20:37.874819+00:00,24
2024-01-09,AAPL,183.92,185.15,182.73,185.14,27547611.0,IBKR_TRADES,RTH,split_adjusted,traded_shares,2026-09-10T01:20:37.874819+00:00,24
2024-01-09,AMD,146.0,149.86,145.08,149.26,57675273.0,IBKR_TRADES,RTH,split_adjusted,traded_shares,2026-09-10T01:20:37.874819+00:00,24
2024-01-09,NVDA,52.42,54.33,51.69,53.14,573552360.0,IBKR_TRADES,RTH,split_adjusted,traded_shares,2026-09-10T01:20:37.874819+00:00,24
2024-01-09,QQQ,401.91,406.69,401.71,405.75,29222741.0,IBKR_TRADES,RTH,split_adjusted,traded_shares,2026-09-10T01:20:37.874819+00:00,24
2024-01-09,SMH,170.53,173.73,169.93,172.42,5589311.0,IBKR_TRADES,RTH,split_adjusted,traded_shares,2026-09-10T01:20:37.874819+00:00,24
2024-01-10,AAPL,184.31,186.4,183.92,186.19,29786955.0,IBKR_TRADES,RTH,split_adjusted,traded_shares,2026-09-10T01:20:37.874819+00:00,24
2024-01-10,AMD,150.05,150.88,146.65,148.54,46612027.0,IBKR_TRADES,RTH,split_adjusted,traded_shares,2026-09-10T01:20:37.874819+00:00,24
2024-01-10,NVDA,53.63,54.6,53.49,54.35,391910060.0,IBKR_TRADES,RTH,split_adjusted,traded_shares,2026-09-10T01:20:37.874819+00:00,24
2024-01-10,QQQ,406.07,409.52,405.17,408.5,23783218.0,IBKR_TRADES,RTH,split_adjusted,traded_shares,2026-09-10T01:20:37.874819+00:00,24
2024-01-10,SMH,173.05,173.1,170.63,172.58,5059900.0,IBKR_TRADES,RTH,split_adjusted,traded_shares,2026-09-10T01:20:37.874819+00:00,24
2024-01-11,AAPL,186.54,187.05,183.62,185.59,31492171.999999996,IBKR_TRADES,RTH,split_adjusted,traded_shares,2026-09-10T01:20:37.874819+00:00,24
2024-01-11,AMD,148.47,150.38,143.69,148.02,51881578.0,IBKR_TRADES,RTH,split_adjusted,traded_shares,2026-09-10T01:20:37.874819+00:00,24
2024-01-11,NVDA,54.98,55.35,53.56,54.82,445141330.0,IBKR_TRADES,RTH,split_adjusted,traded_shares,2026-09-10T01:20:37.874819+00:00,24
2024-01-11,QQQ,409.78,411.21,404.24,409.35,37058843.0,IBKR_TRADES,RTH,split_adjusted,traded_shares,2026-09-10T01:20:37.874819+00:00,24
2024-01-11,SMH,173.27,174.53,170.19,173.56,6544574.0,IBKR_TRADES,RTH,split_adjusted,traded_shares,2026-09-10T01:20:37.874819+00:00,24
2024-01-12,AAPL,186.05,186.74,185.19,185.92,25045890.0,IBKR_TRADES,RTH,split_adjusted,traded_shares,2026-09-10T01:20:37.874819+00:00,24
2024-01-12,AMD,148.04,148.75,145.0,146.56,40734873.0,IBKR_TRADES,RTH,split_adjusted,traded_shares,2026-09-10T01:20:37.874819+00:00,24
2024-01-12,NVDA,54.62,54.97,54.33,54.71,258460669.99999997,IBKR_TRADES,RTH,split_adjusted,traded_shares,2026-09-10T01:20:37.874819+00:00,24
2024-01-12,QQQ,410.41,411.25,408.15,409.56,26401932.0,IBKR_TRADES,RTH,split_adjusted,traded_shares,2026-09-10T01:20:37.874819+00:00,24
2024-01-12,SMH,173.75,174.17,172.06,172.95,3610775.0,IBKR_TRADES,RTH,split_adjusted,traded_shares,2026-09-10T01:20:37.874819+00:00,24
2024-01-16,AAPL,182.25,184.26,180.93,183.63,39911564.0,IBKR_TRADES,RTH,split_adjusted,traded_shares,2026-09-10T01:20:37.874819+00:00,24
2024-01-16,AMD,150.36,159.72,149.98,158.74,92621482.0,IBKR_TRADES,RTH,split_adjusted,traded_shares,2026-09-10T01:20:37.874819+00:00,24
2024-01-16,NVDA,55.02,56.84,54.9,56.38,313344110.0,IBKR_TRADES,RTH,split_adjusted,traded_shares,2026-09-10T01:20:37.874819+00:00,24
2024-01-16,QQQ,408.31,411.12,406.83,409.52,32935643.0,IBKR_TRADES,RTH,split_adjusted,traded_shares,2026-09-10T01:20:37.874819+00:00,24
2024-01-16,SMH,173.29,176.86,172.74,175.7,6115281.0,IBKR_TRADES,RTH,split_adjusted,traded_shares,2026-09-10T01:20:37.874819+00:00,24
2024-01-17,AAPL,181.33,182.93,180.3,182.68,32890633.0,IBKR_TRADES,RTH,split_adjusted,traded_shares,2026-09-10T01:20:37.874819+00:00,24
2024-01-17,AMD,158.45,160.64,154.4,160.17,88003591.0,IBKR_TRADES,RTH,split_adjusted,traded_shares,2026-09-10T01:20:37.874819+00:00,24
2024-01-17,NVDA,56.35,56.47,54.74,56.05,346289760.0,IBKR_TRADES,RTH,split_adjusted,traded_shares,2026-09-10T01:20:37.874819+00:00,24
2024-01-17,QQQ,406.17,407.59,402.92,407.21,37982532.0,IBKR_TRADES,RTH,split_adjusted,traded_shares,2026-09-10T01:20:37.874819+00:00,24
2024-01-17,SMH,174.48,174.93,171.49,174.64,5468706.0,IBKR_TRADES,RTH,split_adjusted,traded_shares,2026-09-10T01:20:37.874819+00:00,24
2024-01-18,AAPL,186.19,189.14,185.83,188.63,53267878.0,IBKR_TRADES,RTH,split_adjusted,traded_shares,2026-09-10T01:20:37.874819+00:00,24
2024-01-18,AMD,166.2,168.6,158.22,162.67,110307203.0,IBKR_TRADES,RTH,split_adjusted,traded_shares,2026-09-10T01:20:37.874819+00:00,24
2024-01-18,NVDA,57.27,57.6,56.11,57.11,345285900.0,IBKR_TRADES,RTH,split_adjusted,traded_shares,2026-09-10T01:20:37.874819+00:00,24
2024-01-18,QQQ,410.52,413.58,409.16,412.99,41734034.0,IBKR_TRADES,RTH,split_adjusted,traded_shares,2026-09-10T01:20:37.874819+00:00,24
2024-01-18,SMH,179.67,180.55,177.4,180.31,9373485.0,IBKR_TRADES,RTH,split_adjusted,traded_shares,2026-09-10T01:20:37.874819+00:00,24
2024-01-19,AAPL,189.4,191.95,188.82,191.56,43745144.0,IBKR_TRADES,RTH,split_adjusted,traded_shares,2026-09-10T01:20:37.874819+00:00,24
2024-01-19,AMD,165.8,174.25,162.2,174.23,116048327.0,IBKR_TRADES,RTH,split_adjusted,traded_shares,2026-09-10T01:20:37.874819+00:00,24
2024-01-19,NVDA,57.97,59.5,57.23,59.49,378733580.0,IBKR_TRADES,RTH,split_adjusted,traded_shares,2026-09-10T01:20:37.874819+00:00,24
2024-01-19,QQQ,415.22,421.34,414.62,421.18,42541382.0,IBKR_TRADES,RTH,split_adjusted,traded_shares,2026-09-10T01:20:37.874819+00:00,24
2024-01-19,SMH,182.4,187.31,181.42,187.18,9699494.0,IBKR_TRADES,RTH,split_adjusted,traded_shares,2026-09-10T01:20:37.874819+00:00,24
2024-01-22,AAPL,192.29,195.33,192.27,193.89,39435081.0,IBKR_TRADES,RTH,split_adjusted,traded_shares,2026-09-10T01:20:37.874819+00:00,24
2024-01-22,AMD,174.39,174.72,164.15,168.18,100650560.0,IBKR_TRADES,RTH,split_adjusted,traded_shares,2026-09-10T01:20:37.874819+00:00,24
2024-01-22,NVDA,60.05,60.33,59.07,59.65,298402060.0,IBKR_TRADES,RTH,split_adjusted,traded_shares,2026-09-10T01:20:37.874819+00:00,24
2024-01-22,QQQ,423.41,424.73,421.12,421.73,29680744.0,IBKR_TRADES,RTH,split_adjusted,traded_shares,2026-09-10T01:20:37.874819+00:00,24
2024-01-22,SMH,188.7,189.98,186.47,188.05,6618850.0,IBKR_TRADES,RTH,split_adjusted,traded_shares,2026-09-10T01:20:37.874819+00:00,24
2024-01-23,AAPL,195.01,195.75,193.82,195.18,29546397.0,IBKR_TRADES,RTH,split_adjusted,traded_shares,2026-09-10T01:20:37.874819+00:00,24
2024-01-23,AMD,166.5,169.63,164.27,168.42,64089744.99999999,IBKR_TRADES,RTH,split_adjusted,traded_shares,2026-09-10T01:20:37.874819+00:00,24
2024-01-23,NVDA,59.57,59.91,58.59,59.87,206126440.0,IBKR_TRADES,RTH,split_adjusted,traded_shares,2026-09-10T01:20:37.874819+00:00,24
2024-01-23,QQQ,422.43,423.65,420.57,423.48,21985381.0,IBKR_TRADES,RTH,split_adjusted,traded_shares,2026-09-10T01:20:37.874819+00:00,24
2024-01-23,SMH,188.02,189.17,186.09,189.01,4842559.0,IBKR_TRADES,RTH,split_adjusted,traded_shares,2026-09-10T01:20:37.874819+00:00,24
2024-01-24,AAPL,195.41,196.38,194.34,194.5,34128125.0,IBKR_TRADES,RTH,split_adjusted,traded_shares,2026-09-10T01:20:37.874819+00:00,24
2024-01-24,AMD,172.55,180.58,170.56,178.29,106130282.0,IBKR_TRADES,RTH,split_adjusted,traded_shares,2026-09-10T01:20:37.874819+00:00,24
2024-01-24,NVDA,60.3,62.85,59.94,61.36,408614040.0,IBKR_TRADES,RTH,split_adjusted,traded_shares,2026-09-10T01:20:37.874819+00:00,24
2024-01-24,QQQ,427.44,429.85,425.33,425.83,34264997.0,IBKR_TRADES,RTH,split_adjusted,traded_shares,2026-09-10T01:20:37.874819+00:00,24
2024-01-24,SMH,191.21,195.3,190.02,192.37,11801598.0,IBKR_TRADES,RTH,split_adjusted,traded_shares,2026-09-10T01:20:37.874819+00:00,24
2024-01-25,AAPL,195.22,196.27,193.11,194.17,36888369.0,IBKR_TRADES,RTH,split_adjusted,traded_shares,2026-09-10T01:20:37.874819+00:00,24
2024-01-25,AMD,183.45,184.92,177.63,180.33,104140345.0,IBKR_TRADES,RTH,split_adjusted,traded_shares,2026-09-10T01:20:37.874819+00:00,24
2024-01-25,NVDA,62.34,62.72,60.85,61.62,340955590.0,IBKR_TRADES,RTH,split_adjusted,traded_shares,2026-09-10T01:20:37.874819+00:00,24
2024-01-25,QQQ,428.35,429.04,423.98,426.35,32818095.0,IBKR_TRADES,RTH,split_adjusted,traded_shares,2026-09-10T01:20:37.874819+00:00,24
2024-01-25,SMH,195.7,195.9,191.25,192.37,9009491.0,IBKR_TRADES,RTH,split_adjusted,traded_shares,2026-09-10T01:20:37.874819+00:00,24
2024-01-26,AAPL,194.26,194.76,191.94,192.42,28758985.0,IBKR_TRADES,RTH,split_adjusted,traded_shares,2026-09-10T01:20:37.874819+00:00,24
2024-01-26,AMD,175.17,181.23,174.15,177.25,90199998.0,IBKR_TRADES,RTH,split_adjusted,traded_shares,2026-09-10T01:20:37.874819+00:00,24
2024-01-26,NVDA,60.96,61.78,60.57,61.03,271991250.0,IBKR_TRADES,RTH,split_adjusted,traded_shares,2026-09-10T01:20:37.874819+00:00,24
2024-01-26,QQQ,424.42,426.21,423.15,423.81,27727995.0,IBKR_TRADES,RTH,split_adjusted,traded_shares,2026-09-10T01:20:37.874819+00:00,24
2024-01-26,SMH,189.25,190.47,187.7,188.27,7858551.999999999,IBKR_TRADES,RTH,split_adjusted,traded_shares,2026-09-10T01:20:37.874819+00:00,24
2024-01-29,AAPL,192.01,192.2,189.58,191.73,28291420.0,IBKR_TRADES,RTH,split_adjusted,traded_shares,2026-09-10T01:20:37.874819+00:00,24
2024-01-29,AMD,178.89,178.89,174.4,177.83,72798431.0,IBKR_TRADES,RTH,split_adjusted,traded_shares,2026-09-10T01:20:37.874819+00:00,24
2024-01-29,NVDA,61.25,62.49,60.91,62.46,230205750.0,IBKR_TRADES,RTH,split_adjusted,traded_shares,2026-09-10T01:20:37.874819+00:00,24
2024-01-29,QQQ,424.28,428.35,423.61,428.15,26848651.0,IBKR_TRADES,RTH,split_adjusted,traded_shares,2026-09-10T01:20:37.874819+00:00,24
2024-01-29,SMH,188.72,190.51,187.82,190.48,6250682.0,IBKR_TRADES,RTH,split_adjusted,traded_shares,2026-09-10T01:20:37.874819+00:00,24
2024-01-30,AAPL,190.95,191.8,187.47,188.04,38485121.0,IBKR_TRADES,RTH,split_adjusted,traded_shares,2026-09-10T01:20:37.874819+00:00,24
2024-01-30,AMD,176.1,178.48,169.52,172.06,90096755.0,IBKR_TRADES,RTH,split_adjusted,traded_shares,2026-09-10T01:20:37.874819+00:00,24
2024-01-30,NVDA,62.9,63.49,62.26,62.77,287145190.0,IBKR_TRADES,RTH,split_adjusted,traded_shares,2026-09-10T01:20:37.874819+00:00,24
2024-01-30,QQQ,427.1,427.68,424.38,425.3,23775665.0,IBKR_TRADES,RTH,split_adjusted,traded_shares,2026-09-10T01:20:37.874819+00:00,24
2024-01-30,SMH,190.11,190.9,187.68,188.59,5030084.0,IBKR_TRADES,RTH,split_adjusted,traded_shares,2026-09-10T01:20:37.874819+00:00,24
2024-01-31,AAPL,187.13,187.15,184.4,184.4,32401413.000000004,IBKR_TRADES,RTH,split_adjusted,traded_shares,2026-09-10T01:20:37.874819+00:00,24
2024-01-31,AMD,165.6,171.3,162.56,167.69,106620313.0,IBKR_TRADES,RTH,split_adjusted,traded_shares,2026-09-10T01:20:37.874819+00:00,24
2024-01-31,NVDA,61.44,62.27,60.7,61.53,314271380.0,IBKR_TRADES,RTH,split_adjusted,traded_shares,2026-09-10T01:20:37.874819+00:00,24
2024-01-31,QQQ,420.85,422.87,416.79,416.97,48411635.0,IBKR_TRADES,RTH,split_adjusted,traded_shares,2026-09-10T01:20:37.874819+00:00,24
2024-01-31,SMH,185.59,188.71,184.15,185.87,8408102.0,IBKR_TRADES,RTH,split_adjusted,traded_shares,2026-09-10T01:20:37.874819+00:00,24
2024-02-01,AAPL,184.01,186.95,183.81,186.86,34693782.0,IBKR_TRADES,RTH,split_adjusted,traded_shares,2026-09-10T01:20:37.874819+00:00,24
2024-02-01,AMD,169.2,171.14,165.86,170.48,76990202.0,IBKR_TRADES,RTH,split_adjusted,traded_shares,2026-09-10T01:20:37.874819+00:00,24
2024-02-01,NVDA,62.11,63.19,61.65,63.03,259525930.0,IBKR_TRADES,RTH,split_adjusted,traded_shares,2026-09-10T01:20:37.874819+00:00,24
2024-02-01,QQQ,418.79,422.38,417.81,421.88,31951974.0,IBKR_TRADES,RTH,split_adjusted,traded_shares,2026-09-10T01:20:37.874819+00:00,24
2024-02-01,SMH,186.73,188.1,185.05,187.57,4748365.0,IBKR_TRADES,RTH,split_adjusted,traded_shares,2026-09-10T01:20:37.874819+00:00,24
2024-02-02,AAPL,179.87,187.33,179.25,185.85,68467141.0,IBKR_TRADES,RTH,split_adjusted,traded_shares,2026-09-10T01:20:37.874819+00:00,24
2024-02-02,AMD,173.77,179.0,173.05,177.66,65642248.00000001,IBKR_TRADES,RTH,split_adjusted,traded_shares,2026-09-10T01:20:37.874819+00:00,24
2024-02-02,NVDA,63.97,66.6,63.69,66.16,328017380.0,IBKR_TRADES,RTH,split_adjusted,traded_shares,2026-09-10T01:20:37.874819+00:00,24
2024-02-02,QQQ,423.8,430.24,422.79,429.01,40752107.0,IBKR_TRADES,RTH,split_adjusted,traded_shares,2026-09-10T01:20:37.874819+00:00,24
2024-02-02,SMH,188.22,191.73,187.86,191.22,6052270.0,IBKR_TRADES,RTH,split_adjusted,traded_shares,2026-09-10T01:20:37.874819+00:00,24
2024-02-05,AAPL,188.13,189.25,185.84,187.68,45029472.0,IBKR_TRADES,RTH,split_adjusted,traded_shares,2026-09-10T01:20:37.874819+00:00,24
2024-02-05,AMD,179.07,180.01,171.11,174.23,61997704.0,IBKR_TRADES,RTH,split_adjusted,traded_shares,2026-09-10T01:20:37.874819+00:00,24
2024-02-05,NVDA,68.23,69.5,67.21,69.33,469736120.0,IBKR_TRADES,RTH,split_adjusted,traded_shares,2026-09-10T01:20:37.874819+00:00,24
2024-02-05,QQQ,429.07,429.61,425.0,428.45,29221238.0,IBKR_TRADES,RTH,split_adjusted,traded_shares,2026-09-10T01:20:37.874819+00:00,24
2024-02-05,SMH,193.54,195.72,191.44,194.95,6155062.0,IBKR_TRADES,RTH,split_adjusted,traded_shares,2026-09-10T01:20:37.874819+00:00,24
2024-02-06,AAPL,186.9,189.31,186.76,189.3,28955479.0,IBKR_TRADES,RTH,split_adjusted,traded_shares,2026-09-10T01:20:37.874819+00:00,24
2024-02-06,AMD,173.15,173.88,165.5,167.88,54502836.0,IBKR_TRADES,RTH,split_adjusted,traded_shares,2026-09-10T01:20:37.874819+00:00,24
2024-02-06,NVDA,69.63,69.75,66.3,68.22,475674640.0,IBKR_TRADES,RTH,split_adjusted,traded_shares,2026-09-10T01:20:37.874819+00:00,24
2024-02-06,QQQ,429.58,430.22,425.22,427.59,27356792.0,IBKR_TRADES,RTH,split_adjusted,traded_shares,2026-09-10T01:20:37.874819+00:00,24
2024-02-06,SMH,195.77,195.89,190.12,192.74,6286281.0,IBKR_TRADES,RTH,split_adjusted,traded_shares,2026-09-10T01:20:37.874819+00:00,24
2024-02-07,AAPL,190.61,191.05,188.61,189.41,34027742.0,IBKR_TRADES,RTH,split_adjusted,traded_shares,2026-09-10T01:20:37.874819+00:00,24
2024-02-07,AMD,169.45,172.47,168.2,170.94,40775333.0,IBKR_TRADES,RTH,split_adjusted,traded_shares,2026-09-10T01:20:37.874819+00:00,24
2024-02-07,NVDA,68.32,70.22,67.6,70.1,336665810.0,IBKR_TRADES,RTH,split_adjusted,traded_shares,2026-09-10T01:20:37.874819+00:00,24
2024-02-07,QQQ,430.41,432.83,429.09,431.99,27676620.0,IBKR_TRADES,RTH,split_adjusted,traded_shares,2026-09-10T01:20:37.874819+00:00,24
2024-02-07,SMH,193.61,196.79,192.4,196.63,5001191.0,IBKR_TRADES,RTH,split_adjusted,traded_shares,2026-09-10T01:20:37.874819+00:00,24
2024-02-08,AAPL,189.35,189.54,187.35,188.32,27107545.0,IBKR_TRADES,RTH,split_adjusted,traded_shares,2026-09-10T01:20:37.874819+00:00,24
2024-02-08,AMD,170.31,172.17,168.6,169.35,34816617.0,IBKR_TRADES,RTH,split_adjusted,traded_shares,2026-09-10T01:20:37.874819+00:00,24
2024-02-08,NVDA,70.07,70.79,69.46,69.64,275860980.0,IBKR_TRADES,RTH,split_adjusted,traded_shares,2026-09-10T01:20:37.874819+00:00,24
2024-02-08,QQQ,432.11,433.56,431.42,432.79,19975225.0,IBKR_TRADES,RTH,split_adjusted,traded_shares,2026-09-10T01:20:37.874819+00:00,24
2024-02-08,SMH,197.53,200.86,196.82,199.43,6307042.0,IBKR_TRADES,RTH,split_adjusted,traded_shares,2026-09-10T01:20:37.874819+00:00,24
2024-02-09,AAPL,188.64,189.99,188.0,188.85,30605293.0,IBKR_TRADES,RTH,split_adjusted,traded_shares,2026-09-10T01:20:37.874819+00:00,24
2024-02-09,AMD,171.0,175.1,168.66,172.48,47159974.0,IBKR_TRADES,RTH,split_adjusted,traded_shares,2026-09-10T01:20:37.874819+00:00,24
2024-02-09,NVDA,70.51,72.19,70.21,72.13,299080430.0,IBKR_TRADES,RTH,split_adjusted,traded_shares,2026-09-10T01:20:37.874819+00:00,24
2024-02-09,QQQ,433.94,437.85,433.14,437.05,23874874.0,IBKR_TRADES,RTH,split_adjusted,traded_shares,2026-09-10T01:20:37.874819+00:00,24
2024-02-09,SMH,201.04,204.2,199.77,203.85,5600832.0,IBKR_TRADES,RTH,split_adjusted,traded_shares,2026-09-10T01:20:37.874819+00:00,24
2024-02-12,AAPL,188.44,188.67,186.79,187.15,26279659.0,IBKR_TRADES,RTH,split_adjusted,traded_shares,2026-09-10T01:20:37.874819+00:00,24
2024-02-12,AMD,172.58,177.41,170.67,171.91,47747802.0,IBKR_TRADES,RTH,split_adjusted,traded_shares,2026-09-10T01:20:37.874819+00:00,24
2024-02-12,NVDA,72.59,74.61,71.25,72.25,425778030.0,IBKR_TRADES,RTH,split_adjusted,traded_shares,2026-09-10T01:20:37.874819+00:00,24
2024-02-12,QQQ,436.94,439.14,434.65,435.34,24581228.0,IBKR_TRADES,RTH,split_adjusted,traded_shares,2026-09-10T01:20:37.874819+00:00,24
2024-02-12,SMH,204.11,207.12,201.97,203.06,7224625.0,IBKR_TRADES,RTH,split_adjusted,traded_shares,2026-09-10T01:20:37.874819+00:00,24
2024-02-13,AAPL,185.8,186.21,183.51,185.04,33179215.000000004,IBKR_TRADES,RTH,split_adjusted,traded_shares,2026-09-10T01:20:37.874819+00:00,24
2024-02-13,AMD,167.87,173.17,164.37,171.54,49936836.0,IBKR_TRADES,RTH,split_adjusted,traded_shares,2026-09-10T01:20:37.874819+00:00,24
2024-02-13,NVDA,70.43,73.45,69.62,72.13,411475130.0,IBKR_TRADES,RTH,split_adjusted,traded_shares,2026-09-10T01:20:37.874819+00:00,24
2024-02-13,QQQ,427.28,431.27,425.33,428.55,44422397.0,IBKR_TRADES,RTH,split_adjusted,traded_shares,2026-09-10T01:20:37.874819+00:00,24
2024-02-13,SMH,197.2,201.56,196.29,199.3,8524015.0,IBKR_TRADES,RTH,split_adjusted,traded_shares,2026-09-10T01:20:37.874819+00:00,24
2024-02-14,AAPL,185.32,185.53,182.44,184.15,34581979.0,IBKR_TRADES,RTH,split_adjusted,traded_shares,2026-09-10T01:20:37.874819+00:00,24
2024-02-14,AMD,173.47,178.74,172.88,178.7,45385286.0,IBKR_TRADES,RTH,split_adjusted,traded_shares,2026-09-10T01:20:37.874819+00:00,24
2024-02-14,NVDA,73.2,74.24,71.94,73.9,349711810.0,IBKR_TRADES,RTH,split_adjusted,traded_shares,2026-09-10T01:20:37.874819+00:00,24
2024-02-14,QQQ,431.26,433.65,428.87,433.22,33654358.0,IBKR_TRADES,RTH,split_adjusted,traded_shares,2026-09-10T01:20:37.874819+00:00,24
2024-02-14,SMH,202.0,203.91,200.41,203.3,5993004.0,IBKR_TRADES,RTH,split_adjusted,traded_shares,2026-09-10T01:20:37.874819+00:00,24
2024-02-15,AAPL,183.5,184.49,181.35,183.86,41726269.0,IBKR_TRADES,RTH,split_adjusted,traded_shares,2026-09-10T01:20:37.874819+00:00,24
2024-02-15,AMD,179.14,180.17,175.26,176.76,39744101.0,IBKR_TRADES,RTH,split_adjusted,traded_shares,2026-09-10T01:20:37.874819+00:00,24
2024-02-15,NVDA,73.85,73.98,72.4,72.66,283994590.0,IBKR_TRADES,RTH,split_adjusted,traded_shares,2026-09-10T01:20:37.874819+00:00,24
2024-02-15,QQQ,433.92,434.98,431.33,434.51,29559088.0,IBKR_TRADES,RTH,split_adjusted,traded_shares,2026-09-10T01:20:37.874819+00:00,24
2024-02-15,SMH,204.6,204.74,202.01,202.62,5210784.0,IBKR_TRADES,RTH,split_adjusted,traded_shares,2026-09-10T01:20:37.874819+00:00,24
2024-02-16,AAPL,183.42,184.85,181.66,182.31,31569856.0,IBKR_TRADES,RTH,split_adjusted,traded_shares,2026-09-10T01:20:37.874819+00:00,24
2024-02-16,AMD,177.45,180.34,173.25,173.87,40823833.0,IBKR_TRADES,RTH,split_adjusted,traded_shares,2026-09-10T01:20:37.874819+00:00,24
2024-02-16,NVDA,74.12,74.4,72.5,72.61,339032170.0,IBKR_TRADES,RTH,split_adjusted,traded_shares,2026-09-10T01:20:37.874819+00:00,24
2024-02-16,QQQ,434.9,434.99,429.85,430.57,33101997.999999996,IBKR_TRADES,RTH,split_adjusted,traded_shares,2026-09-10T01:20:37.874819+00:00,24
2024-02-16,SMH,204.65,206.08,201.21,201.75,4445972.0,IBKR_TRADES,RTH,split_adjusted,traded_shares,2026-09-10T01:20:37.874819+00:00,24
2024-02-20,AAPL,181.77,182.43,180.0,181.56,32238665.999999996,IBKR_TRADES,RTH,split_adjusted,traded_shares,2026-09-10T01:20:37.874819+00:00,24
2024-02-20,AMD,171.14,171.81,162.0,165.69,51440413.0,IBKR_TRADES,RTH,split_adjusted,traded_shares,2026-09-10T01:20:37.874819+00:00,24
2024-02-20,NVDA,71.95,71.96,67.73,69.45,458594700.0,IBKR_TRADES,RTH,split_adjusted,traded_shares,2026-09-10T01:20:37.874819+00:00,24
2024-02-20,QQQ,428.54,430.08,423.5,427.32,39016846.0,IBKR_TRADES,RTH,split_adjusted,traded_shares,2026-09-10T01:20:37.874819+00:00,24
2024-02-20,SMH,200.27,200.76,194.65,197.78,8242874.0,IBKR_TRADES,RTH,split_adjusted,traded_shares,2026-09-10T01:20:37.874819+00:00,24
2024-02-21,AAPL,181.94,182.89,180.66,182.32,26528379.0,IBKR_TRADES,RTH,split_adjusted,traded_shares,2026-09-10T01:20:37.874819+00:00,24
2024-02-21,AMD,162.73,164.9,161.81,164.29,35251697.0,IBKR_TRADES,RTH,split_adjusted,traded_shares,2026-09-10T01:20:37.874819+00:00,24
2024-02-21,NVDA,68.02,68.89,66.25,67.47,355792970.0,IBKR_TRADES,RTH,split_adjusted,traded_shares,2026-09-10T01:20:37.874819+00:00,24
2024-02-21,QQQ,424.55,425.7,421.63,425.61,28588797.0,IBKR_TRADES,RTH,split_adjusted,traded_shares,2026-09-10T01:20:37.874819+00:00,24
2024-02-21,SMH,195.64,196.54,193.72,196.51,5794995.0,IBKR_TRADES,RTH,split_adjusted,traded_shares,2026-09-10T01:20:37.874819+00:00,24
2024-02-22,AAPL,183.55,184.96,182.46,184.37,32661399.999999996,IBKR_TRADES,RTH,split_adjusted,traded_shares,2026-09-10T01:20:37.874819+00:00,24
2024-02-22,AMD,173.27,183.83,172.0,181.86,79629594.0,IBKR_TRADES,RTH,split_adjusted,traded_shares,2026-09-10T01:20:37.874819+00:00,24
2024-02-22,NVDA,75.03,78.58,74.22,78.54,516947260.00000006,IBKR_TRADES,RTH,split_adjusted,traded_shares,2026-09-10T01:20:37.874819+00:00,24
2024-02-22,QQQ,434.49,439.12,433.71,438.07,37770081.0,IBKR_TRADES,RTH,split_adjusted,traded_shares,2026-09-10T01:20:37.874819+00:00,24
2024-02-22,SMH,207.18,210.7,206.33,209.93,8889748.0,IBKR_TRADES,RTH,split_adjusted,traded_shares,2026-09-10T01:20:37.874819+00:00,24
2024-02-23,AAPL,185.01,185.05,182.23,182.52,27612204.0,IBKR_TRADES,RTH,split_adjusted,traded_shares,2026-09-10T01:20:37.874819+00:00,24
2024-02-23,AMD,181.86,183.8,174.55,176.52,56225074.0,IBKR_TRADES,RTH,split_adjusted,traded_shares,2026-09-10T01:20:37.874819+00:00,24
2024-02-23,NVDA,80.79,82.39,77.57,78.82,557437750.0,IBKR_TRADES,RTH,split_adjusted,traded_shares,2026-09-10T01:20:37.874819+00:00,24
2024-02-23,QQQ,439.65,440.59,435.79,436.78,27911697.0,IBKR_TRADES,RTH,split_adjusted,traded_shares,2026-09-10T01:20:37.874819+00:00,24
2024-02-23,SMH,212.03,213.36,206.97,208.62,6011417.0,IBKR_TRADES,RTH,split_adjusted,traded_shares,2026-09-10T01:20:37.874819+00:00,24
2024-02-26,AAPL,182.33,182.76,180.65,181.16,26907748.0,IBKR_TRADES,RTH,split_adjusted,traded_shares,2026-09-10T01:20:37.874819+00:00,24
2024-02-26,AMD,178.71,179.84,174.81,176.01,36537159.0,IBKR_TRADES,RTH,split_adjusted,traded_shares,2026-09-10T01:20:37.874819+00:00,24
2024-02-26,NVDA,79.7,80.65,78.51,79.09,337769310.0,IBKR_TRADES,RTH,split_adjusted,traded_shares,2026-09-10T01:20:37.874819+00:00,24
2024-02-26,QQQ,437.6,438.6,436.35,436.55,23381770.0,IBKR_TRADES,RTH,split_adjusted,traded_shares,2026-09-10T01:20:37.874819+00:00,24
2024-02-26,SMH,210.6,211.62,208.83,210.35,5461367.0,IBKR_TRADES,RTH,split_adjusted,traded_shares,2026-09-10T01:20:37.874819+00:00,24
2024-02-27,AAPL,181.09,183.93,179.56,182.63,39483990.0,IBKR_TRADES,RTH,split_adjusted,traded_shares,2026-09-10T01:20:37.874819+00:00,24
2024-02-27,AMD,175.92,178.46,172.49,178.0,35420666.0,IBKR_TRADES,RTH,split_adjusted,traded_shares,2026-09-10T01:20:37.874819+00:00,24
2024-02-27,NVDA,79.38,79.48,77.16,78.7,264414880.0,IBKR_TRADES,RTH,split_adjusted,traded_shares,2026-09-10T01:20:37.874819+00:00,24
2024-02-27,QQQ,437.67,437.99,435.02,437.6,24890093.0,IBKR_TRADES,RTH,split_adjusted,traded_shares,2026-09-10T01:20:37.874819+00:00,24
2024-02-27,SMH,211.2,211.76,208.84,209.74,3134561.0,IBKR_TRADES,RTH,split_adjusted,traded_shares,2026-09-10T01:20:37.874819+00:00,24
2024-02-28,AAPL,182.57,183.12,180.13,181.42,34926079.0,IBKR_TRADES,RTH,split_adjusted,traded_shares,2026-09-10T01:20:37.874819+00:00,24
2024-02-28,AMD,176.06,176.84,173.59,176.54,28601757.0,IBKR_TRADES,RTH,split_adjusted,traded_shares,2026-09-10T01:20:37.874819+00:00,24
2024-02-28,NVDA,77.62,78.93,77.13,77.66,246536460.00000003,IBKR_TRADES,RTH,split_adjusted,traded_shares,2026-09-10T01:20:37.874819+00:00,24
2024-02-28,QQQ,435.44,436.67,434.3,435.27,24007345.0,IBKR_TRADES,RTH,split_adjusted,traded_shares,2026-09-10T01:20:37.874819+00:00,24
2024-02-28,SMH,207.61,208.75,206.43,207.41,3165292.0,IBKR_TRADES,RTH,split_adjusted,traded_shares,2026-09-10T01:20:37.874819+00:00,24
2024-02-29,AAPL,181.26,182.57,179.53,180.75,49571475.0,IBKR_TRADES,RTH,split_adjusted,traded_shares,2026-09-10T01:20:37.874819+00:00,24
2024-02-29,AMD,179.78,193.0,179.78,192.53,83411076.0,IBKR_TRADES,RTH,split_adjusted,traded_shares,2026-09-10T01:20:37.874819+00:00,24
2024-02-29,NVDA,79.09,79.99,78.35,79.11,275401840.0,IBKR_TRADES,RTH,split_adjusted,traded_shares,2026-09-10T01:20:37.874819+00:00,24
2024-02-29,QQQ,438.23,440.09,435.02,439.0,29586431.0,IBKR_TRADES,RTH,split_adjusted,traded_shares,2026-09-10T01:20:37.874819+00:00,24
2024-02-29,SMH,209.8,212.56,208.79,211.95,4554006.0,IBKR_TRADES,RTH,split_adjusted,traded_shares,2026-09-10T01:20:37.874819+00:00,24
2024-03-01,AAPL,179.57,180.53,177.38,179.66,52233422.0,IBKR_TRADES,RTH,split_adjusted,traded_shares,2026-09-10T01:20:37.874819+00:00,24
2024-03-01,AMD,197.92,202.72,195.42,202.64,83236338.0,IBKR_TRADES,RTH,split_adjusted,traded_shares,2026-09-10T01:20:37.874819+00:00,24
2024-03-01,NVDA,80.0,82.3,79.44,82.28,314586410.0,IBKR_TRADES,RTH,split_adjusted,traded_shares,2026-09-10T01:20:37.874819+00:00,24
2024-03-01,QQQ,439.9,446.58,439.84,445.61,29521434.0,IBKR_TRADES,RTH,split_adjusted,traded_shares,2026-09-10T01:20:37.874819+00:00,24
2024-03-01,SMH,214.12,221.32,213.98,220.54,7600392.0,IBKR_TRADES,RTH,split_adjusted,traded_shares,2026-09-10T01:20:37.874819+00:00,24
2024-03-04,AAPL,176.14,176.9,173.79,175.1,56421441.0,IBKR_TRADES,RTH,split_adjusted,traded_shares,2026-09-10T01:20:37.874819+00:00,24
2024-03-04,AMD,205.16,211.01,203.5,205.36,70330538.0,IBKR_TRADES,RTH,split_adjusted,traded_shares,2026-09-10T01:20:37.874819+00:00,24
2024-03-04,NVDA,84.13,87.7,83.72,85.24,399314280.0,IBKR_TRADES,RTH,split_adjusted,traded_shares,2026-09-10T01:20:37.874819+00:00,24
2024-03-04,QQQ,445.61,446.04,443.77,444.02,24154732.0,IBKR_TRADES,RTH,split_adjusted,traded_shares,2026-09-10T01:20:37.874819+00:00,24
2024-03-04,SMH,224.0,227.13,222.67,224.09,7533393.0,IBKR_TRADES,RTH,split_adjusted,traded_shares,2026-09-10T01:20:37.874819+00:00,24
2024-03-05,AAPL,170.76,172.04,169.64,170.12,62166306.00000001,IBKR_TRADES,RTH,split_adjusted,traded_shares,2026-09-10T01:20:37.874819+00:00,24
2024-03-05,AMD,200.69,205.33,199.15,205.13,49864083.0,IBKR_TRADES,RTH,split_adjusted,traded_shares,2026-09-10T01:20:37.874819+00:00,24
2024-03-05,NVDA,85.24,86.1,83.42,85.96,339095510.0,IBKR_TRADES,RTH,split_adjusted,traded_shares,2026-09-10T01:20:37.874819+00:00,24
2024-03-05,QQQ,440.94,440.95,433.65,436.05,38610674.0,IBKR_TRADES,RTH,split_adjusted,traded_shares,2026-09-10T01:20:37.874819+00:00,24
2024-03-05,SMH,222.36,223.23,218.29,220.66,7536654.0,IBKR_TRADES,RTH,split_adjusted,traded_shares,2026-09-10T01:20:37.874819+00:00,24
2024-03-06,AAPL,171.11,171.24,168.68,169.12,45607764.0,IBKR_TRADES,RTH,split_adjusted,traded_shares,2026-09-10T01:20:37.874819+00:00,24
2024-03-06,AMD,210.43,214.82,207.32,210.63,69495211.0,IBKR_TRADES,RTH,split_adjusted,traded_shares,2026-09-10T01:20:37.874819+00:00,24
2024-03-06,NVDA,88.02,89.72,87.03,88.7,389969500.0,IBKR_TRADES,RTH,split_adjusted,traded_shares,2026-09-10T01:20:37.874819+00:00,24
2024-03-06,QQQ,440.32,441.99,436.89,438.79,35334830.0,IBKR_TRADES,RTH,split_adjusted,traded_shares,2026-09-10T01:20:37.874819+00:00,24
2024-03-06,SMH,225.2,228.76,223.67,226.35,8076207.0,IBKR_TRADES,RTH,split_adjusted,traded_shares,2026-09-10T01:20:37.874819+00:00,24
2024-03-07,AAPL,169.12,170.73,168.49,169.0,48235740.0,IBKR_TRADES,RTH,split_adjusted,traded_shares,2026-09-10T01:20:37.874819+00:00,24
2024-03-07,AMD,212.52,213.83,208.22,211.38,50296826.0,IBKR_TRADES,RTH,split_adjusted,traded_shares,2026-09-10T01:20:37.874819+00:00,24
2024-03-07,NVDA,90.16,92.77,89.6,92.67,374863740.0,IBKR_TRADES,RTH,split_adjusted,traded_shares,2026-09-10T01:20:37.874819+00:00,24
2024-03-07,QQQ,442.39,446.72,440.86,445.45,30476765.000000004,IBKR_TRADES,RTH,split_adjusted,traded_shares,2026-09-10T01:20:37.874819+00:00,24
2024-03-07,SMH,229.65,234.91,229.46,234.17,9107182.0,IBKR_TRADES,RTH,split_adjusted,traded_shares,2026-09-10T01:20:37.874819+00:00,24
2024-03-08,AAPL,168.98,173.7,168.94,170.73,55242483.0,IBKR_TRADES,RTH,split_adjusted,traded_shares,2026-09-10T01:20:37.874819+00:00,24
2024-03-08,AMD,213.41,227.3,205.6,207.39,99112899.0,IBKR_TRADES,RTH,split_adjusted,traded_shares,2026-09-10T01:20:37.874819+00:00,24
2024-03-08,NVDA,95.07,97.4,86.51,87.53,703690350.0,IBKR_TRADES,RTH,split_adjusted,traded_shares,2026-09-10T01:20:37.874819+00:00,24
2024-03-08,QQQ,445.81,448.64,438.34,439.02,53603687.0,IBKR_TRADES,RTH,split_adjusted,traded_shares,2026-09-10T01:20:37.874819+00:00,24
2024-03-08,SMH,236.93,239.15,224.44,224.99,16441335.0,IBKR_TRADES,RTH,split_adjusted,traded_shares,2026-09-10T01:20:37.874819+00:00,24
2024-03-11,AAPL,172.98,174.38,172.05,172.75,39718783.0,IBKR_TRADES,RTH,split_adjusted,traded_shares,2026-09-10T01:20:37.874819+00:00,24
2024-03-11,AMD,203.01,203.55,196.7,198.39,56303437.0,IBKR_TRADES,RTH,split_adjusted,traded_shares,2026-09-10T01:20:37.874819+00:00,24
2024-03-11,NVDA,86.43,88.8,84.3,85.77,398568470.0,IBKR_TRADES,RTH,split_adjusted,traded_shares,2026-09-10T01:20:37.874819+00:00,24
2024-03-11,QQQ,437.51,438.66,435.44,437.39,31596017.999999996,IBKR_TRADES,RTH,split_adjusted,traded_shares,2026-09-10T01:20:37.874819+00:00,24
2024-03-11,SMH,222.14,223.88,219.02,220.98,9031734.0,IBKR_TRADES,RTH,split_adjusted,traded_shares,2026-09-10T01:20:37.874819+00:00,24
2024-03-12,AAPL,173.19,174.03,171.01,173.23,38749087.0,IBKR_TRADES,RTH,split_adjusted,traded_shares,2026-09-10T01:20:37.874819+00:00,24
2024-03-12,AMD,200.65,202.85,194.27,202.76,54005816.0,IBKR_TRADES,RTH,split_adjusted,traded_shares,2026-09-10T01:20:37.874819+00:00,24
2024-03-12,NVDA,88.05,91.96,86.15,91.91,427767900.0,IBKR_TRADES,RTH,split_adjusted,traded_shares,2026-09-10T01:20:37.874819+00:00,24
2024-03-12,QQQ,439.74,444.02,436.46,443.66,37550794.0,IBKR_TRADES,RTH,split_adjusted,traded_shares,2026-09-10T01:20:37.874819+00:00,24
2024-03-12,SMH,224.55,228.02,220.56,227.97,7104974.0,IBKR_TRADES,RTH,split_adjusted,traded_shares,2026-09-10T01:20:37.874819+00:00,24
2024-03-13,AAPL,172.88,173.19,170.76,171.13,32769529.0,IBKR_TRADES,RTH,split_adjusted,traded_shares,2026-09-10T01:20:37.874819+00:00,24
2024-03-13,AMD,198.65,198.83,192.7,194.79,54001704.0,IBKR_TRADES,RTH,split_adjusted,traded_shares,2026-09-10T01:20:37.874819+00:00,24
2024-03-13,NVDA,91.06,91.5,88.44,90.89,410966980.0,IBKR_TRADES,RTH,split_adjusted,traded_shares,2026-09-10T01:20:37.874819+00:00,24
2024-03-13,QQQ,442.64,442.67,439.12,440.25,27396218.0,IBKR_TRADES,RTH,split_adjusted,traded_shares,2026-09-10T01:20:37.874819+00:00,24
2024-03-13,SMH,225.87,225.87,221.15,223.46,7216055.0,IBKR_TRADES,RTH,split_adjusted,traded_shares,2026-09-10T01:20:37.874819+00:00,24
2024-03-14,AAPL,173.0,174.31,172.05,173.0,48925668.0,IBKR_TRADES,RTH,split_adjusted,traded_shares,2026-09-10T01:20:37.874819+00:00,24
2024-03-14,AMD,193.08,196.93,184.03,187.06,63677532.00000001,IBKR_TRADES,RTH,split_adjusted,traded_shares,2026-09-10T01:20:37.874819+00:00,24
2024-03-14,NVDA,89.58,90.65,86.6,87.94,392718350.0,IBKR_TRADES,RTH,split_adjusted,traded_shares,2026-09-10T01:20:37.874819+00:00,24
2024-03-14,QQQ,441.5,442.03,436.39,439.14,36277740.0,IBKR_TRADES,RTH,split_adjusted,traded_shares,2026-09-10T01:20:37.874819+00:00,24
2024-03-14,SMH,222.62,223.99,217.41,219.46,8490957.0,IBKR_TRADES,RTH,split_adjusted,traded_shares,2026-09-10T01:20:37.874819+00:00,24
2024-03-15,AAPL,171.17,172.62,170.28,172.62,53168815.0,IBKR_TRADES,RTH,split_adjusted,traded_shares,2026-09-10T01:20:37.874819+00:00,24
2024-03-15,AMD,184.83,193.8,184.48,191.06,68698307.0,IBKR_TRADES,RTH,split_adjusted,traded_shares,2026-09-10T01:20:37.874819+00:00,24
2024-03-15,NVDA,86.93,89.55,86.26,87.84,348677390.0,IBKR_TRADES,RTH,split_adjusted,traded_shares,2026-09-10T01:20:37.874819+00:00,24
2024-03-15,QQQ,436.07,436.78,432.74,433.92,36053713.0,IBKR_TRADES,RTH,split_adjusted,traded_shares,2026-09-10T01:20:37.874819+00:00,24
2024-03-15,SMH,216.94,220.3,215.93,217.84,8766621.0,IBKR_TRADES,RTH,split_adjusted,traded_shares,2026-09-10T01:20:37.874819+00:00,24
2024-03-18,AAPL,175.57,177.71,173.52,173.72,47457668.0,IBKR_TRADES,RTH,split_adjusted,traded_shares,2026-09-10T01:20:37.874819+00:00,24
2024-03-18,AMD,193.26,193.5,188.05,190.65,45500510.0,IBKR_TRADES,RTH,split_adjusted,traded_shares,2026-09-10T01:20:37.874819+00:00,24
2024-03-18,NVDA,90.38,92.41,87.09,88.46,429524680.0,IBKR_TRADES,RTH,split_adjusted,traded_shares,2026-09-10T01:20:37.874819+00:00,24
2024-03-18,QQQ,438.73,441.04,437.24,437.48,29557833.0,IBKR_TRADES,RTH,split_adjusted,traded_shares,2026-09-10T01:20:37.874819+00:00,24
2024-03-18,SMH,222.17,223.16,217.82,218.28,4812855.0,IBKR_TRADES,RTH,split_adjusted,traded_shares,2026-09-10T01:20:37.874819+00:00,24
2024-03-19,AAPL,174.34,176.61,173.03,176.08,33654282.0,IBKR_TRADES,RTH,split_adjusted,traded_shares,2026-09-10T01:20:37.874819+00:00,24
2024-03-19,AMD,183.15,185.62,177.36,181.42,65791667.0,IBKR_TRADES,RTH,split_adjusted,traded_shares,2026-09-10T01:20:37.874819+00:00,24
2024-03-19,NVDA,86.67,90.54,85.01,89.4,443289270.0,IBKR_TRADES,RTH,split_adjusted,traded_shares,2026-09-10T01:20:37.874819+00:00,24
2024-03-19,QQQ,435.45,438.98,433.33,438.57,29888784.0,IBKR_TRADES,RTH,split_adjusted,traded_shares,2026-09-10T01:20:37.874819+00:00,24
2024-03-19,SMH,215.72,218.85,212.82,217.8,7113145.0,IBKR_TRADES,RTH,split_adjusted,traded_shares,2026-09-10T01:20:37.874819+00:00,24
2024-03-20,AAPL,175.72,178.67,175.09,178.67,34595017.0,IBKR_TRADES,RTH,split_adjusted,traded_shares,2026-09-10T01:20:37.874819+00:00,24
2024-03-20,AMD,181.89,182.68,174.0,179.73,64929081.0,IBKR_TRADES,RTH,split_adjusted,traded_shares,2026-09-10T01:20:37.874819+00:00,24
2024-03-20,NVDA,89.8,90.41,88.22,90.37,312045420.0,IBKR_TRADES,RTH,split_adjusted,traded_shares,2026-09-10T01:20:37.874819+00:00,24
2024-03-20,QQQ,439.78,444.11,438.06,443.77,29405369.0,IBKR_TRADES,RTH,split_adjusted,traded_shares,2026-09-10T01:20:37.874819+00:00,24
2024-03-20,SMH,218.85,221.62,216.83,221.29,6457169.0,IBKR_TRADES,RTH,split_adjusted,traded_shares,2026-09-10T01:20:37.874819+00:00,24
2024-03-21,AAPL,177.05,177.49,170.84,171.37,76625123.0,IBKR_TRADES,RTH,split_adjusted,traded_shares,2026-09-10T01:20:37.874819+00:00,24
2024-03-21,AMD,185.95,187.69,177.66,178.68,58927738.0,IBKR_TRADES,RTH,split_adjusted,traded_shares,2026-09-10T01:20:37.874819+00:00,24
2024-03-21,NVDA,92.3,92.65,90.41,91.44,303491100.0,IBKR_TRADES,RTH,split_adjusted,traded_shares,2026-09-10T01:20:37.874819+00:00,24
2024-03-21,QQQ,448.88,449.34,445.67,445.87,27137822.0,IBKR_TRADES,RTH,split_adjusted,traded_shares,2026-09-10T01:20:37.874819+00:00,24
2024-03-21,SMH,228.58,230.05,225.81,226.31,8643078.0,IBKR_TRADES,RTH,split_adjusted,traded_shares,2026-09-10T01:20:37.874819+00:00,24
2024-03-22,AAPL,171.69,173.05,170.06,172.28,45033414.0,IBKR_TRADES,RTH,split_adjusted,traded_shares,2026-09-10T01:20:37.874819+00:00,24
2024-03-22,AMD,177.33,180.76,175.05,179.65,46896894.0,IBKR_TRADES,RTH,split_adjusted,traded_shares,2026-09-10T01:20:37.874819+00:00,24
2024-03-22,NVDA,91.14,94.78,90.83,94.29,387389220.0,IBKR_TRADES,RTH,split_adjusted,traded_shares,2026-09-10T01:20:37.874819+00:00,24
2024-03-22,QQQ,445.35,447.49,444.49,446.38,19765079.0,IBKR_TRADES,RTH,split_adjusted,traded_shares,2026-09-10T01:20:37.874819+00:00,24
2024-03-22,SMH,225.6,229.26,225.22,227.64,3785745.0000000005,IBKR_TRADES,RTH,split_adjusted,traded_shares,2026-09-10T01:20:37.874819+00:00,24
2024-03-25,AAPL,170.57,171.94,169.45,170.85,35807471.0,IBKR_TRADES,RTH,split_adjusted,traded_shares,2026-09-10T01:20:37.874819+00:00,24
2024-03-25,AMD,172.87,182.8,172.0,178.63,58300556.0,IBKR_TRADES,RTH,split_adjusted,traded_shares,2026-09-10T01:20:37.874819+00:00,24
2024-03-25,NVDA,94.0,96.77,93.51,95.0,362617530.0,IBKR_TRADES,RTH,split_adjusted,traded_shares,2026-09-10T01:20:37.874819+00:00,24
2024-03-25,QQQ,443.55,446.26,442.54,444.76,20421272.0,IBKR_TRADES,RTH,split_adjusted,traded_shares,2026-09-10T01:20:37.874819+00:00,24
2024-03-25,SMH,225.18,229.24,224.86,227.08,3254099.0,IBKR_TRADES,RTH,split_adjusted,traded_shares,2026-09-10T01:20:37.874819+00:00,24
2024-03-26,AAPL,170.02,171.42,169.58,169.71,36024422.0,IBKR_TRADES,RTH,split_adjusted,traded_shares,2026-09-10T01:20:37.874819+00:00,24
2024-03-26,AMD,179.67,182.6,176.33,177.87,52036462.0,IBKR_TRADES,RTH,split_adjusted,traded_shares,2026-09-10T01:20:37.874819+00:00,24
2024-03-26,NVDA,95.85,96.38,92.5,92.56,338855600.0,IBKR_TRADES,RTH,split_adjusted,traded_shares,2026-09-10T01:20:37.874819+00:00,24
2024-03-26,QQQ,446.29,447.23,443.09,443.32,24309185.0,IBKR_TRADES,RTH,split_adjusted,traded_shares,2026-09-10T01:20:37.874819+00:00,24
2024-03-26,SMH,228.8,229.46,224.76,224.97,4557122.0,IBKR_TRADES,RTH,split_adjusted,traded_shares,2026-09-10T01:20:37.874819+00:00,24
2024-03-27,AAPL,170.39,173.6,170.11,173.31,39222940.0,IBKR_TRADES,RTH,split_adjusted,traded_shares,2026-09-10T01:20:37.874819+00:00,24
2024-03-27,AMD,179.95,181.23,175.4,179.59,45452722.0,IBKR_TRADES,RTH,split_adjusted,traded_shares,2026-09-10T01:20:37.874819+00:00,24
2024-03-27,NVDA,93.1,93.24,89.12,90.25,398529840.0,IBKR_TRADES,RTH,split_adjusted,traded_shares,2026-09-10T01:20:37.874819+00:00,24
2024-03-27,QQQ,446.43,446.54,441.93,444.83,27215970.0,IBKR_TRADES,RTH,split_adjusted,traded_shares,2026-09-10T01:20:37.874819+00:00,24
2024-03-27,SMH,226.59,226.84,221.49,224.89,5476729.0,IBKR_TRADES,RTH,split_adjusted,traded_shares,2026-09-10T01:20:37.874819+00:00,24
2024-03-28,AAPL,171.71,172.23,170.51,171.48,38371850.0,IBKR_TRADES,RTH,split_adjusted,traded_shares,2026-09-10T01:20:37.874819+00:00,24
2024-03-28,AMD,179.58,183.4,178.3,180.49,46402507.0,IBKR_TRADES,RTH,split_adjusted,traded_shares,2026-09-10T01:20:37.874819+00:00,24
2024-03-28,NVDA,90.0,91.3,89.19,90.36,273194210.0,IBKR_TRADES,RTH,split_adjusted,traded_shares,2026-09-10T01:20:37.874819+00:00,24
2024-03-28,QQQ,444.79,445.64,443.65,444.01,24843699.0,IBKR_TRADES,RTH,split_adjusted,traded_shares,2026-09-10T01:20:37.874819+00:00,24
2024-03-28,SMH,224.31,225.94,223.74,224.99,2529919.0,IBKR_TRADES,RTH,split_adjusted,traded_shares,2026-09-10T01:20:37.874819+00:00,24
2024-04-01,AAPL,171.14,171.25,169.47,170.03,29782807.0,IBKR_TRADES,RTH,split_adjusted,traded_shares,2026-09-10T01:20:37.874819+00:00,24
2024-04-01,AMD,180.0,187.24,179.9,183.34,62506213.99999999,IBKR_TRADES,RTH,split_adjusted,traded_shares,2026-09-10T01:20:37.874819+00:00,24
2024-04-01,NVDA,90.29,92.23,89.2,90.36,314836650.0,IBKR_TRADES,RTH,split_adjusted,traded_shares,2026-09-10T01:20:37.874819+00:00,24
2024-04-01,QQQ,444.97,447.53,443.02,444.95,30039599.0,IBKR_TRADES,RTH,split_adjusted,traded_shares,2026-09-10T01:20:37.874819+00:00,24
2024-04-01,SMH,225.5,230.95,225.5,227.94,6006928.0,IBKR_TRADES,RTH,split_adjusted,traded_shares,2026-09-10T01:20:37.874819+00:00,24
2024-04-02,AAPL,169.08,169.34,168.23,168.84,29687197.0,IBKR_TRADES,RTH,split_adjusted,traded_shares,2026-09-10T01:20:37.874819+00:00,24
2024-04-02,AMD,179.61,180.1,174.83,178.7,49741952.0,IBKR_TRADES,RTH,split_adjusted,traded_shares,2026-09-10T01:20:37.874819+00:00,24
2024-04-02,NVDA,88.49,90.09,87.62,89.45,289851950.0,IBKR_TRADES,RTH,split_adjusted,traded_shares,2026-09-10T01:20:37.874819+00:00,24
2024-04-02,QQQ,440.08,441.43,438.03,441.11,31041830.0,IBKR_TRADES,RTH,split_adjusted,traded_shares,2026-09-10T01:20:37.874819+00:00,24
2024-04-02,SMH,224.25,225.43,222.38,225.01,4190192.0,IBKR_TRADES,RTH,split_adjusted,traded_shares,2026-09-10T01:20:37.874819+00:00,24
2024-04-03,AAPL,168.79,170.68,168.58,169.65,30257441.0,IBKR_TRADES,RTH,split_adjusted,traded_shares,2026-09-10T01:20:37.874819+00:00,24
2024-04-03,AMD,177.5,182.05,176.7,180.77,41131491.0,IBKR_TRADES,RTH,split_adjusted,traded_shares,2026-09-10T01:20:37.874819+00:00,24
2024-04-03,NVDA,88.49,90.37,88.4,88.96,261838300.0,IBKR_TRADES,RTH,split_adjusted,traded_shares,2026-09-10T01:20:37.874819+00:00,24
2024-04-03,QQQ,438.96,444.0,438.95,442.1,27656511.0,IBKR_TRADES,RTH,split_adjusted,traded_shares,2026-09-10T01:20:37.874819+00:00,24
2024-04-03,SMH,222.73,227.52,222.68,225.91,4387886.0,IBKR_TRADES,RTH,split_adjusted,traded_shares,2026-09-10T01:20:37.874819+00:00,24
2024-04-04,AAPL,170.33,171.92,168.82,168.82,35392217.0,IBKR_TRADES,RTH,split_adjusted,traded_shares,2026-09-10T01:20:37.874819+00:00,24
2024-04-04,AMD,182.77,183.02,165.65,165.83,69786496.0,IBKR_TRADES,RTH,split_adjusted,traded_shares,2026-09-10T01:20:37.874819+00:00,24
2024-04-04,NVDA,90.42,90.63,85.88,85.91,283774830.0,IBKR_TRADES,RTH,split_adjusted,traded_shares,2026-09-10T01:20:37.874819+00:00,24
2024-04-04,QQQ,446.33,446.95,435.11,435.34,41773243.0,IBKR_TRADES,RTH,split_adjusted,traded_shares,2026-09-10T01:20:37.874819+00:00,24
2024-04-04,SMH,229.1,229.81,219.64,219.89,7059762.0,IBKR_TRADES,RTH,split_adjusted,traded_shares,2026-09-10T01:20:37.874819+00:00,24
2024-04-05,AAPL,169.59,170.39,168.95,169.58,26712604.0,IBKR_TRADES,RTH,split_adjusted,traded_shares,2026-09-10T01:20:37.874819+00:00,24
2024-04-05,AMD,168.04,172.69,165.58,170.42,53049147.0,IBKR_TRADES,RTH,split_adjusted,traded_shares,2026-09-10T01:20:37.874819+00:00,24
2024-04-05,NVDA,86.87,88.48,85.97,88.01,265862760.0,IBKR_TRADES,RTH,split_adjusted,traded_shares,2026-09-10T01:20:37.874819+00:00,24
2024-04-05,QQQ,436.78,443.17,435.96,440.47,39494228.0,IBKR_TRADES,RTH,split_adjusted,traded_shares,2026-09-10T01:20:37.874819+00:00,24
2024-04-05,SMH,221.22,224.07,219.61,222.64,6100167.0,IBKR_TRADES,RTH,split_adjusted,traded_shares,2026-09-10T01:20:37.874819+00:00,24
2024-04-08,AAPL,168.99,169.2,168.24,168.45,24370203.0,IBKR_TRADES,RTH,split_adjusted,traded_shares,2026-09-10T01:20:37.874819+00:00,24
2024-04-08,AMD,168.19,171.66,166.82,169.9,35618562.0,IBKR_TRADES,RTH,split_adjusted,traded_shares,2026-09-10T01:20:37.874819+00:00,24
2024-04-08,NVDA,88.7,88.83,86.73,87.13,184402090.0,IBKR_TRADES,RTH,split_adjusted,traded_shares,2026-09-10T01:20:37.874819+00:00,24
2024-04-08,QQQ,441.42,442.5,439.2,440.6,20724002.0,IBKR_TRADES,RTH,split_adjusted,traded_shares,2026-09-10T01:20:37.874819+00:00,24
2024-04-08,SMH,224.89,225.28,222.17,223.06,3051116.0,IBKR_TRADES,RTH,split_adjusted,traded_shares,2026-09-10T01:20:37.874819+00:00,24
2024-04-09,AAPL,168.77,170.08,168.35,169.67,30262562.0,IBKR_TRADES,RTH,split_adjusted,traded_shares,2026-09-10T01:20:37.874819+00:00,24
2024-04-09,AMD,170.22,171.6,167.29,170.78,35183695.0,IBKR_TRADES,RTH,split_adjusted,traded_shares,2026-09-10T01:20:37.874819+00:00,24
2024-04-09,NVDA,87.44,87.64,83.02,85.35,347883920.0,IBKR_TRADES,RTH,split_adjusted,traded_shares,2026-09-10T01:20:37.874819+00:00,24
2024-04-09,QQQ,442.94,443.24,437.44,442.23,30027175.0,IBKR_TRADES,RTH,split_adjusted,traded_shares,2026-09-10T01:20:37.874819+00:00,24
2024-04-09,SMH,225.36,225.95,220.04,224.1,3826967.0000000005,IBKR_TRADES,RTH,split_adjusted,traded_shares,2026-09-10T01:20:37.874819+00:00,24
2024-04-10,AAPL,168.8,169.09,167.11,167.78,32749365.999999996,IBKR_TRADES,RTH,split_adjusted,traded_shares,2026-09-10T01:20:37.874819+00:00,24
2024-04-10,AMD,166.77,169.78,164.0,167.14,46659029.0,IBKR_TRADES,RTH,split_adjusted,traded_shares,2026-09-10T01:20:37.874819+00:00,24
2024-04-10,NVDA,83.93,87.4,83.71,87.04,282053250.0,IBKR_TRADES,RTH,split_adjusted,traded_shares,2026-09-10T01:20:37.874819+00:00,24
2024-04-10,QQQ,437.0,439.24,436.28,438.37,42074332.0,IBKR_TRADES,RTH,split_adjusted,traded_shares,2026-09-10T01:20:37.874819+00:00,24
2024-04-10,SMH,221.0,224.38,220.5,222.15,5864690.0,IBKR_TRADES,RTH,split_adjusted,traded_shares,2026-09-10T01:20:37.874819+00:00,24
2024-04-11,AAPL,168.28,175.46,168.16,175.04,62644878.0,IBKR_TRADES,RTH,split_adjusted,traded_shares,2026-09-10T01:20:37.874819+00:00,24
2024-04-11,AMD,167.49,170.95,166.54,170.5,38974881.0,IBKR_TRADES,RTH,split_adjusted,traded_shares,2026-09-10T01:20:37.874819+00:00,24
2024-04-11,NVDA,87.44,90.74,86.93,90.62,273590630.0,IBKR_TRADES,RTH,split_adjusted,traded_shares,2026-09-10T01:20:37.874819+00:00,24
2024-04-11,QQQ,440.25,446.33,437.96,445.37,31395828.0,IBKR_TRADES,RTH,split_adjusted,traded_shares,2026-09-10T01:20:37.874819+00:00,24
2024-04-11,SMH,223.44,227.57,221.68,227.31,5111634.0,IBKR_TRADES,RTH,split_adjusted,traded_shares,2026-09-10T01:20:37.874819+00:00,24
2024-04-12,AAPL,174.26,178.36,174.21,176.55,74376299.0,IBKR_TRADES,RTH,split_adjusted,traded_shares,2026-09-10T01:20:37.874819+00:00,24
2024-04-12,AMD,164.53,165.7,161.82,163.28,49283743.0,IBKR_TRADES,RTH,split_adjusted,traded_shares,2026-09-10T01:20:37.874819+00:00,24
2024-04-12,NVDA,89.7,90.17,87.53,88.19,271030570.0,IBKR_TRADES,RTH,split_adjusted,traded_shares,2026-09-10T01:20:37.874819+00:00,24
2024-04-12,QQQ,441.1,442.24,436.88,438.27,37831656.0,IBKR_TRADES,RTH,split_adjusted,traded_shares,2026-09-10T01:20:37.874819+00:00,24
2024-04-12,SMH,223.5,223.82,219.97,220.68,6280277.0,IBKR_TRADES,RTH,split_adjusted,traded_shares,2026-09-10T01:20:37.874819+00:00,24
2024-04-15,AAPL,175.36,176.63,172.5,172.69,47490684.0,IBKR_TRADES,RTH,split_adjusted,traded_shares,2026-09-10T01:20:37.874819+00:00,24
2024-04-15,AMD,164.39,164.44,158.76,160.32,48731254.0,IBKR_TRADES,RTH,split_adjusted,traded_shares,2026-09-10T01:20:37.874819+00:00,24
2024-04-15,NVDA,89.1,90.61,85.94,86.0,293653820.0,IBKR_TRADES,RTH,split_adjusted,traded_shares,2026-09-10T01:20:37.874819+00:00,24
2024-04-15,QQQ,442.06,442.15,430.21,431.06,45836920.0,IBKR_TRADES,RTH,split_adjusted,traded_shares,2026-09-10T01:20:37.874819+00:00,24
2024-04-15,SMH,223.75,224.98,216.61,217.36,4685670.0,IBKR_TRADES,RTH,split_adjusted,traded_shares,2026-09-10T01:20:37.874819+00:00,24
2024-04-16,AAPL,171.75,173.76,168.27,169.38,51750621.0,IBKR_TRADES,RTH,split_adjusted,traded_shares,2026-09-10T01:20:37.874819+00:00,24
2024-04-16,AMD,162.29,164.88,161.67,163.46,44198929.0,IBKR_TRADES,RTH,split_adjusted,traded_shares,2026-09-10T01:20:37.874819+00:00,24
2024-04-16,NVDA,86.47,88.12,86.06,87.42,250676589.99999997,IBKR_TRADES,RTH,split_adjusted,traded_shares,2026-09-10T01:20:37.874819+00:00,24
2024-04-16,QQQ,430.89,433.76,429.7,431.1,34678099.0,IBKR_TRADES,RTH,split_adjusted,traded_shares,2026-09-10T01:20:37.874819+00:00,24
2024-04-16,SMH,217.33,220.36,216.47,219.16,4723048.0,IBKR_TRADES,RTH,split_adjusted,traded_shares,2026-09-10T01:20:37.874819+00:00,24
2024-04-17,AAPL,169.56,170.65,168.0,168.0,31488758.999999996,IBKR_TRADES,RTH,split_adjusted,traded_shares,2026-09-10T01:20:37.874819+00:00,24
2024-04-17,AMD,163.96,164.45,153.88,154.02,61127289.00000001,IBKR_TRADES,RTH,split_adjusted,traded_shares,2026-09-10T01:20:37.874819+00:00,24
2024-04-17,NVDA,88.32,88.78,83.95,84.04,337102530.0,IBKR_TRADES,RTH,split_adjusted,traded_shares,2026-09-10T01:20:37.874819+00:00,24
2024-04-17,QQQ,433.1,433.12,424.9,425.84,39781365.0,IBKR_TRADES,RTH,split_adjusted,traded_shares,2026-09-10T01:20:37.874819+00:00,24
2024-04-17,SMH,219.5,220.12,212.07,212.4,8553063.0,IBKR_TRADES,RTH,split_adjusted,traded_shares,2026-09-10T01:20:37.874819+00:00,24
2024-04-18,AAPL,168.07,168.64,166.55,167.04,28787187.0,IBKR_TRADES,RTH,split_adjusted,traded_shares,2026-09-10T01:20:37.874819+00:00,24
2024-04-18,AMD,155.45,156.96,152.32,155.08,39216125.0,IBKR_TRADES,RTH,split_adjusted,traded_shares,2026-09-10T01:20:37.874819+00:00,24
2024-04-18,NVDA,84.98,86.19,82.4,84.67,302400620.0,IBKR_TRADES,RTH,split_adjusted,traded_shares,2026-09-10T01:20:37.874819+00:00,24
2024-04-18,QQQ,426.48,428.24,422.83,423.41,32177826.000000004,IBKR_TRADES,RTH,split_adjusted,traded_shares,2026-09-10T01:20:37.874819+00:00,24
2024-04-18,SMH,210.97,212.25,207.36,208.63,7628875.000000001,IBKR_TRADES,RTH,split_adjusted,traded_shares,2026-09-10T01:20:37.874819+00:00,24
2024-04-19,AAPL,166.24,166.4,164.07,165.0,43133678.0,IBKR_TRADES,RTH,split_adjusted,traded_shares,2026-09-10T01:20:37.874819+00:00,24
2024-04-19,AMD,151.73,154.25,145.29,146.64,55244539.0,IBKR_TRADES,RTH,split_adjusted,traded_shares,2026-09-10T01:20:37.874819+00:00,24
2024-04-19,NVDA,83.13,84.32,75.61,76.2,569755230.0,IBKR_TRADES,RTH,split_adjusted,traded_shares,2026-09-10T01:20:37.874819+00:00,24
2024-04-19,QQQ,422.22,422.75,413.07,414.65,50545214.0,IBKR_TRADES,RTH,split_adjusted,traded_shares,2026-09-10T01:20:37.874819+00:00,24
2024-04-19,SMH,206.72,208.0,198.44,199.21,10255581.0,IBKR_TRADES,RTH,split_adjusted,traded_shares,2026-09-10T01:20:37.874819+00:00,24
2024-04-22,AAPL,165.57,167.26,164.77,165.84,29420692.0,IBKR_TRADES,RTH,split_adjusted,traded_shares,2026-09-10T01:20:37.874819+00:00,24
2024-04-22,AMD,148.15,149.89,145.63,148.64,37721776.0,IBKR_TRADES,RTH,split_adjusted,traded_shares,2026-09-10T01:20:37.874819+00:00,24
2024-04-22,NVDA,78.1,80.03,76.4,79.52,391265330.0,IBKR_TRADES,RTH,split_adjusted,traded_shares,2026-09-10T01:20:37.874819+00:00,24
2024-04-22,QQQ,417.31,421.18,413.94,418.82,30924986.999999996,IBKR_TRADES,RTH,split_adjusted,traded_shares,2026-09-10T01:20:37.874819+00:00,24
2024-04-22,SMH,200.97,204.38,199.15,203.02,7300444.0,IBKR_TRADES,RTH,split_adjusted,traded_shares,2026-09-10T01:20:37.874819+00:00,24
2024-04-23,AAPL,165.31,167.05,164.95,166.9,29160825.0,IBKR_TRADES,RTH,split_adjusted,traded_shares,2026-09-10T01:20:37.874819+00:00,24
2024-04-23,AMD,151.65,153.5,150.35,152.27,34954734.0,IBKR_TRADES,RTH,split_adjusted,traded_shares,2026-09-10T01:20:37.874819+00:00,24
2024-04-23,NVDA,80.77,82.77,80.26,82.42,287279100.0,IBKR_TRADES,RTH,split_adjusted,traded_shares,2026-09-10T01:20:37.874819+00:00,24
2024-04-23,QQQ,420.76,426.28,420.42,425.07,29428925.0,IBKR_TRADES,RTH,split_adjusted,traded_shares,2026-09-10T01:20:37.874819+00:00,24
2024-04-23,SMH,204.49,208.58,203.93,207.8,5233790.0,IBKR_TRADES,RTH,split_adjusted,traded_shares,2026-09-10T01:20:37.874819+00:00,24
2024-04-24,AAPL,166.46,169.3,166.21,169.02,31088098.999999996,IBKR_TRADES,RTH,split_adjusted,traded_shares,2026-09-10T01:20:37.874819+00:00,24
2024-04-24,AMD,156.54,157.66,150.63,151.74,31956785.0,IBKR_TRADES,RTH,split_adjusted,traded_shares,2026-09-10T01:20:37.874819+00:00,24
2024-04-24,NVDA,83.95,84.08,79.18,79.68,337109690.0,IBKR_TRADES,RTH,split_adjusted,traded_shares,2026-09-10T01:20:37.874819+00:00,24
2024-04-24,QQQ,428.2,429.73,424.2,426.51,31457257.999999996,IBKR_TRADES,RTH,split_adjusted,traded_shares,2026-09-10T01:20:37.874819+00:00,24
2024-04-24,SMH,212.64,213.14,206.95,208.04,4857336.0,IBKR_TRADES,RTH,split_adjusted,traded_shares,2026-09-10T01:20:37.874819+00:00,24
2024-04-25,AAPL,169.54,170.61,168.15,169.89,33579769.0,IBKR_TRADES,RTH,split_adjusted,traded_shares,2026-09-10T01:20:37.874819+00:00,24
2024-04-25,AMD,149.16,155.14,146.75,153.76,32138768.000000004,IBKR_TRADES,RTH,split_adjusted,traded_shares,2026-09-10T01:20:37.874819+00:00,24
2024-04-25,NVDA,78.97,83.32,78.22,82.63,263618970.0,IBKR_TRADES,RTH,split_adjusted,traded_shares,2026-09-10T01:20:37.874819+00:00,24
2024-04-25,QQQ,419.24,425.32,418.14,424.45,38276053.0,IBKR_TRADES,RTH,split_adjusted,traded_shares,2026-09-10T01:20:37.874819+00:00,24
2024-04-25,SMH,207.09,213.68,205.75,212.2,6535670.0,IBKR_TRADES,RTH,split_adjusted,traded_shares,2026-09-10T01:20:37.874819+00:00,24
2024-04-26,AAPL,169.83,171.34,169.18,169.3,29394682.0,IBKR_TRADES,RTH,split_adjusted,traded_shares,2026-09-10T01:20:37.874819+00:00,24
2024-04-26,AMD,154.3,158.63,153.42,157.4,32958747.000000004,IBKR_TRADES,RTH,split_adjusted,traded_shares,2026-09-10T01:20:37.874819+00:00,24
2024-04-26,NVDA,83.83,88.33,83.39,87.74,363275280.0,IBKR_TRADES,RTH,split_adjusted,traded_shares,2026-09-10T01:20:37.874819+00:00,24
2024-04-26,QQQ,427.62,432.55,426.92,431.0,29347633.0,IBKR_TRADES,RTH,split_adjusted,traded_shares,2026-09-10T01:20:37.874819+00:00,24
2024-04-26,SMH,212.53,218.69,211.94,217.64,4564452.0,IBKR_TRADES,RTH,split_adjusted,traded_shares,2026-09-10T01:20:37.874819+00:00,24
2024-04-29,AAPL,173.37,176.03,173.1,173.5,44121526.0,IBKR_TRADES,RTH,split_adjusted,traded_shares,2026-09-10T01:20:37.874819+00:00,24
2024-04-29,AMD,159.08,160.77,156.26,160.2,33133971.0,IBKR_TRADES,RTH,split_adjusted,traded_shares,2026-09-10T01:20:37.874819+00:00,24
2024-04-29,NVDA,87.6,87.99,85.27,87.76,262526860.00000003,IBKR_TRADES,RTH,split_adjusted,traded_shares,2026-09-10T01:20:37.874819+00:00,24
2024-04-29,QQQ,433.12,433.76,429.98,432.75,22062073.0,IBKR_TRADES,RTH,split_adjusted,traded_shares,2026-09-10T01:20:37.874819+00:00,24
2024-04-29,SMH,217.35,218.61,214.9,218.38,3054441.0,IBKR_TRADES,RTH,split_adjusted,traded_shares,2026-09-10T01:20:37.874819+00:00,24
2024-04-30,AAPL,173.2,174.99,170.02,170.33,33202497.0,IBKR_TRADES,RTH,split_adjusted,traded_shares,2026-09-10T01:20:37.874819+00:00,24
2024-04-30,AMD,160.62,162.29,158.35,158.38,40001647.0,IBKR_TRADES,RTH,split_adjusted,traded_shares,2026-09-10T01:20:37.874819+00:00,24
2024-04-30,NVDA,87.24,88.82,86.3,86.4,227799130.0,IBKR_TRADES,RTH,split_adjusted,traded_shares,2026-09-10T01:20:37.874819+00:00,24
2024-04-30,QQQ,431.15,432.56,424.51,424.59,27354601.0,IBKR_TRADES,RTH,split_adjusted,traded_shares,2026-09-10T01:20:37.874819+00:00,24
2024-04-30,SMH,217.34,219.62,214.09,214.09,3012525.0,IBKR_TRADES,RTH,split_adjusted,traded_shares,2026-09-10T01:20:37.874819+00:00,24
2024-05-01,AAPL,169.58,172.71,169.11,169.3,30856797.0,IBKR_TRADES,RTH,split_adjusted,traded_shares,2026-09-10T01:20:37.874819+00:00,24
2024-05-01,AMD,148.11,151.37,142.14,144.27,67459242.0,IBKR_TRADES,RTH,split_adjusted,traded_shares,2026-09-10T01:20:37.874819+00:00,24
2024-05-01,NVDA,85.17,86.0,81.25,83.04,389651340.0,IBKR_TRADES,RTH,split_adjusted,traded_shares,2026-09-10T01:20:37.874819+00:00,24
2024-05-01,QQQ,423.15,430.14,420.66,421.52,37984290.0,IBKR_TRADES,RTH,split_adjusted,traded_shares,2026-09-10T01:20:37.874819+00:00,24
2024-05-01,SMH,211.14,214.54,206.1,207.85,8863408.0,IBKR_TRADES,RTH,split_adjusted,traded_shares,2026-09-10T01:20:37.874819+00:00,24
2024-05-02,AAPL,172.43,173.42,170.89,173.03,45199179.0,IBKR_TRADES,RTH,split_adjusted,traded_shares,2026-09-10T01:20:37.874819+00:00,24
2024-05-02,AMD,145.51,147.62,141.15,146.16,38728360.0,IBKR_TRADES,RTH,split_adjusted,traded_shares,2026-09-10T01:20:37.874819+00:00,24
2024-05-02,NVDA,84.42,86.24,83.2,85.82,252142559.99999997,IBKR_TRADES,RTH,split_adjusted,traded_shares,2026-09-10T01:20:37.874819+00:00,24
2024-05-02,QQQ,425.29,427.81,420.63,426.9,24854069.0,IBKR_TRADES,RTH,split_adjusted,traded_shares,2026-09-10T01:20:37.874819+00:00,24
2024-05-02,SMH,211.09,212.74,207.31,212.03,4360338.0,IBKR_TRADES,RTH,split_adjusted,traded_shares,2026-09-10T01:20:37.874819+00:00,24
2024-05-03,AAPL,186.65,187.0,182.66,183.38,109233902.0,IBKR_TRADES,RTH,split_adjusted,traded_shares,2026-09-10T01:20:37.874819+00:00,24
2024-05-03,AMD,148.75,150.79,147.23,150.6,39236902.0,IBKR_TRADES,RTH,split_adjusted,traded_shares,2026-09-10T01:20:37.874819+00:00,24
2024-05-03,NVDA,87.79,89.28,87.04,88.79,269566130.0,IBKR_TRADES,RTH,split_adjusted,traded_shares,2026-09-10T01:20:37.874819+00:00,24
2024-05-03,QQQ,434.44,436.48,432.62,435.48,30320575.0,IBKR_TRADES,RTH,split_adjusted,traded_shares,2026-09-10T01:20:37.874819+00:00,24
2024-05-03,SMH,215.92,218.36,215.15,217.73,4428407.0,IBKR_TRADES,RTH,split_adjusted,traded_shares,2026-09-10T01:20:37.874819+00:00,24
2024-05-06,AAPL,182.4,184.2,180.42,181.71,54178473.0,IBKR_TRADES,RTH,split_adjusted,traded_shares,2026-09-10T01:20:37.874819+00:00,24
2024-05-06,AMD,153.17,156.65,151.26,155.78,33732307.0,IBKR_TRADES,RTH,split_adjusted,traded_shares,2026-09-10T01:20:37.874819+00:00,24
2024-05-06,NVDA,89.39,92.22,89.05,92.14,244644750.0,IBKR_TRADES,RTH,split_adjusted,traded_shares,2026-09-10T01:20:37.874819+00:00,24
2024-05-06,QQQ,437.3,440.34,436.52,440.25,21815418.0,IBKR_TRADES,RTH,split_adjusted,traded_shares,2026-09-10T01:20:37.874819+00:00,24
2024-05-06,SMH,219.37,222.68,218.22,222.67,3773233.0,IBKR_TRADES,RTH,split_adjusted,traded_shares,2026-09-10T01:20:37.874819+00:00,24
2024-05-07,AAPL,183.48,184.9,181.32,182.4,50873295.0,IBKR_TRADES,RTH,split_adjusted,traded_shares,2026-09-10T01:20:37.874819+00:00,24
2024-05-07,AMD,156.33,157.7,153.66,154.43,29466144.0,IBKR_TRADES,RTH,split_adjusted,traded_shares,2026-09-10T01:20:37.874819+00:00,24
2024-05-07,NVDA,91.08,91.78,89.01,90.55,302169050.0,IBKR_TRADES,RTH,split_adjusted,traded_shares,2026-09-10T01:20:37.874819+00:00,24
2024-05-07,QQQ,440.7,441.97,439.58,440.32,20443255.0,IBKR_TRADES,RTH,split_adjusted,traded_shares,2026-09-10T01:20:37.874819+00:00,24
2024-05-07,SMH,222.5,223.18,220.64,220.73,3489521.0,IBKR_TRADES,RTH,split_adjusted,traded_shares,2026-09-10T01:20:37.874819+00:00,24
2024-05-08,AAPL,182.85,183.07,181.45,182.74,29903370.0,IBKR_TRADES,RTH,split_adjusted,traded_shares,2026-09-10T01:20:37.874819+00:00,24
2024-05-08,AMD,153.5,155.33,152.52,153.62,22167850.0,IBKR_TRADES,RTH,split_adjusted,traded_shares,2026-09-10T01:20:37.874819+00:00,24
2024-05-08,NVDA,89.5,91.19,89.42,90.41,216748330.0,IBKR_TRADES,RTH,split_adjusted,traded_shares,2026-09-10T01:20:37.874819+00:00,24
2024-05-08,QQQ,437.66,441.48,437.55,440.06,17951847.0,IBKR_TRADES,RTH,split_adjusted,traded_shares,2026-09-10T01:20:37.874819+00:00,24
2024-05-08,SMH,218.95,221.86,218.7,221.4,4074188.0000000005,IBKR_TRADES,RTH,split_adjusted,traded_shares,2026-09-10T01:20:37.874819+00:00,24
2024-05-09,AAPL,182.57,184.66,182.11,184.57,33153909.999999996,IBKR_TRADES,RTH,split_adjusted,traded_shares,2026-09-10T01:20:37.874819+00:00,24
2024-05-09,AMD,153.13,154.1,150.61,152.39,24471981.0,IBKR_TRADES,RTH,split_adjusted,traded_shares,2026-09-10T01:20:37.874819+00:00,24
2024-05-09,NVDA,90.54,91.07,88.23,88.75,262401440.0,IBKR_TRADES,RTH,split_adjusted,traded_shares,2026-09-10T01:20:37.874819+00:00,24
2024-05-09,QQQ,440.33,441.6,438.46,441.02,18410499.0,IBKR_TRADES,RTH,split_adjusted,traded_shares,2026-09-10T01:20:37.874819+00:00,24
2024-05-09,SMH,221.49,221.77,218.89,219.98,2861388.0,IBKR_TRADES,RTH,split_adjusted,traded_shares,2026-09-10T01:20:37.874819+00:00,24
2024-05-10,AAPL,184.92,185.09,182.13,183.05,33127847.0,IBKR_TRADES,RTH,split_adjusted,traded_shares,2026-09-10T01:20:37.874819+00:00,24
2024-05-10,AMD,154.27,156.37,151.31,151.92,30208686.0,IBKR_TRADES,RTH,split_adjusted,traded_shares,2026-09-10T01:20:37.874819+00:00,24
2024-05-10,NVDA,90.3,91.4,89.23,89.88,227270170.0,IBKR_TRADES,RTH,split_adjusted,traded_shares,2026-09-10T01:20:37.874819+00:00,24
2024-05-10,QQQ,442.52,444.31,440.49,442.06,20272482.0,IBKR_TRADES,RTH,split_adjusted,traded_shares,2026-09-10T01:20:37.874819+00:00,24
2024-05-10,SMH,222.95,225.44,222.43,223.3,4131467.0000000005,IBKR_TRADES,RTH,split_adjusted,traded_shares,2026-09-10T01:20:37.874819+00:00,24
2024-05-13,AAPL,185.5,187.1,184.62,186.28,47903079.0,IBKR_TRADES,RTH,split_adjusted,traded_shares,2026-09-10T01:20:37.874819+00:00,24
2024-05-13,AMD,151.34,153.33,150.4,150.56,21192711.0,IBKR_TRADES,RTH,split_adjusted,traded_shares,2026-09-10T01:20:37.874819+00:00,24
2024-05-13,NVDA,90.48,91.0,88.53,90.4,190163660.0,IBKR_TRADES,RTH,split_adjusted,traded_shares,2026-09-10T01:20:37.874819+00:00,24
2024-05-13,QQQ,443.99,444.09,441.65,443.08,15011256.0,IBKR_TRADES,RTH,split_adjusted,traded_shares,2026-09-10T01:20:37.874819+00:00,24
2024-05-13,SMH,224.0,224.55,222.32,223.26,2712187.0,IBKR_TRADES,RTH,split_adjusted,traded_shares,2026-09-10T01:20:37.874819+00:00,24
2024-05-14,AAPL,187.59,188.3,186.29,187.43,29492691.0,IBKR_TRADES,RTH,split_adjusted,traded_shares,2026-09-10T01:20:37.874819+00:00,24
2024-05-14,AMD,150.43,153.49,148.78,153.16,24034148.0,IBKR_TRADES,RTH,split_adjusted,traded_shares,2026-09-10T01:20:37.874819+00:00,24
2024-05-14,NVDA,89.59,91.65,88.93,91.36,202185010.0,IBKR_TRADES,RTH,split_adjusted,traded_shares,2026-09-10T01:20:37.874819+00:00,24
2024-05-14,QQQ,442.65,446.47,442.46,445.93,25547029.0,IBKR_TRADES,RTH,split_adjusted,traded_shares,2026-09-10T01:20:37.874819+00:00,24
2024-05-14,SMH,222.94,227.33,222.24,227.08,3469020.0,IBKR_TRADES,RTH,split_adjusted,traded_shares,2026-09-10T01:20:37.874819+00:00,24
2024-05-15,AAPL,187.83,190.65,187.37,189.72,45332147.0,IBKR_TRADES,RTH,split_adjusted,traded_shares,2026-09-10T01:20:37.874819+00:00,24
2024-05-15,AMD,155.54,159.69,154.7,159.67,31957456.999999996,IBKR_TRADES,RTH,split_adjusted,traded_shares,2026-09-10T01:20:37.874819+00:00,24
2024-05-15,NVDA,92.47,94.86,91.6,94.63,264306290.0,IBKR_TRADES,RTH,split_adjusted,traded_shares,2026-09-10T01:20:37.874819+00:00,24
2024-05-15,QQQ,448.43,453.15,446.9,452.9,27354057.0,IBKR_TRADES,RTH,split_adjusted,traded_shares,2026-09-10T01:20:37.874819+00:00,24
2024-05-15,SMH,229.27,234.0,228.53,233.9,5871360.0,IBKR_TRADES,RTH,split_adjusted,traded_shares,2026-09-10T01:20:37.874819+00:00,24
2024-05-16,AAPL,190.44,191.1,189.66,189.84,32651640.0,IBKR_TRADES,RTH,split_adjusted,traded_shares,2026-09-10T01:20:37.874819+00:00,24
2024-05-16,AMD,160.92,168.06,159.9,162.62,59454698.0,IBKR_TRADES,RTH,split_adjusted,traded_shares,2026-09-10T01:20:37.874819+00:00,24
2024-05-16,NVDA,94.91,95.82,94.1,94.36,204400900.0,IBKR_TRADES,RTH,split_adjusted,traded_shares,2026-09-10T01:20:37.874819+00:00,24
2024-05-16,QQQ,452.71,454.69,451.81,451.98,24337369.0,IBKR_TRADES,RTH,split_adjusted,traded_shares,2026-09-10T01:20:37.874819+00:00,24
2024-05-16,SMH,233.85,235.11,232.1,232.2,4412379.0,IBKR_TRADES,RTH,split_adjusted,traded_shares,2026-09-10T01:20:37.874819+00:00,24
2024-05-17,AAPL,189.53,190.81,189.18,189.87,25626968.0,IBKR_TRADES,RTH,split_adjusted,traded_shares,2026-09-10T01:20:37.874819+00:00,24
2024-05-17,AMD,168.56,169.72,162.32,164.47,51592217.0,IBKR_TRADES,RTH,split_adjusted,traded_shares,2026-09-10T01:20:37.874819+00:00,24
2024-05-17,NVDA,94.37,94.74,91.81,92.48,229046700.0,IBKR_TRADES,RTH,split_adjusted,traded_shares,2026-09-10T01:20:37.874819+00:00,24
2024-05-17,QQQ,452.11,452.72,449.53,451.76,20899149.0,IBKR_TRADES,RTH,split_adjusted,traded_shares,2026-09-10T01:20:37.874819+00:00,24
2024-05-17,SMH,233.59,233.82,228.62,230.25,3727345.0,IBKR_TRADES,RTH,split_adjusted,traded_shares,2026-09-10T01:20:37.874819+00:00,24
2024-05-20,AAPL,189.33,191.92,189.01,191.04,26683911.0,IBKR_TRADES,RTH,split_adjusted,traded_shares,2026-09-10T01:20:37.874819+00:00,24
2024-05-20,AMD,165.55,168.49,164.47,166.33,35764870.0,IBKR_TRADES,RTH,split_adjusted,traded_shares,2026-09-10T01:20:37.874819+00:00,24
2024-05-20,NVDA,93.75,95.2,93.44,94.78,208755210.0,IBKR_TRADES,RTH,split_adjusted,traded_shares,2026-09-10T01:20:37.874819+00:00,24
2024-05-20,QQQ,451.98,455.58,451.78,454.91,17633378.0,IBKR_TRADES,RTH,split_adjusted,traded_shares,2026-09-10T01:20:37.874819+00:00,24
2024-05-20,SMH,231.47,236.04,230.88,235.0,3575617.0,IBKR_TRADES,RTH,split_adjusted,traded_shares,2026-09-10T01:20:37.874819+00:00,24
2024-05-21,AAPL,191.09,192.73,190.92,192.35,26208821.0,IBKR_TRADES,RTH,split_adjusted,traded_shares,2026-09-10T01:20:37.874819+00:00,24
2024-05-21,AMD,164.1,165.83,163.1,164.66,23408044.0,IBKR_TRADES,RTH,split_adjusted,traded_shares,2026-09-10T01:20:37.874819+00:00,24
2024-05-21,NVDA,93.59,95.4,93.18,95.39,202667940.0,IBKR_TRADES,RTH,split_adjusted,traded_shares,2026-09-10T01:20:37.874819+00:00,24
2024-05-21,QQQ,453.02,455.99,452.84,455.8,13821299.0,IBKR_TRADES,RTH,split_adjusted,traded_shares,2026-09-10T01:20:37.874819+00:00,24
2024-05-21,SMH,232.96,234.92,231.87,234.67,3055938.0,IBKR_TRADES,RTH,split_adjusted,traded_shares,2026-09-10T01:20:37.874819+00:00,24
2024-05-22,AAPL,192.38,192.83,190.27,190.9,21461104.0,IBKR_TRADES,RTH,split_adjusted,traded_shares,2026-09-10T01:20:37.874819+00:00,24
2024-05-22,AMD,167.41,169.82,163.86,165.52,35115736.0,IBKR_TRADES,RTH,split_adjusted,traded_shares,2026-09-10T01:20:37.874819+00:00,24
2024-05-22,NVDA,95.46,96.02,93.25,94.95,268911750.0,IBKR_TRADES,RTH,split_adjusted,traded_shares,2026-09-10T01:20:37.874819+00:00,24
2024-05-22,QQQ,456.06,456.82,453.08,455.71,15539561.999999998,IBKR_TRADES,RTH,split_adjusted,traded_shares,2026-09-10T01:20:37.874819+00:00,24
2024-05-22,SMH,236.91,237.22,233.99,236.59,5371557.0,IBKR_TRADES,RTH,split_adjusted,traded_shares,2026-09-10T01:20:37.874819+00:00,24
2024-05-23,AAPL,190.98,191.01,186.62,186.88,30062458.0,IBKR_TRADES,RTH,split_adjusted,traded_shares,2026-09-10T01:20:37.874819+00:00,24
2024-05-23,AMD,170.18,173.14,158.27,160.43,73202607.0,IBKR_TRADES,RTH,split_adjusted,traded_shares,2026-09-10T01:20:37.874819+00:00,24
2024-05-23,NVDA,102.03,106.32,101.52,103.8,487268090.0,IBKR_TRADES,RTH,split_adjusted,traded_shares,2026-09-10T01:20:37.874819+00:00,24
2024-05-23,QQQ,460.57,460.58,451.85,453.66,27364902.0,IBKR_TRADES,RTH,split_adjusted,traded_shares,2026-09-10T01:20:37.874819+00:00,24
2024-05-23,SMH,244.15,244.56,237.79,239.82,8476023.0,IBKR_TRADES,RTH,split_adjusted,traded_shares,2026-09-10T01:20:37.874819+00:00,24
2024-05-24,AAPL,188.82,190.58,188.04,189.98,23580202.0,IBKR_TRADES,RTH,split_adjusted,traded_shares,2026-09-10T01:20:37.874819+00:00,24
2024-05-24,AMD,161.39,167.66,160.25,166.36,42640438.0,IBKR_TRADES,RTH,split_adjusted,traded_shares,2026-09-10T01:20:37.874819+00:00,24
2024-05-24,NVDA,104.45,106.48,103.0,106.47,258698390.0,IBKR_TRADES,RTH,split_adjusted,traded_shares,2026-09-10T01:20:37.874819+00:00,24
2024-05-24,QQQ,455.28,459.23,454.58,457.95,17531167.0,IBKR_TRADES,RTH,split_adjusted,traded_shares,2026-09-10T01:20:37.874819+00:00,24
2024-05-24,SMH,241.53,244.44,240.29,244.26,3125048.0,IBKR_TRADES,RTH,split_adjusted,traded_shares,2026-09-10T01:20:37.874819+00:00,24
2024-05-28,AAPL,191.51,193.0,189.1,189.99,33347373.0,IBKR_TRADES,RTH,split_adjusted,traded_shares,2026-09-10T01:20:37.874819+00:00,24
2024-05-28,AMD,169.62,174.55,164.96,171.61,54414346.0,IBKR_TRADES,RTH,split_adjusted,traded_shares,2026-09-10T01:20:37.874819+00:00,24
2024-05-28,NVDA,110.2,114.94,109.88,113.9,383119990.0,IBKR_TRADES,RTH,split_adjusted,traded_shares,2026-09-10T01:20:37.874819+00:00,24
2024-05-28,QQQ,459.18,459.74,456.69,459.68,18640471.0,IBKR_TRADES,RTH,split_adjusted,traded_shares,2026-09-10T01:20:37.874819+00:00,24
2024-05-28,SMH,247.69,250.85,245.46,249.83,5199305.0,IBKR_TRADES,RTH,split_adjusted,traded_shares,2026-09-10T01:20:37.874819+00:00,24
2024-05-29,AAPL,189.67,192.25,189.51,190.29,33475688.000000004,IBKR_TRADES,RTH,split_adjusted,traded_shares,2026-09-10T01:20:37.874819+00:00,24
2024-05-29,AMD,167.58,168.48,162.91,165.14,44033669.0,IBKR_TRADES,RTH,split_adjusted,traded_shares,2026-09-10T01:20:37.874819+00:00,24
2024-05-29,NVDA,113.05,115.49,110.92,114.83,327118450.0,IBKR_TRADES,RTH,split_adjusted,traded_shares,2026-09-10T01:20:37.874819+00:00,24
2024-05-29,QQQ,455.48,458.24,455.34,456.44,16435155.999999998,IBKR_TRADES,RTH,split_adjusted,traded_shares,2026-09-10T01:20:37.874819+00:00,24
2024-05-29,SMH,246.1,246.98,244.07,245.65,5005293.0,IBKR_TRADES,RTH,split_adjusted,traded_shares,2026-09-10T01:20:37.874819+00:00,24
2024-05-30,AAPL,190.78,192.18,190.63,191.29,30722521.0,IBKR_TRADES,RTH,split_adjusted,traded_shares,2026-09-10T01:20:37.874819+00:00,24
2024-05-30,AMD,167.92,168.75,163.8,166.75,36163080.0,IBKR_TRADES,RTH,split_adjusted,traded_shares,2026-09-10T01:20:37.874819+00:00,24
2024-05-30,NVDA,114.65,115.82,109.66,110.5,279935410.0,IBKR_TRADES,RTH,split_adjusted,traded_shares,2026-09-10T01:20:37.874819+00:00,24
2024-05-30,QQQ,455.51,455.64,450.21,451.55,18954260.0,IBKR_TRADES,RTH,split_adjusted,traded_shares,2026-09-10T01:20:37.874819+00:00,24
2024-05-30,SMH,245.49,246.13,241.08,242.27,4849422.0,IBKR_TRADES,RTH,split_adjusted,traded_shares,2026-09-10T01:20:37.874819+00:00,24
2024-05-31,AAPL,191.36,192.57,189.91,192.25,33815061.0,IBKR_TRADES,RTH,split_adjusted,traded_shares,2026-09-10T01:20:37.874819+00:00,24
2024-05-31,AMD,166.66,169.5,160.07,166.9,41278252.0,IBKR_TRADES,RTH,split_adjusted,traded_shares,2026-09-10T01:20:37.874819+00:00,24
2024-05-31,NVDA,112.5,112.72,106.98,109.63,312903700.0,IBKR_TRADES,RTH,split_adjusted,traded_shares,2026-09-10T01:20:37.874819+00:00,24
2024-05-31,QQQ,451.79,452.48,443.05,450.71,34307550.0,IBKR_TRADES,RTH,split_adjusted,traded_shares,2026-09-10T01:20:37.874819+00:00,24
2024-05-31,SMH,243.25,244.02,234.26,240.48,8858340.0,IBKR_TRADES,RTH,split_adjusted,traded_shares,2026-09-10T01:20:37.874819+00:00,24
2024-06-03,AAPL,193.01,194.99,192.52,194.03,33891860.0,IBKR_TRADES,RTH,split_adjusted,traded_shares,2026-09-10T01:20:37.874819+00:00,24
2024-06-03,AMD,170.8,171.08,160.91,163.55,47151032.0,IBKR_TRADES,RTH,split_adjusted,traded_shares,2026-09-10T01:20:37.874819+00:00,24
2024-06-03,NVDA,113.62,115.0,112.0,115.0,256421090.00000003,IBKR_TRADES,RTH,split_adjusted,traded_shares,2026-09-10T01:20:37.874819+00:00,24
2024-06-03,QQQ,454.57,455.58,447.9,453.13,22868526.0,IBKR_TRADES,RTH,split_adjusted,traded_shares,2026-09-10T01:20:37.874819+00:00,24
2024-06-03,SMH,245.1,245.44,239.02,243.48,4108112.0000000005,IBKR_TRADES,RTH,split_adjusted,traded_shares,2026-09-10T01:20:37.874819+00:00,24
2024-06-04,AAPL,194.61,195.32,193.03,194.35,28346336.0,IBKR_TRADES,RTH,split_adjusted,traded_shares,2026-09-10T01:20:37.874819+00:00,24
2024-06-04,AMD,162.84,164.83,158.87,159.99,37356284.0,IBKR_TRADES,RTH,split_adjusted,traded_shares,2026-09-10T01:20:37.874819+00:00,24
2024-06-04,NVDA,115.7,116.6,114.05,116.44,238996210.0,IBKR_TRADES,RTH,split_adjusted,traded_shares,2026-09-10T01:20:37.874819+00:00,24
2024-06-04,QQQ,452.85,455.58,451.13,454.37,17066174.0,IBKR_TRADES,RTH,split_adjusted,traded_shares,2026-09-10T01:20:37.874819+00:00,24
2024-06-04,SMH,243.3,243.7,240.1,242.6,3966807.0,IBKR_TRADES,RTH,split_adjusted,traded_shares,2026-09-10T01:20:37.874819+00:00,24
2024-06-05,AAPL,195.44,196.9,194.87,195.87,34561156.0,IBKR_TRADES,RTH,split_adjusted,traded_shares,2026-09-10T01:20:37.874819+00:00,24
2024-06-05,AMD,162.19,167.12,161.38,166.17,47343701.0,IBKR_TRADES,RTH,split_adjusted,traded_shares,2026-09-10T01:20:37.874819+00:00,24
2024-06-05,NVDA,118.37,122.45,117.47,122.44,290101330.0,IBKR_TRADES,RTH,split_adjusted,traded_shares,2026-09-10T01:20:37.874819+00:00,24
2024-06-05,QQQ,457.98,463.61,456.77,463.53,23270629.0,IBKR_TRADES,RTH,split_adjusted,traded_shares,2026-09-10T01:20:37.874819+00:00,24
2024-06-05,SMH,247.53,254.53,246.71,254.41,7405441.0,IBKR_TRADES,RTH,split_adjusted,traded_shares,2026-09-10T01:20:37.874819+00:00,24
2024-06-06,AAPL,195.67,196.5,194.17,194.48,26750244.0,IBKR_TRADES,RTH,split_adjusted,traded_shares,2026-09-10T01:20:37.874819+00:00,24
2024-06-06,AMD,165.53,169.51,163.86,166.78,35970604.0,IBKR_TRADES,RTH,split_adjusted,traded_shares,2026-09-10T01:20:37.874819+00:00,24
2024-06-06,NVDA,124.05,125.59,118.32,121.0,390298280.0,IBKR_TRADES,RTH,split_adjusted,traded_shares,2026-09-10T01:20:37.874819+00:00,24
2024-06-06,QQQ,464.22,464.54,462.19,463.37,14732908.0,IBKR_TRADES,RTH,split_adjusted,traded_shares,2026-09-10T01:20:37.874819+00:00,24
2024-06-06,SMH,255.52,255.92,250.24,252.41,6554663.0,IBKR_TRADES,RTH,split_adjusted,traded_shares,2026-09-10T01:20:37.874819+00:00,24
2024-06-07,AAPL,194.65,196.94,194.14,196.89,36448348.0,IBKR_TRADES,RTH,split_adjusted,traded_shares,2026-09-10T01:20:37.874819+00:00,24
2024-06-07,AMD,166.61,169.45,165.86,167.87,35977952.0,IBKR_TRADES,RTH,split_adjusted,traded_shares,2026-09-10T01:20:37.874819+00:00,24
2024-06-07,NVDA,119.78,121.69,118.02,120.89,239853680.0,IBKR_TRADES,RTH,split_adjusted,traded_shares,2026-09-10T01:20:37.874819+00:00,24
2024-06-07,QQQ,463.0,465.74,461.84,462.96,15005812.0,IBKR_TRADES,RTH,split_adjusted,traded_shares,2026-09-10T01:20:37.874819+00:00,24
2024-06-07,SMH,252.24,254.06,250.49,252.21,3478155.0,IBKR_TRADES,RTH,split_adjusted,traded_shares,2026-09-10T01:20:37.874819+00:00,24
2024-06-10,AAPL,196.88,197.3,192.15,193.12,71535967.0,IBKR_TRADES,RTH,split_adjusted,traded_shares,2026-09-10T01:20:37.874819+00:00,24
2024-06-10,AMD,162.48,165.55,159.61,160.34,52418542.0,IBKR_TRADES,RTH,split_adjusted,traded_shares,2026-09-10T01:20:37.874819+00:00,24
2024-06-10,NVDA,120.35,123.1,117.01,121.79,248378881.0,IBKR_TRADES,RTH,split_adjusted,traded_shares,2026-09-10T01:20:37.874819+00:00,24
2024-06-10,QQQ,461.82,465.19,461.53,464.83,14411323.0,IBKR_TRADES,RTH,split_adjusted,traded_shares,2026-09-10T01:20:37.874819+00:00,24
2024-06-10,SMH,251.1,256.72,250.04,255.86,4422044.0,IBKR_TRADES,RTH,split_adjusted,traded_shares,2026-09-10T01:20:37.874819+00:00,24
2024-06-11,AAPL,193.69,207.16,193.63,207.15,129872108.99999999,IBKR_TRADES,RTH,split_adjusted,traded_shares,2026-09-10T01:20:37.874819+00:00,24
2024-06-11,AMD,160.5,161.54,156.92,158.96,30739577.999999996,IBKR_TRADES,RTH,split_adjusted,traded_shares,2026-09-10T01:20:37.874819+00:00,24
2024-06-11,NVDA,121.77,122.87,118.74,120.91,173618204.0,IBKR_TRADES,RTH,split_adjusted,traded_shares,2026-09-10T01:20:37.874819+00:00,24
2024-06-11,QQQ,463.56,468.14,462.03,468.02,16201671.0,IBKR_TRADES,RTH,split_adjusted,traded_shares,2026-09-10T01:20:37.874819+00:00,24
2024-06-11,SMH,255.0,255.89,251.85,255.48,4153421.0,IBKR_TRADES,RTH,split_adjusted,traded_shares,2026-09-10T01:20:37.874819+00:00,24
2024-06-12,AAPL,207.37,220.2,206.9,213.07,151273417.0,IBKR_TRADES,RTH,split_adjusted,traded_shares,2026-09-10T01:20:37.874819+00:00,24
2024-06-12,AMD,160.32,162.24,158.62,160.24,37125643.0,IBKR_TRADES,RTH,split_adjusted,traded_shares,2026-09-10T01:20:37.874819+00:00,24
2024-06-12,NVDA,123.05,126.88,122.57,125.2,224662357.0,IBKR_TRADES,RTH,split_adjusted,traded_shares,2026-09-10T01:20:37.874819+00:00,24
2024-06-12,QQQ,471.99,476.5,471.29,474.15,23310563.0,IBKR_TRADES,RTH,split_adjusted,traded_shares,2026-09-10T01:20:37.874819+00:00,24
2024-06-12,SMH,260.65,264.55,259.76,263.09,5349597.0,IBKR_TRADES,RTH,split_adjusted,traded_shares,2026-09-10T01:20:37.874819+00:00,24
2024-06-13,AAPL,214.74,216.75,211.6,214.24,63897707.00000001,IBKR_TRADES,RTH,split_adjusted,traded_shares,2026-09-10T01:20:37.874819+00:00,24
2024-06-13,AMD,160.4,162.66,157.31,159.9,34218765.0,IBKR_TRADES,RTH,split_adjusted,traded_shares,2026-09-10T01:20:37.874819+00:00,24
2024-06-13,NVDA,129.39,129.8,127.16,129.61,193257923.0,IBKR_TRADES,RTH,split_adjusted,traded_shares,2026-09-10T01:20:37.874819+00:00,24
2024-06-13,QQQ,477.72,478.39,474.42,476.72,17564104.0,IBKR_TRADES,RTH,split_adjusted,traded_shares,2026-09-10T01:20:37.874819+00:00,24
2024-06-13,SMH,266.79,268.14,263.96,267.21,5352832.0,IBKR_TRADES,RTH,split_adjusted,traded_shares,2026-09-10T01:20:37.874819+00:00,24
2024-06-14,AAPL,213.82,215.17,211.3,212.49,45296065.0,IBKR_TRADES,RTH,split_adjusted,traded_shares,2026-09-10T01:20:37.874819+00:00,24
2024-06-14,AMD,158.5,161.34,157.61,159.63,26853951.0,IBKR_TRADES,RTH,split_adjusted,traded_shares,2026-09-10T01:20:37.874819+00:00,24
2024-06-14,NVDA,129.96,132.84,128.32,131.88,238285565.0,IBKR_TRADES,RTH,split_adjusted,traded_shares,2026-09-10T01:20:37.874819+00:00,24
2024-06-14,QQQ,476.52,479.26,476.05,479.19,15339578.0,IBKR_TRADES,RTH,split_adjusted,traded_shares,2026-09-10T01:20:37.874819+00:00,24
2024-06-14,SMH,265.4,268.59,264.62,267.89,4452506.0,IBKR_TRADES,RTH,split_adjusted,traded_shares,2026-09-10T01:20:37.874819+00:00,24
2024-06-17,AAPL,213.36,218.95,212.72,216.67,63724763.0,IBKR_TRADES,RTH,split_adjusted,traded_shares,2026-09-10T01:20:37.874819+00:00,24
2024-06-17,AMD,158.01,159.23,154.13,158.4,34019862.0,IBKR_TRADES,RTH,split_adjusted,traded_shares,2026-09-10T01:20:37.874819+00:00,24
2024-06-17,NVDA,132.93,133.73,129.58,130.98,213742124.0,IBKR_TRADES,RTH,split_adjusted,traded_shares,2026-09-10T01:20:37.874819+00:00,24
2024-06-17,QQQ,479.46,486.86,478.14,485.06,24063806.0,IBKR_TRADES,RTH,split_adjusted,traded_shares,2026-09-10T01:20:37.874819+00:00,24
2024-06-17,SMH,270.71,273.21,266.91,272.48,5145968.0,IBKR_TRADES,RTH,split_adjusted,traded_shares,2026-09-10T01:20:37.874819+00:00,24
2024-06-18,AAPL,217.61,218.63,213.0,214.29,54635773.0,IBKR_TRADES,RTH,split_adjusted,traded_shares,2026-09-10T01:20:37.874819+00:00,24
2024-06-18,AMD,156.95,157.24,153.34,154.63,39827616.0,IBKR_TRADES,RTH,split_adjusted,traded_shares,2026-09-10T01:20:37.874819+00:00,24
2024-06-18,NVDA,131.14,136.33,130.69,135.58,230317505.0,IBKR_TRADES,RTH,split_adjusted,traded_shares,2026-09-10T01:20:37.874819+00:00,24
2024-06-18,QQQ,485.0,485.9,483.43,485.21,15849576.0,IBKR_TRADES,RTH,split_adjusted,traded_shares,2026-09-10T01:20:37.874819+00:00,24
2024-06-18,SMH,273.52,278.27,273.02,276.76,5893473.0,IBKR_TRADES,RTH,split_adjusted,traded_shares,2026-09-10T01:20:37.874819+00:00,24
2024-06-20,AAPL,213.96,214.24,208.85,209.68,55790688.0,IBKR_TRADES,RTH,split_adjusted,traded_shares,2026-09-10T01:20:37.874819+00:00,24
2024-06-20,AMD,155.83,166.82,155.5,161.78,75356149.0,IBKR_TRADES,RTH,split_adjusted,traded_shares,2026-09-10T01:20:37.874819+00:00,24
2024-06-20,NVDA,139.71,140.76,129.52,130.78,377901573.0,IBKR_TRADES,RTH,split_adjusted,traded_shares,2026-09-10T01:20:37.874819+00:00,24
2024-06-20,QQQ,486.42,486.84,479.62,481.47,22781110.0,IBKR_TRADES,RTH,split_adjusted,traded_shares,2026-09-10T01:20:37.874819+00:00,24
2024-06-20,SMH,279.22,279.57,267.08,268.92,9826370.0,IBKR_TRADES,RTH,split_adjusted,traded_shares,2026-09-10T01:20:37.874819+00:00,24
2024-06-21,AAPL,210.45,211.89,207.11,207.49,67962787.0,IBKR_TRADES,RTH,split_adjusted,traded_shares,2026-09-10T01:20:37.874819+00:00,24
2024-06-21,AMD,161.82,163.2,157.89,161.23,37404228.0,IBKR_TRADES,RTH,split_adjusted,traded_shares,2026-09-10T01:20:37.874819+00:00,24
2024-06-21,NVDA,127.11,130.63,124.3,126.57,324484624.0,IBKR_TRADES,RTH,split_adjusted,traded_shares,2026-09-10T01:20:37.874819+00:00,24
2024-06-21,QQQ,481.19,482.54,478.67,480.18,18886873.0,IBKR_TRADES,RTH,split_adjusted,traded_shares,2026-09-10T01:20:37.874819+00:00,24
2024-06-21,SMH,265.57,268.93,262.01,264.89,8088338.999999999,IBKR_TRADES,RTH,split_adjusted,traded_shares,2026-09-10T01:20:37.874819+00:00,24
2024-06-24,AAPL,207.67,212.7,206.59,208.14,51311575.0,IBKR_TRADES,RTH,split_adjusted,traded_shares,2026-09-10T01:20:37.874819+00:00,24
2024-06-24,AMD,159.79,163.4,158.19,160.25,35926585.0,IBKR_TRADES,RTH,split_adjusted,traded_shares,2026-09-10T01:20:37.874819+00:00,24
2024-06-24,NVDA,123.24,124.46,118.04,118.11,342570718.0,IBKR_TRADES,RTH,split_adjusted,traded_shares,2026-09-10T01:20:37.874819+00:00,24
2024-06-24,QQQ,478.18,479.93,473.82,473.96,23260529.0,IBKR_TRADES,RTH,split_adjusted,traded_shares,2026-09-10T01:20:37.874819+00:00,24
2024-06-24,SMH,261.5,263.09,255.73,255.78,6979952.0,IBKR_TRADES,RTH,split_adjusted,traded_shares,2026-09-10T01:20:37.874819+00:00,24
2024-06-25,AAPL,209.14,211.38,208.61,209.07,30860792.0,IBKR_TRADES,RTH,split_adjusted,traded_shares,2026-09-10T01:20:37.874819+00:00,24
2024-06-25,AMD,160.73,161.0,156.45,160.25,31398466.999999996,IBKR_TRADES,RTH,split_adjusted,traded_shares,2026-09-10T01:20:37.874819+00:00,24
2024-06-25,NVDA,121.13,126.5,119.32,126.09,310653472.0,IBKR_TRADES,RTH,split_adjusted,traded_shares,2026-09-10T01:20:37.874819+00:00,24
2024-06-25,QQQ,476.07,479.68,475.12,479.38,15994781.0,IBKR_TRADES,RTH,split_adjusted,traded_shares,2026-09-10T01:20:37.874819+00:00,24
2024-06-25,SMH,258.35,261.91,255.81,261.77,4559649.0,IBKR_TRADES,RTH,split_adjusted,traded_shares,2026-09-10T01:20:37.874819+00:00,24
2024-06-26,AAPL,211.5,214.86,210.64,213.25,41215368.0,IBKR_TRADES,RTH,split_adjusted,traded_shares,2026-09-10T01:20:37.874819+00:00,24
2024-06-26,AMD,160.6,160.74,156.0,157.54,28390718.0,IBKR_TRADES,RTH,split_adjusted,traded_shares,2026-09-10T01:20:37.874819+00:00,24
2024-06-26,NVDA,126.13,128.12,122.6,126.4,256539732.0,IBKR_TRADES,RTH,split_adjusted,traded_shares,2026-09-10T01:20:37.874819+00:00,24
2024-06-26,QQQ,478.55,480.92,478.13,480.37,13742499.0,IBKR_TRADES,RTH,split_adjusted,traded_shares,2026-09-10T01:20:37.874819+00:00,24
2024-06-26,SMH,261.61,263.07,257.75,260.91,3845983.0,IBKR_TRADES,RTH,split_adjusted,traded_shares,2026-09-10T01:20:37.874819+00:00,24
2024-06-27,AAPL,214.7,215.74,212.35,214.1,31916744.0,IBKR_TRADES,RTH,split_adjusted,traded_shares,2026-09-10T01:20:37.874819+00:00,24
2024-06-27,AMD,157.18,160.61,156.81,159.47,26066024.0,IBKR_TRADES,RTH,split_adjusted,traded_shares,2026-09-10T01:20:37.874819+00:00,24
2024-06-27,NVDA,124.09,126.41,122.92,123.99,182569020.0,IBKR_TRADES,RTH,split_adjusted,traded_shares,2026-09-10T01:20:37.874819+00:00,24
2024-06-27,QQQ,480.13,483.1,479.3,481.61,13863455.0,IBKR_TRADES,RTH,split_adjusted,traded_shares,2026-09-10T01:20:37.874819+00:00,24
2024-06-27,SMH,260.4,262.43,257.64,258.86,3916224.0000000005,IBKR_TRADES,RTH,split_adjusted,traded_shares,2026-09-10T01:20:37.874819+00:00,24
2024-06-28,AAPL,215.79,216.07,210.3,210.62,42812041.0,IBKR_TRADES,RTH,split_adjusted,traded_shares,2026-09-10T01:20:37.874819+00:00,24
2024-06-28,AMD,160.24,166.45,159.41,162.21,41151992.0,IBKR_TRADES,RTH,split_adjusted,traded_shares,2026-09-10T01:20:37.874819+00:00,24
2024-06-28,NVDA,124.57,127.71,122.75,123.54,227540428.0,IBKR_TRADES,RTH,split_adjusted,traded_shares,2026-09-10T01:20:37.874819+00:00,24
2024-06-28,QQQ,482.41,487.2,478.46,479.11,22754238.0,IBKR_TRADES,RTH,split_adjusted,traded_shares,2026-09-10T01:20:37.874819+00:00,24
2024-06-28,SMH,260.48,266.4,258.98,260.7,5712002.0,IBKR_TRADES,RTH,split_adjusted,traded_shares,2026-09-10T01:20:37.874819+00:00,24
2024-07-01,AAPL,212.09,217.51,211.92,216.75,43395188.0,IBKR_TRADES,RTH,split_adjusted,traded_shares,2026-09-10T01:20:37.874819+00:00,24
2024-07-01,AMD,161.37,161.51,153.64,157.69,39223022.0,IBKR_TRADES,RTH,split_adjusted,traded_shares,2026-09-10T01:20:37.874819+00:00,24
2024-07-01,NVDA,123.5,124.84,118.83,124.3,226455052.0,IBKR_TRADES,RTH,split_adjusted,traded_shares,2026-09-10T01:20:37.874819+00:00,24
2024-07-01,QQQ,480.05,482.49,476.25,481.92,17079413.0,IBKR_TRADES,RTH,split_adjusted,traded_shares,2026-09-10T01:20:37.874819+00:00,24
2024-07-01,SMH,261.0,261.35,255.66,261.01,3969943.0000000005,IBKR_TRADES,RTH,split_adjusted,traded_shares,2026-09-10T01:20:37.874819+00:00,24
2024-07-02,AAPL,216.15,220.38,215.1,220.27,38318670.0,IBKR_TRADES,RTH,split_adjusted,traded_shares,2026-09-10T01:20:37.874819+00:00,24
2024-07-02,AMD,157.04,164.58,156.7,164.31,44300671.0,IBKR_TRADES,RTH,split_adjusted,traded_shares,2026-09-10T01:20:37.874819+00:00,24
2024-07-02,NVDA,121.11,123.41,121.03,122.67,164107780.0,IBKR_TRADES,RTH,split_adjusted,traded_shares,2026-09-10T01:20:37.874819+00:00,24
2024-07-02,QQQ,480.41,487.04,480.28,486.98,16260462.0,IBKR_TRADES,RTH,split_adjusted,traded_shares,2026-09-10T01:20:37.874819+00:00,24
2024-07-02,SMH,258.99,263.66,258.71,263.63,2728744.0,IBKR_TRADES,RTH,split_adjusted,traded_shares,2026-09-10T01:20:37.874819+00:00,24
2024-07-03,AAPL,220.0,221.55,219.03,221.55,25362271.0,IBKR_TRADES,RTH,split_adjusted,traded_shares,2026-09-10T01:20:37.874819+00:00,24
2024-07-03,AMD,164.2,165.26,162.51,163.9,20484080.0,IBKR_TRADES,RTH,split_adjusted,traded_shares,2026-09-10T01:20:37.874819+00:00,24
2024-07-03,NVDA,121.66,128.28,121.36,128.28,164194999.0,IBKR_TRADES,RTH,split_adjusted,traded_shares,2026-09-10T01:20:37.874819+00:00,24
2024-07-03,QQQ,486.22,491.17,486.2,491.04,12799242.0,IBKR_TRADES,RTH,split_adjusted,traded_shares,2026-09-10T01:20:37.874819+00:00,24
2024-07-03,SMH,264.09,270.4,263.28,269.62,3236344.0,IBKR_TRADES,RTH,split_adjusted,traded_shares,2026-09-10T01:20:37.874819+00:00,24
2024-07-05,AAPL,221.65,226.45,221.65,226.34,40038555.0,IBKR_TRADES,RTH,split_adjusted,traded_shares,2026-09-10T01:20:37.874819+00:00,24
2024-07-05,AMD,165.98,174.04,165.68,171.9,49030293.0,IBKR_TRADES,RTH,split_adjusted,traded_shares,2026-09-10T01:20:37.874819+00:00,24
2024-07-05,NVDA,127.3,128.85,125.68,125.83,158226578.0,IBKR_TRADES,RTH,split_adjusted,traded_shares,2026-09-10T01:20:37.874819+00:00,24
2024-07-05,QQQ,491.9,496.6,491.59,496.16,18725891.0,IBKR_TRADES,RTH,split_adjusted,traded_shares,2026-09-10T01:20:37.874819+00:00,24
2024-07-05,SMH,271.22,272.05,268.05,269.72,4217714.0,IBKR_TRADES,RTH,split_adjusted,traded_shares,2026-09-10T01:20:37.874819+00:00,24
2024-07-08,AAPL,227.09,227.85,223.25,227.82,38367674.0,IBKR_TRADES,RTH,split_adjusted,traded_shares,2026-09-10T01:20:37.874819+00:00,24
2024-07-08,AMD,174.9,178.95,173.22,178.69,46010734.0,IBKR_TRADES,RTH,split_adjusted,traded_shares,2026-09-10T01:20:37.874819+00:00,24
2024-07-08,NVDA,127.49,130.77,127.04,128.2,183753393.0,IBKR_TRADES,RTH,split_adjusted,traded_shares,2026-09-10T01:20:37.874819+00:00,24
2024-07-08,QQQ,496.53,497.9,495.5,497.34,14417880.0,IBKR_TRADES,RTH,split_adjusted,traded_shares,2026-09-10T01:20:37.874819+00:00,24
2024-07-08,SMH,272.84,275.71,272.55,274.21,3908930.0000000005,IBKR_TRADES,RTH,split_adjusted,traded_shares,2026-09-10T01:20:37.874819+00:00,24
2024-07-09,AAPL,227.88,229.4,226.37,228.68,31884330.999999996,IBKR_TRADES,RTH,split_adjusted,traded_shares,2026-09-10T01:20:37.874819+00:00,24
2024-07-09,AMD,177.97,180.41,174.7,177.1,33941249.0,IBKR_TRADES,RTH,split_adjusted,traded_shares,2026-09-10T01:20:37.874819+00:00,24
2024-07-09,NVDA,130.36,133.82,128.65,131.38,225086868.0,IBKR_TRADES,RTH,split_adjusted,traded_shares,2026-09-10T01:20:37.874819+00:00,24
2024-07-09,QQQ,498.87,500.0,496.24,497.77,16459576.000000002,IBKR_TRADES,RTH,split_adjusted,traded_shares,2026-09-10T01:20:37.874819+00:00,24
2024-07-09,SMH,276.29,277.61,272.16,274.81,4221273.0,IBKR_TRADES,RTH,split_adjusted,traded_shares,2026-09-10T01:20:37.874819+00:00,24
2024-07-10,AAPL,229.27,233.08,229.25,232.98,43471626.0,IBKR_TRADES,RTH,split_adjusted,traded_shares,2026-09-10T01:20:37.874819+00:00,24
2024-07-10,AMD,179.99,187.28,177.8,183.96,73818408.0,IBKR_TRADES,RTH,split_adjusted,traded_shares,2026-09-10T01:20:37.874819+00:00,24
2024-07-10,NVDA,134.03,135.1,132.42,134.91,177510660.0,IBKR_TRADES,RTH,split_adjusted,traded_shares,2026-09-10T01:20:37.874819+00:00,24
2024-07-10,QQQ,499.71,503.52,498.39,502.96,17980706.0,IBKR_TRADES,RTH,split_adjusted,traded_shares,2026-09-10T01:20:37.874819+00:00,24
2024-07-10,SMH,278.13,281.73,276.29,281.27,4300237.0,IBKR_TRADES,RTH,split_adjusted,traded_shares,2026-09-10T01:20:37.874819+00:00,24
2024-07-11,AAPL,231.21,232.39,225.77,227.57,41465091.0,IBKR_TRADES,RTH,split_adjusted,traded_shares,2026-09-10T01:20:37.874819+00:00,24
2024-07-11,AMD,184.07,187.11,177.25,181.94,45977974.0,IBKR_TRADES,RTH,split_adjusted,traded_shares,2026-09-10T01:20:37.874819+00:00,24
2024-07-11,NVDA,135.76,136.15,127.05,127.4,273482889.0,IBKR_TRADES,RTH,split_adjusted,traded_shares,2026-09-10T01:20:37.874819+00:00,24
2024-07-11,QQQ,503.07,503.28,490.72,491.93,34485855.0,IBKR_TRADES,RTH,split_adjusted,traded_shares,2026-09-10T01:20:37.874819+00:00,24
2024-07-11,SMH,283.0,283.07,269.99,271.02,8703966.0,IBKR_TRADES,RTH,split_adjusted,traded_shares,2026-09-10T01:20:37.874819+00:00,24
2024-07-12,AAPL,228.92,232.64,228.68,230.54,34735232.0,IBKR_TRADES,RTH,split_adjusted,traded_shares,2026-09-10T01:20:37.874819+00:00,24
2024-07-12,AMD,182.02,186.99,179.69,181.61,40285732.0,IBKR_TRADES,RTH,split_adjusted,traded_shares,2026-09-10T01:20:37.874819+00:00,24
2024-07-12,NVDA,128.27,131.92,127.22,129.24,195452659.0,IBKR_TRADES,RTH,split_adjusted,traded_shares,2026-09-10T01:20:37.874819+00:00,24
2024-07-12,QQQ,492.51,499.62,492.04,494.82,23907893.0,IBKR_TRADES,RTH,split_adjusted,traded_shares,2026-09-10T01:20:37.874819+00:00,24
2024-07-12,SMH,271.8,278.94,271.06,274.45,5498151.0,IBKR_TRADES,RTH,split_adjusted,traded_shares,2026-09-10T01:20:37.874819+00:00,24
2024-07-15,AAPL,236.47,237.23,233.09,234.4,38259399.0,IBKR_TRADES,RTH,split_adjusted,traded_shares,2026-09-10T01:20:37.874819+00:00,24
2024-07-15,AMD,184.46,185.5,178.54,179.83,33310118.0,IBKR_TRADES,RTH,split_adjusted,traded_shares,2026-09-10T01:20:37.874819+00:00,24
2024-07-15,NVDA,130.62,131.39,127.18,128.44,158932314.0,IBKR_TRADES,RTH,split_adjusted,traded_shares,2026-09-10T01:20:37.874819+00:00,24
2024-07-15,QQQ,496.61,501.01,494.09,496.15,22275148.0,IBKR_TRADES,RTH,split_adjusted,traded_shares,2026-09-10T01:20:37.874819+00:00,24
2024-07-15,SMH,276.41,277.47,272.02,273.83,4774622.0,IBKR_TRADES,RTH,split_adjusted,traded_shares,2026-09-10T01:20:37.874819+00:00,24
2024-07-16,AAPL,235.0,236.27,232.33,234.82,25550094.0,IBKR_TRADES,RTH,split_adjusted,traded_shares,2026-09-10T01:20:37.874819+00:00,24
2024-07-16,AMD,179.81,179.81,174.53,177.55,31608980.0,IBKR_TRADES,RTH,split_adjusted,traded_shares,2026-09-10T01:20:37.874819+00:00,24
2024-07-16,NVDA,128.44,129.04,124.58,126.36,160620403.0,IBKR_TRADES,RTH,split_adjusted,traded_shares,2026-09-10T01:20:37.874819+00:00,24
2024-07-16,QQQ,497.62,498.44,493.15,496.34,17334120.0,IBKR_TRADES,RTH,split_adjusted,traded_shares,2026-09-10T01:20:37.874819+00:00,24
2024-07-16,SMH,275.31,275.63,270.54,273.71,3894241.0,IBKR_TRADES,RTH,split_adjusted,traded_shares,2026-09-10T01:20:37.874819+00:00,24
2024-07-17,AAPL,229.46,231.46,226.64,228.88,35208308.0,IBKR_TRADES,RTH,split_adjusted,traded_shares,2026-09-10T01:20:37.874819+00:00,24
2024-07-17,AMD,169.78,169.8,159.37,159.43,55036380.0,IBKR_TRADES,RTH,split_adjusted,traded_shares,2026-09-10T01:20:37.874819+00:00,24
2024-07-17,NVDA,121.34,121.85,116.72,117.99,283220065.0,IBKR_TRADES,RTH,split_adjusted,traded_shares,2026-09-10T01:20:37.874819+00:00,24
2024-07-17,QQQ,488.26,488.8,481.7,481.77,32882973.999999996,IBKR_TRADES,RTH,split_adjusted,traded_shares,2026-09-10T01:20:37.874819+00:00,24
2024-07-17,SMH,263.79,264.0,253.85,254.22,9796674.0,IBKR_TRADES,RTH,split_adjusted,traded_shares,2026-09-10T01:20:37.874819+00:00,24
2024-07-18,AAPL,230.14,230.44,222.27,224.18,40368992.0,IBKR_TRADES,RTH,split_adjusted,traded_shares,2026-09-10T01:20:37.874819+00:00,24
2024-07-18,AMD,163.43,163.43,153.2,155.77,52798956.0,IBKR_TRADES,RTH,split_adjusted,traded_shares,2026-09-10T01:20:37.874819+00:00,24
2024-07-18,NVDA,121.89,122.4,116.56,121.09,247583655.99999997,IBKR_TRADES,RTH,split_adjusted,traded_shares,2026-09-10T01:20:37.874819+00:00,24
2024-07-18,QQQ,485.52,485.71,476.27,479.49,32504243.0,IBKR_TRADES,RTH,split_adjusted,traded_shares,2026-09-10T01:20:37.874819+00:00,24
2024-07-18,SMH,259.13,260.0,250.01,255.54,8655485.0,IBKR_TRADES,RTH,split_adjusted,traded_shares,2026-09-10T01:20:37.874819+00:00,24
2024-07-19,AAPL,224.84,226.8,223.27,224.31,30016556.0,IBKR_TRADES,RTH,split_adjusted,traded_shares,2026-09-10T01:20:37.874819+00:00,24
2024-07-19,AMD,155.06,155.81,150.62,151.58,33777764.0,IBKR_TRADES,RTH,split_adjusted,traded_shares,2026-09-10T01:20:37.874819+00:00,24
2024-07-19,NVDA,120.35,121.6,117.37,117.93,152849463.0,IBKR_TRADES,RTH,split_adjusted,traded_shares,2026-09-10T01:20:37.874819+00:00,24
2024-07-19,QQQ,479.17,481.69,473.94,475.24,24596740.0,IBKR_TRADES,RTH,split_adjusted,traded_shares,2026-09-10T01:20:37.874819+00:00,24
2024-07-19,SMH,254.86,255.21,247.79,248.14,5950859.0,IBKR_TRADES,RTH,split_adjusted,traded_shares,2026-09-10T01:20:37.874819+00:00,24
2024-07-22,AAPL,226.99,227.78,223.09,223.96,28150939.0,IBKR_TRADES,RTH,split_adjusted,traded_shares,2026-09-10T01:20:37.874819+00:00,24
2024-07-22,AMD,154.23,156.7,152.54,155.87,32154504.999999996,IBKR_TRADES,RTH,split_adjusted,traded_shares,2026-09-10T01:20:37.874819+00:00,24
2024-07-22,NVDA,120.35,124.07,119.86,123.54,189146708.0,IBKR_TRADES,RTH,split_adjusted,traded_shares,2026-09-10T01:20:37.874819+00:00,24
2024-07-22,QQQ,481.17,483.35,477.76,482.32,23494900.0,IBKR_TRADES,RTH,split_adjusted,traded_shares,2026-09-10T01:20:37.874819+00:00,24
2024-07-22,SMH,253.0,257.9,251.61,257.72,7477862.0,IBKR_TRADES,RTH,split_adjusted,traded_shares,2026-09-10T01:20:37.874819+00:00,24
2024-07-23,AAPL,224.37,226.94,222.68,225.01,22830815.0,IBKR_TRADES,RTH,split_adjusted,traded_shares,2026-09-10T01:20:37.874819+00:00,24
2024-07-23,AMD,154.71,157.05,153.8,154.0,21902393.0,IBKR_TRADES,RTH,split_adjusted,traded_shares,2026-09-10T01:20:37.874819+00:00,24
2024-07-23,NVDA,122.75,124.69,122.1,122.59,129772607.0,IBKR_TRADES,RTH,split_adjusted,traded_shares,2026-09-10T01:20:37.874819+00:00,24
2024-07-23,QQQ,481.42,484.43,480.14,480.62,14975008.0,IBKR_TRADES,RTH,split_adjusted,traded_shares,2026-09-10T01:20:37.874819+00:00,24
2024-07-23,SMH,254.98,257.37,254.33,254.86,3803181.9999999995,IBKR_TRADES,RTH,split_adjusted,traded_shares,2026-09-10T01:20:37.874819+00:00,24
2024-07-24,AAPL,224.06,224.8,217.13,218.54,35903732.0,IBKR_TRADES,RTH,split_adjusted,traded_shares,2026-09-10T01:20:37.874819+00:00,24
2024-07-24,AMD,152.95,153.68,144.53,144.63,34914577.0,IBKR_TRADES,RTH,split_adjusted,traded_shares,2026-09-10T01:20:37.874819+00:00,24
2024-07-24,NVDA,119.19,119.95,113.44,114.25,227819138.0,IBKR_TRADES,RTH,split_adjusted,traded_shares,2026-09-10T01:20:37.874819+00:00,24
2024-07-24,QQQ,473.82,474.19,462.51,463.38,34133129.0,IBKR_TRADES,RTH,split_adjusted,traded_shares,2026-09-10T01:20:37.874819+00:00,24
2024-07-24,SMH,250.59,251.32,240.34,240.98,7330698.0,IBKR_TRADES,RTH,split_adjusted,traded_shares,2026-09-10T01:20:37.874819+00:00,24
2024-07-25,AAPL,218.87,220.85,214.62,217.49,33938088.0,IBKR_TRADES,RTH,split_adjusted,traded_shares,2026-09-10T01:20:37.874819+00:00,24
2024-07-25,AMD,144.15,144.75,136.81,138.32,46216236.0,IBKR_TRADES,RTH,split_adjusted,traded_shares,2026-09-10T01:20:37.874819+00:00,24
2024-07-25,NVDA,113.07,116.63,106.3,112.28,353161438.0,IBKR_TRADES,RTH,split_adjusted,traded_shares,2026-09-10T01:20:37.874819+00:00,24
2024-07-25,QQQ,463.72,467.94,455.63,458.27,38776948.0,IBKR_TRADES,RTH,split_adjusted,traded_shares,2026-09-10T01:20:37.874819+00:00,24
2024-07-25,SMH,239.0,243.64,230.82,236.56,12432560.0,IBKR_TRADES,RTH,split_adjusted,traded_shares,2026-09-10T01:20:37.874819+00:00,24
2024-07-26,AAPL,218.69,219.49,216.01,217.96,26029067.0,IBKR_TRADES,RTH,split_adjusted,traded_shares,2026-09-10T01:20:37.874819+00:00,24
2024-07-26,AMD,140.31,141.29,138.27,139.99,33807522.0,IBKR_TRADES,RTH,split_adjusted,traded_shares,2026-09-10T01:20:37.874819+00:00,24
2024-07-26,NVDA,116.18,116.2,111.58,113.06,212470053.0,IBKR_TRADES,RTH,split_adjusted,traded_shares,2026-09-10T01:20:37.874819+00:00,24
2024-07-26,QQQ,462.66,465.93,459.77,462.97,28587422.0,IBKR_TRADES,RTH,split_adjusted,traded_shares,2026-09-10T01:20:37.874819+00:00,24
2024-07-26,SMH,242.22,242.32,238.18,240.31,4948489.0,IBKR_TRADES,RTH,split_adjusted,traded_shares,2026-09-10T01:20:37.874819+00:00,24
2024-07-29,AAPL,216.96,219.3,215.75,218.24,23624190.0,IBKR_TRADES,RTH,split_adjusted,traded_shares,2026-09-10T01:20:37.874819+00:00,24
2024-07-29,AMD,141.18,144.59,138.75,139.75,36815256.0,IBKR_TRADES,RTH,split_adjusted,traded_shares,2026-09-10T01:20:37.874819+00:00,24
2024-07-29,NVDA,113.69,116.28,111.3,111.59,192385129.0,IBKR_TRADES,RTH,split_adjusted,traded_shares,2026-09-10T01:20:37.874819+00:00,24
2024-07-29,QQQ,465.71,467.91,461.61,463.9,19881345.0,IBKR_TRADES,RTH,split_adjusted,traded_shares,2026-09-10T01:20:37.874819+00:00,24
2024-07-29,SMH,242.44,245.23,237.77,238.6,4403694.0,IBKR_TRADES,RTH,split_adjusted,traded_shares,2026-09-10T01:20:37.874819+00:00,24
2024-07-30,AAPL,219.2,220.33,216.12,218.8,24927200.0,IBKR_TRADES,RTH,split_adjusted,traded_shares,2026-09-10T01:20:37.874819+00:00,24
2024-07-30,AMD,139.88,141.7,134.05,138.44,45808251.0,IBKR_TRADES,RTH,split_adjusted,traded_shares,2026-09-10T01:20:37.874819+00:00,24
2024-07-30,NVDA,111.52,111.99,102.54,103.73,368521683.0,IBKR_TRADES,RTH,split_adjusted,traded_shares,2026-09-10T01:20:37.874819+00:00,24
2024-07-30,QQQ,465.85,466.57,454.15,457.53,24322376.0,IBKR_TRADES,RTH,split_adjusted,traded_shares,2026-09-10T01:20:37.874819+00:00,24
2024-07-30,SMH,240.22,240.71,228.33,229.47,8922159.0,IBKR_TRADES,RTH,split_adjusted,traded_shares,2026-09-10T01:20:37.874819+00:00,24
2024-07-31,AAPL,221.44,223.82,220.63,222.08,27777929.0,IBKR_TRADES,RTH,split_adjusted,traded_shares,2026-09-10T01:20:37.874819+00:00,24
2024-07-31,AMD,150.7,153.61,140.03,144.48,90459980.0,IBKR_TRADES,RTH,split_adjusted,traded_shares,2026-09-10T01:20:37.874819+00:00,24
2024-07-31,NVDA,112.9,118.34,110.88,117.02,337478448.0,IBKR_TRADES,RTH,split_adjusted,traded_shares,2026-09-10T01:20:37.874819+00:00,24
2024-07-31,QQQ,467.9,472.79,466.41,471.07,29661237.0,IBKR_TRADES,RTH,split_adjusted,traded_shares,2026-09-10T01:20:37.874819+00:00,24
2024-07-31,SMH,242.5,247.69,240.51,246.99,13178510.0,IBKR_TRADES,RTH,split_adjusted,traded_shares,2026-09-10T01:20:37.874819+00:00,24
2024-08-01,AAPL,224.37,224.48,217.02,218.36,33073633.999999996,IBKR_TRADES,RTH,split_adjusted,traded_shares,2026-09-10T01:20:37.874819+00:00,24
2024-08-01,AMD,144.84,147.29,130.24,132.54,72076580.0,IBKR_TRADES,RTH,split_adjusted,traded_shares,2026-09-10T01:20:37.874819+00:00,24
2024-08-01,NVDA,117.52,120.16,106.81,109.21,404138521.0,IBKR_TRADES,RTH,split_adjusted,traded_shares,2026-09-10T01:20:37.874819+00:00,24
2024-08-01,QQQ,471.76,475.55,455.98,459.66,36176600.0,IBKR_TRADES,RTH,split_adjusted,traded_shares,2026-09-10T01:20:37.874819+00:00,24
2024-08-01,SMH,244.04,246.8,227.9,231.01,11323773.0,IBKR_TRADES,RTH,split_adjusted,traded_shares,2026-09-10T01:20:37.874819+00:00,24
2024-08-02,AAPL,219.15,225.6,217.71,219.86,62331421.99999999,IBKR_TRADES,RTH,split_adjusted,traded_shares,2026-09-10T01:20:37.874819+00:00,24
2024-08-02,AMD,133.5,137.1,131.33,132.5,56855980.0,IBKR_TRADES,RTH,split_adjusted,traded_shares,2026-09-10T01:20:37.874819+00:00,24
2024-08-02,NVDA,103.76,108.72,101.4,107.27,350850908.0,IBKR_TRADES,RTH,split_adjusted,traded_shares,2026-09-10T01:20:37.874819+00:00,24
2024-08-02,QQQ,450.89,453.57,444.47,448.75,41684978.0,IBKR_TRADES,RTH,split_adjusted,traded_shares,2026-09-10T01:20:37.874819+00:00,24
2024-08-02,SMH,219.92,222.34,214.18,218.43,13316468.0,IBKR_TRADES,RTH,split_adjusted,traded_shares,2026-09-10T01:20:37.874819+00:00,24
2024-08-05,AAPL,199.09,213.5,196.21,209.27,73239907.0,IBKR_TRADES,RTH,split_adjusted,traded_shares,2026-09-10T01:20:37.874819+00:00,24
2024-08-05,AMD,122.16,139.14,121.82,134.82,53960665.0,IBKR_TRADES,RTH,split_adjusted,traded_shares,2026-09-10T01:20:37.874819+00:00,24
2024-08-05,NVDA,92.11,103.41,90.79,100.45,373078036.0,IBKR_TRADES,RTH,split_adjusted,traded_shares,2026-09-10T01:20:37.874819+00:00,24
2024-08-05,QQQ,424.71,442.29,423.45,435.37,58448130.0,IBKR_TRADES,RTH,split_adjusted,traded_shares,2026-09-10T01:20:37.874819+00:00,24
2024-08-05,SMH,200.98,218.5,200.49,213.31,12377069.0,IBKR_TRADES,RTH,split_adjusted,traded_shares,2026-09-10T01:20:37.874819+00:00,24
2024-08-06,AAPL,205.31,209.99,201.07,207.23,42151560.0,IBKR_TRADES,RTH,split_adjusted,traded_shares,2026-09-10T01:20:37.874819+00:00,24
2024-08-06,AMD,135.08,136.44,129.1,130.18,48402749.0,IBKR_TRADES,RTH,split_adjusted,traded_shares,2026-09-10T01:20:37.874819+00:00,24
2024-08-06,NVDA,103.84,107.71,100.55,104.25,296427780.0,IBKR_TRADES,RTH,split_adjusted,traded_shares,2026-09-10T01:20:37.874819+00:00,24
2024-08-06,QQQ,437.3,447.07,434.56,439.53,39218429.0,IBKR_TRADES,RTH,split_adjusted,traded_shares,2026-09-10T01:20:37.874819+00:00,24
2024-08-06,SMH,216.54,222.8,212.64,217.46,11221691.0,IBKR_TRADES,RTH,split_adjusted,traded_shares,2026-09-10T01:20:37.874819+00:00,24
2024-08-07,AAPL,206.94,213.64,206.39,209.82,35552141.0,IBKR_TRADES,RTH,split_adjusted,traded_shares,2026-09-10T01:20:37.874819+00:00,24
2024-08-07,AMD,133.89,136.24,128.37,128.67,40127198.0,IBKR_TRADES,RTH,split_adjusted,traded_shares,2026-09-10T01:20:37.874819+00:00,24
2024-08-07,NVDA,107.81,108.68,98.69,98.91,313552066.0,IBKR_TRADES,RTH,split_adjusted,traded_shares,2026-09-10T01:20:37.874819+00:00,24
2024-08-07,QQQ,446.51,449.0,434.37,434.77,34513608.0,IBKR_TRADES,RTH,split_adjusted,traded_shares,2026-09-10T01:20:37.874819+00:00,24
2024-08-07,SMH,224.69,226.1,211.01,211.47,8785327.0,IBKR_TRADES,RTH,split_adjusted,traded_shares,2026-09-10T01:20:37.874819+00:00,24
2024-08-08,AAPL,213.11,214.2,208.83,213.31,27204963.0,IBKR_TRADES,RTH,split_adjusted,traded_shares,2026-09-10T01:20:37.874819+00:00,24
2024-08-08,AMD,131.97,136.48,128.94,136.32,34554713.0,IBKR_TRADES,RTH,split_adjusted,traded_shares,2026-09-10T01:20:37.874819+00:00,24
2024-08-08,NVDA,102.0,105.5,97.52,104.97,299711677.0,IBKR_TRADES,RTH,split_adjusted,traded_shares,2026-09-10T01:20:37.874819+00:00,24
2024-08-08,QQQ,441.07,448.99,437.15,448.07,30545552.000000004,IBKR_TRADES,RTH,split_adjusted,traded_shares,2026-09-10T01:20:37.874819+00:00,24
2024-08-08,SMH,217.5,225.27,212.7,224.91,7888153.0,IBKR_TRADES,RTH,split_adjusted,traded_shares,2026-09-10T01:20:37.874819+00:00,24
2024-08-09,AAPL,212.1,216.78,211.97,216.24,25382217.0,IBKR_TRADES,RTH,split_adjusted,traded_shares,2026-09-10T01:20:37.874819+00:00,24
2024-08-09,AMD,134.69,135.5,132.44,134.27,31964987.0,IBKR_TRADES,RTH,split_adjusted,traded_shares,2026-09-10T01:20:37.874819+00:00,24
2024-08-09,NVDA,105.64,106.6,103.43,104.75,231407231.0,IBKR_TRADES,RTH,split_adjusted,traded_shares,2026-09-10T01:20:37.874819+00:00,24
2024-08-09,QQQ,446.73,452.06,445.61,450.41,23005799.0,IBKR_TRADES,RTH,split_adjusted,traded_shares,2026-09-10T01:20:37.874819+00:00,24
2024-08-09,SMH,224.7,226.49,221.39,224.85,4648943.0,IBKR_TRADES,RTH,split_adjusted,traded_shares,2026-09-10T01:20:37.874819+00:00,24
2024-08-12,AAPL,216.14,219.51,215.6,217.53,23230152.0,IBKR_TRADES,RTH,split_adjusted,traded_shares,2026-09-10T01:20:37.874819+00:00,24
2024-08-12,AMD,134.44,137.99,133.23,136.77,32212537.0,IBKR_TRADES,RTH,split_adjusted,traded_shares,2026-09-10T01:20:37.874819+00:00,24
2024-08-12,NVDA,106.32,111.07,106.26,109.02,264827645.0,IBKR_TRADES,RTH,split_adjusted,traded_shares,2026-09-10T01:20:37.874819+00:00,24
2024-08-12,QQQ,451.39,454.37,448.55,451.38,19529893.0,IBKR_TRADES,RTH,split_adjusted,traded_shares,2026-09-10T01:20:37.874819+00:00,24
2024-08-12,SMH,225.19,229.55,224.05,226.96,3959227.0,IBKR_TRADES,RTH,split_adjusted,traded_shares,2026-09-10T01:20:37.874819+00:00,24
2024-08-13,AAPL,219.06,221.89,219.01,221.27,22666324.0,IBKR_TRADES,RTH,split_adjusted,traded_shares,2026-09-10T01:20:37.874819+00:00,24
2024-08-13,AMD,138.01,141.19,137.52,141.13,31852259.000000004,IBKR_TRADES,RTH,split_adjusted,traded_shares,2026-09-10T01:20:37.874819+00:00,24
2024-08-13,NVDA,112.44,116.23,111.58,116.14,233572458.0,IBKR_TRADES,RTH,split_adjusted,traded_shares,2026-09-10T01:20:37.874819+00:00,24
2024-08-13,QQQ,455.81,462.85,455.68,462.58,24109553.0,IBKR_TRADES,RTH,split_adjusted,traded_shares,2026-09-10T01:20:37.874819+00:00,24
2024-08-13,SMH,230.55,236.3,228.87,236.19,4840690.0,IBKR_TRADES,RTH,split_adjusted,traded_shares,2026-09-10T01:20:37.874819+00:00,24
2024-08-14,AAPL,220.42,223.03,219.7,221.72,23924019.0,IBKR_TRADES,RTH,split_adjusted,traded_shares,2026-09-10T01:20:37.874819+00:00,24
2024-08-14,AMD,143.0,143.25,137.64,140.75,27113202.0,IBKR_TRADES,RTH,split_adjusted,traded_shares,2026-09-10T01:20:37.874819+00:00,24
2024-08-14,NVDA,118.5,118.6,114.07,118.08,265400222.0,IBKR_TRADES,RTH,split_adjusted,traded_shares,2026-09-10T01:20:37.874819+00:00,24
2024-08-14,QQQ,463.56,465.11,458.4,462.73,23539524.0,IBKR_TRADES,RTH,split_adjusted,traded_shares,2026-09-10T01:20:37.874819+00:00,24
2024-08-14,SMH,238.71,239.18,232.16,236.39,5001694.0,IBKR_TRADES,RTH,split_adjusted,traded_shares,2026-09-10T01:20:37.874819+00:00,24
2024-08-15,AAPL,224.49,225.35,222.76,224.72,23312973.0,IBKR_TRADES,RTH,split_adjusted,traded_shares,2026-09-10T01:20:37.874819+00:00,24
2024-08-15,AMD,143.0,147.96,141.81,147.36,31696253.999999996,IBKR_TRADES,RTH,split_adjusted,traded_shares,2026-09-10T01:20:37.874819+00:00,24
2024-08-15,NVDA,118.72,123.24,117.47,122.86,242716149.0,IBKR_TRADES,RTH,split_adjusted,traded_shares,2026-09-10T01:20:37.874819+00:00,24
2024-08-15,QQQ,468.76,474.82,468.38,474.42,25745405.0,IBKR_TRADES,RTH,split_adjusted,traded_shares,2026-09-10T01:20:37.874819+00:00,24
2024-08-15,SMH,240.8,247.34,239.53,246.37,5682427.0,IBKR_TRADES,RTH,split_adjusted,traded_shares,2026-09-10T01:20:37.874819+00:00,24
2024-08-16,AAPL,223.78,226.83,223.65,226.05,22316376.0,IBKR_TRADES,RTH,split_adjusted,traded_shares,2026-09-10T01:20:37.874819+00:00,24
2024-08-16,AMD,145.7,149.37,145.2,148.56,23164279.0,IBKR_TRADES,RTH,split_adjusted,traded_shares,2026-09-10T01:20:37.874819+00:00,24
2024-08-16,NVDA,121.94,125.0,121.18,124.58,225852078.0,IBKR_TRADES,RTH,split_adjusted,traded_shares,2026-09-10T01:20:37.874819+00:00,24
2024-08-16,QQQ,472.66,476.41,471.65,475.03,17257095.0,IBKR_TRADES,RTH,split_adjusted,traded_shares,2026-09-10T01:20:37.874819+00:00,24
2024-08-16,SMH,244.21,247.4,243.0,246.71,3437343.0,IBKR_TRADES,RTH,split_adjusted,traded_shares,2026-09-10T01:20:37.874819+00:00,24
2024-08-19,AAPL,225.67,225.99,223.04,225.89,21320233.0,IBKR_TRADES,RTH,split_adjusted,traded_shares,2026-09-10T01:20:37.874819+00:00,24
2024-08-19,AMD,148.36,155.37,147.72,155.28,47113597.0,IBKR_TRADES,RTH,split_adjusted,traded_shares,2026-09-10T01:20:37.874819+00:00,24
2024-08-19,NVDA,124.3,130.0,123.42,130.0,249065927.00000003,IBKR_TRADES,RTH,split_adjusted,traded_shares,2026-09-10T01:20:37.874819+00:00,24
2024-08-19,QQQ,475.17,481.31,473.37,481.27,15015962.0,IBKR_TRADES,RTH,split_adjusted,traded_shares,2026-09-10T01:20:37.874819+00:00,24
2024-08-19,SMH,245.79,251.4,243.29,251.34,4028239.0,IBKR_TRADES,RTH,split_adjusted,traded_shares,2026-09-10T01:20:37.874819+00:00,24
2024-08-20,AAPL,225.75,227.17,225.45,226.51,16813068.0,IBKR_TRADES,RTH,split_adjusted,traded_shares,2026-09-10T01:20:37.874819+00:00,24
2024-08-20,AMD,156.51,162.04,154.51,156.4,60686077.0,IBKR_TRADES,RTH,split_adjusted,traded_shares,2026-09-10T01:20:37.874819+00:00,24
2024-08-20,NVDA,128.4,129.88,125.89,127.25,236159966.0,IBKR_TRADES,RTH,split_adjusted,traded_shares,2026-09-10T01:20:37.874819+00:00,24
2024-08-20,QQQ,480.35,482.94,478.55,480.26,19339502.0,IBKR_TRADES,RTH,split_adjusted,traded_shares,2026-09-10T01:20:37.874819+00:00,24
2024-08-20,SMH,250.15,251.53,245.87,248.06,4901971.0,IBKR_TRADES,RTH,split_adjusted,traded_shares,2026-09-10T01:20:37.874819+00:00,24
2024-08-21,AAPL,226.51,227.98,225.22,226.4,19031932.0,IBKR_TRADES,RTH,split_adjusted,traded_shares,2026-09-10T01:20:37.874819+00:00,24
2024-08-21,AMD,156.13,158.65,155.07,157.81,32818428.999999996,IBKR_TRADES,RTH,split_adjusted,traded_shares,2026-09-10T01:20:37.874819+00:00,24
2024-08-21,NVDA,127.3,129.35,126.66,128.5,207660331.0,IBKR_TRADES,RTH,split_adjusted,traded_shares,2026-09-10T01:20:37.874819+00:00,24
2024-08-21,QQQ,481.05,484.37,479.32,482.5,17735112.0,IBKR_TRADES,RTH,split_adjusted,traded_shares,2026-09-10T01:20:37.874819+00:00,24
2024-08-21,SMH,248.83,251.87,247.86,250.63,3328822.0,IBKR_TRADES,RTH,split_adjusted,traded_shares,2026-09-10T01:20:37.874819+00:00,24
2024-08-22,AAPL,227.77,228.34,223.9,224.53,22241199.0,IBKR_TRADES,RTH,split_adjusted,traded_shares,2026-09-10T01:20:37.874819+00:00,24
2024-08-22,AMD,158.79,159.84,151.01,151.7,34861484.0,IBKR_TRADES,RTH,split_adjusted,traded_shares,2026-09-10T01:20:37.874819+00:00,24
2024-08-22,NVDA,130.04,130.75,123.1,123.74,292824529.0,IBKR_TRADES,RTH,split_adjusted,traded_shares,2026-09-10T01:20:37.874819+00:00,24
2024-08-22,QQQ,484.87,485.54,473.81,474.85,27399234.0,IBKR_TRADES,RTH,split_adjusted,traded_shares,2026-09-10T01:20:37.874819+00:00,24
2024-08-22,SMH,252.45,253.32,241.54,242.42,5820013.0,IBKR_TRADES,RTH,split_adjusted,traded_shares,2026-09-10T01:20:37.874819+00:00,24
2024-08-23,AAPL,225.79,228.22,224.33,226.84,21084281.0,IBKR_TRADES,RTH,split_adjusted,traded_shares,2026-09-10T01:20:37.874819+00:00,24
2024-08-23,AMD,153.59,156.4,151.83,154.98,30644254.0,IBKR_TRADES,RTH,split_adjusted,traded_shares,2026-09-10T01:20:37.874819+00:00,24
2024-08-23,NVDA,125.86,129.6,125.22,129.37,245832008.0,IBKR_TRADES,RTH,split_adjusted,traded_shares,2026-09-10T01:20:37.874819+00:00,24
2024-08-23,QQQ,479.23,482.74,475.28,480.0,26312886.0,IBKR_TRADES,RTH,split_adjusted,traded_shares,2026-09-10T01:20:37.874819+00:00,24
2024-08-23,SMH,245.75,250.33,244.7,248.39,4784242.0,IBKR_TRADES,RTH,split_adjusted,traded_shares,2026-09-10T01:20:37.874819+00:00,24
2024-08-26,AAPL,226.76,227.28,223.89,227.18,17012188.0,IBKR_TRADES,RTH,split_adjusted,traded_shares,2026-09-10T01:20:37.874819+00:00,24
2024-08-26,AMD,154.53,158.28,148.91,149.99,37705673.0,IBKR_TRADES,RTH,split_adjusted,traded_shares,2026-09-10T01:20:37.874819+00:00,24
2024-08-26,NVDA,129.56,131.26,124.37,126.46,257291449.00000003,IBKR_TRADES,RTH,split_adjusted,traded_shares,2026-09-10T01:20:37.874819+00:00,24
2024-08-26,QQQ,479.44,480.38,473.24,475.34,20462852.0,IBKR_TRADES,RTH,split_adjusted,traded_shares,2026-09-10T01:20:37.874819+00:00,24
2024-08-26,SMH,247.49,248.55,241.13,242.57,4655776.0,IBKR_TRADES,RTH,split_adjusted,traded_shares,2026-09-10T01:20:37.874819+00:00,24
2024-08-27,AAPL,226.0,228.85,224.89,228.03,19556392.0,IBKR_TRADES,RTH,split_adjusted,traded_shares,2026-09-10T01:20:37.874819+00:00,24
2024-08-27,AMD,150.14,151.7,148.44,150.5,26835897.0,IBKR_TRADES,RTH,split_adjusted,traded_shares,2026-09-10T01:20:37.874819+00:00,24
2024-08-27,NVDA,125.05,129.2,123.88,128.3,234353795.0,IBKR_TRADES,RTH,split_adjusted,traded_shares,2026-09-10T01:20:37.874819+00:00,24
2024-08-27,QQQ,473.69,477.84,471.71,476.76,19920703.0,IBKR_TRADES,RTH,split_adjusted,traded_shares,2026-09-10T01:20:37.874819+00:00,24
2024-08-27,SMH,240.67,245.75,238.57,245.01,3961735.0000000005,IBKR_TRADES,RTH,split_adjusted,traded_shares,2026-09-10T01:20:37.874819+00:00,24
2024-08-28,AAPL,227.92,229.86,225.68,226.49,22189191.0,IBKR_TRADES,RTH,split_adjusted,traded_shares,2026-09-10T01:20:37.874819+00:00,24
2024-08-28,AMD,149.47,150.43,144.72,146.36,23723197.0,IBKR_TRADES,RTH,split_adjusted,traded_shares,2026-09-10T01:20:37.874819+00:00,24
2024-08-28,NVDA,128.2,128.33,122.64,125.61,301750216.0,IBKR_TRADES,RTH,split_adjusted,traded_shares,2026-09-10T01:20:37.874819+00:00,24
2024-08-28,QQQ,476.29,477.02,467.89,471.35,25468597.0,IBKR_TRADES,RTH,split_adjusted,traded_shares,2026-09-10T01:20:37.874819+00:00,24
2024-08-28,SMH,244.5,245.68,237.82,240.89,5712770.0,IBKR_TRADES,RTH,split_adjusted,traded_shares,2026-09-10T01:20:37.874819+00:00,24
2024-08-29,AAPL,230.1,232.92,228.88,229.79,33023558.0,IBKR_TRADES,RTH,split_adjusted,traded_shares,2026-09-10T01:20:37.874819+00:00,24
2024-08-29,AMD,146.5,149.49,144.47,145.49,24543101.0,IBKR_TRADES,RTH,split_adjusted,traded_shares,2026-09-10T01:20:37.874819+00:00,24
2024-08-29,NVDA,121.38,124.43,116.71,117.59,325772876.0,IBKR_TRADES,RTH,split_adjusted,traded_shares,2026-09-10T01:20:37.874819+00:00,24
2024-08-29,QQQ,473.28,477.93,469.37,470.66,29495094.0,IBKR_TRADES,RTH,split_adjusted,traded_shares,2026-09-10T01:20:37.874819+00:00,24
2024-08-29,SMH,240.47,244.51,236.78,237.91,6175121.0,IBKR_TRADES,RTH,split_adjusted,traded_shares,2026-09-10T01:20:37.874819+00:00,24
2024-08-30,AAPL,230.19,230.4,227.48,229.0,24976455.0,IBKR_TRADES,RTH,split_adjusted,traded_shares,2026-09-10T01:20:37.874819+00:00,24
2024-08-30,AMD,147.52,148.99,145.25,148.56,21119455.0,IBKR_TRADES,RTH,split_adjusted,traded_shares,2026-09-10T01:20:37.874819+00:00,24
2024-08-30,NVDA,119.47,121.75,117.22,119.37,247254513.0,IBKR_TRADES,RTH,split_adjusted,traded_shares,2026-09-10T01:20:37.874819+00:00,24
2024-08-30,QQQ,475.04,476.9,470.51,476.27,23234883.0,IBKR_TRADES,RTH,split_adjusted,traded_shares,2026-09-10T01:20:37.874819+00:00,24
2024-08-30,SMH,242.45,244.6,239.38,243.46,4227608.0,IBKR_TRADES,RTH,split_adjusted,traded_shares,2026-09-10T01:20:37.874819+00:00,24
2024-09-03,AAPL,228.62,229.0,221.17,222.77,27801502.0,IBKR_TRADES,RTH,split_adjusted,traded_shares,2026-09-10T01:20:37.874819+00:00,24
2024-09-03,AMD,146.53,146.53,136.1,136.94,27774420.0,IBKR_TRADES,RTH,split_adjusted,traded_shares,2026-09-10T01:20:37.874819+00:00,24
2024-09-03,NVDA,116.01,116.21,107.29,108.0,353827463.0,IBKR_TRADES,RTH,split_adjusted,traded_shares,2026-09-10T01:20:37.874819+00:00,24
2024-09-03,QQQ,473.19,473.33,459.41,461.81,30985887.000000004,IBKR_TRADES,RTH,split_adjusted,traded_shares,2026-09-10T01:20:37.874819+00:00,24
2024-09-03,SMH,238.87,238.87,223.81,225.19,9722701.0,IBKR_TRADES,RTH,split_adjusted,traded_shares,2026-09-10T01:20:37.874819+00:00,24
2024-09-04,AAPL,221.7,221.78,217.48,220.85,27592088.0,IBKR_TRADES,RTH,split_adjusted,traded_shares,2026-09-10T01:20:37.874819+00:00,24
2024-09-04,AMD,140.55,143.37,138.51,140.87,29964493.0,IBKR_TRADES,RTH,split_adjusted,traded_shares,2026-09-10T01:20:37.874819+00:00,24
2024-09-04,NVDA,105.4,109.99,104.12,106.21,300269045.0,IBKR_TRADES,RTH,split_adjusted,traded_shares,2026-09-10T01:20:37.874819+00:00,24
2024-09-04,QQQ,458.67,464.45,457.73,460.61,23315678.0,IBKR_TRADES,RTH,split_adjusted,traded_shares,2026-09-10T01:20:37.874819+00:00,24
2024-09-04,SMH,221.83,228.58,221.46,224.65,6307314.0,IBKR_TRADES,RTH,split_adjusted,traded_shares,2026-09-10T01:20:37.874819+00:00,24
2024-09-05,AAPL,221.73,225.48,221.52,222.38,21551257.0,IBKR_TRADES,RTH,split_adjusted,traded_shares,2026-09-10T01:20:37.874819+00:00,24
2024-09-05,AMD,138.19,141.71,137.83,139.44,16906105.0,IBKR_TRADES,RTH,split_adjusted,traded_shares,2026-09-10T01:20:37.874819+00:00,24
2024-09-05,NVDA,104.97,109.65,104.76,107.21,236884691.0,IBKR_TRADES,RTH,split_adjusted,traded_shares,2026-09-10T01:20:37.874819+00:00,24
2024-09-05,QQQ,458.97,465.36,457.93,461.04,23765030.0,IBKR_TRADES,RTH,split_adjusted,traded_shares,2026-09-10T01:20:37.874819+00:00,24
2024-09-05,SMH,222.06,227.77,221.73,224.26,4448247.0,IBKR_TRADES,RTH,split_adjusted,traded_shares,2026-09-10T01:20:37.874819+00:00,24
2024-09-06,AAPL,224.0,225.24,219.77,220.82,26076136.0,IBKR_TRADES,RTH,split_adjusted,traded_shares,2026-09-10T01:20:37.874819+00:00,24
2024-09-06,AMD,138.7,139.13,132.11,134.35,26372296.0,IBKR_TRADES,RTH,split_adjusted,traded_shares,2026-09-10T01:20:37.874819+00:00,24
2024-09-06,NVDA,108.06,108.15,100.95,102.83,307038285.0,IBKR_TRADES,RTH,split_adjusted,traded_shares,2026-09-10T01:20:37.874819+00:00,24
2024-09-06,QQQ,460.32,461.22,448.19,448.69,33703228.0,IBKR_TRADES,RTH,split_adjusted,traded_shares,2026-09-10T01:20:37.874819+00:00,24
2024-09-06,SMH,223.35,223.67,213.57,215.0,7882993.000000001,IBKR_TRADES,RTH,split_adjusted,traded_shares,2026-09-10T01:20:37.874819+00:00,24
2024-09-09,AAPL,220.83,221.27,216.71,220.91,44734145.0,IBKR_TRADES,RTH,split_adjusted,traded_shares,2026-09-10T01:20:37.874819+00:00,24
2024-09-09,AMD,136.09,138.45,134.86,138.15,17638570.0,IBKR_TRADES,RTH,split_adjusted,traded_shares,2026-09-10T01:20:37.874819+00:00,24
2024-09-09,NVDA,104.86,106.55,103.69,106.47,207568497.0,IBKR_TRADES,RTH,split_adjusted,traded_shares,2026-09-10T01:20:37.874819+00:00,24
2024-09-09,QQQ,453.04,455.46,449.82,454.46,21910777.0,IBKR_TRADES,RTH,split_adjusted,traded_shares,2026-09-10T01:20:37.874819+00:00,24
2024-09-09,SMH,218.46,220.31,215.79,219.86,5655314.0,IBKR_TRADES,RTH,split_adjusted,traded_shares,2026-09-10T01:20:37.874819+00:00,24
2024-09-10,AAPL,218.9,221.48,216.73,220.11,31111473.0,IBKR_TRADES,RTH,split_adjusted,traded_shares,2026-09-10T01:20:37.874819+00:00,24
2024-09-10,AMD,139.13,143.08,137.25,142.84,26438374.0,IBKR_TRADES,RTH,split_adjusted,traded_shares,2026-09-10T01:20:37.874819+00:00,24
2024-09-10,NVDA,107.81,109.4,104.95,108.1,211506127.0,IBKR_TRADES,RTH,split_adjusted,traded_shares,2026-09-10T01:20:37.874819+00:00,24
2024-09-10,QQQ,456.24,459.17,452.23,458.66,20416504.0,IBKR_TRADES,RTH,split_adjusted,traded_shares,2026-09-10T01:20:37.874819+00:00,24
2024-09-10,SMH,220.62,222.14,216.46,221.94,5974782.0,IBKR_TRADES,RTH,split_adjusted,traded_shares,2026-09-10T01:20:37.874819+00:00,24
2024-09-11,AAPL,221.49,223.09,217.89,222.66,25706023.0,IBKR_TRADES,RTH,split_adjusted,traded_shares,2026-09-10T01:20:37.874819+00:00,24
2024-09-11,AMD,145.31,150.16,140.71,149.86,36070562.0,IBKR_TRADES,RTH,split_adjusted,traded_shares,2026-09-10T01:20:37.874819+00:00,24
2024-09-11,NVDA,109.44,117.18,107.42,116.91,350992646.0,IBKR_TRADES,RTH,split_adjusted,traded_shares,2026-09-10T01:20:37.874819+00:00,24
2024-09-11,QQQ,459.86,469.37,451.28,468.62,39121353.0,IBKR_TRADES,RTH,split_adjusted,traded_shares,2026-09-10T01:20:37.874819+00:00,24
2024-09-11,SMH,223.68,233.7,219.4,233.4,7906974.0,IBKR_TRADES,RTH,split_adjusted,traded_shares,2026-09-10T01:20:37.874819+00:00,24
2024-09-12,AAPL,222.51,223.55,219.82,222.77,22072947.0,IBKR_TRADES,RTH,split_adjusted,traded_shares,2026-09-10T01:20:37.874819+00:00,24
2024-09-12,AMD,148.54,151.54,147.65,150.77,21895518.0,IBKR_TRADES,RTH,split_adjusted,traded_shares,2026-09-10T01:20:37.874819+00:00,24
2024-09-12,NVDA,116.84,120.79,115.38,119.14,288999199.0,IBKR_TRADES,RTH,split_adjusted,traded_shares,2026-09-10T01:20:37.874819+00:00,24
2024-09-12,QQQ,468.64,474.04,466.84,473.22,24855567.0,IBKR_TRADES,RTH,split_adjusted,traded_shares,2026-09-10T01:20:37.874819+00:00,24
2024-09-12,SMH,232.92,235.96,229.96,233.9,5959090.0,IBKR_TRADES,RTH,split_adjusted,traded_shares,2026-09-10T01:20:37.874819+00:00,24
2024-09-13,AAPL,223.61,224.04,221.91,222.5,21515405.0,IBKR_TRADES,RTH,split_adjusted,traded_shares,2026-09-10T01:20:37.874819+00:00,24
2024-09-13,AMD,152.32,153.03,150.7,152.31,18581458.0,IBKR_TRADES,RTH,split_adjusted,traded_shares,2026-09-10T01:20:37.874819+00:00,24
2024-09-13,NVDA,119.05,119.96,117.6,119.1,185850218.0,IBKR_TRADES,RTH,split_adjusted,traded_shares,2026-09-10T01:20:37.874819+00:00,24
2024-09-13,QQQ,472.5,476.53,472.25,475.34,21397243.0,IBKR_TRADES,RTH,split_adjusted,traded_shares,2026-09-10T01:20:37.874819+00:00,24
2024-09-13,SMH,235.0,237.55,234.22,236.91,4599587.0,IBKR_TRADES,RTH,split_adjusted,traded_shares,2026-09-10T01:20:37.874819+00:00,24
2024-09-16,AAPL,216.52,217.22,213.92,216.32,37793399.0,IBKR_TRADES,RTH,split_adjusted,traded_shares,2026-09-10T01:20:37.874819+00:00,24
2024-09-16,AMD,151.72,154.44,150.91,152.08,20247343.0,IBKR_TRADES,RTH,split_adjusted,traded_shares,2026-09-10T01:20:37.874819+00:00,24
2024-09-16,NVDA,116.79,118.18,114.36,116.78,188908542.0,IBKR_TRADES,RTH,split_adjusted,traded_shares,2026-09-10T01:20:37.874819+00:00,24
2024-09-16,QQQ,473.19,473.86,469.89,473.24,15541745.0,IBKR_TRADES,RTH,split_adjusted,traded_shares,2026-09-10T01:20:37.874819+00:00,24
2024-09-16,SMH,233.39,235.0,230.86,233.8,3734145.0,IBKR_TRADES,RTH,split_adjusted,traded_shares,2026-09-10T01:20:37.874819+00:00,24
2024-09-17,AAPL,215.75,216.9,214.5,216.79,27069463.0,IBKR_TRADES,RTH,split_adjusted,traded_shares,2026-09-10T01:20:37.874819+00:00,24
2024-09-17,AMD,153.55,154.05,149.22,150.82,21665410.0,IBKR_TRADES,RTH,split_adjusted,traded_shares,2026-09-10T01:20:37.874819+00:00,24
2024-09-17,NVDA,118.17,118.8,114.83,115.59,182223354.0,IBKR_TRADES,RTH,split_adjusted,traded_shares,2026-09-10T01:20:37.874819+00:00,24
2024-09-17,QQQ,476.24,477.6,470.97,473.49,19336735.0,IBKR_TRADES,RTH,split_adjusted,traded_shares,2026-09-10T01:20:37.874819+00:00,24
2024-09-17,SMH,236.61,237.13,231.84,233.72,2904803.0,IBKR_TRADES,RTH,split_adjusted,traded_shares,2026-09-10T01:20:37.874819+00:00,24
2024-09-18,AAPL,217.55,222.71,217.54,220.69,36949401.0,IBKR_TRADES,RTH,split_adjusted,traded_shares,2026-09-10T01:20:37.874819+00:00,24
2024-09-18,AMD,150.9,152.82,148.01,148.29,19008822.0,IBKR_TRADES,RTH,split_adjusted,traded_shares,2026-09-10T01:20:37.874819+00:00,24
2024-09-18,NVDA,115.92,117.7,113.22,113.37,238189178.0,IBKR_TRADES,RTH,split_adjusted,traded_shares,2026-09-10T01:20:37.874819+00:00,24
2024-09-18,QQQ,474.7,478.83,470.83,471.44,28682553.0,IBKR_TRADES,RTH,split_adjusted,traded_shares,2026-09-10T01:20:37.874819+00:00,24
2024-09-18,SMH,234.78,237.84,230.79,231.06,4782026.0,IBKR_TRADES,RTH,split_adjusted,traded_shares,2026-09-10T01:20:37.874819+00:00,24
2024-09-19,AAPL,225.0,229.82,224.63,228.87,39418891.0,IBKR_TRADES,RTH,split_adjusted,traded_shares,2026-09-10T01:20:37.874819+00:00,24
2024-09-19,AMD,153.75,159.25,152.77,156.74,31345365.999999996,IBKR_TRADES,RTH,split_adjusted,traded_shares,2026-09-10T01:20:37.874819+00:00,24
2024-09-19,NVDA,117.35,119.66,117.25,117.87,215727646.0,IBKR_TRADES,RTH,split_adjusted,traded_shares,2026-09-10T01:20:37.874819+00:00,24
2024-09-19,QQQ,482.61,486.23,480.49,483.36,31999964.0,IBKR_TRADES,RTH,split_adjusted,traded_shares,2026-09-10T01:20:37.874819+00:00,24
2024-09-19,SMH,239.97,243.86,238.31,241.09,7576695.999999999,IBKR_TRADES,RTH,split_adjusted,traded_shares,2026-09-10T01:20:37.874819+00:00,24
2024-09-20,AAPL,229.97,233.09,227.62,228.2,74583167.0,IBKR_TRADES,RTH,split_adjusted,traded_shares,2026-09-10T01:20:37.874819+00:00,24
2024-09-20,AMD,156.0,157.45,152.47,155.95,23477043.0,IBKR_TRADES,RTH,split_adjusted,traded_shares,2026-09-10T01:20:37.874819+00:00,24
2024-09-20,NVDA,117.06,118.62,115.39,116.0,203035396.0,IBKR_TRADES,RTH,split_adjusted,traded_shares,2026-09-10T01:20:37.874819+00:00,24
2024-09-20,QQQ,482.51,483.69,478.3,482.44,18483363.0,IBKR_TRADES,RTH,split_adjusted,traded_shares,2026-09-10T01:20:37.874819+00:00,24
2024-09-20,SMH,238.82,239.65,234.96,237.9,4525492.0,IBKR_TRADES,RTH,split_adjusted,traded_shares,2026-09-10T01:20:37.874819+00:00,24
2024-09-23,AAPL,227.34,229.45,225.81,226.47,26221687.0,IBKR_TRADES,RTH,split_adjusted,traded_shares,2026-09-10T01:20:37.874819+00:00,24
2024-09-23,AMD,156.48,157.19,154.97,156.75,14347019.0,IBKR_TRADES,RTH,split_adjusted,traded_shares,2026-09-10T01:20:37.874819+00:00,24
2024-09-23,NVDA,116.54,116.99,114.86,116.26,154265613.0,IBKR_TRADES,RTH,split_adjusted,traded_shares,2026-09-10T01:20:37.874819+00:00,24
2024-09-23,QQQ,482.95,484.14,481.6,483.04,14688942.0,IBKR_TRADES,RTH,split_adjusted,traded_shares,2026-09-10T01:20:37.874819+00:00,24
2024-09-23,SMH,238.81,239.82,237.12,238.95,2015653.0000000002,IBKR_TRADES,RTH,split_adjusted,traded_shares,2026-09-10T01:20:37.874819+00:00,24
2024-09-24,AAPL,228.59,229.35,225.73,227.37,17350217.0,IBKR_TRADES,RTH,split_adjusted,traded_shares,2026-09-10T01:20:37.874819+00:00,24
2024-09-24,AMD,157.47,159.64,154.58,158.32,19792302.0,IBKR_TRADES,RTH,split_adjusted,traded_shares,2026-09-10T01:20:37.874819+00:00,24
2024-09-24,NVDA,116.5,121.8,115.38,120.87,276256472.0,IBKR_TRADES,RTH,split_adjusted,traded_shares,2026-09-10T01:20:37.874819+00:00,24
2024-09-24,QQQ,484.48,486.33,480.17,485.37,18548010.0,IBKR_TRADES,RTH,split_adjusted,traded_shares,2026-09-10T01:20:37.874819+00:00,24
2024-09-24,SMH,241.08,244.38,238.28,243.4,3829031.9999999995,IBKR_TRADES,RTH,split_adjusted,traded_shares,2026-09-10T01:20:37.874819+00:00,24
2024-09-25,AAPL,225.01,227.29,224.02,226.37,21355237.0,IBKR_TRADES,RTH,split_adjusted,traded_shares,2026-09-10T01:20:37.874819+00:00,24
2024-09-25,AMD,158.5,162.95,158.18,162.02,25991496.0,IBKR_TRADES,RTH,split_adjusted,traded_shares,2026-09-10T01:20:37.874819+00:00,24
2024-09-25,NVDA,122.02,124.94,121.61,123.51,222255197.0,IBKR_TRADES,RTH,split_adjusted,traded_shares,2026-09-10T01:20:37.874819+00:00,24
2024-09-25,QQQ,484.74,487.79,484.56,485.82,15682863.000000002,IBKR_TRADES,RTH,split_adjusted,traded_shares,2026-09-10T01:20:37.874819+00:00,24
2024-09-25,SMH,243.23,247.08,242.8,245.54,3155111.0,IBKR_TRADES,RTH,split_adjusted,traded_shares,2026-09-10T01:20:37.874819+00:00,24
2024-09-26,AAPL,227.31,228.5,225.41,227.52,18748888.0,IBKR_TRADES,RTH,split_adjusted,traded_shares,2026-09-10T01:20:37.874819+00:00,24
2024-09-26,AMD,167.06,168.68,164.05,167.49,26210926.0,IBKR_TRADES,RTH,split_adjusted,traded_shares,2026-09-10T01:20:37.874819+00:00,24
2024-09-26,NVDA,126.79,127.67,121.8,124.04,235258433.0,IBKR_TRADES,RTH,split_adjusted,traded_shares,2026-09-10T01:20:37.874819+00:00,24
2024-09-26,QQQ,493.37,493.7,485.8,489.47,21014602.0,IBKR_TRADES,RTH,split_adjusted,traded_shares,2026-09-10T01:20:37.874819+00:00,24
2024-09-26,SMH,255.5,255.99,247.37,252.62,6724964.0,IBKR_TRADES,RTH,split_adjusted,traded_shares,2026-09-10T01:20:37.874819+00:00,24
2024-09-27,AAPL,228.48,229.52,227.3,227.79,16596912.0,IBKR_TRADES,RTH,split_adjusted,traded_shares,2026-09-10T01:20:37.874819+00:00,24
2024-09-27,AMD,167.48,168.73,163.74,164.35,17695196.0,IBKR_TRADES,RTH,split_adjusted,traded_shares,2026-09-10T01:20:37.874819+00:00,24
2024-09-27,NVDA,123.97,124.03,119.26,121.4,209564365.0,IBKR_TRADES,RTH,split_adjusted,traded_shares,2026-09-10T01:20:37.874819+00:00,24
2024-09-27,QQQ,490.5,490.64,485.56,486.75,15179848.0,IBKR_TRADES,RTH,split_adjusted,traded_shares,2026-09-10T01:20:37.874819+00:00,24
2024-09-27,SMH,253.19,253.21,246.12,247.74,4628860.0,IBKR_TRADES,RTH,split_adjusted,traded_shares,2026-09-10T01:20:37.874819+00:00,24
2024-09-30,AAPL,230.04,233.0,229.65,233.0,26974970.0,IBKR_TRADES,RTH,split_adjusted,traded_shares,2026-09-10T01:20:37.874819+00:00,24
2024-09-30,AMD,163.2,165.08,162.18,164.08,14086257.0,IBKR_TRADES,RTH,split_adjusted,traded_shares,2026-09-10T01:20:37.874819+00:00,24
2024-09-30,NVDA,118.3,121.5,118.15,121.44,167513705.0,IBKR_TRADES,RTH,split_adjusted,traded_shares,2026-09-10T01:20:37.874819+00:00,24
2024-09-30,QQQ,485.78,488.41,482.92,488.07,20132609.0,IBKR_TRADES,RTH,split_adjusted,traded_shares,2026-09-10T01:20:37.874819+00:00,24
2024-09-30,SMH,244.15,247.01,241.87,245.45,4332672.0,IBKR_TRADES,RTH,split_adjusted,traded_shares,2026-09-10T01:20:37.874819+00:00,24
2024-10-01,AAPL,229.52,229.66,223.74,226.21,34814854.0,IBKR_TRADES,RTH,split_adjusted,traded_shares,2026-09-10T01:20:37.874819+00:00,24
2024-10-01,AMD,164.48,165.4,158.08,159.75,21097487.0,IBKR_TRADES,RTH,split_adjusted,traded_shares,2026-09-10T01:20:37.874819+00:00,24
2024-10-01,NVDA,121.77,122.44,115.79,117.0,230136057.0,IBKR_TRADES,RTH,split_adjusted,traded_shares,2026-09-10T01:20:37.874819+00:00,24
2024-10-01,QQQ,487.7,488.0,477.4,481.27,30606853.0,IBKR_TRADES,RTH,split_adjusted,traded_shares,2026-09-10T01:20:37.874819+00:00,24
2024-10-01,SMH,245.63,246.58,237.0,238.88,5458168.0,IBKR_TRADES,RTH,split_adjusted,traded_shares,2026-09-10T01:20:37.874819+00:00,24
2024-10-02,AAPL,225.89,227.37,223.02,226.78,20692888.0,IBKR_TRADES,RTH,split_adjusted,traded_shares,2026-09-10T01:20:37.874819+00:00,24
2024-10-02,AMD,159.27,163.1,158.66,159.78,18456967.0,IBKR_TRADES,RTH,split_adjusted,traded_shares,2026-09-10T01:20:37.874819+00:00,24
2024-10-02,NVDA,116.41,119.38,115.14,118.85,157178379.0,IBKR_TRADES,RTH,split_adjusted,traded_shares,2026-09-10T01:20:37.874819+00:00,24
2024-10-02,QQQ,480.36,483.88,477.72,481.95,16279409.999999998,IBKR_TRADES,RTH,split_adjusted,traded_shares,2026-09-10T01:20:37.874819+00:00,24
2024-10-02,SMH,239.17,244.45,237.59,242.32,4092859.0,IBKR_TRADES,RTH,split_adjusted,traded_shares,2026-09-10T01:20:37.874819+00:00,24
2024-10-03,AAPL,225.14,226.81,223.32,225.67,19585378.0,IBKR_TRADES,RTH,split_adjusted,traded_shares,2026-09-10T01:20:37.874819+00:00,24
2024-10-03,AMD,159.71,166.79,159.4,162.85,22860913.0,IBKR_TRADES,RTH,split_adjusted,traded_shares,2026-09-10T01:20:37.874819+00:00,24
2024-10-03,NVDA,120.88,124.36,120.34,122.85,223461541.0,IBKR_TRADES,RTH,split_adjusted,traded_shares,2026-09-10T01:20:37.874819+00:00,24
2024-10-03,QQQ,479.74,484.55,478.99,481.59,18205156.0,IBKR_TRADES,RTH,split_adjusted,traded_shares,2026-09-10T01:20:37.874819+00:00,24
2024-10-03,SMH,241.55,247.15,241.34,244.55,4083729.0000000005,IBKR_TRADES,RTH,split_adjusted,traded_shares,2026-09-10T01:20:37.874819+00:00,24
2024-10-04,AAPL,227.9,228.0,224.13,226.8,19917855.0,IBKR_TRADES,RTH,split_adjusted,traded_shares,2026-09-10T01:20:37.874819+00:00,24
2024-10-04,AMD,166.64,171.21,164.42,170.9,33830916.0,IBKR_TRADES,RTH,split_adjusted,traded_shares,2026-09-10T01:20:37.874819+00:00,24
2024-10-04,NVDA,124.91,125.01,121.83,124.92,190239579.0,IBKR_TRADES,RTH,split_adjusted,traded_shares,2026-09-10T01:20:37.874819+00:00,24
2024-10-04,QQQ,487.45,487.88,482.38,487.32,20439369.0,IBKR_TRADES,RTH,split_adjusted,traded_shares,2026-09-10T01:20:37.874819+00:00,24
2024-10-04,SMH,249.0,249.21,244.33,247.82,4024721.0000000005,IBKR_TRADES,RTH,split_adjusted,traded_shares,2026-09-10T01:20:37.874819+00:00,24
2024-10-07,AAPL,224.49,225.69,221.33,221.69,20405891.0,IBKR_TRADES,RTH,split_adjusted,traded_shares,2026-09-10T01:20:37.874819+00:00,24
2024-10-07,AMD,171.08,172.41,168.21,170.97,29007363.0,IBKR_TRADES,RTH,split_adjusted,traded_shares,2026-09-10T01:20:37.874819+00:00,24
2024-10-07,NVDA,124.96,130.64,124.94,127.72,277061597.0,IBKR_TRADES,RTH,split_adjusted,traded_shares,2026-09-10T01:20:37.874819+00:00,24
2024-10-07,QQQ,485.42,486.57,480.87,482.1,16526681.000000002,IBKR_TRADES,RTH,split_adjusted,traded_shares,2026-09-10T01:20:37.874819+00:00,24
2024-10-07,SMH,246.53,250.6,246.31,248.22,3266210.0,IBKR_TRADES,RTH,split_adjusted,traded_shares,2026-09-10T01:20:37.874819+00:00,24
2024-10-08,AAPL,224.25,225.98,223.25,225.77,17314641.0,IBKR_TRADES,RTH,split_adjusted,traded_shares,2026-09-10T01:20:37.874819+00:00,24
2024-10-08,AMD,171.75,173.6,170.0,172.8,24286491.0,IBKR_TRADES,RTH,split_adjusted,traded_shares,2026-09-10T01:20:37.874819+00:00,24
2024-10-08,NVDA,130.24,133.48,129.42,132.89,224626342.0,IBKR_TRADES,RTH,split_adjusted,traded_shares,2026-09-10T01:20:37.874819+00:00,24
2024-10-08,QQQ,484.66,489.99,483.84,489.3,17810584.0,IBKR_TRADES,RTH,split_adjusted,traded_shares,2026-09-10T01:20:37.874819+00:00,24
2024-10-08,SMH,249.16,253.17,247.88,252.52,3062659.0,IBKR_TRADES,RTH,split_adjusted,traded_shares,2026-09-10T01:20:37.874819+00:00,24
2024-10-09,AAPL,225.31,229.75,224.83,229.54,19486911.0,IBKR_TRADES,RTH,split_adjusted,traded_shares,2026-09-10T01:20:37.874819+00:00,24
2024-10-09,AMD,174.05,174.05,169.55,171.02,25108421.0,IBKR_TRADES,RTH,split_adjusted,traded_shares,2026-09-10T01:20:37.874819+00:00,24
2024-10-09,NVDA,134.12,134.52,131.38,132.65,196391798.0,IBKR_TRADES,RTH,split_adjusted,traded_shares,2026-09-10T01:20:37.874819+00:00,24
2024-10-09,QQQ,488.98,493.73,487.95,493.15,16140951.999999998,IBKR_TRADES,RTH,split_adjusted,traded_shares,2026-09-10T01:20:37.874819+00:00,24
2024-10-09,SMH,253.0,255.41,250.21,255.15,2832492.0,IBKR_TRADES,RTH,split_adjusted,traded_shares,2026-09-10T01:20:37.874819+00:00,24
2024-10-10,AAPL,227.8,229.5,227.17,229.04,14101451.0,IBKR_TRADES,RTH,split_adjusted,traded_shares,2026-09-10T01:20:37.874819+00:00,24
2024-10-10,AMD,169.81,172.01,162.0,164.18,60805915.00000001,IBKR_TRADES,RTH,split_adjusted,traded_shares,2026-09-10T01:20:37.874819+00:00,24
2024-10-10,NVDA,131.91,135.0,131.0,134.81,193379020.0,IBKR_TRADES,RTH,split_adjusted,traded_shares,2026-09-10T01:20:37.874819+00:00,24
2024-10-10,QQQ,490.85,494.47,489.53,492.59,15043862.0,IBKR_TRADES,RTH,split_adjusted,traded_shares,2026-09-10T01:20:37.874819+00:00,24
2024-10-10,SMH,252.51,255.87,250.99,254.65,2728791.0,IBKR_TRADES,RTH,split_adjusted,traded_shares,2026-09-10T01:20:37.874819+00:00,24
2024-10-11,AAPL,229.49,229.5,227.34,227.55,17332215.0,IBKR_TRADES,RTH,split_adjusted,traded_shares,2026-09-10T01:20:37.874819+00:00,24
2024-10-11,AMD,164.19,169.35,163.01,167.89,31501360.0,IBKR_TRADES,RTH,split_adjusted,traded_shares,2026-09-10T01:20:37.874819+00:00,24
2024-10-11,NVDA,134.02,135.78,133.66,134.8,133021624.0,IBKR_TRADES,RTH,split_adjusted,traded_shares,2026-09-10T01:20:37.874819+00:00,24
2024-10-11,QQQ,490.74,494.39,490.17,493.36,13774876.0,IBKR_TRADES,RTH,split_adjusted,traded_shares,2026-09-10T01:20:37.874819+00:00,24
2024-10-11,SMH,253.61,257.3,253.6,256.69,2953265.0,IBKR_TRADES,RTH,split_adjusted,traded_shares,2026-09-10T01:20:37.874819+00:00,24
2024-10-14,AAPL,228.7,231.73,228.6,231.3,18555324.0,IBKR_TRADES,RTH,split_adjusted,traded_shares,2026-09-10T01:20:37.874819+00:00,24
2024-10-14,AMD,167.77,168.9,165.15,165.27,23717250.0,IBKR_TRADES,RTH,split_adjusted,traded_shares,2026-09-10T01:20:37.874819+00:00,24
2024-10-14,NVDA,136.47,139.6,136.3,138.07,176045982.0,IBKR_TRADES,RTH,split_adjusted,traded_shares,2026-09-10T01:20:37.874819+00:00,24
2024-10-14,QQQ,495.76,498.83,495.26,497.5,15528825.999999998,IBKR_TRADES,RTH,split_adjusted,traded_shares,2026-09-10T01:20:37.874819+00:00,24
2024-10-14,SMH,258.52,262.26,258.42,261.28,3035301.0,IBKR_TRADES,RTH,split_adjusted,traded_shares,2026-09-10T01:20:37.874819+00:00,24
2024-10-15,AAPL,233.6,237.49,232.37,233.85,35033474.0,IBKR_TRADES,RTH,split_adjusted,traded_shares,2026-09-10T01:20:37.874819+00:00,24
2024-10-15,AMD,163.16,164.13,155.74,156.64,36359999.0,IBKR_TRADES,RTH,split_adjusted,traded_shares,2026-09-10T01:20:37.874819+00:00,24
2024-10-15,NVDA,137.87,138.57,128.74,131.6,294109368.0,IBKR_TRADES,RTH,split_adjusted,traded_shares,2026-09-10T01:20:37.874819+00:00,24
2024-10-15,QQQ,497.83,498.5,488.68,490.85,24681703.0,IBKR_TRADES,RTH,split_adjusted,traded_shares,2026-09-10T01:20:37.874819+00:00,24
2024-10-15,SMH,261.0,262.11,245.57,247.16,9825070.0,IBKR_TRADES,RTH,split_adjusted,traded_shares,2026-09-10T01:20:37.874819+00:00,24
2024-10-16,AAPL,231.71,232.12,229.84,231.78,20033352.0,IBKR_TRADES,RTH,split_adjusted,traded_shares,2026-09-10T01:20:37.874819+00:00,24
2024-10-16,AMD,158.08,158.28,154.95,156.13,23614304.0,IBKR_TRADES,RTH,split_adjusted,traded_shares,2026-09-10T01:20:37.874819+00:00,24
2024-10-16,NVDA,133.96,136.62,131.59,135.72,210104509.0,IBKR_TRADES,RTH,split_adjusted,traded_shares,2026-09-10T01:20:37.874819+00:00,24
2024-10-16,QQQ,491.18,491.69,487.57,490.91,15050913.0,IBKR_TRADES,RTH,split_adjusted,traded_shares,2026-09-10T01:20:37.874819+00:00,24
2024-10-16,SMH,249.83,249.83,245.5,247.32,4070947.9999999995,IBKR_TRADES,RTH,split_adjusted,traded_shares,2026-09-10T01:20:37.874819+00:00,24
2024-10-17,AAPL,233.43,233.85,230.52,232.15,15724534.0,IBKR_TRADES,RTH,split_adjusted,traded_shares,2026-09-10T01:20:37.874819+00:00,24
2024-10-17,AMD,160.0,160.44,156.2,156.25,21083848.0,IBKR_TRADES,RTH,split_adjusted,traded_shares,2026-09-10T01:20:37.874819+00:00,24
2024-10-17,NVDA,139.33,140.89,136.87,136.93,233948542.0,IBKR_TRADES,RTH,split_adjusted,traded_shares,2026-09-10T01:20:37.874819+00:00,24
2024-10-17,QQQ,496.42,496.49,491.19,491.25,18954415.0,IBKR_TRADES,RTH,split_adjusted,traded_shares,2026-09-10T01:20:37.874819+00:00,24
2024-10-17,SMH,255.85,256.17,251.5,251.58,4536718.0,IBKR_TRADES,RTH,split_adjusted,traded_shares,2026-09-10T01:20:37.874819+00:00,24
2024-10-18,AAPL,236.18,236.18,234.01,235.0,25975087.0,IBKR_TRADES,RTH,split_adjusted,traded_shares,2026-09-10T01:20:37.874819+00:00,24
2024-10-18,AMD,157.41,158.01,155.56,155.97,16105978.0,IBKR_TRADES,RTH,split_adjusted,traded_shares,2026-09-10T01:20:37.874819+00:00,24
2024-10-18,NVDA,138.66,138.9,137.28,138.0,133012089.0,IBKR_TRADES,RTH,split_adjusted,traded_shares,2026-09-10T01:20:37.874819+00:00,24
2024-10-18,QQQ,494.06,495.57,493.3,494.47,14422471.0,IBKR_TRADES,RTH,split_adjusted,traded_shares,2026-09-10T01:20:37.874819+00:00,24
2024-10-18,SMH,253.5,253.52,250.86,251.51,2338920.0,IBKR_TRADES,RTH,split_adjusted,traded_shares,2026-09-10T01:20:37.874819+00:00,24
2024-10-21,AAPL,234.5,236.85,234.45,236.48,16193625.0,IBKR_TRADES,RTH,split_adjusted,traded_shares,2026-09-10T01:20:37.874819+00:00,24
2024-10-21,AMD,155.81,158.0,154.15,157.9,18159818.0,IBKR_TRADES,RTH,split_adjusted,traded_shares,2026-09-10T01:20:37.874819+00:00,24
2024-10-21,NVDA,138.13,143.71,138.0,143.71,201283439.0,IBKR_TRADES,RTH,split_adjusted,traded_shares,2026-09-10T01:20:37.874819+00:00,24
2024-10-21,QQQ,493.22,496.23,491.31,495.42,18950681.0,IBKR_TRADES,RTH,split_adjusted,traded_shares,2026-09-10T01:20:37.874819+00:00,24
2024-10-21,SMH,251.0,253.05,249.49,252.84,2346499.0,IBKR_TRADES,RTH,split_adjusted,traded_shares,2026-09-10T01:20:37.874819+00:00,24
2024-10-22,AAPL,233.88,236.22,232.6,235.86,17945634.0,IBKR_TRADES,RTH,split_adjusted,traded_shares,2026-09-10T01:20:37.874819+00:00,24
2024-10-22,AMD,156.6,156.74,151.91,154.09,25689497.0,IBKR_TRADES,RTH,split_adjusted,traded_shares,2026-09-10T01:20:37.874819+00:00,24
2024-10-22,NVDA,142.97,144.42,141.78,143.59,172751660.0,IBKR_TRADES,RTH,split_adjusted,traded_shares,2026-09-10T01:20:37.874819+00:00,24
2024-10-22,QQQ,492.72,497.45,491.97,495.96,19289989.0,IBKR_TRADES,RTH,split_adjusted,traded_shares,2026-09-10T01:20:37.874819+00:00,24
2024-10-22,SMH,251.33,252.49,249.67,251.69,2164613.0,IBKR_TRADES,RTH,split_adjusted,traded_shares,2026-09-10T01:20:37.874819+00:00,24
2024-10-23,AAPL,234.13,235.15,227.76,230.76,31601501.0,IBKR_TRADES,RTH,split_adjusted,traded_shares,2026-09-10T01:20:37.874819+00:00,24
2024-10-23,AMD,153.01,153.45,150.52,152.91,19105940.0,IBKR_TRADES,RTH,split_adjusted,traded_shares,2026-09-10T01:20:37.874819+00:00,24
2024-10-23,NVDA,142.02,142.43,137.46,139.56,224333822.0,IBKR_TRADES,RTH,split_adjusted,traded_shares,2026-09-10T01:20:37.874819+00:00,24
2024-10-23,QQQ,493.58,494.25,485.05,488.36,25204880.0,IBKR_TRADES,RTH,split_adjusted,traded_shares,2026-09-10T01:20:37.874819+00:00,24
2024-10-23,SMH,250.45,251.67,245.84,249.01,3630176.0,IBKR_TRADES,RTH,split_adjusted,traded_shares,2026-09-10T01:20:37.874819+00:00,24
2024-10-24,AAPL,229.98,230.82,228.41,230.57,16618148.0,IBKR_TRADES,RTH,split_adjusted,traded_shares,2026-09-10T01:20:37.874819+00:00,24
2024-10-24,AMD,154.74,155.19,152.35,153.44,15453959.000000002,IBKR_TRADES,RTH,split_adjusted,traded_shares,2026-09-10T01:20:37.874819+00:00,24
2024-10-24,NVDA,140.82,141.35,138.46,140.41,131691590.0,IBKR_TRADES,RTH,split_adjusted,traded_shares,2026-09-10T01:20:37.874819+00:00,24
2024-10-24,QQQ,492.11,493.0,489.44,492.32,14302746.0,IBKR_TRADES,RTH,split_adjusted,traded_shares,2026-09-10T01:20:37.874819+00:00,24
2024-10-24,SMH,250.87,251.2,248.2,250.06,1736158.0,IBKR_TRADES,RTH,split_adjusted,traded_shares,2026-09-10T01:20:37.874819+00:00,24
2024-10-25,AAPL,229.74,233.22,229.57,231.41,19223991.0,IBKR_TRADES,RTH,split_adjusted,traded_shares,2026-09-10T01:20:37.874819+00:00,24
2024-10-25,AMD,155.4,158.91,155.05,156.23,20460290.0,IBKR_TRADES,RTH,split_adjusted,traded_shares,2026-09-10T01:20:37.874819+00:00,24
2024-10-25,NVDA,140.93,144.13,140.8,141.54,160991153.0,IBKR_TRADES,RTH,split_adjusted,traded_shares,2026-09-10T01:20:37.874819+00:00,24
2024-10-25,QQQ,495.14,500.28,494.43,495.32,24545014.0,IBKR_TRADES,RTH,split_adjusted,traded_shares,2026-09-10T01:20:37.874819+00:00,24
2024-10-25,SMH,252.49,256.55,252.3,252.96,4944184.0,IBKR_TRADES,RTH,split_adjusted,traded_shares,2026-09-10T01:20:37.874819+00:00,24
2024-10-28,AAPL,233.34,234.73,232.55,233.4,17309209.0,IBKR_TRADES,RTH,split_adjusted,traded_shares,2026-09-10T01:20:37.874819+00:00,24
2024-10-28,AMD,158.5,160.28,157.04,159.92,21389127.0,IBKR_TRADES,RTH,split_adjusted,traded_shares,2026-09-10T01:20:37.874819+00:00,24
2024-10-28,NVDA,143.03,143.14,140.05,140.52,129577268.0,IBKR_TRADES,RTH,split_adjusted,traded_shares,2026-09-10T01:20:37.874819+00:00,24
2024-10-28,QQQ,498.46,498.52,495.1,495.4,14403763.0,IBKR_TRADES,RTH,split_adjusted,traded_shares,2026-09-10T01:20:37.874819+00:00,24
2024-10-28,SMH,253.22,253.22,251.0,251.21,2350517.0,IBKR_TRADES,RTH,split_adjusted,traded_shares,2026-09-10T01:20:37.874819+00:00,24
2024-10-29,AAPL,233.26,234.33,232.32,233.67,15878793.0,IBKR_TRADES,RTH,split_adjusted,traded_shares,2026-09-10T01:20:37.874819+00:00,24
2024-10-29,AMD,161.1,167.51,158.94,166.25,41732191.0,IBKR_TRADES,RTH,split_adjusted,traded_shares,2026-09-10T01:20:37.874819+00:00,24
2024-10-29,NVDA,140.26,142.26,138.9,141.25,115305913.0,IBKR_TRADES,RTH,split_adjusted,traded_shares,2026-09-10T01:20:37.874819+00:00,24
2024-10-29,QQQ,495.72,501.35,493.85,500.16,17975092.0,IBKR_TRADES,RTH,split_adjusted,traded_shares,2026-09-10T01:20:37.874819+00:00,24
2024-10-29,SMH,251.9,258.33,250.86,256.92,3403390.0,IBKR_TRADES,RTH,split_adjusted,traded_shares,2026-09-10T01:20:37.874819+00:00,24
2024-10-30,AAPL,232.63,233.23,229.55,230.1,22340728.0,IBKR_TRADES,RTH,split_adjusted,traded_shares,2026-09-10T01:20:37.874819+00:00,24
2024-10-30,AMD,153.01,153.12,148.1,148.6,59070469.0,IBKR_TRADES,RTH,split_adjusted,traded_shares,2026-09-10T01:20:37.874819+00:00,24
2024-10-30,NVDA,139.52,140.33,136.81,139.34,122350594.00000001,IBKR_TRADES,RTH,split_adjusted,traded_shares,2026-09-10T01:20:37.874819+00:00,24
2024-10-30,QQQ,499.39,500.35,495.89,496.38,17480062.0,IBKR_TRADES,RTH,split_adjusted,traded_shares,2026-09-10T01:20:37.874819+00:00,24
2024-10-30,SMH,251.74,253.0,249.45,250.68,3583565.0,IBKR_TRADES,RTH,split_adjusted,traded_shares,2026-09-10T01:20:37.874819+00:00,24
2024-10-31,AAPL,229.51,229.83,225.37,225.91,27401002.0,IBKR_TRADES,RTH,split_adjusted,traded_shares,2026-09-10T01:20:37.874819+00:00,24
2024-10-31,AMD,147.81,148.68,143.33,144.07,31381486.0,IBKR_TRADES,RTH,split_adjusted,traded_shares,2026-09-10T01:20:37.874819+00:00,24
2024-10-31,NVDA,137.6,137.62,132.11,132.76,191719617.0,IBKR_TRADES,RTH,split_adjusted,traded_shares,2026-09-10T01:20:37.874819+00:00,24
2024-10-31,QQQ,492.37,492.43,483.75,483.85,26360839.0,IBKR_TRADES,RTH,split_adjusted,traded_shares,2026-09-10T01:20:37.874819+00:00,24
2024-10-31,SMH,248.27,248.27,240.28,241.68,6586985.0,IBKR_TRADES,RTH,split_adjusted,traded_shares,2026-09-10T01:20:37.874819+00:00,24
2024-11-01,AAPL,221.0,225.35,220.27,222.91,36640900.0,IBKR_TRADES,RTH,split_adjusted,traded_shares,2026-09-10T01:20:37.874819+00:00,24
2024-11-01,AMD,144.55,144.55,141.32,141.86,25749078.0,IBKR_TRADES,RTH,split_adjusted,traded_shares,2026-09-10T01:20:37.874819+00:00,24
2024-11-01,NVDA,134.7,137.31,134.58,135.4,142058449.0,IBKR_TRADES,RTH,split_adjusted,traded_shares,2026-09-10T01:20:37.874819+00:00,24
2024-11-01,QQQ,485.52,490.76,485.2,487.43,21276244.0,IBKR_TRADES,RTH,split_adjusted,traded_shares,2026-09-10T01:20:37.874819+00:00,24
2024-11-01,SMH,244.19,247.29,243.35,244.75,3464238.0,IBKR_TRADES,RTH,split_adjusted,traded_shares,2026-09-10T01:20:37.874819+00:00,24
2024-11-04,AAPL,220.93,222.79,219.72,222.01,19530351.0,IBKR_TRADES,RTH,split_adjusted,traded_shares,2026-09-10T01:20:37.874819+00:00,24
2024-11-04,AMD,141.7,143.64,139.72,140.71,20774802.0,IBKR_TRADES,RTH,split_adjusted,traded_shares,2026-09-10T01:20:37.874819+00:00,24
2024-11-04,NVDA,137.25,138.96,135.57,136.05,141731456.0,IBKR_TRADES,RTH,split_adjusted,traded_shares,2026-09-10T01:20:37.874819+00:00,24
2024-11-04,QQQ,486.82,489.38,484.25,486.01,14811847.0,IBKR_TRADES,RTH,split_adjusted,traded_shares,2026-09-10T01:20:37.874819+00:00,24
2024-11-04,SMH,245.31,247.51,243.41,244.27,3658105.0,IBKR_TRADES,RTH,split_adjusted,traded_shares,2026-09-10T01:20:37.874819+00:00,24
2024-11-05,AAPL,221.8,223.95,221.14,223.45,15892199.000000002,IBKR_TRADES,RTH,split_adjusted,traded_shares,2026-09-10T01:20:37.874819+00:00,24
2024-11-05,AMD,141.92,143.08,140.8,141.66,18345589.0,IBKR_TRADES,RTH,split_adjusted,traded_shares,2026-09-10T01:20:37.874819+00:00,24
2024-11-05,NVDA,137.45,140.38,137.33,139.91,120303912.0,IBKR_TRADES,RTH,split_adjusted,traded_shares,2026-09-10T01:20:37.874819+00:00,24
2024-11-05,QQQ,487.61,492.88,487.52,492.21,14216069.0,IBKR_TRADES,RTH,split_adjusted,traded_shares,2026-09-10T01:20:37.874819+00:00,24
2024-11-05,SMH,245.25,249.04,245.08,248.31,3034560.0,IBKR_TRADES,RTH,split_adjusted,traded_shares,2026-09-10T01:20:37.874819+00:00,24
2024-11-06,AAPL,222.58,226.07,221.19,222.72,28869825.0,IBKR_TRADES,RTH,split_adjusted,traded_shares,2026-09-10T01:20:37.874819+00:00,24
2024-11-06,AMD,144.92,145.63,141.52,145.1,22143307.0,IBKR_TRADES,RTH,split_adjusted,traded_shares,2026-09-10T01:20:37.874819+00:00,24
2024-11-06,NVDA,142.96,146.49,141.99,145.61,172413322.0,IBKR_TRADES,RTH,split_adjusted,traded_shares,2026-09-10T01:20:37.874819+00:00,24
2024-11-06,QQQ,500.56,506.41,499.6,505.58,24612503.0,IBKR_TRADES,RTH,split_adjusted,traded_shares,2026-09-10T01:20:37.874819+00:00,24
2024-11-06,SMH,252.29,255.69,250.21,254.81,5240788.0,IBKR_TRADES,RTH,split_adjusted,traded_shares,2026-09-10T01:20:37.874819+00:00,24
2024-11-07,AAPL,224.63,227.88,224.57,227.48,21768115.0,IBKR_TRADES,RTH,split_adjusted,traded_shares,2026-09-10T01:20:37.874819+00:00,24
2024-11-07,AMD,146.68,150.12,145.66,149.82,20815359.0,IBKR_TRADES,RTH,split_adjusted,traded_shares,2026-09-10T01:20:37.874819+00:00,24
2024-11-07,NVDA,146.39,148.93,146.17,148.88,139410984.0,IBKR_TRADES,RTH,split_adjusted,traded_shares,2026-09-10T01:20:37.874819+00:00,24
2024-11-07,QQQ,508.4,514.33,508.34,513.54,18566047.0,IBKR_TRADES,RTH,split_adjusted,traded_shares,2026-09-10T01:20:37.874819+00:00,24
2024-11-07,SMH,258.39,261.15,258.14,261.02,3770594.0,IBKR_TRADES,RTH,split_adjusted,traded_shares,2026-09-10T01:20:37.874819+00:00,24
2024-11-08,AAPL,227.17,228.66,226.4,226.96,17128740.0,IBKR_TRADES,RTH,split_adjusted,traded_shares,2026-09-10T01:20:37.874819+00:00,24
2024-11-08,AMD,149.26,150.71,147.52,147.95,19123868.0,IBKR_TRADES,RTH,split_adjusted,traded_shares,2026-09-10T01:20:37.874819+00:00,24
2024-11-08,NVDA,148.79,149.77,146.26,147.63,122058252.0,IBKR_TRADES,RTH,split_adjusted,traded_shares,2026-09-10T01:20:37.874819+00:00,24
2024-11-08,QQQ,513.03,514.92,512.41,514.14,13126012.0,IBKR_TRADES,RTH,split_adjusted,traded_shares,2026-09-10T01:20:37.874819+00:00,24
2024-11-08,SMH,260.76,261.88,257.92,259.34,2626661.0,IBKR_TRADES,RTH,split_adjusted,traded_shares,2026-09-10T01:20:37.874819+00:00,24
2024-11-11,AAPL,224.99,225.7,221.5,224.23,23999572.0,IBKR_TRADES,RTH,split_adjusted,traded_shares,2026-09-10T01:20:37.874819+00:00,24
2024-11-11,AMD,147.38,148.57,144.91,147.35,19676248.0,IBKR_TRADES,RTH,split_adjusted,traded_shares,2026-09-10T01:20:37.874819+00:00,24
2024-11-11,NVDA,148.62,148.85,143.57,145.26,131542879.99999999,IBKR_TRADES,RTH,split_adjusted,traded_shares,2026-09-10T01:20:37.874819+00:00,24
2024-11-11,QQQ,515.36,515.58,510.92,513.84,15134208.0,IBKR_TRADES,RTH,split_adjusted,traded_shares,2026-09-10T01:20:37.874819+00:00,24
2024-11-11,SMH,257.92,258.05,250.99,253.53,5763826.0,IBKR_TRADES,RTH,split_adjusted,traded_shares,2026-09-10T01:20:37.874819+00:00,24
2024-11-12,AAPL,224.43,225.59,223.35,224.23,19864507.0,IBKR_TRADES,RTH,split_adjusted,traded_shares,2026-09-10T01:20:37.874819+00:00,24
2024-11-12,AMD,147.01,147.45,141.55,143.63,23186991.0,IBKR_TRADES,RTH,split_adjusted,traded_shares,2026-09-10T01:20:37.874819+00:00,24
2024-11-12,NVDA,146.77,149.62,146.01,148.29,140041646.0,IBKR_TRADES,RTH,split_adjusted,traded_shares,2026-09-10T01:20:37.874819+00:00,24
2024-11-12,QQQ,513.75,514.66,509.83,512.91,15659841.999999998,IBKR_TRADES,RTH,split_adjusted,traded_shares,2026-09-10T01:20:37.874819+00:00,24
2024-11-12,SMH,253.1,253.57,248.86,251.86,4863503.0,IBKR_TRADES,RTH,split_adjusted,traded_shares,2026-09-10T01:20:37.874819+00:00,24
2024-11-13,AAPL,224.01,226.65,222.76,225.12,20544396.0,IBKR_TRADES,RTH,split_adjusted,traded_shares,2026-09-10T01:20:37.874819+00:00,24
2024-11-13,AMD,142.83,144.49,139.07,139.3,22891761.0,IBKR_TRADES,RTH,split_adjusted,traded_shares,2026-09-10T01:20:37.874819+00:00,24
2024-11-13,NVDA,149.04,149.33,145.9,146.27,122559622.00000001,IBKR_TRADES,RTH,split_adjusted,traded_shares,2026-09-10T01:20:37.874819+00:00,24
2024-11-13,QQQ,512.4,514.98,509.95,512.25,14776556.0,IBKR_TRADES,RTH,split_adjusted,traded_shares,2026-09-10T01:20:37.874819+00:00,24
2024-11-13,SMH,250.7,251.18,247.22,247.63,4015155.9999999995,IBKR_TRADES,RTH,split_adjusted,traded_shares,2026-09-10T01:20:37.874819+00:00,24
2024-11-14,AAPL,225.11,228.87,225.0,228.22,22330857.0,IBKR_TRADES,RTH,split_adjusted,traded_shares,2026-09-10T01:20:37.874819+00:00,24
2024-11-14,AMD,140.35,141.4,138.56,138.84,19233113.0,IBKR_TRADES,RTH,split_adjusted,traded_shares,2026-09-10T01:20:37.874819+00:00,24
2024-11-14,NVDA,147.64,149.0,145.55,146.76,136860423.0,IBKR_TRADES,RTH,split_adjusted,traded_shares,2026-09-10T01:20:37.874819+00:00,24
2024-11-14,QQQ,511.91,512.79,507.77,508.69,17281483.0,IBKR_TRADES,RTH,split_adjusted,traded_shares,2026-09-10T01:20:37.874819+00:00,24
2024-11-14,SMH,249.56,250.96,247.38,248.18,3135834.0,IBKR_TRADES,RTH,split_adjusted,traded_shares,2026-09-10T01:20:37.874819+00:00,24
2024-11-15,AAPL,225.7,226.92,224.27,225.0,21996750.0,IBKR_TRADES,RTH,split_adjusted,traded_shares,2026-09-10T01:20:37.874819+00:00,24
2024-11-15,AMD,136.49,137.35,133.65,134.9,26889607.0,IBKR_TRADES,RTH,split_adjusted,traded_shares,2026-09-10T01:20:37.874819+00:00,24
2024-11-15,NVDA,144.87,145.24,140.08,141.98,172742213.0,IBKR_TRADES,RTH,split_adjusted,traded_shares,2026-09-10T01:20:37.874819+00:00,24
2024-11-15,QQQ,502.94,503.33,494.49,496.57,26965652.0,IBKR_TRADES,RTH,split_adjusted,traded_shares,2026-09-10T01:20:37.874819+00:00,24
2024-11-15,SMH,244.17,244.57,238.8,239.95,6852453.0,IBKR_TRADES,RTH,split_adjusted,traded_shares,2026-09-10T01:20:37.874819+00:00,24
2024-11-18,AAPL,225.22,229.74,225.17,228.02,18581033.0,IBKR_TRADES,RTH,split_adjusted,traded_shares,2026-09-10T01:20:37.874819+00:00,24
2024-11-18,AMD,138.36,140.9,137.21,138.93,23343616.0,IBKR_TRADES,RTH,split_adjusted,traded_shares,2026-09-10T01:20:37.874819+00:00,24
2024-11-18,NVDA,139.51,141.55,137.15,140.15,143240458.0,IBKR_TRADES,RTH,split_adjusted,traded_shares,2026-09-10T01:20:37.874819+00:00,24
2024-11-18,QQQ,498.13,502.14,496.73,500.02,17408210.0,IBKR_TRADES,RTH,split_adjusted,traded_shares,2026-09-10T01:20:37.874819+00:00,24
2024-11-18,SMH,239.03,242.17,237.39,241.54,5448394.0,IBKR_TRADES,RTH,split_adjusted,traded_shares,2026-09-10T01:20:37.874819+00:00,24
2024-11-19,AAPL,226.65,230.16,226.65,228.28,16910837.0,IBKR_TRADES,RTH,split_adjusted,traded_shares,2026-09-10T01:20:37.874819+00:00,24
2024-11-19,AMD,137.4,139.75,137.14,139.39,14744444.0,IBKR_TRADES,RTH,split_adjusted,traded_shares,2026-09-10T01:20:37.874819+00:00,24
2024-11-19,NVDA,141.32,147.13,140.99,147.01,158340129.0,IBKR_TRADES,RTH,split_adjusted,traded_shares,2026-09-10T01:20:37.874819+00:00,24
2024-11-19,QQQ,497.42,503.96,497.08,503.46,14417080.0,IBKR_TRADES,RTH,split_adjusted,traded_shares,2026-09-10T01:20:37.874819+00:00,24
2024-11-19,SMH,241.1,244.27,240.6,244.18,2806574.0,IBKR_TRADES,RTH,split_adjusted,traded_shares,2026-09-10T01:20:37.874819+00:00,24
2024-11-20,AAPL,228.06,229.93,225.89,229.0,16182979.0,IBKR_TRADES,RTH,split_adjusted,traded_shares,2026-09-10T01:20:37.874819+00:00,24
2024-11-20,AMD,138.96,140.77,135.48,137.6,17385169.0,IBKR_TRADES,RTH,split_adjusted,traded_shares,2026-09-10T01:20:37.874819+00:00,24
2024-11-20,NVDA,147.38,147.56,142.73,145.89,193739776.0,IBKR_TRADES,RTH,split_adjusted,traded_shares,2026-09-10T01:20:37.874819+00:00,24
2024-11-20,QQQ,503.11,503.48,496.55,503.17,18894571.0,IBKR_TRADES,RTH,split_adjusted,traded_shares,2026-09-10T01:20:37.874819+00:00,24
2024-11-20,SMH,243.33,243.75,238.65,242.54,4813411.0,IBKR_TRADES,RTH,split_adjusted,traded_shares,2026-09-10T01:20:37.874819+00:00,24
2024-11-21,AAPL,228.85,230.16,225.71,228.52,22138570.0,IBKR_TRADES,RTH,split_adjusted,traded_shares,2026-09-10T01:20:37.874819+00:00,24
2024-11-21,AMD,138.87,140.28,134.93,137.49,18657637.0,IBKR_TRADES,RTH,split_adjusted,traded_shares,2026-09-10T01:20:37.874819+00:00,24
2024-11-21,NVDA,149.35,152.89,140.7,146.67,295553519.0,IBKR_TRADES,RTH,split_adjusted,traded_shares,2026-09-10T01:20:37.874819+00:00,24
2024-11-21,QQQ,506.24,506.96,497.56,504.98,23752193.0,IBKR_TRADES,RTH,split_adjusted,traded_shares,2026-09-10T01:20:37.874819+00:00,24
2024-11-21,SMH,245.52,248.19,239.6,246.1,6412116.0,IBKR_TRADES,RTH,split_adjusted,traded_shares,2026-09-10T01:20:37.874819+00:00,24
2024-11-22,AAPL,228.29,230.72,228.06,229.87,19966208.0,IBKR_TRADES,RTH,split_adjusted,traded_shares,2026-09-10T01:20:37.874819+00:00,24
2024-11-22,AMD,137.35,139.13,137.04,138.35,14663092.0,IBKR_TRADES,RTH,split_adjusted,traded_shares,2026-09-10T01:20:37.874819+00:00,24
2024-11-22,NVDA,145.89,147.16,141.1,141.95,176904822.0,IBKR_TRADES,RTH,split_adjusted,traded_shares,2026-09-10T01:20:37.874819+00:00,24
2024-11-22,QQQ,504.4,506.53,502.78,505.79,14487800.0,IBKR_TRADES,RTH,split_adjusted,traded_shares,2026-09-10T01:20:37.874819+00:00,24
2024-11-22,SMH,245.97,246.64,243.31,244.62,2824173.0,IBKR_TRADES,RTH,split_adjusted,traded_shares,2026-09-10T01:20:37.874819+00:00,24
2024-11-25,AAPL,231.45,233.25,229.74,232.87,26892705.0,IBKR_TRADES,RTH,split_adjusted,traded_shares,2026-09-10T01:20:37.874819+00:00,24
2024-11-25,AMD,140.49,142.35,139.05,141.13,19536477.0,IBKR_TRADES,RTH,split_adjusted,traded_shares,2026-09-10T01:20:37.874819+00:00,24
2024-11-25,NVDA,141.92,142.03,135.82,136.02,195607735.0,IBKR_TRADES,RTH,split_adjusted,traded_shares,2026-09-10T01:20:37.874819+00:00,24
2024-11-25,QQQ,509.9,511.46,504.26,506.59,17575879.0,IBKR_TRADES,RTH,split_adjusted,traded_shares,2026-09-10T01:20:37.874819+00:00,24
2024-11-25,SMH,246.35,246.35,242.27,243.66,2810795.0,IBKR_TRADES,RTH,split_adjusted,traded_shares,2026-09-10T01:20:37.874819+00:00,24
2024-11-26,AAPL,233.35,235.57,233.33,235.06,23333529.0,IBKR_TRADES,RTH,split_adjusted,traded_shares,2026-09-10T01:20:37.874819+00:00,24
2024-11-26,AMD,142.55,142.8,136.62,137.72,22925998.0,IBKR_TRADES,RTH,split_adjusted,traded_shares,2026-09-10T01:20:37.874819+00:00,24
2024-11-26,NVDA,137.7,139.3,135.67,136.92,135091885.0,IBKR_TRADES,RTH,split_adjusted,traded_shares,2026-09-10T01:20:37.874819+00:00,24
2024-11-26,QQQ,508.08,510.14,507.23,509.31,16277182.000000002,IBKR_TRADES,RTH,split_adjusted,traded_shares,2026-09-10T01:20:37.874819+00:00,24
2024-11-26,SMH,245.82,246.12,239.89,241.42,3525533.0,IBKR_TRADES,RTH,split_adjusted,traded_shares,2026-09-10T01:20:37.874819+00:00,24
2024-11-27,AAPL,234.44,235.69,233.81,234.93,16560530.000000002,IBKR_TRADES,RTH,split_adjusted,traded_shares,2026-09-10T01:20:37.874819+00:00,24
2024-11-27,AMD,137.42,137.94,132.97,136.24,20140934.0,IBKR_TRADES,RTH,split_adjusted,traded_shares,2026-09-10T01:20:37.874819+00:00,24
2024-11-27,NVDA,135.01,137.22,131.8,135.34,162859270.0,IBKR_TRADES,RTH,split_adjusted,traded_shares,2026-09-10T01:20:37.874819+00:00,24
2024-11-27,QQQ,508.17,508.24,501.93,505.3,17453616.0,IBKR_TRADES,RTH,split_adjusted,traded_shares,2026-09-10T01:20:37.874819+00:00,24
2024-11-27,SMH,239.66,239.8,234.17,238.25,5245390.0,IBKR_TRADES,RTH,split_adjusted,traded_shares,2026-09-10T01:20:37.874819+00:00,24
2024-11-29,AAPL,234.84,237.81,233.97,237.33,13507648.0,IBKR_TRADES,RTH,split_adjusted,traded_shares,2026-09-10T01:20:37.874819+00:00,24
2024-11-29,AMD,136.24,138.59,135.78,137.18,10353717.0,IBKR_TRADES,RTH,split_adjusted,traded_shares,2026-09-10T01:20:37.874819+00:00,24
2024-11-29,NVDA,136.74,139.35,136.05,138.25,92706442.0,IBKR_TRADES,RTH,split_adjusted,traded_shares,2026-09-10T01:20:37.874819+00:00,24
2024-11-29,QQQ,505.93,510.34,505.31,509.74,9863889.0,IBKR_TRADES,RTH,split_adjusted,traded_shares,2026-09-10T01:20:37.874819+00:00,24
2024-11-29,SMH,240.0,244.49,239.59,242.13,4509863.0,IBKR_TRADES,RTH,split_adjusted,traded_shares,2026-09-10T01:20:37.874819+00:00,24
2024-12-02,AAPL,237.27,240.79,237.16,239.59,22135929.0,IBKR_TRADES,RTH,split_adjusted,traded_shares,2026-09-10T01:20:37.874819+00:00,24
2024-12-02,AMD,137.87,142.82,137.8,142.06,23246344.0,IBKR_TRADES,RTH,split_adjusted,traded_shares,2026-09-10T01:20:37.874819+00:00,24
2024-12-02,NVDA,138.81,140.45,137.82,138.63,114156555.0,IBKR_TRADES,RTH,split_adjusted,traded_shares,2026-09-10T01:20:37.874819+00:00,24
2024-12-02,QQQ,511.01,516.26,510.62,515.29,16689452.0,IBKR_TRADES,RTH,split_adjusted,traded_shares,2026-09-10T01:20:37.874819+00:00,24
2024-12-02,SMH,243.35,249.15,243.35,247.87,5637389.0,IBKR_TRADES,RTH,split_adjusted,traded_shares,2026-09-10T01:20:37.874819+00:00,24
2024-12-03,AAPL,239.82,242.76,238.9,242.65,21010452.0,IBKR_TRADES,RTH,split_adjusted,traded_shares,2026-09-10T01:20:37.874819+00:00,24
2024-12-03,AMD,142.5,143.45,141.08,141.98,14631364.0,IBKR_TRADES,RTH,split_adjusted,traded_shares,2026-09-10T01:20:37.874819+00:00,24
2024-12-03,NVDA,138.26,140.54,137.98,140.26,107664966.0,IBKR_TRADES,RTH,split_adjusted,traded_shares,2026-09-10T01:20:37.874819+00:00,24
2024-12-03,QQQ,513.95,517.15,513.37,516.87,10910166.0,IBKR_TRADES,RTH,split_adjusted,traded_shares,2026-09-10T01:20:37.874819+00:00,24
2024-12-03,SMH,246.93,248.68,245.93,248.42,2223828.0,IBKR_TRADES,RTH,split_adjusted,traded_shares,2026-09-10T01:20:37.874819+00:00,24
2024-12-04,AAPL,242.87,244.11,241.25,243.01,20150972.0,IBKR_TRADES,RTH,split_adjusted,traded_shares,2026-09-10T01:20:37.874819+00:00,24
2024-12-04,AMD,142.99,144.12,141.18,143.99,16613371.000000002,IBKR_TRADES,RTH,split_adjusted,traded_shares,2026-09-10T01:20:37.874819+00:00,24
2024-12-04,NVDA,142.0,145.79,140.29,145.14,168544839.0,IBKR_TRADES,RTH,split_adjusted,traded_shares,2026-09-10T01:20:37.874819+00:00,24
2024-12-04,QQQ,520.32,523.52,519.6,523.26,15811641.0,IBKR_TRADES,RTH,split_adjusted,traded_shares,2026-09-10T01:20:37.874819+00:00,24
2024-12-04,SMH,252.23,253.07,249.32,252.63,3556923.0,IBKR_TRADES,RTH,split_adjusted,traded_shares,2026-09-10T01:20:37.874819+00:00,24
2024-12-05,AAPL,243.99,244.54,242.13,243.04,18736848.0,IBKR_TRADES,RTH,split_adjusted,traded_shares,2026-09-10T01:20:37.874819+00:00,24
2024-12-05,AMD,143.68,143.95,140.38,141.36,17875571.0,IBKR_TRADES,RTH,split_adjusted,traded_shares,2026-09-10T01:20:37.874819+00:00,24
2024-12-05,NVDA,145.12,146.54,143.95,145.06,121403743.0,IBKR_TRADES,RTH,split_adjusted,traded_shares,2026-09-10T01:20:37.874819+00:00,24
2024-12-05,QQQ,523.31,524.04,521.42,521.81,10900977.0,IBKR_TRADES,RTH,split_adjusted,traded_shares,2026-09-10T01:20:37.874819+00:00,24
2024-12-05,SMH,251.89,252.16,247.58,248.3,2698118.0,IBKR_TRADES,RTH,split_adjusted,traded_shares,2026-09-10T01:20:37.874819+00:00,24
2024-12-06,AAPL,242.91,244.63,242.08,242.84,19201673.0,IBKR_TRADES,RTH,split_adjusted,traded_shares,2026-09-10T01:20:37.874819+00:00,24
2024-12-06,AMD,141.48,142.79,137.4,138.59,22646485.0,IBKR_TRADES,RTH,split_adjusted,traded_shares,2026-09-10T01:20:37.874819+00:00,24
2024-12-06,NVDA,144.6,145.7,141.31,142.44,129457302.99999999,IBKR_TRADES,RTH,split_adjusted,traded_shares,2026-09-10T01:20:37.874819+00:00,24
2024-12-06,QQQ,522.46,526.72,522.35,526.48,13892895.0,IBKR_TRADES,RTH,split_adjusted,traded_shares,2026-09-10T01:20:37.874819+00:00,24
2024-12-06,SMH,247.88,249.43,247.21,248.61,2617101.0,IBKR_TRADES,RTH,split_adjusted,traded_shares,2026-09-10T01:20:37.874819+00:00,24
2024-12-09,AAPL,241.9,247.24,241.75,246.75,23971474.0,IBKR_TRADES,RTH,split_adjusted,traded_shares,2026-09-10T01:20:37.874819+00:00,24
2024-12-09,AMD,135.71,135.77,130.0,130.87,37896283.0,IBKR_TRADES,RTH,split_adjusted,traded_shares,2026-09-10T01:20:37.874819+00:00,24
2024-12-09,NVDA,138.98,139.95,137.13,138.81,122071528.0,IBKR_TRADES,RTH,split_adjusted,traded_shares,2026-09-10T01:20:37.874819+00:00,24
2024-12-09,QQQ,525.55,526.35,521.22,522.38,12998127.0,IBKR_TRADES,RTH,split_adjusted,traded_shares,2026-09-10T01:20:37.874819+00:00,24
2024-12-09,SMH,246.22,248.96,244.93,246.07,3030935.0,IBKR_TRADES,RTH,split_adjusted,traded_shares,2026-09-10T01:20:37.874819+00:00,24
2024-12-10,AAPL,246.91,248.21,245.34,247.77,19302261.0,IBKR_TRADES,RTH,split_adjusted,traded_shares,2026-09-10T01:20:37.874819+00:00,24
2024-12-10,AMD,131.57,131.57,127.07,127.74,25199786.0,IBKR_TRADES,RTH,split_adjusted,traded_shares,2026-09-10T01:20:37.874819+00:00,24
2024-12-10,NVDA,139.01,141.82,133.79,135.07,146174439.0,IBKR_TRADES,RTH,split_adjusted,traded_shares,2026-09-10T01:20:37.874819+00:00,24
2024-12-10,QQQ,523.62,525.38,519.16,520.6,16029341.000000002,IBKR_TRADES,RTH,split_adjusted,traded_shares,2026-09-10T01:20:37.874819+00:00,24
2024-12-10,SMH,246.43,247.15,238.37,239.88,4587367.0,IBKR_TRADES,RTH,split_adjusted,traded_shares,2026-09-10T01:20:37.874819+00:00,24
2024-12-11,AAPL,247.94,250.8,246.26,246.49,23651713.0,IBKR_TRADES,RTH,split_adjusted,traded_shares,2026-09-10T01:20:37.874819+00:00,24
2024-12-11,AMD,128.52,131.21,126.22,130.15,29404515.0,IBKR_TRADES,RTH,split_adjusted,traded_shares,2026-09-10T01:20:37.874819+00:00,24
2024-12-11,NVDA,137.36,140.17,135.21,139.31,127827415.99999999,IBKR_TRADES,RTH,split_adjusted,traded_shares,2026-09-10T01:20:37.874819+00:00,24
2024-12-11,QQQ,524.98,530.61,524.59,529.92,19361277.0,IBKR_TRADES,RTH,split_adjusted,traded_shares,2026-09-10T01:20:37.874819+00:00,24
2024-12-11,SMH,243.65,247.04,241.73,245.75,4026222.0,IBKR_TRADES,RTH,split_adjusted,traded_shares,2026-09-10T01:20:37.874819+00:00,24
2024-12-12,AAPL,246.89,248.74,245.68,247.96,15319612.000000002,IBKR_TRADES,RTH,split_adjusted,traded_shares,2026-09-10T01:20:37.874819+00:00,24
2024-12-12,AMD,130.0,132.32,129.07,130.6,23691021.0,IBKR_TRADES,RTH,split_adjusted,traded_shares,2026-09-10T01:20:37.874819+00:00,24
2024-12-12,NVDA,137.08,138.44,135.8,137.34,109978929.0,IBKR_TRADES,RTH,split_adjusted,traded_shares,2026-09-10T01:20:37.874819+00:00,24
2024-12-12,QQQ,527.68,528.96,526.02,526.5,12993718.0,IBKR_TRADES,RTH,split_adjusted,traded_shares,2026-09-10T01:20:37.874819+00:00,24
2024-12-12,SMH,244.01,244.64,241.93,243.37,2307967.0,IBKR_TRADES,RTH,split_adjusted,traded_shares,2026-09-10T01:20:37.874819+00:00,24
2024-12-13,AAPL,247.84,249.3,246.24,248.13,15962883.0,IBKR_TRADES,RTH,split_adjusted,traded_shares,2026-09-10T01:20:37.874819+00:00,24
2024-12-13,AMD,131.15,131.3,124.77,126.91,42836374.0,IBKR_TRADES,RTH,split_adjusted,traded_shares,2026-09-10T01:20:37.874819+00:00,24
2024-12-13,NVDA,138.99,139.6,132.54,134.25,165957903.0,IBKR_TRADES,RTH,split_adjusted,traded_shares,2026-09-10T01:20:37.874819+00:00,24
2024-12-13,QQQ,530.46,533.17,527.3,530.53,16873336.0,IBKR_TRADES,RTH,split_adjusted,traded_shares,2026-09-10T01:20:37.874819+00:00,24
2024-12-13,SMH,249.52,251.63,246.05,249.49,6352051.0,IBKR_TRADES,RTH,split_adjusted,traded_shares,2026-09-10T01:20:37.874819+00:00,24
2024-12-16,AAPL,247.99,251.38,247.65,251.04,19814176.0,IBKR_TRADES,RTH,split_adjusted,traded_shares,2026-09-10T01:20:37.874819+00:00,24
2024-12-16,AMD,126.0,127.76,123.12,126.69,27869644.0,IBKR_TRADES,RTH,split_adjusted,traded_shares,2026-09-10T01:20:37.874819+00:00,24
2024-12-16,NVDA,134.17,134.4,130.42,132.0,164205943.0,IBKR_TRADES,RTH,split_adjusted,traded_shares,2026-09-10T01:20:37.874819+00:00,24
2024-12-16,QQQ,533.08,539.15,533.0,538.17,17959409.0,IBKR_TRADES,RTH,split_adjusted,traded_shares,2026-09-10T01:20:37.874819+00:00,24
2024-12-16,SMH,250.5,254.36,248.92,253.25,3471005.0,IBKR_TRADES,RTH,split_adjusted,traded_shares,2026-09-10T01:20:37.874819+00:00,24
2024-12-17,AAPL,250.19,253.83,249.78,253.48,23241118.0,IBKR_TRADES,RTH,split_adjusted,traded_shares,2026-09-10T01:20:37.874819+00:00,24
2024-12-17,AMD,124.45,127.08,123.15,125.02,26842069.0,IBKR_TRADES,RTH,split_adjusted,traded_shares,2026-09-10T01:20:37.874819+00:00,24
2024-12-17,NVDA,129.08,131.59,126.86,130.39,174306817.0,IBKR_TRADES,RTH,split_adjusted,traded_shares,2026-09-10T01:20:37.874819+00:00,24
2024-12-17,QQQ,536.36,537.48,534.13,535.8,17517398.0,IBKR_TRADES,RTH,split_adjusted,traded_shares,2026-09-10T01:20:37.874819+00:00,24
2024-12-17,SMH,251.21,251.21,248.03,249.96,2750707.0,IBKR_TRADES,RTH,split_adjusted,traded_shares,2026-09-10T01:20:37.874819+00:00,24
2024-12-18,AAPL,252.16,254.28,247.74,248.05,28089652.0,IBKR_TRADES,RTH,split_adjusted,traded_shares,2026-09-10T01:20:37.874819+00:00,24
2024-12-18,AMD,125.42,127.75,120.43,121.41,30459722.0,IBKR_TRADES,RTH,split_adjusted,traded_shares,2026-09-10T01:20:37.874819+00:00,24
2024-12-18,NVDA,133.88,136.7,128.28,128.91,179967130.0,IBKR_TRADES,RTH,split_adjusted,traded_shares,2026-09-10T01:20:37.874819+00:00,24
2024-12-18,QQQ,535.15,536.88,515.01,516.47,33074603.0,IBKR_TRADES,RTH,split_adjusted,traded_shares,2026-09-10T01:20:37.874819+00:00,24
2024-12-18,SMH,252.16,254.47,240.45,241.99,5994799.0,IBKR_TRADES,RTH,split_adjusted,traded_shares,2026-09-10T01:20:37.874819+00:00,24
2024-12-19,AAPL,247.48,252.0,247.09,249.79,25706735.0,IBKR_TRADES,RTH,split_adjusted,traded_shares,2026-09-10T01:20:37.874819+00:00,24
2024-12-19,AMD,122.17,123.38,118.45,118.88,30001553.0,IBKR_TRADES,RTH,split_adjusted,traded_shares,2026-09-10T01:20:37.874819+00:00,24
2024-12-19,NVDA,131.68,134.03,129.55,130.68,142123340.0,IBKR_TRADES,RTH,split_adjusted,traded_shares,2026-09-10T01:20:37.874819+00:00,24
2024-12-19,QQQ,521.19,521.76,513.83,514.17,29950493.0,IBKR_TRADES,RTH,split_adjusted,traded_shares,2026-09-10T01:20:37.874819+00:00,24
2024-12-19,SMH,243.0,243.25,238.35,238.87,4882917.0,IBKR_TRADES,RTH,split_adjusted,traded_shares,2026-09-10T01:20:37.874819+00:00,24
2024-12-20,AAPL,248.04,255.0,245.69,254.49,39552831.0,IBKR_TRADES,RTH,split_adjusted,traded_shares,2026-09-10T01:20:37.874819+00:00,24
2024-12-20,AMD,118.0,121.86,117.9,119.21,27664388.0,IBKR_TRADES,RTH,split_adjusted,traded_shares,2026-09-10T01:20:37.874819+00:00,24
2024-12-20,NVDA,129.75,135.28,128.22,134.7,161073786.0,IBKR_TRADES,RTH,split_adjusted,traded_shares,2026-09-10T01:20:37.874819+00:00,24
2024-12-20,QQQ,510.44,524.82,509.29,518.66,30792736.0,IBKR_TRADES,RTH,split_adjusted,traded_shares,2026-09-10T01:20:37.874819+00:00,24
2024-12-20,SMH,237.4,245.26,236.54,242.71,4394282.0,IBKR_TRADES,RTH,split_adjusted,traded_shares,2026-09-10T01:20:37.874819+00:00,24
2024-12-23,AAPL,254.77,255.65,253.45,255.27,20237606.0,IBKR_TRADES,RTH,split_adjusted,traded_shares,2026-09-10T01:20:37.874819+00:00,24
2024-12-23,AMD,120.71,126.34,120.47,124.6,34243456.0,IBKR_TRADES,RTH,split_adjusted,traded_shares,2026-09-10T01:20:37.874819+00:00,24
2024-12-23,NVDA,136.24,139.79,135.12,139.67,127961500.0,IBKR_TRADES,RTH,split_adjusted,traded_shares,2026-09-10T01:20:37.874819+00:00,24
2024-12-23,QQQ,519.55,523.25,516.13,522.87,16918299.0,IBKR_TRADES,RTH,split_adjusted,traded_shares,2026-09-10T01:20:37.874819+00:00,24
2024-12-23,SMH,243.53,249.59,243.53,249.22,4152446.9999999995,IBKR_TRADES,RTH,split_adjusted,traded_shares,2026-09-10T01:20:37.874819+00:00,24
2024-12-24,AAPL,255.49,258.21,255.29,258.2,11296761.0,IBKR_TRADES,RTH,split_adjusted,traded_shares,2026-09-10T01:20:37.874819+00:00,24
2024-12-24,AMD,127.51,127.51,124.66,126.29,18301089.0,IBKR_TRADES,RTH,split_adjusted,traded_shares,2026-09-10T01:20:37.874819+00:00,24
2024-12-24,NVDA,140.01,141.9,138.65,140.22,74639326.0,IBKR_TRADES,RTH,split_adjusted,traded_shares,2026-09-10T01:20:37.874819+00:00,24
2024-12-24,QQQ,524.83,530.05,524.19,529.96,10156340.0,IBKR_TRADES,RTH,split_adjusted,traded_shares,2026-09-10T01:20:37.874819+00:00,24
2024-12-24,SMH,250.44,251.37,249.38,251.37,1423265.0,IBKR_TRADES,RTH,split_adjusted,traded_shares,2026-09-10T01:20:37.874819+00:00,24
2024-12-26,AAPL,258.19,260.03,257.63,259.02,16342667.0,IBKR_TRADES,RTH,split_adjusted,traded_shares,2026-09-10T01:20:37.874819+00:00,24
2024-12-26,AMD,125.68,127.3,125.05,125.06,16942969.0,IBKR_TRADES,RTH,split_adjusted,traded_shares,2026-09-10T01:20:37.874819+00:00,24
2024-12-26,NVDA,139.64,140.85,137.73,139.93,87517345.0,IBKR_TRADES,RTH,split_adjusted,traded_shares,2026-09-10T01:20:37.874819+00:00,24
2024-12-26,QQQ,528.34,531.24,526.31,529.6,11712644.0,IBKR_TRADES,RTH,split_adjusted,traded_shares,2026-09-10T01:20:37.874819+00:00,24
2024-12-26,SMH,250.42,252.39,248.88,250.93,1507133.0,IBKR_TRADES,RTH,split_adjusted,traded_shares,2026-09-10T01:20:37.874819+00:00,24
2024-12-27,AAPL,257.83,258.7,253.06,255.59,22771841.0,IBKR_TRADES,RTH,split_adjusted,traded_shares,2026-09-10T01:20:37.874819+00:00,24
2024-12-27,AMD,124.37,126.18,122.26,125.19,23368326.0,IBKR_TRADES,RTH,split_adjusted,traded_shares,2026-09-10T01:20:37.874819+00:00,24
2024-12-27,NVDA,138.57,139.02,134.71,137.01,125584869.0,IBKR_TRADES,RTH,split_adjusted,traded_shares,2026-09-10T01:20:37.874819+00:00,24
2024-12-27,QQQ,526.01,526.45,517.86,522.56,22596172.0,IBKR_TRADES,RTH,split_adjusted,traded_shares,2026-09-10T01:20:37.874819+00:00,24
2024-12-27,SMH,249.28,250.07,245.16,248.4,2622305.0,IBKR_TRADES,RTH,split_adjusted,traded_shares,2026-09-10T01:20:37.874819+00:00,24
2024-12-30,AAPL,252.22,253.5,250.75,252.2,18333313.0,IBKR_TRADES,RTH,split_adjusted,traded_shares,2026-09-10T01:20:37.874819+00:00,24
2024-12-30,AMD,123.62,124.1,122.35,122.44,20183721.0,IBKR_TRADES,RTH,split_adjusted,traded_shares,2026-09-10T01:20:37.874819+00:00,24
2024-12-30,NVDA,134.83,140.27,134.02,137.49,127360042.0,IBKR_TRADES,RTH,split_adjusted,traded_shares,2026-09-10T01:20:37.874819+00:00,24
2024-12-30,QQQ,515.51,519.36,511.83,515.61,20433107.0,IBKR_TRADES,RTH,split_adjusted,traded_shares,2026-09-10T01:20:37.874819+00:00,24
2024-12-30,SMH,244.5,247.35,242.73,244.66,2355000.0,IBKR_TRADES,RTH,split_adjusted,traded_shares,2026-09-10T01:20:37.874819+00:00,24
2024-12-31,AAPL,252.44,253.28,249.43,250.42,18897800.0,IBKR_TRADES,RTH,split_adjusted,traded_shares,2026-09-10T01:20:37.874819+00:00,24
2024-12-31,AMD,123.1,123.55,120.13,120.79,21594913.0,IBKR_TRADES,RTH,split_adjusted,traded_shares,2026-09-10T01:20:37.874819+00:00,24
2024-12-31,NVDA,137.97,138.07,133.83,134.29,115128379.0,IBKR_TRADES,RTH,split_adjusted,traded_shares,2026-09-10T01:20:37.874819+00:00,24
2024-12-31,QQQ,516.9,517.66,510.26,511.23,18675826.0,IBKR_TRADES,RTH,split_adjusted,traded_shares,2026-09-10T01:20:37.874819+00:00,24
2024-12-31,SMH,245.51,246.05,241.4,242.17,2214265.0,IBKR_TRADES,RTH,split_adjusted,traded_shares,2026-09-10T01:20:37.874819+00:00,24
2025-01-02,AAPL,248.93,249.1,241.82,243.85,34311269.0,IBKR_TRADES,RTH,split_adjusted,traded_shares,2026-09-10T01:20:37.874819+00:00,24
2025-01-02,AMD,122.29,123.14,119.44,120.63,23524879.0,IBKR_TRADES,RTH,split_adjusted,traded_shares,2026-09-10T01:20:37.874819+00:00,24
2025-01-02,NVDA,136.0,138.88,134.63,138.31,142568729.0,IBKR_TRADES,RTH,split_adjusted,traded_shares,2026-09-10T01:20:37.874819+00:00,24
2025-01-02,QQQ,514.33,516.64,505.71,510.23,25079133.0,IBKR_TRADES,RTH,split_adjusted,traded_shares,2026-09-10T01:20:37.874819+00:00,24
2025-01-02,SMH,244.52,247.75,242.25,244.79,3116330.0,IBKR_TRADES,RTH,split_adjusted,traded_shares,2026-09-10T01:20:37.874819+00:00,24
2025-01-03,AAPL,243.4,244.18,241.89,243.36,23299547.0,IBKR_TRADES,RTH,split_adjusted,traded_shares,2026-09-10T01:20:37.874819+00:00,24
2025-01-03,AMD,121.65,125.56,121.42,125.37,24940738.0,IBKR_TRADES,RTH,split_adjusted,traded_shares,2026-09-10T01:20:37.874819+00:00,24
2025-01-03,NVDA,140.0,144.9,139.73,144.47,163114333.0,IBKR_TRADES,RTH,split_adjusted,traded_shares,2026-09-10T01:20:37.874819+00:00,24
2025-01-03,QQQ,513.35,519.65,512.53,518.58,18662335.0,IBKR_TRADES,RTH,split_adjusted,traded_shares,2026-09-10T01:20:37.874819+00:00,24
2025-01-03,SMH,247.0,252.33,246.68,251.88,3342435.0,IBKR_TRADES,RTH,split_adjusted,traded_shares,2026-09-10T01:20:37.874819+00:00,24
2025-01-06,AAPL,244.36,247.33,243.2,245.0,21345363.0,IBKR_TRADES,RTH,split_adjusted,traded_shares,2026-09-10T01:20:37.874819+00:00,24
2025-01-06,AMD,129.07,130.73,127.36,129.55,32027193.0,IBKR_TRADES,RTH,split_adjusted,traded_shares,2026-09-10T01:20:37.874819+00:00,24
2025-01-06,NVDA,148.59,152.16,147.82,149.43,182200377.0,IBKR_TRADES,RTH,split_adjusted,traded_shares,2026-09-10T01:20:37.874819+00:00,24
2025-01-06,QQQ,524.02,527.92,522.03,524.54,22283391.0,IBKR_TRADES,RTH,split_adjusted,traded_shares,2026-09-10T01:20:37.874819+00:00,24
2025-01-06,SMH,258.35,263.29,258.35,260.23,7310059.0,IBKR_TRADES,RTH,split_adjusted,traded_shares,2026-09-10T01:20:37.874819+00:00,24
2025-01-07,AAPL,242.7,245.55,241.35,242.21,20839538.0,IBKR_TRADES,RTH,split_adjusted,traded_shares,2026-09-10T01:20:37.874819+00:00,24
2025-01-07,AMD,130.5,131.71,126.85,127.33,25770455.0,IBKR_TRADES,RTH,split_adjusted,traded_shares,2026-09-10T01:20:37.874819+00:00,24
2025-01-07,NVDA,153.02,153.13,140.01,140.14,253553122.00000003,IBKR_TRADES,RTH,split_adjusted,traded_shares,2026-09-10T01:20:37.874819+00:00,24
2025-01-07,QQQ,525.61,525.99,513.28,515.18,24003439.0,IBKR_TRADES,RTH,split_adjusted,traded_shares,2026-09-10T01:20:37.874819+00:00,24
2025-01-07,SMH,263.42,263.58,253.05,254.04,5763463.0,IBKR_TRADES,RTH,split_adjusted,traded_shares,2026-09-10T01:20:37.874819+00:00,24
2025-01-08,AAPL,241.92,243.72,240.05,242.7,19196596.0,IBKR_TRADES,RTH,split_adjusted,traded_shares,2026-09-10T01:20:37.874819+00:00,24
2025-01-08,AMD,124.59,125.3,120.12,121.84,32421274.0,IBKR_TRADES,RTH,split_adjusted,traded_shares,2026-09-10T01:20:37.874819+00:00,24
2025-01-08,NVDA,142.59,143.95,137.56,140.11,159447026.0,IBKR_TRADES,RTH,split_adjusted,traded_shares,2026-09-10T01:20:37.874819+00:00,24
2025-01-08,QQQ,515.08,516.92,510.57,515.27,18090140.0,IBKR_TRADES,RTH,split_adjusted,traded_shares,2026-09-10T01:20:37.874819+00:00,24
2025-01-08,SMH,253.56,254.33,249.51,252.23,3592781.0,IBKR_TRADES,RTH,split_adjusted,traded_shares,2026-09-10T01:20:37.874819+00:00,24
2025-01-10,AAPL,240.0,240.16,233.0,236.85,33481118.999999996,IBKR_TRADES,RTH,split_adjusted,traded_shares,2026-09-10T01:20:37.874819+00:00,24
2025-01-10,AMD,118.18,118.71,114.45,116.04,40804700.0,IBKR_TRADES,RTH,split_adjusted,traded_shares,2026-09-10T01:20:37.874819+00:00,24
2025-01-10,NVDA,137.45,139.92,134.22,135.91,141108548.0,IBKR_TRADES,RTH,split_adjusted,traded_shares,2026-09-10T01:20:37.874819+00:00,24
2025-01-10,QQQ,511.48,511.58,503.92,507.19,26262978.0,IBKR_TRADES,RTH,split_adjusted,traded_shares,2026-09-10T01:20:37.874819+00:00,24
2025-01-10,SMH,249.41,249.59,244.92,247.18,4638870.0,IBKR_TRADES,RTH,split_adjusted,traded_shares,2026-09-10T01:20:37.874819+00:00,24
2025-01-13,AAPL,233.65,234.67,229.77,234.4,27109788.0,IBKR_TRADES,RTH,split_adjusted,traded_shares,2026-09-10T01:20:37.874819+00:00,24
2025-01-13,AMD,115.42,117.48,114.41,117.32,25084874.0,IBKR_TRADES,RTH,split_adjusted,traded_shares,2026-09-10T01:20:37.874819+00:00,24
2025-01-13,NVDA,129.99,133.49,129.51,133.23,135478790.0,IBKR_TRADES,RTH,split_adjusted,traded_shares,2026-09-10T01:20:37.874819+00:00,24
2025-01-13,QQQ,501.2,506.02,499.7,505.56,19104524.0,IBKR_TRADES,RTH,split_adjusted,traded_shares,2026-09-10T01:20:37.874819+00:00,24
2025-01-13,SMH,241.06,244.93,240.62,244.64,4231122.0,IBKR_TRADES,RTH,split_adjusted,traded_shares,2026-09-10T01:20:37.874819+00:00,24
2025-01-14,AAPL,234.75,236.12,232.47,233.28,19814621.0,IBKR_TRADES,RTH,split_adjusted,traded_shares,2026-09-10T01:20:37.874819+00:00,24
2025-01-14,AMD,118.0,118.66,114.5,116.09,26345978.0,IBKR_TRADES,RTH,split_adjusted,traded_shares,2026-09-10T01:20:37.874819+00:00,24
2025-01-14,NVDA,136.04,136.38,130.05,131.76,142807645.0,IBKR_TRADES,RTH,split_adjusted,traded_shares,2026-09-10T01:20:37.874819+00:00,24
2025-01-14,QQQ,508.76,510.16,501.59,505.08,20772406.0,IBKR_TRADES,RTH,split_adjusted,traded_shares,2026-09-10T01:20:37.874819+00:00,24
2025-01-14,SMH,247.73,248.39,242.39,245.44,2696997.0,IBKR_TRADES,RTH,split_adjusted,traded_shares,2026-09-10T01:20:37.874819+00:00,24
2025-01-15,AAPL,234.73,238.96,234.43,237.87,20466879.0,IBKR_TRADES,RTH,split_adjusted,traded_shares,2026-09-10T01:20:37.874819+00:00,24
2025-01-15,AMD,117.73,120.42,117.46,119.96,24669575.0,IBKR_TRADES,RTH,split_adjusted,traded_shares,2026-09-10T01:20:37.874819+00:00,24
2025-01-15,NVDA,133.65,136.45,131.29,136.24,129799868.99999999,IBKR_TRADES,RTH,split_adjusted,traded_shares,2026-09-10T01:20:37.874819+00:00,24
2025-01-15,QQQ,513.03,517.85,511.46,516.7,20768412.0,IBKR_TRADES,RTH,split_adjusted,traded_shares,2026-09-10T01:20:37.874819+00:00,24
2025-01-15,SMH,249.25,252.07,247.7,251.21,3680236.0,IBKR_TRADES,RTH,split_adjusted,traded_shares,2026-09-10T01:20:37.874819+00:00,24
2025-01-16,AAPL,237.32,238.01,228.03,228.26,43951332.0,IBKR_TRADES,RTH,split_adjusted,traded_shares,2026-09-10T01:20:37.874819+00:00,24
2025-01-16,AMD,120.36,121.09,118.25,118.44,21027735.0,IBKR_TRADES,RTH,split_adjusted,traded_shares,2026-09-10T01:20:37.874819+00:00,24
2025-01-16,NVDA,138.64,138.75,133.49,133.57,138126643.0,IBKR_TRADES,RTH,split_adjusted,traded_shares,2026-09-10T01:20:37.874819+00:00,24
2025-01-16,QQQ,519.0,519.06,512.95,513.08,17161535.0,IBKR_TRADES,RTH,split_adjusted,traded_shares,2026-09-10T01:20:37.874819+00:00,24
2025-01-16,SMH,257.11,257.2,252.15,252.29,4012014.9999999995,IBKR_TRADES,RTH,split_adjusted,traded_shares,2026-09-10T01:20:37.874819+00:00,24
2025-01-17,AAPL,232.12,232.29,228.48,229.98,40901029.0,IBKR_TRADES,RTH,split_adjusted,traded_shares,2026-09-10T01:20:37.874819+00:00,24
2025-01-17,AMD,120.81,122.74,120.55,121.46,23269268.0,IBKR_TRADES,RTH,split_adjusted,traded_shares,2026-09-10T01:20:37.874819+00:00,24
2025-01-17,NVDA,136.7,138.5,135.46,137.71,129702358.0,IBKR_TRADES,RTH,split_adjusted,traded_shares,2026-09-10T01:20:37.874819+00:00,24
2025-01-17,QQQ,522.85,523.46,518.91,521.74,21771013.0,IBKR_TRADES,RTH,split_adjusted,traded_shares,2026-09-10T01:20:37.874819+00:00,24
2025-01-17,SMH,257.98,258.68,255.61,258.25,3315700.0,IBKR_TRADES,RTH,split_adjusted,traded_shares,2026-09-10T01:20:37.874819+00:00,24
2025-01-21,AAPL,224.0,224.42,219.38,222.64,56496450.0,IBKR_TRADES,RTH,split_adjusted,traded_shares,2026-09-10T01:20:37.874819+00:00,24
2025-01-21,AMD,122.3,123.75,121.12,122.28,20770557.0,IBKR_TRADES,RTH,split_adjusted,traded_shares,2026-09-10T01:20:37.874819+00:00,24
2025-01-21,NVDA,139.24,141.83,137.09,140.83,123216456.0,IBKR_TRADES,RTH,split_adjusted,traded_shares,2026-09-10T01:20:37.874819+00:00,24
2025-01-21,QQQ,524.47,525.97,520.06,524.8,13675983.0,IBKR_TRADES,RTH,split_adjusted,traded_shares,2026-09-10T01:20:37.874819+00:00,24
2025-01-21,SMH,260.8,264.32,258.45,262.39,3367646.0,IBKR_TRADES,RTH,split_adjusted,traded_shares,2026-09-10T01:20:37.874819+00:00,24
2025-01-22,AAPL,219.75,224.12,219.75,223.83,34849914.0,IBKR_TRADES,RTH,split_adjusted,traded_shares,2026-09-10T01:20:37.874819+00:00,24
2025-01-22,AMD,123.07,125.65,121.91,123.75,23552773.0,IBKR_TRADES,RTH,split_adjusted,traded_shares,2026-09-10T01:20:37.874819+00:00,24
2025-01-22,NVDA,144.71,147.79,143.67,147.07,161572127.0,IBKR_TRADES,RTH,split_adjusted,traded_shares,2026-09-10T01:20:37.874819+00:00,24
2025-01-22,QQQ,529.57,533.82,529.26,531.51,18916090.0,IBKR_TRADES,RTH,split_adjusted,traded_shares,2026-09-10T01:20:37.874819+00:00,24
2025-01-22,SMH,266.0,269.66,265.14,267.17,4249375.0,IBKR_TRADES,RTH,split_adjusted,traded_shares,2026-09-10T01:20:37.874819+00:00,24
2025-01-23,AAPL,224.73,227.03,222.3,223.66,34422904.0,IBKR_TRADES,RTH,split_adjusted,traded_shares,2026-09-10T01:20:37.874819+00:00,24
2025-01-23,AMD,121.43,123.71,120.63,123.04,16672470.000000002,IBKR_TRADES,RTH,split_adjusted,traded_shares,2026-09-10T01:20:37.874819+00:00,24
2025-01-23,NVDA,145.05,147.23,143.72,147.22,108633677.0,IBKR_TRADES,RTH,split_adjusted,traded_shares,2026-09-10T01:20:37.874819+00:00,24
2025-01-23,QQQ,529.03,532.76,528.45,532.64,11709950.0,IBKR_TRADES,RTH,split_adjusted,traded_shares,2026-09-10T01:20:37.874819+00:00,24
2025-01-23,SMH,263.02,266.86,261.9,266.85,2742219.0,IBKR_TRADES,RTH,split_adjusted,traded_shares,2026-09-10T01:20:37.874819+00:00,24
2025-01-24,AAPL,224.78,225.63,221.41,222.78,31809304.0,IBKR_TRADES,RTH,split_adjusted,traded_shares,2026-09-10T01:20:37.874819+00:00,24
2025-01-24,AMD,124.55,125.25,122.23,122.84,21709308.0,IBKR_TRADES,RTH,split_adjusted,traded_shares,2026-09-10T01:20:37.874819+00:00,24
2025-01-24,NVDA,148.37,148.97,141.88,142.62,165313625.0,IBKR_TRADES,RTH,split_adjusted,traded_shares,2026-09-10T01:20:37.874819+00:00,24
2025-01-24,QQQ,533.02,533.79,528.15,529.63,13269108.0,IBKR_TRADES,RTH,split_adjusted,traded_shares,2026-09-10T01:20:37.874819+00:00,24
2025-01-24,SMH,267.4,267.43,260.62,261.53,3421811.0,IBKR_TRADES,RTH,split_adjusted,traded_shares,2026-09-10T01:20:37.874819+00:00,24
2025-01-27,AAPL,224.02,232.15,223.98,229.86,54507674.0,IBKR_TRADES,RTH,split_adjusted,traded_shares,2026-09-10T01:20:37.874819+00:00,24
2025-01-27,AMD,117.73,118.08,112.8,115.01,37698373.0,IBKR_TRADES,RTH,split_adjusted,traded_shares,2026-09-10T01:20:37.874819+00:00,24
2025-01-27,NVDA,124.8,128.4,116.7,118.42,530221593.0,IBKR_TRADES,RTH,split_adjusted,traded_shares,2026-09-10T01:20:37.874819+00:00,24
2025-01-27,QQQ,510.92,517.99,510.15,514.21,33604166.0,IBKR_TRADES,RTH,split_adjusted,traded_shares,2026-09-10T01:20:37.874819+00:00,24
2025-01-27,SMH,242.48,245.08,232.24,235.81,15991406.999999998,IBKR_TRADES,RTH,split_adjusted,traded_shares,2026-09-10T01:20:37.874819+00:00,24
2025-01-28,AAPL,230.84,240.19,230.81,238.26,44379063.0,IBKR_TRADES,RTH,split_adjusted,traded_shares,2026-09-10T01:20:37.874819+00:00,24
2025-01-28,AMD,115.13,116.15,112.95,114.17,24914118.0,IBKR_TRADES,RTH,split_adjusted,traded_shares,2026-09-10T01:20:37.874819+00:00,24
2025-01-28,NVDA,121.81,129.0,116.25,128.99,428269402.0,IBKR_TRADES,RTH,split_adjusted,traded_shares,2026-09-10T01:20:37.874819+00:00,24
2025-01-28,QQQ,515.2,523.0,511.78,521.81,21163890.0,IBKR_TRADES,RTH,split_adjusted,traded_shares,2026-09-10T01:20:37.874819+00:00,24
2025-01-28,SMH,237.89,241.04,232.26,240.45,8011489.000000001,IBKR_TRADES,RTH,split_adjusted,traded_shares,2026-09-10T01:20:37.874819+00:00,24
2025-01-29,AAPL,234.12,239.86,234.01,239.36,26388668.0,IBKR_TRADES,RTH,split_adjusted,traded_shares,2026-09-10T01:20:37.874819+00:00,24
2025-01-29,AMD,115.73,118.52,114.96,117.35,28787852.0,IBKR_TRADES,RTH,split_adjusted,traded_shares,2026-09-10T01:20:37.874819+00:00,24
2025-01-29,NVDA,126.5,126.89,120.05,123.7,293382479.0,IBKR_TRADES,RTH,split_adjusted,traded_shares,2026-09-10T01:20:37.874819+00:00,24
2025-01-29,QQQ,522.46,522.59,516.89,520.83,17067396.0,IBKR_TRADES,RTH,split_adjusted,traded_shares,2026-09-10T01:20:37.874819+00:00,24
2025-01-29,SMH,242.41,242.46,236.63,239.53,5657517.0,IBKR_TRADES,RTH,split_adjusted,traded_shares,2026-09-10T01:20:37.874819+00:00,24
2025-01-30,AAPL,238.67,240.79,237.21,237.59,25244336.0,IBKR_TRADES,RTH,split_adjusted,traded_shares,2026-09-10T01:20:37.874819+00:00,24
2025-01-30,AMD,118.55,120.44,117.09,118.86,19627526.0,IBKR_TRADES,RTH,split_adjusted,traded_shares,2026-09-10T01:20:37.874819+00:00,24
2025-01-30,NVDA,123.1,125.0,118.1,124.65,271133100.0,IBKR_TRADES,RTH,split_adjusted,traded_shares,2026-09-10T01:20:37.874819+00:00,24
2025-01-30,QQQ,523.71,526.1,518.21,523.05,16890661.0,IBKR_TRADES,RTH,split_adjusted,traded_shares,2026-09-10T01:20:37.874819+00:00,24
2025-01-30,SMH,243.42,245.85,240.67,245.17,5200426.0,IBKR_TRADES,RTH,split_adjusted,traded_shares,2026-09-10T01:20:37.874819+00:00,24
2025-01-31,AAPL,247.09,247.19,233.44,236.0,55123227.0,IBKR_TRADES,RTH,split_adjusted,traded_shares,2026-09-10T01:20:37.874819+00:00,24
2025-01-31,AMD,119.1,119.57,115.33,115.95,28028874.0,IBKR_TRADES,RTH,split_adjusted,traded_shares,2026-09-10T01:20:37.874819+00:00,24
2025-01-31,NVDA,123.78,127.85,119.19,120.07,265995178.99999997,IBKR_TRADES,RTH,split_adjusted,traded_shares,2026-09-10T01:20:37.874819+00:00,24
2025-01-31,QQQ,526.92,531.52,521.19,522.29,25411820.0,IBKR_TRADES,RTH,split_adjusted,traded_shares,2026-09-10T01:20:37.874819+00:00,24
2025-01-31,SMH,246.17,251.46,242.92,243.62,6130035.0,IBKR_TRADES,RTH,split_adjusted,traded_shares,2026-09-10T01:20:37.874819+00:00,24
2025-02-03,AAPL,230.0,231.83,225.7,228.01,44021552.0,IBKR_TRADES,RTH,split_adjusted,traded_shares,2026-09-10T01:20:37.874819+00:00,24
2025-02-03,AMD,113.8,115.16,112.98,114.27,20958789.0,IBKR_TRADES,RTH,split_adjusted,traded_shares,2026-09-10T01:20:37.874819+00:00,24
2025-02-03,NVDA,114.76,118.57,113.01,116.66,257129835.00000003,IBKR_TRADES,RTH,split_adjusted,traded_shares,2026-09-10T01:20:37.874819+00:00,24
2025-02-03,QQQ,513.47,520.85,511.05,518.11,25354377.0,IBKR_TRADES,RTH,split_adjusted,traded_shares,2026-09-10T01:20:37.874819+00:00,24
2025-02-03,SMH,235.97,241.64,235.12,238.78,5005799.0,IBKR_TRADES,RTH,split_adjusted,traded_shares,2026-09-10T01:20:37.874819+00:00,24
2025-02-04,AAPL,227.25,233.13,226.65,232.8,25058543.0,IBKR_TRADES,RTH,split_adjusted,traded_shares,2026-09-10T01:20:37.874819+00:00,24
2025-02-04,AMD,115.51,119.85,114.79,119.5,31885768.0,IBKR_TRADES,RTH,split_adjusted,traded_shares,2026-09-10T01:20:37.874819+00:00,24
2025-02-04,NVDA,116.97,121.2,116.7,118.65,173904032.0,IBKR_TRADES,RTH,split_adjusted,traded_shares,2026-09-10T01:20:37.874819+00:00,24
2025-02-04,QQQ,518.63,525.11,518.23,524.47,15491067.000000002,IBKR_TRADES,RTH,split_adjusted,traded_shares,2026-09-10T01:20:37.874819+00:00,24
2025-02-04,SMH,238.81,242.62,238.58,241.47,3267034.0,IBKR_TRADES,RTH,split_adjusted,traded_shares,2026-09-10T01:20:37.874819+00:00,24
2025-02-05,AAPL,228.53,232.67,228.27,232.47,20449875.0,IBKR_TRADES,RTH,split_adjusted,traded_shares,2026-09-10T01:20:37.874819+00:00,24
2025-02-05,AMD,107.69,112.09,106.5,112.01,83076476.0,IBKR_TRADES,RTH,split_adjusted,traded_shares,2026-09-10T01:20:37.874819+00:00,24
2025-02-05,NVDA,121.75,125.0,120.76,124.83,188481021.0,IBKR_TRADES,RTH,split_adjusted,traded_shares,2026-09-10T01:20:37.874819+00:00,24
2025-02-05,QQQ,521.82,527.01,520.62,526.85,13566013.0,IBKR_TRADES,RTH,split_adjusted,traded_shares,2026-09-10T01:20:37.874819+00:00,24
2025-02-05,SMH,242.12,247.5,240.4,247.14,3371693.0,IBKR_TRADES,RTH,split_adjusted,traded_shares,2026-09-10T01:20:37.874819+00:00,24
2025-02-06,AAPL,231.32,233.8,230.42,233.22,16237765.0,IBKR_TRADES,RTH,split_adjusted,traded_shares,2026-09-10T01:20:37.874819+00:00,24
2025-02-06,AMD,110.93,112.56,109.02,110.16,38527724.0,IBKR_TRADES,RTH,split_adjusted,traded_shares,2026-09-10T01:20:37.874819+00:00,24
2025-02-06,NVDA,127.43,128.77,125.21,128.68,181587675.0,IBKR_TRADES,RTH,split_adjusted,traded_shares,2026-09-10T01:20:37.874819+00:00,24
2025-02-06,QQQ,527.36,529.81,525.74,529.6,12760309.0,IBKR_TRADES,RTH,split_adjusted,traded_shares,2026-09-10T01:20:37.874819+00:00,24
2025-02-06,SMH,247.27,248.43,245.61,248.35,3354350.0,IBKR_TRADES,RTH,split_adjusted,traded_shares,2026-09-10T01:20:37.874819+00:00,24
2025-02-07,AAPL,232.54,234.0,227.26,227.63,22173050.0,IBKR_TRADES,RTH,split_adjusted,traded_shares,2026-09-10T01:20:37.874819+00:00,24
2025-02-07,AMD,109.05,109.92,106.79,107.56,31503688.0,IBKR_TRADES,RTH,split_adjusted,traded_shares,2026-09-10T01:20:37.874819+00:00,24
2025-02-07,NVDA,129.22,130.37,125.0,129.84,170043591.0,IBKR_TRADES,RTH,split_adjusted,traded_shares,2026-09-10T01:20:37.874819+00:00,24
2025-02-07,QQQ,530.14,532.1,522.19,522.92,18793265.0,IBKR_TRADES,RTH,split_adjusted,traded_shares,2026-09-10T01:20:37.874819+00:00,24
2025-02-07,SMH,249.07,250.65,243.48,245.0,5439532.0,IBKR_TRADES,RTH,split_adjusted,traded_shares,2026-09-10T01:20:37.874819+00:00,24
2025-02-10,AAPL,229.52,230.59,227.2,227.65,16324716.000000002,IBKR_TRADES,RTH,split_adjusted,traded_shares,2026-09-10T01:20:37.874819+00:00,24
2025-02-10,AMD,108.44,111.4,108.15,110.48,26054667.0,IBKR_TRADES,RTH,split_adjusted,traded_shares,2026-09-10T01:20:37.874819+00:00,24
2025-02-10,NVDA,130.05,135.0,129.96,133.57,155334653.0,IBKR_TRADES,RTH,split_adjusted,traded_shares,2026-09-10T01:20:37.874819+00:00,24
2025-02-10,QQQ,527.25,530.36,526.75,529.25,12289147.0,IBKR_TRADES,RTH,split_adjusted,traded_shares,2026-09-10T01:20:37.874819+00:00,24
2025-02-10,SMH,247.0,250.29,247.0,249.62,2765352.0,IBKR_TRADES,RTH,split_adjusted,traded_shares,2026-09-10T01:20:37.874819+00:00,24
2025-02-11,AAPL,228.2,235.23,228.13,232.62,29100164.0,IBKR_TRADES,RTH,split_adjusted,traded_shares,2026-09-10T01:20:37.874819+00:00,24
2025-02-11,AMD,108.97,113.07,108.93,111.1,23520141.0,IBKR_TRADES,RTH,split_adjusted,traded_shares,2026-09-10T01:20:37.874819+00:00,24
2025-02-11,NVDA,132.58,134.48,131.02,132.8,134258171.0,IBKR_TRADES,RTH,split_adjusted,traded_shares,2026-09-10T01:20:37.874819+00:00,24
2025-02-11,QQQ,525.96,529.92,525.83,527.99,12457757.0,IBKR_TRADES,RTH,split_adjusted,traded_shares,2026-09-10T01:20:37.874819+00:00,24
2025-02-11,SMH,247.7,251.04,247.41,249.87,2028813.0,IBKR_TRADES,RTH,split_adjusted,traded_shares,2026-09-10T01:20:37.874819+00:00,24
2025-02-12,AAPL,231.12,236.96,230.68,236.87,24130243.0,IBKR_TRADES,RTH,split_adjusted,traded_shares,2026-09-10T01:20:37.874819+00:00,24
2025-02-12,AMD,109.52,111.84,109.06,111.72,17778465.0,IBKR_TRADES,RTH,split_adjusted,traded_shares,2026-09-10T01:20:37.874819+00:00,24
2025-02-12,NVDA,130.01,132.24,129.08,131.14,113731712.0,IBKR_TRADES,RTH,split_adjusted,traded_shares,2026-09-10T01:20:37.874819+00:00,24
2025-02-12,QQQ,522.29,529.19,521.95,528.3,14903547.0,IBKR_TRADES,RTH,split_adjusted,traded_shares,2026-09-10T01:20:37.874819+00:00,24
2025-02-12,SMH,245.7,248.74,244.54,248.51,2911416.0,IBKR_TRADES,RTH,split_adjusted,traded_shares,2026-09-10T01:20:37.874819+00:00,24
2025-02-13,AAPL,236.91,242.34,235.57,241.53,28122714.0,IBKR_TRADES,RTH,split_adjusted,traded_shares,2026-09-10T01:20:37.874819+00:00,24
2025-02-13,AMD,111.9,114.6,110.4,111.81,30694531.0,IBKR_TRADES,RTH,split_adjusted,traded_shares,2026-09-10T01:20:37.874819+00:00,24
2025-02-13,NVDA,131.55,136.5,131.17,135.29,146054581.0,IBKR_TRADES,RTH,split_adjusted,traded_shares,2026-09-10T01:20:37.874819+00:00,24
2025-02-13,QQQ,529.98,536.22,529.19,535.9,17236122.0,IBKR_TRADES,RTH,split_adjusted,traded_shares,2026-09-10T01:20:37.874819+00:00,24
2025-02-13,SMH,248.0,252.09,247.79,251.92,2987226.0,IBKR_TRADES,RTH,split_adjusted,traded_shares,2026-09-10T01:20:37.874819+00:00,24
2025-02-14,AAPL,241.21,245.35,240.99,244.6,23581090.0,IBKR_TRADES,RTH,split_adjusted,traded_shares,2026-09-10T01:20:37.874819+00:00,24
2025-02-14,AMD,112.65,114.63,111.7,113.1,24190935.0,IBKR_TRADES,RTH,split_adjusted,traded_shares,2026-09-10T01:20:37.874819+00:00,24
2025-02-14,NVDA,136.48,139.25,135.54,138.85,143821350.0,IBKR_TRADES,RTH,split_adjusted,traded_shares,2026-09-10T01:20:37.874819+00:00,24
2025-02-14,QQQ,536.08,538.84,535.67,538.15,10967993.0,IBKR_TRADES,RTH,split_adjusted,traded_shares,2026-09-10T01:20:37.874819+00:00,24
2025-02-14,SMH,252.0,253.22,250.63,252.58,3146524.0,IBKR_TRADES,RTH,split_adjusted,traded_shares,2026-09-10T01:20:37.874819+00:00,24
2025-02-18,AAPL,244.15,245.18,241.84,244.47,21465678.0,IBKR_TRADES,RTH,split_adjusted,traded_shares,2026-09-10T01:20:37.874819+00:00,24
2025-02-18,AMD,114.05,115.55,113.45,114.28,22404746.0,IBKR_TRADES,RTH,split_adjusted,traded_shares,2026-09-10T01:20:37.874819+00:00,24
2025-02-18,NVDA,141.27,143.44,137.92,139.4,154409787.0,IBKR_TRADES,RTH,split_adjusted,traded_shares,2026-09-10T01:20:37.874819+00:00,24
2025-02-18,QQQ,539.73,540.0,536.04,539.37,11794034.0,IBKR_TRADES,RTH,split_adjusted,traded_shares,2026-09-10T01:20:37.874819+00:00,24
2025-02-18,SMH,254.56,257.2,253.34,256.22,2977466.0,IBKR_TRADES,RTH,split_adjusted,traded_shares,2026-09-10T01:20:37.874819+00:00,24
2025-02-19,AAPL,244.66,246.01,243.16,244.87,16915146.0,IBKR_TRADES,RTH,split_adjusted,traded_shares,2026-09-10T01:20:37.874819+00:00,24
2025-02-19,AMD,114.29,116.11,113.14,114.69,19727458.0,IBKR_TRADES,RTH,split_adjusted,traded_shares,2026-09-10T01:20:37.874819+00:00,24
2025-02-19,NVDA,139.45,141.36,137.22,139.23,122162060.00000001,IBKR_TRADES,RTH,split_adjusted,traded_shares,2026-09-10T01:20:37.874819+00:00,24
2025-02-19,QQQ,538.57,540.81,536.46,539.52,12519673.0,IBKR_TRADES,RTH,split_adjusted,traded_shares,2026-09-10T01:20:37.874819+00:00,24
2025-02-19,SMH,255.9,258.38,253.88,257.34,2127069.0,IBKR_TRADES,RTH,split_adjusted,traded_shares,2026-09-10T01:20:37.874819+00:00,24
2025-02-20,AAPL,244.94,246.78,244.29,245.83,19064874.0,IBKR_TRADES,RTH,split_adjusted,traded_shares,2026-09-10T01:20:37.874819+00:00,24
2025-02-20,AMD,115.01,116.55,113.1,114.17,19734772.0,IBKR_TRADES,RTH,split_adjusted,traded_shares,2026-09-10T01:20:37.874819+00:00,24
2025-02-20,NVDA,140.14,140.66,136.79,140.11,105161129.0,IBKR_TRADES,RTH,split_adjusted,traded_shares,2026-09-10T01:20:37.874819+00:00,24
2025-02-20,QQQ,538.73,539.1,532.46,537.23,16062370.999999998,IBKR_TRADES,RTH,split_adjusted,traded_shares,2026-09-10T01:20:37.874819+00:00,24
2025-02-20,SMH,258.07,259.63,254.92,257.8,3348462.0,IBKR_TRADES,RTH,split_adjusted,traded_shares,2026-09-10T01:20:37.874819+00:00,24
2025-02-21,AAPL,246.01,248.69,245.22,245.55,28716437.0,IBKR_TRADES,RTH,split_adjusted,traded_shares,2026-09-10T01:20:37.874819+00:00,24
2025-02-21,AMD,114.87,115.76,110.43,110.84,25479417.0,IBKR_TRADES,RTH,split_adjusted,traded_shares,2026-09-10T01:20:37.874819+00:00,24
2025-02-21,NVDA,139.99,141.46,134.03,134.43,156595870.0,IBKR_TRADES,RTH,split_adjusted,traded_shares,2026-09-10T01:20:37.874819+00:00,24
2025-02-21,QQQ,538.38,538.4,525.71,526.08,25063311.0,IBKR_TRADES,RTH,split_adjusted,traded_shares,2026-09-10T01:20:37.874819+00:00,24
2025-02-21,SMH,258.35,258.7,249.19,249.99,4880686.0,IBKR_TRADES,RTH,split_adjusted,traded_shares,2026-09-10T01:20:37.874819+00:00,24
2025-02-24,AAPL,245.0,248.86,244.42,247.1,27787509.0,IBKR_TRADES,RTH,split_adjusted,traded_shares,2026-09-10T01:20:37.874819+00:00,24
2025-02-24,AMD,111.56,111.6,107.98,108.11,17869876.0,IBKR_TRADES,RTH,split_adjusted,traded_shares,2026-09-10T01:20:37.874819+00:00,24
2025-02-24,NVDA,136.83,138.59,130.1,130.28,169064572.0,IBKR_TRADES,RTH,split_adjusted,traded_shares,2026-09-10T01:20:37.874819+00:00,24
2025-02-24,QQQ,527.88,529.07,519.53,519.87,24668640.0,IBKR_TRADES,RTH,split_adjusted,traded_shares,2026-09-10T01:20:37.874819+00:00,24
2025-02-24,SMH,251.3,252.06,243.28,243.42,5420805.0,IBKR_TRADES,RTH,split_adjusted,traded_shares,2026-09-10T01:20:37.874819+00:00,24
2025-02-25,AAPL,248.0,250.0,244.91,247.04,27644733.0,IBKR_TRADES,RTH,split_adjusted,traded_shares,2026-09-10T01:20:37.874819+00:00,24
2025-02-25,AMD,107.9,108.64,103.62,103.96,26387422.0,IBKR_TRADES,RTH,split_adjusted,traded_shares,2026-09-10T01:20:37.874819+00:00,24
2025-02-25,NVDA,129.98,130.2,124.44,126.63,191668457.0,IBKR_TRADES,RTH,split_adjusted,traded_shares,2026-09-10T01:20:37.874819+00:00,24
2025-02-25,QQQ,519.24,519.32,509.44,513.32,29303173.0,IBKR_TRADES,RTH,split_adjusted,traded_shares,2026-09-10T01:20:37.874819+00:00,24
2025-02-25,SMH,242.76,243.78,237.34,238.25,5359007.0,IBKR_TRADES,RTH,split_adjusted,traded_shares,2026-09-10T01:20:37.874819+00:00,24
2025-02-26,AAPL,244.38,244.98,239.13,240.36,26055507.0,IBKR_TRADES,RTH,split_adjusted,traded_shares,2026-09-10T01:20:37.874819+00:00,24
2025-02-26,AMD,104.98,105.8,103.99,104.74,20520663.0,IBKR_TRADES,RTH,split_adjusted,traded_shares,2026-09-10T01:20:37.874819+00:00,24
2025-02-26,NVDA,129.95,133.73,128.49,131.28,199132314.0,IBKR_TRADES,RTH,split_adjusted,traded_shares,2026-09-10T01:20:37.874819+00:00,24
2025-02-26,QQQ,515.53,519.66,511.37,514.56,19378772.0,IBKR_TRADES,RTH,split_adjusted,traded_shares,2026-09-10T01:20:37.874819+00:00,24
2025-02-26,SMH,241.6,246.12,240.9,243.82,4679885.0,IBKR_TRADES,RTH,split_adjusted,traded_shares,2026-09-10T01:20:37.874819+00:00,24
2025-02-27,AAPL,239.61,242.46,237.06,237.3,20520636.0,IBKR_TRADES,RTH,split_adjusted,traded_shares,2026-09-10T01:20:37.874819+00:00,24
2025-02-27,AMD,105.08,105.76,99.5,99.51,27515991.0,IBKR_TRADES,RTH,split_adjusted,traded_shares,2026-09-10T01:20:37.874819+00:00,24
2025-02-27,NVDA,135.0,135.01,120.05,120.15,311000338.0,IBKR_TRADES,RTH,split_adjusted,traded_shares,2026-09-10T01:20:37.874819+00:00,24
2025-02-27,QQQ,518.13,519.07,500.05,500.27,33023175.0,IBKR_TRADES,RTH,split_adjusted,traded_shares,2026-09-10T01:20:37.874819+00:00,24
2025-02-27,SMH,246.07,246.38,228.7,228.79,7569824.999999999,IBKR_TRADES,RTH,split_adjusted,traded_shares,2026-09-10T01:20:37.874819+00:00,24
2025-02-28,AAPL,236.98,242.09,233.74,241.84,25233865.0,IBKR_TRADES,RTH,split_adjusted,traded_shares,2026-09-10T01:20:37.874819+00:00,24
2025-02-28,AMD,99.59,101.8,98.69,99.86,27563423.0,IBKR_TRADES,RTH,split_adjusted,traded_shares,2026-09-10T01:20:37.874819+00:00,24
2025-02-28,NVDA,118.04,125.09,116.41,124.92,251320925.00000003,IBKR_TRADES,RTH,split_adjusted,traded_shares,2026-09-10T01:20:37.874819+00:00,24
2025-02-28,QQQ,500.13,508.78,496.93,508.17,31422404.000000004,IBKR_TRADES,RTH,split_adjusted,traded_shares,2026-09-10T01:20:37.874819+00:00,24
2025-02-28,SMH,228.37,233.78,225.63,232.77,6386306.0,IBKR_TRADES,RTH,split_adjusted,traded_shares,2026-09-10T01:20:37.874819+00:00,24
2025-03-03,AAPL,241.81,244.03,236.11,238.03,24769630.0,IBKR_TRADES,RTH,split_adjusted,traded_shares,2026-09-10T01:20:37.874819+00:00,24
2025-03-03,AMD,101.52,102.34,97.09,98.23,25983499.0,IBKR_TRADES,RTH,split_adjusted,traded_shares,2026-09-10T01:20:37.874819+00:00,24
2025-03-03,NVDA,123.5,123.7,112.28,114.06,304558719.0,IBKR_TRADES,RTH,split_adjusted,traded_shares,2026-09-10T01:20:37.874819+00:00,24
2025-03-03,QQQ,511.52,513.04,493.58,497.05,28320490.0,IBKR_TRADES,RTH,split_adjusted,traded_shares,2026-09-10T01:20:37.874819+00:00,24
2025-03-03,SMH,235.37,235.37,220.95,223.01,7231657.0,IBKR_TRADES,RTH,split_adjusted,traded_shares,2026-09-10T01:20:37.874819+00:00,24
2025-03-04,AAPL,237.71,240.07,234.68,235.93,30530420.000000004,IBKR_TRADES,RTH,split_adjusted,traded_shares,2026-09-10T01:20:37.874819+00:00,24
2025-03-04,AMD,96.0,103.18,95.89,100.75,34620900.0,IBKR_TRADES,RTH,split_adjusted,traded_shares,2026-09-10T01:20:37.874819+00:00,24
2025-03-04,NVDA,110.65,119.31,110.11,115.99,283799228.0,IBKR_TRADES,RTH,split_adjusted,traded_shares,2026-09-10T01:20:37.874819+00:00,24
2025-03-04,QQQ,494.18,503.74,487.73,495.55,43158562.0,IBKR_TRADES,RTH,split_adjusted,traded_shares,2026-09-10T01:20:37.874819+00:00,24
2025-03-04,SMH,222.46,230.8,218.05,225.23,9385257.0,IBKR_TRADES,RTH,split_adjusted,traded_shares,2026-09-10T01:20:37.874819+00:00,24
2025-03-05,AAPL,235.43,236.55,229.23,235.74,26940242.0,IBKR_TRADES,RTH,split_adjusted,traded_shares,2026-09-10T01:20:37.874819+00:00,24
2025-03-05,AMD,100.39,101.84,98.87,101.67,18951083.0,IBKR_TRADES,RTH,split_adjusted,traded_shares,2026-09-10T01:20:37.874819+00:00,24
2025-03-05,NVDA,117.58,118.28,114.51,117.3,200066256.0,IBKR_TRADES,RTH,split_adjusted,traded_shares,2026-09-10T01:20:37.874819+00:00,24
2025-03-05,QQQ,496.2,503.63,491.26,502.01,29919124.0,IBKR_TRADES,RTH,split_adjusted,traded_shares,2026-09-10T01:20:37.874819+00:00,24
2025-03-05,SMH,227.82,230.21,223.47,229.4,5051141.0,IBKR_TRADES,RTH,split_adjusted,traded_shares,2026-09-10T01:20:37.874819+00:00,24
2025-03-06,AAPL,234.44,237.86,233.33,235.33,26407216.0,IBKR_TRADES,RTH,split_adjusted,traded_shares,2026-09-10T01:20:37.874819+00:00,24
2025-03-06,AMD,99.05,101.08,98.27,98.85,19153134.0,IBKR_TRADES,RTH,split_adjusted,traded_shares,2026-09-10T01:20:37.874819+00:00,24
2025-03-06,NVDA,113.5,115.35,110.22,110.57,223957575.0,IBKR_TRADES,RTH,split_adjusted,traded_shares,2026-09-10T01:20:37.874819+00:00,24
2025-03-06,QQQ,493.69,498.58,486.2,488.2,36455855.0,IBKR_TRADES,RTH,split_adjusted,traded_shares,2026-09-10T01:20:37.874819+00:00,24
2025-03-06,SMH,221.98,226.16,219.07,219.78,6091910.0,IBKR_TRADES,RTH,split_adjusted,traded_shares,2026-09-10T01:20:37.874819+00:00,24
2025-03-07,AAPL,235.17,241.37,234.76,239.07,30095115.0,IBKR_TRADES,RTH,split_adjusted,traded_shares,2026-09-10T01:20:37.874819+00:00,24
2025-03-07,AMD,98.87,100.65,96.39,100.31,23438578.0,IBKR_TRADES,RTH,split_adjusted,traded_shares,2026-09-10T01:20:37.874819+00:00,24
2025-03-07,NVDA,111.25,113.48,107.57,112.69,258909088.0,IBKR_TRADES,RTH,split_adjusted,traded_shares,2026-09-10T01:20:37.874819+00:00,24
2025-03-07,QQQ,487.16,493.28,480.53,491.79,37380404.0,IBKR_TRADES,RTH,split_adjusted,traded_shares,2026-09-10T01:20:37.874819+00:00,24
2025-03-07,SMH,220.6,225.75,217.07,225.09,6821116.0,IBKR_TRADES,RTH,split_adjusted,traded_shares,2026-09-10T01:20:37.874819+00:00,24
2025-03-10,AAPL,235.5,236.16,224.22,227.48,43234197.0,IBKR_TRADES,RTH,split_adjusted,traded_shares,2026-09-10T01:20:37.874819+00:00,24
2025-03-10,AMD,98.79,101.29,95.83,96.63,26404451.0,IBKR_TRADES,RTH,split_adjusted,traded_shares,2026-09-10T01:20:37.874819+00:00,24
2025-03-10,NVDA,109.94,111.85,105.46,106.98,269335096.0,IBKR_TRADES,RTH,split_adjusted,traded_shares,2026-09-10T01:20:37.874819+00:00,24
2025-03-10,QQQ,483.47,483.97,468.66,472.73,45997391.0,IBKR_TRADES,RTH,split_adjusted,traded_shares,2026-09-10T01:20:37.874819+00:00,24
2025-03-10,SMH,219.57,221.29,211.51,214.53,6680205.0,IBKR_TRADES,RTH,split_adjusted,traded_shares,2026-09-10T01:20:37.874819+00:00,24
2025-03-11,AAPL,223.82,225.84,217.45,220.84,44974442.0,IBKR_TRADES,RTH,split_adjusted,traded_shares,2026-09-10T01:20:37.874819+00:00,24
2025-03-11,AMD,96.82,98.16,94.73,96.76,22112591.0,IBKR_TRADES,RTH,split_adjusted,traded_shares,2026-09-10T01:20:37.874819+00:00,24
2025-03-11,NVDA,107.02,112.24,104.79,108.76,260950472.0,IBKR_TRADES,RTH,split_adjusted,traded_shares,2026-09-10T01:20:37.874819+00:00,24
2025-03-11,QQQ,472.35,478.81,467.01,471.6,47057557.0,IBKR_TRADES,RTH,split_adjusted,traded_shares,2026-09-10T01:20:37.874819+00:00,24
2025-03-11,SMH,215.4,219.02,210.46,214.22,5288913.0,IBKR_TRADES,RTH,split_adjusted,traded_shares,2026-09-10T01:20:37.874819+00:00,24
2025-03-12,AAPL,220.14,221.75,214.91,216.98,38748044.0,IBKR_TRADES,RTH,split_adjusted,traded_shares,2026-09-10T01:20:37.874819+00:00,24
2025-03-12,AMD,99.06,101.72,98.17,100.79,22460612.0,IBKR_TRADES,RTH,split_adjusted,traded_shares,2026-09-10T01:20:37.874819+00:00,24
2025-03-12,NVDA,114.12,116.76,112.88,115.74,238276650.0,IBKR_TRADES,RTH,split_adjusted,traded_shares,2026-09-10T01:20:37.874819+00:00,24
2025-03-12,QQQ,479.15,481.06,471.79,476.92,29429872.0,IBKR_TRADES,RTH,split_adjusted,traded_shares,2026-09-10T01:20:37.874819+00:00,24
2025-03-12,SMH,220.32,222.95,218.18,220.52,6158322.0,IBKR_TRADES,RTH,split_adjusted,traded_shares,2026-09-10T01:20:37.874819+00:00,24
2025-03-13,AAPL,215.94,216.84,208.42,209.68,38870537.0,IBKR_TRADES,RTH,split_adjusted,traded_shares,2026-09-10T01:20:37.874819+00:00,24
2025-03-13,AMD,99.61,100.07,97.27,98.11,18505099.0,IBKR_TRADES,RTH,split_adjusted,traded_shares,2026-09-10T01:20:37.874819+00:00,24
2025-03-13,NVDA,117.03,117.76,113.79,115.58,224208336.0,IBKR_TRADES,RTH,split_adjusted,traded_shares,2026-09-10T01:20:37.874819+00:00,24
2025-03-13,QQQ,476.24,476.29,466.43,468.34,27649955.0,IBKR_TRADES,RTH,split_adjusted,traded_shares,2026-09-10T01:20:37.874819+00:00,24
2025-03-13,SMH,220.78,223.88,217.81,219.55,3687526.0,IBKR_TRADES,RTH,split_adjusted,traded_shares,2026-09-10T01:20:37.874819+00:00,24
2025-03-14,AAPL,211.25,213.95,209.58,213.49,35431205.0,IBKR_TRADES,RTH,split_adjusted,traded_shares,2026-09-10T01:20:37.874819+00:00,24
2025-03-14,AMD,99.62,101.22,99.58,100.97,16562390.000000002,IBKR_TRADES,RTH,split_adjusted,traded_shares,2026-09-10T01:20:37.874819+00:00,24
2025-03-14,NVDA,118.6,121.88,118.15,121.67,200057705.0,IBKR_TRADES,RTH,split_adjusted,traded_shares,2026-09-10T01:20:37.874819+00:00,24
2025-03-14,QQQ,473.74,480.56,473.12,479.66,26209332.0,IBKR_TRADES,RTH,split_adjusted,traded_shares,2026-09-10T01:20:37.874819+00:00,24
2025-03-14,SMH,223.35,226.97,223.28,226.57,3625914.0,IBKR_TRADES,RTH,split_adjusted,traded_shares,2026-09-10T01:20:37.874819+00:00,24
2025-03-17,AAPL,213.31,215.22,210.0,214.0,27817291.0,IBKR_TRADES,RTH,split_adjusted,traded_shares,2026-09-10T01:20:37.874819+00:00,24
2025-03-17,AMD,102.69,106.15,102.6,104.59,31211693.999999996,IBKR_TRADES,RTH,split_adjusted,traded_shares,2026-09-10T01:20:37.874819+00:00,24
2025-03-17,NVDA,122.71,122.89,118.03,119.53,192381627.0,IBKR_TRADES,RTH,split_adjusted,traded_shares,2026-09-10T01:20:37.874819+00:00,24
2025-03-17,QQQ,479.6,485.84,477.8,482.77,26639867.0,IBKR_TRADES,RTH,split_adjusted,traded_shares,2026-09-10T01:20:37.874819+00:00,24
2025-03-17,SMH,226.23,231.04,226.02,228.96,3844417.0,IBKR_TRADES,RTH,split_adjusted,traded_shares,2026-09-10T01:20:37.874819+00:00,24
2025-03-18,AAPL,214.15,215.15,211.49,212.69,24692713.0,IBKR_TRADES,RTH,split_adjusted,traded_shares,2026-09-10T01:20:37.874819+00:00,24
2025-03-18,AMD,103.81,104.55,102.97,103.51,18485230.0,IBKR_TRADES,RTH,split_adjusted,traded_shares,2026-09-10T01:20:37.874819+00:00,24
2025-03-18,NVDA,117.96,119.02,114.54,115.43,223391618.0,IBKR_TRADES,RTH,split_adjusted,traded_shares,2026-09-10T01:20:37.874819+00:00,24
2025-03-18,QQQ,479.41,479.61,472.41,474.54,21461082.0,IBKR_TRADES,RTH,split_adjusted,traded_shares,2026-09-10T01:20:37.874819+00:00,24
2025-03-18,SMH,226.63,227.77,223.88,225.42,3587239.0,IBKR_TRADES,RTH,split_adjusted,traded_shares,2026-09-10T01:20:37.874819+00:00,24
2025-03-19,AAPL,214.09,218.76,213.75,215.24,28760698.0,IBKR_TRADES,RTH,split_adjusted,traded_shares,2026-09-10T01:20:37.874819+00:00,24
2025-03-19,AMD,104.35,107.9,101.96,106.23,22885199.0,IBKR_TRADES,RTH,split_adjusted,traded_shares,2026-09-10T01:20:37.874819+00:00,24
2025-03-19,NVDA,117.27,120.45,115.68,117.52,202763151.0,IBKR_TRADES,RTH,split_adjusted,traded_shares,2026-09-10T01:20:37.874819+00:00,24
2025-03-19,QQQ,476.81,485.33,474.87,480.89,26027993.0,IBKR_TRADES,RTH,split_adjusted,traded_shares,2026-09-10T01:20:37.874819+00:00,24
2025-03-19,SMH,225.42,231.02,223.77,227.41,3504044.0,IBKR_TRADES,RTH,split_adjusted,traded_shares,2026-09-10T01:20:37.874819+00:00,24
2025-03-20,AAPL,213.81,217.49,212.22,214.1,26158446.0,IBKR_TRADES,RTH,split_adjusted,traded_shares,2026-09-10T01:20:37.874819+00:00,24
2025-03-20,AMD,105.17,108.26,105.12,107.14,18475018.0,IBKR_TRADES,RTH,split_adjusted,traded_shares,2026-09-10T01:20:37.874819+00:00,24
2025-03-20,NVDA,116.55,120.2,116.47,118.53,170629512.0,IBKR_TRADES,RTH,split_adjusted,traded_shares,2026-09-10T01:20:37.874819+00:00,24
2025-03-20,QQQ,476.89,484.55,476.18,479.26,23342039.0,IBKR_TRADES,RTH,split_adjusted,traded_shares,2026-09-10T01:20:37.874819+00:00,24
2025-03-20,SMH,225.14,229.01,224.89,227.05,2258151.0,IBKR_TRADES,RTH,split_adjusted,traded_shares,2026-09-10T01:20:37.874819+00:00,24
2025-03-21,AAPL,211.51,218.84,211.28,218.27,36345830.0,IBKR_TRADES,RTH,split_adjusted,traded_shares,2026-09-10T01:20:37.874819+00:00,24
2025-03-21,AMD,105.39,107.25,104.33,106.44,17750497.0,IBKR_TRADES,RTH,split_adjusted,traded_shares,2026-09-10T01:20:37.874819+00:00,24
2025-03-21,NVDA,116.95,117.99,115.42,117.7,165034104.0,IBKR_TRADES,RTH,split_adjusted,traded_shares,2026-09-10T01:20:37.874819+00:00,24
2025-03-21,QQQ,474.09,481.61,472.9,480.84,24527905.0,IBKR_TRADES,RTH,split_adjusted,traded_shares,2026-09-10T01:20:37.874819+00:00,24
2025-03-21,SMH,222.77,225.61,221.41,224.77,3977104.0,IBKR_TRADES,RTH,split_adjusted,traded_shares,2026-09-10T01:20:37.874819+00:00,24
2025-03-24,AAPL,221.0,221.48,218.58,220.73,24160782.0,IBKR_TRADES,RTH,split_adjusted,traded_shares,2026-09-10T01:20:37.874819+00:00,24
2025-03-24,AMD,109.69,114.85,109.4,113.85,37403984.0,IBKR_TRADES,RTH,split_adjusted,traded_shares,2026-09-10T01:20:37.874819+00:00,24
2025-03-24,NVDA,119.88,122.22,119.34,121.41,148994593.0,IBKR_TRADES,RTH,split_adjusted,traded_shares,2026-09-10T01:20:37.874819+00:00,24
2025-03-24,QQQ,487.74,491.51,487.12,490.66,21482015.0,IBKR_TRADES,RTH,split_adjusted,traded_shares,2026-09-10T01:20:37.874819+00:00,24
2025-03-24,SMH,229.2,232.42,229.1,230.63,4356418.0,IBKR_TRADES,RTH,split_adjusted,traded_shares,2026-09-10T01:20:37.874819+00:00,24
2025-03-25,AAPL,220.77,224.1,220.08,223.75,19719670.0,IBKR_TRADES,RTH,split_adjusted,traded_shares,2026-09-10T01:20:37.874819+00:00,24
2025-03-25,AMD,113.27,114.95,112.71,114.81,19734175.0,IBKR_TRADES,RTH,split_adjusted,traded_shares,2026-09-10T01:20:37.874819+00:00,24
2025-03-25,NVDA,120.53,121.29,118.92,120.69,123171634.99999999,IBKR_TRADES,RTH,split_adjusted,traded_shares,2026-09-10T01:20:37.874819+00:00,24
2025-03-25,QQQ,491.39,493.62,490.42,493.46,16169127.999999998,IBKR_TRADES,RTH,split_adjusted,traded_shares,2026-09-10T01:20:37.874819+00:00,24
2025-03-25,SMH,230.45,230.66,228.85,229.65,2522456.0,IBKR_TRADES,RTH,split_adjusted,traded_shares,2026-09-10T01:20:37.874819+00:00,24
2025-03-26,AAPL,223.51,225.02,220.47,221.53,19730872.0,IBKR_TRADES,RTH,split_adjusted,traded_shares,2026-09-10T01:20:37.874819+00:00,24
2025-03-26,AMD,114.11,115.9,108.68,110.19,28130797.0,IBKR_TRADES,RTH,split_adjusted,traded_shares,2026-09-10T01:20:37.874819+00:00,24
2025-03-26,NVDA,118.73,118.84,112.71,113.76,220884823.0,IBKR_TRADES,RTH,split_adjusted,traded_shares,2026-09-10T01:20:37.874819+00:00,24
2025-03-26,QQQ,492.3,493.16,482.82,484.38,22849451.0,IBKR_TRADES,RTH,split_adjusted,traded_shares,2026-09-10T01:20:37.874819+00:00,24
2025-03-26,SMH,228.4,228.8,220.05,222.01,7052867.0,IBKR_TRADES,RTH,split_adjusted,traded_shares,2026-09-10T01:20:37.874819+00:00,24
2025-03-27,AAPL,221.39,224.99,220.56,223.85,19494683.0,IBKR_TRADES,RTH,split_adjusted,traded_shares,2026-09-10T01:20:37.874819+00:00,24
2025-03-27,AMD,106.13,107.62,105.54,106.65,23026751.0,IBKR_TRADES,RTH,split_adjusted,traded_shares,2026-09-10T01:20:37.874819+00:00,24
2025-03-27,NVDA,111.35,114.45,110.69,111.43,168816884.0,IBKR_TRADES,RTH,split_adjusted,traded_shares,2026-09-10T01:20:37.874819+00:00,24
2025-03-27,QQQ,482.41,486.58,480.25,481.62,21790710.0,IBKR_TRADES,RTH,split_adjusted,traded_shares,2026-09-10T01:20:37.874819+00:00,24
2025-03-27,SMH,219.05,220.7,216.56,217.75,6766942.0,IBKR_TRADES,RTH,split_adjusted,traded_shares,2026-09-10T01:20:37.874819+00:00,24
2025-03-28,AAPL,221.73,223.81,217.68,217.9,22273732.0,IBKR_TRADES,RTH,split_adjusted,traded_shares,2026-09-10T01:20:37.874819+00:00,24
2025-03-28,AMD,105.53,106.51,102.48,103.22,20212224.0,IBKR_TRADES,RTH,split_adjusted,traded_shares,2026-09-10T01:20:37.874819+00:00,24
2025-03-28,NVDA,111.48,112.87,109.07,109.67,168948090.0,IBKR_TRADES,RTH,split_adjusted,traded_shares,2026-09-10T01:20:37.874819+00:00,24
2025-03-28,QQQ,479.81,480.52,468.05,468.94,30119812.0,IBKR_TRADES,RTH,split_adjusted,traded_shares,2026-09-10T01:20:37.874819+00:00,24
2025-03-28,SMH,216.8,218.04,211.05,212.17,6228985.0,IBKR_TRADES,RTH,split_adjusted,traded_shares,2026-09-10T01:20:37.874819+00:00,24
2025-03-31,AAPL,217.2,225.62,216.23,222.13,32521427.0,IBKR_TRADES,RTH,split_adjusted,traded_shares,2026-09-10T01:20:37.874819+00:00,24
2025-03-31,AMD,100.37,102.82,98.8,102.74,17697466.0,IBKR_TRADES,RTH,split_adjusted,traded_shares,2026-09-10T01:20:37.874819+00:00,24
2025-03-31,NVDA,105.12,108.96,103.65,108.38,206011539.0,IBKR_TRADES,RTH,split_adjusted,traded_shares,2026-09-10T01:20:37.874819+00:00,24
2025-03-31,QQQ,461.92,469.86,457.33,468.92,32966956.999999996,IBKR_TRADES,RTH,split_adjusted,traded_shares,2026-09-10T01:20:37.874819+00:00,24
2025-03-31,SMH,207.33,211.69,204.51,211.47,6563944.0,IBKR_TRADES,RTH,split_adjusted,traded_shares,2026-09-10T01:20:37.874819+00:00,24
2025-04-01,AAPL,219.76,223.68,218.9,223.19,19998136.0,IBKR_TRADES,RTH,split_adjusted,traded_shares,2026-09-10T01:20:37.874819+00:00,24
2025-04-01,AMD,102.23,102.83,100.93,102.78,16184781.0,IBKR_TRADES,RTH,split_adjusted,traded_shares,2026-09-10T01:20:37.874819+00:00,24
2025-04-01,NVDA,108.52,110.2,106.47,110.15,163691924.0,IBKR_TRADES,RTH,split_adjusted,traded_shares,2026-09-10T01:20:37.874819+00:00,24
2025-04-01,QQQ,467.3,473.63,464.42,472.7,26990973.0,IBKR_TRADES,RTH,split_adjusted,traded_shares,2026-09-10T01:20:37.874819+00:00,24
2025-04-01,SMH,210.96,212.54,207.26,212.49,4448757.0,IBKR_TRADES,RTH,split_adjusted,traded_shares,2026-09-10T01:20:37.874819+00:00,24
2025-04-02,AAPL,221.35,225.19,221.02,223.89,18595157.0,IBKR_TRADES,RTH,split_adjusted,traded_shares,2026-09-10T01:20:37.874819+00:00,24
2025-04-02,AMD,101.52,104.19,100.76,102.96,13273755.0,IBKR_TRADES,RTH,split_adjusted,traded_shares,2026-09-10T01:20:37.874819+00:00,24
2025-04-02,NVDA,107.29,111.98,106.79,110.42,154372204.0,IBKR_TRADES,RTH,split_adjusted,traded_shares,2026-09-10T01:20:37.874819+00:00,24
2025-04-02,QQQ,466.12,479.56,465.86,476.15,26373014.0,IBKR_TRADES,RTH,split_adjusted,traded_shares,2026-09-10T01:20:37.874819+00:00,24
2025-04-02,SMH,208.96,216.61,208.47,214.09,5152209.0,IBKR_TRADES,RTH,split_adjusted,traded_shares,2026-09-10T01:20:37.874819+00:00,24
2025-04-03,AAPL,205.53,207.49,201.25,203.19,61468822.99999999,IBKR_TRADES,RTH,split_adjusted,traded_shares,2026-09-10T01:20:37.874819+00:00,24
2025-04-03,AMD,97.79,99.45,93.64,93.8,32197850.000000004,IBKR_TRADES,RTH,split_adjusted,traded_shares,2026-09-10T01:20:37.874819+00:00,24
2025-04-03,NVDA,103.55,105.63,101.6,101.8,240906775.0,IBKR_TRADES,RTH,split_adjusted,traded_shares,2026-09-10T01:20:37.874819+00:00,24
2025-04-03,QQQ,456.44,460.07,450.14,450.66,43994122.0,IBKR_TRADES,RTH,split_adjusted,traded_shares,2026-09-10T01:20:37.874819+00:00,24
2025-04-03,SMH,202.69,204.49,195.34,195.57,10395302.0,IBKR_TRADES,RTH,split_adjusted,traded_shares,2026-09-10T01:20:37.874819+00:00,24
2025-04-04,AAPL,193.92,199.88,187.34,188.38,74838788.0,IBKR_TRADES,RTH,split_adjusted,traded_shares,2026-09-10T01:20:37.874819+00:00,24
2025-04-04,AMD,90.1,91.08,83.67,85.76,41775765.0,IBKR_TRADES,RTH,split_adjusted,traded_shares,2026-09-10T01:20:37.874819+00:00,24
2025-04-04,NVDA,98.94,100.08,92.11,94.31,373273986.0,IBKR_TRADES,RTH,split_adjusted,traded_shares,2026-09-10T01:20:37.874819+00:00,24
2025-04-04,QQQ,438.14,440.37,422.67,422.67,74708918.0,IBKR_TRADES,RTH,split_adjusted,traded_shares,2026-09-10T01:20:37.874819+00:00,24
2025-04-04,SMH,188.66,190.29,178.23,180.8,16678716.0,IBKR_TRADES,RTH,split_adjusted,traded_shares,2026-09-10T01:20:37.874819+00:00,24
2025-04-07,AAPL,177.21,194.15,174.72,181.46,102060761.0,IBKR_TRADES,RTH,split_adjusted,traded_shares,2026-09-10T01:20:37.874819+00:00,24
2025-04-07,AMD,80.69,89.0,77.75,83.64,49486869.0,IBKR_TRADES,RTH,split_adjusted,traded_shares,2026-09-10T01:20:37.874819+00:00,24
2025-04-07,NVDA,87.46,101.75,86.62,97.64,434693703.0,IBKR_TRADES,RTH,split_adjusted,traded_shares,2026-09-10T01:20:37.874819+00:00,24
2025-04-07,QQQ,408.66,443.14,402.39,423.69,115858417.0,IBKR_TRADES,RTH,split_adjusted,traded_shares,2026-09-10T01:20:37.874819+00:00,24
2025-04-07,SMH,173.49,194.83,170.11,184.9,19507475.0,IBKR_TRADES,RTH,split_adjusted,traded_shares,2026-09-10T01:20:37.874819+00:00,24
2025-04-08,AAPL,186.53,190.34,169.21,172.42,73777164.0,IBKR_TRADES,RTH,split_adjusted,traded_shares,2026-09-10T01:20:37.874819+00:00,24
2025-04-08,AMD,86.12,88.93,76.48,78.21,45805959.0,IBKR_TRADES,RTH,split_adjusted,traded_shares,2026-09-10T01:20:37.874819+00:00,24
2025-04-08,NVDA,103.81,105.85,94.46,96.3,349389066.0,IBKR_TRADES,RTH,split_adjusted,traded_shares,2026-09-10T01:20:37.874819+00:00,24
2025-04-08,QQQ,438.11,443.14,409.79,416.06,66266838.0,IBKR_TRADES,RTH,split_adjusted,traded_shares,2026-09-10T01:20:37.874819+00:00,24
2025-04-08,SMH,192.99,195.72,176.05,179.95,14433025.0,IBKR_TRADES,RTH,split_adjusted,traded_shares,2026-09-10T01:20:37.874819+00:00,24
2025-04-09,AAPL,172.06,200.61,171.89,198.85,116322379.0,IBKR_TRADES,RTH,split_adjusted,traded_shares,2026-09-10T01:20:37.874819+00:00,24
2025-04-09,AMD,79.22,97.91,78.87,96.84,65895400.0,IBKR_TRADES,RTH,split_adjusted,traded_shares,2026-09-10T01:20:37.874819+00:00,24
2025-04-09,NVDA,98.94,115.09,97.7,114.33,431067582.0,IBKR_TRADES,RTH,split_adjusted,traded_shares,2026-09-10T01:20:37.874819+00:00,24
2025-04-09,QQQ,415.49,467.83,415.43,466.0,94504867.0,IBKR_TRADES,RTH,split_adjusted,traded_shares,2026-09-10T01:20:37.874819+00:00,24
2025-04-09,SMH,181.76,212.81,180.27,210.83,17316845.0,IBKR_TRADES,RTH,split_adjusted,traded_shares,2026-09-10T01:20:37.874819+00:00,24
2025-04-10,AAPL,189.06,194.78,183.0,190.42,68241467.0,IBKR_TRADES,RTH,split_adjusted,traded_shares,2026-09-10T01:20:37.874819+00:00,24
2025-04-10,AMD,91.0,92.95,85.06,88.7,42675897.0,IBKR_TRADES,RTH,split_adjusted,traded_shares,2026-09-10T01:20:37.874819+00:00,24
2025-04-10,NVDA,109.33,110.86,103.01,107.57,320748444.0,IBKR_TRADES,RTH,split_adjusted,traded_shares,2026-09-10T01:20:37.874819+00:00,24
2025-04-10,QQQ,453.64,455.59,432.63,446.18,68416906.0,IBKR_TRADES,RTH,split_adjusted,traded_shares,2026-09-10T01:20:37.874819+00:00,24
2025-04-10,SMH,201.38,202.5,189.04,196.21,14494240.0,IBKR_TRADES,RTH,split_adjusted,traded_shares,2026-09-10T01:20:37.874819+00:00,24
2025-04-11,AAPL,186.1,199.54,186.06,198.15,53770920.0,IBKR_TRADES,RTH,split_adjusted,traded_shares,2026-09-10T01:20:37.874819+00:00,24
2025-04-11,AMD,90.51,94.76,90.5,93.4,42217881.0,IBKR_TRADES,RTH,split_adjusted,traded_shares,2026-09-10T01:20:37.874819+00:00,24
2025-04-11,NVDA,108.5,111.55,107.49,110.93,228909952.0,IBKR_TRADES,RTH,split_adjusted,traded_shares,2026-09-10T01:20:37.874819+00:00,24
2025-04-11,QQQ,444.65,455.79,441.33,454.4,35061318.0,IBKR_TRADES,RTH,split_adjusted,traded_shares,2026-09-10T01:20:37.874819+00:00,24
2025-04-11,SMH,195.7,201.94,193.7,201.31,7724537.999999999,IBKR_TRADES,RTH,split_adjusted,traded_shares,2026-09-10T01:20:37.874819+00:00,24
2025-04-14,AAPL,211.43,212.94,201.16,202.52,66414970.99999999,IBKR_TRADES,RTH,split_adjusted,traded_shares,2026-09-10T01:20:37.874819+00:00,24
2025-04-14,AMD,97.03,97.37,93.45,94.5,23306621.0,IBKR_TRADES,RTH,split_adjusted,traded_shares,2026-09-10T01:20:37.874819+00:00,24
2025-04-14,NVDA,114.15,114.29,109.07,110.71,194026009.0,IBKR_TRADES,RTH,split_adjusted,traded_shares,2026-09-10T01:20:37.874819+00:00,24
2025-04-14,QQQ,464.46,465.05,452.63,457.48,27382228.0,IBKR_TRADES,RTH,split_adjusted,traded_shares,2026-09-10T01:20:37.874819+00:00,24
2025-04-14,SMH,206.69,206.78,198.77,201.61,7678898.0,IBKR_TRADES,RTH,split_adjusted,traded_shares,2026-09-10T01:20:37.874819+00:00,24
2025-04-15,AAPL,201.76,203.51,199.8,202.14,29238300.0,IBKR_TRADES,RTH,split_adjusted,traded_shares,2026-09-10T01:20:37.874819+00:00,24
2025-04-15,AMD,94.61,96.85,94.61,95.29,18367874.0,IBKR_TRADES,RTH,split_adjusted,traded_shares,2026-09-10T01:20:37.874819+00:00,24
2025-04-15,NVDA,110.97,113.62,110.5,112.2,160409821.0,IBKR_TRADES,RTH,split_adjusted,traded_shares,2026-09-10T01:20:37.874819+00:00,24
2025-04-15,QQQ,458.54,462.38,456.15,457.99,21833728.0,IBKR_TRADES,RTH,split_adjusted,traded_shares,2026-09-10T01:20:37.874819+00:00,24
2025-04-15,SMH,202.32,205.14,201.94,202.92,3514427.0,IBKR_TRADES,RTH,split_adjusted,traded_shares,2026-09-10T01:20:37.874819+00:00,24
2025-04-16,AAPL,198.36,200.7,192.37,194.27,35896165.0,IBKR_TRADES,RTH,split_adjusted,traded_shares,2026-09-10T01:20:37.874819+00:00,24
2025-04-16,AMD,87.6,90.47,85.29,88.29,41509841.0,IBKR_TRADES,RTH,split_adjusted,traded_shares,2026-09-10T01:20:37.874819+00:00,24
2025-04-16,NVDA,104.44,106.79,100.45,104.49,283737575.0,IBKR_TRADES,RTH,split_adjusted,traded_shares,2026-09-10T01:20:37.874819+00:00,24
2025-04-16,QQQ,449.01,452.62,437.76,444.18,30687351.000000004,IBKR_TRADES,RTH,split_adjusted,traded_shares,2026-09-10T01:20:37.874819+00:00,24
2025-04-16,SMH,193.16,196.76,188.53,194.35,9837483.0,IBKR_TRADES,RTH,split_adjusted,traded_shares,2026-09-10T01:20:37.874819+00:00,24
2025-04-17,AAPL,197.02,198.84,194.42,196.98,29851913.0,IBKR_TRADES,RTH,split_adjusted,traded_shares,2026-09-10T01:20:37.874819+00:00,24
2025-04-17,AMD,88.84,89.03,86.51,87.5,23948125.0,IBKR_TRADES,RTH,split_adjusted,traded_shares,2026-09-10T01:20:37.874819+00:00,24
2025-04-17,NVDA,104.47,104.47,100.05,101.49,227825423.0,IBKR_TRADES,RTH,split_adjusted,traded_shares,2026-09-10T01:20:37.874819+00:00,24
2025-04-17,QQQ,447.17,447.75,441.36,444.1,25701475.0,IBKR_TRADES,RTH,split_adjusted,traded_shares,2026-09-10T01:20:37.874819+00:00,24
2025-04-17,SMH,196.02,196.02,191.0,192.53,5361036.0,IBKR_TRADES,RTH,split_adjusted,traded_shares,2026-09-10T01:20:37.874819+00:00,24
2025-04-21,AAPL,193.31,193.8,189.81,193.16,23372077.0,IBKR_TRADES,RTH,split_adjusted,traded_shares,2026-09-10T01:20:37.874819+00:00,24
2025-04-21,AMD,86.02,86.14,83.75,85.56,20986242.0,IBKR_TRADES,RTH,split_adjusted,traded_shares,2026-09-10T01:20:37.874819+00:00,24
2025-04-21,NVDA,98.76,99.44,95.04,96.91,193597436.0,IBKR_TRADES,RTH,split_adjusted,traded_shares,2026-09-10T01:20:37.874819+00:00,24
2025-04-21,QQQ,438.23,439.08,427.93,433.11,25603865.0,IBKR_TRADES,RTH,split_adjusted,traded_shares,2026-09-10T01:20:37.874819+00:00,24
2025-04-21,SMH,188.9,189.39,184.4,187.83,6736311.0,IBKR_TRADES,RTH,split_adjusted,traded_shares,2026-09-10T01:20:37.874819+00:00,24
2025-04-22,AAPL,196.0,201.59,195.97,199.74,29453698.0,IBKR_TRADES,RTH,split_adjusted,traded_shares,2026-09-10T01:20:37.874819+00:00,24
2025-04-22,AMD,86.12,87.17,85.17,86.26,22975456.0,IBKR_TRADES,RTH,split_adjusted,traded_shares,2026-09-10T01:20:37.874819+00:00,24
2025-04-22,NVDA,98.76,99.82,97.28,98.89,173350967.0,IBKR_TRADES,RTH,split_adjusted,traded_shares,2026-09-10T01:20:37.874819+00:00,24
2025-04-22,QQQ,438.82,447.58,437.62,444.48,32472917.999999996,IBKR_TRADES,RTH,split_adjusted,traded_shares,2026-09-10T01:20:37.874819+00:00,24
2025-04-22,SMH,190.35,193.3,188.96,191.9,5035150.0,IBKR_TRADES,RTH,split_adjusted,traded_shares,2026-09-10T01:20:37.874819+00:00,24
2025-04-23,AAPL,205.99,208.0,202.79,204.6,30477438.0,IBKR_TRADES,RTH,split_adjusted,traded_shares,2026-09-10T01:20:37.874819+00:00,24
2025-04-23,AMD,91.89,93.74,90.12,90.39,26802781.0,IBKR_TRADES,RTH,split_adjusted,traded_shares,2026-09-10T01:20:37.874819+00:00,24
2025-04-23,NVDA,104.52,104.8,102.02,102.71,174018085.0,IBKR_TRADES,RTH,split_adjusted,traded_shares,2026-09-10T01:20:37.874819+00:00,24
2025-04-23,QQQ,458.17,463.38,452.88,454.56,35175254.0,IBKR_TRADES,RTH,split_adjusted,traded_shares,2026-09-10T01:20:37.874819+00:00,24
2025-04-23,SMH,201.58,203.08,198.07,198.91,7038465.0,IBKR_TRADES,RTH,split_adjusted,traded_shares,2026-09-10T01:20:37.874819+00:00,24
2025-04-24,AAPL,204.94,208.83,202.94,208.37,21891409.0,IBKR_TRADES,RTH,split_adjusted,traded_shares,2026-09-10T01:20:37.874819+00:00,24
2025-04-24,AMD,91.59,94.75,90.37,94.47,23141680.0,IBKR_TRADES,RTH,split_adjusted,traded_shares,2026-09-10T01:20:37.874819+00:00,24
2025-04-24,NVDA,103.49,106.54,103.11,106.43,153065952.0,IBKR_TRADES,RTH,split_adjusted,traded_shares,2026-09-10T01:20:37.874819+00:00,24
2025-04-24,QQQ,456.48,467.66,455.83,467.35,27161495.0,IBKR_TRADES,RTH,split_adjusted,traded_shares,2026-09-10T01:20:37.874819+00:00,24
2025-04-24,SMH,203.22,209.28,202.18,208.97,6446917.0,IBKR_TRADES,RTH,split_adjusted,traded_shares,2026-09-10T01:20:37.874819+00:00,24
2025-04-25,AAPL,206.35,209.75,206.2,209.28,19849830.0,IBKR_TRADES,RTH,split_adjusted,traded_shares,2026-09-10T01:20:37.874819+00:00,24
2025-04-25,AMD,93.29,97.1,92.85,96.64,19804274.0,IBKR_TRADES,RTH,split_adjusted,traded_shares,2026-09-10T01:20:37.874819+00:00,24
2025-04-25,NVDA,106.86,111.92,105.73,111.01,191437624.0,IBKR_TRADES,RTH,split_adjusted,traded_shares,2026-09-10T01:20:37.874819+00:00,24
2025-04-25,QQQ,466.97,473.09,465.39,472.56,25189001.0,IBKR_TRADES,RTH,split_adjusted,traded_shares,2026-09-10T01:20:37.874819+00:00,24
2025-04-25,SMH,207.18,213.29,206.5,211.97,5452733.0,IBKR_TRADES,RTH,split_adjusted,traded_shares,2026-09-10T01:20:37.874819+00:00,24
2025-04-28,AAPL,210.06,211.5,207.46,210.14,19037050.0,IBKR_TRADES,RTH,split_adjusted,traded_shares,2026-09-10T01:20:37.874819+00:00,24
2025-04-28,AMD,95.59,97.49,94.27,96.39,15858938.0,IBKR_TRADES,RTH,split_adjusted,traded_shares,2026-09-10T01:20:37.874819+00:00,24
2025-04-28,NVDA,109.7,110.37,106.02,108.73,150008036.0,IBKR_TRADES,RTH,split_adjusted,traded_shares,2026-09-10T01:20:37.874819+00:00,24
2025-04-28,QQQ,473.01,474.81,466.03,472.41,20593222.0,IBKR_TRADES,RTH,split_adjusted,traded_shares,2026-09-10T01:20:37.874819+00:00,24
2025-04-28,SMH,210.89,212.21,206.4,210.65,4312019.0,IBKR_TRADES,RTH,split_adjusted,traded_shares,2026-09-10T01:20:37.874819+00:00,24
2025-04-29,AAPL,208.8,212.24,208.37,211.21,16647114.000000002,IBKR_TRADES,RTH,split_adjusted,traded_shares,2026-09-10T01:20:37.874819+00:00,24
2025-04-29,AMD,95.81,97.18,95.33,96.06,13383381.0,IBKR_TRADES,RTH,split_adjusted,traded_shares,2026-09-10T01:20:37.874819+00:00,24
2025-04-29,NVDA,107.67,110.2,107.44,109.02,128529321.00000001,IBKR_TRADES,RTH,split_adjusted,traded_shares,2026-09-10T01:20:37.874819+00:00,24
2025-04-29,QQQ,470.09,476.43,469.59,475.53,20338159.0,IBKR_TRADES,RTH,split_adjusted,traded_shares,2026-09-10T01:20:37.874819+00:00,24
2025-04-29,SMH,209.33,212.25,208.52,210.29,3039199.0,IBKR_TRADES,RTH,split_adjusted,traded_shares,2026-09-10T01:20:37.874819+00:00,24
2025-04-30,AAPL,209.26,213.58,206.67,212.5,20863441.0,IBKR_TRADES,RTH,split_adjusted,traded_shares,2026-09-10T01:20:37.874819+00:00,24
2025-04-30,AMD,92.7,97.55,91.87,97.35,17792482.0,IBKR_TRADES,RTH,split_adjusted,traded_shares,2026-09-10T01:20:37.874819+00:00,24
2025-04-30,NVDA,104.48,108.92,104.08,108.92,146091682.0,IBKR_TRADES,RTH,split_adjusted,traded_shares,2026-09-10T01:20:37.874819+00:00,24
2025-04-30,QQQ,467.13,477.2,462.43,475.47,27173820.0,IBKR_TRADES,RTH,split_adjusted,traded_shares,2026-09-10T01:20:37.874819+00:00,24
2025-04-30,SMH,205.19,211.74,203.89,211.28,3864810.9999999995,IBKR_TRADES,RTH,split_adjusted,traded_shares,2026-09-10T01:20:37.874819+00:00,24
2025-05-01,AAPL,208.9,214.56,208.9,213.32,26794399.0,IBKR_TRADES,RTH,split_adjusted,traded_shares,2026-09-10T01:20:37.874819+00:00,24
2025-05-01,AMD,99.31,100.1,96.45,96.65,19029025.0,IBKR_TRADES,RTH,split_adjusted,traded_shares,2026-09-10T01:20:37.874819+00:00,24
2025-05-01,NVDA,113.08,114.94,111.3,111.61,168943802.0,IBKR_TRADES,RTH,split_adjusted,traded_shares,2026-09-10T01:20:37.874819+00:00,24
2025-05-01,QQQ,483.41,487.18,480.74,481.68,26016492.0,IBKR_TRADES,RTH,split_adjusted,traded_shares,2026-09-10T01:20:37.874819+00:00,24
2025-05-01,SMH,214.81,216.53,212.11,212.3,4689374.0,IBKR_TRADES,RTH,split_adjusted,traded_shares,2026-09-10T01:20:37.874819+00:00,24
2025-05-02,AAPL,206.09,206.99,202.16,205.35,58989850.0,IBKR_TRADES,RTH,split_adjusted,traded_shares,2026-09-10T01:20:37.874819+00:00,24
2025-05-02,AMD,98.39,99.88,98.3,98.8,21087119.0,IBKR_TRADES,RTH,split_adjusted,traded_shares,2026-09-10T01:20:37.874819+00:00,24
2025-05-02,NVDA,114.16,115.4,113.37,114.5,135865900.0,IBKR_TRADES,RTH,split_adjusted,traded_shares,2026-09-10T01:20:37.874819+00:00,24
2025-05-02,QQQ,486.54,490.91,484.83,488.83,24267175.0,IBKR_TRADES,RTH,split_adjusted,traded_shares,2026-09-10T01:20:37.874819+00:00,24
2025-05-02,SMH,217.99,220.92,217.23,219.03,4818044.0,IBKR_TRADES,RTH,split_adjusted,traded_shares,2026-09-10T01:20:37.874819+00:00,24
2025-05-05,AAPL,203.1,204.1,198.21,198.89,38079557.0,IBKR_TRADES,RTH,split_adjusted,traded_shares,2026-09-10T01:20:37.874819+00:00,24
2025-05-05,AMD,99.0,102.05,98.76,100.59,25460631.0,IBKR_TRADES,RTH,split_adjusted,traded_shares,2026-09-10T01:20:37.874819+00:00,24
2025-05-05,NVDA,112.91,114.67,112.66,113.82,93151666.0,IBKR_TRADES,RTH,split_adjusted,traded_shares,2026-09-10T01:20:37.874819+00:00,24
2025-05-05,QQQ,484.6,489.03,484.1,485.93,16124656.999999998,IBKR_TRADES,RTH,split_adjusted,traded_shares,2026-09-10T01:20:37.874819+00:00,24
2025-05-05,SMH,217.03,219.6,216.9,217.61,3174302.0,IBKR_TRADES,RTH,split_adjusted,traded_shares,2026-09-10T01:20:37.874819+00:00,24
2025-05-06,AAPL,198.17,200.65,197.02,198.51,26765829.0,IBKR_TRADES,RTH,split_adjusted,traded_shares,2026-09-10T01:20:37.874819+00:00,24
2025-05-06,AMD,98.4,100.07,97.44,98.62,28155718.0,IBKR_TRADES,RTH,split_adjusted,traded_shares,2026-09-10T01:20:37.874819+00:00,24
2025-05-06,NVDA,111.47,114.74,110.82,113.54,113652659.0,IBKR_TRADES,RTH,split_adjusted,traded_shares,2026-09-10T01:20:37.874819+00:00,24
2025-05-06,QQQ,479.56,485.05,478.19,481.41,20304184.0,IBKR_TRADES,RTH,split_adjusted,traded_shares,2026-09-10T01:20:37.874819+00:00,24
2025-05-06,SMH,213.65,217.44,212.83,215.59,3607202.0,IBKR_TRADES,RTH,split_adjusted,traded_shares,2026-09-10T01:20:37.874819+00:00,24
2025-05-07,AAPL,199.11,199.44,193.25,196.25,35806508.0,IBKR_TRADES,RTH,split_adjusted,traded_shares,2026-09-10T01:20:37.874819+00:00,24
2025-05-07,AMD,100.75,103.42,96.88,100.36,66122099.00000001,IBKR_TRADES,RTH,split_adjusted,traded_shares,2026-09-10T01:20:37.874819+00:00,24
2025-05-07,NVDA,113.04,117.68,112.28,117.06,149915673.0,IBKR_TRADES,RTH,split_adjusted,traded_shares,2026-09-10T01:20:37.874819+00:00,24
2025-05-07,QQQ,482.08,485.8,476.78,483.3,23747715.0,IBKR_TRADES,RTH,split_adjusted,traded_shares,2026-09-10T01:20:37.874819+00:00,24
2025-05-07,SMH,215.72,220.92,214.19,220.02,6923819.0,IBKR_TRADES,RTH,split_adjusted,traded_shares,2026-09-10T01:20:37.874819+00:00,24
2025-05-08,AAPL,197.73,200.05,194.67,197.49,28596522.0,IBKR_TRADES,RTH,split_adjusted,traded_shares,2026-09-10T01:20:37.874819+00:00,24
2025-05-08,AMD,101.9,105.44,101.56,101.7,39072689.0,IBKR_TRADES,RTH,split_adjusted,traded_shares,2026-09-10T01:20:37.874819+00:00,24
2025-05-08,NVDA,118.49,118.68,115.85,117.37,143439959.0,IBKR_TRADES,RTH,split_adjusted,traded_shares,2026-09-10T01:20:37.874819+00:00,24
2025-05-08,QQQ,488.53,492.7,484.17,488.29,25612010.0,IBKR_TRADES,RTH,split_adjusted,traded_shares,2026-09-10T01:20:37.874819+00:00,24
2025-05-08,SMH,222.84,224.84,220.1,221.95,4047256.0,IBKR_TRADES,RTH,split_adjusted,traded_shares,2026-09-10T01:20:37.874819+00:00,24
2025-05-09,AAPL,199.0,200.54,197.53,198.53,21648319.0,IBKR_TRADES,RTH,split_adjusted,traded_shares,2026-09-10T01:20:37.874819+00:00,24
2025-05-09,AMD,102.59,103.54,101.6,102.84,22770509.0,IBKR_TRADES,RTH,split_adjusted,traded_shares,2026-09-10T01:20:37.874819+00:00,24
2025-05-09,NVDA,117.33,118.23,115.21,116.65,101964769.0,IBKR_TRADES,RTH,split_adjusted,traded_shares,2026-09-10T01:20:37.874819+00:00,24
2025-05-09,QQQ,490.21,491.54,486.19,487.97,16701123.0,IBKR_TRADES,RTH,split_adjusted,traded_shares,2026-09-10T01:20:37.874819+00:00,24
2025-05-09,SMH,224.39,225.37,221.99,223.4,2334063.0,IBKR_TRADES,RTH,split_adjusted,traded_shares,2026-09-10T01:20:37.874819+00:00,24
2025-05-12,AAPL,210.93,211.26,206.75,210.79,37355661.0,IBKR_TRADES,RTH,split_adjusted,traded_shares,2026-09-10T01:20:37.874819+00:00,24
2025-05-12,AMD,110.35,110.67,106.98,108.12,34416026.0,IBKR_TRADES,RTH,split_adjusted,traded_shares,2026-09-10T01:20:37.874819+00:00,24
2025-05-12,NVDA,121.94,123.0,120.28,123.0,154779037.0,IBKR_TRADES,RTH,split_adjusted,traded_shares,2026-09-10T01:20:37.874819+00:00,24
2025-05-12,QQQ,507.0,507.89,501.48,507.85,25257926.0,IBKR_TRADES,RTH,split_adjusted,traded_shares,2026-09-10T01:20:37.874819+00:00,24
2025-05-12,SMH,236.72,238.67,234.05,237.41,6605911.0,IBKR_TRADES,RTH,split_adjusted,traded_shares,2026-09-10T01:20:37.874819+00:00,24
2025-05-13,AAPL,210.37,213.4,209.0,212.93,27973594.0,IBKR_TRADES,RTH,split_adjusted,traded_shares,2026-09-10T01:20:37.874819+00:00,24
2025-05-13,AMD,109.63,113.13,109.0,112.46,38404344.0,IBKR_TRADES,RTH,split_adjusted,traded_shares,2026-09-10T01:20:37.874819+00:00,24
2025-05-13,NVDA,124.98,131.22,124.47,129.93,230104551.0,IBKR_TRADES,RTH,split_adjusted,traded_shares,2026-09-10T01:20:37.874819+00:00,24
2025-05-13,QQQ,509.19,517.39,508.42,515.59,34682849.0,IBKR_TRADES,RTH,split_adjusted,traded_shares,2026-09-10T01:20:37.874819+00:00,24
2025-05-13,SMH,239.05,246.69,238.6,245.56,6139998.0,IBKR_TRADES,RTH,split_adjusted,traded_shares,2026-09-10T01:20:37.874819+00:00,24
2025-05-14,AAPL,212.43,213.94,210.58,212.33,26654783.0,IBKR_TRADES,RTH,split_adjusted,traded_shares,2026-09-10T01:20:37.874819+00:00,24
2025-05-14,AMD,119.87,122.52,116.59,117.72,61648377.0,IBKR_TRADES,RTH,split_adjusted,traded_shares,2026-09-10T01:20:37.874819+00:00,24
2025-05-14,NVDA,133.21,135.44,131.68,135.34,190608245.0,IBKR_TRADES,RTH,split_adjusted,traded_shares,2026-09-10T01:20:37.874819+00:00,24
2025-05-14,QQQ,516.75,519.23,515.75,518.68,31087780.0,IBKR_TRADES,RTH,split_adjusted,traded_shares,2026-09-10T01:20:37.874819+00:00,24
2025-05-14,SMH,247.65,249.44,245.6,247.99,5185424.0,IBKR_TRADES,RTH,split_adjusted,traded_shares,2026-09-10T01:20:37.874819+00:00,24
2025-05-15,AAPL,210.89,212.96,209.54,211.45,25683123.0,IBKR_TRADES,RTH,split_adjusted,traded_shares,2026-09-10T01:20:37.874819+00:00,24
2025-05-15,AMD,117.02,117.5,114.01,114.99,30568346.0,IBKR_TRADES,RTH,split_adjusted,traded_shares,2026-09-10T01:20:37.874819+00:00,24
2025-05-15,NVDA,134.3,136.3,132.66,134.83,162661702.0,IBKR_TRADES,RTH,split_adjusted,traded_shares,2026-09-10T01:20:37.874819+00:00,24
2025-05-15,QQQ,516.52,521.93,515.17,519.25,31628019.999999996,IBKR_TRADES,RTH,split_adjusted,traded_shares,2026-09-10T01:20:37.874819+00:00,24
2025-05-15,SMH,245.75,249.0,244.07,247.13,4535905.0,IBKR_TRADES,RTH,split_adjusted,traded_shares,2026-09-10T01:20:37.874819+00:00,24
2025-05-16,AAPL,212.42,212.57,209.77,211.26,23530503.0,IBKR_TRADES,RTH,split_adjusted,traded_shares,2026-09-10T01:20:37.874819+00:00,24
2025-05-16,AMD,118.07,118.24,116.01,117.17,28011613.0,IBKR_TRADES,RTH,split_adjusted,traded_shares,2026-09-10T01:20:37.874819+00:00,24
2025-05-16,NVDA,136.3,136.35,133.46,135.4,150870631.0,IBKR_TRADES,RTH,split_adjusted,traded_shares,2026-09-10T01:20:37.874819+00:00,24
2025-05-16,QQQ,520.69,521.7,517.1,521.51,27019975.0,IBKR_TRADES,RTH,split_adjusted,traded_shares,2026-09-10T01:20:37.874819+00:00,24
2025-05-16,SMH,247.54,247.61,244.12,246.42,2454278.0,IBKR_TRADES,RTH,split_adjusted,traded_shares,2026-09-10T01:20:37.874819+00:00,24
2025-05-19,AAPL,207.78,209.48,204.26,208.78,26756901.0,IBKR_TRADES,RTH,split_adjusted,traded_shares,2026-09-10T01:20:37.874819+00:00,24
2025-05-19,AMD,114.96,115.53,114.06,114.74,22633097.0,IBKR_TRADES,RTH,split_adjusted,traded_shares,2026-09-10T01:20:37.874819+00:00,24
2025-05-19,NVDA,132.36,135.87,132.34,135.57,132781472.0,IBKR_TRADES,RTH,split_adjusted,traded_shares,2026-09-10T01:20:37.874819+00:00,24
2025-05-19,QQQ,514.3,522.53,514.24,522.01,29002744.0,IBKR_TRADES,RTH,split_adjusted,traded_shares,2026-09-10T01:20:37.874819+00:00,24
2025-05-19,SMH,241.4,246.5,241.29,246.01,2711241.0,IBKR_TRADES,RTH,split_adjusted,traded_shares,2026-09-10T01:20:37.874819+00:00,24
2025-05-20,AAPL,207.67,208.47,205.03,206.86,23605310.0,IBKR_TRADES,RTH,split_adjusted,traded_shares,2026-09-10T01:20:37.874819+00:00,24
2025-05-20,AMD,114.35,114.51,112.08,113.51,19826653.0,IBKR_TRADES,RTH,split_adjusted,traded_shares,2026-09-10T01:20:37.874819+00:00,24
2025-05-20,NVDA,134.3,134.58,132.62,134.38,117500892.0,IBKR_TRADES,RTH,split_adjusted,traded_shares,2026-09-10T01:20:37.874819+00:00,24
2025-05-20,QQQ,519.46,520.93,516.66,520.27,25439566.0,IBKR_TRADES,RTH,split_adjusted,traded_shares,2026-09-10T01:20:37.874819+00:00,24
2025-05-20,SMH,243.87,245.61,242.88,245.54,1867883.0,IBKR_TRADES,RTH,split_adjusted,traded_shares,2026-09-10T01:20:37.874819+00:00,24
2025-05-21,AAPL,205.17,207.04,200.71,202.09,37402809.0,IBKR_TRADES,RTH,split_adjusted,traded_shares,2026-09-10T01:20:37.874819+00:00,24
2025-05-21,AMD,113.92,116.1,111.09,112.06,31915544.0,IBKR_TRADES,RTH,split_adjusted,traded_shares,2026-09-10T01:20:37.874819+00:00,24
2025-05-21,NVDA,133.04,137.4,130.59,131.8,203043398.0,IBKR_TRADES,RTH,split_adjusted,traded_shares,2026-09-10T01:20:37.874819+00:00,24
2025-05-21,QQQ,516.29,523.0,511.24,513.04,50725300.0,IBKR_TRADES,RTH,split_adjusted,traded_shares,2026-09-10T01:20:37.874819+00:00,24
2025-05-21,SMH,243.33,248.58,240.02,241.47,4390234.0,IBKR_TRADES,RTH,split_adjusted,traded_shares,2026-09-10T01:20:37.874819+00:00,24
2025-05-22,AAPL,200.71,202.75,199.78,201.36,29211575.0,IBKR_TRADES,RTH,split_adjusted,traded_shares,2026-09-10T01:20:37.874819+00:00,24
2025-05-22,AMD,111.91,112.64,110.61,110.71,21935274.0,IBKR_TRADES,RTH,split_adjusted,traded_shares,2026-09-10T01:20:37.874819+00:00,24
2025-05-22,NVDA,132.22,134.25,131.55,132.83,137195415.0,IBKR_TRADES,RTH,split_adjusted,traded_shares,2026-09-10T01:20:37.874819+00:00,24
2025-05-22,QQQ,513.67,517.71,512.3,514.0,36748353.0,IBKR_TRADES,RTH,split_adjusted,traded_shares,2026-09-10T01:20:37.874819+00:00,24
2025-05-22,SMH,241.03,243.61,240.32,240.81,3581495.0,IBKR_TRADES,RTH,split_adjusted,traded_shares,2026-09-10T01:20:37.874819+00:00,24
2025-05-23,AAPL,193.67,197.7,193.46,195.27,48789980.0,IBKR_TRADES,RTH,split_adjusted,traded_shares,2026-09-10T01:20:37.874819+00:00,24
2025-05-23,AMD,108.08,111.02,107.66,110.31,19347643.0,IBKR_TRADES,RTH,split_adjusted,traded_shares,2026-09-10T01:20:37.874819+00:00,24
2025-05-23,NVDA,130.0,132.66,129.16,131.29,141362813.0,IBKR_TRADES,RTH,split_adjusted,traded_shares,2026-09-10T01:20:37.874819+00:00,24
2025-05-23,QQQ,506.2,511.84,505.58,509.24,35695531.0,IBKR_TRADES,RTH,split_adjusted,traded_shares,2026-09-10T01:20:37.874819+00:00,24
2025-05-23,SMH,235.21,238.86,234.58,237.44,4151425.0000000005,IBKR_TRADES,RTH,split_adjusted,traded_shares,2026-09-10T01:20:37.874819+00:00,24
2025-05-27,AAPL,198.29,200.74,197.43,200.21,33513367.999999996,IBKR_TRADES,RTH,split_adjusted,traded_shares,2026-09-10T01:20:37.874819+00:00,24
2025-05-27,AMD,113.18,115.4,112.27,114.56,26559965.0,IBKR_TRADES,RTH,split_adjusted,traded_shares,2026-09-10T01:20:37.874819+00:00,24
2025-05-27,NVDA,134.14,135.66,133.31,135.5,139557043.0,IBKR_TRADES,RTH,split_adjusted,traded_shares,2026-09-10T01:20:37.874819+00:00,24
2025-05-27,QQQ,516.15,521.71,514.59,521.22,32539987.0,IBKR_TRADES,RTH,split_adjusted,traded_shares,2026-09-10T01:20:37.874819+00:00,24
2025-05-27,SMH,242.3,245.69,240.65,244.97,6038005.0,IBKR_TRADES,RTH,split_adjusted,traded_shares,2026-09-10T01:20:37.874819+00:00,24
2025-05-28,AAPL,200.53,202.73,199.9,200.42,23926798.0,IBKR_TRADES,RTH,split_adjusted,traded_shares,2026-09-10T01:20:37.874819+00:00,24
2025-05-28,AMD,114.92,114.95,112.66,112.86,17205472.0,IBKR_TRADES,RTH,split_adjusted,traded_shares,2026-09-10T01:20:37.874819+00:00,24
2025-05-28,NVDA,136.02,137.25,134.79,134.81,178614721.0,IBKR_TRADES,RTH,split_adjusted,traded_shares,2026-09-10T01:20:37.874819+00:00,24
2025-05-28,QQQ,522.18,523.68,518.39,518.91,28022930.0,IBKR_TRADES,RTH,split_adjusted,traded_shares,2026-09-10T01:20:37.874819+00:00,24
2025-05-28,SMH,245.11,246.21,241.9,242.36,7494996.0,IBKR_TRADES,RTH,split_adjusted,traded_shares,2026-09-10T01:20:37.874819+00:00,24
2025-05-29,AAPL,203.49,203.81,198.51,199.95,30411816.999999996,IBKR_TRADES,RTH,split_adjusted,traded_shares,2026-09-10T01:20:37.874819+00:00,24
2025-05-29,AMD,115.46,115.59,112.13,113.03,22087854.0,IBKR_TRADES,RTH,split_adjusted,traded_shares,2026-09-10T01:20:37.874819+00:00,24
2025-05-29,NVDA,142.25,143.49,137.93,139.19,268666767.0,IBKR_TRADES,RTH,split_adjusted,traded_shares,2026-09-10T01:20:37.874819+00:00,24
2025-05-29,QQQ,526.32,526.48,517.32,519.93,38819480.0,IBKR_TRADES,RTH,split_adjusted,traded_shares,2026-09-10T01:20:37.874819+00:00,24
2025-05-29,SMH,249.0,249.21,242.7,244.08,6038538.0,IBKR_TRADES,RTH,split_adjusted,traded_shares,2026-09-10T01:20:37.874819+00:00,24
2025-05-30,AAPL,199.39,201.96,196.78,200.85,28569554.0,IBKR_TRADES,RTH,split_adjusted,traded_shares,2026-09-10T01:20:37.874819+00:00,24
2025-05-30,AMD,111.65,112.11,108.61,110.73,21410522.0,IBKR_TRADES,RTH,split_adjusted,traded_shares,2026-09-10T01:20:37.874819+00:00,24
2025-05-30,NVDA,138.69,139.62,132.92,135.13,212924350.0,IBKR_TRADES,RTH,split_adjusted,traded_shares,2026-09-10T01:20:37.874819+00:00,24
2025-05-30,QQQ,519.44,520.68,511.93,519.11,43267169.0,IBKR_TRADES,RTH,split_adjusted,traded_shares,2026-09-10T01:20:37.874819+00:00,24
2025-05-30,SMH,243.23,243.23,235.37,239.75,7324572.0,IBKR_TRADES,RTH,split_adjusted,traded_shares,2026-09-10T01:20:37.874819+00:00,24
2025-06-02,AAPL,200.28,202.13,200.12,201.7,19744280.0,IBKR_TRADES,RTH,split_adjusted,traded_shares,2026-09-10T01:20:37.874819+00:00,24
2025-06-02,AMD,111.09,114.86,111.01,114.63,22962010.0,IBKR_TRADES,RTH,split_adjusted,traded_shares,2026-09-10T01:20:37.874819+00:00,24
2025-06-02,NVDA,135.58,138.12,135.4,137.38,129835888.99999999,IBKR_TRADES,RTH,split_adjusted,traded_shares,2026-09-10T01:20:37.874819+00:00,24
2025-06-02,QQQ,517.27,523.45,515.97,523.21,29130636.0,IBKR_TRADES,RTH,split_adjusted,traded_shares,2026-09-10T01:20:37.874819+00:00,24
2025-06-02,SMH,239.18,244.03,238.96,243.3,2875701.0,IBKR_TRADES,RTH,split_adjusted,traded_shares,2026-09-10T01:20:37.874819+00:00,24
2025-06-03,AAPL,201.35,203.77,200.95,203.27,23886947.0,IBKR_TRADES,RTH,split_adjusted,traded_shares,2026-09-10T01:20:37.874819+00:00,24
2025-06-03,AMD,114.49,117.68,113.28,117.31,23904852.0,IBKR_TRADES,RTH,split_adjusted,traded_shares,2026-09-10T01:20:37.874819+00:00,24
2025-06-03,NVDA,138.81,142.0,137.95,141.22,158312827.0,IBKR_TRADES,RTH,split_adjusted,traded_shares,2026-09-10T01:20:37.874819+00:00,24
2025-06-03,QQQ,523.58,528.74,522.69,527.3,29680295.0,IBKR_TRADES,RTH,split_adjusted,traded_shares,2026-09-10T01:20:37.874819+00:00,24
2025-06-03,SMH,243.48,249.17,242.35,248.79,5266635.0,IBKR_TRADES,RTH,split_adjusted,traded_shares,2026-09-10T01:20:37.874819+00:00,24
2025-06-04,AAPL,202.97,206.24,202.1,202.82,26294653.0,IBKR_TRADES,RTH,split_adjusted,traded_shares,2026-09-10T01:20:37.874819+00:00,24
2025-06-04,AMD,117.4,119.3,115.73,118.58,21835107.0,IBKR_TRADES,RTH,split_adjusted,traded_shares,2026-09-10T01:20:37.874819+00:00,24
2025-06-04,NVDA,142.19,142.39,139.54,141.92,118991578.0,IBKR_TRADES,RTH,split_adjusted,traded_shares,2026-09-10T01:20:37.874819+00:00,24
2025-06-04,QQQ,528.02,529.84,525.96,528.77,26500556.0,IBKR_TRADES,RTH,split_adjusted,traded_shares,2026-09-10T01:20:37.874819+00:00,24
2025-06-04,SMH,250.57,252.61,248.36,251.75,4715750.0,IBKR_TRADES,RTH,split_adjusted,traded_shares,2026-09-10T01:20:37.874819+00:00,24
2025-06-05,AAPL,203.56,204.75,200.15,200.63,28594150.0,IBKR_TRADES,RTH,split_adjusted,traded_shares,2026-09-10T01:20:37.874819+00:00,24
2025-06-05,AMD,118.91,119.25,114.71,115.69,22931616.0,IBKR_TRADES,RTH,split_adjusted,traded_shares,2026-09-10T01:20:37.874819+00:00,24
2025-06-05,NVDA,142.15,144.0,138.83,139.99,157379257.0,IBKR_TRADES,RTH,split_adjusted,traded_shares,2026-09-10T01:20:37.874819+00:00,24
2025-06-05,QQQ,530.18,533.05,522.66,524.79,38659696.0,IBKR_TRADES,RTH,split_adjusted,traded_shares,2026-09-10T01:20:37.874819+00:00,24
2025-06-05,SMH,253.74,256.06,249.76,251.3,5437948.0,IBKR_TRADES,RTH,split_adjusted,traded_shares,2026-09-10T01:20:37.874819+00:00,24
2025-06-06,AAPL,203.0,205.7,202.05,203.92,27398721.0,IBKR_TRADES,RTH,split_adjusted,traded_shares,2026-09-10T01:20:37.874819+00:00,24
2025-06-06,AMD,117.69,118.38,115.88,116.19,19074492.0,IBKR_TRADES,RTH,split_adjusted,traded_shares,2026-09-10T01:20:37.874819+00:00,24
2025-06-06,NVDA,142.51,143.27,141.51,141.72,110237921.0,IBKR_TRADES,RTH,split_adjusted,traded_shares,2026-09-10T01:20:37.874819+00:00,24
2025-06-06,QQQ,530.0,531.8,528.21,529.92,27632140.0,IBKR_TRADES,RTH,split_adjusted,traded_shares,2026-09-10T01:20:37.874819+00:00,24
2025-06-06,SMH,253.54,255.59,252.64,252.73,3703050.0,IBKR_TRADES,RTH,split_adjusted,traded_shares,2026-09-10T01:20:37.874819+00:00,24
2025-06-09,AAPL,204.44,206.0,200.02,201.45,48638919.0,IBKR_TRADES,RTH,split_adjusted,traded_shares,2026-09-10T01:20:37.874819+00:00,24
2025-06-09,AMD,119.18,122.37,119.04,121.73,39467524.0,IBKR_TRADES,RTH,split_adjusted,traded_shares,2026-09-10T01:20:37.874819+00:00,24
2025-06-09,NVDA,143.21,145.0,141.95,142.63,133147128.0,IBKR_TRADES,RTH,split_adjusted,traded_shares,2026-09-10T01:20:37.874819+00:00,24
2025-06-09,QQQ,530.14,532.35,529.01,530.7,22789489.0,IBKR_TRADES,RTH,split_adjusted,traded_shares,2026-09-10T01:20:37.874819+00:00,24
2025-06-09,SMH,255.0,259.87,255.0,256.96,7281042.0,IBKR_TRADES,RTH,split_adjusted,traded_shares,2026-09-10T01:20:37.874819+00:00,24
2025-06-10,AAPL,200.56,204.35,200.56,202.67,32190207.0,IBKR_TRADES,RTH,split_adjusted,traded_shares,2026-09-10T01:20:37.874819+00:00,24
2025-06-10,AMD,121.11,124.08,120.8,123.24,29676936.0,IBKR_TRADES,RTH,split_adjusted,traded_shares,2026-09-10T01:20:37.874819+00:00,24
2025-06-10,NVDA,142.69,144.29,141.52,143.96,104456927.0,IBKR_TRADES,RTH,split_adjusted,traded_shares,2026-09-10T01:20:37.874819+00:00,24
2025-06-10,QQQ,531.17,534.9,528.89,534.21,29565611.0,IBKR_TRADES,RTH,split_adjusted,traded_shares,2026-09-10T01:20:37.874819+00:00,24
2025-06-10,SMH,258.36,262.68,257.46,262.07,6561057.0,IBKR_TRADES,RTH,split_adjusted,traded_shares,2026-09-10T01:20:37.874819+00:00,24
2025-06-11,AAPL,203.5,204.5,198.41,198.78,37382618.0,IBKR_TRADES,RTH,split_adjusted,traded_shares,2026-09-10T01:20:37.874819+00:00,24
2025-06-11,AMD,124.44,124.47,119.88,121.14,22812412.0,IBKR_TRADES,RTH,split_adjusted,traded_shares,2026-09-10T01:20:37.874819+00:00,24
2025-06-11,NVDA,144.63,144.99,141.87,142.83,117153736.0,IBKR_TRADES,RTH,split_adjusted,traded_shares,2026-09-10T01:20:37.874819+00:00,24
2025-06-11,QQQ,535.63,536.78,530.11,532.41,36604204.0,IBKR_TRADES,RTH,split_adjusted,traded_shares,2026-09-10T01:20:37.874819+00:00,24
2025-06-11,SMH,263.6,264.91,259.69,261.88,8068179.999999999,IBKR_TRADES,RTH,split_adjusted,traded_shares,2026-09-10T01:20:37.874819+00:00,24
2025-06-12,AAPL,199.08,199.68,197.36,199.2,25791782.0,IBKR_TRADES,RTH,split_adjusted,traded_shares,2026-09-10T01:20:37.874819+00:00,24
2025-06-12,AMD,120.64,122.25,118.03,118.5,33793700.0,IBKR_TRADES,RTH,split_adjusted,traded_shares,2026-09-10T01:20:37.874819+00:00,24
2025-06-12,NVDA,141.99,145.0,141.85,145.0,117958659.0,IBKR_TRADES,RTH,split_adjusted,traded_shares,2026-09-10T01:20:37.874819+00:00,24
2025-06-12,QQQ,531.07,534.65,530.84,533.66,22332522.0,IBKR_TRADES,RTH,split_adjusted,traded_shares,2026-09-10T01:20:37.874819+00:00,24
2025-06-12,SMH,260.06,264.0,260.06,263.15,4766812.0,IBKR_TRADES,RTH,split_adjusted,traded_shares,2026-09-10T01:20:37.874819+00:00,24
2025-06-13,AAPL,199.83,200.37,195.7,196.45,31401928.999999996,IBKR_TRADES,RTH,split_adjusted,traded_shares,2026-09-10T01:20:37.874819+00:00,24
2025-06-13,AMD,116.04,117.89,115.06,116.16,27723034.0,IBKR_TRADES,RTH,split_adjusted,traded_shares,2026-09-10T01:20:37.874819+00:00,24
2025-06-13,NVDA,142.48,143.58,140.85,141.97,124371843.0,IBKR_TRADES,RTH,split_adjusted,traded_shares,2026-09-10T01:20:37.874819+00:00,24
2025-06-13,QQQ,527.67,531.87,525.73,526.96,36739379.0,IBKR_TRADES,RTH,split_adjusted,traded_shares,2026-09-10T01:20:37.874819+00:00,24
2025-06-13,SMH,257.55,260.6,256.05,256.99,7635429.999999999,IBKR_TRADES,RTH,split_adjusted,traded_shares,2026-09-10T01:20:37.874819+00:00,24
2025-06-16,AAPL,197.28,198.69,196.56,198.42,24685057.0,IBKR_TRADES,RTH,split_adjusted,traded_shares,2026-09-10T01:20:37.874819+00:00,24
2025-06-16,AMD,118.66,128.14,117.78,126.39,78333578.0,IBKR_TRADES,RTH,split_adjusted,traded_shares,2026-09-10T01:20:37.874819+00:00,24
2025-06-16,NVDA,143.38,146.18,143.25,144.69,130385043.0,IBKR_TRADES,RTH,split_adjusted,traded_shares,2026-09-10T01:20:37.874819+00:00,24
2025-06-16,QQQ,530.51,535.37,530.45,534.29,23028795.0,IBKR_TRADES,RTH,split_adjusted,traded_shares,2026-09-10T01:20:37.874819+00:00,24
2025-06-16,SMH,259.97,265.05,259.78,263.38,4671971.0,IBKR_TRADES,RTH,split_adjusted,traded_shares,2026-09-10T01:20:37.874819+00:00,24
2025-06-17,AAPL,197.2,198.39,195.21,195.64,21653955.0,IBKR_TRADES,RTH,split_adjusted,traded_shares,2026-09-10T01:20:37.874819+00:00,24
2025-06-17,AMD,128.0,130.7,126.58,127.1,64377078.99999999,IBKR_TRADES,RTH,split_adjusted,traded_shares,2026-09-10T01:20:37.874819+00:00,24
2025-06-17,NVDA,144.54,145.22,143.78,144.12,96279240.0,IBKR_TRADES,RTH,split_adjusted,traded_shares,2026-09-10T01:20:37.874819+00:00,24
2025-06-17,QQQ,531.71,533.33,527.91,529.08,27437050.0,IBKR_TRADES,RTH,split_adjusted,traded_shares,2026-09-10T01:20:37.874819+00:00,24
2025-06-17,SMH,262.44,265.53,261.36,261.59,4354878.0,IBKR_TRADES,RTH,split_adjusted,traded_shares,2026-09-10T01:20:37.874819+00:00,24
2025-06-18,AAPL,195.92,197.57,195.07,196.58,25443792.0,IBKR_TRADES,RTH,split_adjusted,traded_shares,2026-09-10T01:20:37.874819+00:00,24
2025-06-18,AMD,128.01,129.21,125.77,126.79,38082759.0,IBKR_TRADES,RTH,split_adjusted,traded_shares,2026-09-10T01:20:37.874819+00:00,24
2025-06-18,NVDA,144.02,145.65,143.12,145.48,113293950.0,IBKR_TRADES,RTH,split_adjusted,traded_shares,2026-09-10T01:20:37.874819+00:00,24
2025-06-18,QQQ,530.1,532.55,527.4,528.99,29412149.0,IBKR_TRADES,RTH,split_adjusted,traded_shares,2026-09-10T01:20:37.874819+00:00,24
2025-06-18,SMH,262.78,264.92,260.99,262.59,4782123.0,IBKR_TRADES,RTH,split_adjusted,traded_shares,2026-09-10T01:20:37.874819+00:00,24
2025-06-20,AAPL,198.12,201.7,196.85,201.0,46559234.0,IBKR_TRADES,RTH,split_adjusted,traded_shares,2026-09-10T01:20:37.874819+00:00,24
2025-06-20,AMD,129.0,132.81,127.55,128.24,54048783.0,IBKR_TRADES,RTH,split_adjusted,traded_shares,2026-09-10T01:20:37.874819+00:00,24
2025-06-20,NVDA,145.45,146.2,142.65,143.85,135307382.0,IBKR_TRADES,RTH,split_adjusted,traded_shares,2026-09-10T01:20:37.874819+00:00,24
2025-06-20,QQQ,532.26,533.56,524.89,526.83,33553335.999999996,IBKR_TRADES,RTH,split_adjusted,traded_shares,2026-09-10T01:20:37.874819+00:00,24
2025-06-20,SMH,264.85,265.03,257.22,260.27,6630433.0,IBKR_TRADES,RTH,split_adjusted,traded_shares,2026-09-10T01:20:37.874819+00:00,24
2025-06-23,AAPL,201.59,202.3,198.96,201.5,27831103.0,IBKR_TRADES,RTH,split_adjusted,traded_shares,2026-09-10T01:20:37.874819+00:00,24
2025-06-23,AMD,130.47,133.25,126.82,129.58,48574221.0,IBKR_TRADES,RTH,split_adjusted,traded_shares,2026-09-10T01:20:37.874819+00:00,24
2025-06-23,NVDA,142.5,144.78,142.03,144.17,106368415.0,IBKR_TRADES,RTH,split_adjusted,traded_shares,2026-09-10T01:20:37.874819+00:00,24
2025-06-23,QQQ,526.82,532.17,523.65,531.65,33935045.0,IBKR_TRADES,RTH,split_adjusted,traded_shares,2026-09-10T01:20:37.874819+00:00,24
2025-06-23,SMH,259.85,262.66,257.12,261.92,5961414.0,IBKR_TRADES,RTH,split_adjusted,traded_shares,2026-09-10T01:20:37.874819+00:00,24
2025-06-24,AAPL,202.59,203.44,200.2,200.3,33599593.0,IBKR_TRADES,RTH,split_adjusted,traded_shares,2026-09-10T01:20:37.874819+00:00,24
2025-06-24,AMD,133.49,138.79,132.93,138.43,58337986.0,IBKR_TRADES,RTH,split_adjusted,traded_shares,2026-09-10T01:20:37.874819+00:00,24
2025-06-24,NVDA,145.55,147.96,145.5,147.9,116905147.0,IBKR_TRADES,RTH,split_adjusted,traded_shares,2026-09-10T01:20:37.874819+00:00,24
2025-06-24,QQQ,536.9,540.7,536.27,539.78,27858805.0,IBKR_TRADES,RTH,split_adjusted,traded_shares,2026-09-10T01:20:37.874819+00:00,24
2025-06-24,SMH,265.93,271.62,265.74,271.54,5580357.0,IBKR_TRADES,RTH,split_adjusted,traded_shares,2026-09-10T01:20:37.874819+00:00,24
2025-06-25,AAPL,201.42,203.67,200.62,201.56,23480840.0,IBKR_TRADES,RTH,split_adjusted,traded_shares,2026-09-10T01:20:37.874819+00:00,24
2025-06-25,AMD,140.94,144.18,139.46,143.4,54340169.0,IBKR_TRADES,RTH,split_adjusted,traded_shares,2026-09-10T01:20:37.874819+00:00,24
2025-06-25,NVDA,149.29,154.45,149.25,154.31,191747360.0,IBKR_TRADES,RTH,split_adjusted,traded_shares,2026-09-10T01:20:37.874819+00:00,24
2025-06-25,QQQ,542.06,543.31,539.38,541.16,27378583.0,IBKR_TRADES,RTH,split_adjusted,traded_shares,2026-09-10T01:20:37.874819+00:00,24
2025-06-25,SMH,273.23,275.27,272.45,275.2,4655072.0,IBKR_TRADES,RTH,split_adjusted,traded_shares,2026-09-10T01:20:37.874819+00:00,24
2025-06-26,AAPL,201.44,202.64,199.46,201.0,31504289.0,IBKR_TRADES,RTH,split_adjusted,traded_shares,2026-09-10T01:20:37.874819+00:00,24
2025-06-26,AMD,145.97,145.99,141.91,143.68,40330678.0,IBKR_TRADES,RTH,split_adjusted,traded_shares,2026-09-10T01:20:37.874819+00:00,24
2025-06-26,NVDA,155.97,156.72,154.0,155.02,139032976.0,IBKR_TRADES,RTH,split_adjusted,traded_shares,2026-09-10T01:20:37.874819+00:00,24
2025-06-26,QQQ,543.36,546.67,541.52,546.22,23408620.0,IBKR_TRADES,RTH,split_adjusted,traded_shares,2026-09-10T01:20:37.874819+00:00,24
2025-06-26,SMH,277.08,277.95,274.95,277.2,4013704.0,IBKR_TRADES,RTH,split_adjusted,traded_shares,2026-09-10T01:20:37.874819+00:00,24
2025-06-27,AAPL,201.92,203.22,200.0,201.08,32705704.000000004,IBKR_TRADES,RTH,split_adjusted,traded_shares,2026-09-10T01:20:37.874819+00:00,24
2025-06-27,AMD,144.23,147.76,141.63,143.81,43172053.0,IBKR_TRADES,RTH,split_adjusted,traded_shares,2026-09-10T01:20:37.874819+00:00,24
2025-06-27,NVDA,156.04,158.71,155.25,157.75,154490456.0,IBKR_TRADES,RTH,split_adjusted,traded_shares,2026-09-10T01:20:37.874819+00:00,24
2025-06-27,QQQ,547.26,549.99,544.54,548.09,33822647.0,IBKR_TRADES,RTH,split_adjusted,traded_shares,2026-09-10T01:20:37.874819+00:00,24
2025-06-27,SMH,278.18,280.5,275.64,278.42,5246077.0,IBKR_TRADES,RTH,split_adjusted,traded_shares,2026-09-10T01:20:37.874819+00:00,24
2025-06-30,AAPL,201.99,207.39,199.26,205.17,54102691.0,IBKR_TRADES,RTH,split_adjusted,traded_shares,2026-09-10T01:20:37.874819+00:00,24
2025-06-30,AMD,144.04,146.0,141.01,141.9,30488325.999999996,IBKR_TRADES,RTH,split_adjusted,traded_shares,2026-09-10T01:20:37.874819+00:00,24
2025-06-30,NVDA,158.41,158.66,155.97,157.99,115568972.0,IBKR_TRADES,RTH,split_adjusted,traded_shares,2026-09-10T01:20:37.874819+00:00,24
2025-06-30,QQQ,551.26,552.8,549.01,551.64,27140057.0,IBKR_TRADES,RTH,split_adjusted,traded_shares,2026-09-10T01:20:37.874819+00:00,24
2025-06-30,SMH,279.7,279.96,277.09,278.88,3807312.0000000005,IBKR_TRADES,RTH,split_adjusted,traded_shares,2026-09-10T01:20:37.874819+00:00,24
2025-07-01,AAPL,206.72,210.19,206.14,207.82,51670413.0,IBKR_TRADES,RTH,split_adjusted,traded_shares,2026-09-10T01:20:37.874819+00:00,24
2025-07-01,AMD,138.77,140.23,135.12,136.11,39581845.0,IBKR_TRADES,RTH,split_adjusted,traded_shares,2026-09-10T01:20:37.874819+00:00,24
2025-07-01,NVDA,156.26,157.2,151.49,153.3,155526715.0,IBKR_TRADES,RTH,split_adjusted,traded_shares,2026-09-10T01:20:37.874819+00:00,24
2025-07-01,QQQ,549.73,550.71,544.66,546.99,36098729.0,IBKR_TRADES,RTH,split_adjusted,traded_shares,2026-09-10T01:20:37.874819+00:00,24
2025-07-01,SMH,276.8,278.06,272.16,275.84,5583176.0,IBKR_TRADES,RTH,split_adjusted,traded_shares,2026-09-10T01:20:37.874819+00:00,24
2025-07-02,AAPL,208.99,213.34,208.14,212.44,47709793.0,IBKR_TRADES,RTH,split_adjusted,traded_shares,2026-09-10T01:20:37.874819+00:00,24
2025-07-02,AMD,135.47,139.78,135.22,138.52,27322034.0,IBKR_TRADES,RTH,split_adjusted,traded_shares,2026-09-10T01:20:37.874819+00:00,24
2025-07-02,NVDA,152.97,157.6,152.95,157.25,121046683.0,IBKR_TRADES,RTH,split_adjusted,traded_shares,2026-09-10T01:20:37.874819+00:00,24
2025-07-02,QQQ,546.16,551.0,546.12,550.8,24334026.0,IBKR_TRADES,RTH,split_adjusted,traded_shares,2026-09-10T01:20:37.874819+00:00,24
2025-07-02,SMH,274.82,281.92,274.66,281.25,5537477.0,IBKR_TRADES,RTH,split_adjusted,traded_shares,2026-09-10T01:20:37.874819+00:00,24
2025-07-03,AAPL,212.07,214.65,211.81,213.55,21913671.0,IBKR_TRADES,RTH,split_adjusted,traded_shares,2026-09-10T01:20:37.874819+00:00,24
2025-07-03,AMD,139.06,139.5,137.32,137.91,19459481.0,IBKR_TRADES,RTH,split_adjusted,traded_shares,2026-09-10T01:20:37.874819+00:00,24
2025-07-03,NVDA,158.37,160.98,157.77,159.34,97875755.0,IBKR_TRADES,RTH,split_adjusted,traded_shares,2026-09-10T01:20:37.874819+00:00,24
2025-07-03,QQQ,553.18,557.2,553.18,556.22,16051069.0,IBKR_TRADES,RTH,split_adjusted,traded_shares,2026-09-10T01:20:37.874819+00:00,24
2025-07-03,SMH,282.82,285.19,282.31,283.62,2700775.0,IBKR_TRADES,RTH,split_adjusted,traded_shares,2026-09-10T01:20:37.874819+00:00,24
2025-07-07,AAPL,212.72,216.23,208.8,209.95,30597625.0,IBKR_TRADES,RTH,split_adjusted,traded_shares,2026-09-10T01:20:37.874819+00:00,24
2025-07-07,AMD,136.5,137.44,133.5,134.8,25534005.0,IBKR_TRADES,RTH,split_adjusted,traded_shares,2026-09-10T01:20:37.874819+00:00,24
2025-07-07,NVDA,158.2,159.31,157.34,158.24,96582980.0,IBKR_TRADES,RTH,split_adjusted,traded_shares,2026-09-10T01:20:37.874819+00:00,24
2025-07-07,QQQ,553.52,554.34,549.58,552.03,30517232.0,IBKR_TRADES,RTH,split_adjusted,traded_shares,2026-09-10T01:20:37.874819+00:00,24
2025-07-07,SMH,281.76,282.64,278.55,279.76,5584714.0,IBKR_TRADES,RTH,split_adjusted,traded_shares,2026-09-10T01:20:37.874819+00:00,24
2025-07-08,AAPL,210.1,211.43,208.45,210.01,24616407.0,IBKR_TRADES,RTH,split_adjusted,traded_shares,2026-09-10T01:20:37.874819+00:00,24
2025-07-08,AMD,137.32,139.15,135.91,137.82,25409787.0,IBKR_TRADES,RTH,split_adjusted,traded_shares,2026-09-10T01:20:37.874819+00:00,24
2025-07-08,NVDA,159.34,160.22,158.39,160.0,96926302.0,IBKR_TRADES,RTH,split_adjusted,traded_shares,2026-09-10T01:20:37.874819+00:00,24
2025-07-08,QQQ,553.38,554.01,551.1,552.34,24533870.0,IBKR_TRADES,RTH,split_adjusted,traded_shares,2026-09-10T01:20:37.874819+00:00,24
2025-07-08,SMH,281.61,284.73,280.7,283.48,5467691.0,IBKR_TRADES,RTH,split_adjusted,traded_shares,2026-09-10T01:20:37.874819+00:00,24
2025-07-09,AAPL,209.53,211.33,207.22,211.14,30623245.000000004,IBKR_TRADES,RTH,split_adjusted,traded_shares,2026-09-10T01:20:37.874819+00:00,24
2025-07-09,AMD,138.7,140.65,137.59,138.41,27756985.0,IBKR_TRADES,RTH,split_adjusted,traded_shares,2026-09-10T01:20:37.874819+00:00,24
2025-07-09,NVDA,161.23,164.42,161.16,162.88,125676176.99999999,IBKR_TRADES,RTH,split_adjusted,traded_shares,2026-09-10T01:20:37.874819+00:00,24
2025-07-09,QQQ,554.46,557.63,553.1,556.25,29823629.0,IBKR_TRADES,RTH,split_adjusted,traded_shares,2026-09-10T01:20:37.874819+00:00,24
2025-07-09,SMH,284.73,287.84,283.57,285.42,4304801.0,IBKR_TRADES,RTH,split_adjusted,traded_shares,2026-09-10T01:20:37.874819+00:00,24
2025-07-10,AAPL,210.44,213.48,210.03,212.41,28382734.0,IBKR_TRADES,RTH,split_adjusted,traded_shares,2026-09-10T01:20:37.874819+00:00,24
2025-07-10,AMD,142.94,145.82,141.85,144.16,44693296.0,IBKR_TRADES,RTH,split_adjusted,traded_shares,2026-09-10T01:20:37.874819+00:00,24
2025-07-10,NVDA,164.33,164.5,161.61,164.1,119258767.0,IBKR_TRADES,RTH,split_adjusted,traded_shares,2026-09-10T01:20:37.874819+00:00,24
2025-07-10,QQQ,556.89,557.3,552.75,555.45,22265391.0,IBKR_TRADES,RTH,split_adjusted,traded_shares,2026-09-10T01:20:37.874819+00:00,24
2025-07-10,SMH,287.88,288.19,284.56,287.52,3592689.0,IBKR_TRADES,RTH,split_adjusted,traded_shares,2026-09-10T01:20:37.874819+00:00,24
2025-07-11,AAPL,210.43,212.13,209.86,211.16,21558284.0,IBKR_TRADES,RTH,split_adjusted,traded_shares,2026-09-10T01:20:37.874819+00:00,24
2025-07-11,AMD,142.62,147.4,141.6,146.42,37137297.0,IBKR_TRADES,RTH,split_adjusted,traded_shares,2026-09-10T01:20:37.874819+00:00,24
2025-07-11,NVDA,163.73,167.89,163.47,164.92,143521374.0,IBKR_TRADES,RTH,split_adjusted,traded_shares,2026-09-10T01:20:37.874819+00:00,24
2025-07-11,QQQ,553.3,555.79,552.05,554.2,25970079.0,IBKR_TRADES,RTH,split_adjusted,traded_shares,2026-09-10T01:20:37.874819+00:00,24
2025-07-11,SMH,286.47,288.94,285.55,287.49,3502173.0,IBKR_TRADES,RTH,split_adjusted,traded_shares,2026-09-10T01:20:37.874819+00:00,24
2025-07-14,AAPL,209.93,210.91,207.54,208.62,23931631.0,IBKR_TRADES,RTH,split_adjusted,traded_shares,2026-09-10T01:20:37.874819+00:00,24
2025-07-14,AMD,145.09,147.58,141.9,146.24,31768618.999999996,IBKR_TRADES,RTH,split_adjusted,traded_shares,2026-09-10T01:20:37.874819+00:00,24
2025-07-14,NVDA,165.34,165.49,162.02,164.07,100790322.0,IBKR_TRADES,RTH,split_adjusted,traded_shares,2026-09-10T01:20:37.874819+00:00,24
2025-07-14,QQQ,554.04,556.95,551.63,556.21,24521517.0,IBKR_TRADES,RTH,split_adjusted,traded_shares,2026-09-10T01:20:37.874819+00:00,24
2025-07-14,SMH,286.3,286.52,281.74,285.32,4466849.0,IBKR_TRADES,RTH,split_adjusted,traded_shares,2026-09-10T01:20:37.874819+00:00,24
2025-07-15,AAPL,209.22,211.89,208.92,209.11,23834647.0,IBKR_TRADES,RTH,split_adjusted,traded_shares,2026-09-10T01:20:37.874819+00:00,24
2025-07-15,AMD,153.8,158.68,153.56,155.61,65819053.0,IBKR_TRADES,RTH,split_adjusted,traded_shares,2026-09-10T01:20:37.874819+00:00,24
2025-07-15,NVDA,171.19,172.4,169.19,170.7,157400188.0,IBKR_TRADES,RTH,split_adjusted,traded_shares,2026-09-10T01:20:37.874819+00:00,24
2025-07-15,QQQ,560.26,560.8,556.66,556.72,28545936.0,IBKR_TRADES,RTH,split_adjusted,traded_shares,2026-09-10T01:20:37.874819+00:00,24
2025-07-15,SMH,291.67,293.2,290.08,290.8,5984130.0,IBKR_TRADES,RTH,split_adjusted,traded_shares,2026-09-10T01:20:37.874819+00:00,24
2025-07-16,AAPL,210.3,212.4,208.64,210.16,26057225.0,IBKR_TRADES,RTH,split_adjusted,traded_shares,2026-09-10T01:20:37.874819+00:00,24
2025-07-16,AMD,155.32,160.36,152.85,160.08,43707066.0,IBKR_TRADES,RTH,split_adjusted,traded_shares,2026-09-10T01:20:37.874819+00:00,24
2025-07-16,NVDA,171.07,171.75,168.9,171.37,114174929.0,IBKR_TRADES,RTH,split_adjusted,traded_shares,2026-09-10T01:20:37.874819+00:00,24
2025-07-16,QQQ,557.28,557.94,551.56,557.29,34242359.0,IBKR_TRADES,RTH,split_adjusted,traded_shares,2026-09-10T01:20:37.874819+00:00,24
2025-07-16,SMH,288.5,289.57,283.13,289.28,5851216.0,IBKR_TRADES,RTH,split_adjusted,traded_shares,2026-09-10T01:20:37.874819+00:00,24
2025-07-17,AAPL,210.72,211.8,209.59,210.02,28831926.0,IBKR_TRADES,RTH,split_adjusted,traded_shares,2026-09-10T01:20:37.874819+00:00,24
2025-07-17,AMD,161.75,161.96,158.68,160.41,35266207.0,IBKR_TRADES,RTH,split_adjusted,traded_shares,2026-09-10T01:20:37.874819+00:00,24
2025-07-17,NVDA,172.07,174.16,170.83,173.0,113734243.0,IBKR_TRADES,RTH,split_adjusted,traded_shares,2026-09-10T01:20:37.874819+00:00,24
2025-07-17,QQQ,557.99,562.31,557.21,561.8,25633457.0,IBKR_TRADES,RTH,split_adjusted,traded_shares,2026-09-10T01:20:37.874819+00:00,24
2025-07-17,SMH,290.05,292.56,287.98,291.71,4233873.0,IBKR_TRADES,RTH,split_adjusted,traded_shares,2026-09-10T01:20:37.874819+00:00,24
2025-07-18,AAPL,210.66,211.79,209.7,211.18,26709715.0,IBKR_TRADES,RTH,split_adjusted,traded_shares,2026-09-10T01:20:37.874819+00:00,24
2025-07-18,AMD,159.59,160.83,155.81,156.99,35189378.0,IBKR_TRADES,RTH,split_adjusted,traded_shares,2026-09-10T01:20:37.874819+00:00,24
2025-07-18,NVDA,173.64,174.25,171.26,172.41,95790247.0,IBKR_TRADES,RTH,split_adjusted,traded_shares,2026-09-10T01:20:37.874819+00:00,24
2025-07-18,QQQ,563.12,563.32,559.98,561.26,23963453.0,IBKR_TRADES,RTH,split_adjusted,traded_shares,2026-09-10T01:20:37.874819+00:00,24
2025-07-18,SMH,293.04,293.33,289.33,290.31,3293896.0,IBKR_TRADES,RTH,split_adjusted,traded_shares,2026-09-10T01:20:37.874819+00:00,24
2025-07-21,AAPL,212.14,215.78,211.63,212.48,31875275.999999996,IBKR_TRADES,RTH,split_adjusted,traded_shares,2026-09-10T01:20:37.874819+00:00,24
2025-07-21,AMD,157.62,160.34,156.92,157.0,28348070.0,IBKR_TRADES,RTH,split_adjusted,traded_shares,2026-09-10T01:20:37.874819+00:00,24
2025-07-21,NVDA,172.78,173.38,171.0,171.38,81555531.0,IBKR_TRADES,RTH,split_adjusted,traded_shares,2026-09-10T01:20:37.874819+00:00,24
2025-07-21,QQQ,562.09,566.06,562.06,564.17,24519315.0,IBKR_TRADES,RTH,split_adjusted,traded_shares,2026-09-10T01:20:37.874819+00:00,24
2025-07-21,SMH,290.7,293.53,290.4,290.51,3484222.0,IBKR_TRADES,RTH,split_adjusted,traded_shares,2026-09-10T01:20:37.874819+00:00,24
2025-07-22,AAPL,213.29,214.95,212.23,214.4,28434741.0,IBKR_TRADES,RTH,split_adjusted,traded_shares,2026-09-10T01:20:37.874819+00:00,24
2025-07-22,AMD,156.29,156.29,149.34,154.72,36133042.0,IBKR_TRADES,RTH,split_adjusted,traded_shares,2026-09-10T01:20:37.874819+00:00,24
2025-07-22,NVDA,171.4,171.4,164.58,167.03,133291847.0,IBKR_TRADES,RTH,split_adjusted,traded_shares,2026-09-10T01:20:37.874819+00:00,24
2025-07-22,QQQ,564.31,564.36,558.61,561.25,28780735.0,IBKR_TRADES,RTH,split_adjusted,traded_shares,2026-09-10T01:20:37.874819+00:00,24
2025-07-22,SMH,289.74,289.84,282.12,285.37,7300546.0,IBKR_TRADES,RTH,split_adjusted,traded_shares,2026-09-10T01:20:37.874819+00:00,24
2025-07-23,AAPL,215.09,215.15,212.41,214.15,28031489.0,IBKR_TRADES,RTH,split_adjusted,traded_shares,2026-09-10T01:20:37.874819+00:00,24
2025-07-23,AMD,156.39,159.45,156.0,158.65,30824585.000000004,IBKR_TRADES,RTH,split_adjusted,traded_shares,2026-09-10T01:20:37.874819+00:00,24
2025-07-23,NVDA,169.54,171.26,168.0,170.78,105444154.0,IBKR_TRADES,RTH,split_adjusted,traded_shares,2026-09-10T01:20:37.874819+00:00,24
2025-07-23,QQQ,562.34,563.84,559.58,563.81,25663409.0,IBKR_TRADES,RTH,split_adjusted,traded_shares,2026-09-10T01:20:37.874819+00:00,24
2025-07-23,SMH,285.3,286.67,282.99,286.61,5172840.0,IBKR_TRADES,RTH,split_adjusted,traded_shares,2026-09-10T01:20:37.874819+00:00,24
2025-07-24,AAPL,213.9,215.69,213.53,213.76,27690949.0,IBKR_TRADES,RTH,split_adjusted,traded_shares,2026-09-10T01:20:37.874819+00:00,24
2025-07-24,AMD,159.08,163.93,158.36,162.12,36123172.0,IBKR_TRADES,RTH,split_adjusted,traded_shares,2026-09-10T01:20:37.874819+00:00,24
2025-07-24,NVDA,172.6,173.83,171.3,173.74,90689754.0,IBKR_TRADES,RTH,split_adjusted,traded_shares,2026-09-10T01:20:37.874819+00:00,24
2025-07-24,QQQ,565.13,566.24,563.29,565.01,26916340.0,IBKR_TRADES,RTH,split_adjusted,traded_shares,2026-09-10T01:20:37.874819+00:00,24
2025-07-24,SMH,287.19,288.27,284.92,287.8,3477873.0,IBKR_TRADES,RTH,split_adjusted,traded_shares,2026-09-10T01:20:37.874819+00:00,24
2025-07-25,AAPL,214.64,215.24,213.4,213.88,22435977.0,IBKR_TRADES,RTH,split_adjusted,traded_shares,2026-09-10T01:20:37.874819+00:00,24
2025-07-25,AMD,163.48,167.18,162.36,166.47,41161050.0,IBKR_TRADES,RTH,split_adjusted,traded_shares,2026-09-10T01:20:37.874819+00:00,24
2025-07-25,NVDA,173.6,174.72,172.96,173.5,86619406.0,IBKR_TRADES,RTH,split_adjusted,traded_shares,2026-09-10T01:20:37.874819+00:00,24
2025-07-25,QQQ,564.93,567.7,564.27,566.37,19227052.0,IBKR_TRADES,RTH,split_adjusted,traded_shares,2026-09-10T01:20:37.874819+00:00,24
2025-07-25,SMH,286.23,288.04,285.06,287.49,2332762.0,IBKR_TRADES,RTH,split_adjusted,traded_shares,2026-09-10T01:20:37.874819+00:00,24
2025-07-28,AAPL,214.0,214.85,213.06,214.05,20979637.0,IBKR_TRADES,RTH,split_adjusted,traded_shares,2026-09-10T01:20:37.874819+00:00,24
2025-07-28,AMD,169.05,174.7,168.67,173.66,50742247.0,IBKR_TRADES,RTH,split_adjusted,traded_shares,2026-09-10T01:20:37.874819+00:00,24
2025-07-28,NVDA,174.01,176.98,173.97,176.75,92740687.0,IBKR_TRADES,RTH,split_adjusted,traded_shares,2026-09-10T01:20:37.874819+00:00,24
2025-07-28,QQQ,567.74,569.04,566.87,568.14,20828547.0,IBKR_TRADES,RTH,split_adjusted,traded_shares,2026-09-10T01:20:37.874819+00:00,24
2025-07-28,SMH,289.78,291.57,289.29,291.41,3551657.0,IBKR_TRADES,RTH,split_adjusted,traded_shares,2026-09-10T01:20:37.874819+00:00,24
2025-07-29,AAPL,214.16,214.81,210.89,211.27,28215124.0,IBKR_TRADES,RTH,split_adjusted,traded_shares,2026-09-10T01:20:37.874819+00:00,24
2025-07-29,AMD,175.2,182.31,174.68,177.44,86339691.0,IBKR_TRADES,RTH,split_adjusted,traded_shares,2026-09-10T01:20:37.874819+00:00,24
2025-07-29,NVDA,178.0,179.38,175.02,175.51,108415790.0,IBKR_TRADES,RTH,split_adjusted,traded_shares,2026-09-10T01:20:37.874819+00:00,24
2025-07-29,QQQ,570.77,572.11,566.53,567.26,29358640.0,IBKR_TRADES,RTH,split_adjusted,traded_shares,2026-09-10T01:20:37.874819+00:00,24
2025-07-29,SMH,293.88,296.73,291.48,292.9,4642968.0,IBKR_TRADES,RTH,split_adjusted,traded_shares,2026-09-10T01:20:37.874819+00:00,24
2025-07-30,AAPL,211.9,212.39,207.72,209.05,21796233.0,IBKR_TRADES,RTH,split_adjusted,traded_shares,2026-09-10T01:20:37.874819+00:00,24
2025-07-30,AMD,175.55,180.37,173.8,179.51,48171286.0,IBKR_TRADES,RTH,split_adjusted,traded_shares,2026-09-10T01:20:37.874819+00:00,24
2025-07-30,NVDA,176.51,179.89,176.04,179.27,116925141.0,IBKR_TRADES,RTH,split_adjusted,traded_shares,2026-09-10T01:20:37.874819+00:00,24
2025-07-30,QQQ,568.18,570.62,565.05,568.02,28509117.0,IBKR_TRADES,RTH,split_adjusted,traded_shares,2026-09-10T01:20:37.874819+00:00,24
2025-07-30,SMH,294.76,297.38,293.59,296.26,4728399.0,IBKR_TRADES,RTH,split_adjusted,traded_shares,2026-09-10T01:20:37.874819+00:00,24
2025-07-31,AAPL,208.49,209.84,207.16,207.57,35339307.0,IBKR_TRADES,RTH,split_adjusted,traded_shares,2026-09-10T01:20:37.874819+00:00,24
2025-07-31,AMD,182.06,182.5,173.0,176.31,51457486.0,IBKR_TRADES,RTH,split_adjusted,traded_shares,2026-09-10T01:20:37.874819+00:00,24
2025-07-31,NVDA,182.9,183.3,175.93,177.87,151669297.0,IBKR_TRADES,RTH,split_adjusted,traded_shares,2026-09-10T01:20:37.874819+00:00,24
2025-07-31,QQQ,574.54,574.63,563.87,565.01,39923395.0,IBKR_TRADES,RTH,split_adjusted,traded_shares,2026-09-10T01:20:37.874819+00:00,24
2025-07-31,SMH,294.7,294.92,286.05,288.78,5755734.0,IBKR_TRADES,RTH,split_adjusted,traded_shares,2026-09-10T01:20:37.874819+00:00,24
2025-08-01,AAPL,210.95,213.58,201.5,202.38,61194902.00000001,IBKR_TRADES,RTH,split_adjusted,traded_shares,2026-09-10T01:20:37.874819+00:00,24
2025-08-01,AMD,170.16,174.4,166.82,171.7,53858472.0,IBKR_TRADES,RTH,split_adjusted,traded_shares,2026-09-10T01:20:37.874819+00:00,24
2025-08-01,NVDA,174.12,176.54,170.89,173.72,143856347.0,IBKR_TRADES,RTH,split_adjusted,traded_shares,2026-09-10T01:20:37.874819+00:00,24
2025-08-01,QQQ,558.85,559.02,551.7,553.88,44397535.0,IBKR_TRADES,RTH,split_adjusted,traded_shares,2026-09-10T01:20:37.874819+00:00,24
2025-08-01,SMH,282.91,286.94,279.19,283.95,9092546.0,IBKR_TRADES,RTH,split_adjusted,traded_shares,2026-09-10T01:20:37.874819+00:00,24
2025-08-04,AAPL,204.46,207.88,201.67,203.35,41575582.0,IBKR_TRADES,RTH,split_adjusted,traded_shares,2026-09-10T01:20:37.874819+00:00,24
2025-08-04,AMD,174.61,177.86,173.56,176.78,37699412.0,IBKR_TRADES,RTH,split_adjusted,traded_shares,2026-09-10T01:20:37.874819+00:00,24
2025-08-04,NVDA,175.16,180.2,174.52,180.0,99848579.0,IBKR_TRADES,RTH,split_adjusted,traded_shares,2026-09-10T01:20:37.874819+00:00,24
2025-08-04,QQQ,559.05,564.32,558.95,564.1,30208158.0,IBKR_TRADES,RTH,split_adjusted,traded_shares,2026-09-10T01:20:37.874819+00:00,24
2025-08-04,SMH,286.29,290.31,285.21,290.19,3209316.0,IBKR_TRADES,RTH,split_adjusted,traded_shares,2026-09-10T01:20:37.874819+00:00,24
2025-08-05,AAPL,203.4,205.34,202.16,202.92,26016426.0,IBKR_TRADES,RTH,split_adjusted,traded_shares,2026-09-10T01:20:37.874819+00:00,24
2025-08-05,AMD,177.56,177.99,171.8,174.31,52170859.0,IBKR_TRADES,RTH,split_adjusted,traded_shares,2026-09-10T01:20:37.874819+00:00,24
2025-08-05,NVDA,179.62,180.26,175.9,178.26,114434634.0,IBKR_TRADES,RTH,split_adjusted,traded_shares,2026-09-10T01:20:37.874819+00:00,24
2025-08-05,QQQ,565.39,566.57,559.73,560.27,30693967.000000004,IBKR_TRADES,RTH,split_adjusted,traded_shares,2026-09-10T01:20:37.874819+00:00,24
2025-08-05,SMH,290.74,291.33,284.21,287.1,4450527.0,IBKR_TRADES,RTH,split_adjusted,traded_shares,2026-09-10T01:20:37.874819+00:00,24
2025-08-06,AAPL,205.63,215.38,205.59,213.25,68984952.0,IBKR_TRADES,RTH,split_adjusted,traded_shares,2026-09-10T01:20:37.874819+00:00,24
2025-08-06,AMD,165.04,166.18,157.8,163.12,101628509.0,IBKR_TRADES,RTH,split_adjusted,traded_shares,2026-09-10T01:20:37.874819+00:00,24
2025-08-06,NVDA,176.33,179.9,176.25,179.42,93894734.0,IBKR_TRADES,RTH,split_adjusted,traded_shares,2026-09-10T01:20:37.874819+00:00,24
2025-08-06,QQQ,561.11,567.76,560.63,567.32,27105925.0,IBKR_TRADES,RTH,split_adjusted,traded_shares,2026-09-10T01:20:37.874819+00:00,24
2025-08-06,SMH,284.83,287.23,282.77,286.62,3677879.0,IBKR_TRADES,RTH,split_adjusted,traded_shares,2026-09-10T01:20:37.874819+00:00,24
2025-08-07,AAPL,218.89,220.85,216.58,220.03,60566434.99999999,IBKR_TRADES,RTH,split_adjusted,traded_shares,2026-09-10T01:20:37.874819+00:00,24
2025-08-07,AMD,166.84,175.75,166.7,172.4,76322433.0,IBKR_TRADES,RTH,split_adjusted,traded_shares,2026-09-10T01:20:37.874819+00:00,24
2025-08-07,NVDA,181.59,183.88,178.79,180.77,112915123.0,IBKR_TRADES,RTH,split_adjusted,traded_shares,2026-09-10T01:20:37.874819+00:00,24
2025-08-07,QQQ,571.67,573.32,565.11,569.24,29841509.0,IBKR_TRADES,RTH,split_adjusted,traded_shares,2026-09-10T01:20:37.874819+00:00,24
2025-08-07,SMH,292.83,294.71,288.62,291.12,4892769.0,IBKR_TRADES,RTH,split_adjusted,traded_shares,2026-09-10T01:20:37.874819+00:00,24
2025-08-08,AAPL,220.86,231.0,219.25,229.35,81281357.0,IBKR_TRADES,RTH,split_adjusted,traded_shares,2026-09-10T01:20:37.874819+00:00,24
2025-08-08,AMD,174.04,176.48,170.52,172.76,53226340.0,IBKR_TRADES,RTH,split_adjusted,traded_shares,2026-09-10T01:20:37.874819+00:00,24
2025-08-08,NVDA,181.54,183.3,180.4,182.7,90409669.0,IBKR_TRADES,RTH,split_adjusted,traded_shares,2026-09-10T01:20:37.874819+00:00,24
2025-08-08,QQQ,570.43,574.77,570.15,574.55,23323426.0,IBKR_TRADES,RTH,split_adjusted,traded_shares,2026-09-10T01:20:37.874819+00:00,24
2025-08-08,SMH,291.93,293.92,290.65,293.53,3116275.0,IBKR_TRADES,RTH,split_adjusted,traded_shares,2026-09-10T01:20:37.874819+00:00,24
2025-08-11,AAPL,227.93,229.56,224.76,227.18,37446748.0,IBKR_TRADES,RTH,split_adjusted,traded_shares,2026-09-10T01:20:37.874819+00:00,24
2025-08-11,AMD,170.02,178.82,169.38,172.28,54530016.0,IBKR_TRADES,RTH,split_adjusted,traded_shares,2026-09-10T01:20:37.874819+00:00,24
2025-08-11,NVDA,182.05,183.84,180.25,182.06,97926048.0,IBKR_TRADES,RTH,split_adjusted,traded_shares,2026-09-10T01:20:37.874819+00:00,24
2025-08-11,QQQ,574.68,576.8,571.57,572.85,22459794.0,IBKR_TRADES,RTH,split_adjusted,traded_shares,2026-09-10T01:20:37.874819+00:00,24
2025-08-11,SMH,294.5,297.09,292.73,293.4,3761499.0,IBKR_TRADES,RTH,split_adjusted,traded_shares,2026-09-10T01:20:37.874819+00:00,24
2025-08-12,AAPL,228.01,230.8,227.07,229.65,31556177.000000004,IBKR_TRADES,RTH,split_adjusted,traded_shares,2026-09-10T01:20:37.874819+00:00,24
2025-08-12,AMD,173.33,175.16,168.5,174.95,39308576.0,IBKR_TRADES,RTH,split_adjusted,traded_shares,2026-09-10T01:20:37.874819+00:00,24
2025-08-12,NVDA,182.96,184.48,179.46,183.16,99217507.0,IBKR_TRADES,RTH,split_adjusted,traded_shares,2026-09-10T01:20:37.874819+00:00,24
2025-08-12,QQQ,575.16,580.35,572.48,580.05,27036180.0,IBKR_TRADES,RTH,split_adjusted,traded_shares,2026-09-10T01:20:37.874819+00:00,24
2025-08-12,SMH,295.29,300.24,293.15,300.1,4934016.0,IBKR_TRADES,RTH,split_adjusted,traded_shares,2026-09-10T01:20:37.874819+00:00,24
2025-08-13,AAPL,231.05,235.0,230.43,233.33,43477560.0,IBKR_TRADES,RTH,split_adjusted,traded_shares,2026-09-10T01:20:37.874819+00:00,24
2025-08-13,AMD,180.0,186.65,179.38,184.42,82586041.0,IBKR_TRADES,RTH,split_adjusted,traded_shares,2026-09-10T01:20:37.874819+00:00,24
2025-08-13,NVDA,182.62,183.97,179.35,181.59,122658080.99999999,IBKR_TRADES,RTH,split_adjusted,traded_shares,2026-09-10T01:20:37.874819+00:00,24
2025-08-13,QQQ,582.76,583.32,578.94,580.34,26298018.0,IBKR_TRADES,RTH,split_adjusted,traded_shares,2026-09-10T01:20:37.874819+00:00,24
2025-08-13,SMH,301.84,302.98,298.57,301.28,5904784.0,IBKR_TRADES,RTH,split_adjusted,traded_shares,2026-09-10T01:20:37.874819+00:00,24
2025-08-14,AAPL,234.01,235.06,230.85,232.78,29338129.0,IBKR_TRADES,RTH,split_adjusted,traded_shares,2026-09-10T01:20:37.874819+00:00,24
2025-08-14,AMD,180.0,185.44,179.56,180.95,52130090.0,IBKR_TRADES,RTH,split_adjusted,traded_shares,2026-09-10T01:20:37.874819+00:00,24
2025-08-14,NVDA,179.73,183.01,179.46,182.02,91438091.0,IBKR_TRADES,RTH,split_adjusted,traded_shares,2026-09-10T01:20:37.874819+00:00,24
2025-08-14,QQQ,578.28,581.88,577.91,579.89,28782141.0,IBKR_TRADES,RTH,split_adjusted,traded_shares,2026-09-10T01:20:37.874819+00:00,24
2025-08-14,SMH,298.0,302.8,297.28,301.92,3539843.0,IBKR_TRADES,RTH,split_adjusted,traded_shares,2026-09-10T01:20:37.874819+00:00,24
2025-08-15,AAPL,234.0,234.28,229.36,231.59,27976278.0,IBKR_TRADES,RTH,split_adjusted,traded_shares,2026-09-10T01:20:37.874819+00:00,24
2025-08-15,AMD,179.87,180.25,176.25,177.51,35151621.0,IBKR_TRADES,RTH,split_adjusted,traded_shares,2026-09-10T01:20:37.874819+00:00,24
2025-08-15,NVDA,181.78,181.9,178.04,180.45,107621064.0,IBKR_TRADES,RTH,split_adjusted,traded_shares,2026-09-10T01:20:37.874819+00:00,24
2025-08-15,QQQ,579.8,579.84,575.57,577.34,26379826.0,IBKR_TRADES,RTH,split_adjusted,traded_shares,2026-09-10T01:20:37.874819+00:00,24
2025-08-15,SMH,299.3,299.36,293.94,295.65,5374310.0,IBKR_TRADES,RTH,split_adjusted,traded_shares,2026-09-10T01:20:37.874819+00:00,24
2025-08-18,AAPL,231.77,233.12,230.11,230.89,21419078.0,IBKR_TRADES,RTH,split_adjusted,traded_shares,2026-09-10T01:20:37.874819+00:00,24
2025-08-18,AMD,176.74,178.8,174.36,176.14,27094336.0,IBKR_TRADES,RTH,split_adjusted,traded_shares,2026-09-10T01:20:37.874819+00:00,24
2025-08-18,NVDA,180.58,182.94,180.58,182.01,94733432.0,IBKR_TRADES,RTH,split_adjusted,traded_shares,2026-09-10T01:20:37.874819+00:00,24
2025-08-18,QQQ,576.44,577.77,575.24,577.11,20168687.0,IBKR_TRADES,RTH,split_adjusted,traded_shares,2026-09-10T01:20:37.874819+00:00,24
2025-08-18,SMH,294.88,297.19,294.78,296.86,3552159.0,IBKR_TRADES,RTH,split_adjusted,traded_shares,2026-09-10T01:20:37.874819+00:00,24
2025-08-19,AAPL,231.28,232.87,229.35,230.56,21164727.0,IBKR_TRADES,RTH,split_adjusted,traded_shares,2026-09-10T01:20:37.874819+00:00,24
2025-08-19,AMD,173.17,173.17,166.1,166.55,48437349.0,IBKR_TRADES,RTH,split_adjusted,traded_shares,2026-09-10T01:20:37.874819+00:00,24
2025-08-19,NVDA,182.43,182.5,175.49,175.64,134334741.0,IBKR_TRADES,RTH,split_adjusted,traded_shares,2026-09-10T01:20:37.874819+00:00,24
2025-08-19,QQQ,576.37,576.56,568.25,569.28,36695870.0,IBKR_TRADES,RTH,split_adjusted,traded_shares,2026-09-10T01:20:37.874819+00:00,24
2025-08-19,SMH,296.86,297.12,290.63,290.87,5241077.0,IBKR_TRADES,RTH,split_adjusted,traded_shares,2026-09-10T01:20:37.874819+00:00,24
2025-08-20,AAPL,229.97,230.47,225.77,226.01,23402459.0,IBKR_TRADES,RTH,split_adjusted,traded_shares,2026-09-10T01:20:37.874819+00:00,24
2025-08-20,AMD,164.07,166.65,158.25,165.2,43107519.0,IBKR_TRADES,RTH,split_adjusted,traded_shares,2026-09-10T01:20:37.874819+00:00,24
2025-08-20,NVDA,175.17,176.0,168.8,175.4,153361257.0,IBKR_TRADES,RTH,split_adjusted,traded_shares,2026-09-10T01:20:37.874819+00:00,24
2025-08-20,QQQ,568.32,568.45,558.84,565.9,51049922.0,IBKR_TRADES,RTH,split_adjusted,traded_shares,2026-09-10T01:20:37.874819+00:00,24
2025-08-20,SMH,290.0,290.0,281.15,288.96,6074723.0,IBKR_TRADES,RTH,split_adjusted,traded_shares,2026-09-10T01:20:37.874819+00:00,24
2025-08-21,AAPL,226.27,226.52,223.78,224.9,18942470.0,IBKR_TRADES,RTH,split_adjusted,traded_shares,2026-09-10T01:20:37.874819+00:00,24
2025-08-21,AMD,165.87,165.89,162.25,163.71,25469790.0,IBKR_TRADES,RTH,split_adjusted,traded_shares,2026-09-10T01:20:37.874819+00:00,24
2025-08-21,NVDA,174.85,176.9,173.81,174.98,95964657.0,IBKR_TRADES,RTH,split_adjusted,traded_shares,2026-09-10T01:20:37.874819+00:00,24
2025-08-21,QQQ,564.35,566.49,560.98,563.28,30975636.999999996,IBKR_TRADES,RTH,split_adjusted,traded_shares,2026-09-10T01:20:37.874819+00:00,24
2025-08-21,SMH,287.78,289.87,285.88,287.46,3731372.0,IBKR_TRADES,RTH,split_adjusted,traded_shares,2026-09-10T01:20:37.874819+00:00,24
2025-08-22,AAPL,226.17,229.09,225.41,227.76,23198421.0,IBKR_TRADES,RTH,split_adjusted,traded_shares,2026-09-10T01:20:37.874819+00:00,24
2025-08-22,AMD,162.17,168.53,161.8,167.76,32228032.000000004,IBKR_TRADES,RTH,split_adjusted,traded_shares,2026-09-10T01:20:37.874819+00:00,24
2025-08-22,NVDA,172.61,178.59,171.2,177.99,127271759.0,IBKR_TRADES,RTH,split_adjusted,traded_shares,2026-09-10T01:20:37.874819+00:00,24
2025-08-22,QQQ,564.65,573.99,563.27,571.97,34669963.0,IBKR_TRADES,RTH,split_adjusted,traded_shares,2026-09-10T01:20:37.874819+00:00,24
2025-08-22,SMH,287.63,296.36,286.54,293.64,3780810.0000000005,IBKR_TRADES,RTH,split_adjusted,traded_shares,2026-09-10T01:20:37.874819+00:00,24
2025-08-25,AAPL,226.48,229.3,226.23,227.16,18561203.0,IBKR_TRADES,RTH,split_adjusted,traded_shares,2026-09-10T01:20:37.874819+00:00,24
2025-08-25,AMD,165.61,165.61,161.72,163.36,27395976.0,IBKR_TRADES,RTH,split_adjusted,traded_shares,2026-09-10T01:20:37.874819+00:00,24
2025-08-25,NVDA,178.36,181.91,176.57,179.81,116859028.0,IBKR_TRADES,RTH,split_adjusted,traded_shares,2026-09-10T01:20:37.874819+00:00,24
2025-08-25,QQQ,570.4,573.29,569.16,570.32,22276308.0,IBKR_TRADES,RTH,split_adjusted,traded_shares,2026-09-10T01:20:37.874819+00:00,24
2025-08-25,SMH,293.75,295.79,292.11,293.92,3016777.0,IBKR_TRADES,RTH,split_adjusted,traded_shares,2026-09-10T01:20:37.874819+00:00,24
2025-08-26,AAPL,226.86,229.49,224.69,229.31,19918324.0,IBKR_TRADES,RTH,split_adjusted,traded_shares,2026-09-10T01:20:37.874819+00:00,24
2025-08-26,AMD,168.7,169.77,164.91,166.62,39078425.0,IBKR_TRADES,RTH,split_adjusted,traded_shares,2026-09-10T01:20:37.874819+00:00,24
2025-08-26,NVDA,180.06,182.39,178.81,181.77,101039828.0,IBKR_TRADES,RTH,split_adjusted,traded_shares,2026-09-10T01:20:37.874819+00:00,24
2025-08-26,QQQ,569.83,572.92,568.8,572.61,21983084.0,IBKR_TRADES,RTH,split_adjusted,traded_shares,2026-09-10T01:20:37.874819+00:00,24
2025-08-26,SMH,294.82,297.24,294.67,296.75,3147238.0,IBKR_TRADES,RTH,split_adjusted,traded_shares,2026-09-10T01:20:37.874819+00:00,24
2025-08-27,AAPL,228.69,230.9,228.26,230.49,18181994.0,IBKR_TRADES,RTH,split_adjusted,traded_shares,2026-09-10T01:20:37.874819+00:00,24
2025-08-27,AMD,166.07,167.68,164.65,167.13,23018301.0,IBKR_TRADES,RTH,split_adjusted,traded_shares,2026-09-10T01:20:37.874819+00:00,24
2025-08-27,NVDA,182.0,182.49,179.11,181.6,133825494.0,IBKR_TRADES,RTH,split_adjusted,traded_shares,2026-09-10T01:20:37.874819+00:00,24
2025-08-27,QQQ,571.59,574.41,570.37,573.49,22673592.0,IBKR_TRADES,RTH,split_adjusted,traded_shares,2026-09-10T01:20:37.874819+00:00,24
2025-08-27,SMH,295.85,298.1,294.38,297.66,3527564.0,IBKR_TRADES,RTH,split_adjusted,traded_shares,2026-09-10T01:20:37.874819+00:00,24
2025-08-28,AAPL,230.82,233.41,229.33,232.56,20721721.0,IBKR_TRADES,RTH,split_adjusted,traded_shares,2026-09-10T01:20:37.874819+00:00,24
2025-08-28,AMD,168.67,170.99,166.65,168.58,27223596.0,IBKR_TRADES,RTH,split_adjusted,traded_shares,2026-09-10T01:20:37.874819+00:00,24
2025-08-28,NVDA,180.9,184.47,176.41,180.17,194146531.0,IBKR_TRADES,RTH,split_adjusted,traded_shares,2026-09-10T01:20:37.874819+00:00,24
2025-08-28,QQQ,574.11,578.0,572.46,577.08,31420195.000000004,IBKR_TRADES,RTH,split_adjusted,traded_shares,2026-09-10T01:20:37.874819+00:00,24
2025-08-28,SMH,298.1,300.78,295.98,298.88,4249815.0,IBKR_TRADES,RTH,split_adjusted,traded_shares,2026-09-10T01:20:37.874819+00:00,24
2025-08-29,AAPL,232.55,233.38,231.37,232.14,21074167.0,IBKR_TRADES,RTH,split_adjusted,traded_shares,2026-09-10T01:20:37.874819+00:00,24
2025-08-29,AMD,166.8,168.57,161.9,162.63,26860349.0,IBKR_TRADES,RTH,split_adjusted,traded_shares,2026-09-10T01:20:37.874819+00:00,24
2025-08-29,NVDA,178.08,178.15,173.14,174.18,168649086.0,IBKR_TRADES,RTH,split_adjusted,traded_shares,2026-09-10T01:20:37.874819+00:00,24
2025-08-29,QQQ,574.67,575.03,568.54,570.4,35250631.0,IBKR_TRADES,RTH,split_adjusted,traded_shares,2026-09-10T01:20:37.874819+00:00,24
2025-08-29,SMH,295.5,295.56,289.1,290.29,7088251.0,IBKR_TRADES,RTH,split_adjusted,traded_shares,2026-09-10T01:20:37.874819+00:00,24
2025-09-02,AAPL,229.25,230.85,226.97,229.72,22560705.0,IBKR_TRADES,RTH,split_adjusted,traded_shares,2026-09-10T01:20:37.874819+00:00,24
2025-09-02,AMD,158.42,162.4,156.62,162.32,28531424.0,IBKR_TRADES,RTH,split_adjusted,traded_shares,2026-09-10T01:20:37.874819+00:00,24
2025-09-02,NVDA,170.06,172.38,167.22,170.78,159244505.0,IBKR_TRADES,RTH,split_adjusted,traded_shares,2026-09-10T01:20:37.874819+00:00,24
2025-09-02,QQQ,561.31,565.97,559.53,565.62,46535922.0,IBKR_TRADES,RTH,split_adjusted,traded_shares,2026-09-10T01:20:37.874819+00:00,24
2025-09-02,SMH,283.09,286.67,281.74,286.48,7805765.0,IBKR_TRADES,RTH,split_adjusted,traded_shares,2026-09-10T01:20:37.874819+00:00,24
2025-09-03,AAPL,237.21,238.85,234.36,238.47,41876214.0,IBKR_TRADES,RTH,split_adjusted,traded_shares,2026-09-10T01:20:37.874819+00:00,24
2025-09-03,AMD,161.84,164.75,160.58,162.13,21200814.0,IBKR_TRADES,RTH,split_adjusted,traded_shares,2026-09-10T01:20:37.874819+00:00,24
2025-09-03,NVDA,171.05,172.41,168.87,170.62,113094408.0,IBKR_TRADES,RTH,split_adjusted,traded_shares,2026-09-10T01:20:37.874819+00:00,24
2025-09-03,QQQ,569.29,571.7,566.72,570.07,37177131.0,IBKR_TRADES,RTH,split_adjusted,traded_shares,2026-09-10T01:20:37.874819+00:00,24
2025-09-03,SMH,287.36,287.93,283.78,286.43,4331580.0,IBKR_TRADES,RTH,split_adjusted,traded_shares,2026-09-10T01:20:37.874819+00:00,24
2025-09-04,AAPL,238.45,239.9,236.74,239.78,27325798.0,IBKR_TRADES,RTH,split_adjusted,traded_shares,2026-09-10T01:20:37.874819+00:00,24
2025-09-04,AMD,159.93,162.05,157.79,161.79,23135300.0,IBKR_TRADES,RTH,split_adjusted,traded_shares,2026-09-10T01:20:37.874819+00:00,24
2025-09-04,NVDA,170.54,171.86,169.41,171.66,91196044.0,IBKR_TRADES,RTH,split_adjusted,traded_shares,2026-09-10T01:20:37.874819+00:00,24
2025-09-04,QQQ,570.74,575.6,569.02,575.23,31864113.0,IBKR_TRADES,RTH,split_adjusted,traded_shares,2026-09-10T01:20:37.874819+00:00,24
2025-09-04,SMH,285.24,290.21,284.3,289.86,5359433.0,IBKR_TRADES,RTH,split_adjusted,traded_shares,2026-09-10T01:20:37.874819+00:00,24
2025-09-05,AAPL,240.0,241.32,238.49,239.69,32231886.000000004,IBKR_TRADES,RTH,split_adjusted,traded_shares,2026-09-10T01:20:37.874819+00:00,24
2025-09-05,AMD,157.15,157.15,150.18,151.14,59648027.0,IBKR_TRADES,RTH,split_adjusted,traded_shares,2026-09-10T01:20:37.874819+00:00,24
2025-09-05,NVDA,168.01,169.03,164.07,167.02,150229467.0,IBKR_TRADES,RTH,split_adjusted,traded_shares,2026-09-10T01:20:37.874819+00:00,24
2025-09-05,QQQ,580.48,581.12,571.53,576.06,47405235.0,IBKR_TRADES,RTH,split_adjusted,traded_shares,2026-09-10T01:20:37.874819+00:00,24
2025-09-05,SMH,295.07,295.15,289.25,293.28,7175183.0,IBKR_TRADES,RTH,split_adjusted,traded_shares,2026-09-10T01:20:37.874819+00:00,24
2025-09-08,AAPL,239.3,240.15,236.34,237.88,28309913.0,IBKR_TRADES,RTH,split_adjusted,traded_shares,2026-09-10T01:20:37.874819+00:00,24
2025-09-08,AMD,151.8,152.64,149.22,151.41,31132840.000000004,IBKR_TRADES,RTH,split_adjusted,traded_shares,2026-09-10T01:20:37.874819+00:00,24
2025-09-08,NVDA,167.55,170.96,167.35,168.31,113890450.0,IBKR_TRADES,RTH,split_adjusted,traded_shares,2026-09-10T01:20:37.874819+00:00,24
2025-09-08,QQQ,578.37,580.84,577.77,578.87,31331910.0,IBKR_TRADES,RTH,split_adjusted,traded_shares,2026-09-10T01:20:37.874819+00:00,24
2025-09-08,SMH,295.13,297.82,294.8,296.52,4935647.0,IBKR_TRADES,RTH,split_adjusted,traded_shares,2026-09-10T01:20:37.874819+00:00,24
2025-09-09,AAPL,237.0,238.79,233.36,234.35,45145566.0,IBKR_TRADES,RTH,split_adjusted,traded_shares,2026-09-10T01:20:37.874819+00:00,24
2025-09-09,AMD,151.98,156.66,151.93,155.82,31608724.000000004,IBKR_TRADES,RTH,split_adjusted,traded_shares,2026-09-10T01:20:37.874819+00:00,24
2025-09-09,NVDA,169.08,170.98,166.74,170.76,104617593.0,IBKR_TRADES,RTH,split_adjusted,traded_shares,2026-09-10T01:20:37.874819+00:00,24
2025-09-09,QQQ,579.67,580.94,577.04,580.51,30907664.0,IBKR_TRADES,RTH,split_adjusted,traded_shares,2026-09-10T01:20:37.874819+00:00,24
2025-09-09,SMH,297.22,297.99,295.11,297.81,4391741.0,IBKR_TRADES,RTH,split_adjusted,traded_shares,2026-09-10T01:20:37.874819+00:00,24
2025-09-10,AAPL,231.97,232.42,225.95,226.79,51765395.0,IBKR_TRADES,RTH,split_adjusted,traded_shares,2026-09-10T01:20:37.874819+00:00,24
2025-09-10,AMD,163.54,164.53,158.0,159.54,37102624.0,IBKR_TRADES,RTH,split_adjusted,traded_shares,2026-09-10T01:20:37.874819+00:00,24
2025-09-10,NVDA,176.64,179.29,175.47,177.33,159398601.0,IBKR_TRADES,RTH,split_adjusted,traded_shares,2026-09-10T01:20:37.874819+00:00,24
2025-09-10,QQQ,583.74,583.77,578.55,580.7,35507104.0,IBKR_TRADES,RTH,split_adjusted,traded_shares,2026-09-10T01:20:37.874819+00:00,24
2025-09-10,SMH,300.59,302.38,298.77,300.83,6693124.0,IBKR_TRADES,RTH,split_adjusted,traded_shares,2026-09-10T01:20:37.874819+00:00,24
2025-09-11,AAPL,226.84,230.45,226.65,230.03,29374467.0,IBKR_TRADES,RTH,split_adjusted,traded_shares,2026-09-10T01:20:37.874819+00:00,24
2025-09-11,AMD,158.59,160.21,155.0,155.67,32674638.0,IBKR_TRADES,RTH,split_adjusted,traded_shares,2026-09-10T01:20:37.874819+00:00,24
2025-09-11,NVDA,179.68,180.28,176.48,177.17,102838662.0,IBKR_TRADES,RTH,split_adjusted,traded_shares,2026-09-10T01:20:37.874819+00:00,24
2025-09-11,QQQ,583.24,584.88,581.62,584.08,29757260.0,IBKR_TRADES,RTH,split_adjusted,traded_shares,2026-09-10T01:20:37.874819+00:00,24
2025-09-11,SMH,303.54,305.56,303.17,303.93,4911537.0,IBKR_TRADES,RTH,split_adjusted,traded_shares,2026-09-10T01:20:37.874819+00:00,24
2025-09-12,AAPL,229.3,234.51,229.02,234.07,32971784.999999996,IBKR_TRADES,RTH,split_adjusted,traded_shares,2026-09-10T01:20:37.874819+00:00,24
2025-09-12,AMD,157.06,160.41,154.92,158.57,31504404.0,IBKR_TRADES,RTH,split_adjusted,traded_shares,2026-09-10T01:20:37.874819+00:00,24
2025-09-12,NVDA,177.82,178.6,176.45,177.82,83026763.0,IBKR_TRADES,RTH,split_adjusted,traded_shares,2026-09-10T01:20:37.874819+00:00,24
2025-09-12,QQQ,585.04,587.86,584.1,586.66,33438620.0,IBKR_TRADES,RTH,split_adjusted,traded_shares,2026-09-10T01:20:37.874819+00:00,24
2025-09-12,SMH,305.05,305.59,303.1,304.32,3369067.0,IBKR_TRADES,RTH,split_adjusted,traded_shares,2026-09-10T01:20:37.874819+00:00,24
2025-09-15,AAPL,237.0,238.19,235.03,236.7,26998887.0,IBKR_TRADES,RTH,split_adjusted,traded_shares,2026-09-10T01:20:37.874819+00:00,24
2025-09-15,AMD,160.01,162.3,157.6,161.16,26222915.0,IBKR_TRADES,RTH,split_adjusted,traded_shares,2026-09-10T01:20:37.874819+00:00,24
2025-09-15,NVDA,175.68,178.85,174.51,177.75,101480418.0,IBKR_TRADES,RTH,split_adjusted,traded_shares,2026-09-10T01:20:37.874819+00:00,24
2025-09-15,QQQ,588.44,591.79,588.31,591.68,29428159.0,IBKR_TRADES,RTH,split_adjusted,traded_shares,2026-09-10T01:20:37.874819+00:00,24
2025-09-15,SMH,303.81,307.23,303.01,307.17,3484333.0,IBKR_TRADES,RTH,split_adjusted,traded_shares,2026-09-10T01:20:37.874819+00:00,24
2025-09-16,AAPL,237.12,241.22,236.32,238.15,37098569.0,IBKR_TRADES,RTH,split_adjusted,traded_shares,2026-09-10T01:20:37.874819+00:00,24
2025-09-16,AMD,161.37,161.95,159.22,160.46,19516341.0,IBKR_TRADES,RTH,split_adjusted,traded_shares,2026-09-10T01:20:37.874819+00:00,24
2025-09-16,NVDA,177.0,177.5,174.38,174.88,94333054.0,IBKR_TRADES,RTH,split_adjusted,traded_shares,2026-09-10T01:20:37.874819+00:00,24
2025-09-16,QQQ,592.59,592.86,590.49,591.18,24187804.0,IBKR_TRADES,RTH,split_adjusted,traded_shares,2026-09-10T01:20:37.874819+00:00,24
2025-09-16,SMH,308.43,308.67,305.57,307.21,2711085.0,IBKR_TRADES,RTH,split_adjusted,traded_shares,2026-09-10T01:20:37.874819+00:00,24
2025-09-17,AAPL,238.97,240.1,237.73,238.99,25145998.0,IBKR_TRADES,RTH,split_adjusted,traded_shares,2026-09-10T01:20:37.874819+00:00,24
2025-09-17,AMD,159.23,161.63,155.76,159.16,29975527.0,IBKR_TRADES,RTH,split_adjusted,traded_shares,2026-09-10T01:20:37.874819+00:00,24
2025-09-17,NVDA,172.59,173.2,168.41,170.29,151521666.0,IBKR_TRADES,RTH,split_adjusted,traded_shares,2026-09-10T01:20:37.874819+00:00,24
2025-09-17,QQQ,591.12,591.75,584.36,590.0,51177958.0,IBKR_TRADES,RTH,split_adjusted,traded_shares,2026-09-10T01:20:37.874819+00:00,24
2025-09-17,SMH,306.5,307.15,301.37,305.25,6644465.0,IBKR_TRADES,RTH,split_adjusted,traded_shares,2026-09-10T01:20:37.874819+00:00,24
2025-09-18,AAPL,239.96,241.2,236.65,237.88,24828491.0,IBKR_TRADES,RTH,split_adjusted,traded_shares,2026-09-10T01:20:37.874819+00:00,24
2025-09-18,AMD,150.89,158.77,149.85,157.92,55193801.0,IBKR_TRADES,RTH,split_adjusted,traded_shares,2026-09-10T01:20:37.874819+00:00,24
2025-09-18,NVDA,173.98,177.1,172.97,176.24,126936931.0,IBKR_TRADES,RTH,split_adjusted,traded_shares,2026-09-10T01:20:37.874819+00:00,24
2025-09-18,QQQ,594.91,598.14,592.96,595.32,39721874.0,IBKR_TRADES,RTH,split_adjusted,traded_shares,2026-09-10T01:20:37.874819+00:00,24
2025-09-18,SMH,313.55,318.62,312.6,316.97,10288441.0,IBKR_TRADES,RTH,split_adjusted,traded_shares,2026-09-10T01:20:37.874819+00:00,24
2025-09-19,AAPL,241.2,246.27,240.21,245.5,65360751.0,IBKR_TRADES,RTH,split_adjusted,traded_shares,2026-09-10T01:20:37.874819+00:00,24
2025-09-19,AMD,157.29,159.84,155.9,157.39,31237027.000000004,IBKR_TRADES,RTH,split_adjusted,traded_shares,2026-09-10T01:20:37.874819+00:00,24
2025-09-19,NVDA,175.7,178.08,175.18,176.67,118025866.0,IBKR_TRADES,RTH,split_adjusted,traded_shares,2026-09-10T01:20:37.874819+00:00,24
2025-09-19,QQQ,597.32,600.05,595.85,599.35,33342682.000000004,IBKR_TRADES,RTH,split_adjusted,traded_shares,2026-09-10T01:20:37.874819+00:00,24
2025-09-19,SMH,316.4,316.51,313.43,315.71,5477475.0,IBKR_TRADES,RTH,split_adjusted,traded_shares,2026-09-10T01:20:37.874819+00:00,24
2025-09-22,AAPL,248.3,256.64,248.12,256.08,67929923.0,IBKR_TRADES,RTH,split_adjusted,traded_shares,2026-09-10T01:20:37.874819+00:00,24
2025-09-22,AMD,157.4,162.68,157.33,159.79,33194912.0,IBKR_TRADES,RTH,split_adjusted,traded_shares,2026-09-10T01:20:37.874819+00:00,24
2025-09-22,NVDA,175.3,184.55,174.7,183.61,197231668.0,IBKR_TRADES,RTH,split_adjusted,traded_shares,2026-09-10T01:20:37.874819+00:00,24
2025-09-22,QQQ,597.74,602.87,597.72,602.2,33281426.0,IBKR_TRADES,RTH,split_adjusted,traded_shares,2026-09-10T01:20:37.874819+00:00,24
2025-09-22,SMH,316.27,323.14,316.0,322.17,7816177.999999999,IBKR_TRADES,RTH,split_adjusted,traded_shares,2026-09-10T01:20:37.874819+00:00,24
2025-09-23,AAPL,255.83,257.34,253.58,254.43,33620295.0,IBKR_TRADES,RTH,split_adjusted,traded_shares,2026-09-10T01:20:37.874819+00:00,24
2025-09-23,AMD,160.52,163.39,159.21,160.9,28457287.0,IBKR_TRADES,RTH,split_adjusted,traded_shares,2026-09-10T01:20:37.874819+00:00,24
2025-09-23,NVDA,181.97,182.42,176.21,178.43,128333096.00000001,IBKR_TRADES,RTH,split_adjusted,traded_shares,2026-09-10T01:20:37.874819+00:00,24
2025-09-23,QQQ,602.35,602.57,596.98,598.2,40975091.0,IBKR_TRADES,RTH,split_adjusted,traded_shares,2026-09-10T01:20:37.874819+00:00,24
2025-09-23,SMH,323.16,325.36,320.02,321.7,5725623.0,IBKR_TRADES,RTH,split_adjusted,traded_shares,2026-09-10T01:20:37.874819+00:00,24
2025-09-24,AAPL,255.25,255.58,251.04,252.31,21753461.0,IBKR_TRADES,RTH,split_adjusted,traded_shares,2026-09-10T01:20:37.874819+00:00,24
2025-09-24,AMD,162.98,165.1,158.43,160.88,28808253.0,IBKR_TRADES,RTH,split_adjusted,traded_shares,2026-09-10T01:20:37.874819+00:00,24
2025-09-24,NVDA,179.77,179.78,175.4,176.97,94343710.0,IBKR_TRADES,RTH,split_adjusted,traded_shares,2026-09-10T01:20:37.874819+00:00,24
2025-09-24,QQQ,599.57,599.9,593.36,596.1,34231995.0,IBKR_TRADES,RTH,split_adjusted,traded_shares,2026-09-10T01:20:37.874819+00:00,24
2025-09-24,SMH,321.4,321.96,317.47,321.11,3680053.0,IBKR_TRADES,RTH,split_adjusted,traded_shares,2026-09-10T01:20:37.874819+00:00,24
2025-09-25,AAPL,253.35,257.17,251.71,256.87,33679965.0,IBKR_TRADES,RTH,split_adjusted,traded_shares,2026-09-10T01:20:37.874819+00:00,24
2025-09-25,AMD,157.14,161.63,154.77,161.27,26139199.0,IBKR_TRADES,RTH,split_adjusted,traded_shares,2026-09-10T01:20:37.874819+00:00,24
2025-09-25,NVDA,174.47,180.26,173.12,177.69,140064614.0,IBKR_TRADES,RTH,split_adjusted,traded_shares,2026-09-10T01:20:37.874819+00:00,24
2025-09-25,QQQ,592.2,595.12,588.5,593.53,50857023.0,IBKR_TRADES,RTH,split_adjusted,traded_shares,2026-09-10T01:20:37.874819+00:00,24
2025-09-25,SMH,316.29,322.03,313.6,321.06,5961858.0,IBKR_TRADES,RTH,split_adjusted,traded_shares,2026-09-10T01:20:37.874819+00:00,24
2025-09-26,AAPL,254.18,257.6,253.78,255.46,24877099.0,IBKR_TRADES,RTH,split_adjusted,traded_shares,2026-09-10T01:20:37.874819+00:00,24
2025-09-26,AMD,160.52,162.11,157.05,159.46,22344531.0,IBKR_TRADES,RTH,split_adjusted,traded_shares,2026-09-10T01:20:37.874819+00:00,24
2025-09-26,NVDA,178.16,179.77,174.96,178.19,100987455.0,IBKR_TRADES,RTH,split_adjusted,traded_shares,2026-09-10T01:20:37.874819+00:00,24
2025-09-26,QQQ,594.35,596.3,591.06,595.97,37213108.0,IBKR_TRADES,RTH,split_adjusted,traded_shares,2026-09-10T01:20:37.874819+00:00,24
2025-09-26,SMH,321.64,322.42,318.14,321.82,2641924.0,IBKR_TRADES,RTH,split_adjusted,traded_shares,2026-09-10T01:20:37.874819+00:00,24
2025-09-29,AAPL,254.56,255.0,253.01,254.43,21788282.0,IBKR_TRADES,RTH,split_adjusted,traded_shares,2026-09-10T01:20:37.874819+00:00,24
2025-09-29,AMD,160.12,164.3,159.9,161.36,27624056.0,IBKR_TRADES,RTH,split_adjusted,traded_shares,2026-09-10T01:20:37.874819+00:00,24
2025-09-29,NVDA,180.43,184.0,180.32,181.85,128223210.0,IBKR_TRADES,RTH,split_adjusted,traded_shares,2026-09-10T01:20:37.874819+00:00,24
2025-09-29,QQQ,599.11,602.05,597.41,598.73,33059345.999999996,IBKR_TRADES,RTH,split_adjusted,traded_shares,2026-09-10T01:20:37.874819+00:00,24
2025-09-29,SMH,324.59,326.83,322.47,322.66,2428301.0,IBKR_TRADES,RTH,split_adjusted,traded_shares,2026-09-10T01:20:37.874819+00:00,24
2025-09-30,AAPL,254.89,255.92,253.11,254.63,18925926.0,IBKR_TRADES,RTH,split_adjusted,traded_shares,2026-09-10T01:20:37.874819+00:00,24
2025-09-30,AMD,160.8,162.28,159.33,161.79,21321554.0,IBKR_TRADES,RTH,split_adjusted,traded_shares,2026-09-10T01:20:37.874819+00:00,24
2025-09-30,NVDA,182.1,187.35,181.48,186.58,161223404.0,IBKR_TRADES,RTH,split_adjusted,traded_shares,2026-09-10T01:20:37.874819+00:00,24
2025-09-30,QQQ,598.45,600.71,596.1,600.37,29416507.0,IBKR_TRADES,RTH,split_adjusted,traded_shares,2026-09-10T01:20:37.874819+00:00,24
2025-09-30,SMH,322.75,326.72,322.43,326.36,3755006.0,IBKR_TRADES,RTH,split_adjusted,traded_shares,2026-09-10T01:20:37.874819+00:00,24
2025-10-01,AAPL,255.04,258.79,254.93,255.45,25515504.0,IBKR_TRADES,RTH,split_adjusted,traded_shares,2026-09-10T01:20:37.874819+00:00,24
2025-10-01,AMD,160.93,164.18,160.49,164.01,28056976.0,IBKR_TRADES,RTH,split_adjusted,traded_shares,2026-09-10T01:20:37.874819+00:00,24
2025-10-01,NVDA,185.21,188.14,183.9,187.24,114457053.0,IBKR_TRADES,RTH,split_adjusted,traded_shares,2026-09-10T01:20:37.874819+00:00,24
2025-10-01,QQQ,597.18,603.79,596.34,603.25,31637065.0,IBKR_TRADES,RTH,split_adjusted,traded_shares,2026-09-10T01:20:37.874819+00:00,24
2025-10-01,SMH,324.57,334.11,324.11,333.69,5311391.0,IBKR_TRADES,RTH,split_adjusted,traded_shares,2026-09-10T01:20:37.874819+00:00,24
2025-10-02,AAPL,256.59,258.18,254.15,257.13,24287379.0,IBKR_TRADES,RTH,split_adjusted,traded_shares,2026-09-10T01:20:37.874819+00:00,24
2025-10-02,AMD,168.66,171.06,166.12,169.73,39248707.0,IBKR_TRADES,RTH,split_adjusted,traded_shares,2026-09-10T01:20:37.874819+00:00,24
2025-10-02,NVDA,189.61,191.03,188.06,188.89,93508019.0,IBKR_TRADES,RTH,split_adjusted,traded_shares,2026-09-10T01:20:37.874819+00:00,24
2025-10-02,QQQ,607.06,607.16,602.93,605.73,25428292.0,IBKR_TRADES,RTH,split_adjusted,traded_shares,2026-09-10T01:20:37.874819+00:00,24
2025-10-02,SMH,339.69,340.0,336.56,338.24,4181096.0,IBKR_TRADES,RTH,split_adjusted,traded_shares,2026-09-10T01:20:37.874819+00:00,24
2025-10-03,AAPL,254.67,259.24,253.95,258.02,30080734.0,IBKR_TRADES,RTH,split_adjusted,traded_shares,2026-09-10T01:20:37.874819+00:00,24
2025-10-03,AMD,170.62,170.68,163.14,164.67,29019441.0,IBKR_TRADES,RTH,split_adjusted,traded_shares,2026-09-10T01:20:37.874819+00:00,24
2025-10-03,NVDA,189.18,190.36,185.38,187.62,91755773.0,IBKR_TRADES,RTH,split_adjusted,traded_shares,2026-09-10T01:20:37.874819+00:00,24
2025-10-03,QQQ,606.51,607.33,601.38,603.18,31368048.0,IBKR_TRADES,RTH,split_adjusted,traded_shares,2026-09-10T01:20:37.874819+00:00,24
2025-10-03,SMH,339.41,340.78,335.18,336.68,4330879.0,IBKR_TRADES,RTH,split_adjusted,traded_shares,2026-09-10T01:20:37.874819+00:00,24
2025-10-06,AAPL,257.99,259.07,255.05,256.69,23399815.0,IBKR_TRADES,RTH,split_adjusted,traded_shares,2026-09-10T01:20:37.874819+00:00,24
2025-10-06,AMD,226.46,226.7,203.01,203.71,156893232.0,IBKR_TRADES,RTH,split_adjusted,traded_shares,2026-09-10T01:20:37.874819+00:00,24
2025-10-06,NVDA,185.46,187.23,183.33,185.54,102125205.0,IBKR_TRADES,RTH,split_adjusted,traded_shares,2026-09-10T01:20:37.874819+00:00,24
2025-10-06,QQQ,608.43,609.36,605.97,607.71,27411127.0,IBKR_TRADES,RTH,split_adjusted,traded_shares,2026-09-10T01:20:37.874819+00:00,24
2025-10-06,SMH,345.5,348.53,343.38,343.38,5071861.0,IBKR_TRADES,RTH,split_adjusted,traded_shares,2026-09-10T01:20:37.874819+00:00,24
2025-10-07,AAPL,256.81,257.4,255.43,256.48,18973959.0,IBKR_TRADES,RTH,split_adjusted,traded_shares,2026-09-10T01:20:37.874819+00:00,24
2025-10-07,AMD,214.85,218.9,209.28,211.51,83690946.0,IBKR_TRADES,RTH,split_adjusted,traded_shares,2026-09-10T01:20:37.874819+00:00,24
2025-10-07,NVDA,186.25,189.06,184.0,185.04,98940471.0,IBKR_TRADES,RTH,split_adjusted,traded_shares,2026-09-10T01:20:37.874819+00:00,24
2025-10-07,QQQ,609.05,609.71,603.03,604.51,37657492.0,IBKR_TRADES,RTH,split_adjusted,traded_shares,2026-09-10T01:20:37.874819+00:00,24
2025-10-07,SMH,346.29,346.67,336.56,337.05,4783830.0,IBKR_TRADES,RTH,split_adjusted,traded_shares,2026-09-10T01:20:37.874819+00:00,24
2025-10-08,AAPL,256.52,258.52,256.11,258.06,18897335.0,IBKR_TRADES,RTH,split_adjusted,traded_shares,2026-09-10T01:20:37.874819+00:00,24
2025-10-08,AMD,212.95,235.87,210.69,235.56,118125315.0,IBKR_TRADES,RTH,split_adjusted,traded_shares,2026-09-10T01:20:37.874819+00:00,24
2025-10-08,NVDA,186.57,189.6,186.54,189.11,88479392.0,IBKR_TRADES,RTH,split_adjusted,traded_shares,2026-09-10T01:20:37.874819+00:00,24
2025-10-08,QQQ,605.41,611.75,605.26,611.44,33106134.0,IBKR_TRADES,RTH,split_adjusted,traded_shares,2026-09-10T01:20:37.874819+00:00,24
2025-10-08,SMH,336.73,346.46,336.42,346.07,3782693.0,IBKR_TRADES,RTH,split_adjusted,traded_shares,2026-09-10T01:20:37.874819+00:00,24
2025-10-09,AAPL,257.81,258.0,253.14,254.04,21470272.0,IBKR_TRADES,RTH,split_adjusted,traded_shares,2026-09-10T01:20:37.874819+00:00,24
2025-10-09,AMD,236.3,240.01,229.53,232.89,69953973.0,IBKR_TRADES,RTH,split_adjusted,traded_shares,2026-09-10T01:20:37.874819+00:00,24
2025-10-09,NVDA,192.29,195.3,191.06,192.57,124727018.0,IBKR_TRADES,RTH,split_adjusted,traded_shares,2026-09-10T01:20:37.874819+00:00,24
2025-10-09,QQQ,611.48,611.61,607.48,610.7,29738158.0,IBKR_TRADES,RTH,split_adjusted,traded_shares,2026-09-10T01:20:37.874819+00:00,24
2025-10-09,SMH,346.09,347.1,342.4,345.21,2986126.0,IBKR_TRADES,RTH,split_adjusted,traded_shares,2026-09-10T01:20:37.874819+00:00,24
2025-10-10,AAPL,254.94,256.38,244.65,245.27,34365839.0,IBKR_TRADES,RTH,split_adjusted,traded_shares,2026-09-10T01:20:37.874819+00:00,24
2025-10-10,AMD,232.77,234.22,213.2,214.9,84620291.0,IBKR_TRADES,RTH,split_adjusted,traded_shares,2026-09-10T01:20:37.874819+00:00,24
2025-10-10,NVDA,193.5,195.62,182.05,183.16,169015747.0,IBKR_TRADES,RTH,split_adjusted,traded_shares,2026-09-10T01:20:37.874819+00:00,24
2025-10-10,QQQ,611.4,613.18,589.05,589.5,52969272.0,IBKR_TRADES,RTH,split_adjusted,traded_shares,2026-09-10T01:20:37.874819+00:00,24
2025-10-10,SMH,345.97,346.49,324.83,325.34,11750172.0,IBKR_TRADES,RTH,split_adjusted,traded_shares,2026-09-10T01:20:37.874819+00:00,24
2025-10-13,AAPL,249.31,249.69,245.56,247.66,18746543.0,IBKR_TRADES,RTH,split_adjusted,traded_shares,2026-09-10T01:20:37.874819+00:00,24
2025-10-13,AMD,220.1,224.19,214.9,216.42,42309305.0,IBKR_TRADES,RTH,split_adjusted,traded_shares,2026-09-10T01:20:37.874819+00:00,24
2025-10-13,NVDA,187.99,190.11,186.0,188.32,95589000.0,IBKR_TRADES,RTH,split_adjusted,traded_shares,2026-09-10T01:20:37.874819+00:00,24
2025-10-13,QQQ,599.7,602.95,597.23,602.01,32821839.000000004,IBKR_TRADES,RTH,split_adjusted,traded_shares,2026-09-10T01:20:37.874819+00:00,24
2025-10-13,SMH,337.48,341.09,335.0,339.75,5935100.0,IBKR_TRADES,RTH,split_adjusted,traded_shares,2026-09-10T01:20:37.874819+00:00,24
2025-10-14,AAPL,246.6,248.85,244.7,247.77,17603499.0,IBKR_TRADES,RTH,split_adjusted,traded_shares,2026-09-10T01:20:37.874819+00:00,24
2025-10-14,AMD,219.17,224.98,215.9,218.09,49397522.0,IBKR_TRADES,RTH,split_adjusted,traded_shares,2026-09-10T01:20:37.874819+00:00,24
2025-10-14,NVDA,184.77,184.8,179.7,180.03,131480461.00000001,IBKR_TRADES,RTH,split_adjusted,traded_shares,2026-09-10T01:20:37.874819+00:00,24
2025-10-14,QQQ,595.3,602.69,590.13,598.0,34137750.0,IBKR_TRADES,RTH,split_adjusted,traded_shares,2026-09-10T01:20:37.874819+00:00,24
2025-10-14,SMH,333.06,339.06,330.25,333.5,4244317.0,IBKR_TRADES,RTH,split_adjusted,traded_shares,2026-09-10T01:20:37.874819+00:00,24
2025-10-15,AAPL,249.49,251.82,247.47,249.34,17213646.0,IBKR_TRADES,RTH,split_adjusted,traded_shares,2026-09-10T01:20:37.874819+00:00,24
2025-10-15,AMD,222.71,239.24,220.76,238.6,84452663.0,IBKR_TRADES,RTH,split_adjusted,traded_shares,2026-09-10T01:20:37.874819+00:00,24
2025-10-15,NVDA,184.8,184.87,177.29,179.83,134878881.0,IBKR_TRADES,RTH,split_adjusted,traded_shares,2026-09-10T01:20:37.874819+00:00,24
2025-10-15,QQQ,604.01,606.7,595.93,602.22,31962182.000000004,IBKR_TRADES,RTH,split_adjusted,traded_shares,2026-09-10T01:20:37.874819+00:00,24
2025-10-15,SMH,342.1,343.08,335.51,341.78,3879087.9999999995,IBKR_TRADES,RTH,split_adjusted,traded_shares,2026-09-10T01:20:37.874819+00:00,24
2025-10-16,AAPL,248.28,249.04,245.13,247.45,23517994.0,IBKR_TRADES,RTH,split_adjusted,traded_shares,2026-09-10T01:20:37.874819+00:00,24
2025-10-16,AMD,236.26,241.2,232.24,234.56,52100597.0,IBKR_TRADES,RTH,split_adjusted,traded_shares,2026-09-10T01:20:37.874819+00:00,24
2025-10-16,NVDA,182.23,183.28,179.77,181.81,120854697.0,IBKR_TRADES,RTH,split_adjusted,traded_shares,2026-09-10T01:20:37.874819+00:00,24
2025-10-16,QQQ,605.1,608.31,595.5,599.99,35242000.0,IBKR_TRADES,RTH,split_adjusted,traded_shares,2026-09-10T01:20:37.874819+00:00,24
2025-10-16,SMH,346.17,347.09,339.8,343.3,4887524.0,IBKR_TRADES,RTH,split_adjusted,traded_shares,2026-09-10T01:20:37.874819+00:00,24
2025-10-17,AAPL,248.08,253.38,247.27,252.29,26060775.0,IBKR_TRADES,RTH,split_adjusted,traded_shares,2026-09-10T01:20:37.874819+00:00,24
2025-10-17,AMD,233.29,235.38,227.91,233.08,39524252.0,IBKR_TRADES,RTH,split_adjusted,traded_shares,2026-09-10T01:20:37.874819+00:00,24
2025-10-17,NVDA,180.2,184.1,179.75,183.22,114578306.0,IBKR_TRADES,RTH,split_adjusted,traded_shares,2026-09-10T01:20:37.874819+00:00,24
2025-10-17,QQQ,597.95,605.51,596.37,603.93,32718067.0,IBKR_TRADES,RTH,split_adjusted,traded_shares,2026-09-10T01:20:37.874819+00:00,24
2025-10-17,SMH,341.22,344.93,338.14,342.83,4109075.0000000005,IBKR_TRADES,RTH,split_adjusted,traded_shares,2026-09-10T01:20:37.874819+00:00,24
2025-10-20,AAPL,255.89,264.38,255.63,262.24,53856089.0,IBKR_TRADES,RTH,split_adjusted,traded_shares,2026-09-10T01:20:37.874819+00:00,24
2025-10-20,AMD,236.35,242.88,234.4,240.56,40706223.0,IBKR_TRADES,RTH,split_adjusted,traded_shares,2026-09-10T01:20:37.874819+00:00,24
2025-10-20,NVDA,183.07,185.2,181.73,182.64,88862528.0,IBKR_TRADES,RTH,split_adjusted,traded_shares,2026-09-10T01:20:37.874819+00:00,24
2025-10-20,QQQ,607.14,612.8,607.1,611.54,25035336.0,IBKR_TRADES,RTH,split_adjusted,traded_shares,2026-09-10T01:20:37.874819+00:00,24
2025-10-20,SMH,346.0,350.05,345.66,347.22,3848976.0,IBKR_TRADES,RTH,split_adjusted,traded_shares,2026-09-10T01:20:37.874819+00:00,24
2025-10-21,AAPL,261.88,265.29,261.83,262.77,28223471.0,IBKR_TRADES,RTH,split_adjusted,traded_shares,2026-09-10T01:20:37.874819+00:00,24
2025-10-21,AMD,239.39,242.26,234.02,238.03,35881016.0,IBKR_TRADES,RTH,split_adjusted,traded_shares,2026-09-10T01:20:37.874819+00:00,24
2025-10-21,NVDA,182.79,182.79,179.8,181.16,81894322.0,IBKR_TRADES,RTH,split_adjusted,traded_shares,2026-09-10T01:20:37.874819+00:00,24
2025-10-21,QQQ,611.63,612.73,609.32,611.38,24899967.0,IBKR_TRADES,RTH,split_adjusted,traded_shares,2026-09-10T01:20:37.874819+00:00,24
2025-10-21,SMH,347.06,347.1,343.16,345.3,2615943.0,IBKR_TRADES,RTH,split_adjusted,traded_shares,2026-09-10T01:20:37.874819+00:00,24
2025-10-22,AAPL,262.61,262.85,255.43,258.45,25366395.0,IBKR_TRADES,RTH,split_adjusted,traded_shares,2026-09-10T01:20:37.874819+00:00,24
2025-10-22,AMD,236.85,240.14,224.93,230.23,43965023.0,IBKR_TRADES,RTH,split_adjusted,traded_shares,2026-09-10T01:20:37.874819+00:00,24
2025-10-22,NVDA,181.14,183.44,176.84,180.28,106526543.0,IBKR_TRADES,RTH,split_adjusted,traded_shares,2026-09-10T01:20:37.874819+00:00,24
2025-10-22,QQQ,610.82,611.41,599.74,605.49,37984981.0,IBKR_TRADES,RTH,split_adjusted,traded_shares,2026-09-10T01:20:37.874819+00:00,24
2025-10-22,SMH,342.86,344.86,332.4,338.6,4857794.0,IBKR_TRADES,RTH,split_adjusted,traded_shares,2026-09-10T01:20:37.874819+00:00,24
2025-10-23,AAPL,259.89,260.62,258.01,259.58,16292061.0,IBKR_TRADES,RTH,split_adjusted,traded_shares,2026-09-10T01:20:37.874819+00:00,24
2025-10-23,AMD,230.07,235.9,228.54,234.99,27100405.0,IBKR_TRADES,RTH,split_adjusted,traded_shares,2026-09-10T01:20:37.874819+00:00,24
2025-10-23,NVDA,180.4,183.03,179.79,182.16,73476715.0,IBKR_TRADES,RTH,split_adjusted,traded_shares,2026-09-10T01:20:37.874819+00:00,24
2025-10-23,QQQ,604.91,611.37,604.52,610.58,22884022.0,IBKR_TRADES,RTH,split_adjusted,traded_shares,2026-09-10T01:20:37.874819+00:00,24
2025-10-23,SMH,336.92,345.91,336.72,344.8,3961275.0,IBKR_TRADES,RTH,split_adjusted,traded_shares,2026-09-10T01:20:37.874819+00:00,24
2025-10-24,AAPL,261.16,264.13,259.18,262.82,23085665.0,IBKR_TRADES,RTH,split_adjusted,traded_shares,2026-09-10T01:20:37.874819+00:00,24
2025-10-24,AMD,243.39,253.39,241.95,252.92,51812011.0,IBKR_TRADES,RTH,split_adjusted,traded_shares,2026-09-10T01:20:37.874819+00:00,24
2025-10-24,NVDA,183.86,187.47,183.5,186.26,88653416.0,IBKR_TRADES,RTH,split_adjusted,traded_shares,2026-09-10T01:20:37.874819+00:00,24
2025-10-24,QQQ,615.99,618.42,615.13,617.1,29772035.0,IBKR_TRADES,RTH,split_adjusted,traded_shares,2026-09-10T01:20:37.874819+00:00,24
2025-10-24,SMH,350.58,352.94,349.82,351.14,3532362.0,IBKR_TRADES,RTH,split_adjusted,traded_shares,2026-09-10T01:20:37.874819+00:00,24
2025-10-27,AAPL,264.88,269.12,264.65,268.81,24139520.0,IBKR_TRADES,RTH,split_adjusted,traded_shares,2026-09-10T01:20:37.874819+00:00,24
2025-10-27,AMD,258.0,260.42,249.8,259.67,46705840.0,IBKR_TRADES,RTH,split_adjusted,traded_shares,2026-09-10T01:20:37.874819+00:00,24
2025-10-27,NVDA,190.0,192.0,188.43,191.49,99626526.0,IBKR_TRADES,RTH,split_adjusted,traded_shares,2026-09-10T01:20:37.874819+00:00,24
2025-10-27,QQQ,624.51,628.55,624.03,628.09,32925363.999999996,IBKR_TRADES,RTH,split_adjusted,traded_shares,2026-09-10T01:20:37.874819+00:00,24
2025-10-27,SMH,357.67,360.6,356.21,359.94,3712108.0,IBKR_TRADES,RTH,split_adjusted,traded_shares,2026-09-10T01:20:37.874819+00:00,24
2025-10-28,AAPL,269.01,269.89,268.15,269.0,25261165.0,IBKR_TRADES,RTH,split_adjusted,traded_shares,2026-09-10T01:20:37.874819+00:00,24
2025-10-28,AMD,259.14,264.58,257.0,258.01,36093712.0,IBKR_TRADES,RTH,split_adjusted,traded_shares,2026-09-10T01:20:37.874819+00:00,24
2025-10-28,NVDA,193.06,203.15,191.91,201.03,207756830.0,IBKR_TRADES,RTH,split_adjusted,traded_shares,2026-09-10T01:20:37.874819+00:00,24
2025-10-28,QQQ,630.36,634.68,629.25,632.92,32617443.0,IBKR_TRADES,RTH,split_adjusted,traded_shares,2026-09-10T01:20:37.874819+00:00,24
2025-10-28,SMH,359.61,364.67,358.46,363.11,3441358.0,IBKR_TRADES,RTH,split_adjusted,traded_shares,2026-09-10T01:20:37.874819+00:00,24
2025-10-29,AAPL,269.37,271.41,267.11,269.7,26967994.0,IBKR_TRADES,RTH,split_adjusted,traded_shares,2026-09-10T01:20:37.874819+00:00,24
2025-10-29,AMD,264.18,267.08,257.4,264.33,34692820.0,IBKR_TRADES,RTH,split_adjusted,traded_shares,2026-09-10T01:20:37.874819+00:00,24
2025-10-29,NVDA,207.99,212.19,204.77,207.04,198868299.0,IBKR_TRADES,RTH,split_adjusted,traded_shares,2026-09-10T01:20:37.874819+00:00,24
2025-10-29,QQQ,635.58,637.01,630.25,635.77,38256559.0,IBKR_TRADES,RTH,split_adjusted,traded_shares,2026-09-10T01:20:37.874819+00:00,24
2025-10-29,SMH,369.08,372.79,365.82,368.61,4860993.0,IBKR_TRADES,RTH,split_adjusted,traded_shares,2026-09-10T01:20:37.874819+00:00,24
2025-10-30,AAPL,271.99,274.14,268.48,271.4,31595250.000000004,IBKR_TRADES,RTH,split_adjusted,traded_shares,2026-09-10T01:20:37.874819+00:00,24
2025-10-30,AMD,259.92,263.88,252.31,254.84,28992684.0,IBKR_TRADES,RTH,split_adjusted,traded_shares,2026-09-10T01:20:37.874819+00:00,24
2025-10-30,NVDA,205.15,206.16,201.41,202.89,107935116.0,IBKR_TRADES,RTH,split_adjusted,traded_shares,2026-09-10T01:20:37.874819+00:00,24
2025-10-30,QQQ,632.15,633.5,625.99,626.05,32438006.999999996,IBKR_TRADES,RTH,split_adjusted,traded_shares,2026-09-10T01:20:37.874819+00:00,24
2025-10-30,SMH,367.12,369.86,363.55,363.73,3671889.0,IBKR_TRADES,RTH,split_adjusted,traded_shares,2026-09-10T01:20:37.874819+00:00,24
2025-10-31,AAPL,276.99,277.32,269.16,270.37,40570747.0,IBKR_TRADES,RTH,split_adjusted,traded_shares,2026-09-10T01:20:37.874819+00:00,24
2025-10-31,AMD,259.5,262.13,253.4,256.12,21644372.0,IBKR_TRADES,RTH,split_adjusted,traded_shares,2026-09-10T01:20:37.874819+00:00,24
2025-10-31,NVDA,206.45,207.97,202.07,202.49,103237790.0,IBKR_TRADES,RTH,split_adjusted,traded_shares,2026-09-10T01:20:37.874819+00:00,24
2025-10-31,QQQ,634.2,634.2,626.69,629.07,38898714.0,IBKR_TRADES,RTH,split_adjusted,traded_shares,2026-09-10T01:20:37.874819+00:00,24
2025-10-31,SMH,366.88,368.43,360.5,363.02,2885263.0,IBKR_TRADES,RTH,split_adjusted,traded_shares,2026-09-10T01:20:37.874819+00:00,24
2025-11-03,AAPL,270.48,270.85,266.25,269.05,22813649.0,IBKR_TRADES,RTH,split_adjusted,traded_shares,2026-09-10T01:20:37.874819+00:00,24
2025-11-03,AMD,259.33,260.91,253.89,259.65,23934218.0,IBKR_TRADES,RTH,split_adjusted,traded_shares,2026-09-10T01:20:37.874819+00:00,24
2025-11-03,NVDA,208.08,211.34,205.56,206.88,118264113.0,IBKR_TRADES,RTH,split_adjusted,traded_shares,2026-09-10T01:20:37.874819+00:00,24
2025-11-03,QQQ,635.12,635.82,629.85,632.08,26011815.0,IBKR_TRADES,RTH,split_adjusted,traded_shares,2026-09-10T01:20:37.874819+00:00,24
2025-11-03,SMH,367.69,369.47,364.69,366.1,3094630.0,IBKR_TRADES,RTH,split_adjusted,traded_shares,2026-09-10T01:20:37.874819+00:00,24
2025-11-04,AAPL,268.32,271.49,267.61,270.04,24536614.0,IBKR_TRADES,RTH,split_adjusted,traded_shares,2026-09-10T01:20:37.874819+00:00,24
2025-11-04,AMD,250.35,257.38,247.39,250.05,30955766.0,IBKR_TRADES,RTH,split_adjusted,traded_shares,2026-09-10T01:20:37.874819+00:00,24
2025-11-04,NVDA,202.99,203.97,197.93,198.69,110750315.0,IBKR_TRADES,RTH,split_adjusted,traded_shares,2026-09-10T01:20:37.874819+00:00,24
2025-11-04,QQQ,623.28,626.95,618.45,619.25,43302019.0,IBKR_TRADES,RTH,split_adjusted,traded_shares,2026-09-10T01:20:37.874819+00:00,24
2025-11-04,SMH,357.98,361.8,351.79,352.76,6244908.0,IBKR_TRADES,RTH,split_adjusted,traded_shares,2026-09-10T01:20:37.874819+00:00,24
2025-11-05,AAPL,268.61,271.7,266.93,270.14,18353179.0,IBKR_TRADES,RTH,split_adjusted,traded_shares,2026-09-10T01:20:37.874819+00:00,24
2025-11-05,AMD,243.31,259.65,242.8,256.33,44563247.0,IBKR_TRADES,RTH,split_adjusted,traded_shares,2026-09-10T01:20:37.874819+00:00,24
2025-11-05,NVDA,198.77,202.92,194.65,195.21,105877600.0,IBKR_TRADES,RTH,split_adjusted,traded_shares,2026-09-10T01:20:37.874819+00:00,24
2025-11-05,QQQ,618.5,626.6,617.21,623.28,33405433.0,IBKR_TRADES,RTH,split_adjusted,traded_shares,2026-09-10T01:20:37.874819+00:00,24
2025-11-05,SMH,353.17,364.28,352.72,359.5,6472157.0,IBKR_TRADES,RTH,split_adjusted,traded_shares,2026-09-10T01:20:37.874819+00:00,24
2025-11-06,AAPL,267.89,273.4,267.89,269.77,25440332.0,IBKR_TRADES,RTH,split_adjusted,traded_shares,2026-09-10T01:20:37.874819+00:00,24
2025-11-06,AMD,253.29,253.51,235.74,237.7,47302432.0,IBKR_TRADES,RTH,split_adjusted,traded_shares,2026-09-10T01:20:37.874819+00:00,24
2025-11-06,NVDA,196.52,197.62,186.38,188.08,144229999.0,IBKR_TRADES,RTH,split_adjusted,traded_shares,2026-09-10T01:20:37.874819+00:00,24
2025-11-06,QQQ,621.79,622.04,610.3,611.67,53751184.0,IBKR_TRADES,RTH,split_adjusted,traded_shares,2026-09-10T01:20:37.874819+00:00,24
2025-11-06,SMH,359.59,360.15,348.71,351.09,7761694.999999999,IBKR_TRADES,RTH,split_adjusted,traded_shares,2026-09-10T01:20:37.874819+00:00,24
2025-11-07,AAPL,269.8,272.29,266.77,268.47,26176590.0,IBKR_TRADES,RTH,split_adjusted,traded_shares,2026-09-10T01:20:37.874819+00:00,24
2025-11-07,AMD,230.99,235.87,224.64,233.54,34693781.0,IBKR_TRADES,RTH,split_adjusted,traded_shares,2026-09-10T01:20:37.874819+00:00,24
2025-11-07,NVDA,184.9,188.31,178.95,188.15,160118748.0,IBKR_TRADES,RTH,split_adjusted,traded_shares,2026-09-10T01:20:37.874819+00:00,24
2025-11-07,QQQ,608.31,609.95,598.67,609.74,61170780.00000001,IBKR_TRADES,RTH,split_adjusted,traded_shares,2026-09-10T01:20:37.874819+00:00,24
2025-11-07,SMH,346.54,348.18,336.68,348.12,11340451.0,IBKR_TRADES,RTH,split_adjusted,traded_shares,2026-09-10T01:20:37.874819+00:00,24
2025-11-10,AAPL,269.11,273.73,267.45,269.43,21519063.0,IBKR_TRADES,RTH,split_adjusted,traded_shares,2026-09-10T01:20:37.874819+00:00,24
2025-11-10,AMD,242.15,248.9,240.5,243.98,28040439.0,IBKR_TRADES,RTH,split_adjusted,traded_shares,2026-09-10T01:20:37.874819+00:00,24
2025-11-10,NVDA,195.09,199.94,193.79,199.05,126563018.0,IBKR_TRADES,RTH,split_adjusted,traded_shares,2026-09-10T01:20:37.874819+00:00,24
2025-11-10,QQQ,618.92,624.31,616.89,623.23,38659435.0,IBKR_TRADES,RTH,split_adjusted,traded_shares,2026-09-10T01:20:37.874819+00:00,24
2025-11-10,SMH,357.55,360.0,353.95,358.79,7188937.0,IBKR_TRADES,RTH,split_adjusted,traded_shares,2026-09-10T01:20:37.874819+00:00,24
2025-11-11,AAPL,269.85,275.91,269.8,275.25,28103275.0,IBKR_TRADES,RTH,split_adjusted,traded_shares,2026-09-10T01:20:37.874819+00:00,24
2025-11-11,AMD,241.66,248.46,234.65,237.52,42403486.0,IBKR_TRADES,RTH,split_adjusted,traded_shares,2026-09-10T01:20:37.874819+00:00,24
2025-11-11,NVDA,195.18,195.42,191.3,193.16,113203130.0,IBKR_TRADES,RTH,split_adjusted,traded_shares,2026-09-10T01:20:37.874819+00:00,24
2025-11-11,QQQ,620.58,622.72,617.52,621.57,32153141.0,IBKR_TRADES,RTH,split_adjusted,traded_shares,2026-09-10T01:20:37.874819+00:00,24
2025-11-11,SMH,355.25,356.05,349.74,351.05,5992952.0,IBKR_TRADES,RTH,split_adjusted,traded_shares,2026-09-10T01:20:37.874819+00:00,24
2025-11-12,AAPL,275.13,275.73,271.7,273.47,22192153.0,IBKR_TRADES,RTH,split_adjusted,traded_shares,2026-09-10T01:20:37.874819+00:00,24
2025-11-12,AMD,252.94,263.51,250.0,258.89,82831967.0,IBKR_TRADES,RTH,split_adjusted,traded_shares,2026-09-10T01:20:37.874819+00:00,24
2025-11-12,NVDA,195.72,195.89,191.13,193.8,104313866.0,IBKR_TRADES,RTH,split_adjusted,traded_shares,2026-09-10T01:20:37.874819+00:00,24
2025-11-12,QQQ,624.84,624.86,617.81,621.08,35426453.0,IBKR_TRADES,RTH,split_adjusted,traded_shares,2026-09-10T01:20:37.874819+00:00,24
2025-11-12,SMH,356.2,357.48,352.94,355.53,4290767.0,IBKR_TRADES,RTH,split_adjusted,traded_shares,2026-09-10T01:20:37.874819+00:00,24
2025-11-13,AAPL,274.27,276.7,272.09,272.95,21873012.0,IBKR_TRADES,RTH,split_adjusted,traded_shares,2026-09-10T01:20:37.874819+00:00,24
2025-11-13,AMD,251.92,259.64,246.06,247.96,45474930.0,IBKR_TRADES,RTH,split_adjusted,traded_shares,2026-09-10T01:20:37.874819+00:00,24
2025-11-13,NVDA,191.05,191.44,183.85,186.86,133574004.0,IBKR_TRADES,RTH,split_adjusted,traded_shares,2026-09-10T01:20:37.874819+00:00,24
2025-11-13,QQQ,617.54,618.12,606.08,608.4,52804482.0,IBKR_TRADES,RTH,split_adjusted,traded_shares,2026-09-10T01:20:37.874819+00:00,24
2025-11-13,SMH,351.62,352.88,341.25,344.82,8068225.0,IBKR_TRADES,RTH,split_adjusted,traded_shares,2026-09-10T01:20:37.874819+00:00,24
2025-11-14,AAPL,271.02,275.96,269.6,272.41,23279907.0,IBKR_TRADES,RTH,split_adjusted,traded_shares,2026-09-10T01:20:37.874819+00:00,24
2025-11-14,AMD,240.11,253.44,235.08,246.81,33978799.0,IBKR_TRADES,RTH,split_adjusted,traded_shares,2026-09-10T01:20:37.874819+00:00,24
2025-11-14,NVDA,182.86,191.01,180.58,190.17,120200875.0,IBKR_TRADES,RTH,split_adjusted,traded_shares,2026-09-10T01:20:37.874819+00:00,24
2025-11-14,QQQ,599.55,613.35,597.17,608.86,57102874.0,IBKR_TRADES,RTH,split_adjusted,traded_shares,2026-09-10T01:20:37.874819+00:00,24
2025-11-14,SMH,335.24,348.91,333.75,344.98,9944700.0,IBKR_TRADES,RTH,split_adjusted,traded_shares,2026-09-10T01:20:37.874819+00:00,24
2025-11-17,AAPL,268.83,270.49,265.73,267.46,21314781.0,IBKR_TRADES,RTH,split_adjusted,traded_shares,2026-09-10T01:20:37.874819+00:00,24
2025-11-17,AMD,242.75,248.77,237.15,240.52,26440200.0,IBKR_TRADES,RTH,split_adjusted,traded_shares,2026-09-10T01:20:37.874819+00:00,24
2025-11-17,NVDA,185.97,189.0,184.32,186.6,107201323.0,IBKR_TRADES,RTH,split_adjusted,traded_shares,2026-09-10T01:20:37.874819+00:00,24
2025-11-17,QQQ,606.27,612.48,599.87,603.66,49894399.0,IBKR_TRADES,RTH,split_adjusted,traded_shares,2026-09-10T01:20:37.874819+00:00,24
2025-11-17,SMH,341.94,348.35,337.05,340.3,5339707.0,IBKR_TRADES,RTH,split_adjusted,traded_shares,2026-09-10T01:20:37.874819+00:00,24
2025-11-18,AAPL,269.99,270.71,265.32,267.44,21656608.0,IBKR_TRADES,RTH,split_adjusted,traded_shares,2026-09-10T01:20:37.874819+00:00,24
2025-11-18,AMD,236.78,238.0,224.71,230.29,31839844.999999996,IBKR_TRADES,RTH,split_adjusted,traded_shares,2026-09-10T01:20:37.874819+00:00,24
2025-11-18,NVDA,183.4,184.8,179.65,181.36,136226452.0,IBKR_TRADES,RTH,split_adjusted,traded_shares,2026-09-10T01:20:37.874819+00:00,24
2025-11-18,QQQ,599.62,602.31,591.34,596.31,61582660.00000001,IBKR_TRADES,RTH,split_adjusted,traded_shares,2026-09-10T01:20:37.874819+00:00,24
2025-11-18,SMH,335.75,337.79,329.12,333.29,10267770.0,IBKR_TRADES,RTH,split_adjusted,traded_shares,2026-09-10T01:20:37.874819+00:00,24
2025-11-19,AAPL,265.54,272.21,265.5,268.56,20306034.0,IBKR_TRADES,RTH,split_adjusted,traded_shares,2026-09-10T01:20:37.874819+00:00,24
2025-11-19,AMD,230.26,235.28,219.71,223.55,35460718.0,IBKR_TRADES,RTH,split_adjusted,traded_shares,2026-09-10T01:20:37.874819+00:00,24
2025-11-19,NVDA,184.75,187.86,182.83,186.52,130362146.0,IBKR_TRADES,RTH,split_adjusted,traded_shares,2026-09-10T01:20:37.874819+00:00,24
2025-11-19,QQQ,597.07,606.16,594.59,599.87,52211174.0,IBKR_TRADES,RTH,split_adjusted,traded_shares,2026-09-10T01:20:37.874819+00:00,24
2025-11-19,SMH,334.83,343.06,333.46,339.44,7071327.0,IBKR_TRADES,RTH,split_adjusted,traded_shares,2026-09-10T01:20:37.874819+00:00,24
2025-11-20,AAPL,270.92,275.43,265.92,266.25,24720694.0,IBKR_TRADES,RTH,split_adjusted,traded_shares,2026-09-10T01:20:37.874819+00:00,24
2025-11-20,AMD,232.57,234.25,204.75,206.02,43473436.0,IBKR_TRADES,RTH,split_adjusted,traded_shares,2026-09-10T01:20:37.874819+00:00,24
2025-11-20,NVDA,196.0,196.0,179.86,180.64,225889094.0,IBKR_TRADES,RTH,split_adjusted,traded_shares,2026-09-10T01:20:37.874819+00:00,24
2025-11-20,QQQ,611.62,614.03,584.75,585.67,89794451.0,IBKR_TRADES,RTH,split_adjusted,traded_shares,2026-09-10T01:20:37.874819+00:00,24
2025-11-20,SMH,348.86,349.78,323.69,325.1,10893493.0,IBKR_TRADES,RTH,split_adjusted,traded_shares,2026-09-10T01:20:37.874819+00:00,24
2025-11-21,AAPL,265.94,273.33,265.67,271.49,30498266.0,IBKR_TRADES,RTH,split_adjusted,traded_shares,2026-09-10T01:20:37.874819+00:00,24
2025-11-21,AMD,208.87,208.87,195.0,203.78,46183481.0,IBKR_TRADES,RTH,split_adjusted,traded_shares,2026-09-10T01:20:37.874819+00:00,24
2025-11-21,NVDA,181.24,184.56,172.93,178.88,210467136.0,IBKR_TRADES,RTH,split_adjusted,traded_shares,2026-09-10T01:20:37.874819+00:00,24
2025-11-21,QQQ,587.47,596.98,580.74,590.07,72149642.0,IBKR_TRADES,RTH,split_adjusted,traded_shares,2026-09-10T01:20:37.874819+00:00,24
2025-11-21,SMH,324.61,331.62,315.05,326.13,12894084.0,IBKR_TRADES,RTH,split_adjusted,traded_shares,2026-09-10T01:20:37.874819+00:00,24
2025-11-24,AAPL,271.15,277.0,270.9,275.92,27717736.0,IBKR_TRADES,RTH,split_adjusted,traded_shares,2026-09-10T01:20:37.874819+00:00,24
2025-11-24,AMD,207.12,217.13,205.85,215.05,25650187.0,IBKR_TRADES,RTH,split_adjusted,traded_shares,2026-09-10T01:20:37.874819+00:00,24
2025-11-24,NVDA,179.47,183.5,176.48,182.55,140271435.0,IBKR_TRADES,RTH,split_adjusted,traded_shares,2026-09-10T01:20:37.874819+00:00,24
2025-11-24,QQQ,595.28,606.68,595.16,605.16,43844183.0,IBKR_TRADES,RTH,split_adjusted,traded_shares,2026-09-10T01:20:37.874819+00:00,24
2025-11-24,SMH,329.0,340.57,328.83,339.12,6839664.0,IBKR_TRADES,RTH,split_adjusted,traded_shares,2026-09-10T01:20:37.874819+00:00,24
2025-11-25,AAPL,275.27,280.38,275.25,276.97,22238292.0,IBKR_TRADES,RTH,split_adjusted,traded_shares,2026-09-10T01:20:37.874819+00:00,24
2025-11-25,AMD,201.48,206.58,194.27,206.13,48875802.0,IBKR_TRADES,RTH,split_adjusted,traded_shares,2026-09-10T01:20:37.874819+00:00,24
2025-11-25,NVDA,174.91,178.16,169.55,177.82,199067624.0,IBKR_TRADES,RTH,split_adjusted,traded_shares,2026-09-10T01:20:37.874819+00:00,24
2025-11-25,QQQ,603.51,610.27,597.32,608.89,45144935.0,IBKR_TRADES,RTH,split_adjusted,traded_shares,2026-09-10T01:20:37.874819+00:00,24
2025-11-25,SMH,334.47,340.72,327.35,340.01,6925064.0,IBKR_TRADES,RTH,split_adjusted,traded_shares,2026-09-10T01:20:37.874819+00:00,24
2025-11-26,AAPL,276.96,279.53,276.63,277.55,16595358.0,IBKR_TRADES,RTH,split_adjusted,traded_shares,2026-09-10T01:20:37.874819+00:00,24
2025-11-26,AMD,210.19,215.59,207.0,214.24,28483461.0,IBKR_TRADES,RTH,split_adjusted,traded_shares,2026-09-10T01:20:37.874819+00:00,24
2025-11-26,NVDA,181.69,182.91,178.24,180.26,116914964.0,IBKR_TRADES,RTH,split_adjusted,traded_shares,2026-09-10T01:20:37.874819+00:00,24
2025-11-26,QQQ,612.51,616.19,610.39,614.27,32030368.000000004,IBKR_TRADES,RTH,split_adjusted,traded_shares,2026-09-10T01:20:37.874819+00:00,24
2025-11-26,SMH,344.25,350.3,343.43,347.71,4000677.0,IBKR_TRADES,RTH,split_adjusted,traded_shares,2026-09-10T01:20:37.874819+00:00,24
2025-11-28,AAPL,277.37,279.0,275.98,278.85,9498788.0,IBKR_TRADES,RTH,split_adjusted,traded_shares,2026-09-10T01:20:37.874819+00:00,24
2025-11-28,AMD,216.14,218.3,214.02,217.53,12491955.0,IBKR_TRADES,RTH,split_adjusted,traded_shares,2026-09-10T01:20:37.874819+00:00,24
2025-11-28,NVDA,179.0,179.29,176.5,177.0,75080889.0,IBKR_TRADES,RTH,split_adjusted,traded_shares,2026-09-10T01:20:37.874819+00:00,24
2025-11-28,QQQ,616.11,619.25,615.41,619.25,16687377.999999998,IBKR_TRADES,RTH,split_adjusted,traded_shares,2026-09-10T01:20:37.874819+00:00,24
2025-11-28,SMH,349.17,352.57,347.71,352.28,2643091.0,IBKR_TRADES,RTH,split_adjusted,traded_shares,2026-09-10T01:20:37.874819+00:00,24
2025-12-01,AAPL,278.1,283.42,276.14,283.1,23632321.0,IBKR_TRADES,RTH,split_adjusted,traded_shares,2026-09-10T01:20:37.874819+00:00,24
2025-12-01,AMD,214.11,220.98,213.5,219.76,20441591.0,IBKR_TRADES,RTH,split_adjusted,traded_shares,2026-09-10T01:20:37.874819+00:00,24
2025-12-01,NVDA,174.76,180.3,173.68,179.92,115019659.0,IBKR_TRADES,RTH,split_adjusted,traded_shares,2026-09-10T01:20:37.874819+00:00,24
2025-12-01,QQQ,613.61,619.45,612.52,617.17,30766713.0,IBKR_TRADES,RTH,split_adjusted,traded_shares,2026-09-10T01:20:37.874819+00:00,24
2025-12-01,SMH,348.85,355.01,348.06,352.96,2943629.0,IBKR_TRADES,RTH,split_adjusted,traded_shares,2026-09-10T01:20:37.874819+00:00,24
2025-12-02,AAPL,282.99,287.4,282.63,286.19,26066733.0,IBKR_TRADES,RTH,split_adjusted,traded_shares,2026-09-10T01:20:37.874819+00:00,24
2025-12-02,AMD,221.79,225.98,214.39,215.24,29995969.0,IBKR_TRADES,RTH,split_adjusted,traded_shares,2026-09-10T01:20:37.874819+00:00,24
2025-12-02,NVDA,181.77,185.66,180.0,181.46,123351276.99999999,IBKR_TRADES,RTH,split_adjusted,traded_shares,2026-09-10T01:20:37.874819+00:00,24
2025-12-02,QQQ,619.46,623.75,617.59,622.0,43716423.0,IBKR_TRADES,RTH,split_adjusted,traded_shares,2026-09-10T01:20:37.874819+00:00,24
2025-12-02,SMH,355.85,360.79,354.15,359.43,4972956.0,IBKR_TRADES,RTH,split_adjusted,traded_shares,2026-09-10T01:20:37.874819+00:00,24
2025-12-03,AAPL,286.2,288.62,283.3,284.15,22586809.0,IBKR_TRADES,RTH,split_adjusted,traded_shares,2026-09-10T01:20:37.874819+00:00,24
2025-12-03,AMD,216.26,218.2,211.76,217.6,18933061.0,IBKR_TRADES,RTH,split_adjusted,traded_shares,2026-09-10T01:20:37.874819+00:00,24
2025-12-03,NVDA,181.08,182.45,179.11,179.59,98375967.0,IBKR_TRADES,RTH,split_adjusted,traded_shares,2026-09-10T01:20:37.874819+00:00,24
2025-12-03,QQQ,619.62,624.22,618.03,623.52,35413794.0,IBKR_TRADES,RTH,split_adjusted,traded_shares,2026-09-10T01:20:37.874819+00:00,24
2025-12-03,SMH,359.7,364.58,356.23,364.37,3528400.0,IBKR_TRADES,RTH,split_adjusted,traded_shares,2026-09-10T01:20:37.874819+00:00,24
2025-12-04,AAPL,284.1,284.73,278.59,280.7,22432307.0,IBKR_TRADES,RTH,split_adjusted,traded_shares,2026-09-10T01:20:37.874819+00:00,24
2025-12-04,AMD,216.71,219.12,214.14,215.98,16859163.0,IBKR_TRADES,RTH,split_adjusted,traded_shares,2026-09-10T01:20:37.874819+00:00,24
2025-12-04,NVDA,181.62,184.52,180.0,183.38,109663078.0,IBKR_TRADES,RTH,split_adjusted,traded_shares,2026-09-10T01:20:37.874819+00:00,24
2025-12-04,QQQ,624.92,624.94,619.54,622.94,37630743.0,IBKR_TRADES,RTH,split_adjusted,traded_shares,2026-09-10T01:20:37.874819+00:00,24
2025-12-04,SMH,363.29,363.89,359.6,361.6,3067752.0,IBKR_TRADES,RTH,split_adjusted,traded_shares,2026-09-10T01:20:37.874819+00:00,24
2025-12-05,AAPL,280.54,281.14,278.05,278.78,17290679.0,IBKR_TRADES,RTH,split_adjusted,traded_shares,2026-09-10T01:20:37.874819+00:00,24
2025-12-05,AMD,217.18,223.65,216.24,217.97,23709987.0,IBKR_TRADES,RTH,split_adjusted,traded_shares,2026-09-10T01:20:37.874819+00:00,24
2025-12-05,NVDA,183.89,184.66,180.91,182.41,90934376.0,IBKR_TRADES,RTH,split_adjusted,traded_shares,2026-09-10T01:20:37.874819+00:00,24
2025-12-05,QQQ,624.38,628.92,623.71,625.48,41362617.0,IBKR_TRADES,RTH,split_adjusted,traded_shares,2026-09-10T01:20:37.874819+00:00,24
2025-12-05,SMH,364.46,368.58,363.54,364.42,2502742.0,IBKR_TRADES,RTH,split_adjusted,traded_shares,2026-09-10T01:20:37.874819+00:00,24
2025-12-08,AAPL,278.11,279.67,276.15,277.89,18790681.0,IBKR_TRADES,RTH,split_adjusted,traded_shares,2026-09-10T01:20:37.874819+00:00,24
2025-12-08,AMD,219.15,223.71,218.36,221.11,20533480.0,IBKR_TRADES,RTH,split_adjusted,traded_shares,2026-09-10T01:20:37.874819+00:00,24
2025-12-08,NVDA,182.68,187.99,182.4,185.55,133101613.0,IBKR_TRADES,RTH,split_adjusted,traded_shares,2026-09-10T01:20:37.874819+00:00,24
2025-12-08,QQQ,627.18,628.84,621.69,624.28,33631146.0,IBKR_TRADES,RTH,split_adjusted,traded_shares,2026-09-10T01:20:37.874819+00:00,24
2025-12-08,SMH,368.1,370.72,365.74,368.55,3322612.0,IBKR_TRADES,RTH,split_adjusted,traded_shares,2026-09-10T01:20:37.874819+00:00,24
2025-12-09,AAPL,278.16,280.03,276.92,277.18,16879302.0,IBKR_TRADES,RTH,split_adjusted,traded_shares,2026-09-10T01:20:37.874819+00:00,24
2025-12-09,AMD,221.01,224.84,217.9,221.62,17778154.0,IBKR_TRADES,RTH,split_adjusted,traded_shares,2026-09-10T01:20:37.874819+00:00,24
2025-12-09,NVDA,185.57,185.72,183.32,184.97,91478672.0,IBKR_TRADES,RTH,split_adjusted,traded_shares,2026-09-10T01:20:37.874819+00:00,24
2025-12-09,QQQ,623.04,625.87,621.62,625.05,29752304.0,IBKR_TRADES,RTH,split_adjusted,traded_shares,2026-09-10T01:20:37.874819+00:00,24
2025-12-09,SMH,367.04,369.56,365.35,369.0,2382627.0,IBKR_TRADES,RTH,split_adjusted,traded_shares,2026-09-10T01:20:37.874819+00:00,24
2025-12-10,AAPL,277.84,279.75,276.44,278.78,15335546.0,IBKR_TRADES,RTH,split_adjusted,traded_shares,2026-09-10T01:20:37.874819+00:00,24
2025-12-10,AMD,221.91,222.61,218.67,221.42,15245712.0,IBKR_TRADES,RTH,split_adjusted,traded_shares,2026-09-10T01:20:37.874819+00:00,24
2025-12-10,NVDA,184.97,185.48,182.03,183.78,103536629.0,IBKR_TRADES,RTH,split_adjusted,traded_shares,2026-09-10T01:20:37.874819+00:00,24
2025-12-10,QQQ,623.83,629.21,620.99,627.61,42687657.0,IBKR_TRADES,RTH,split_adjusted,traded_shares,2026-09-10T01:20:37.874819+00:00,24
2025-12-10,SMH,368.91,375.59,366.93,374.1,4464409.0,IBKR_TRADES,RTH,split_adjusted,traded_shares,2026-09-10T01:20:37.874819+00:00,24
2025-12-11,AAPL,279.1,279.59,273.81,278.03,17462097.0,IBKR_TRADES,RTH,split_adjusted,traded_shares,2026-09-10T01:20:37.874819+00:00,24
2025-12-11,AMD,217.8,221.5,210.19,221.43,21088888.0,IBKR_TRADES,RTH,split_adjusted,traded_shares,2026-09-10T01:20:37.874819+00:00,24
2025-12-11,NVDA,180.29,181.32,176.62,180.93,117001731.0,IBKR_TRADES,RTH,split_adjusted,traded_shares,2026-09-10T01:20:37.874819+00:00,24
2025-12-11,QQQ,623.84,625.78,617.72,625.58,45937608.0,IBKR_TRADES,RTH,split_adjusted,traded_shares,2026-09-10T01:20:37.874819+00:00,24
2025-12-11,SMH,369.78,371.22,361.68,370.89,5798302.0,IBKR_TRADES,RTH,split_adjusted,traded_shares,2026-09-10T01:20:37.874819+00:00,24
2025-12-12,AAPL,277.91,279.22,276.82,278.28,18860844.0,IBKR_TRADES,RTH,split_adjusted,traded_shares,2026-09-10T01:20:37.874819+00:00,24
2025-12-12,AMD,218.37,222.49,209.06,210.78,22780088.0,IBKR_TRADES,RTH,split_adjusted,traded_shares,2026-09-10T01:20:37.874819+00:00,24
2025-12-12,NVDA,181.11,182.82,174.62,175.02,127887293.00000001,IBKR_TRADES,RTH,split_adjusted,traded_shares,2026-09-10T01:20:37.874819+00:00,24
2025-12-12,QQQ,622.08,623.54,611.36,613.62,59938994.0,IBKR_TRADES,RTH,split_adjusted,traded_shares,2026-09-10T01:20:37.874819+00:00,24
2025-12-12,SMH,366.99,367.56,352.88,354.12,9724191.0,IBKR_TRADES,RTH,split_adjusted,traded_shares,2026-09-10T01:20:37.874819+00:00,24
2025-12-15,AAPL,280.17,280.17,272.84,274.11,24801092.0,IBKR_TRADES,RTH,split_adjusted,traded_shares,2026-09-10T01:20:37.874819+00:00,24
2025-12-15,AMD,212.28,215.36,206.58,207.58,17678293.0,IBKR_TRADES,RTH,split_adjusted,traded_shares,2026-09-10T01:20:37.874819+00:00,24
2025-12-15,NVDA,177.94,178.42,175.03,176.29,102830591.0,IBKR_TRADES,RTH,split_adjusted,traded_shares,2026-09-10T01:20:37.874819+00:00,24
2025-12-15,QQQ,618.39,618.42,609.32,610.54,35062167.0,IBKR_TRADES,RTH,split_adjusted,traded_shares,2026-09-10T01:20:37.874819+00:00,24
2025-12-15,SMH,358.13,359.2,352.19,352.9,4304209.0,IBKR_TRADES,RTH,split_adjusted,traded_shares,2026-09-10T01:20:37.874819+00:00,24
2025-12-16,AAPL,272.7,275.5,271.79,274.61,17191726.0,IBKR_TRADES,RTH,split_adjusted,traded_shares,2026-09-10T01:20:37.874819+00:00,24
2025-12-16,AMD,206.92,210.22,205.11,209.17,14347445.0,IBKR_TRADES,RTH,split_adjusted,traded_shares,2026-09-10T01:20:37.874819+00:00,24
2025-12-16,NVDA,176.22,178.49,174.9,177.72,93845838.0,IBKR_TRADES,RTH,split_adjusted,traded_shares,2026-09-10T01:20:37.874819+00:00,24
2025-12-16,QQQ,608.26,613.51,606.91,611.75,39280312.0,IBKR_TRADES,RTH,split_adjusted,traded_shares,2026-09-10T01:20:37.874819+00:00,24
2025-12-16,SMH,351.57,354.39,348.31,351.94,4322217.0,IBKR_TRADES,RTH,split_adjusted,traded_shares,2026-09-10T01:20:37.874819+00:00,24
2025-12-17,AAPL,275.0,276.16,271.64,271.84,20970018.0,IBKR_TRADES,RTH,split_adjusted,traded_shares,2026-09-10T01:20:37.874819+00:00,24
2025-12-17,AMD,210.11,211.5,197.53,198.11,20012328.0,IBKR_TRADES,RTH,split_adjusted,traded_shares,2026-09-10T01:20:37.874819+00:00,24
2025-12-17,NVDA,176.1,176.13,170.31,170.94,139251210.0,IBKR_TRADES,RTH,split_adjusted,traded_shares,2026-09-10T01:20:37.874819+00:00,24
2025-12-17,QQQ,613.06,613.65,600.28,600.41,51141040.0,IBKR_TRADES,RTH,split_adjusted,traded_shares,2026-09-10T01:20:37.874819+00:00,24
2025-12-17,SMH,352.89,352.89,338.06,339.24,7698030.0,IBKR_TRADES,RTH,split_adjusted,traded_shares,2026-09-10T01:20:37.874819+00:00,24
2025-12-18,AAPL,273.61,273.63,266.95,272.19,25722115.0,IBKR_TRADES,RTH,split_adjusted,traded_shares,2026-09-10T01:20:37.874819+00:00,24
2025-12-18,AMD,203.81,206.36,200.5,201.06,18222269.0,IBKR_TRADES,RTH,split_adjusted,traded_shares,2026-09-10T01:20:37.874819+00:00,24
2025-12-18,NVDA,174.56,176.15,171.82,174.14,107668531.0,IBKR_TRADES,RTH,split_adjusted,traded_shares,2026-09-10T01:20:37.874819+00:00,24
2025-12-18,QQQ,609.75,612.93,606.92,609.11,58636294.0,IBKR_TRADES,RTH,split_adjusted,traded_shares,2026-09-10T01:20:37.874819+00:00,24
2025-12-18,SMH,350.84,352.09,345.83,347.25,6276344.0,IBKR_TRADES,RTH,split_adjusted,traded_shares,2026-09-10T01:20:37.874819+00:00,24
2025-12-19,AAPL,272.39,274.6,269.9,273.67,39565798.0,IBKR_TRADES,RTH,split_adjusted,traded_shares,2026-09-10T01:20:37.874819+00:00,24
2025-12-19,AMD,204.6,215.18,204.2,213.43,25774132.0,IBKR_TRADES,RTH,split_adjusted,traded_shares,2026-09-10T01:20:37.874819+00:00,24
2025-12-19,NVDA,176.67,181.45,176.36,180.99,146882940.0,IBKR_TRADES,RTH,split_adjusted,traded_shares,2026-09-10T01:20:37.874819+00:00,24
2025-12-19,QQQ,611.96,617.62,611.87,617.05,35079908.0,IBKR_TRADES,RTH,split_adjusted,traded_shares,2026-09-10T01:20:37.874819+00:00,24
2025-12-19,SMH,350.31,358.53,350.31,356.23,6341842.0,IBKR_TRADES,RTH,split_adjusted,traded_shares,2026-09-10T01:20:37.874819+00:00,24
2025-12-22,AAPL,272.88,273.88,270.5,270.97,20307738.0,IBKR_TRADES,RTH,split_adjusted,traded_shares,2026-09-10T01:20:37.874819+00:00,24
2025-12-22,AMD,220.0,220.17,213.31,214.95,14610591.0,IBKR_TRADES,RTH,split_adjusted,traded_shares,2026-09-10T01:20:37.874819+00:00,24
2025-12-22,NVDA,183.92,184.16,182.35,183.69,80877541.0,IBKR_TRADES,RTH,split_adjusted,traded_shares,2026-09-10T01:20:37.874819+00:00,24
2025-12-22,QQQ,621.36,621.65,617.77,619.21,33163724.000000004,IBKR_TRADES,RTH,split_adjusted,traded_shares,2026-09-10T01:20:37.874819+00:00,24
2025-12-22,SMH,362.46,362.48,357.77,359.7,3580364.0,IBKR_TRADES,RTH,split_adjusted,traded_shares,2026-09-10T01:20:37.874819+00:00,24
2025-12-23,AAPL,270.84,272.5,269.56,272.36,16122549.0,IBKR_TRADES,RTH,split_adjusted,traded_shares,2026-09-10T01:20:37.874819+00:00,24
2025-12-23,AMD,212.86,217.03,212.28,214.9,12468951.0,IBKR_TRADES,RTH,split_adjusted,traded_shares,2026-09-10T01:20:37.874819+00:00,24
2025-12-23,NVDA,182.98,189.33,182.9,189.21,118977100.0,IBKR_TRADES,RTH,split_adjusted,traded_shares,2026-09-10T01:20:37.874819+00:00,24
2025-12-23,QQQ,618.2,622.41,617.78,622.11,29800844.0,IBKR_TRADES,RTH,split_adjusted,traded_shares,2026-09-10T01:20:37.874819+00:00,24
2025-12-23,SMH,358.6,363.3,358.06,363.16,2692334.0,IBKR_TRADES,RTH,split_adjusted,traded_shares,2026-09-10T01:20:37.874819+00:00,24
2025-12-24,AAPL,272.34,275.43,272.19,273.81,10300242.0,IBKR_TRADES,RTH,split_adjusted,traded_shares,2026-09-10T01:20:37.874819+00:00,24
2025-12-24,AMD,214.99,216.54,213.97,215.04,5320905.0,IBKR_TRADES,RTH,split_adjusted,traded_shares,2026-09-10T01:20:37.874819+00:00,24
2025-12-24,NVDA,187.94,188.91,186.59,188.61,46127137.0,IBKR_TRADES,RTH,split_adjusted,traded_shares,2026-09-10T01:20:37.874819+00:00,24
2025-12-24,QQQ,622.0,624.28,621.72,623.93,13050804.0,IBKR_TRADES,RTH,split_adjusted,traded_shares,2026-09-10T01:20:37.874819+00:00,24
2025-12-24,SMH,362.7,364.54,362.15,364.17,1269464.0,IBKR_TRADES,RTH,split_adjusted,traded_shares,2026-09-10T01:20:37.874819+00:00,24
2025-12-26,AAPL,274.16,275.37,272.86,273.4,12347456.0,IBKR_TRADES,RTH,split_adjusted,traded_shares,2026-09-10T01:20:37.874819+00:00,24
2025-12-26,AMD,215.43,216.83,213.03,214.99,11025905.0,IBKR_TRADES,RTH,split_adjusted,traded_shares,2026-09-10T01:20:37.874819+00:00,24
2025-12-26,NVDA,189.92,192.69,188.0,190.53,101521811.0,IBKR_TRADES,RTH,split_adjusted,traded_shares,2026-09-10T01:20:37.874819+00:00,24
2025-12-26,QQQ,624.67,625.52,623.14,623.89,22410378.0,IBKR_TRADES,RTH,split_adjusted,traded_shares,2026-09-10T01:20:37.874819+00:00,24
2025-12-26,SMH,366.06,367.35,364.49,365.86,2285654.0,IBKR_TRADES,RTH,split_adjusted,traded_shares,2026-09-10T01:20:37.874819+00:00,24
2025-12-29,AAPL,272.7,274.36,272.35,273.76,10098230.0,IBKR_TRADES,RTH,split_adjusted,traded_shares,2026-09-10T01:20:37.874819+00:00,24
2025-12-29,AMD,211.58,216.05,209.24,215.61,13035454.0,IBKR_TRADES,RTH,split_adjusted,traded_shares,2026-09-10T01:20:37.874819+00:00,24
2025-12-29,NVDA,187.7,188.76,185.92,188.22,77974139.0,IBKR_TRADES,RTH,split_adjusted,traded_shares,2026-09-10T01:20:37.874819+00:00,24
2025-12-29,QQQ,620.13,622.78,618.73,620.87,24603590.0,IBKR_TRADES,RTH,split_adjusted,traded_shares,2026-09-10T01:20:37.874819+00:00,24
2025-12-29,SMH,362.66,365.82,360.82,364.21,3806483.0000000005,IBKR_TRADES,RTH,split_adjusted,traded_shares,2026-09-10T01:20:37.874819+00:00,24
2025-12-30,AAPL,272.81,274.08,272.28,273.08,11842308.0,IBKR_TRADES,RTH,split_adjusted,traded_shares,2026-09-10T01:20:37.874819+00:00,24
2025-12-30,AMD,215.89,216.82,214.33,215.34,11013813.0,IBKR_TRADES,RTH,split_adjusted,traded_shares,2026-09-10T01:20:37.874819+00:00,24
2025-12-30,NVDA,188.23,188.99,186.93,187.54,66200007.0,IBKR_TRADES,RTH,split_adjusted,traded_shares,2026-09-10T01:20:37.874819+00:00,24
2025-12-30,QQQ,619.84,622.18,619.21,619.43,23446216.0,IBKR_TRADES,RTH,split_adjusted,traded_shares,2026-09-10T01:20:37.874819+00:00,24
2025-12-30,SMH,365.16,366.24,363.07,363.31,2093654.9999999998,IBKR_TRADES,RTH,split_adjusted,traded_shares,2026-09-10T01:20:37.874819+00:00,24
2025-12-31,AAPL,273.06,273.68,271.75,271.86,11592379.0,IBKR_TRADES,RTH,split_adjusted,traded_shares,2026-09-10T01:20:37.874819+00:00,24
2025-12-31,AMD,215.81,217.64,213.8,214.16,11686372.0,IBKR_TRADES,RTH,split_adjusted,traded_shares,2026-09-10T01:20:37.874819+00:00,24
2025-12-31,NVDA,189.57,190.56,186.49,186.5,78821631.0,IBKR_TRADES,RTH,split_adjusted,traded_shares,2026-09-10T01:20:37.874819+00:00,24
2025-12-31,QQQ,619.65,619.96,614.05,614.31,29118649.0,IBKR_TRADES,RTH,split_adjusted,traded_shares,2026-09-10T01:20:37.874819+00:00,24
2025-12-31,SMH,364.83,365.57,360.07,360.13,2142598.0,IBKR_TRADES,RTH,split_adjusted,traded_shares,2026-09-10T01:20:37.874819+00:00,24
2026-01-02,AAPL,272.25,277.84,269.0,271.01,21545028.0,IBKR_TRADES,RTH,split_adjusted,traded_shares,2026-09-10T01:20:37.874819+00:00,24
2026-01-02,AMD,218.96,227.15,218.89,223.47,22866207.0,IBKR_TRADES,RTH,split_adjusted,traded_shares,2026-09-10T01:20:37.874819+00:00,24
2026-01-02,NVDA,189.84,192.93,188.26,188.85,102860965.0,IBKR_TRADES,RTH,split_adjusted,traded_shares,2026-09-10T01:20:37.874819+00:00,24
2026-01-02,QQQ,620.09,622.85,610.15,613.12,48623518.0,IBKR_TRADES,RTH,split_adjusted,traded_shares,2026-09-10T01:20:37.874819+00:00,24
2026-01-02,SMH,368.95,376.34,368.83,373.3,7252543.0,IBKR_TRADES,RTH,split_adjusted,traded_shares,2026-09-10T01:20:37.874819+00:00,24
2026-01-05,AAPL,270.72,271.51,266.14,267.26,23358039.0,IBKR_TRADES,RTH,split_adjusted,traded_shares,2026-09-10T01:20:37.874819+00:00,24
2026-01-05,AMD,230.39,234.02,220.48,221.08,19628925.0,IBKR_TRADES,RTH,split_adjusted,traded_shares,2026-09-10T01:20:37.874819+00:00,24
2026-01-05,NVDA,191.82,193.63,186.15,188.12,124959337.0,IBKR_TRADES,RTH,split_adjusted,traded_shares,2026-09-10T01:20:37.874819+00:00,24
2026-01-05,QQQ,619.3,620.81,616.72,617.99,35677639.0,IBKR_TRADES,RTH,split_adjusted,traded_shares,2026-09-10T01:20:37.874819+00:00,24
2026-01-05,SMH,381.68,383.99,376.94,377.59,7267137.0,IBKR_TRADES,RTH,split_adjusted,traded_shares,2026-09-10T01:20:37.874819+00:00,24
2026-01-06,AAPL,267.0,267.54,262.12,262.36,27778809.0,IBKR_TRADES,RTH,split_adjusted,traded_shares,2026-09-10T01:20:37.874819+00:00,24
2026-01-06,AMD,222.71,222.92,211.25,214.35,27652032.0,IBKR_TRADES,RTH,split_adjusted,traded_shares,2026-09-10T01:20:37.874819+00:00,24
2026-01-06,NVDA,190.51,192.18,186.82,187.24,119676535.0,IBKR_TRADES,RTH,split_adjusted,traded_shares,2026-09-10T01:20:37.874819+00:00,24
2026-01-06,QQQ,619.23,624.03,618.54,623.42,33513392.0,IBKR_TRADES,RTH,split_adjusted,traded_shares,2026-09-10T01:20:37.874819+00:00,24
2026-01-06,SMH,382.32,389.37,382.14,387.62,7699486.000000001,IBKR_TRADES,RTH,split_adjusted,traded_shares,2026-09-10T01:20:37.874819+00:00,24
2026-01-07,AAPL,263.2,263.68,259.81,260.33,25861770.0,IBKR_TRADES,RTH,split_adjusted,traded_shares,2026-09-10T01:20:37.874819+00:00,24
2026-01-07,AMD,212.13,212.13,207.17,210.02,19305003.0,IBKR_TRADES,RTH,split_adjusted,traded_shares,2026-09-10T01:20:37.874819+00:00,24
2026-01-07,NVDA,188.57,191.37,186.56,189.11,99548000.0,IBKR_TRADES,RTH,split_adjusted,traded_shares,2026-09-10T01:20:37.874819+00:00,24
2026-01-07,QQQ,623.04,627.94,622.56,624.02,35471131.0,IBKR_TRADES,RTH,split_adjusted,traded_shares,2026-09-10T01:20:37.874819+00:00,24
2026-01-07,SMH,385.2,387.81,383.59,385.02,4574388.0,IBKR_TRADES,RTH,split_adjusted,traded_shares,2026-09-10T01:20:37.874819+00:00,24
2026-01-08,AAPL,257.06,259.29,255.7,259.04,29663776.0,IBKR_TRADES,RTH,split_adjusted,traded_shares,2026-09-10T01:20:37.874819+00:00,24
2026-01-08,AMD,210.9,210.94,203.33,204.68,17427811.0,IBKR_TRADES,RTH,split_adjusted,traded_shares,2026-09-10T01:20:37.874819+00:00,24
2026-01-08,NVDA,189.12,189.55,183.71,185.04,113525200.0,IBKR_TRADES,RTH,split_adjusted,traded_shares,2026-09-10T01:20:37.874819+00:00,24
2026-01-08,QQQ,623.03,623.42,617.8,620.47,38775888.0,IBKR_TRADES,RTH,split_adjusted,traded_shares,2026-09-10T01:20:37.874819+00:00,24
2026-01-08,SMH,384.56,384.74,375.86,378.98,4467601.0,IBKR_TRADES,RTH,split_adjusted,traded_shares,2026-09-10T01:20:37.874819+00:00,24
2026-01-09,AAPL,259.07,260.21,256.22,259.37,22576594.0,IBKR_TRADES,RTH,split_adjusted,traded_shares,2026-09-10T01:20:37.874819+00:00,24
2026-01-09,AMD,205.7,207.3,203.07,203.17,14961211.0,IBKR_TRADES,RTH,split_adjusted,traded_shares,2026-09-10T01:20:37.874819+00:00,24
2026-01-09,NVDA,185.04,186.34,183.67,184.86,88095520.0,IBKR_TRADES,RTH,split_adjusted,traded_shares,2026-09-10T01:20:37.874819+00:00,24
2026-01-09,QQQ,621.41,627.89,619.06,626.65,37474231.0,IBKR_TRADES,RTH,split_adjusted,traded_shares,2026-09-10T01:20:37.874819+00:00,24
2026-01-09,SMH,382.28,390.88,380.08,389.22,5104951.0,IBKR_TRADES,RTH,split_adjusted,traded_shares,2026-09-10T01:20:37.874819+00:00,24
2026-01-12,AAPL,259.24,261.3,256.8,260.25,23247409.0,IBKR_TRADES,RTH,split_adjusted,traded_shares,2026-09-10T01:20:37.874819+00:00,24
2026-01-12,AMD,201.19,209.88,199.83,207.69,17448719.0,IBKR_TRADES,RTH,split_adjusted,traded_shares,2026-09-10T01:20:37.874819+00:00,24
2026-01-12,NVDA,183.12,187.12,183.1,184.94,85766017.0,IBKR_TRADES,RTH,split_adjusted,traded_shares,2026-09-10T01:20:37.874819+00:00,24
2026-01-12,QQQ,622.31,628.85,622.26,627.17,28423459.0,IBKR_TRADES,RTH,split_adjusted,traded_shares,2026-09-10T01:20:37.874819+00:00,24
2026-01-12,SMH,385.82,391.98,385.66,390.66,3642393.0,IBKR_TRADES,RTH,split_adjusted,traded_shares,2026-09-10T01:20:37.874819+00:00,24
2026-01-13,AAPL,258.72,261.81,258.39,261.05,20169911.0,IBKR_TRADES,RTH,split_adjusted,traded_shares,2026-09-10T01:20:37.874819+00:00,24
2026-01-13,AMD,215.11,223.11,214.97,220.97,37016646.0,IBKR_TRADES,RTH,split_adjusted,traded_shares,2026-09-10T01:20:37.874819+00:00,24
2026-01-13,NVDA,185.01,188.11,183.4,185.81,109048359.0,IBKR_TRADES,RTH,split_adjusted,traded_shares,2026-09-10T01:20:37.874819+00:00,24
2026-01-13,QQQ,627.27,629.47,623.69,626.24,33637757.0,IBKR_TRADES,RTH,split_adjusted,traded_shares,2026-09-10T01:20:37.874819+00:00,24
2026-01-13,SMH,392.35,396.1,390.38,391.53,4010222.0,IBKR_TRADES,RTH,split_adjusted,traded_shares,2026-09-10T01:20:37.874819+00:00,24
2026-01-14,AAPL,259.49,261.82,256.71,259.96,19717808.0,IBKR_TRADES,RTH,split_adjusted,traded_shares,2026-09-10T01:20:37.874819+00:00,24
2026-01-14,AMD,217.55,224.09,215.11,223.6,28034788.0,IBKR_TRADES,RTH,split_adjusted,traded_shares,2026-09-10T01:20:37.874819+00:00,24
2026-01-14,NVDA,184.33,184.46,180.8,183.14,104608026.0,IBKR_TRADES,RTH,split_adjusted,traded_shares,2026-09-10T01:20:37.874819+00:00,24
2026-01-14,QQQ,622.24,623.45,614.56,619.55,57418956.0,IBKR_TRADES,RTH,split_adjusted,traded_shares,2026-09-10T01:20:37.874819+00:00,24
2026-01-14,SMH,388.96,389.35,383.81,388.35,5068029.0,IBKR_TRADES,RTH,split_adjusted,traded_shares,2026-09-10T01:20:37.874819+00:00,24
2026-01-15,AAPL,260.72,261.04,257.05,258.21,20139542.0,IBKR_TRADES,RTH,split_adjusted,traded_shares,2026-09-10T01:20:37.874819+00:00,24
2026-01-15,AMD,227.89,238.35,227.22,227.92,38597998.0,IBKR_TRADES,RTH,split_adjusted,traded_shares,2026-09-10T01:20:37.874819+00:00,24
2026-01-15,NVDA,186.51,189.7,186.33,187.05,133205257.00000001,IBKR_TRADES,RTH,split_adjusted,traded_shares,2026-09-10T01:20:37.874819+00:00,24
2026-01-15,QQQ,626.61,630.0,620.75,621.78,39494561.0,IBKR_TRADES,RTH,split_adjusted,traded_shares,2026-09-10T01:20:37.874819+00:00,24
2026-01-15,SMH,401.07,403.62,396.12,396.41,7750949.0,IBKR_TRADES,RTH,split_adjusted,traded_shares,2026-09-10T01:20:37.874819+00:00,24
2026-01-16,AAPL,258.05,258.9,255.0,255.53,28013707.0,IBKR_TRADES,RTH,split_adjusted,traded_shares,2026-09-10T01:20:37.874819+00:00,24
2026-01-16,AMD,234.3,234.49,228.86,231.83,25110450.0,IBKR_TRADES,RTH,split_adjusted,traded_shares,2026-09-10T01:20:37.874819+00:00,24
2026-01-16,NVDA,189.05,190.44,186.08,186.23,104387305.0,IBKR_TRADES,RTH,split_adjusted,traded_shares,2026-09-10T01:20:37.874819+00:00,24
2026-01-16,QQQ,625.51,626.08,618.88,621.26,43951527.0,IBKR_TRADES,RTH,split_adjusted,traded_shares,2026-09-10T01:20:37.874819+00:00,24
2026-01-16,SMH,403.0,405.31,398.42,400.39,3979919.0000000005,IBKR_TRADES,RTH,split_adjusted,traded_shares,2026-09-10T01:20:37.874819+00:00,24
2026-01-20,AAPL,252.73,254.79,243.42,246.7,37455825.0,IBKR_TRADES,RTH,split_adjusted,traded_shares,2026-09-10T01:20:37.874819+00:00,24
2026-01-20,AMD,226.02,239.5,225.41,231.92,30255843.999999996,IBKR_TRADES,RTH,split_adjusted,traded_shares,2026-09-10T01:20:37.874819+00:00,24
2026-01-20,NVDA,181.91,182.38,177.68,178.07,140917398.0,IBKR_TRADES,RTH,split_adjusted,traded_shares,2026-09-10T01:20:37.874819+00:00,24
2026-01-20,QQQ,610.51,615.06,607.05,608.06,62877884.0,IBKR_TRADES,RTH,split_adjusted,traded_shares,2026-09-10T01:20:37.874819+00:00,24
2026-01-20,SMH,393.16,397.16,389.43,390.39,5253749.0,IBKR_TRADES,RTH,split_adjusted,traded_shares,2026-09-10T01:20:37.874819+00:00,24
2026-01-21,AAPL,248.7,251.56,245.18,247.65,31968731.0,IBKR_TRADES,RTH,split_adjusted,traded_shares,2026-09-10T01:20:37.874819+00:00,24
2026-01-21,AMD,235.91,252.9,235.78,249.8,45091364.0,IBKR_TRADES,RTH,split_adjusted,traded_shares,2026-09-10T01:20:37.874819+00:00,24
2026-01-21,NVDA,179.05,185.38,178.42,183.32,136599229.0,IBKR_TRADES,RTH,split_adjusted,traded_shares,2026-09-10T01:20:37.874819+00:00,24
2026-01-21,QQQ,609.47,620.42,607.86,616.28,63448227.99999999,IBKR_TRADES,RTH,split_adjusted,traded_shares,2026-09-10T01:20:37.874819+00:00,24
2026-01-21,SMH,394.75,405.88,393.37,401.93,6872572.0,IBKR_TRADES,RTH,split_adjusted,traded_shares,2026-09-10T01:20:37.874819+00:00,24
2026-01-22,AAPL,249.2,251.0,248.15,248.35,22345506.0,IBKR_TRADES,RTH,split_adjusted,traded_shares,2026-09-10T01:20:37.874819+00:00,24
2026-01-22,AMD,251.61,256.08,246.63,253.73,24082977.0,IBKR_TRADES,RTH,split_adjusted,traded_shares,2026-09-10T01:20:37.874819+00:00,24
2026-01-22,NVDA,184.71,186.17,183.93,184.84,96192951.0,IBKR_TRADES,RTH,split_adjusted,traded_shares,2026-09-10T01:20:37.874819+00:00,24
2026-01-22,QQQ,622.4,622.46,617.78,620.76,32432862.0,IBKR_TRADES,RTH,split_adjusted,traded_shares,2026-09-10T01:20:37.874819+00:00,24
2026-01-22,SMH,408.18,408.73,401.57,402.82,4211496.0,IBKR_TRADES,RTH,split_adjusted,traded_shares,2026-09-10T01:20:37.874819+00:00,24
2026-01-23,AAPL,247.36,249.41,244.68,248.04,22445439.0,IBKR_TRADES,RTH,split_adjusted,traded_shares,2026-09-10T01:20:37.874819+00:00,24
2026-01-23,AMD,261.11,266.96,256.25,259.68,33224707.0,IBKR_TRADES,RTH,split_adjusted,traded_shares,2026-09-10T01:20:37.874819+00:00,24
2026-01-23,NVDA,187.51,189.6,186.82,187.67,95092964.0,IBKR_TRADES,RTH,split_adjusted,traded_shares,2026-09-10T01:20:37.874819+00:00,24
2026-01-23,QQQ,619.71,625.4,618.65,622.72,35229994.0,IBKR_TRADES,RTH,split_adjusted,traded_shares,2026-09-10T01:20:37.874819+00:00,24
2026-01-23,SMH,400.5,403.09,397.53,400.09,4421811.0,IBKR_TRADES,RTH,split_adjusted,traded_shares,2026-09-10T01:20:37.874819+00:00,24
2026-01-26,AAPL,251.5,256.56,249.8,255.41,28930104.0,IBKR_TRADES,RTH,split_adjusted,traded_shares,2026-09-10T01:20:37.874819+00:00,24
2026-01-26,AMD,256.57,258.29,250.3,251.31,20565483.0,IBKR_TRADES,RTH,split_adjusted,traded_shares,2026-09-10T01:20:37.874819+00:00,24
2026-01-26,NVDA,187.17,189.12,186.0,186.47,81591410.0,IBKR_TRADES,RTH,split_adjusted,traded_shares,2026-09-10T01:20:37.874819+00:00,24
2026-01-26,QQQ,623.21,627.61,622.12,625.46,26796934.0,IBKR_TRADES,RTH,split_adjusted,traded_shares,2026-09-10T01:20:37.874819+00:00,24
2026-01-26,SMH,398.4,400.74,396.22,398.82,3380103.0,IBKR_TRADES,RTH,split_adjusted,traded_shares,2026-09-10T01:20:37.874819+00:00,24
2026-01-27,AAPL,259.14,261.95,258.21,258.27,26251224.0,IBKR_TRADES,RTH,split_adjusted,traded_shares,2026-09-10T01:20:37.874819+00:00,24
2026-01-27,AMD,252.16,255.55,247.96,252.03,17316822.0,IBKR_TRADES,RTH,split_adjusted,traded_shares,2026-09-10T01:20:37.874819+00:00,24
2026-01-27,NVDA,187.24,190.0,185.7,188.52,100332829.0,IBKR_TRADES,RTH,split_adjusted,traded_shares,2026-09-10T01:20:37.874819+00:00,24
2026-01-27,QQQ,628.91,632.05,627.34,631.13,28683440.0,IBKR_TRADES,RTH,split_adjusted,traded_shares,2026-09-10T01:20:37.874819+00:00,24
2026-01-27,SMH,403.9,409.39,402.2,407.25,4497155.0,IBKR_TRADES,RTH,split_adjusted,traded_shares,2026-09-10T01:20:37.874819+00:00,24
2026-01-28,AAPL,257.53,258.86,254.51,256.44,19286782.0,IBKR_TRADES,RTH,split_adjusted,traded_shares,2026-09-10T01:20:37.874819+00:00,24
2026-01-28,AMD,254.24,257.4,250.21,252.74,18592071.0,IBKR_TRADES,RTH,split_adjusted,traded_shares,2026-09-10T01:20:37.874819+00:00,24
2026-01-28,NVDA,191.28,192.35,189.84,191.52,104982911.0,IBKR_TRADES,RTH,split_adjusted,traded_shares,2026-09-10T01:20:37.874819+00:00,24
2026-01-28,QQQ,635.46,636.6,631.81,633.22,36635388.0,IBKR_TRADES,RTH,split_adjusted,traded_shares,2026-09-10T01:20:37.874819+00:00,24
2026-01-28,SMH,415.34,418.49,413.13,416.63,5386393.0,IBKR_TRADES,RTH,split_adjusted,traded_shares,2026-09-10T01:20:37.874819+00:00,24
2026-01-29,AAPL,258.0,259.65,254.41,258.28,30444882.0,IBKR_TRADES,RTH,split_adjusted,traded_shares,2026-09-10T01:20:37.874819+00:00,24
2026-01-29,AMD,254.66,260.53,240.91,252.18,21787413.0,IBKR_TRADES,RTH,split_adjusted,traded_shares,2026-09-10T01:20:37.874819+00:00,24
2026-01-29,NVDA,191.34,193.48,186.06,192.51,117911085.0,IBKR_TRADES,RTH,split_adjusted,traded_shares,2026-09-10T01:20:37.874819+00:00,24
2026-01-29,QQQ,632.67,633.67,618.27,629.43,58409673.0,IBKR_TRADES,RTH,split_adjusted,traded_shares,2026-09-10T01:20:37.874819+00:00,24
2026-01-29,SMH,417.44,420.6,403.17,417.52,7110485.0,IBKR_TRADES,RTH,split_adjusted,traded_shares,2026-09-10T01:20:37.874819+00:00,24
2026-01-30,AAPL,255.17,261.9,252.18,259.48,47110619.0,IBKR_TRADES,RTH,split_adjusted,traded_shares,2026-09-10T01:20:37.874819+00:00,24
2026-01-30,AMD,236.94,245.24,234.55,236.73,24527932.0,IBKR_TRADES,RTH,split_adjusted,traded_shares,2026-09-10T01:20:37.874819+00:00,24
2026-01-30,NVDA,191.21,194.49,189.47,191.13,105829834.0,IBKR_TRADES,RTH,split_adjusted,traded_shares,2026-09-10T01:20:37.874819+00:00,24
2026-01-30,QQQ,625.7,628.26,619.29,621.87,50686529.0,IBKR_TRADES,RTH,split_adjusted,traded_shares,2026-09-10T01:20:37.874819+00:00,24
2026-01-30,SMH,411.56,416.64,400.57,403.46,6981167.0,IBKR_TRADES,RTH,split_adjusted,traded_shares,2026-09-10T01:20:37.874819+00:00,24
2026-02-02,AAPL,260.02,270.49,259.2,270.01,39664024.0,IBKR_TRADES,RTH,split_adjusted,traded_shares,2026-09-10T01:20:37.874819+00:00,24
2026-02-02,AMD,235.77,249.97,235.0,246.27,23995333.0,IBKR_TRADES,RTH,split_adjusted,traded_shares,2026-09-10T01:20:37.874819+00:00,24
2026-02-02,NVDA,187.21,190.3,184.88,185.61,104317572.0,IBKR_TRADES,RTH,split_adjusted,traded_shares,2026-09-10T01:20:37.874819+00:00,24
2026-02-02,QQQ,618.69,628.49,618.66,626.14,37434647.0,IBKR_TRADES,RTH,split_adjusted,traded_shares,2026-09-10T01:20:37.874819+00:00,24
2026-02-02,SMH,398.85,412.04,398.43,407.97,4092926.0,IBKR_TRADES,RTH,split_adjusted,traded_shares,2026-09-10T01:20:37.874819+00:00,24
2026-02-03,AAPL,269.2,271.88,267.61,269.48,33472513.0,IBKR_TRADES,RTH,split_adjusted,traded_shares,2026-09-10T01:20:37.874819+00:00,24
2026-02-03,AMD,251.55,252.65,237.03,242.11,27177292.0,IBKR_TRADES,RTH,split_adjusted,traded_shares,2026-09-10T01:20:37.874819+00:00,24
2026-02-03,NVDA,186.23,186.27,176.23,180.34,131724465.00000001,IBKR_TRADES,RTH,split_adjusted,traded_shares,2026-09-10T01:20:37.874819+00:00,24
2026-02-03,QQQ,628.25,629.98,610.96,616.52,63940843.0,IBKR_TRADES,RTH,split_adjusted,traded_shares,2026-09-10T01:20:37.874819+00:00,24
2026-02-03,SMH,411.03,412.58,390.52,397.68,9028600.0,IBKR_TRADES,RTH,split_adjusted,traded_shares,2026-09-10T01:20:37.874819+00:00,24
2026-02-04,AAPL,272.29,278.95,272.28,276.49,48895823.0,IBKR_TRADES,RTH,split_adjusted,traded_shares,2026-09-10T01:20:37.874819+00:00,24
2026-02-04,AMD,214.86,218.58,199.15,200.19,69662547.0,IBKR_TRADES,RTH,split_adjusted,traded_shares,2026-09-10T01:20:37.874819+00:00,24
2026-02-04,NVDA,179.46,179.58,171.91,174.19,127689626.0,IBKR_TRADES,RTH,split_adjusted,traded_shares,2026-09-10T01:20:37.874819+00:00,24
2026-02-04,QQQ,615.05,615.1,600.47,605.75,63275391.0,IBKR_TRADES,RTH,split_adjusted,traded_shares,2026-09-10T01:20:37.874819+00:00,24
2026-02-04,SMH,394.67,396.72,374.24,382.02,13011654.0,IBKR_TRADES,RTH,split_adjusted,traded_shares,2026-09-10T01:20:37.874819+00:00,24
2026-02-05,AAPL,278.13,279.5,273.23,275.91,28324221.0,IBKR_TRADES,RTH,split_adjusted,traded_shares,2026-09-10T01:20:37.874819+00:00,24
2026-02-05,AMD,201.98,204.04,190.72,192.5,41968458.0,IBKR_TRADES,RTH,split_adjusted,traded_shares,2026-09-10T01:20:37.874819+00:00,24
2026-02-05,NVDA,174.99,176.82,171.03,171.88,115548285.0,IBKR_TRADES,RTH,split_adjusted,traded_shares,2026-09-10T01:20:37.874819+00:00,24
2026-02-05,QQQ,600.21,604.81,594.91,597.03,64578997.0,IBKR_TRADES,RTH,split_adjusted,traded_shares,2026-09-10T01:20:37.874819+00:00,24
2026-02-05,SMH,379.14,388.08,375.56,381.07,9157919.0,IBKR_TRADES,RTH,split_adjusted,traded_shares,2026-09-10T01:20:37.874819+00:00,24
2026-02-06,AAPL,277.18,280.91,276.92,278.12,28792933.0,IBKR_TRADES,RTH,split_adjusted,traded_shares,2026-09-10T01:20:37.874819+00:00,24
2026-02-06,AMD,197.13,209.27,196.43,208.44,35605529.0,IBKR_TRADES,RTH,split_adjusted,traded_shares,2026-09-10T01:20:37.874819+00:00,24
2026-02-06,NVDA,176.7,187.0,174.6,185.41,152142993.0,IBKR_TRADES,RTH,split_adjusted,traded_shares,2026-09-10T01:20:37.874819+00:00,24
2026-02-06,QQQ,600.23,611.41,598.77,609.65,57608287.0,IBKR_TRADES,RTH,split_adjusted,traded_shares,2026-09-10T01:20:37.874819+00:00,24
2026-02-06,SMH,389.2,403.08,387.19,401.65,10321644.0,IBKR_TRADES,RTH,split_adjusted,traded_shares,2026-09-10T01:20:37.874819+00:00,24
2026-02-09,AAPL,277.87,278.2,271.7,274.62,22652748.0,IBKR_TRADES,RTH,split_adjusted,traded_shares,2026-09-10T01:20:37.874819+00:00,24
2026-02-09,AMD,206.8,217.6,204.15,216.0,26372814.0,IBKR_TRADES,RTH,split_adjusted,traded_shares,2026-09-10T01:20:37.874819+00:00,24
2026-02-09,NVDA,184.26,193.66,183.93,190.04,126059982.0,IBKR_TRADES,RTH,split_adjusted,traded_shares,2026-09-10T01:20:37.874819+00:00,24
2026-02-09,QQQ,607.54,616.46,605.07,614.32,43865438.0,IBKR_TRADES,RTH,split_adjusted,traded_shares,2026-09-10T01:20:37.874819+00:00,24
2026-02-09,SMH,398.91,409.69,397.0,406.65,4467886.0,IBKR_TRADES,RTH,split_adjusted,traded_shares,2026-09-10T01:20:37.874819+00:00,24
2026-02-10,AAPL,274.88,275.37,272.94,273.68,14559046.0,IBKR_TRADES,RTH,split_adjusted,traded_shares,2026-09-10T01:20:37.874819+00:00,24
2026-02-10,AMD,215.14,219.39,213.13,213.57,16449446.0,IBKR_TRADES,RTH,split_adjusted,traded_shares,2026-09-10T01:20:37.874819+00:00,24
2026-02-10,NVDA,191.4,192.48,188.12,188.54,86953720.0,IBKR_TRADES,RTH,split_adjusted,traded_shares,2026-09-10T01:20:37.874819+00:00,24
2026-02-10,QQQ,615.3,617.02,611.01,611.47,43710070.0,IBKR_TRADES,RTH,split_adjusted,traded_shares,2026-09-10T01:20:37.874819+00:00,24
2026-02-10,SMH,408.18,408.8,401.83,404.76,3860468.0,IBKR_TRADES,RTH,split_adjusted,traded_shares,2026-09-10T01:20:37.874819+00:00,24
2026-02-11,AAPL,274.68,280.18,274.45,275.5,27057565.0,IBKR_TRADES,RTH,split_adjusted,traded_shares,2026-09-10T01:20:37.874819+00:00,24
2026-02-11,AMD,217.62,219.65,209.21,213.58,22664698.0,IBKR_TRADES,RTH,split_adjusted,traded_shares,2026-09-10T01:20:37.874819+00:00,24
2026-02-11,NVDA,192.43,193.26,188.77,190.05,95577609.0,IBKR_TRADES,RTH,split_adjusted,traded_shares,2026-09-10T01:20:37.874819+00:00,24
2026-02-11,QQQ,616.39,617.52,607.69,613.11,45922087.0,IBKR_TRADES,RTH,split_adjusted,traded_shares,2026-09-10T01:20:37.874819+00:00,24
2026-02-11,SMH,413.84,418.08,406.36,414.78,4824738.0,IBKR_TRADES,RTH,split_adjusted,traded_shares,2026-09-10T01:20:37.874819+00:00,24
2026-02-12,AAPL,275.59,275.72,260.18,261.73,40669107.0,IBKR_TRADES,RTH,split_adjusted,traded_shares,2026-09-10T01:20:37.874819+00:00,24
2026-02-12,AMD,215.83,218.46,205.14,205.94,20203875.0,IBKR_TRADES,RTH,split_adjusted,traded_shares,2026-09-10T01:20:37.874819+00:00,24
2026-02-12,NVDA,193.03,193.61,186.51,186.94,121473849.0,IBKR_TRADES,RTH,split_adjusted,traded_shares,2026-09-10T01:20:37.874819+00:00,24
2026-02-12,QQQ,614.71,615.81,599.56,600.64,66158577.99999999,IBKR_TRADES,RTH,split_adjusted,traded_shares,2026-09-10T01:20:37.874819+00:00,24
2026-02-12,SMH,418.33,420.04,405.28,406.11,5756864.0,IBKR_TRADES,RTH,split_adjusted,traded_shares,2026-09-10T01:20:37.874819+00:00,24
2026-02-13,AAPL,261.95,262.23,255.45,255.78,28183236.0,IBKR_TRADES,RTH,split_adjusted,traded_shares,2026-09-10T01:20:37.874819+00:00,24
2026-02-13,AMD,204.07,210.05,203.88,207.32,16328618.999999998,IBKR_TRADES,RTH,split_adjusted,traded_shares,2026-09-10T01:20:37.874819+00:00,24
2026-02-13,NVDA,187.5,187.51,181.59,182.81,105382320.0,IBKR_TRADES,RTH,split_adjusted,traded_shares,2026-09-10T01:20:37.874819+00:00,24
2026-02-13,QQQ,600.42,606.48,596.42,601.92,52069290.0,IBKR_TRADES,RTH,split_adjusted,traded_shares,2026-09-10T01:20:37.874819+00:00,24
2026-02-13,SMH,408.15,412.07,402.49,407.72,5076604.0,IBKR_TRADES,RTH,split_adjusted,traded_shares,2026-09-10T01:20:37.874819+00:00,24
2026-02-17,AAPL,257.9,266.29,255.54,263.88,28886840.0,IBKR_TRADES,RTH,split_adjusted,traded_shares,2026-09-10T01:20:37.874819+00:00,24
2026-02-17,AMD,202.15,205.3,194.9,203.08,21321532.0,IBKR_TRADES,RTH,split_adjusted,traded_shares,2026-09-10T01:20:37.874819+00:00,24
2026-02-17,NVDA,181.77,187.15,179.18,184.97,108347131.0,IBKR_TRADES,RTH,split_adjusted,traded_shares,2026-09-10T01:20:37.874819+00:00,24
2026-02-17,QQQ,598.4,603.95,593.34,601.3,54669423.0,IBKR_TRADES,RTH,split_adjusted,traded_shares,2026-09-10T01:20:37.874819+00:00,24
2026-02-17,SMH,402.71,410.87,397.77,407.51,5670617.0,IBKR_TRADES,RTH,split_adjusted,traded_shares,2026-09-10T01:20:37.874819+00:00,24
2026-02-18,AAPL,263.53,266.82,262.45,264.35,17166924.0,IBKR_TRADES,RTH,split_adjusted,traded_shares,2026-09-10T01:20:37.874819+00:00,24
2026-02-18,AMD,198.41,203.2,195.0,200.12,25499639.0,IBKR_TRADES,RTH,split_adjusted,traded_shares,2026-09-10T01:20:37.874819+00:00,24
2026-02-18,NVDA,188.74,190.37,186.76,187.98,110943535.0,IBKR_TRADES,RTH,split_adjusted,traded_shares,2026-09-10T01:20:37.874819+00:00,24
2026-02-18,QQQ,602.12,609.78,600.72,605.79,51908493.0,IBKR_TRADES,RTH,split_adjusted,traded_shares,2026-09-10T01:20:37.874819+00:00,24
2026-02-18,SMH,411.44,417.04,408.71,412.55,4374474.0,IBKR_TRADES,RTH,split_adjusted,traded_shares,2026-09-10T01:20:37.874819+00:00,24
2026-02-19,AAPL,262.51,264.48,260.05,260.58,14766272.0,IBKR_TRADES,RTH,split_adjusted,traded_shares,2026-09-10T01:20:37.874819+00:00,24
2026-02-19,AMD,200.12,204.1,198.29,203.37,17280227.0,IBKR_TRADES,RTH,split_adjusted,traded_shares,2026-09-10T01:20:37.874819+00:00,24
2026-02-19,NVDA,187.07,188.43,185.66,187.9,83949845.0,IBKR_TRADES,RTH,split_adjusted,traded_shares,2026-09-10T01:20:37.874819+00:00,24
2026-02-19,QQQ,602.81,605.82,600.75,603.47,44293589.0,IBKR_TRADES,RTH,split_adjusted,traded_shares,2026-09-10T01:20:37.874819+00:00,24
2026-02-19,SMH,408.71,411.0,405.56,410.2,3138864.0,IBKR_TRADES,RTH,split_adjusted,traded_shares,2026-09-10T01:20:37.874819+00:00,24
2026-02-20,AAPL,258.97,264.75,258.16,264.58,20704836.0,IBKR_TRADES,RTH,split_adjusted,traded_shares,2026-09-10T01:20:37.874819+00:00,24
2026-02-20,AMD,200.12,204.87,198.56,200.15,22125405.0,IBKR_TRADES,RTH,split_adjusted,traded_shares,2026-09-10T01:20:37.874819+00:00,24
2026-02-20,NVDA,186.57,190.33,185.93,189.82,119021765.0,IBKR_TRADES,RTH,split_adjusted,traded_shares,2026-09-10T01:20:37.874819+00:00,24
2026-02-20,QQQ,600.12,610.35,599.23,608.81,57545732.0,IBKR_TRADES,RTH,split_adjusted,traded_shares,2026-09-10T01:20:37.874819+00:00,24
2026-02-20,SMH,407.66,416.83,407.18,415.03,4549895.0,IBKR_TRADES,RTH,split_adjusted,traded_shares,2026-09-10T01:20:37.874819+00:00,24
2026-02-23,AAPL,263.49,269.43,263.38,266.18,20278380.0,IBKR_TRADES,RTH,split_adjusted,traded_shares,2026-09-10T01:20:37.874819+00:00,24
2026-02-23,AMD,198.09,199.38,194.15,196.6,19435543.0,IBKR_TRADES,RTH,split_adjusted,traded_shares,2026-09-10T01:20:37.874819+00:00,24
2026-02-23,NVDA,191.45,193.95,189.57,191.55,114449913.0,IBKR_TRADES,RTH,split_adjusted,traded_shares,2026-09-10T01:20:37.874819+00:00,24
2026-02-23,QQQ,606.63,608.01,599.05,601.41,51033069.0,IBKR_TRADES,RTH,split_adjusted,traded_shares,2026-09-10T01:20:37.874819+00:00,24
2026-02-23,SMH,413.57,417.7,409.27,412.88,4057217.0000000005,IBKR_TRADES,RTH,split_adjusted,traded_shares,2026-09-10T01:20:37.874819+00:00,24
2026-02-24,AAPL,267.99,274.89,267.71,272.14,23327362.0,IBKR_TRADES,RTH,split_adjusted,traded_shares,2026-09-10T01:20:37.874819+00:00,24
2026-02-24,AMD,211.55,216.71,206.5,213.84,52633599.0,IBKR_TRADES,RTH,split_adjusted,traded_shares,2026-09-10T01:20:37.874819+00:00,24
2026-02-24,NVDA,191.47,193.77,187.4,192.85,110782020.0,IBKR_TRADES,RTH,split_adjusted,traded_shares,2026-09-10T01:20:37.874819+00:00,24
2026-02-24,QQQ,602.33,608.99,599.73,607.87,44134932.0,IBKR_TRADES,RTH,split_adjusted,traded_shares,2026-09-10T01:20:37.874819+00:00,24
2026-02-24,SMH,417.22,421.67,411.67,419.16,5687812.0,IBKR_TRADES,RTH,split_adjusted,traded_shares,2026-09-10T01:20:37.874819+00:00,24
2026-02-25,AAPL,271.73,274.94,271.05,274.23,15560863.999999998,IBKR_TRADES,RTH,split_adjusted,traded_shares,2026-09-10T01:20:37.874819+00:00,24
2026-02-25,AMD,214.81,216.7,210.33,210.86,29799372.0,IBKR_TRADES,RTH,split_adjusted,traded_shares,2026-09-10T01:20:37.874819+00:00,24
2026-02-25,NVDA,194.47,197.63,193.79,195.56,134867714.0,IBKR_TRADES,RTH,split_adjusted,traded_shares,2026-09-10T01:20:37.874819+00:00,24
2026-02-25,QQQ,611.11,616.83,611.0,616.68,40861535.0,IBKR_TRADES,RTH,split_adjusted,traded_shares,2026-09-10T01:20:37.874819+00:00,24
2026-02-25,SMH,424.35,427.94,423.68,426.16,5288446.0,IBKR_TRADES,RTH,split_adjusted,traded_shares,2026-09-10T01:20:37.874819+00:00,24
2026-02-26,AAPL,274.88,276.11,270.79,272.95,15230594.0,IBKR_TRADES,RTH,split_adjusted,traded_shares,2026-09-10T01:20:37.874819+00:00,24
2026-02-26,AMD,208.8,209.79,201.46,203.68,22062013.0,IBKR_TRADES,RTH,split_adjusted,traded_shares,2026-09-10T01:20:37.874819+00:00,24
2026-02-26,NVDA,194.27,194.29,184.31,184.89,243143136.99999997,IBKR_TRADES,RTH,split_adjusted,traded_shares,2026-09-10T01:20:37.874819+00:00,24
2026-02-26,QQQ,615.56,615.59,603.98,609.24,74331683.0,IBKR_TRADES,RTH,split_adjusted,traded_shares,2026-09-10T01:20:37.874819+00:00,24
2026-02-26,SMH,423.72,423.72,405.56,412.01,11332839.0,IBKR_TRADES,RTH,split_adjusted,traded_shares,2026-09-10T01:20:37.874819+00:00,24
2026-02-27,AAPL,272.77,272.81,262.89,264.18,26248240.0,IBKR_TRADES,RTH,split_adjusted,traded_shares,2026-09-10T01:20:37.874819+00:00,24
2026-02-27,AMD,200.11,201.89,197.74,200.21,17711729.0,IBKR_TRADES,RTH,split_adjusted,traded_shares,2026-09-10T01:20:37.874819+00:00,24
2026-02-27,NVDA,181.25,182.59,176.38,177.19,181575780.0,IBKR_TRADES,RTH,split_adjusted,traded_shares,2026-09-10T01:20:37.874819+00:00,24
2026-02-27,QQQ,602.98,608.32,602.19,607.29,53966874.0,IBKR_TRADES,RTH,split_adjusted,traded_shares,2026-09-10T01:20:37.874819+00:00,24
2026-02-27,SMH,403.25,409.24,401.88,406.37,6743305.0,IBKR_TRADES,RTH,split_adjusted,traded_shares,2026-09-10T01:20:37.874819+00:00,24
2026-03-02,AAPL,262.46,266.53,260.2,264.72,18290674.0,IBKR_TRADES,RTH,split_adjusted,traded_shares,2026-09-10T01:20:37.874819+00:00,24
2026-03-02,AMD,193.84,198.74,190.0,198.62,22525403.0,IBKR_TRADES,RTH,split_adjusted,traded_shares,2026-09-10T01:20:37.874819+00:00,24
2026-03-02,NVDA,175.01,183.46,174.65,182.48,127498422.00000001,IBKR_TRADES,RTH,split_adjusted,traded_shares,2026-09-10T01:20:37.874819+00:00,24
2026-03-02,QQQ,598.88,609.92,597.99,608.09,61853470.0,IBKR_TRADES,RTH,split_adjusted,traded_shares,2026-09-10T01:20:37.874819+00:00,24
2026-03-02,SMH,397.25,407.36,396.92,406.39,7899491.999999999,IBKR_TRADES,RTH,split_adjusted,traded_shares,2026-09-10T01:20:37.874819+00:00,24
2026-03-03,AAPL,263.48,265.56,260.13,263.75,18325416.0,IBKR_TRADES,RTH,split_adjusted,traded_shares,2026-09-10T01:20:37.874819+00:00,24
2026-03-03,AMD,191.46,193.64,188.22,190.95,23142025.0,IBKR_TRADES,RTH,split_adjusted,traded_shares,2026-09-10T01:20:37.874819+00:00,24
2026-03-03,NVDA,178.49,180.9,176.92,180.05,114321018.0,IBKR_TRADES,RTH,split_adjusted,traded_shares,2026-09-10T01:20:37.874819+00:00,24
2026-03-03,QQQ,596.33,603.96,591.87,601.58,76981740.0,IBKR_TRADES,RTH,split_adjusted,traded_shares,2026-09-10T01:20:37.874819+00:00,24
2026-03-03,SMH,391.36,394.54,385.93,391.06,10253727.0,IBKR_TRADES,RTH,split_adjusted,traded_shares,2026-09-10T01:20:37.874819+00:00,24
2026-03-04,AAPL,264.7,266.15,261.42,262.52,18489944.0,IBKR_TRADES,RTH,split_adjusted,traded_shares,2026-09-10T01:20:37.874819+00:00,24
2026-03-04,AMD,192.12,202.44,189.86,202.07,25788759.0,IBKR_TRADES,RTH,split_adjusted,traded_shares,2026-09-10T01:20:37.874819+00:00,24
2026-03-04,NVDA,180.41,184.7,180.06,183.04,116993615.0,IBKR_TRADES,RTH,split_adjusted,traded_shares,2026-09-10T01:20:37.874819+00:00,24
2026-03-04,QQQ,604.16,612.88,603.43,610.75,55296445.0,IBKR_TRADES,RTH,split_adjusted,traded_shares,2026-09-10T01:20:37.874819+00:00,24
2026-03-04,SMH,396.25,401.23,393.1,399.1,6139728.0,IBKR_TRADES,RTH,split_adjusted,traded_shares,2026-09-10T01:20:37.874819+00:00,24
2026-03-05,AAPL,260.79,261.56,257.25,260.29,24631414.0,IBKR_TRADES,RTH,split_adjusted,traded_shares,2026-09-10T01:20:37.874819+00:00,24
2026-03-05,AMD,197.77,203.79,194.88,199.45,23657954.0,IBKR_TRADES,RTH,split_adjusted,traded_shares,2026-09-10T01:20:37.874819+00:00,24
2026-03-05,NVDA,181.17,184.06,177.88,183.34,135082144.0,IBKR_TRADES,RTH,split_adjusted,traded_shares,2026-09-10T01:20:37.874819+00:00,24
2026-03-05,QQQ,607.39,612.76,602.26,608.91,74339882.0,IBKR_TRADES,RTH,split_adjusted,traded_shares,2026-09-10T01:20:37.874819+00:00,24
2026-03-05,SMH,396.06,401.11,386.75,395.35,8645234.0,IBKR_TRADES,RTH,split_adjusted,traded_shares,2026-09-10T01:20:37.874819+00:00,24
2026-03-06,AAPL,258.63,258.77,254.37,257.46,16911153.0,IBKR_TRADES,RTH,split_adjusted,traded_shares,2026-09-10T01:20:37.874819+00:00,24
2026-03-06,AMD,195.27,200.24,191.25,192.43,19780143.0,IBKR_TRADES,RTH,split_adjusted,traded_shares,2026-09-10T01:20:37.874819+00:00,24
2026-03-06,NVDA,179.8,182.76,176.82,177.82,121676601.99999999,IBKR_TRADES,RTH,split_adjusted,traded_shares,2026-09-10T01:20:37.874819+00:00,24
2026-03-06,QQQ,600.31,606.0,598.33,599.75,69078074.0,IBKR_TRADES,RTH,split_adjusted,traded_shares,2026-09-10T01:20:37.874819+00:00,24
2026-03-06,SMH,384.97,392.67,378.53,380.56,8509040.0,IBKR_TRADES,RTH,split_adjusted,traded_shares,2026-09-10T01:20:37.874819+00:00,24
2026-03-09,AAPL,255.6,261.15,253.68,259.88,18184074.0,IBKR_TRADES,RTH,split_adjusted,traded_shares,2026-09-10T01:20:37.874819+00:00,24
2026-03-09,AMD,189.36,202.97,189.02,202.68,25189611.0,IBKR_TRADES,RTH,split_adjusted,traded_shares,2026-09-10T01:20:37.874819+00:00,24
2026-03-09,NVDA,176.85,182.91,175.56,182.65,110093050.0,IBKR_TRADES,RTH,split_adjusted,traded_shares,2026-09-10T01:20:37.874819+00:00,24
2026-03-09,QQQ,594.24,609.27,591.33,607.76,75993667.0,IBKR_TRADES,RTH,split_adjusted,traded_shares,2026-09-10T01:20:37.874819+00:00,24
2026-03-09,SMH,375.76,395.36,374.16,394.37,11795473.0,IBKR_TRADES,RTH,split_adjusted,traded_shares,2026-09-10T01:20:37.874819+00:00,24
2026-03-10,AAPL,257.65,262.48,256.95,260.83,14601251.0,IBKR_TRADES,RTH,split_adjusted,traded_shares,2026-09-10T01:20:37.874819+00:00,24
2026-03-10,AMD,202.73,206.59,202.2,203.23,19264846.0,IBKR_TRADES,RTH,split_adjusted,traded_shares,2026-09-10T01:20:37.874819+00:00,24
2026-03-10,NVDA,182.4,186.44,182.01,184.77,124880616.0,IBKR_TRADES,RTH,split_adjusted,traded_shares,2026-09-10T01:20:37.874819+00:00,24
2026-03-10,QQQ,607.78,613.29,605.42,607.77,51063304.0,IBKR_TRADES,RTH,split_adjusted,traded_shares,2026-09-10T01:20:37.874819+00:00,24
2026-03-10,SMH,394.0,403.88,394.0,397.33,10285396.0,IBKR_TRADES,RTH,split_adjusted,traded_shares,2026-09-10T01:20:37.874819+00:00,24
2026-03-11,AAPL,261.11,262.13,259.55,260.81,11477086.0,IBKR_TRADES,RTH,split_adjusted,traded_shares,2026-09-10T01:20:37.874819+00:00,24
2026-03-11,AMD,205.11,209.21,203.63,204.83,15714565.0,IBKR_TRADES,RTH,split_adjusted,traded_shares,2026-09-10T01:20:37.874819+00:00,24
2026-03-11,NVDA,185.89,187.62,184.45,186.03,93286081.0,IBKR_TRADES,RTH,split_adjusted,traded_shares,2026-09-10T01:20:37.874819+00:00,24
2026-03-11,QQQ,608.96,612.43,605.03,607.69,46098808.0,IBKR_TRADES,RTH,split_adjusted,traded_shares,2026-09-10T01:20:37.874819+00:00,24
2026-03-11,SMH,400.01,404.39,398.69,401.03,4485407.0,IBKR_TRADES,RTH,split_adjusted,traded_shares,2026-09-10T01:20:37.874819+00:00,24
2026-03-12,AAPL,258.66,258.95,254.18,255.76,19123215.0,IBKR_TRADES,RTH,split_adjusted,traded_shares,2026-09-10T01:20:37.874819+00:00,24
2026-03-12,AMD,203.09,203.62,196.67,197.74,18273454.0,IBKR_TRADES,RTH,split_adjusted,traded_shares,2026-09-10T01:20:37.874819+00:00,24
2026-03-12,NVDA,184.03,184.94,181.75,183.14,104025592.0,IBKR_TRADES,RTH,split_adjusted,traded_shares,2026-09-10T01:20:37.874819+00:00,24
2026-03-12,QQQ,602.76,604.14,597.05,597.26,57004198.0,IBKR_TRADES,RTH,split_adjusted,traded_shares,2026-09-10T01:20:37.874819+00:00,24
2026-03-12,SMH,395.46,396.06,386.74,388.13,7483719.0,IBKR_TRADES,RTH,split_adjusted,traded_shares,2026-09-10T01:20:37.874819+00:00,24
2026-03-13,AAPL,255.4,256.33,249.52,250.12,19978936.0,IBKR_TRADES,RTH,split_adjusted,traded_shares,2026-09-10T01:20:37.874819+00:00,24
2026-03-13,AMD,198.11,199.68,192.27,193.39,18808430.0,IBKR_TRADES,RTH,split_adjusted,traded_shares,2026-09-10T01:20:37.874819+00:00,24
2026-03-13,NVDA,184.92,186.09,179.94,180.25,113443963.0,IBKR_TRADES,RTH,split_adjusted,traded_shares,2026-09-10T01:20:37.874819+00:00,24
2026-03-13,QQQ,599.76,603.6,592.57,593.72,48968231.0,IBKR_TRADES,RTH,split_adjusted,traded_shares,2026-09-10T01:20:37.874819+00:00,24
2026-03-13,SMH,392.32,396.33,386.07,387.33,5567763.0,IBKR_TRADES,RTH,split_adjusted,traded_shares,2026-09-10T01:20:37.874819+00:00,24
2026-03-16,AAPL,252.1,253.89,249.93,252.82,16554954.000000002,IBKR_TRADES,RTH,split_adjusted,traded_shares,2026-09-10T01:20:37.874819+00:00,24
2026-03-16,AMD,194.84,200.17,194.71,196.58,20266771.0,IBKR_TRADES,RTH,split_adjusted,traded_shares,2026-09-10T01:20:37.874819+00:00,24
2026-03-16,NVDA,182.95,188.88,181.41,183.22,150962618.0,IBKR_TRADES,RTH,split_adjusted,traded_shares,2026-09-10T01:20:37.874819+00:00,24
2026-03-16,QQQ,600.04,603.86,599.11,600.38,38027275.0,IBKR_TRADES,RTH,split_adjusted,traded_shares,2026-09-10T01:20:37.874819+00:00,24
2026-03-16,SMH,395.14,399.48,392.64,393.92,7425781.0,IBKR_TRADES,RTH,split_adjusted,traded_shares,2026-09-10T01:20:37.874819+00:00,24
2026-03-17,AAPL,253.04,255.13,252.18,254.23,12184946.0,IBKR_TRADES,RTH,split_adjusted,traded_shares,2026-09-10T01:20:37.874819+00:00,24
2026-03-17,AMD,196.68,199.21,195.26,196.31,15794464.999999998,IBKR_TRADES,RTH,split_adjusted,traded_shares,2026-09-10T01:20:37.874819+00:00,24
2026-03-17,NVDA,185.07,185.4,181.68,181.93,122340796.99999999,IBKR_TRADES,RTH,split_adjusted,traded_shares,2026-09-10T01:20:37.874819+00:00,24
2026-03-17,QQQ,603.14,605.9,601.87,603.31,35989911.0,IBKR_TRADES,RTH,split_adjusted,traded_shares,2026-09-10T01:20:37.874819+00:00,24
2026-03-17,SMH,397.16,397.61,393.22,396.88,4780190.0,IBKR_TRADES,RTH,split_adjusted,traded_shares,2026-09-10T01:20:37.874819+00:00,24
2026-03-18,AAPL,252.72,254.94,249.0,249.94,14906088.0,IBKR_TRADES,RTH,split_adjusted,traded_shares,2026-09-10T01:20:37.874819+00:00,24
2026-03-18,AMD,196.21,202.86,195.75,199.46,18695384.0,IBKR_TRADES,RTH,split_adjusted,traded_shares,2026-09-10T01:20:37.874819+00:00,24
2026-03-18,NVDA,182.57,183.38,180.33,180.4,109860009.0,IBKR_TRADES,RTH,split_adjusted,traded_shares,2026-09-10T01:20:37.874819+00:00,24
2026-03-18,QQQ,601.49,603.16,594.56,594.9,39280944.0,IBKR_TRADES,RTH,split_adjusted,traded_shares,2026-09-10T01:20:37.874819+00:00,24
2026-03-18,SMH,396.96,399.69,393.47,393.67,6209658.0,IBKR_TRADES,RTH,split_adjusted,traded_shares,2026-09-10T01:20:37.874819+00:00,24
2026-03-19,AAPL,249.4,251.83,247.3,248.96,17288592.0,IBKR_TRADES,RTH,split_adjusted,traded_shares,2026-09-10T01:20:37.874819+00:00,24
2026-03-19,AMD,195.09,205.88,192.83,205.27,22437174.0,IBKR_TRADES,RTH,split_adjusted,traded_shares,2026-09-10T01:20:37.874819+00:00,24
2026-03-19,NVDA,178.01,179.98,175.78,178.56,116914113.0,IBKR_TRADES,RTH,split_adjusted,traded_shares,2026-09-10T01:20:37.874819+00:00,24
2026-03-19,QQQ,589.51,595.8,587.08,593.02,57476351.0,IBKR_TRADES,RTH,split_adjusted,traded_shares,2026-09-10T01:20:37.874819+00:00,24
2026-03-19,SMH,384.0,397.53,381.44,394.92,9639761.0,IBKR_TRADES,RTH,split_adjusted,traded_shares,2026-09-10T01:20:37.874819+00:00,24
2026-03-20,AAPL,247.64,249.2,246.0,247.99,25505272.0,IBKR_TRADES,RTH,split_adjusted,traded_shares,2026-09-10T01:20:37.874819+00:00,24
2026-03-20,AMD,204.75,206.3,198.26,201.33,17084483.0,IBKR_TRADES,RTH,split_adjusted,traded_shares,2026-09-10T01:20:37.874819+00:00,24
2026-03-20,NVDA,178.0,178.26,171.72,172.7,131309411.99999999,IBKR_TRADES,RTH,split_adjusted,traded_shares,2026-09-10T01:20:37.874819+00:00,24
2026-03-20,QQQ,591.1,591.17,578.54,582.06,60530627.0,IBKR_TRADES,RTH,split_adjusted,traded_shares,2026-09-10T01:20:37.874819+00:00,24
2026-03-20,SMH,394.11,395.73,380.87,384.74,9203276.0,IBKR_TRADES,RTH,split_adjusted,traded_shares,2026-09-10T01:20:37.874819+00:00,24
2026-03-23,AAPL,253.98,254.53,250.28,251.49,18411193.0,IBKR_TRADES,RTH,split_adjusted,traded_shares,2026-09-10T01:20:37.874819+00:00,24
2026-03-23,AMD,206.42,209.11,201.71,202.68,19617811.0,IBKR_TRADES,RTH,split_adjusted,traded_shares,2026-09-10T01:20:37.874819+00:00,24
2026-03-23,NVDA,177.39,178.37,174.76,175.64,117917350.0,IBKR_TRADES,RTH,split_adjusted,traded_shares,2026-09-10T01:20:37.874819+00:00,24
2026-03-23,QQQ,590.52,595.08,585.96,588.0,65434239.99999999,IBKR_TRADES,RTH,split_adjusted,traded_shares,2026-09-10T01:20:37.874819+00:00,24
2026-03-23,SMH,393.36,399.28,389.44,391.36,9247492.0,IBKR_TRADES,RTH,split_adjusted,traded_shares,2026-09-10T01:20:37.874819+00:00,24
2026-03-24,AAPL,250.35,254.83,249.55,251.64,14888597.0,IBKR_TRADES,RTH,split_adjusted,traded_shares,2026-09-10T01:20:37.874819+00:00,24
2026-03-24,AMD,201.69,206.43,200.13,205.37,17522516.0,IBKR_TRADES,RTH,split_adjusted,traded_shares,2026-09-10T01:20:37.874819+00:00,24
2026-03-24,NVDA,174.83,176.22,173.98,175.2,96025142.0,IBKR_TRADES,RTH,split_adjusted,traded_shares,2026-09-10T01:20:37.874819+00:00,24
2026-03-24,QQQ,584.81,587.93,581.93,583.98,42028784.0,IBKR_TRADES,RTH,split_adjusted,traded_shares,2026-09-10T01:20:37.874819+00:00,24
2026-03-24,SMH,387.92,396.88,387.62,394.59,4371386.0,IBKR_TRADES,RTH,split_adjusted,traded_shares,2026-09-10T01:20:37.874819+00:00,24
2026-03-25,AAPL,254.09,255.0,251.6,252.62,12867706.0,IBKR_TRADES,RTH,split_adjusted,traded_shares,2026-09-10T01:20:37.874819+00:00,24
2026-03-25,AMD,211.32,221.33,211.32,220.27,30454707.0,IBKR_TRADES,RTH,split_adjusted,traded_shares,2026-09-10T01:20:37.874819+00:00,24
2026-03-25,NVDA,177.1,181.22,176.87,178.68,112549563.0,IBKR_TRADES,RTH,split_adjusted,traded_shares,2026-09-10T01:20:37.874819+00:00,24
2026-03-25,QQQ,589.14,591.37,585.69,587.82,46399795.0,IBKR_TRADES,RTH,split_adjusted,traded_shares,2026-09-10T01:20:37.874819+00:00,24
2026-03-25,SMH,398.36,402.5,395.74,399.02,5064436.0,IBKR_TRADES,RTH,split_adjusted,traded_shares,2026-09-10T01:20:37.874819+00:00,24
2026-03-26,AAPL,252.22,257.0,250.77,252.89,21973089.0,IBKR_TRADES,RTH,split_adjusted,traded_shares,2026-09-10T01:20:37.874819+00:00,24
2026-03-26,AMD,218.03,221.0,203.43,203.77,31483289.0,IBKR_TRADES,RTH,split_adjusted,traded_shares,2026-09-10T01:20:37.874819+00:00,24
2026-03-26,NVDA,176.15,176.51,171.14,171.24,120690501.0,IBKR_TRADES,RTH,split_adjusted,traded_shares,2026-09-10T01:20:37.874819+00:00,24
2026-03-26,QQQ,582.61,584.63,573.43,573.79,63329476.99999999,IBKR_TRADES,RTH,split_adjusted,traded_shares,2026-09-10T01:20:37.874819+00:00,24
2026-03-26,SMH,391.92,392.68,380.3,380.84,11105054.0,IBKR_TRADES,RTH,split_adjusted,traded_shares,2026-09-10T01:20:37.874819+00:00,24
2026-03-27,AAPL,253.9,255.5,248.07,248.8,24399928.0,IBKR_TRADES,RTH,split_adjusted,traded_shares,2026-09-10T01:20:37.874819+00:00,24
2026-03-27,AMD,201.77,203.27,197.69,201.99,17431772.0,IBKR_TRADES,RTH,split_adjusted,traded_shares,2026-09-10T01:20:37.874819+00:00,24
2026-03-27,NVDA,170.0,170.97,167.01,167.52,126291292.99999999,IBKR_TRADES,RTH,split_adjusted,traded_shares,2026-09-10T01:20:37.874819+00:00,24
2026-03-27,QQQ,570.8,571.02,561.57,562.58,64245307.0,IBKR_TRADES,RTH,split_adjusted,traded_shares,2026-09-10T01:20:37.874819+00:00,24
2026-03-27,SMH,377.79,381.31,373.01,374.25,8259506.0,IBKR_TRADES,RTH,split_adjusted,traded_shares,2026-09-10T01:20:37.874819+00:00,24
2026-03-30,AAPL,250.05,250.82,245.51,246.63,17092725.0,IBKR_TRADES,RTH,split_adjusted,traded_shares,2026-09-10T01:20:37.874819+00:00,24
2026-03-30,AMD,204.95,208.43,192.86,196.04,26555334.0,IBKR_TRADES,RTH,split_adjusted,traded_shares,2026-09-10T01:20:37.874819+00:00,24
2026-03-30,NVDA,168.78,169.45,164.27,165.17,119570242.0,IBKR_TRADES,RTH,split_adjusted,traded_shares,2026-09-10T01:20:37.874819+00:00,24
2026-03-30,QQQ,567.38,568.05,555.6,558.28,55062881.0,IBKR_TRADES,RTH,split_adjusted,traded_shares,2026-09-10T01:20:37.874819+00:00,24
2026-03-30,SMH,377.62,379.24,359.86,362.53,9487388.0,IBKR_TRADES,RTH,split_adjusted,traded_shares,2026-09-10T01:20:37.874819+00:00,24
2026-03-31,AAPL,247.89,255.48,247.1,253.79,21625512.0,IBKR_TRADES,RTH,split_adjusted,traded_shares,2026-09-10T01:20:37.874819+00:00,24
2026-03-31,AMD,198.1,204.0,196.41,203.43,25118994.0,IBKR_TRADES,RTH,split_adjusted,traded_shares,2026-09-10T01:20:37.874819+00:00,24
2026-03-31,NVDA,166.98,174.62,166.96,174.4,144019814.0,IBKR_TRADES,RTH,split_adjusted,traded_shares,2026-09-10T01:20:37.874819+00:00,24
2026-03-31,QQQ,564.29,578.64,564.21,577.18,73174388.0,IBKR_TRADES,RTH,split_adjusted,traded_shares,2026-09-10T01:20:37.874819+00:00,24
2026-03-31,SMH,368.74,383.5,368.1,383.4,10238647.0,IBKR_TRADES,RTH,split_adjusted,traded_shares,2026-09-10T01:20:37.874819+00:00,24
2026-04-01,AAPL,253.9,256.17,253.33,255.63,18017733.0,IBKR_TRADES,RTH,split_adjusted,traded_shares,2026-09-10T01:20:37.874819+00:00,24
2026-04-01,AMD,207.57,213.83,205.84,210.21,26707771.0,IBKR_TRADES,RTH,split_adjusted,traded_shares,2026-09-10T01:20:37.874819+00:00,24
2026-04-01,NVDA,176.0,177.37,174.75,175.75,104102076.0,IBKR_TRADES,RTH,split_adjusted,traded_shares,2026-09-10T01:20:37.874819+00:00,24
2026-04-01,QQQ,581.49,587.74,580.42,584.31,62412983.99999999,IBKR_TRADES,RTH,split_adjusted,traded_shares,2026-09-10T01:20:37.874819+00:00,24
2026-04-01,SMH,388.37,396.63,386.38,391.97,7771556.999999999,IBKR_TRADES,RTH,split_adjusted,traded_shares,2026-09-10T01:20:37.874819+00:00,24
2026-04-02,AAPL,254.2,256.13,250.65,255.92,13374260.0,IBKR_TRADES,RTH,split_adjusted,traded_shares,2026-09-10T01:20:37.874819+00:00,24
2026-04-02,AMD,203.83,217.78,200.62,217.5,26663236.0,IBKR_TRADES,RTH,split_adjusted,traded_shares,2026-09-10T01:20:37.874819+00:00,24
2026-04-02,NVDA,172.18,177.49,171.37,177.39,95786853.0,IBKR_TRADES,RTH,split_adjusted,traded_shares,2026-09-10T01:20:37.874819+00:00,24
2026-04-02,QQQ,573.97,586.05,571.92,584.98,41213365.0,IBKR_TRADES,RTH,split_adjusted,traded_shares,2026-09-10T01:20:37.874819+00:00,24
2026-04-02,SMH,378.07,393.5,378.0,392.32,6238173.0,IBKR_TRADES,RTH,split_adjusted,traded_shares,2026-09-10T01:20:37.874819+00:00,24
2026-04-06,AAPL,256.51,262.16,256.46,258.86,15381581.000000002,IBKR_TRADES,RTH,split_adjusted,traded_shares,2026-09-10T01:20:37.874819+00:00,24
2026-04-06,AMD,219.15,226.31,217.73,220.18,20750110.0,IBKR_TRADES,RTH,split_adjusted,traded_shares,2026-09-10T01:20:37.874819+00:00,24
2026-04-06,NVDA,177.11,177.79,175.76,177.64,75595750.0,IBKR_TRADES,RTH,split_adjusted,traded_shares,2026-09-10T01:20:37.874819+00:00,24
2026-04-06,QQQ,586.21,590.61,584.69,588.5,26323701.0,IBKR_TRADES,RTH,split_adjusted,traded_shares,2026-09-10T01:20:37.874819+00:00,24
2026-04-06,SMH,393.75,397.1,391.9,395.98,3013050.0,IBKR_TRADES,RTH,split_adjusted,traded_shares,2026-09-10T01:20:37.874819+00:00,24
2026-04-07,AAPL,256.07,256.2,245.7,253.5,37264538.0,IBKR_TRADES,RTH,split_adjusted,traded_shares,2026-09-10T01:20:37.874819+00:00,24
2026-04-07,AMD,218.2,222.1,215.37,221.53,17101097.0,IBKR_TRADES,RTH,split_adjusted,traded_shares,2026-09-10T01:20:37.874819+00:00,24
2026-04-07,NVDA,175.64,178.23,173.66,178.1,89805946.0,IBKR_TRADES,RTH,split_adjusted,traded_shares,2026-09-10T01:20:37.874819+00:00,24
2026-04-07,QQQ,585.63,588.98,578.4,588.59,35112617.0,IBKR_TRADES,RTH,split_adjusted,traded_shares,2026-09-10T01:20:37.874819+00:00,24
2026-04-07,SMH,394.71,400.09,389.64,399.9,4739592.0,IBKR_TRADES,RTH,split_adjusted,traded_shares,2026-09-10T01:20:37.874819+00:00,24
2026-04-08,AAPL,258.4,259.75,256.53,258.9,20091146.0,IBKR_TRADES,RTH,split_adjusted,traded_shares,2026-09-10T01:20:37.874819+00:00,24
2026-04-08,AMD,232.1,234.0,227.09,231.82,22952294.0,IBKR_TRADES,RTH,split_adjusted,traded_shares,2026-09-10T01:20:37.874819+00:00,24
2026-04-08,NVDA,184.47,185.26,180.3,182.08,97651035.0,IBKR_TRADES,RTH,split_adjusted,traded_shares,2026-09-10T01:20:37.874819+00:00,24
2026-04-08,QQQ,608.71,609.9,602.12,606.09,43753851.0,IBKR_TRADES,RTH,split_adjusted,traded_shares,2026-09-10T01:20:37.874819+00:00,24
2026-04-08,SMH,423.16,424.99,414.99,422.92,7097399.0,IBKR_TRADES,RTH,split_adjusted,traded_shares,2026-09-10T01:20:37.874819+00:00,24
2026-04-09,AAPL,259.0,261.12,256.07,260.49,13580639.0,IBKR_TRADES,RTH,split_adjusted,traded_shares,2026-09-10T01:20:37.874819+00:00,24
2026-04-09,AMD,232.92,237.1,230.91,236.64,17458182.0,IBKR_TRADES,RTH,split_adjusted,traded_shares,2026-09-10T01:20:37.874819+00:00,24
2026-04-09,NVDA,181.84,184.08,180.62,183.91,78035798.0,IBKR_TRADES,RTH,split_adjusted,traded_shares,2026-09-10T01:20:37.874819+00:00,24
2026-04-09,QQQ,605.93,610.5,603.03,610.19,28745695.0,IBKR_TRADES,RTH,split_adjusted,traded_shares,2026-09-10T01:20:37.874819+00:00,24
2026-04-09,SMH,423.16,430.65,422.63,430.31,4280843.0,IBKR_TRADES,RTH,split_adjusted,traded_shares,2026-09-10T01:20:37.874819+00:00,24
2026-04-10,AAPL,259.96,262.19,259.02,260.48,14391530.0,IBKR_TRADES,RTH,split_adjusted,traded_shares,2026-09-10T01:20:37.874819+00:00,24
2026-04-10,AMD,239.0,249.58,238.95,245.04,23310950.0,IBKR_TRADES,RTH,split_adjusted,traded_shares,2026-09-10T01:20:37.874819+00:00,24
2026-04-10,NVDA,184.31,190.0,184.3,188.63,112718485.0,IBKR_TRADES,RTH,split_adjusted,traded_shares,2026-09-10T01:20:37.874819+00:00,24
2026-04-10,QQQ,611.82,613.67,609.58,611.07,23159809.0,IBKR_TRADES,RTH,split_adjusted,traded_shares,2026-09-10T01:20:37.874819+00:00,24
2026-04-10,SMH,434.45,441.54,434.45,436.88,7567731.999999999,IBKR_TRADES,RTH,split_adjusted,traded_shares,2026-09-10T01:20:37.874819+00:00,24
2026-04-13,AAPL,259.6,260.18,256.66,259.2,17910105.0,IBKR_TRADES,RTH,split_adjusted,traded_shares,2026-09-10T01:20:37.874819+00:00,24
2026-04-13,AMD,244.98,247.33,242.03,246.83,13950132.0,IBKR_TRADES,RTH,split_adjusted,traded_shares,2026-09-10T01:20:37.874819+00:00,24
2026-04-13,NVDA,186.03,189.66,185.74,189.31,88827427.0,IBKR_TRADES,RTH,split_adjusted,traded_shares,2026-09-10T01:20:37.874819+00:00,24
2026-04-13,QQQ,609.47,626.74,608.11,617.39,23166799.0,IBKR_TRADES,RTH,split_adjusted,traded_shares,2026-09-10T01:20:37.874819+00:00,24
2026-04-13,SMH,434.75,443.64,433.6,443.34,4702317.0,IBKR_TRADES,RTH,split_adjusted,traded_shares,2026-09-10T01:20:37.874819+00:00,24
2026-04-14,AAPL,259.11,261.93,257.19,258.83,21882872.0,IBKR_TRADES,RTH,split_adjusted,traded_shares,2026-09-10T01:20:37.874819+00:00,24
2026-04-14,AMD,249.79,255.46,245.7,255.07,16295281.000000002,IBKR_TRADES,RTH,split_adjusted,traded_shares,2026-09-10T01:20:37.874819+00:00,24
2026-04-14,NVDA,190.92,196.51,190.77,196.51,106411431.0,IBKR_TRADES,RTH,split_adjusted,traded_shares,2026-09-10T01:20:37.874819+00:00,24
2026-04-14,QQQ,620.23,628.6,620.1,628.6,35169953.0,IBKR_TRADES,RTH,split_adjusted,traded_shares,2026-09-10T01:20:37.874819+00:00,24
2026-04-14,SMH,448.0,452.1,444.24,452.0,4775426.0,IBKR_TRADES,RTH,split_adjusted,traded_shares,2026-09-10T01:20:37.874819+00:00,24
2026-04-15,AAPL,258.04,266.56,257.81,266.43,26570991.0,IBKR_TRADES,RTH,split_adjusted,traded_shares,2026-09-10T01:20:37.874819+00:00,24
2026-04-15,AMD,254.92,258.18,251.85,258.12,15588194.999999998,IBKR_TRADES,RTH,split_adjusted,traded_shares,2026-09-10T01:20:37.874819+00:00,24
2026-04-15,NVDA,196.55,200.4,195.74,198.87,128355353.99999999,IBKR_TRADES,RTH,split_adjusted,traded_shares,2026-09-10T01:20:37.874819+00:00,24
2026-04-15,QQQ,629.08,637.83,628.2,637.4,36368500.0,IBKR_TRADES,RTH,split_adjusted,traded_shares,2026-09-10T01:20:37.874819+00:00,24
2026-04-15,SMH,450.7,453.33,443.19,453.0,7189978.0,IBKR_TRADES,RTH,split_adjusted,traded_shares,2026-09-10T01:20:37.874819+00:00,24
2026-04-16,AAPL,266.8,267.16,261.27,263.4,23244766.0,IBKR_TRADES,RTH,split_adjusted,traded_shares,2026-09-10T01:20:37.874819+00:00,24
2026-04-16,AMD,265.11,279.34,261.51,278.26,45163077.0,IBKR_TRADES,RTH,split_adjusted,traded_shares,2026-09-10T01:20:37.874819+00:00,24
2026-04-16,NVDA,197.43,199.85,195.81,198.35,90105073.0,IBKR_TRADES,RTH,split_adjusted,traded_shares,2026-09-10T01:20:37.874819+00:00,24
2026-04-16,QQQ,639.24,642.18,635.25,640.47,28535862.0,IBKR_TRADES,RTH,split_adjusted,traded_shares,2026-09-10T01:20:37.874819+00:00,24
2026-04-16,SMH,450.57,457.09,447.77,454.8,4731065.0,IBKR_TRADES,RTH,split_adjusted,traded_shares,2026-09-10T01:20:37.874819+00:00,24
2026-04-17,AAPL,267.07,272.3,266.72,270.23,27891246.0,IBKR_TRADES,RTH,split_adjusted,traded_shares,2026-09-10T01:20:37.874819+00:00,24
2026-04-17,AMD,278.28,281.05,274.14,278.39,21889284.0,IBKR_TRADES,RTH,split_adjusted,traded_shares,2026-09-10T01:20:37.874819+00:00,24
2026-04-17,NVDA,199.9,201.7,199.27,201.68,100832854.0,IBKR_TRADES,RTH,split_adjusted,traded_shares,2026-09-10T01:20:37.874819+00:00,24
2026-04-17,QQQ,645.53,650.0,644.07,648.85,32879476.000000004,IBKR_TRADES,RTH,split_adjusted,traded_shares,2026-09-10T01:20:37.874819+00:00,24
2026-04-17,SMH,462.8,464.58,459.5,464.16,5006388.0,IBKR_TRADES,RTH,split_adjusted,traded_shares,2026-09-10T01:20:37.874819+00:00,24
2026-04-20,AAPL,270.33,274.28,270.33,273.05,19285289.0,IBKR_TRADES,RTH,split_adjusted,traded_shares,2026-09-10T01:20:37.874819+00:00,24
2026-04-20,AMD,280.6,287.61,272.0,274.95,22969016.0,IBKR_TRADES,RTH,split_adjusted,traded_shares,2026-09-10T01:20:37.874819+00:00,24
2026-04-20,NVDA,199.92,202.17,197.83,202.06,77973109.0,IBKR_TRADES,RTH,split_adjusted,traded_shares,2026-09-10T01:20:37.874819+00:00,24
2026-04-20,QQQ,648.04,648.76,642.52,646.79,22477081.0,IBKR_TRADES,RTH,split_adjusted,traded_shares,2026-09-10T01:20:37.874819+00:00,24
2026-04-20,SMH,464.64,465.74,458.65,463.96,2794965.0,IBKR_TRADES,RTH,split_adjusted,traded_shares,2026-09-10T01:20:37.874819+00:00,24
2026-04-21,AAPL,271.59,272.8,265.4,266.17,28057266.0,IBKR_TRADES,RTH,split_adjusted,traded_shares,2026-09-10T01:20:37.874819+00:00,24
2026-04-21,AMD,277.5,286.2,276.62,284.49,26681324.0,IBKR_TRADES,RTH,split_adjusted,traded_shares,2026-09-10T01:20:37.874819+00:00,24
2026-04-21,NVDA,202.15,202.75,199.0,199.88,75548447.0,IBKR_TRADES,RTH,split_adjusted,traded_shares,2026-09-10T01:20:37.874819+00:00,24
2026-04-21,QQQ,648.41,650.2,642.21,644.33,27466932.0,IBKR_TRADES,RTH,split_adjusted,traded_shares,2026-09-10T01:20:37.874819+00:00,24
2026-04-21,SMH,466.4,468.43,462.24,464.66,4012971.0,IBKR_TRADES,RTH,split_adjusted,traded_shares,2026-09-10T01:20:37.874819+00:00,24
2026-04-22,AAPL,267.74,273.74,266.87,273.17,23855766.0,IBKR_TRADES,RTH,split_adjusted,traded_shares,2026-09-10T01:20:37.874819+00:00,24
2026-04-22,AMD,291.22,304.25,286.14,303.46,33494931.000000004,IBKR_TRADES,RTH,split_adjusted,traded_shares,2026-09-10T01:20:37.874819+00:00,24
2026-04-22,NVDA,200.98,202.5,199.3,202.5,71379300.0,IBKR_TRADES,RTH,split_adjusted,traded_shares,2026-09-10T01:20:37.874819+00:00,24
2026-04-22,QQQ,650.15,655.33,648.52,655.11,23937062.0,IBKR_TRADES,RTH,split_adjusted,traded_shares,2026-09-10T01:20:37.874819+00:00,24
2026-04-22,SMH,471.05,477.42,467.17,476.83,4865723.0,IBKR_TRADES,RTH,split_adjusted,traded_shares,2026-09-10T01:20:37.874819+00:00,24
2026-04-23,AAPL,274.9,275.77,271.65,273.43,15589413.999999998,IBKR_TRADES,RTH,split_adjusted,traded_shares,2026-09-10T01:20:37.874819+00:00,24
2026-04-23,AMD,302.01,310.22,299.76,305.33,27655635.0,IBKR_TRADES,RTH,split_adjusted,traded_shares,2026-09-10T01:20:37.874819+00:00,24
2026-04-23,NVDA,202.46,203.83,197.22,199.64,78862283.0,IBKR_TRADES,RTH,split_adjusted,traded_shares,2026-09-10T01:20:37.874819+00:00,24
2026-04-23,QQQ,653.49,656.92,645.52,651.42,29465235.0,IBKR_TRADES,RTH,split_adjusted,traded_shares,2026-09-10T01:20:37.874819+00:00,24
2026-04-23,SMH,480.4,488.08,475.19,481.85,7478821.0,IBKR_TRADES,RTH,split_adjusted,traded_shares,2026-09-10T01:20:37.874819+00:00,24
2026-04-24,AAPL,272.79,273.06,269.65,271.06,18287115.0,IBKR_TRADES,RTH,split_adjusted,traded_shares,2026-09-10T01:20:37.874819+00:00,24
2026-04-24,AMD,336.75,352.99,334.59,347.81,50610424.0,IBKR_TRADES,RTH,split_adjusted,traded_shares,2026-09-10T01:20:37.874819+00:00,24
2026-04-24,NVDA,199.96,210.95,199.81,208.27,147838869.0,IBKR_TRADES,RTH,split_adjusted,traded_shares,2026-09-10T01:20:37.874819+00:00,24
2026-04-24,QQQ,658.51,664.51,656.53,663.88,28529703.0,IBKR_TRADES,RTH,split_adjusted,traded_shares,2026-09-10T01:20:37.874819+00:00,24
2026-04-24,SMH,499.51,509.59,495.46,506.44,8858470.0,IBKR_TRADES,RTH,split_adjusted,traded_shares,2026-09-10T01:20:37.874819+00:00,24
2026-04-27,AAPL,266.09,268.36,265.07,267.61,19009160.0,IBKR_TRADES,RTH,split_adjusted,traded_shares,2026-09-10T01:20:37.874819+00:00,24
2026-04-27,AMD,346.6,349.21,328.81,334.63,31366427.000000004,IBKR_TRADES,RTH,split_adjusted,traded_shares,2026-09-10T01:20:37.874819+00:00,24
2026-04-27,NVDA,209.7,216.83,207.38,216.61,131464117.0,IBKR_TRADES,RTH,split_adjusted,traded_shares,2026-09-10T01:20:37.874819+00:00,24
2026-04-27,QQQ,663.4,664.43,660.69,664.23,20304083.0,IBKR_TRADES,RTH,split_adjusted,traded_shares,2026-09-10T01:20:37.874819+00:00,24
2026-04-27,SMH,509.3,510.1,497.74,506.26,6885438.0,IBKR_TRADES,RTH,split_adjusted,traded_shares,2026-09-10T01:20:37.874819+00:00,24
2026-04-28,AAPL,272.34,273.2,268.66,270.71,17555587.0,IBKR_TRADES,RTH,split_adjusted,traded_shares,2026-09-10T01:20:37.874819+00:00,24
2026-04-28,AMD,311.98,327.5,310.0,323.21,26354152.0,IBKR_TRADES,RTH,split_adjusted,traded_shares,2026-09-10T01:20:37.874819+00:00,24
2026-04-28,NVDA,209.49,214.73,208.2,213.17,121649391.0,IBKR_TRADES,RTH,split_adjusted,traded_shares,2026-09-10T01:20:37.874819+00:00,24
2026-04-28,QQQ,657.46,659.64,653.81,657.55,22688697.0,IBKR_TRADES,RTH,split_adjusted,traded_shares,2026-09-10T01:20:37.874819+00:00,24
2026-04-28,SMH,488.4,496.66,483.29,491.21,9355132.0,IBKR_TRADES,RTH,split_adjusted,traded_shares,2026-09-10T01:20:37.874819+00:00,24
2026-04-29,AAPL,267.59,271.04,267.04,270.17,13324507.0,IBKR_TRADES,RTH,split_adjusted,traded_shares,2026-09-10T01:20:37.874819+00:00,24
2026-04-29,AMD,326.7,340.17,318.86,337.11,30509020.0,IBKR_TRADES,RTH,split_adjusted,traded_shares,2026-09-10T01:20:37.874819+00:00,24
2026-04-29,NVDA,212.7,212.72,207.57,209.25,82724501.0,IBKR_TRADES,RTH,split_adjusted,traded_shares,2026-09-10T01:20:37.874819+00:00,24
2026-04-29,QQQ,658.62,661.72,656.58,661.57,20443927.0,IBKR_TRADES,RTH,split_adjusted,traded_shares,2026-09-10T01:20:37.874819+00:00,24
2026-04-29,SMH,496.35,499.58,492.34,499.58,4537700.0,IBKR_TRADES,RTH,split_adjusted,traded_shares,2026-09-10T01:20:37.874819+00:00,24
2026-04-30,AAPL,270.52,276.0,268.14,271.35,31354598.999999996,IBKR_TRADES,RTH,split_adjusted,traded_shares,2026-09-10T01:20:37.874819+00:00,24
2026-04-30,AMD,341.36,354.96,332.6,354.49,26854064.0,IBKR_TRADES,RTH,split_adjusted,traded_shares,2026-09-10T01:20:37.874819+00:00,24
2026-04-30,NVDA,209.93,210.3,198.7,199.57,142756304.0,IBKR_TRADES,RTH,split_adjusted,traded_shares,2026-09-10T01:20:37.874819+00:00,24
2026-04-30,QQQ,665.46,668.9,657.56,667.74,27886149.0,IBKR_TRADES,RTH,split_adjusted,traded_shares,2026-09-10T01:20:37.874819+00:00,24
2026-04-30,SMH,504.36,507.79,495.02,506.72,6248725.0,IBKR_TRADES,RTH,split_adjusted,traded_shares,2026-09-10T01:20:37.874819+00:00,24
2026-05-01,AAPL,278.86,287.22,278.37,280.14,54315309.0,IBKR_TRADES,RTH,split_adjusted,traded_shares,2026-09-10T01:20:37.874819+00:00,24
2026-05-01,AMD,351.81,362.79,349.25,360.54,23049618.0,IBKR_TRADES,RTH,split_adjusted,traded_shares,2026-09-10T01:20:37.874819+00:00,24
2026-05-01,NVDA,201.28,203.0,197.12,198.45,84419996.0,IBKR_TRADES,RTH,split_adjusted,traded_shares,2026-09-10T01:20:37.874819+00:00,24
2026-05-01,QQQ,669.14,675.97,668.8,674.15,27333856.0,IBKR_TRADES,RTH,split_adjusted,traded_shares,2026-09-10T01:20:37.874819+00:00,24
2026-05-01,SMH,504.36,511.99,502.25,509.82,4195170.0,IBKR_TRADES,RTH,split_adjusted,traded_shares,2026-09-10T01:20:37.874819+00:00,24
2026-05-04,AAPL,279.68,280.63,274.86,276.83,27069575.0,IBKR_TRADES,RTH,split_adjusted,traded_shares,2026-09-10T01:20:37.874819+00:00,24
2026-05-04,AMD,360.31,361.85,338.7,341.54,26761784.0,IBKR_TRADES,RTH,split_adjusted,traded_shares,2026-09-10T01:20:37.874819+00:00,24
2026-05-04,NVDA,199.5,201.73,194.74,198.48,85517105.0,IBKR_TRADES,RTH,split_adjusted,traded_shares,2026-09-10T01:20:37.874819+00:00,24
2026-05-04,QQQ,674.66,676.73,668.9,672.88,23092672.0,IBKR_TRADES,RTH,split_adjusted,traded_shares,2026-09-10T01:20:37.874819+00:00,24
2026-05-04,SMH,512.47,513.15,501.15,506.79,5597780.0,IBKR_TRADES,RTH,split_adjusted,traded_shares,2026-09-10T01:20:37.874819+00:00,24
2026-05-05,AAPL,276.92,284.57,276.5,284.18,30206074.0,IBKR_TRADES,RTH,split_adjusted,traded_shares,2026-09-10T01:20:37.874819+00:00,24
2026-05-05,AMD,351.73,359.58,344.88,355.26,29337511.0,IBKR_TRADES,RTH,split_adjusted,traded_shares,2026-09-10T01:20:37.874819+00:00,24
2026-05-05,NVDA,199.3,200.24,196.03,196.5,73110448.0,IBKR_TRADES,RTH,split_adjusted,traded_shares,2026-09-10T01:20:37.874819+00:00,24
2026-05-05,QQQ,677.97,682.78,677.51,681.61,19269869.0,IBKR_TRADES,RTH,split_adjusted,traded_shares,2026-09-10T01:20:37.874819+00:00,24
2026-05-05,SMH,515.49,526.2,514.12,522.69,6390093.0,IBKR_TRADES,RTH,split_adjusted,traded_shares,2026-09-10T01:20:37.874819+00:00,24
2026-05-06,AAPL,281.92,288.0,281.07,287.51,30218533.0,IBKR_TRADES,RTH,split_adjusted,traded_shares,2026-09-10T01:20:37.874819+00:00,24
2026-05-06,AMD,409.49,430.47,402.04,421.39,52300424.0,IBKR_TRADES,RTH,split_adjusted,traded_shares,2026-09-10T01:20:37.874819+00:00,24
2026-05-06,NVDA,199.9,208.27,198.61,207.83,116623993.0,IBKR_TRADES,RTH,split_adjusted,traded_shares,2026-09-10T01:20:37.874819+00:00,24
2026-05-06,QQQ,687.75,695.93,686.48,695.77,26488922.0,IBKR_TRADES,RTH,split_adjusted,traded_shares,2026-09-10T01:20:37.874819+00:00,24
2026-05-06,SMH,537.78,549.88,532.35,549.76,11353138.0,IBKR_TRADES,RTH,split_adjusted,traded_shares,2026-09-10T01:20:37.874819+00:00,24
2026-05-07,AAPL,289.27,292.13,285.78,287.44,27359057.0,IBKR_TRADES,RTH,split_adjusted,traded_shares,2026-09-10T01:20:37.874819+00:00,24
2026-05-07,AMD,417.13,421.71,401.08,408.46,27595226.0,IBKR_TRADES,RTH,split_adjusted,traded_shares,2026-09-10T01:20:37.874819+00:00,24
2026-05-07,NVDA,208.3,214.2,206.5,211.5,110979169.0,IBKR_TRADES,RTH,split_adjusted,traded_shares,2026-09-10T01:20:37.874819+00:00,24
2026-05-07,QQQ,696.58,701.24,691.77,694.94,32103234.000000004,IBKR_TRADES,RTH,split_adjusted,traded_shares,2026-09-10T01:20:37.874819+00:00,24
2026-05-07,SMH,545.76,549.71,535.92,540.1,8779441.0,IBKR_TRADES,RTH,split_adjusted,traded_shares,2026-09-10T01:20:37.874819+00:00,24
2026-05-08,AAPL,290.01,294.76,290.0,293.32,30940312.000000004,IBKR_TRADES,RTH,split_adjusted,traded_shares,2026-09-10T01:20:37.874819+00:00,24
2026-05-08,AMD,418.34,456.29,418.29,455.19,36796894.0,IBKR_TRADES,RTH,split_adjusted,traded_shares,2026-09-10T01:20:37.874819+00:00,24
2026-05-08,NVDA,212.99,217.8,212.89,215.2,88003420.0,IBKR_TRADES,RTH,split_adjusted,traded_shares,2026-09-10T01:20:37.874819+00:00,24
2026-05-08,QQQ,699.92,711.23,699.5,711.23,27813941.0,IBKR_TRADES,RTH,split_adjusted,traded_shares,2026-09-10T01:20:37.874819+00:00,24
2026-05-08,SMH,551.36,566.79,549.0,566.54,6354032.0,IBKR_TRADES,RTH,split_adjusted,traded_shares,2026-09-10T01:20:37.874819+00:00,24
2026-05-11,AAPL,291.98,293.88,290.23,292.68,23822531.0,IBKR_TRADES,RTH,split_adjusted,traded_shares,2026-09-10T01:20:37.874819+00:00,24
2026-05-11,AMD,460.48,469.22,450.88,458.79,27330859.0,IBKR_TRADES,RTH,split_adjusted,traded_shares,2026-09-10T01:20:37.874819+00:00,24
2026-05-11,NVDA,214.04,222.3,213.92,219.44,105759847.0,IBKR_TRADES,RTH,split_adjusted,traded_shares,2026-09-10T01:20:37.874819+00:00,24
2026-05-11,QQQ,710.34,714.59,708.91,713.29,24306513.0,IBKR_TRADES,RTH,split_adjusted,traded_shares,2026-09-10T01:20:37.874819+00:00,24
2026-05-11,SMH,570.26,578.06,566.8,576.31,8965717.0,IBKR_TRADES,RTH,split_adjusted,traded_shares,2026-09-10T01:20:37.874819+00:00,24
2026-05-12,AAPL,292.51,295.27,292.51,294.8,22453046.0,IBKR_TRADES,RTH,split_adjusted,traded_shares,2026-09-10T01:20:37.874819+00:00,24
2026-05-12,AMD,449.31,458.8,426.11,448.29,24183687.0,IBKR_TRADES,RTH,split_adjusted,traded_shares,2026-09-10T01:20:37.874819+00:00,24
2026-05-12,NVDA,218.55,223.75,214.92,220.78,105732198.0,IBKR_TRADES,RTH,split_adjusted,traded_shares,2026-09-10T01:20:37.874819+00:00,24
2026-05-12,QQQ,708.2,710.18,696.64,707.24,32133323.999999996,IBKR_TRADES,RTH,split_adjusted,traded_shares,2026-09-10T01:20:37.874819+00:00,24
2026-05-12,SMH,565.2,570.4,542.67,561.25,13508328.0,IBKR_TRADES,RTH,split_adjusted,traded_shares,2026-09-10T01:20:37.874819+00:00,24
2026-05-13,AAPL,293.41,300.92,293.41,298.87,28880850.0,IBKR_TRADES,RTH,split_adjusted,traded_shares,2026-09-10T01:20:37.874819+00:00,24
2026-05-13,AMD,457.04,459.5,432.65,445.5,16315939.000000002,IBKR_TRADES,RTH,split_adjusted,traded_shares,2026-09-10T01:20:37.874819+00:00,24
2026-05-13,NVDA,224.93,227.84,221.56,225.83,96695065.0,IBKR_TRADES,RTH,split_adjusted,traded_shares,2026-09-10T01:20:37.874819+00:00,24
2026-05-13,QQQ,709.97,716.65,704.83,714.71,25317848.0,IBKR_TRADES,RTH,split_adjusted,traded_shares,2026-09-10T01:20:37.874819+00:00,24
2026-05-13,SMH,571.8,576.2,560.12,572.46,6698969.0,IBKR_TRADES,RTH,split_adjusted,traded_shares,2026-09-10T01:20:37.874819+00:00,24
2026-05-14,AAPL,299.82,300.45,295.38,298.21,20828291.0,IBKR_TRADES,RTH,split_adjusted,traded_shares,2026-09-10T01:20:37.874819+00:00,24
2026-05-14,AMD,440.6,453.31,435.68,449.7,15734720.0,IBKR_TRADES,RTH,split_adjusted,traded_shares,2026-09-10T01:20:37.874819+00:00,24
2026-05-14,NVDA,229.85,236.54,229.33,235.74,120584668.0,IBKR_TRADES,RTH,split_adjusted,traded_shares,2026-09-10T01:20:37.874819+00:00,24
2026-05-14,QQQ,714.62,722.03,714.22,719.79,24387381.0,IBKR_TRADES,RTH,split_adjusted,traded_shares,2026-09-10T01:20:37.874819+00:00,24
2026-05-14,SMH,570.83,581.17,567.75,578.34,5995368.0,IBKR_TRADES,RTH,split_adjusted,traded_shares,2026-09-10T01:20:37.874819+00:00,24
2026-05-15,AAPL,297.94,303.2,296.52,300.23,30111709.0,IBKR_TRADES,RTH,split_adjusted,traded_shares,2026-09-10T01:20:37.874819+00:00,24
2026-05-15,AMD,433.34,439.0,423.36,424.1,15618579.000000002,IBKR_TRADES,RTH,split_adjusted,traded_shares,2026-09-10T01:20:37.874819+00:00,24
2026-05-15,NVDA,229.78,231.5,224.24,225.32,99270584.0,IBKR_TRADES,RTH,split_adjusted,traded_shares,2026-09-10T01:20:37.874819+00:00,24
2026-05-15,QQQ,710.15,715.13,705.55,708.93,29820590.0,IBKR_TRADES,RTH,split_adjusted,traded_shares,2026-09-10T01:20:37.874819+00:00,24
2026-05-15,SMH,560.31,565.88,552.91,556.34,8646379.0,IBKR_TRADES,RTH,split_adjusted,traded_shares,2026-09-10T01:20:37.874819+00:00,24
2026-05-18,AAPL,300.24,300.65,294.91,297.84,19538418.0,IBKR_TRADES,RTH,split_adjusted,traded_shares,2026-09-10T01:20:37.874819+00:00,24
2026-05-18,AMD,429.79,438.8,410.71,420.99,16666110.0,IBKR_TRADES,RTH,split_adjusted,traded_shares,2026-09-10T01:20:37.874819+00:00,24
2026-05-18,NVDA,229.87,230.0,218.37,222.32,93477636.0,IBKR_TRADES,RTH,split_adjusted,traded_shares,2026-09-10T01:20:37.874819+00:00,24
2026-05-18,QQQ,711.54,712.07,698.85,705.88,34316392.0,IBKR_TRADES,RTH,split_adjusted,traded_shares,2026-09-10T01:20:37.874819+00:00,24
2026-05-18,SMH,565.6,567.21,536.87,546.16,9097716.0,IBKR_TRADES,RTH,split_adjusted,traded_shares,2026-09-10T01:20:37.874819+00:00,24
2026-05-19,AAPL,296.97,300.51,296.35,298.97,19681004.0,IBKR_TRADES,RTH,split_adjusted,traded_shares,2026-09-10T01:20:37.874819+00:00,24
2026-05-19,AMD,412.87,428.75,393.36,414.05,23976519.0,IBKR_TRADES,RTH,split_adjusted,traded_shares,2026-09-10T01:20:37.874819+00:00,24
2026-05-19,NVDA,219.61,224.48,217.92,220.61,82381855.0,IBKR_TRADES,RTH,split_adjusted,traded_shares,2026-09-10T01:20:37.874819+00:00,24
2026-05-19,QQQ,699.84,706.49,695.25,701.53,35542743.0,IBKR_TRADES,RTH,split_adjusted,traded_shares,2026-09-10T01:20:37.874819+00:00,24
2026-05-19,SMH,535.46,553.34,527.87,543.96,8892409.0,IBKR_TRADES,RTH,split_adjusted,traded_shares,2026-09-10T01:20:37.874819+00:00,24
2026-05-20,AAPL,298.18,302.8,298.08,302.25,24182059.0,IBKR_TRADES,RTH,split_adjusted,traded_shares,2026-09-10T01:20:37.874819+00:00,24
2026-05-20,AMD,428.04,449.39,426.05,447.58,21066519.0,IBKR_TRADES,RTH,split_adjusted,traded_shares,2026-09-10T01:20:37.874819+00:00,24
2026-05-20,NVDA,223.2,226.13,220.49,223.47,94098087.0,IBKR_TRADES,RTH,split_adjusted,traded_shares,2026-09-10T01:20:37.874819+00:00,24
2026-05-20,QQQ,705.29,713.15,703.79,713.15,24835028.0,IBKR_TRADES,RTH,split_adjusted,traded_shares,2026-09-10T01:20:37.874819+00:00,24
2026-05-20,SMH,552.75,564.72,551.65,564.66,5839687.0,IBKR_TRADES,RTH,split_adjusted,traded_shares,2026-09-10T01:20:37.874819+00:00,24
2026-05-21,AAPL,301.03,305.54,300.4,304.99,21155576.0,IBKR_TRADES,RTH,split_adjusted,traded_shares,2026-09-10T01:20:37.874819+00:00,24
2026-05-21,AMD,441.93,451.2,431.6,449.59,16195568.0,IBKR_TRADES,RTH,split_adjusted,traded_shares,2026-09-10T01:20:37.874819+00:00,24
2026-05-21,NVDA,222.33,227.4,217.93,219.51,129068420.0,IBKR_TRADES,RTH,split_adjusted,traded_shares,2026-09-10T01:20:37.874819+00:00,24
2026-05-21,QQQ,708.99,717.12,706.77,714.51,26392535.0,IBKR_TRADES,RTH,split_adjusted,traded_shares,2026-09-10T01:20:37.874819+00:00,24
2026-05-21,SMH,561.02,570.6,557.62,567.88,5491985.0,IBKR_TRADES,RTH,split_adjusted,traded_shares,2026-09-10T01:20:37.874819+00:00,24
2026-05-22,AAPL,306.06,311.4,305.84,308.82,24955666.0,IBKR_TRADES,RTH,split_adjusted,traded_shares,2026-09-10T01:20:37.874819+00:00,24
2026-05-22,AMD,469.84,481.41,461.71,467.51,21849538.0,IBKR_TRADES,RTH,split_adjusted,traded_shares,2026-09-10T01:20:37.874819+00:00,24
2026-05-22,NVDA,220.9,221.01,214.8,215.33,102468365.0,IBKR_TRADES,RTH,split_adjusted,traded_shares,2026-09-10T01:20:37.874819+00:00,24
2026-05-22,QQQ,718.08,722.12,715.95,717.54,22240102.0,IBKR_TRADES,RTH,split_adjusted,traded_shares,2026-09-10T01:20:37.874819+00:00,24
2026-05-22,SMH,574.27,582.5,572.86,576.32,5027010.0,IBKR_TRADES,RTH,split_adjusted,traded_shares,2026-09-10T01:20:37.874819+00:00,24
2026-05-26,AAPL,309.61,311.82,307.67,308.33,24539756.0,IBKR_TRADES,RTH,split_adjusted,traded_shares,2026-09-10T01:20:37.874819+00:00,24
2026-05-26,AMD,484.8,506.96,480.23,503.89,22177609.0,IBKR_TRADES,RTH,split_adjusted,traded_shares,2026-09-10T01:20:37.874819+00:00,24
2026-05-26,NVDA,216.57,218.18,212.0,214.86,101003248.0,IBKR_TRADES,RTH,split_adjusted,traded_shares,2026-09-10T01:20:37.874819+00:00,24
2026-05-26,QQQ,725.96,731.17,724.16,730.28,24014356.0,IBKR_TRADES,RTH,split_adjusted,traded_shares,2026-09-10T01:20:37.874819+00:00,24
2026-05-26,SMH,591.61,603.97,589.1,602.14,6631243.0,IBKR_TRADES,RTH,split_adjusted,traded_shares,2026-09-10T01:20:37.874819+00:00,24
2026-05-27,AAPL,308.36,313.26,308.3,310.85,25284160.0,IBKR_TRADES,RTH,split_adjusted,traded_shares,2026-09-10T01:20:37.874819+00:00,24
2026-05-27,AMD,508.28,510.21,486.66,495.54,15693714.000000002,IBKR_TRADES,RTH,split_adjusted,traded_shares,2026-09-10T01:20:37.874819+00:00,24
2026-05-27,NVDA,214.09,214.15,208.78,212.6,93694191.0,IBKR_TRADES,RTH,split_adjusted,traded_shares,2026-09-10T01:20:37.874819+00:00,24
2026-05-27,QQQ,732.96,733.32,725.44,729.45,24934766.0,IBKR_TRADES,RTH,split_adjusted,traded_shares,2026-09-10T01:20:37.874819+00:00,24
2026-05-27,SMH,611.96,612.3,584.93,595.5,8416661.0,IBKR_TRADES,RTH,split_adjusted,traded_shares,2026-09-10T01:20:37.874819+00:00,24
2026-05-28,AAPL,310.62,312.8,309.57,312.51,25285936.0,IBKR_TRADES,RTH,split_adjusted,traded_shares,2026-09-10T01:20:37.874819+00:00,24
2026-05-28,AMD,498.93,527.2,493.52,518.09,19113123.0,IBKR_TRADES,RTH,split_adjusted,traded_shares,2026-09-10T01:20:37.874819+00:00,24
2026-05-28,NVDA,211.28,215.52,211.22,214.25,82024514.0,IBKR_TRADES,RTH,split_adjusted,traded_shares,2026-09-10T01:20:37.874819+00:00,24
2026-05-28,QQQ,729.73,736.6,726.41,735.6,22148936.0,IBKR_TRADES,RTH,split_adjusted,traded_shares,2026-09-10T01:20:37.874819+00:00,24
2026-05-28,SMH,595.82,604.74,587.31,599.83,5317091.0,IBKR_TRADES,RTH,split_adjusted,traded_shares,2026-09-10T01:20:37.874819+00:00,24
2026-05-29,AAPL,311.78,315.0,309.53,312.06,25934353.0,IBKR_TRADES,RTH,split_adjusted,traded_shares,2026-09-10T01:20:37.874819+00:00,24
2026-05-29,AMD,520.8,522.0,503.43,516.1,14303668.0,IBKR_TRADES,RTH,split_adjusted,traded_shares,2026-09-10T01:20:37.874819+00:00,24
2026-05-29,NVDA,214.57,217.86,211.14,211.14,107320136.0,IBKR_TRADES,RTH,split_adjusted,traded_shares,2026-09-10T01:20:37.874819+00:00,24
2026-05-29,QQQ,737.85,741.63,735.25,738.31,24549023.0,IBKR_TRADES,RTH,split_adjusted,traded_shares,2026-09-10T01:20:37.874819+00:00,24
2026-05-29,SMH,606.25,611.79,597.12,598.93,5257860.0,IBKR_TRADES,RTH,split_adjusted,traded_shares,2026-09-10T01:20:37.874819+00:00,24
2026-06-01,AAPL,309.37,310.94,305.02,306.31,29277168.0,IBKR_TRADES,RTH,split_adjusted,traded_shares,2026-09-10T01:20:37.874819+00:00,24
2026-06-01,AMD,500.16,517.5,486.8,510.13,19728238.0,IBKR_TRADES,RTH,split_adjusted,traded_shares,2026-09-10T01:20:37.874819+00:00,24
2026-06-01,NVDA,215.73,224.87,215.7,224.36,123663165.0,IBKR_TRADES,RTH,split_adjusted,traded_shares,2026-09-10T01:20:37.874819+00:00,24
2026-06-01,QQQ,737.05,745.65,735.99,742.74,22584643.0,IBKR_TRADES,RTH,split_adjusted,traded_shares,2026-09-10T01:20:37.874819+00:00,24
2026-06-01,SMH,596.1,613.43,593.09,607.81,6323993.0,IBKR_TRADES,RTH,split_adjusted,traded_shares,2026-09-10T01:20:37.874819+00:00,24
2026-06-02,AAPL,307.37,315.45,306.68,315.2,27962454.0,IBKR_TRADES,RTH,split_adjusted,traded_shares,2026-09-10T01:20:37.874819+00:00,24
2026-06-02,AMD,506.3,522.49,501.22,521.54,12458361.0,IBKR_TRADES,RTH,split_adjusted,traded_shares,2026-09-10T01:20:37.874819+00:00,24
2026-06-02,NVDA,227.18,232.28,221.35,222.82,116066913.0,IBKR_TRADES,RTH,split_adjusted,traded_shares,2026-09-10T01:20:37.874819+00:00,24
2026-06-02,QQQ,742.4,746.44,739.23,746.16,19721121.0,IBKR_TRADES,RTH,split_adjusted,traded_shares,2026-09-10T01:20:37.874819+00:00,24
2026-06-02,SMH,619.6,632.57,614.46,632.21,5494595.0,IBKR_TRADES,RTH,split_adjusted,traded_shares,2026-09-10T01:20:37.874819+00:00,24
2026-06-03,AAPL,314.18,316.94,308.85,310.26,29682864.0,IBKR_TRADES,RTH,split_adjusted,traded_shares,2026-09-10T01:20:37.874819+00:00,24
2026-06-03,AMD,533.75,546.44,524.3,542.52,16814190.0,IBKR_TRADES,RTH,split_adjusted,traded_shares,2026-09-10T01:20:37.874819+00:00,24
2026-06-03,NVDA,221.75,222.8,214.51,214.75,94673654.0,IBKR_TRADES,RTH,split_adjusted,traded_shares,2026-09-10T01:20:37.874819+00:00,24
2026-06-03,QQQ,747.31,748.65,741.01,744.21,27553136.0,IBKR_TRADES,RTH,split_adjusted,traded_shares,2026-09-10T01:20:37.874819+00:00,24
2026-06-03,SMH,640.8,642.76,623.91,637.9,7450712.0,IBKR_TRADES,RTH,split_adjusted,traded_shares,2026-09-10T01:20:37.874819+00:00,24
2026-06-04,AAPL,313.16,313.54,309.65,311.23,21852835.0,IBKR_TRADES,RTH,split_adjusted,traded_shares,2026-09-10T01:20:37.874819+00:00,24
2026-06-04,AMD,514.98,532.19,499.87,523.2,16717194.999999998,IBKR_TRADES,RTH,split_adjusted,traded_shares,2026-09-10T01:20:37.874819+00:00,24
2026-06-04,NVDA,214.0,221.6,210.97,218.66,100409814.0,IBKR_TRADES,RTH,split_adjusted,traded_shares,2026-09-10T01:20:37.874819+00:00,24
2026-06-04,QQQ,735.48,743.5,732.62,740.61,25931472.0,IBKR_TRADES,RTH,split_adjusted,traded_shares,2026-09-10T01:20:37.874819+00:00,24
2026-06-04,SMH,613.0,634.78,604.61,627.53,7314245.0,IBKR_TRADES,RTH,split_adjusted,traded_shares,2026-09-10T01:20:37.874819+00:00,24
2026-06-05,AAPL,312.84,315.17,307.15,307.34,38320422.0,IBKR_TRADES,RTH,split_adjusted,traded_shares,2026-09-10T01:20:37.874819+00:00,24
2026-06-05,AMD,499.51,505.62,463.95,466.38,24879717.0,IBKR_TRADES,RTH,split_adjusted,traded_shares,2026-09-10T01:20:37.874819+00:00,24
2026-06-05,NVDA,214.5,214.87,204.33,205.1,128026555.00000001,IBKR_TRADES,RTH,split_adjusted,traded_shares,2026-09-10T01:20:37.874819+00:00,24
2026-06-05,QQQ,730.06,731.69,704.32,705.06,62837855.00000001,IBKR_TRADES,RTH,split_adjusted,traded_shares,2026-09-10T01:20:37.874819+00:00,24
2026-06-05,SMH,605.09,607.0,569.69,569.69,17107715.0,IBKR_TRADES,RTH,split_adjusted,traded_shares,2026-09-10T01:20:37.874819+00:00,24
2026-06-08,AAPL,308.74,317.4,301.17,301.54,54222408.0,IBKR_TRADES,RTH,split_adjusted,traded_shares,2026-09-10T01:20:37.874819+00:00,24
2026-06-08,AMD,485.0,494.97,477.71,490.33,13536712.0,IBKR_TRADES,RTH,split_adjusted,traded_shares,2026-09-10T01:20:37.874819+00:00,24
2026-06-08,NVDA,210.16,210.39,206.0,208.64,72854408.0,IBKR_TRADES,RTH,split_adjusted,traded_shares,2026-09-10T01:20:37.874819+00:00,24
2026-06-08,QQQ,717.8,723.03,713.07,716.07,30529809.0,IBKR_TRADES,RTH,split_adjusted,traded_shares,2026-09-10T01:20:37.874819+00:00,24
2026-06-08,SMH,596.86,606.2,588.54,598.16,9919697.0,IBKR_TRADES,RTH,split_adjusted,traded_shares,2026-09-10T01:20:37.874819+00:00,24
2026-06-09,AAPL,300.24,300.75,287.78,290.55,46893234.0,IBKR_TRADES,RTH,split_adjusted,traded_shares,2026-09-10T01:20:37.874819+00:00,24
2026-06-09,AMD,503.19,505.0,437.23,475.5,23099359.0,IBKR_TRADES,RTH,split_adjusted,traded_shares,2026-09-10T01:20:37.874819+00:00,24
2026-06-09,NVDA,210.68,211.4,199.37,208.19,108551696.0,IBKR_TRADES,RTH,split_adjusted,traded_shares,2026-09-10T01:20:37.874819+00:00,24
2026-06-09,QQQ,722.98,725.66,686.37,707.83,69769078.0,IBKR_TRADES,RTH,split_adjusted,traded_shares,2026-09-10T01:20:37.874819+00:00,24
2026-06-09,SMH,609.48,613.69,554.66,591.01,16026855.000000002,IBKR_TRADES,RTH,split_adjusted,traded_shares,2026-09-10T01:20:37.874819+00:00,24
2026-06-10,AAPL,290.77,294.75,287.38,291.58,32454283.0,IBKR_TRADES,RTH,split_adjusted,traded_shares,2026-09-10T01:20:37.874819+00:00,24
2026-06-10,AMD,468.03,477.45,448.33,452.4,15297803.0,IBKR_TRADES,RTH,split_adjusted,traded_shares,2026-09-10T01:20:37.874819+00:00,24
2026-06-10,NVDA,204.43,207.22,199.94,200.42,93133888.0,IBKR_TRADES,RTH,split_adjusted,traded_shares,2026-09-10T01:20:37.874819+00:00,24
2026-06-10,QQQ,701.66,711.28,692.93,693.69,43510618.0,IBKR_TRADES,RTH,split_adjusted,traded_shares,2026-09-10T01:20:37.874819+00:00,24
2026-06-10,SMH,580.75,598.73,568.29,570.91,9523489.0,IBKR_TRADES,RTH,split_adjusted,traded_shares,2026-09-10T01:20:37.874819+00:00,24
2026-06-11,AAPL,293.71,297.0,289.59,295.63,26024201.0,IBKR_TRADES,RTH,split_adjusted,traded_shares,2026-09-10T01:20:37.874819+00:00,24
2026-06-11,AMD,462.0,490.46,458.02,488.45,16114049.000000002,IBKR_TRADES,RTH,split_adjusted,traded_shares,2026-09-10T01:20:37.874819+00:00,24
2026-06-11,NVDA,201.48,205.66,199.54,204.87,88243485.0,IBKR_TRADES,RTH,split_adjusted,traded_shares,2026-09-10T01:20:37.874819+00:00,24
2026-06-11,QQQ,699.29,718.38,695.0,717.12,49810322.0,IBKR_TRADES,RTH,split_adjusted,traded_shares,2026-09-10T01:20:37.874819+00:00,24
2026-06-11,SMH,582.61,611.62,581.61,609.45,8908446.0,IBKR_TRADES,RTH,split_adjusted,traded_shares,2026-09-10T01:20:37.874819+00:00,24
2026-06-12,AAPL,295.9,297.14,289.62,291.13,24993876.0,IBKR_TRADES,RTH,split_adjusted,traded_shares,2026-09-10T01:20:37.874819+00:00,24
2026-06-12,AMD,499.69,521.71,494.0,511.57,18992384.0,IBKR_TRADES,RTH,split_adjusted,traded_shares,2026-09-10T01:20:37.874819+00:00,24
2026-06-12,NVDA,204.86,207.07,203.43,205.19,67241032.0,IBKR_TRADES,RTH,split_adjusted,traded_shares,2026-09-10T01:20:37.874819+00:00,24
2026-06-12,QQQ,717.61,724.01,711.28,721.34,35428224.0,IBKR_TRADES,RTH,split_adjusted,traded_shares,2026-09-10T01:20:37.874819+00:00,24
2026-06-12,SMH,607.95,624.62,602.21,619.96,6441635.0,IBKR_TRADES,RTH,split_adjusted,traded_shares,2026-09-10T01:20:37.874819+00:00,24
2026-06-15,AAPL,294.04,297.78,291.7,296.42,25833810.0,IBKR_TRADES,RTH,split_adjusted,traded_shares,2026-09-10T01:20:37.874819+00:00,24
2026-06-15,AMD,535.75,558.37,530.5,547.26,15734723.000000002,IBKR_TRADES,RTH,split_adjusted,traded_shares,2026-09-10T01:20:37.874819+00:00,24
2026-06-15,NVDA,208.92,212.72,208.34,212.45,77833089.0,IBKR_TRADES,RTH,split_adjusted,traded_shares,2026-09-10T01:20:37.874819+00:00,24
2026-06-15,QQQ,738.08,744.76,737.38,744.0,24694991.0,IBKR_TRADES,RTH,split_adjusted,traded_shares,2026-09-10T01:20:37.874819+00:00,24
2026-06-15,SMH,643.5,649.24,639.25,647.1,6918009.0,IBKR_TRADES,RTH,split_adjusted,traded_shares,2026-09-10T01:20:37.874819+00:00,24
2026-06-16,AAPL,295.15,300.48,293.97,299.24,22776487.0,IBKR_TRADES,RTH,split_adjusted,traded_shares,2026-09-10T01:20:37.874819+00:00,24
2026-06-16,AMD,547.25,548.82,507.25,507.29,14577190.0,IBKR_TRADES,RTH,split_adjusted,traded_shares,2026-09-10T01:20:37.874819+00:00,24
2026-06-16,NVDA,211.17,211.5,207.29,207.41,65830030.0,IBKR_TRADES,RTH,split_adjusted,traded_shares,2026-09-10T01:20:37.874819+00:00,24
2026-06-16,QQQ,742.25,744.22,729.64,729.86,30571000.0,IBKR_TRADES,RTH,split_adjusted,traded_shares,2026-09-10T01:20:37.874819+00:00,24
2026-06-16,SMH,643.52,648.31,616.0,616.0,8213187.0,IBKR_TRADES,RTH,split_adjusted,traded_shares,2026-09-10T01:20:37.874819+00:00,24
2026-06-17,AAPL,300.89,302.07,294.36,295.95,23706568.0,IBKR_TRADES,RTH,split_adjusted,traded_shares,2026-09-10T01:20:37.874819+00:00,24
2026-06-17,AMD,530.0,532.5,507.3,512.48,15001330.0,IBKR_TRADES,RTH,split_adjusted,traded_shares,2026-09-10T01:20:37.874819+00:00,24
2026-06-17,NVDA,208.59,209.21,203.45,204.65,68964603.0,IBKR_TRADES,RTH,split_adjusted,traded_shares,2026-09-10T01:20:37.874819+00:00,24
2026-06-17,QQQ,735.2,735.68,720.85,722.51,33339906.999999996,IBKR_TRADES,RTH,split_adjusted,traded_shares,2026-09-10T01:20:37.874819+00:00,24
2026-06-17,SMH,633.58,643.5,623.13,623.97,7945224.0,IBKR_TRADES,RTH,split_adjusted,traded_shares,2026-09-10T01:20:37.874819+00:00,24
2026-06-18,AAPL,297.96,300.57,295.62,298.01,32718459.0,IBKR_TRADES,RTH,split_adjusted,traded_shares,2026-09-10T01:20:37.874819+00:00,24
2026-06-18,AMD,531.67,539.69,526.31,537.37,14534472.0,IBKR_TRADES,RTH,split_adjusted,traded_shares,2026-09-10T01:20:37.874819+00:00,24
2026-06-18,NVDA,207.52,211.39,206.5,210.69,89203844.0,IBKR_TRADES,RTH,split_adjusted,traded_shares,2026-09-10T01:20:37.874819+00:00,24
2026-06-18,QQQ,737.2,741.82,732.51,740.62,26348468.0,IBKR_TRADES,RTH,split_adjusted,traded_shares,2026-09-10T01:20:37.874819+00:00,24
2026-06-18,SMH,648.74,663.8,648.15,659.88,7295614.0,IBKR_TRADES,RTH,split_adjusted,traded_shares,2026-09-10T01:20:37.874819+00:00,24
2026-06-22,AAPL,297.31,302.42,296.76,297.01,23837330.0,IBKR_TRADES,RTH,split_adjusted,traded_shares,2026-09-10T01:20:37.874819+00:00,24
2026-06-22,AMD,545.49,562.99,535.71,551.63,12836902.0,IBKR_TRADES,RTH,split_adjusted,traded_shares,2026-09-10T01:20:37.874819+00:00,24
2026-06-22,NVDA,211.44,213.99,207.72,208.65,72742537.0,IBKR_TRADES,RTH,split_adjusted,traded_shares,2026-09-10T01:20:37.874819+00:00,24
2026-06-22,QQQ,742.02,745.45,734.39,737.95,21924880.0,IBKR_TRADES,RTH,split_adjusted,traded_shares,2026-09-10T01:20:37.874819+00:00,24
2026-06-22,SMH,670.35,671.83,660.02,668.91,5301780.0,IBKR_TRADES,RTH,split_adjusted,traded_shares,2026-09-10T01:20:37.874819+00:00,24
2026-06-23,AAPL,297.54,301.64,294.18,294.3,29993153.0,IBKR_TRADES,RTH,split_adjusted,traded_shares,2026-09-10T01:20:37.874819+00:00,24
2026-06-23,AMD,509.08,528.49,506.81,519.85,13513151.0,IBKR_TRADES,RTH,split_adjusted,traded_shares,2026-09-10T01:20:37.874819+00:00,24
2026-06-23,NVDA,202.16,203.77,200.0,200.04,74822416.0,IBKR_TRADES,RTH,split_adjusted,traded_shares,2026-09-10T01:20:37.874819+00:00,24
2026-06-23,QQQ,715.74,723.61,712.11,713.65,35545751.0,IBKR_TRADES,RTH,split_adjusted,traded_shares,2026-09-10T01:20:37.874819+00:00,24
2026-06-23,SMH,625.93,636.88,617.27,622.05,12322219.0,IBKR_TRADES,RTH,split_adjusted,traded_shares,2026-09-10T01:20:37.874819+00:00,24
2026-06-24,AAPL,295.38,299.7,292.94,293.08,28100765.0,IBKR_TRADES,RTH,split_adjusted,traded_shares,2026-09-10T01:20:37.874819+00:00,24
2026-06-24,AMD,520.82,524.96,503.5,519.74,11976816.0,IBKR_TRADES,RTH,split_adjusted,traded_shares,2026-09-10T01:20:37.874819+00:00,24
2026-06-24,NVDA,200.28,201.67,196.58,199.0,73181113.0,IBKR_TRADES,RTH,split_adjusted,traded_shares,2026-09-10T01:20:37.874819+00:00,24
2026-06-24,QQQ,715.4,719.93,704.45,710.62,30180818.0,IBKR_TRADES,RTH,split_adjusted,traded_shares,2026-09-10T01:20:37.874819+00:00,24
2026-06-24,SMH,622.28,625.23,606.23,618.92,8192094.0,IBKR_TRADES,RTH,split_adjusted,traded_shares,2026-09-10T01:20:37.874819+00:00,24
2026-06-25,AAPL,287.55,288.8,273.75,275.15,70258196.0,IBKR_TRADES,RTH,split_adjusted,traded_shares,2026-09-10T01:20:37.874819+00:00,24
2026-06-25,AMD,543.95,550.88,507.0,532.57,14556218.0,IBKR_TRADES,RTH,split_adjusted,traded_shares,2026-09-10T01:20:37.874819+00:00,24
2026-06-25,NVDA,200.16,200.74,192.13,195.74,79590319.0,IBKR_TRADES,RTH,split_adjusted,traded_shares,2026-09-10T01:20:37.874819+00:00,24
2026-06-25,QQQ,725.9,726.83,705.3,716.38,35773476.0,IBKR_TRADES,RTH,split_adjusted,traded_shares,2026-09-10T01:20:37.874819+00:00,24
2026-06-25,SMH,649.38,650.03,613.93,636.88,8871111.0,IBKR_TRADES,RTH,split_adjusted,traded_shares,2026-09-10T01:20:37.874819+00:00,24
2026-06-26,AAPL,275.0,285.95,274.24,283.78,78308371.0,IBKR_TRADES,RTH,split_adjusted,traded_shares,2026-09-10T01:20:37.874819+00:00,24
2026-06-26,AMD,519.87,525.11,502.61,521.58,16180926.999999998,IBKR_TRADES,RTH,split_adjusted,traded_shares,2026-09-10T01:20:37.874819+00:00,24
2026-06-26,NVDA,193.12,195.55,191.22,192.53,69154709.0,IBKR_TRADES,RTH,split_adjusted,traded_shares,2026-09-10T01:20:37.874819+00:00,24
2026-06-26,QQQ,707.13,715.56,702.81,706.52,25673060.0,IBKR_TRADES,RTH,split_adjusted,traded_shares,2026-09-10T01:20:37.874819+00:00,24
2026-06-26,SMH,616.79,621.71,609.0,611.61,8272597.999999999,IBKR_TRADES,RTH,split_adjusted,traded_shares,2026-09-10T01:20:37.874819+00:00,24
2026-06-29,AAPL,286.85,288.37,279.85,281.74,37899837.0,IBKR_TRADES,RTH,split_adjusted,traded_shares,2026-09-10T01:20:37.874819+00:00,24
2026-06-29,AMD,522.89,542.19,495.35,539.49,14921954.0,IBKR_TRADES,RTH,split_adjusted,traded_shares,2026-09-10T01:20:37.874819+00:00,24
2026-06-29,NVDA,193.84,196.18,189.86,194.97,72297329.0,IBKR_TRADES,RTH,split_adjusted,traded_shares,2026-09-10T01:20:37.874819+00:00,24
2026-06-29,QQQ,713.98,724.58,705.17,724.08,29606132.0,IBKR_TRADES,RTH,split_adjusted,traded_shares,2026-09-10T01:20:37.874819+00:00,24
2026-06-29,SMH,615.03,633.26,596.17,631.98,7464978.0,IBKR_TRADES,RTH,split_adjusted,traded_shares,2026-09-10T01:20:37.874819+00:00,24
2026-06-30,AAPL,281.17,289.94,280.69,289.36,32242246.0,IBKR_TRADES,RTH,split_adjusted,traded_shares,2026-09-10T01:20:37.874819+00:00,24
2026-06-30,AMD,545.29,584.73,545.19,580.91,18362622.0,IBKR_TRADES,RTH,split_adjusted,traded_shares,2026-09-10T01:20:37.874819+00:00,24
2026-06-30,NVDA,197.19,200.63,195.11,200.09,73858168.0,IBKR_TRADES,RTH,split_adjusted,traded_shares,2026-09-10T01:20:37.874819+00:00,24
2026-06-30,QQQ,724.18,737.62,723.91,736.4,26323287.0,IBKR_TRADES,RTH,split_adjusted,traded_shares,2026-09-10T01:20:37.874819+00:00,24
2026-06-30,SMH,636.07,659.74,634.6,655.89,5841503.0,IBKR_TRADES,RTH,split_adjusted,traded_shares,2026-09-10T01:20:37.874819+00:00,24
2026-07-01,AAPL,293.49,296.59,289.19,294.38,30878925.999999996,IBKR_TRADES,RTH,split_adjusted,traded_shares,2026-09-10T01:20:37.874819+00:00,24
2026-07-01,AMD,557.48,564.09,538.74,540.88,14147912.0,IBKR_TRADES,RTH,split_adjusted,traded_shares,2026-09-10T01:20:37.874819+00:00,24
2026-07-01,NVDA,196.21,199.85,193.45,197.58,79476803.0,IBKR_TRADES,RTH,split_adjusted,traded_shares,2026-09-10T01:20:37.874819+00:00,24
2026-07-01,QQQ,729.18,731.92,724.6,725.17,25797774.0,IBKR_TRADES,RTH,split_adjusted,traded_shares,2026-09-10T01:20:37.874819+00:00,24
2026-07-01,SMH,634.25,639.89,618.62,620.46,8837770.0,IBKR_TRADES,RTH,split_adjusted,traded_shares,2026-09-10T01:20:37.874819+00:00,24
2026-07-02,AAPL,294.13,309.42,293.7,308.63,49511055.0,IBKR_TRADES,RTH,split_adjusted,traded_shares,2026-09-10T01:20:37.874819+00:00,24
2026-07-02,AMD,538.44,547.65,506.0,517.82,13711427.0,IBKR_TRADES,RTH,split_adjusted,traded_shares,2026-09-10T01:20:37.874819+00:00,24
2026-07-02,NVDA,197.16,200.06,192.35,194.83,78435012.0,IBKR_TRADES,RTH,split_adjusted,traded_shares,2026-09-10T01:20:37.874819+00:00,24
2026-07-02,QQQ,725.56,730.83,707.56,712.6,33769164.0,IBKR_TRADES,RTH,split_adjusted,traded_shares,2026-09-10T01:20:37.874819+00:00,24
2026-07-02,SMH,622.58,627.7,582.6,592.29,14807802.0,IBKR_TRADES,RTH,split_adjusted,traded_shares,2026-09-10T01:20:37.874819+00:00,24
2026-07-06,AAPL,307.22,314.2,307.0,312.66,27675179.0,IBKR_TRADES,RTH,split_adjusted,traded_shares,2026-09-10T01:20:37.874819+00:00,24
2026-07-06,AMD,535.35,572.5,527.0,552.05,17097402.0,IBKR_TRADES,RTH,split_adjusted,traded_shares,2026-09-10T01:20:37.874819+00:00,24
2026-07-06,NVDA,194.42,197.55,193.99,195.55,56017776.0,IBKR_TRADES,RTH,split_adjusted,traded_shares,2026-09-10T01:20:37.874819+00:00,24
2026-07-06,QQQ,719.84,726.08,718.45,722.82,20896832.0,IBKR_TRADES,RTH,split_adjusted,traded_shares,2026-09-10T01:20:37.874819+00:00,24
2026-07-06,SMH,607.05,618.21,604.05,604.3,6232423.0,IBKR_TRADES,RTH,split_adjusted,traded_shares,2026-09-10T01:20:37.874819+00:00,24
2026-07-07,AAPL,315.29,315.48,310.15,310.66,26576203.0,IBKR_TRADES,RTH,split_adjusted,traded_shares,2026-09-10T01:20:37.874819+00:00,24
2026-07-07,AMD,515.9,524.97,503.11,516.11,15976208.999999998,IBKR_TRADES,RTH,split_adjusted,traded_shares,2026-09-10T01:20:37.874819+00:00,24
2026-07-07,NVDA,192.39,198.41,191.14,196.93,76394761.0,IBKR_TRADES,RTH,split_adjusted,traded_shares,2026-09-10T01:20:37.874819+00:00,24
2026-07-07,QQQ,714.17,716.35,704.9,709.43,28982726.0,IBKR_TRADES,RTH,split_adjusted,traded_shares,2026-09-10T01:20:37.874819+00:00,24
2026-07-07,SMH,580.02,585.97,566.83,581.45,10685299.0,IBKR_TRADES,RTH,split_adjusted,traded_shares,2026-09-10T01:20:37.874819+00:00,24
2026-07-08,AAPL,311.91,314.82,307.05,313.39,25798145.0,IBKR_TRADES,RTH,split_adjusted,traded_shares,2026-09-10T01:20:37.874819+00:00,24
2026-07-08,AMD,504.81,522.98,498.15,517.4,11448974.0,IBKR_TRADES,RTH,split_adjusted,traded_shares,2026-09-10T01:20:37.874819+00:00,24
2026-07-08,NVDA,195.18,205.16,195.06,204.12,89893258.0,IBKR_TRADES,RTH,split_adjusted,traded_shares,2026-09-10T01:20:37.874819+00:00,24
2026-07-08,QQQ,704.95,712.26,700.91,711.44,24722508.0,IBKR_TRADES,RTH,split_adjusted,traded_shares,2026-09-10T01:20:37.874819+00:00,24
2026-07-08,SMH,575.33,595.0,575.04,593.0,6903017.0,IBKR_TRADES,RTH,split_adjusted,traded_shares,2026-09-10T01:20:37.874819+00:00,24
2026-07-09,AAPL,310.34,316.53,308.16,316.22,23888160.0,IBKR_TRADES,RTH,split_adjusted,traded_shares,2026-09-10T01:20:37.874819+00:00,24
2026-07-09,AMD,537.3,559.5,535.2,546.72,14931056.0,IBKR_TRADES,RTH,split_adjusted,traded_shares,2026-09-10T01:20:37.874819+00:00,24
2026-07-09,NVDA,204.43,204.59,198.96,202.78,78634544.0,IBKR_TRADES,RTH,split_adjusted,traded_shares,2026-09-10T01:20:37.874819+00:00,24
2026-07-09,QQQ,718.33,724.23,715.12,723.28,21293827.0,IBKR_TRADES,RTH,split_adjusted,traded_shares,2026-09-10T01:20:37.874819+00:00,24
2026-07-09,SMH,615.48,618.17,604.7,607.73,6485418.0,IBKR_TRADES,RTH,split_adjusted,traded_shares,2026-09-10T01:20:37.874819+00:00,24
2026-07-10,AAPL,314.66,316.91,312.17,315.32,18735958.0,IBKR_TRADES,RTH,split_adjusted,traded_shares,2026-09-10T01:20:37.874819+00:00,24
2026-07-10,AMD,543.68,560.25,540.05,557.89,10739776.0,IBKR_TRADES,RTH,split_adjusted,traded_shares,2026-09-10T01:20:37.874819+00:00,24
2026-07-10,NVDA,202.0,211.0,201.92,210.96,93748451.0,IBKR_TRADES,RTH,split_adjusted,traded_shares,2026-09-10T01:20:37.874819+00:00,24
2026-07-10,QQQ,720.7,726.39,717.0,725.51,18134201.0,IBKR_TRADES,RTH,split_adjusted,traded_shares,2026-09-10T01:20:37.874819+00:00,24
2026-07-10,SMH,600.87,615.05,595.84,611.03,4797073.0,IBKR_TRADES,RTH,split_adjusted,traded_shares,2026-09-10T01:20:37.874819+00:00,24
2026-07-13,AAPL,317.04,323.45,315.78,317.31,26320698.0,IBKR_TRADES,RTH,split_adjusted,traded_shares,2026-09-10T01:20:37.874819+00:00,24
2026-07-13,AMD,537.02,551.87,526.92,534.39,12603487.0,IBKR_TRADES,RTH,split_adjusted,traded_shares,2026-09-10T01:20:37.874819+00:00,24
2026-07-13,NVDA,208.6,210.57,203.35,203.53,70005884.0,IBKR_TRADES,RTH,split_adjusted,traded_shares,2026-09-10T01:20:37.874819+00:00,24
2026-07-13,QQQ,717.72,718.74,710.08,711.74,25041350.0,IBKR_TRADES,RTH,split_adjusted,traded_shares,2026-09-10T01:20:37.874819+00:00,24
2026-07-13,SMH,598.0,599.36,583.09,585.62,5918312.0,IBKR_TRADES,RTH,split_adjusted,traded_shares,2026-09-10T01:20:37.874819+00:00,24
2026-07-14,AAPL,313.61,316.19,311.91,314.86,18057136.0,IBKR_TRADES,RTH,split_adjusted,traded_shares,2026-09-10T01:20:37.874819+00:00,24
2026-07-14,AMD,567.81,574.2,546.77,548.13,12108433.0,IBKR_TRADES,RTH,split_adjusted,traded_shares,2026-09-10T01:20:37.874819+00:00,24
2026-07-14,NVDA,208.35,212.55,203.8,211.8,74100677.0,IBKR_TRADES,RTH,split_adjusted,traded_shares,2026-09-10T01:20:37.874819+00:00,24
2026-07-14,QQQ,720.22,722.29,714.34,719.69,17886865.0,IBKR_TRADES,RTH,split_adjusted,traded_shares,2026-09-10T01:20:37.874819+00:00,24
2026-07-14,SMH,608.9,608.9,590.38,600.31,4944082.0,IBKR_TRADES,RTH,split_adjusted,traded_shares,2026-09-10T01:20:37.874819+00:00,24
2026-07-15,AAPL,317.52,328.73,317.32,327.5,39419443.0,IBKR_TRADES,RTH,split_adjusted,traded_shares,2026-09-10T01:20:37.874819+00:00,24
2026-07-15,AMD,556.43,558.89,509.57,529.14,15125272.999999998,IBKR_TRADES,RTH,split_adjusted,traded_shares,2026-09-10T01:20:37.874819+00:00,24
2026-07-15,NVDA,211.96,213.81,206.04,212.5,70868895.0,IBKR_TRADES,RTH,split_adjusted,traded_shares,2026-09-10T01:20:37.874819+00:00,24
2026-07-15,QQQ,723.85,724.36,710.23,717.74,22306700.0,IBKR_TRADES,RTH,split_adjusted,traded_shares,2026-09-10T01:20:37.874819+00:00,24
2026-07-15,SMH,606.88,606.88,573.72,590.77,8232439.0,IBKR_TRADES,RTH,split_adjusted,traded_shares,2026-09-10T01:20:37.874819+00:00,24
2026-07-16,AAPL,328.25,334.68,326.79,333.26,41831405.0,IBKR_TRADES,RTH,split_adjusted,traded_shares,2026-09-10T01:20:37.874819+00:00,24
2026-07-16,AMD,509.68,518.74,491.8,500.94,14075507.0,IBKR_TRADES,RTH,split_adjusted,traded_shares,2026-09-10T01:20:37.874819+00:00,24
2026-07-16,NVDA,210.21,211.08,205.84,207.4,64752267.0,IBKR_TRADES,RTH,split_adjusted,traded_shares,2026-09-10T01:20:37.874819+00:00,24
2026-07-16,QQQ,712.01,713.6,702.61,705.94,24329959.0,IBKR_TRADES,RTH,split_adjusted,traded_shares,2026-09-10T01:20:37.874819+00:00,24
2026-07-16,SMH,575.99,581.84,564.45,568.92,8384562.999999999,IBKR_TRADES,RTH,split_adjusted,traded_shares,2026-09-10T01:20:37.874819+00:00,24
2026-07-17,AAPL,332.17,334.99,329.0,333.74,42966164.0,IBKR_TRADES,RTH,split_adjusted,traded_shares,2026-09-10T01:20:37.874819+00:00,24
2026-07-17,AMD,476.88,505.88,460.21,495.76,17254828.0,IBKR_TRADES,RTH,split_adjusted,traded_shares,2026-09-10T01:20:37.874819+00:00,24
2026-07-17,NVDA,202.64,206.65,197.97,202.81,83719545.0,IBKR_TRADES,RTH,split_adjusted,traded_shares,2026-09-10T01:20:37.874819+00:00,24
2026-07-17,QQQ,691.54,702.3,686.76,695.33,31746380.000000004,IBKR_TRADES,RTH,split_adjusted,traded_shares,2026-09-10T01:20:37.874819+00:00,24
2026-07-17,SMH,547.94,567.41,536.81,556.53,13551500.0,IBKR_TRADES,RTH,split_adjusted,traded_shares,2026-09-10T01:20:37.874819+00:00,24
2026-07-20,AAPL,333.51,333.68,323.71,326.59,33808041.0,IBKR_TRADES,RTH,split_adjusted,traded_shares,2026-09-10T01:20:37.874819+00:00,24
2026-07-20,AMD,516.7,522.44,502.36,503.57,13123438.0,IBKR_TRADES,RTH,split_adjusted,traded_shares,2026-09-10T01:20:37.874819+00:00,24
2026-07-20,NVDA,205.87,207.74,202.28,203.28,52615368.0,IBKR_TRADES,RTH,split_adjusted,traded_shares,2026-09-10T01:20:37.874819+00:00,24
2026-07-20,QQQ,702.17,705.8,695.51,696.06,19993030.0,IBKR_TRADES,RTH,split_adjusted,traded_shares,2026-09-10T01:20:37.874819+00:00,24
2026-07-20,SMH,568.78,572.77,557.24,558.83,5076787.0,IBKR_TRADES,RTH,split_adjusted,traded_shares,2026-09-10T01:20:37.874819+00:00,24
2026-07-21,AAPL,323.21,329.6,322.22,327.74,25166793.0,IBKR_TRADES,RTH,split_adjusted,traded_shares,2026-09-10T01:20:37.874819+00:00,24
2026-07-21,AMD,525.28,548.14,522.6,544.43,15897408.000000002,IBKR_TRADES,RTH,split_adjusted,traded_shares,2026-09-10T01:20:37.874819+00:00,24
2026-07-21,NVDA,207.54,208.65,204.01,207.29,61863693.99999999,IBKR_TRADES,RTH,split_adjusted,traded_shares,2026-09-10T01:20:37.874819+00:00,24
2026-07-21,QQQ,706.59,710.05,702.8,708.97,19998846.0,IBKR_TRADES,RTH,split_adjusted,traded_shares,2026-09-10T01:20:37.874819+00:00,24
2026-07-21,SMH,580.96,586.0,572.05,584.08,5089082.0,IBKR_TRADES,RTH,split_adjusted,traded_shares,2026-09-10T01:20:37.874819+00:00,24
2026-07-22,AAPL,327.86,329.0,323.34,325.89,20510028.0,IBKR_TRADES,RTH,split_adjusted,traded_shares,2026-09-10T01:20:37.874819+00:00,24
2026-07-22,AMD,526.88,561.47,526.21,552.33,13574406.0,IBKR_TRADES,RTH,split_adjusted,traded_shares,2026-09-10T01:20:37.874819+00:00,24
2026-07-22,NVDA,205.83,214.39,204.95,212.06,85351859.0,IBKR_TRADES,RTH,split_adjusted,traded_shares,2026-09-10T01:20:37.874819+00:00,24
2026-07-22,QQQ,703.56,709.65,703.56,705.35,15204213.0,IBKR_TRADES,RTH,split_adjusted,traded_shares,2026-09-10T01:20:37.874819+00:00,24
2026-07-22,SMH,571.35,592.01,571.35,586.91,3440446.0,IBKR_TRADES,RTH,split_adjusted,traded_shares,2026-09-10T01:20:37.874819+00:00,24
2026-07-23,AAPL,321.69,323.3,319.35,321.66,20938616.0,IBKR_TRADES,RTH,split_adjusted,traded_shares,2026-09-10T01:20:37.874819+00:00,24
2026-07-23,AMD,544.74,556.49,525.0,539.69,15211423.0,IBKR_TRADES,RTH,split_adjusted,traded_shares,2026-09-10T01:20:37.874819+00:00,24
2026-07-23,NVDA,209.46,210.87,205.96,208.76,64638811.0,IBKR_TRADES,RTH,split_adjusted,traded_shares,2026-09-10T01:20:37.874819+00:00,24
2026-07-23,QQQ,694.67,698.66,687.79,691.96,27521168.0,IBKR_TRADES,RTH,split_adjusted,traded_shares,2026-09-10T01:20:37.874819+00:00,24
2026-07-23,SMH,577.2,586.89,573.99,580.17,4950022.0,IBKR_TRADES,RTH,split_adjusted,traded_shares,2026-09-10T01:20:37.874819+00:00,24
2026-07-24,AAPL,321.79,334.37,321.62,333.02,30171318.0,IBKR_TRADES,RTH,split_adjusted,traded_shares,2026-09-10T01:20:37.874819+00:00,24
2026-07-24,AMD,547.38,549.0,518.0,521.95,16123088.999999998,IBKR_TRADES,RTH,split_adjusted,traded_shares,2026-09-10T01:20:37.874819+00:00,24
2026-07-24,NVDA,207.53,211.91,204.81,206.84,66151808.00000001,IBKR_TRADES,RTH,split_adjusted,traded_shares,2026-09-10T01:20:37.874819+00:00,24
2026-07-24,QQQ,690.44,692.63,682.48,684.23,28719076.0,IBKR_TRADES,RTH,split_adjusted,traded_shares,2026-09-10T01:20:37.874819+00:00,24
2026-07-24,SMH,574.18,578.52,556.49,561.19,10893798.0,IBKR_TRADES,RTH,split_adjusted,traded_shares,2026-09-10T01:20:37.874819+00:00,24
2026-07-27,AAPL,334.99,339.57,334.02,336.91,28961463.0,IBKR_TRADES,RTH,split_adjusted,traded_shares,2026-09-10T01:20:37.874819+00:00,24
2026-07-27,AMD,527.5,528.0,476.93,494.95,18016050.0,IBKR_TRADES,RTH,split_adjusted,traded_shares,2026-09-10T01:20:37.874819+00:00,24
2026-07-27,NVDA,208.19,208.7,195.44,196.51,91654412.0,IBKR_TRADES,RTH,split_adjusted,traded_shares,2026-09-10T01:20:37.874819+00:00,24
2026-07-27,QQQ,691.68,692.3,675.94,682.12,29713704.0,IBKR_TRADES,RTH,split_adjusted,traded_shares,2026-09-10T01:20:37.874819+00:00,24
2026-07-27,SMH,565.94,567.62,535.31,548.55,12216453.0,IBKR_TRADES,RTH,split_adjusted,traded_shares,2026-09-10T01:20:37.874819+00:00,24
2026-07-28,AAPL,340.02,342.89,335.6,340.08,30900583.0,IBKR_TRADES,RTH,split_adjusted,traded_shares,2026-09-10T01:20:37.874819+00:00,24
2026-07-28,AMD,466.59,472.75,442.27,454.62,20555513.0,IBKR_TRADES,RTH,split_adjusted,traded_shares,2026-09-10T01:20:37.874819+00:00,24
2026-07-28,NVDA,194.92,198.7,192.74,197.01,73663122.0,IBKR_TRADES,RTH,split_adjusted,traded_shares,2026-09-10T01:20:37.874819+00:00,24
2026-07-28,QQQ,676.29,679.4,667.88,675.49,31905778.0,IBKR_TRADES,RTH,split_adjusted,traded_shares,2026-09-10T01:20:37.874819+00:00,24
2026-07-28,SMH,531.65,535.94,518.25,529.6,12672884.0,IBKR_TRADES,RTH,split_adjusted,traded_shares,2026-09-10T01:20:37.874819+00:00,24
2026-07-29,AAPL,339.64,344.57,337.35,338.19,35023452.0,IBKR_TRADES,RTH,split_adjusted,traded_shares,2026-09-10T01:20:37.874819+00:00,24
2026-07-29,AMD,452.68,457.22,424.03,429.56,19209826.0,IBKR_TRADES,RTH,split_adjusted,traded_shares,2026-09-10T01:20:37.874819+00:00,24
2026-07-29,NVDA,195.81,197.08,190.01,190.01,78895428.0,IBKR_TRADES,RTH,split_adjusted,traded_shares,2026-09-10T01:20:37.874819+00:00,24
2026-07-29,QQQ,675.51,680.05,661.14,661.73,37610857.0,IBKR_TRADES,RTH,split_adjusted,traded_shares,2026-09-10T01:20:37.874819+00:00,24
2026-07-29,SMH,525.99,532.17,503.63,504.22,12124391.0,IBKR_TRADES,RTH,split_adjusted,traded_shares,2026-09-10T01:20:37.874819+00:00,24
2026-07-30,AAPL,333.03,334.75,329.59,333.43,34433350.0,IBKR_TRADES,RTH,split_adjusted,traded_shares,2026-09-10T01:20:37.874819+00:00,24
2026-07-30,AMD,459.93,498.2,457.68,485.39,20100371.0,IBKR_TRADES,RTH,split_adjusted,traded_shares,2026-09-10T01:20:37.874819+00:00,24
2026-07-30,NVDA,193.31,197.25,191.52,195.04,75680906.0,IBKR_TRADES,RTH,split_adjusted,traded_shares,2026-09-10T01:20:37.874819+00:00,24
2026-07-30,QQQ,674.75,685.12,673.3,683.55,36404813.0,IBKR_TRADES,RTH,split_adjusted,traded_shares,2026-09-10T01:20:37.874819+00:00,24
2026-07-30,SMH,529.86,544.64,524.56,538.9,9119493.0,IBKR_TRADES,RTH,split_adjusted,traded_shares,2026-09-10T01:20:37.874819+00:00,24
2026-07-31,AAPL,304.74,310.69,300.0,308.91,87695968.0,IBKR_TRADES,RTH,split_adjusted,traded_shares,2026-09-10T01:20:37.874819+00:00,24
2026-07-31,AMD,510.28,515.62,475.76,476.15,15186950.0,IBKR_TRADES,RTH,split_adjusted,traded_shares,2026-09-10T01:20:37.874819+00:00,24
2026-07-31,NVDA,198.49,202.0,194.96,200.75,74983535.0,IBKR_TRADES,RTH,split_adjusted,traded_shares,2026-09-10T01:20:37.874819+00:00,24
2026-07-31,QQQ,692.11,695.77,680.05,687.99,32783044.999999996,IBKR_TRADES,RTH,split_adjusted,traded_shares,2026-09-10T01:20:37.874819+00:00,24
2026-07-31,SMH,557.5,561.44,535.24,540.53,11416412.0,IBKR_TRADES,RTH,split_adjusted,traded_shares,2026-09-10T01:20:37.874819+00:00,24
2026-08-03,AAPL,309.73,311.8,302.56,303.42,49575875.0,IBKR_TRADES,RTH,split_adjusted,traded_shares,2026-09-10T01:20:37.874819+00:00,24
2026-08-03,AMD,461.79,490.95,455.3,484.64,12829263.0,IBKR_TRADES,RTH,split_adjusted,traded_shares,2026-09-10T01:20:37.874819+00:00,24
2026-08-03,NVDA,197.69,208.74,196.9,206.64,76413770.0,IBKR_TRADES,RTH,split_adjusted,traded_shares,2026-09-10T01:20:37.874819+00:00,24
2026-08-03,QQQ,688.3,701.59,685.82,700.07,28116863.0,IBKR_TRADES,RTH,split_adjusted,traded_shares,2026-09-10T01:20:37.874819+00:00,24
2026-08-03,SMH,530.43,548.49,524.77,545.46,4901176.0,IBKR_TRADES,RTH,split_adjusted,traded_shares,2026-09-10T01:20:37.874819+00:00,24
2026-08-04,AAPL,302.76,310.42,301.32,309.38,36516195.0,IBKR_TRADES,RTH,split_adjusted,traded_shares,2026-09-10T01:20:37.874819+00:00,24
2026-08-04,AMD,504.34,530.06,502.2,518.58,21105782.0,IBKR_TRADES,RTH,split_adjusted,traded_shares,2026-09-10T01:20:37.874819+00:00,24
2026-08-04,NVDA,211.3,213.06,209.05,211.94,70664299.0,IBKR_TRADES,RTH,split_adjusted,traded_shares,2026-09-10T01:20:37.874819+00:00,24
2026-08-04,QQQ,708.21,725.66,707.53,723.85,34999288.0,IBKR_TRADES,RTH,split_adjusted,traded_shares,2026-09-10T01:20:37.874819+00:00,24
2026-08-04,SMH,564.29,578.63,562.28,575.71,6490206.0,IBKR_TRADES,RTH,split_adjusted,traded_shares,2026-09-10T01:20:37.874819+00:00,24
2026-08-05,AAPL,309.16,311.71,305.67,311.0,29291473.0,IBKR_TRADES,RTH,split_adjusted,traded_shares,2026-09-10T01:20:37.874819+00:00,24
2026-08-05,AMD,484.5,502.0,478.2,482.05,27006998.0,IBKR_TRADES,RTH,split_adjusted,traded_shares,2026-09-10T01:20:37.874819+00:00,24
2026-08-05,NVDA,216.85,222.22,216.4,219.22,97322614.0,IBKR_TRADES,RTH,split_adjusted,traded_shares,2026-09-10T01:20:37.874819+00:00,24
2026-08-05,QQQ,726.23,728.54,716.92,717.3,21777276.0,IBKR_TRADES,RTH,split_adjusted,traded_shares,2026-09-10T01:20:37.874819+00:00,24
2026-08-05,SMH,574.41,585.0,568.38,569.7,4393267.0,IBKR_TRADES,RTH,split_adjusted,traded_shares,2026-09-10T01:20:37.874819+00:00,24
2026-08-06,AAPL,314.34,316.29,309.23,312.41,25648256.0,IBKR_TRADES,RTH,split_adjusted,traded_shares,2026-09-10T01:20:37.874819+00:00,24
2026-08-06,AMD,471.75,496.72,469.5,489.28,13820130.0,IBKR_TRADES,RTH,split_adjusted,traded_shares,2026-09-10T01:20:37.874819+00:00,24
2026-08-06,NVDA,221.53,223.63,217.0,218.99,69289069.0,IBKR_TRADES,RTH,split_adjusted,traded_shares,2026-09-10T01:20:37.874819+00:00,24
2026-08-06,QQQ,710.76,719.32,708.5,714.65,23096007.0,IBKR_TRADES,RTH,split_adjusted,traded_shares,2026-09-10T01:20:37.874819+00:00,24
2026-08-06,SMH,565.48,580.43,559.56,571.48,4476819.0,IBKR_TRADES,RTH,split_adjusted,traded_shares,2026-09-10T01:20:37.874819+00:00,24
2026-08-07,AAPL,311.49,314.81,310.74,313.33,20762820.0,IBKR_TRADES,RTH,split_adjusted,traded_shares,2026-09-10T01:20:37.874819+00:00,24
2026-08-07,AMD,497.84,498.99,476.06,483.36,15199068.0,IBKR_TRADES,RTH,split_adjusted,traded_shares,2026-09-10T01:20:37.874819+00:00,24
2026-08-07,NVDA,221.6,224.76,220.66,223.96,64436827.99999999,IBKR_TRADES,RTH,split_adjusted,traded_shares,2026-09-10T01:20:37.874819+00:00,24
2026-08-07,QQQ,720.15,723.63,716.51,723.03,22319904.0,IBKR_TRADES,RTH,split_adjusted,traded_shares,2026-09-10T01:20:37.874819+00:00,24
2026-08-07,SMH,583.58,586.09,572.32,582.7,4270161.0,IBKR_TRADES,RTH,split_adjusted,traded_shares,2026-09-10T01:20:37.874819+00:00,24
2026-08-10,AAPL,306.85,308.26,304.61,308.26,27465345.0,IBKR_TRADES,RTH,split_adjusted,traded_shares,2026-09-10T01:20:37.874819+00:00,24
2026-08-10,AMD,477.68,483.36,469.29,469.56,11222314.0,IBKR_TRADES,RTH,split_adjusted,traded_shares,2026-09-10T01:20:37.874819+00:00,24
2026-08-10,NVDA,223.44,224.14,216.77,217.55,70097338.0,IBKR_TRADES,RTH,split_adjusted,traded_shares,2026-09-10T01:20:37.874819+00:00,24
2026-08-10,QQQ,722.39,724.67,720.33,720.87,17374861.0,IBKR_TRADES,RTH,split_adjusted,traded_shares,2026-09-10T01:20:37.874819+00:00,24
2026-08-10,SMH,585.99,586.24,569.2,569.41,4502278.0,IBKR_TRADES,RTH,split_adjusted,traded_shares,2026-09-10T01:20:37.874819+00:00,24
2026-08-11,AAPL,307.7,309.97,302.79,304.91,21207505.0,IBKR_TRADES,RTH,split_adjusted,traded_shares,2026-09-10T01:20:37.874819+00:00,24
2026-08-11,AMD,474.41,475.99,463.21,474.32,9581713.0,IBKR_TRADES,RTH,split_adjusted,traded_shares,2026-09-10T01:20:37.874819+00:00,24
2026-08-11,NVDA,222.05,222.2,216.2,217.5,59793959.0,IBKR_TRADES,RTH,split_adjusted,traded_shares,2026-09-10T01:20:37.874819+00:00,24
2026-08-11,QQQ,723.29,723.38,715.5,718.45,19364381.0,IBKR_TRADES,RTH,split_adjusted,traded_shares,2026-09-10T01:20:37.874819+00:00,24
2026-08-11,SMH,578.57,578.6,569.17,572.93,3409425.0,IBKR_TRADES,RTH,split_adjusted,traded_shares,2026-09-10T01:20:37.874819+00:00,24
2026-08-12,AAPL,305.09,305.66,300.57,302.25,25710059.0,IBKR_TRADES,RTH,split_adjusted,traded_shares,2026-09-10T01:20:37.874819+00:00,24
2026-08-12,AMD,488.3,491.69,480.88,482.93,9808296.0,IBKR_TRADES,RTH,split_adjusted,traded_shares,2026-09-10T01:20:37.874819+00:00,24
2026-08-12,NVDA,221.0,225.1,220.2,224.09,66829918.0,IBKR_TRADES,RTH,split_adjusted,traded_shares,2026-09-10T01:20:37.874819+00:00,24
2026-08-12,QQQ,727.08,727.25,722.92,723.7,17294999.0,IBKR_TRADES,RTH,split_adjusted,traded_shares,2026-09-10T01:20:37.874819+00:00,24
2026-08-12,SMH,590.3,590.57,583.79,584.83,4680399.0,IBKR_TRADES,RTH,split_adjusted,traded_shares,2026-09-10T01:20:37.874819+00:00,24
2026-08-13,AAPL,304.18,306.0,302.05,305.26,22666274.0,IBKR_TRADES,RTH,split_adjusted,traded_shares,2026-09-10T01:20:37.874819+00:00,24
2026-08-13,AMD,483.0,497.99,481.0,483.01,10167033.0,IBKR_TRADES,RTH,split_adjusted,traded_shares,2026-09-10T01:20:37.874819+00:00,24
2026-08-13,NVDA,225.12,227.23,223.71,225.3,60676576.0,IBKR_TRADES,RTH,split_adjusted,traded_shares,2026-09-10T01:20:37.874819+00:00,24
2026-08-13,QQQ,725.15,733.96,724.03,732.07,21393888.0,IBKR_TRADES,RTH,split_adjusted,traded_shares,2026-09-10T01:20:37.874819+00:00,24
2026-08-13,SMH,586.38,597.95,585.01,589.12,4921085.0,IBKR_TRADES,RTH,split_adjusted,traded_shares,2026-09-10T01:20:37.874819+00:00,24
2026-08-14,AAPL,305.88,307.49,304.3,305.93,14621824.0,IBKR_TRADES,RTH,split_adjusted,traded_shares,2026-09-10T01:20:37.874819+00:00,24
2026-08-14,AMD,487.65,514.67,483.2,514.39,15768806.000000002,IBKR_TRADES,RTH,split_adjusted,traded_shares,2026-09-10T01:20:37.874819+00:00,24
2026-08-14,NVDA,226.75,227.49,224.5,225.16,45033845.0,IBKR_TRADES,RTH,split_adjusted,traded_shares,2026-09-10T01:20:37.874819+00:00,24
2026-08-14,QQQ,733.41,734.39,728.32,731.07,16185734.0,IBKR_TRADES,RTH,split_adjusted,traded_shares,2026-09-10T01:20:37.874819+00:00,24
2026-08-14,SMH,587.51,590.33,581.87,587.82,3915907.0000000005,IBKR_TRADES,RTH,split_adjusted,traded_shares,2026-09-10T01:20:37.874819+00:00,24
2026-08-17,AAPL,306.0,307.66,302.96,305.59,19820424.0,IBKR_TRADES,RTH,split_adjusted,traded_shares,2026-09-10T01:20:37.874819+00:00,24
2026-08-17,AMD,514.23,517.35,504.52,506.0,11241364.0,IBKR_TRADES,RTH,split_adjusted,traded_shares,2026-09-10T01:20:37.874819+00:00,24
2026-08-17,NVDA,226.01,227.92,224.86,225.01,52663986.0,IBKR_TRADES,RTH,split_adjusted,traded_shares,2026-09-10T01:20:37.874819+00:00,24
2026-08-17,QQQ,732.93,734.58,729.27,729.87,18509595.0,IBKR_TRADES,RTH,split_adjusted,traded_shares,2026-09-10T01:20:37.874819+00:00,24
2026-08-17,SMH,593.72,600.37,591.5,594.07,4385921.0,IBKR_TRADES,RTH,split_adjusted,traded_shares,2026-09-10T01:20:37.874819+00:00,24
2026-08-18,AAPL,307.58,311.49,305.74,310.03,28018975.0,IBKR_TRADES,RTH,split_adjusted,traded_shares,2026-09-10T01:20:37.874819+00:00,24
2026-08-18,AMD,487.56,491.81,475.0,484.39,11720516.0,IBKR_TRADES,RTH,split_adjusted,traded_shares,2026-09-10T01:20:37.874819+00:00,24
2026-08-18,NVDA,220.31,221.64,218.69,219.74,58199982.0,IBKR_TRADES,RTH,split_adjusted,traded_shares,2026-09-10T01:20:37.874819+00:00,24
2026-08-18,QQQ,720.22,722.13,715.92,717.51,31669226.999999996,IBKR_TRADES,RTH,split_adjusted,traded_shares,2026-09-10T01:20:37.874819+00:00,24
2026-08-18,SMH,574.28,577.76,562.63,569.77,7785431.0,IBKR_TRADES,RTH,split_adjusted,traded_shares,2026-09-10T01:20:37.874819+00:00,24
2026-08-19,AAPL,310.14,319.28,309.6,316.83,28432672.0,IBKR_TRADES,RTH,split_adjusted,traded_shares,2026-09-10T01:20:37.874819+00:00,24
2026-08-19,AMD,486.08,487.01,462.55,466.42,9975458.0,IBKR_TRADES,RTH,split_adjusted,traded_shares,2026-09-10T01:20:37.874819+00:00,24
2026-08-19,NVDA,221.78,222.87,216.76,217.56,53609563.0,IBKR_TRADES,RTH,split_adjusted,traded_shares,2026-09-10T01:20:37.874819+00:00,24
2026-08-19,QQQ,720.39,721.5,712.61,716.08,24289276.0,IBKR_TRADES,RTH,split_adjusted,traded_shares,2026-09-10T01:20:37.874819+00:00,24
2026-08-19,SMH,575.06,576.84,556.31,560.92,5860682.0,IBKR_TRADES,RTH,split_adjusted,traded_shares,2026-09-10T01:20:37.874819+00:00,24
2026-08-20,AAPL,317.46,320.27,310.65,311.3,20155307.0,IBKR_TRADES,RTH,split_adjusted,traded_shares,2026-09-10T01:20:37.874819+00:00,24
2026-08-20,AMD,466.01,475.53,460.27,469.45,8607889.0,IBKR_TRADES,RTH,split_adjusted,traded_shares,2026-09-10T01:20:37.874819+00:00,24
2026-08-20,NVDA,218.39,219.86,215.66,216.85,49177002.0,IBKR_TRADES,RTH,split_adjusted,traded_shares,2026-09-10T01:20:37.874819+00:00,24
2026-08-20,QQQ,712.09,714.94,708.52,710.93,22122724.0,IBKR_TRADES,RTH,split_adjusted,traded_shares,2026-09-10T01:20:37.874819+00:00,24
2026-08-20,SMH,559.38,566.0,557.26,562.65,3908512.0,IBKR_TRADES,RTH,split_adjusted,traded_shares,2026-09-10T01:20:37.874819+00:00,24
2026-08-21,AAPL,312.02,312.38,307.01,309.35,22268416.0,IBKR_TRADES,RTH,split_adjusted,traded_shares,2026-09-10T01:20:37.874819+00:00,24
2026-08-21,AMD,477.18,477.36,462.11,473.25,7466040.0,IBKR_TRADES,RTH,split_adjusted,traded_shares,2026-09-10T01:20:37.874819+00:00,24
2026-08-21,NVDA,218.45,218.74,214.5,214.72,59086733.0,IBKR_TRADES,RTH,split_adjusted,traded_shares,2026-09-10T01:20:37.874819+00:00,24
2026-08-21,QQQ,715.22,715.68,709.2,713.44,19183787.0,IBKR_TRADES,RTH,split_adjusted,traded_shares,2026-09-10T01:20:37.874819+00:00,24
2026-08-21,SMH,569.44,569.44,556.1,560.42,4169684.0000000005,IBKR_TRADES,RTH,split_adjusted,traded_shares,2026-09-10T01:20:37.874819+00:00,24
2026-08-24,AAPL,311.53,313.36,309.97,310.34,16397592.999999998,IBKR_TRADES,RTH,split_adjusted,traded_shares,2026-09-10T01:20:37.874819+00:00,24
2026-08-24,AMD,468.14,468.54,451.0,456.75,7458188.0,IBKR_TRADES,RTH,split_adjusted,traded_shares,2026-09-10T01:20:37.874819+00:00,24
2026-08-24,NVDA,215.51,215.59,207.47,208.48,68131306.0,IBKR_TRADES,RTH,split_adjusted,traded_shares,2026-09-10T01:20:37.874819+00:00,24
2026-08-24,QQQ,709.6,709.79,702.7,706.32,25061076.0,IBKR_TRADES,RTH,split_adjusted,traded_shares,2026-09-10T01:20:37.874819+00:00,24
2026-08-24,SMH,554.18,554.18,540.75,546.8,5305309.0,IBKR_TRADES,RTH,split_adjusted,traded_shares,2026-09-10T01:20:37.874819+00:00,24
2026-08-25,AAPL,311.07,313.59,308.21,309.9,14770493.0,IBKR_TRADES,RTH,split_adjusted,traded_shares,2026-09-10T01:20:37.874819+00:00,24
2026-08-25,AMD,474.2,481.5,469.07,479.18,10958208.0,IBKR_TRADES,RTH,split_adjusted,traded_shares,2026-09-10T01:20:37.874819+00:00,24
2026-08-25,NVDA,211.01,214.73,210.11,213.05,65212724.00000001,IBKR_TRADES,RTH,split_adjusted,traded_shares,2026-09-10T01:20:37.874819+00:00,24
2026-08-25,QQQ,711.23,714.04,707.46,710.72,17354756.0,IBKR_TRADES,RTH,split_adjusted,traded_shares,2026-09-10T01:20:37.874819+00:00,24
2026-08-25,SMH,555.38,560.38,550.66,555.82,4133763.0000000005,IBKR_TRADES,RTH,split_adjusted,traded_shares,2026-09-10T01:20:37.874819+00:00,24
2026-08-26,AAPL,310.25,315.43,308.8,313.45,18370381.0,IBKR_TRADES,RTH,split_adjusted,traded_shares,2026-09-10T01:20:37.874819+00:00,24
2026-08-26,AMD,475.59,491.12,474.58,480.93,8480986.0,IBKR_TRADES,RTH,split_adjusted,traded_shares,2026-09-10T01:20:37.874819+00:00,24
2026-08-26,NVDA,212.6,213.6,209.23,209.66,74980564.0,IBKR_TRADES,RTH,split_adjusted,traded_shares,2026-09-10T01:20:37.874819+00:00,24
2026-08-26,QQQ,708.41,713.02,707.97,711.37,12875401.0,IBKR_TRADES,RTH,split_adjusted,traded_shares,2026-09-10T01:20:37.874819+00:00,24
2026-08-26,SMH,554.47,557.78,550.54,555.77,2375524.0,IBKR_TRADES,RTH,split_adjusted,traded_shares,2026-09-10T01:20:37.874819+00:00,24
2026-08-27,AAPL,310.59,315.4,309.4,314.58,17087003.0,IBKR_TRADES,RTH,split_adjusted,traded_shares,2026-09-10T01:20:37.874819+00:00,24
2026-08-27,AMD,482.65,483.0,469.63,476.67,9498393.0,IBKR_TRADES,RTH,split_adjusted,traded_shares,2026-09-10T01:20:37.874819+00:00,24
2026-08-27,NVDA,222.86,230.47,220.9,227.98,172971925.0,IBKR_TRADES,RTH,split_adjusted,traded_shares,2026-09-10T01:20:37.874819+00:00,24
2026-08-27,QQQ,716.94,721.35,714.52,721.11,18892316.0,IBKR_TRADES,RTH,split_adjusted,traded_shares,2026-09-10T01:20:37.874819+00:00,24
2026-08-27,SMH,569.0,573.21,562.54,573.0,4676632.0,IBKR_TRADES,RTH,split_adjusted,traded_shares,2026-09-10T01:20:37.874819+00:00,24
2026-08-28,AAPL,316.84,322.37,315.45,319.7,23154416.0,IBKR_TRADES,RTH,split_adjusted,traded_shares,2026-09-10T01:20:37.874819+00:00,24
2026-08-28,AMD,472.53,478.75,465.29,465.58,8249711.999999999,IBKR_TRADES,RTH,split_adjusted,traded_shares,2026-09-10T01:20:37.874819+00:00,24
2026-08-28,NVDA,227.44,229.26,216.81,217.55,126473670.0,IBKR_TRADES,RTH,split_adjusted,traded_shares,2026-09-10T01:20:37.874819+00:00,24
2026-08-28,QQQ,719.76,724.13,715.08,716.43,23237322.0,IBKR_TRADES,RTH,split_adjusted,traded_shares,2026-09-10T01:20:37.874819+00:00,24
2026-08-28,SMH,568.72,570.12,552.3,553.11,4733781.0,IBKR_TRADES,RTH,split_adjusted,traded_shares,2026-09-10T01:20:37.874819+00:00,24
2026-08-31,AAPL,319.69,321.24,313.04,316.85,20149115.0,IBKR_TRADES,RTH,split_adjusted,traded_shares,2026-09-10T01:20:37.874819+00:00,24
2026-08-31,AMD,466.24,475.81,463.68,470.72,6456220.0,IBKR_TRADES,RTH,split_adjusted,traded_shares,2026-09-10T01:20:37.874819+00:00,24
2026-08-31,NVDA,218.99,221.3,216.21,220.78,67461093.0,IBKR_TRADES,RTH,split_adjusted,traded_shares,2026-09-10T01:20:37.874819+00:00,24
2026-08-31,QQQ,715.17,717.58,713.16,716.76,14778693.0,IBKR_TRADES,RTH,split_adjusted,traded_shares,2026-09-10T01:20:37.874819+00:00,24
2026-08-31,SMH,554.38,558.43,552.79,556.63,3017221.0,IBKR_TRADES,RTH,split_adjusted,traded_shares,2026-09-10T01:20:37.874819+00:00,24
2026-09-01,AAPL,317.0,327.3,314.73,325.13,36269282.0,IBKR_TRADES,RTH,split_adjusted,traded_shares,2026-09-10T01:20:37.874819+00:00,24
2026-09-01,AMD,459.91,461.5,452.3,459.61,8859997.0,IBKR_TRADES,RTH,split_adjusted,traded_shares,2026-09-10T01:20:37.874819+00:00,24
2026-09-01,NVDA,216.79,220.41,215.1,217.44,61082975.00000001,IBKR_TRADES,RTH,split_adjusted,traded_shares,2026-09-10T01:20:37.874819+00:00,24
2026-09-01,QQQ,707.37,712.3,704.66,707.64,21071175.0,IBKR_TRADES,RTH,split_adjusted,traded_shares,2026-09-10T01:20:37.874819+00:00,24
2026-09-01,SMH,546.48,549.88,540.85,545.22,3833294.0000000005,IBKR_TRADES,RTH,split_adjusted,traded_shares,2026-09-10T01:20:37.874819+00:00,24
2026-09-02,AAPL,326.76,328.4,323.53,324.96,21364091.0,IBKR_TRADES,RTH,split_adjusted,traded_shares,2026-09-10T01:20:37.874819+00:00,24
2026-09-02,AMD,458.51,462.21,452.36,457.06,6664527.0,IBKR_TRADES,RTH,split_adjusted,traded_shares,2026-09-10T01:20:37.874819+00:00,24
2026-09-02,NVDA,218.79,227.95,218.48,224.41,103340719.0,IBKR_TRADES,RTH,split_adjusted,traded_shares,2026-09-10T01:20:37.874819+00:00,24
2026-09-02,QQQ,707.1,709.8,705.1,709.24,14121518.0,IBKR_TRADES,RTH,split_adjusted,traded_shares,2026-09-10T01:20:37.874819+00:00,24
2026-09-02,SMH,545.23,553.19,541.72,550.48,2861813.0,IBKR_TRADES,RTH,split_adjusted,traded_shares,2026-09-10T01:20:37.874819+00:00,24
2026-09-03,AAPL,324.87,330.81,324.11,328.21,22998530.0,IBKR_TRADES,RTH,split_adjusted,traded_shares,2026-09-10T01:20:37.874819+00:00,24
2026-09-03,AMD,453.15,459.77,440.5,456.16,8013882.999999999,IBKR_TRADES,RTH,split_adjusted,traded_shares,2026-09-10T01:20:37.874819+00:00,24
2026-09-03,NVDA,226.02,230.4,224.75,228.45,84254855.0,IBKR_TRADES,RTH,split_adjusted,traded_shares,2026-09-10T01:20:37.874819+00:00,24
2026-09-03,QQQ,710.85,718.92,709.69,717.67,19680397.0,IBKR_TRADES,RTH,split_adjusted,traded_shares,2026-09-10T01:20:37.874819+00:00,24
2026-09-03,SMH,546.77,553.74,540.07,552.6,3968837.0,IBKR_TRADES,RTH,split_adjusted,traded_shares,2026-09-10T01:20:37.874819+00:00,24
2026-09-04,AAPL,328.29,328.93,317.86,319.97,25749477.0,IBKR_TRADES,RTH,split_adjusted,traded_shares,2026-09-10T01:20:37.874819+00:00,24
2026-09-04,AMD,462.0,478.83,458.0,477.57,11015576.0,IBKR_TRADES,RTH,split_adjusted,traded_shares,2026-09-10T01:20:37.874819+00:00,24
2026-09-04,NVDA,231.14,234.76,229.63,230.36,84172776.0,IBKR_TRADES,RTH,split_adjusted,traded_shares,2026-09-10T01:20:37.874819+00:00,24
2026-09-04,QQQ,719.35,721.86,716.56,718.96,22813363.0,IBKR_TRADES,RTH,split_adjusted,traded_shares,2026-09-10T01:20:37.874819+00:00,24
2026-09-04,SMH,560.5,569.4,557.72,567.01,6003279.0,IBKR_TRADES,RTH,split_adjusted,traded_shares,2026-09-10T01:20:37.874819+00:00,24
2026-09-08,AAPL,317.1,320.7,314.9,316.22,20910421.0,IBKR_TRADES,RTH,split_adjusted,traded_shares,2026-09-10T01:20:37.874819+00:00,24
2026-09-08,AMD,488.92,512.36,486.57,505.74,15171735.999999998,IBKR_TRADES,RTH,split_adjusted,traded_shares,2026-09-10T01:20:37.874819+00:00,24
2026-09-08,NVDA,233.11,233.71,224.85,225.73,73997372.0,IBKR_TRADES,RTH,split_adjusted,traded_shares,2026-09-10T01:20:37.874819+00:00,24
2026-09-08,QQQ,720.91,721.89,715.57,718.36,18403941.0,IBKR_TRADES,RTH,split_adjusted,traded_shares,2026-09-10T01:20:37.874819+00:00,24
2026-09-08,SMH,578.7,580.57,571.99,573.73,5640070.0,IBKR_TRADES,RTH,split_adjusted,traded_shares,2026-09-10T01:20:37.874819+00:00,24
2026-09-09,AAPL,315.49,319.15,309.9,315.34,49266935.0,IBKR_TRADES,RTH,split_adjusted,traded_shares,2026-09-10T01:20:37.874819+00:00,24
2026-09-09,AMD,507.83,526.79,506.36,521.1,13433874.0,IBKR_TRADES,RTH,split_adjusted,traded_shares,2026-09-10T01:20:37.874819+00:00,24
2026-09-09,NVDA,225.28,226.18,223.46,223.67,46527445.0,IBKR_TRADES,RTH,split_adjusted,traded_shares,2026-09-10T01:20:37.874819+00:00,24
2026-09-09,QQQ,716.4,719.7,714.02,716.31,17807406.0,IBKR_TRADES,RTH,split_adjusted,traded_shares,2026-09-10T01:20:37.874819+00:00,24
2026-09-09,SMH,569.9,577.57,569.9,574.29,2213359.0,IBKR_TRADES,RTH,split_adjusted,traded_shares,2026-09-10T01:20:37.874819+00:00,24
