timestamp,ticker,open,high,low,close,volume
2021-07-16 13:30:00+00:00,QQQ,361.43,362.42,358.16,358.93,0.0
2021-07-16 16:00:00+00:00,QQQ,358.93,360.3,357.23,357.6,0.0
2021-07-19 13:30:00+00:00,QQQ,354.05,355.19,352.03,354.25,0.0
2021-07-19 16:00:00+00:00,QQQ,354.25,354.71,352.09,354.66,0.0
2021-07-20 13:30:00+00:00,QQQ,355.64,358.41,353.8,358.36,0.0
2021-07-20 16:00:00+00:00,QQQ,358.36,360.28,358.3,358.72,0.0
2021-07-21 13:30:00+00:00,QQQ,358.33,360.4,358.11,360.28,0.0
2021-07-21 16:00:00+00:00,QQQ,360.28,361.54,359.17,361.45,0.0
2021-07-22 13:30:00+00:00,QQQ,361.75,363.77,361.73,363.31,0.0
2021-07-22 16:00:00+00:00,QQQ,363.31,363.96,361.99,363.93,0.0
2021-07-23 13:30:00+00:00,QQQ,365.3,367.59,364.04,367.32,0.0
2021-07-23 16:00:00+00:00,QQQ,367.32,368.49,367.05,368.06,0.0
2021-07-26 13:30:00+00:00,QQQ,367.47,368.77,366.6,368.73,0.0
2021-07-26 16:00:00+00:00,QQQ,368.73,368.89,367.66,368.47,0.0
2021-07-27 13:30:00+00:00,QQQ,368.2,368.23,361.22,362.17,0.0
2021-07-27 16:00:00+00:00,QQQ,362.17,364.52,360.16,364.47,0.0
2021-07-28 13:30:00+00:00,QQQ,365.61,367.45,363.24,365.89,0.0
2021-07-28 16:00:00+00:00,QQQ,365.89,366.64,363.76,365.81,0.0
2021-07-29 13:30:00+00:00,QQQ,365.26,367.68,365.24,366.89,0.0
2021-07-29 16:00:00+00:00,QQQ,366.89,367.58,366.36,366.49,0.0
2021-07-30 13:30:00+00:00,QQQ,362.44,365.17,362.4,364.06,0.0
2021-07-30 16:00:00+00:00,QQQ,364.06,365.13,363.83,364.53,0.0
2021-08-02 13:30:00+00:00,QQQ,366.29,366.89,364.1,365.66,0.0
2021-08-02 16:00:00+00:00,QQQ,365.66,365.99,363.97,364.54,0.0
2021-08-03 13:30:00+00:00,QQQ,365.27,366.08,362.0,365.92,0.0
2021-08-03 16:00:00+00:00,QQQ,365.92,366.91,365.16,366.78,0.0
2021-08-04 13:30:00+00:00,QQQ,366.75,367.38,365.62,367.06,0.0
2021-08-04 16:00:00+00:00,QQQ,367.06,368.33,366.79,367.35,0.0
2021-08-05 13:30:00+00:00,QQQ,368.13,369.75,367.45,369.3,0.0
2021-08-05 16:00:00+00:00,QQQ,369.3,369.91,369.0,369.76,0.0
2021-08-06 13:30:00+00:00,QQQ,368.35,369.38,366.9,368.23,0.0
2021-08-06 16:00:00+00:00,QQQ,368.23,368.4,367.5,368.07,0.0
2021-08-09 13:30:00+00:00,QQQ,368.5,369.09,367.38,368.64,0.0
2021-08-09 16:00:00+00:00,QQQ,368.64,369.28,368.25,368.69,0.0
2021-08-10 13:30:00+00:00,QQQ,369.25,369.56,365.61,366.87,0.0
2021-08-10 16:00:00+00:00,QQQ,366.87,367.84,366.23,366.85,0.0
2021-08-11 13:30:00+00:00,QQQ,368.16,368.66,364.83,365.29,0.0
2021-08-11 16:00:00+00:00,QQQ,365.29,366.49,365.16,366.23,0.0
2021-08-12 13:30:00+00:00,QQQ,365.67,367.52,364.29,367.14,0.0
2021-08-12 16:00:00+00:00,QQQ,367.14,367.91,366.54,367.57,0.0
2021-08-13 13:30:00+00:00,QQQ,367.87,369.17,367.37,368.17,0.0
2021-08-13 16:00:00+00:00,QQQ,368.17,368.87,367.96,368.81,0.0
2021-08-16 13:30:00+00:00,QQQ,367.66,368.46,363.69,365.48,0.0
2021-08-16 16:00:00+00:00,QQQ,365.48,369.03,365.34,368.97,0.0
2021-08-17 13:30:00+00:00,QQQ,366.14,367.15,364.22,364.29,0.0
2021-08-17 16:00:00+00:00,QQQ,364.29,365.75,363.22,365.7,0.0
2021-08-18 13:30:00+00:00,QQQ,365.19,366.62,364.68,365.19,0.0
2021-08-18 16:00:00+00:00,QQQ,365.19,366.41,361.86,362.19,0.0
2021-08-19 13:30:00+00:00,QQQ,360.24,365.44,359.96,365.23,0.0
2021-08-19 16:00:00+00:00,QQQ,365.23,365.69,362.23,363.96,0.0
2021-08-20 13:30:00+00:00,QQQ,365.07,368.08,364.73,366.11,0.0
2021-08-20 16:00:00+00:00,QQQ,366.11,368.14,365.93,367.75,0.0
2021-08-23 13:30:00+00:00,QQQ,368.81,373.36,368.79,373.29,0.0
2021-08-23 16:00:00+00:00,QQQ,373.29,373.94,372.99,373.2,0.0
2021-08-24 13:30:00+00:00,QQQ,373.84,375.0,373.35,374.5,0.0
2021-08-24 16:00:00+00:00,QQQ,374.5,374.81,373.76,374.38,0.0
2021-08-25 13:30:00+00:00,QQQ,374.62,375.4,373.85,374.35,0.0
2021-08-25 16:00:00+00:00,QQQ,374.35,375.07,373.97,374.56,0.0
2021-08-26 13:30:00+00:00,QQQ,373.91,374.64,371.96,373.51,0.0
2021-08-26 16:00:00+00:00,QQQ,373.51,374.28,372.21,372.39,0.0
2021-08-27 13:30:00+00:00,QQQ,373.05,376.16,372.56,375.8,0.0
2021-08-27 16:00:00+00:00,QQQ,375.8,376.53,375.54,376.08,0.0
2021-08-30 13:30:00+00:00,QQQ,376.83,380.29,376.82,380.16,0.0
2021-08-30 16:00:00+00:00,QQQ,380.16,380.77,379.52,380.33,0.0
2021-08-31 13:30:00+00:00,QQQ,380.53,380.58,378.35,379.87,0.0
2021-08-31 16:00:00+00:00,QQQ,379.87,380.41,379.43,379.88,0.0
2021-09-01 13:30:00+00:00,QQQ,381.03,382.7,380.85,382.16,0.0
2021-09-01 16:00:00+00:00,QQQ,382.16,382.45,380.37,380.57,0.0
2021-09-02 13:30:00+00:00,QQQ,381.98,382.31,380.7,381.07,0.0
2021-09-02 16:00:00+00:00,QQQ,381.07,381.15,379.14,380.44,0.0
2021-09-03 13:30:00+00:00,QQQ,379.2,381.95,379.2,381.08,0.0
2021-09-03 16:00:00+00:00,QQQ,381.08,381.99,380.98,381.58,0.0
2021-09-07 13:30:00+00:00,QQQ,381.63,382.2,380.48,381.97,0.0
2021-09-07 16:00:00+00:00,QQQ,381.97,382.78,381.93,382.11,0.0
2021-09-08 13:30:00+00:00,QQQ,381.91,381.94,378.55,378.89,0.0
2021-09-08 16:00:00+00:00,QQQ,378.89,380.92,378.44,380.84,0.0
2021-09-09 13:30:00+00:00,QQQ,381.02,382.15,380.57,381.01,0.0
2021-09-09 16:00:00+00:00,QQQ,381.01,381.27,379.21,379.42,0.0
2021-09-10 13:30:00+00:00,QQQ,381.23,381.97,378.57,378.94,0.0
2021-09-10 16:00:00+00:00,QQQ,378.94,380.48,376.24,376.5,0.0
2021-09-13 13:30:00+00:00,QQQ,378.98,379.44,374.27,374.81,0.0
2021-09-13 16:00:00+00:00,QQQ,374.81,376.67,374.21,376.35,0.0
2021-09-14 13:30:00+00:00,QQQ,377.86,378.62,375.26,377.45,0.0
2021-09-14 16:00:00+00:00,QQQ,377.45,377.76,374.27,375.18,0.0
2021-09-15 13:30:00+00:00,QQQ,375.72,376.41,373.36,374.63,0.0
2021-09-15 16:00:00+00:00,QQQ,374.63,378.41,374.45,378.0,0.0
2021-09-16 13:30:00+00:00,QQQ,376.69,377.46,374.69,375.81,0.0
2021-09-16 16:00:00+00:00,QQQ,375.81,378.9,375.67,378.33,0.0
2021-09-17 13:30:00+00:00,QQQ,377.83,377.85,373.09,373.61,0.0
2021-09-17 16:00:00+00:00,QQQ,373.61,374.89,372.75,373.83,0.0
2021-09-20 13:30:00+00:00,QQQ,367.48,369.27,364.5,364.56,0.0
2021-09-20 16:00:00+00:00,QQQ,364.56,365.93,360.93,365.7,0.0
2021-09-21 13:30:00+00:00,QQQ,367.57,368.81,364.99,367.8,0.0
2021-09-21 16:00:00+00:00,QQQ,367.8,368.5,365.63,366.03,0.0
2021-09-22 13:30:00+00:00,QQQ,367.08,370.52,365.94,369.87,0.0
2021-09-22 16:00:00+00:00,QQQ,369.87,371.08,367.78,369.55,0.0
2021-09-23 13:30:00+00:00,QQQ,370.75,373.83,370.08,373.24,0.0
2021-09-23 16:00:00+00:00,QQQ,373.24,374.04,372.35,372.94,0.0
2021-09-24 13:30:00+00:00,QQQ,370.63,372.04,370.26,371.83,0.0
2021-09-24 16:00:00+00:00,QQQ,371.83,373.76,371.6,373.33,0.0
2021-09-27 13:30:00+00:00,QQQ,370.19,371.08,367.73,369.32,0.0
2021-09-27 16:00:00+00:00,QQQ,369.32,371.26,368.6,370.35,0.0
2021-09-28 13:30:00+00:00,QQQ,365.69,366.36,359.86,360.91,0.0
2021-09-28 16:00:00+00:00,QQQ,360.91,362.61,359.35,359.86,0.0
2021-09-29 13:30:00+00:00,QQQ,361.18,363.38,359.75,360.69,0.0
2021-09-29 16:00:00+00:00,QQQ,360.69,362.04,358.63,359.36,0.0
2021-09-30 13:30:00+00:00,QQQ,361.0,362.7,358.75,359.57,0.0
2021-09-30 16:00:00+00:00,QQQ,359.57,361.48,357.58,357.72,0.0
2021-10-01 13:30:00+00:00,QQQ,358.58,359.18,354.37,358.09,0.0
2021-10-01 16:00:00+00:00,QQQ,358.09,361.25,357.03,360.14,0.0
2021-10-04 13:30:00+00:00,QQQ,358.5,358.87,350.68,352.2,0.0
2021-10-04 16:00:00+00:00,QQQ,352.2,353.46,350.32,352.69,0.0
2021-10-05 13:30:00+00:00,QQQ,353.69,358.67,353.47,358.37,0.0
2021-10-05 16:00:00+00:00,QQQ,358.37,359.69,357.23,357.38,0.0
2021-10-06 13:30:00+00:00,QQQ,354.08,358.12,353.13,357.42,0.0
2021-10-06 16:00:00+00:00,QQQ,357.42,359.95,355.18,359.67,0.0
2021-10-07 13:30:00+00:00,QQQ,362.81,365.66,362.25,365.63,0.0
2021-10-07 16:00:00+00:00,QQQ,365.63,365.69,362.49,362.94,0.0
2021-10-08 13:30:00+00:00,QQQ,364.08,364.34,361.05,361.44,0.0
2021-10-08 16:00:00+00:00,QQQ,361.44,362.54,360.6,361.1,0.0
2021-10-11 13:30:00+00:00,QQQ,359.57,363.2,358.93,362.36,0.0
2021-10-11 16:00:00+00:00,QQQ,362.36,362.43,358.3,358.38,0.0
2021-10-12 13:30:00+00:00,QQQ,359.87,360.33,356.77,358.5,0.0
2021-10-12 16:00:00+00:00,QQQ,358.5,359.19,356.47,357.15,0.0
2021-10-13 13:30:00+00:00,QQQ,359.5,360.29,357.43,359.01,0.0
2021-10-13 16:00:00+00:00,QQQ,359.01,360.7,358.3,360.0,0.0
2021-10-14 13:30:00+00:00,QQQ,363.71,366.12,363.0,366.12,0.0
2021-10-14 16:00:00+00:00,QQQ,366.12,366.86,365.96,366.61,0.0
2021-10-15 13:30:00+00:00,QQQ,367.87,368.63,366.81,367.22,0.0
2021-10-15 16:00:00+00:00,QQQ,367.22,369.06,367.2,369.0,0.0
2021-10-18 13:30:00+00:00,QQQ,367.58,371.02,366.99,370.76,0.0
2021-10-18 16:00:00+00:00,QQQ,370.76,372.86,370.66,372.66,0.0
2021-10-19 13:30:00+00:00,QQQ,373.73,375.12,373.05,375.03,0.0
2021-10-19 16:00:00+00:00,QQQ,375.03,375.53,374.52,375.44,0.0
2021-10-20 13:30:00+00:00,QQQ,375.93,376.57,374.95,375.91,0.0
2021-10-20 16:00:00+00:00,QQQ,375.91,375.95,373.46,374.98,0.0
2021-10-21 13:30:00+00:00,QQQ,374.17,376.56,373.85,375.81,0.0
2021-10-21 16:00:00+00:00,QQQ,375.81,377.47,375.35,377.26,0.0
2021-10-22 13:30:00+00:00,QQQ,375.97,376.98,372.38,373.38,0.0
2021-10-22 16:00:00+00:00,QQQ,373.38,375.04,372.94,374.03,0.0
2021-10-25 13:30:00+00:00,QQQ,375.57,376.42,373.55,376.32,0.0
2021-10-25 16:00:00+00:00,QQQ,376.32,378.88,376.27,377.93,0.0
2021-10-26 13:30:00+00:00,QQQ,380.23,382.72,379.79,380.05,0.0
2021-10-26 16:00:00+00:00,QQQ,380.05,380.32,377.9,378.93,0.0
2021-10-27 13:30:00+00:00,QQQ,379.57,381.83,379.31,381.62,0.0
2021-10-27 16:00:00+00:00,QQQ,381.62,383.15,379.89,379.94,0.0
2021-10-28 13:30:00+00:00,QQQ,381.97,384.03,381.15,383.28,0.0
2021-10-28 16:00:00+00:00,QQQ,383.28,384.49,382.41,384.23,0.0
2021-10-29 13:30:00+00:00,QQQ,381.1,383.87,380.7,383.65,0.0
2021-10-29 16:00:00+00:00,QQQ,383.65,386.28,383.55,386.09,0.0
2021-11-01 13:30:00+00:00,QQQ,386.57,386.84,384.42,386.64,0.0
2021-11-01 16:00:00+00:00,QQQ,386.64,387.56,384.91,387.44,0.0
2021-11-02 13:30:00+00:00,QQQ,386.78,389.55,386.73,388.56,0.0
2021-11-02 16:00:00+00:00,QQQ,388.56,389.49,387.74,389.11,0.0
2021-11-03 13:30:00+00:00,QQQ,389.51,389.95,388.47,389.61,0.0
2021-11-03 16:00:00+00:00,QQQ,389.61,393.61,389.02,393.24,0.0
2021-11-04 13:30:00+00:00,QQQ,394.47,398.14,393.91,397.29,0.0
2021-11-04 16:00:00+00:00,QQQ,397.29,399.22,396.98,398.25,0.0
2021-11-05 13:30:00+00:00,QQQ,400.06,401.0,399.18,400.5,0.0
2021-11-05 16:00:00+00:00,QQQ,400.5,400.75,397.16,398.59,0.0
2021-11-08 14:30:00+00:00,QQQ,398.55,399.62,397.4,398.24,0.0
2021-11-08 16:00:00+00:00,QQQ,398.24,399.38,397.65,399.0,0.0
2021-11-08 20:00:00+00:00,QQQ,399.0,399.02,397.5,398.05,0.0
2021-11-09 14:30:00+00:00,QQQ,399.19,399.57,394.65,396.13,0.0
2021-11-09 16:00:00+00:00,QQQ,396.13,396.77,393.91,395.33,0.0
2021-11-09 20:00:00+00:00,QQQ,395.33,395.53,394.53,395.3,0.0
2021-11-10 14:30:00+00:00,QQQ,392.47,395.36,391.02,394.02,0.0
2021-11-10 16:00:00+00:00,QQQ,394.02,394.77,387.54,388.2,0.0
2021-11-10 20:00:00+00:00,QQQ,388.2,390.24,388.0,389.5,0.0
2021-11-11 14:30:00+00:00,QQQ,392.55,392.76,390.97,391.87,0.0
2021-11-11 16:00:00+00:00,QQQ,391.87,392.38,390.6,391.0,0.0
2021-11-11 20:00:00+00:00,QQQ,391.0,391.19,390.25,390.61,0.0
2021-11-12 14:30:00+00:00,QQQ,391.78,392.8,390.12,392.7,0.0
2021-11-12 16:00:00+00:00,QQQ,392.7,394.91,392.58,394.28,0.0
2021-11-12 20:00:00+00:00,QQQ,394.28,395.25,394.15,394.72,0.0
2021-11-15 14:30:00+00:00,QQQ,395.91,396.24,393.64,394.23,0.0
2021-11-15 16:00:00+00:00,QQQ,394.23,394.79,392.09,394.32,0.0
2021-11-15 20:00:00+00:00,QQQ,394.32,394.82,393.91,394.63,0.0
2021-11-16 14:30:00+00:00,QQQ,393.87,396.37,393.67,395.68,0.0
2021-11-16 16:00:00+00:00,QQQ,395.68,397.93,395.64,397.56,0.0
2021-11-16 20:00:00+00:00,QQQ,397.56,397.92,396.97,397.49,0.0
2021-11-17 14:30:00+00:00,QQQ,397.74,398.66,396.63,398.19,0.0
2021-11-17 16:00:00+00:00,QQQ,398.19,399.72,397.07,398.41,0.0
2021-11-17 20:00:00+00:00,QQQ,398.41,398.44,397.43,397.66,0.0
2021-11-18 14:30:00+00:00,QQQ,399.72,400.32,397.44,398.81,0.0
2021-11-18 16:00:00+00:00,QQQ,398.81,401.95,398.17,400.92,0.0
2021-11-18 20:00:00+00:00,QQQ,400.92,402.27,400.73,401.74,0.0
2021-11-19 14:30:00+00:00,QQQ,403.4,405.05,402.57,403.79,0.0
2021-11-19 16:00:00+00:00,QQQ,403.79,405.31,403.02,404.22,0.0
2021-11-19 20:00:00+00:00,QQQ,404.22,404.34,403.61,403.97,0.0
2021-11-22 14:30:00+00:00,QQQ,405.59,408.72,405.57,407.05,0.0
2021-11-22 16:00:00+00:00,QQQ,407.05,407.2,401.1,403.94,0.0
2021-11-22 20:00:00+00:00,QQQ,403.94,404.63,399.19,399.33,0.0
2021-11-23 14:30:00+00:00,QQQ,398.1,400.24,393.95,394.09,0.0
2021-11-23 16:00:00+00:00,QQQ,394.09,396.6,392.92,396.03,0.0
2021-11-23 20:00:00+00:00,QQQ,396.03,397.8,395.41,397.47,0.0
2021-11-24 14:30:00+00:00,QQQ,394.88,396.65,392.53,396.08,0.0
2021-11-24 16:00:00+00:00,QQQ,396.08,398.28,395.13,397.99,0.0
2021-11-24 20:00:00+00:00,QQQ,397.99,399.03,397.67,398.89,0.0
2021-11-26 14:30:00+00:00,QQQ,396.13,397.55,392.51,393.01,0.0
2021-11-26 16:00:00+00:00,QQQ,393.01,393.41,389.78,390.99,0.0
2021-11-29 14:30:00+00:00,QQQ,395.88,397.73,395.14,396.79,0.0
2021-11-29 16:00:00+00:00,QQQ,396.79,400.29,396.44,399.88,0.0
2021-11-29 20:00:00+00:00,QQQ,399.88,400.74,399.36,399.63,0.0
2021-11-30 14:30:00+00:00,QQQ,398.76,401.19,393.52,393.59,0.0
2021-11-30 16:00:00+00:00,QQQ,393.59,395.56,391.75,393.75,0.0
2021-11-30 20:00:00+00:00,QQQ,393.75,394.22,392.73,393.66,0.0
2021-12-01 14:30:00+00:00,QQQ,398.29,399.27,396.64,399.11,0.0
2021-12-01 16:00:00+00:00,QQQ,399.11,400.49,392.79,393.31,0.0
2021-12-01 20:00:00+00:00,QQQ,393.31,393.61,386.64,387.06,0.0
2021-12-02 14:30:00+00:00,QQQ,385.81,390.77,384.34,387.5,0.0
2021-12-02 16:00:00+00:00,QQQ,387.5,391.63,386.57,390.03,0.0
2021-12-02 20:00:00+00:00,QQQ,390.03,391.74,388.86,389.93,0.0
2021-12-03 14:30:00+00:00,QQQ,391.25,392.35,381.73,382.55,0.0
2021-12-03 16:00:00+00:00,QQQ,382.55,383.33,379.15,379.67,0.0
2021-12-03 20:00:00+00:00,QQQ,379.67,383.42,378.89,383.22,0.0
2021-12-06 14:30:00+00:00,QQQ,383.62,384.93,379.29,383.58,0.0
2021-12-06 16:00:00+00:00,QQQ,383.58,387.6,381.77,386.16,0.0
2021-12-06 20:00:00+00:00,QQQ,386.16,387.27,385.83,386.31,0.0
2021-12-07 14:30:00+00:00,QQQ,392.98,397.49,392.97,396.7,0.0
2021-12-07 16:00:00+00:00,QQQ,396.7,398.47,396.51,397.32,0.0
2021-12-07 20:00:00+00:00,QQQ,397.32,398.01,395.97,397.95,0.0
2021-12-08 14:30:00+00:00,QQQ,398.16,398.78,396.21,396.96,0.0
2021-12-08 16:00:00+00:00,QQQ,396.96,399.35,396.32,399.09,0.0
2021-12-08 20:00:00+00:00,QQQ,399.09,399.82,398.56,399.61,0.0
2021-12-09 14:30:00+00:00,QQQ,398.34,400.2,396.3,397.51,0.0
2021-12-09 16:00:00+00:00,QQQ,397.51,398.51,394.83,395.11,0.0
2021-12-09 20:00:00+00:00,QQQ,395.11,395.87,393.52,393.72,0.0
2021-12-10 14:30:00+00:00,QQQ,396.61,398.07,394.08,395.11,0.0
2021-12-10 16:00:00+00:00,QQQ,395.11,396.95,393.36,395.87,0.0
2021-12-10 20:00:00+00:00,QQQ,395.87,398.29,395.53,398.06,0.0
2021-12-13 14:30:00+00:00,QQQ,398.01,398.33,394.51,395.16,0.0
2021-12-13 16:00:00+00:00,QQQ,395.16,395.41,392.81,394.81,0.0
2021-12-13 20:00:00+00:00,QQQ,394.81,395.19,391.88,392.23,0.0
2021-12-14 14:30:00+00:00,QQQ,387.26,390.1,384.94,385.5,0.0
2021-12-14 16:00:00+00:00,QQQ,385.5,387.08,383.77,386.61,0.0
2021-12-14 20:00:00+00:00,QQQ,386.61,389.39,386.5,388.35,0.0
2021-12-15 14:30:00+00:00,QQQ,387.96,388.43,385.51,386.51,0.0
2021-12-15 16:00:00+00:00,QQQ,386.51,391.14,383.87,390.05,0.0
2021-12-15 20:00:00+00:00,QQQ,390.05,397.41,389.93,397.04,0.0
2021-12-16 14:30:00+00:00,QQQ,398.02,398.48,392.38,393.18,0.0
2021-12-16 16:00:00+00:00,QQQ,393.18,393.36,385.2,386.22,0.0
2021-12-16 20:00:00+00:00,QQQ,386.22,388.79,385.55,386.87,0.0
2021-12-17 14:30:00+00:00,QQQ,383.3,388.2,381.77,387.74,0.0
2021-12-17 16:00:00+00:00,QQQ,387.74,389.2,383.99,386.96,0.0
2021-12-17 20:00:00+00:00,QQQ,386.96,388.11,384.53,384.92,0.0
2021-12-20 14:30:00+00:00,QQQ,379.56,381.5,378.34,378.74,0.0
2021-12-20 16:00:00+00:00,QQQ,378.74,380.59,377.46,379.94,0.0
2021-12-20 20:00:00+00:00,QQQ,379.94,381.28,379.42,380.65,0.0
2021-12-21 14:30:00+00:00,QQQ,384.03,384.93,380.2,381.81,0.0
2021-12-21 16:00:00+00:00,QQQ,381.81,389.22,381.51,389.2,0.0
2021-12-21 20:00:00+00:00,QQQ,389.2,389.54,387.62,389.22,0.0
2021-12-22 14:30:00+00:00,QQQ,388.94,392.21,388.22,392.13,0.0
2021-12-22 16:00:00+00:00,QQQ,392.13,393.25,390.75,392.6,0.0
2021-12-22 20:00:00+00:00,QQQ,392.6,394.16,392.16,393.93,0.0
2021-12-23 14:30:00+00:00,QQQ,394.32,396.96,394.14,396.94,0.0
2021-12-23 16:00:00+00:00,QQQ,396.94,398.03,396.82,397.98,0.0
2021-12-23 20:00:00+00:00,QQQ,397.98,398.43,396.94,397.0,0.0
2021-12-27 14:30:00+00:00,QQQ,398.27,402.55,398.2,402.36,0.0
2021-12-27 16:00:00+00:00,QQQ,402.36,403.28,401.68,402.89,0.0
2021-12-27 20:00:00+00:00,QQQ,402.89,403.47,402.28,403.41,0.0
2021-12-28 14:30:00+00:00,QQQ,404.35,404.57,401.68,403.0,0.0
2021-12-28 16:00:00+00:00,QQQ,403.0,403.48,400.71,401.73,0.0
2021-12-28 20:00:00+00:00,QQQ,401.73,402.56,401.21,401.7,0.0
2021-12-29 14:30:00+00:00,QQQ,401.76,403.06,399.11,400.98,0.0
2021-12-29 16:00:00+00:00,QQQ,400.98,401.97,399.79,401.87,0.0
2021-12-29 20:00:00+00:00,QQQ,401.87,402.46,401.36,401.59,0.0
2021-12-30 14:30:00+00:00,QQQ,401.32,403.58,400.68,402.61,0.0
2021-12-30 16:00:00+00:00,QQQ,402.61,403.37,402.05,402.53,0.0
2021-12-30 20:00:00+00:00,QQQ,402.53,402.53,399.75,400.14,0.0
2021-12-31 14:30:00+00:00,QQQ,399.68,401.06,398.37,399.18,0.0
2021-12-31 16:00:00+00:00,QQQ,399.18,399.6,398.2,398.59,0.0
2021-12-31 20:00:00+00:00,QQQ,398.59,399.21,397.33,397.56,0.0
2022-01-03 14:30:00+00:00,QQQ,399.07,401.54,396.88,400.43,0.0
2022-01-03 16:00:00+00:00,QQQ,400.43,401.94,398.89,401.37,0.0
2022-01-03 20:00:00+00:00,QQQ,401.37,401.9,400.79,401.77,0.0
2022-01-04 14:30:00+00:00,QQQ,402.26,402.31,395.27,395.38,0.0
2022-01-04 16:00:00+00:00,QQQ,395.38,395.97,393.28,395.34,0.0
2022-01-04 20:00:00+00:00,QQQ,395.34,397.77,395.29,396.49,0.0
2022-01-05 14:30:00+00:00,QQQ,394.76,395.9,392.36,394.1,0.0
2022-01-05 16:00:00+00:00,QQQ,394.1,394.45,386.96,387.44,0.0
2022-01-05 20:00:00+00:00,QQQ,387.44,387.5,384.03,384.17,0.0
2022-01-06 14:30:00+00:00,QQQ,382.41,386.77,380.11,386.04,0.0
2022-01-06 16:00:00+00:00,QQQ,386.04,387.36,384.28,385.48,0.0
2022-01-06 20:00:00+00:00,QQQ,385.48,386.66,383.05,384.02,0.0
2022-01-07 14:30:00+00:00,QQQ,384.06,385.76,378.03,379.07,0.0
2022-01-07 16:00:00+00:00,QQQ,379.07,382.0,378.61,381.14,0.0
2022-01-07 20:00:00+00:00,QQQ,381.14,381.93,379.56,379.82,0.0
2022-01-10 14:30:00+00:00,QQQ,374.85,375.72,369.31,370.41,0.0
2022-01-10 16:00:00+00:00,QQQ,370.41,378.03,369.92,376.89,0.0
2022-01-10 20:00:00+00:00,QQQ,376.89,380.63,375.48,380.32,0.0
2022-01-11 14:30:00+00:00,QQQ,379.36,381.53,377.2,379.38,0.0
2022-01-11 16:00:00+00:00,QQQ,379.38,385.96,379.22,385.32,0.0
2022-01-11 20:00:00+00:00,QQQ,385.32,385.99,384.63,385.91,0.0
2022-01-12 14:30:00+00:00,QQQ,388.48,390.17,385.95,386.5,0.0
2022-01-12 16:00:00+00:00,QQQ,386.5,388.79,385.01,387.49,0.0
2022-01-12 20:00:00+00:00,QQQ,387.49,387.79,386.45,387.43,0.0
2022-01-13 14:30:00+00:00,QQQ,388.75,389.48,383.3,384.19,0.0
2022-01-13 16:00:00+00:00,QQQ,384.19,385.82,380.07,380.81,0.0
2022-01-13 20:00:00+00:00,QQQ,380.81,380.87,376.7,377.67,0.0
2022-01-14 14:30:00+00:00,QQQ,375.06,380.22,374.85,377.67,0.0
2022-01-14 16:00:00+00:00,QQQ,377.67,379.51,375.4,377.67,0.0
2022-01-14 20:00:00+00:00,QQQ,377.67,380.35,377.66,380.06,0.0
2022-01-18 14:30:00+00:00,QQQ,374.1,376.23,372.31,373.31,0.0
2022-01-18 16:00:00+00:00,QQQ,373.31,374.49,371.11,373.11,0.0
2022-01-18 20:00:00+00:00,QQQ,373.11,373.36,369.77,370.78,0.0
2022-01-19 14:30:00+00:00,QQQ,372.14,374.7,369.47,370.53,0.0
2022-01-19 16:00:00+00:00,QQQ,370.53,373.33,368.15,370.12,0.0
2022-01-19 20:00:00+00:00,QQQ,370.12,370.87,366.21,366.5,0.0
2022-01-20 14:30:00+00:00,QQQ,369.76,373.61,369.54,373.17,0.0
2022-01-20 16:00:00+00:00,QQQ,373.17,373.88,367.44,367.65,0.0
2022-01-20 20:00:00+00:00,QQQ,367.65,368.38,361.17,361.62,0.0
2022-01-21 14:30:00+00:00,QQQ,359.44,361.23,354.23,359.9,0.0
2022-01-21 16:00:00+00:00,QQQ,359.9,362.2,353.58,353.72,0.0
2022-01-21 20:00:00+00:00,QQQ,353.72,355.28,351.4,351.42,0.0
2022-01-24 14:30:00+00:00,QQQ,345.91,347.66,340.7,343.44,0.0
2022-01-24 16:00:00+00:00,QQQ,343.44,347.34,334.14,345.02,0.0
2022-01-24 20:00:00+00:00,QQQ,345.02,353.98,344.2,353.57,0.0
2022-01-25 14:30:00+00:00,QQQ,346.67,348.74,342.21,344.4,0.0
2022-01-25 16:00:00+00:00,QQQ,344.4,351.03,341.68,350.8,0.0
2022-01-25 20:00:00+00:00,QQQ,350.8,350.91,344.11,344.97,0.0
2022-01-26 14:30:00+00:00,QQQ,352.88,353.83,349.22,350.8,0.0
2022-01-26 16:00:00+00:00,QQQ,350.8,356.88,346.04,347.7,0.0
2022-01-26 20:00:00+00:00,QQQ,347.7,347.71,340.78,345.01,0.0
2022-01-27 14:30:00+00:00,QQQ,349.45,351.27,345.67,348.5,0.0
2022-01-27 16:00:00+00:00,QQQ,348.5,349.87,340.53,341.57,0.0
2022-01-27 20:00:00+00:00,QQQ,341.57,343.95,340.07,341.01,0.0
2022-01-28 14:30:00+00:00,QQQ,343.01,344.9,337.95,344.86,0.0
2022-01-28 16:00:00+00:00,QQQ,344.86,348.91,342.76,346.49,0.0
2022-01-28 20:00:00+00:00,QQQ,346.49,352.02,346.1,351.94,0.0
2022-01-31 14:30:00+00:00,QQQ,353.23,358.99,351.51,358.75,0.0
2022-01-31 16:00:00+00:00,QQQ,358.75,361.48,357.48,361.13,0.0
2022-01-31 20:00:00+00:00,QQQ,361.13,363.65,358.77,363.27,0.0
2022-02-01 14:30:00+00:00,QQQ,364.4,364.58,359.13,362.26,0.0
2022-02-01 16:00:00+00:00,QQQ,362.26,364.33,361.38,362.49,0.0
2022-02-01 20:00:00+00:00,QQQ,362.49,366.2,362.26,365.5,0.0
2022-02-02 14:30:00+00:00,QQQ,369.78,370.09,366.12,367.3,0.0
2022-02-02 16:00:00+00:00,QQQ,367.3,368.81,364.27,368.03,0.0
2022-02-02 20:00:00+00:00,QQQ,368.03,369.41,367.45,368.53,0.0
2022-02-03 14:30:00+00:00,QQQ,358.56,361.93,357.89,359.63,0.0
2022-02-03 16:00:00+00:00,QQQ,359.63,361.01,355.16,355.78,0.0
2022-02-03 20:00:00+00:00,QQQ,355.78,356.99,352.46,353.62,0.0
2022-02-04 14:30:00+00:00,QQQ,354.05,357.64,351.96,353.67,0.0
2022-02-04 16:00:00+00:00,QQQ,353.67,360.12,352.21,359.85,0.0
2022-02-04 20:00:00+00:00,QQQ,359.85,361.4,357.81,357.99,0.0
2022-02-07 14:30:00+00:00,QQQ,358.63,361.05,357.74,359.01,0.0
2022-02-07 16:00:00+00:00,QQQ,359.01,359.54,354.95,357.92,0.0
2022-02-07 20:00:00+00:00,QQQ,357.92,359.07,353.83,355.17,0.0
2022-02-08 14:30:00+00:00,QQQ,353.96,356.65,352.8,356.16,0.0
2022-02-08 16:00:00+00:00,QQQ,356.16,359.83,356.1,357.1,0.0
2022-02-08 20:00:00+00:00,QQQ,357.1,360.25,356.34,359.22,0.0
2022-02-09 14:30:00+00:00,QQQ,363.75,364.55,362.14,364.44,0.0
2022-02-09 16:00:00+00:00,QQQ,364.44,366.3,363.54,365.47,0.0
2022-02-09 20:00:00+00:00,QQQ,365.47,366.8,364.45,366.78,0.0
2022-02-10 14:30:00+00:00,QQQ,359.5,366.49,359.32,363.87,0.0
2022-02-10 16:00:00+00:00,QQQ,363.87,365.25,358.65,359.14,0.0
2022-02-10 20:00:00+00:00,QQQ,359.14,360.23,356.55,358.45,0.0
2022-02-11 14:30:00+00:00,QQQ,358.44,360.08,355.76,356.48,0.0
2022-02-11 16:00:00+00:00,QQQ,356.48,357.75,346.47,347.85,0.0
2022-02-11 20:00:00+00:00,QQQ,347.85,349.7,345.79,347.18,0.0
2022-02-14 14:30:00+00:00,QQQ,346.44,349.55,345.81,348.0,0.0
2022-02-14 16:00:00+00:00,QQQ,348.0,350.98,343.89,347.03,0.0
2022-02-14 20:00:00+00:00,QQQ,347.03,348.56,345.59,347.67,0.0
2022-02-15 14:30:00+00:00,QQQ,352.86,354.7,352.23,354.1,0.0
2022-02-15 16:00:00+00:00,QQQ,354.1,355.28,351.82,355.08,0.0
2022-02-15 20:00:00+00:00,QQQ,355.08,356.37,354.14,356.24,0.0
2022-02-16 14:30:00+00:00,QQQ,353.89,353.96,350.7,352.26,0.0
2022-02-16 16:00:00+00:00,QQQ,352.26,356.18,350.8,355.69,0.0
2022-02-16 20:00:00+00:00,QQQ,355.69,357.09,355.54,356.0,0.0
2022-02-17 14:30:00+00:00,QQQ,352.67,353.47,349.27,350.23,0.0
2022-02-17 16:00:00+00:00,QQQ,350.23,351.4,347.15,347.19,0.0
2022-02-17 20:00:00+00:00,QQQ,347.19,347.39,345.02,345.45,0.0
2022-02-18 14:30:00+00:00,QQQ,346.38,346.82,342.24,342.62,0.0
2022-02-18 16:00:00+00:00,QQQ,342.62,344.59,339.14,344.0,0.0
2022-02-18 20:00:00+00:00,QQQ,344.0,344.93,340.5,341.56,0.0
2022-02-22 14:30:00+00:00,QQQ,338.49,344.05,338.05,340.02,0.0
2022-02-22 16:00:00+00:00,QQQ,340.02,340.48,334.35,339.6,0.0
2022-02-22 20:00:00+00:00,QQQ,339.6,341.72,336.79,338.11,0.0
2022-02-23 14:30:00+00:00,QQQ,341.3,342.19,335.37,336.04,0.0
2022-02-23 16:00:00+00:00,QQQ,336.04,338.1,330.92,331.42,0.0
2022-02-23 20:00:00+00:00,QQQ,331.42,331.64,329.1,329.42,0.0
2022-02-24 14:30:00+00:00,QQQ,318.86,329.19,318.38,328.14,0.0
2022-02-24 16:00:00+00:00,QQQ,328.14,336.63,326.93,335.93,0.0
2022-02-24 20:00:00+00:00,QQQ,335.93,341.04,335.47,340.63,0.0
2022-02-25 14:30:00+00:00,QQQ,341.33,343.64,337.38,342.87,0.0
2022-02-25 16:00:00+00:00,QQQ,342.87,345.74,341.97,344.1,0.0
2022-02-25 20:00:00+00:00,QQQ,344.1,345.98,343.22,345.86,0.0
2022-02-28 14:30:00+00:00,QQQ,342.49,347.16,342.13,346.7,0.0
2022-02-28 16:00:00+00:00,QQQ,346.7,348.55,341.33,343.35,0.0
2022-02-28 20:00:00+00:00,QQQ,343.35,347.28,342.01,347.15,0.0
2022-03-01 14:30:00+00:00,QQQ,345.72,348.07,344.66,345.12,0.0
2022-03-01 16:00:00+00:00,QQQ,345.12,346.57,340.56,341.44,0.0
2022-03-01 20:00:00+00:00,QQQ,341.44,343.86,338.99,341.56,0.0
2022-03-02 14:30:00+00:00,QQQ,343.06,344.62,340.25,342.61,0.0
2022-03-02 16:00:00+00:00,QQQ,342.61,348.3,341.75,347.25,0.0
2022-03-02 20:00:00+00:00,QQQ,347.25,348.59,347.08,347.19,0.0
2022-03-03 14:30:00+00:00,QQQ,349.96,350.04,342.65,342.7,0.0
2022-03-03 16:00:00+00:00,QQQ,342.7,346.65,342.2,342.79,0.0
2022-03-03 20:00:00+00:00,QQQ,342.79,342.79,340.36,342.26,0.0
2022-03-04 14:30:00+00:00,QQQ,339.81,341.31,335.95,336.07,0.0
2022-03-04 16:00:00+00:00,QQQ,336.07,339.79,334.91,335.28,0.0
2022-03-04 20:00:00+00:00,QQQ,335.28,337.75,335.17,337.37,0.0
2022-03-07 14:30:00+00:00,QQQ,337.31,338.48,330.2,330.76,0.0
2022-03-07 16:00:00+00:00,QQQ,330.76,332.7,326.97,327.25,0.0
2022-03-07 20:00:00+00:00,QQQ,327.25,327.58,324.65,324.82,0.0
2022-03-08 14:30:00+00:00,QQQ,324.03,326.14,320.04,324.64,0.0
2022-03-08 16:00:00+00:00,QQQ,324.64,333.23,319.94,327.28,0.0
2022-03-08 20:00:00+00:00,QQQ,327.28,329.45,323.19,323.27,0.0
2022-03-09 14:30:00+00:00,QQQ,331.74,333.64,329.11,333.22,0.0
2022-03-09 16:00:00+00:00,QQQ,333.22,335.26,331.15,334.57,0.0
2022-03-09 20:00:00+00:00,QQQ,334.57,336.39,334.12,335.04,0.0
2022-03-10 14:30:00+00:00,QQQ,330.81,331.93,327.57,327.88,0.0
2022-03-10 16:00:00+00:00,QQQ,327.88,332.52,326.7,332.11,0.0
2022-03-10 20:00:00+00:00,QQQ,332.11,332.41,330.46,331.42,0.0
2022-03-11 14:30:00+00:00,QQQ,334.36,334.64,329.37,330.98,0.0
2022-03-11 16:00:00+00:00,QQQ,330.98,331.08,326.85,327.35,0.0
2022-03-11 20:00:00+00:00,QQQ,327.35,327.62,323.91,324.33,0.0
2022-03-14 13:30:00+00:00,QQQ,323.13,326.6,321.26,321.64,0.0
2022-03-14 16:00:00+00:00,QQQ,321.64,321.66,317.44,318.23,0.0
2022-03-15 13:30:00+00:00,QQQ,320.84,326.94,319.23,324.88,0.0
2022-03-15 16:00:00+00:00,QQQ,324.88,328.95,323.39,328.18,0.0
2022-03-16 13:30:00+00:00,QQQ,332.13,338.17,332.01,336.95,0.0
2022-03-16 16:00:00+00:00,QQQ,336.95,340.44,328.4,340.39,0.0
2022-03-17 13:30:00+00:00,QQQ,338.36,341.8,337.04,339.58,0.0
2022-03-17 16:00:00+00:00,QQQ,339.58,344.47,339.13,344.37,0.0
2022-03-18 13:30:00+00:00,QQQ,342.69,348.25,341.55,347.38,0.0
2022-03-18 16:00:00+00:00,QQQ,347.38,351.8,346.98,351.48,0.0
2022-03-21 13:30:00+00:00,QQQ,350.14,352.49,346.63,351.82,0.0
2022-03-21 16:00:00+00:00,QQQ,351.82,352.04,345.57,350.13,0.0
2022-03-22 13:30:00+00:00,QQQ,350.56,357.7,350.2,356.24,0.0
2022-03-22 16:00:00+00:00,QQQ,356.24,357.85,354.96,356.97,0.0
2022-03-23 13:30:00+00:00,QQQ,353.98,356.96,352.25,356.93,0.0
2022-03-23 16:00:00+00:00,QQQ,356.93,357.65,351.76,351.82,0.0
2022-03-24 13:30:00+00:00,QQQ,353.74,357.18,351.6,356.48,0.0
2022-03-24 16:00:00+00:00,QQQ,356.48,359.69,355.2,359.65,0.0
2022-03-25 13:30:00+00:00,QQQ,359.55,360.66,354.94,355.73,0.0
2022-03-25 16:00:00+00:00,QQQ,355.73,359.47,355.22,359.38,0.0
2022-03-28 13:30:00+00:00,QQQ,359.34,363.2,358.48,358.9,0.0
2022-03-28 16:00:00+00:00,QQQ,358.9,365.0,358.07,364.99,0.0
2022-03-29 13:30:00+00:00,QQQ,368.88,370.67,366.06,368.88,0.0
2022-03-29 16:00:00+00:00,QQQ,368.88,371.83,367.2,371.17,0.0
2022-03-30 13:30:00+00:00,QQQ,369.28,370.99,367.61,369.04,0.0
2022-03-30 16:00:00+00:00,QQQ,369.04,370.08,365.56,367.19,0.0
2022-03-31 13:30:00+00:00,QQQ,367.22,367.62,364.48,366.43,0.0
2022-03-31 16:00:00+00:00,QQQ,366.43,366.86,361.68,362.07,0.0
2022-04-01 13:30:00+00:00,QQQ,362.82,363.62,359.3,359.53,0.0
2022-04-01 16:00:00+00:00,QQQ,359.53,362.1,358.58,361.9,0.0
2022-04-04 13:30:00+00:00,QQQ,362.72,368.17,362.42,367.88,0.0
2022-04-04 16:00:00+00:00,QQQ,367.88,369.31,366.86,369.24,0.0
2022-04-05 13:30:00+00:00,QQQ,367.82,368.54,362.59,362.67,0.0
2022-04-05 16:00:00+00:00,QQQ,362.67,363.86,359.94,361.14,0.0
2022-04-06 13:30:00+00:00,QQQ,355.63,356.62,351.81,353.0,0.0
2022-04-06 16:00:00+00:00,QQQ,353.0,356.79,350.55,353.17,0.0
2022-04-07 13:30:00+00:00,QQQ,352.25,355.74,349.58,350.12,0.0
2022-04-07 16:00:00+00:00,QQQ,350.12,356.35,348.68,354.13,0.0
2022-04-08 13:30:00+00:00,QQQ,352.31,353.04,348.61,351.82,0.0
2022-04-08 16:00:00+00:00,QQQ,351.82,353.1,348.5,349.11,0.0
2022-04-11 13:30:00+00:00,QQQ,344.79,345.76,341.78,342.75,0.0
2022-04-11 16:00:00+00:00,QQQ,342.75,344.13,340.53,340.91,0.0
2022-04-12 13:30:00+00:00,QQQ,345.76,347.68,343.0,344.7,0.0
2022-04-12 16:00:00+00:00,QQQ,344.7,344.77,338.03,339.53,0.0
2022-04-13 13:30:00+00:00,QQQ,339.81,345.19,339.06,344.69,0.0
2022-04-13 16:00:00+00:00,QQQ,344.69,347.44,344.06,346.36,0.0
2022-04-14 13:30:00+00:00,QQQ,346.43,346.99,341.29,341.5,0.0
2022-04-14 16:00:00+00:00,QQQ,341.5,342.19,338.21,338.41,0.0
2022-04-18 13:30:00+00:00,QQQ,337.34,341.05,336.79,337.95,0.0
2022-04-18 16:00:00+00:00,QQQ,337.95,340.87,335.79,338.97,0.0
2022-04-19 13:30:00+00:00,QQQ,338.01,345.78,336.98,345.25,0.0
2022-04-19 16:00:00+00:00,QQQ,345.25,346.85,343.47,346.17,0.0
2022-04-20 13:30:00+00:00,QQQ,347.11,347.56,341.52,342.08,0.0
2022-04-20 16:00:00+00:00,QQQ,342.08,343.8,339.97,341.04,0.0
2022-04-21 13:30:00+00:00,QQQ,345.18,347.88,340.09,340.13,0.0
2022-04-21 16:00:00+00:00,QQQ,340.13,340.65,333.19,334.21,0.0
2022-04-22 13:30:00+00:00,QQQ,334.3,335.57,329.13,329.15,0.0
2022-04-22 16:00:00+00:00,QQQ,329.15,330.14,324.96,325.39,0.0
2022-04-25 13:30:00+00:00,QQQ,323.72,328.01,322.42,323.17,0.0
2022-04-25 16:00:00+00:00,QQQ,323.17,329.9,322.55,329.62,0.0
2022-04-26 13:30:00+00:00,QQQ,327.47,327.67,319.05,319.19,0.0
2022-04-26 16:00:00+00:00,QQQ,319.19,322.3,316.84,316.91,0.0
2022-04-27 13:30:00+00:00,QQQ,317.22,322.88,314.99,318.79,0.0
2022-04-27 16:00:00+00:00,QQQ,318.79,322.3,316.11,316.75,0.0
2022-04-28 13:30:00+00:00,QQQ,321.84,323.51,317.52,320.06,0.0
2022-04-28 16:00:00+00:00,QQQ,320.06,329.9,319.52,327.95,0.0
2022-04-29 13:30:00+00:00,QQQ,323.72,327.23,320.47,320.9,0.0
2022-04-29 16:00:00+00:00,QQQ,320.9,321.09,312.62,313.22,0.0
2022-05-02 13:30:00+00:00,QQQ,312.83,317.76,310.44,314.41,0.0
2022-05-02 16:00:00+00:00,QQQ,314.41,318.72,309.64,318.46,0.0
2022-05-03 13:30:00+00:00,QQQ,318.5,320.44,315.98,319.3,0.0
2022-05-03 16:00:00+00:00,QQQ,319.3,321.17,316.61,318.93,0.0
2022-05-04 13:30:00+00:00,QQQ,319.33,319.49,313.89,315.79,0.0
2022-05-04 16:00:00+00:00,QQQ,315.79,330.29,315.25,329.74,0.0
2022-05-05 13:30:00+00:00,QQQ,325.13,325.22,312.9,312.97,0.0
2022-05-05 16:00:00+00:00,QQQ,312.97,315.99,309.62,313.36,0.0
2022-05-06 13:30:00+00:00,QQQ,310.93,315.1,305.1,309.86,0.0
2022-05-06 16:00:00+00:00,QQQ,309.86,313.82,306.31,309.38,0.0
2022-05-09 13:30:00+00:00,QQQ,303.44,306.0,298.26,300.38,0.0
2022-05-09 16:00:00+00:00,QQQ,300.38,302.65,295.73,297.2,0.0
2022-05-10 13:30:00+00:00,QQQ,304.54,305.76,296.58,298.99,0.0
2022-05-10 16:00:00+00:00,QQQ,298.99,305.07,297.12,300.81,0.0
2022-05-11 13:30:00+00:00,QQQ,298.41,304.07,296.0,299.46,0.0
2022-05-11 16:00:00+00:00,QQQ,299.46,299.99,290.94,291.81,0.0
2022-05-12 13:30:00+00:00,QQQ,287.43,295.75,285.04,288.79,0.0
2022-05-12 16:00:00+00:00,QQQ,288.79,292.13,284.94,291.24,0.0
2022-05-13 13:30:00+00:00,QQQ,295.69,301.46,294.07,301.26,0.0
2022-05-13 16:00:00+00:00,QQQ,301.26,303.0,297.82,301.91,0.0
2022-05-16 13:30:00+00:00,QQQ,300.11,301.64,297.14,300.49,0.0
2022-05-16 16:00:00+00:00,QQQ,300.49,302.25,297.68,298.52,0.0
2022-05-17 13:30:00+00:00,QQQ,304.44,305.54,300.57,303.82,0.0
2022-05-17 16:00:00+00:00,QQQ,303.82,306.57,301.56,306.25,0.0
2022-05-18 13:30:00+00:00,QQQ,301.53,302.26,295.33,295.45,0.0
2022-05-18 16:00:00+00:00,QQQ,295.45,295.86,289.85,291.07,0.0
2022-05-19 13:30:00+00:00,QQQ,289.28,294.4,287.57,293.25,0.0
2022-05-19 16:00:00+00:00,QQQ,293.25,293.96,288.93,289.56,0.0
2022-05-20 13:30:00+00:00,QQQ,293.15,293.81,285.6,286.1,0.0
2022-05-20 16:00:00+00:00,QQQ,286.1,288.84,280.2,288.54,0.0
2022-05-23 13:30:00+00:00,QQQ,289.72,292.93,287.28,292.3,0.0
2022-05-23 16:00:00+00:00,QQQ,292.3,293.87,290.54,293.42,0.0
2022-05-24 13:30:00+00:00,QQQ,288.13,288.86,282.25,285.45,0.0
2022-05-24 16:00:00+00:00,QQQ,285.45,288.47,283.89,287.25,0.0
2022-05-25 13:30:00+00:00,QQQ,285.69,290.85,285.46,289.05,0.0
2022-05-25 16:00:00+00:00,QQQ,289.05,293.37,287.0,291.34,0.0
2022-05-26 13:30:00+00:00,QQQ,290.47,298.4,290.14,298.16,0.0
2022-05-26 16:00:00+00:00,QQQ,298.16,300.93,297.79,299.29,0.0
2022-05-27 13:30:00+00:00,QQQ,302.51,307.15,302.42,307.03,0.0
2022-05-27 16:00:00+00:00,QQQ,307.03,309.26,306.22,309.24,0.0
2022-05-31 13:30:00+00:00,QQQ,309.1,310.22,304.32,309.9,0.0
2022-05-31 16:00:00+00:00,QQQ,309.9,311.33,307.26,308.3,0.0
2022-06-01 13:30:00+00:00,QQQ,310.45,312.66,304.8,305.02,0.0
2022-06-01 16:00:00+00:00,QQQ,305.02,308.81,303.72,306.0,0.0
2022-06-02 13:30:00+00:00,QQQ,304.88,310.45,303.4,309.5,0.0
2022-06-02 16:00:00+00:00,QQQ,309.5,314.56,309.3,314.44,0.0
2022-06-03 13:30:00+00:00,QQQ,309.04,310.48,304.92,306.01,0.0
2022-06-03 16:00:00+00:00,QQQ,306.01,308.4,305.11,306.1,0.0
2022-06-06 13:30:00+00:00,QQQ,310.73,312.35,307.93,308.84,0.0
2022-06-06 16:00:00+00:00,QQQ,308.84,309.25,305.62,307.28,0.0
2022-06-07 13:30:00+00:00,QQQ,303.79,309.82,302.69,307.61,0.0
2022-06-07 16:00:00+00:00,QQQ,307.61,310.67,306.38,309.95,0.0
2022-06-08 13:30:00+00:00,QQQ,309.06,311.72,307.93,310.32,0.0
2022-06-08 16:00:00+00:00,QQQ,310.32,310.87,306.77,307.72,0.0
2022-06-09 13:30:00+00:00,QQQ,305.88,309.06,305.01,306.61,0.0
2022-06-09 16:00:00+00:00,QQQ,306.61,307.48,299.23,299.26,0.0
2022-06-10 13:30:00+00:00,QQQ,293.67,294.87,288.38,289.41,0.0
2022-06-10 16:00:00+00:00,QQQ,289.41,292.03,288.64,288.69,0.0
2022-06-13 13:30:00+00:00,QQQ,279.72,282.34,276.07,278.32,0.0
2022-06-13 16:00:00+00:00,QQQ,278.32,281.23,274.53,275.49,0.0
2022-06-14 13:30:00+00:00,QQQ,277.74,278.36,274.18,276.85,0.0
2022-06-14 16:00:00+00:00,QQQ,276.85,278.67,273.33,276.1,0.0
2022-06-15 13:30:00+00:00,QQQ,279.42,281.54,278.76,280.53,0.0
2022-06-15 16:00:00+00:00,QQQ,280.53,286.82,276.62,282.88,0.0
2022-06-16 13:30:00+00:00,QQQ,275.56,276.05,270.73,272.27,0.0
2022-06-16 16:00:00+00:00,QQQ,272.27,273.32,269.28,271.63,0.0
2022-06-17 13:30:00+00:00,QQQ,272.18,276.06,270.51,273.25,0.0
2022-06-17 16:00:00+00:00,QQQ,273.25,277.19,272.61,274.69,0.0
2022-06-21 13:30:00+00:00,QQQ,278.74,283.45,278.65,281.74,0.0
2022-06-21 16:00:00+00:00,QQQ,281.74,282.65,280.75,281.18,0.0
2022-06-22 13:30:00+00:00,QQQ,278.49,285.18,277.93,281.33,0.0
2022-06-22 16:00:00+00:00,QQQ,281.33,284.54,280.23,280.67,0.0
2022-06-23 13:30:00+00:00,QQQ,283.2,285.14,280.31,282.92,0.0
2022-06-23 16:00:00+00:00,QQQ,282.92,285.73,280.4,284.91,0.0
2022-06-24 13:30:00+00:00,QQQ,287.74,293.41,287.51,291.75,0.0
2022-06-24 16:00:00+00:00,QQQ,291.75,295.0,291.24,294.98,0.0
2022-06-27 13:30:00+00:00,QQQ,296.01,296.58,291.91,294.32,0.0
2022-06-27 16:00:00+00:00,QQQ,294.32,294.53,291.3,292.5,0.0
2022-06-28 13:30:00+00:00,QQQ,292.97,295.66,286.16,286.34,0.0
2022-06-28 16:00:00+00:00,QQQ,286.34,287.49,283.34,283.47,0.0
2022-06-29 13:30:00+00:00,QQQ,283.37,285.34,280.83,283.96,0.0
2022-06-29 16:00:00+00:00,QQQ,283.96,284.8,281.82,283.88,0.0
2022-06-30 13:30:00+00:00,QQQ,280.73,282.18,275.78,282.11,0.0
2022-06-30 16:00:00+00:00,QQQ,282.11,283.89,278.67,280.28,0.0
2022-07-01 13:30:00+00:00,QQQ,278.92,282.25,277.02,278.26,0.0
2022-07-01 16:00:00+00:00,QQQ,278.26,282.53,277.65,282.13,0.0
2022-07-05 13:30:00+00:00,QQQ,278.28,282.12,276.75,281.17,0.0
2022-07-05 16:00:00+00:00,QQQ,281.17,287.07,280.55,287.04,0.0
2022-07-06 13:30:00+00:00,QQQ,287.36,288.74,285.58,286.6,0.0
2022-07-06 16:00:00+00:00,QQQ,286.6,290.95,286.17,288.76,0.0
2022-07-07 13:30:00+00:00,QQQ,289.63,293.78,289.63,293.77,0.0
2022-07-07 16:00:00+00:00,QQQ,293.77,295.7,293.43,294.95,0.0
2022-07-08 13:30:00+00:00,QQQ,292.05,296.75,291.12,296.19,0.0
2022-07-08 16:00:00+00:00,QQQ,296.19,296.24,292.58,295.38,0.0
2022-07-11 13:30:00+00:00,QQQ,292.88,293.14,288.14,289.68,0.0
2022-07-11 16:00:00+00:00,QQQ,289.68,291.8,288.21,288.99,0.0
2022-07-12 13:30:00+00:00,QQQ,290.29,292.28,286.89,289.07,0.0
2022-07-12 16:00:00+00:00,QQQ,289.07,290.2,284.61,286.2,0.0
2022-07-13 13:30:00+00:00,QQQ,280.57,287.54,280.03,285.46,0.0
2022-07-13 16:00:00+00:00,QQQ,285.46,288.07,285.13,285.63,0.0
2022-07-14 13:30:00+00:00,QQQ,282.95,284.75,279.79,284.41,0.0
2022-07-14 16:00:00+00:00,QQQ,284.41,287.57,282.42,286.7,0.0
2022-07-15 13:30:00+00:00,QQQ,289.74,291.63,288.07,290.6,0.0
2022-07-15 16:00:00+00:00,QQQ,290.6,291.97,289.93,291.89,0.0
2022-07-18 13:30:00+00:00,QQQ,294.69,296.16,293.85,296.01,0.0
2022-07-18 16:00:00+00:00,QQQ,296.01,296.1,288.26,289.39,0.0
2022-07-19 13:30:00+00:00,QQQ,293.13,296.3,291.46,296.03,0.0
2022-07-19 16:00:00+00:00,QQQ,296.03,298.6,295.25,298.25,0.0
2022-07-20 13:30:00+00:00,QQQ,298.72,304.02,297.93,303.71,0.0
2022-07-20 16:00:00+00:00,QQQ,303.71,304.25,300.35,303.0,0.0
2022-07-21 13:30:00+00:00,QQQ,303.47,304.93,300.78,304.54,0.0
2022-07-21 16:00:00+00:00,QQQ,304.54,307.44,304.46,307.42,0.0
2022-07-22 13:30:00+00:00,QQQ,306.45,308.55,301.92,302.93,0.0
2022-07-22 16:00:00+00:00,QQQ,302.93,303.25,300.11,302.0,0.0
2022-07-25 13:30:00+00:00,QQQ,302.02,302.5,298.75,300.73,0.0
2022-07-25 16:00:00+00:00,QQQ,300.73,301.6,298.21,300.36,0.0
2022-07-26 13:30:00+00:00,QQQ,298.52,298.79,294.38,294.48,0.0
2022-07-26 16:00:00+00:00,QQQ,294.48,295.68,293.54,294.37,0.0
2022-07-27 13:30:00+00:00,QQQ,299.05,302.64,298.45,302.41,0.0
2022-07-27 16:00:00+00:00,QQQ,302.41,308.54,301.57,306.75,0.0
2022-07-28 13:30:00+00:00,QQQ,306.59,308.73,302.74,307.98,0.0
2022-07-28 16:00:00+00:00,QQQ,307.98,310.4,306.98,309.76,0.0
2022-07-29 13:30:00+00:00,QQQ,311.38,314.46,309.93,312.75,0.0
2022-07-29 16:00:00+00:00,QQQ,312.75,316.39,312.12,315.44,0.0
2022-08-01 13:30:00+00:00,QQQ,313.66,318.81,312.53,318.06,0.0
2022-08-01 16:00:00+00:00,QQQ,318.06,318.23,313.68,315.27,0.0
2022-08-02 13:30:00+00:00,QQQ,312.9,316.24,311.84,315.74,0.0
2022-08-02 16:00:00+00:00,QQQ,315.74,318.55,313.84,314.3,0.0
2022-08-03 13:30:00+00:00,QQQ,316.05,321.63,315.97,321.56,0.0
2022-08-03 16:00:00+00:00,QQQ,321.56,323.73,320.74,322.82,0.0
2022-08-04 13:30:00+00:00,QQQ,322.94,324.52,320.76,323.19,0.0
2022-08-04 16:00:00+00:00,QQQ,323.19,324.72,322.2,324.32,0.0
2022-08-05 13:30:00+00:00,QQQ,319.18,323.83,318.38,319.31,0.0
2022-08-05 16:00:00+00:00,QQQ,319.31,322.18,319.25,321.79,0.0
2022-08-08 13:30:00+00:00,QQQ,322.7,326.47,321.06,322.41,0.0
2022-08-08 16:00:00+00:00,QQQ,322.41,322.64,319.22,320.69,0.0
2022-08-09 13:30:00+00:00,QQQ,318.77,319.04,315.65,316.59,0.0
2022-08-09 16:00:00+00:00,QQQ,316.59,317.72,315.42,317.05,0.0
2022-08-10 13:30:00+00:00,QQQ,324.6,325.59,322.05,325.47,0.0
2022-08-10 16:00:00+00:00,QQQ,325.47,326.24,323.97,325.93,0.0
2022-08-11 13:30:00+00:00,QQQ,328.31,330.36,325.16,325.86,0.0
2022-08-11 16:00:00+00:00,QQQ,325.86,327.14,323.37,324.06,0.0
2022-08-12 13:30:00+00:00,QQQ,326.17,328.25,325.1,327.47,0.0
2022-08-12 16:00:00+00:00,QQQ,327.47,330.59,327.39,330.55,0.0
2022-08-15 13:30:00+00:00,QQQ,329.43,332.49,329.43,332.32,0.0
2022-08-15 16:00:00+00:00,QQQ,332.32,333.57,331.87,333.07,0.0
2022-08-16 13:30:00+00:00,QQQ,332.04,333.0,329.15,332.81,0.0
2022-08-16 16:00:00+00:00,QQQ,332.81,334.43,330.56,332.3,0.0
2022-08-17 13:30:00+00:00,QQQ,329.05,330.23,326.36,326.79,0.0
2022-08-17 16:00:00+00:00,QQQ,326.79,331.43,326.78,328.5,0.0
2022-08-18 13:30:00+00:00,QQQ,328.45,330.5,326.79,330.02,0.0
2022-08-18 16:00:00+00:00,QQQ,330.02,330.39,328.26,329.31,0.0
2022-08-19 13:30:00+00:00,QQQ,326.2,326.83,322.52,323.04,0.0
2022-08-19 16:00:00+00:00,QQQ,323.04,324.09,322.07,322.88,0.0
2022-08-22 13:30:00+00:00,QQQ,318.44,318.74,315.22,316.31,0.0
2022-08-22 16:00:00+00:00,QQQ,316.31,316.56,313.52,314.46,0.0
2022-08-23 13:30:00+00:00,QQQ,314.09,317.0,313.33,314.61,0.0
2022-08-23 16:00:00+00:00,QQQ,314.61,315.61,313.68,314.11,0.0
2022-08-24 13:30:00+00:00,QQQ,313.54,316.71,313.02,316.36,0.0
2022-08-24 16:00:00+00:00,QQQ,316.36,316.88,314.42,315.01,0.0
2022-08-25 13:30:00+00:00,QQQ,316.85,319.53,315.75,317.75,0.0
2022-08-25 16:00:00+00:00,QQQ,317.75,320.6,316.6,320.54,0.0
2022-08-26 13:30:00+00:00,QQQ,320.26,321.51,311.29,312.14,0.0
2022-08-26 16:00:00+00:00,QQQ,312.14,312.32,307.35,307.42,0.0
2022-08-29 13:30:00+00:00,QQQ,304.6,307.22,303.27,304.83,0.0
2022-08-29 16:00:00+00:00,QQQ,304.83,307.11,304.2,304.4,0.0
2022-08-30 13:30:00+00:00,QQQ,306.1,306.72,298.97,300.8,0.0
2022-08-30 16:00:00+00:00,QQQ,300.8,302.03,298.44,301.0,0.0
2022-08-31 13:30:00+00:00,QQQ,304.02,304.92,299.76,301.94,0.0
2022-08-31 16:00:00+00:00,QQQ,301.94,302.18,299.16,299.26,0.0
2022-09-01 13:30:00+00:00,QQQ,296.72,297.94,293.12,293.55,0.0
2022-09-01 16:00:00+00:00,QQQ,293.55,299.78,292.95,299.43,0.0
2022-09-02 13:30:00+00:00,QQQ,302.37,303.76,299.15,302.71,0.0
2022-09-02 16:00:00+00:00,QQQ,302.71,302.87,293.52,295.2,0.0
2022-09-06 13:30:00+00:00,QQQ,295.64,296.61,290.86,295.49,0.0
2022-09-06 16:00:00+00:00,QQQ,295.49,295.95,291.68,293.06,0.0
2022-09-07 13:30:00+00:00,QQQ,293.53,296.48,293.27,296.05,0.0
2022-09-07 16:00:00+00:00,QQQ,296.05,299.99,295.0,298.94,0.0
2022-09-08 13:30:00+00:00,QQQ,296.91,301.87,295.46,300.32,0.0
2022-09-08 16:00:00+00:00,QQQ,300.32,300.59,295.99,300.57,0.0
2022-09-09 13:30:00+00:00,QQQ,302.81,306.73,302.79,306.21,0.0
2022-09-09 16:00:00+00:00,QQQ,306.21,307.59,305.03,307.04,0.0
2022-09-12 13:30:00+00:00,QQQ,308.5,311.06,308.28,308.78,0.0
2022-09-12 16:00:00+00:00,QQQ,308.78,310.79,308.18,310.75,0.0
2022-09-13 13:30:00+00:00,QQQ,301.78,303.03,297.14,297.49,0.0
2022-09-13 16:00:00+00:00,QQQ,297.49,298.95,292.78,293.63,0.0
2022-09-14 13:30:00+00:00,QQQ,294.87,296.93,293.06,295.88,0.0
2022-09-14 16:00:00+00:00,QQQ,295.88,296.77,293.06,296.08,0.0
2022-09-15 13:30:00+00:00,QQQ,294.06,296.54,290.6,291.5,0.0
2022-09-15 16:00:00+00:00,QQQ,291.5,294.58,289.45,291.03,0.0
2022-09-16 13:30:00+00:00,QQQ,287.71,288.9,285.67,287.57,0.0
2022-09-16 16:00:00+00:00,QQQ,287.57,289.72,285.62,289.23,0.0
2022-09-19 13:30:00+00:00,QQQ,286.13,290.0,286.05,287.51,0.0
2022-09-19 16:00:00+00:00,QQQ,287.51,291.21,286.84,291.1,0.0
2022-09-20 13:30:00+00:00,QQQ,288.47,290.92,287.79,290.85,0.0
2022-09-20 16:00:00+00:00,QQQ,290.85,291.08,286.37,288.69,0.0
2022-09-21 13:30:00+00:00,QQQ,289.58,290.56,289.02,289.78,0.0
2022-09-21 16:00:00+00:00,QQQ,289.78,293.93,283.41,283.43,0.0
2022-09-22 13:30:00+00:00,QQQ,281.98,282.95,278.81,280.12,0.0
2022-09-22 16:00:00+00:00,QQQ,280.12,283.0,279.08,280.06,0.0
2022-09-23 13:30:00+00:00,QQQ,277.56,277.86,274.66,275.19,0.0
2022-09-23 16:00:00+00:00,QQQ,275.19,275.8,272.01,275.51,0.0
2022-09-26 13:30:00+00:00,QQQ,275.0,279.5,274.74,276.48,0.0
2022-09-26 16:00:00+00:00,QQQ,276.48,276.51,273.56,274.16,0.0
2022-09-27 13:30:00+00:00,QQQ,277.83,280.2,274.71,274.77,0.0
2022-09-27 16:00:00+00:00,QQQ,274.77,275.26,272.11,274.52,0.0
2022-09-28 13:30:00+00:00,QQQ,274.47,278.11,272.93,278.04,0.0
2022-09-28 16:00:00+00:00,QQQ,278.04,281.26,277.43,279.88,0.0
2022-09-29 13:30:00+00:00,QQQ,275.88,276.26,270.45,272.83,0.0
2022-09-29 16:00:00+00:00,QQQ,272.83,273.18,268.83,272.04,0.0
2022-09-30 13:30:00+00:00,QQQ,271.05,275.19,270.0,272.5,0.0
2022-09-30 16:00:00+00:00,QQQ,272.5,272.9,267.1,267.2,0.0
2022-10-03 13:30:00+00:00,QQQ,269.08,272.26,267.53,270.8,0.0
2022-10-03 16:00:00+00:00,QQQ,270.8,275.16,270.75,273.56,0.0
2022-10-04 13:30:00+00:00,QQQ,279.01,282.85,279.0,282.2,0.0
2022-10-04 16:00:00+00:00,QQQ,282.2,282.5,279.21,282.18,0.0
2022-10-05 13:30:00+00:00,QQQ,278.31,279.63,275.54,277.63,0.0
2022-10-05 16:00:00+00:00,QQQ,277.63,283.82,276.94,281.98,0.0
2022-10-06 13:30:00+00:00,QQQ,280.99,284.17,279.44,280.83,0.0
2022-10-06 16:00:00+00:00,QQQ,280.83,282.25,279.44,279.81,0.0
2022-10-07 13:30:00+00:00,QQQ,275.0,275.16,270.75,271.26,0.0
2022-10-07 16:00:00+00:00,QQQ,271.26,271.63,267.73,269.02,0.0
2022-10-10 13:30:00+00:00,QQQ,269.29,269.7,264.88,266.37,0.0
2022-10-10 16:00:00+00:00,QQQ,266.37,268.28,263.65,266.17,0.0
2022-10-11 13:30:00+00:00,QQQ,264.72,266.57,261.53,265.73,0.0
2022-10-11 16:00:00+00:00,QQQ,265.73,267.62,261.03,262.88,0.0
2022-10-12 13:30:00+00:00,QQQ,263.39,265.36,261.94,264.55,0.0
2022-10-12 16:00:00+00:00,QQQ,264.55,264.85,262.57,262.71,0.0
2022-10-13 13:30:00+00:00,QQQ,255.17,269.5,254.25,266.85,0.0
2022-10-13 16:00:00+00:00,QQQ,266.85,270.18,264.64,268.75,0.0
2022-10-14 13:30:00+00:00,QQQ,271.17,271.8,262.48,262.77,0.0
2022-10-14 16:00:00+00:00,QQQ,262.77,263.8,260.14,260.64,0.0
2022-10-17 13:30:00+00:00,QQQ,266.81,270.0,266.76,269.5,0.0
2022-10-17 16:00:00+00:00,QQQ,269.5,270.24,268.6,269.49,0.0
2022-10-18 13:30:00+00:00,QQQ,276.55,277.22,268.79,270.59,0.0
2022-10-18 16:00:00+00:00,QQQ,270.59,272.94,268.74,271.68,0.0
2022-10-19 13:30:00+00:00,QQQ,269.92,273.68,269.45,271.73,0.0
2022-10-19 16:00:00+00:00,QQQ,271.73,271.86,268.07,270.58,0.0
2022-10-20 13:30:00+00:00,QQQ,269.57,274.85,269.11,273.43,0.0
2022-10-20 16:00:00+00:00,QQQ,273.43,273.54,267.92,269.03,0.0
2022-10-21 13:30:00+00:00,QQQ,268.03,272.36,266.82,272.08,0.0
2022-10-21 16:00:00+00:00,QQQ,272.08,275.97,271.27,275.45,0.0
2022-10-24 13:30:00+00:00,QQQ,275.66,277.25,271.97,277.06,0.0
2022-10-24 16:00:00+00:00,QQQ,277.06,279.4,275.96,278.54,0.0
2022-10-25 13:30:00+00:00,QQQ,279.42,283.82,279.42,283.5,0.0
2022-10-25 16:00:00+00:00,QQQ,283.5,284.6,281.83,284.26,0.0
2022-10-26 13:30:00+00:00,QQQ,278.47,283.98,277.44,283.08,0.0
2022-10-26 16:00:00+00:00,QQQ,283.08,283.42,277.53,277.92,0.0
2022-10-27 13:30:00+00:00,QQQ,276.78,278.29,273.39,274.06,0.0
2022-10-27 16:00:00+00:00,QQQ,274.06,275.19,272.34,272.82,0.0
2022-10-28 13:30:00+00:00,QQQ,272.2,279.08,272.06,278.16,0.0
2022-10-28 16:00:00+00:00,QQQ,278.16,281.71,277.56,281.22,0.0
2022-10-31 13:30:00+00:00,QQQ,278.95,279.76,275.99,278.25,0.0
2022-10-31 16:00:00+00:00,QQQ,278.25,279.54,277.15,277.93,0.0
2022-11-01 13:30:00+00:00,QQQ,281.48,282.08,274.99,275.91,0.0
2022-11-01 16:00:00+00:00,QQQ,275.91,277.04,274.73,275.05,0.0
2022-11-02 13:30:00+00:00,QQQ,275.06,275.33,272.52,272.77,0.0
2022-11-02 16:00:00+00:00,QQQ,272.77,278.21,265.61,265.67,0.0
2022-11-03 13:30:00+00:00,QQQ,263.03,264.51,260.1,261.59,0.0
2022-11-03 16:00:00+00:00,QQQ,261.59,263.88,260.38,260.51,0.0
2022-11-04 13:30:00+00:00,QQQ,265.57,266.61,259.98,260.08,0.0
2022-11-04 16:00:00+00:00,QQQ,260.08,264.73,259.08,264.67,0.0
2022-11-07 14:30:00+00:00,QQQ,265.77,266.49,263.56,265.46,0.0
2022-11-07 16:00:00+00:00,QQQ,265.46,267.82,263.61,267.14,0.0
2022-11-07 20:00:00+00:00,QQQ,267.14,268.14,267.12,267.57,0.0
2022-11-08 14:30:00+00:00,QQQ,269.12,270.6,267.41,270.37,0.0
2022-11-08 16:00:00+00:00,QQQ,270.37,272.86,265.52,267.79,0.0
2022-11-08 20:00:00+00:00,QQQ,267.79,271.09,267.67,269.53,0.0
2022-11-09 14:30:00+00:00,QQQ,267.75,268.56,265.61,266.22,0.0
2022-11-09 16:00:00+00:00,QQQ,266.22,268.08,263.38,263.61,0.0
2022-11-09 20:00:00+00:00,QQQ,263.61,264.78,263.03,263.26,0.0
2022-11-10 14:30:00+00:00,QQQ,276.04,278.74,273.86,278.23,0.0
2022-11-10 16:00:00+00:00,QQQ,278.23,280.23,277.26,280.12,0.0
2022-11-10 20:00:00+00:00,QQQ,280.12,283.04,279.82,282.68,0.0
2022-11-11 14:30:00+00:00,QQQ,282.56,286.35,281.18,285.56,0.0
2022-11-11 16:00:00+00:00,QQQ,285.56,288.64,282.9,288.59,0.0
2022-11-11 20:00:00+00:00,QQQ,288.59,288.64,286.5,287.98,0.0
2022-11-14 14:30:00+00:00,QQQ,285.83,287.25,284.44,286.73,0.0
2022-11-14 16:00:00+00:00,QQQ,286.73,289.22,285.12,288.15,0.0
2022-11-14 20:00:00+00:00,QQQ,288.15,288.86,285.06,285.38,0.0
2022-11-15 14:30:00+00:00,QQQ,292.25,293.26,290.76,291.29,0.0
2022-11-15 16:00:00+00:00,QQQ,291.29,292.74,285.97,289.74,0.0
2022-11-15 20:00:00+00:00,QQQ,289.74,290.53,288.58,289.41,0.0
2022-11-16 14:30:00+00:00,QQQ,287.41,287.74,284.58,284.8,0.0
2022-11-16 16:00:00+00:00,QQQ,284.8,287.58,284.71,286.04,0.0
2022-11-16 20:00:00+00:00,QQQ,286.04,286.15,284.72,285.41,0.0
2022-11-17 14:30:00+00:00,QQQ,280.9,283.86,280.73,282.23,0.0
2022-11-17 16:00:00+00:00,QQQ,282.23,286.32,282.06,284.12,0.0
2022-11-17 20:00:00+00:00,QQQ,284.12,284.91,282.71,284.82,0.0
2022-11-18 14:30:00+00:00,QQQ,287.88,287.98,283.51,283.91,0.0
2022-11-18 16:00:00+00:00,QQQ,283.91,284.98,282.32,283.81,0.0
2022-11-18 20:00:00+00:00,QQQ,283.81,285.6,283.76,284.79,0.0
2022-11-21 14:30:00+00:00,QQQ,283.37,284.59,281.56,282.12,0.0
2022-11-21 16:00:00+00:00,QQQ,282.12,282.99,281.04,281.9,0.0
2022-11-21 20:00:00+00:00,QQQ,281.9,282.46,281.6,281.82,0.0
2022-11-22 14:30:00+00:00,QQQ,282.63,283.54,280.47,283.45,0.0
2022-11-22 16:00:00+00:00,QQQ,283.45,284.84,282.63,284.67,0.0
2022-11-22 20:00:00+00:00,QQQ,284.67,286.12,284.6,285.92,0.0
2022-11-23 14:30:00+00:00,QQQ,285.99,289.32,285.88,289.05,0.0
2022-11-23 16:00:00+00:00,QQQ,289.05,289.28,285.78,288.79,0.0
2022-11-23 20:00:00+00:00,QQQ,288.79,289.46,288.16,288.86,0.0
2022-11-25 14:30:00+00:00,QQQ,287.18,287.9,286.41,287.39,0.0
2022-11-25 16:00:00+00:00,QQQ,287.39,287.82,286.56,286.85,0.0
2022-11-28 14:30:00+00:00,QQQ,284.88,286.96,284.29,284.45,0.0
2022-11-28 16:00:00+00:00,QQQ,284.45,285.63,282.25,282.73,0.0
2022-11-28 20:00:00+00:00,QQQ,282.73,282.9,281.76,282.63,0.0
2022-11-29 14:30:00+00:00,QQQ,282.92,283.35,281.49,282.31,0.0
2022-11-29 16:00:00+00:00,QQQ,282.31,282.43,279.16,280.24,0.0
2022-11-29 20:00:00+00:00,QQQ,280.24,280.75,279.98,280.55,0.0
2022-11-30 14:30:00+00:00,QQQ,280.82,281.96,280.46,280.72,0.0
2022-11-30 16:00:00+00:00,QQQ,280.72,290.49,279.96,289.68,0.0
2022-11-30 20:00:00+00:00,QQQ,289.68,293.46,289.38,293.44,0.0
2022-12-01 14:30:00+00:00,QQQ,293.67,295.69,290.87,294.03,0.0
2022-12-01 16:00:00+00:00,QQQ,294.03,294.39,291.87,294.29,0.0
2022-12-01 20:00:00+00:00,QQQ,294.29,294.68,293.52,293.72,0.0
2022-12-02 14:30:00+00:00,QQQ,288.53,291.16,288.36,289.97,0.0
2022-12-02 16:00:00+00:00,QQQ,289.97,292.07,289.37,292.03,0.0
2022-12-02 20:00:00+00:00,QQQ,292.03,293.46,291.6,292.62,0.0
2022-12-05 14:30:00+00:00,QQQ,290.41,291.68,289.0,290.47,0.0
2022-12-05 16:00:00+00:00,QQQ,290.47,291.16,286.14,286.7,0.0
2022-12-05 20:00:00+00:00,QQQ,286.7,287.69,286.34,287.53,0.0
2022-12-06 14:30:00+00:00,QQQ,287.47,287.62,282.4,282.94,0.0
2022-12-06 16:00:00+00:00,QQQ,282.94,283.74,280.25,281.01,0.0
2022-12-06 20:00:00+00:00,QQQ,281.01,282.13,280.31,281.72,0.0
2022-12-07 14:30:00+00:00,QQQ,280.47,282.59,278.79,281.53,0.0
2022-12-07 16:00:00+00:00,QQQ,281.53,282.22,279.23,280.24,0.0
2022-12-07 20:00:00+00:00,QQQ,280.24,280.79,279.62,280.44,0.0
2022-12-08 14:30:00+00:00,QQQ,281.92,284.49,279.79,283.85,0.0
2022-12-08 16:00:00+00:00,QQQ,283.85,284.84,282.22,283.42,0.0
2022-12-08 20:00:00+00:00,QQQ,283.42,284.52,282.88,283.88,0.0
2022-12-09 14:30:00+00:00,QQQ,282.83,285.35,281.57,285.31,0.0
2022-12-09 16:00:00+00:00,QQQ,285.31,285.65,283.48,284.2,0.0
2022-12-09 20:00:00+00:00,QQQ,284.2,284.56,281.98,282.08,0.0
2022-12-12 14:30:00+00:00,QQQ,282.2,283.04,281.16,281.85,0.0
2022-12-12 16:00:00+00:00,QQQ,281.85,284.02,281.74,283.88,0.0
2022-12-12 20:00:00+00:00,QQQ,283.88,285.64,283.87,285.62,0.0
2022-12-13 14:30:00+00:00,QQQ,296.63,296.88,290.69,291.91,0.0
2022-12-13 16:00:00+00:00,QQQ,291.91,292.97,285.92,288.36,0.0
2022-12-13 20:00:00+00:00,QQQ,288.36,289.63,286.79,288.72,0.0
2022-12-14 14:30:00+00:00,QQQ,288.06,290.77,288.05,290.42,0.0
2022-12-14 16:00:00+00:00,QQQ,290.42,291.4,283.2,285.79,0.0
2022-12-14 20:00:00+00:00,QQQ,285.79,290.04,284.98,286.41,0.0
2022-12-15 14:30:00+00:00,QQQ,282.31,283.02,278.05,278.36,0.0
2022-12-15 16:00:00+00:00,QQQ,278.36,278.78,275.66,277.46,0.0
2022-12-15 20:00:00+00:00,QQQ,277.46,277.88,276.23,276.92,0.0
2022-12-16 14:30:00+00:00,QQQ,276.23,277.79,273.45,274.53,0.0
2022-12-16 16:00:00+00:00,QQQ,274.53,274.65,272.6,273.92,0.0
2022-12-16 20:00:00+00:00,QQQ,273.92,275.48,273.48,274.21,0.0
2022-12-19 14:30:00+00:00,QQQ,273.85,273.97,270.86,270.98,0.0
2022-12-19 16:00:00+00:00,QQQ,270.98,271.46,268.94,269.23,0.0
2022-12-19 20:00:00+00:00,QQQ,269.23,270.22,268.48,269.82,0.0
2022-12-20 14:30:00+00:00,QQQ,268.56,271.33,266.94,269.99,0.0
2022-12-20 16:00:00+00:00,QQQ,269.99,270.84,267.8,269.59,0.0
2022-12-20 20:00:00+00:00,QQQ,269.59,270.31,269.15,269.57,0.0
2022-12-21 14:30:00+00:00,QQQ,270.58,273.86,269.73,273.83,0.0
2022-12-21 16:00:00+00:00,QQQ,273.83,274.79,272.69,273.6,0.0
2022-12-21 20:00:00+00:00,QQQ,273.6,273.87,272.79,273.5,0.0
2022-12-22 14:30:00+00:00,QQQ,270.37,270.51,265.51,265.72,0.0
2022-12-22 16:00:00+00:00,QQQ,265.72,266.32,262.45,265.22,0.0
2022-12-22 20:00:00+00:00,QQQ,265.22,266.97,265.02,266.81,0.0
2022-12-23 14:30:00+00:00,QQQ,265.44,268.04,263.52,265.87,0.0
2022-12-23 16:00:00+00:00,QQQ,265.87,267.52,264.93,267.24,0.0
2022-12-23 20:00:00+00:00,QQQ,267.24,267.66,266.41,267.44,0.0
2022-12-27 14:30:00+00:00,QQQ,266.76,266.85,263.02,264.89,0.0
2022-12-27 16:00:00+00:00,QQQ,264.89,265.5,263.16,263.73,0.0
2022-12-27 20:00:00+00:00,QQQ,263.73,264.55,263.33,263.54,0.0
2022-12-28 14:30:00+00:00,QQQ,263.14,265.47,261.36,261.4,0.0
2022-12-28 16:00:00+00:00,QQQ,261.4,262.96,260.08,260.8,0.0
2022-12-28 20:00:00+00:00,QQQ,260.8,260.85,259.73,260.0,0.0
2022-12-29 14:30:00+00:00,QQQ,262.98,266.58,262.24,266.46,0.0
2022-12-29 16:00:00+00:00,QQQ,266.46,267.41,265.76,266.41,0.0
2022-12-29 20:00:00+00:00,QQQ,266.41,267.38,266.36,266.5,0.0
2022-12-30 14:30:00+00:00,QQQ,263.61,265.04,262.27,264.08,0.0
2022-12-30 16:00:00+00:00,QQQ,264.08,264.7,262.71,263.44,0.0
2022-12-30 20:00:00+00:00,QQQ,263.44,266.41,263.39,266.33,0.0
2023-01-03 14:30:00+00:00,QQQ,268.66,270.18,263.72,265.22,0.0
2023-01-03 16:00:00+00:00,QQQ,265.22,265.5,262.13,264.36,0.0
2023-01-03 20:00:00+00:00,QQQ,264.36,265.2,264.11,264.44,0.0
2023-01-04 14:30:00+00:00,QQQ,266.63,266.93,262.52,264.99,0.0
2023-01-04 16:00:00+00:00,QQQ,264.99,267.46,263.45,265.7,0.0
2023-01-04 20:00:00+00:00,QQQ,265.7,266.38,263.6,265.76,0.0
2023-01-05 14:30:00+00:00,QQQ,264.05,264.22,261.5,262.14,0.0
2023-01-05 16:00:00+00:00,QQQ,262.14,263.86,261.63,263.01,0.0
2023-01-05 20:00:00+00:00,QQQ,263.01,263.03,261.26,261.61,0.0
2023-01-06 14:30:00+00:00,QQQ,263.31,265.9,260.33,265.63,0.0
2023-01-06 16:00:00+00:00,QQQ,265.63,269.55,265.22,269.29,0.0
2023-01-06 20:00:00+00:00,QQQ,269.29,269.94,268.56,268.76,0.0
2023-01-09 14:30:00+00:00,QQQ,270.82,274.8,270.72,274.08,0.0
2023-01-09 16:00:00+00:00,QQQ,274.08,275.3,271.33,271.48,0.0
2023-01-09 20:00:00+00:00,QQQ,271.48,271.78,269.92,270.54,0.0
2023-01-10 14:30:00+00:00,QQQ,269.52,272.89,268.96,271.06,0.0
2023-01-10 16:00:00+00:00,QQQ,271.06,272.6,269.84,272.06,0.0
2023-01-10 20:00:00+00:00,QQQ,272.06,272.93,271.3,272.93,0.0
2023-01-11 14:30:00+00:00,QQQ,273.9,275.48,273.11,273.85,0.0
2023-01-11 16:00:00+00:00,QQQ,273.85,276.7,273.78,276.19,0.0
2023-01-11 20:00:00+00:00,QQQ,276.19,277.66,276.15,277.58,0.0
2023-01-12 14:30:00+00:00,QQQ,278.07,278.77,273.73,276.6,0.0
2023-01-12 16:00:00+00:00,QQQ,276.6,280.1,275.6,279.17,0.0
2023-01-12 20:00:00+00:00,QQQ,279.17,279.22,277.89,279.03,0.0
2023-01-13 14:30:00+00:00,QQQ,276.54,279.28,276.16,278.76,0.0
2023-01-13 16:00:00+00:00,QQQ,278.76,280.25,277.23,279.94,0.0
2023-01-13 20:00:00+00:00,QQQ,279.94,281.23,279.86,280.94,0.0
2023-01-17 14:30:00+00:00,QQQ,280.75,282.85,279.57,281.03,0.0
2023-01-17 16:00:00+00:00,QQQ,281.03,282.01,279.7,281.44,0.0
2023-01-17 20:00:00+00:00,QQQ,281.44,281.86,280.86,281.44,0.0
2023-01-18 14:30:00+00:00,QQQ,283.13,284.7,280.49,281.25,0.0
2023-01-18 16:00:00+00:00,QQQ,281.25,281.44,278.0,278.99,0.0
2023-01-18 20:00:00+00:00,QQQ,278.99,279.41,277.67,277.87,0.0
2023-01-19 14:30:00+00:00,QQQ,276.25,277.23,274.19,274.54,0.0
2023-01-19 16:00:00+00:00,QQQ,274.54,277.38,273.89,276.7,0.0
2023-01-19 20:00:00+00:00,QQQ,276.7,277.08,274.89,275.1,0.0
2023-01-20 14:30:00+00:00,QQQ,276.78,278.51,275.7,277.7,0.0
2023-01-20 16:00:00+00:00,QQQ,277.7,281.7,277.64,281.6,0.0
2023-01-20 20:00:00+00:00,QQQ,281.6,283.02,281.57,282.79,0.0
2023-01-23 14:30:00+00:00,QQQ,283.5,287.82,282.72,287.49,0.0
2023-01-23 16:00:00+00:00,QQQ,287.49,290.22,287.27,288.01,0.0
2023-01-23 20:00:00+00:00,QQQ,288.01,289.25,287.42,289.0,0.0
2023-01-24 14:30:00+00:00,QQQ,287.29,289.55,286.77,289.03,0.0
2023-01-24 16:00:00+00:00,QQQ,289.03,289.22,287.6,288.7,0.0
2023-01-24 20:00:00+00:00,QQQ,288.7,288.85,287.28,288.42,0.0
2023-01-25 14:30:00+00:00,QQQ,283.78,284.08,281.17,282.69,0.0
2023-01-25 16:00:00+00:00,QQQ,282.69,287.69,282.47,287.31,0.0
2023-01-25 20:00:00+00:00,QQQ,287.31,288.36,286.74,287.7,0.0
2023-01-26 14:30:00+00:00,QQQ,291.23,292.64,288.57,288.88,0.0
2023-01-26 16:00:00+00:00,QQQ,288.88,292.35,288.51,292.18,0.0
2023-01-26 20:00:00+00:00,QQQ,292.18,293.53,291.79,293.38,0.0
2023-01-27 14:30:00+00:00,QQQ,291.98,295.5,291.87,293.63,0.0
2023-01-27 16:00:00+00:00,QQQ,293.63,297.66,293.27,297.48,0.0
2023-01-27 20:00:00+00:00,QQQ,297.48,298.26,296.11,296.2,0.0
2023-01-30 14:30:00+00:00,QQQ,292.91,294.39,290.46,291.55,0.0
2023-01-30 16:00:00+00:00,QQQ,291.55,292.62,290.47,290.89,0.0
2023-01-30 20:00:00+00:00,QQQ,290.89,291.37,289.91,290.14,0.0
2023-01-31 14:30:00+00:00,QQQ,290.31,292.93,290.19,292.7,0.0
2023-01-31 16:00:00+00:00,QQQ,292.7,293.78,291.92,293.58,0.0
2023-01-31 20:00:00+00:00,QQQ,293.58,294.72,292.66,294.68,0.0
2023-02-01 14:30:00+00:00,QQQ,294.43,294.79,292.94,293.08,0.0
2023-02-01 16:00:00+00:00,QQQ,293.08,300.27,292.29,299.16,0.0
2023-02-01 20:00:00+00:00,QQQ,299.16,303.43,299.16,301.08,0.0
2023-02-02 14:30:00+00:00,QQQ,307.54,311.07,306.73,310.5,0.0
2023-02-02 16:00:00+00:00,QQQ,310.5,313.69,308.34,308.45,0.0
2023-02-02 20:00:00+00:00,QQQ,308.45,311.79,307.77,311.76,0.0
2023-02-03 14:30:00+00:00,QQQ,304.96,311.88,304.57,310.6,0.0
2023-02-03 16:00:00+00:00,QQQ,310.6,312.4,305.68,305.95,0.0
2023-02-03 20:00:00+00:00,QQQ,305.95,306.97,305.14,306.19,0.0
2023-02-06 14:30:00+00:00,QQQ,303.5,305.52,302.22,304.67,0.0
2023-02-06 16:00:00+00:00,QQQ,304.67,305.91,303.35,304.01,0.0
2023-02-06 20:00:00+00:00,QQQ,304.01,304.14,302.49,303.6,0.0
2023-02-07 14:30:00+00:00,QQQ,303.43,304.68,302.76,303.68,0.0
2023-02-07 16:00:00+00:00,QQQ,303.68,310.04,302.32,308.1,0.0
2023-02-07 20:00:00+00:00,QQQ,308.1,311.05,307.18,309.94,0.0
2023-02-08 14:30:00+00:00,QQQ,308.56,309.5,305.75,306.03,0.0
2023-02-08 16:00:00+00:00,QQQ,306.03,306.35,303.78,304.98,0.0
2023-02-08 20:00:00+00:00,QQQ,304.98,305.07,303.67,304.38,0.0
2023-02-09 14:30:00+00:00,QQQ,308.82,308.98,306.17,307.15,0.0
2023-02-09 16:00:00+00:00,QQQ,307.15,307.18,302.34,302.67,0.0
2023-02-09 20:00:00+00:00,QQQ,302.67,302.69,300.18,301.63,0.0
2023-02-10 14:30:00+00:00,QQQ,299.47,301.56,298.24,299.43,0.0
2023-02-10 16:00:00+00:00,QQQ,299.43,300.28,297.25,299.2,0.0
2023-02-10 20:00:00+00:00,QQQ,299.2,300.16,298.55,299.73,0.0
2023-02-13 14:30:00+00:00,QQQ,301.13,303.71,299.92,303.31,0.0
2023-02-13 16:00:00+00:00,QQQ,303.31,305.1,303.12,303.73,0.0
2023-02-13 20:00:00+00:00,QQQ,303.73,304.64,303.06,304.58,0.0
2023-02-14 14:30:00+00:00,QQQ,302.87,307.74,300.9,303.32,0.0
2023-02-14 16:00:00+00:00,QQQ,303.32,306.93,301.57,306.43,0.0
2023-02-14 20:00:00+00:00,QQQ,306.43,307.55,305.78,306.7,0.0
2023-02-15 14:30:00+00:00,QQQ,304.86,306.79,304.19,305.11,0.0
2023-02-15 16:00:00+00:00,QQQ,305.11,308.93,305.02,307.85,0.0
2023-02-15 20:00:00+00:00,QQQ,307.85,309.27,307.59,309.25,0.0
2023-02-16 14:30:00+00:00,QQQ,304.36,307.89,303.71,307.38,0.0
2023-02-16 16:00:00+00:00,QQQ,307.38,308.44,306.29,307.39,0.0
2023-02-16 20:00:00+00:00,QQQ,307.39,307.52,303.15,303.28,0.0
2023-02-17 14:30:00+00:00,QQQ,301.11,301.95,298.88,299.39,0.0
2023-02-17 16:00:00+00:00,QQQ,299.39,301.27,298.1,301.12,0.0
2023-02-17 20:00:00+00:00,QQQ,301.12,301.53,300.24,301.16,0.0
2023-02-21 14:30:00+00:00,QQQ,297.26,298.74,296.07,296.25,0.0
2023-02-21 16:00:00+00:00,QQQ,296.25,296.65,294.27,294.71,0.0
2023-02-21 20:00:00+00:00,QQQ,294.71,295.14,293.88,294.02,0.0
2023-02-22 14:30:00+00:00,QQQ,294.64,295.99,292.56,294.16,0.0
2023-02-22 16:00:00+00:00,QQQ,294.16,296.35,293.18,293.26,0.0
2023-02-22 20:00:00+00:00,QQQ,293.26,294.27,292.9,294.2,0.0
2023-02-23 14:30:00+00:00,QQQ,297.94,298.13,294.33,294.61,0.0
2023-02-23 16:00:00+00:00,QQQ,294.61,297.03,292.55,296.46,0.0
2023-02-23 20:00:00+00:00,QQQ,296.46,297.88,296.46,296.85,0.0
2023-02-24 14:30:00+00:00,QQQ,291.74,292.97,290.05,290.36,0.0
2023-02-24 16:00:00+00:00,QQQ,290.36,292.35,290.06,292.05,0.0
2023-02-24 20:00:00+00:00,QQQ,292.05,292.41,290.56,291.82,0.0
2023-02-27 14:30:00+00:00,QQQ,295.1,296.5,293.77,294.44,0.0
2023-02-27 16:00:00+00:00,QQQ,294.44,295.43,293.5,294.08,0.0
2023-02-27 20:00:00+00:00,QQQ,294.08,294.32,293.34,293.94,0.0
2023-02-28 14:30:00+00:00,QQQ,293.29,294.96,292.96,293.78,0.0
2023-02-28 16:00:00+00:00,QQQ,293.78,296.13,293.6,294.95,0.0
2023-02-28 20:00:00+00:00,QQQ,294.95,294.97,293.48,293.5,0.0
2023-03-01 14:30:00+00:00,QQQ,293.23,293.93,290.88,292.19,0.0
2023-03-01 16:00:00+00:00,QQQ,292.19,292.88,290.19,290.81,0.0
2023-03-01 20:00:00+00:00,QQQ,290.81,291.44,290.57,291.14,0.0
2023-03-02 14:30:00+00:00,QQQ,288.65,290.48,288.37,290.25,0.0
2023-03-02 16:00:00+00:00,QQQ,290.25,293.37,289.28,292.89,0.0
2023-03-02 20:00:00+00:00,QQQ,292.89,294.44,292.51,293.71,0.0
2023-03-03 14:30:00+00:00,QQQ,295.38,297.8,294.87,296.64,0.0
2023-03-03 16:00:00+00:00,QQQ,296.64,299.6,296.28,299.5,0.0
2023-03-03 20:00:00+00:00,QQQ,299.5,299.92,299.03,299.7,0.0
2023-03-06 14:30:00+00:00,QQQ,300.95,303.69,300.62,303.24,0.0
2023-03-06 16:00:00+00:00,QQQ,303.24,303.98,300.4,300.58,0.0
2023-03-06 20:00:00+00:00,QQQ,300.58,300.88,299.81,300.04,0.0
2023-03-07 14:30:00+00:00,QQQ,300.06,301.02,296.65,297.45,0.0
2023-03-07 16:00:00+00:00,QQQ,297.45,299.78,295.72,295.81,0.0
2023-03-07 20:00:00+00:00,QQQ,295.81,296.78,295.75,296.33,0.0
2023-03-08 14:30:00+00:00,QQQ,296.75,297.69,294.88,296.88,0.0
2023-03-08 16:00:00+00:00,QQQ,296.88,298.43,295.71,296.63,0.0
2023-03-08 20:00:00+00:00,QQQ,296.63,298.24,296.11,297.88,0.0
2023-03-09 14:30:00+00:00,QQQ,298.35,300.97,297.97,299.69,0.0
2023-03-09 16:00:00+00:00,QQQ,299.69,300.04,294.02,294.18,0.0
2023-03-09 20:00:00+00:00,QQQ,294.18,294.4,291.82,292.5,0.0
2023-03-10 14:30:00+00:00,QQQ,292.86,293.06,289.13,292.74,0.0
2023-03-10 16:00:00+00:00,QQQ,292.74,294.35,287.45,289.51,0.0
2023-03-10 20:00:00+00:00,QQQ,289.51,290.03,287.49,288.51,0.0
2023-03-13 13:30:00+00:00,QQQ,286.76,293.93,285.18,293.27,0.0
2023-03-13 16:00:00+00:00,QQQ,293.27,294.48,290.65,290.72,0.0
2023-03-14 13:30:00+00:00,QQQ,294.3,297.94,294.2,297.39,0.0
2023-03-14 16:00:00+00:00,QQQ,297.39,297.76,293.45,297.38,0.0
2023-03-15 13:30:00+00:00,QQQ,294.72,297.05,293.24,295.78,0.0
2023-03-15 16:00:00+00:00,QQQ,295.78,299.28,293.96,298.92,0.0
2023-03-16 13:30:00+00:00,QQQ,297.91,305.57,297.19,305.06,0.0
2023-03-16 16:00:00+00:00,QQQ,305.06,307.17,303.71,306.81,0.0
2023-03-17 13:30:00+00:00,QQQ,306.75,309.15,303.36,304.46,0.0
2023-03-17 16:00:00+00:00,QQQ,304.46,306.54,303.73,305.32,0.0
2023-03-20 13:30:00+00:00,QQQ,304.29,306.05,302.0,304.08,0.0
2023-03-20 16:00:00+00:00,QQQ,304.08,306.29,302.84,305.92,0.0
2023-03-21 13:30:00+00:00,QQQ,307.95,309.4,306.39,306.86,0.0
2023-03-21 16:00:00+00:00,QQQ,306.86,310.79,306.7,310.32,0.0
2023-03-22 13:30:00+00:00,QQQ,310.25,311.98,309.73,311.67,0.0
2023-03-22 16:00:00+00:00,QQQ,311.67,315.25,305.95,305.99,0.0
2023-03-23 13:30:00+00:00,QQQ,309.91,314.16,309.73,313.08,0.0
2023-03-23 16:00:00+00:00,QQQ,313.08,313.45,307.02,309.79,0.0
2023-03-24 13:30:00+00:00,QQQ,309.31,309.74,306.94,309.36,0.0
2023-03-24 16:00:00+00:00,QQQ,309.36,310.99,307.55,310.94,0.0
2023-03-27 13:30:00+00:00,QQQ,311.58,312.71,308.09,308.25,0.0
2023-03-27 16:00:00+00:00,QQQ,308.25,310.4,307.89,308.7,0.0
2023-03-28 13:30:00+00:00,QQQ,308.19,308.21,305.15,306.66,0.0
2023-03-28 16:00:00+00:00,QQQ,306.66,307.16,304.77,307.12,0.0
2023-03-29 13:30:00+00:00,QQQ,310.89,311.94,310.05,311.56,0.0
2023-03-29 16:00:00+00:00,QQQ,311.56,313.35,310.91,312.81,0.0
2023-03-30 13:30:00+00:00,QQQ,315.23,316.33,314.31,315.51,0.0
2023-03-30 16:00:00+00:00,QQQ,315.51,315.85,313.92,315.69,0.0
2023-03-31 13:30:00+00:00,QQQ,315.93,318.81,315.62,318.78,0.0
2023-03-31 16:00:00+00:00,QQQ,318.78,321.17,318.63,320.91,0.0
2023-04-03 13:30:00+00:00,QQQ,318.79,320.17,317.41,318.24,0.0
2023-04-03 16:00:00+00:00,QQQ,318.24,320.43,317.52,320.17,0.0
2023-04-04 13:30:00+00:00,QQQ,320.59,321.63,318.72,319.32,0.0
2023-04-04 16:00:00+00:00,QQQ,319.32,319.77,317.82,319.13,0.0
2023-04-05 13:30:00+00:00,QQQ,318.12,318.3,314.42,315.12,0.0
2023-04-05 16:00:00+00:00,QQQ,315.12,316.18,314.07,315.86,0.0
2023-04-06 13:30:00+00:00,QQQ,314.26,317.06,312.87,316.94,0.0
2023-04-06 16:00:00+00:00,QQQ,316.94,318.56,316.86,318.11,0.0
2023-04-10 13:30:00+00:00,QQQ,315.05,316.16,313.24,315.25,0.0
2023-04-10 16:00:00+00:00,QQQ,315.25,317.93,314.35,317.92,0.0
2023-04-11 13:30:00+00:00,QQQ,317.86,317.9,315.31,315.85,0.0
2023-04-11 16:00:00+00:00,QQQ,315.85,317.22,315.47,315.82,0.0
2023-04-12 13:30:00+00:00,QQQ,317.8,318.42,313.5,315.79,0.0
2023-04-12 16:00:00+00:00,QQQ,315.79,316.67,312.56,313.03,0.0
2023-04-13 13:30:00+00:00,QQQ,314.82,317.62,314.63,317.51,0.0
2023-04-13 16:00:00+00:00,QQQ,317.51,319.66,317.3,319.26,0.0
2023-04-14 13:30:00+00:00,QQQ,317.57,320.36,316.87,317.32,0.0
2023-04-14 16:00:00+00:00,QQQ,317.32,318.83,315.62,318.58,0.0
2023-04-17 13:30:00+00:00,QQQ,318.15,319.2,316.37,316.73,0.0
2023-04-17 16:00:00+00:00,QQQ,316.73,318.84,316.11,318.79,0.0
2023-04-18 13:30:00+00:00,QQQ,321.01,321.43,317.96,318.32,0.0
2023-04-18 16:00:00+00:00,QQQ,318.32,319.18,317.64,318.83,0.0
2023-04-19 13:30:00+00:00,QQQ,316.39,318.63,316.29,318.52,0.0
2023-04-19 16:00:00+00:00,QQQ,318.52,319.79,318.27,318.75,0.0
2023-04-20 13:30:00+00:00,QQQ,315.7,318.24,315.57,317.76,0.0
2023-04-20 16:00:00+00:00,QQQ,317.76,319.28,314.97,316.31,0.0
2023-04-21 13:30:00+00:00,QQQ,315.89,316.81,314.09,316.5,0.0
2023-04-21 16:00:00+00:00,QQQ,316.5,317.41,315.84,316.61,0.0
2023-04-24 13:30:00+00:00,QQQ,316.38,317.74,313.73,314.01,0.0
2023-04-24 16:00:00+00:00,QQQ,314.01,316.16,313.82,315.94,0.0
2023-04-25 13:30:00+00:00,QQQ,314.3,314.97,312.6,312.67,0.0
2023-04-25 16:00:00+00:00,QQQ,312.67,312.79,309.89,309.95,0.0
2023-04-26 13:30:00+00:00,QQQ,313.46,314.55,312.14,314.32,0.0
2023-04-26 16:00:00+00:00,QQQ,314.32,314.94,311.32,311.79,0.0
2023-04-27 13:30:00+00:00,QQQ,315.73,318.31,315.04,318.05,0.0
2023-04-27 16:00:00+00:00,QQQ,318.05,320.87,318.02,320.39,0.0
2023-04-28 13:30:00+00:00,QQQ,320.14,321.88,318.96,320.94,0.0
2023-04-28 16:00:00+00:00,QQQ,320.94,322.65,320.48,322.63,0.0
2023-05-01 13:30:00+00:00,QQQ,322.11,322.88,321.08,322.0,0.0
2023-05-01 16:00:00+00:00,QQQ,322.0,323.61,321.74,322.19,0.0
2023-05-02 13:30:00+00:00,QQQ,322.13,322.46,317.63,317.93,0.0
2023-05-02 16:00:00+00:00,QQQ,317.93,320.28,317.7,319.37,0.0
2023-05-03 13:30:00+00:00,QQQ,319.74,320.8,319.2,320.11,0.0
2023-05-03 16:00:00+00:00,QQQ,320.11,322.44,317.17,317.36,0.0
2023-05-04 13:30:00+00:00,QQQ,317.07,317.67,315.11,316.28,0.0
2023-05-04 16:00:00+00:00,QQQ,316.28,318.24,315.81,316.23,0.0
2023-05-05 13:30:00+00:00,QQQ,318.45,321.78,318.09,321.31,0.0
2023-05-05 16:00:00+00:00,QQQ,321.31,323.76,320.85,322.93,0.0
2023-05-08 13:30:00+00:00,QQQ,322.39,322.96,321.31,322.93,0.0
2023-05-08 16:00:00+00:00,QQQ,322.93,324.05,322.13,323.74,0.0
2023-05-09 13:30:00+00:00,QQQ,321.99,322.89,321.5,321.6,0.0
2023-05-09 16:00:00+00:00,QQQ,321.6,322.32,321.32,321.6,0.0
2023-05-10 13:30:00+00:00,QQQ,324.13,325.72,322.45,324.13,0.0
2023-05-10 16:00:00+00:00,QQQ,324.13,326.01,321.6,325.14,0.0
2023-05-11 13:30:00+00:00,QQQ,325.68,326.27,324.11,326.06,0.0
2023-05-11 16:00:00+00:00,QQQ,326.06,326.75,324.9,326.19,0.0
2023-05-12 13:30:00+00:00,QQQ,326.72,327.18,324.35,325.2,0.0
2023-05-12 16:00:00+00:00,QQQ,325.2,325.26,322.94,325.04,0.0
2023-05-15 13:30:00+00:00,QQQ,325.54,326.3,323.95,326.25,0.0
2023-05-15 16:00:00+00:00,QQQ,326.25,327.03,325.57,326.88,0.0
2023-05-16 13:30:00+00:00,QQQ,326.05,328.75,326.01,328.69,0.0
2023-05-16 16:00:00+00:00,QQQ,328.69,328.91,327.13,327.13,0.0
2023-05-17 13:30:00+00:00,QQQ,328.23,329.14,327.04,328.96,0.0
2023-05-17 16:00:00+00:00,QQQ,328.96,331.71,328.55,331.18,0.0
2023-05-18 13:30:00+00:00,QQQ,331.53,336.4,331.51,335.63,0.0
2023-05-18 16:00:00+00:00,QQQ,335.63,337.49,334.0,337.23,0.0
2023-05-19 13:30:00+00:00,QQQ,337.47,338.21,335.58,336.57,0.0
2023-05-19 16:00:00+00:00,QQQ,336.57,336.92,335.42,336.48,0.0
2023-05-22 13:30:00+00:00,QQQ,336.28,338.67,336.24,337.38,0.0
2023-05-22 16:00:00+00:00,QQQ,337.38,338.57,336.81,337.66,0.0
2023-05-23 13:30:00+00:00,QQQ,335.92,337.06,335.7,336.62,0.0
2023-05-23 16:00:00+00:00,QQQ,336.62,336.83,333.0,333.31,0.0
2023-05-24 13:30:00+00:00,QQQ,331.37,332.19,329.56,330.29,0.0
2023-05-24 16:00:00+00:00,QQQ,330.29,332.91,329.78,331.64,0.0
2023-05-25 13:30:00+00:00,QQQ,339.14,339.93,336.66,338.88,0.0
2023-05-25 16:00:00+00:00,QQQ,338.88,341.01,338.84,339.74,0.0
2023-05-26 13:30:00+00:00,QQQ,340.75,347.62,340.66,347.25,0.0
2023-05-26 16:00:00+00:00,QQQ,347.25,349.25,347.08,348.41,0.0
2023-05-30 13:30:00+00:00,QQQ,352.73,353.94,350.07,351.45,0.0
2023-05-30 16:00:00+00:00,QQQ,351.45,351.56,348.52,349.94,0.0
2023-05-31 13:30:00+00:00,QQQ,348.38,350.4,346.51,347.45,0.0
2023-05-31 16:00:00+00:00,QQQ,347.45,349.23,346.52,347.67,0.0
2023-06-01 13:30:00+00:00,QQQ,347.75,350.82,346.65,350.81,0.0
2023-06-01 16:00:00+00:00,QQQ,350.81,353.37,350.8,352.05,0.0
2023-06-02 13:30:00+00:00,QQQ,353.76,355.83,352.01,354.85,0.0
2023-06-02 16:00:00+00:00,QQQ,354.85,355.36,354.04,354.66,0.0
2023-06-05 13:30:00+00:00,QQQ,354.44,357.34,354.43,356.88,0.0
2023-06-05 16:00:00+00:00,QQQ,356.88,357.5,353.85,354.89,0.0
2023-06-06 13:30:00+00:00,QQQ,354.3,355.63,352.93,355.51,0.0
2023-06-06 16:00:00+00:00,QQQ,355.51,355.82,353.48,354.87,0.0
2023-06-07 13:30:00+00:00,QQQ,355.11,357.13,351.07,351.19,0.0
2023-06-07 16:00:00+00:00,QQQ,351.19,351.85,348.18,348.8,0.0
2023-06-08 13:30:00+00:00,QQQ,349.11,353.42,348.89,352.92,0.0
2023-06-08 16:00:00+00:00,QQQ,352.92,353.62,351.12,353.07,0.0
2023-06-09 13:30:00+00:00,QQQ,354.61,357.67,353.89,353.91,0.0
2023-06-09 16:00:00+00:00,QQQ,353.91,355.92,353.03,354.5,0.0
2023-06-12 13:30:00+00:00,QQQ,356.17,357.42,355.2,357.28,0.0
2023-06-12 16:00:00+00:00,QQQ,357.28,360.6,356.81,360.54,0.0
2023-06-13 13:30:00+00:00,QQQ,363.31,364.09,360.03,362.23,0.0
2023-06-13 16:00:00+00:00,QQQ,362.23,363.71,361.25,363.26,0.0
2023-06-14 13:30:00+00:00,QQQ,363.31,366.19,362.26,365.19,0.0
2023-06-14 16:00:00+00:00,QQQ,365.19,366.16,360.42,365.91,0.0
2023-06-15 13:30:00+00:00,QQQ,364.63,369.03,363.97,368.58,0.0
2023-06-15 16:00:00+00:00,QQQ,368.58,371.77,367.51,370.25,0.0
2023-06-16 13:30:00+00:00,QQQ,372.69,372.81,369.13,370.31,0.0
2023-06-16 16:00:00+00:00,QQQ,370.31,371.31,367.48,367.88,0.0
2023-06-20 13:30:00+00:00,QQQ,366.0,368.33,363.88,364.81,0.0
2023-06-20 16:00:00+00:00,QQQ,364.81,367.74,364.66,366.94,0.0
2023-06-21 13:30:00+00:00,QQQ,365.7,366.18,360.95,361.61,0.0
2023-06-21 16:00:00+00:00,QQQ,361.61,364.52,361.53,362.01,0.0
2023-06-22 13:30:00+00:00,QQQ,360.66,365.44,360.22,364.91,0.0
2023-06-22 16:00:00+00:00,QQQ,364.91,366.32,363.08,366.22,0.0
2023-06-23 13:30:00+00:00,QQQ,362.19,363.31,360.82,362.54,0.0
2023-06-23 16:00:00+00:00,QQQ,362.54,364.88,361.88,362.56,0.0
2023-06-26 13:30:00+00:00,QQQ,362.05,364.85,360.67,361.5,0.0
2023-06-26 16:00:00+00:00,QQQ,361.5,361.54,357.6,357.73,0.0
2023-06-27 13:30:00+00:00,QQQ,359.28,361.51,358.51,361.42,0.0
2023-06-27 16:00:00+00:00,QQQ,361.42,364.57,361.25,363.86,0.0
2023-06-28 13:30:00+00:00,QQQ,362.01,366.23,361.9,365.68,0.0
2023-06-28 16:00:00+00:00,QQQ,365.68,366.53,362.69,364.57,0.0
2023-06-29 13:30:00+00:00,QQQ,364.23,364.9,362.13,364.38,0.0
2023-06-29 16:00:00+00:00,QQQ,364.38,364.78,362.31,363.85,0.0
2023-06-30 13:30:00+00:00,QQQ,367.57,370.5,367.23,368.98,0.0
2023-06-30 16:00:00+00:00,QQQ,368.98,370.33,368.74,369.44,0.0
2023-07-03 13:30:00+00:00,QQQ,370.09,370.94,368.97,369.3,0.0
2023-07-03 16:00:00+00:00,QQQ,369.3,370.39,369.18,370.34,0.0
2023-07-05 13:30:00+00:00,QQQ,368.69,372.01,368.66,370.08,0.0
2023-07-05 16:00:00+00:00,QQQ,370.08,371.05,369.42,370.28,0.0
2023-07-06 13:30:00+00:00,QQQ,366.51,366.97,364.51,365.68,0.0
2023-07-06 16:00:00+00:00,QQQ,365.68,367.92,365.65,367.48,0.0
2023-07-07 13:30:00+00:00,QQQ,367.21,368.62,366.2,368.6,0.0
2023-07-07 16:00:00+00:00,QQQ,368.6,370.48,366.01,366.25,0.0
2023-07-10 13:30:00+00:00,QQQ,365.94,367.05,363.93,364.67,0.0
2023-07-10 16:00:00+00:00,QQQ,364.67,366.52,363.4,366.45,0.0
2023-07-11 13:30:00+00:00,QQQ,366.77,367.64,364.61,367.63,0.0
2023-07-11 16:00:00+00:00,QQQ,367.63,368.64,365.72,368.17,0.0
2023-07-12 13:30:00+00:00,QQQ,372.33,374.2,370.3,370.7,0.0
2023-07-12 16:00:00+00:00,QQQ,370.7,373.5,370.42,372.89,0.0
2023-07-13 13:30:00+00:00,QQQ,376.03,377.42,375.45,377.32,0.0
2023-07-13 16:00:00+00:00,QQQ,377.32,380.0,377.17,379.16,0.0
2023-07-14 13:30:00+00:00,QQQ,379.58,382.86,379.58,381.87,0.0
2023-07-14 16:00:00+00:00,QQQ,381.87,381.91,378.18,379.11,0.0
2023-07-17 13:30:00+00:00,QQQ,379.8,381.77,379.3,381.68,0.0
2023-07-17 16:00:00+00:00,QQQ,381.68,383.5,380.55,382.61,0.0
2023-07-18 13:30:00+00:00,QQQ,381.94,383.73,380.0,383.56,0.0
2023-07-18 16:00:00+00:00,QQQ,383.56,387.13,383.22,385.75,0.0
2023-07-19 13:30:00+00:00,QQQ,386.81,387.66,385.78,387.09,0.0
2023-07-19 16:00:00+00:00,QQQ,387.09,387.98,384.3,385.38,0.0
2023-07-20 13:30:00+00:00,QQQ,382.59,384.1,379.35,380.47,0.0
2023-07-20 16:00:00+00:00,QQQ,380.47,381.39,375.72,376.68,0.0
2023-07-21 13:30:00+00:00,QQQ,379.17,379.92,375.8,377.26,0.0
2023-07-21 16:00:00+00:00,QQQ,377.26,378.37,375.19,375.57,0.0
2023-07-24 13:30:00+00:00,QQQ,376.64,377.58,374.33,376.22,0.0
2023-07-24 16:00:00+00:00,QQQ,376.22,377.07,375.32,376.24,0.0
2023-07-25 13:30:00+00:00,QQQ,376.93,379.26,376.92,378.86,0.0
2023-07-25 16:00:00+00:00,QQQ,378.86,380.47,378.51,378.86,0.0
2023-07-26 13:30:00+00:00,QQQ,377.72,378.2,375.18,376.91,0.0
2023-07-26 16:00:00+00:00,QQQ,376.91,379.24,375.3,377.54,0.0
2023-07-27 13:30:00+00:00,QQQ,383.05,384.71,381.3,382.0,0.0
2023-07-27 16:00:00+00:00,QQQ,382.0,383.58,375.31,376.58,0.0
2023-07-28 13:30:00+00:00,QQQ,380.74,384.53,380.21,384.49,0.0
2023-07-28 16:00:00+00:00,QQQ,384.49,384.49,381.61,383.48,0.0
2023-07-31 13:30:00+00:00,QQQ,383.77,384.88,382.48,383.42,0.0
2023-07-31 16:00:00+00:00,QQQ,383.42,383.85,382.34,383.85,0.0
2023-08-01 13:30:00+00:00,QQQ,382.31,383.29,380.68,382.92,0.0
2023-08-01 16:00:00+00:00,QQQ,382.92,383.57,381.88,382.8,0.0
2023-08-02 13:30:00+00:00,QQQ,379.24,379.26,373.94,373.97,0.0
2023-08-02 16:00:00+00:00,QQQ,373.97,375.54,373.12,374.39,0.0
2023-08-03 13:30:00+00:00,QQQ,371.93,375.03,371.77,374.23,0.0
2023-08-03 16:00:00+00:00,QQQ,374.23,375.95,373.34,373.77,0.0
2023-08-04 13:30:00+00:00,QQQ,375.76,377.47,372.88,377.13,0.0
2023-08-04 16:00:00+00:00,QQQ,377.13,378.1,371.53,372.04,0.0
2023-08-07 13:30:00+00:00,QQQ,373.91,374.86,371.5,373.44,0.0
2023-08-07 16:00:00+00:00,QQQ,373.44,375.29,372.88,375.19,0.0
2023-08-08 13:30:00+00:00,QQQ,372.67,372.67,368.84,369.19,0.0
2023-08-08 16:00:00+00:00,QQQ,369.19,372.44,369.04,371.94,0.0
2023-08-09 13:30:00+00:00,QQQ,372.29,372.46,367.14,367.62,0.0
2023-08-09 16:00:00+00:00,QQQ,367.62,370.97,367.5,367.88,0.0
2023-08-10 13:30:00+00:00,QQQ,370.99,374.36,368.75,369.5,0.0
2023-08-10 16:00:00+00:00,QQQ,369.5,370.52,367.03,368.56,0.0
2023-08-11 13:30:00+00:00,QQQ,365.99,368.0,364.69,365.79,0.0
2023-08-11 16:00:00+00:00,QQQ,365.79,367.11,365.04,366.22,0.0
2023-08-14 13:30:00+00:00,QQQ,365.45,369.83,364.7,368.97,0.0
2023-08-14 16:00:00+00:00,QQQ,368.97,370.48,368.0,370.45,0.0
2023-08-15 13:30:00+00:00,QQQ,369.35,370.18,366.53,368.63,0.0
2023-08-15 16:00:00+00:00,QQQ,368.63,368.94,365.74,366.42,0.0
2023-08-16 13:30:00+00:00,QQQ,365.87,367.44,364.76,365.01,0.0
2023-08-16 16:00:00+00:00,QQQ,365.01,366.05,362.44,362.48,0.0
2023-08-17 13:30:00+00:00,QQQ,363.94,364.31,360.64,361.81,0.0
2023-08-17 16:00:00+00:00,QQQ,361.81,363.07,358.15,358.58,0.0
2023-08-18 13:30:00+00:00,QQQ,355.21,357.93,354.7,357.8,0.0
2023-08-18 16:00:00+00:00,QQQ,357.8,359.41,356.12,358.13,0.0
2023-08-21 13:30:00+00:00,QQQ,359.6,362.61,359.14,359.66,0.0
2023-08-21 16:00:00+00:00,QQQ,359.66,364.6,359.58,363.97,0.0
2023-08-22 13:30:00+00:00,QQQ,366.53,366.56,363.57,363.94,0.0
2023-08-22 16:00:00+00:00,QQQ,363.94,364.58,362.68,363.37,0.0
2023-08-23 13:30:00+00:00,QQQ,364.56,369.33,364.35,369.2,0.0
2023-08-23 16:00:00+00:00,QQQ,369.2,370.22,368.43,369.17,0.0
2023-08-24 13:30:00+00:00,QQQ,372.64,372.74,363.18,363.38,0.0
2023-08-24 16:00:00+00:00,QQQ,363.38,365.51,361.01,361.1,0.0
2023-08-25 13:30:00+00:00,QQQ,362.06,365.74,358.58,359.87,0.0
2023-08-25 16:00:00+00:00,QQQ,359.87,365.23,359.79,364.06,0.0
2023-08-28 13:30:00+00:00,QQQ,367.01,367.71,364.24,365.04,0.0
2023-08-28 16:00:00+00:00,QQQ,365.04,367.31,364.48,366.86,0.0
2023-08-29 13:30:00+00:00,QQQ,366.56,374.04,366.24,373.6,0.0
2023-08-29 16:00:00+00:00,QQQ,373.6,375.13,373.23,374.75,0.0
2023-08-30 13:30:00+00:00,QQQ,374.89,377.08,373.85,376.8,0.0
2023-08-30 16:00:00+00:00,QQQ,376.8,377.45,375.68,376.94,0.0
2023-08-31 13:30:00+00:00,QQQ,376.93,379.72,376.86,378.69,0.0
2023-08-31 16:00:00+00:00,QQQ,378.69,379.43,376.96,377.88,0.0
2023-09-01 13:30:00+00:00,QQQ,380.41,380.84,376.12,376.29,0.0
2023-09-01 16:00:00+00:00,QQQ,376.29,377.83,376.07,377.66,0.0
2023-09-05 13:30:00+00:00,QQQ,376.75,379.08,375.84,377.69,0.0
2023-09-05 16:00:00+00:00,QQQ,377.69,379.31,377.62,378.05,0.0
2023-09-06 13:30:00+00:00,QQQ,377.27,377.62,373.6,374.22,0.0
2023-09-06 16:00:00+00:00,QQQ,374.22,374.96,372.7,374.81,0.0
2023-09-07 13:30:00+00:00,QQQ,370.21,372.16,369.13,370.31,0.0
2023-09-07 16:00:00+00:00,QQQ,370.31,372.83,370.19,372.03,0.0
2023-09-08 13:30:00+00:00,QQQ,371.99,374.85,371.94,373.66,0.0
2023-09-08 16:00:00+00:00,QQQ,373.66,374.21,371.59,372.55,0.0
2023-09-11 13:30:00+00:00,QQQ,375.65,376.31,373.66,374.38,0.0
2023-09-11 16:00:00+00:00,QQQ,374.38,377.5,374.21,376.97,0.0
2023-09-12 13:30:00+00:00,QQQ,375.29,376.68,373.29,374.16,0.0
2023-09-12 16:00:00+00:00,QQQ,374.16,375.63,372.5,372.81,0.0
2023-09-13 13:30:00+00:00,QQQ,373.05,375.45,371.88,374.91,0.0
2023-09-13 16:00:00+00:00,QQQ,374.91,375.84,373.15,374.24,0.0
2023-09-14 13:30:00+00:00,QQQ,375.99,377.77,373.89,377.43,0.0
2023-09-14 16:00:00+00:00,QQQ,377.43,378.27,376.79,377.29,0.0
2023-09-15 13:30:00+00:00,QQQ,375.9,376.32,371.18,371.69,0.0
2023-09-15 16:00:00+00:00,QQQ,371.69,372.51,369.86,370.67,0.0
2023-09-18 13:30:00+00:00,QQQ,369.34,371.59,369.02,371.48,0.0
2023-09-18 16:00:00+00:00,QQQ,371.48,371.8,369.85,370.66,0.0
2023-09-19 13:30:00+00:00,QQQ,369.31,369.77,366.8,367.84,0.0
2023-09-19 16:00:00+00:00,QQQ,367.84,370.63,367.04,369.88,0.0
2023-09-20 13:30:00+00:00,QQQ,370.94,371.32,368.77,369.9,0.0
2023-09-20 16:00:00+00:00,QQQ,369.9,370.28,364.46,364.55,0.0
2023-09-21 13:30:00+00:00,QQQ,360.82,361.61,359.16,359.81,0.0
2023-09-21 16:00:00+00:00,QQQ,359.81,361.13,357.69,357.75,0.0
2023-09-22 13:30:00+00:00,QQQ,359.62,361.8,358.43,360.6,0.0
2023-09-22 16:00:00+00:00,QQQ,360.6,361.68,357.58,357.94,0.0
2023-09-25 13:30:00+00:00,QQQ,356.96,359.27,355.92,358.75,0.0
2023-09-25 16:00:00+00:00,QQQ,358.75,359.7,357.37,359.66,0.0
2023-09-26 13:30:00+00:00,QQQ,357.0,357.54,354.62,354.94,0.0
2023-09-26 16:00:00+00:00,QQQ,354.94,356.03,353.21,354.22,0.0
2023-09-27 13:30:00+00:00,QQQ,355.36,356.63,353.42,353.69,0.0
2023-09-27 16:00:00+00:00,QQQ,353.69,356.99,351.36,355.13,0.0
2023-09-28 13:30:00+00:00,QQQ,354.12,359.32,353.24,359.26,0.0
2023-09-28 16:00:00+00:00,QQQ,359.26,360.17,356.9,358.06,0.0
2023-09-29 13:30:00+00:00,QQQ,361.56,362.95,359.3,360.1,0.0
2023-09-29 16:00:00+00:00,QQQ,360.1,360.67,357.01,358.35,0.0
2023-10-02 13:30:00+00:00,QQQ,358.56,362.69,357.91,359.63,0.0
2023-10-02 16:00:00+00:00,QQQ,359.63,361.33,358.33,361.31,0.0
2023-10-03 13:30:00+00:00,QQQ,358.76,361.02,354.71,355.17,0.0
2023-10-03 16:00:00+00:00,QQQ,355.17,356.52,353.27,354.88,0.0
2023-10-04 13:30:00+00:00,QQQ,355.79,359.23,355.3,359.18,0.0
2023-10-04 16:00:00+00:00,QQQ,359.18,360.62,356.99,359.78,0.0
2023-10-05 13:30:00+00:00,QQQ,359.76,360.16,355.14,356.36,0.0
2023-10-05 16:00:00+00:00,QQQ,356.36,359.69,356.19,358.67,0.0
2023-10-06 13:30:00+00:00,QQQ,355.64,363.18,354.84,363.16,0.0
2023-10-06 16:00:00+00:00,QQQ,363.16,365.88,362.46,364.7,0.0
2023-10-09 13:30:00+00:00,QQQ,362.33,363.63,360.77,363.2,0.0
2023-10-09 16:00:00+00:00,QQQ,363.2,367.12,363.05,366.56,0.0
2023-10-10 13:30:00+00:00,QQQ,366.89,371.28,366.39,371.01,0.0
2023-10-10 16:00:00+00:00,QQQ,371.01,371.1,368.18,368.54,0.0
2023-10-11 13:30:00+00:00,QQQ,369.92,371.42,369.13,369.65,0.0
2023-10-11 16:00:00+00:00,QQQ,369.65,371.39,368.19,371.19,0.0
2023-10-12 13:30:00+00:00,QQQ,371.75,373.52,371.08,372.95,0.0
2023-10-12 16:00:00+00:00,QQQ,372.95,373.56,367.5,369.85,0.0
2023-10-13 13:30:00+00:00,QQQ,370.58,371.16,365.0,365.23,0.0
2023-10-13 16:00:00+00:00,QQQ,365.23,367.2,363.87,365.25,0.0
2023-10-16 13:30:00+00:00,QQQ,366.63,370.23,366.47,368.9,0.0
2023-10-16 16:00:00+00:00,QQQ,368.9,370.49,367.5,369.48,0.0
2023-10-17 13:30:00+00:00,QQQ,365.8,369.32,363.66,369.04,0.0
2023-10-17 16:00:00+00:00,QQQ,369.04,369.93,366.75,368.26,0.0
2023-10-18 13:30:00+00:00,QQQ,365.64,367.92,364.77,365.62,0.0
2023-10-18 16:00:00+00:00,QQQ,365.62,366.79,362.02,363.1,0.0
2023-10-19 13:30:00+00:00,QQQ,364.82,365.34,361.87,363.59,0.0
2023-10-19 16:00:00+00:00,QQQ,363.59,366.03,359.15,359.95,0.0
2023-10-20 13:30:00+00:00,QQQ,359.48,360.05,354.6,356.18,0.0
2023-10-20 16:00:00+00:00,QQQ,356.18,358.07,354.37,354.6,0.0
2023-10-23 13:30:00+00:00,QQQ,353.24,357.2,351.11,357.0,0.0
2023-10-23 16:00:00+00:00,QQQ,357.0,359.27,355.51,355.68,0.0
2023-10-24 13:30:00+00:00,QQQ,357.5,359.91,357.06,358.56,0.0
2023-10-24 16:00:00+00:00,QQQ,358.56,359.52,355.79,359.19,0.0
2023-10-25 13:30:00+00:00,QQQ,356.69,356.89,352.72,352.79,0.0
2023-10-25 16:00:00+00:00,QQQ,352.79,353.18,349.75,350.31,0.0
2023-10-26 13:30:00+00:00,QQQ,349.12,350.08,344.47,345.42,0.0
2023-10-26 16:00:00+00:00,QQQ,345.42,347.0,342.34,343.66,0.0
2023-10-27 13:30:00+00:00,QQQ,346.41,348.85,345.65,348.01,0.0
2023-10-27 16:00:00+00:00,QQQ,348.01,348.29,344.07,345.42,0.0
2023-10-30 13:30:00+00:00,QQQ,347.85,350.54,346.44,348.56,0.0
2023-10-30 16:00:00+00:00,QQQ,348.56,350.45,346.54,349.16,0.0
2023-10-31 13:30:00+00:00,QQQ,349.22,349.59,346.61,349.12,0.0
2023-10-31 16:00:00+00:00,QQQ,349.12,351.26,348.02,350.93,0.0
2023-11-01 13:30:00+00:00,QQQ,351.73,354.83,351.61,353.9,0.0
2023-11-01 16:00:00+00:00,QQQ,353.9,357.53,352.63,357.09,0.0
2023-11-02 13:30:00+00:00,QQQ,361.56,362.76,360.29,362.01,0.0
2023-11-02 16:00:00+00:00,QQQ,362.01,363.68,361.59,363.46,0.0
2023-11-03 13:30:00+00:00,QQQ,364.76,367.36,364.51,366.98,0.0
2023-11-03 16:00:00+00:00,QQQ,366.98,369.03,366.78,367.74,0.0
2023-11-06 14:30:00+00:00,QQQ,368.47,369.79,368.02,368.91,0.0
2023-11-06 16:00:00+00:00,QQQ,368.91,369.38,366.9,368.59,0.0
2023-11-06 20:00:00+00:00,QQQ,368.59,369.29,368.26,369.21,0.0
2023-11-07 14:30:00+00:00,QQQ,370.27,373.19,369.03,372.98,0.0
2023-11-07 16:00:00+00:00,QQQ,372.98,373.58,371.6,372.96,0.0
2023-11-07 20:00:00+00:00,QQQ,372.96,373.48,372.18,372.68,0.0
2023-11-08 14:30:00+00:00,QQQ,373.09,373.78,371.77,371.98,0.0
2023-11-08 16:00:00+00:00,QQQ,371.98,373.05,370.62,372.25,0.0
2023-11-08 20:00:00+00:00,QQQ,372.25,373.22,372.23,372.98,0.0
2023-11-09 14:30:00+00:00,QQQ,373.64,374.33,372.22,373.25,0.0
2023-11-09 16:00:00+00:00,QQQ,373.25,374.8,370.01,370.18,0.0
2023-11-09 20:00:00+00:00,QQQ,370.18,370.47,369.57,370.09,0.0
2023-11-10 14:30:00+00:00,QQQ,371.81,373.28,371.28,372.93,0.0
2023-11-10 16:00:00+00:00,QQQ,372.93,377.93,372.88,377.66,0.0
2023-11-10 20:00:00+00:00,QQQ,377.66,378.54,377.59,378.38,0.0
2023-11-13 14:30:00+00:00,QQQ,376.82,377.27,375.23,376.97,0.0
2023-11-13 16:00:00+00:00,QQQ,376.97,378.28,376.85,377.81,0.0
2023-11-13 20:00:00+00:00,QQQ,377.81,378.1,377.11,377.25,0.0
2023-11-14 14:30:00+00:00,QQQ,383.72,385.87,383.17,385.0,0.0
2023-11-14 16:00:00+00:00,QQQ,385.0,385.67,383.91,385.56,0.0
2023-11-14 20:00:00+00:00,QQQ,385.56,386.26,384.91,385.3,0.0
2023-11-15 14:30:00+00:00,QQQ,387.24,387.75,385.99,387.33,0.0
2023-11-15 16:00:00+00:00,QQQ,387.33,387.53,384.23,386.13,0.0
2023-11-15 20:00:00+00:00,QQQ,386.13,386.22,385.21,385.62,0.0
2023-11-16 14:30:00+00:00,QQQ,384.86,386.18,383.97,384.53,0.0
2023-11-16 16:00:00+00:00,QQQ,384.53,386.1,383.56,385.5,0.0
2023-11-16 20:00:00+00:00,QQQ,385.5,386.19,385.18,385.97,0.0
2023-11-17 14:30:00+00:00,QQQ,385.2,385.64,384.33,385.2,0.0
2023-11-17 16:00:00+00:00,QQQ,385.2,387.07,384.28,386.37,0.0
2023-11-17 20:00:00+00:00,QQQ,386.37,386.76,385.41,386.06,0.0
2023-11-20 14:30:00+00:00,QQQ,386.06,388.65,386.05,388.59,0.0
2023-11-20 16:00:00+00:00,QQQ,388.59,390.96,388.58,390.88,0.0
2023-11-20 20:00:00+00:00,QQQ,390.88,391.42,390.42,390.75,0.0
2023-11-21 14:30:00+00:00,QQQ,389.01,389.23,386.7,387.33,0.0
2023-11-21 16:00:00+00:00,QQQ,387.33,388.51,386.94,388.37,0.0
2023-11-21 20:00:00+00:00,QQQ,388.37,388.73,388.05,388.43,0.0
2023-11-22 14:30:00+00:00,QQQ,390.59,393.08,389.03,389.85,0.0
2023-11-22 16:00:00+00:00,QQQ,389.85,391.43,389.19,390.24,0.0
2023-11-22 20:00:00+00:00,QQQ,390.24,390.44,389.96,390.05,0.0
2023-11-24 14:30:00+00:00,QQQ,389.64,390.25,388.49,389.01,0.0
2023-11-24 16:00:00+00:00,QQQ,389.01,389.54,388.84,389.5,0.0
2023-11-27 14:30:00+00:00,QQQ,388.99,390.25,388.28,390.0,0.0
2023-11-27 16:00:00+00:00,QQQ,390.0,391.15,388.94,389.61,0.0
2023-11-27 20:00:00+00:00,QQQ,389.61,390.14,388.97,389.13,0.0
2023-11-28 14:30:00+00:00,QQQ,388.41,390.21,388.04,389.35,0.0
2023-11-28 16:00:00+00:00,QQQ,389.35,390.79,388.29,389.56,0.0
2023-11-28 20:00:00+00:00,QQQ,389.56,390.31,388.8,390.22,0.0
2023-11-29 14:30:00+00:00,QQQ,392.7,394.14,391.18,392.04,0.0
2023-11-29 16:00:00+00:00,QQQ,392.04,392.08,389.9,390.69,0.0
2023-11-29 20:00:00+00:00,QQQ,390.69,390.73,389.45,389.75,0.0
2023-11-30 14:30:00+00:00,QQQ,390.09,390.55,386.46,387.37,0.0
2023-11-30 16:00:00+00:00,QQQ,387.37,387.64,385.82,387.49,0.0
2023-11-30 20:00:00+00:00,QQQ,387.49,389.11,386.15,388.82,0.0
2023-12-01 14:30:00+00:00,QQQ,387.71,388.47,386.07,387.3,0.0
2023-12-01 16:00:00+00:00,QQQ,387.3,390.55,386.55,390.11,0.0
2023-12-01 20:00:00+00:00,QQQ,390.11,390.26,389.4,389.98,0.0
2023-12-04 14:30:00+00:00,QQQ,386.09,386.43,382.65,383.06,0.0
2023-12-04 16:00:00+00:00,QQQ,383.06,386.19,382.84,385.19,0.0
2023-12-04 20:00:00+00:00,QQQ,385.19,386.6,384.73,386.26,0.0
2023-12-05 14:30:00+00:00,QQQ,384.38,388.5,384.2,388.28,0.0
2023-12-05 16:00:00+00:00,QQQ,388.28,388.5,385.28,387.0,0.0
2023-12-05 20:00:00+00:00,QQQ,387.0,387.31,386.62,387.3,0.0
2023-12-06 14:30:00+00:00,QQQ,390.29,390.38,386.51,387.95,0.0
2023-12-06 16:00:00+00:00,QQQ,387.95,388.29,385.76,386.3,0.0
2023-12-06 20:00:00+00:00,QQQ,386.3,386.44,384.69,385.0,0.0
2023-12-07 14:30:00+00:00,QQQ,388.09,389.83,386.96,389.59,0.0
2023-12-07 16:00:00+00:00,QQQ,389.59,391.27,387.99,390.25,0.0
2023-12-07 20:00:00+00:00,QQQ,390.25,390.92,390.14,390.56,0.0
2023-12-08 14:30:00+00:00,QQQ,388.68,392.52,388.48,392.33,0.0
2023-12-08 16:00:00+00:00,QQQ,392.33,392.63,389.52,392.5,0.0
2023-12-08 20:00:00+00:00,QQQ,392.5,392.6,391.89,392.16,0.0
2023-12-11 14:30:00+00:00,QQQ,391.71,394.67,391.52,394.13,0.0
2023-12-11 16:00:00+00:00,QQQ,394.13,395.8,392.8,395.26,0.0
2023-12-11 20:00:00+00:00,QQQ,395.26,395.67,394.94,395.54,0.0
2023-12-12 14:30:00+00:00,QQQ,395.58,396.89,394.4,396.85,0.0
2023-12-12 16:00:00+00:00,QQQ,396.85,398.12,396.09,398.06,0.0
2023-12-12 20:00:00+00:00,QQQ,398.06,398.8,397.93,398.75,0.0
2023-12-13 14:30:00+00:00,QQQ,399.64,400.8,399.36,400.11,0.0
2023-12-13 16:00:00+00:00,QQQ,400.11,404.0,398.83,403.54,0.0
2023-12-13 20:00:00+00:00,QQQ,403.54,404.37,401.39,403.75,0.0
2023-12-14 14:30:00+00:00,QQQ,404.98,406.31,403.65,404.77,0.0
2023-12-14 16:00:00+00:00,QQQ,404.77,404.95,400.34,402.94,0.0
2023-12-14 20:00:00+00:00,QQQ,402.94,403.42,402.71,403.37,0.0
2023-12-15 14:30:00+00:00,QQQ,404.19,406.29,404.04,405.88,0.0
2023-12-15 16:00:00+00:00,QQQ,405.88,406.54,403.59,404.81,0.0
2023-12-15 20:00:00+00:00,QQQ,404.81,406.12,404.65,404.95,0.0
2023-12-18 14:30:00+00:00,QQQ,404.92,406.35,404.6,405.47,0.0
2023-12-18 16:00:00+00:00,QQQ,405.47,407.99,405.14,407.68,0.0
2023-12-18 20:00:00+00:00,QQQ,407.68,407.95,407.1,407.11,0.0
2023-12-19 14:30:00+00:00,QQQ,407.56,408.77,407.34,408.66,0.0
2023-12-19 16:00:00+00:00,QQQ,408.66,408.94,407.83,408.66,0.0
2023-12-19 20:00:00+00:00,QQQ,408.66,409.29,408.29,409.16,0.0
2023-12-20 14:30:00+00:00,QQQ,408.35,410.47,407.97,409.95,0.0
2023-12-20 16:00:00+00:00,QQQ,409.95,410.26,404.69,404.88,0.0
2023-12-20 20:00:00+00:00,QQQ,404.88,405.54,402.9,402.98,0.0
2023-12-21 14:30:00+00:00,QQQ,407.07,407.93,405.14,405.87,0.0
2023-12-21 16:00:00+00:00,QQQ,405.87,407.01,404.46,406.17,0.0
2023-12-21 20:00:00+00:00,QQQ,406.17,408.14,405.89,407.79,0.0
2023-12-22 14:30:00+00:00,QQQ,409.01,409.97,408.75,408.88,0.0
2023-12-22 16:00:00+00:00,QQQ,408.88,409.47,406.47,408.65,0.0
2023-12-22 20:00:00+00:00,QQQ,408.65,408.79,407.93,408.44,0.0
2023-12-26 14:30:00+00:00,QQQ,409.23,410.42,409.13,409.95,0.0
2023-12-26 16:00:00+00:00,QQQ,409.95,410.69,409.58,410.66,0.0
2023-12-26 20:00:00+00:00,QQQ,410.66,411.56,410.56,410.87,0.0
2023-12-27 14:30:00+00:00,QQQ,410.96,411.72,410.07,410.61,0.0
2023-12-27 16:00:00+00:00,QQQ,410.61,411.79,410.22,410.69,0.0
2023-12-27 20:00:00+00:00,QQQ,410.69,411.52,410.53,411.5,0.0
2023-12-28 14:30:00+00:00,QQQ,412.67,412.93,411.54,412.18,0.0
2023-12-28 16:00:00+00:00,QQQ,412.18,412.35,411.29,411.83,0.0
2023-12-28 20:00:00+00:00,QQQ,411.83,411.85,410.93,411.21,0.0
2023-12-29 14:30:00+00:00,QQQ,411.29,411.65,409.08,409.52,0.0
2023-12-29 16:00:00+00:00,QQQ,409.52,410.14,407.57,410.05,0.0
2023-12-29 20:00:00+00:00,QQQ,410.05,410.24,408.72,409.46,0.0
2024-01-02 14:30:00+00:00,QQQ,405.86,406.1,401.74,402.36,0.0
2024-01-02 16:00:00+00:00,QQQ,402.36,404.2,400.97,401.01,0.0
2024-01-02 20:00:00+00:00,QQQ,401.01,402.69,400.24,402.56,0.0
2024-01-03 14:30:00+00:00,QQQ,399.93,400.99,398.4,399.64,0.0
2024-01-03 16:00:00+00:00,QQQ,399.64,400.43,398.08,399.54,0.0
2024-01-03 20:00:00+00:00,QQQ,399.54,399.69,397.89,398.34,0.0
2024-01-04 14:30:00+00:00,QQQ,396.42,398.59,396.18,398.18,0.0
2024-01-04 16:00:00+00:00,QQQ,398.18,399.59,396.79,397.31,0.0
2024-01-04 20:00:00+00:00,QQQ,397.31,397.89,396.06,396.24,0.0
2024-01-05 14:30:00+00:00,QQQ,396.44,399.31,396.16,399.19,0.0
2024-01-05 16:00:00+00:00,QQQ,399.19,399.51,395.7,395.84,0.0
2024-01-05 20:00:00+00:00,QQQ,395.84,396.99,395.34,396.76,0.0
2024-01-08 14:30:00+00:00,QQQ,397.98,401.83,397.83,401.5,0.0
2024-01-08 16:00:00+00:00,QQQ,401.5,404.78,401.1,404.56,0.0
2024-01-08 20:00:00+00:00,QQQ,404.56,405.25,404.25,405.0,0.0
2024-01-09 14:30:00+00:00,QQQ,401.9,403.88,401.71,403.46,0.0
2024-01-09 16:00:00+00:00,QQQ,403.46,406.7,403.43,405.71,0.0
2024-01-09 20:00:00+00:00,QQQ,405.71,406.06,404.53,405.8,0.0
2024-01-10 14:30:00+00:00,QQQ,406.08,407.38,405.16,407.34,0.0
2024-01-10 16:00:00+00:00,QQQ,407.34,409.49,406.43,409.47,0.0
2024-01-10 20:00:00+00:00,QQQ,409.47,409.52,407.34,408.54,0.0
2024-01-11 14:30:00+00:00,QQQ,409.8,411.21,405.95,406.7,0.0
2024-01-11 16:00:00+00:00,QQQ,406.7,409.78,404.24,409.57,0.0
2024-01-11 20:00:00+00:00,QQQ,409.57,409.65,408.38,409.35,0.0
2024-01-12 14:30:00+00:00,QQQ,410.43,411.26,408.14,408.92,0.0
2024-01-12 16:00:00+00:00,QQQ,408.92,410.13,408.26,409.06,0.0
2024-01-12 20:00:00+00:00,QQQ,409.06,409.75,408.6,409.57,0.0
2024-01-16 14:30:00+00:00,QQQ,408.3,411.12,406.83,410.63,0.0
2024-01-16 16:00:00+00:00,QQQ,410.63,410.86,407.01,408.58,0.0
2024-01-16 20:00:00+00:00,QQQ,408.58,409.59,408.42,409.54,0.0
2024-01-17 14:30:00+00:00,QQQ,406.16,406.61,402.91,404.87,0.0
2024-01-17 16:00:00+00:00,QQQ,404.87,406.59,403.97,406.24,0.0
2024-01-17 20:00:00+00:00,QQQ,406.24,407.59,405.48,407.2,0.0
2024-01-18 14:30:00+00:00,QQQ,410.5,412.46,410.22,411.88,0.0
2024-01-18 16:00:00+00:00,QQQ,411.88,413.19,409.16,412.93,0.0
2024-01-18 20:00:00+00:00,QQQ,412.93,413.58,412.54,413.19,0.0
2024-01-19 14:30:00+00:00,QQQ,415.19,416.44,414.62,416.06,0.0
2024-01-19 16:00:00+00:00,QQQ,416.06,421.1,415.73,420.88,0.0
2024-01-19 20:00:00+00:00,QQQ,420.88,421.35,420.57,421.24,0.0
2024-01-22 14:30:00+00:00,QQQ,423.43,424.73,421.19,421.49,0.0
2024-01-22 16:00:00+00:00,QQQ,421.49,423.01,421.11,421.96,0.0
2024-01-22 20:00:00+00:00,QQQ,421.96,422.45,421.59,421.72,0.0
2024-01-23 14:30:00+00:00,QQQ,422.45,422.45,420.56,421.62,0.0
2024-01-23 16:00:00+00:00,QQQ,421.62,422.77,421.02,422.62,0.0
2024-01-23 20:00:00+00:00,QQQ,422.62,423.65,422.5,423.42,0.0
2024-01-24 14:30:00+00:00,QQQ,427.45,429.23,426.11,428.51,0.0
2024-01-24 16:00:00+00:00,QQQ,428.51,429.85,426.0,426.78,0.0
2024-01-24 20:00:00+00:00,QQQ,426.78,427.24,425.32,425.8,0.0
2024-01-25 14:30:00+00:00,QQQ,428.34,428.72,426.58,427.98,0.0
2024-01-25 16:00:00+00:00,QQQ,427.98,429.05,423.98,425.62,0.0
2024-01-25 20:00:00+00:00,QQQ,425.62,426.33,425.15,426.31,0.0
2024-01-26 14:30:00+00:00,QQQ,424.45,426.12,423.17,426.11,0.0
2024-01-26 16:00:00+00:00,QQQ,426.11,426.21,423.16,424.57,0.0
2024-01-26 20:00:00+00:00,QQQ,424.57,424.7,423.44,423.78,0.0
2024-01-29 14:30:00+00:00,QQQ,424.28,425.12,423.74,423.84,0.0
2024-01-29 16:00:00+00:00,QQQ,423.84,426.34,423.61,426.17,0.0
2024-01-29 20:00:00+00:00,QQQ,426.17,428.36,426.16,428.15,0.0
2024-01-30 14:30:00+00:00,QQQ,427.11,427.68,426.04,426.6,0.0
2024-01-30 16:00:00+00:00,QQQ,426.6,426.96,424.38,425.38,0.0
2024-01-30 20:00:00+00:00,QQQ,425.38,425.84,425.05,425.22,0.0
2024-01-31 14:30:00+00:00,QQQ,420.85,421.54,418.06,418.5,0.0
2024-01-31 16:00:00+00:00,QQQ,418.5,422.88,418.49,420.35,0.0
2024-01-31 20:00:00+00:00,QQQ,420.35,420.52,416.79,416.91,0.0
2024-02-01 14:30:00+00:00,QQQ,418.8,420.39,417.95,418.04,0.0
2024-02-01 16:00:00+00:00,QQQ,418.04,421.96,417.81,421.88,0.0
2024-02-01 20:00:00+00:00,QQQ,421.88,422.38,421.19,422.06,0.0
2024-02-02 14:30:00+00:00,QQQ,423.8,427.61,422.78,426.98,0.0
2024-02-02 16:00:00+00:00,QQQ,426.98,430.24,426.17,429.94,0.0
2024-02-02 20:00:00+00:00,QQQ,429.94,430.23,429.13,429.15,0.0
2024-02-05 14:30:00+00:00,QQQ,429.06,429.42,425.0,425.95,0.0
2024-02-05 16:00:00+00:00,QQQ,425.95,429.61,425.73,429.38,0.0
2024-02-05 20:00:00+00:00,QQQ,429.38,429.42,427.86,428.45,0.0
2024-02-06 14:30:00+00:00,QQQ,429.59,430.22,426.12,427.08,0.0
2024-02-06 16:00:00+00:00,QQQ,427.08,427.69,425.2,427.02,0.0
2024-02-06 20:00:00+00:00,QQQ,427.02,427.7,426.14,427.65,0.0
2024-02-07 14:30:00+00:00,QQQ,430.4,432.84,429.09,431.84,0.0
2024-02-07 16:00:00+00:00,QQQ,431.84,432.5,430.55,432.33,0.0
2024-02-07 20:00:00+00:00,QQQ,432.33,432.63,431.77,432.03,0.0
2024-02-08 14:30:00+00:00,QQQ,432.11,433.47,431.42,433.38,0.0
2024-02-08 16:00:00+00:00,QQQ,433.38,433.56,431.9,432.78,0.0
2024-02-08 20:00:00+00:00,QQQ,432.78,433.16,432.39,432.8,0.0
2024-02-09 14:30:00+00:00,QQQ,433.94,436.07,433.14,435.98,0.0
2024-02-09 16:00:00+00:00,QQQ,435.98,437.85,435.34,437.48,0.0
2024-02-09 20:00:00+00:00,QQQ,437.48,437.51,436.88,437.09,0.0
2024-02-12 14:30:00+00:00,QQQ,436.93,438.24,436.38,438.13,0.0
2024-02-12 16:00:00+00:00,QQQ,438.13,439.15,434.64,435.02,0.0
2024-02-12 20:00:00+00:00,QQQ,435.02,435.86,434.94,435.31,0.0
2024-02-13 14:30:00+00:00,QQQ,427.29,431.27,426.27,429.69,0.0
2024-02-13 16:00:00+00:00,QQQ,429.69,430.91,425.89,426.12,0.0
2024-02-13 20:00:00+00:00,QQQ,426.12,428.57,425.33,428.53,0.0
2024-02-14 14:30:00+00:00,QQQ,431.24,432.66,430.13,430.18,0.0
2024-02-14 16:00:00+00:00,QQQ,430.18,431.86,428.86,431.45,0.0
2024-02-14 20:00:00+00:00,QQQ,431.45,433.65,431.15,433.25,0.0
2024-02-15 14:30:00+00:00,QQQ,433.94,434.29,431.72,432.93,0.0
2024-02-15 16:00:00+00:00,QQQ,432.93,434.99,431.32,434.35,0.0
2024-02-15 20:00:00+00:00,QQQ,434.35,434.61,433.53,434.54,0.0
2024-02-16 14:30:00+00:00,QQQ,434.91,435.0,429.83,432.04,0.0
2024-02-16 16:00:00+00:00,QQQ,432.04,434.35,431.11,431.63,0.0
2024-02-16 20:00:00+00:00,QQQ,431.63,431.81,429.98,430.57,0.0
2024-02-20 14:30:00+00:00,QQQ,428.56,430.05,424.2,426.45,0.0
2024-02-20 16:00:00+00:00,QQQ,426.45,427.02,423.51,426.34,0.0
2024-02-20 20:00:00+00:00,QQQ,426.34,427.36,425.35,427.33,0.0
2024-02-21 14:30:00+00:00,QQQ,424.56,425.3,423.44,423.94,0.0
2024-02-21 16:00:00+00:00,QQQ,423.94,425.14,421.63,422.42,0.0
2024-02-21 20:00:00+00:00,QQQ,422.42,425.7,421.85,425.6,0.0
2024-02-22 14:30:00+00:00,QQQ,434.47,436.4,433.7,434.93,0.0
2024-02-22 16:00:00+00:00,QQQ,434.93,439.12,434.72,438.23,0.0
2024-02-22 20:00:00+00:00,QQQ,438.23,439.08,437.99,438.16,0.0
2024-02-23 14:30:00+00:00,QQQ,439.66,440.59,437.41,437.5,0.0
2024-02-23 16:00:00+00:00,QQQ,437.5,438.63,435.78,437.47,0.0
2024-02-23 20:00:00+00:00,QQQ,437.47,437.59,436.22,436.76,0.0
2024-02-26 14:30:00+00:00,QQQ,437.58,438.41,436.35,437.6,0.0
2024-02-26 16:00:00+00:00,QQQ,437.6,438.61,436.68,437.55,0.0
2024-02-26 20:00:00+00:00,QQQ,437.55,438.03,436.52,436.61,0.0
2024-02-27 14:30:00+00:00,QQQ,437.69,438.0,435.8,437.54,0.0
2024-02-27 16:00:00+00:00,QQQ,437.54,437.94,435.02,437.87,0.0
2024-02-27 20:00:00+00:00,QQQ,437.87,437.96,437.25,437.63,0.0
2024-02-28 14:30:00+00:00,QQQ,435.43,435.99,434.29,435.55,0.0
2024-02-28 16:00:00+00:00,QQQ,435.55,436.67,434.47,435.21,0.0
2024-02-28 20:00:00+00:00,QQQ,435.21,435.61,434.65,435.29,0.0
2024-02-29 14:30:00+00:00,QQQ,438.21,439.23,437.01,437.59,0.0
2024-02-29 16:00:00+00:00,QQQ,437.59,438.88,435.01,438.36,0.0
2024-02-29 20:00:00+00:00,QQQ,438.36,440.1,437.95,439.1,0.0
2024-03-01 14:30:00+00:00,QQQ,439.88,442.5,439.83,442.21,0.0
2024-03-01 16:00:00+00:00,QQQ,442.21,446.58,442.12,446.43,0.0
2024-03-01 20:00:00+00:00,QQQ,446.43,446.44,445.32,445.68,0.0
2024-03-04 14:30:00+00:00,QQQ,445.63,445.73,444.42,445.46,0.0
2024-03-04 16:00:00+00:00,QQQ,445.46,446.01,444.2,445.69,0.0
2024-03-04 20:00:00+00:00,QQQ,445.69,446.05,443.76,443.93,0.0
2024-03-05 14:30:00+00:00,QQQ,440.94,440.96,435.53,436.29,0.0
2024-03-05 16:00:00+00:00,QQQ,436.29,437.21,434.08,434.25,0.0
2024-03-05 20:00:00+00:00,QQQ,434.25,436.16,433.64,436.06,0.0
2024-03-06 14:30:00+00:00,QQQ,440.31,440.85,436.89,439.65,0.0
2024-03-06 16:00:00+00:00,QQQ,439.65,441.99,437.84,438.47,0.0
2024-03-06 20:00:00+00:00,QQQ,438.47,439.31,437.4,438.86,0.0
2024-03-07 14:30:00+00:00,QQQ,442.4,444.82,440.86,444.06,0.0
2024-03-07 16:00:00+00:00,QQQ,444.06,446.73,443.84,445.91,0.0
2024-03-07 20:00:00+00:00,QQQ,445.91,446.25,444.97,445.52,0.0
2024-03-08 14:30:00+00:00,QQQ,445.8,448.65,445.06,447.28,0.0
2024-03-08 16:00:00+00:00,QQQ,447.28,447.4,438.34,441.53,0.0
2024-03-08 20:00:00+00:00,QQQ,441.53,442.15,438.98,439.0,0.0
2024-03-11 13:30:00+00:00,QQQ,437.53,438.64,435.43,438.06,0.0
2024-03-11 16:00:00+00:00,QQQ,438.06,438.66,436.65,437.37,0.0
2024-03-12 13:30:00+00:00,QQQ,439.73,443.21,436.45,442.35,0.0
2024-03-12 16:00:00+00:00,QQQ,442.35,444.03,440.05,443.69,0.0
2024-03-13 13:30:00+00:00,QQQ,442.65,442.67,439.12,440.4,0.0
2024-03-13 16:00:00+00:00,QQQ,440.4,441.97,439.23,440.23,0.0
2024-03-14 13:30:00+00:00,QQQ,441.48,442.05,437.4,439.77,0.0
2024-03-14 16:00:00+00:00,QQQ,439.77,440.45,436.39,439.19,0.0
2024-03-15 13:30:00+00:00,QQQ,436.14,436.78,433.3,434.11,0.0
2024-03-15 16:00:00+00:00,QQQ,434.11,435.1,432.74,433.88,0.0
2024-03-18 13:30:00+00:00,QQQ,438.72,441.04,438.56,439.02,0.0
2024-03-18 16:00:00+00:00,QQQ,439.02,439.48,437.24,437.48,0.0
2024-03-19 13:30:00+00:00,QQQ,435.46,436.13,433.33,435.87,0.0
2024-03-19 16:00:00+00:00,QQQ,435.87,438.99,435.58,438.58,0.0
2024-03-20 13:30:00+00:00,QQQ,439.76,440.17,438.05,438.87,0.0
2024-03-20 16:00:00+00:00,QQQ,438.87,444.12,438.07,443.81,0.0
2024-03-21 13:30:00+00:00,QQQ,448.89,449.33,447.22,448.75,0.0
2024-03-21 16:00:00+00:00,QQQ,448.75,449.35,445.66,445.81,0.0
2024-03-22 13:30:00+00:00,QQQ,445.33,446.05,444.48,445.9,0.0
2024-03-22 16:00:00+00:00,QQQ,445.9,447.49,445.17,446.21,0.0
2024-03-25 13:30:00+00:00,QQQ,443.54,445.83,442.53,445.47,0.0
2024-03-25 16:00:00+00:00,QQQ,445.47,446.26,444.7,444.74,0.0
2024-03-26 13:30:00+00:00,QQQ,446.28,447.23,445.43,446.56,0.0
2024-03-26 16:00:00+00:00,QQQ,446.56,446.76,443.08,443.3,0.0
2024-03-27 13:30:00+00:00,QQQ,446.43,446.55,441.92,442.31,0.0
2024-03-27 16:00:00+00:00,QQQ,442.31,444.96,442.22,444.93,0.0
2024-03-28 13:30:00+00:00,QQQ,444.8,445.64,443.75,445.0,0.0
2024-03-28 16:00:00+00:00,QQQ,445.0,445.15,443.65,443.97,0.0
2024-04-01 13:30:00+00:00,QQQ,444.94,447.53,443.16,443.27,0.0
2024-04-01 16:00:00+00:00,QQQ,443.27,445.4,443.02,444.99,0.0
2024-04-02 13:30:00+00:00,QQQ,440.09,440.2,438.03,438.78,0.0
2024-04-02 16:00:00+00:00,QQQ,438.78,441.42,438.74,441.06,0.0
2024-04-03 13:30:00+00:00,QQQ,438.97,444.0,438.95,442.87,0.0
2024-04-03 16:00:00+00:00,QQQ,442.87,443.71,440.45,442.06,0.0
2024-04-04 13:30:00+00:00,QQQ,446.34,446.96,444.9,446.2,0.0
2024-04-04 16:00:00+00:00,QQQ,446.2,446.93,435.11,435.25,0.0
2024-04-05 13:30:00+00:00,QQQ,436.8,442.21,435.95,441.97,0.0
2024-04-05 16:00:00+00:00,QQQ,441.97,443.17,439.42,440.5,0.0
2024-04-08 13:30:00+00:00,QQQ,441.42,442.51,439.2,440.74,0.0
2024-04-08 16:00:00+00:00,QQQ,440.74,441.47,439.57,440.62,0.0
2024-04-09 13:30:00+00:00,QQQ,442.95,443.25,437.43,439.85,0.0
2024-04-09 16:00:00+00:00,QQQ,439.85,442.33,438.73,442.25,0.0
2024-04-10 13:30:00+00:00,QQQ,436.99,439.25,436.27,437.14,0.0
2024-04-10 16:00:00+00:00,QQQ,437.14,439.07,436.39,438.28,0.0
2024-04-11 13:30:00+00:00,QQQ,440.28,441.62,437.95,441.5,0.0
2024-04-11 16:00:00+00:00,QQQ,441.5,446.33,440.78,445.47,0.0
2024-04-12 13:30:00+00:00,QQQ,441.11,442.24,438.66,440.17,0.0
2024-04-12 16:00:00+00:00,QQQ,440.17,440.44,436.87,438.31,0.0
2024-04-15 13:30:00+00:00,QQQ,442.06,442.15,437.82,439.1,0.0
2024-04-15 16:00:00+00:00,QQQ,439.1,439.48,430.2,431.0,0.0
2024-04-16 13:30:00+00:00,QQQ,430.88,432.54,429.77,431.42,0.0
2024-04-16 16:00:00+00:00,QQQ,431.42,433.76,429.71,431.09,0.0
2024-04-17 13:30:00+00:00,QQQ,433.08,433.12,427.54,428.05,0.0
2024-04-17 16:00:00+00:00,QQQ,428.05,429.25,424.9,425.81,0.0
2024-04-18 13:30:00+00:00,QQQ,426.49,428.25,423.53,426.97,0.0
2024-04-18 16:00:00+00:00,QQQ,426.97,427.44,422.83,423.37,0.0
2024-04-19 13:30:00+00:00,QQQ,422.19,422.75,417.28,417.31,0.0
2024-04-19 16:00:00+00:00,QQQ,417.31,418.53,413.06,414.66,0.0
2024-04-22 13:30:00+00:00,QQQ,417.3,418.33,413.94,416.42,0.0
2024-04-22 16:00:00+00:00,QQQ,416.42,421.19,416.02,418.86,0.0
2024-04-23 13:30:00+00:00,QQQ,420.76,425.08,420.41,424.03,0.0
2024-04-23 16:00:00+00:00,QQQ,424.03,426.28,424.02,425.16,0.0
2024-04-24 13:30:00+00:00,QQQ,428.22,429.73,425.05,425.16,0.0
2024-04-24 16:00:00+00:00,QQQ,425.16,427.56,424.19,426.44,0.0
2024-04-25 13:30:00+00:00,QQQ,419.27,421.54,418.14,420.74,0.0
2024-04-25 16:00:00+00:00,QQQ,420.74,425.33,420.33,424.38,0.0
2024-04-26 13:30:00+00:00,QQQ,427.64,432.18,426.92,431.27,0.0
2024-04-26 16:00:00+00:00,QQQ,431.27,432.55,430.74,431.06,0.0
2024-04-29 13:30:00+00:00,QQQ,433.13,433.77,430.9,432.31,0.0
2024-04-29 16:00:00+00:00,QQQ,432.31,433.36,429.98,432.74,0.0
2024-04-30 13:30:00+00:00,QQQ,431.13,432.56,428.64,429.41,0.0
2024-04-30 16:00:00+00:00,QQQ,429.41,429.7,424.52,424.53,0.0
2024-05-01 13:30:00+00:00,QQQ,423.14,423.53,420.97,421.2,0.0
2024-05-01 16:00:00+00:00,QQQ,421.2,430.15,420.65,421.46,0.0
2024-05-02 13:30:00+00:00,QQQ,425.3,425.77,420.62,424.81,0.0
2024-05-02 16:00:00+00:00,QQQ,424.81,427.82,423.18,426.92,0.0
2024-05-03 13:30:00+00:00,QQQ,434.43,436.47,432.84,435.09,0.0
2024-05-03 16:00:00+00:00,QQQ,435.09,436.08,434.5,435.48,0.0
2024-05-06 13:30:00+00:00,QQQ,437.28,438.47,436.52,438.22,0.0
2024-05-06 16:00:00+00:00,QQQ,438.22,440.34,437.16,440.33,0.0
2024-05-07 13:30:00+00:00,QQQ,440.69,441.92,439.97,441.68,0.0
2024-05-07 16:00:00+00:00,QQQ,441.68,441.98,439.58,440.3,0.0
2024-05-08 13:30:00+00:00,QQQ,437.66,441.49,437.55,439.85,0.0
2024-05-08 16:00:00+00:00,QQQ,439.85,440.48,439.0,440.08,0.0
2024-05-09 13:30:00+00:00,QQQ,440.36,441.57,438.46,440.17,0.0
2024-05-09 16:00:00+00:00,QQQ,440.17,441.6,439.95,441.04,0.0
2024-05-10 13:30:00+00:00,QQQ,442.52,444.31,440.49,441.63,0.0
2024-05-10 16:00:00+00:00,QQQ,441.63,442.45,440.93,442.06,0.0
2024-05-13 13:30:00+00:00,QQQ,444.0,444.1,442.07,443.07,0.0
2024-05-13 16:00:00+00:00,QQQ,443.07,443.44,441.65,443.1,0.0
2024-05-14 13:30:00+00:00,QQQ,442.63,444.97,442.45,443.77,0.0
2024-05-14 16:00:00+00:00,QQQ,443.77,446.47,443.23,445.97,0.0
2024-05-15 13:30:00+00:00,QQQ,448.43,450.7,446.91,450.45,0.0
2024-05-15 16:00:00+00:00,QQQ,450.45,453.15,450.04,452.86,0.0
2024-05-16 13:30:00+00:00,QQQ,452.71,454.7,452.53,454.23,0.0
2024-05-16 16:00:00+00:00,QQQ,454.23,454.23,451.8,451.97,0.0
2024-05-17 13:30:00+00:00,QQQ,452.1,452.72,451.34,452.16,0.0
2024-05-17 16:00:00+00:00,QQQ,452.16,452.33,449.52,451.77,0.0
2024-05-20 13:30:00+00:00,QQQ,451.95,455.02,451.77,454.34,0.0
2024-05-20 16:00:00+00:00,QQQ,454.34,455.58,453.48,454.92,0.0
2024-05-21 13:30:00+00:00,QQQ,453.02,454.92,452.84,454.46,0.0
2024-05-21 16:00:00+00:00,QQQ,454.46,455.99,454.19,455.8,0.0
2024-05-22 13:30:00+00:00,QQQ,456.03,456.82,455.61,456.37,0.0
2024-05-22 16:00:00+00:00,QQQ,456.37,456.67,453.07,455.69,0.0
2024-05-23 13:30:00+00:00,QQQ,460.57,460.59,456.18,458.93,0.0
2024-05-23 16:00:00+00:00,QQQ,458.93,459.37,451.85,453.65,0.0
2024-05-24 13:30:00+00:00,QQQ,455.31,459.05,454.57,458.51,0.0
2024-05-24 16:00:00+00:00,QQQ,458.51,459.23,457.04,458.0,0.0
2024-05-28 13:30:00+00:00,QQQ,459.17,459.56,457.15,459.18,0.0
2024-05-28 16:00:00+00:00,QQQ,459.18,459.73,456.69,459.68,0.0
2024-05-29 13:30:00+00:00,QQQ,455.46,458.25,455.35,457.54,0.0
2024-05-29 16:00:00+00:00,QQQ,457.54,458.19,455.92,456.52,0.0
2024-05-30 13:30:00+00:00,QQQ,455.52,455.64,452.1,453.17,0.0
2024-05-30 16:00:00+00:00,QQQ,453.17,454.62,450.21,451.55,0.0
2024-05-31 13:30:00+00:00,QQQ,451.8,452.48,444.35,444.5,0.0
2024-05-31 16:00:00+00:00,QQQ,444.5,451.76,443.04,451.72,0.0
2024-06-03 13:30:00+00:00,QQQ,454.56,455.58,450.98,451.96,0.0
2024-06-03 16:00:00+00:00,QQQ,451.96,453.19,447.9,453.15,0.0
2024-06-04 13:30:00+00:00,QQQ,452.87,453.46,451.13,451.56,0.0
2024-06-04 16:00:00+00:00,QQQ,451.56,455.58,451.19,454.37,0.0
2024-06-05 13:30:00+00:00,QQQ,458.0,461.3,456.85,460.77,0.0
2024-06-05 16:00:00+00:00,QQQ,460.77,463.61,460.52,463.59,0.0
2024-06-06 13:30:00+00:00,QQQ,464.25,464.54,462.47,463.29,0.0
2024-06-06 16:00:00+00:00,QQQ,463.29,463.97,462.19,463.4,0.0
2024-06-07 13:30:00+00:00,QQQ,462.99,464.85,461.83,464.04,0.0
2024-06-07 16:00:00+00:00,QQQ,464.04,465.75,461.93,462.96,0.0
2024-06-10 13:30:00+00:00,QQQ,461.82,464.82,461.53,464.2,0.0
2024-06-10 16:00:00+00:00,QQQ,464.2,465.2,462.87,464.8,0.0
2024-06-11 13:30:00+00:00,QQQ,463.55,465.49,462.03,464.04,0.0
2024-06-11 16:00:00+00:00,QQQ,464.04,468.13,463.96,468.02,0.0
2024-06-12 13:30:00+00:00,QQQ,472.0,475.44,471.29,474.7,0.0
2024-06-12 16:00:00+00:00,QQQ,474.7,476.51,472.71,474.13,0.0
2024-06-13 13:30:00+00:00,QQQ,477.7,478.39,475.23,476.54,0.0
2024-06-13 16:00:00+00:00,QQQ,476.54,477.65,474.4,476.71,0.0
2024-06-14 13:30:00+00:00,QQQ,476.53,478.27,476.03,477.52,0.0
2024-06-14 16:00:00+00:00,QQQ,477.52,479.25,477.11,479.18,0.0
2024-06-17 13:30:00+00:00,QQQ,479.43,481.05,478.14,480.82,0.0
2024-06-17 16:00:00+00:00,QQQ,480.82,486.85,480.66,485.06,0.0
2024-06-18 13:30:00+00:00,QQQ,485.0,485.69,483.42,484.88,0.0
2024-06-18 16:00:00+00:00,QQQ,484.88,485.9,484.25,485.23,0.0
2024-06-20 13:30:00+00:00,QQQ,486.4,486.84,483.37,484.48,0.0
2024-06-20 16:00:00+00:00,QQQ,484.48,484.82,479.62,481.38,0.0
2024-06-21 13:30:00+00:00,QQQ,481.2,482.41,478.68,482.41,0.0
2024-06-21 16:00:00+00:00,QQQ,482.41,482.54,479.52,480.09,0.0
2024-06-24 13:30:00+00:00,QQQ,478.17,479.93,475.76,478.08,0.0
2024-06-24 16:00:00+00:00,QQQ,478.08,478.17,473.82,473.92,0.0
2024-06-25 13:30:00+00:00,QQQ,476.06,479.17,475.11,479.14,0.0
2024-06-25 16:00:00+00:00,QQQ,479.14,479.68,476.26,479.36,0.0
2024-06-26 13:30:00+00:00,QQQ,478.51,480.88,478.14,480.68,0.0
2024-06-26 16:00:00+00:00,QQQ,480.68,480.93,478.52,480.38,0.0
2024-06-27 13:30:00+00:00,QQQ,480.12,483.1,479.29,480.13,0.0
2024-06-27 16:00:00+00:00,QQQ,480.13,482.0,479.91,481.56,0.0
2024-06-28 13:30:00+00:00,QQQ,482.39,487.2,481.65,483.32,0.0
2024-06-28 16:00:00+00:00,QQQ,483.32,483.48,478.46,479.0,0.0
2024-07-01 13:30:00+00:00,QQQ,480.07,480.4,476.25,480.2,0.0
2024-07-01 16:00:00+00:00,QQQ,480.2,482.49,479.76,481.93,0.0
2024-07-02 13:30:00+00:00,QQQ,480.39,484.54,480.28,483.07,0.0
2024-07-02 16:00:00+00:00,QQQ,483.07,487.04,482.37,487.0,0.0
2024-07-03 13:30:00+00:00,QQQ,486.21,490.19,486.2,490.13,0.0
2024-07-03 16:00:00+00:00,QQQ,490.13,491.18,489.88,491.0,0.0
2024-07-05 13:30:00+00:00,QQQ,491.89,495.79,491.58,495.53,0.0
2024-07-05 16:00:00+00:00,QQQ,495.53,496.6,495.06,496.21,0.0
2024-07-08 13:30:00+00:00,QQQ,496.53,497.48,495.48,497.42,0.0
2024-07-08 16:00:00+00:00,QQQ,497.42,497.9,496.01,497.41,0.0
2024-07-09 13:30:00+00:00,QQQ,498.85,500.0,497.56,498.4,0.0
2024-07-09 16:00:00+00:00,QQQ,498.4,498.68,496.23,497.76,0.0
2024-07-10 13:30:00+00:00,QQQ,499.73,500.61,498.39,499.94,0.0
2024-07-10 16:00:00+00:00,QQQ,499.94,503.53,499.77,503.0,0.0
2024-07-11 13:30:00+00:00,QQQ,503.09,503.28,493.01,493.12,0.0
2024-07-11 16:00:00+00:00,QQQ,493.12,494.58,490.72,491.91,0.0
2024-07-12 13:30:00+00:00,QQQ,492.51,497.84,492.04,496.13,0.0
2024-07-12 16:00:00+00:00,QQQ,496.13,499.62,494.1,494.83,0.0
2024-07-15 13:30:00+00:00,QQQ,496.6,501.03,495.91,498.74,0.0
2024-07-15 16:00:00+00:00,QQQ,498.74,498.82,494.09,496.18,0.0
2024-07-16 13:30:00+00:00,QQQ,497.61,498.44,493.63,495.2,0.0
2024-07-16 16:00:00+00:00,QQQ,495.2,496.72,493.14,496.38,0.0
2024-07-17 13:30:00+00:00,QQQ,488.26,488.79,483.29,484.11,0.0
2024-07-17 16:00:00+00:00,QQQ,484.11,484.18,481.7,481.82,0.0
2024-07-18 13:30:00+00:00,QQQ,485.5,485.7,476.85,477.15,0.0
2024-07-18 16:00:00+00:00,QQQ,477.15,481.12,476.28,479.48,0.0
2024-07-19 13:30:00+00:00,QQQ,479.18,481.71,475.19,477.87,0.0
2024-07-19 16:00:00+00:00,QQQ,477.87,478.09,473.94,475.25,0.0
2024-07-22 13:30:00+00:00,QQQ,481.18,482.87,477.75,479.07,0.0
2024-07-22 16:00:00+00:00,QQQ,479.07,483.35,478.38,482.34,0.0
2024-07-23 13:30:00+00:00,QQQ,481.43,484.45,480.7,483.25,0.0
2024-07-23 16:00:00+00:00,QQQ,483.25,483.42,480.14,480.63,0.0
2024-07-24 13:30:00+00:00,QQQ,473.82,474.17,467.12,467.16,0.0
2024-07-24 16:00:00+00:00,QQQ,467.16,467.65,462.52,463.34,0.0
2024-07-25 13:30:00+00:00,QQQ,463.77,465.25,455.64,464.17,0.0
2024-07-25 16:00:00+00:00,QQQ,464.17,467.95,458.05,458.28,0.0
2024-07-26 13:30:00+00:00,QQQ,462.68,463.44,459.77,463.23,0.0
2024-07-26 16:00:00+00:00,QQQ,463.23,465.93,461.27,463.0,0.0
2024-07-29 13:30:00+00:00,QQQ,465.72,467.92,461.61,465.14,0.0
2024-07-29 16:00:00+00:00,QQQ,465.14,467.2,463.28,463.83,0.0
2024-07-30 13:30:00+00:00,QQQ,465.83,466.58,457.12,457.2,0.0
2024-07-30 16:00:00+00:00,QQQ,457.2,459.24,454.15,457.39,0.0
2024-07-31 13:30:00+00:00,QQQ,467.88,471.37,466.4,470.27,0.0
2024-07-31 16:00:00+00:00,QQQ,470.27,472.79,467.3,471.05,0.0
2024-08-01 13:30:00+00:00,QQQ,471.76,475.55,462.66,463.07,0.0
2024-08-01 16:00:00+00:00,QQQ,463.07,464.86,455.97,459.73,0.0
2024-08-02 13:30:00+00:00,QQQ,450.92,453.57,444.48,449.57,0.0
2024-08-02 16:00:00+00:00,QQQ,449.57,450.48,445.95,448.78,0.0
2024-08-05 13:30:00+00:00,QQQ,424.77,439.9,423.49,437.88,0.0
2024-08-05 16:00:00+00:00,QQQ,437.88,442.29,432.74,435.74,0.0
2024-08-06 13:30:00+00:00,QQQ,437.24,443.85,434.56,443.67,0.0
2024-08-06 16:00:00+00:00,QQQ,443.67,447.08,439.45,439.6,0.0
2024-08-07 13:30:00+00:00,QQQ,446.48,448.99,443.79,445.22,0.0
2024-08-07 16:00:00+00:00,QQQ,445.22,445.31,434.37,434.83,0.0
2024-08-08 13:30:00+00:00,QQQ,441.03,446.1,437.14,445.31,0.0
2024-08-08 16:00:00+00:00,QQQ,445.31,448.98,444.22,448.19,0.0
2024-08-09 13:30:00+00:00,QQQ,446.71,449.82,445.61,447.4,0.0
2024-08-09 16:00:00+00:00,QQQ,447.4,452.07,446.84,450.55,0.0
2024-08-12 13:30:00+00:00,QQQ,451.38,454.38,448.56,453.29,0.0
2024-08-12 16:00:00+00:00,QQQ,453.29,453.56,449.93,451.48,0.0
2024-08-13 13:30:00+00:00,QQQ,455.86,460.06,455.68,459.64,0.0
2024-08-13 16:00:00+00:00,QQQ,459.64,462.84,459.28,462.59,0.0
2024-08-14 13:30:00+00:00,QQQ,463.55,465.11,458.4,464.96,0.0
2024-08-14 16:00:00+00:00,QQQ,464.96,464.98,460.64,462.82,0.0
2024-08-15 13:30:00+00:00,QQQ,468.8,473.45,468.38,472.94,0.0
2024-08-15 16:00:00+00:00,QQQ,472.94,474.83,472.63,474.48,0.0
2024-08-16 13:30:00+00:00,QQQ,472.62,474.81,471.64,474.4,0.0
2024-08-16 16:00:00+00:00,QQQ,474.4,476.43,474.1,475.03,0.0
2024-08-19 13:30:00+00:00,QQQ,475.15,476.97,473.34,475.95,0.0
2024-08-19 16:00:00+00:00,QQQ,475.95,481.3,475.53,481.27,0.0
2024-08-20 13:30:00+00:00,QQQ,480.34,482.95,478.54,481.2,0.0
2024-08-20 16:00:00+00:00,QQQ,481.2,481.55,478.66,480.21,0.0
2024-08-21 13:30:00+00:00,QQQ,481.04,484.37,480.07,480.58,0.0
2024-08-21 16:00:00+00:00,QQQ,480.58,483.67,479.32,482.57,0.0
2024-08-22 13:30:00+00:00,QQQ,484.85,485.53,476.8,477.96,0.0
2024-08-22 16:00:00+00:00,QQQ,477.96,480.83,473.81,474.83,0.0
2024-08-23 13:30:00+00:00,QQQ,479.22,482.74,475.98,478.28,0.0
2024-08-23 16:00:00+00:00,QQQ,478.28,480.55,475.27,480.03,0.0
2024-08-26 13:30:00+00:00,QQQ,479.48,480.38,473.24,474.45,0.0
2024-08-26 16:00:00+00:00,QQQ,474.45,476.56,473.43,475.32,0.0
2024-08-27 13:30:00+00:00,QQQ,473.72,477.84,471.7,475.83,0.0
2024-08-27 16:00:00+00:00,QQQ,475.83,477.79,475.16,476.83,0.0
2024-08-28 13:30:00+00:00,QQQ,476.26,477.03,469.34,471.48,0.0
2024-08-28 16:00:00+00:00,QQQ,471.48,472.77,467.89,471.29,0.0
2024-08-29 13:30:00+00:00,QQQ,473.25,477.93,472.78,476.54,0.0
2024-08-29 16:00:00+00:00,QQQ,476.54,477.89,469.37,470.69,0.0
2024-08-30 13:30:00+00:00,QQQ,475.07,476.73,471.56,472.71,0.0
2024-08-30 16:00:00+00:00,QQQ,472.71,476.89,470.51,476.41,0.0
2024-09-03 13:30:00+00:00,QQQ,473.2,473.32,465.09,465.2,0.0
2024-09-03 16:00:00+00:00,QQQ,465.2,466.57,459.42,461.82,0.0
2024-09-04 13:30:00+00:00,QQQ,458.7,464.46,457.74,461.86,0.0
2024-09-04 16:00:00+00:00,QQQ,461.86,463.75,459.39,460.62,0.0
2024-09-05 13:30:00+00:00,QQQ,458.98,465.37,457.93,458.38,0.0
2024-09-05 16:00:00+00:00,QQQ,458.38,462.72,458.3,461.15,0.0
2024-09-06 13:30:00+00:00,QQQ,460.31,461.22,448.56,448.97,0.0
2024-09-06 16:00:00+00:00,QQQ,448.97,451.0,448.19,448.85,0.0
2024-09-09 13:30:00+00:00,QQQ,453.06,455.25,449.83,453.41,0.0
2024-09-09 16:00:00+00:00,QQQ,453.41,455.47,451.55,454.52,0.0
2024-09-10 13:30:00+00:00,QQQ,456.24,457.82,453.0,453.04,0.0
2024-09-10 16:00:00+00:00,QQQ,453.04,459.17,452.22,458.63,0.0
2024-09-11 13:30:00+00:00,QQQ,459.86,459.96,451.28,457.12,0.0
2024-09-11 16:00:00+00:00,QQQ,457.12,469.36,456.99,468.44,0.0
2024-09-12 13:30:00+00:00,QQQ,468.61,471.79,466.82,468.77,0.0
2024-09-12 16:00:00+00:00,QQQ,468.77,474.05,468.6,473.26,0.0
2024-09-13 13:30:00+00:00,QQQ,472.48,475.72,472.21,475.52,0.0
2024-09-13 16:00:00+00:00,QQQ,475.52,476.53,474.15,475.35,0.0
2024-09-16 13:30:00+00:00,QQQ,473.15,473.86,469.88,471.54,0.0
2024-09-16 16:00:00+00:00,QQQ,471.54,473.57,470.2,473.23,0.0
2024-09-17 13:30:00+00:00,QQQ,476.24,477.59,474.22,475.76,0.0
2024-09-17 16:00:00+00:00,QQQ,475.76,476.02,470.96,473.5,0.0
2024-09-18 13:30:00+00:00,QQQ,474.73,474.83,471.31,471.57,0.0
2024-09-18 16:00:00+00:00,QQQ,471.57,478.81,470.83,471.34,0.0
2024-09-19 13:30:00+00:00,QQQ,482.63,485.18,480.49,483.79,0.0
2024-09-19 16:00:00+00:00,QQQ,483.79,486.23,482.93,483.4,0.0
2024-09-20 13:30:00+00:00,QQQ,482.54,483.63,478.3,481.04,0.0
2024-09-20 16:00:00+00:00,QQQ,481.04,483.7,480.13,482.43,0.0
2024-09-23 13:30:00+00:00,QQQ,482.91,484.15,481.88,483.63,0.0
2024-09-23 16:00:00+00:00,QQQ,483.63,483.68,481.59,483.02,0.0
2024-09-24 13:30:00+00:00,QQQ,484.44,486.34,480.17,485.67,0.0
2024-09-24 16:00:00+00:00,QQQ,485.67,486.31,483.85,485.36,0.0
2024-09-25 13:30:00+00:00,QQQ,484.74,487.79,484.66,486.25,0.0
2024-09-25 16:00:00+00:00,QQQ,486.25,486.47,484.56,485.95,0.0
2024-09-26 13:30:00+00:00,QQQ,493.4,493.71,485.8,489.0,0.0
2024-09-26 16:00:00+00:00,QQQ,489.0,489.98,485.83,489.45,0.0
2024-09-27 13:30:00+00:00,QQQ,490.52,490.66,486.97,487.08,0.0
2024-09-27 16:00:00+00:00,QQQ,487.08,488.44,485.57,486.78,0.0
2024-09-30 13:30:00+00:00,QQQ,485.8,487.79,484.56,486.47,0.0
2024-09-30 16:00:00+00:00,QQQ,486.47,488.41,482.92,488.08,0.0
2024-10-01 13:30:00+00:00,QQQ,487.68,488.0,477.39,479.87,0.0
2024-10-01 16:00:00+00:00,QQQ,479.87,483.57,478.02,481.16,0.0
2024-10-02 13:30:00+00:00,QQQ,480.37,483.88,477.72,483.18,0.0
2024-10-02 16:00:00+00:00,QQQ,483.18,483.77,481.01,481.96,0.0
2024-10-03 13:30:00+00:00,QQQ,479.77,484.55,479.36,482.8,0.0
2024-10-03 16:00:00+00:00,QQQ,482.8,483.07,478.98,481.63,0.0
2024-10-04 13:30:00+00:00,QQQ,487.48,487.71,482.38,485.38,0.0
2024-10-04 16:00:00+00:00,QQQ,485.38,487.88,483.99,487.48,0.0
2024-10-07 13:30:00+00:00,QQQ,485.39,486.56,484.23,485.72,0.0
2024-10-07 16:00:00+00:00,QQQ,485.72,486.1,480.87,482.05,0.0
2024-10-08 13:30:00+00:00,QQQ,484.64,488.65,483.83,488.25,0.0
2024-10-08 16:00:00+00:00,QQQ,488.25,490.0,486.07,489.33,0.0
2024-10-09 13:30:00+00:00,QQQ,488.98,492.9,487.94,492.85,0.0
2024-10-09 16:00:00+00:00,QQQ,492.85,493.72,490.72,493.17,0.0
2024-10-10 13:30:00+00:00,QQQ,490.88,493.74,489.52,493.7,0.0
2024-10-10 16:00:00+00:00,QQQ,493.7,494.47,491.23,492.61,0.0
2024-10-11 13:30:00+00:00,QQQ,490.75,494.1,490.17,493.79,0.0
2024-10-11 16:00:00+00:00,QQQ,493.79,494.4,492.27,493.32,0.0
2024-10-14 13:30:00+00:00,QQQ,495.79,498.84,495.25,496.64,0.0
2024-10-14 16:00:00+00:00,QQQ,496.64,498.59,496.48,497.49,0.0
2024-10-15 13:30:00+00:00,QQQ,497.8,498.49,490.55,491.06,0.0
2024-10-15 16:00:00+00:00,QQQ,491.06,492.58,488.66,490.77,0.0
2024-10-16 13:30:00+00:00,QQQ,491.15,491.23,487.58,489.22,0.0
2024-10-16 16:00:00+00:00,QQQ,489.22,491.7,489.1,490.93,0.0
2024-10-17 13:30:00+00:00,QQQ,496.44,496.49,491.54,494.88,0.0
2024-10-17 16:00:00+00:00,QQQ,494.88,495.36,491.19,491.38,0.0
2024-10-18 13:30:00+00:00,QQQ,494.08,495.58,493.29,494.19,0.0
2024-10-18 16:00:00+00:00,QQQ,494.19,495.45,493.54,494.52,0.0
2024-10-21 13:30:00+00:00,QQQ,493.24,496.23,491.3,493.91,0.0
2024-10-21 16:00:00+00:00,QQQ,493.91,495.53,493.19,495.48,0.0
2024-10-22 13:30:00+00:00,QQQ,492.7,495.5,491.96,494.39,0.0
2024-10-22 16:00:00+00:00,QQQ,494.39,497.45,493.26,495.99,0.0
2024-10-23 13:30:00+00:00,QQQ,493.56,494.26,490.43,491.75,0.0
2024-10-23 16:00:00+00:00,QQQ,491.75,491.75,485.03,488.36,0.0
2024-10-24 13:30:00+00:00,QQQ,492.13,492.23,489.52,491.04,0.0
2024-10-24 16:00:00+00:00,QQQ,491.04,492.99,489.43,492.32,0.0
2024-10-25 13:30:00+00:00,QQQ,495.18,500.28,495.13,498.26,0.0
2024-10-25 16:00:00+00:00,QQQ,498.26,499.31,494.42,495.27,0.0
2024-10-28 13:30:00+00:00,QQQ,498.5,498.52,495.94,496.2,0.0
2024-10-28 16:00:00+00:00,QQQ,496.2,497.13,495.1,495.41,0.0
2024-10-29 13:30:00+00:00,QQQ,495.73,498.43,493.83,498.37,0.0
2024-10-29 16:00:00+00:00,QQQ,498.37,501.35,497.52,500.13,0.0
2024-10-30 13:30:00+00:00,QQQ,499.42,500.35,496.59,499.69,0.0
2024-10-30 16:00:00+00:00,QQQ,499.69,499.93,495.89,496.37,0.0
2024-10-31 13:30:00+00:00,QQQ,492.34,492.42,484.18,485.26,0.0
2024-10-31 16:00:00+00:00,QQQ,485.26,486.77,483.76,483.9,0.0
2024-11-01 13:30:00+00:00,QQQ,485.49,490.76,485.2,489.21,0.0
2024-11-01 16:00:00+00:00,QQQ,489.21,489.94,486.81,487.39,0.0
2024-11-04 14:30:00+00:00,QQQ,486.85,488.96,484.25,488.39,0.0
2024-11-04 16:00:00+00:00,QQQ,488.39,489.38,484.66,487.21,0.0
2024-11-04 20:00:00+00:00,QQQ,487.21,487.33,485.62,485.96,0.0
2024-11-05 14:30:00+00:00,QQQ,487.63,491.6,487.51,490.15,0.0
2024-11-05 16:00:00+00:00,QQQ,490.15,492.89,489.57,491.07,0.0
2024-11-05 20:00:00+00:00,QQQ,491.07,492.42,490.75,492.24,0.0
2024-11-06 14:30:00+00:00,QQQ,500.6,503.79,499.59,501.44,0.0
2024-11-06 16:00:00+00:00,QQQ,501.44,505.53,500.69,505.4,0.0
2024-11-06 20:00:00+00:00,QQQ,505.4,506.41,505.16,505.61,0.0
2024-11-07 14:30:00+00:00,QQQ,508.39,512.23,508.33,512.09,0.0
2024-11-07 16:00:00+00:00,QQQ,512.09,513.84,511.23,513.83,0.0
2024-11-07 20:00:00+00:00,QQQ,513.83,514.33,513.17,513.58,0.0
2024-11-08 14:30:00+00:00,QQQ,513.01,514.16,512.4,513.3,0.0
2024-11-08 16:00:00+00:00,QQQ,513.3,514.92,512.66,514.2,0.0
2024-11-08 20:00:00+00:00,QQQ,514.2,514.28,513.55,514.15,0.0
2024-11-11 14:30:00+00:00,QQQ,515.35,515.59,512.24,513.93,0.0
2024-11-11 16:00:00+00:00,QQQ,513.93,514.16,510.91,512.74,0.0
2024-11-11 20:00:00+00:00,QQQ,512.74,513.93,512.6,513.83,0.0
2024-11-12 14:30:00+00:00,QQQ,513.73,514.66,512.83,512.96,0.0
2024-11-12 16:00:00+00:00,QQQ,512.96,513.58,509.83,513.03,0.0
2024-11-12 20:00:00+00:00,QQQ,513.03,513.45,512.52,512.92,0.0
2024-11-13 14:30:00+00:00,QQQ,512.41,513.04,509.95,511.36,0.0
2024-11-13 16:00:00+00:00,QQQ,511.36,514.98,510.74,512.87,0.0
2024-11-13 20:00:00+00:00,QQQ,512.87,513.78,511.45,512.27,0.0
2024-11-14 14:30:00+00:00,QQQ,511.88,512.81,509.56,510.77,0.0
2024-11-14 16:00:00+00:00,QQQ,510.77,511.96,508.95,510.17,0.0
2024-11-14 20:00:00+00:00,QQQ,510.17,510.18,507.78,508.67,0.0
2024-11-15 14:30:00+00:00,QQQ,502.96,503.33,497.76,498.21,0.0
2024-11-15 16:00:00+00:00,QQQ,498.21,498.94,494.48,495.82,0.0
2024-11-15 20:00:00+00:00,QQQ,495.82,496.97,495.52,496.47,0.0
2024-11-18 14:30:00+00:00,QQQ,498.15,501.46,496.73,501.11,0.0
2024-11-18 16:00:00+00:00,QQQ,501.11,502.16,499.0,500.17,0.0
2024-11-18 20:00:00+00:00,QQQ,500.17,500.54,499.5,500.01,0.0
2024-11-19 14:30:00+00:00,QQQ,497.38,500.71,497.08,500.23,0.0
2024-11-19 16:00:00+00:00,QQQ,500.23,503.95,500.2,502.72,0.0
2024-11-19 20:00:00+00:00,QQQ,502.72,503.71,502.43,503.4,0.0
2024-11-20 14:30:00+00:00,QQQ,503.12,503.22,496.55,500.16,0.0
2024-11-20 16:00:00+00:00,QQQ,500.16,502.1,498.24,499.74,0.0
2024-11-20 20:00:00+00:00,QQQ,499.74,503.48,499.39,503.2,0.0
2024-11-21 14:30:00+00:00,QQQ,506.26,506.97,497.56,502.22,0.0
2024-11-21 16:00:00+00:00,QQQ,502.22,506.06,501.74,505.57,0.0
2024-11-21 20:00:00+00:00,QQQ,505.57,506.33,504.88,504.98,0.0
2024-11-22 14:30:00+00:00,QQQ,504.38,506.37,502.77,505.66,0.0
2024-11-22 16:00:00+00:00,QQQ,505.66,506.54,503.28,505.74,0.0
2024-11-22 20:00:00+00:00,QQQ,505.74,506.27,504.65,505.77,0.0
2024-11-25 14:30:00+00:00,QQQ,509.91,511.46,506.42,507.07,0.0
2024-11-25 16:00:00+00:00,QQQ,507.07,508.62,504.27,506.21,0.0
2024-11-25 20:00:00+00:00,QQQ,506.21,506.77,505.59,506.59,0.0
2024-11-26 14:30:00+00:00,QQQ,508.09,510.15,507.62,508.37,0.0
2024-11-26 16:00:00+00:00,QQQ,508.37,509.17,507.23,507.91,0.0
2024-11-26 20:00:00+00:00,QQQ,507.91,509.71,507.77,509.3,0.0
2024-11-27 14:30:00+00:00,QQQ,508.2,508.24,503.13,503.58,0.0
2024-11-27 16:00:00+00:00,QQQ,503.58,505.56,501.92,505.06,0.0
2024-11-27 20:00:00+00:00,QQQ,505.06,505.66,504.2,505.3,0.0
2024-11-29 14:30:00+00:00,QQQ,505.9,509.52,505.31,508.87,0.0
2024-11-29 16:00:00+00:00,QQQ,508.87,510.33,508.86,509.72,0.0
2024-12-02 14:30:00+00:00,QQQ,511.05,514.89,510.61,513.78,0.0
2024-12-02 16:00:00+00:00,QQQ,513.78,516.26,513.69,515.32,0.0
2024-12-02 20:00:00+00:00,QQQ,515.32,515.84,514.91,515.3,0.0
2024-12-03 14:30:00+00:00,QQQ,513.95,515.79,513.38,515.15,0.0
2024-12-03 16:00:00+00:00,QQQ,515.15,516.48,514.74,516.32,0.0
2024-12-03 20:00:00+00:00,QQQ,516.32,517.14,515.91,516.89,0.0
2024-12-04 14:30:00+00:00,QQQ,520.34,522.11,519.6,521.88,0.0
2024-12-04 16:00:00+00:00,QQQ,521.88,522.75,520.87,522.6,0.0
2024-12-04 20:00:00+00:00,QQQ,522.6,523.51,522.48,523.25,0.0
2024-12-05 14:30:00+00:00,QQQ,523.29,523.68,522.12,522.48,0.0
2024-12-05 16:00:00+00:00,QQQ,522.48,524.04,521.77,522.29,0.0
2024-12-05 20:00:00+00:00,QQQ,522.29,522.7,521.43,521.82,0.0
2024-12-06 14:30:00+00:00,QQQ,522.5,526.18,522.35,525.54,0.0
2024-12-06 16:00:00+00:00,QQQ,525.54,526.72,524.42,525.91,0.0
2024-12-06 20:00:00+00:00,QQQ,525.91,526.63,525.7,526.51,0.0
2024-12-09 14:30:00+00:00,QQQ,525.54,526.37,522.83,522.93,0.0
2024-12-09 16:00:00+00:00,QQQ,522.93,523.96,521.22,522.19,0.0
2024-12-09 20:00:00+00:00,QQQ,522.19,522.47,521.32,522.37,0.0
2024-12-10 14:30:00+00:00,QQQ,523.62,525.38,522.73,522.93,0.0
2024-12-10 16:00:00+00:00,QQQ,522.93,523.16,520.3,520.59,0.0
2024-12-10 20:00:00+00:00,QQQ,520.59,520.62,519.16,520.54,0.0
2024-12-11 14:30:00+00:00,QQQ,524.99,528.53,524.57,527.59,0.0
2024-12-11 16:00:00+00:00,QQQ,527.59,530.36,527.43,530.09,0.0
2024-12-11 20:00:00+00:00,QQQ,530.09,530.61,529.83,529.94,0.0
2024-12-12 14:30:00+00:00,QQQ,527.65,528.57,526.02,528.38,0.0
2024-12-12 16:00:00+00:00,QQQ,528.38,528.96,527.0,527.5,0.0
2024-12-12 20:00:00+00:00,QQQ,527.5,527.56,526.49,526.5,0.0
2024-12-13 14:30:00+00:00,QQQ,530.44,533.17,527.77,527.8,0.0
2024-12-13 16:00:00+00:00,QQQ,527.8,530.92,527.29,530.58,0.0
2024-12-13 20:00:00+00:00,QQQ,530.58,531.14,529.95,530.51,0.0
2024-12-16 14:30:00+00:00,QQQ,533.06,536.07,533.0,535.29,0.0
2024-12-16 16:00:00+00:00,QQQ,535.29,538.89,535.24,538.47,0.0
2024-12-16 20:00:00+00:00,QQQ,538.47,539.16,537.81,538.2,0.0
2024-12-17 14:30:00+00:00,QQQ,536.38,537.09,534.13,535.64,0.0
2024-12-17 16:00:00+00:00,QQQ,535.64,537.49,534.68,535.01,0.0
2024-12-17 20:00:00+00:00,QQQ,535.01,536.21,534.36,535.86,0.0
2024-12-18 14:30:00+00:00,QQQ,535.12,536.87,533.47,536.12,0.0
2024-12-18 16:00:00+00:00,QQQ,536.12,536.62,526.33,526.58,0.0
2024-12-18 20:00:00+00:00,QQQ,526.58,527.11,515.02,516.59,0.0
2024-12-19 14:30:00+00:00,QQQ,521.21,521.76,516.12,518.23,0.0
2024-12-19 16:00:00+00:00,QQQ,518.23,520.11,515.44,516.19,0.0
2024-12-19 20:00:00+00:00,QQQ,516.19,517.83,513.84,514.16,0.0
2024-12-20 14:30:00+00:00,QQQ,510.49,518.78,509.29,517.85,0.0
2024-12-20 16:00:00+00:00,QQQ,517.85,524.84,517.63,522.04,0.0
2024-12-20 20:00:00+00:00,QQQ,522.04,522.38,517.66,518.82,0.0
2024-12-23 14:30:00+00:00,QQQ,519.52,520.85,516.11,518.16,0.0
2024-12-23 16:00:00+00:00,QQQ,518.16,523.29,518.04,521.66,0.0
2024-12-23 20:00:00+00:00,QQQ,521.66,523.19,520.68,522.94,0.0
2024-12-24 14:30:00+00:00,QQQ,524.8,528.24,524.18,528.08,0.0
2024-12-24 16:00:00+00:00,QQQ,528.08,530.06,527.72,530.03,0.0
2024-12-26 14:30:00+00:00,QQQ,528.3,529.72,526.3,529.65,0.0
2024-12-26 16:00:00+00:00,QQQ,529.65,531.25,528.82,530.54,0.0
2024-12-26 20:00:00+00:00,QQQ,530.54,530.88,529.43,529.56,0.0
2024-12-27 14:30:00+00:00,QQQ,526.03,526.44,518.03,520.27,0.0
2024-12-27 16:00:00+00:00,QQQ,520.27,522.87,517.84,522.62,0.0
2024-12-27 20:00:00+00:00,QQQ,522.62,522.81,520.26,522.55,0.0
2024-12-30 14:30:00+00:00,QQQ,515.53,515.71,511.82,514.73,0.0
2024-12-30 16:00:00+00:00,QQQ,514.73,519.34,513.97,518.41,0.0
2024-12-30 20:00:00+00:00,QQQ,518.41,518.75,515.49,515.57,0.0
2024-12-31 14:30:00+00:00,QQQ,516.89,517.66,513.98,515.07,0.0
2024-12-31 16:00:00+00:00,QQQ,515.07,515.18,510.28,512.34,0.0
2024-12-31 20:00:00+00:00,QQQ,512.34,513.45,510.45,511.19,0.0
2025-01-02 14:30:00+00:00,QQQ,514.33,516.63,510.01,512.7,0.0
2025-01-02 16:00:00+00:00,QQQ,512.7,514.59,505.71,507.61,0.0
2025-01-02 20:00:00+00:00,QQQ,507.61,510.76,507.58,510.16,0.0
2025-01-03 14:30:00+00:00,QQQ,513.33,516.74,512.53,515.29,0.0
2025-01-03 16:00:00+00:00,QQQ,515.29,519.65,514.35,519.08,0.0
2025-01-03 20:00:00+00:00,QQQ,519.08,519.08,517.71,518.56,0.0
2025-01-06 14:30:00+00:00,QQQ,523.99,527.81,523.77,527.3,0.0
2025-01-06 16:00:00+00:00,QQQ,527.3,527.93,522.25,522.32,0.0
2025-01-06 20:00:00+00:00,QQQ,522.32,524.66,522.03,524.51,0.0
2025-01-07 14:30:00+00:00,QQQ,525.63,525.95,516.14,519.75,0.0
2025-01-07 16:00:00+00:00,QQQ,519.75,520.34,515.87,516.6,0.0
2025-01-07 20:00:00+00:00,QQQ,516.6,516.74,513.27,515.14,0.0
2025-01-08 14:30:00+00:00,QQQ,515.13,516.3,512.1,515.13,0.0
2025-01-08 16:00:00+00:00,QQQ,515.13,516.92,510.57,514.69,0.0
2025-01-08 20:00:00+00:00,QQQ,514.69,515.69,513.84,515.31,0.0
2025-01-10 14:30:00+00:00,QQQ,511.49,511.56,503.92,506.67,0.0
2025-01-10 16:00:00+00:00,QQQ,506.67,511.11,504.2,508.98,0.0
2025-01-10 20:00:00+00:00,QQQ,508.98,509.27,506.44,507.21,0.0
2025-01-13 14:30:00+00:00,QQQ,501.23,503.99,499.7,502.04,0.0
2025-01-13 16:00:00+00:00,QQQ,502.04,505.08,500.06,504.59,0.0
2025-01-13 20:00:00+00:00,QQQ,504.59,506.02,503.8,505.62,0.0
