timestamp,ticker,open,high,low,close,volume
2024-07-24 20:01:00+00:00,BTC,65775.5,66094.5,65138.74999999999,65376.25,0.0
2024-07-24 20:01:00+00:00,ETH,3366.65,3378.2,3298.0,3336.3,0.0
2024-07-25 00:00:00+00:00,BTC,65376.25,65636.25,63775.5,64140.0,0.0
2024-07-25 00:00:00+00:00,ETH,3336.3,3343.75,3127.35,3172.2,0.0
2024-07-25 08:00:00+00:00,BTC,64140.0,65005.75,63448.74999999999,64788.99999999999,0.0
2024-07-25 08:00:00+00:00,ETH,3172.2,3187.5,3108.45,3142.7,0.0
2024-07-25 16:00:00+00:00,BTC,64788.99999999999,65167.25000000001,64392.74999999999,64677.5,0.0
2024-07-25 16:00:00+00:00,ETH,3142.7,3172.1,3102.15,3124.3,0.0
2024-07-25 20:01:00+00:00,BTC,64691.00000000001,66144.0,64420.5,65795.0,0.0
2024-07-25 20:01:00+00:00,ETH,3120.0,3196.2,3088.15,3175.6,0.0
2024-07-26 00:00:00+00:00,BTC,65795.0,67469.5,65712.75,66909.5,0.0
2024-07-26 00:00:00+00:00,ETH,3175.6,3275.45,3171.05,3251.65,0.0
2024-07-26 08:00:00+00:00,BTC,66909.5,67968.75,66908.25,67552.5,0.0
2024-07-26 08:00:00+00:00,ETH,3251.65,3269.45,3222.65,3253.7,0.0
2024-07-26 16:00:00+00:00,BTC,67552.5,68174.5,67306.25,67990.75,0.0
2024-07-26 16:00:00+00:00,ETH,3253.7,3284.25,3241.45,3273.0,0.0
2024-07-28 07:00:00+00:00,BTC,67503.75,67580.0,67328.5,67567.25,0.0
2024-07-28 07:00:00+00:00,ETH,3223.2,3228.9,3214.8,3227.8,0.0
2024-07-28 08:00:00+00:00,BTC,67567.25,68095.25,67240.25,67662.5,0.0
2024-07-28 08:00:00+00:00,ETH,3227.8,3278.25,3216.8,3267.7,0.0
2024-07-28 16:00:00+00:00,BTC,67662.5,68283.25,67623.5,68241.25,0.0
2024-07-28 16:00:00+00:00,ETH,3267.7,3282.9,3251.45,3270.45,0.0
2024-07-29 00:00:00+00:00,BTC,68241.25,69870.0,68157.5,69488.0,0.0
2024-07-29 00:00:00+00:00,ETH,3270.45,3387.4,3267.35,3366.0,0.0
2024-07-29 08:00:00+00:00,BTC,69488.0,70031.25,67668.5,68107.25,0.0
2024-07-29 08:00:00+00:00,ETH,3366.0,3395.6,3290.2,3308.55,0.0
2024-07-29 16:00:00+00:00,BTC,68107.25,68275.25,66442.0,67240.5,0.0
2024-07-29 16:00:00+00:00,ETH,3308.55,3324.25,3258.25,3309.7,0.0
2024-07-29 20:01:00+00:00,BTC,67928.25,68142.25,66620.25,66800.0,0.0
2024-07-29 20:01:00+00:00,ETH,3317.55,3354.2,3313.25,3318.7,0.0
2024-07-30 00:00:00+00:00,BTC,66800.0,66962.75,65892.25,66908.5,0.0
2024-07-30 00:00:00+00:00,ETH,3318.7,3350.0,3283.55,3338.75,0.0
2024-07-30 08:00:00+00:00,BTC,66908.5,66954.5,65571.0,66196.75,0.0
2024-07-30 08:00:00+00:00,ETH,3338.75,3364.3,3292.2,3319.75,0.0
2024-07-30 16:00:00+00:00,BTC,66196.75,66541.75,65566.5,65920.25,0.0
2024-07-30 16:00:00+00:00,ETH,3319.75,3327.55,3260.45,3272.45,0.0
2024-07-30 20:01:00+00:00,BTC,65918.25,66333.5,65321.25000000001,66174.75,0.0
2024-07-30 20:01:00+00:00,ETH,3271.45,3285.25,3234.0,3277.8,0.0
2024-07-31 00:00:00+00:00,BTC,66174.75,66507.5,65504.0,66189.75,0.0
2024-07-31 00:00:00+00:00,ETH,3277.8,3331.15,3262.25,3315.2,0.0
2024-07-31 08:00:00+00:00,BTC,66189.75,66825.5,65912.5,66368.0,0.0
2024-07-31 08:00:00+00:00,ETH,3315.2,3347.35,3297.65,3302.8,0.0
2024-07-31 16:00:00+00:00,BTC,66368.0,66795.75,64940.5,65238.74999999999,0.0
2024-07-31 16:00:00+00:00,ETH,3302.8,3324.6,3243.85,3266.15,0.0
2024-07-31 20:01:00+00:00,BTC,65186.25,65987.25,64516.25,64630.74999999999,0.0
2024-07-31 20:01:00+00:00,ETH,3260.15,3271.95,3214.0,3233.05,0.0
2024-08-01 00:00:00+00:00,BTC,64630.74999999999,64836.5,63562.0,64276.5,0.0
2024-08-01 00:00:00+00:00,ETH,3233.05,3243.15,3135.75,3166.05,0.0
2024-08-01 08:00:00+00:00,BTC,64276.5,64908.25,62676.0,62873.25000000001,0.0
2024-08-01 08:00:00+00:00,ETH,3166.05,3205.5,3102.3,3116.2,0.0
2024-08-01 16:00:00+00:00,BTC,62873.25000000001,63405.75,62259.25000000001,63244.99999999999,0.0
2024-08-01 16:00:00+00:00,ETH,3116.2,3131.45,3078.7,3127.1,0.0
2024-08-01 20:01:00+00:00,BTC,63357.75,65564.5,63116.25,65296.99999999999,0.0
2024-08-01 20:01:00+00:00,ETH,3128.7,3213.85,3119.8,3201.65,0.0
2024-08-02 00:00:00+00:00,BTC,65296.99999999999,65528.99999999999,63631.25000000001,64124.74999999999,0.0
2024-08-02 00:00:00+00:00,ETH,3201.65,3215.3,3122.4,3144.15,0.0
2024-08-02 08:00:00+00:00,BTC,64124.74999999999,65490.74999999999,62415.75,63364.99999999999,0.0
2024-08-02 08:00:00+00:00,ETH,3144.15,3179.45,2983.9,3035.25,0.0
2024-08-02 16:00:00+00:00,BTC,63364.99999999999,63534.0,62471.25000000001,62577.75,0.0
2024-08-02 16:00:00+00:00,ETH,3035.25,3045.05,2992.85,3009.75,0.0
2024-08-04 07:00:00+00:00,BTC,60780.74999999999,60798.5,60241.75,60359.25000000001,0.0
2024-08-04 07:00:00+00:00,ETH,2917.7,2918.25,2887.7,2893.05,0.0
2024-08-04 08:00:00+00:00,BTC,60359.25000000001,61066.25,58948.25,59058.5,0.0
2024-08-04 08:00:00+00:00,ETH,2893.05,2925.4,2819.05,2826.25,0.0
2024-08-04 16:00:00+00:00,BTC,59058.5,59549.25000000001,57239.0,58143.5,0.0
2024-08-04 16:00:00+00:00,ETH,2826.25,2873.45,2640.95,2689.65,0.0
2024-08-05 00:00:00+00:00,BTC,58143.5,59182.0,49092.5,52693.75,0.0
2024-08-05 00:00:00+00:00,ETH,2689.65,2810.15,2105.4,2358.55,0.0
2024-08-05 08:00:00+00:00,BTC,52693.75,56304.0,49586.25,54392.5,0.0
2024-08-05 08:00:00+00:00,ETH,2358.55,2463.1,2184.05,2451.7,0.0
2024-08-05 16:00:00+00:00,BTC,54392.5,56722.75,52277.25,53469.75,0.0
2024-08-05 16:00:00+00:00,ETH,2451.7,2559.85,2358.95,2404.2,0.0
2024-08-05 20:01:00+00:00,BTC,54508.75,55502.75,53556.5,54049.75,0.0
2024-08-05 20:01:00+00:00,ETH,2429.1,2483.15,2408.55,2421.15,0.0
2024-08-06 00:00:00+00:00,BTC,54049.75,56295.75,53974.5,56007.25,0.0
2024-08-06 00:00:00+00:00,ETH,2421.15,2548.0,2415.05,2526.0,0.0
2024-08-06 08:00:00+00:00,BTC,56007.25,56608.0,54421.0,56406.0,0.0
2024-08-06 08:00:00+00:00,ETH,2526.0,2555.1,2415.75,2527.8,0.0
2024-08-06 16:00:00+00:00,BTC,56406.0,57048.25,56245.25,56765.25,0.0
2024-08-06 16:00:00+00:00,ETH,2527.8,2547.9,2483.6,2494.8,0.0
2024-08-06 20:01:00+00:00,BTC,56756.5,56940.25,55850.75,56053.0,0.0
2024-08-06 20:01:00+00:00,ETH,2497.4,2515.45,2448.3,2461.95,0.0
2024-08-07 00:00:00+00:00,BTC,56053.0,57283.5,55609.0,56970.75,0.0
2024-08-07 00:00:00+00:00,ETH,2461.95,2534.25,2428.65,2511.9,0.0
2024-08-07 08:00:00+00:00,BTC,56970.75,57729.25,55707.5,56113.25,0.0
2024-08-07 08:00:00+00:00,ETH,2511.9,2551.55,2366.25,2414.15,0.0
2024-08-07 16:00:00+00:00,BTC,56113.25,56327.0,54695.5,54784.25,0.0
2024-08-07 16:00:00+00:00,ETH,2414.15,2417.0,2328.15,2351.1,0.0
2024-08-07 20:01:00+00:00,BTC,54854.0,55559.75,54602.0,55156.75,0.0
2024-08-07 20:01:00+00:00,ETH,2349.5,2369.75,2310.3,2343.8,0.0
2024-08-08 00:00:00+00:00,BTC,55156.75,57643.75,54758.75,57238.0,0.0
2024-08-08 00:00:00+00:00,ETH,2343.8,2514.3,2322.15,2415.5,0.0
2024-08-08 08:00:00+00:00,BTC,57238.0,59524.25,56743.0,59460.99999999999,0.0
2024-08-08 08:00:00+00:00,ETH,2415.5,2523.2,2410.05,2508.85,0.0
2024-08-08 16:00:00+00:00,BTC,59460.99999999999,59874.0,59282.5,59438.0,0.0
2024-08-08 16:00:00+00:00,ETH,2508.85,2607.15,2504.15,2576.05,0.0
2024-08-08 20:01:00+00:00,BTC,59454.74999999999,62762.5,59335.5,61724.25,0.0
2024-08-08 20:01:00+00:00,ETH,2578.2,2725.1,2552.35,2683.85,0.0
2024-08-09 00:00:00+00:00,BTC,61724.25,61785.5,60614.0,60886.5,0.0
2024-08-09 00:00:00+00:00,ETH,2683.85,2708.3,2648.05,2671.85,0.0
2024-08-09 08:00:00+00:00,BTC,60886.5,61214.25,59449.25000000001,59844.0,0.0
2024-08-09 08:00:00+00:00,ETH,2671.85,2680.45,2558.5,2560.2,0.0
2024-08-09 16:00:00+00:00,BTC,59844.0,60774.25,59748.74999999999,60699.25000000001,0.0
2024-08-09 16:00:00+00:00,ETH,2560.2,2609.5,2554.65,2591.95,0.0
2024-08-11 07:00:00+00:00,BTC,61151.25000000001,61289.25000000001,61109.75,61262.0,0.0
2024-08-11 07:00:00+00:00,ETH,2661.0,2681.9,2660.95,2677.7,0.0
2024-08-11 08:00:00+00:00,BTC,61262.0,61849.5,59980.74999999999,60174.74999999999,0.0
2024-08-11 08:00:00+00:00,ETH,2677.7,2718.1,2596.25,2615.25,0.0
2024-08-11 16:00:00+00:00,BTC,60174.74999999999,60384.0,58235.75,58745.75,0.0
2024-08-11 16:00:00+00:00,ETH,2615.25,2645.6,2542.3,2556.95,0.0
2024-08-12 00:00:00+00:00,BTC,58745.75,59404.5,57583.5,58677.0,0.0
2024-08-12 00:00:00+00:00,ETH,2556.95,2668.2,2506.75,2567.55,0.0
2024-08-12 08:00:00+00:00,BTC,58677.0,60696.5,57825.5,60203.00000000001,0.0
2024-08-12 08:00:00+00:00,ETH,2567.55,2755.95,2559.8,2689.45,0.0
2024-08-12 16:00:00+00:00,BTC,60203.00000000001,60406.74999999999,58475.5,59020.5,0.0
2024-08-12 16:00:00+00:00,ETH,2689.45,2704.85,2578.2,2661.8,0.0
2024-08-12 20:01:00+00:00,BTC,58804.5,59725.75,58021.0,59371.25000000001,0.0
2024-08-12 20:01:00+00:00,ETH,2625.45,2748.3,2585.5,2724.4,0.0
2024-08-13 00:00:00+00:00,BTC,59371.25000000001,59930.25,58862.5,59255.5,0.0
2024-08-13 00:00:00+00:00,ETH,2724.4,2738.2,2594.9,2650.7,0.0
2024-08-13 08:00:00+00:00,BTC,59255.5,59786.5,58455.5,59499.00000000001,0.0
2024-08-13 08:00:00+00:00,ETH,2650.7,2676.85,2612.15,2653.45,0.0
2024-08-13 16:00:00+00:00,BTC,59499.00000000001,61580.25,59477.75,60845.5,0.0
2024-08-13 16:00:00+00:00,ETH,2653.45,2731.25,2650.15,2712.5,0.0
2024-08-13 20:01:00+00:00,BTC,60857.5,61128.5,60427.25000000001,60616.99999999999,0.0
2024-08-13 20:01:00+00:00,ETH,2713.65,2733.35,2694.35,2703.75,0.0
2024-08-14 00:00:00+00:00,BTC,60616.99999999999,61307.25000000001,60460.0,60960.99999999999,0.0
2024-08-14 00:00:00+00:00,ETH,2703.75,2749.55,2687.5,2729.55,0.0
2024-08-14 08:00:00+00:00,BTC,60960.99999999999,61796.0,58870.5,59480.99999999999,0.0
2024-08-14 08:00:00+00:00,ETH,2729.55,2786.7,2635.1,2676.4,0.0
2024-08-14 16:00:00+00:00,BTC,59480.99999999999,59505.5,58684.25,58937.5,0.0
2024-08-14 16:00:00+00:00,ETH,2676.4,2676.55,2643.1,2670.65,0.0
2024-08-14 20:01:00+00:00,BTC,58975.0,59215.5,58475.75,58722.5,0.0
2024-08-14 20:01:00+00:00,ETH,2671.1,2680.45,2642.65,2662.7,0.0
2024-08-15 00:00:00+00:00,BTC,58722.5,59059.25000000001,57740.75,58074.25,0.0
2024-08-15 00:00:00+00:00,ETH,2662.7,2674.75,2590.6,2614.45,0.0
2024-08-15 08:00:00+00:00,BTC,58074.25,59783.75,57964.75,59682.0,0.0
2024-08-15 08:00:00+00:00,ETH,2614.45,2677.05,2605.95,2669.95,0.0
2024-08-15 16:00:00+00:00,BTC,59682.0,59844.25,56721.75,57064.5,0.0
2024-08-15 16:00:00+00:00,ETH,2669.95,2746.9,2523.6,2551.05,0.0
2024-08-15 20:01:00+00:00,BTC,57112.5,57866.0,56159.75,57538.5,0.0
2024-08-15 20:01:00+00:00,ETH,2551.8,2591.2,2519.35,2571.25,0.0
2024-08-16 00:00:00+00:00,BTC,57538.5,58624.75,57121.25,58463.0,0.0
2024-08-16 00:00:00+00:00,ETH,2571.25,2630.3,2553.35,2618.75,0.0
2024-08-16 08:00:00+00:00,BTC,58463.0,58816.0,57549.75,58110.75,0.0
2024-08-16 08:00:00+00:00,ETH,2618.75,2627.4,2553.05,2570.8,0.0
2024-08-16 16:00:00+00:00,BTC,58110.75,59851.75,58027.75,59700.99999999999,0.0
2024-08-16 16:00:00+00:00,ETH,2570.8,2631.45,2565.4,2622.1,0.0
2024-08-18 07:00:00+00:00,BTC,59618.25,59682.0,59528.25,59605.75,0.0
2024-08-18 07:00:00+00:00,ETH,2607.45,2610.25,2603.35,2609.15,0.0
2024-08-18 08:00:00+00:00,BTC,59605.75,60275.25000000001,59460.5,59878.0,0.0
2024-08-18 08:00:00+00:00,ETH,2609.15,2686.1,2607.0,2673.65,0.0
2024-08-18 16:00:00+00:00,BTC,59878.0,59944.74999999999,58441.25,58461.5,0.0
2024-08-18 16:00:00+00:00,ETH,2673.65,2679.3,2611.3,2613.8,0.0
2024-08-19 00:00:00+00:00,BTC,58461.5,58782.5,58247.25,58537.0,0.0
2024-08-19 00:00:00+00:00,ETH,2613.8,2648.8,2605.4,2615.85,0.0
2024-08-19 08:00:00+00:00,BTC,58537.0,58968.5,57846.75,58575.0,0.0
2024-08-19 08:00:00+00:00,ETH,2615.85,2624.05,2558.35,2585.75,0.0
2024-08-19 16:00:00+00:00,BTC,58575.0,59307.25000000001,58402.0,58959.5,0.0
2024-08-19 16:00:00+00:00,ETH,2585.75,2629.35,2576.0,2609.65,0.0
2024-08-19 20:01:00+00:00,BTC,59070.74999999999,59542.0,58872.0,59381.5,0.0
2024-08-19 20:01:00+00:00,ETH,2622.2,2638.35,2613.15,2634.45,0.0
2024-08-20 00:00:00+00:00,BTC,59381.5,61410.74999999999,59104.74999999999,60967.25000000001,0.0
2024-08-20 00:00:00+00:00,ETH,2634.45,2695.45,2623.15,2677.0,0.0
2024-08-20 08:00:00+00:00,BTC,60967.25000000001,61004.0,58721.0,58842.5,0.0
2024-08-20 08:00:00+00:00,ETH,2677.0,2677.8,2556.85,2576.35,0.0
2024-08-20 16:00:00+00:00,BTC,58842.5,59619.00000000001,58605.25,59497.25000000001,0.0
2024-08-20 16:00:00+00:00,ETH,2576.35,2608.1,2567.0,2603.1,0.0
2024-08-20 20:01:00+00:00,BTC,59488.0,59715.25000000001,58912.0,59037.25000000001,0.0
2024-08-20 20:01:00+00:00,ETH,2603.55,2610.8,2566.6,2574.05,0.0
2024-08-21 00:00:00+00:00,BTC,59037.25000000001,59763.25000000001,58812.25,59716.25,0.0
2024-08-21 00:00:00+00:00,ETH,2574.05,2608.2,2559.25,2601.95,0.0
2024-08-21 08:00:00+00:00,BTC,59716.25,60234.0,58877.25,59548.5,0.0
2024-08-21 08:00:00+00:00,ETH,2601.95,2617.85,2537.8,2603.25,0.0
2024-08-21 16:00:00+00:00,BTC,59548.5,61628.74999999999,59403.5,61591.75,0.0
2024-08-21 16:00:00+00:00,ETH,2603.25,2650.75,2593.85,2645.55,0.0
2024-08-21 20:01:00+00:00,BTC,61648.25,61835.25000000001,60093.25000000001,61164.5,0.0
2024-08-21 20:01:00+00:00,ETH,2646.85,2662.6,2621.5,2630.85,0.0
2024-08-22 00:00:00+00:00,BTC,61164.5,61240.25,59768.5,60996.0,0.0
2024-08-22 00:00:00+00:00,ETH,2630.85,2642.3,2585.85,2635.85,0.0
2024-08-22 08:00:00+00:00,BTC,60996.0,61409.75,60131.25000000001,60432.0,0.0
2024-08-22 08:00:00+00:00,ETH,2635.85,2645.35,2583.55,2599.85,0.0
2024-08-22 16:00:00+00:00,BTC,60432.0,60621.5,60159.00000000001,60324.25,0.0
2024-08-22 16:00:00+00:00,ETH,2599.85,2620.5,2598.25,2607.45,0.0
2024-08-22 20:01:00+00:00,BTC,60315.25000000001,60694.25,60302.74999999999,60409.25000000001,0.0
2024-08-22 20:01:00+00:00,ETH,2608.1,2627.3,2607.35,2622.55,0.0
2024-08-23 00:00:00+00:00,BTC,60409.25000000001,61358.74999999999,60362.25,61074.5,0.0
2024-08-23 00:00:00+00:00,ETH,2622.55,2688.45,2621.2,2670.0,0.0
2024-08-23 08:00:00+00:00,BTC,61074.5,62299.5,60705.25000000001,61562.0,0.0
2024-08-23 08:00:00+00:00,ETH,2670.0,2698.75,2634.5,2672.3,0.0
2024-08-23 16:00:00+00:00,BTC,61562.0,63870.0,61358.5,63639.25000000001,0.0
2024-08-23 16:00:00+00:00,ETH,2672.3,2800.65,2644.15,2745.8,0.0
2024-08-25 07:00:00+00:00,BTC,64043.00000000001,64077.25000000001,63834.74999999999,63909.75,0.0
2024-08-25 07:00:00+00:00,ETH,2756.4,2757.9,2735.9,2745.55,0.0
2024-08-25 08:00:00+00:00,BTC,63909.75,64312.0,63836.0,64156.74999999999,0.0
2024-08-25 08:00:00+00:00,ETH,2745.55,2775.1,2739.7,2766.4,0.0
2024-08-25 16:00:00+00:00,BTC,64156.74999999999,65054.25,64034.25,64279.00000000001,0.0
2024-08-25 16:00:00+00:00,ETH,2766.4,2792.2,2742.65,2748.6,0.0
2024-08-26 00:00:00+00:00,BTC,64279.00000000001,64501.75,63612.99999999999,63671.00000000001,0.0
2024-08-26 00:00:00+00:00,ETH,2748.6,2764.4,2722.95,2735.05,0.0
2024-08-26 08:00:00+00:00,BTC,63671.00000000001,64055.25000000001,63094.5,63567.75,0.0
2024-08-26 08:00:00+00:00,ETH,2735.05,2757.2,2705.45,2723.3,0.0
2024-08-26 16:00:00+00:00,BTC,63567.75,64291.25000000001,62782.5,63297.75,0.0
2024-08-26 16:00:00+00:00,ETH,2723.3,2736.0,2675.95,2680.8,0.0
2024-08-26 20:01:00+00:00,BTC,63810.0,63810.0,61846.5,62861.25000000001,0.0
2024-08-26 20:01:00+00:00,ETH,2721.5,2850.95,2587.15,2681.75,0.0
2024-08-27 00:00:00+00:00,BTC,62861.25000000001,63260.74999999999,62684.5,62938.5,0.0
2024-08-27 00:00:00+00:00,ETH,2681.75,2701.1,2668.35,2689.2,0.0
2024-08-27 08:00:00+00:00,BTC,62938.5,63035.25000000001,61489.75,61726.74999999999,0.0
2024-08-27 08:00:00+00:00,ETH,2689.2,2693.65,2560.75,2579.8,0.0
2024-08-27 16:00:00+00:00,BTC,61726.74999999999,62222.74999999999,61534.74999999999,62103.5,0.0
2024-08-27 16:00:00+00:00,ETH,2579.8,2593.1,2564.35,2584.9,0.0
2024-08-27 20:01:00+00:00,BTC,62054.74999999999,62106.25,58069.75,59460.25,0.0
2024-08-27 20:01:00+00:00,ETH,2582.4,2589.4,2395.4,2458.6,0.0
2024-08-28 00:00:00+00:00,BTC,59460.25,59684.99999999999,58563.0,58628.75,0.0
2024-08-28 00:00:00+00:00,ETH,2458.6,2485.55,2420.75,2438.6,0.0
2024-08-28 08:00:00+00:00,BTC,58628.75,60238.25,58488.75,59029.75,0.0
2024-08-28 08:00:00+00:00,ETH,2438.6,2548.95,2431.0,2496.6,0.0
2024-08-28 16:00:00+00:00,BTC,59029.75,59842.25,57893.75,58927.25,0.0
2024-08-28 16:00:00+00:00,ETH,2496.6,2545.2,2457.85,2506.15,0.0
2024-08-28 20:01:00+00:00,BTC,58947.75,59590.5,58681.0,59069.75,0.0
2024-08-28 20:01:00+00:00,ETH,2508.5,2627.35,2506.9,2529.75,0.0
2024-08-29 00:00:00+00:00,BTC,59069.75,59760.5,58895.75,59603.75,0.0
2024-08-29 00:00:00+00:00,ETH,2529.75,2560.15,2513.45,2547.05,0.0
2024-08-29 08:00:00+00:00,BTC,59603.75,61199.00000000001,59396.5,60817.75,0.0
2024-08-29 08:00:00+00:00,ETH,2547.05,2597.05,2538.5,2577.65,0.0
2024-08-29 16:00:00+00:00,BTC,60817.75,60995.5,58943.25,59265.25000000001,0.0
2024-08-29 16:00:00+00:00,ETH,2577.65,2587.2,2510.5,2528.9,0.0
2024-08-29 20:01:00+00:00,BTC,59289.75,59660.25,58742.0,59371.75,0.0
2024-08-29 20:01:00+00:00,ETH,2533.05,2544.9,2507.3,2528.15,0.0
2024-08-30 00:00:00+00:00,BTC,59371.75,59596.74999999999,58693.75,59279.5,0.0
2024-08-30 00:00:00+00:00,ETH,2528.15,2536.15,2505.2,2518.1,0.0
2024-08-30 08:00:00+00:00,BTC,59279.5,59924.25,57951.25,58113.5,0.0
2024-08-30 08:00:00+00:00,ETH,2518.1,2550.4,2435.3,2448.55,0.0
2024-08-30 16:00:00+00:00,BTC,58113.5,59380.0,57773.25,58705.75,0.0
2024-08-30 16:00:00+00:00,ETH,2448.55,2540.8,2433.2,2507.65,0.0
2024-09-01 07:00:00+00:00,BTC,58210.0,58487.5,58140.5,58471.75,0.0
2024-09-01 07:00:00+00:00,ETH,2477.3,2488.6,2474.85,2486.5,0.0
2024-09-01 08:00:00+00:00,BTC,58471.75,58512.25,57249.75,58206.0,0.0
2024-09-01 08:00:00+00:00,ETH,2486.5,2493.15,2439.05,2480.5,0.0
2024-09-01 16:00:00+00:00,BTC,58206.0,58757.5,57231.75,57314.0,0.0
2024-09-01 16:00:00+00:00,ETH,2480.5,2515.0,2401.05,2426.65,0.0
2024-09-02 00:00:00+00:00,BTC,57314.0,57972.75,57141.0,57570.25,0.0
2024-09-02 00:00:00+00:00,ETH,2426.65,2465.55,2424.35,2442.25,0.0
2024-09-02 08:00:00+00:00,BTC,57570.25,58803.25,57532.0,58555.75,0.0
2024-09-02 08:00:00+00:00,ETH,2442.25,2535.7,2439.15,2513.85,0.0
2024-09-02 16:00:00+00:00,BTC,58555.75,58747.0,58166.25,58420.0,0.0
2024-09-02 16:00:00+00:00,ETH,2513.85,2538.35,2505.85,2523.5,0.0
2024-09-02 20:01:00+00:00,BTC,58501.75,59406.5,58496.0,59150.0,0.0
2024-09-02 20:01:00+00:00,ETH,2525.1,2563.95,2511.7,2538.8,0.0
2024-09-03 00:00:00+00:00,BTC,59150.0,59806.5,58895.25,59115.5,0.0
2024-09-03 00:00:00+00:00,ETH,2538.8,2552.95,2512.3,2520.75,0.0
2024-09-03 08:00:00+00:00,BTC,59115.5,59358.74999999999,57562.5,57724.5,0.0
2024-09-03 08:00:00+00:00,ETH,2520.75,2521.5,2436.2,2443.8,0.0
2024-09-03 16:00:00+00:00,BTC,57724.5,58243.0,57587.25,58030.25,0.0
2024-09-03 16:00:00+00:00,ETH,2443.8,2469.05,2435.85,2447.6,0.0
2024-09-03 20:01:00+00:00,BTC,58104.75,58242.5,57423.25,57492.25,0.0
2024-09-03 20:01:00+00:00,ETH,2453.45,2470.95,2409.85,2424.95,0.0
2024-09-04 00:00:00+00:00,BTC,57492.25,57958.25,55598.75,56739.75,0.0
2024-09-04 00:00:00+00:00,ETH,2424.95,2449.45,2308.2,2401.95,0.0
2024-09-04 08:00:00+00:00,BTC,56739.75,58146.75,56186.25,58111.0,0.0
2024-09-04 08:00:00+00:00,ETH,2401.95,2458.2,2387.95,2456.2,0.0
2024-09-04 16:00:00+00:00,BTC,58111.0,58523.25,57658.25,58037.0,0.0
2024-09-04 16:00:00+00:00,ETH,2456.2,2490.65,2439.9,2452.6,0.0
2024-09-04 20:01:00+00:00,BTC,58030.25,58383.25,57891.0,57991.5,0.0
2024-09-04 20:01:00+00:00,ETH,2451.1,2469.45,2444.0,2451.4,0.0
2024-09-05 00:00:00+00:00,BTC,57991.5,58312.5,56568.75,57164.25,0.0
2024-09-05 00:00:00+00:00,ETH,2451.4,2466.25,2377.6,2413.0,0.0
2024-09-05 08:00:00+00:00,BTC,57164.25,57264.5,55828.0,55984.0,0.0
2024-09-05 08:00:00+00:00,ETH,2413.0,2416.85,2356.4,2372.0,0.0
2024-09-05 16:00:00+00:00,BTC,55984.0,56715.25,55795.75,56062.75,0.0
2024-09-05 16:00:00+00:00,ETH,2372.0,2395.8,2348.4,2364.05,0.0
2024-09-05 20:01:00+00:00,BTC,56056.0,56265.25,55668.5,56178.25,0.0
2024-09-05 20:01:00+00:00,ETH,2363.8,2378.6,2349.7,2368.65,0.0
2024-09-06 00:00:00+00:00,BTC,56178.25,56847.0,55293.0,55804.5,0.0
2024-09-06 00:00:00+00:00,ETH,2368.65,2408.8,2321.95,2344.35,0.0
2024-09-06 08:00:00+00:00,BTC,55804.5,57006.25,53819.75,54022.5,0.0
2024-09-06 08:00:00+00:00,ETH,2344.35,2406.25,2268.35,2289.25,0.0
2024-09-06 16:00:00+00:00,BTC,54022.5,54418.0,53244.0,53501.75,0.0
2024-09-06 16:00:00+00:00,ETH,2289.25,2292.6,2207.05,2221.4,0.0
2024-09-08 07:00:00+00:00,BTC,54302.25,54529.5,54296.5,54444.5,0.0
2024-09-08 07:00:00+00:00,ETH,2287.7,2300.15,2287.65,2295.3,0.0
2024-09-08 08:00:00+00:00,BTC,54444.5,54706.0,53661.75,53710.0,0.0
2024-09-08 08:00:00+00:00,ETH,2295.3,2310.05,2241.9,2246.7,0.0
2024-09-08 16:00:00+00:00,BTC,53710.0,55300.0,53643.25,54894.25,0.0
2024-09-08 16:00:00+00:00,ETH,2246.7,2332.6,2244.15,2298.1,0.0
2024-09-09 00:00:00+00:00,BTC,54894.25,55354.75,54597.5,54980.0,0.0
2024-09-09 00:00:00+00:00,ETH,2298.1,2321.25,2283.7,2314.6,0.0
2024-09-09 08:00:00+00:00,BTC,54980.0,55780.0,54837.0,55393.75,0.0
2024-09-09 08:00:00+00:00,ETH,2314.6,2339.35,2273.75,2293.35,0.0
2024-09-09 16:00:00+00:00,BTC,55393.75,57175.25,55339.75,57082.0,0.0
2024-09-09 16:00:00+00:00,ETH,2293.35,2367.45,2276.85,2349.25,0.0
2024-09-09 20:01:00+00:00,BTC,56751.0,58069.75,56581.25,57067.75,0.0
2024-09-09 20:01:00+00:00,ETH,2337.7,2380.85,2337.7,2360.8,0.0
2024-09-10 00:00:00+00:00,BTC,57067.75,57278.75,56405.25,57188.5,0.0
2024-09-10 00:00:00+00:00,ETH,2360.8,2365.65,2330.55,2364.15,0.0
2024-09-10 08:00:00+00:00,BTC,57188.5,57440.0,56535.0,56611.25,0.0
2024-09-10 08:00:00+00:00,ETH,2364.15,2372.05,2321.6,2325.95,0.0
2024-09-10 16:00:00+00:00,BTC,56611.25,58039.25,56574.5,57931.25,0.0
2024-09-10 16:00:00+00:00,ETH,2325.95,2390.25,2325.05,2381.55,0.0
2024-09-10 20:01:00+00:00,BTC,57947.0,57985.0,57459.75,57657.0,0.0
2024-09-10 20:01:00+00:00,ETH,2382.25,2398.9,2372.8,2389.6,0.0
2024-09-11 00:00:00+00:00,BTC,57657.0,57757.75,56112.75,56704.25,0.0
2024-09-11 00:00:00+00:00,ETH,2389.6,2390.45,2319.95,2342.15,0.0
2024-09-11 08:00:00+00:00,BTC,56704.25,57160.25,55549.75,56696.75,0.0
2024-09-11 08:00:00+00:00,ETH,2342.15,2354.05,2278.2,2326.8,0.0
2024-09-11 16:00:00+00:00,BTC,56696.75,57991.25,56645.5,57570.75,0.0
2024-09-11 16:00:00+00:00,ETH,2326.8,2368.6,2325.7,2341.55,0.0
2024-09-11 20:01:00+00:00,BTC,57548.25,57666.0,57231.5,57356.75,0.0
2024-09-11 20:01:00+00:00,ETH,2340.75,2352.7,2334.2,2341.45,0.0
2024-09-12 00:00:00+00:00,BTC,57356.75,58484.75,57344.5,58132.75,0.0
2024-09-12 00:00:00+00:00,ETH,2341.45,2390.55,2340.65,2359.7,0.0
2024-09-12 08:00:00+00:00,BTC,58132.75,58538.25,57347.75,57521.75,0.0
2024-09-12 08:00:00+00:00,ETH,2359.7,2366.4,2316.0,2323.65,0.0
2024-09-12 16:00:00+00:00,BTC,57521.75,58445.75,57480.0,58366.25,0.0
2024-09-12 16:00:00+00:00,ETH,2323.65,2361.8,2322.85,2360.9,0.0
2024-09-12 20:01:00+00:00,BTC,58308.5,58352.75,57794.5,58123.5,0.0
2024-09-12 20:01:00+00:00,ETH,2358.75,2372.55,2342.15,2362.25,0.0
2024-09-13 00:00:00+00:00,BTC,58123.5,58240.75,57749.75,58130.75,0.0
2024-09-13 00:00:00+00:00,ETH,2362.25,2364.15,2338.1,2349.7,0.0
2024-09-13 08:00:00+00:00,BTC,58130.75,59725.25000000001,57651.0,59660.99999999999,0.0
2024-09-13 08:00:00+00:00,ETH,2349.7,2411.8,2342.25,2407.3,0.0
2024-09-13 16:00:00+00:00,BTC,59660.99999999999,60009.75,59330.74999999999,59756.5,0.0
2024-09-13 16:00:00+00:00,ETH,2407.3,2428.7,2396.75,2421.95,0.0
2024-09-15 07:00:00+00:00,BTC,60177.75,60226.5,60136.99999999999,60206.25,0.0
2024-09-15 07:00:00+00:00,ETH,2422.15,2426.05,2421.05,2423.6,0.0
2024-09-15 08:00:00+00:00,BTC,60206.25,60381.25000000001,59893.75,60336.0,0.0
2024-09-15 08:00:00+00:00,ETH,2423.6,2424.55,2397.55,2409.75,0.0
2024-09-15 16:00:00+00:00,BTC,60336.0,60347.25000000001,58716.75,59135.75,0.0
2024-09-15 16:00:00+00:00,ETH,2409.75,2410.55,2286.3,2317.15,0.0
2024-09-16 00:00:00+00:00,BTC,59135.75,59216.99999999999,58133.75,58904.75,0.0
2024-09-16 00:00:00+00:00,ETH,2317.15,2322.7,2253.7,2310.7,0.0
2024-09-16 08:00:00+00:00,BTC,58904.75,59153.75,57564.5,57868.5,0.0
2024-09-16 08:00:00+00:00,ETH,2310.7,2334.25,2270.2,2288.15,0.0
2024-09-16 16:00:00+00:00,BTC,57868.5,58233.5,57503.0,57936.75,0.0
2024-09-16 16:00:00+00:00,ETH,2288.15,2345.75,2269.7,2275.1,0.0
2024-09-16 20:01:00+00:00,BTC,57780.75,58391.0,57612.5,58205.25,0.0
2024-09-16 20:01:00+00:00,ETH,2274.95,2302.05,2268.65,2295.8,0.0
2024-09-17 00:00:00+00:00,BTC,58205.25,58749.0,57637.25,58707.75,0.0
2024-09-17 00:00:00+00:00,ETH,2295.8,2311.3,2264.35,2309.6,0.0
2024-09-17 08:00:00+00:00,BTC,58707.75,61319.5,58647.75,61126.74999999999,0.0
2024-09-17 08:00:00+00:00,ETH,2309.6,2394.65,2302.7,2384.9,0.0
2024-09-17 16:00:00+00:00,BTC,61126.74999999999,61256.25,59656.25,59979.00000000001,0.0
2024-09-17 16:00:00+00:00,ETH,2384.9,2391.0,2329.1,2353.85,0.0
2024-09-17 20:01:00+00:00,BTC,59903.5,60425.5,59765.75,60309.5,0.0
2024-09-17 20:01:00+00:00,ETH,2352.15,2363.1,2330.1,2342.75,0.0
2024-09-18 00:00:00+00:00,BTC,60309.5,60754.0,59878.5,60429.75,0.0
2024-09-18 00:00:00+00:00,ETH,2342.75,2342.9,2311.05,2330.45,0.0
2024-09-18 08:00:00+00:00,BTC,60429.75,60435.75,59322.25,59440.5,0.0
2024-09-18 08:00:00+00:00,ETH,2330.45,2330.5,2278.35,2296.65,0.0
2024-09-18 16:00:00+00:00,BTC,59440.5,61329.5,59196.99999999999,60088.99999999999,0.0
2024-09-18 16:00:00+00:00,ETH,2296.65,2363.8,2289.35,2316.35,0.0
2024-09-18 20:01:00+00:00,BTC,59978.0,61767.75,59503.5,61737.5,0.0
2024-09-18 20:01:00+00:00,ETH,2314.25,2375.0,2291.1,2373.45,0.0
2024-09-19 00:00:00+00:00,BTC,61737.5,62571.25000000001,61584.99999999999,62108.99999999999,0.0
2024-09-19 00:00:00+00:00,ETH,2373.45,2441.6,2371.45,2437.3,0.0
2024-09-19 08:00:00+00:00,BTC,62108.99999999999,63511.00000000001,61901.75,63163.00000000001,0.0
2024-09-19 08:00:00+00:00,ETH,2437.3,2451.9,2420.6,2438.95,0.0
2024-09-19 16:00:00+00:00,BTC,63163.00000000001,63874.25,62975.25000000001,63279.5,0.0
2024-09-19 16:00:00+00:00,ETH,2438.95,2493.25,2433.8,2462.1,0.0
2024-09-19 20:01:00+00:00,BTC,63275.00000000001,63282.74999999999,62678.5,62956.0,0.0
2024-09-19 20:01:00+00:00,ETH,2463.65,2479.1,2454.9,2464.65,0.0
2024-09-20 00:00:00+00:00,BTC,62956.0,64105.25000000001,62638.0,63562.74999999999,0.0
2024-09-20 00:00:00+00:00,ETH,2464.65,2570.9,2439.15,2562.65,0.0
2024-09-20 08:00:00+00:00,BTC,63562.74999999999,63702.74999999999,62589.5,63166.25,0.0
2024-09-20 08:00:00+00:00,ETH,2562.65,2568.2,2517.25,2560.05,0.0
2024-09-20 16:00:00+00:00,BTC,63166.25,63270.25,62361.75,62804.74999999999,0.0
2024-09-20 16:00:00+00:00,ETH,2560.05,2567.7,2524.1,2540.25,0.0
2024-09-22 07:00:00+00:00,BTC,62900.0,63000.99999999999,62898.5,62958.25,0.0
2024-09-22 07:00:00+00:00,ETH,2581.8,2589.65,2581.0,2589.4,0.0
2024-09-22 08:00:00+00:00,BTC,62958.25,63047.75,62488.5,62661.25000000001,0.0
2024-09-22 08:00:00+00:00,ETH,2589.4,2597.25,2556.9,2570.65,0.0
2024-09-22 16:00:00+00:00,BTC,62661.25000000001,64005.5,62398.5,63555.00000000001,0.0
2024-09-22 16:00:00+00:00,ETH,2570.65,2592.3,2525.95,2579.9,0.0
2024-09-23 00:00:00+00:00,BTC,63555.00000000001,64736.99999999999,62599.25000000001,63556.25,0.0
2024-09-23 00:00:00+00:00,ETH,2579.9,2685.25,2541.35,2646.75,0.0
2024-09-23 08:00:00+00:00,BTC,63556.25,63773.5,63077.5,63627.5,0.0
2024-09-23 08:00:00+00:00,ETH,2646.75,2685.65,2632.4,2676.5,0.0
2024-09-23 16:00:00+00:00,BTC,63627.5,63824.5,63118.0,63311.75,0.0
2024-09-23 16:00:00+00:00,ETH,2676.5,2704.6,2659.05,2673.15,0.0
2024-09-23 20:01:00+00:00,BTC,63298.5,63508.74999999999,63108.74999999999,63344.5,0.0
2024-09-23 20:01:00+00:00,ETH,2668.75,2674.9,2640.65,2647.9,0.0
2024-09-24 00:00:00+00:00,BTC,63344.5,63548.99999999999,62739.00000000001,63531.25000000001,0.0
2024-09-24 00:00:00+00:00,ETH,2647.9,2652.0,2610.2,2647.35,0.0
2024-09-24 08:00:00+00:00,BTC,63531.25000000001,64090.5,62746.0,63167.5,0.0
2024-09-24 08:00:00+00:00,ETH,2647.35,2666.1,2592.55,2613.2,0.0
2024-09-24 16:00:00+00:00,BTC,63167.5,64395.5,63091.00000000001,64275.5,0.0
2024-09-24 16:00:00+00:00,ETH,2613.2,2655.2,2611.4,2649.85,0.0
2024-09-24 20:01:00+00:00,BTC,64329.25000000001,64673.25000000001,63971.25000000001,64269.25000000001,0.0
2024-09-24 20:01:00+00:00,ETH,2650.7,2671.65,2640.8,2654.45,0.0
2024-09-25 00:00:00+00:00,BTC,64269.25000000001,64814.5,63662.74999999999,63867.25000000001,0.0
2024-09-25 00:00:00+00:00,ETH,2654.45,2672.45,2611.2,2622.45,0.0
2024-09-25 08:00:00+00:00,BTC,63867.25000000001,63990.5,63336.25,63525.5,0.0
2024-09-25 08:00:00+00:00,ETH,2622.45,2631.15,2597.05,2602.1,0.0
2024-09-25 16:00:00+00:00,BTC,63525.5,63687.25000000001,63018.25,63150.25,0.0
2024-09-25 16:00:00+00:00,ETH,2602.1,2610.3,2566.1,2570.85,0.0
2024-09-25 20:01:00+00:00,BTC,63222.74999999999,63562.5,62956.0,63158.25,0.0
2024-09-25 20:01:00+00:00,ETH,2575.1,2585.45,2555.85,2580.2,0.0
2024-09-26 00:00:00+00:00,BTC,63158.25,63840.0,62679.25000000001,63818.5,0.0
2024-09-26 00:00:00+00:00,ETH,2580.2,2633.35,2559.7,2629.5,0.0
2024-09-26 08:00:00+00:00,BTC,63818.5,65572.75,63565.75,65252.0,0.0
2024-09-26 08:00:00+00:00,ETH,2629.5,2663.0,2609.75,2653.1,0.0
2024-09-26 16:00:00+00:00,BTC,65252.0,65832.0,64720.99999999999,64739.5,0.0
2024-09-26 16:00:00+00:00,ETH,2653.1,2666.15,2628.4,2650.3,0.0
2024-09-26 20:01:00+00:00,BTC,64853.25000000001,65258.5,64665.75,65175.25000000001,0.0
2024-09-26 20:01:00+00:00,ETH,2654.0,2655.25,2619.2,2633.25,0.0
2024-09-27 00:00:00+00:00,BTC,65175.25000000001,65573.0,64855.75,65467.00000000001,0.0
2024-09-27 00:00:00+00:00,ETH,2633.25,2667.15,2616.45,2656.85,0.0
2024-09-27 08:00:00+00:00,BTC,65467.00000000001,66486.0,65156.5,66035.75,0.0
2024-09-27 08:00:00+00:00,ETH,2656.85,2699.0,2642.45,2684.5,0.0
2024-09-27 16:00:00+00:00,BTC,66035.75,66369.0,65559.0,65688.0,0.0
2024-09-27 16:00:00+00:00,ETH,2684.5,2727.4,2680.2,2701.4,0.0
2024-09-29 07:00:00+00:00,BTC,65532.99999999999,65592.0,65456.99999999999,65504.99999999999,0.0
2024-09-29 07:00:00+00:00,ETH,2651.15,2655.55,2635.7,2641.5,0.0
2024-09-29 08:00:00+00:00,BTC,65504.99999999999,65841.5,65469.25000000001,65729.25,0.0
2024-09-29 08:00:00+00:00,ETH,2641.5,2669.95,2635.4,2667.15,0.0
2024-09-29 16:00:00+00:00,BTC,65729.25,66059.5,65553.5,65627.0,0.0
2024-09-29 16:00:00+00:00,ETH,2667.15,2672.8,2649.5,2658.95,0.0
2024-09-30 00:00:00+00:00,BTC,65627.0,65645.75,64210.5,64578.25,0.0
2024-09-30 00:00:00+00:00,ETH,2658.95,2664.6,2603.35,2639.0,0.0
2024-09-30 08:00:00+00:00,BTC,64578.25,65104.74999999999,63268.74999999999,63572.74999999999,0.0
2024-09-30 08:00:00+00:00,ETH,2639.0,2643.3,2592.75,2597.15,0.0
2024-09-30 16:00:00+00:00,BTC,63572.74999999999,63746.74999999999,63060.99999999999,63463.00000000001,0.0
2024-09-30 16:00:00+00:00,ETH,2597.15,2610.55,2575.35,2594.2,0.0
2024-09-30 20:01:00+00:00,BTC,63526.25,63864.99999999999,62871.5,63316.0,0.0
2024-09-30 20:01:00+00:00,ETH,2650.35,2650.35,2575.8,2601.9,0.0
2024-10-01 00:00:00+00:00,BTC,63316.0,64102.74999999999,62993.75,64022.25,0.0
2024-10-01 00:00:00+00:00,ETH,2601.9,2656.8,2591.2,2645.85,0.0
2024-10-01 08:00:00+00:00,BTC,64022.25,64084.5,61824.25,62611.00000000001,0.0
2024-10-01 08:00:00+00:00,ETH,2645.85,2647.4,2482.65,2525.05,0.0
2024-10-01 16:00:00+00:00,BTC,62611.00000000001,62769.25000000001,61099.00000000001,61754.0,0.0
2024-10-01 16:00:00+00:00,ETH,2525.05,2531.85,2432.15,2487.9,0.0
2024-10-01 20:01:00+00:00,BTC,61722.0,61765.75,60183.75,60808.0,0.0
2024-10-01 20:01:00+00:00,ETH,2488.75,2492.0,2414.3,2448.35,0.0
2024-10-02 00:00:00+00:00,BTC,60808.0,61908.74999999999,60731.25000000001,61715.25000000001,0.0
2024-10-02 00:00:00+00:00,ETH,2448.35,2498.45,2442.3,2482.25,0.0
2024-10-02 08:00:00+00:00,BTC,61715.25000000001,61943.25000000001,60564.74999999999,61867.25000000001,0.0
2024-10-02 08:00:00+00:00,ETH,2482.25,2487.6,2419.1,2460.6,0.0
2024-10-02 16:00:00+00:00,BTC,61867.25000000001,63788.0,60010.25,60209.5,0.0
2024-10-02 16:00:00+00:00,ETH,2460.6,2478.4,2368.6,2372.65,0.0
2024-10-02 20:01:00+00:00,BTC,60267.5,60963.5,60111.00000000001,60647.25000000001,0.0
2024-10-02 20:01:00+00:00,ETH,2377.5,2391.5,2353.1,2364.8,0.0
2024-10-03 00:00:00+00:00,BTC,60647.25000000001,61459.25000000001,60527.25000000001,60938.25,0.0
2024-10-03 00:00:00+00:00,ETH,2364.8,2403.65,2353.35,2365.55,0.0
2024-10-03 08:00:00+00:00,BTC,60938.25,61047.5,59869.5,60606.5,0.0
2024-10-03 08:00:00+00:00,ETH,2365.55,2369.95,2310.75,2340.8,0.0
2024-10-03 16:00:00+00:00,BTC,60606.5,61034.5,59935.75,61003.25000000001,0.0
2024-10-03 16:00:00+00:00,ETH,2340.8,2354.45,2312.7,2353.45,0.0
2024-10-03 20:01:00+00:00,BTC,60980.99999999999,61084.99999999999,60626.0,60767.25000000001,0.0
2024-10-03 20:01:00+00:00,ETH,2353.1,2358.4,2333.8,2350.7,0.0
2024-10-04 00:00:00+00:00,BTC,60767.25000000001,61475.75,60475.25000000001,61412.5,0.0
2024-10-04 00:00:00+00:00,ETH,2350.7,2388.2,2339.85,2381.65,0.0
2024-10-04 08:00:00+00:00,BTC,61412.5,61988.74999999999,60801.75,61833.75,0.0
2024-10-04 08:00:00+00:00,ETH,2381.65,2416.7,2353.0,2415.45,0.0
2024-10-04 16:00:00+00:00,BTC,61833.75,63096.74999999999,61485.75,62362.74999999999,0.0
2024-10-04 16:00:00+00:00,ETH,2415.45,2441.15,2374.7,2429.6,0.0
2024-10-06 07:00:00+00:00,BTC,61972.25,62006.25,61943.75,61950.5,0.0
2024-10-06 07:00:00+00:00,ETH,2416.0,2419.55,2415.9,2417.05,0.0
2024-10-06 08:00:00+00:00,BTC,61950.5,62745.25000000001,61924.74999999999,62686.0,0.0
2024-10-06 08:00:00+00:00,ETH,2417.05,2456.35,2415.95,2446.7,0.0
2024-10-06 16:00:00+00:00,BTC,62686.0,62976.25,62318.5,62799.75,0.0
2024-10-06 16:00:00+00:00,ETH,2446.7,2452.9,2416.3,2439.6,0.0
2024-10-07 00:00:00+00:00,BTC,62799.75,63948.25,62446.25,63538.25,0.0
2024-10-07 00:00:00+00:00,ETH,2439.6,2511.75,2436.15,2481.15,0.0
2024-10-07 08:00:00+00:00,BTC,63538.25,64438.74999999999,62652.74999999999,63653.5,0.0
2024-10-07 08:00:00+00:00,ETH,2481.15,2519.4,2426.3,2474.6,0.0
2024-10-07 16:00:00+00:00,BTC,63653.5,63885.75,62741.75,63378.0,0.0
2024-10-07 16:00:00+00:00,ETH,2474.6,2481.6,2420.95,2445.05,0.0
2024-10-07 20:01:00+00:00,BTC,63211.75,63383.75,62092.74999999999,62235.5,0.0
2024-10-07 20:01:00+00:00,ETH,2510.55,2510.6,2404.1,2422.55,0.0
2024-10-08 00:00:00+00:00,BTC,62235.5,63232.74999999999,62014.5,62319.25000000001,0.0
2024-10-08 00:00:00+00:00,ETH,2422.55,2447.7,2410.75,2428.7,0.0
2024-10-08 08:00:00+00:00,BTC,62319.25000000001,63397.5,61861.5,62282.5,0.0
2024-10-08 08:00:00+00:00,ETH,2428.7,2453.25,2400.8,2419.4,0.0
2024-10-08 16:00:00+00:00,BTC,62282.5,63237.25000000001,61838.0,62188.5,0.0
2024-10-08 16:00:00+00:00,ETH,2419.4,2455.4,2410.7,2438.95,0.0
2024-10-08 20:01:00+00:00,BTC,62249.25000000001,63185.5,61942.0,62140.25,0.0
2024-10-08 20:01:00+00:00,ETH,2438.6,2464.85,2433.25,2440.4,0.0
2024-10-09 00:00:00+00:00,BTC,62140.25,62813.75,61980.5,62253.5,0.0
2024-10-09 00:00:00+00:00,ETH,2440.4,2490.05,2426.7,2435.65,0.0
2024-10-09 08:00:00+00:00,BTC,62253.5,62561.25000000001,61586.5,62261.5,0.0
2024-10-09 08:00:00+00:00,ETH,2435.65,2485.35,2421.25,2460.3,0.0
2024-10-09 16:00:00+00:00,BTC,62261.5,62299.25000000001,60788.99999999999,60975.5,0.0
2024-10-09 16:00:00+00:00,ETH,2460.3,2467.1,2405.75,2416.8,0.0
2024-10-09 20:01:00+00:00,BTC,60968.0,62058.74999999999,60264.5,60580.99999999999,0.0
2024-10-09 20:01:00+00:00,ETH,2415.0,2455.25,2349.8,2369.3,0.0
2024-10-10 00:00:00+00:00,BTC,60580.99999999999,62138.74999999999,60316.99999999999,60856.74999999999,0.0
2024-10-10 00:00:00+00:00,ETH,2369.3,2450.3,2365.25,2394.15,0.0
2024-10-10 08:00:00+00:00,BTC,60856.74999999999,62060.5,60398.25,60740.25,0.0
2024-10-10 08:00:00+00:00,ETH,2394.15,2415.1,2366.85,2401.25,0.0
2024-10-10 16:00:00+00:00,BTC,60740.25,61236.99999999999,58880.25,59671.5,0.0
2024-10-10 16:00:00+00:00,ETH,2401.25,2419.85,2328.2,2365.1,0.0
2024-10-10 20:01:00+00:00,BTC,59700.5,60729.75,59527.5,60278.74999999999,0.0
2024-10-10 20:01:00+00:00,ETH,2365.45,2403.7,2356.35,2385.0,0.0
2024-10-11 00:00:00+00:00,BTC,60278.74999999999,60880.74999999999,60041.25000000001,60642.25,0.0
2024-10-11 00:00:00+00:00,ETH,2385.0,2421.55,2380.5,2406.6,0.0
2024-10-11 08:00:00+00:00,BTC,60642.25,62730.25,60616.74999999999,62235.25000000001,0.0
2024-10-11 08:00:00+00:00,ETH,2406.6,2475.7,2401.45,2444.2,0.0
2024-10-11 16:00:00+00:00,BTC,62235.25000000001,63598.0,62116.74999999999,63096.5,0.0
2024-10-11 16:00:00+00:00,ETH,2444.2,2472.45,2433.85,2462.0,0.0
2024-10-13 07:00:00+00:00,BTC,62882.74999999999,62914.25,62719.75,62839.25000000001,0.0
2024-10-13 07:00:00+00:00,ETH,2465.5,2467.75,2460.1,2465.45,0.0
2024-10-13 08:00:00+00:00,BTC,62839.25000000001,62977.75,62039.00000000001,62226.25,0.0
2024-10-13 08:00:00+00:00,ETH,2465.45,2471.6,2436.65,2441.1,0.0
2024-10-13 16:00:00+00:00,BTC,62226.25,63261.75,62173.75,62820.0,0.0
2024-10-13 16:00:00+00:00,ETH,2441.1,2554.55,2438.0,2468.15,0.0
2024-10-14 00:00:00+00:00,BTC,62820.0,64623.75,62437.75,64579.25000000001,0.0
2024-10-14 00:00:00+00:00,ETH,2468.15,2581.0,2443.1,2533.35,0.0
2024-10-14 08:00:00+00:00,BTC,64579.25000000001,66277.75,63298.74999999999,65864.75,0.0
2024-10-14 08:00:00+00:00,ETH,2533.35,2671.75,2477.7,2633.35,0.0
2024-10-14 16:00:00+00:00,BTC,65864.75,66086.0,65160.5,65931.25,0.0
2024-10-14 16:00:00+00:00,ETH,2633.35,2640.35,2614.35,2620.05,0.0
2024-10-14 20:01:00+00:00,BTC,65452.74999999999,66498.5,65320.0,66069.25,0.0
2024-10-14 20:01:00+00:00,ETH,2623.5,2675.0,2615.1,2629.9,0.0
2024-10-15 00:00:00+00:00,BTC,66069.25,66327.25,65191.75,65632.0,0.0
2024-10-15 00:00:00+00:00,ETH,2629.9,2670.95,2588.45,2615.5,0.0
2024-10-15 08:00:00+00:00,BTC,65632.0,67933.25,64793.5,65967.75,0.0
2024-10-15 08:00:00+00:00,ETH,2615.5,2690.85,2478.3,2573.5,0.0
2024-10-15 16:00:00+00:00,BTC,65967.75,67566.5,65700.5,66943.0,0.0
2024-10-15 16:00:00+00:00,ETH,2573.5,2655.9,2484.05,2592.85,0.0
2024-10-15 20:01:00+00:00,BTC,66903.0,67195.25,65978.25,67018.75,0.0
2024-10-15 20:01:00+00:00,ETH,2591.7,2657.15,2485.5,2606.4,0.0
2024-10-16 00:00:00+00:00,BTC,67018.75,67710.75,66743.75,66997.25,0.0
2024-10-16 00:00:00+00:00,ETH,2606.4,2664.9,2588.65,2607.4,0.0
2024-10-16 08:00:00+00:00,BTC,66997.25,68399.25,66908.25,67745.5,0.0
2024-10-16 08:00:00+00:00,ETH,2607.4,2676.55,2583.55,2608.05,0.0
2024-10-16 16:00:00+00:00,BTC,67745.5,68158.75,66424.0,67737.75,0.0
2024-10-16 16:00:00+00:00,ETH,2608.05,2629.45,2582.05,2615.25,0.0
2024-10-16 20:01:00+00:00,BTC,67721.5,68111.75,66760.75,67633.25,0.0
2024-10-16 20:01:00+00:00,ETH,2616.0,2628.0,2609.2,2611.55,0.0
2024-10-17 00:00:00+00:00,BTC,67633.25,67997.5,67067.75,67327.5,0.0
2024-10-17 00:00:00+00:00,ETH,2611.55,2677.15,2591.5,2627.95,0.0
2024-10-17 08:00:00+00:00,BTC,67327.5,67937.25,65447.25000000001,67557.5,0.0
2024-10-17 08:00:00+00:00,ETH,2627.95,2658.3,2583.0,2630.45,0.0
2024-10-17 16:00:00+00:00,BTC,67557.5,67731.0,65813.0,66850.75,0.0
2024-10-17 16:00:00+00:00,ETH,2630.45,2632.05,2575.05,2595.8,0.0
2024-10-17 20:01:00+00:00,BTC,66886.25,67467.0,66862.25,67376.0,0.0
2024-10-17 20:01:00+00:00,ETH,2597.55,2615.0,2595.95,2606.1,0.0
2024-10-18 00:00:00+00:00,BTC,67376.0,68360.25,67161.5,67935.75,0.0
2024-10-18 00:00:00+00:00,ETH,2606.1,2674.1,2592.8,2642.1,0.0
2024-10-18 08:00:00+00:00,BTC,67935.75,68884.75,67427.25,68705.25,0.0
2024-10-18 08:00:00+00:00,ETH,2642.1,2680.8,2594.4,2653.8,0.0
2024-10-18 16:00:00+00:00,BTC,68705.25,69031.25,68357.5,68608.0,0.0
2024-10-18 16:00:00+00:00,ETH,2653.8,2681.6,2629.8,2652.05,0.0
2024-10-20 07:00:00+00:00,BTC,68384.25,68426.25,68354.5,68372.75,0.0
2024-10-20 07:00:00+00:00,ETH,2649.95,2650.55,2644.9,2646.2,0.0
2024-10-20 08:00:00+00:00,BTC,68372.75,68759.5,68216.75,68585.75,0.0
2024-10-20 08:00:00+00:00,ETH,2646.2,2719.9,2626.75,2705.15,0.0
2024-10-20 16:00:00+00:00,BTC,68585.75,69384.75,68215.5,68988.75,0.0
2024-10-20 16:00:00+00:00,ETH,2705.15,2758.25,2628.95,2745.55,0.0
2024-10-21 00:00:00+00:00,BTC,68988.75,69505.75,68459.0,68510.75,0.0
2024-10-21 00:00:00+00:00,ETH,2745.55,2788.0,2720.25,2722.05,0.0
2024-10-21 08:00:00+00:00,BTC,68510.75,68664.75,66763.5,67327.5,0.0
2024-10-21 08:00:00+00:00,ETH,2722.05,2746.0,2615.6,2679.15,0.0
2024-10-21 16:00:00+00:00,BTC,67327.5,68493.25,66867.75,67743.5,0.0
2024-10-21 16:00:00+00:00,ETH,2679.15,2746.55,2653.95,2678.95,0.0
2024-10-21 20:01:00+00:00,BTC,68402.75,68524.0,67348.25,67380.5,0.0
2024-10-21 20:01:00+00:00,ETH,2725.25,2744.9,2664.45,2666.75,0.0
2024-10-22 00:00:00+00:00,BTC,67380.5,68611.5,66548.5,67373.0,0.0
2024-10-22 00:00:00+00:00,ETH,2666.75,2732.35,2614.55,2646.2,0.0
2024-10-22 08:00:00+00:00,BTC,67373.0,68438.25,66606.0,67229.75,0.0
2024-10-22 08:00:00+00:00,ETH,2646.2,2725.8,2589.15,2624.55,0.0
2024-10-22 16:00:00+00:00,BTC,67229.75,67903.75,66881.0,67441.75,0.0
2024-10-22 16:00:00+00:00,ETH,2624.55,2634.35,2604.7,2627.85,0.0
2024-10-22 20:01:00+00:00,BTC,67419.25,67805.75,67262.5,67391.75,0.0
2024-10-22 20:01:00+00:00,ETH,2627.2,2721.8,2617.05,2621.65,0.0
2024-10-23 00:00:00+00:00,BTC,67391.75,67732.75,66751.75,66815.75,0.0
2024-10-23 00:00:00+00:00,ETH,2621.65,2716.5,2584.9,2602.0,0.0
2024-10-23 08:00:00+00:00,BTC,66815.75,67544.75,65871.75,66135.5,0.0
2024-10-23 08:00:00+00:00,ETH,2602.0,2707.5,2527.85,2538.85,0.0
2024-10-23 16:00:00+00:00,BTC,66135.5,66479.75,65173.5,66369.5,0.0
2024-10-23 16:00:00+00:00,ETH,2538.85,2675.2,2437.1,2509.8,0.0
2024-10-23 20:01:00+00:00,BTC,66327.5,66838.75,65928.25,66611.5,0.0
2024-10-23 20:01:00+00:00,ETH,2507.15,2525.5,2498.75,2520.9,0.0
2024-10-24 00:00:00+00:00,BTC,66611.5,67717.5,66453.25,67043.5,0.0
2024-10-24 00:00:00+00:00,ETH,2520.9,2620.45,2506.15,2541.45,0.0
2024-10-24 08:00:00+00:00,BTC,67043.5,68012.75,66676.0,67634.5,0.0
2024-10-24 08:00:00+00:00,ETH,2541.45,2617.45,2505.5,2524.15,0.0
2024-10-24 16:00:00+00:00,BTC,67634.5,68289.0,67292.75,68256.75,0.0
2024-10-24 16:00:00+00:00,ETH,2524.15,2551.4,2505.65,2538.6,0.0
2024-10-24 20:01:00+00:00,BTC,68262.0,68808.0,67947.25,68177.25,0.0
2024-10-24 20:01:00+00:00,ETH,2538.15,2558.25,2524.95,2535.35,0.0
2024-10-25 00:00:00+00:00,BTC,68177.25,68485.0,67221.25,67517.0,0.0
2024-10-25 00:00:00+00:00,ETH,2535.35,2544.05,2460.55,2482.95,0.0
2024-10-25 08:00:00+00:00,BTC,67517.0,68749.5,67284.75,67670.25,0.0
2024-10-25 08:00:00+00:00,ETH,2482.95,2626.55,2477.6,2522.45,0.0
2024-10-25 16:00:00+00:00,BTC,67670.25,67837.25,65853.25,66720.25,0.0
2024-10-25 16:00:00+00:00,ETH,2522.45,2618.0,2450.3,2472.85,0.0
2024-10-27 07:00:00+00:00,BTC,67099.0,67141.0,67092.75,67120.0,0.0
2024-10-27 07:00:00+00:00,ETH,2476.7,2481.45,2475.95,2478.95,0.0
2024-10-27 08:00:00+00:00,BTC,67120.0,67809.75,66947.75,67702.5,0.0
2024-10-27 08:00:00+00:00,ETH,2478.95,2529.6,2456.7,2498.55,0.0
2024-10-27 16:00:00+00:00,BTC,67702.5,68247.5,67470.5,67928.75,0.0
2024-10-27 16:00:00+00:00,ETH,2498.55,2531.75,2483.1,2505.05,0.0
2024-10-28 00:00:00+00:00,BTC,67928.75,68590.5,67555.75,68320.0,0.0
2024-10-28 00:00:00+00:00,ETH,2505.05,2538.55,2468.65,2509.05,0.0
2024-10-28 08:00:00+00:00,BTC,68320.0,69234.75,68137.25,68457.5,0.0
2024-10-28 08:00:00+00:00,ETH,2509.05,2613.85,2451.4,2499.5,0.0
2024-10-28 16:00:00+00:00,BTC,68457.5,69884.5,68406.75,69612.25,0.0
2024-10-28 16:00:00+00:00,ETH,2499.5,2583.5,2449.9,2505.8,0.0
2024-10-28 20:01:00+00:00,BTC,69630.75,70235.0,69381.25,69900.5,0.0
2024-10-28 20:01:00+00:00,ETH,2477.75,2599.7,2477.75,2565.65,0.0
2024-10-29 00:00:00+00:00,BTC,69900.5,71639.25,69715.75,70967.5,0.0
2024-10-29 00:00:00+00:00,ETH,2565.65,2629.45,2559.8,2611.6,0.0
2024-10-29 08:00:00+00:00,BTC,70967.5,72429.25,70894.75,72410.0,0.0
2024-10-29 08:00:00+00:00,ETH,2611.6,2649.95,2609.5,2648.15,0.0
2024-10-29 16:00:00+00:00,BTC,72410.0,73725.5,72081.25,72548.75,0.0
2024-10-29 16:00:00+00:00,ETH,2648.15,2693.4,2583.8,2625.45,0.0
2024-10-29 20:01:00+00:00,BTC,72648.0,72961.25,71864.5,72723.5,0.0
2024-10-29 20:01:00+00:00,ETH,2628.15,2648.55,2606.5,2638.85,0.0
2024-10-30 00:00:00+00:00,BTC,72723.5,72788.5,71525.0,72236.0,0.0
2024-10-30 00:00:00+00:00,ETH,2638.85,2683.2,2568.8,2667.25,0.0
2024-10-30 08:00:00+00:00,BTC,72236.0,72619.75,71246.25,72040.0,0.0
2024-10-30 08:00:00+00:00,ETH,2667.25,2734.7,2589.6,2683.45,0.0
2024-10-30 16:00:00+00:00,BTC,72040.0,72452.75,71642.25,71800.75,0.0
2024-10-30 16:00:00+00:00,ETH,2683.45,2715.05,2653.1,2655.55,0.0
2024-10-30 20:01:00+00:00,BTC,71788.75,72947.5,71638.0,72351.0,0.0
2024-10-30 20:01:00+00:00,ETH,2651.9,2713.0,2635.7,2659.3,0.0
2024-10-31 00:00:00+00:00,BTC,72351.0,72578.0,72014.25,72406.25,0.0
2024-10-31 00:00:00+00:00,ETH,2659.3,2696.8,2630.8,2646.3,0.0
2024-10-31 08:00:00+00:00,BTC,72406.25,72678.75,70340.0,70596.25,0.0
2024-10-31 08:00:00+00:00,ETH,2646.3,2689.2,2541.15,2562.4,0.0
2024-10-31 16:00:00+00:00,BTC,70596.25,71847.5,69929.25,70003.0,0.0
2024-10-31 16:00:00+00:00,ETH,2562.4,2563.3,2504.75,2511.0,0.0
2024-10-31 20:01:00+00:00,BTC,70054.0,71689.0,69605.0,70219.75,0.0
2024-10-31 20:01:00+00:00,ETH,2515.05,2633.2,2500.15,2516.25,0.0
2024-11-01 00:00:00+00:00,BTC,70219.75,71262.75,68768.25,69223.0,0.0
2024-11-01 00:00:00+00:00,ETH,2516.25,2638.95,2465.5,2502.25,0.0
2024-11-01 08:00:00+00:00,BTC,69223.0,71849.75,68943.5,69379.75,0.0
2024-11-01 08:00:00+00:00,ETH,2502.25,2664.0,2481.25,2500.15,0.0
2024-11-01 16:00:00+00:00,BTC,69379.75,71306.25,68685.0,69250.75,0.0
2024-11-01 16:00:00+00:00,ETH,2500.15,2636.85,2494.05,2512.1,0.0
2024-11-03 08:00:00+00:00,BTC,68364.5,68849.5,67447.25,68081.5,0.0
2024-11-03 08:00:00+00:00,ETH,2449.45,2604.65,2412.85,2442.15,0.0
2024-11-03 16:00:00+00:00,BTC,68081.5,69321.75,67686.25,68742.5,0.0
2024-11-03 16:00:00+00:00,ETH,2442.15,2558.7,2409.95,2456.95,0.0
2024-11-04 00:00:00+00:00,BTC,68742.5,69451.0,68214.25,68576.0,0.0
2024-11-04 00:00:00+00:00,ETH,2456.95,2567.85,2434.3,2458.55,0.0
2024-11-04 08:00:00+00:00,BTC,68576.0,69274.5,68168.5,68634.25,0.0
2024-11-04 08:00:00+00:00,ETH,2458.55,2563.75,2430.85,2442.2,0.0
2024-11-04 16:00:00+00:00,BTC,68634.25,69503.75,67210.0,67292.75,0.0
2024-11-04 16:00:00+00:00,ETH,2442.2,2553.1,2403.75,2420.85,0.0
2024-11-04 21:01:00+00:00,BTC,67898.5,68059.5,66792.0,67781.5,0.0
2024-11-04 21:01:00+00:00,ETH,2426.0,2431.5,2355.95,2397.35,0.0
2024-11-05 00:00:00+00:00,BTC,67781.5,68940.25,67447.25,68836.5,0.0
2024-11-05 00:00:00+00:00,ETH,2397.35,2448.5,2379.15,2440.75,0.0
2024-11-05 08:00:00+00:00,BTC,68836.5,70333.0,68289.75,69643.25,0.0
2024-11-05 08:00:00+00:00,ETH,2440.75,2606.05,2398.45,2441.75,0.0
2024-11-05 16:00:00+00:00,BTC,69643.25,70544.5,68755.25,69448.75,0.0
2024-11-05 16:00:00+00:00,ETH,2441.75,2609.3,2401.7,2426.95,0.0
2024-11-05 21:01:00+00:00,BTC,69487.75,70144.25,68902.0,69406.25,0.0
2024-11-05 21:01:00+00:00,ETH,2428.95,2588.05,2407.7,2423.2,0.0
2024-11-06 00:00:00+00:00,BTC,69406.25,75664.0,69298.5,73422.5,0.0
2024-11-06 00:00:00+00:00,ETH,2423.2,2693.85,2420.35,2595.6,0.0
2024-11-06 08:00:00+00:00,BTC,73422.5,75160.5,72719.0,74369.25,0.0
2024-11-06 08:00:00+00:00,ETH,2595.6,2697.1,2571.8,2636.7,0.0
2024-11-06 16:00:00+00:00,BTC,74369.25,76627.0,73584.5,76204.0,0.0
2024-11-06 16:00:00+00:00,ETH,2636.7,2718.6,2635.2,2692.75,0.0
2024-11-06 21:01:00+00:00,BTC,76084.75,76304.5,75602.75,75677.25,0.0
2024-11-06 21:01:00+00:00,ETH,2688.55,2747.4,2686.15,2723.85,0.0
2024-11-07 00:00:00+00:00,BTC,75677.25,76163.75,74043.5,74816.75,0.0
2024-11-07 00:00:00+00:00,ETH,2723.85,2883.05,2676.4,2820.3,0.0
2024-11-07 08:00:00+00:00,BTC,74816.75,76141.5,74048.0,76110.5,0.0
2024-11-07 08:00:00+00:00,ETH,2820.3,2855.9,2707.45,2848.1,0.0
2024-11-07 16:00:00+00:00,BTC,76110.5,76984.0,74754.25,76529.5,0.0
2024-11-07 16:00:00+00:00,ETH,2848.1,2916.4,2624.5,2900.55,0.0
2024-11-07 21:01:00+00:00,BTC,76510.0,76708.75,75273.25,75949.75,0.0
2024-11-07 21:01:00+00:00,ETH,2902.5,2920.25,2860.1,2898.3,0.0
2024-11-08 00:00:00+00:00,BTC,75949.75,76436.0,75381.25,76268.0,0.0
2024-11-08 00:00:00+00:00,ETH,2898.3,2964.65,2877.8,2917.15,0.0
2024-11-08 08:00:00+00:00,BTC,76268.0,76666.0,75484.25,76470.0,0.0
2024-11-08 08:00:00+00:00,ETH,2917.15,2972.35,2867.7,2938.3,0.0
2024-11-08 16:00:00+00:00,BTC,76470.0,77300.0,75874.25,76696.75,0.0
2024-11-08 16:00:00+00:00,ETH,2938.3,2985.25,2878.9,2938.9,0.0
2024-11-10 08:00:00+00:00,BTC,78884.25,80161.0,78879.75,79729.25,0.0
2024-11-10 08:00:00+00:00,ETH,3188.45,3240.6,3170.5,3210.8,0.0
2024-11-10 16:00:00+00:00,BTC,79729.25,81601.0,78534.25,80452.0,0.0
2024-11-10 16:00:00+00:00,ETH,3210.8,3254.35,3071.15,3186.15,0.0
2024-11-11 00:00:00+00:00,BTC,80452.0,81940.25,80259.75,81196.25,0.0
2024-11-11 00:00:00+00:00,ETH,3186.15,3253.25,3108.75,3143.3,0.0
2024-11-11 08:00:00+00:00,BTC,81196.25,85105.25,80542.75,84147.5,0.0
2024-11-11 08:00:00+00:00,ETH,3143.3,3370.8,2753.5,3240.5,0.0
2024-11-11 16:00:00+00:00,BTC,84147.5,88072.75,82055.25,87080.75,0.0
2024-11-11 16:00:00+00:00,ETH,3240.5,3503.65,2871.3,3361.0,0.0
2024-11-11 21:01:00+00:00,BTC,87066.25,89770.5,86535.75,88752.75,0.0
2024-11-11 21:01:00+00:00,ETH,3354.3,3395.9,3285.95,3374.6,0.0
2024-11-12 00:00:00+00:00,BTC,88752.75,90037.0,86720.75,89117.0,0.0
2024-11-12 00:00:00+00:00,ETH,3374.6,3462.0,3024.25,3373.35,0.0
2024-11-12 08:00:00+00:00,BTC,89117.0,89508.25,85069.5,86713.5,0.0
2024-11-12 08:00:00+00:00,ETH,3373.35,3476.4,3208.9,3262.55,0.0
2024-11-12 16:00:00+00:00,BTC,86713.5,90006.75,85807.5,89572.0,0.0
2024-11-12 16:00:00+00:00,ETH,3262.55,3311.3,3210.6,3290.9,0.0
2024-11-12 21:01:00+00:00,BTC,89668.0,89830.25,86708.25,88092.25,0.0
2024-11-12 21:01:00+00:00,ETH,3291.35,3296.35,3230.9,3249.55,0.0
2024-11-13 00:00:00+00:00,BTC,88092.25,89256.25,86277.0,87546.5,0.0
2024-11-13 00:00:00+00:00,ETH,3249.55,3295.05,3121.8,3165.05,0.0
2024-11-13 08:00:00+00:00,BTC,87546.5,93171.5,87213.75,92780.75,0.0
2024-11-13 08:00:00+00:00,ETH,3165.05,3423.0,3145.45,3317.05,0.0
2024-11-13 16:00:00+00:00,BTC,92780.75,93651.5,89362.0,89828.25,0.0
2024-11-13 16:00:00+00:00,ETH,3317.05,3339.3,3131.7,3174.0,0.0
2024-11-13 21:01:00+00:00,BTC,89831.0,91927.0,88100.5,90461.5,0.0
2024-11-13 21:01:00+00:00,ETH,3173.2,3231.35,3122.45,3191.7,0.0
2024-11-14 00:00:00+00:00,BTC,90461.5,91912.5,89173.25,90858.5,0.0
2024-11-14 00:00:00+00:00,ETH,3191.7,3244.65,3167.8,3220.35,0.0
2024-11-14 08:00:00+00:00,BTC,90858.5,92071.75,87876.25,88010.5,0.0
2024-11-14 08:00:00+00:00,ETH,3220.35,3232.65,3060.8,3080.7,0.0
2024-11-14 16:00:00+00:00,BTC,88010.5,90618.25,87567.5,87623.25,0.0
2024-11-14 16:00:00+00:00,ETH,3080.7,3214.2,3071.9,3099.8,0.0
2024-11-14 21:01:00+00:00,BTC,87628.75,89704.0,86704.0,87357.25,0.0
2024-11-14 21:01:00+00:00,ETH,3103.35,3150.7,3030.75,3059.45,0.0
2024-11-15 00:00:00+00:00,BTC,87357.25,89905.0,87116.75,87704.25,0.0
2024-11-15 00:00:00+00:00,ETH,3059.45,3151.1,3016.4,3042.45,0.0
2024-11-15 08:00:00+00:00,BTC,87704.25,90852.0,87432.0,88378.0,0.0
2024-11-15 08:00:00+00:00,ETH,3042.45,3161.8,3014.8,3025.4,0.0
2024-11-15 16:00:00+00:00,BTC,88378.0,91536.25,88301.75,91443.75,0.0
2024-11-15 16:00:00+00:00,ETH,3025.4,3131.0,3016.15,3092.2,0.0
2024-11-17 08:00:00+00:00,BTC,90511.25,91452.0,89951.5,90281.5,0.0
2024-11-17 08:00:00+00:00,ETH,3136.85,3171.75,3068.4,3086.55,0.0
2024-11-17 16:00:00+00:00,BTC,90281.5,90744.75,88747.75,89876.25,0.0
2024-11-17 16:00:00+00:00,ETH,3086.55,3174.4,3043.6,3077.55,0.0
2024-11-18 00:00:00+00:00,BTC,89876.25,92259.75,89642.25,90687.0,0.0
2024-11-18 00:00:00+00:00,ETH,3077.55,3149.9,3069.85,3131.95,0.0
2024-11-18 08:00:00+00:00,BTC,90687.0,92647.25,89410.0,92347.0,0.0
2024-11-18 08:00:00+00:00,ETH,3131.95,3194.25,3051.35,3145.4,0.0
2024-11-18 16:00:00+00:00,BTC,92347.0,92594.5,89755.0,91598.5,0.0
2024-11-18 16:00:00+00:00,ETH,3145.4,3230.05,3071.95,3158.8,0.0
2024-11-18 21:01:00+00:00,BTC,90923.25,91955.5,90319.0,90557.75,0.0
2024-11-18 21:01:00+00:00,ETH,3134.25,3241.7,3134.25,3208.2,0.0
2024-11-19 00:00:00+00:00,BTC,90557.75,92078.75,90437.5,91646.5,0.0
2024-11-19 00:00:00+00:00,ETH,3208.2,3223.65,3072.95,3121.4,0.0
2024-11-19 08:00:00+00:00,BTC,91646.5,92854.5,91049.5,92433.5,0.0
2024-11-19 08:00:00+00:00,ETH,3121.4,3151.9,3078.1,3108.1,0.0
2024-11-19 16:00:00+00:00,BTC,92433.5,94042.5,92255.25,92611.75,0.0
2024-11-19 16:00:00+00:00,ETH,3108.1,3200.55,3089.1,3105.1,0.0
2024-11-19 21:01:00+00:00,BTC,92693.25,92895.5,91477.5,92399.25,0.0
2024-11-19 21:01:00+00:00,ETH,3110.5,3188.7,3070.65,3111.5,0.0
2024-11-20 00:00:00+00:00,BTC,92399.25,92965.0,91649.75,92909.0,0.0
2024-11-20 00:00:00+00:00,ETH,3111.5,3169.5,3075.8,3112.3,0.0
2024-11-20 08:00:00+00:00,BTC,92909.0,94917.5,92784.5,94820.5,0.0
2024-11-20 08:00:00+00:00,ETH,3112.3,3162.05,3085.15,3133.45,0.0
2024-11-20 16:00:00+00:00,BTC,94820.5,94955.5,93274.75,94333.25,0.0
2024-11-20 16:00:00+00:00,ETH,3133.45,3138.15,3032.6,3075.4,0.0
2024-11-20 21:01:00+00:00,BTC,94374.75,94618.5,93867.5,94394.25,0.0
2024-11-20 21:01:00+00:00,ETH,3074.4,3095.6,3065.5,3072.75,0.0
2024-11-21 00:00:00+00:00,BTC,94394.25,97952.75,94147.5,96966.75,0.0
2024-11-21 00:00:00+00:00,ETH,3072.75,3145.5,3035.8,3138.65,0.0
2024-11-21 08:00:00+00:00,BTC,96966.75,98388.75,95642.0,96717.0,0.0
2024-11-21 08:00:00+00:00,ETH,3138.65,3373.05,3119.35,3278.7,0.0
2024-11-21 16:00:00+00:00,BTC,96717.0,99094.25,96328.25,98243.75,0.0
2024-11-21 16:00:00+00:00,ETH,3278.7,3390.55,3278.5,3352.1,0.0
2024-11-21 21:01:00+00:00,BTC,98013.0,98953.75,97680.0,98442.75,0.0
2024-11-21 21:01:00+00:00,ETH,3352.6,3383.3,3338.6,3360.55,0.0
2024-11-22 00:00:00+00:00,BTC,98442.75,99567.0,97954.5,99319.25,0.0
2024-11-22 00:00:00+00:00,ETH,3360.55,3430.05,3309.1,3367.35,0.0
2024-11-22 08:00:00+00:00,BTC,99319.25,99411.25,97227.5,98804.5,0.0
2024-11-22 08:00:00+00:00,ETH,3367.35,3387.0,3262.75,3318.05,0.0
2024-11-22 16:00:00+00:00,BTC,98804.5,99771.25,98354.5,99314.75,0.0
2024-11-22 16:00:00+00:00,ETH,3318.05,3337.3,3268.55,3294.65,0.0
2024-11-24 08:00:00+00:00,BTC,98538.0,98564.25,95960.25,95970.75,0.0
2024-11-24 08:00:00+00:00,ETH,3426.1,3432.8,3286.25,3296.45,0.0
2024-11-24 16:00:00+00:00,BTC,95970.75,98477.5,95791.25,98020.25,0.0
2024-11-24 16:00:00+00:00,ETH,3296.45,3375.55,3289.05,3364.75,0.0
2024-11-25 00:00:00+00:00,BTC,98020.25,98500.0,97001.5,98160.0,0.0
2024-11-25 00:00:00+00:00,ETH,3364.75,3423.45,3304.15,3403.15,0.0
2024-11-25 08:00:00+00:00,BTC,98160.0,98987.75,94583.25,96015.25,0.0
2024-11-25 08:00:00+00:00,ETH,3403.15,3538.05,3349.2,3518.8,0.0
2024-11-25 16:00:00+00:00,BTC,96015.25,96510.0,94445.5,94992.75,0.0
2024-11-25 16:00:00+00:00,ETH,3518.8,3547.1,3424.95,3503.1,0.0
2024-11-25 21:01:00+00:00,BTC,95299.25,95852.5,92586.0,93005.75,0.0
2024-11-25 21:01:00+00:00,ETH,3491.3,3517.25,3363.0,3415.3,0.0
2024-11-26 00:00:00+00:00,BTC,93005.75,95011.25,92746.0,93788.0,0.0
2024-11-26 00:00:00+00:00,ETH,3415.3,3482.9,3383.15,3395.95,0.0
2024-11-26 08:00:00+00:00,BTC,93788.0,93790.25,91429.5,92847.5,0.0
2024-11-26 08:00:00+00:00,ETH,3395.95,3398.65,3279.65,3297.1,0.0
2024-11-26 16:00:00+00:00,BTC,92847.5,94762.75,90732.0,90979.75,0.0
2024-11-26 16:00:00+00:00,ETH,3297.1,3340.15,3254.4,3322.5,0.0
2024-11-26 21:01:00+00:00,BTC,90977.25,92335.5,90786.75,91921.25,0.0
2024-11-26 21:01:00+00:00,ETH,3312.8,3343.95,3300.75,3323.85,0.0
2024-11-27 00:00:00+00:00,BTC,91921.25,93628.5,91747.75,93568.0,0.0
2024-11-27 00:00:00+00:00,ETH,3323.85,3445.35,3301.35,3423.3,0.0
2024-11-27 08:00:00+00:00,BTC,93568.0,95938.0,92862.0,95651.5,0.0
2024-11-27 08:00:00+00:00,ETH,3423.3,3575.9,3402.25,3556.0,0.0
2024-11-27 16:00:00+00:00,BTC,95651.5,97381.75,95256.75,96629.75,0.0
2024-11-27 16:00:00+00:00,ETH,3556.0,3637.2,3538.85,3630.8,0.0
2024-11-27 21:01:00+00:00,BTC,96674.25,96757.0,95836.0,95949.25,0.0
2024-11-27 21:01:00+00:00,ETH,3636.65,3690.25,2764.6,3658.05,0.0
2024-11-28 00:00:00+00:00,BTC,95949.25,96684.0,94905.25,95371.0,0.0
2024-11-28 00:00:00+00:00,ETH,3658.05,3666.6,3569.8,3594.7,0.0
2024-11-28 08:00:00+00:00,BTC,95371.0,96259.5,94670.25,95029.0,0.0
2024-11-28 08:00:00+00:00,ETH,3594.7,3643.5,3538.25,3542.45,0.0
2024-11-28 16:00:00+00:00,BTC,95029.0,95466.5,94710.25,94841.25,0.0
2024-11-28 16:00:00+00:00,ETH,3542.45,3585.75,3531.0,3557.2,0.0
2024-11-28 21:01:00+00:00,BTC,94938.5,96056.5,94894.75,95661.0,0.0
2024-11-28 21:01:00+00:00,ETH,3561.65,3599.25,3560.6,3579.5,0.0
2024-11-29 00:00:00+00:00,BTC,95661.0,96891.0,95377.25,95651.75,0.0
2024-11-29 00:00:00+00:00,ETH,3579.5,3603.4,3536.05,3545.8,0.0
2024-11-29 08:00:00+00:00,BTC,95651.75,98759.0,95566.0,98161.25,0.0
2024-11-29 08:00:00+00:00,ETH,3545.8,3650.65,3545.75,3619.05,0.0
2024-11-29 16:00:00+00:00,BTC,98161.25,98598.25,96934.25,97411.75,0.0
2024-11-29 16:00:00+00:00,ETH,3619.05,3625.7,3562.5,3596.55,0.0
2024-12-01 08:00:00+00:00,BTC,96537.0,97504.75,96489.75,97116.5,0.0
2024-12-01 08:00:00+00:00,ETH,3704.45,3750.05,3677.85,3731.7,0.0
2024-12-01 16:00:00+00:00,BTC,97116.5,97923.25,96856.0,97265.25,0.0
2024-12-01 16:00:00+00:00,ETH,3731.7,3746.65,3682.3,3710.6,0.0
2024-12-02 00:00:00+00:00,BTC,97265.25,98233.25,95811.5,96051.75,0.0
2024-12-02 00:00:00+00:00,ETH,3710.6,3763.9,3654.05,3668.4,0.0
2024-12-02 08:00:00+00:00,BTC,96051.75,97302.25,94802.25,97116.25,0.0
2024-12-02 08:00:00+00:00,ETH,3668.4,3683.1,3569.75,3674.4,0.0
2024-12-02 16:00:00+00:00,BTC,97116.25,97445.25,94414.75,95718.5,0.0
2024-12-02 16:00:00+00:00,ETH,3674.4,3684.6,3557.1,3618.05,0.0
2024-12-02 21:01:00+00:00,BTC,96239.0,96322.5,95133.5,95863.75,0.0
2024-12-02 21:01:00+00:00,ETH,3619.25,3655.55,3600.05,3644.9,0.0
2024-12-03 00:00:00+00:00,BTC,95863.75,96325.25,95282.25,95559.75,0.0
2024-12-03 00:00:00+00:00,ETH,3644.9,3671.45,3600.4,3616.85,0.0
2024-12-03 08:00:00+00:00,BTC,95559.75,96313.25,93588.5,95722.75,0.0
2024-12-03 08:00:00+00:00,ETH,3616.85,3635.6,3503.4,3573.15,0.0
2024-12-03 16:00:00+00:00,BTC,95722.75,96220.25,93850.75,95662.75,0.0
2024-12-03 16:00:00+00:00,ETH,3573.15,3638.15,3529.35,3609.0,0.0
2024-12-03 21:01:00+00:00,BTC,95628.5,96208.5,95598.0,95924.75,0.0
2024-12-03 21:01:00+00:00,ETH,3608.25,3636.65,3598.75,3617.95,0.0
2024-12-04 00:00:00+00:00,BTC,95924.75,96796.75,95306.75,96659.25,0.0
2024-12-04 00:00:00+00:00,ETH,3617.95,3725.15,3617.3,3718.25,0.0
2024-12-04 08:00:00+00:00,BTC,96659.25,97029.5,95400.0,95870.25,0.0
2024-12-04 08:00:00+00:00,ETH,3718.25,3859.65,3691.85,3826.7,0.0
2024-12-04 16:00:00+00:00,BTC,95870.25,99269.25,94668.75,99015.5,0.0
2024-12-04 16:00:00+00:00,ETH,3826.7,3895.75,3736.95,3889.85,0.0
2024-12-04 21:01:00+00:00,BTC,99131.25,99186.5,97657.0,98753.75,0.0
2024-12-04 21:01:00+00:00,ETH,3886.95,3898.5,3829.25,3843.5,0.0
2024-12-05 00:00:00+00:00,BTC,98753.75,104145.25,98051.0,102315.75,0.0
2024-12-05 00:00:00+00:00,ETH,3843.5,3908.55,3772.5,3853.2,0.0
2024-12-05 08:00:00+00:00,BTC,102315.75,103671.75,101044.5,101390.75,0.0
2024-12-05 08:00:00+00:00,ETH,3853.2,3959.85,3853.2,3891.35,0.0
2024-12-05 16:00:00+00:00,BTC,101390.75,102115.25,97940.75,99145.25,0.0
2024-12-05 16:00:00+00:00,ETH,3891.35,3929.15,3786.95,3829.45,0.0
2024-12-05 21:01:00+00:00,BTC,99118.75,99580.75,92923.5,97035.0,0.0
2024-12-05 21:01:00+00:00,ETH,3826.4,3866.65,3685.5,3789.7,0.0
2024-12-06 00:00:00+00:00,BTC,97035.0,98872.25,96492.0,98231.0,0.0
2024-12-06 00:00:00+00:00,ETH,3789.7,3932.75,3781.95,3897.0,0.0
2024-12-06 08:00:00+00:00,BTC,98231.0,99627.5,97596.75,99417.75,0.0
2024-12-06 08:00:00+00:00,ETH,3897.0,4219.45,3836.35,3997.4,0.0
2024-12-06 16:00:00+00:00,BTC,99417.75,102120.25,98824.75,101555.75,0.0
2024-12-06 16:00:00+00:00,ETH,3997.4,4266.45,3975.0,4052.7,0.0
2024-12-08 08:00:00+00:00,BTC,99722.5,100587.25,98726.75,99973.0,0.0
2024-12-08 08:00:00+00:00,ETH,3983.05,4007.45,3926.5,3994.2,0.0
2024-12-08 16:00:00+00:00,BTC,99973.0,101452.5,99522.25,101187.25,0.0
2024-12-08 16:00:00+00:00,ETH,3994.2,4019.55,3966.45,4007.55,0.0
2024-12-09 00:00:00+00:00,BTC,101187.25,101303.75,98366.5,99592.75,0.0
2024-12-09 00:00:00+00:00,ETH,4007.55,4009.5,3882.7,3919.35,0.0
2024-12-09 08:00:00+00:00,BTC,99592.75,100476.5,97494.5,97760.75,0.0
2024-12-09 08:00:00+00:00,ETH,3919.35,3946.75,3804.25,3822.9,0.0
2024-12-09 16:00:00+00:00,BTC,97760.75,98381.5,96085.75,96226.0,0.0
2024-12-09 16:00:00+00:00,ETH,3822.9,3865.95,3723.65,3743.0,0.0
2024-12-09 21:01:00+00:00,BTC,97407.75,97675.5,94917.5,97349.75,0.0
2024-12-09 21:01:00+00:00,ETH,3838.45,3841.1,3509.85,3714.05,0.0
2024-12-10 00:00:00+00:00,BTC,97349.75,98201.5,95622.25,97236.25,0.0
2024-12-10 00:00:00+00:00,ETH,3714.05,3782.95,3617.3,3735.5,0.0
2024-12-10 08:00:00+00:00,BTC,97236.25,98338.0,95666.75,95712.25,0.0
2024-12-10 08:00:00+00:00,ETH,3735.5,3775.95,3558.2,3569.7,0.0
2024-12-10 16:00:00+00:00,BTC,95712.25,97358.5,94318.5,96486.75,0.0
2024-12-10 16:00:00+00:00,ETH,3569.7,3660.95,3517.8,3650.55,0.0
2024-12-10 21:01:00+00:00,BTC,96489.75,97282.75,96487.25,96672.75,0.0
2024-12-10 21:01:00+00:00,ETH,3648.15,3675.9,3616.35,3631.0,0.0
2024-12-11 00:00:00+00:00,BTC,96672.75,97860.0,95732.25,97395.0,0.0
2024-12-11 00:00:00+00:00,ETH,3631.0,3683.95,3565.0,3654.6,0.0
2024-12-11 08:00:00+00:00,BTC,97395.0,100885.5,97363.75,100478.75,0.0
2024-12-11 08:00:00+00:00,ETH,3654.6,3825.1,3653.2,3790.7,0.0
2024-12-11 16:00:00+00:00,BTC,100478.75,101838.75,99004.0,101408.5,0.0
2024-12-11 16:00:00+00:00,ETH,3790.7,3845.45,3757.3,3837.25,0.0
2024-12-11 21:01:00+00:00,BTC,101340.5,102013.5,100975.5,101245.75,0.0
2024-12-11 21:01:00+00:00,ETH,3834.9,3853.1,3816.85,3835.75,0.0
2024-12-12 00:00:00+00:00,BTC,101245.75,101941.75,100415.0,100533.5,0.0
2024-12-12 00:00:00+00:00,ETH,3835.75,3951.85,3800.3,3906.5,0.0
2024-12-12 08:00:00+00:00,BTC,100533.5,101917.5,100201.75,101855.5,0.0
2024-12-12 08:00:00+00:00,ETH,3906.5,3989.2,3892.6,3960.4,0.0
2024-12-12 16:00:00+00:00,BTC,101855.5,102616.0,99303.25,100074.5,0.0
2024-12-12 16:00:00+00:00,ETH,3960.4,3988.8,3841.5,3889.35,0.0
2024-12-12 21:01:00+00:00,BTC,100072.5,100544.75,99538.75,100042.5,0.0
2024-12-12 21:01:00+00:00,ETH,3887.55,3897.55,3837.75,3883.55,0.0
2024-12-13 00:00:00+00:00,BTC,100042.5,100400.75,99240.5,100174.5,0.0
2024-12-13 00:00:00+00:00,ETH,3883.55,3943.05,3843.65,3887.35,0.0
2024-12-13 08:00:00+00:00,BTC,100174.5,101404.75,99709.25,99885.25,0.0
2024-12-13 08:00:00+00:00,ETH,3887.35,3969.9,3872.65,3886.55,0.0
2024-12-13 16:00:00+00:00,BTC,99885.25,101934.25,99798.25,101733.75,0.0
2024-12-13 16:00:00+00:00,ETH,3886.55,3947.05,3880.7,3919.35,0.0
2024-12-15 08:00:00+00:00,BTC,101717.25,103325.5,101557.75,102665.75,0.0
2024-12-15 08:00:00+00:00,ETH,3844.45,3909.25,3836.45,3893.25,0.0
2024-12-15 16:00:00+00:00,BTC,102665.75,105195.5,102542.0,104446.5,0.0
2024-12-15 16:00:00+00:00,ETH,3893.25,3974.1,3844.0,3957.7,0.0
2024-12-16 00:00:00+00:00,BTC,104446.5,106562.75,104235.75,104950.5,0.0
2024-12-16 00:00:00+00:00,ETH,3957.7,4022.85,3927.0,3972.5,0.0
2024-12-16 08:00:00+00:00,BTC,104950.5,106521.5,103287.5,106364.75,0.0
2024-12-16 08:00:00+00:00,ETH,3972.5,3974.45,3882.0,3941.1,0.0
2024-12-16 16:00:00+00:00,BTC,106364.75,107850.5,105808.5,105883.25,0.0
2024-12-16 16:00:00+00:00,ETH,3941.1,4109.95,3938.65,4046.05,0.0
2024-12-16 21:01:00+00:00,BTC,105758.75,106381.25,105507.25,106104.0,0.0
2024-12-16 21:01:00+00:00,ETH,4047.7,4076.05,3981.8,3988.15,0.0
2024-12-17 00:00:00+00:00,BTC,106104.0,107169.75,105704.0,106831.0,0.0
2024-12-17 00:00:00+00:00,ETH,3988.15,4042.65,3945.5,3995.3,0.0
2024-12-17 08:00:00+00:00,BTC,106831.0,108377.5,105734.0,106486.0,0.0
2024-12-17 08:00:00+00:00,ETH,3995.3,4031.3,3917.2,3939.3,0.0
2024-12-17 16:00:00+00:00,BTC,106486.0,107675.5,106139.75,106729.25,0.0
2024-12-17 16:00:00+00:00,ETH,3939.3,3985.65,3917.55,3936.75,0.0
2024-12-17 21:01:00+00:00,BTC,106683.75,106815.5,105360.5,106151.5,0.0
2024-12-17 21:01:00+00:00,ETH,3934.95,3952.15,3849.25,3893.95,0.0
2024-12-18 00:00:00+00:00,BTC,106151.5,106564.0,103163.0,104243.5,0.0
2024-12-18 00:00:00+00:00,ETH,3893.95,3904.9,3804.8,3846.95,0.0
2024-12-18 08:00:00+00:00,BTC,104243.5,105340.5,103621.0,104406.5,0.0
2024-12-18 08:00:00+00:00,ETH,3846.95,3890.35,3824.05,3867.1,0.0
2024-12-18 16:00:00+00:00,BTC,104406.5,104990.75,100187.5,100758.25,0.0
2024-12-18 16:00:00+00:00,ETH,3867.1,3906.65,3641.6,3692.2,0.0
2024-12-18 21:01:00+00:00,BTC,100862.5,101654.0,99991.75,100166.75,0.0
2024-12-18 21:01:00+00:00,ETH,3692.55,3711.65,3616.15,3624.95,0.0
2024-12-19 00:00:00+00:00,BTC,100166.75,101684.5,98704.5,101614.0,0.0
2024-12-19 00:00:00+00:00,ETH,3624.95,3695.45,3540.75,3691.7,0.0
2024-12-19 08:00:00+00:00,BTC,101614.0,102761.0,99423.5,100592.25,0.0
2024-12-19 08:00:00+00:00,ETH,3691.7,3718.35,3570.1,3610.9,0.0
2024-12-19 16:00:00+00:00,BTC,100592.25,101120.5,95565.0,96270.75,0.0
2024-12-19 16:00:00+00:00,ETH,3610.9,3635.35,3306.5,3376.6,0.0
2024-12-19 21:01:00+00:00,BTC,96154.25,98336.25,95715.0,97382.0,0.0
2024-12-19 21:01:00+00:00,ETH,3365.95,3461.75,3346.45,3414.4,0.0
2024-12-20 00:00:00+00:00,BTC,97382.0,98135.75,95874.75,97716.25,0.0
2024-12-20 00:00:00+00:00,ETH,3414.4,3460.95,3325.9,3387.35,0.0
2024-12-20 08:00:00+00:00,BTC,97716.25,97765.25,92119.0,96922.75,0.0
2024-12-20 08:00:00+00:00,ETH,3387.35,3394.35,3096.85,3373.8,0.0
2024-12-20 16:00:00+00:00,BTC,96922.75,97740.75,96279.25,96384.5,0.0
2024-12-20 16:00:00+00:00,ETH,3373.8,3498.5,3365.25,3439.35,0.0
2024-12-22 08:00:00+00:00,BTC,96155.0,97298.75,95077.0,95308.5,0.0
2024-12-22 08:00:00+00:00,ETH,3330.65,3401.15,3273.45,3300.3,0.0
2024-12-22 16:00:00+00:00,BTC,95308.5,96388.75,94183.25,95104.0,0.0
2024-12-22 16:00:00+00:00,ETH,3300.3,3336.9,3218.05,3279.35,0.0
2024-12-23 00:00:00+00:00,BTC,95104.0,96426.0,93621.5,95307.5,0.0
2024-12-23 00:00:00+00:00,ETH,3279.35,3428.0,3214.35,3301.75,0.0
2024-12-23 08:00:00+00:00,BTC,95307.5,96464.75,92980.5,93131.25,0.0
2024-12-23 08:00:00+00:00,ETH,3301.75,3358.65,3266.15,3273.45,0.0
2024-12-23 16:00:00+00:00,BTC,93131.25,94140.75,92364.75,93053.5,0.0
2024-12-23 16:00:00+00:00,ETH,3273.45,3411.95,3266.3,3399.6,0.0
2024-12-23 21:01:00+00:00,BTC,94272.0,95386.25,93500.25,94765.5,0.0
2024-12-23 21:01:00+00:00,ETH,3391.7,3462.75,3391.65,3418.15,0.0
2024-12-24 00:00:00+00:00,BTC,94765.5,94766.75,93428.5,94085.5,0.0
2024-12-24 00:00:00+00:00,ETH,3418.15,3430.7,3353.1,3396.15,0.0
2024-12-24 08:00:00+00:00,BTC,94085.5,98232.75,93705.75,98218.5,0.0
2024-12-24 08:00:00+00:00,ETH,3396.15,3507.65,3380.9,3490.45,0.0
2024-12-24 16:00:00+00:00,BTC,98218.5,99446.75,97198.0,97214.5,0.0
2024-12-24 16:00:00+00:00,ETH,3490.45,3538.3,3430.6,3448.7,0.0
2024-12-24 21:01:00+00:00,BTC,97305.5,99023.5,97291.0,98595.0,0.0
2024-12-24 21:01:00+00:00,ETH,3447.95,3503.75,3447.9,3491.3,0.0
2024-12-25 00:00:00+00:00,BTC,98595.0,98818.5,97657.0,98015.75,0.0
2024-12-25 00:00:00+00:00,ETH,3491.3,3507.25,3455.8,3486.7,0.0
2024-12-25 08:00:00+00:00,BTC,98015.75,99262.25,97561.75,98440.0,0.0
2024-12-25 08:00:00+00:00,ETH,3486.7,3545.15,3455.8,3470.1,0.0
2024-12-25 16:00:00+00:00,BTC,98440.0,99314.75,98045.25,99053.25,0.0
2024-12-25 16:00:00+00:00,ETH,3470.1,3485.65,3437.65,3470.75,0.0
2024-12-25 21:01:00+00:00,BTC,99205.0,99500.25,98300.0,99352.5,0.0
2024-12-25 21:01:00+00:00,ETH,3474.2,3497.8,3447.5,3494.2,0.0
2024-12-26 00:00:00+00:00,BTC,99352.5,99884.0,97640.0,97674.0,0.0
2024-12-26 00:00:00+00:00,ETH,3494.2,3512.7,3414.8,3419.4,0.0
2024-12-26 08:00:00+00:00,BTC,97674.0,97709.5,95088.0,95973.0,0.0
2024-12-26 08:00:00+00:00,ETH,3419.4,3423.35,3325.0,3340.8,0.0
2024-12-26 16:00:00+00:00,BTC,95973.0,96556.25,95267.5,95471.5,0.0
2024-12-26 16:00:00+00:00,ETH,3340.8,3362.6,3305.95,3327.3,0.0
2024-12-26 21:01:00+00:00,BTC,95491.75,95860.25,95202.0,95671.0,0.0
2024-12-26 21:01:00+00:00,ETH,3324.4,3346.9,3301.25,3331.7,0.0
2024-12-27 00:00:00+00:00,BTC,95671.0,96505.75,94560.75,94995.25,0.0
2024-12-27 00:00:00+00:00,ETH,3331.7,3395.8,3313.4,3321.8,0.0
2024-12-27 08:00:00+00:00,BTC,94995.25,97388.75,93862.5,94439.0,0.0
2024-12-27 08:00:00+00:00,ETH,3321.8,3439.15,3302.75,3321.45,0.0
2024-12-27 16:00:00+00:00,BTC,94439.0,94867.25,93286.75,94434.75,0.0
2024-12-27 16:00:00+00:00,ETH,3321.45,3362.35,3301.75,3335.25,0.0
2024-12-29 08:00:00+00:00,BTC,95112.0,95152.75,93891.5,94340.75,0.0
2024-12-29 08:00:00+00:00,ETH,3401.7,3408.55,3349.5,3368.05,0.0
2024-12-29 16:00:00+00:00,BTC,94340.75,94419.75,92841.5,93565.75,0.0
2024-12-29 16:00:00+00:00,ETH,3368.05,3370.9,3320.1,3350.25,0.0
2024-12-30 00:00:00+00:00,BTC,93565.75,94074.75,93030.5,93545.0,0.0
2024-12-30 00:00:00+00:00,ETH,3350.25,3430.4,3342.1,3420.65,0.0
2024-12-30 08:00:00+00:00,BTC,93545.0,94126.5,91282.25,91936.75,0.0
2024-12-30 08:00:00+00:00,ETH,3420.65,3428.35,3297.3,3317.35,0.0
2024-12-30 16:00:00+00:00,BTC,91936.75,94929.0,91638.0,94229.25,0.0
2024-12-30 16:00:00+00:00,ETH,3317.35,3415.8,3310.5,3395.7,0.0
2024-12-30 21:01:00+00:00,BTC,93589.0,94638.5,91773.75,92621.0,0.0
2024-12-30 21:01:00+00:00,ETH,3445.2,3445.2,3305.35,3355.75,0.0
2024-12-31 00:00:00+00:00,BTC,92621.0,92909.5,91887.25,92722.5,0.0
2024-12-31 00:00:00+00:00,ETH,3355.75,3359.45,3310.7,3348.95,0.0
2024-12-31 08:00:00+00:00,BTC,92722.5,96139.25,92708.0,95283.25,0.0
2024-12-31 08:00:00+00:00,ETH,3348.95,3446.8,3348.05,3408.15,0.0
2024-12-31 16:00:00+00:00,BTC,95283.25,95464.5,93040.75,93386.75,0.0
2024-12-31 16:00:00+00:00,ETH,3408.15,3411.8,3325.65,3341.6,0.0
2024-12-31 21:01:00+00:00,BTC,93498.75,93785.5,93203.75,93372.25,0.0
2024-12-31 21:01:00+00:00,ETH,3345.65,3348.55,3322.45,3330.65,0.0
2025-01-01 00:00:00+00:00,BTC,93372.25,94310.5,93280.5,93471.75,0.0
2025-01-01 00:00:00+00:00,ETH,3330.65,3360.95,3329.25,3340.0,0.0
2025-01-01 08:00:00+00:00,BTC,93471.75,94303.75,92754.75,94230.75,0.0
2025-01-01 08:00:00+00:00,ETH,3340.0,3352.45,3308.5,3345.7,0.0
2025-01-01 16:00:00+00:00,BTC,94230.75,94669.75,93536.0,94595.5,0.0
2025-01-01 16:00:00+00:00,ETH,3345.7,3357.3,3315.5,3353.2,0.0
2025-01-01 21:01:00+00:00,BTC,94613.5,94964.25,94336.5,94393.75,0.0
2025-01-01 21:01:00+00:00,ETH,3353.1,3367.35,3345.55,3353.25,0.0
2025-01-02 00:00:00+00:00,BTC,94393.75,95832.5,94181.5,95691.25,0.0
2025-01-02 00:00:00+00:00,ETH,3353.25,3421.3,3347.4,3415.15,0.0
2025-01-02 08:00:00+00:00,BTC,95691.25,97313.5,95489.5,96359.25,0.0
2025-01-02 08:00:00+00:00,ETH,3415.15,3506.75,3408.95,3459.7,0.0
2025-01-02 16:00:00+00:00,BTC,96359.25,97762.5,95961.75,97203.5,0.0
2025-01-02 16:00:00+00:00,ETH,3459.7,3487.2,3426.5,3449.65,0.0
2025-01-02 21:01:00+00:00,BTC,97225.0,97260.75,96615.75,96900.5,0.0
2025-01-02 21:01:00+00:00,ETH,3450.95,3453.45,3419.7,3452.45,0.0
2025-01-03 00:00:00+00:00,BTC,96900.5,97260.5,96205.0,96231.75,0.0
2025-01-03 00:00:00+00:00,ETH,3452.45,3473.55,3429.85,3430.8,0.0
2025-01-03 08:00:00+00:00,BTC,96231.75,97617.5,96024.25,97459.75,0.0
2025-01-03 08:00:00+00:00,ETH,3430.8,3573.4,3420.6,3562.5,0.0
2025-01-03 16:00:00+00:00,BTC,97459.75,98989.25,97349.25,98292.25,0.0
2025-01-03 16:00:00+00:00,ETH,3562.5,3629.9,3562.5,3599.9,0.0
2025-01-05 08:00:00+00:00,BTC,98255.25,98266.0,97247.25,98011.0,0.0
2025-01-05 08:00:00+00:00,ETH,3631.15,3637.85,3593.65,3629.1,0.0
2025-01-05 16:00:00+00:00,BTC,98011.0,98826.25,97576.5,98352.0,0.0
2025-01-05 16:00:00+00:00,ETH,3629.1,3656.55,3611.9,3635.45,0.0
2025-01-06 00:00:00+00:00,BTC,98352.0,99877.75,97911.75,99282.5,0.0
2025-01-06 00:00:00+00:00,ETH,3635.45,3697.2,3610.2,3649.15,0.0
2025-01-06 08:00:00+00:00,BTC,99282.5,102483.5,98673.75,102162.75,0.0
2025-01-06 08:00:00+00:00,ETH,3649.15,3714.7,3620.95,3714.2,0.0
2025-01-06 16:00:00+00:00,BTC,102162.75,102519.5,100824.0,102201.0,0.0
2025-01-06 16:00:00+00:00,ETH,3714.2,3744.7,3656.7,3685.75,0.0
2025-01-06 21:01:00+00:00,BTC,100925.25,102289.5,100925.25,102276.5,0.0
2025-01-06 21:01:00+00:00,ETH,3681.55,3689.45,3642.5,3688.8,0.0
2025-01-07 00:00:00+00:00,BTC,102276.5,102762.75,101534.75,101685.75,0.0
2025-01-07 00:00:00+00:00,ETH,3688.8,3702.05,3658.8,3667.8,0.0
2025-01-07 08:00:00+00:00,BTC,101685.75,101993.0,97077.0,97901.5,0.0
2025-01-07 08:00:00+00:00,ETH,3667.8,3679.5,3412.85,3461.15,0.0
2025-01-07 16:00:00+00:00,BTC,97901.5,98305.75,96111.25,96465.25,0.0
2025-01-07 16:00:00+00:00,ETH,3461.15,3490.55,3363.3,3393.55,0.0
2025-01-07 21:01:00+00:00,BTC,96549.25,97197.25,96356.5,96939.25,0.0
2025-01-07 21:01:00+00:00,ETH,3391.05,3412.65,3356.05,3380.55,0.0
2025-01-08 00:00:00+00:00,BTC,96939.25,97261.75,95230.5,95620.75,0.0
2025-01-08 00:00:00+00:00,ETH,3380.55,3414.4,3306.5,3353.35,0.0
2025-01-08 08:00:00+00:00,BTC,95620.75,96112.25,94523.5,95478.5,0.0
2025-01-08 08:00:00+00:00,ETH,3353.35,3385.65,3322.3,3345.75,0.0
2025-01-08 16:00:00+00:00,BTC,95478.5,95493.0,92493.5,93947.75,0.0
2025-01-08 16:00:00+00:00,ETH,3345.75,3346.95,3207.2,3284.7,0.0
2025-01-08 21:01:00+00:00,BTC,93956.75,95295.0,93595.0,95041.0,0.0
2025-01-08 21:01:00+00:00,ETH,3283.25,3334.75,3269.3,3326.4,0.0
2025-01-09 00:00:00+00:00,BTC,95041.0,95364.0,93172.75,93183.0,0.0
2025-01-09 00:00:00+00:00,ETH,3326.4,3357.2,3280.9,3287.55,0.0
2025-01-09 08:00:00+00:00,BTC,93183.0,94563.5,91753.75,94213.0,0.0
2025-01-09 08:00:00+00:00,ETH,3287.55,3335.8,3210.1,3319.6,0.0
2025-01-09 16:00:00+00:00,BTC,94213.0,94684.25,91196.0,91888.5,0.0
2025-01-09 16:00:00+00:00,ETH,3319.6,3327.75,3157.25,3195.2,0.0
2025-01-09 21:01:00+00:00,BTC,91795.25,92703.5,91627.75,92548.75,0.0
2025-01-09 21:01:00+00:00,ETH,3191.5,3239.55,3187.55,3219.2,0.0
2025-01-10 00:00:00+00:00,BTC,92548.75,94990.75,92458.75,94482.25,0.0
2025-01-10 00:00:00+00:00,ETH,3219.2,3313.4,3213.45,3295.8,0.0
2025-01-10 08:00:00+00:00,BTC,94482.25,95297.5,92211.25,93715.0,0.0
2025-01-10 08:00:00+00:00,ETH,3295.8,3321.75,3194.95,3244.4,0.0
2025-01-10 16:00:00+00:00,BTC,93715.0,95848.0,93163.5,94678.0,0.0
2025-01-10 16:00:00+00:00,ETH,3244.4,3322.0,3232.0,3259.9,0.0
2025-01-12 08:00:00+00:00,BTC,94279.5,95393.5,93669.75,95030.0,0.0
2025-01-12 08:00:00+00:00,ETH,3265.15,3293.3,3223.2,3283.65,0.0
2025-01-12 16:00:00+00:00,BTC,95030.0,95258.75,93750.75,94507.5,0.0
2025-01-12 16:00:00+00:00,ETH,3283.65,3298.7,3232.8,3266.0,0.0
2025-01-13 00:00:00+00:00,BTC,94507.5,95888.75,93224.0,93529.5,0.0
2025-01-13 00:00:00+00:00,ETH,3266.0,3336.8,3179.25,3199.4,0.0
2025-01-13 08:00:00+00:00,BTC,93529.5,93598.0,89208.0,92096.75,0.0
2025-01-13 08:00:00+00:00,ETH,3199.4,3203.8,2920.7,3048.2,0.0
2025-01-13 16:00:00+00:00,BTC,92096.75,93755.0,91201.25,93565.75,0.0
2025-01-13 16:00:00+00:00,ETH,3048.2,3103.65,2985.0,3091.05,0.0
2025-01-13 21:01:00+00:00,BTC,92853.5,94710.75,92853.5,94504.25,0.0
2025-01-13 21:01:00+00:00,ETH,3090.2,3143.1,3086.1,3136.3,0.0
2025-01-14 00:00:00+00:00,BTC,94504.25,95450.75,94314.0,94825.25,0.0
2025-01-14 00:00:00+00:00,ETH,3136.3,3188.75,3124.55,3169.8,0.0
2025-01-14 08:00:00+00:00,BTC,94825.25,97359.5,94821.25,96420.25,0.0
2025-01-14 08:00:00+00:00,ETH,3169.8,3256.4,3167.9,3198.25,0.0
2025-01-14 16:00:00+00:00,BTC,96420.25,97052.5,95304.5,96450.25,0.0
2025-01-14 16:00:00+00:00,ETH,3198.25,3234.85,3171.4,3221.4,0.0
2025-01-14 21:01:00+00:00,BTC,96437.75,96904.25,96271.0,96533.0,0.0
2025-01-14 21:01:00+00:00,ETH,3218.1,3239.5,3211.0,3224.2,0.0
2025-01-15 00:00:00+00:00,BTC,96533.0,97679.0,96460.25,97265.75,0.0
2025-01-15 00:00:00+00:00,ETH,3224.2,3250.7,3203.95,3231.55,0.0
2025-01-15 08:00:00+00:00,BTC,97265.75,99782.25,96475.0,98985.25,0.0
2025-01-15 08:00:00+00:00,ETH,3231.55,3354.1,3185.3,3334.7,0.0
2025-01-15 16:00:00+00:00,BTC,98985.25,100735.25,98611.25,99578.5,0.0
2025-01-15 16:00:00+00:00,ETH,3334.7,3475.55,3324.9,3434.35,0.0
2025-01-15 21:01:00+00:00,BTC,99585.5,100531.75,99479.25,100504.75,0.0
2025-01-15 21:01:00+00:00,ETH,3435.25,3454.0,3418.5,3451.65,0.0
2025-01-16 00:00:00+00:00,BTC,100504.75,100875.0,99147.75,99786.75,0.0
2025-01-16 00:00:00+00:00,ETH,3451.65,3460.7,3346.65,3383.85,0.0
2025-01-16 08:00:00+00:00,BTC,99786.75,99808.25,97304.5,99259.0,0.0
2025-01-16 08:00:00+00:00,ETH,3383.85,3385.55,3264.55,3331.55,0.0
2025-01-16 16:00:00+00:00,BTC,99259.0,100643.75,99045.5,100349.75,0.0
2025-01-16 16:00:00+00:00,ETH,3331.55,3364.85,3309.55,3336.85,0.0
2025-01-16 21:01:00+00:00,BTC,100335.0,100349.25,99375.25,99986.25,0.0
2025-01-16 21:01:00+00:00,ETH,3334.7,3335.4,3268.35,3307.4,0.0
2025-01-17 00:00:00+00:00,BTC,99986.25,102120.0,99938.5,101429.0,0.0
2025-01-17 00:00:00+00:00,ETH,3307.4,3396.8,3306.7,3373.65,0.0
2025-01-17 08:00:00+00:00,BTC,101429.0,104310.25,101427.25,104047.5,0.0
2025-01-17 08:00:00+00:00,ETH,3373.65,3453.05,3372.0,3422.7,0.0
2025-01-17 16:00:00+00:00,BTC,104047.5,105968.5,103872.75,104736.0,0.0
2025-01-17 16:00:00+00:00,ETH,3422.7,3527.3,3409.6,3516.15,0.0
2025-01-19 08:00:00+00:00,BTC,104990.5,105570.75,103321.5,104788.75,0.0
2025-01-19 08:00:00+00:00,ETH,3270.65,3421.15,3126.2,3378.95,0.0
2025-01-19 16:00:00+00:00,BTC,104788.75,106325.0,99533.5,101236.75,0.0
2025-01-19 16:00:00+00:00,ETH,3378.95,3445.65,3132.8,3211.6,0.0
2025-01-20 00:00:00+00:00,BTC,101236.75,109442.25,99455.0,106971.75,0.0
2025-01-20 00:00:00+00:00,ETH,3211.6,3457.2,3140.65,3378.65,0.0
2025-01-20 08:00:00+00:00,BTC,106971.75,109074.5,104395.75,104838.25,0.0
2025-01-20 08:00:00+00:00,ETH,3378.65,3408.45,3256.8,3332.65,0.0
2025-01-20 16:00:00+00:00,BTC,104838.25,106910.0,100569.5,103573.5,0.0
2025-01-20 16:00:00+00:00,ETH,3332.65,3386.35,3203.75,3317.95,0.0
2025-01-20 21:01:00+00:00,BTC,104039.75,104231.5,101643.75,102163.5,0.0
2025-01-20 21:01:00+00:00,ETH,3302.85,3337.65,3253.8,3281.0,0.0
2025-01-21 00:00:00+00:00,BTC,102163.5,103158.0,100087.0,101881.0,0.0
2025-01-21 00:00:00+00:00,ETH,3281.0,3287.2,3201.75,3250.8,0.0
2025-01-21 08:00:00+00:00,BTC,101881.0,105258.75,101632.0,103871.0,0.0
2025-01-21 08:00:00+00:00,ETH,3250.8,3332.3,3231.05,3292.45,0.0
2025-01-21 16:00:00+00:00,BTC,103871.0,107274.25,103744.0,106142.5,0.0
2025-01-21 16:00:00+00:00,ETH,3292.45,3368.7,3288.05,3314.5,0.0
2025-01-21 21:01:00+00:00,BTC,106118.5,106846.75,105445.75,106157.5,0.0
2025-01-21 21:01:00+00:00,ETH,3309.0,3348.15,3302.3,3327.8,0.0
2025-01-22 00:00:00+00:00,BTC,106157.5,106405.75,105041.75,105074.5,0.0
2025-01-22 00:00:00+00:00,ETH,3327.8,3366.45,3286.85,3288.15,0.0
2025-01-22 08:00:00+00:00,BTC,105074.5,105586.75,103653.75,104184.25,0.0
2025-01-22 08:00:00+00:00,ETH,3288.15,3332.3,3269.1,3278.7,0.0
2025-01-22 16:00:00+00:00,BTC,104184.25,104821.75,103331.5,104314.5,0.0
2025-01-22 16:00:00+00:00,ETH,3278.7,3291.55,3239.95,3255.65,0.0
2025-01-22 21:01:00+00:00,BTC,104177.25,104503.0,103601.75,103661.25,0.0
2025-01-22 21:01:00+00:00,ETH,3251.85,3265.65,3222.05,3241.3,0.0
2025-01-23 00:00:00+00:00,BTC,103661.25,103774.5,101516.0,102661.75,0.0
2025-01-23 00:00:00+00:00,ETH,3241.3,3259.95,3183.3,3232.0,0.0
2025-01-23 08:00:00+00:00,BTC,102661.75,106062.25,101226.25,105310.0,0.0
2025-01-23 08:00:00+00:00,ETH,3232.0,3287.2,3188.8,3259.55,0.0
2025-01-23 16:00:00+00:00,BTC,105310.0,106870.5,102652.0,103339.0,0.0
2025-01-23 16:00:00+00:00,ETH,3259.55,3298.95,3196.15,3248.8,0.0
2025-01-23 21:01:00+00:00,BTC,103036.0,104738.25,102278.25,103920.75,0.0
2025-01-23 21:01:00+00:00,ETH,3245.45,3349.8,3214.85,3339.05,0.0
2025-01-24 00:00:00+00:00,BTC,103920.75,105341.0,102737.25,105059.25,0.0
2025-01-24 00:00:00+00:00,ETH,3339.05,3420.45,3275.35,3381.25,0.0
2025-01-24 08:00:00+00:00,BTC,105059.25,106353.75,104673.5,105876.25,0.0
2025-01-24 08:00:00+00:00,ETH,3381.25,3428.3,3357.35,3384.0,0.0
2025-01-24 16:00:00+00:00,BTC,105876.25,107179.75,104754.75,104871.75,0.0
2025-01-24 16:00:00+00:00,ETH,3384.0,3411.4,3328.85,3329.75,0.0
2025-01-26 08:00:00+00:00,BTC,104968.0,105206.25,104425.0,104955.75,0.0
2025-01-26 08:00:00+00:00,ETH,3337.9,3343.4,3293.4,3314.7,0.0
2025-01-26 16:00:00+00:00,BTC,104955.75,105246.0,102483.25,102570.0,0.0
2025-01-26 16:00:00+00:00,ETH,3314.7,3350.15,3228.8,3231.65,0.0
2025-01-27 00:00:00+00:00,BTC,102570.0,103233.5,97727.0,98998.75,0.0
2025-01-27 00:00:00+00:00,ETH,3231.65,3253.65,3019.85,3070.1,0.0
2025-01-27 08:00:00+00:00,BTC,98998.75,102334.75,98211.75,101109.0,0.0
2025-01-27 08:00:00+00:00,ETH,3070.1,3224.75,3033.3,3133.3,0.0
2025-01-27 16:00:00+00:00,BTC,101109.0,101740.5,98828.75,101375.25,0.0
2025-01-27 16:00:00+00:00,ETH,3133.3,3148.45,3046.35,3145.4,0.0
2025-01-27 21:01:00+00:00,BTC,101455.0,102344.25,100923.75,102066.75,0.0
2025-01-27 21:01:00+00:00,ETH,3202.85,3229.55,3145.4,3181.75,0.0
2025-01-28 00:00:00+00:00,BTC,102066.75,103370.25,101320.0,102802.25,0.0
2025-01-28 00:00:00+00:00,ETH,3181.75,3223.45,3150.7,3196.2,0.0
2025-01-28 08:00:00+00:00,BTC,102802.25,103788.5,101797.75,102767.25,0.0
2025-01-28 08:00:00+00:00,ETH,3196.2,3251.35,3156.45,3181.45,0.0
2025-01-28 16:00:00+00:00,BTC,102767.25,103107.5,101163.75,101209.5,0.0
2025-01-28 16:00:00+00:00,ETH,3181.45,3183.25,3091.5,3093.8,0.0
2025-01-28 21:01:00+00:00,BTC,101374.5,101483.0,100212.25,101282.5,0.0
2025-01-28 21:01:00+00:00,ETH,3100.1,3113.55,3038.75,3076.0,0.0
2025-01-29 00:00:00+00:00,BTC,101282.5,102834.5,101271.25,102704.0,0.0
2025-01-29 00:00:00+00:00,ETH,3076.0,3159.25,3074.95,3155.85,0.0
2025-01-29 08:00:00+00:00,BTC,102704.0,102979.0,101536.5,101951.5,0.0
2025-01-29 08:00:00+00:00,ETH,3155.85,3163.1,3079.7,3100.1,0.0
2025-01-29 16:00:00+00:00,BTC,101951.5,104798.25,101394.5,104218.5,0.0
2025-01-29 16:00:00+00:00,ETH,3100.1,3182.0,3054.4,3137.7,0.0
2025-01-29 21:01:00+00:00,BTC,104193.25,104398.0,103436.5,103738.75,0.0
2025-01-29 21:01:00+00:00,ETH,3136.75,3164.0,3109.45,3114.05,0.0
2025-01-30 00:00:00+00:00,BTC,103738.75,105609.5,103293.0,105136.0,0.0
2025-01-30 00:00:00+00:00,ETH,3114.05,3215.85,3092.0,3190.7,0.0
2025-01-30 08:00:00+00:00,BTC,105136.0,106457.75,104651.75,105577.75,0.0
2025-01-30 08:00:00+00:00,ETH,3190.7,3281.0,3181.3,3255.9,0.0
2025-01-30 16:00:00+00:00,BTC,105577.75,106027.75,104753.0,104936.75,0.0
2025-01-30 16:00:00+00:00,ETH,3255.9,3283.45,3155.65,3232.8,0.0
2025-01-30 21:01:00+00:00,BTC,105000.5,105375.75,104690.75,104737.0,0.0
2025-01-30 21:01:00+00:00,ETH,3234.3,3272.55,3232.2,3247.65,0.0
2025-01-31 00:00:00+00:00,BTC,104737.0,105052.75,103941.5,104189.75,0.0
2025-01-31 00:00:00+00:00,ETH,3247.65,3280.35,3214.15,3241.55,0.0
2025-01-31 08:00:00+00:00,BTC,104189.75,106076.75,103898.75,105478.25,0.0
2025-01-31 08:00:00+00:00,ETH,3241.55,3429.1,3233.6,3428.4,0.0
2025-01-31 16:00:00+00:00,BTC,105478.25,105594.25,101549.25,101625.0,0.0
2025-01-31 16:00:00+00:00,ETH,3428.4,3438.15,3285.3,3315.55,0.0
2025-02-02 08:00:00+00:00,BTC,99600.75,100084.75,98121.0,99318.5,0.0
2025-02-02 08:00:00+00:00,ETH,3100.4,3123.45,3049.55,3080.65,0.0
2025-02-02 16:00:00+00:00,BTC,99318.5,99346.5,96187.25,97681.0,0.0
2025-02-02 16:00:00+00:00,ETH,3080.65,3081.5,2746.35,2869.95,0.0
2025-02-03 00:00:00+00:00,BTC,97681.0,97750.5,91158.5,95417.25,0.0
2025-02-03 00:00:00+00:00,ETH,2869.95,3043.9,2391.6,2624.65,0.0
2025-02-03 08:00:00+00:00,BTC,95417.25,99682.0,94218.25,99036.5,0.0
2025-02-03 08:00:00+00:00,ETH,2624.65,2755.1,2528.75,2705.95,0.0
2025-02-03 16:00:00+00:00,BTC,99036.5,102151.5,98158.75,101235.25,0.0
2025-02-03 16:00:00+00:00,ETH,2705.95,2775.1,2671.8,2707.8,0.0
2025-02-03 21:01:00+00:00,BTC,101273.5,102635.0,101218.0,101458.5,0.0
2025-02-03 21:01:00+00:00,ETH,2750.2,2939.35,2715.45,2883.4,0.0
2025-02-04 00:00:00+00:00,BTC,101458.5,101823.5,98341.75,98511.0,0.0
2025-02-04 00:00:00+00:00,ETH,2883.4,2892.3,2666.95,2705.85,0.0
2025-02-04 08:00:00+00:00,BTC,98511.0,100512.25,97930.25,99434.75,0.0
2025-02-04 08:00:00+00:00,ETH,2705.85,2862.0,2679.15,2779.25,0.0
2025-02-04 16:00:00+00:00,BTC,99434.75,100881.5,98014.25,98706.0,0.0
2025-02-04 16:00:00+00:00,ETH,2779.25,2871.6,2722.4,2734.45,0.0
2025-02-04 21:01:00+00:00,BTC,98466.25,98568.75,96183.5,97798.25,0.0
2025-02-04 21:01:00+00:00,ETH,2725.0,2749.0,2633.75,2732.15,0.0
2025-02-05 00:00:00+00:00,BTC,97798.25,98987.5,97160.0,97907.25,0.0
2025-02-05 00:00:00+00:00,ETH,2732.15,2789.75,2699.65,2760.6,0.0
2025-02-05 08:00:00+00:00,BTC,97907.25,99201.0,97304.0,98150.25,0.0
2025-02-05 08:00:00+00:00,ETH,2760.6,2828.05,2747.9,2774.05,0.0
2025-02-05 16:00:00+00:00,BTC,98150.25,98308.75,96497.5,97319.25,0.0
2025-02-05 16:00:00+00:00,ETH,2774.05,2787.75,2715.7,2763.45,0.0
2025-02-05 21:01:00+00:00,BTC,97387.5,97551.75,96164.25,96632.0,0.0
2025-02-05 21:01:00+00:00,ETH,2765.2,2803.3,2739.8,2788.35,0.0
2025-02-06 00:00:00+00:00,BTC,96632.0,98474.0,96440.0,98234.0,0.0
2025-02-06 00:00:00+00:00,ETH,2788.35,2857.05,2755.8,2833.25,0.0
2025-02-06 08:00:00+00:00,BTC,98234.0,99181.5,96952.0,97360.0,0.0
2025-02-06 08:00:00+00:00,ETH,2833.25,2859.05,2684.7,2706.25,0.0
2025-02-06 16:00:00+00:00,BTC,97360.0,97584.0,95681.25,96936.25,0.0
2025-02-06 16:00:00+00:00,ETH,2706.25,2727.2,2674.9,2723.1,0.0
2025-02-06 21:01:00+00:00,BTC,96854.0,96978.25,96114.5,96565.75,0.0
2025-02-06 21:01:00+00:00,ETH,2717.55,2720.75,2656.75,2687.15,0.0
2025-02-07 00:00:00+00:00,BTC,96565.75,97906.25,96415.75,96787.75,0.0
2025-02-07 00:00:00+00:00,ETH,2687.15,2740.8,2668.25,2713.8,0.0
2025-02-07 08:00:00+00:00,BTC,96787.75,100217.75,96629.5,98343.0,0.0
2025-02-07 08:00:00+00:00,ETH,2713.8,2799.6,2706.3,2723.1,0.0
2025-02-07 16:00:00+00:00,BTC,98343.0,98633.0,95640.75,95775.75,0.0
2025-02-07 16:00:00+00:00,ETH,2723.1,2728.7,2579.9,2588.15,0.0
2025-02-09 08:00:00+00:00,BTC,97090.5,97337.5,95753.75,96504.75,0.0
2025-02-09 08:00:00+00:00,ETH,2663.25,2674.0,2611.75,2653.55,0.0
2025-02-09 16:00:00+00:00,BTC,96504.75,96781.25,94733.75,96499.25,0.0
2025-02-09 16:00:00+00:00,ETH,2653.55,2666.75,2522.85,2627.7,0.0
2025-02-10 00:00:00+00:00,BTC,96499.25,97681.0,95271.75,97434.5,0.0
2025-02-10 00:00:00+00:00,ETH,2627.7,2660.45,2560.3,2637.25,0.0
2025-02-10 08:00:00+00:00,BTC,97434.5,98369.25,96893.0,97252.5,0.0
2025-02-10 08:00:00+00:00,ETH,2637.25,2684.45,2632.65,2659.1,0.0
2025-02-10 16:00:00+00:00,BTC,97252.5,97669.25,96878.75,97375.75,0.0
2025-02-10 16:00:00+00:00,ETH,2659.1,2694.9,2650.5,2685.45,0.0
2025-02-10 21:01:00+00:00,BTC,97701.5,97797.0,97141.75,97444.25,0.0
2025-02-10 21:01:00+00:00,ETH,2630.95,2671.95,2601.9,2661.75,0.0
2025-02-11 00:00:00+00:00,BTC,97444.25,98507.75,97429.0,98280.75,0.0
2025-02-11 00:00:00+00:00,ETH,2661.75,2725.65,2660.9,2712.35,0.0
2025-02-11 08:00:00+00:00,BTC,98280.75,98348.25,96605.25,97022.5,0.0
2025-02-11 08:00:00+00:00,ETH,2712.35,2721.6,2626.9,2662.35,0.0
2025-02-11 16:00:00+00:00,BTC,97022.5,97055.5,94844.25,95295.0,0.0
2025-02-11 16:00:00+00:00,ETH,2662.35,2671.1,2582.1,2597.9,0.0
2025-02-11 21:01:00+00:00,BTC,95393.5,96501.25,95228.5,95773.5,0.0
2025-02-11 21:01:00+00:00,ETH,2602.8,2631.65,2560.45,2601.85,0.0
2025-02-12 00:00:00+00:00,BTC,95773.5,96250.75,95060.25,96055.25,0.0
2025-02-12 00:00:00+00:00,ETH,2601.85,2624.15,2570.35,2618.25,0.0
2025-02-12 08:00:00+00:00,BTC,96055.25,96636.0,94075.25,95797.5,0.0
2025-02-12 08:00:00+00:00,ETH,2618.25,2664.75,2547.85,2606.8,0.0
2025-02-12 16:00:00+00:00,BTC,95797.5,97698.75,95105.5,97030.25,0.0
2025-02-12 16:00:00+00:00,ETH,2606.8,2695.8,2583.3,2677.8,0.0
2025-02-12 21:01:00+00:00,BTC,97019.5,98125.25,96851.5,97855.25,0.0
2025-02-12 21:01:00+00:00,ETH,2678.95,2796.3,2643.75,2738.55,0.0
2025-02-13 00:00:00+00:00,BTC,97855.25,98103.0,95817.0,96077.0,0.0
2025-02-13 00:00:00+00:00,ETH,2738.55,2758.0,2672.15,2681.55,0.0
2025-02-13 08:00:00+00:00,BTC,96077.0,96490.25,95352.25,96006.25,0.0
2025-02-13 08:00:00+00:00,ETH,2681.55,2688.95,2616.85,2648.35,0.0
2025-02-13 16:00:00+00:00,BTC,96006.25,96384.0,95235.75,96283.0,0.0
2025-02-13 16:00:00+00:00,ETH,2648.35,2662.45,2613.2,2653.75,0.0
2025-02-13 21:01:00+00:00,BTC,96290.25,96790.0,96259.25,96620.0,0.0
2025-02-13 21:01:00+00:00,ETH,2653.3,2680.45,2651.55,2675.85,0.0
2025-02-14 00:00:00+00:00,BTC,96620.0,97256.0,96381.25,96968.25,0.0
2025-02-14 00:00:00+00:00,ETH,2675.85,2722.25,2664.6,2700.15,0.0
2025-02-14 08:00:00+00:00,BTC,96968.25,97593.0,96277.75,96946.5,0.0
2025-02-14 08:00:00+00:00,ETH,2700.15,2748.25,2677.55,2734.9,0.0
2025-02-14 16:00:00+00:00,BTC,96946.5,98883.25,96503.5,97231.25,0.0
2025-02-14 16:00:00+00:00,ETH,2734.9,2793.2,2709.9,2729.15,0.0
2025-02-16 08:00:00+00:00,BTC,97266.5,97503.5,96698.75,96940.25,0.0
2025-02-16 08:00:00+00:00,ETH,2696.15,2713.7,2677.6,2694.9,0.0
2025-02-16 16:00:00+00:00,BTC,96940.25,97504.25,96054.0,96137.0,0.0
2025-02-16 16:00:00+00:00,ETH,2694.9,2704.2,2653.45,2661.65,0.0
2025-02-17 00:00:00+00:00,BTC,96137.0,96656.75,95810.25,96060.0,0.0
2025-02-17 00:00:00+00:00,ETH,2661.65,2695.6,2639.25,2681.25,0.0
2025-02-17 08:00:00+00:00,BTC,96060.0,97056.0,95568.0,95671.5,0.0
2025-02-17 08:00:00+00:00,ETH,2681.25,2849.85,2675.7,2755.9,0.0
2025-02-17 16:00:00+00:00,BTC,95671.5,96290.25,95206.75,95997.25,0.0
2025-02-17 16:00:00+00:00,ETH,2755.9,2765.6,2687.15,2733.05,0.0
2025-02-17 21:01:00+00:00,BTC,95901.25,96434.25,95696.0,95786.5,0.0
2025-02-17 21:01:00+00:00,ETH,2745.2,2778.2,2732.95,2744.2,0.0
2025-02-18 00:00:00+00:00,BTC,95786.5,96330.75,95245.5,95441.0,0.0
2025-02-18 00:00:00+00:00,ETH,2744.2,2757.1,2652.6,2672.3,0.0
2025-02-18 08:00:00+00:00,BTC,95441.0,96734.0,95079.75,95519.0,0.0
2025-02-18 08:00:00+00:00,ETH,2672.3,2732.25,2653.25,2672.95,0.0
2025-02-18 16:00:00+00:00,BTC,95519.0,95619.25,93331.5,94164.75,0.0
2025-02-18 16:00:00+00:00,ETH,2672.95,2712.05,2605.15,2629.6,0.0
2025-02-18 21:01:00+00:00,BTC,94239.0,95633.75,94186.75,95617.25,0.0
2025-02-18 21:01:00+00:00,ETH,2632.6,2671.0,2630.2,2670.55,0.0
2025-02-19 00:00:00+00:00,BTC,95617.25,95923.5,94993.0,95651.5,0.0
2025-02-19 00:00:00+00:00,ETH,2670.55,2738.45,2655.0,2707.75,0.0
2025-02-19 08:00:00+00:00,BTC,95651.5,96702.0,95505.75,95928.0,0.0
2025-02-19 08:00:00+00:00,ETH,2707.75,2736.4,2677.45,2696.7,0.0
2025-02-19 16:00:00+00:00,BTC,95928.0,96483.75,95397.75,96158.25,0.0
2025-02-19 16:00:00+00:00,ETH,2696.7,2725.45,2694.4,2720.75,0.0
2025-02-19 21:01:00+00:00,BTC,96113.0,96889.25,96033.5,96638.5,0.0
2025-02-19 21:01:00+00:00,ETH,2719.25,2733.8,2706.0,2715.3,0.0
2025-02-20 00:00:00+00:00,BTC,96638.5,97378.25,96408.25,96873.25,0.0
2025-02-20 00:00:00+00:00,ETH,2715.3,2758.4,2709.75,2730.25,0.0
2025-02-20 08:00:00+00:00,BTC,96873.25,98073.75,96798.0,96922.75,0.0
2025-02-20 08:00:00+00:00,ETH,2730.25,2771.25,2708.6,2713.15,0.0
2025-02-20 16:00:00+00:00,BTC,96922.75,98764.75,96888.0,98517.75,0.0
2025-02-20 16:00:00+00:00,ETH,2713.15,2768.9,2707.65,2751.2,0.0
2025-02-20 21:01:00+00:00,BTC,98495.5,98552.25,98024.75,98343.75,0.0
2025-02-20 21:01:00+00:00,ETH,2750.7,2753.2,2722.75,2738.7,0.0
2025-02-21 00:00:00+00:00,BTC,98343.75,98642.75,98098.75,98221.25,0.0
2025-02-21 00:00:00+00:00,ETH,2738.7,2770.9,2726.4,2756.85,0.0
2025-02-21 08:00:00+00:00,BTC,98221.25,99525.0,97177.75,98140.0,0.0
2025-02-21 08:00:00+00:00,ETH,2756.85,2846.0,2669.05,2723.8,0.0
2025-02-21 16:00:00+00:00,BTC,98140.0,98787.0,94766.25,94968.0,0.0
2025-02-21 16:00:00+00:00,ETH,2723.8,2770.45,2625.35,2631.75,0.0
2025-02-23 08:00:00+00:00,BTC,96533.75,96534.0,95428.5,95446.75,0.0
2025-02-23 08:00:00+00:00,ETH,2825.75,2831.9,2773.9,2783.35,0.0
2025-02-23 16:00:00+00:00,BTC,95446.75,96344.75,95248.5,96268.5,0.0
2025-02-23 16:00:00+00:00,ETH,2783.35,2856.0,2768.55,2819.7,0.0
2025-02-24 00:00:00+00:00,BTC,96268.5,96524.5,95082.75,95897.25,0.0
2025-02-24 00:00:00+00:00,ETH,2819.7,2839.8,2692.95,2722.4,0.0
2025-02-24 08:00:00+00:00,BTC,95897.25,96196.25,93818.5,94325.0,0.0
2025-02-24 08:00:00+00:00,ETH,2722.4,2737.4,2636.2,2658.7,0.0
2025-02-24 16:00:00+00:00,BTC,94325.0,95204.5,93671.5,93989.0,0.0
2025-02-24 16:00:00+00:00,ETH,2658.7,2682.55,2617.2,2642.25,0.0
2025-02-24 21:01:00+00:00,BTC,95000.0,95252.25,91319.5,91529.75,0.0
2025-02-24 21:01:00+00:00,ETH,2713.35,2731.45,2466.55,2513.3,0.0
2025-02-25 00:00:00+00:00,BTC,91529.75,92547.5,88258.0,89320.75,0.0
2025-02-25 00:00:00+00:00,ETH,2513.3,2582.3,2328.55,2369.2,0.0
2025-02-25 08:00:00+00:00,BTC,89320.75,90349.5,85906.5,87119.5,0.0
2025-02-25 08:00:00+00:00,ETH,2369.2,2531.2,2258.4,2407.1,0.0
2025-02-25 16:00:00+00:00,BTC,87119.5,88945.25,86056.75,88070.0,0.0
2025-02-25 16:00:00+00:00,ETH,2407.1,2514.9,2380.65,2491.75,0.0
2025-02-25 21:01:00+00:00,BTC,88243.75,89379.5,87654.75,88582.75,0.0
2025-02-25 21:01:00+00:00,ETH,2490.85,2530.75,2479.05,2492.6,0.0
2025-02-26 00:00:00+00:00,BTC,88582.75,89315.0,88035.0,88649.0,0.0
2025-02-26 00:00:00+00:00,ETH,2492.6,2504.45,2469.15,2481.75,0.0
2025-02-26 08:00:00+00:00,BTC,88649.0,89258.0,85356.0,87465.5,0.0
2025-02-26 08:00:00+00:00,ETH,2481.75,2494.0,2368.3,2425.8,0.0
2025-02-26 16:00:00+00:00,BTC,87465.5,87714.75,82083.75,84284.5,0.0
2025-02-26 16:00:00+00:00,ETH,2425.8,2431.5,2247.15,2337.2,0.0
2025-02-26 21:01:00+00:00,BTC,84044.5,85282.75,83358.5,84132.0,0.0
2025-02-26 21:01:00+00:00,ETH,2325.5,2380.15,2287.6,2332.95,0.0
2025-02-27 00:00:00+00:00,BTC,84132.0,86661.5,83931.0,86211.5,0.0
2025-02-27 00:00:00+00:00,ETH,2332.95,2370.45,2300.6,2354.15,0.0
2025-02-27 08:00:00+00:00,BTC,86211.5,87013.75,84575.0,85459.0,0.0
2025-02-27 08:00:00+00:00,ETH,2354.15,2379.25,2288.9,2321.95,0.0
2025-02-27 16:00:00+00:00,BTC,85459.0,85658.5,82586.0,83409.25,0.0
2025-02-27 16:00:00+00:00,ETH,2321.95,2335.5,2238.1,2253.5,0.0
2025-02-27 21:01:00+00:00,BTC,83414.75,84861.0,83098.25,84635.75,0.0
2025-02-27 21:01:00+00:00,ETH,2255.3,2309.55,2227.7,2305.7,0.0
2025-02-28 00:00:00+00:00,BTC,84635.75,84830.0,78759.5,79109.0,0.0
2025-02-28 00:00:00+00:00,ETH,2305.7,2312.2,2039.15,2103.7,0.0
2025-02-28 08:00:00+00:00,BTC,79109.0,84446.75,78179.75,84000.5,0.0
2025-02-28 08:00:00+00:00,ETH,2103.7,2247.5,2034.55,2222.45,0.0
2025-02-28 16:00:00+00:00,BTC,84000.5,85117.75,83171.75,84173.25,0.0
2025-02-28 16:00:00+00:00,ETH,2222.45,2254.5,2138.0,2216.7,0.0
2025-03-02 08:00:00+00:00,BTC,86190.5,87413.25,84313.25,86794.0,0.0
2025-03-02 08:00:00+00:00,ETH,2220.65,2295.9,2172.45,2230.0,0.0
2025-03-02 16:00:00+00:00,BTC,86794.0,90636.5,84313.25,90230.0,0.0
2025-03-02 16:00:00+00:00,ETH,2230.0,2554.85,2179.45,2518.25,0.0
2025-03-03 00:00:00+00:00,BTC,90230.0,90305.25,88665.25,89266.25,0.0
2025-03-03 00:00:00+00:00,ETH,2518.25,2559.65,2352.75,2386.35,0.0
2025-03-03 08:00:00+00:00,BTC,89266.25,89943.0,87437.25,88078.75,0.0
2025-03-03 08:00:00+00:00,ETH,2386.35,2485.3,2264.3,2286.2,0.0
2025-03-03 16:00:00+00:00,BTC,88078.75,88568.25,85107.5,86001.5,0.0
2025-03-03 16:00:00+00:00,ETH,2286.2,2444.7,2076.8,2127.2,0.0
2025-03-03 21:01:00+00:00,BTC,88433.75,88871.75,83314.0,86168.75,0.0
2025-03-03 21:01:00+00:00,ETH,2230.35,2325.5,2071.45,2147.7,0.0
2025-03-04 00:00:00+00:00,BTC,86168.75,89021.75,82430.5,83144.0,0.0
2025-03-04 00:00:00+00:00,ETH,2147.7,2165.7,2002.0,2079.3,0.0
2025-03-04 08:00:00+00:00,BTC,83144.0,85040.25,81448.0,82917.5,0.0
2025-03-04 08:00:00+00:00,ETH,2079.3,2156.55,2024.7,2073.3,0.0
2025-03-04 16:00:00+00:00,BTC,82917.5,89611.75,81977.75,86819.25,0.0
2025-03-04 16:00:00+00:00,ETH,2073.3,2219.9,1994.3,2138.75,0.0
2025-03-04 21:01:00+00:00,BTC,86928.5,88974.75,86575.25,87271.5,0.0
2025-03-04 21:01:00+00:00,ETH,2139.2,2286.6,2126.3,2171.5,0.0
2025-03-05 00:00:00+00:00,BTC,87271.5,87883.25,86353.25,87615.75,0.0
2025-03-05 00:00:00+00:00,ETH,2171.5,2212.85,2154.95,2206.75,0.0
2025-03-05 08:00:00+00:00,BTC,87615.75,90955.0,87575.0,88344.25,0.0
2025-03-05 08:00:00+00:00,ETH,2206.75,2278.75,2166.7,2186.45,0.0
2025-03-05 16:00:00+00:00,BTC,88344.25,90563.5,87580.25,90509.25,0.0
2025-03-05 16:00:00+00:00,ETH,2186.45,2235.6,2161.35,2231.3,0.0
2025-03-05 21:01:00+00:00,BTC,90404.75,91015.0,89918.0,90616.25,0.0
2025-03-05 21:01:00+00:00,ETH,2229.55,2253.3,2219.55,2241.65,0.0
2025-03-06 00:00:00+00:00,BTC,90616.25,92824.0,89975.75,91341.5,0.0
2025-03-06 00:00:00+00:00,ETH,2241.65,2320.3,2234.7,2286.0,0.0
2025-03-06 08:00:00+00:00,BTC,91341.5,91669.5,89110.75,90823.75,0.0
2025-03-06 08:00:00+00:00,ETH,2286.0,2305.85,2208.65,2257.5,0.0
2025-03-06 16:00:00+00:00,BTC,90823.75,91076.0,87814.0,89042.5,0.0
2025-03-06 16:00:00+00:00,ETH,2257.5,2265.75,2176.55,2200.15,0.0
2025-03-06 21:01:00+00:00,BTC,89086.0,90801.75,89042.25,89922.5,0.0
2025-03-06 21:01:00+00:00,DOGE,0.2,0.2,0.2,0.2,0.0
2025-03-06 21:01:00+00:00,ETH,2202.25,2229.4,2195.9,2202.2,0.0
2025-03-06 21:01:00+00:00,SOL,144.06,145.88,143.22,143.31,0.0
2025-03-06 21:01:00+00:00,XRP,2.6,2.625,2.575,2.6,0.0
2025-03-07 00:00:00+00:00,BTC,89922.5,91297.75,84669.75,88369.25,0.0
2025-03-07 00:00:00+00:00,DOGE,0.2,0.2,0.19,0.2,0.0
2025-03-07 00:00:00+00:00,ETH,2202.2,2233.0,2102.6,2192.6,0.0
2025-03-07 00:00:00+00:00,SOL,143.31,145.81,135.1,144.33,0.0
2025-03-07 00:00:00+00:00,XRP,2.6,2.62,2.375,2.51,0.0
2025-03-07 08:00:00+00:00,BTC,88369.25,91117.25,87987.75,88441.75,0.0
2025-03-07 08:00:00+00:00,DOGE,0.2,0.21,0.2,0.205,0.0
2025-03-07 08:00:00+00:00,ETH,2192.6,2257.7,2165.9,2209.5,0.0
2025-03-07 08:00:00+00:00,SOL,144.33,148.04,141.74,144.88,0.0
2025-03-07 08:00:00+00:00,XRP,2.51,2.57,2.485,2.505,0.0
2025-03-07 16:00:00+00:00,BTC,88441.75,89025.5,86526.0,86969.5,0.0
2025-03-07 16:00:00+00:00,DOGE,0.205,0.21,0.2,0.205,0.0
2025-03-07 16:00:00+00:00,ETH,2209.5,2215.5,2141.25,2156.55,0.0
2025-03-07 16:00:00+00:00,SOL,144.88,150.83,141.29,144.96,0.0
2025-03-07 16:00:00+00:00,XRP,2.505,2.53,2.385,2.47,0.0
2025-03-09 07:00:00+00:00,BTC,86259.75,86260.0,85819.25,85985.0,0.0
2025-03-09 07:00:00+00:00,DOGE,0.19,0.19,0.19,0.19,0.0
2025-03-09 07:00:00+00:00,ETH,2213.2,2213.2,2177.75,2184.55,0.0
2025-03-09 07:00:00+00:00,SOL,137.64,139.84,137.64,139.59,0.0
2025-03-09 07:00:00+00:00,XRP,2.345,2.345,2.315,2.34,0.0
2025-03-09 08:00:00+00:00,BTC,85985.0,86774.5,82761.25,83060.0,0.0
2025-03-09 08:00:00+00:00,DOGE,0.19,0.19,0.18,0.18,0.0
2025-03-09 08:00:00+00:00,ETH,2184.55,2187.1,2085.5,2096.65,0.0
2025-03-09 08:00:00+00:00,SOL,139.59,139.73,129.94,130.18,0.0
2025-03-09 08:00:00+00:00,XRP,2.34,2.34,2.17,2.185,0.0
2025-03-09 16:00:00+00:00,BTC,83060.0,83742.25,80002.0,80719.5,0.0
2025-03-09 16:00:00+00:00,DOGE,0.18,0.18,0.17,0.17,0.0
2025-03-09 16:00:00+00:00,ETH,2096.65,2109.0,1989.95,2019.8,0.0
2025-03-09 16:00:00+00:00,SOL,130.18,131.51,125.47,126.47,0.0
2025-03-09 16:00:00+00:00,XRP,2.185,2.205,2.08,2.14,0.0
2025-03-10 00:00:00+00:00,BTC,80719.5,83691.25,80035.5,82333.25,0.0
2025-03-10 00:00:00+00:00,DOGE,0.17,0.175,0.16,0.17,0.0
2025-03-10 00:00:00+00:00,ETH,2019.8,2079.65,1995.05,2075.3,0.0
2025-03-10 00:00:00+00:00,SOL,126.47,129.2,124.15,128.1,0.0
2025-03-10 00:00:00+00:00,XRP,2.14,2.205,2.09,2.185,0.0
2025-03-10 08:00:00+00:00,BTC,82333.25,84061.0,79158.0,80012.25,0.0
2025-03-10 08:00:00+00:00,DOGE,0.17,0.18,0.16,0.17,0.0
2025-03-10 08:00:00+00:00,ETH,2075.3,2175.4,1996.5,2017.15,0.0
2025-03-10 08:00:00+00:00,SOL,128.1,131.54,120.21,121.91,0.0
2025-03-10 08:00:00+00:00,XRP,2.185,2.26,2.07,2.12,0.0
2025-03-10 16:00:00+00:00,BTC,80012.25,81543.0,77399.0,78990.5,0.0
2025-03-10 16:00:00+00:00,DOGE,0.17,0.17,0.135,0.16,0.0
2025-03-10 16:00:00+00:00,ETH,2017.15,2024.6,1810.35,1868.05,0.0
2025-03-10 16:00:00+00:00,SOL,121.91,122.31,115.52,119.64,0.0
2025-03-10 16:00:00+00:00,XRP,2.12,2.13,1.99,2.075,0.0
2025-03-10 20:01:00+00:00,BTC,78852.25,80572.75,78189.5,78559.0,0.0
2025-03-10 20:01:00+00:00,DOGE,0.16,0.185,0.15,0.15,0.0
2025-03-10 20:01:00+00:00,ETH,1862.35,1925.35,1836.8,1864.25,0.0
2025-03-10 20:01:00+00:00,SOL,118.9,119.97,116.83,118.25,0.0
2025-03-10 20:01:00+00:00,XRP,2.07,2.365,2.01,2.02,0.0
2025-03-11 00:00:00+00:00,BTC,78559.0,80593.25,76575.75,80407.25,0.0
2025-03-11 00:00:00+00:00,DOGE,0.15,0.2,0.13,0.16,0.0
2025-03-11 00:00:00+00:00,ETH,1864.25,1913.3,1755.85,1903.65,0.0
2025-03-11 00:00:00+00:00,SOL,118.25,123.96,112.26,123.05,0.0
2025-03-11 00:00:00+00:00,XRP,2.02,2.3,1.9,2.095,0.0
2025-03-11 08:00:00+00:00,BTC,80407.25,82183.5,79022.25,81201.25,0.0
2025-03-11 08:00:00+00:00,DOGE,0.16,0.165,0.15,0.16,0.0
2025-03-11 08:00:00+00:00,ETH,1903.65,1966.1,1840.55,1913.7,0.0
2025-03-11 08:00:00+00:00,SOL,123.05,126.22,118.56,124.93,0.0
2025-03-11 08:00:00+00:00,XRP,2.095,2.405,2.055,2.135,0.0
2025-03-11 16:00:00+00:00,BTC,81201.25,83621.25,80600.5,83085.25,0.0
2025-03-11 16:00:00+00:00,DOGE,0.16,0.17,0.16,0.17,0.0
2025-03-11 16:00:00+00:00,ETH,1913.7,1962.9,1886.15,1951.25,0.0
2025-03-11 16:00:00+00:00,SOL,124.93,128.36,122.84,128.15,0.0
2025-03-11 16:00:00+00:00,XRP,2.135,2.21,2.08,2.21,0.0
2025-03-11 20:01:00+00:00,BTC,83104.25,84060.25,82533.25,82922.25,0.0
2025-03-11 20:01:00+00:00,DOGE,0.17,0.17,0.16,0.16,0.0
2025-03-11 20:01:00+00:00,ETH,1952.8,1955.05,1916.5,1923.1,0.0
2025-03-11 20:01:00+00:00,SOL,127.92,127.94,125.08,125.34,0.0
2025-03-11 20:01:00+00:00,XRP,2.2,2.21,2.16,2.17,0.0
2025-03-12 00:00:00+00:00,BTC,82922.25,83769.0,81269.5,82413.75,0.0
2025-03-12 00:00:00+00:00,DOGE,0.16,0.17,0.16,0.17,0.0
2025-03-12 00:00:00+00:00,ETH,1923.1,1932.15,1852.05,1910.75,0.0
2025-03-12 00:00:00+00:00,SOL,125.34,127.01,121.21,123.15,0.0
2025-03-12 00:00:00+00:00,XRP,2.17,2.245,2.14,2.19,0.0
2025-03-12 08:00:00+00:00,BTC,82413.75,84500.5,80584.75,81719.25,0.0
2025-03-12 08:00:00+00:00,DOGE,0.17,0.17,0.16,0.17,0.0
2025-03-12 08:00:00+00:00,ETH,1910.75,1965.35,1830.15,1869.45,0.0
2025-03-12 08:00:00+00:00,SOL,123.15,131.31,122.87,124.55,0.0
2025-03-12 08:00:00+00:00,XRP,2.19,2.27,2.13,2.2,0.0
2025-03-12 16:00:00+00:00,BTC,81719.25,83145.0,81602.0,82905.25,0.0
2025-03-12 16:00:00+00:00,DOGE,0.17,0.17,0.16,0.17,0.0
2025-03-12 16:00:00+00:00,ETH,1869.45,1894.35,1862.75,1877.8,0.0
2025-03-12 16:00:00+00:00,SOL,124.55,126.28,123.29,125.02,0.0
2025-03-12 16:00:00+00:00,XRP,2.2,2.25,2.19,2.24,0.0
2025-03-12 20:01:00+00:00,BTC,82889.75,83887.75,82693.5,83677.5,0.0
2025-03-12 20:01:00+00:00,DOGE,0.17,0.17,0.17,0.17,0.0
2025-03-12 20:01:00+00:00,ETH,1877.35,1915.35,1873.2,1907.8,0.0
2025-03-12 20:01:00+00:00,SOL,124.97,127.01,123.92,126.61,0.0
2025-03-12 20:01:00+00:00,XRP,2.24,2.24,2.21,2.24,0.0
2025-03-13 00:00:00+00:00,BTC,83677.5,84325.25,82839.25,83156.75,0.0
2025-03-13 00:00:00+00:00,DOGE,0.17,0.17,0.17,0.17,0.0
2025-03-13 00:00:00+00:00,ETH,1907.8,1916.7,1858.75,1872.0,0.0
2025-03-13 00:00:00+00:00,SOL,126.61,127.41,123.03,124.23,0.0
2025-03-13 00:00:00+00:00,XRP,2.24,2.26,2.22,2.235,0.0
2025-03-13 08:00:00+00:00,BTC,83156.75,83896.75,80927.75,81022.0,0.0
2025-03-13 08:00:00+00:00,DOGE,0.17,0.17,0.17,0.17,0.0
2025-03-13 08:00:00+00:00,ETH,1872.0,1920.1,1854.15,1874.9,0.0
2025-03-13 08:00:00+00:00,SOL,124.23,128.58,123.62,124.29,0.0
2025-03-13 08:00:00+00:00,XRP,2.235,2.35,2.215,2.29,0.0
2025-03-13 16:00:00+00:00,BTC,81022.0,81246.5,79909.75,80170.0,0.0
2025-03-13 16:00:00+00:00,DOGE,0.17,0.17,0.16,0.16,0.0
2025-03-13 16:00:00+00:00,ETH,1874.9,1877.75,1821.55,1851.05,0.0
2025-03-13 16:00:00+00:00,SOL,124.29,124.38,121.05,121.4,0.0
2025-03-13 16:00:00+00:00,XRP,2.29,2.31,2.215,2.24,0.0
2025-03-13 20:01:00+00:00,BTC,80300.0,81455.5,80231.0,81090.0,0.0
2025-03-13 20:01:00+00:00,DOGE,0.16,0.17,0.16,0.17,0.0
2025-03-13 20:01:00+00:00,ETH,1853.7,1882.8,1838.55,1863.8,0.0
2025-03-13 20:01:00+00:00,SOL,121.73,124.31,120.83,123.32,0.0
2025-03-13 20:01:00+00:00,XRP,2.24,2.275,2.22,2.25,0.0
2025-03-14 00:00:00+00:00,BTC,81090.0,82454.5,80777.75,82174.25,0.0
2025-03-14 00:00:00+00:00,DOGE,0.17,0.17,0.16,0.17,0.0
2025-03-14 00:00:00+00:00,ETH,1863.8,1905.65,1860.45,1892.85,0.0
2025-03-14 00:00:00+00:00,SOL,123.32,125.55,122.94,124.68,0.0
2025-03-14 00:00:00+00:00,XRP,2.25,2.31,2.24,2.295,0.0
2025-03-14 08:00:00+00:00,BTC,82174.25,85326.25,82159.25,84748.75,0.0
2025-03-14 08:00:00+00:00,DOGE,0.17,0.18,0.17,0.17,0.0
2025-03-14 08:00:00+00:00,ETH,1892.85,1942.55,1879.9,1922.25,0.0
2025-03-14 08:00:00+00:00,SOL,124.68,133.62,124.6,132.09,0.0
2025-03-14 08:00:00+00:00,XRP,2.295,2.39,2.29,2.36,0.0
2025-03-14 16:00:00+00:00,BTC,84748.75,84982.0,83294.5,84575.0,0.0
2025-03-14 16:00:00+00:00,DOGE,0.17,0.17,0.17,0.17,0.0
2025-03-14 16:00:00+00:00,ETH,1922.25,1945.95,1914.05,1934.5,0.0
2025-03-14 16:00:00+00:00,SOL,132.09,134.71,130.91,134.3,0.0
2025-03-14 16:00:00+00:00,XRP,2.36,2.37,2.335,2.355,0.0
2025-03-16 07:00:00+00:00,BTC,84239.25,84386.75,83969.75,84279.0,0.0
2025-03-16 07:00:00+00:00,DOGE,0.18,0.18,0.17,0.18,0.0
2025-03-16 07:00:00+00:00,ETH,1928.05,1929.15,1921.6,1926.05,0.0
2025-03-16 07:00:00+00:00,SOL,135.1,135.16,133.92,134.63,0.0
2025-03-16 07:00:00+00:00,XRP,2.39,2.39,2.37,2.38,0.0
2025-03-16 08:00:00+00:00,BTC,84279.0,84348.25,82378.25,83336.25,0.0
2025-03-16 08:00:00+00:00,DOGE,0.18,0.18,0.17,0.17,0.0
2025-03-16 08:00:00+00:00,ETH,1926.05,1927.15,1866.9,1895.1,0.0
2025-03-16 08:00:00+00:00,SOL,134.63,134.97,127.53,128.8,0.0
2025-03-16 08:00:00+00:00,XRP,2.38,2.385,2.27,2.295,0.0
2025-03-16 16:00:00+00:00,BTC,83336.25,85120.5,81987.5,82582.0,0.0
2025-03-16 16:00:00+00:00,DOGE,0.17,0.17,0.17,0.17,0.0
2025-03-16 16:00:00+00:00,ETH,1895.1,1923.7,1861.2,1886.8,0.0
2025-03-16 16:00:00+00:00,SOL,128.8,131.19,125.25,126.19,0.0
2025-03-16 16:00:00+00:00,XRP,2.295,2.35,2.28,2.295,0.0
2025-03-17 00:00:00+00:00,BTC,82582.0,83881.75,82512.0,83570.75,0.0
2025-03-17 00:00:00+00:00,DOGE,0.17,0.17,0.17,0.17,0.0
2025-03-17 00:00:00+00:00,ETH,1886.8,1915.85,1879.8,1900.7,0.0
2025-03-17 00:00:00+00:00,SOL,126.19,129.5,125.91,129.27,0.0
2025-03-17 00:00:00+00:00,XRP,2.295,2.37,2.29,2.335,0.0
2025-03-17 08:00:00+00:00,BTC,83570.75,83972.75,82455.5,83542.5,0.0
2025-03-17 08:00:00+00:00,DOGE,0.17,0.17,0.17,0.17,0.0
2025-03-17 08:00:00+00:00,ETH,1900.7,1926.15,1888.3,1919.25,0.0
2025-03-17 08:00:00+00:00,SOL,129.27,130.11,125.57,127.47,0.0
2025-03-17 08:00:00+00:00,XRP,2.335,2.365,2.31,2.345,0.0
2025-03-17 16:00:00+00:00,BTC,83542.5,84764.25,83117.25,84490.0,0.0
2025-03-17 16:00:00+00:00,DOGE,0.17,0.18,0.17,0.175,0.0
2025-03-17 16:00:00+00:00,ETH,1919.25,1952.6,1907.8,1942.25,0.0
2025-03-17 16:00:00+00:00,SOL,127.47,130.74,126.71,129.85,0.0
2025-03-17 16:00:00+00:00,XRP,2.345,2.38,2.33,2.36,0.0
2025-03-17 20:01:00+00:00,BTC,84498.25,84684.25,83736.5,84006.5,0.0
2025-03-17 20:01:00+00:00,DOGE,0.17,0.175,0.17,0.17,0.0
2025-03-17 20:01:00+00:00,ETH,1913.8,1945.15,1913.8,1926.25,0.0
2025-03-17 20:01:00+00:00,SOL,137.94,138.01,127.78,128.03,0.0
2025-03-17 20:01:00+00:00,XRP,2.34,2.35,2.315,2.34,0.0
2025-03-18 00:00:00+00:00,BTC,84006.5,84030.75,82233.5,83155.75,0.0
2025-03-18 00:00:00+00:00,DOGE,0.17,0.17,0.17,0.17,0.0
2025-03-18 00:00:00+00:00,ETH,1926.25,1930.1,1893.6,1904.75,0.0
2025-03-18 00:00:00+00:00,SOL,128.03,128.18,123.26,125.18,0.0
2025-03-18 00:00:00+00:00,XRP,2.34,2.34,2.24,2.29,0.0
2025-03-18 08:00:00+00:00,BTC,83155.75,83864.75,81011.75,81597.0,0.0
2025-03-18 08:00:00+00:00,DOGE,0.17,0.175,0.16,0.16,0.0
2025-03-18 08:00:00+00:00,ETH,1904.75,1951.7,1861.1,1880.7,0.0
2025-03-18 08:00:00+00:00,SOL,125.18,134.97,121.19,122.55,0.0
2025-03-18 08:00:00+00:00,XRP,2.29,2.33,2.215,2.24,0.0
2025-03-18 16:00:00+00:00,BTC,81597.0,82473.25,81080.5,82296.75,0.0
2025-03-18 16:00:00+00:00,DOGE,0.16,0.17,0.16,0.17,0.0
2025-03-18 16:00:00+00:00,ETH,1880.7,1908.1,1872.85,1904.0,0.0
2025-03-18 16:00:00+00:00,SOL,122.55,124.46,122.43,124.18,0.0
2025-03-18 16:00:00+00:00,XRP,2.24,2.27,2.22,2.26,0.0
2025-03-18 20:01:00+00:00,BTC,82313.75,82812.5,81853.5,82705.75,0.0
2025-03-18 20:01:00+00:00,DOGE,0.17,0.17,0.17,0.17,0.0
2025-03-18 20:01:00+00:00,ETH,1905.2,1935.8,1898.05,1931.25,0.0
2025-03-18 20:01:00+00:00,SOL,124.33,125.69,123.49,125.31,0.0
2025-03-18 20:01:00+00:00,XRP,2.26,2.295,2.25,2.285,0.0
2025-03-19 00:00:00+00:00,BTC,82705.75,83384.0,82535.25,83201.5,0.0
2025-03-19 00:00:00+00:00,DOGE,0.17,0.17,0.17,0.17,0.0
2025-03-19 00:00:00+00:00,ETH,1931.25,1948.8,1927.6,1932.1,0.0
2025-03-19 00:00:00+00:00,SOL,125.31,126.85,124.2,125.71,0.0
2025-03-19 00:00:00+00:00,XRP,2.285,2.31,2.265,2.29,0.0
2025-03-19 08:00:00+00:00,BTC,83201.5,84912.0,83187.5,84751.0,0.0
2025-03-19 08:00:00+00:00,DOGE,0.17,0.175,0.165,0.17,0.0
2025-03-19 08:00:00+00:00,ETH,1932.1,2057.1,1931.65,2049.4,0.0
2025-03-19 08:00:00+00:00,SOL,125.71,138.3,125.09,132.34,0.0
2025-03-19 08:00:00+00:00,XRP,2.29,2.61,2.29,2.555,0.0
2025-03-19 16:00:00+00:00,BTC,84751.0,85973.75,83578.25,85465.25,0.0
2025-03-19 16:00:00+00:00,DOGE,0.17,0.18,0.165,0.17,0.0
2025-03-19 16:00:00+00:00,ETH,2049.4,2077.95,1955.9,2031.8,0.0
2025-03-19 16:00:00+00:00,SOL,132.34,138.95,128.38,133.05,0.0
2025-03-19 16:00:00+00:00,XRP,2.555,2.57,2.365,2.49,0.0
2025-03-19 20:01:00+00:00,BTC,85522.25,87047.5,85224.5,86881.5,0.0
2025-03-19 20:01:00+00:00,DOGE,0.17,0.18,0.17,0.18,0.0
2025-03-19 20:01:00+00:00,ETH,2032.45,2070.8,2028.75,2056.85,0.0
2025-03-19 20:01:00+00:00,SOL,133.4,136.1,133.03,135.36,0.0
2025-03-19 20:01:00+00:00,XRP,2.495,2.56,2.48,2.55,0.0
2025-03-20 00:00:00+00:00,BTC,86881.5,87486.5,85440.0,85831.5,0.0
2025-03-20 00:00:00+00:00,DOGE,0.18,0.18,0.17,0.17,0.0
2025-03-20 00:00:00+00:00,ETH,2056.85,2068.85,2005.15,2007.7,0.0
2025-03-20 00:00:00+00:00,SOL,135.36,136.08,132.8,134.03,0.0
2025-03-20 00:00:00+00:00,XRP,2.55,2.56,2.43,2.465,0.0
2025-03-20 08:00:00+00:00,BTC,85831.5,86510.75,84536.0,84668.25,0.0
2025-03-20 08:00:00+00:00,DOGE,0.17,0.18,0.17,0.17,0.0
2025-03-20 08:00:00+00:00,ETH,2007.7,2021.85,1939.3,1971.45,0.0
2025-03-20 08:00:00+00:00,SOL,134.03,134.56,128.51,128.89,0.0
2025-03-20 08:00:00+00:00,XRP,2.465,2.52,2.44,2.44,0.0
2025-03-20 16:00:00+00:00,BTC,84668.25,84874.75,83608.25,84145.0,0.0
2025-03-20 16:00:00+00:00,DOGE,0.17,0.17,0.17,0.17,0.0
2025-03-20 16:00:00+00:00,ETH,1971.45,1979.35,1951.3,1973.85,0.0
2025-03-20 16:00:00+00:00,SOL,128.89,129.3,126.63,127.89,0.0
2025-03-20 16:00:00+00:00,XRP,2.44,2.455,2.39,2.435,0.0
2025-03-20 20:01:00+00:00,BTC,84155.75,84577.5,83869.0,84189.5,0.0
2025-03-20 20:01:00+00:00,DOGE,0.17,0.17,0.17,0.17,0.0
2025-03-20 20:01:00+00:00,ETH,1974.5,1984.4,1970.2,1982.85,0.0
2025-03-20 20:01:00+00:00,SOL,127.86,128.43,127.16,127.53,0.0
2025-03-20 20:01:00+00:00,XRP,2.44,2.455,2.41,2.435,0.0
2025-03-21 00:00:00+00:00,BTC,84189.5,84817.25,83696.75,83905.75,0.0
2025-03-21 00:00:00+00:00,DOGE,0.17,0.17,0.17,0.17,0.0
2025-03-21 00:00:00+00:00,ETH,1982.85,1995.7,1965.55,1975.85,0.0
2025-03-21 00:00:00+00:00,SOL,127.53,128.99,127.32,128.01,0.0
2025-03-21 00:00:00+00:00,XRP,2.435,2.465,2.38,2.41,0.0
2025-03-21 08:00:00+00:00,BTC,83905.75,84322.0,83128.0,83524.0,0.0
2025-03-21 08:00:00+00:00,DOGE,0.17,0.17,0.16,0.17,0.0
2025-03-21 08:00:00+00:00,ETH,1975.85,1981.55,1936.0,1949.7,0.0
2025-03-21 08:00:00+00:00,SOL,128.01,129.04,125.36,125.94,0.0
2025-03-21 08:00:00+00:00,XRP,2.41,2.42,2.355,2.37,0.0
2025-03-21 16:00:00+00:00,BTC,83524.0,84400.0,83323.75,83922.75,0.0
2025-03-21 16:00:00+00:00,DOGE,0.17,0.17,0.165,0.17,0.0
2025-03-21 16:00:00+00:00,ETH,1949.7,1977.2,1945.4,1973.1,0.0
2025-03-21 16:00:00+00:00,SOL,125.94,129.63,124.81,128.19,0.0
2025-03-21 16:00:00+00:00,XRP,2.37,2.42,2.36,2.4,0.0
2025-03-23 07:00:00+00:00,BTC,84234.75,84334.0,84210.25,84271.75,0.0
2025-03-23 07:00:00+00:00,DOGE,0.17,0.17,0.17,0.17,0.0
2025-03-23 07:00:00+00:00,ETH,2002.45,2019.3,2001.3,2008.0,0.0
2025-03-23 07:00:00+00:00,SOL,130.62,131.43,130.55,131.13,0.0
2025-03-23 07:00:00+00:00,XRP,2.39,2.4,2.39,2.395,0.0
2025-03-23 08:00:00+00:00,BTC,84271.75,85254.25,84258.75,85183.0,0.0
2025-03-23 08:00:00+00:00,DOGE,0.17,0.17,0.17,0.17,0.0
2025-03-23 08:00:00+00:00,ETH,2008.0,2020.5,2002.15,2006.85,0.0
2025-03-23 08:00:00+00:00,SOL,131.13,134.01,130.93,132.49,0.0
2025-03-23 08:00:00+00:00,XRP,2.395,2.43,2.385,2.41,0.0
2025-03-23 16:00:00+00:00,BTC,85183.0,86136.75,84798.25,86087.0,0.0
2025-03-23 16:00:00+00:00,DOGE,0.17,0.17,0.17,0.17,0.0
2025-03-23 16:00:00+00:00,ETH,2006.85,2007.9,1980.5,2006.05,0.0
2025-03-23 16:00:00+00:00,SOL,132.49,132.84,130.18,132.83,0.0
2025-03-23 16:00:00+00:00,XRP,2.41,2.44,2.385,2.44,0.0
2025-03-24 00:00:00+00:00,BTC,86087.0,87313.75,85526.0,86880.75,0.0
2025-03-24 00:00:00+00:00,DOGE,0.17,0.18,0.17,0.175,0.0
2025-03-24 00:00:00+00:00,ETH,2006.05,2079.7,1977.6,2069.35,0.0
2025-03-24 00:00:00+00:00,SOL,132.83,139.35,132.07,138.88,0.0
2025-03-24 00:00:00+00:00,XRP,2.44,2.47,2.415,2.44,0.0
2025-03-24 08:00:00+00:00,BTC,86880.75,88785.75,86859.75,88357.25,0.0
2025-03-24 08:00:00+00:00,DOGE,0.175,0.18,0.17,0.18,0.0
2025-03-24 08:00:00+00:00,ETH,2069.35,2104.5,2035.25,2089.75,0.0
2025-03-24 08:00:00+00:00,SOL,138.88,145.0,138.64,143.25,0.0
2025-03-24 08:00:00+00:00,XRP,2.44,2.505,2.44,2.47,0.0
2025-03-24 16:00:00+00:00,BTC,88357.25,88560.75,87695.75,88256.25,0.0
2025-03-24 16:00:00+00:00,DOGE,0.18,0.19,0.18,0.19,0.0
2025-03-24 16:00:00+00:00,ETH,2089.75,2101.25,2067.9,2089.25,0.0
2025-03-24 16:00:00+00:00,SOL,143.25,143.45,141.3,142.79,0.0
2025-03-24 16:00:00+00:00,XRP,2.47,2.48,2.45,2.465,0.0
2025-03-24 20:01:00+00:00,BTC,87500.0,89139.0,87077.25,87523.75,0.0
2025-03-24 20:01:00+00:00,DOGE,0.175,0.19,0.175,0.18,0.0
2025-03-24 20:01:00+00:00,ETH,2047.05,2098.65,2047.0,2081.6,0.0
2025-03-24 20:01:00+00:00,SOL,144.51,146.13,139.66,141.03,0.0
2025-03-24 20:01:00+00:00,XRP,2.51,2.515,2.43,2.45,0.0
2025-03-25 00:00:00+00:00,BTC,87523.75,87710.0,86318.0,86450.25,0.0
2025-03-25 00:00:00+00:00,DOGE,0.18,0.19,0.18,0.18,0.0
2025-03-25 00:00:00+00:00,ETH,2081.6,2098.2,2037.2,2055.7,0.0
2025-03-25 00:00:00+00:00,SOL,141.03,142.33,138.17,139.47,0.0
2025-03-25 00:00:00+00:00,XRP,2.45,2.465,2.41,2.42,0.0
2025-03-25 08:00:00+00:00,BTC,86450.25,88290.0,86179.75,87787.25,0.0
2025-03-25 08:00:00+00:00,DOGE,0.18,0.19,0.18,0.19,0.0
2025-03-25 08:00:00+00:00,ETH,2055.7,2080.4,2052.4,2067.8,0.0
2025-03-25 08:00:00+00:00,SOL,139.47,147.5,139.43,145.31,0.0
2025-03-25 08:00:00+00:00,XRP,2.42,2.46,2.42,2.44,0.0
2025-03-25 16:00:00+00:00,BTC,87787.25,88360.0,87604.5,88152.5,0.0
2025-03-25 16:00:00+00:00,DOGE,0.19,0.19,0.19,0.19,0.0
2025-03-25 16:00:00+00:00,ETH,2067.8,2084.5,2056.9,2076.0,0.0
2025-03-25 16:00:00+00:00,SOL,145.31,146.28,143.67,145.07,0.0
2025-03-25 16:00:00+00:00,XRP,2.44,2.48,2.425,2.46,0.0
2025-03-25 20:01:00+00:00,BTC,88230.25,88577.75,87158.75,87423.75,0.0
2025-03-25 20:01:00+00:00,DOGE,0.19,0.19,0.19,0.19,0.0
2025-03-25 20:01:00+00:00,ETH,2076.45,2083.3,2054.05,2066.55,0.0
2025-03-25 20:01:00+00:00,SOL,145.25,146.12,142.52,143.67,0.0
2025-03-25 20:01:00+00:00,XRP,2.46,2.47,2.435,2.45,0.0
2025-03-26 00:00:00+00:00,BTC,87423.75,88310.5,87048.0,88158.75,0.0
2025-03-26 00:00:00+00:00,DOGE,0.19,0.2,0.19,0.2,0.0
2025-03-26 00:00:00+00:00,ETH,2066.55,2079.05,2043.05,2069.55,0.0
2025-03-26 00:00:00+00:00,SOL,143.67,144.9,141.52,144.53,0.0
2025-03-26 00:00:00+00:00,XRP,2.45,2.48,2.44,2.465,0.0
2025-03-26 08:00:00+00:00,BTC,88158.75,88293.0,86455.5,86764.0,0.0
2025-03-26 08:00:00+00:00,DOGE,0.2,0.21,0.19,0.2,0.0
2025-03-26 08:00:00+00:00,ETH,2069.55,2076.35,2007.0,2012.55,0.0
2025-03-26 08:00:00+00:00,SOL,144.53,145.5,139.01,139.34,0.0
2025-03-26 08:00:00+00:00,XRP,2.465,2.47,2.395,2.405,0.0
2025-03-26 16:00:00+00:00,BTC,86764.0,87075.25,85857.0,86570.75,0.0
2025-03-26 16:00:00+00:00,DOGE,0.2,0.2,0.19,0.19,0.0
2025-03-26 16:00:00+00:00,ETH,2012.55,2022.55,1981.55,1999.9,0.0
2025-03-26 16:00:00+00:00,SOL,139.34,140.23,136.22,137.47,0.0
2025-03-26 16:00:00+00:00,XRP,2.405,2.415,2.36,2.37,0.0
2025-03-26 20:01:00+00:00,BTC,86621.25,87427.5,86567.75,86928.5,0.0
2025-03-26 20:01:00+00:00,DOGE,0.19,0.2,0.19,0.195,0.0
2025-03-26 20:01:00+00:00,ETH,2001.6,2017.5,1992.3,2009.75,0.0
2025-03-26 20:01:00+00:00,SOL,137.52,138.53,135.89,137.4,0.0
2025-03-26 20:01:00+00:00,XRP,2.36,2.39,2.33,2.35,0.0
2025-03-27 00:00:00+00:00,BTC,86928.5,87781.25,86806.75,87422.5,0.0
2025-03-27 00:00:00+00:00,DOGE,0.195,0.2,0.19,0.2,0.0
2025-03-27 00:00:00+00:00,ETH,2009.75,2037.7,2006.8,2026.6,0.0
2025-03-27 00:00:00+00:00,SOL,137.4,140.24,136.82,138.91,0.0
2025-03-27 00:00:00+00:00,XRP,2.35,2.39,2.345,2.365,0.0
2025-03-27 08:00:00+00:00,BTC,87422.5,87621.25,85798.75,86946.25,0.0
2025-03-27 08:00:00+00:00,DOGE,0.2,0.2,0.19,0.19,0.0
2025-03-27 08:00:00+00:00,ETH,2026.6,2051.15,1986.65,2005.0,0.0
2025-03-27 08:00:00+00:00,SOL,138.91,139.8,135.61,137.75,0.0
2025-03-27 08:00:00+00:00,XRP,2.365,2.38,2.3,2.34,0.0
2025-03-27 16:00:00+00:00,BTC,86946.25,87426.0,86778.25,87056.5,0.0
2025-03-27 16:00:00+00:00,DOGE,0.19,0.19,0.19,0.19,0.0
2025-03-27 16:00:00+00:00,ETH,2005.0,2014.95,1993.6,2003.45,0.0
2025-03-27 16:00:00+00:00,SOL,137.75,139.73,137.37,139.05,0.0
2025-03-27 16:00:00+00:00,XRP,2.34,2.36,2.32,2.34,0.0
2025-03-27 20:01:00+00:00,BTC,87069.5,87726.0,86925.75,87209.75,0.0
2025-03-27 20:01:00+00:00,DOGE,0.19,0.19,0.19,0.19,0.0
2025-03-27 20:01:00+00:00,ETH,2003.6,2019.55,1998.9,2003.25,0.0
2025-03-27 20:01:00+00:00,SOL,139.06,139.95,138.09,138.42,0.0
2025-03-27 20:01:00+00:00,XRP,2.34,2.36,2.33,2.34,0.0
2025-03-28 00:00:00+00:00,BTC,87209.75,87503.25,85123.5,85172.0,0.0
2025-03-28 00:00:00+00:00,DOGE,0.19,0.19,0.18,0.18,0.0
2025-03-28 00:00:00+00:00,ETH,2003.25,2041.9,1903.25,1909.5,0.0
2025-03-28 00:00:00+00:00,SOL,138.42,139.03,131.33,131.59,0.0
2025-03-28 00:00:00+00:00,XRP,2.34,2.34,2.22,2.22,0.0
2025-03-28 08:00:00+00:00,BTC,85172.0,85563.75,83911.0,84005.25,0.0
2025-03-28 08:00:00+00:00,DOGE,0.18,0.19,0.165,0.18,0.0
2025-03-28 08:00:00+00:00,ETH,1909.5,2000.5,1870.3,1871.1,0.0
2025-03-28 08:00:00+00:00,SOL,131.59,140.82,129.1,129.84,0.0
2025-03-28 08:00:00+00:00,XRP,2.22,2.24,2.175,2.18,0.0
2025-03-28 16:00:00+00:00,BTC,84005.25,84171.0,83527.25,83743.0,0.0
2025-03-28 16:00:00+00:00,DOGE,0.18,0.18,0.18,0.18,0.0
2025-03-28 16:00:00+00:00,ETH,1871.1,1886.1,1860.8,1873.1,0.0
2025-03-28 16:00:00+00:00,SOL,129.84,130.21,128.96,129.35,0.0
2025-03-28 16:00:00+00:00,XRP,2.18,2.19,2.15,2.18,0.0
2025-03-30 07:00:00+00:00,BTC,83170.5,83307.0,83043.75,83059.75,0.0
2025-03-30 07:00:00+00:00,DOGE,0.17,0.17,0.17,0.17,0.0
2025-03-30 07:00:00+00:00,ETH,1838.75,1843.8,1835.8,1837.05,0.0
2025-03-30 07:00:00+00:00,SOL,125.87,126.27,125.26,125.45,0.0
2025-03-30 07:00:00+00:00,XRP,2.18,2.19,2.17,2.175,0.0
2025-03-30 08:00:00+00:00,BTC,83059.75,83518.0,82546.0,82718.5,0.0
2025-03-30 08:00:00+00:00,DOGE,0.17,0.17,0.17,0.17,0.0
2025-03-30 08:00:00+00:00,ETH,1837.05,1848.3,1800.75,1813.35,0.0
2025-03-30 08:00:00+00:00,SOL,125.45,126.41,122.83,124.9,0.0
2025-03-30 08:00:00+00:00,XRP,2.175,2.2,2.12,2.14,0.0
2025-03-30 16:00:00+00:00,BTC,82718.5,82878.0,81536.25,82384.5,0.0
2025-03-30 16:00:00+00:00,DOGE,0.17,0.17,0.16,0.17,0.0
2025-03-30 16:00:00+00:00,ETH,1813.35,1833.2,1767.3,1807.75,0.0
2025-03-30 16:00:00+00:00,SOL,124.9,127.03,122.97,124.82,0.0
2025-03-30 16:00:00+00:00,XRP,2.14,2.17,2.11,2.14,0.0
2025-03-31 00:00:00+00:00,BTC,82384.5,82450.5,81265.75,81931.75,0.0
2025-03-31 00:00:00+00:00,DOGE,0.17,0.17,0.16,0.16,0.0
2025-03-31 00:00:00+00:00,ETH,1807.75,1822.9,1771.35,1798.75,0.0
2025-03-31 00:00:00+00:00,SOL,124.82,127.62,122.73,125.85,0.0
2025-03-31 00:00:00+00:00,XRP,2.14,2.14,2.055,2.065,0.0
2025-03-31 08:00:00+00:00,BTC,81931.75,83930.0,81277.25,83417.75,0.0
2025-03-31 08:00:00+00:00,DOGE,0.16,0.185,0.16,0.17,0.0
2025-03-31 08:00:00+00:00,ETH,1798.75,1854.55,1777.7,1842.3,0.0
2025-03-31 08:00:00+00:00,SOL,125.85,131.18,123.02,126.78,0.0
2025-03-31 08:00:00+00:00,XRP,2.065,2.34,2.02,2.12,0.0
2025-03-31 16:00:00+00:00,BTC,83417.75,83703.25,82370.5,82438.25,0.0
2025-03-31 16:00:00+00:00,DOGE,0.17,0.17,0.16,0.17,0.0
2025-03-31 16:00:00+00:00,ETH,1842.3,1847.5,1817.3,1827.45,0.0
2025-03-31 16:00:00+00:00,SOL,126.78,127.35,123.83,125.2,0.0
2025-03-31 16:00:00+00:00,XRP,2.12,2.13,2.08,2.09,0.0
2025-03-31 20:01:00+00:00,BTC,82409.75,83023.5,82236.5,82539.25,0.0
2025-03-31 20:01:00+00:00,DOGE,0.175,0.185,0.16,0.17,0.0
2025-03-31 20:01:00+00:00,ETH,1815.15,1842.05,1815.15,1822.2,0.0
2025-03-31 20:01:00+00:00,SOL,129.45,130.88,124.48,124.51,0.0
2025-03-31 20:01:00+00:00,XRP,2.15,2.175,2.075,2.09,0.0
2025-04-01 00:00:00+00:00,BTC,82539.25,83596.25,82404.75,83438.5,0.0
2025-04-01 00:00:00+00:00,DOGE,0.17,0.17,0.17,0.17,0.0
2025-04-01 00:00:00+00:00,ETH,1822.2,1866.75,1817.75,1854.05,0.0
2025-04-01 00:00:00+00:00,SOL,124.51,126.75,123.73,126.68,0.0
2025-04-01 00:00:00+00:00,XRP,2.09,2.12,2.065,2.095,0.0
2025-04-01 08:00:00+00:00,BTC,83438.5,85504.25,82515.5,85294.0,0.0
2025-04-01 08:00:00+00:00,DOGE,0.17,0.18,0.17,0.175,0.0
2025-04-01 08:00:00+00:00,ETH,1854.05,1927.65,1842.15,1918.5,0.0
2025-04-01 08:00:00+00:00,SOL,126.68,130.45,124.68,129.25,0.0
2025-04-01 08:00:00+00:00,XRP,2.095,2.2,2.095,2.16,0.0
2025-04-01 16:00:00+00:00,BTC,85294.0,85501.5,84708.5,84961.25,0.0
2025-04-01 16:00:00+00:00,DOGE,0.175,0.18,0.17,0.17,0.0
2025-04-01 16:00:00+00:00,ETH,1918.5,1924.2,1901.2,1910.0,0.0
2025-04-01 16:00:00+00:00,SOL,129.25,129.62,125.52,126.83,0.0
2025-04-01 16:00:00+00:00,XRP,2.16,2.17,2.12,2.14,0.0
2025-04-01 20:01:00+00:00,BTC,84916.0,85565.0,84768.5,85168.5,0.0
2025-04-01 20:01:00+00:00,DOGE,0.17,0.175,0.17,0.17,0.0
2025-04-01 20:01:00+00:00,ETH,1909.25,1922.75,1897.0,1905.1,0.0
2025-04-01 20:01:00+00:00,SOL,126.68,127.52,125.3,126.69,0.0
2025-04-01 20:01:00+00:00,XRP,2.135,2.15,2.12,2.14,0.0
2025-04-02 00:00:00+00:00,BTC,85168.5,85274.25,83905.75,84436.0,0.0
2025-04-02 00:00:00+00:00,DOGE,0.17,0.17,0.17,0.17,0.0
2025-04-02 00:00:00+00:00,ETH,1905.1,1908.75,1851.75,1865.2,0.0
2025-04-02 00:00:00+00:00,SOL,126.69,126.95,123.48,124.54,0.0
2025-04-02 00:00:00+00:00,XRP,2.14,2.14,2.07,2.11,0.0
2025-04-02 08:00:00+00:00,BTC,84436.0,87360.25,84261.75,86772.25,0.0
2025-04-02 08:00:00+00:00,DOGE,0.17,0.18,0.17,0.18,0.0
2025-04-02 08:00:00+00:00,ETH,1865.2,1919.2,1854.35,1901.4,0.0
2025-04-02 08:00:00+00:00,SOL,124.54,131.07,124.29,130.43,0.0
2025-04-02 08:00:00+00:00,XRP,2.11,2.195,2.1,2.17,0.0
2025-04-02 16:00:00+00:00,BTC,86772.25,87335.75,86183.0,86919.5,0.0
2025-04-02 16:00:00+00:00,DOGE,0.18,0.18,0.17,0.17,0.0
2025-04-02 16:00:00+00:00,ETH,1901.4,1916.5,1882.65,1911.8,0.0
2025-04-02 16:00:00+00:00,SOL,130.43,131.8,129.16,131.44,0.0
2025-04-02 16:00:00+00:00,XRP,2.17,2.18,2.13,2.16,0.0
2025-04-02 20:01:00+00:00,BTC,86794.5,88523.75,82304.25,82494.0,0.0
2025-04-02 20:01:00+00:00,DOGE,0.17,0.18,0.16,0.16,0.0
2025-04-02 20:01:00+00:00,ETH,1910.4,1956.5,1781.4,1794.85,0.0
2025-04-02 20:01:00+00:00,SOL,131.47,136.2,117.22,117.42,0.0
2025-04-02 20:01:00+00:00,XRP,2.16,2.23,1.985,2.02,0.0
2025-04-03 00:00:00+00:00,BTC,82494.0,83955.0,82144.25,83453.75,0.0
2025-04-03 00:00:00+00:00,DOGE,0.16,0.17,0.16,0.16,0.0
2025-04-03 00:00:00+00:00,ETH,1794.85,1845.35,1788.6,1815.3,0.0
2025-04-03 00:00:00+00:00,SOL,117.42,120.95,116.22,118.65,0.0
2025-04-03 00:00:00+00:00,XRP,2.02,2.08,2.01,2.05,0.0
2025-04-03 08:00:00+00:00,BTC,83453.75,83768.5,81176.75,82017.0,0.0
2025-04-03 08:00:00+00:00,DOGE,0.16,0.165,0.16,0.16,0.0
2025-04-03 08:00:00+00:00,ETH,1815.3,1824.25,1749.25,1781.8,0.0
2025-04-03 08:00:00+00:00,SOL,118.65,119.23,112.2,114.15,0.0
2025-04-03 08:00:00+00:00,XRP,2.05,2.06,1.96,2.005,0.0
2025-04-03 16:00:00+00:00,BTC,82017.0,82420.75,81499.0,81956.5,0.0
2025-04-03 16:00:00+00:00,DOGE,0.16,0.16,0.16,0.16,0.0
2025-04-03 16:00:00+00:00,ETH,1781.8,1798.3,1766.7,1786.05,0.0
2025-04-03 16:00:00+00:00,SOL,114.15,115.96,113.23,115.37,0.0
2025-04-03 16:00:00+00:00,XRP,2.005,2.075,1.99,2.05,0.0
2025-04-03 20:01:00+00:00,BTC,81906.5,83305.25,81751.25,83176.75,0.0
2025-04-03 20:01:00+00:00,DOGE,0.16,0.16,0.16,0.16,0.0
2025-04-03 20:01:00+00:00,ETH,1784.35,1821.15,1778.75,1816.3,0.0
2025-04-03 20:01:00+00:00,SOL,115.19,117.43,115.05,117.13,0.0
2025-04-03 20:01:00+00:00,XRP,2.05,2.07,2.035,2.06,0.0
2025-04-04 00:00:00+00:00,BTC,83176.75,83999.25,82560.5,83987.25,0.0
2025-04-04 00:00:00+00:00,DOGE,0.16,0.17,0.16,0.17,0.0
2025-04-04 00:00:00+00:00,ETH,1816.3,1822.65,1770.85,1817.55,0.0
2025-04-04 00:00:00+00:00,SOL,117.13,118.33,114.62,118.15,0.0
2025-04-04 00:00:00+00:00,XRP,2.06,2.095,2.035,2.09,0.0
2025-04-04 08:00:00+00:00,BTC,83987.25,84734.0,81642.25,82836.75,0.0
2025-04-04 08:00:00+00:00,DOGE,0.17,0.17,0.16,0.17,0.0
2025-04-04 08:00:00+00:00,ETH,1817.55,1835.55,1758.65,1794.75,0.0
2025-04-04 08:00:00+00:00,SOL,118.15,120.95,113.3,118.56,0.0
2025-04-04 08:00:00+00:00,XRP,2.09,2.16,2.015,2.12,0.0
2025-04-04 16:00:00+00:00,BTC,82836.75,84598.5,82700.5,83988.25,0.0
2025-04-04 16:00:00+00:00,DOGE,0.17,0.17,0.17,0.17,0.0
2025-04-04 16:00:00+00:00,ETH,1794.75,1828.4,1782.5,1810.05,0.0
2025-04-04 16:00:00+00:00,SOL,118.56,123.85,118.18,122.61,0.0
2025-04-04 16:00:00+00:00,XRP,2.12,2.15,2.1,2.13,0.0
2025-04-06 07:00:00+00:00,BTC,83073.5,83179.5,82985.25,82988.0,0.0
2025-04-06 07:00:00+00:00,DOGE,0.17,0.17,0.16,0.165,0.0
2025-04-06 07:00:00+00:00,ETH,1798.0,1800.9,1790.9,1797.15,0.0
2025-04-06 07:00:00+00:00,SOL,119.36,119.49,118.79,119.17,0.0
2025-04-06 07:00:00+00:00,XRP,2.11,2.11,2.085,2.09,0.0
2025-04-06 08:00:00+00:00,BTC,82988.0,83148.0,82192.25,82529.75,0.0
2025-04-06 08:00:00+00:00,DOGE,0.165,0.17,0.16,0.16,0.0
2025-04-06 08:00:00+00:00,ETH,1797.15,1797.5,1738.25,1762.25,0.0
2025-04-06 08:00:00+00:00,SOL,119.17,120.15,114.27,115.14,0.0
2025-04-06 08:00:00+00:00,XRP,2.09,2.1,2.045,2.08,0.0
2025-04-06 16:00:00+00:00,BTC,82529.75,82546.0,77077.75,78376.25,0.0
2025-04-06 16:00:00+00:00,DOGE,0.16,0.16,0.15,0.15,0.0
2025-04-06 16:00:00+00:00,ETH,1762.25,1762.4,1536.45,1579.7,0.0
2025-04-06 16:00:00+00:00,SOL,115.14,115.18,103.73,105.83,0.0
2025-04-06 16:00:00+00:00,XRP,2.08,2.08,1.86,1.92,0.0
2025-04-07 00:00:00+00:00,BTC,78376.25,79306.25,74421.25,75038.5,0.0
2025-04-07 00:00:00+00:00,DOGE,0.15,0.15,0.13,0.13,0.0
2025-04-07 00:00:00+00:00,ETH,1579.7,1613.55,1410.35,1458.8,0.0
2025-04-07 00:00:00+00:00,SOL,105.83,107.75,94.19,97.03,0.0
2025-04-07 00:00:00+00:00,XRP,1.92,1.95,1.61,1.68,0.0
2025-04-07 08:00:00+00:00,BTC,75038.5,81562.5,75003.75,78443.5,0.0
2025-04-07 08:00:00+00:00,DOGE,0.13,0.15,0.13,0.15,0.0
2025-04-07 08:00:00+00:00,ETH,1458.8,1658.4,1454.2,1555.8,0.0
2025-04-07 08:00:00+00:00,SOL,97.03,114.65,96.83,106.62,0.0
2025-04-07 08:00:00+00:00,XRP,1.68,2.01,1.67,1.875,0.0
2025-04-07 16:00:00+00:00,BTC,78443.5,79236.75,77290.75,78082.75,0.0
2025-04-07 16:00:00+00:00,DOGE,0.15,0.175,0.14,0.15,0.0
2025-04-07 16:00:00+00:00,ETH,1555.8,1572.0,1525.25,1544.65,0.0
2025-04-07 16:00:00+00:00,SOL,106.62,113.41,103.51,105.73,0.0
2025-04-07 16:00:00+00:00,XRP,1.875,2.08,1.84,1.89,0.0
2025-04-07 20:01:00+00:00,BTC,78601.5,80197.5,78369.0,79136.5,0.0
2025-04-07 20:01:00+00:00,DOGE,0.165,0.175,0.15,0.15,0.0
2025-04-07 20:01:00+00:00,ETH,1570.65,1695.25,1550.9,1552.5,0.0
2025-04-07 20:01:00+00:00,SOL,113.02,113.1,106.4,106.94,0.0
2025-04-07 20:01:00+00:00,XRP,2.05,2.075,1.895,1.9,0.0
2025-04-08 00:00:00+00:00,BTC,79136.5,80847.25,78742.25,79457.0,0.0
2025-04-08 00:00:00+00:00,DOGE,0.15,0.15,0.15,0.15,0.0
2025-04-08 00:00:00+00:00,ETH,1552.5,1714.15,1540.6,1570.15,0.0
2025-04-08 00:00:00+00:00,SOL,106.94,112.55,106.63,108.67,0.0
2025-04-08 00:00:00+00:00,XRP,1.9,1.935,1.85,1.87,0.0
2025-04-08 08:00:00+00:00,BTC,79457.0,80350.25,78129.0,78463.25,0.0
2025-04-08 08:00:00+00:00,DOGE,0.15,0.16,0.15,0.15,0.0
2025-04-08 08:00:00+00:00,ETH,1570.15,1593.1,1516.85,1530.45,0.0
2025-04-08 08:00:00+00:00,SOL,108.67,112.15,106.64,107.16,0.0
2025-04-08 08:00:00+00:00,XRP,1.87,1.97,1.85,1.905,0.0
2025-04-08 16:00:00+00:00,BTC,78463.25,79043.5,75617.0,76753.5,0.0
2025-04-08 16:00:00+00:00,DOGE,0.15,0.17,0.14,0.14,0.0
2025-04-08 16:00:00+00:00,ETH,1530.45,1769.1,1451.4,1465.0,0.0
2025-04-08 16:00:00+00:00,SOL,107.16,109.16,102.8,103.96,0.0
2025-04-08 16:00:00+00:00,XRP,1.905,2.075,1.805,1.82,0.0
2025-04-08 20:01:00+00:00,BTC,76824.25,77228.25,76165.75,76254.75,0.0
2025-04-08 20:01:00+00:00,DOGE,0.14,0.14,0.14,0.14,0.0
2025-04-08 20:01:00+00:00,ETH,1466.85,1484.9,1445.55,1472.15,0.0
2025-04-08 20:01:00+00:00,SOL,104.2,106.55,103.54,105.34,0.0
2025-04-08 20:01:00+00:00,XRP,1.83,1.84,1.78,1.79,0.0
2025-04-09 00:00:00+00:00,BTC,76254.75,77921.25,74561.0,77668.5,0.0
2025-04-09 00:00:00+00:00,DOGE,0.14,0.15,0.14,0.15,0.0
2025-04-09 00:00:00+00:00,ETH,1472.15,1491.2,1380.95,1482.95,0.0
2025-04-09 00:00:00+00:00,SOL,105.34,107.76,101.19,107.33,0.0
2025-04-09 00:00:00+00:00,XRP,1.79,1.84,1.72,1.83,0.0
2025-04-09 08:00:00+00:00,BTC,77668.5,78253.0,75728.5,77189.25,0.0
2025-04-09 08:00:00+00:00,DOGE,0.15,0.15,0.14,0.15,0.0
2025-04-09 08:00:00+00:00,ETH,1482.95,1499.9,1439.8,1484.05,0.0
2025-04-09 08:00:00+00:00,SOL,107.33,108.21,102.26,106.46,0.0
2025-04-09 08:00:00+00:00,XRP,1.83,1.995,1.76,1.83,0.0
2025-04-09 16:00:00+00:00,BTC,77189.25,82984.25,77060.75,82282.0,0.0
2025-04-09 16:00:00+00:00,DOGE,0.15,0.18,0.145,0.16,0.0
2025-04-09 16:00:00+00:00,ETH,1484.05,1671.3,1480.6,1639.25,0.0
2025-04-09 16:00:00+00:00,SOL,106.46,123.79,106.14,118.84,0.0
2025-04-09 16:00:00+00:00,XRP,1.83,2.255,1.82,2.04,0.0
2025-04-09 20:01:00+00:00,BTC,82361.75,83588.25,81978.25,82600.5,0.0
2025-04-09 20:01:00+00:00,DOGE,0.16,0.16,0.16,0.16,0.0
2025-04-09 20:01:00+00:00,ETH,1642.75,1688.65,1640.65,1669.2,0.0
2025-04-09 20:01:00+00:00,SOL,119.0,120.47,118.05,119.03,0.0
2025-04-09 20:01:00+00:00,XRP,2.04,2.09,2.03,2.05,0.0
2025-04-10 00:00:00+00:00,BTC,82600.5,82732.5,81274.25,81586.0,0.0
2025-04-10 00:00:00+00:00,DOGE,0.16,0.16,0.15,0.16,0.0
2025-04-10 00:00:00+00:00,ETH,1669.2,1669.5,1583.15,1595.35,0.0
2025-04-10 00:00:00+00:00,SOL,119.03,119.28,114.08,114.77,0.0
2025-04-10 00:00:00+00:00,XRP,2.05,2.06,1.97,1.99,0.0
2025-04-10 08:00:00+00:00,BTC,81586.0,82406.0,78545.0,78694.25,0.0
2025-04-10 08:00:00+00:00,DOGE,0.16,0.16,0.15,0.15,0.0
2025-04-10 08:00:00+00:00,ETH,1595.35,1624.65,1482.8,1495.0,0.0
2025-04-10 08:00:00+00:00,SOL,114.77,115.65,109.27,109.53,0.0
2025-04-10 08:00:00+00:00,XRP,1.99,2.07,1.92,1.93,0.0
2025-04-10 16:00:00+00:00,BTC,78694.25,79989.75,78396.5,79594.0,0.0
2025-04-10 16:00:00+00:00,DOGE,0.15,0.15,0.15,0.15,0.0
2025-04-10 16:00:00+00:00,ETH,1495.0,1531.2,1471.95,1513.65,0.0
2025-04-10 16:00:00+00:00,SOL,109.53,111.9,108.35,111.28,0.0
2025-04-10 16:00:00+00:00,XRP,1.93,1.97,1.92,1.96,0.0
2025-04-10 20:01:00+00:00,BTC,79678.25,79998.25,79333.0,79546.25,0.0
2025-04-10 20:01:00+00:00,DOGE,0.15,0.16,0.15,0.15,0.0
2025-04-10 20:01:00+00:00,ETH,1519.0,1532.95,1513.7,1521.35,0.0
2025-04-10 20:01:00+00:00,SOL,111.43,113.41,111.33,112.74,0.0
2025-04-10 20:01:00+00:00,XRP,1.96,2.0,1.96,1.96,0.0
2025-04-11 00:00:00+00:00,BTC,79546.25,81396.5,78910.75,81220.5,0.0
2025-04-11 00:00:00+00:00,DOGE,0.15,0.16,0.15,0.16,0.0
2025-04-11 00:00:00+00:00,ETH,1521.35,1561.55,1504.0,1552.2,0.0
2025-04-11 00:00:00+00:00,SOL,112.74,117.71,112.04,116.53,0.0
2025-04-11 00:00:00+00:00,XRP,1.96,2.01,1.945,2.0,0.0
2025-04-11 08:00:00+00:00,BTC,81220.5,83293.0,80734.25,82502.0,0.0
2025-04-11 08:00:00+00:00,DOGE,0.16,0.16,0.16,0.16,0.0
2025-04-11 08:00:00+00:00,ETH,1552.2,1584.5,1537.4,1564.75,0.0
2025-04-11 08:00:00+00:00,SOL,116.53,121.47,115.78,119.89,0.0
2025-04-11 08:00:00+00:00,XRP,2.0,2.035,1.98,2.0,0.0
2025-04-11 16:00:00+00:00,BTC,82502.0,84211.5,81973.5,83851.25,0.0
2025-04-11 16:00:00+00:00,DOGE,0.16,0.16,0.16,0.16,0.0
2025-04-11 16:00:00+00:00,ETH,1564.75,1590.6,1555.0,1565.4,0.0
2025-04-11 16:00:00+00:00,SOL,119.89,122.02,118.65,120.9,0.0
2025-04-11 16:00:00+00:00,XRP,2.0,2.06,1.99,2.04,0.0
2025-04-13 07:00:00+00:00,BTC,84602.25,84785.25,84418.0,84418.0,0.0
2025-04-13 07:00:00+00:00,DOGE,0.16,0.17,0.16,0.16,0.0
2025-04-13 07:00:00+00:00,ETH,1617.0,1621.5,1610.75,1613.35,0.0
2025-04-13 07:00:00+00:00,SOL,129.02,129.8,128.2,128.57,0.0
2025-04-13 07:00:00+00:00,XRP,2.14,2.155,2.14,2.15,0.0
2025-04-13 08:00:00+00:00,BTC,84418.0,84948.75,83450.25,83829.5,0.0
2025-04-13 08:00:00+00:00,DOGE,0.16,0.17,0.16,0.16,0.0
2025-04-13 08:00:00+00:00,ETH,1613.35,1627.8,1565.3,1585.75,0.0
2025-04-13 08:00:00+00:00,SOL,128.57,131.6,126.82,128.72,0.0
2025-04-13 08:00:00+00:00,XRP,2.15,2.25,2.13,2.15,0.0
2025-04-13 16:00:00+00:00,BTC,83829.5,84995.25,83026.75,83760.5,0.0
2025-04-13 16:00:00+00:00,DOGE,0.16,0.17,0.16,0.16,0.0
2025-04-13 16:00:00+00:00,ETH,1585.75,1648.15,1562.65,1597.45,0.0
2025-04-13 16:00:00+00:00,SOL,128.72,132.56,125.35,128.4,0.0
2025-04-13 16:00:00+00:00,XRP,2.15,2.18,2.08,2.12,0.0
2025-04-14 00:00:00+00:00,BTC,83760.5,85535.0,83678.5,84588.75,0.0
2025-04-14 00:00:00+00:00,DOGE,0.16,0.17,0.16,0.16,0.0
2025-04-14 00:00:00+00:00,ETH,1597.45,1660.15,1595.25,1635.75,0.0
2025-04-14 00:00:00+00:00,SOL,128.4,136.08,127.99,132.3,0.0
2025-04-14 00:00:00+00:00,XRP,2.12,2.18,2.1,2.13,0.0
2025-04-14 08:00:00+00:00,BTC,84588.75,85816.75,83709.5,84096.0,0.0
2025-04-14 08:00:00+00:00,DOGE,0.16,0.18,0.16,0.16,0.0
2025-04-14 08:00:00+00:00,ETH,1635.75,1691.55,1619.65,1628.75,0.0
2025-04-14 08:00:00+00:00,SOL,132.3,134.8,128.08,128.78,0.0
2025-04-14 08:00:00+00:00,XRP,2.13,2.19,2.11,2.115,0.0
2025-04-14 16:00:00+00:00,BTC,84096.0,85222.0,83853.75,84920.75,0.0
2025-04-14 16:00:00+00:00,DOGE,0.16,0.16,0.16,0.16,0.0
2025-04-14 16:00:00+00:00,ETH,1628.75,1711.65,1614.85,1636.35,0.0
2025-04-14 16:00:00+00:00,SOL,128.78,133.67,122.79,131.07,0.0
2025-04-14 16:00:00+00:00,XRP,2.115,2.205,2.105,2.155,0.0
2025-04-14 20:01:00+00:00,BTC,84600.25,84974.0,84411.5,84598.25,0.0
2025-04-14 20:01:00+00:00,DOGE,0.175,0.18,0.155,0.16,0.0
2025-04-14 20:01:00+00:00,ETH,1694.85,1712.3,1606.65,1623.7,0.0
2025-04-14 20:01:00+00:00,SOL,125.41,133.18,122.2,129.4,0.0
2025-04-14 20:01:00+00:00,XRP,2.2,2.205,2.12,2.13,0.0
2025-04-15 00:00:00+00:00,BTC,84598.25,85871.25,84349.5,85737.5,0.0
2025-04-15 00:00:00+00:00,DOGE,0.16,0.16,0.16,0.16,0.0
2025-04-15 00:00:00+00:00,ETH,1623.7,1648.15,1614.8,1644.95,0.0
2025-04-15 00:00:00+00:00,SOL,129.4,132.36,127.68,131.56,0.0
2025-04-15 00:00:00+00:00,XRP,2.13,2.16,2.12,2.15,0.0
2025-04-15 08:00:00+00:00,BTC,85737.5,86642.25,84254.5,84921.0,0.0
2025-04-15 08:00:00+00:00,DOGE,0.16,0.165,0.15,0.16,0.0
2025-04-15 08:00:00+00:00,ETH,1644.95,1661.05,1601.6,1620.9,0.0
2025-04-15 08:00:00+00:00,SOL,131.56,134.47,122.59,129.6,0.0
2025-04-15 08:00:00+00:00,XRP,2.15,2.185,2.12,2.135,0.0
2025-04-15 16:00:00+00:00,BTC,84921.0,85156.0,83883.5,83989.75,0.0
2025-04-15 16:00:00+00:00,DOGE,0.16,0.16,0.15,0.16,0.0
2025-04-15 16:00:00+00:00,ETH,1620.9,1627.95,1596.85,1607.05,0.0
2025-04-15 16:00:00+00:00,SOL,129.6,130.6,127.29,127.93,0.0
2025-04-15 16:00:00+00:00,XRP,2.135,2.14,2.1,2.12,0.0
2025-04-15 20:01:00+00:00,BTC,83933.0,84245.25,83583.5,83620.75,0.0
2025-04-15 20:01:00+00:00,DOGE,0.16,0.16,0.15,0.15,0.0
2025-04-15 20:01:00+00:00,ETH,1607.7,1614.9,1583.05,1588.55,0.0
2025-04-15 20:01:00+00:00,SOL,127.94,128.61,125.84,126.09,0.0
2025-04-15 20:01:00+00:00,XRP,2.12,2.13,2.08,2.08,0.0
2025-04-16 00:00:00+00:00,BTC,83620.75,83956.75,83076.0,83343.0,0.0
2025-04-16 00:00:00+00:00,DOGE,0.15,0.16,0.15,0.15,0.0
2025-04-16 00:00:00+00:00,ETH,1588.55,1604.2,1552.45,1564.1,0.0
2025-04-16 00:00:00+00:00,SOL,126.09,127.4,124.39,124.78,0.0
2025-04-16 00:00:00+00:00,XRP,2.08,2.1,2.04,2.05,0.0
2025-04-16 08:00:00+00:00,BTC,83343.0,85277.75,83126.0,84861.25,0.0
2025-04-16 08:00:00+00:00,DOGE,0.15,0.16,0.15,0.16,0.0
2025-04-16 08:00:00+00:00,ETH,1564.1,1613.05,1556.15,1590.6,0.0
2025-04-16 08:00:00+00:00,SOL,124.78,129.57,123.43,128.38,0.0
2025-04-16 08:00:00+00:00,XRP,2.05,2.12,2.04,2.09,0.0
2025-04-16 16:00:00+00:00,BTC,84861.25,85498.5,83262.25,84345.5,0.0
2025-04-16 16:00:00+00:00,DOGE,0.16,0.16,0.15,0.16,0.0
2025-04-16 16:00:00+00:00,ETH,1590.6,1612.8,1537.9,1588.8,0.0
2025-04-16 16:00:00+00:00,SOL,128.38,133.95,124.8,132.44,0.0
2025-04-16 16:00:00+00:00,XRP,2.09,2.13,2.045,2.11,0.0
2025-04-16 20:01:00+00:00,BTC,84320.75,84708.5,84012.75,84022.0,0.0
2025-04-16 20:01:00+00:00,DOGE,0.16,0.16,0.15,0.15,0.0
2025-04-16 20:01:00+00:00,ETH,1587.65,1598.35,1569.95,1577.2,0.0
2025-04-16 20:01:00+00:00,SOL,132.6,133.76,130.73,131.31,0.0
2025-04-16 20:01:00+00:00,XRP,2.11,2.12,2.08,2.08,0.0
2025-04-17 00:00:00+00:00,BTC,84022.0,85055.75,83804.5,84669.25,0.0
2025-04-17 00:00:00+00:00,DOGE,0.15,0.16,0.15,0.16,0.0
2025-04-17 00:00:00+00:00,ETH,1577.2,1610.7,1574.7,1601.7,0.0
2025-04-17 00:00:00+00:00,SOL,131.31,135.66,129.48,134.25,0.0
2025-04-17 00:00:00+00:00,XRP,2.08,2.11,2.06,2.09,0.0
2025-04-17 08:00:00+00:00,BTC,84669.25,84898.75,83710.5,84530.75,0.0
2025-04-17 08:00:00+00:00,DOGE,0.16,0.16,0.15,0.16,0.0
2025-04-17 08:00:00+00:00,ETH,1601.7,1604.45,1562.8,1582.95,0.0
2025-04-17 08:00:00+00:00,SOL,134.25,135.0,130.49,133.44,0.0
2025-04-17 08:00:00+00:00,XRP,2.09,2.11,2.055,2.07,0.0
2025-04-17 16:00:00+00:00,BTC,84530.75,85486.0,84382.75,84857.5,0.0
2025-04-17 16:00:00+00:00,DOGE,0.16,0.16,0.15,0.16,0.0
2025-04-17 16:00:00+00:00,ETH,1582.95,1616.45,1577.05,1581.55,0.0
2025-04-17 16:00:00+00:00,SOL,133.44,136.23,131.98,132.94,0.0
2025-04-17 16:00:00+00:00,XRP,2.07,2.105,2.05,2.07,0.0
2025-04-17 20:01:00+00:00,BTC,84932.25,85160.75,84726.25,84971.75,0.0
2025-04-17 20:01:00+00:00,DOGE,0.16,0.16,0.16,0.16,0.0
2025-04-17 20:01:00+00:00,ETH,1582.9,1592.05,1578.85,1583.7,0.0
2025-04-17 20:01:00+00:00,SOL,133.41,135.37,133.37,134.84,0.0
2025-04-17 20:01:00+00:00,XRP,2.07,2.08,2.06,2.07,0.0
2025-04-18 00:00:00+00:00,BTC,84971.75,85159.5,84405.25,84655.5,0.0
2025-04-18 00:00:00+00:00,DOGE,0.16,0.16,0.15,0.16,0.0
2025-04-18 00:00:00+00:00,ETH,1583.7,1589.4,1573.45,1584.1,0.0
2025-04-18 00:00:00+00:00,SOL,134.84,136.08,133.18,134.9,0.0
2025-04-18 00:00:00+00:00,XRP,2.07,2.07,2.04,2.07,0.0
2025-04-18 08:00:00+00:00,BTC,84655.5,84770.5,84335.75,84376.5,0.0
2025-04-18 08:00:00+00:00,DOGE,0.16,0.16,0.15,0.16,0.0
2025-04-18 08:00:00+00:00,ETH,1584.1,1597.15,1579.45,1583.1,0.0
2025-04-18 08:00:00+00:00,SOL,134.9,135.52,132.4,132.91,0.0
2025-04-18 08:00:00+00:00,XRP,2.07,2.09,2.06,2.06,0.0
2025-04-18 16:00:00+00:00,BTC,84376.5,84657.25,84321.0,84570.25,0.0
2025-04-18 16:00:00+00:00,DOGE,0.16,0.16,0.16,0.16,0.0
2025-04-18 16:00:00+00:00,ETH,1583.1,1594.95,1581.65,1593.1,0.0
2025-04-18 16:00:00+00:00,SOL,132.91,134.47,132.69,134.2,0.0
2025-04-18 16:00:00+00:00,XRP,2.06,2.09,2.06,2.08,0.0
2025-04-20 07:00:00+00:00,BTC,84974.0,84977.0,84684.0,84798.0,0.0
2025-04-20 07:00:00+00:00,DOGE,0.16,0.16,0.16,0.16,0.0
2025-04-20 07:00:00+00:00,ETH,1605.05,1605.1,1586.55,1597.3,0.0
2025-04-20 07:00:00+00:00,SOL,139.92,139.97,138.6,139.63,0.0
2025-04-20 07:00:00+00:00,XRP,2.07,2.07,2.06,2.07,0.0
2025-04-20 08:00:00+00:00,BTC,84798.0,84803.75,83970.25,84366.5,0.0
2025-04-20 08:00:00+00:00,DOGE,0.16,0.16,0.15,0.15,0.0
2025-04-20 08:00:00+00:00,ETH,1597.3,1597.4,1565.6,1573.5,0.0
2025-04-20 08:00:00+00:00,SOL,139.63,139.88,135.58,135.97,0.0
2025-04-20 08:00:00+00:00,XRP,2.07,2.07,2.04,2.05,0.0
2025-04-20 16:00:00+00:00,BTC,84366.5,85316.75,84288.25,85195.25,0.0
2025-04-20 16:00:00+00:00,DOGE,0.15,0.16,0.15,0.16,0.0
2025-04-20 16:00:00+00:00,ETH,1573.5,1600.6,1571.4,1587.35,0.0
2025-04-20 16:00:00+00:00,SOL,135.97,138.51,135.7,137.86,0.0
2025-04-20 16:00:00+00:00,XRP,2.05,2.09,2.05,2.08,0.0
2025-04-21 00:00:00+00:00,BTC,85195.25,87758.5,85139.0,87442.0,0.0
2025-04-21 00:00:00+00:00,DOGE,0.16,0.16,0.155,0.16,0.0
2025-04-21 00:00:00+00:00,ETH,1587.35,1658.4,1585.95,1645.75,0.0
2025-04-21 00:00:00+00:00,SOL,137.86,143.13,137.65,140.19,0.0
2025-04-21 00:00:00+00:00,XRP,2.08,2.14,2.08,2.13,0.0
2025-04-21 08:00:00+00:00,BTC,87442.0,88539.75,86652.75,88089.75,0.0
2025-04-21 08:00:00+00:00,DOGE,0.16,0.16,0.16,0.16,0.0
2025-04-21 08:00:00+00:00,ETH,1645.75,1654.85,1608.45,1623.85,0.0
2025-04-21 08:00:00+00:00,SOL,140.19,141.15,136.71,138.38,0.0
2025-04-21 08:00:00+00:00,XRP,2.13,2.14,2.105,2.12,0.0
2025-04-21 16:00:00+00:00,BTC,88089.75,88327.75,86385.25,87416.25,0.0
2025-04-21 16:00:00+00:00,DOGE,0.16,0.16,0.16,0.16,0.0
2025-04-21 16:00:00+00:00,ETH,1623.85,1626.55,1564.5,1573.75,0.0
2025-04-21 16:00:00+00:00,SOL,138.38,138.91,133.79,136.94,0.0
2025-04-21 16:00:00+00:00,XRP,2.12,2.12,2.06,2.09,0.0
2025-04-21 20:01:00+00:00,BTC,87055.25,87643.75,86483.0,87524.75,0.0
2025-04-21 20:01:00+00:00,DOGE,0.16,0.165,0.16,0.16,0.0
2025-04-21 20:01:00+00:00,ETH,1590.1,1598.55,1570.0,1579.55,0.0
2025-04-21 20:01:00+00:00,SOL,136.76,140.0,135.11,136.56,0.0
2025-04-21 20:01:00+00:00,XRP,2.115,2.14,2.07,2.09,0.0
2025-04-22 00:00:00+00:00,BTC,87524.75,88884.0,87077.75,88484.75,0.0
2025-04-22 00:00:00+00:00,DOGE,0.16,0.16,0.16,0.16,0.0
2025-04-22 00:00:00+00:00,ETH,1579.55,1623.7,1538.3,1619.25,0.0
2025-04-22 00:00:00+00:00,SOL,136.56,140.68,134.53,140.18,0.0
2025-04-22 00:00:00+00:00,XRP,2.09,2.105,2.06,2.09,0.0
2025-04-22 08:00:00+00:00,BTC,88484.75,91522.75,88241.0,91027.75,0.0
2025-04-22 08:00:00+00:00,DOGE,0.16,0.17,0.16,0.17,0.0
2025-04-22 08:00:00+00:00,ETH,1619.25,1727.4,1613.15,1704.45,0.0
2025-04-22 08:00:00+00:00,SOL,140.18,145.64,138.96,145.43,0.0
2025-04-22 08:00:00+00:00,XRP,2.09,2.19,2.09,2.16,0.0
2025-04-22 16:00:00+00:00,BTC,91027.75,91790.0,90694.5,91492.0,0.0
2025-04-22 16:00:00+00:00,DOGE,0.17,0.17,0.17,0.17,0.0
2025-04-22 16:00:00+00:00,ETH,1704.45,1712.0,1684.9,1699.45,0.0
2025-04-22 16:00:00+00:00,SOL,145.43,147.61,143.56,144.34,0.0
2025-04-22 16:00:00+00:00,XRP,2.16,2.17,2.14,2.16,0.0
2025-04-22 20:01:00+00:00,BTC,91589.5,93913.0,91109.75,93488.75,0.0
2025-04-22 20:01:00+00:00,DOGE,0.17,0.18,0.17,0.18,0.0
2025-04-22 20:01:00+00:00,ETH,1699.45,1778.1,1693.25,1757.1,0.0
2025-04-22 20:01:00+00:00,SOL,144.28,150.25,143.5,148.86,0.0
2025-04-22 20:01:00+00:00,XRP,2.16,2.25,2.15,2.215,0.0
2025-04-23 00:00:00+00:00,BTC,93488.75,94289.25,92636.25,94163.5,0.0
2025-04-23 00:00:00+00:00,DOGE,0.18,0.19,0.18,0.18,0.0
2025-04-23 00:00:00+00:00,ETH,1757.1,1818.5,1745.8,1792.4,0.0
2025-04-23 00:00:00+00:00,SOL,148.86,152.36,147.19,151.62,0.0
2025-04-23 00:00:00+00:00,XRP,2.215,2.265,2.195,2.26,0.0
2025-04-23 08:00:00+00:00,BTC,94163.5,94690.25,91948.0,93230.5,0.0
2025-04-23 08:00:00+00:00,DOGE,0.18,0.19,0.17,0.18,0.0
2025-04-23 08:00:00+00:00,ETH,1792.4,1834.3,1761.65,1794.9,0.0
2025-04-23 08:00:00+00:00,SOL,151.62,154.26,148.73,151.42,0.0
2025-04-23 08:00:00+00:00,XRP,2.26,2.3,2.19,2.23,0.0
2025-04-23 16:00:00+00:00,BTC,93230.5,94256.75,92924.5,93556.0,0.0
2025-04-23 16:00:00+00:00,DOGE,0.18,0.18,0.18,0.18,0.0
2025-04-23 16:00:00+00:00,ETH,1794.9,1810.45,1774.65,1787.0,0.0
2025-04-23 16:00:00+00:00,SOL,151.42,152.54,148.97,150.22,0.0
2025-04-23 16:00:00+00:00,XRP,2.23,2.25,2.2,2.22,0.0
2025-04-23 20:01:00+00:00,BTC,93588.25,93972.75,93265.5,93738.25,0.0
2025-04-23 20:01:00+00:00,DOGE,0.18,0.18,0.18,0.18,0.0
2025-04-23 20:01:00+00:00,ETH,1786.55,1807.7,1786.4,1795.85,0.0
2025-04-23 20:01:00+00:00,SOL,150.2,151.93,149.81,151.16,0.0
2025-04-23 20:01:00+00:00,XRP,2.22,2.23,2.21,2.22,0.0
2025-04-24 00:00:00+00:00,BTC,93738.25,93855.25,92115.0,92228.25,0.0
2025-04-24 00:00:00+00:00,DOGE,0.18,0.18,0.17,0.17,0.0
2025-04-24 00:00:00+00:00,ETH,1795.85,1803.5,1751.75,1756.6,0.0
2025-04-24 00:00:00+00:00,SOL,151.16,151.56,146.99,147.19,0.0
2025-04-24 00:00:00+00:00,XRP,2.22,2.22,2.14,2.15,0.0
2025-04-24 08:00:00+00:00,BTC,92228.25,93513.25,91677.75,93251.5,0.0
2025-04-24 08:00:00+00:00,DOGE,0.17,0.18,0.17,0.18,0.0
2025-04-24 08:00:00+00:00,ETH,1756.6,1778.45,1723.2,1765.3,0.0
2025-04-24 08:00:00+00:00,SOL,147.19,151.52,145.29,149.41,0.0
2025-04-24 08:00:00+00:00,XRP,2.15,2.24,2.12,2.21,0.0
2025-04-24 16:00:00+00:00,BTC,93251.5,93728.75,92711.5,93618.5,0.0
2025-04-24 16:00:00+00:00,DOGE,0.18,0.18,0.18,0.18,0.0
2025-04-24 16:00:00+00:00,ETH,1765.3,1778.4,1746.7,1764.05,0.0
2025-04-24 16:00:00+00:00,SOL,149.41,152.5,148.87,151.63,0.0
2025-04-24 16:00:00+00:00,XRP,2.21,2.23,2.18,2.21,0.0
2025-04-24 20:01:00+00:00,BTC,93527.75,94066.25,93071.5,94028.5,0.0
2025-04-24 20:01:00+00:00,DOGE,0.18,0.18,0.18,0.18,0.0
2025-04-24 20:01:00+00:00,ETH,1762.3,1775.7,1749.65,1770.35,0.0
2025-04-24 20:01:00+00:00,SOL,151.48,152.97,150.08,152.6,0.0
2025-04-24 20:01:00+00:00,XRP,2.21,2.21,2.19,2.21,0.0
2025-04-25 00:00:00+00:00,BTC,94028.5,94499.75,92865.25,93816.25,0.0
2025-04-25 00:00:00+00:00,DOGE,0.18,0.18,0.18,0.18,0.0
2025-04-25 00:00:00+00:00,ETH,1770.35,1791.2,1739.75,1777.65,0.0
2025-04-25 00:00:00+00:00,SOL,152.6,155.06,150.59,154.89,0.0
2025-04-25 00:00:00+00:00,XRP,2.21,2.22,2.165,2.2,0.0
2025-04-25 08:00:00+00:00,BTC,93816.25,95886.25,93583.25,95165.75,0.0
2025-04-25 08:00:00+00:00,DOGE,0.18,0.19,0.18,0.18,0.0
2025-04-25 08:00:00+00:00,ETH,1777.65,1828.45,1758.05,1807.45,0.0
2025-04-25 08:00:00+00:00,SOL,154.89,157.04,152.31,153.05,0.0
2025-04-25 08:00:00+00:00,XRP,2.2,2.22,2.17,2.2,0.0
2025-04-25 16:00:00+00:00,BTC,95165.75,95639.25,94431.25,95408.75,0.0
2025-04-25 16:00:00+00:00,DOGE,0.18,0.185,0.18,0.18,0.0
2025-04-25 16:00:00+00:00,ETH,1807.45,1812.15,1783.6,1803.9,0.0
2025-04-25 16:00:00+00:00,SOL,153.05,153.32,150.5,151.51,0.0
2025-04-25 16:00:00+00:00,XRP,2.2,2.21,2.185,2.2,0.0
2025-04-27 07:00:00+00:00,BTC,94039.25,94166.0,93954.0,94089.5,0.0
2025-04-27 07:00:00+00:00,DOGE,0.18,0.18,0.18,0.18,0.0
2025-04-27 07:00:00+00:00,ETH,1801.1,1805.9,1797.55,1804.1,0.0
2025-04-27 07:00:00+00:00,SOL,147.03,147.82,146.84,147.47,0.0
2025-04-27 07:00:00+00:00,XRP,2.17,2.18,2.17,2.17,0.0
2025-04-27 08:00:00+00:00,BTC,94089.5,94356.0,93654.5,93937.75,0.0
2025-04-27 08:00:00+00:00,DOGE,0.18,0.18,0.18,0.18,0.0
2025-04-27 08:00:00+00:00,ETH,1804.1,1816.1,1782.45,1794.5,0.0
2025-04-27 08:00:00+00:00,SOL,147.47,149.8,147.01,149.06,0.0
2025-04-27 08:00:00+00:00,XRP,2.17,2.27,2.17,2.23,0.0
2025-04-27 16:00:00+00:00,BTC,93937.75,94583.75,93671.75,93782.25,0.0
2025-04-27 16:00:00+00:00,DOGE,0.18,0.18,0.18,0.18,0.0
2025-04-27 16:00:00+00:00,ETH,1794.5,1809.0,1785.1,1791.9,0.0
2025-04-27 16:00:00+00:00,SOL,149.06,150.34,147.88,148.01,0.0
2025-04-27 16:00:00+00:00,XRP,2.23,2.3,2.22,2.25,0.0
2025-04-28 00:00:00+00:00,BTC,93782.25,94835.25,92839.5,94724.5,0.0
2025-04-28 00:00:00+00:00,DOGE,0.18,0.18,0.17,0.18,0.0
2025-04-28 00:00:00+00:00,ETH,1791.9,1812.75,1753.2,1805.45,0.0
2025-04-28 00:00:00+00:00,SOL,148.01,151.54,144.69,151.13,0.0
2025-04-28 00:00:00+00:00,XRP,2.25,2.34,2.22,2.34,0.0
2025-04-28 08:00:00+00:00,BTC,94724.5,95672.25,93614.75,93869.5,0.0
2025-04-28 08:00:00+00:00,DOGE,0.18,0.18,0.17,0.18,0.0
2025-04-28 08:00:00+00:00,ETH,1805.45,1828.25,1753.55,1763.85,0.0
2025-04-28 08:00:00+00:00,SOL,151.13,153.45,145.57,146.38,0.0
2025-04-28 08:00:00+00:00,XRP,2.34,2.36,2.25,2.275,0.0
2025-04-28 16:00:00+00:00,BTC,93869.5,94943.0,93455.0,94821.75,0.0
2025-04-28 16:00:00+00:00,DOGE,0.18,0.18,0.17,0.18,0.0
2025-04-28 16:00:00+00:00,ETH,1763.85,1805.15,1745.1,1797.65,0.0
2025-04-28 16:00:00+00:00,SOL,146.38,148.89,145.4,148.47,0.0
2025-04-28 16:00:00+00:00,XRP,2.275,2.3,2.26,2.295,0.0
2025-04-28 20:01:00+00:00,BTC,93855.75,95214.0,93855.5,95040.5,0.0
2025-04-28 20:01:00+00:00,DOGE,0.175,0.19,0.175,0.18,0.0
2025-04-28 20:01:00+00:00,ETH,1802.6,1814.7,1781.55,1800.4,0.0
2025-04-28 20:01:00+00:00,SOL,160.11,161.91,146.54,147.85,0.0
2025-04-28 20:01:00+00:00,XRP,2.33,2.335,2.285,2.3,0.0
2025-04-29 00:00:00+00:00,BTC,95040.5,95474.25,94225.5,94964.0,0.0
2025-04-29 00:00:00+00:00,DOGE,0.18,0.18,0.18,0.18,0.0
2025-04-29 00:00:00+00:00,ETH,1800.4,1825.6,1789.5,1823.3,0.0
2025-04-29 00:00:00+00:00,SOL,147.85,149.23,145.63,148.99,0.0
2025-04-29 00:00:00+00:00,XRP,2.3,2.32,2.27,2.29,0.0
2025-04-29 08:00:00+00:00,BTC,94964.0,95327.25,94565.0,94866.25,0.0
2025-04-29 08:00:00+00:00,DOGE,0.18,0.18,0.18,0.18,0.0
2025-04-29 08:00:00+00:00,ETH,1823.3,1843.5,1803.75,1815.55,0.0
2025-04-29 08:00:00+00:00,SOL,148.99,149.6,146.95,148.04,0.0
2025-04-29 08:00:00+00:00,XRP,2.29,2.31,2.265,2.29,0.0
2025-04-29 16:00:00+00:00,BTC,94866.25,95511.5,94685.75,95347.0,0.0
2025-04-29 16:00:00+00:00,DOGE,0.18,0.18,0.18,0.18,0.0
2025-04-29 16:00:00+00:00,ETH,1815.55,1832.8,1807.9,1823.1,0.0
2025-04-29 16:00:00+00:00,SOL,148.04,150.48,147.74,149.33,0.0
2025-04-29 16:00:00+00:00,XRP,2.29,2.3,2.28,2.295,0.0
2025-04-29 20:01:00+00:00,BTC,95392.25,95459.25,93774.75,94290.75,0.0
2025-04-29 20:01:00+00:00,DOGE,0.18,0.18,0.17,0.17,0.0
2025-04-29 20:01:00+00:00,ETH,1825.4,1827.25,1781.8,1799.15,0.0
2025-04-29 20:01:00+00:00,SOL,149.53,149.64,145.07,146.38,0.0
2025-04-29 20:01:00+00:00,XRP,2.3,2.3,2.22,2.24,0.0
2025-04-30 00:00:00+00:00,BTC,94290.75,95207.0,94159.25,94644.75,0.0
2025-04-30 00:00:00+00:00,DOGE,0.17,0.18,0.17,0.17,0.0
2025-04-30 00:00:00+00:00,ETH,1799.15,1814.5,1790.25,1796.85,0.0
2025-04-30 00:00:00+00:00,SOL,146.38,148.71,145.16,146.44,0.0
2025-04-30 00:00:00+00:00,XRP,2.24,2.26,2.21,2.22,0.0
2025-04-30 08:00:00+00:00,BTC,94644.75,95260.25,92927.5,94006.75,0.0
2025-04-30 08:00:00+00:00,DOGE,0.17,0.18,0.17,0.17,0.0
2025-04-30 08:00:00+00:00,ETH,1796.85,1817.55,1732.2,1764.85,0.0
2025-04-30 08:00:00+00:00,SOL,146.44,148.03,140.39,142.22,0.0
2025-04-30 08:00:00+00:00,XRP,2.22,2.24,2.12,2.16,0.0
2025-04-30 16:00:00+00:00,BTC,94006.75,94526.0,93532.5,94161.75,0.0
2025-04-30 16:00:00+00:00,DOGE,0.17,0.17,0.17,0.17,0.0
2025-04-30 16:00:00+00:00,ETH,1764.85,1793.05,1756.15,1786.7,0.0
2025-04-30 16:00:00+00:00,SOL,142.22,146.07,141.39,145.62,0.0
2025-04-30 16:00:00+00:00,XRP,2.16,2.21,2.15,2.19,0.0
2025-04-30 20:01:00+00:00,BTC,94197.75,94793.0,94017.0,94175.0,0.0
2025-04-30 20:01:00+00:00,DOGE,0.17,0.17,0.17,0.17,0.0
2025-04-30 20:01:00+00:00,ETH,1786.9,1809.75,1785.6,1793.7,0.0
2025-04-30 20:01:00+00:00,SOL,145.47,148.13,145.37,147.53,0.0
2025-04-30 20:01:00+00:00,XRP,2.2,2.21,2.19,2.19,0.0
2025-05-01 00:00:00+00:00,BTC,94175.0,95203.25,94133.5,95027.75,0.0
2025-05-01 00:00:00+00:00,DOGE,0.17,0.18,0.17,0.18,0.0
2025-05-01 00:00:00+00:00,ETH,1793.7,1819.05,1792.25,1810.65,0.0
2025-05-01 00:00:00+00:00,SOL,147.53,150.26,147.53,149.81,0.0
2025-05-01 00:00:00+00:00,XRP,2.19,2.22,2.19,2.2,0.0
2025-05-01 08:00:00+00:00,BTC,95027.75,97814.0,94906.25,96885.0,0.0
2025-05-01 08:00:00+00:00,DOGE,0.18,0.18,0.16,0.18,0.0
2025-05-01 08:00:00+00:00,ETH,1810.65,1884.4,1808.9,1853.6,0.0
2025-05-01 08:00:00+00:00,SOL,149.81,154.02,149.56,151.86,0.0
2025-05-01 08:00:00+00:00,XRP,2.2,2.29,2.2,2.24,0.0
2025-05-01 16:00:00+00:00,BTC,96885.0,97410.5,96459.75,96561.5,0.0
2025-05-01 16:00:00+00:00,DOGE,0.18,0.18,0.18,0.18,0.0
2025-05-01 16:00:00+00:00,ETH,1853.6,1871.15,1840.4,1843.45,0.0
2025-05-01 16:00:00+00:00,SOL,151.86,152.91,150.13,150.31,0.0
2025-05-01 16:00:00+00:00,XRP,2.24,2.25,2.22,2.22,0.0
2025-05-01 20:01:00+00:00,BTC,96582.5,96930.0,96212.25,96520.25,0.0
2025-05-01 20:01:00+00:00,DOGE,0.18,0.18,0.18,0.18,0.0
2025-05-01 20:01:00+00:00,ETH,1845.15,1852.0,1834.4,1838.75,0.0
2025-05-01 20:01:00+00:00,SOL,150.42,151.01,149.94,150.9,0.0
2025-05-01 20:01:00+00:00,XRP,2.22,2.23,2.21,2.21,0.0
2025-05-02 00:00:00+00:00,BTC,96520.25,97331.25,96371.75,96373.75,0.0
2025-05-02 00:00:00+00:00,DOGE,0.18,0.18,0.18,0.18,0.0
2025-05-02 00:00:00+00:00,ETH,1838.75,1852.15,1815.9,1816.75,0.0
2025-05-02 00:00:00+00:00,SOL,150.9,151.75,148.42,148.56,0.0
2025-05-02 00:00:00+00:00,XRP,2.21,2.23,2.19,2.195,0.0
2025-05-02 08:00:00+00:00,BTC,96373.75,97930.25,96373.75,97348.75,0.0
2025-05-02 08:00:00+00:00,DOGE,0.18,0.18,0.18,0.18,0.0
2025-05-02 08:00:00+00:00,ETH,1816.75,1855.0,1813.85,1841.7,0.0
2025-05-02 08:00:00+00:00,SOL,148.56,151.95,148.46,149.93,0.0
2025-05-02 08:00:00+00:00,XRP,2.195,2.24,2.19,2.22,0.0
2025-05-02 16:00:00+00:00,BTC,97348.75,97826.5,96706.25,96965.5,0.0
2025-05-02 16:00:00+00:00,DOGE,0.18,0.18,0.18,0.18,0.0
2025-05-02 16:00:00+00:00,ETH,1841.7,1871.5,1832.4,1840.45,0.0
2025-05-02 16:00:00+00:00,SOL,149.93,151.48,147.8,148.15,0.0
2025-05-02 16:00:00+00:00,XRP,2.22,2.24,2.2,2.21,0.0
2025-05-04 07:00:00+00:00,BTC,95920.5,96099.0,95820.5,95893.75,0.0
2025-05-04 07:00:00+00:00,DOGE,0.18,0.18,0.17,0.18,0.0
2025-05-04 07:00:00+00:00,ETH,1845.8,1846.9,1836.5,1841.25,0.0
2025-05-04 07:00:00+00:00,SOL,145.67,146.03,145.18,145.62,0.0
2025-05-04 07:00:00+00:00,XRP,2.21,2.21,2.2,2.21,0.0
2025-05-04 08:00:00+00:00,BTC,95893.75,95942.5,95217.0,95473.25,0.0
2025-05-04 08:00:00+00:00,DOGE,0.18,0.18,0.17,0.17,0.0
2025-05-04 08:00:00+00:00,ETH,1841.25,1841.65,1818.65,1830.9,0.0
2025-05-04 08:00:00+00:00,SOL,145.62,147.26,144.7,146.84,0.0
2025-05-04 08:00:00+00:00,XRP,2.21,2.21,2.17,2.2,0.0
2025-05-04 16:00:00+00:00,BTC,95473.25,95773.25,94155.75,94279.75,0.0
2025-05-04 16:00:00+00:00,DOGE,0.17,0.17,0.17,0.17,0.0
2025-05-04 16:00:00+00:00,ETH,1830.9,1842.5,1803.25,1808.95,0.0
2025-05-04 16:00:00+00:00,SOL,146.84,147.82,143.66,143.97,0.0
2025-05-04 16:00:00+00:00,XRP,2.2,2.2,2.15,2.16,0.0
2025-05-05 00:00:00+00:00,BTC,94279.75,94827.5,93516.25,94765.25,0.0
2025-05-05 00:00:00+00:00,DOGE,0.17,0.17,0.17,0.17,0.0
2025-05-05 00:00:00+00:00,ETH,1808.95,1830.0,1781.95,1826.7,0.0
2025-05-05 00:00:00+00:00,SOL,143.97,147.36,142.52,146.88,0.0
2025-05-05 00:00:00+00:00,XRP,2.16,2.19,2.13,2.18,0.0
2025-05-05 08:00:00+00:00,BTC,94765.25,94793.75,93609.25,93766.25,0.0
2025-05-05 08:00:00+00:00,DOGE,0.17,0.17,0.17,0.17,0.0
2025-05-05 08:00:00+00:00,ETH,1826.7,1831.65,1794.7,1800.95,0.0
2025-05-05 08:00:00+00:00,SOL,146.88,147.06,143.16,143.75,0.0
2025-05-05 08:00:00+00:00,XRP,2.18,2.2,2.11,2.115,0.0
2025-05-05 16:00:00+00:00,BTC,93766.25,94902.75,93755.5,94341.0,0.0
2025-05-05 16:00:00+00:00,DOGE,0.17,0.17,0.17,0.17,0.0
2025-05-05 16:00:00+00:00,ETH,1800.95,1828.4,1800.7,1816.25,0.0
2025-05-05 16:00:00+00:00,SOL,143.75,147.1,143.66,146.47,0.0
2025-05-05 16:00:00+00:00,XRP,2.115,2.16,2.11,2.14,0.0
2025-05-05 20:01:00+00:00,BTC,95018.0,95185.25,93845.0,94719.25,0.0
2025-05-05 20:01:00+00:00,DOGE,0.18,0.18,0.17,0.17,0.0
2025-05-05 20:01:00+00:00,ETH,1807.2,1833.4,1799.3,1820.1,0.0
2025-05-05 20:01:00+00:00,SOL,149.97,153.04,144.93,146.68,0.0
2025-05-05 20:01:00+00:00,XRP,2.12,2.15,2.12,2.13,0.0
2025-05-06 00:00:00+00:00,BTC,94719.25,94915.25,93995.75,94385.5,0.0
2025-05-06 00:00:00+00:00,DOGE,0.17,0.17,0.17,0.17,0.0
2025-05-06 00:00:00+00:00,ETH,1820.1,1820.8,1792.3,1805.75,0.0
2025-05-06 00:00:00+00:00,SOL,146.68,146.82,143.79,145.25,0.0
2025-05-06 00:00:00+00:00,XRP,2.13,2.14,2.09,2.1,0.0
2025-05-06 08:00:00+00:00,BTC,94385.5,94724.75,93365.5,94551.0,0.0
2025-05-06 08:00:00+00:00,DOGE,0.17,0.17,0.16,0.17,0.0
2025-05-06 08:00:00+00:00,ETH,1805.75,1805.9,1751.4,1769.85,0.0
2025-05-06 08:00:00+00:00,SOL,145.25,145.26,141.4,143.15,0.0
2025-05-06 08:00:00+00:00,XRP,2.1,2.12,2.08,2.11,0.0
2025-05-06 16:00:00+00:00,BTC,94551.0,95394.0,94202.25,94967.0,0.0
2025-05-06 16:00:00+00:00,DOGE,0.17,0.17,0.17,0.17,0.0
2025-05-06 16:00:00+00:00,ETH,1769.85,1798.8,1761.8,1784.5,0.0
2025-05-06 16:00:00+00:00,SOL,143.15,145.29,141.92,144.82,0.0
2025-05-06 16:00:00+00:00,XRP,2.11,2.15,2.1,2.135,0.0
2025-05-06 20:01:00+00:00,BTC,94945.75,96918.0,94466.25,96844.0,0.0
2025-05-06 20:01:00+00:00,DOGE,0.17,0.17,0.17,0.17,0.0
2025-05-06 20:01:00+00:00,ETH,1783.7,1819.15,1765.7,1816.6,0.0
2025-05-06 20:01:00+00:00,SOL,144.79,147.21,143.55,146.86,0.0
2025-05-06 20:01:00+00:00,XRP,2.14,2.16,2.11,2.155,0.0
2025-05-07 00:00:00+00:00,BTC,96844.0,97740.0,96207.0,96989.75,0.0
2025-05-07 00:00:00+00:00,DOGE,0.17,0.17,0.17,0.17,0.0
2025-05-07 00:00:00+00:00,ETH,1816.6,1849.55,1814.6,1837.95,0.0
2025-05-07 00:00:00+00:00,SOL,146.86,149.52,145.42,147.27,0.0
2025-05-07 00:00:00+00:00,XRP,2.155,2.17,2.13,2.14,0.0
2025-05-07 08:00:00+00:00,BTC,96989.75,97504.75,96711.25,96939.75,0.0
2025-05-07 08:00:00+00:00,DOGE,0.17,0.17,0.17,0.17,0.0
2025-05-07 08:00:00+00:00,ETH,1837.95,1846.95,1814.75,1817.5,0.0
2025-05-07 08:00:00+00:00,SOL,147.27,148.28,145.47,145.8,0.0
2025-05-07 08:00:00+00:00,XRP,2.14,2.15,2.12,2.125,0.0
2025-05-07 16:00:00+00:00,BTC,96939.75,96978.0,95803.5,96181.25,0.0
2025-05-07 16:00:00+00:00,DOGE,0.17,0.17,0.17,0.17,0.0
2025-05-07 16:00:00+00:00,ETH,1817.5,1818.1,1787.25,1795.95,0.0
2025-05-07 16:00:00+00:00,SOL,145.8,147.35,144.71,145.78,0.0
2025-05-07 16:00:00+00:00,XRP,2.125,2.135,2.1,2.11,0.0
2025-05-07 20:01:00+00:00,BTC,96167.0,97405.5,96078.75,97045.75,0.0
2025-05-07 20:01:00+00:00,DOGE,0.17,0.17,0.17,0.17,0.0
2025-05-07 20:01:00+00:00,ETH,1796.7,1825.75,1789.4,1811.4,0.0
2025-05-07 20:01:00+00:00,SOL,145.86,148.37,145.51,147.34,0.0
2025-05-07 20:01:00+00:00,XRP,2.11,2.14,2.11,2.13,0.0
2025-05-08 00:00:00+00:00,BTC,97045.75,99437.25,96626.0,99273.0,0.0
2025-05-08 00:00:00+00:00,DOGE,0.17,0.18,0.17,0.18,0.0
2025-05-08 00:00:00+00:00,ETH,1811.4,1945.4,1809.0,1928.6,0.0
2025-05-08 00:00:00+00:00,SOL,147.34,152.07,147.12,151.59,0.0
2025-05-08 00:00:00+00:00,XRP,2.13,2.21,2.12,2.19,0.0
2025-05-08 08:00:00+00:00,BTC,99273.0,101855.75,99092.25,100785.0,0.0
2025-05-08 08:00:00+00:00,DOGE,0.18,0.19,0.18,0.19,0.0
2025-05-08 08:00:00+00:00,ETH,1928.6,2075.55,1925.2,2051.95,0.0
2025-05-08 08:00:00+00:00,SOL,151.59,163.35,151.54,160.38,0.0
2025-05-08 08:00:00+00:00,XRP,2.19,2.285,2.19,2.24,0.0
2025-05-08 16:00:00+00:00,BTC,100785.0,101730.5,98506.25,101333.0,0.0
2025-05-08 16:00:00+00:00,DOGE,0.19,0.19,0.18,0.19,0.0
2025-05-08 16:00:00+00:00,ETH,2051.95,2141.4,2036.05,2118.65,0.0
2025-05-08 16:00:00+00:00,SOL,160.38,161.19,158.49,160.54,0.0
2025-05-08 16:00:00+00:00,XRP,2.24,2.28,2.17,2.28,0.0
2025-05-08 20:01:00+00:00,BTC,101391.5,104154.0,100773.25,103254.75,0.0
2025-05-08 20:01:00+00:00,DOGE,0.19,0.2,0.19,0.2,0.0
2025-05-08 20:01:00+00:00,ETH,2119.4,2225.75,2111.4,2207.1,0.0
2025-05-08 20:01:00+00:00,SOL,160.81,164.73,159.84,164.44,0.0
2025-05-08 20:01:00+00:00,XRP,2.275,2.33,2.26,2.33,0.0
2025-05-09 00:00:00+00:00,BTC,103254.75,104377.75,102340.5,103643.0,0.0
2025-05-09 00:00:00+00:00,DOGE,0.2,0.21,0.19,0.21,0.0
2025-05-09 00:00:00+00:00,ETH,2207.1,2394.55,2183.7,2364.45,0.0
2025-05-09 00:00:00+00:00,SOL,164.44,167.07,161.0,165.09,0.0
2025-05-09 00:00:00+00:00,XRP,2.33,2.36,2.29,2.34,0.0
2025-05-09 08:00:00+00:00,BTC,103643.0,103969.75,102403.75,102914.5,0.0
2025-05-09 08:00:00+00:00,DOGE,0.21,0.21,0.19,0.2,0.0
2025-05-09 08:00:00+00:00,ETH,2364.45,2491.5,2272.65,2301.75,0.0
2025-05-09 08:00:00+00:00,SOL,165.09,176.15,162.12,170.84,0.0
2025-05-09 08:00:00+00:00,XRP,2.34,2.46,2.33,2.35,0.0
2025-05-09 16:00:00+00:00,BTC,102914.5,103388.25,102322.25,103207.25,0.0
2025-05-09 16:00:00+00:00,DOGE,0.2,0.21,0.2,0.205,0.0
2025-05-09 16:00:00+00:00,ETH,2301.75,2355.95,2275.3,2332.45,0.0
2025-05-09 16:00:00+00:00,SOL,170.84,172.74,168.55,171.99,0.0
2025-05-09 16:00:00+00:00,XRP,2.35,2.37,2.325,2.36,0.0
2025-05-11 07:00:00+00:00,BTC,103878.5,103899.25,103359.25,103404.0,0.0
2025-05-11 07:00:00+00:00,DOGE,0.23,0.23,0.23,0.23,0.0
2025-05-11 07:00:00+00:00,ETH,2521.7,2521.75,2455.05,2473.9,0.0
2025-05-11 07:00:00+00:00,SOL,174.78,174.79,172.36,172.66,0.0
2025-05-11 07:00:00+00:00,XRP,2.385,2.385,2.345,2.355,0.0
2025-05-11 08:00:00+00:00,BTC,103404.0,104909.0,103041.75,104175.25,0.0
2025-05-11 08:00:00+00:00,DOGE,0.23,0.245,0.225,0.23,0.0
2025-05-11 08:00:00+00:00,ETH,2473.9,2536.0,2439.6,2463.1,0.0
2025-05-11 08:00:00+00:00,SOL,172.66,176.85,169.57,170.5,0.0
2025-05-11 08:00:00+00:00,XRP,2.355,2.39,2.335,2.35,0.0
2025-05-11 16:00:00+00:00,BTC,104175.25,104853.5,103595.75,104143.0,0.0
2025-05-11 16:00:00+00:00,DOGE,0.23,0.23,0.22,0.23,0.0
2025-05-11 16:00:00+00:00,ETH,2463.1,2529.35,2440.55,2515.05,0.0
2025-05-11 16:00:00+00:00,SOL,170.5,173.88,169.43,173.22,0.0
2025-05-11 16:00:00+00:00,XRP,2.35,2.385,2.33,2.37,0.0
2025-05-12 00:00:00+00:00,BTC,104143.0,105868.25,103722.75,104476.5,0.0
2025-05-12 00:00:00+00:00,DOGE,0.23,0.255,0.23,0.24,0.0
2025-05-12 00:00:00+00:00,ETH,2515.05,2624.1,2487.1,2554.25,0.0
2025-05-12 00:00:00+00:00,SOL,173.22,179.75,171.78,176.07,0.0
2025-05-12 00:00:00+00:00,XRP,2.37,2.455,2.35,2.415,0.0
2025-05-12 08:00:00+00:00,BTC,104476.5,104753.5,101959.5,102523.0,0.0
2025-05-12 08:00:00+00:00,DOGE,0.24,0.25,0.23,0.23,0.0
2025-05-12 08:00:00+00:00,ETH,2554.25,2584.8,2480.95,2487.05,0.0
2025-05-12 08:00:00+00:00,SOL,176.07,181.46,173.66,174.41,0.0
2025-05-12 08:00:00+00:00,XRP,2.415,2.655,2.39,2.595,0.0
2025-05-12 16:00:00+00:00,BTC,102523.0,103088.5,100726.0,101865.0,0.0
2025-05-12 16:00:00+00:00,DOGE,0.23,0.24,0.22,0.23,0.0
2025-05-12 16:00:00+00:00,ETH,2487.05,2512.3,2407.7,2460.4,0.0
2025-05-12 16:00:00+00:00,SOL,174.41,176.67,168.34,171.21,0.0
2025-05-12 16:00:00+00:00,XRP,2.595,2.615,2.43,2.535,0.0
2025-05-12 20:01:00+00:00,BTC,102241.25,103137.25,102109.5,102798.25,0.0
2025-05-12 20:01:00+00:00,DOGE,0.235,0.24,0.23,0.23,0.0
2025-05-12 20:01:00+00:00,ETH,2437.3,2500.25,2437.3,2495.65,0.0
2025-05-12 20:01:00+00:00,SOL,177.97,179.92,171.8,174.23,0.0
2025-05-12 20:01:00+00:00,XRP,2.52,2.59,2.52,2.545,0.0
2025-05-13 00:00:00+00:00,BTC,102798.25,102955.0,101440.25,102671.75,0.0
2025-05-13 00:00:00+00:00,DOGE,0.23,0.23,0.22,0.22,0.0
2025-05-13 00:00:00+00:00,ETH,2495.65,2496.0,2415.8,2460.65,0.0
2025-05-13 00:00:00+00:00,SOL,174.23,174.38,166.19,171.49,0.0
2025-05-13 00:00:00+00:00,XRP,2.545,2.545,2.42,2.5,0.0
2025-05-13 08:00:00+00:00,BTC,102671.75,104009.75,102541.5,103713.5,0.0
2025-05-13 08:00:00+00:00,DOGE,0.22,0.23,0.22,0.23,0.0
2025-05-13 08:00:00+00:00,ETH,2460.65,2574.15,2451.0,2566.55,0.0
2025-05-13 08:00:00+00:00,SOL,171.49,176.22,170.92,176.12,0.0
2025-05-13 08:00:00+00:00,XRP,2.5,2.565,2.485,2.545,0.0
2025-05-13 16:00:00+00:00,BTC,103713.5,105012.5,103564.0,104822.0,0.0
2025-05-13 16:00:00+00:00,DOGE,0.23,0.24,0.23,0.24,0.0
2025-05-13 16:00:00+00:00,ETH,2566.55,2738.9,2560.5,2692.25,0.0
2025-05-13 16:00:00+00:00,SOL,176.12,184.45,175.76,182.12,0.0
2025-05-13 16:00:00+00:00,XRP,2.545,2.605,2.535,2.58,0.0
2025-05-13 20:01:00+00:00,BTC,104902.5,104928.75,103891.75,104129.75,0.0
2025-05-13 20:01:00+00:00,DOGE,0.24,0.24,0.24,0.24,0.0
2025-05-13 20:01:00+00:00,ETH,2692.8,2708.05,2655.6,2680.25,0.0
2025-05-13 20:01:00+00:00,SOL,182.26,184.86,180.43,183.79,0.0
2025-05-13 20:01:00+00:00,XRP,2.58,2.6,2.56,2.585,0.0
2025-05-14 00:00:00+00:00,BTC,104129.75,104137.25,103392.75,103717.0,0.0
2025-05-14 00:00:00+00:00,DOGE,0.24,0.25,0.23,0.24,0.0
2025-05-14 00:00:00+00:00,ETH,2680.25,2725.5,2623.25,2640.9,0.0
2025-05-14 00:00:00+00:00,SOL,183.79,184.87,179.12,181.75,0.0
2025-05-14 00:00:00+00:00,XRP,2.585,2.635,2.54,2.62,0.0
2025-05-14 08:00:00+00:00,BTC,103717.0,104385.25,102858.75,103538.75,0.0
2025-05-14 08:00:00+00:00,DOGE,0.24,0.24,0.23,0.23,0.0
2025-05-14 08:00:00+00:00,ETH,2640.9,2646.05,2559.85,2597.8,0.0
2025-05-14 08:00:00+00:00,SOL,181.75,182.64,175.62,177.38,0.0
2025-05-14 08:00:00+00:00,XRP,2.62,2.65,2.55,2.56,0.0
2025-05-14 16:00:00+00:00,BTC,103538.75,103748.25,102608.75,103328.25,0.0
2025-05-14 16:00:00+00:00,DOGE,0.23,0.235,0.23,0.23,0.0
2025-05-14 16:00:00+00:00,ETH,2597.8,2617.75,2547.95,2605.4,0.0
2025-05-14 16:00:00+00:00,SOL,177.38,177.71,173.28,177.1,0.0
2025-05-14 16:00:00+00:00,XRP,2.56,2.57,2.52,2.565,0.0
2025-05-14 20:01:00+00:00,BTC,103369.0,103696.75,103304.25,103539.25,0.0
2025-05-14 20:01:00+00:00,DOGE,0.23,0.235,0.23,0.23,0.0
2025-05-14 20:01:00+00:00,ETH,2606.95,2614.6,2584.45,2610.35,0.0
2025-05-14 20:01:00+00:00,SOL,177.34,177.71,175.26,176.67,0.0
2025-05-14 20:01:00+00:00,XRP,2.565,2.57,2.535,2.55,0.0
2025-05-15 00:00:00+00:00,BTC,103539.25,103906.5,101762.25,101807.5,0.0
2025-05-15 00:00:00+00:00,DOGE,0.23,0.24,0.22,0.22,0.0
2025-05-15 00:00:00+00:00,ETH,2610.35,2647.25,2516.3,2531.65,0.0
2025-05-15 00:00:00+00:00,SOL,176.67,178.36,169.81,170.44,0.0
2025-05-15 00:00:00+00:00,XRP,2.55,2.575,2.45,2.46,0.0
2025-05-15 08:00:00+00:00,BTC,101807.5,103324.5,101417.5,103281.75,0.0
2025-05-15 08:00:00+00:00,DOGE,0.22,0.23,0.22,0.23,0.0
2025-05-15 08:00:00+00:00,ETH,2531.65,2580.35,2478.75,2564.4,0.0
2025-05-15 08:00:00+00:00,SOL,170.44,173.1,167.05,172.28,0.0
2025-05-15 08:00:00+00:00,XRP,2.46,2.5,2.405,2.465,0.0
2025-05-15 16:00:00+00:00,BTC,103281.75,104224.5,102570.75,103177.25,0.0
2025-05-15 16:00:00+00:00,DOGE,0.23,0.23,0.22,0.22,0.0
2025-05-15 16:00:00+00:00,ETH,2564.4,2604.1,2512.5,2531.05,0.0
2025-05-15 16:00:00+00:00,SOL,172.28,174.53,167.75,169.79,0.0
2025-05-15 16:00:00+00:00,XRP,2.465,2.505,2.42,2.45,0.0
2025-05-15 20:01:00+00:00,BTC,103239.5,104017.0,102737.5,103794.75,0.0
2025-05-15 20:01:00+00:00,DOGE,0.22,0.22,0.21,0.22,0.0
2025-05-15 20:01:00+00:00,ETH,2531.65,2564.85,2512.75,2549.25,0.0
2025-05-15 20:01:00+00:00,SOL,169.89,170.68,166.85,169.2,0.0
2025-05-15 20:01:00+00:00,XRP,2.45,2.46,2.355,2.385,0.0
2025-05-16 00:00:00+00:00,BTC,103794.75,104495.0,103493.5,103739.0,0.0
2025-05-16 00:00:00+00:00,DOGE,0.22,0.23,0.22,0.23,0.0
2025-05-16 00:00:00+00:00,ETH,2549.25,2620.5,2534.75,2602.2,0.0
2025-05-16 00:00:00+00:00,SOL,169.2,173.71,168.74,172.18,0.0
2025-05-16 00:00:00+00:00,XRP,2.385,2.43,2.35,2.41,0.0
2025-05-16 08:00:00+00:00,BTC,103739.0,104319.5,103131.75,104228.25,0.0
2025-05-16 08:00:00+00:00,DOGE,0.23,0.23,0.22,0.23,0.0
2025-05-16 08:00:00+00:00,ETH,2602.2,2649.85,2559.25,2596.05,0.0
2025-05-16 08:00:00+00:00,SOL,172.18,174.26,169.44,172.18,0.0
2025-05-16 08:00:00+00:00,XRP,2.41,2.44,2.37,2.425,0.0
2025-05-16 16:00:00+00:00,BTC,104228.25,104599.25,103624.25,104076.0,0.0
2025-05-16 16:00:00+00:00,DOGE,0.23,0.23,0.22,0.23,0.0
2025-05-16 16:00:00+00:00,ETH,2596.05,2603.0,2571.15,2593.15,0.0
2025-05-16 16:00:00+00:00,SOL,172.18,172.79,169.83,171.5,0.0
2025-05-16 16:00:00+00:00,XRP,2.425,2.43,2.395,2.42,0.0
2025-05-18 07:00:00+00:00,BTC,103510.5,104006.0,103476.5,103963.5,0.0
2025-05-18 07:00:00+00:00,DOGE,0.22,0.22,0.22,0.22,0.0
2025-05-18 07:00:00+00:00,ETH,2498.25,2512.3,2495.55,2510.1,0.0
2025-05-18 07:00:00+00:00,SOL,169.38,170.8,169.2,170.75,0.0
2025-05-18 07:00:00+00:00,XRP,2.38,2.4,2.38,2.4,0.0
2025-05-18 08:00:00+00:00,BTC,103963.5,105715.75,103739.25,105558.0,0.0
2025-05-18 08:00:00+00:00,DOGE,0.22,0.24,0.22,0.24,0.0
2025-05-18 08:00:00+00:00,ETH,2510.1,2588.35,2489.5,2580.0,0.0
2025-05-18 08:00:00+00:00,SOL,170.75,176.75,170.29,176.34,0.0
2025-05-18 08:00:00+00:00,XRP,2.4,2.445,2.38,2.44,0.0
2025-05-18 16:00:00+00:00,BTC,105558.0,106701.5,103321.75,106499.5,0.0
2025-05-18 16:00:00+00:00,DOGE,0.24,0.24,0.22,0.23,0.0
2025-05-18 16:00:00+00:00,ETH,2580.0,2585.0,2325.1,2499.05,0.0
2025-05-18 16:00:00+00:00,SOL,176.34,176.86,164.67,173.37,0.0
2025-05-18 16:00:00+00:00,XRP,2.44,2.45,2.335,2.43,0.0
2025-05-19 00:00:00+00:00,BTC,106499.5,107118.5,102100.75,103264.5,0.0
2025-05-19 00:00:00+00:00,DOGE,0.23,0.24,0.21,0.22,0.0
2025-05-19 00:00:00+00:00,ETH,2499.05,2514.15,2349.6,2404.55,0.0
2025-05-19 00:00:00+00:00,SOL,173.37,174.01,159.58,161.95,0.0
2025-05-19 00:00:00+00:00,XRP,2.43,2.44,2.285,2.305,0.0
2025-05-19 08:00:00+00:00,BTC,103264.5,105010.75,102174.0,104832.0,0.0
2025-05-19 08:00:00+00:00,DOGE,0.22,0.22,0.21,0.22,0.0
2025-05-19 08:00:00+00:00,ETH,2404.55,2474.55,2386.0,2467.65,0.0
2025-05-19 08:00:00+00:00,SOL,161.95,164.79,160.19,164.26,0.0
2025-05-19 08:00:00+00:00,XRP,2.305,2.36,2.29,2.35,0.0
2025-05-19 16:00:00+00:00,BTC,104832.0,105608.0,104534.5,105563.75,0.0
2025-05-19 16:00:00+00:00,DOGE,0.22,0.23,0.22,0.22,0.0
2025-05-19 16:00:00+00:00,ETH,2467.65,2548.2,2451.8,2520.15,0.0
2025-05-19 16:00:00+00:00,SOL,164.26,167.43,162.89,166.68,0.0
2025-05-19 16:00:00+00:00,XRP,2.35,2.395,2.34,2.395,0.0
2025-05-19 20:01:00+00:00,BTC,105014.75,105863.0,105014.5,105617.75,0.0
2025-05-19 20:01:00+00:00,DOGE,0.22,0.23,0.22,0.22,0.0
2025-05-19 20:01:00+00:00,ETH,2501.5,2568.2,2493.2,2529.1,0.0
2025-05-19 20:01:00+00:00,SOL,167.02,167.22,165.08,166.94,0.0
2025-05-19 20:01:00+00:00,XRP,2.38,2.42,2.365,2.38,0.0
2025-05-20 00:00:00+00:00,BTC,105617.75,106893.25,104957.75,105062.0,0.0
2025-05-20 00:00:00+00:00,DOGE,0.22,0.23,0.22,0.22,0.0
2025-05-20 00:00:00+00:00,ETH,2529.1,2588.75,2511.5,2533.2,0.0
2025-05-20 00:00:00+00:00,SOL,166.94,173.14,166.84,167.41,0.0
2025-05-20 00:00:00+00:00,XRP,2.38,2.41,2.345,2.345,0.0
2025-05-20 08:00:00+00:00,BTC,105062.0,105456.75,104215.0,105381.75,0.0
2025-05-20 08:00:00+00:00,DOGE,0.22,0.22,0.22,0.22,0.0
2025-05-20 08:00:00+00:00,ETH,2533.2,2540.85,2465.55,2483.6,0.0
2025-05-20 08:00:00+00:00,SOL,167.41,168.18,164.57,166.68,0.0
2025-05-20 08:00:00+00:00,XRP,2.345,2.36,2.32,2.345,0.0
2025-05-20 16:00:00+00:00,BTC,105381.75,107305.0,105128.0,107077.0,0.0
2025-05-20 16:00:00+00:00,DOGE,0.22,0.23,0.22,0.22,0.0
2025-05-20 16:00:00+00:00,ETH,2483.6,2512.65,2444.05,2502.25,0.0
2025-05-20 16:00:00+00:00,SOL,166.68,169.21,164.64,168.24,0.0
2025-05-20 16:00:00+00:00,XRP,2.345,2.365,2.315,2.36,0.0
2025-05-20 20:01:00+00:00,BTC,106891.75,107353.5,105971.0,106887.5,0.0
2025-05-20 20:01:00+00:00,DOGE,0.22,0.23,0.22,0.23,0.0
2025-05-20 20:01:00+00:00,ETH,2497.3,2541.95,2486.4,2525.2,0.0
2025-05-20 20:01:00+00:00,SOL,167.77,169.45,166.36,168.66,0.0
2025-05-20 20:01:00+00:00,XRP,2.355,2.365,2.34,2.36,0.0
2025-05-21 00:00:00+00:00,BTC,106887.5,108025.25,106229.5,106563.75,0.0
2025-05-21 00:00:00+00:00,DOGE,0.23,0.23,0.22,0.23,0.0
2025-05-21 00:00:00+00:00,ETH,2525.2,2616.85,2510.1,2552.9,0.0
2025-05-21 00:00:00+00:00,SOL,168.66,171.83,166.89,168.91,0.0
2025-05-21 00:00:00+00:00,XRP,2.36,2.39,2.33,2.35,0.0
2025-05-21 08:00:00+00:00,BTC,106563.75,109522.5,106136.5,109021.0,0.0
2025-05-21 08:00:00+00:00,DOGE,0.23,0.23,0.22,0.23,0.0
2025-05-21 08:00:00+00:00,ETH,2552.9,2583.45,2517.0,2568.15,0.0
2025-05-21 08:00:00+00:00,SOL,168.91,173.73,167.44,172.24,0.0
2025-05-21 08:00:00+00:00,XRP,2.35,2.405,2.33,2.4,0.0
2025-05-21 16:00:00+00:00,BTC,109021.0,109896.5,106182.5,108677.25,0.0
2025-05-21 16:00:00+00:00,DOGE,0.23,0.24,0.22,0.23,0.0
2025-05-21 16:00:00+00:00,ETH,2568.15,2616.45,2453.9,2514.2,0.0
2025-05-21 16:00:00+00:00,SOL,172.24,175.03,165.62,171.26,0.0
2025-05-21 16:00:00+00:00,XRP,2.4,2.43,2.335,2.39,0.0
2025-05-21 20:01:00+00:00,BTC,108763.75,110808.5,107789.5,109687.75,0.0
2025-05-21 20:01:00+00:00,DOGE,0.23,0.24,0.23,0.23,0.0
2025-05-21 20:01:00+00:00,ETH,2512.9,2599.1,2488.65,2552.1,0.0
2025-05-21 20:01:00+00:00,SOL,171.38,176.08,169.23,173.61,0.0
2025-05-21 20:01:00+00:00,XRP,2.395,2.42,2.37,2.395,0.0
2025-05-22 00:00:00+00:00,BTC,109687.75,111916.5,109236.5,111065.0,0.0
2025-05-22 00:00:00+00:00,DOGE,0.23,0.24,0.23,0.24,0.0
2025-05-22 00:00:00+00:00,ETH,2552.1,2648.55,2545.85,2635.55,0.0
2025-05-22 00:00:00+00:00,SOL,173.61,178.81,172.72,178.53,0.0
2025-05-22 00:00:00+00:00,XRP,2.395,2.425,2.39,2.405,0.0
2025-05-22 08:00:00+00:00,BTC,111065.0,111640.0,110284.5,111327.75,0.0
2025-05-22 08:00:00+00:00,DOGE,0.24,0.245,0.24,0.24,0.0
2025-05-22 08:00:00+00:00,ETH,2635.55,2693.45,2624.05,2664.9,0.0
2025-05-22 08:00:00+00:00,SOL,178.53,180.91,176.98,179.05,0.0
2025-05-22 08:00:00+00:00,XRP,2.405,2.45,2.405,2.435,0.0
2025-05-22 16:00:00+00:00,BTC,111327.75,112013.75,110961.25,111237.0,0.0
2025-05-22 16:00:00+00:00,DOGE,0.24,0.24,0.24,0.24,0.0
2025-05-22 16:00:00+00:00,ETH,2664.9,2677.15,2627.85,2635.5,0.0
2025-05-22 16:00:00+00:00,SOL,179.05,180.27,177.62,177.92,0.0
2025-05-22 16:00:00+00:00,XRP,2.435,2.44,2.415,2.425,0.0
2025-05-22 20:01:00+00:00,BTC,111134.75,111759.25,110797.5,111733.75,0.0
2025-05-22 20:01:00+00:00,DOGE,0.24,0.25,0.24,0.25,0.0
2025-05-22 20:01:00+00:00,ETH,2633.7,2666.6,2628.7,2665.45,0.0
2025-05-22 20:01:00+00:00,SOL,177.81,180.07,177.37,179.72,0.0
2025-05-22 20:01:00+00:00,XRP,2.425,2.435,2.405,2.43,0.0
2025-05-23 00:00:00+00:00,BTC,111733.75,111832.75,110405.25,110717.75,0.0
2025-05-23 00:00:00+00:00,DOGE,0.25,0.25,0.24,0.24,0.0
2025-05-23 00:00:00+00:00,ETH,2665.45,2733.9,2645.85,2655.3,0.0
2025-05-23 00:00:00+00:00,SOL,179.72,185.42,179.32,182.55,0.0
2025-05-23 00:00:00+00:00,XRP,2.43,2.48,2.41,2.425,0.0
2025-05-23 08:00:00+00:00,BTC,110717.75,111383.5,107324.75,108973.75,0.0
2025-05-23 08:00:00+00:00,DOGE,0.24,0.25,0.23,0.23,0.0
2025-05-23 08:00:00+00:00,ETH,2655.3,2688.95,2499.3,2569.45,0.0
2025-05-23 08:00:00+00:00,SOL,182.55,187.53,173.37,180.75,0.0
2025-05-23 08:00:00+00:00,XRP,2.425,2.455,2.3,2.365,0.0
2025-05-23 16:00:00+00:00,BTC,108973.75,109854.75,108029.0,108754.25,0.0
2025-05-23 16:00:00+00:00,DOGE,0.23,0.24,0.23,0.23,0.0
2025-05-23 16:00:00+00:00,ETH,2569.45,2587.9,2547.45,2561.85,0.0
2025-05-23 16:00:00+00:00,SOL,180.75,182.3,178.47,179.2,0.0
2025-05-23 16:00:00+00:00,XRP,2.365,2.375,2.345,2.345,0.0
2025-05-25 07:00:00+00:00,BTC,107995.75,108036.75,107497.75,107729.0,0.0
2025-05-25 07:00:00+00:00,DOGE,0.22,0.22,0.22,0.22,0.0
2025-05-25 07:00:00+00:00,ETH,2508.55,2508.55,2488.75,2495.5,0.0
2025-05-25 07:00:00+00:00,SOL,173.51,173.53,171.97,172.42,0.0
2025-05-25 07:00:00+00:00,XRP,2.32,2.32,2.305,2.31,0.0
2025-05-25 08:00:00+00:00,BTC,107729.0,107801.0,106659.0,107020.0,0.0
2025-05-25 08:00:00+00:00,DOGE,0.22,0.22,0.22,0.22,0.0
2025-05-25 08:00:00+00:00,ETH,2495.5,2525.75,2465.3,2513.05,0.0
2025-05-25 08:00:00+00:00,SOL,172.42,172.72,169.22,170.4,0.0
2025-05-25 08:00:00+00:00,XRP,2.31,2.31,2.265,2.29,0.0
2025-05-25 16:00:00+00:00,BTC,107020.0,109420.25,106695.25,109064.25,0.0
2025-05-25 16:00:00+00:00,DOGE,0.22,0.23,0.22,0.225,0.0
2025-05-25 16:00:00+00:00,ETH,2513.05,2555.8,2497.45,2552.85,0.0
2025-05-25 16:00:00+00:00,SOL,170.4,176.0,169.26,175.84,0.0
2025-05-25 16:00:00+00:00,XRP,2.29,2.345,2.275,2.345,0.0
2025-05-26 00:00:00+00:00,BTC,109064.25,110290.0,108734.75,110160.0,0.0
2025-05-26 00:00:00+00:00,DOGE,0.225,0.23,0.22,0.23,0.0
2025-05-26 00:00:00+00:00,ETH,2552.85,2600.75,2539.35,2582.4,0.0
2025-05-26 00:00:00+00:00,SOL,175.84,179.11,175.25,178.28,0.0
2025-05-26 00:00:00+00:00,XRP,2.345,2.36,2.335,2.35,0.0
2025-05-26 08:00:00+00:00,BTC,110160.0,110485.0,109549.5,110064.75,0.0
2025-05-26 08:00:00+00:00,DOGE,0.23,0.23,0.22,0.23,0.0
2025-05-26 08:00:00+00:00,ETH,2582.4,2584.4,2540.75,2567.45,0.0
2025-05-26 08:00:00+00:00,SOL,178.28,178.9,176.01,177.55,0.0
2025-05-26 08:00:00+00:00,XRP,2.35,2.355,2.315,2.335,0.0
2025-05-26 16:00:00+00:00,BTC,110064.75,110484.0,108907.75,109176.75,0.0
2025-05-26 16:00:00+00:00,DOGE,0.23,0.23,0.22,0.22,0.0
2025-05-26 16:00:00+00:00,ETH,2567.45,2574.65,2527.35,2542.45,0.0
2025-05-26 16:00:00+00:00,SOL,177.55,178.15,173.57,174.14,0.0
2025-05-26 16:00:00+00:00,XRP,2.335,2.34,2.3,2.315,0.0
2025-05-26 20:01:00+00:00,BTC,109756.25,110380.25,109107.5,109484.0,0.0
2025-05-26 20:01:00+00:00,DOGE,0.24,0.24,0.22,0.23,0.0
2025-05-26 20:01:00+00:00,ETH,2560.2,2586.15,2546.5,2565.0,0.0
2025-05-26 20:01:00+00:00,SOL,171.99,176.64,171.99,174.99,0.0
2025-05-26 20:01:00+00:00,XRP,2.385,2.405,2.3,2.31,0.0
2025-05-27 00:00:00+00:00,BTC,109484.0,109725.5,107560.5,109572.5,0.0
2025-05-27 00:00:00+00:00,DOGE,0.23,0.23,0.22,0.23,0.0
2025-05-27 00:00:00+00:00,ETH,2565.0,2620.1,2510.95,2608.5,0.0
2025-05-27 00:00:00+00:00,SOL,174.99,175.92,171.33,175.47,0.0
2025-05-27 00:00:00+00:00,XRP,2.31,2.32,2.27,2.3,0.0
2025-05-27 08:00:00+00:00,BTC,109572.5,110796.25,108724.75,110203.0,0.0
2025-05-27 08:00:00+00:00,DOGE,0.23,0.23,0.225,0.23,0.0
2025-05-27 08:00:00+00:00,ETH,2608.5,2685.05,2608.5,2669.4,0.0
2025-05-27 08:00:00+00:00,SOL,175.47,179.55,175.11,178.55,0.0
2025-05-27 08:00:00+00:00,XRP,2.3,2.355,2.3,2.34,0.0
2025-05-27 16:00:00+00:00,BTC,110203.0,110570.25,109625.75,109939.0,0.0
2025-05-27 16:00:00+00:00,DOGE,0.23,0.23,0.23,0.23,0.0
2025-05-27 16:00:00+00:00,ETH,2669.4,2712.3,2659.85,2689.2,0.0
2025-05-27 16:00:00+00:00,SOL,178.55,179.41,177.53,177.63,0.0
2025-05-27 16:00:00+00:00,XRP,2.34,2.35,2.335,2.335,0.0
2025-05-27 20:01:00+00:00,BTC,109833.25,109966.75,108645.5,108991.5,0.0
2025-05-27 20:01:00+00:00,DOGE,0.23,0.23,0.22,0.23,0.0
2025-05-27 20:01:00+00:00,ETH,2688.7,2695.3,2653.85,2662.5,0.0
2025-05-27 20:01:00+00:00,SOL,177.44,178.74,175.69,176.81,0.0
2025-05-27 20:01:00+00:00,XRP,2.335,2.34,2.305,2.32,0.0
2025-05-28 00:00:00+00:00,BTC,108991.5,109346.25,108456.0,108875.0,0.0
2025-05-28 00:00:00+00:00,DOGE,0.23,0.23,0.22,0.22,0.0
2025-05-28 00:00:00+00:00,ETH,2662.5,2663.35,2619.9,2637.75,0.0
2025-05-28 00:00:00+00:00,SOL,176.81,177.54,173.79,173.97,0.0
2025-05-28 00:00:00+00:00,XRP,2.32,2.325,2.285,2.295,0.0
2025-05-28 08:00:00+00:00,BTC,108875.0,109190.75,107082.25,107162.25,0.0
2025-05-28 08:00:00+00:00,DOGE,0.22,0.22,0.22,0.22,0.0
2025-05-28 08:00:00+00:00,ETH,2637.75,2690.7,2610.15,2628.25,0.0
2025-05-28 08:00:00+00:00,SOL,173.97,175.21,168.99,169.77,0.0
2025-05-28 08:00:00+00:00,XRP,2.295,2.32,2.255,2.255,0.0
2025-05-28 16:00:00+00:00,BTC,107162.25,109592.5,106968.0,106968.5,0.0
2025-05-28 16:00:00+00:00,DOGE,0.22,0.22,0.22,0.22,0.0
2025-05-28 16:00:00+00:00,ETH,2628.25,2665.65,2616.55,2618.7,0.0
2025-05-28 16:00:00+00:00,SOL,169.77,179.97,169.19,169.49,0.0
2025-05-28 16:00:00+00:00,XRP,2.255,2.27,2.23,2.23,0.0
2025-05-28 20:01:00+00:00,BTC,106929.5,108094.75,106821.5,107822.0,0.0
2025-05-28 20:01:00+00:00,DOGE,0.22,0.22,0.22,0.22,0.0
2025-05-28 20:01:00+00:00,ETH,2619.35,2687.15,2613.15,2682.75,0.0
2025-05-28 20:01:00+00:00,SOL,169.49,172.71,169.3,172.29,0.0
2025-05-28 20:01:00+00:00,XRP,2.23,2.28,2.23,2.275,0.0
2025-05-29 00:00:00+00:00,BTC,107822.0,108533.75,106996.75,107935.75,0.0
2025-05-29 00:00:00+00:00,DOGE,0.22,0.23,0.22,0.22,0.0
2025-05-29 00:00:00+00:00,ETH,2682.75,2788.85,2671.85,2732.4,0.0
2025-05-29 00:00:00+00:00,SOL,172.29,175.39,170.22,172.31,0.0
2025-05-29 00:00:00+00:00,XRP,2.275,2.315,2.27,2.28,0.0
2025-05-29 08:00:00+00:00,BTC,107935.75,108947.75,106505.5,107050.5,0.0
2025-05-29 08:00:00+00:00,DOGE,0.22,0.23,0.22,0.22,0.0
2025-05-29 08:00:00+00:00,ETH,2732.4,2745.2,2623.2,2644.6,0.0
2025-05-29 08:00:00+00:00,SOL,172.31,173.54,169.13,169.82,0.0
2025-05-29 08:00:00+00:00,XRP,2.28,2.31,2.27,2.275,0.0
2025-05-29 16:00:00+00:00,BTC,107050.5,107206.25,105657.75,105747.0,0.0
2025-05-29 16:00:00+00:00,DOGE,0.22,0.22,0.215,0.22,0.0
2025-05-29 16:00:00+00:00,ETH,2644.6,2673.85,2629.75,2650.75,0.0
2025-05-29 16:00:00+00:00,SOL,169.82,170.36,166.09,166.84,0.0
2025-05-29 16:00:00+00:00,XRP,2.275,2.29,2.255,2.265,0.0
2025-05-29 20:01:00+00:00,BTC,105977.25,106491.5,105351.0,105598.0,0.0
2025-05-29 20:01:00+00:00,DOGE,0.22,0.22,0.21,0.215,0.0
2025-05-29 20:01:00+00:00,ETH,2658.35,2669.3,2620.0,2631.7,0.0
2025-05-29 20:01:00+00:00,SOL,167.12,168.57,166.03,166.72,0.0
2025-05-29 20:01:00+00:00,XRP,2.27,2.285,2.24,2.245,0.0
2025-05-30 00:00:00+00:00,BTC,105598.0,106355.5,104618.25,105086.5,0.0
2025-05-30 00:00:00+00:00,DOGE,0.215,0.23,0.195,0.2,0.0
2025-05-30 00:00:00+00:00,ETH,2631.7,2650.0,2561.25,2619.5,0.0
2025-05-30 00:00:00+00:00,SOL,166.72,171.49,160.33,162.77,0.0
2025-05-30 00:00:00+00:00,XRP,2.245,2.26,2.135,2.19,0.0
2025-05-30 08:00:00+00:00,BTC,105086.5,106036.0,104646.25,105571.5,0.0
2025-05-30 08:00:00+00:00,DOGE,0.2,0.21,0.2,0.2,0.0
2025-05-30 08:00:00+00:00,ETH,2619.5,2629.05,2573.4,2599.35,0.0
2025-05-30 08:00:00+00:00,SOL,162.77,164.22,160.15,161.27,0.0
2025-05-30 08:00:00+00:00,XRP,2.19,2.215,2.165,2.185,0.0
2025-05-30 16:00:00+00:00,BTC,105571.5,105592.75,103719.0,104654.25,0.0
2025-05-30 16:00:00+00:00,DOGE,0.2,0.2,0.185,0.2,0.0
2025-05-30 16:00:00+00:00,ETH,2599.35,2605.05,2535.65,2575.05,0.0
2025-05-30 16:00:00+00:00,SOL,161.27,161.82,156.35,160.84,0.0
2025-05-30 16:00:00+00:00,XRP,2.185,2.21,2.135,2.185,0.0
2025-06-01 07:00:00+00:00,BTC,104317.5,104435.25,104256.0,104336.75,0.0
2025-06-01 07:00:00+00:00,DOGE,0.19,0.19,0.19,0.19,0.0
2025-06-01 07:00:00+00:00,ETH,2514.0,2517.0,2507.4,2510.5,0.0
2025-06-01 07:00:00+00:00,SOL,154.93,155.03,154.23,154.54,0.0
2025-06-01 07:00:00+00:00,XRP,2.165,2.165,2.155,2.16,0.0
2025-06-01 08:00:00+00:00,BTC,104336.75,104869.5,103814.25,104773.5,0.0
2025-06-01 08:00:00+00:00,DOGE,0.19,0.19,0.19,0.19,0.0
2025-06-01 08:00:00+00:00,ETH,2510.5,2526.4,2470.05,2524.6,0.0
2025-06-01 08:00:00+00:00,SOL,154.54,154.73,150.68,154.26,0.0
2025-06-01 08:00:00+00:00,XRP,2.16,2.16,2.125,2.155,0.0
2025-06-01 16:00:00+00:00,BTC,104773.5,105930.25,104399.25,105701.75,0.0
2025-06-01 16:00:00+00:00,DOGE,0.19,0.195,0.19,0.19,0.0
2025-06-01 16:00:00+00:00,ETH,2524.6,2549.35,2495.85,2540.55,0.0
2025-06-01 16:00:00+00:00,SOL,154.26,158.02,153.56,157.79,0.0
2025-06-01 16:00:00+00:00,XRP,2.155,2.19,2.145,2.18,0.0
2025-06-02 00:00:00+00:00,BTC,105701.75,105797.5,104619.5,105448.75,0.0
2025-06-02 00:00:00+00:00,DOGE,0.19,0.19,0.19,0.19,0.0
2025-06-02 00:00:00+00:00,ETH,2540.55,2542.95,2484.95,2508.2,0.0
2025-06-02 00:00:00+00:00,SOL,157.79,159.03,154.76,155.62,0.0
2025-06-02 00:00:00+00:00,XRP,2.18,2.185,2.15,2.165,0.0
2025-06-02 08:00:00+00:00,BTC,105448.75,105999.0,103721.75,104491.0,0.0
2025-06-02 08:00:00+00:00,DOGE,0.19,0.19,0.19,0.19,0.0
2025-06-02 08:00:00+00:00,ETH,2508.2,2557.65,2476.4,2545.45,0.0
2025-06-02 08:00:00+00:00,SOL,155.62,156.64,151.77,153.25,0.0
2025-06-02 08:00:00+00:00,XRP,2.165,2.18,2.135,2.16,0.0
2025-06-02 16:00:00+00:00,BTC,104491.0,104788.0,104083.0,104476.75,0.0
2025-06-02 16:00:00+00:00,DOGE,0.19,0.19,0.19,0.19,0.0
2025-06-02 16:00:00+00:00,ETH,2545.45,2566.95,2526.3,2533.75,0.0
2025-06-02 16:00:00+00:00,SOL,153.25,155.21,151.86,153.03,0.0
2025-06-02 16:00:00+00:00,XRP,2.16,2.18,2.15,2.17,0.0
2025-06-02 20:01:00+00:00,BTC,105308.25,105994.75,104634.75,105915.75,0.0
2025-06-02 20:01:00+00:00,DOGE,0.21,0.21,0.19,0.195,0.0
2025-06-02 20:01:00+00:00,ETH,2574.45,2616.45,2537.2,2608.8,0.0
2025-06-02 20:01:00+00:00,SOL,156.54,158.2,153.81,156.93,0.0
2025-06-02 20:01:00+00:00,XRP,2.17,2.205,2.17,2.2,0.0
2025-06-03 00:00:00+00:00,BTC,105915.75,106585.5,105181.25,105241.0,0.0
2025-06-03 00:00:00+00:00,DOGE,0.195,0.2,0.19,0.2,0.0
2025-06-03 00:00:00+00:00,ETH,2608.8,2651.25,2590.9,2611.7,0.0
2025-06-03 00:00:00+00:00,SOL,156.93,162.5,156.51,159.93,0.0
2025-06-03 00:00:00+00:00,XRP,2.2,2.225,2.19,2.19,0.0
2025-06-03 08:00:00+00:00,BTC,105241.0,106886.5,104929.5,106697.75,0.0
2025-06-03 08:00:00+00:00,DOGE,0.2,0.2,0.19,0.2,0.0
2025-06-03 08:00:00+00:00,ETH,2611.7,2655.7,2596.6,2625.5,0.0
2025-06-03 08:00:00+00:00,SOL,159.93,163.77,158.38,162.34,0.0
2025-06-03 08:00:00+00:00,XRP,2.19,2.28,2.185,2.265,0.0
2025-06-03 16:00:00+00:00,BTC,106697.75,106761.75,105654.25,106307.75,0.0
2025-06-03 16:00:00+00:00,DOGE,0.2,0.2,0.2,0.2,0.0
2025-06-03 16:00:00+00:00,ETH,2625.5,2630.45,2605.15,2626.6,0.0
2025-06-03 16:00:00+00:00,SOL,162.34,162.55,160.13,160.68,0.0
2025-06-03 16:00:00+00:00,XRP,2.265,2.285,2.24,2.285,0.0
2025-06-03 20:01:00+00:00,BTC,106238.5,106326.5,105343.5,105460.75,0.0
2025-06-03 20:01:00+00:00,DOGE,0.2,0.2,0.19,0.19,0.0
2025-06-03 20:01:00+00:00,ETH,2624.1,2626.25,2579.0,2595.0,0.0
2025-06-03 20:01:00+00:00,SOL,160.5,160.6,154.26,155.31,0.0
2025-06-03 20:01:00+00:00,XRP,2.28,2.28,2.235,2.245,0.0
2025-06-04 00:00:00+00:00,BTC,105460.75,105919.25,105203.75,105382.5,0.0
2025-06-04 00:00:00+00:00,DOGE,0.19,0.2,0.19,0.2,0.0
2025-06-04 00:00:00+00:00,ETH,2595.0,2646.65,2585.35,2629.55,0.0
2025-06-04 00:00:00+00:00,SOL,155.31,157.75,154.29,156.52,0.0
2025-06-04 00:00:00+00:00,XRP,2.245,2.27,2.23,2.235,0.0
2025-06-04 08:00:00+00:00,BTC,105382.5,106067.0,104226.75,105356.25,0.0
2025-06-04 08:00:00+00:00,DOGE,0.2,0.2,0.19,0.19,0.0
2025-06-04 08:00:00+00:00,ETH,2629.55,2680.7,2595.95,2669.35,0.0
2025-06-04 08:00:00+00:00,SOL,156.52,158.05,154.67,157.22,0.0
2025-06-04 08:00:00+00:00,XRP,2.235,2.265,2.22,2.25,0.0
2025-06-04 16:00:00+00:00,BTC,105356.25,105538.75,104917.5,104974.0,0.0
2025-06-04 16:00:00+00:00,DOGE,0.19,0.19,0.19,0.19,0.0
2025-06-04 16:00:00+00:00,ETH,2669.35,2670.9,2623.7,2625.05,0.0
2025-06-04 16:00:00+00:00,SOL,157.22,157.65,155.37,155.46,0.0
2025-06-04 16:00:00+00:00,XRP,2.25,2.25,2.21,2.21,0.0
2025-06-04 20:01:00+00:00,BTC,104989.0,105105.75,104463.75,104763.5,0.0
2025-06-04 20:01:00+00:00,DOGE,0.19,0.19,0.19,0.19,0.0
2025-06-04 20:01:00+00:00,ETH,2625.2,2626.6,2600.6,2609.45,0.0
2025-06-04 20:01:00+00:00,SOL,155.44,155.67,153.07,153.37,0.0
2025-06-04 20:01:00+00:00,XRP,2.21,2.22,2.2,2.2,0.0
2025-06-05 00:00:00+00:00,BTC,104763.5,105304.5,104435.0,104578.25,0.0
2025-06-05 00:00:00+00:00,DOGE,0.19,0.19,0.19,0.19,0.0
2025-06-05 00:00:00+00:00,ETH,2609.45,2635.85,2602.5,2605.55,0.0
2025-06-05 00:00:00+00:00,SOL,153.37,154.69,152.06,152.52,0.0
2025-06-05 00:00:00+00:00,XRP,2.2,2.22,2.185,2.19,0.0
2025-06-05 08:00:00+00:00,BTC,104578.25,105971.5,103932.25,104580.25,0.0
2025-06-05 08:00:00+00:00,DOGE,0.19,0.19,0.19,0.19,0.0
2025-06-05 08:00:00+00:00,ETH,2605.55,2642.35,2564.3,2590.65,0.0
2025-06-05 08:00:00+00:00,SOL,152.52,154.49,148.69,150.97,0.0
2025-06-05 08:00:00+00:00,XRP,2.19,2.23,2.18,2.19,0.0
2025-06-05 16:00:00+00:00,BTC,104580.25,105041.25,101636.25,101934.5,0.0
2025-06-05 16:00:00+00:00,DOGE,0.19,0.205,0.17,0.17,0.0
2025-06-05 16:00:00+00:00,ETH,2590.65,2617.1,2508.0,2529.6,0.0
2025-06-05 16:00:00+00:00,SOL,150.97,151.16,144.28,146.24,0.0
2025-06-05 16:00:00+00:00,XRP,2.19,2.19,2.115,2.13,0.0
2025-06-05 20:01:00+00:00,BTC,101919.75,102186.75,100403.0,101569.75,0.0
2025-06-05 20:01:00+00:00,DOGE,0.17,0.17,0.17,0.17,0.0
2025-06-05 20:01:00+00:00,ETH,2527.55,2536.3,2378.65,2415.4,0.0
2025-06-05 20:01:00+00:00,SOL,146.23,146.65,141.53,144.37,0.0
2025-06-05 20:01:00+00:00,XRP,2.13,2.13,2.06,2.1,0.0
2025-06-06 00:00:00+00:00,BTC,101569.75,103537.0,101152.5,103213.0,0.0
2025-06-06 00:00:00+00:00,DOGE,0.17,0.18,0.17,0.17,0.0
2025-06-06 00:00:00+00:00,ETH,2415.4,2469.4,2385.15,2456.9,0.0
2025-06-06 00:00:00+00:00,SOL,144.37,148.35,144.23,147.48,0.0
2025-06-06 00:00:00+00:00,XRP,2.1,2.14,2.085,2.13,0.0
2025-06-06 08:00:00+00:00,BTC,103213.0,105427.0,103212.75,105174.5,0.0
2025-06-06 08:00:00+00:00,DOGE,0.17,0.18,0.17,0.18,0.0
2025-06-06 08:00:00+00:00,ETH,2456.9,2532.85,2455.2,2511.3,0.0
2025-06-06 08:00:00+00:00,SOL,147.48,152.52,147.31,151.19,0.0
2025-06-06 08:00:00+00:00,XRP,2.13,2.19,2.13,2.185,0.0
2025-06-06 16:00:00+00:00,BTC,105174.5,105381.0,104138.25,104309.75,0.0
2025-06-06 16:00:00+00:00,DOGE,0.18,0.18,0.18,0.18,0.0
2025-06-06 16:00:00+00:00,ETH,2511.3,2520.05,2485.0,2486.15,0.0
2025-06-06 16:00:00+00:00,SOL,151.19,151.68,148.63,149.22,0.0
2025-06-06 16:00:00+00:00,XRP,2.185,2.185,2.165,2.175,0.0
2025-06-08 07:00:00+00:00,BTC,105505.5,105624.75,105473.0,105494.5,0.0
2025-06-08 07:00:00+00:00,DOGE,0.18,0.18,0.18,0.18,0.0
2025-06-08 07:00:00+00:00,ETH,2514.7,2518.35,2513.1,2516.4,0.0
2025-06-08 07:00:00+00:00,SOL,149.99,150.28,149.2,149.38,0.0
2025-06-08 07:00:00+00:00,XRP,2.21,2.22,2.2,2.21,0.0
2025-06-08 08:00:00+00:00,BTC,105494.5,106185.5,105036.5,106038.0,0.0
2025-06-08 08:00:00+00:00,DOGE,0.18,0.19,0.18,0.18,0.0
2025-06-08 08:00:00+00:00,ETH,2516.4,2528.1,2493.4,2515.6,0.0
2025-06-08 08:00:00+00:00,SOL,149.38,151.24,148.03,150.79,0.0
2025-06-08 08:00:00+00:00,XRP,2.21,2.29,2.2,2.28,0.0
2025-06-08 16:00:00+00:00,BTC,106038.0,106529.25,105390.0,105783.0,0.0
2025-06-08 16:00:00+00:00,DOGE,0.18,0.19,0.18,0.18,0.0
2025-06-08 16:00:00+00:00,ETH,2515.6,2549.8,2501.6,2510.8,0.0
2025-06-08 16:00:00+00:00,SOL,150.79,155.39,150.71,152.52,0.0
2025-06-08 16:00:00+00:00,XRP,2.28,2.295,2.255,2.27,0.0
2025-06-09 00:00:00+00:00,BTC,105783.0,106033.5,105369.75,105622.75,0.0
2025-06-09 00:00:00+00:00,DOGE,0.18,0.18,0.18,0.18,0.0
2025-06-09 00:00:00+00:00,ETH,2510.8,2513.0,2479.35,2493.35,0.0
2025-06-09 00:00:00+00:00,SOL,152.52,153.23,149.68,150.95,0.0
2025-06-09 00:00:00+00:00,XRP,2.27,2.27,2.225,2.23,0.0
2025-06-09 08:00:00+00:00,BTC,105622.75,108088.25,105532.5,107691.5,0.0
2025-06-09 08:00:00+00:00,DOGE,0.18,0.19,0.18,0.18,0.0
2025-06-09 08:00:00+00:00,ETH,2493.35,2550.05,2486.0,2535.5,0.0
2025-06-09 08:00:00+00:00,SOL,150.95,156.69,150.47,155.12,0.0
2025-06-09 08:00:00+00:00,XRP,2.23,2.27,2.23,2.265,0.0
2025-06-09 16:00:00+00:00,BTC,107691.5,108837.75,107689.5,108647.75,0.0
2025-06-09 16:00:00+00:00,DOGE,0.18,0.19,0.18,0.19,0.0
2025-06-09 16:00:00+00:00,ETH,2535.5,2592.2,2535.35,2582.3,0.0
2025-06-09 16:00:00+00:00,SOL,155.12,157.07,149.33,155.86,0.0
2025-06-09 16:00:00+00:00,XRP,2.265,2.315,2.26,2.3,0.0
2025-06-09 20:01:00+00:00,BTC,107856.5,110641.25,107856.5,110317.5,0.0
2025-06-09 20:01:00+00:00,DOGE,0.205,0.21,0.19,0.195,0.0
2025-06-09 20:01:00+00:00,ETH,2576.9,2695.45,2576.9,2681.85,0.0
2025-06-09 20:01:00+00:00,SOL,155.08,161.84,155.08,161.25,0.0
2025-06-09 20:01:00+00:00,XRP,2.305,2.33,2.3,2.32,0.0
2025-06-10 00:00:00+00:00,BTC,110317.5,110393.75,109148.25,109263.0,0.0
2025-06-10 00:00:00+00:00,DOGE,0.195,0.2,0.19,0.19,0.0
2025-06-10 00:00:00+00:00,ETH,2681.85,2728.95,2657.15,2678.25,0.0
2025-06-10 00:00:00+00:00,SOL,161.25,161.91,157.46,158.56,0.0
2025-06-10 00:00:00+00:00,XRP,2.32,2.33,2.275,2.285,0.0
2025-06-10 08:00:00+00:00,BTC,109263.0,109930.5,108365.0,109043.75,0.0
2025-06-10 08:00:00+00:00,DOGE,0.19,0.2,0.19,0.19,0.0
2025-06-10 08:00:00+00:00,ETH,2678.25,2799.75,2671.05,2733.45,0.0
2025-06-10 08:00:00+00:00,SOL,158.56,162.03,156.36,158.07,0.0
2025-06-10 08:00:00+00:00,XRP,2.285,2.32,2.26,2.28,0.0
2025-06-10 16:00:00+00:00,BTC,109043.75,110426.5,108538.0,109545.75,0.0
2025-06-10 16:00:00+00:00,DOGE,0.19,0.2,0.19,0.19,0.0
2025-06-10 16:00:00+00:00,ETH,2733.45,2806.1,2729.3,2774.4,0.0
2025-06-10 16:00:00+00:00,SOL,158.07,165.54,157.15,163.65,0.0
2025-06-10 16:00:00+00:00,XRP,2.28,2.31,2.27,2.295,0.0
2025-06-10 20:01:00+00:00,BTC,109507.25,110328.0,109266.25,110303.5,0.0
2025-06-10 20:01:00+00:00,DOGE,0.19,0.2,0.19,0.2,0.0
2025-06-10 20:01:00+00:00,ETH,2769.35,2827.45,2736.4,2816.95,0.0
2025-06-10 20:01:00+00:00,SOL,163.7,165.72,162.92,165.16,0.0
2025-06-10 20:01:00+00:00,XRP,2.295,2.31,2.29,2.305,0.0
2025-06-11 00:00:00+00:00,BTC,110303.5,110308.0,109391.25,109461.75,0.0
2025-06-11 00:00:00+00:00,DOGE,0.2,0.21,0.19,0.2,0.0
2025-06-11 00:00:00+00:00,ETH,2816.95,2835.15,2772.55,2791.7,0.0
2025-06-11 00:00:00+00:00,SOL,165.16,167.48,163.45,166.68,0.0
2025-06-11 00:00:00+00:00,XRP,2.305,2.31,2.28,2.29,0.0
2025-06-11 08:00:00+00:00,BTC,109461.75,110421.5,109040.0,109765.75,0.0
2025-06-11 08:00:00+00:00,DOGE,0.2,0.2,0.2,0.2,0.0
2025-06-11 08:00:00+00:00,ETH,2791.7,2880.0,2754.6,2865.75,0.0
2025-06-11 08:00:00+00:00,SOL,166.68,168.4,163.77,167.3,0.0
2025-06-11 08:00:00+00:00,XRP,2.29,2.34,2.29,2.33,0.0
2025-06-11 16:00:00+00:00,BTC,109765.75,109851.25,108458.25,108784.0,0.0
2025-06-11 16:00:00+00:00,DOGE,0.2,0.2,0.19,0.2,0.0
2025-06-11 16:00:00+00:00,ETH,2865.75,2876.5,2800.05,2814.5,0.0
2025-06-11 16:00:00+00:00,SOL,167.3,167.49,162.47,162.73,0.0
2025-06-11 16:00:00+00:00,XRP,2.33,2.33,2.28,2.29,0.0
2025-06-11 20:01:00+00:00,BTC,108793.0,109261.0,108095.25,108688.0,0.0
2025-06-11 20:01:00+00:00,DOGE,0.195,0.2,0.19,0.19,0.0
2025-06-11 20:01:00+00:00,ETH,2811.8,2832.2,2744.85,2772.5,0.0
2025-06-11 20:01:00+00:00,SOL,162.6,163.92,159.28,161.04,0.0
2025-06-11 20:01:00+00:00,XRP,2.29,2.3,2.25,2.27,0.0
2025-06-12 00:00:00+00:00,BTC,108688.0,108859.5,107358.5,107645.5,0.0
2025-06-12 00:00:00+00:00,DOGE,0.19,0.19,0.19,0.19,0.0
2025-06-12 00:00:00+00:00,ETH,2772.5,2785.75,2735.9,2741.4,0.0
2025-06-12 00:00:00+00:00,SOL,161.04,161.35,158.34,158.83,0.0
2025-06-12 00:00:00+00:00,XRP,2.27,2.27,2.23,2.24,0.0
2025-06-12 08:00:00+00:00,BTC,107645.5,107994.0,106620.5,107042.0,0.0
2025-06-12 08:00:00+00:00,DOGE,0.19,0.19,0.19,0.19,0.0
2025-06-12 08:00:00+00:00,ETH,2741.4,2773.6,2712.85,2720.4,0.0
2025-06-12 08:00:00+00:00,SOL,158.83,160.68,156.5,157.06,0.0
2025-06-12 08:00:00+00:00,XRP,2.24,2.25,2.22,2.23,0.0
2025-06-12 16:00:00+00:00,BTC,107042.0,108489.0,106714.5,106836.5,0.0
2025-06-12 16:00:00+00:00,DOGE,0.19,0.19,0.18,0.18,0.0
2025-06-12 16:00:00+00:00,ETH,2720.4,2772.05,2692.8,2696.1,0.0
2025-06-12 16:00:00+00:00,SOL,157.06,160.51,154.61,154.92,0.0
2025-06-12 16:00:00+00:00,XRP,2.23,2.26,2.2,2.205,0.0
2025-06-12 20:01:00+00:00,BTC,106794.25,107100.0,105713.75,105714.75,0.0
2025-06-12 20:01:00+00:00,DOGE,0.18,0.19,0.18,0.18,0.0
2025-06-12 20:01:00+00:00,ETH,2696.0,2704.7,2618.2,2644.0,0.0
2025-06-12 20:01:00+00:00,SOL,154.75,155.52,152.11,152.38,0.0
2025-06-12 20:01:00+00:00,XRP,2.2,2.21,2.17,2.19,0.0
2025-06-13 00:00:00+00:00,BTC,105714.75,105744.25,102749.25,104955.25,0.0
2025-06-13 00:00:00+00:00,DOGE,0.18,0.18,0.17,0.17,0.0
2025-06-13 00:00:00+00:00,ETH,2644.0,2646.7,2439.55,2527.8,0.0
2025-06-13 00:00:00+00:00,SOL,152.38,152.66,141.03,145.09,0.0
2025-06-13 00:00:00+00:00,XRP,2.19,2.19,2.085,2.13,0.0
2025-06-13 08:00:00+00:00,BTC,104955.25,105968.5,104168.5,105500.0,0.0
2025-06-13 08:00:00+00:00,DOGE,0.17,0.18,0.17,0.18,0.0
2025-06-13 08:00:00+00:00,ETH,2527.8,2564.75,2505.15,2552.9,0.0
2025-06-13 08:00:00+00:00,SOL,145.09,147.87,143.73,147.24,0.0
2025-06-13 08:00:00+00:00,XRP,2.13,2.16,2.12,2.15,0.0
2025-06-13 16:00:00+00:00,BTC,105500.0,106050.0,104729.0,105167.75,0.0
2025-06-13 16:00:00+00:00,DOGE,0.18,0.19,0.18,0.18,0.0
2025-06-13 16:00:00+00:00,ETH,2552.9,2586.95,2511.65,2529.0,0.0
2025-06-13 16:00:00+00:00,SOL,147.24,148.61,144.41,145.26,0.0
2025-06-13 16:00:00+00:00,XRP,2.15,2.16,2.12,2.12,0.0
2025-06-15 07:00:00+00:00,BTC,105503.25,105517.75,105262.0,105479.25,0.0
2025-06-15 07:00:00+00:00,DOGE,0.18,0.18,0.18,0.18,0.0
2025-06-15 07:00:00+00:00,ETH,2537.4,2537.85,2524.35,2530.2,0.0
2025-06-15 07:00:00+00:00,SOL,146.58,146.64,145.86,145.97,0.0
2025-06-15 07:00:00+00:00,XRP,2.15,2.16,2.15,2.15,0.0
2025-06-15 08:00:00+00:00,BTC,105479.25,105881.5,104917.75,105608.75,0.0
2025-06-15 08:00:00+00:00,DOGE,0.18,0.18,0.17,0.18,0.0
2025-06-15 08:00:00+00:00,ETH,2530.2,2555.6,2510.05,2542.95,0.0
2025-06-15 08:00:00+00:00,SOL,145.97,153.08,144.31,150.91,0.0
2025-06-15 08:00:00+00:00,XRP,2.15,2.18,2.15,2.165,0.0
2025-06-15 16:00:00+00:00,BTC,105608.75,105821.5,104522.75,105617.25,0.0
2025-06-15 16:00:00+00:00,DOGE,0.18,0.18,0.17,0.18,0.0
2025-06-15 16:00:00+00:00,ETH,2542.95,2560.05,2492.65,2548.4,0.0
2025-06-15 16:00:00+00:00,SOL,150.91,153.58,148.22,153.05,0.0
2025-06-15 16:00:00+00:00,XRP,2.165,2.17,2.14,2.17,0.0
2025-06-16 00:00:00+00:00,BTC,105617.25,107285.75,105003.25,107082.0,0.0
2025-06-16 00:00:00+00:00,DOGE,0.18,0.18,0.17,0.18,0.0
2025-06-16 00:00:00+00:00,ETH,2548.4,2639.25,2515.65,2629.35,0.0
2025-06-16 00:00:00+00:00,SOL,153.05,157.95,151.06,157.34,0.0
2025-06-16 00:00:00+00:00,XRP,2.17,2.205,2.15,2.205,0.0
2025-06-16 08:00:00+00:00,BTC,107082.0,107830.75,106397.0,107480.25,0.0
2025-06-16 08:00:00+00:00,DOGE,0.18,0.18,0.18,0.18,0.0
2025-06-16 08:00:00+00:00,ETH,2629.35,2658.8,2592.8,2633.3,0.0
2025-06-16 08:00:00+00:00,SOL,157.34,157.88,154.75,156.66,0.0
2025-06-16 08:00:00+00:00,XRP,2.205,2.3,2.195,2.29,0.0
2025-06-16 16:00:00+00:00,BTC,107480.25,108933.25,107122.75,108697.75,0.0
2025-06-16 16:00:00+00:00,DOGE,0.18,0.18,0.18,0.18,0.0
2025-06-16 16:00:00+00:00,ETH,2633.3,2671.5,2628.7,2661.5,0.0
2025-06-16 16:00:00+00:00,SOL,156.66,158.82,156.42,157.86,0.0
2025-06-16 16:00:00+00:00,XRP,2.29,2.34,2.29,2.335,0.0
2025-06-16 20:01:00+00:00,BTC,106546.5,108983.25,106546.25,106851.0,0.0
2025-06-16 20:01:00+00:00,DOGE,0.19,0.19,0.17,0.17,0.0
2025-06-16 20:01:00+00:00,ETH,2674.05,2681.5,2537.25,2545.3,0.0
2025-06-16 20:01:00+00:00,SOL,154.94,158.61,150.4,150.81,0.0
2025-06-16 20:01:00+00:00,XRP,2.29,2.335,2.23,2.24,0.0
2025-06-17 00:00:00+00:00,BTC,106851.0,107804.25,106167.25,106799.5,0.0
2025-06-17 00:00:00+00:00,DOGE,0.17,0.18,0.17,0.17,0.0
2025-06-17 00:00:00+00:00,ETH,2545.3,2619.5,2525.6,2583.4,0.0
2025-06-17 00:00:00+00:00,SOL,150.81,154.39,147.53,152.73,0.0
2025-06-17 00:00:00+00:00,XRP,2.24,2.26,2.2,2.24,0.0
2025-06-17 08:00:00+00:00,BTC,106799.5,106864.75,104161.75,104266.25,0.0
2025-06-17 08:00:00+00:00,DOGE,0.17,0.17,0.17,0.17,0.0
2025-06-17 08:00:00+00:00,ETH,2583.4,2586.65,2483.3,2499.7,0.0
2025-06-17 08:00:00+00:00,SOL,152.73,152.96,146.58,147.68,0.0
2025-06-17 08:00:00+00:00,XRP,2.24,2.24,2.165,2.18,0.0
2025-06-17 16:00:00+00:00,BTC,104266.25,105368.25,103383.75,104718.25,0.0
2025-06-17 16:00:00+00:00,DOGE,0.17,0.17,0.16,0.17,0.0
2025-06-17 16:00:00+00:00,ETH,2499.7,2544.4,2454.1,2529.15,0.0
2025-06-17 16:00:00+00:00,SOL,147.68,150.46,145.67,148.95,0.0
2025-06-17 16:00:00+00:00,XRP,2.18,2.205,2.14,2.18,0.0
2025-06-17 20:01:00+00:00,BTC,104746.25,104930.0,104225.0,104580.25,0.0
2025-06-17 20:01:00+00:00,DOGE,0.17,0.17,0.17,0.17,0.0
2025-06-17 20:01:00+00:00,ETH,2530.8,2534.95,2492.75,2510.6,0.0
2025-06-17 20:01:00+00:00,SOL,148.78,149.31,146.33,147.63,0.0
2025-06-17 20:01:00+00:00,XRP,2.19,2.19,2.145,2.16,0.0
2025-06-18 00:00:00+00:00,BTC,104580.25,105580.0,104400.0,105003.0,0.0
2025-06-18 00:00:00+00:00,DOGE,0.17,0.17,0.17,0.17,0.0
2025-06-18 00:00:00+00:00,ETH,2510.6,2546.85,2506.85,2534.45,0.0
2025-06-18 00:00:00+00:00,SOL,147.63,149.31,146.59,148.03,0.0
2025-06-18 00:00:00+00:00,XRP,2.16,2.18,2.15,2.16,0.0
2025-06-18 08:00:00+00:00,BTC,105003.0,105355.0,103837.75,104832.0,0.0
2025-06-18 08:00:00+00:00,DOGE,0.17,0.17,0.16,0.17,0.0
2025-06-18 08:00:00+00:00,ETH,2534.45,2549.0,2467.2,2509.7,0.0
2025-06-18 08:00:00+00:00,SOL,148.03,148.59,143.82,145.8,0.0
2025-06-18 08:00:00+00:00,XRP,2.16,2.17,2.12,2.15,0.0
2025-06-18 16:00:00+00:00,BTC,104832.0,104870.0,103525.75,103836.5,0.0
2025-06-18 16:00:00+00:00,DOGE,0.17,0.17,0.17,0.17,0.0
2025-06-18 16:00:00+00:00,ETH,2509.7,2519.3,2467.9,2492.75,0.0
2025-06-18 16:00:00+00:00,SOL,145.8,146.55,143.69,144.75,0.0
2025-06-18 16:00:00+00:00,XRP,2.15,2.16,2.13,2.14,0.0
2025-06-18 20:01:00+00:00,BTC,103891.75,105182.25,103674.5,104924.0,0.0
2025-06-18 20:01:00+00:00,DOGE,0.17,0.17,0.17,0.17,0.0
2025-06-18 20:01:00+00:00,ETH,2492.9,2538.25,2483.5,2526.1,0.0
2025-06-18 20:01:00+00:00,SOL,144.87,147.98,144.13,146.43,0.0
2025-06-18 20:01:00+00:00,XRP,2.145,2.18,2.14,2.17,0.0
2025-06-19 00:00:00+00:00,BTC,104924.0,105254.5,104490.25,104671.0,0.0
2025-06-19 00:00:00+00:00,DOGE,0.17,0.17,0.17,0.17,0.0
2025-06-19 00:00:00+00:00,ETH,2526.1,2548.0,2508.0,2519.7,0.0
2025-06-19 00:00:00+00:00,SOL,146.43,147.96,145.01,145.12,0.0
2025-06-19 00:00:00+00:00,XRP,2.17,2.185,2.15,2.16,0.0
2025-06-19 08:00:00+00:00,BTC,104671.0,105107.25,104110.5,104134.5,0.0
2025-06-19 08:00:00+00:00,DOGE,0.17,0.17,0.17,0.17,0.0
2025-06-19 08:00:00+00:00,ETH,2519.7,2545.5,2490.75,2493.85,0.0
2025-06-19 08:00:00+00:00,SOL,145.12,146.54,142.97,143.21,0.0
2025-06-19 08:00:00+00:00,XRP,2.16,2.17,2.145,2.15,0.0
2025-06-19 16:00:00+00:00,BTC,104134.5,104850.25,103949.75,104279.0,0.0
2025-06-19 16:00:00+00:00,DOGE,0.17,0.17,0.17,0.17,0.0
2025-06-19 16:00:00+00:00,ETH,2493.85,2523.55,2485.65,2505.5,0.0
2025-06-19 16:00:00+00:00,SOL,143.21,146.08,143.16,145.54,0.0
2025-06-19 16:00:00+00:00,XRP,2.15,2.18,2.15,2.17,0.0
2025-06-19 20:01:00+00:00,BTC,104294.25,104924.5,104170.5,104681.75,0.0
2025-06-19 20:01:00+00:00,DOGE,0.17,0.17,0.17,0.17,0.0
2025-06-19 20:01:00+00:00,ETH,2506.45,2532.7,2503.55,2521.8,0.0
2025-06-19 20:01:00+00:00,SOL,145.59,147.51,145.08,147.11,0.0
2025-06-19 20:01:00+00:00,XRP,2.17,2.175,2.16,2.17,0.0
2025-06-20 00:00:00+00:00,BTC,104681.75,105844.25,104249.5,105834.5,0.0
2025-06-20 00:00:00+00:00,DOGE,0.17,0.17,0.17,0.17,0.0
2025-06-20 00:00:00+00:00,ETH,2521.8,2551.3,2504.3,2550.25,0.0
2025-06-20 00:00:00+00:00,SOL,147.11,147.8,144.34,147.5,0.0
2025-06-20 00:00:00+00:00,XRP,2.17,2.17,2.14,2.17,0.0
2025-06-20 08:00:00+00:00,BTC,105834.5,106549.75,103894.0,104238.25,0.0
2025-06-20 08:00:00+00:00,DOGE,0.17,0.17,0.17,0.17,0.0
2025-06-20 08:00:00+00:00,ETH,2550.25,2569.55,2488.0,2494.25,0.0
2025-06-20 08:00:00+00:00,SOL,147.5,148.87,142.39,142.88,0.0
2025-06-20 08:00:00+00:00,XRP,2.17,2.18,2.13,2.13,0.0
2025-06-20 16:00:00+00:00,BTC,104238.25,104292.0,102367.25,103337.5,0.0
2025-06-20 16:00:00+00:00,DOGE,0.17,0.17,0.16,0.16,0.0
2025-06-20 16:00:00+00:00,ETH,2494.25,2496.75,2367.75,2415.35,0.0
2025-06-20 16:00:00+00:00,SOL,142.88,143.03,135.71,139.86,0.0
2025-06-20 16:00:00+00:00,XRP,2.13,2.14,2.09,2.13,0.0
2025-06-22 07:00:00+00:00,BTC,102781.25,102798.75,102302.0,102472.0,0.0
2025-06-22 07:00:00+00:00,DOGE,0.16,0.16,0.16,0.16,0.0
2025-06-22 07:00:00+00:00,ETH,2287.65,2289.7,2268.95,2271.65,0.0
2025-06-22 07:00:00+00:00,SOL,135.95,136.0,134.65,134.89,0.0
2025-06-22 07:00:00+00:00,XRP,2.085,2.09,2.07,2.07,0.0
2025-06-22 08:00:00+00:00,BTC,102472.0,103500.0,98959.75,98960.0,0.0
2025-06-22 08:00:00+00:00,DOGE,0.16,0.165,0.15,0.15,0.0
2025-06-22 08:00:00+00:00,ETH,2271.65,2288.1,2156.85,2175.35,0.0
2025-06-22 08:00:00+00:00,SOL,134.89,146.87,126.59,128.6,0.0
2025-06-22 08:00:00+00:00,XRP,2.07,2.11,1.93,1.935,0.0
2025-06-22 16:00:00+00:00,BTC,98960.0,102677.25,98241.25,100998.25,0.0
2025-06-22 16:00:00+00:00,DOGE,0.15,0.165,0.14,0.15,0.0
2025-06-22 16:00:00+00:00,ETH,2175.35,2238.15,2113.3,2228.5,0.0
2025-06-22 16:00:00+00:00,SOL,128.6,145.55,126.09,131.77,0.0
2025-06-22 16:00:00+00:00,XRP,1.935,2.115,1.91,2.015,0.0
2025-06-23 00:00:00+00:00,BTC,100998.25,102184.5,100114.5,101975.25,0.0
2025-06-23 00:00:00+00:00,DOGE,0.15,0.165,0.145,0.15,0.0
2025-06-23 00:00:00+00:00,ETH,2228.5,2309.8,2195.7,2259.8,0.0
2025-06-23 00:00:00+00:00,SOL,131.77,136.73,129.37,134.44,0.0
2025-06-23 00:00:00+00:00,XRP,2.015,2.125,2.01,2.025,0.0
2025-06-23 08:00:00+00:00,BTC,101975.25,103491.25,100343.25,101469.5,0.0
2025-06-23 08:00:00+00:00,DOGE,0.15,0.17,0.145,0.15,0.0
2025-06-23 08:00:00+00:00,ETH,2259.8,2333.7,2234.1,2249.7,0.0
2025-06-23 08:00:00+00:00,SOL,134.44,137.8,132.52,133.49,0.0
2025-06-23 08:00:00+00:00,XRP,2.025,2.125,1.99,2.0,0.0
2025-06-23 16:00:00+00:00,BTC,101469.5,103666.0,99682.5,102502.5,0.0
2025-06-23 16:00:00+00:00,DOGE,0.15,0.17,0.145,0.17,0.0
2025-06-23 16:00:00+00:00,ETH,2249.7,2345.75,2185.15,2325.45,0.0
2025-06-23 16:00:00+00:00,SOL,133.49,150.34,130.74,145.12,0.0
2025-06-23 16:00:00+00:00,XRP,2.0,2.135,1.955,2.11,0.0
2025-06-23 20:01:00+00:00,BTC,102502.5,106245.0,102502.25,105412.75,0.0
2025-06-23 20:01:00+00:00,DOGE,0.16,0.17,0.155,0.16,0.0
2025-06-23 20:01:00+00:00,ETH,2325.45,2444.55,2292.85,2413.35,0.0
2025-06-23 20:01:00+00:00,SOL,145.11,153.7,135.23,144.61,0.0
2025-06-23 20:01:00+00:00,XRP,2.09,2.19,2.045,2.16,0.0
2025-06-24 00:00:00+00:00,BTC,105412.75,105893.25,104774.0,105008.25,0.0
2025-06-24 00:00:00+00:00,DOGE,0.16,0.17,0.16,0.16,0.0
2025-06-24 00:00:00+00:00,ETH,2413.35,2436.2,2391.25,2394.8,0.0
2025-06-24 00:00:00+00:00,SOL,144.61,146.86,142.4,144.11,0.0
2025-06-24 00:00:00+00:00,XRP,2.16,2.21,2.13,2.18,0.0
2025-06-24 08:00:00+00:00,BTC,105008.25,105901.0,104691.5,105298.0,0.0
2025-06-24 08:00:00+00:00,DOGE,0.16,0.17,0.15,0.16,0.0
2025-06-24 08:00:00+00:00,ETH,2394.8,2455.3,2322.95,2439.4,0.0
2025-06-24 08:00:00+00:00,SOL,144.11,145.92,143.09,144.4,0.0
2025-06-24 08:00:00+00:00,XRP,2.18,2.205,2.14,2.19,0.0
2025-06-24 16:00:00+00:00,BTC,105298.0,106347.5,103749.25,105700.25,0.0
2025-06-24 16:00:00+00:00,DOGE,0.16,0.17,0.16,0.16,0.0
2025-06-24 16:00:00+00:00,ETH,2439.4,2483.25,2355.4,2435.55,0.0
2025-06-24 16:00:00+00:00,SOL,144.4,146.72,142.9,143.69,0.0
2025-06-24 16:00:00+00:00,XRP,2.19,2.21,2.145,2.21,0.0
2025-06-24 20:01:00+00:00,BTC,105622.0,106174.0,105491.75,106140.0,0.0
2025-06-24 20:01:00+00:00,DOGE,0.16,0.17,0.16,0.17,0.0
2025-06-24 20:01:00+00:00,ETH,2433.4,2451.65,2431.8,2449.7,0.0
2025-06-24 20:01:00+00:00,SOL,143.45,146.03,143.26,146.0,0.0
2025-06-24 20:01:00+00:00,XRP,2.21,2.22,2.18,2.19,0.0
2025-06-25 00:00:00+00:00,BTC,106140.0,106854.5,105873.0,106657.75,0.0
2025-06-25 00:00:00+00:00,DOGE,0.17,0.17,0.16,0.17,0.0
2025-06-25 00:00:00+00:00,ETH,2449.7,2469.9,2425.45,2445.95,0.0
2025-06-25 00:00:00+00:00,SOL,146.0,147.57,144.96,147.1,0.0
2025-06-25 00:00:00+00:00,XRP,2.19,2.2,2.17,2.19,0.0
2025-06-25 08:00:00+00:00,BTC,106657.75,108195.0,106392.75,107097.75,0.0
2025-06-25 08:00:00+00:00,DOGE,0.17,0.17,0.16,0.16,0.0
2025-06-25 08:00:00+00:00,ETH,2445.95,2451.7,2391.5,2407.05,0.0
2025-06-25 08:00:00+00:00,SOL,147.1,148.05,143.18,143.78,0.0
2025-06-25 08:00:00+00:00,XRP,2.19,2.23,2.175,2.18,0.0
2025-06-25 16:00:00+00:00,BTC,107097.75,107971.75,106981.5,107814.25,0.0
2025-06-25 16:00:00+00:00,DOGE,0.16,0.17,0.16,0.17,0.0
2025-06-25 16:00:00+00:00,ETH,2407.05,2440.0,2402.5,2434.0,0.0
2025-06-25 16:00:00+00:00,SOL,143.78,144.85,142.91,144.83,0.0
2025-06-25 16:00:00+00:00,XRP,2.18,2.21,2.17,2.21,0.0
2025-06-25 20:01:00+00:00,BTC,107713.25,108037.5,107148.0,107400.25,0.0
2025-06-25 20:01:00+00:00,DOGE,0.17,0.17,0.16,0.16,0.0
2025-06-25 20:01:00+00:00,ETH,2432.05,2455.95,2409.35,2419.95,0.0
2025-06-25 20:01:00+00:00,SOL,144.62,145.71,142.36,143.67,0.0
2025-06-25 20:01:00+00:00,XRP,2.2,2.205,2.18,2.185,0.0
2025-06-26 00:00:00+00:00,BTC,107400.25,108344.25,107179.5,107875.0,0.0
2025-06-26 00:00:00+00:00,DOGE,0.16,0.17,0.16,0.165,0.0
2025-06-26 00:00:00+00:00,ETH,2419.95,2521.95,2418.3,2491.1,0.0
2025-06-26 00:00:00+00:00,SOL,143.67,148.08,143.5,145.25,0.0
2025-06-26 00:00:00+00:00,XRP,2.185,2.22,2.18,2.19,0.0
2025-06-26 08:00:00+00:00,BTC,107875.0,108240.25,106608.75,107362.0,0.0
2025-06-26 08:00:00+00:00,DOGE,0.165,0.17,0.16,0.16,0.0
2025-06-26 08:00:00+00:00,ETH,2491.1,2501.85,2410.75,2434.2,0.0
2025-06-26 08:00:00+00:00,SOL,145.25,145.91,141.46,143.07,0.0
2025-06-26 08:00:00+00:00,XRP,2.19,2.2,2.11,2.12,0.0
2025-06-26 16:00:00+00:00,BTC,107362.0,107715.5,107053.0,107579.0,0.0
2025-06-26 16:00:00+00:00,DOGE,0.16,0.16,0.16,0.16,0.0
2025-06-26 16:00:00+00:00,ETH,2434.2,2443.85,2419.05,2436.75,0.0
2025-06-26 16:00:00+00:00,SOL,143.07,143.33,141.04,142.35,0.0
2025-06-26 16:00:00+00:00,XRP,2.12,2.135,2.1,2.125,0.0
2025-06-26 20:01:00+00:00,BTC,107516.25,108043.0,106887.5,107008.0,0.0
2025-06-26 20:01:00+00:00,DOGE,0.16,0.16,0.16,0.16,0.0
2025-06-26 20:01:00+00:00,ETH,2432.6,2458.6,2396.4,2417.1,0.0
2025-06-26 20:01:00+00:00,SOL,142.17,144.04,138.7,139.14,0.0
2025-06-26 20:01:00+00:00,XRP,2.125,2.15,2.105,2.11,0.0
2025-06-27 00:00:00+00:00,BTC,107008.0,107797.0,106481.5,106929.25,0.0
2025-06-27 00:00:00+00:00,DOGE,0.16,0.16,0.16,0.16,0.0
2025-06-27 00:00:00+00:00,ETH,2417.1,2460.75,2383.45,2443.35,0.0
2025-06-27 00:00:00+00:00,SOL,139.14,142.29,137.22,140.4,0.0
2025-06-27 00:00:00+00:00,XRP,2.11,2.115,2.08,2.09,0.0
2025-06-27 08:00:00+00:00,BTC,106929.25,107472.75,106415.25,107373.5,0.0
2025-06-27 08:00:00+00:00,DOGE,0.16,0.16,0.16,0.16,0.0
2025-06-27 08:00:00+00:00,ETH,2443.35,2464.6,2414.8,2439.6,0.0
2025-06-27 08:00:00+00:00,SOL,140.4,143.94,140.39,143.56,0.0
2025-06-27 08:00:00+00:00,XRP,2.09,2.14,2.07,2.1,0.0
2025-06-27 16:00:00+00:00,BTC,107373.5,107760.75,106495.5,106864.25,0.0
2025-06-27 16:00:00+00:00,DOGE,0.16,0.16,0.16,0.16,0.0
2025-06-27 16:00:00+00:00,ETH,2439.6,2450.65,2390.2,2413.95,0.0
2025-06-27 16:00:00+00:00,SOL,143.56,144.91,140.17,141.86,0.0
2025-06-27 16:00:00+00:00,XRP,2.1,2.125,2.07,2.095,0.0
2025-06-29 07:00:00+00:00,BTC,107422.25,107450.5,107369.0,107450.25,0.0
2025-06-29 07:00:00+00:00,DOGE,0.16,0.16,0.16,0.16,0.0
2025-06-29 07:00:00+00:00,ETH,2437.85,2441.5,2436.0,2441.45,0.0
2025-06-29 07:00:00+00:00,SOL,149.83,150.41,149.62,150.41,0.0
2025-06-29 07:00:00+00:00,XRP,2.19,2.19,2.18,2.185,0.0
2025-06-29 08:00:00+00:00,BTC,107450.25,108540.0,107330.25,107780.0,0.0
2025-06-29 08:00:00+00:00,DOGE,0.16,0.17,0.16,0.16,0.0
2025-06-29 08:00:00+00:00,ETH,2441.45,2464.5,2434.15,2437.55,0.0
2025-06-29 08:00:00+00:00,SOL,150.41,152.63,150.01,150.81,0.0
2025-06-29 08:00:00+00:00,XRP,2.185,2.2,2.18,2.185,0.0
2025-06-29 16:00:00+00:00,BTC,107780.0,108468.0,107277.25,108385.75,0.0
2025-06-29 16:00:00+00:00,DOGE,0.16,0.17,0.16,0.17,0.0
2025-06-29 16:00:00+00:00,ETH,2437.55,2525.6,2412.85,2500.75,0.0
2025-06-29 16:00:00+00:00,SOL,150.81,154.82,149.79,153.35,0.0
2025-06-29 16:00:00+00:00,XRP,2.185,2.22,2.18,2.21,0.0
2025-06-30 00:00:00+00:00,BTC,108385.75,108837.25,107537.0,107640.0,0.0
2025-06-30 00:00:00+00:00,DOGE,0.17,0.17,0.16,0.17,0.0
2025-06-30 00:00:00+00:00,ETH,2500.75,2527.55,2457.15,2481.2,0.0
2025-06-30 00:00:00+00:00,SOL,153.35,154.14,149.72,150.69,0.0
2025-06-30 00:00:00+00:00,XRP,2.21,2.22,2.175,2.19,0.0
2025-06-30 08:00:00+00:00,BTC,107640.0,107992.0,106750.0,107606.0,0.0
2025-06-30 08:00:00+00:00,DOGE,0.17,0.17,0.16,0.165,0.0
2025-06-30 08:00:00+00:00,ETH,2481.2,2488.85,2435.1,2475.4,0.0
2025-06-30 08:00:00+00:00,SOL,150.69,159.95,149.49,157.9,0.0
2025-06-30 08:00:00+00:00,XRP,2.19,2.2,2.17,2.19,0.0
2025-06-30 16:00:00+00:00,BTC,107606.0,107829.25,106865.5,107760.25,0.0
2025-06-30 16:00:00+00:00,DOGE,0.165,0.17,0.16,0.17,0.0
2025-06-30 16:00:00+00:00,ETH,2475.4,2519.05,2462.5,2516.6,0.0
2025-06-30 16:00:00+00:00,SOL,157.9,158.51,155.37,157.8,0.0
2025-06-30 16:00:00+00:00,XRP,2.19,2.33,2.19,2.32,0.0
2025-06-30 20:01:00+00:00,BTC,107085.5,107739.5,106935.25,107174.0,0.0
2025-06-30 20:01:00+00:00,DOGE,0.18,0.185,0.16,0.17,0.0
2025-06-30 20:01:00+00:00,ETH,2530.2,2545.65,2484.05,2486.2,0.0
2025-06-30 20:01:00+00:00,SOL,156.42,158.22,154.56,154.88,0.0
2025-06-30 20:01:00+00:00,XRP,2.3,2.325,2.235,2.24,0.0
2025-07-01 00:00:00+00:00,BTC,107174.0,107576.25,106647.0,107210.25,0.0
2025-07-01 00:00:00+00:00,DOGE,0.17,0.17,0.16,0.16,0.0
2025-07-01 00:00:00+00:00,ETH,2486.2,2538.1,2446.4,2465.85,0.0
2025-07-01 00:00:00+00:00,SOL,154.88,157.07,148.97,150.12,0.0
2025-07-01 00:00:00+00:00,XRP,2.24,2.275,2.21,2.225,0.0
2025-07-01 08:00:00+00:00,BTC,107210.25,107232.0,105671.0,105990.0,0.0
2025-07-01 08:00:00+00:00,DOGE,0.16,0.16,0.16,0.16,0.0
2025-07-01 08:00:00+00:00,ETH,2465.85,2465.9,2408.0,2424.45,0.0
2025-07-01 08:00:00+00:00,SOL,150.12,150.13,146.28,147.28,0.0
2025-07-01 08:00:00+00:00,XRP,2.225,2.26,2.18,2.19,0.0
2025-07-01 16:00:00+00:00,BTC,105990.0,106328.0,105404.75,105408.75,0.0
2025-07-01 16:00:00+00:00,DOGE,0.16,0.16,0.16,0.16,0.0
2025-07-01 16:00:00+00:00,ETH,2424.45,2434.7,2401.4,2403.15,0.0
2025-07-01 16:00:00+00:00,SOL,147.28,148.51,145.34,145.48,0.0
2025-07-01 16:00:00+00:00,XRP,2.19,2.255,2.16,2.16,0.0
2025-07-01 20:01:00+00:00,BTC,105298.5,106125.5,105267.75,105708.5,0.0
2025-07-01 20:01:00+00:00,DOGE,0.16,0.16,0.16,0.16,0.0
2025-07-01 20:01:00+00:00,ETH,2399.55,2419.15,2387.0,2405.55,0.0
2025-07-01 20:01:00+00:00,SOL,145.25,147.07,144.94,146.92,0.0
2025-07-01 20:01:00+00:00,XRP,2.155,2.3,2.15,2.17,0.0
2025-07-02 00:00:00+00:00,BTC,105708.5,107216.75,105115.5,107118.0,0.0
2025-07-02 00:00:00+00:00,DOGE,0.16,0.16,0.16,0.16,0.0
2025-07-02 00:00:00+00:00,ETH,2405.55,2455.2,2374.3,2447.7,0.0
2025-07-02 00:00:00+00:00,SOL,146.92,149.96,145.87,149.16,0.0
2025-07-02 00:00:00+00:00,XRP,2.17,2.2,2.16,2.19,0.0
2025-07-02 08:00:00+00:00,BTC,107118.0,108816.25,107117.25,108799.75,0.0
2025-07-02 08:00:00+00:00,DOGE,0.16,0.17,0.16,0.17,0.0
2025-07-02 08:00:00+00:00,ETH,2447.7,2503.55,2432.1,2500.15,0.0
2025-07-02 08:00:00+00:00,SOL,149.16,151.67,147.17,151.41,0.0
2025-07-02 08:00:00+00:00,XRP,2.19,2.22,2.17,2.21,0.0
2025-07-02 16:00:00+00:00,BTC,108799.75,109789.75,107021.75,109705.75,0.0
2025-07-02 16:00:00+00:00,DOGE,0.17,0.17,0.17,0.17,0.0
2025-07-02 16:00:00+00:00,ETH,2500.15,2609.3,2496.25,2606.2,0.0
2025-07-02 16:00:00+00:00,SOL,151.41,153.74,149.25,153.11,0.0
2025-07-02 16:00:00+00:00,XRP,2.21,2.29,2.21,2.265,0.0
2025-07-02 20:01:00+00:00,BTC,109658.5,109658.75,108767.25,108889.75,0.0
2025-07-02 20:01:00+00:00,DOGE,0.17,0.17,0.17,0.17,0.0
2025-07-02 20:01:00+00:00,ETH,2600.75,2620.05,2527.85,2571.3,0.0
2025-07-02 20:01:00+00:00,SOL,153.0,154.47,152.02,152.34,0.0
2025-07-02 20:01:00+00:00,XRP,2.265,2.27,2.23,2.235,0.0
2025-07-03 00:00:00+00:00,BTC,108889.75,109574.75,108573.75,109318.75,0.0
2025-07-03 00:00:00+00:00,DOGE,0.17,0.18,0.17,0.17,0.0
2025-07-03 00:00:00+00:00,ETH,2571.3,2606.65,2557.2,2601.15,0.0
2025-07-03 00:00:00+00:00,SOL,152.34,156.0,151.84,155.66,0.0
2025-07-03 00:00:00+00:00,XRP,2.235,2.285,2.225,2.28,0.0
2025-07-03 08:00:00+00:00,BTC,109318.75,110503.0,108051.0,109168.25,0.0
2025-07-03 08:00:00+00:00,DOGE,0.17,0.18,0.17,0.17,0.0
2025-07-03 08:00:00+00:00,ETH,2601.15,2636.55,2566.45,2571.35,0.0
2025-07-03 08:00:00+00:00,SOL,155.66,156.44,149.99,150.23,0.0
2025-07-03 08:00:00+00:00,XRP,2.28,2.315,2.24,2.245,0.0
2025-07-03 16:00:00+00:00,BTC,109168.25,109966.25,109054.0,109836.25,0.0
2025-07-03 16:00:00+00:00,DOGE,0.17,0.17,0.17,0.17,0.0
2025-07-03 16:00:00+00:00,ETH,2571.35,2593.8,2566.5,2587.3,0.0
2025-07-03 16:00:00+00:00,SOL,150.23,152.13,149.97,151.88,0.0
2025-07-03 16:00:00+00:00,XRP,2.245,2.285,2.24,2.27,0.0
2025-07-03 20:01:00+00:00,BTC,109872.25,110071.25,109583.0,109638.75,0.0
2025-07-03 20:01:00+00:00,DOGE,0.17,0.17,0.17,0.17,0.0
2025-07-03 20:01:00+00:00,ETH,2587.1,2604.8,2586.7,2592.4,0.0
2025-07-03 20:01:00+00:00,SOL,151.93,153.33,151.92,152.43,0.0
2025-07-03 20:01:00+00:00,XRP,2.27,2.28,2.255,2.26,0.0
2025-07-04 00:00:00+00:00,BTC,109638.75,109823.5,108765.25,108769.25,0.0
2025-07-04 00:00:00+00:00,DOGE,0.17,0.17,0.17,0.17,0.0
2025-07-04 00:00:00+00:00,ETH,2592.4,2604.1,2521.2,2536.05,0.0
2025-07-04 00:00:00+00:00,SOL,152.43,153.95,150.35,150.55,0.0
2025-07-04 00:00:00+00:00,XRP,2.26,2.27,2.22,2.22,0.0
2025-07-04 08:00:00+00:00,BTC,108769.25,109164.25,107551.75,107627.5,0.0
2025-07-04 08:00:00+00:00,DOGE,0.17,0.17,0.16,0.16,0.0
2025-07-04 08:00:00+00:00,ETH,2536.05,2559.9,2499.55,2501.7,0.0
2025-07-04 08:00:00+00:00,SOL,150.55,151.31,146.36,146.64,0.0
2025-07-04 08:00:00+00:00,XRP,2.22,2.24,2.205,2.215,0.0
2025-07-04 16:00:00+00:00,BTC,107627.5,107973.0,107279.75,107501.25,0.0
2025-07-04 16:00:00+00:00,DOGE,0.16,0.16,0.16,0.16,0.0
2025-07-04 16:00:00+00:00,ETH,2501.7,2504.75,2475.15,2483.3,0.0
2025-07-04 16:00:00+00:00,SOL,146.64,147.09,145.27,146.75,0.0
2025-07-04 16:00:00+00:00,XRP,2.215,2.34,2.2,2.21,0.0
2025-07-06 07:00:00+00:00,BTC,108173.5,108235.25,108076.0,108078.25,0.0
2025-07-06 07:00:00+00:00,DOGE,0.16,0.16,0.16,0.16,0.0
2025-07-06 07:00:00+00:00,ETH,2522.6,2526.65,2518.5,2518.75,0.0
2025-07-06 07:00:00+00:00,SOL,148.13,148.55,147.93,147.96,0.0
2025-07-06 07:00:00+00:00,XRP,2.23,2.235,2.23,2.23,0.0
2025-07-06 08:00:00+00:00,BTC,108078.25,109164.0,107837.25,108946.25,0.0
2025-07-06 08:00:00+00:00,DOGE,0.16,0.18,0.16,0.17,0.0
2025-07-06 08:00:00+00:00,ETH,2518.75,2570.9,2504.25,2559.4,0.0
2025-07-06 08:00:00+00:00,SOL,147.96,152.14,146.82,151.58,0.0
2025-07-06 08:00:00+00:00,XRP,2.23,2.29,2.23,2.28,0.0
2025-07-06 16:00:00+00:00,BTC,108946.25,109738.75,108303.0,109222.25,0.0
2025-07-06 16:00:00+00:00,DOGE,0.17,0.17,0.17,0.17,0.0
2025-07-06 16:00:00+00:00,ETH,2559.4,2606.05,2524.55,2570.8,0.0
2025-07-06 16:00:00+00:00,SOL,151.58,153.92,150.73,151.9,0.0
2025-07-06 16:00:00+00:00,XRP,2.28,2.29,2.25,2.27,0.0
2025-07-07 00:00:00+00:00,BTC,109222.25,109732.75,108673.25,109085.25,0.0
2025-07-07 00:00:00+00:00,DOGE,0.17,0.18,0.17,0.17,0.0
2025-07-07 00:00:00+00:00,ETH,2570.8,2591.3,2551.2,2578.75,0.0
2025-07-07 00:00:00+00:00,SOL,151.9,152.96,150.27,152.41,0.0
2025-07-07 00:00:00+00:00,XRP,2.27,2.3,2.255,2.27,0.0
2025-07-07 08:00:00+00:00,BTC,109085.25,109113.5,107970.75,108306.25,0.0
2025-07-07 08:00:00+00:00,DOGE,0.17,0.17,0.17,0.17,0.0
2025-07-07 08:00:00+00:00,ETH,2578.75,2588.95,2507.6,2534.0,0.0
2025-07-07 08:00:00+00:00,SOL,152.41,153.61,151.03,151.09,0.0
2025-07-07 08:00:00+00:00,XRP,2.27,2.355,2.27,2.34,0.0
2025-07-07 16:00:00+00:00,BTC,108306.25,108468.0,107519.5,108068.75,0.0
2025-07-07 16:00:00+00:00,DOGE,0.17,0.17,0.17,0.17,0.0
2025-07-07 16:00:00+00:00,ETH,2534.0,2557.65,2513.35,2544.15,0.0
2025-07-07 16:00:00+00:00,SOL,151.09,151.61,148.69,149.0,0.0
2025-07-07 16:00:00+00:00,XRP,2.34,2.35,2.25,2.3,0.0
2025-07-07 20:01:00+00:00,BTC,108687.5,108982.75,107804.75,108275.0,0.0
2025-07-07 20:01:00+00:00,DOGE,0.17,0.17,0.17,0.17,0.0
2025-07-07 20:01:00+00:00,ETH,2524.75,2550.5,2523.5,2542.6,0.0
2025-07-07 20:01:00+00:00,SOL,151.03,152.23,147.72,148.92,0.0
2025-07-07 20:01:00+00:00,XRP,2.285,2.305,2.26,2.27,0.0
2025-07-08 00:00:00+00:00,BTC,108275.0,108544.25,107461.0,108499.5,0.0
2025-07-08 00:00:00+00:00,DOGE,0.17,0.17,0.17,0.17,0.0
2025-07-08 00:00:00+00:00,ETH,2542.6,2564.0,2523.75,2553.7,0.0
2025-07-08 00:00:00+00:00,SOL,148.92,150.13,147.86,149.69,0.0
2025-07-08 00:00:00+00:00,XRP,2.27,2.28,2.25,2.275,0.0
2025-07-08 08:00:00+00:00,BTC,108499.5,109238.25,108225.75,108284.75,0.0
2025-07-08 08:00:00+00:00,DOGE,0.17,0.17,0.17,0.17,0.0
2025-07-08 08:00:00+00:00,ETH,2553.7,2600.4,2543.4,2565.2,0.0
2025-07-08 08:00:00+00:00,SOL,149.69,152.91,149.56,149.89,0.0
2025-07-08 08:00:00+00:00,XRP,2.275,2.315,2.27,2.285,0.0
2025-07-08 16:00:00+00:00,BTC,108284.75,109182.5,108111.5,108811.75,0.0
2025-07-08 16:00:00+00:00,DOGE,0.17,0.17,0.17,0.17,0.0
2025-07-08 16:00:00+00:00,ETH,2565.2,2628.8,2559.95,2611.15,0.0
2025-07-08 16:00:00+00:00,SOL,149.89,152.87,149.47,151.68,0.0
2025-07-08 16:00:00+00:00,XRP,2.285,2.32,2.28,2.32,0.0
2025-07-08 20:01:00+00:00,BTC,108773.5,109015.5,108639.75,108958.5,0.0
2025-07-08 20:01:00+00:00,DOGE,0.17,0.17,0.17,0.17,0.0
2025-07-08 20:01:00+00:00,ETH,2609.6,2618.65,2597.35,2616.15,0.0
2025-07-08 20:01:00+00:00,SOL,151.58,151.99,150.03,151.73,0.0
2025-07-08 20:01:00+00:00,XRP,2.32,2.32,2.3,2.31,0.0
2025-07-09 00:00:00+00:00,BTC,108958.5,109169.0,108342.5,108738.5,0.0
2025-07-09 00:00:00+00:00,DOGE,0.17,0.17,0.17,0.17,0.0
2025-07-09 00:00:00+00:00,ETH,2616.15,2647.05,2590.8,2625.25,0.0
2025-07-09 00:00:00+00:00,SOL,151.73,153.9,150.56,153.06,0.0
2025-07-09 00:00:00+00:00,XRP,2.31,2.34,2.3,2.33,0.0
2025-07-09 08:00:00+00:00,BTC,108738.5,109791.25,108520.75,109088.75,0.0
2025-07-09 08:00:00+00:00,DOGE,0.17,0.17,0.17,0.17,0.0
2025-07-09 08:00:00+00:00,ETH,2625.25,2675.4,2605.2,2657.35,0.0
2025-07-09 08:00:00+00:00,SOL,153.06,155.87,152.35,154.02,0.0
2025-07-09 08:00:00+00:00,XRP,2.33,2.405,2.33,2.38,0.0
2025-07-09 16:00:00+00:00,BTC,109088.75,112012.5,108966.25,111784.25,0.0
2025-07-09 16:00:00+00:00,DOGE,0.17,0.18,0.17,0.18,0.0
2025-07-09 16:00:00+00:00,ETH,2657.35,2796.15,2652.8,2765.7,0.0
2025-07-09 16:00:00+00:00,SOL,154.02,157.89,153.26,157.3,0.0
2025-07-09 16:00:00+00:00,XRP,2.38,2.59,2.375,2.42,0.0
2025-07-09 20:01:00+00:00,BTC,111731.0,111918.75,109511.25,111276.75,0.0
2025-07-09 20:01:00+00:00,DOGE,0.18,0.19,0.18,0.18,0.0
2025-07-09 20:01:00+00:00,ETH,2757.8,2784.2,2732.3,2769.55,0.0
2025-07-09 20:01:00+00:00,SOL,156.98,157.96,155.53,157.09,0.0
2025-07-09 20:01:00+00:00,XRP,2.415,2.58,2.385,2.405,0.0
2025-07-10 00:00:00+00:00,BTC,111276.75,111615.75,110920.25,111264.25,0.0
2025-07-10 00:00:00+00:00,DOGE,0.18,0.18,0.18,0.18,0.0
2025-07-10 00:00:00+00:00,ETH,2769.55,2824.3,2756.3,2791.8,0.0
2025-07-10 00:00:00+00:00,SOL,157.09,159.4,155.99,157.97,0.0
2025-07-10 00:00:00+00:00,XRP,2.405,2.44,2.395,2.44,0.0
2025-07-10 08:00:00+00:00,BTC,111264.25,111473.0,110548.0,111469.5,0.0
2025-07-10 08:00:00+00:00,DOGE,0.18,0.18,0.18,0.18,0.0
2025-07-10 08:00:00+00:00,ETH,2791.8,2797.9,2760.25,2770.85,0.0
2025-07-10 08:00:00+00:00,SOL,157.97,159.22,155.72,156.52,0.0
2025-07-10 08:00:00+00:00,XRP,2.44,2.46,2.42,2.455,0.0
2025-07-10 16:00:00+00:00,BTC,111469.5,113853.25,111393.5,113395.5,0.0
2025-07-10 16:00:00+00:00,DOGE,0.18,0.19,0.18,0.19,0.0
2025-07-10 16:00:00+00:00,ETH,2770.85,2918.25,2770.85,2818.45,0.0
2025-07-10 16:00:00+00:00,SOL,156.52,161.23,156.22,159.46,0.0
2025-07-10 16:00:00+00:00,XRP,2.455,2.515,2.45,2.5,0.0
2025-07-10 20:01:00+00:00,BTC,113389.25,116867.75,113375.5,116021.25,0.0
2025-07-10 20:01:00+00:00,DOGE,0.19,0.2,0.19,0.195,0.0
2025-07-10 20:01:00+00:00,ETH,2819.3,3002.4,2815.4,2951.55,0.0
2025-07-10 20:01:00+00:00,SOL,159.53,165.42,158.75,164.36,0.0
2025-07-10 20:01:00+00:00,XRP,2.5,2.57,2.495,2.55,0.0
2025-07-11 00:00:00+00:00,BTC,116021.25,118447.25,114339.5,117579.5,0.0
2025-07-11 00:00:00+00:00,DOGE,0.195,0.2,0.19,0.2,0.0
2025-07-11 00:00:00+00:00,ETH,2951.55,3030.5,2914.5,2970.25,0.0
2025-07-11 00:00:00+00:00,SOL,164.36,166.89,161.38,163.36,0.0
2025-07-11 00:00:00+00:00,XRP,2.55,2.6,2.51,2.58,0.0
2025-07-11 08:00:00+00:00,BTC,117579.5,118879.5,116741.0,116921.5,0.0
2025-07-11 08:00:00+00:00,DOGE,0.2,0.21,0.2,0.2,0.0
2025-07-11 08:00:00+00:00,ETH,2970.25,3079.35,2940.0,2951.5,0.0
2025-07-11 08:00:00+00:00,SOL,163.36,168.24,161.33,162.37,0.0
2025-07-11 08:00:00+00:00,XRP,2.58,2.985,2.58,2.775,0.0
2025-07-11 16:00:00+00:00,BTC,116921.5,118207.5,116631.75,118177.0,0.0
2025-07-11 16:00:00+00:00,DOGE,0.2,0.21,0.185,0.21,0.0
2025-07-11 16:00:00+00:00,ETH,2951.5,3011.85,2937.55,3009.4,0.0
2025-07-11 16:00:00+00:00,SOL,162.37,165.09,161.31,164.69,0.0
2025-07-11 16:00:00+00:00,XRP,2.775,2.86,2.7,2.86,0.0
2025-07-13 07:00:00+00:00,BTC,117940.75,118114.75,117902.25,118049.75,0.0
2025-07-13 07:00:00+00:00,DOGE,0.2,0.2,0.2,0.2,0.0
2025-07-13 07:00:00+00:00,ETH,2961.0,2966.9,2957.5,2964.05,0.0
2025-07-13 07:00:00+00:00,SOL,161.67,162.83,161.54,162.73,0.0
2025-07-13 07:00:00+00:00,XRP,2.795,2.81,2.79,2.8,0.0
2025-07-13 08:00:00+00:00,BTC,118049.75,119410.25,117740.25,118726.0,0.0
2025-07-13 08:00:00+00:00,DOGE,0.2,0.2,0.2,0.2,0.0
2025-07-13 08:00:00+00:00,ETH,2964.05,3021.55,2945.5,2993.75,0.0
2025-07-13 08:00:00+00:00,SOL,162.73,164.26,161.65,162.13,0.0
2025-07-13 08:00:00+00:00,XRP,2.8,2.895,2.77,2.84,0.0
2025-07-13 16:00:00+00:00,BTC,118726.0,119517.75,118315.75,119142.25,0.0
2025-07-13 16:00:00+00:00,DOGE,0.2,0.2,0.2,0.2,0.0
2025-07-13 16:00:00+00:00,ETH,2993.75,3011.85,2941.25,2973.45,0.0
2025-07-13 16:00:00+00:00,SOL,162.13,163.62,159.72,161.23,0.0
2025-07-13 16:00:00+00:00,XRP,2.84,2.88,2.77,2.84,0.0
2025-07-14 00:00:00+00:00,BTC,119142.25,123248.25,118974.0,122762.5,0.0
2025-07-14 00:00:00+00:00,DOGE,0.2,0.21,0.2,0.21,0.0
2025-07-14 00:00:00+00:00,ETH,2973.45,3064.95,2964.45,3045.8,0.0
2025-07-14 00:00:00+00:00,SOL,161.23,168.73,160.7,167.31,0.0
2025-07-14 00:00:00+00:00,XRP,2.84,2.98,2.82,2.96,0.0
2025-07-14 08:00:00+00:00,BTC,122762.5,123328.75,119617.75,119880.75,0.0
2025-07-14 08:00:00+00:00,DOGE,0.21,0.21,0.2,0.2,0.0
2025-07-14 08:00:00+00:00,ETH,3045.8,3083.35,2994.5,3012.65,0.0
2025-07-14 08:00:00+00:00,SOL,167.31,168.65,163.05,163.98,0.0
2025-07-14 08:00:00+00:00,XRP,2.96,3.035,2.905,2.95,0.0
2025-07-14 16:00:00+00:00,BTC,119880.75,120785.0,119205.5,119954.75,0.0
2025-07-14 16:00:00+00:00,DOGE,0.2,0.2,0.2,0.2,0.0
2025-07-14 16:00:00+00:00,ETH,3012.65,3030.1,2983.7,3001.0,0.0
2025-07-14 16:00:00+00:00,SOL,163.98,165.36,162.44,164.31,0.0
2025-07-14 16:00:00+00:00,XRP,2.95,3.0,2.91,2.93,0.0
2025-07-14 20:01:00+00:00,BTC,120141.0,120148.75,119789.25,119862.5,0.0
2025-07-14 20:01:00+00:00,DOGE,0.2,0.2,0.2,0.2,0.0
2025-07-14 20:01:00+00:00,ETH,3018.8,3018.95,3005.45,3014.3,0.0
2025-07-14 20:01:00+00:00,SOL,162.57,162.59,161.73,162.26,0.0
2025-07-14 20:01:00+00:00,XRP,2.955,2.965,2.94,2.96,0.0
2025-07-15 00:00:00+00:00,BTC,119862.5,120863.0,116274.0,116770.75,0.0
2025-07-15 00:00:00+00:00,DOGE,0.2,0.2,0.19,0.19,0.0
2025-07-15 00:00:00+00:00,ETH,3014.3,3023.85,2933.25,2977.2,0.0
2025-07-15 00:00:00+00:00,SOL,162.26,162.97,158.2,159.55,0.0
2025-07-15 00:00:00+00:00,XRP,2.96,2.96,2.805,2.85,0.0
2025-07-15 08:00:00+00:00,BTC,116770.75,119206.5,115717.5,116358.75,0.0
2025-07-15 08:00:00+00:00,DOGE,0.19,0.2,0.19,0.19,0.0
2025-07-15 08:00:00+00:00,ETH,2977.2,3066.9,2959.35,3039.25,0.0
2025-07-15 08:00:00+00:00,SOL,159.55,162.17,157.16,160.45,0.0
2025-07-15 08:00:00+00:00,XRP,2.85,2.965,2.825,2.89,0.0
2025-07-15 16:00:00+00:00,BTC,116358.75,118934.5,116015.0,116425.5,0.0
2025-07-15 16:00:00+00:00,DOGE,0.19,0.2,0.19,0.19,0.0
2025-07-15 16:00:00+00:00,ETH,3039.25,3097.4,3033.5,3041.4,0.0
2025-07-15 16:00:00+00:00,SOL,160.45,163.7,159.96,160.25,0.0
2025-07-15 16:00:00+00:00,XRP,2.89,2.965,2.86,2.86,0.0
2025-07-15 20:01:00+00:00,BTC,116496.75,117994.75,116200.75,117775.25,0.0
2025-07-15 20:01:00+00:00,DOGE,0.19,0.2,0.19,0.2,0.0
2025-07-15 20:01:00+00:00,ETH,3040.35,3144.2,3030.05,3139.25,0.0
2025-07-15 20:01:00+00:00,SOL,160.21,164.31,159.72,163.95,0.0
2025-07-15 20:01:00+00:00,XRP,2.86,2.93,2.855,2.92,0.0
2025-07-16 00:00:00+00:00,BTC,117775.25,119554.25,117035.0,118208.0,0.0
2025-07-16 00:00:00+00:00,DOGE,0.2,0.2,0.2,0.2,0.0
2025-07-16 00:00:00+00:00,ETH,3139.25,3175.35,3101.4,3162.5,0.0
2025-07-16 00:00:00+00:00,SOL,163.95,165.3,161.53,164.06,0.0
2025-07-16 00:00:00+00:00,XRP,2.92,2.94,2.88,2.93,0.0
2025-07-16 08:00:00+00:00,BTC,118208.0,119859.25,118128.75,119153.25,0.0
2025-07-16 08:00:00+00:00,DOGE,0.2,0.21,0.2,0.2,0.0
2025-07-16 08:00:00+00:00,ETH,3162.5,3266.85,3144.35,3245.3,0.0
2025-07-16 08:00:00+00:00,SOL,164.06,169.45,163.82,168.52,0.0
2025-07-16 08:00:00+00:00,XRP,2.93,3.01,2.92,2.98,0.0
2025-07-16 16:00:00+00:00,BTC,119153.25,120372.5,118522.25,119324.75,0.0
2025-07-16 16:00:00+00:00,DOGE,0.2,0.215,0.2,0.21,0.0
2025-07-16 16:00:00+00:00,ETH,3245.3,3386.2,3220.85,3386.05,0.0
2025-07-16 16:00:00+00:00,SOL,168.52,174.82,168.45,174.27,0.0
2025-07-16 16:00:00+00:00,XRP,2.98,3.095,2.97,3.06,0.0
2025-07-16 20:01:00+00:00,BTC,119280.5,120328.75,118473.5,118691.0,0.0
2025-07-16 20:01:00+00:00,DOGE,0.21,0.22,0.19,0.21,0.0
2025-07-16 20:01:00+00:00,ETH,3386.25,3430.7,3345.75,3373.05,0.0
2025-07-16 20:01:00+00:00,SOL,174.61,176.07,172.46,173.72,0.0
2025-07-16 20:01:00+00:00,XRP,3.06,3.14,3.025,3.04,0.0
2025-07-17 00:00:00+00:00,BTC,118691.0,119231.5,117453.0,118382.75,0.0
2025-07-17 00:00:00+00:00,DOGE,0.21,0.22,0.21,0.21,0.0
2025-07-17 00:00:00+00:00,ETH,3373.05,3470.15,3303.15,3449.7,0.0
2025-07-17 00:00:00+00:00,SOL,173.72,175.16,168.78,174.1,0.0
2025-07-17 00:00:00+00:00,XRP,3.04,3.185,2.99,3.16,0.0
2025-07-17 08:00:00+00:00,BTC,118382.75,119950.25,117492.25,118941.75,0.0
2025-07-17 08:00:00+00:00,DOGE,0.21,0.225,0.205,0.21,0.0
2025-07-17 08:00:00+00:00,ETH,3449.7,3481.9,3350.1,3421.95,0.0
2025-07-17 08:00:00+00:00,SOL,174.1,179.2,167.13,174.24,0.0
2025-07-17 08:00:00+00:00,XRP,3.16,3.36,3.14,3.255,0.0
2025-07-17 16:00:00+00:00,BTC,118941.75,120366.0,118059.25,119036.0,0.0
2025-07-17 16:00:00+00:00,DOGE,0.21,0.22,0.2,0.21,0.0
2025-07-17 16:00:00+00:00,ETH,3421.95,3465.9,3347.55,3414.6,0.0
2025-07-17 16:00:00+00:00,SOL,174.24,175.76,171.32,173.19,0.0
2025-07-17 16:00:00+00:00,XRP,3.255,3.4,3.22,3.31,0.0
2025-07-17 20:01:00+00:00,BTC,119081.0,121129.75,118461.75,119265.25,0.0
2025-07-17 20:01:00+00:00,DOGE,0.21,0.225,0.2,0.22,0.0
2025-07-17 20:01:00+00:00,ETH,3412.7,3525.95,3374.45,3479.4,0.0
2025-07-17 20:01:00+00:00,SOL,173.28,179.38,171.5,176.0,0.0
2025-07-17 20:01:00+00:00,XRP,3.325,3.635,3.285,3.485,0.0
2025-07-18 00:00:00+00:00,BTC,119265.25,121351.25,119110.25,119429.5,0.0
2025-07-18 00:00:00+00:00,DOGE,0.22,0.25,0.205,0.24,0.0
2025-07-18 00:00:00+00:00,ETH,3479.4,3677.5,3453.1,3607.1,0.0
2025-07-18 00:00:00+00:00,SOL,176.0,185.01,175.41,181.08,0.0
2025-07-18 00:00:00+00:00,XRP,3.485,3.79,3.445,3.455,0.0
2025-07-18 08:00:00+00:00,BTC,119429.5,120531.0,117357.75,117912.25,0.0
2025-07-18 08:00:00+00:00,DOGE,0.24,0.25,0.215,0.24,0.0
2025-07-18 08:00:00+00:00,ETH,3607.1,3682.55,3532.55,3565.5,0.0
2025-07-18 08:00:00+00:00,SOL,181.08,183.1,175.09,177.09,0.0
2025-07-18 08:00:00+00:00,XRP,3.455,3.63,3.3,3.375,0.0
2025-07-18 16:00:00+00:00,BTC,117912.25,118964.25,117206.75,117447.25,0.0
2025-07-18 16:00:00+00:00,DOGE,0.24,0.25,0.21,0.23,0.0
2025-07-18 16:00:00+00:00,ETH,3565.5,3656.5,3529.25,3554.2,0.0
2025-07-18 16:00:00+00:00,SOL,177.09,181.01,176.02,177.14,0.0
2025-07-18 16:00:00+00:00,XRP,3.375,3.5,3.365,3.435,0.0
2025-07-20 07:00:00+00:00,BTC,117895.25,118289.0,117894.25,118095.0,0.0
2025-07-20 07:00:00+00:00,DOGE,0.25,0.25,0.25,0.25,0.0
2025-07-20 07:00:00+00:00,ETH,3654.85,3691.75,3654.1,3670.7,0.0
2025-07-20 07:00:00+00:00,SOL,177.44,178.77,177.31,178.06,0.0
2025-07-20 07:00:00+00:00,XRP,3.42,3.46,3.42,3.445,0.0
2025-07-20 08:00:00+00:00,BTC,118095.0,119182.0,117782.0,118732.75,0.0
2025-07-20 08:00:00+00:00,DOGE,0.25,0.26,0.25,0.25,0.0
2025-07-20 08:00:00+00:00,ETH,3670.7,3791.95,3667.95,3788.0,0.0
2025-07-20 08:00:00+00:00,SOL,178.06,183.59,178.05,182.06,0.0
2025-07-20 08:00:00+00:00,XRP,3.445,3.61,3.445,3.52,0.0
2025-07-20 16:00:00+00:00,BTC,118732.75,119333.25,116534.75,117327.25,0.0
2025-07-20 16:00:00+00:00,DOGE,0.25,0.28,0.23,0.27,0.0
2025-07-20 16:00:00+00:00,ETH,3788.0,3824.55,3684.3,3758.65,0.0
2025-07-20 16:00:00+00:00,SOL,182.06,184.33,177.93,181.55,0.0
2025-07-20 16:00:00+00:00,XRP,3.52,3.63,3.395,3.455,0.0
2025-07-21 00:00:00+00:00,BTC,117327.25,119712.0,116576.0,119412.0,0.0
2025-07-21 00:00:00+00:00,DOGE,0.27,0.28,0.235,0.27,0.0
2025-07-21 00:00:00+00:00,ETH,3758.65,3834.2,3703.55,3789.55,0.0
2025-07-21 00:00:00+00:00,SOL,181.55,191.14,178.06,190.13,0.0
2025-07-21 00:00:00+00:00,XRP,3.455,3.635,3.405,3.57,0.0
2025-07-21 08:00:00+00:00,BTC,119412.0,119551.0,117799.75,118382.25,0.0
2025-07-21 08:00:00+00:00,DOGE,0.27,0.29,0.27,0.28,0.0
2025-07-21 08:00:00+00:00,ETH,3789.55,3884.25,3757.3,3812.75,0.0
2025-07-21 08:00:00+00:00,SOL,190.13,199.41,186.21,196.95,0.0
2025-07-21 08:00:00+00:00,XRP,3.57,3.67,3.5,3.605,0.0
2025-07-21 16:00:00+00:00,BTC,118382.25,119026.25,116741.0,116811.75,0.0
2025-07-21 16:00:00+00:00,DOGE,0.28,0.295,0.265,0.27,0.0
2025-07-21 16:00:00+00:00,ETH,3812.75,3868.35,3654.1,3738.1,0.0
2025-07-21 16:00:00+00:00,SOL,196.95,198.9,192.17,194.74,0.0
2025-07-21 16:00:00+00:00,XRP,3.605,3.64,3.53,3.55,0.0
2025-07-21 20:01:00+00:00,BTC,118366.5,118776.75,116924.0,117435.5,0.0
2025-07-21 20:01:00+00:00,DOGE,0.28,0.285,0.265,0.27,0.0
2025-07-21 20:01:00+00:00,ETH,3665.6,3803.55,3650.2,3764.1,0.0
2025-07-21 20:01:00+00:00,SOL,194.2,197.88,192.89,195.86,0.0
2025-07-21 20:01:00+00:00,XRP,3.565,3.61,3.525,3.55,0.0
2025-07-22 00:00:00+00:00,BTC,117435.5,118679.0,116184.5,118000.0,0.0
2025-07-22 00:00:00+00:00,DOGE,0.27,0.28,0.26,0.27,0.0
2025-07-22 00:00:00+00:00,ETH,3764.1,3801.5,3653.7,3678.6,0.0
2025-07-22 00:00:00+00:00,SOL,195.86,204.82,193.9,198.22,0.0
2025-07-22 00:00:00+00:00,XRP,3.55,3.6,3.425,3.48,0.0
2025-07-22 08:00:00+00:00,BTC,118000.0,119652.25,117535.0,118983.25,0.0
2025-07-22 08:00:00+00:00,DOGE,0.27,0.275,0.26,0.27,0.0
2025-07-22 08:00:00+00:00,ETH,3678.6,3759.05,3614.05,3720.85,0.0
2025-07-22 08:00:00+00:00,SOL,198.22,205.0,194.2,201.97,0.0
2025-07-22 08:00:00+00:00,XRP,3.48,3.54,3.43,3.51,0.0
2025-07-22 16:00:00+00:00,BTC,118983.25,120266.25,118447.0,119334.5,0.0
2025-07-22 16:00:00+00:00,DOGE,0.27,0.27,0.26,0.26,0.0
2025-07-22 16:00:00+00:00,ETH,3720.85,3751.6,3657.05,3672.05,0.0
2025-07-22 16:00:00+00:00,SOL,201.97,204.4,198.5,199.05,0.0
2025-07-22 16:00:00+00:00,XRP,3.51,3.58,3.495,3.52,0.0
2025-07-22 20:01:00+00:00,BTC,119297.75,120287.25,119256.5,120019.25,0.0
2025-07-22 20:01:00+00:00,DOGE,0.26,0.27,0.26,0.27,0.0
2025-07-22 20:01:00+00:00,ETH,3669.4,3753.0,3663.7,3748.35,0.0
2025-07-22 20:01:00+00:00,SOL,198.63,206.44,198.56,205.8,0.0
2025-07-22 20:01:00+00:00,XRP,3.53,3.56,3.515,3.55,0.0
2025-07-23 00:00:00+00:00,BTC,120019.25,120169.25,118349.75,118412.5,0.0
2025-07-23 00:00:00+00:00,DOGE,0.27,0.27,0.26,0.26,0.0
2025-07-23 00:00:00+00:00,ETH,3748.35,3766.5,3666.05,3675.05,0.0
2025-07-23 00:00:00+00:00,SOL,205.8,205.88,198.99,199.56,0.0
2025-07-23 00:00:00+00:00,XRP,3.55,3.555,3.46,3.47,0.0
2025-07-23 08:00:00+00:00,BTC,118412.5,118783.5,117361.5,118653.25,0.0
2025-07-23 08:00:00+00:00,DOGE,0.26,0.26,0.24,0.25,0.0
2025-07-23 08:00:00+00:00,ETH,3675.05,3699.7,3564.0,3646.7,0.0
2025-07-23 08:00:00+00:00,SOL,199.56,200.11,187.75,192.84,0.0
2025-07-23 08:00:00+00:00,XRP,3.47,3.48,3.225,3.325,0.0
2025-07-23 16:00:00+00:00,BTC,118653.25,118655.75,117413.25,118451.25,0.0
2025-07-23 16:00:00+00:00,DOGE,0.25,0.25,0.22,0.24,0.0
2025-07-23 16:00:00+00:00,ETH,3646.7,3646.9,3523.3,3589.25,0.0
2025-07-23 16:00:00+00:00,SOL,192.84,192.88,182.97,188.21,0.0
2025-07-23 16:00:00+00:00,XRP,3.325,3.325,3.16,3.185,0.0
2025-07-23 20:01:00+00:00,BTC,118466.0,118835.25,117423.75,118826.25,0.0
2025-07-23 20:01:00+00:00,DOGE,0.24,0.24,0.23,0.24,0.0
2025-07-23 20:01:00+00:00,ETH,3595.15,3637.6,3525.95,3630.3,0.0
2025-07-23 20:01:00+00:00,SOL,189.0,192.42,183.41,189.51,0.0
2025-07-23 20:01:00+00:00,XRP,3.195,3.22,3.05,3.185,0.0
2025-07-24 00:00:00+00:00,BTC,118826.25,119349.75,117178.0,118473.0,0.0
2025-07-24 00:00:00+00:00,DOGE,0.24,0.25,0.22,0.23,0.0
2025-07-24 00:00:00+00:00,ETH,3630.3,3667.75,3508.55,3593.65,0.0
2025-07-24 00:00:00+00:00,SOL,189.51,192.05,179.37,184.3,0.0
2025-07-24 00:00:00+00:00,XRP,3.185,3.24,2.96,3.08,0.0
2025-07-24 08:00:00+00:00,BTC,118473.0,119533.0,117890.5,119158.5,0.0
2025-07-24 08:00:00+00:00,DOGE,0.23,0.25,0.23,0.24,0.0
2025-07-24 08:00:00+00:00,ETH,3593.65,3773.7,3582.65,3733.1,0.0
2025-07-24 08:00:00+00:00,SOL,184.3,191.95,183.01,188.65,0.0
2025-07-24 08:00:00+00:00,XRP,3.08,3.27,3.06,3.23,0.0
2025-07-24 16:00:00+00:00,BTC,119158.5,119477.5,118417.75,119021.75,0.0
2025-07-24 16:00:00+00:00,DOGE,0.24,0.24,0.23,0.24,0.0
2025-07-24 16:00:00+00:00,ETH,3733.1,3756.6,3668.75,3734.6,0.0
2025-07-24 16:00:00+00:00,SOL,188.65,190.18,184.95,188.11,0.0
2025-07-24 16:00:00+00:00,XRP,3.23,3.26,3.17,3.21,0.0
2025-07-24 20:01:00+00:00,BTC,118966.5,118999.75,118233.0,118401.5,0.0
2025-07-24 20:01:00+00:00,DOGE,0.24,0.24,0.23,0.23,0.0
2025-07-24 20:01:00+00:00,ETH,3729.25,3745.25,3697.1,3708.8,0.0
2025-07-24 20:01:00+00:00,SOL,187.9,190.25,182.15,183.0,0.0
2025-07-24 20:01:00+00:00,XRP,3.215,3.245,3.13,3.15,0.0
2025-07-25 00:00:00+00:00,BTC,118401.5,118519.25,114763.75,115366.75,0.0
2025-07-25 00:00:00+00:00,DOGE,0.23,0.23,0.22,0.23,0.0
2025-07-25 00:00:00+00:00,ETH,3708.8,3710.1,3574.9,3633.05,0.0
2025-07-25 00:00:00+00:00,SOL,183.0,190.17,175.7,177.59,0.0
2025-07-25 00:00:00+00:00,XRP,3.15,3.165,3.04,3.075,0.0
2025-07-25 08:00:00+00:00,BTC,115366.75,116805.75,114910.0,115755.75,0.0
2025-07-25 08:00:00+00:00,DOGE,0.23,0.23,0.22,0.22,0.0
2025-07-25 08:00:00+00:00,ETH,3633.05,3747.75,3602.95,3635.25,0.0
2025-07-25 08:00:00+00:00,SOL,177.59,182.16,176.3,178.25,0.0
2025-07-25 08:00:00+00:00,XRP,3.075,3.155,3.0,3.04,0.0
2025-07-25 16:00:00+00:00,BTC,115755.75,117457.0,115441.75,116728.25,0.0
2025-07-25 16:00:00+00:00,DOGE,0.22,0.23,0.22,0.23,0.0
2025-07-25 16:00:00+00:00,ETH,3635.25,3661.2,3618.25,3641.95,0.0
2025-07-25 16:00:00+00:00,SOL,178.25,190.34,177.52,182.23,0.0
2025-07-25 16:00:00+00:00,XRP,3.04,3.1,3.03,3.07,0.0
2025-07-27 07:00:00+00:00,BTC,118314.5,118314.75,118119.0,118153.0,0.0
2025-07-27 07:00:00+00:00,DOGE,0.24,0.24,0.24,0.24,0.0
2025-07-27 07:00:00+00:00,ETH,3774.05,3784.7,3766.05,3769.4,0.0
2025-07-27 07:00:00+00:00,SOL,187.16,187.98,186.71,187.32,0.0
2025-07-27 07:00:00+00:00,XRP,3.2,3.205,3.19,3.19,0.0
2025-07-27 08:00:00+00:00,BTC,118153.0,118644.75,117903.0,118642.0,0.0
2025-07-27 08:00:00+00:00,DOGE,0.24,0.24,0.23,0.24,0.0
2025-07-27 08:00:00+00:00,ETH,3769.4,3842.55,3752.15,3820.35,0.0
2025-07-27 08:00:00+00:00,SOL,187.32,188.66,185.0,186.55,0.0
2025-07-27 08:00:00+00:00,XRP,3.19,3.215,3.165,3.19,0.0
2025-07-27 16:00:00+00:00,BTC,118642.0,119821.5,118641.75,119480.5,0.0
2025-07-27 16:00:00+00:00,DOGE,0.24,0.24,0.24,0.24,0.0
2025-07-27 16:00:00+00:00,ETH,3820.35,3881.0,3809.9,3874.1,0.0
2025-07-27 16:00:00+00:00,SOL,186.55,190.78,186.01,188.72,0.0
2025-07-27 16:00:00+00:00,XRP,3.19,3.25,3.18,3.24,0.0
2025-07-28 00:00:00+00:00,BTC,119480.5,119850.25,118801.0,118927.75,0.0
2025-07-28 00:00:00+00:00,DOGE,0.24,0.25,0.24,0.24,0.0
2025-07-28 00:00:00+00:00,ETH,3874.1,3942.05,3844.2,3894.3,0.0
2025-07-28 00:00:00+00:00,SOL,188.72,195.32,187.73,192.39,0.0
2025-07-28 00:00:00+00:00,XRP,3.24,3.33,3.225,3.275,0.0
2025-07-28 08:00:00+00:00,BTC,118927.75,119144.75,117913.5,118186.5,0.0
2025-07-28 08:00:00+00:00,DOGE,0.24,0.24,0.23,0.23,0.0
2025-07-28 08:00:00+00:00,ETH,3894.3,3902.05,3773.3,3808.3,0.0
2025-07-28 08:00:00+00:00,SOL,192.39,193.56,186.56,187.19,0.0
2025-07-28 08:00:00+00:00,XRP,3.275,3.28,3.12,3.16,0.0
2025-07-28 16:00:00+00:00,BTC,118186.5,118403.5,117424.5,118076.5,0.0
2025-07-28 16:00:00+00:00,DOGE,0.23,0.23,0.23,0.23,0.0
2025-07-28 16:00:00+00:00,ETH,3808.3,3823.15,3753.9,3797.9,0.0
2025-07-28 16:00:00+00:00,SOL,187.19,188.0,183.49,185.3,0.0
2025-07-28 16:00:00+00:00,XRP,3.16,3.185,3.115,3.16,0.0
2025-07-28 20:01:00+00:00,BTC,118494.0,118713.25,117522.0,118075.75,0.0
2025-07-28 20:01:00+00:00,DOGE,0.235,0.24,0.22,0.23,0.0
2025-07-28 20:01:00+00:00,ETH,3795.1,3804.05,3766.9,3799.25,0.0
2025-07-28 20:01:00+00:00,SOL,185.84,185.85,179.45,183.14,0.0
2025-07-28 20:01:00+00:00,XRP,3.165,3.165,3.11,3.12,0.0
2025-07-29 00:00:00+00:00,BTC,118075.75,119301.5,117459.5,118899.25,0.0
2025-07-29 00:00:00+00:00,DOGE,0.23,0.23,0.22,0.23,0.0
2025-07-29 00:00:00+00:00,ETH,3799.25,3880.3,3731.35,3877.75,0.0
2025-07-29 00:00:00+00:00,SOL,183.14,186.63,180.67,186.06,0.0
2025-07-29 00:00:00+00:00,XRP,3.12,3.18,3.08,3.175,0.0
2025-07-29 08:00:00+00:00,BTC,118899.25,119452.25,117227.0,117389.25,0.0
2025-07-29 08:00:00+00:00,DOGE,0.23,0.23,0.22,0.22,0.0
2025-07-29 08:00:00+00:00,ETH,3877.75,3887.1,3721.1,3761.15,0.0
2025-07-29 08:00:00+00:00,SOL,186.06,190.79,179.3,180.8,0.0
2025-07-29 08:00:00+00:00,XRP,3.175,3.185,3.08,3.1,0.0
2025-07-29 16:00:00+00:00,BTC,117389.25,118934.75,116942.25,117501.0,0.0
2025-07-29 16:00:00+00:00,DOGE,0.22,0.22,0.22,0.22,0.0
2025-07-29 16:00:00+00:00,ETH,3761.15,3796.3,3714.9,3765.15,0.0
2025-07-29 16:00:00+00:00,SOL,180.8,188.81,178.28,181.08,0.0
2025-07-29 16:00:00+00:00,XRP,3.1,3.16,3.06,3.12,0.0
2025-07-29 20:01:00+00:00,BTC,117511.75,118461.75,117071.0,117930.25,0.0
2025-07-29 20:01:00+00:00,DOGE,0.22,0.22,0.22,0.22,0.0
2025-07-29 20:01:00+00:00,ETH,3762.4,3800.7,3741.0,3793.25,0.0
2025-07-29 20:01:00+00:00,SOL,180.78,181.96,179.26,181.47,0.0
2025-07-29 20:01:00+00:00,XRP,3.11,3.14,3.095,3.13,0.0
2025-07-30 00:00:00+00:00,BTC,117930.25,118583.5,117401.0,118126.0,0.0
2025-07-30 00:00:00+00:00,DOGE,0.22,0.23,0.22,0.22,0.0
2025-07-30 00:00:00+00:00,ETH,3793.25,3834.15,3755.35,3811.15,0.0
2025-07-30 00:00:00+00:00,SOL,181.47,182.56,178.81,180.84,0.0
2025-07-30 00:00:00+00:00,XRP,3.13,3.15,3.09,3.12,0.0
2025-07-30 08:00:00+00:00,BTC,118126.0,118804.25,117188.5,118005.5,0.0
2025-07-30 08:00:00+00:00,DOGE,0.22,0.22,0.21,0.22,0.0
2025-07-30 08:00:00+00:00,ETH,3811.15,3832.2,3744.55,3797.8,0.0
2025-07-30 08:00:00+00:00,SOL,180.84,181.52,176.45,179.2,0.0
2025-07-30 08:00:00+00:00,XRP,3.12,3.15,3.04,3.14,0.0
2025-07-30 16:00:00+00:00,BTC,118005.5,118423.0,115773.0,116909.75,0.0
2025-07-30 16:00:00+00:00,DOGE,0.22,0.22,0.21,0.22,0.0
2025-07-30 16:00:00+00:00,ETH,3797.8,3822.35,3660.85,3760.7,0.0
2025-07-30 16:00:00+00:00,SOL,179.2,180.18,170.36,176.13,0.0
2025-07-30 16:00:00+00:00,XRP,3.14,3.17,3.0,3.1,0.0
2025-07-30 20:01:00+00:00,BTC,116910.75,118398.0,116412.75,117834.0,0.0
2025-07-30 20:01:00+00:00,DOGE,0.22,0.22,0.22,0.22,0.0
2025-07-30 20:01:00+00:00,ETH,3760.8,3811.8,3717.3,3810.1,0.0
2025-07-30 20:01:00+00:00,SOL,176.06,178.1,174.74,177.79,0.0
2025-07-30 20:01:00+00:00,XRP,3.1,3.155,3.06,3.1,0.0
2025-07-31 00:00:00+00:00,BTC,117834.0,118917.75,117777.75,118668.75,0.0
2025-07-31 00:00:00+00:00,DOGE,0.22,0.22,0.22,0.22,0.0
2025-07-31 00:00:00+00:00,ETH,3810.1,3878.4,3774.5,3863.55,0.0
2025-07-31 00:00:00+00:00,SOL,177.79,181.63,177.62,181.26,0.0
2025-07-31 00:00:00+00:00,XRP,3.1,3.155,3.09,3.155,0.0
2025-07-31 08:00:00+00:00,BTC,118668.75,118767.0,117481.75,118305.5,0.0
2025-07-31 08:00:00+00:00,DOGE,0.22,0.23,0.21,0.22,0.0
2025-07-31 08:00:00+00:00,ETH,3863.55,3873.05,3738.8,3788.15,0.0
2025-07-31 08:00:00+00:00,SOL,181.26,182.68,175.24,177.34,0.0
2025-07-31 08:00:00+00:00,XRP,3.155,3.18,3.075,3.1,0.0
2025-07-31 16:00:00+00:00,BTC,118305.5,118869.5,116734.5,116758.5,0.0
2025-07-31 16:00:00+00:00,DOGE,0.22,0.22,0.21,0.21,0.0
2025-07-31 16:00:00+00:00,ETH,3788.15,3818.95,3731.65,3737.35,0.0
2025-07-31 16:00:00+00:00,SOL,177.34,184.95,174.77,175.3,0.0
2025-07-31 16:00:00+00:00,XRP,3.1,3.14,3.05,3.06,0.0
2025-07-31 20:01:00+00:00,BTC,116768.75,116977.25,115476.75,115744.0,0.0
2025-07-31 20:01:00+00:00,DOGE,0.21,0.21,0.21,0.21,0.0
2025-07-31 20:01:00+00:00,ETH,3739.05,3757.65,3683.75,3697.8,0.0
2025-07-31 20:01:00+00:00,SOL,175.12,175.73,171.44,172.23,0.0
2025-07-31 20:01:00+00:00,XRP,3.06,3.07,3.01,3.02,0.0
2025-08-01 00:00:00+00:00,BTC,115744.0,116545.0,114314.5,115044.25,0.0
2025-08-01 00:00:00+00:00,DOGE,0.21,0.21,0.2,0.21,0.0
2025-08-01 00:00:00+00:00,ETH,3697.8,3724.4,3616.25,3649.65,0.0
2025-08-01 00:00:00+00:00,SOL,172.23,181.85,167.41,169.38,0.0
2025-08-01 00:00:00+00:00,XRP,3.02,3.1,2.93,2.955,0.0
2025-08-01 08:00:00+00:00,BTC,115044.25,115994.25,113927.5,115327.0,0.0
2025-08-01 08:00:00+00:00,DOGE,0.21,0.215,0.2,0.21,0.0
2025-08-01 08:00:00+00:00,ETH,3649.65,3674.9,3564.0,3615.65,0.0
2025-08-01 08:00:00+00:00,SOL,169.38,179.79,164.53,168.54,0.0
2025-08-01 08:00:00+00:00,XRP,2.955,3.07,2.89,3.045,0.0
2025-08-01 16:00:00+00:00,BTC,115327.0,115676.25,113155.5,113271.25,0.0
2025-08-01 16:00:00+00:00,DOGE,0.21,0.21,0.2,0.21,0.0
2025-08-01 16:00:00+00:00,ETH,3615.65,3633.75,3514.0,3517.35,0.0
2025-08-01 16:00:00+00:00,SOL,168.54,169.73,165.07,166.4,0.0
2025-08-01 16:00:00+00:00,XRP,3.045,3.05,2.975,3.01,0.0
2025-08-03 07:00:00+00:00,BTC,113539.25,113710.25,113539.0,113688.0,0.0
2025-08-03 07:00:00+00:00,DOGE,0.2,0.2,0.2,0.2,0.0
2025-08-03 07:00:00+00:00,ETH,3439.75,3458.95,3439.25,3455.4,0.0
2025-08-03 07:00:00+00:00,SOL,160.56,161.59,160.56,161.37,0.0
2025-08-03 07:00:00+00:00,XRP,2.84,2.87,2.84,2.865,0.0
2025-08-03 08:00:00+00:00,BTC,113688.0,114256.75,113527.75,113954.25,0.0
2025-08-03 08:00:00+00:00,DOGE,0.2,0.2,0.2,0.2,0.0
2025-08-03 08:00:00+00:00,ETH,3455.4,3516.1,3453.4,3476.35,0.0
2025-08-03 08:00:00+00:00,SOL,161.37,162.9,160.38,162.11,0.0
2025-08-03 08:00:00+00:00,XRP,2.865,2.9,2.85,2.895,0.0
2025-08-03 16:00:00+00:00,BTC,113954.25,114796.75,113761.5,114221.0,0.0
2025-08-03 16:00:00+00:00,DOGE,0.2,0.2,0.2,0.2,0.0
2025-08-03 16:00:00+00:00,ETH,3476.35,3522.45,3467.6,3497.05,0.0
2025-08-03 16:00:00+00:00,SOL,162.11,163.17,160.77,162.01,0.0
2025-08-03 16:00:00+00:00,XRP,2.895,2.96,2.885,2.95,0.0
2025-08-04 00:00:00+00:00,BTC,114221.0,115019.5,114120.75,114683.75,0.0
2025-08-04 00:00:00+00:00,DOGE,0.2,0.2,0.2,0.2,0.0
2025-08-04 00:00:00+00:00,ETH,3497.05,3576.85,3491.5,3552.75,0.0
2025-08-04 00:00:00+00:00,SOL,162.01,165.02,161.3,163.06,0.0
2025-08-04 00:00:00+00:00,XRP,2.95,3.03,2.93,3.01,0.0
2025-08-04 08:00:00+00:00,BTC,114683.75,116173.0,113597.5,114828.5,0.0
2025-08-04 08:00:00+00:00,DOGE,0.2,0.21,0.2,0.2,0.0
2025-08-04 08:00:00+00:00,ETH,3552.75,3666.4,3542.6,3649.4,0.0
2025-08-04 08:00:00+00:00,SOL,163.06,166.95,161.65,165.52,0.0
2025-08-04 08:00:00+00:00,XRP,3.01,3.08,2.98,3.03,0.0
2025-08-04 16:00:00+00:00,BTC,114828.5,116190.75,114502.75,114736.5,0.0
2025-08-04 16:00:00+00:00,DOGE,0.2,0.215,0.2,0.2,0.0
2025-08-04 16:00:00+00:00,ETH,3649.4,3719.6,3649.05,3669.45,0.0
2025-08-04 16:00:00+00:00,SOL,165.52,169.84,165.0,165.63,0.0
2025-08-04 16:00:00+00:00,XRP,3.03,3.09,3.03,3.05,0.0
2025-08-04 20:01:00+00:00,BTC,114582.5,116103.0,114582.5,115058.5,0.0
2025-08-04 20:01:00+00:00,DOGE,0.21,0.21,0.205,0.21,0.0
2025-08-04 20:01:00+00:00,ETH,3671.55,3742.7,3671.5,3721.35,0.0
2025-08-04 20:01:00+00:00,SOL,165.0,169.8,165.0,169.56,0.0
2025-08-04 20:01:00+00:00,XRP,3.07,3.09,3.04,3.07,0.0
2025-08-05 00:00:00+00:00,BTC,115058.5,115132.25,113694.25,113954.5,0.0
2025-08-05 00:00:00+00:00,DOGE,0.21,0.21,0.2,0.2,0.0
2025-08-05 00:00:00+00:00,ETH,3721.35,3727.1,3600.55,3612.9,0.0
2025-08-05 00:00:00+00:00,SOL,169.56,169.99,165.8,166.19,0.0
2025-08-05 00:00:00+00:00,XRP,3.07,3.11,2.995,3.005,0.0
2025-08-05 08:00:00+00:00,BTC,113954.5,115697.0,112640.25,112912.75,0.0
2025-08-05 08:00:00+00:00,DOGE,0.2,0.21,0.2,0.2,0.0
2025-08-05 08:00:00+00:00,ETH,3612.9,3715.0,3552.6,3569.75,0.0
2025-08-05 08:00:00+00:00,SOL,166.19,171.73,163.0,163.76,0.0
2025-08-05 08:00:00+00:00,XRP,3.005,3.08,2.96,2.97,0.0
2025-08-05 16:00:00+00:00,BTC,112912.75,113760.75,112777.5,113608.75,0.0
2025-08-05 16:00:00+00:00,DOGE,0.2,0.2,0.2,0.2,0.0
2025-08-05 16:00:00+00:00,ETH,3569.75,3612.0,3558.65,3570.55,0.0
2025-08-05 16:00:00+00:00,SOL,163.76,164.94,162.25,162.73,0.0
2025-08-05 16:00:00+00:00,XRP,2.97,2.99,2.945,2.945,0.0
2025-08-05 20:01:00+00:00,BTC,113728.25,114234.75,113294.0,114119.5,0.0
2025-08-05 20:01:00+00:00,DOGE,0.2,0.2,0.2,0.2,0.0
2025-08-05 20:01:00+00:00,ETH,3577.75,3624.5,3546.25,3611.85,0.0
2025-08-05 20:01:00+00:00,SOL,162.97,164.53,161.27,164.09,0.0
2025-08-05 20:01:00+00:00,XRP,2.95,2.975,2.915,2.96,0.0
2025-08-06 00:00:00+00:00,BTC,114119.5,115089.25,113225.5,114219.75,0.0
2025-08-06 00:00:00+00:00,DOGE,0.2,0.2,0.2,0.2,0.0
2025-08-06 00:00:00+00:00,ETH,3611.85,3662.35,3563.9,3639.8,0.0
2025-08-06 00:00:00+00:00,SOL,164.09,164.77,161.16,164.25,0.0
2025-08-06 00:00:00+00:00,XRP,2.96,2.97,2.9,2.955,0.0
2025-08-06 08:00:00+00:00,BTC,114219.75,115546.75,113090.5,115422.75,0.0
2025-08-06 08:00:00+00:00,DOGE,0.2,0.21,0.2,0.21,0.0
2025-08-06 08:00:00+00:00,ETH,3639.8,3670.35,3552.85,3664.8,0.0
2025-08-06 08:00:00+00:00,SOL,164.25,169.44,162.66,169.06,0.0
2025-08-06 08:00:00+00:00,XRP,2.955,3.01,2.92,3.005,0.0
2025-08-06 16:00:00+00:00,BTC,115422.75,116211.25,114958.25,115287.75,0.0
2025-08-06 16:00:00+00:00,DOGE,0.21,0.21,0.2,0.21,0.0
2025-08-06 16:00:00+00:00,ETH,3664.8,3702.6,3638.55,3684.45,0.0
2025-08-06 16:00:00+00:00,SOL,169.06,169.98,167.19,168.86,0.0
2025-08-06 16:00:00+00:00,XRP,3.005,3.02,2.97,3.01,0.0
2025-08-06 20:01:00+00:00,BTC,115244.5,115298.25,114823.25,115020.75,0.0
2025-08-06 20:01:00+00:00,DOGE,0.21,0.21,0.2,0.21,0.0
2025-08-06 20:01:00+00:00,ETH,3680.75,3725.25,3654.1,3684.0,0.0
2025-08-06 20:01:00+00:00,SOL,168.6,168.84,167.35,168.14,0.0
2025-08-06 20:01:00+00:00,XRP,3.01,3.01,2.98,2.99,0.0
2025-08-07 00:00:00+00:00,BTC,115020.75,115224.25,114289.5,114823.0,0.0
2025-08-07 00:00:00+00:00,DOGE,0.21,0.21,0.2,0.21,0.0
2025-08-07 00:00:00+00:00,ETH,3684.0,3739.15,3615.25,3703.55,0.0
2025-08-07 00:00:00+00:00,SOL,168.14,170.38,166.73,170.05,0.0
2025-08-07 00:00:00+00:00,XRP,2.99,3.01,2.965,3.0,0.0
2025-08-07 08:00:00+00:00,BTC,114823.0,117053.5,114819.0,116727.25,0.0
2025-08-07 08:00:00+00:00,DOGE,0.21,0.22,0.21,0.21,0.0
2025-08-07 08:00:00+00:00,ETH,3703.55,3872.8,3662.8,3838.25,0.0
2025-08-07 08:00:00+00:00,SOL,170.05,173.53,169.09,170.54,0.0
2025-08-07 08:00:00+00:00,XRP,3.0,3.09,2.99,3.06,0.0
2025-08-07 16:00:00+00:00,BTC,116727.25,117773.0,115251.25,117513.75,0.0
2025-08-07 16:00:00+00:00,DOGE,0.21,0.22,0.21,0.22,0.0
2025-08-07 16:00:00+00:00,ETH,3838.25,3878.8,3752.55,3869.55,0.0
2025-08-07 16:00:00+00:00,SOL,170.54,171.98,165.68,171.83,0.0
2025-08-07 16:00:00+00:00,XRP,3.06,3.1,3.01,3.1,0.0
2025-08-07 20:01:00+00:00,BTC,117532.0,117689.75,117054.25,117515.25,0.0
2025-08-07 20:01:00+00:00,DOGE,0.22,0.22,0.22,0.22,0.0
2025-08-07 20:01:00+00:00,ETH,3871.25,3929.2,3787.65,3911.65,0.0
2025-08-07 20:01:00+00:00,SOL,172.22,175.57,171.6,175.41,0.0
2025-08-07 20:01:00+00:00,XRP,3.11,3.335,3.1,3.32,0.0
2025-08-08 00:00:00+00:00,BTC,117515.25,118159.5,116420.75,116857.5,0.0
2025-08-08 00:00:00+00:00,DOGE,0.22,0.23,0.22,0.22,0.0
2025-08-08 00:00:00+00:00,ETH,3911.65,3969.3,3814.15,3916.4,0.0
2025-08-08 00:00:00+00:00,SOL,175.41,177.9,173.49,177.17,0.0
2025-08-08 00:00:00+00:00,XRP,3.32,3.38,3.2,3.355,0.0
2025-08-08 08:00:00+00:00,BTC,116857.5,117326.0,115453.0,116234.25,0.0
2025-08-08 08:00:00+00:00,DOGE,0.22,0.24,0.215,0.22,0.0
2025-08-08 08:00:00+00:00,ETH,3916.4,4012.7,3831.7,3955.2,0.0
2025-08-08 08:00:00+00:00,SOL,177.17,179.97,174.24,175.26,0.0
2025-08-08 08:00:00+00:00,XRP,3.355,3.39,3.21,3.22,0.0
2025-08-08 16:00:00+00:00,BTC,116234.25,116935.25,116012.75,116475.25,0.0
2025-08-08 16:00:00+00:00,DOGE,0.22,0.23,0.22,0.23,0.0
2025-08-08 16:00:00+00:00,ETH,3955.2,4066.1,3950.15,4061.3,0.0
2025-08-08 16:00:00+00:00,SOL,175.26,179.7,175.22,178.51,0.0
2025-08-08 16:00:00+00:00,XRP,3.22,3.34,3.22,3.34,0.0
2025-08-10 07:00:00+00:00,BTC,118084.25,118254.25,117483.0,117823.25,0.0
2025-08-10 07:00:00+00:00,DOGE,0.24,0.24,0.23,0.23,0.0
2025-08-10 07:00:00+00:00,ETH,4225.5,4234.2,4175.75,4185.2,0.0
2025-08-10 07:00:00+00:00,SOL,181.13,181.55,177.83,178.97,0.0
2025-08-10 07:00:00+00:00,XRP,3.25,3.325,3.16,3.19,0.0
2025-08-10 08:00:00+00:00,BTC,117823.25,119123.5,117624.25,118818.0,0.0
2025-08-10 08:00:00+00:00,DOGE,0.23,0.235,0.23,0.23,0.0
2025-08-10 08:00:00+00:00,ETH,4185.2,4238.15,4161.25,4218.35,0.0
2025-08-10 08:00:00+00:00,SOL,178.97,182.43,177.55,181.56,0.0
2025-08-10 08:00:00+00:00,XRP,3.19,3.22,3.15,3.19,0.0
2025-08-10 16:00:00+00:00,BTC,118818.0,119365.0,118093.25,119313.75,0.0
2025-08-10 16:00:00+00:00,DOGE,0.23,0.24,0.23,0.23,0.0
2025-08-10 16:00:00+00:00,ETH,4218.35,4260.5,4187.85,4252.2,0.0
2025-08-10 16:00:00+00:00,SOL,181.56,184.02,181.23,182.72,0.0
2025-08-10 16:00:00+00:00,XRP,3.19,3.215,3.16,3.19,0.0
2025-08-11 00:00:00+00:00,BTC,119313.75,122319.75,119000.0,121527.25,0.0
2025-08-11 00:00:00+00:00,DOGE,0.23,0.24,0.23,0.23,0.0
2025-08-11 00:00:00+00:00,ETH,4252.2,4350.9,4239.4,4273.85,0.0
2025-08-11 00:00:00+00:00,SOL,182.72,186.8,181.3,182.97,0.0
2025-08-11 00:00:00+00:00,XRP,3.19,3.29,3.175,3.245,0.0
2025-08-11 08:00:00+00:00,BTC,121527.25,121802.25,118742.25,120287.5,0.0
2025-08-11 08:00:00+00:00,DOGE,0.23,0.24,0.23,0.23,0.0
2025-08-11 08:00:00+00:00,ETH,4273.85,4332.2,4168.0,4329.15,0.0
2025-08-11 08:00:00+00:00,SOL,182.97,184.64,177.23,180.18,0.0
2025-08-11 08:00:00+00:00,XRP,3.245,3.33,3.18,3.21,0.0
2025-08-11 16:00:00+00:00,BTC,120287.5,121538.0,118062.25,119083.0,0.0
2025-08-11 16:00:00+00:00,DOGE,0.23,0.23,0.23,0.23,0.0
2025-08-11 16:00:00+00:00,ETH,4329.15,4365.95,4210.4,4259.45,0.0
2025-08-11 16:00:00+00:00,SOL,180.18,181.8,175.57,176.65,0.0
2025-08-11 16:00:00+00:00,XRP,3.21,3.255,3.15,3.15,0.0
2025-08-11 20:01:00+00:00,BTC,118781.5,119583.5,118080.0,118698.0,0.0
2025-08-11 20:01:00+00:00,DOGE,0.21,0.235,0.21,0.22,0.0
2025-08-11 20:01:00+00:00,ETH,4300.5,4332.45,4189.35,4223.55,0.0
2025-08-11 20:01:00+00:00,SOL,180.7,181.09,173.44,174.82,0.0
2025-08-11 20:01:00+00:00,XRP,3.18,3.185,3.12,3.13,0.0
2025-08-12 00:00:00+00:00,BTC,118698.0,119303.75,118431.0,118996.0,0.0
2025-08-12 00:00:00+00:00,DOGE,0.22,0.23,0.22,0.23,0.0
2025-08-12 00:00:00+00:00,ETH,4223.55,4321.45,4219.05,4315.45,0.0
2025-08-12 00:00:00+00:00,SOL,174.82,176.79,173.62,175.93,0.0
2025-08-12 00:00:00+00:00,XRP,3.13,3.175,3.115,3.15,0.0
2025-08-12 08:00:00+00:00,BTC,118996.0,119981.5,118206.5,119952.0,0.0
2025-08-12 08:00:00+00:00,DOGE,0.23,0.235,0.205,0.23,0.0
2025-08-12 08:00:00+00:00,ETH,4315.45,4483.15,4257.15,4472.85,0.0
2025-08-12 08:00:00+00:00,SOL,175.93,182.31,173.7,181.72,0.0
2025-08-12 08:00:00+00:00,XRP,3.15,3.22,3.105,3.21,0.0
2025-08-12 16:00:00+00:00,BTC,119952.0,120214.5,119194.25,119662.75,0.0
2025-08-12 16:00:00+00:00,DOGE,0.23,0.24,0.23,0.24,0.0
2025-08-12 16:00:00+00:00,ETH,4472.85,4535.7,4441.05,4517.15,0.0
2025-08-12 16:00:00+00:00,SOL,181.72,191.12,180.79,190.64,0.0
2025-08-12 16:00:00+00:00,XRP,3.21,3.29,3.205,3.29,0.0
2025-08-12 20:01:00+00:00,BTC,119617.5,120320.5,119035.0,120112.0,0.0
2025-08-12 20:01:00+00:00,DOGE,0.24,0.24,0.23,0.24,0.0
2025-08-12 20:01:00+00:00,ETH,4510.5,4669.4,4504.8,4589.75,0.0
2025-08-12 20:01:00+00:00,SOL,190.55,193.74,189.63,191.74,0.0
2025-08-12 20:01:00+00:00,XRP,3.285,3.305,3.26,3.27,0.0
2025-08-13 00:00:00+00:00,BTC,120112.0,120175.75,118687.5,119580.25,0.0
2025-08-13 00:00:00+00:00,DOGE,0.24,0.245,0.23,0.24,0.0
2025-08-13 00:00:00+00:00,ETH,4589.75,4682.55,4563.6,4625.6,0.0
2025-08-13 00:00:00+00:00,SOL,191.74,200.0,191.44,198.75,0.0
2025-08-13 00:00:00+00:00,XRP,3.27,3.27,3.205,3.24,0.0
2025-08-13 08:00:00+00:00,BTC,119580.25,122229.5,119039.0,120939.5,0.0
2025-08-13 08:00:00+00:00,DOGE,0.24,0.25,0.24,0.24,0.0
2025-08-13 08:00:00+00:00,ETH,4625.6,4744.75,4608.8,4665.1,0.0
2025-08-13 08:00:00+00:00,SOL,198.75,204.97,194.62,197.48,0.0
2025-08-13 08:00:00+00:00,XRP,3.24,3.335,3.23,3.26,0.0
2025-08-13 16:00:00+00:00,BTC,120939.5,122886.75,120938.0,122789.25,0.0
2025-08-13 16:00:00+00:00,DOGE,0.24,0.24,0.24,0.24,0.0
2025-08-13 16:00:00+00:00,ETH,4665.1,4751.45,4661.6,4740.5,0.0
2025-08-13 16:00:00+00:00,SOL,197.48,202.29,197.05,202.18,0.0
2025-08-13 16:00:00+00:00,XRP,3.26,3.285,3.25,3.28,0.0
2025-08-13 20:01:00+00:00,BTC,122742.5,123744.5,120862.75,123367.0,0.0
2025-08-13 20:01:00+00:00,DOGE,0.24,0.25,0.24,0.24,0.0
2025-08-13 20:01:00+00:00,ETH,4736.85,4786.4,4699.05,4751.35,0.0
2025-08-13 20:01:00+00:00,SOL,201.39,203.45,199.91,201.62,0.0
2025-08-13 20:01:00+00:00,XRP,3.275,3.295,3.26,3.275,0.0
2025-08-14 00:00:00+00:00,BTC,123367.0,124550.5,121329.0,121770.25,0.0
2025-08-14 00:00:00+00:00,DOGE,0.24,0.26,0.24,0.245,0.0
2025-08-14 00:00:00+00:00,ETH,4751.35,4792.35,4711.15,4750.05,0.0
2025-08-14 00:00:00+00:00,SOL,201.62,209.94,200.67,205.75,0.0
2025-08-14 00:00:00+00:00,XRP,3.275,3.35,3.24,3.26,0.0
2025-08-14 08:00:00+00:00,BTC,121770.25,122087.75,117740.5,118325.0,0.0
2025-08-14 08:00:00+00:00,DOGE,0.245,0.25,0.2,0.23,0.0
2025-08-14 08:00:00+00:00,ETH,4750.05,4780.2,4455.65,4621.5,0.0
2025-08-14 08:00:00+00:00,SOL,205.75,205.94,186.93,194.94,0.0
2025-08-14 08:00:00+00:00,XRP,3.26,3.26,3.0,3.1,0.0
2025-08-14 16:00:00+00:00,BTC,118325.0,119510.0,117146.75,118022.75,0.0
2025-08-14 16:00:00+00:00,DOGE,0.23,0.23,0.22,0.22,0.0
2025-08-14 16:00:00+00:00,ETH,4621.5,4679.95,4482.95,4540.7,0.0
2025-08-14 16:00:00+00:00,SOL,194.94,195.59,190.66,193.02,0.0
2025-08-14 16:00:00+00:00,XRP,3.1,3.1,3.045,3.07,0.0
2025-08-14 20:01:00+00:00,BTC,117992.0,118620.25,117410.0,118385.5,0.0
2025-08-14 20:01:00+00:00,DOGE,0.22,0.22,0.22,0.22,0.0
2025-08-14 20:01:00+00:00,ETH,4539.7,4668.4,4457.05,4550.35,0.0
2025-08-14 20:01:00+00:00,SOL,192.74,193.35,187.47,192.63,0.0
2025-08-14 20:01:00+00:00,XRP,3.07,3.09,3.03,3.08,0.0
2025-08-15 00:00:00+00:00,BTC,118385.5,119887.25,118130.25,119059.25,0.0
2025-08-15 00:00:00+00:00,DOGE,0.22,0.23,0.22,0.23,0.0
2025-08-15 00:00:00+00:00,ETH,4550.35,4718.7,4541.55,4643.95,0.0
2025-08-15 00:00:00+00:00,SOL,192.63,198.26,192.1,197.12,0.0
2025-08-15 00:00:00+00:00,XRP,3.08,3.145,3.075,3.12,0.0
2025-08-15 08:00:00+00:00,BTC,119059.25,119840.0,116868.75,117331.0,0.0
2025-08-15 08:00:00+00:00,DOGE,0.23,0.23,0.22,0.22,0.0
2025-08-15 08:00:00+00:00,ETH,4643.95,4714.5,4397.05,4432.55,0.0
2025-08-15 08:00:00+00:00,SOL,197.12,197.77,184.43,185.63,0.0
2025-08-15 08:00:00+00:00,XRP,3.12,3.14,3.01,3.03,0.0
2025-08-15 16:00:00+00:00,BTC,117331.0,118511.0,116854.5,117005.25,0.0
2025-08-15 16:00:00+00:00,DOGE,0.22,0.23,0.22,0.22,0.0
2025-08-15 16:00:00+00:00,ETH,4432.55,4462.0,4374.55,4385.7,0.0
2025-08-15 16:00:00+00:00,SOL,185.63,187.04,183.48,184.0,0.0
2025-08-15 16:00:00+00:00,XRP,3.03,3.095,3.005,3.07,0.0
2025-08-17 07:00:00+00:00,BTC,118032.25,118156.5,117941.25,118123.25,0.0
2025-08-17 07:00:00+00:00,DOGE,0.23,0.23,0.23,0.23,0.0
2025-08-17 07:00:00+00:00,ETH,4460.8,4501.65,4447.5,4470.65,0.0
2025-08-17 07:00:00+00:00,SOL,192.11,192.68,191.5,192.06,0.0
2025-08-17 07:00:00+00:00,XRP,3.12,3.12,3.115,3.12,0.0
2025-08-17 08:00:00+00:00,BTC,118123.25,118658.75,118021.25,118317.5,0.0
2025-08-17 08:00:00+00:00,DOGE,0.23,0.24,0.23,0.24,0.0
2025-08-17 08:00:00+00:00,ETH,4470.65,4596.6,4461.8,4564.35,0.0
2025-08-17 08:00:00+00:00,SOL,192.06,195.6,191.65,195.57,0.0
2025-08-17 08:00:00+00:00,XRP,3.12,3.15,3.115,3.145,0.0
2025-08-17 16:00:00+00:00,BTC,118317.5,118396.75,117410.0,117495.5,0.0
2025-08-17 16:00:00+00:00,DOGE,0.24,0.24,0.23,0.23,0.0
2025-08-17 16:00:00+00:00,ETH,4564.35,4569.3,4406.45,4475.75,0.0
2025-08-17 16:00:00+00:00,SOL,195.57,195.95,190.72,191.16,0.0
2025-08-17 16:00:00+00:00,XRP,3.145,3.15,3.08,3.09,0.0
2025-08-18 00:00:00+00:00,BTC,117495.5,117641.0,115000.0,115286.75,0.0
2025-08-18 00:00:00+00:00,DOGE,0.23,0.24,0.22,0.22,0.0
2025-08-18 00:00:00+00:00,ETH,4475.75,4485.35,4232.5,4259.9,0.0
2025-08-18 00:00:00+00:00,SOL,191.16,191.49,180.34,180.74,0.0
2025-08-18 00:00:00+00:00,XRP,3.09,3.09,2.96,2.965,0.0
2025-08-18 08:00:00+00:00,BTC,115286.75,116253.75,114713.25,116211.0,0.0
2025-08-18 08:00:00+00:00,DOGE,0.22,0.22,0.22,0.22,0.0
2025-08-18 08:00:00+00:00,ETH,4259.9,4371.5,4227.85,4347.4,0.0
2025-08-18 08:00:00+00:00,SOL,180.74,183.46,180.11,183.19,0.0
2025-08-18 08:00:00+00:00,XRP,2.965,3.025,2.94,3.02,0.0
2025-08-18 16:00:00+00:00,BTC,116211.0,117910.25,115895.0,116367.5,0.0
2025-08-18 16:00:00+00:00,DOGE,0.22,0.23,0.22,0.22,0.0
2025-08-18 16:00:00+00:00,ETH,4347.4,4459.95,4302.45,4357.2,0.0
2025-08-18 16:00:00+00:00,SOL,183.19,185.85,181.89,183.3,0.0
2025-08-18 16:00:00+00:00,XRP,3.02,3.1,3.005,3.08,0.0
2025-08-18 20:01:00+00:00,BTC,117699.75,118075.0,115712.0,116292.75,0.0
2025-08-18 20:01:00+00:00,DOGE,0.23,0.235,0.22,0.22,0.0
2025-08-18 20:01:00+00:00,ETH,4439.3,4477.1,4307.25,4315.5,0.0
2025-08-18 20:01:00+00:00,SOL,188.58,191.69,180.1,183.03,0.0
2025-08-18 20:01:00+00:00,XRP,3.11,3.125,3.05,3.06,0.0
2025-08-19 00:00:00+00:00,BTC,116292.75,117747.0,114429.75,115031.0,0.0
2025-08-19 00:00:00+00:00,DOGE,0.22,0.23,0.21,0.22,0.0
2025-08-19 00:00:00+00:00,ETH,4315.5,4440.8,4195.45,4235.85,0.0
2025-08-19 00:00:00+00:00,SOL,183.03,189.01,177.42,180.19,0.0
2025-08-19 00:00:00+00:00,XRP,3.06,3.1,2.975,3.0,0.0
2025-08-19 08:00:00+00:00,BTC,115031.0,117379.25,113577.0,113802.25,0.0
2025-08-19 08:00:00+00:00,DOGE,0.22,0.225,0.21,0.21,0.0
2025-08-19 08:00:00+00:00,ETH,4235.85,4358.4,4169.0,4192.0,0.0
2025-08-19 08:00:00+00:00,SOL,180.19,183.49,177.5,178.01,0.0
2025-08-19 08:00:00+00:00,XRP,3.0,3.11,2.93,2.93,0.0
2025-08-19 16:00:00+00:00,BTC,113802.25,115239.25,112745.75,113121.75,0.0
2025-08-19 16:00:00+00:00,DOGE,0.21,0.21,0.21,0.21,0.0
2025-08-19 16:00:00+00:00,ETH,4192.0,4216.05,4113.75,4141.6,0.0
2025-08-19 16:00:00+00:00,SOL,178.01,178.81,175.7,176.74,0.0
2025-08-19 16:00:00+00:00,XRP,2.93,2.935,2.87,2.88,0.0
2025-08-19 20:01:00+00:00,BTC,113197.25,116353.0,112712.75,112859.25,0.0
2025-08-19 20:01:00+00:00,DOGE,0.21,0.21,0.21,0.21,0.0
2025-08-19 20:01:00+00:00,ETH,4147.8,4182.3,4069.0,4075.25,0.0
2025-08-19 20:01:00+00:00,SOL,176.94,179.54,175.87,176.22,0.0
2025-08-19 20:01:00+00:00,XRP,2.88,2.905,2.85,2.86,0.0
2025-08-20 00:00:00+00:00,BTC,112859.25,114598.5,112565.0,113494.0,0.0
2025-08-20 00:00:00+00:00,DOGE,0.21,0.21,0.21,0.21,0.0
2025-08-20 00:00:00+00:00,ETH,4075.25,4281.75,4051.3,4185.1,0.0
2025-08-20 00:00:00+00:00,SOL,176.22,181.7,176.04,180.54,0.0
2025-08-20 00:00:00+00:00,XRP,2.86,2.9,2.85,2.87,0.0
2025-08-20 08:00:00+00:00,BTC,113494.0,115127.25,112367.0,113358.75,0.0
2025-08-20 08:00:00+00:00,DOGE,0.21,0.22,0.21,0.215,0.0
2025-08-20 08:00:00+00:00,ETH,4185.1,4340.35,4107.0,4255.4,0.0
2025-08-20 08:00:00+00:00,SOL,180.54,185.08,177.55,183.05,0.0
2025-08-20 08:00:00+00:00,XRP,2.87,2.935,2.82,2.9,0.0
2025-08-20 16:00:00+00:00,BTC,113358.75,114961.5,113266.5,114277.75,0.0
2025-08-20 16:00:00+00:00,DOGE,0.215,0.22,0.215,0.22,0.0
2025-08-20 16:00:00+00:00,ETH,4255.4,4477.2,4251.55,4346.85,0.0
2025-08-20 16:00:00+00:00,SOL,183.05,188.01,182.59,187.63,0.0
2025-08-20 16:00:00+00:00,XRP,2.9,2.99,2.9,2.99,0.0
2025-08-20 20:01:00+00:00,BTC,114188.5,114646.0,113998.0,114285.75,0.0
2025-08-20 20:01:00+00:00,DOGE,0.22,0.22,0.22,0.22,0.0
2025-08-20 20:01:00+00:00,ETH,4341.75,4481.5,4289.9,4336.8,0.0
2025-08-20 20:01:00+00:00,SOL,187.36,187.99,185.81,187.98,0.0
2025-08-20 20:01:00+00:00,XRP,2.98,2.98,2.95,2.95,0.0
2025-08-21 00:00:00+00:00,BTC,114285.75,115601.5,113570.75,113893.0,0.0
2025-08-21 00:00:00+00:00,DOGE,0.22,0.22,0.22,0.22,0.0
2025-08-21 00:00:00+00:00,ETH,4336.8,4382.5,4252.55,4311.0,0.0
2025-08-21 00:00:00+00:00,SOL,187.98,190.13,185.53,187.0,0.0
2025-08-21 00:00:00+00:00,XRP,2.95,2.96,2.89,2.91,0.0
2025-08-21 08:00:00+00:00,BTC,113893.0,115413.25,112595.25,112776.25,0.0
2025-08-21 08:00:00+00:00,DOGE,0.22,0.225,0.21,0.22,0.0
2025-08-21 08:00:00+00:00,ETH,4311.0,4373.1,4227.15,4242.35,0.0
2025-08-21 08:00:00+00:00,SOL,187.0,188.4,180.55,181.6,0.0
2025-08-21 08:00:00+00:00,XRP,2.91,3.01,2.86,2.89,0.0
2025-08-21 16:00:00+00:00,BTC,112776.25,114821.5,112000.0,112158.5,0.0
2025-08-21 16:00:00+00:00,DOGE,0.22,0.22,0.21,0.215,0.0
2025-08-21 16:00:00+00:00,ETH,4242.35,4348.85,4207.8,4222.7,0.0
2025-08-21 16:00:00+00:00,SOL,181.6,182.9,179.87,180.09,0.0
2025-08-21 16:00:00+00:00,XRP,2.89,2.985,2.85,2.87,0.0
2025-08-21 20:01:00+00:00,BTC,112185.75,114793.0,112026.25,112483.75,0.0
2025-08-21 20:01:00+00:00,DOGE,0.22,0.22,0.21,0.21,0.0
2025-08-21 20:01:00+00:00,ETH,4231.6,4270.4,4180.55,4224.6,0.0
2025-08-21 20:01:00+00:00,SOL,180.41,181.83,179.38,180.28,0.0
2025-08-21 20:01:00+00:00,XRP,2.87,2.89,2.84,2.85,0.0
2025-08-22 00:00:00+00:00,BTC,112483.75,113502.5,112296.0,113066.5,0.0
2025-08-22 00:00:00+00:00,DOGE,0.21,0.22,0.21,0.22,0.0
2025-08-22 00:00:00+00:00,ETH,4224.6,4377.25,4221.0,4327.25,0.0
2025-08-22 00:00:00+00:00,SOL,180.28,184.31,179.96,183.94,0.0
2025-08-22 00:00:00+00:00,XRP,2.85,2.88,2.82,2.86,0.0
2025-08-22 08:00:00+00:00,BTC,113066.5,117322.0,111656.75,116373.75,0.0
2025-08-22 08:00:00+00:00,DOGE,0.22,0.24,0.21,0.23,0.0
2025-08-22 08:00:00+00:00,ETH,4327.25,4677.65,4198.45,4616.15,0.0
2025-08-22 08:00:00+00:00,SOL,183.94,195.44,177.23,193.48,0.0
2025-08-22 08:00:00+00:00,XRP,2.86,3.04,2.78,3.02,0.0
2025-08-22 16:00:00+00:00,BTC,116373.75,117427.25,116109.5,116658.25,0.0
2025-08-22 16:00:00+00:00,DOGE,0.23,0.24,0.23,0.24,0.0
2025-08-22 16:00:00+00:00,ETH,4616.15,4858.35,4616.05,4832.8,0.0
2025-08-22 16:00:00+00:00,SOL,193.48,199.7,193.48,198.97,0.0
2025-08-22 16:00:00+00:00,XRP,3.02,3.1,3.015,3.07,0.0
2025-08-24 07:00:00+00:00,BTC,114828.5,115757.75,114827.0,114850.0,0.0
2025-08-24 07:00:00+00:00,DOGE,0.23,0.235,0.23,0.23,0.0
2025-08-24 07:00:00+00:00,ETH,4759.2,4803.95,4708.1,4757.55,0.0
2025-08-24 07:00:00+00:00,SOL,207.29,210.02,204.19,206.61,0.0
2025-08-24 07:00:00+00:00,XRP,3.03,3.085,3.03,3.035,0.0
2025-08-24 08:00:00+00:00,BTC,114850.0,115790.75,114328.25,114375.0,0.0
2025-08-24 08:00:00+00:00,DOGE,0.23,0.235,0.23,0.23,0.0
2025-08-24 08:00:00+00:00,ETH,4757.55,4828.7,4691.25,4797.1,0.0
2025-08-24 08:00:00+00:00,SOL,206.61,210.43,202.96,205.59,0.0
2025-08-24 08:00:00+00:00,XRP,3.035,3.08,3.0,3.015,0.0
2025-08-24 16:00:00+00:00,BTC,114375.0,115663.5,110659.75,113497.5,0.0
2025-08-24 16:00:00+00:00,DOGE,0.23,0.25,0.225,0.23,0.0
2025-08-24 16:00:00+00:00,ETH,4797.1,4955.15,4655.3,4779.85,0.0
2025-08-24 16:00:00+00:00,SOL,205.59,211.96,200.35,205.97,0.0
2025-08-24 16:00:00+00:00,XRP,3.015,3.13,2.99,3.025,0.0
2025-08-25 00:00:00+00:00,BTC,113497.5,115020.75,111290.25,111496.5,0.0
2025-08-25 00:00:00+00:00,DOGE,0.23,0.245,0.21,0.22,0.0
2025-08-25 00:00:00+00:00,ETH,4779.85,4843.15,4581.35,4590.6,0.0
2025-08-25 00:00:00+00:00,SOL,205.97,214.92,198.66,199.79,0.0
2025-08-25 00:00:00+00:00,XRP,3.025,3.085,2.93,2.94,0.0
2025-08-25 08:00:00+00:00,BTC,111496.5,114586.75,110580.25,112197.5,0.0
2025-08-25 08:00:00+00:00,DOGE,0.22,0.23,0.22,0.22,0.0
2025-08-25 08:00:00+00:00,ETH,4590.6,4740.75,4519.1,4612.55,0.0
2025-08-25 08:00:00+00:00,SOL,199.79,201.9,194.97,196.57,0.0
2025-08-25 08:00:00+00:00,XRP,2.94,3.04,2.92,2.95,0.0
2025-08-25 16:00:00+00:00,BTC,112197.5,113412.75,110651.75,110705.0,0.0
2025-08-25 16:00:00+00:00,DOGE,0.22,0.22,0.21,0.21,0.0
2025-08-25 16:00:00+00:00,ETH,4612.55,4655.0,4413.65,4420.05,0.0
2025-08-25 16:00:00+00:00,SOL,196.57,198.37,188.59,191.46,0.0
2025-08-25 16:00:00+00:00,XRP,2.95,3.0,2.87,2.88,0.0
2025-08-25 20:01:00+00:00,BTC,110508.25,112339.5,109817.0,110287.5,0.0
2025-08-25 20:01:00+00:00,DOGE,0.21,0.215,0.205,0.21,0.0
2025-08-25 20:01:00+00:00,ETH,4404.65,4421.85,4339.6,4379.65,0.0
2025-08-25 20:01:00+00:00,SOL,189.13,193.08,185.6,187.24,0.0
2025-08-25 20:01:00+00:00,XRP,2.87,2.96,2.87,2.87,0.0
2025-08-26 00:00:00+00:00,BTC,110287.5,112177.5,109645.0,110312.25,0.0
2025-08-26 00:00:00+00:00,DOGE,0.21,0.215,0.21,0.21,0.0
2025-08-26 00:00:00+00:00,ETH,4379.65,4577.95,4378.0,4430.1,0.0
2025-08-26 00:00:00+00:00,SOL,187.24,192.89,185.67,188.96,0.0
2025-08-26 00:00:00+00:00,XRP,2.87,2.96,2.87,2.92,0.0
2025-08-26 08:00:00+00:00,BTC,110312.25,111179.5,109400.5,109685.75,0.0
2025-08-26 08:00:00+00:00,DOGE,0.21,0.22,0.205,0.21,0.0
2025-08-26 08:00:00+00:00,ETH,4430.1,4623.9,4406.45,4520.35,0.0
2025-08-26 08:00:00+00:00,SOL,188.96,195.01,186.7,190.8,0.0
2025-08-26 08:00:00+00:00,XRP,2.92,2.99,2.89,2.935,0.0
2025-08-26 16:00:00+00:00,BTC,109685.75,112601.5,109457.25,111147.25,0.0
2025-08-26 16:00:00+00:00,DOGE,0.21,0.22,0.21,0.22,0.0
2025-08-26 16:00:00+00:00,ETH,4520.35,4627.25,4483.45,4598.1,0.0
2025-08-26 16:00:00+00:00,SOL,190.8,197.52,190.6,197.45,0.0
2025-08-26 16:00:00+00:00,XRP,2.935,3.08,2.93,3.06,0.0
2025-08-26 20:01:00+00:00,BTC,111033.25,113082.75,110771.75,111795.25,0.0
2025-08-26 20:01:00+00:00,DOGE,0.22,0.22,0.21,0.22,0.0
2025-08-26 20:01:00+00:00,ETH,4586.6,4634.8,4506.4,4601.75,0.0
2025-08-26 20:01:00+00:00,SOL,196.76,198.12,195.41,195.88,0.0
2025-08-26 20:01:00+00:00,XRP,3.045,3.05,3.005,3.01,0.0
2025-08-27 00:00:00+00:00,BTC,111795.25,112907.5,110320.25,110743.25,0.0
2025-08-27 00:00:00+00:00,DOGE,0.22,0.22,0.21,0.22,0.0
2025-08-27 00:00:00+00:00,ETH,4601.75,4646.0,4515.45,4581.15,0.0
2025-08-27 00:00:00+00:00,SOL,195.88,205.71,193.79,202.45,0.0
2025-08-27 00:00:00+00:00,XRP,3.01,3.03,2.98,2.99,0.0
2025-08-27 08:00:00+00:00,BTC,110743.25,113334.75,110332.75,112043.0,0.0
2025-08-27 08:00:00+00:00,DOGE,0.22,0.23,0.21,0.22,0.0
2025-08-27 08:00:00+00:00,ETH,4581.15,4665.0,4556.1,4658.7,0.0
2025-08-27 08:00:00+00:00,SOL,202.45,210.42,198.63,208.7,0.0
2025-08-27 08:00:00+00:00,XRP,2.99,3.045,2.99,3.02,0.0
2025-08-27 16:00:00+00:00,BTC,112043.0,113485.0,111472.75,112102.0,0.0
2025-08-27 16:00:00+00:00,DOGE,0.22,0.22,0.22,0.22,0.0
2025-08-27 16:00:00+00:00,ETH,4658.7,4679.75,4522.55,4566.5,0.0
2025-08-27 16:00:00+00:00,SOL,208.7,212.13,206.01,206.39,0.0
2025-08-27 16:00:00+00:00,XRP,3.02,3.045,2.99,3.005,0.0
2025-08-27 20:01:00+00:00,BTC,112127.5,112509.75,110933.75,111268.0,0.0
2025-08-27 20:01:00+00:00,DOGE,0.22,0.23,0.22,0.22,0.0
2025-08-27 20:01:00+00:00,ETH,4565.5,4629.3,4452.85,4507.1,0.0
2025-08-27 20:01:00+00:00,SOL,206.32,211.59,199.37,202.98,0.0
2025-08-27 20:01:00+00:00,XRP,3.01,3.04,2.96,2.97,0.0
2025-08-28 00:00:00+00:00,BTC,111268.0,113745.75,110788.0,113136.0,0.0
2025-08-28 00:00:00+00:00,DOGE,0.22,0.23,0.21,0.22,0.0
2025-08-28 00:00:00+00:00,ETH,4507.1,4635.25,4441.35,4597.65,0.0
2025-08-28 00:00:00+00:00,SOL,202.98,213.82,201.69,213.12,0.0
2025-08-28 00:00:00+00:00,XRP,2.97,3.01,2.955,3.0,0.0
2025-08-28 08:00:00+00:00,BTC,113136.0,113854.75,112408.25,112703.25,0.0
2025-08-28 08:00:00+00:00,DOGE,0.22,0.23,0.215,0.22,0.0
2025-08-28 08:00:00+00:00,ETH,4597.65,4658.05,4455.8,4505.05,0.0
2025-08-28 08:00:00+00:00,SOL,213.12,216.93,210.23,211.09,0.0
2025-08-28 08:00:00+00:00,XRP,3.0,3.045,2.97,2.98,0.0
2025-08-28 16:00:00+00:00,BTC,112703.25,113217.75,111910.5,111917.5,0.0
2025-08-28 16:00:00+00:00,DOGE,0.22,0.22,0.22,0.22,0.0
2025-08-28 16:00:00+00:00,ETH,4505.05,4561.2,4431.05,4438.5,0.0
2025-08-28 16:00:00+00:00,SOL,211.09,214.04,207.24,209.98,0.0
2025-08-28 16:00:00+00:00,XRP,2.98,3.0,2.94,2.94,0.0
2025-08-28 20:01:00+00:00,BTC,111908.0,112600.5,111881.0,112584.5,0.0
2025-08-28 20:01:00+00:00,DOGE,0.22,0.22,0.22,0.22,0.0
2025-08-28 20:01:00+00:00,ETH,4434.05,4516.45,4434.0,4512.05,0.0
2025-08-28 20:01:00+00:00,SOL,209.91,215.65,209.87,214.47,0.0
2025-08-28 20:01:00+00:00,XRP,2.95,2.98,2.95,2.97,0.0
2025-08-29 00:00:00+00:00,BTC,112584.5,112655.25,109920.25,110042.75,0.0
2025-08-29 00:00:00+00:00,DOGE,0.22,0.23,0.21,0.21,0.0
2025-08-29 00:00:00+00:00,ETH,4512.05,4563.3,4365.25,4382.05,0.0
2025-08-29 00:00:00+00:00,SOL,214.47,217.98,208.0,208.83,0.0
2025-08-29 00:00:00+00:00,XRP,2.97,2.98,2.86,2.87,0.0
2025-08-29 08:00:00+00:00,BTC,110042.75,111848.5,108133.5,108409.25,0.0
2025-08-29 08:00:00+00:00,DOGE,0.21,0.22,0.21,0.21,0.0
2025-08-29 08:00:00+00:00,ETH,4382.05,4522.6,4268.6,4317.3,0.0
2025-08-29 08:00:00+00:00,SOL,208.83,214.91,203.89,204.49,0.0
2025-08-29 08:00:00+00:00,XRP,2.87,2.945,2.82,2.835,0.0
2025-08-29 16:00:00+00:00,BTC,108409.25,109537.5,107957.5,108234.0,0.0
2025-08-29 16:00:00+00:00,DOGE,0.21,0.21,0.21,0.21,0.0
2025-08-29 16:00:00+00:00,ETH,4317.3,4486.45,4296.75,4341.55,0.0
2025-08-29 16:00:00+00:00,SOL,204.49,205.54,201.38,203.0,0.0
2025-08-29 16:00:00+00:00,XRP,2.835,2.91,2.8,2.815,0.0
2025-08-31 07:00:00+00:00,BTC,108725.75,109359.75,108682.75,108726.0,0.0
2025-08-31 07:00:00+00:00,DOGE,0.22,0.22,0.22,0.22,0.0
2025-08-31 07:00:00+00:00,ETH,4435.35,4538.55,4351.35,4452.15,0.0
2025-08-31 07:00:00+00:00,SOL,202.97,209.96,201.07,203.56,0.0
2025-08-31 07:00:00+00:00,XRP,2.825,2.9,2.825,2.83,0.0
2025-08-31 08:00:00+00:00,BTC,108726.0,109529.5,107924.75,108821.25,0.0
2025-08-31 08:00:00+00:00,DOGE,0.22,0.23,0.22,0.22,0.0
2025-08-31 08:00:00+00:00,ETH,4452.15,4557.85,4398.8,4485.0,0.0
2025-08-31 08:00:00+00:00,SOL,203.56,210.28,200.36,204.6,0.0
2025-08-31 08:00:00+00:00,XRP,2.83,2.895,2.8,2.82,0.0
2025-08-31 16:00:00+00:00,BTC,108821.25,109570.75,108085.5,108261.5,0.0
2025-08-31 16:00:00+00:00,DOGE,0.22,0.23,0.21,0.21,0.0
2025-08-31 16:00:00+00:00,ETH,4485.0,4555.6,4356.15,4392.0,0.0
2025-08-31 16:00:00+00:00,SOL,204.6,209.7,200.33,200.66,0.0
2025-08-31 16:00:00+00:00,XRP,2.82,2.865,2.77,2.775,0.0
2025-09-01 00:00:00+00:00,BTC,108261.5,109457.75,107274.0,109454.5,0.0
2025-09-01 00:00:00+00:00,DOGE,0.21,0.225,0.21,0.22,0.0
2025-09-01 00:00:00+00:00,ETH,4392.0,4511.8,4357.85,4463.8,0.0
2025-09-01 00:00:00+00:00,SOL,200.66,207.82,196.25,202.95,0.0
2025-09-01 00:00:00+00:00,XRP,2.775,2.815,2.7,2.795,0.0
2025-09-01 08:00:00+00:00,BTC,109454.5,109924.0,108172.25,108803.5,0.0
2025-09-01 08:00:00+00:00,DOGE,0.22,0.23,0.21,0.21,0.0
2025-09-01 08:00:00+00:00,ETH,4463.8,4552.4,4346.85,4362.55,0.0
2025-09-01 08:00:00+00:00,SOL,202.95,210.39,197.71,198.39,0.0
2025-09-01 08:00:00+00:00,XRP,2.795,2.85,2.735,2.76,0.0
2025-09-01 16:00:00+00:00,BTC,108803.5,109620.25,108390.0,109231.25,0.0
2025-09-01 16:00:00+00:00,DOGE,0.21,0.225,0.21,0.21,0.0
2025-09-01 16:00:00+00:00,ETH,4362.55,4482.2,4299.8,4368.5,0.0
2025-09-01 16:00:00+00:00,SOL,198.39,208.26,196.79,200.18,0.0
2025-09-01 16:00:00+00:00,XRP,2.76,2.795,2.72,2.77,0.0
2025-09-01 20:01:00+00:00,BTC,109100.5,111133.5,107475.75,109259.75,0.0
2025-09-01 20:01:00+00:00,DOGE,0.21,0.225,0.2,0.21,0.0
2025-09-01 20:01:00+00:00,ETH,4350.45,4442.9,4207.6,4315.45,0.0
2025-09-01 20:01:00+00:00,SOL,199.72,206.19,194.23,197.35,0.0
2025-09-01 20:01:00+00:00,XRP,2.77,2.775,2.7,2.76,0.0
2025-09-02 00:00:00+00:00,BTC,109259.75,111713.25,108722.0,110257.0,0.0
2025-09-02 00:00:00+00:00,DOGE,0.21,0.215,0.21,0.21,0.0
2025-09-02 00:00:00+00:00,ETH,4315.45,4504.45,4239.25,4378.1,0.0
2025-09-02 00:00:00+00:00,SOL,197.35,204.48,196.79,202.14,0.0
2025-09-02 00:00:00+00:00,XRP,2.76,2.82,2.75,2.795,0.0
2025-09-02 08:00:00+00:00,BTC,110257.0,112176.0,108275.25,110844.5,0.0
2025-09-02 08:00:00+00:00,DOGE,0.21,0.21,0.21,0.21,0.0
2025-09-02 08:00:00+00:00,ETH,4378.1,4497.45,4238.2,4295.7,0.0
2025-09-02 08:00:00+00:00,SOL,202.14,209.94,197.42,200.33,0.0
2025-09-02 08:00:00+00:00,XRP,2.795,2.845,2.76,2.79,0.0
2025-09-02 16:00:00+00:00,BTC,110844.5,111490.5,108977.0,110819.0,0.0
2025-09-02 16:00:00+00:00,DOGE,0.21,0.21,0.21,0.21,0.0
2025-09-02 16:00:00+00:00,ETH,4295.7,4355.2,4257.65,4274.9,0.0
2025-09-02 16:00:00+00:00,SOL,200.33,207.05,199.52,205.53,0.0
2025-09-02 16:00:00+00:00,XRP,2.79,2.83,2.78,2.83,0.0
2025-09-02 20:01:00+00:00,BTC,110747.0,111705.0,110369.5,111259.0,0.0
2025-09-02 20:01:00+00:00,DOGE,0.21,0.22,0.21,0.21,0.0
2025-09-02 20:01:00+00:00,ETH,4268.4,4354.9,4250.95,4327.1,0.0
2025-09-02 20:01:00+00:00,SOL,205.17,209.68,204.91,209.67,0.0
2025-09-02 20:01:00+00:00,XRP,2.82,2.865,2.82,2.86,0.0
2025-09-03 00:00:00+00:00,BTC,111259.0,111801.25,110381.25,111113.5,0.0
2025-09-03 00:00:00+00:00,DOGE,0.21,0.22,0.21,0.22,0.0
2025-09-03 00:00:00+00:00,ETH,4327.1,4356.1,4283.6,4310.95,0.0
2025-09-03 00:00:00+00:00,SOL,209.67,211.98,204.87,209.38,0.0
2025-09-03 00:00:00+00:00,XRP,2.86,2.87,2.81,2.82,0.0
2025-09-03 08:00:00+00:00,BTC,111113.5,112944.75,110829.25,112260.25,0.0
2025-09-03 08:00:00+00:00,DOGE,0.22,0.22,0.21,0.22,0.0
2025-09-03 08:00:00+00:00,ETH,4310.95,4496.3,4302.95,4481.4,0.0
2025-09-03 08:00:00+00:00,SOL,209.38,214.59,206.66,211.44,0.0
2025-09-03 08:00:00+00:00,XRP,2.82,2.89,2.82,2.875,0.0
2025-09-03 16:00:00+00:00,BTC,112260.25,113082.75,111709.75,112247.75,0.0
2025-09-03 16:00:00+00:00,DOGE,0.22,0.22,0.22,0.22,0.0
2025-09-03 16:00:00+00:00,ETH,4481.4,4491.6,4400.1,4477.25,0.0
2025-09-03 16:00:00+00:00,SOL,211.44,213.06,208.9,210.45,0.0
2025-09-03 16:00:00+00:00,XRP,2.875,2.875,2.845,2.87,0.0
2025-09-03 20:01:00+00:00,BTC,112203.25,112308.25,111594.75,111757.5,0.0
2025-09-03 20:01:00+00:00,DOGE,0.22,0.22,0.22,0.22,0.0
2025-09-03 20:01:00+00:00,ETH,4474.55,4482.85,4439.5,4452.25,0.0
2025-09-03 20:01:00+00:00,SOL,210.27,211.04,208.46,210.83,0.0
2025-09-03 20:01:00+00:00,XRP,2.865,2.87,2.84,2.845,0.0
2025-09-04 00:00:00+00:00,BTC,111757.5,112238.0,110321.25,110500.0,0.0
2025-09-04 00:00:00+00:00,DOGE,0.22,0.22,0.21,0.22,0.0
2025-09-04 00:00:00+00:00,ETH,4452.25,4482.35,4356.5,4372.7,0.0
2025-09-04 00:00:00+00:00,SOL,210.83,212.02,203.47,206.75,0.0
2025-09-04 00:00:00+00:00,XRP,2.845,2.86,2.815,2.825,0.0
2025-09-04 08:00:00+00:00,BTC,110500.0,111594.25,109350.5,109524.5,0.0
2025-09-04 08:00:00+00:00,DOGE,0.22,0.22,0.21,0.21,0.0
2025-09-04 08:00:00+00:00,ETH,4372.7,4447.55,4043.55,4305.65,0.0
2025-09-04 08:00:00+00:00,SOL,206.75,210.68,202.63,203.78,0.0
2025-09-04 08:00:00+00:00,XRP,2.825,2.86,2.795,2.81,0.0
2025-09-04 16:00:00+00:00,BTC,109524.5,110769.0,109369.5,109814.5,0.0
2025-09-04 16:00:00+00:00,DOGE,0.21,0.21,0.21,0.21,0.0
2025-09-04 16:00:00+00:00,ETH,4305.65,4341.2,4263.2,4276.15,0.0
2025-09-04 16:00:00+00:00,SOL,203.78,205.21,201.84,202.13,0.0
2025-09-04 16:00:00+00:00,XRP,2.81,2.82,2.785,2.785,0.0
2025-09-04 20:01:00+00:00,BTC,109964.25,111767.5,109919.5,110741.25,0.0
2025-09-04 20:01:00+00:00,DOGE,0.21,0.21,0.21,0.21,0.0
2025-09-04 20:01:00+00:00,ETH,4287.4,4352.3,4271.0,4298.25,0.0
2025-09-04 20:01:00+00:00,SOL,202.67,204.83,202.25,202.34,0.0
2025-09-04 20:01:00+00:00,XRP,2.795,2.825,2.79,2.795,0.0
2025-09-05 00:00:00+00:00,BTC,110741.25,113014.5,110017.5,112976.0,0.0
2025-09-05 00:00:00+00:00,DOGE,0.21,0.22,0.21,0.22,0.0
2025-09-05 00:00:00+00:00,ETH,4298.25,4429.4,4264.95,4418.15,0.0
2025-09-05 00:00:00+00:00,SOL,202.34,208.46,200.98,207.89,0.0
2025-09-05 00:00:00+00:00,XRP,2.795,2.85,2.78,2.845,0.0
2025-09-05 08:00:00+00:00,BTC,112976.0,113869.25,110282.5,110725.5,0.0
2025-09-05 08:00:00+00:00,DOGE,0.22,0.22,0.21,0.21,0.0
2025-09-05 08:00:00+00:00,ETH,4418.15,4495.25,4252.9,4283.45,0.0
2025-09-05 08:00:00+00:00,SOL,207.89,210.05,201.62,203.56,0.0
2025-09-05 08:00:00+00:00,XRP,2.845,2.89,2.8,2.815,0.0
2025-09-05 16:00:00+00:00,BTC,110725.5,112010.25,110208.5,111629.5,0.0
2025-09-05 16:00:00+00:00,DOGE,0.21,0.22,0.21,0.22,0.0
2025-09-05 16:00:00+00:00,ETH,4283.45,4414.75,4269.6,4331.75,0.0
2025-09-05 16:00:00+00:00,SOL,203.56,205.57,201.93,205.42,0.0
2025-09-05 16:00:00+00:00,XRP,2.815,2.865,2.805,2.86,0.0
2025-09-07 07:00:00+00:00,BTC,110533.25,110944.75,110486.0,110787.75,0.0
2025-09-07 07:00:00+00:00,DOGE,0.22,0.22,0.22,0.22,0.0
2025-09-07 07:00:00+00:00,ETH,4284.8,4308.15,4279.9,4295.75,0.0
2025-09-07 07:00:00+00:00,SOL,202.33,203.36,202.29,203.05,0.0
2025-09-07 07:00:00+00:00,XRP,2.82,2.835,2.82,2.83,0.0
2025-09-07 08:00:00+00:00,BTC,110787.75,111566.75,110589.0,111344.5,0.0
2025-09-07 08:00:00+00:00,DOGE,0.22,0.23,0.215,0.22,0.0
2025-09-07 08:00:00+00:00,ETH,4295.75,4317.8,4290.4,4299.9,0.0
2025-09-07 08:00:00+00:00,SOL,203.05,205.55,202.76,205.2,0.0
2025-09-07 08:00:00+00:00,XRP,2.83,2.93,2.825,2.9,0.0
2025-09-07 16:00:00+00:00,BTC,111344.5,111620.75,110875.25,111139.25,0.0
2025-09-07 16:00:00+00:00,DOGE,0.22,0.23,0.22,0.23,0.0
2025-09-07 16:00:00+00:00,ETH,4299.9,4336.4,4255.9,4306.2,0.0
2025-09-07 16:00:00+00:00,SOL,205.2,207.96,201.5,206.35,0.0
2025-09-07 16:00:00+00:00,XRP,2.9,2.9,2.85,2.88,0.0
2025-09-08 00:00:00+00:00,BTC,111139.25,111625.25,110606.0,111287.75,0.0
2025-09-08 00:00:00+00:00,DOGE,0.23,0.235,0.22,0.23,0.0
2025-09-08 00:00:00+00:00,ETH,4306.2,4331.15,4262.85,4292.35,0.0
2025-09-08 00:00:00+00:00,SOL,206.35,212.26,203.92,207.92,0.0
2025-09-08 00:00:00+00:00,XRP,2.88,2.91,2.835,2.91,0.0
2025-09-08 08:00:00+00:00,BTC,111287.75,113152.0,111247.25,112649.75,0.0
2025-09-08 08:00:00+00:00,DOGE,0.23,0.24,0.23,0.24,0.0
2025-09-08 08:00:00+00:00,ETH,4292.35,4391.4,4271.45,4372.0,0.0
2025-09-08 08:00:00+00:00,SOL,207.92,216.71,207.39,215.05,0.0
2025-09-08 08:00:00+00:00,XRP,2.91,2.995,2.9,2.985,0.0
2025-09-08 16:00:00+00:00,BTC,112649.75,112743.5,111772.0,112111.0,0.0
2025-09-08 16:00:00+00:00,DOGE,0.24,0.24,0.23,0.24,0.0
2025-09-08 16:00:00+00:00,ETH,4372.0,4373.6,4284.7,4292.95,0.0
2025-09-08 16:00:00+00:00,SOL,215.05,219.19,213.88,216.16,0.0
2025-09-08 16:00:00+00:00,XRP,2.985,3.005,2.96,2.98,0.0
2025-09-08 20:01:00+00:00,BTC,112055.5,112529.5,111908.75,112080.75,0.0
2025-09-08 20:01:00+00:00,DOGE,0.24,0.24,0.24,0.24,0.0
2025-09-08 20:01:00+00:00,ETH,4286.85,4333.1,4285.25,4307.05,0.0
2025-09-08 20:01:00+00:00,SOL,214.69,215.87,213.57,214.14,0.0
2025-09-08 20:01:00+00:00,XRP,2.97,2.98,2.955,2.97,0.0
2025-09-09 00:00:00+00:00,BTC,112080.75,113304.0,111120.5,113003.5,0.0
2025-09-09 00:00:00+00:00,DOGE,0.24,0.24,0.23,0.24,0.0
2025-09-09 00:00:00+00:00,ETH,4307.05,4381.8,4278.5,4361.85,0.0
2025-09-09 00:00:00+00:00,SOL,214.14,219.79,210.88,219.23,0.0
2025-09-09 00:00:00+00:00,XRP,2.97,3.03,2.935,3.02,0.0
2025-09-09 08:00:00+00:00,BTC,113003.5,113188.75,110772.25,110893.25,0.0
2025-09-09 08:00:00+00:00,DOGE,0.24,0.25,0.24,0.24,0.0
2025-09-09 08:00:00+00:00,ETH,4361.85,4388.55,4277.5,4285.45,0.0
2025-09-09 08:00:00+00:00,SOL,219.23,219.51,211.72,213.07,0.0
2025-09-09 08:00:00+00:00,XRP,3.02,3.03,2.94,2.95,0.0
2025-09-09 16:00:00+00:00,BTC,110893.25,112340.25,110710.5,111305.75,0.0
2025-09-09 16:00:00+00:00,DOGE,0.24,0.24,0.24,0.24,0.0
2025-09-09 16:00:00+00:00,ETH,4285.45,4341.7,4278.3,4295.35,0.0
2025-09-09 16:00:00+00:00,SOL,213.07,217.0,212.99,216.34,0.0
2025-09-09 16:00:00+00:00,XRP,2.95,3.01,2.945,2.96,0.0
2025-09-09 20:01:00+00:00,BTC,111304.75,112353.25,111100.25,111560.5,0.0
2025-09-09 20:01:00+00:00,DOGE,0.24,0.24,0.24,0.24,0.0
2025-09-09 20:01:00+00:00,ETH,4292.7,4346.55,4281.0,4310.65,0.0
2025-09-09 20:01:00+00:00,SOL,216.22,217.81,215.02,217.25,0.0
2025-09-09 20:01:00+00:00,XRP,2.96,2.97,2.94,2.95,0.0
2025-09-10 00:00:00+00:00,BTC,111560.5,112618.5,110922.0,112560.75,0.0
2025-09-10 00:00:00+00:00,DOGE,0.24,0.24,0.24,0.24,0.0
2025-09-10 00:00:00+00:00,ETH,4310.65,4348.15,4285.2,4329.95,0.0
2025-09-10 00:00:00+00:00,SOL,217.25,222.9,215.09,222.24,0.0
2025-09-10 00:00:00+00:00,XRP,2.95,2.98,2.935,2.98,0.0
2025-09-10 08:00:00+00:00,BTC,112560.75,114612.0,111593.5,113880.75,0.0
2025-09-10 08:00:00+00:00,DOGE,0.24,0.25,0.24,0.24,0.0
2025-09-10 08:00:00+00:00,ETH,4329.95,4454.15,4309.3,4405.95,0.0
2025-09-10 08:00:00+00:00,SOL,222.24,225.94,218.91,223.2,0.0
2025-09-10 08:00:00+00:00,XRP,2.98,3.04,2.96,3.0,0.0
2025-09-10 16:00:00+00:00,BTC,113880.75,114145.25,112642.5,113598.25,0.0
2025-09-10 16:00:00+00:00,DOGE,0.24,0.25,0.24,0.24,0.0
2025-09-10 16:00:00+00:00,ETH,4405.95,4416.85,4282.3,4323.6,0.0
2025-09-10 16:00:00+00:00,SOL,223.2,224.49,220.59,221.28,0.0
2025-09-10 16:00:00+00:00,XRP,3.0,3.015,2.97,2.98,0.0
2025-09-10 20:01:00+00:00,BTC,113587.0,114235.0,112797.0,113973.0,0.0
2025-09-10 20:01:00+00:00,DOGE,0.24,0.25,0.24,0.25,0.0
2025-09-10 20:01:00+00:00,ETH,4324.45,4356.65,4289.85,4350.4,0.0
2025-09-10 20:01:00+00:00,SOL,221.31,224.71,220.99,224.13,0.0
2025-09-10 20:01:00+00:00,XRP,2.98,2.99,2.97,2.98,0.0
2025-09-11 00:00:00+00:00,BTC,113973.0,114494.5,112852.5,114109.75,0.0
2025-09-11 00:00:00+00:00,DOGE,0.25,0.25,0.24,0.25,0.0
2025-09-11 00:00:00+00:00,ETH,4350.4,4451.3,4320.2,4441.25,0.0
2025-09-11 00:00:00+00:00,SOL,224.13,225.68,221.77,223.3,0.0
2025-09-11 00:00:00+00:00,XRP,2.98,3.015,2.975,3.005,0.0
2025-09-11 08:00:00+00:00,BTC,114109.75,114842.25,112824.75,114213.5,0.0
2025-09-11 08:00:00+00:00,DOGE,0.25,0.255,0.235,0.25,0.0
2025-09-11 08:00:00+00:00,ETH,4441.25,4494.35,4341.15,4413.9,0.0
2025-09-11 08:00:00+00:00,SOL,223.3,228.99,222.36,226.87,0.0
2025-09-11 08:00:00+00:00,XRP,3.005,3.05,2.95,2.995,0.0
2025-09-11 16:00:00+00:00,BTC,114213.5,114655.75,113091.5,114465.25,0.0
2025-09-11 16:00:00+00:00,DOGE,0.25,0.25,0.25,0.25,0.0
2025-09-11 16:00:00+00:00,ETH,4413.9,4450.65,4361.1,4425.2,0.0
2025-09-11 16:00:00+00:00,SOL,226.87,228.39,225.36,226.67,0.0
2025-09-11 16:00:00+00:00,XRP,2.995,3.035,2.99,3.025,0.0
2025-09-11 20:01:00+00:00,BTC,114444.5,116053.25,114286.5,115528.75,0.0
2025-09-11 20:01:00+00:00,DOGE,0.25,0.26,0.25,0.26,0.0
2025-09-11 20:01:00+00:00,ETH,4422.85,4513.4,4372.55,4460.4,0.0
2025-09-11 20:01:00+00:00,SOL,226.49,229.05,225.54,228.84,0.0
2025-09-11 20:01:00+00:00,XRP,3.03,3.05,3.01,3.04,0.0
2025-09-12 00:00:00+00:00,BTC,115528.75,116469.75,115026.0,115129.75,0.0
2025-09-12 00:00:00+00:00,DOGE,0.26,0.265,0.255,0.26,0.0
2025-09-12 00:00:00+00:00,ETH,4460.4,4564.75,4408.6,4527.5,0.0
2025-09-12 00:00:00+00:00,SOL,228.84,239.86,228.2,237.41,0.0
2025-09-12 00:00:00+00:00,XRP,3.04,3.075,3.03,3.07,0.0
2025-09-12 08:00:00+00:00,BTC,115129.75,116018.25,114776.5,115164.75,0.0
2025-09-12 08:00:00+00:00,DOGE,0.26,0.27,0.26,0.27,0.0
2025-09-12 08:00:00+00:00,ETH,4527.5,4572.75,4481.2,4543.75,0.0
2025-09-12 08:00:00+00:00,SOL,237.41,243.37,236.76,239.42,0.0
2025-09-12 08:00:00+00:00,XRP,3.07,3.07,3.02,3.03,0.0
2025-09-12 16:00:00+00:00,BTC,115164.75,116825.0,115064.25,116797.75,0.0
2025-09-12 16:00:00+00:00,DOGE,0.27,0.27,0.265,0.27,0.0
2025-09-12 16:00:00+00:00,ETH,4543.75,4666.35,4499.6,4663.55,0.0
2025-09-12 16:00:00+00:00,SOL,239.42,241.67,238.01,241.31,0.0
2025-09-12 16:00:00+00:00,XRP,3.03,3.1,3.02,3.095,0.0
2025-09-14 07:00:00+00:00,BTC,115808.75,115916.75,115797.25,115878.75,0.0
2025-09-14 07:00:00+00:00,DOGE,0.29,0.29,0.29,0.29,0.0
2025-09-14 07:00:00+00:00,ETH,4669.2,4671.4,4644.7,4653.7,0.0
2025-09-14 07:00:00+00:00,SOL,247.19,247.37,245.91,246.55,0.0
2025-09-14 07:00:00+00:00,XRP,3.09,3.095,3.08,3.085,0.0
2025-09-14 08:00:00+00:00,BTC,115878.75,116259.25,115226.5,115294.25,0.0
2025-09-14 08:00:00+00:00,DOGE,0.29,0.29,0.27,0.27,0.0
2025-09-14 08:00:00+00:00,ETH,4653.7,4714.2,4580.6,4584.6,0.0
2025-09-14 08:00:00+00:00,SOL,246.55,248.25,241.65,243.93,0.0
2025-09-14 08:00:00+00:00,XRP,3.085,3.125,3.01,3.03,0.0
2025-09-14 16:00:00+00:00,BTC,115294.25,116152.25,115189.75,115319.0,0.0
2025-09-14 16:00:00+00:00,DOGE,0.27,0.28,0.27,0.28,0.0
2025-09-14 16:00:00+00:00,ETH,4584.6,4673.75,4562.9,4606.3,0.0
2025-09-14 16:00:00+00:00,SOL,243.93,248.58,239.34,239.85,0.0
2025-09-14 16:00:00+00:00,XRP,3.03,3.13,3.025,3.03,0.0
2025-09-15 00:00:00+00:00,BTC,115319.0,116814.0,114873.5,115862.25,0.0
2025-09-15 00:00:00+00:00,DOGE,0.28,0.28,0.27,0.27,0.0
2025-09-15 00:00:00+00:00,ETH,4606.3,4691.55,4582.2,4599.3,0.0
2025-09-15 00:00:00+00:00,SOL,239.85,246.58,236.3,238.03,0.0
2025-09-15 00:00:00+00:00,XRP,3.03,3.105,3.01,3.025,0.0
2025-09-15 08:00:00+00:00,BTC,115862.25,116179.5,114406.0,114875.5,0.0
2025-09-15 08:00:00+00:00,DOGE,0.27,0.27,0.26,0.26,0.0
2025-09-15 08:00:00+00:00,ETH,4599.3,4664.7,4462.55,4501.2,0.0
2025-09-15 08:00:00+00:00,SOL,238.03,243.04,230.75,233.03,0.0
2025-09-15 08:00:00+00:00,XRP,3.025,3.105,2.96,3.03,0.0
2025-09-15 16:00:00+00:00,BTC,114875.5,116234.0,114483.5,115328.25,0.0
2025-09-15 16:00:00+00:00,DOGE,0.26,0.27,0.26,0.26,0.0
2025-09-15 16:00:00+00:00,ETH,4501.2,4656.3,4474.3,4494.1,0.0
2025-09-15 16:00:00+00:00,SOL,233.03,241.58,230.18,233.01,0.0
2025-09-15 16:00:00+00:00,XRP,3.03,3.105,2.99,2.99,0.0
2025-09-15 20:01:00+00:00,BTC,115319.25,116213.0,115116.75,115384.25,0.0
2025-09-15 20:01:00+00:00,DOGE,0.26,0.27,0.26,0.27,0.0
2025-09-15 20:01:00+00:00,ETH,4491.55,4663.15,4489.0,4524.95,0.0
2025-09-15 20:01:00+00:00,SOL,232.81,241.2,232.8,234.36,0.0
2025-09-15 20:01:00+00:00,XRP,2.99,3.095,2.98,3.0,0.0
2025-09-16 00:00:00+00:00,BTC,115384.25,116411.5,114960.75,115865.75,0.0
2025-09-16 00:00:00+00:00,DOGE,0.27,0.27,0.26,0.27,0.0
2025-09-16 00:00:00+00:00,ETH,4524.95,4668.7,4489.2,4513.5,0.0
2025-09-16 00:00:00+00:00,SOL,234.36,241.62,232.9,235.81,0.0
2025-09-16 00:00:00+00:00,XRP,3.0,3.09,2.97,3.01,0.0
2025-09-16 08:00:00+00:00,BTC,115865.75,116428.75,114552.25,115935.0,0.0
2025-09-16 08:00:00+00:00,DOGE,0.27,0.27,0.26,0.27,0.0
2025-09-16 08:00:00+00:00,ETH,4513.5,4665.55,4427.0,4469.7,0.0
2025-09-16 08:00:00+00:00,SOL,235.81,241.37,231.32,237.83,0.0
2025-09-16 08:00:00+00:00,XRP,3.01,3.115,3.0,3.04,0.0
2025-09-16 16:00:00+00:00,BTC,115935.0,117391.25,115313.0,116803.25,0.0
2025-09-16 16:00:00+00:00,DOGE,0.27,0.27,0.26,0.27,0.0
2025-09-16 16:00:00+00:00,ETH,4469.7,4642.2,4448.3,4492.05,0.0
2025-09-16 16:00:00+00:00,SOL,237.83,243.5,236.3,237.88,0.0
2025-09-16 16:00:00+00:00,XRP,3.04,3.12,3.03,3.05,0.0
2025-09-16 20:01:00+00:00,BTC,116810.25,117466.75,116047.25,116840.25,0.0
2025-09-16 20:01:00+00:00,DOGE,0.27,0.27,0.26,0.27,0.0
2025-09-16 20:01:00+00:00,ETH,4490.2,4593.05,4468.95,4503.15,0.0
2025-09-16 20:01:00+00:00,SOL,237.73,238.98,236.21,237.03,0.0
2025-09-16 20:01:00+00:00,XRP,3.05,3.06,3.035,3.04,0.0
2025-09-17 00:00:00+00:00,BTC,116840.25,117336.25,115887.5,117208.75,0.0
2025-09-17 00:00:00+00:00,DOGE,0.27,0.27,0.26,0.27,0.0
2025-09-17 00:00:00+00:00,ETH,4503.15,4612.0,4460.5,4546.35,0.0
2025-09-17 00:00:00+00:00,SOL,237.03,238.17,233.33,237.8,0.0
2025-09-17 00:00:00+00:00,XRP,3.04,3.08,3.01,3.035,0.0
2025-09-17 08:00:00+00:00,BTC,117208.75,117281.0,115285.5,115915.5,0.0
2025-09-17 08:00:00+00:00,DOGE,0.27,0.27,0.26,0.27,0.0
2025-09-17 08:00:00+00:00,ETH,4546.35,4592.0,4468.85,4491.05,0.0
2025-09-17 08:00:00+00:00,SOL,237.8,237.82,233.62,233.97,0.0
2025-09-17 08:00:00+00:00,XRP,3.035,3.04,3.005,3.025,0.0
2025-09-17 16:00:00+00:00,BTC,115915.5,116967.25,114760.75,115703.75,0.0
2025-09-17 16:00:00+00:00,DOGE,0.27,0.27,0.255,0.27,0.0
2025-09-17 16:00:00+00:00,ETH,4491.05,4593.45,4417.25,4520.15,0.0
2025-09-17 16:00:00+00:00,SOL,233.97,239.19,231.2,238.87,0.0
2025-09-17 16:00:00+00:00,XRP,3.025,3.07,2.98,3.035,0.0
2025-09-17 20:01:00+00:00,BTC,115744.5,117453.5,115256.75,116486.75,0.0
2025-09-17 20:01:00+00:00,DOGE,0.27,0.28,0.27,0.28,0.0
2025-09-17 20:01:00+00:00,ETH,4524.4,4643.3,4456.9,4592.2,0.0
2025-09-17 20:01:00+00:00,SOL,239.12,248.13,236.1,244.91,0.0
2025-09-17 20:01:00+00:00,XRP,3.04,3.11,3.01,3.085,0.0
2025-09-18 00:00:00+00:00,BTC,116486.75,117943.5,116034.0,117112.75,0.0
2025-09-18 00:00:00+00:00,DOGE,0.28,0.29,0.28,0.28,0.0
2025-09-18 00:00:00+00:00,ETH,4592.2,4648.25,4490.15,4576.55,0.0
2025-09-18 00:00:00+00:00,SOL,244.91,247.92,242.67,244.81,0.0
2025-09-18 00:00:00+00:00,XRP,3.085,3.11,3.06,3.09,0.0
2025-09-18 08:00:00+00:00,BTC,117112.75,117888.0,116571.5,117633.75,0.0
2025-09-18 08:00:00+00:00,DOGE,0.28,0.29,0.28,0.29,0.0
2025-09-18 08:00:00+00:00,ETH,4576.55,4648.45,4489.2,4601.85,0.0
2025-09-18 08:00:00+00:00,SOL,244.81,249.1,244.42,248.35,0.0
2025-09-18 08:00:00+00:00,XRP,3.09,3.145,3.09,3.12,0.0
2025-09-18 16:00:00+00:00,BTC,117633.75,117978.75,117074.75,117535.75,0.0
2025-09-18 16:00:00+00:00,DOGE,0.29,0.29,0.28,0.28,0.0
2025-09-18 16:00:00+00:00,ETH,4601.85,4660.65,4531.4,4591.55,0.0
2025-09-18 16:00:00+00:00,SOL,248.35,253.6,244.23,248.67,0.0
2025-09-18 16:00:00+00:00,XRP,3.12,3.135,3.09,3.115,0.0
2025-09-18 20:01:00+00:00,BTC,117477.25,117851.25,116689.0,117126.0,0.0
2025-09-18 20:01:00+00:00,DOGE,0.28,0.285,0.28,0.28,0.0
2025-09-18 20:01:00+00:00,ETH,4595.1,4645.9,4563.05,4589.9,0.0
2025-09-18 20:01:00+00:00,SOL,248.2,250.04,245.79,247.58,0.0
2025-09-18 20:01:00+00:00,XRP,3.105,3.13,3.06,3.075,0.0
2025-09-19 00:00:00+00:00,BTC,117126.0,117683.75,116132.0,116955.25,0.0
2025-09-19 00:00:00+00:00,DOGE,0.28,0.28,0.27,0.28,0.0
2025-09-19 00:00:00+00:00,ETH,4589.9,4647.15,4505.25,4541.25,0.0
2025-09-19 00:00:00+00:00,SOL,247.58,248.66,242.96,243.92,0.0
2025-09-19 00:00:00+00:00,XRP,3.075,3.095,3.025,3.04,0.0
2025-09-19 08:00:00+00:00,BTC,116955.25,117501.75,115262.5,115932.75,0.0
2025-09-19 08:00:00+00:00,DOGE,0.28,0.28,0.26,0.27,0.0
2025-09-19 08:00:00+00:00,ETH,4541.25,4559.3,4438.5,4476.65,0.0
2025-09-19 08:00:00+00:00,SOL,243.92,246.8,235.36,237.63,0.0
2025-09-19 08:00:00+00:00,XRP,3.04,3.05,2.99,3.01,0.0
2025-09-19 16:00:00+00:00,BTC,115932.75,117078.25,115049.75,115162.25,0.0
2025-09-19 16:00:00+00:00,DOGE,0.27,0.27,0.26,0.265,0.0
2025-09-19 16:00:00+00:00,ETH,4476.65,4526.5,4436.65,4443.2,0.0
2025-09-19 16:00:00+00:00,SOL,237.63,244.95,235.23,236.07,0.0
2025-09-19 16:00:00+00:00,XRP,3.01,3.02,2.985,2.99,0.0
2025-09-21 07:00:00+00:00,BTC,115762.5,116891.0,115688.5,115894.75,0.0
2025-09-21 07:00:00+00:00,DOGE,0.27,0.27,0.27,0.27,0.0
2025-09-21 07:00:00+00:00,ETH,4487.7,4489.15,4478.7,4480.95,0.0
2025-09-21 07:00:00+00:00,SOL,240.47,240.52,239.62,240.03,0.0
2025-09-21 07:00:00+00:00,XRP,3.0,3.01,3.0,3.0,0.0
2025-09-21 08:00:00+00:00,BTC,115894.75,116917.25,115412.25,115593.75,0.0
2025-09-21 08:00:00+00:00,DOGE,0.27,0.27,0.26,0.27,0.0
2025-09-21 08:00:00+00:00,ETH,4480.95,4519.3,4447.2,4485.55,0.0
2025-09-21 08:00:00+00:00,SOL,240.03,245.83,237.23,238.04,0.0
2025-09-21 08:00:00+00:00,XRP,3.0,3.0,2.965,2.98,0.0
2025-09-21 16:00:00+00:00,BTC,115593.75,116841.5,115254.5,115293.0,0.0
2025-09-21 16:00:00+00:00,DOGE,0.27,0.27,0.26,0.26,0.0
2025-09-21 16:00:00+00:00,ETH,4485.55,4525.8,4431.85,4447.8,0.0
2025-09-21 16:00:00+00:00,SOL,238.04,238.54,235.43,236.25,0.0
2025-09-21 16:00:00+00:00,XRP,2.98,2.995,2.955,2.97,0.0
2025-09-22 00:00:00+00:00,BTC,115293.0,115988.0,111858.0,112591.0,0.0
2025-09-22 00:00:00+00:00,DOGE,0.26,0.27,0.23,0.24,0.0
2025-09-22 00:00:00+00:00,ETH,4447.8,4458.85,4058.4,4196.25,0.0
2025-09-22 00:00:00+00:00,SOL,236.25,237.2,214.52,222.06,0.0
2025-09-22 00:00:00+00:00,XRP,2.97,2.98,2.7,2.81,0.0
2025-09-22 08:00:00+00:00,BTC,112591.0,115020.5,112256.0,112904.5,0.0
2025-09-22 08:00:00+00:00,DOGE,0.24,0.26,0.23,0.24,0.0
2025-09-22 08:00:00+00:00,ETH,4196.25,4260.9,4120.8,4171.3,0.0
2025-09-22 08:00:00+00:00,SOL,222.06,238.37,218.74,220.87,0.0
2025-09-22 08:00:00+00:00,XRP,2.81,2.945,2.79,2.86,0.0
2025-09-22 16:00:00+00:00,BTC,112904.5,113511.25,112010.0,112193.5,0.0
2025-09-22 16:00:00+00:00,DOGE,0.24,0.24,0.24,0.24,0.0
2025-09-22 16:00:00+00:00,ETH,4171.3,4243.0,4118.0,4137.65,0.0
2025-09-22 16:00:00+00:00,SOL,220.87,235.19,216.78,217.24,0.0
2025-09-22 16:00:00+00:00,XRP,2.86,2.945,2.82,2.835,0.0
2025-09-22 20:01:00+00:00,BTC,112180.75,113563.75,112044.25,112741.25,0.0
2025-09-22 20:01:00+00:00,DOGE,0.24,0.24,0.24,0.24,0.0
2025-09-22 20:01:00+00:00,ETH,4142.75,4262.05,4127.85,4202.45,0.0
2025-09-22 20:01:00+00:00,SOL,217.05,233.36,216.4,220.56,0.0
2025-09-22 20:01:00+00:00,XRP,2.83,2.905,2.82,2.85,0.0
2025-09-23 00:00:00+00:00,BTC,112741.25,114800.25,111562.75,113162.25,0.0
2025-09-23 00:00:00+00:00,DOGE,0.24,0.26,0.23,0.24,0.0
2025-09-23 00:00:00+00:00,ETH,4202.45,4269.2,4113.65,4208.35,0.0
2025-09-23 00:00:00+00:00,SOL,220.56,225.52,211.19,219.13,0.0
2025-09-23 00:00:00+00:00,XRP,2.85,2.93,2.8,2.87,0.0
2025-09-23 08:00:00+00:00,BTC,113162.25,114870.5,112062.75,112939.0,0.0
2025-09-23 08:00:00+00:00,DOGE,0.24,0.25,0.235,0.24,0.0
2025-09-23 08:00:00+00:00,ETH,4208.35,4269.55,4161.3,4183.3,0.0
2025-09-23 08:00:00+00:00,SOL,219.13,221.0,217.14,219.4,0.0
2025-09-23 08:00:00+00:00,XRP,2.87,2.93,2.85,2.88,0.0
2025-09-23 16:00:00+00:00,BTC,112939.0,114728.5,111563.75,111684.0,0.0
2025-09-23 16:00:00+00:00,DOGE,0.24,0.25,0.24,0.24,0.0
2025-09-23 16:00:00+00:00,ETH,4183.3,4249.15,4124.15,4154.55,0.0
2025-09-23 16:00:00+00:00,SOL,219.4,221.79,214.44,214.58,0.0
2025-09-23 16:00:00+00:00,XRP,2.88,2.935,2.84,2.855,0.0
2025-09-23 20:01:00+00:00,BTC,111706.75,114418.5,111507.5,112030.25,0.0
2025-09-23 20:01:00+00:00,DOGE,0.24,0.24,0.24,0.24,0.0
2025-09-23 20:01:00+00:00,ETH,4156.75,4246.9,4141.1,4165.7,0.0
2025-09-23 20:01:00+00:00,SOL,214.69,216.7,213.32,213.41,0.0
2025-09-23 20:01:00+00:00,XRP,2.85,2.86,2.82,2.825,0.0
2025-09-24 00:00:00+00:00,BTC,112030.25,114686.0,111098.75,112624.25,0.0
2025-09-24 00:00:00+00:00,DOGE,0.24,0.25,0.23,0.24,0.0
2025-09-24 00:00:00+00:00,ETH,4165.7,4197.7,4075.55,4176.9,0.0
2025-09-24 00:00:00+00:00,SOL,213.41,218.86,204.9,210.7,0.0
2025-09-24 00:00:00+00:00,XRP,2.825,2.88,2.79,2.875,0.0
2025-09-24 08:00:00+00:00,BTC,112624.25,114005.5,111787.25,113398.0,0.0
2025-09-24 08:00:00+00:00,DOGE,0.24,0.25,0.235,0.25,0.0
2025-09-24 08:00:00+00:00,ETH,4176.9,4256.7,4123.3,4168.3,0.0
2025-09-24 08:00:00+00:00,SOL,210.7,219.0,209.85,213.7,0.0
2025-09-24 08:00:00+00:00,XRP,2.875,2.955,2.855,2.94,0.0
2025-09-24 16:00:00+00:00,BTC,113398.0,115281.5,112588.5,113473.5,0.0
2025-09-24 16:00:00+00:00,DOGE,0.25,0.25,0.24,0.24,0.0
2025-09-24 16:00:00+00:00,ETH,4168.3,4196.55,4122.2,4163.15,0.0
2025-09-24 16:00:00+00:00,SOL,213.7,215.57,212.5,213.29,0.0
2025-09-24 16:00:00+00:00,XRP,2.94,3.005,2.93,2.98,0.0
2025-09-24 20:01:00+00:00,BTC,113550.5,115297.75,112466.0,113349.75,0.0
2025-09-24 20:01:00+00:00,DOGE,0.24,0.24,0.24,0.24,0.0
2025-09-24 20:01:00+00:00,ETH,4165.0,4187.7,4132.6,4154.6,0.0
2025-09-24 20:01:00+00:00,SOL,213.28,213.32,210.8,211.69,0.0
2025-09-24 20:01:00+00:00,XRP,2.98,2.995,2.925,2.93,0.0
2025-09-25 00:00:00+00:00,BTC,113349.75,115220.0,111474.5,111790.25,0.0
2025-09-25 00:00:00+00:00,DOGE,0.24,0.255,0.23,0.23,0.0
2025-09-25 00:00:00+00:00,ETH,4154.6,4174.0,3966.6,4010.15,0.0
2025-09-25 00:00:00+00:00,SOL,211.69,217.49,202.66,204.23,0.0
2025-09-25 00:00:00+00:00,XRP,2.93,2.945,2.82,2.84,0.0
2025-09-25 08:00:00+00:00,BTC,111790.25,113126.75,110473.25,111670.75,0.0
2025-09-25 08:00:00+00:00,DOGE,0.23,0.245,0.225,0.23,0.0
2025-09-25 08:00:00+00:00,ETH,4010.15,4119.65,3930.25,4005.9,0.0
2025-09-25 08:00:00+00:00,SOL,204.23,213.64,197.26,201.24,0.0
2025-09-25 08:00:00+00:00,XRP,2.84,2.86,2.79,2.83,0.0
2025-09-25 16:00:00+00:00,BTC,111670.75,112877.75,108650.0,109392.0,0.0
2025-09-25 16:00:00+00:00,DOGE,0.23,0.24,0.22,0.23,0.0
2025-09-25 16:00:00+00:00,ETH,4005.9,4011.1,3825.55,3912.75,0.0
2025-09-25 16:00:00+00:00,SOL,201.24,202.18,193.68,198.15,0.0
2025-09-25 16:00:00+00:00,XRP,2.83,2.89,2.725,2.76,0.0
2025-09-25 20:01:00+00:00,BTC,109428.0,111861.0,108804.25,109033.0,0.0
2025-09-25 20:01:00+00:00,DOGE,0.23,0.23,0.22,0.22,0.0
2025-09-25 20:01:00+00:00,ETH,3916.6,4019.2,3884.8,3896.95,0.0
2025-09-25 20:01:00+00:00,SOL,198.02,202.03,191.48,192.81,0.0
2025-09-25 20:01:00+00:00,XRP,2.76,2.77,2.73,2.745,0.0
2025-09-26 00:00:00+00:00,BTC,109033.0,111945.75,108857.25,109404.0,0.0
2025-09-26 00:00:00+00:00,DOGE,0.22,0.23,0.22,0.23,0.0
2025-09-26 00:00:00+00:00,ETH,3896.95,4037.85,3893.65,3941.4,0.0
2025-09-26 00:00:00+00:00,SOL,192.81,197.65,192.62,196.47,0.0
2025-09-26 00:00:00+00:00,XRP,2.745,2.78,2.74,2.76,0.0
2025-09-26 08:00:00+00:00,BTC,109404.0,111917.5,108679.0,109079.5,0.0
2025-09-26 08:00:00+00:00,DOGE,0.23,0.245,0.22,0.23,0.0
2025-09-26 08:00:00+00:00,ETH,3941.4,3988.3,3896.65,3948.05,0.0
2025-09-26 08:00:00+00:00,SOL,196.47,203.06,190.9,196.13,0.0
2025-09-26 08:00:00+00:00,XRP,2.76,2.87,2.7,2.74,0.0
2025-09-26 16:00:00+00:00,BTC,109079.5,112151.0,109078.0,109233.25,0.0
2025-09-26 16:00:00+00:00,DOGE,0.23,0.23,0.23,0.23,0.0
2025-09-26 16:00:00+00:00,ETH,3948.05,4083.35,3944.9,4027.15,0.0
2025-09-26 16:00:00+00:00,SOL,196.13,212.19,195.89,200.83,0.0
2025-09-26 16:00:00+00:00,XRP,2.74,2.81,2.73,2.795,0.0
2025-09-28 07:00:00+00:00,BTC,109460.5,110507.25,109400.0,109562.75,0.0
2025-09-28 07:00:00+00:00,DOGE,0.23,0.23,0.23,0.23,0.0
2025-09-28 07:00:00+00:00,ETH,4008.0,4064.95,3994.7,4015.8,0.0
2025-09-28 07:00:00+00:00,SOL,201.82,202.4,200.24,202.19,0.0
2025-09-28 07:00:00+00:00,XRP,2.79,2.795,2.785,2.79,0.0
2025-09-28 08:00:00+00:00,BTC,109562.75,110965.0,109250.0,110077.25,0.0
2025-09-28 08:00:00+00:00,DOGE,0.23,0.23,0.23,0.23,0.0
2025-09-28 08:00:00+00:00,ETH,4015.8,4069.15,3960.85,4022.85,0.0
2025-09-28 08:00:00+00:00,SOL,202.19,203.63,198.06,203.51,0.0
2025-09-28 08:00:00+00:00,XRP,2.79,2.815,2.77,2.81,0.0
2025-09-28 16:00:00+00:00,BTC,110077.25,112628.25,110030.5,112220.5,0.0
2025-09-28 16:00:00+00:00,DOGE,0.23,0.24,0.23,0.24,0.0
2025-09-28 16:00:00+00:00,ETH,4022.85,4179.0,4019.4,4143.95,0.0
2025-09-28 16:00:00+00:00,SOL,203.51,211.04,203.31,210.89,0.0
2025-09-28 16:00:00+00:00,XRP,2.81,2.885,2.805,2.87,0.0
2025-09-29 00:00:00+00:00,BTC,112220.5,112644.5,111106.25,111907.5,0.0
2025-09-29 00:00:00+00:00,DOGE,0.24,0.24,0.23,0.23,0.0
2025-09-29 00:00:00+00:00,ETH,4143.95,4171.5,4058.0,4109.95,0.0
2025-09-29 00:00:00+00:00,SOL,210.89,212.37,205.8,209.01,0.0
2025-09-29 00:00:00+00:00,XRP,2.87,2.905,2.85,2.89,0.0
2025-09-29 08:00:00+00:00,BTC,111907.5,114536.75,111452.25,113887.5,0.0
2025-09-29 08:00:00+00:00,DOGE,0.23,0.24,0.23,0.23,0.0
2025-09-29 08:00:00+00:00,ETH,4109.95,4208.35,4080.3,4167.45,0.0
2025-09-29 08:00:00+00:00,SOL,209.01,213.64,204.71,210.2,0.0
2025-09-29 08:00:00+00:00,XRP,2.89,2.93,2.83,2.895,0.0
2025-09-29 16:00:00+00:00,BTC,113887.5,114555.25,112224.0,114361.5,0.0
2025-09-29 16:00:00+00:00,DOGE,0.23,0.24,0.23,0.23,0.0
2025-09-29 16:00:00+00:00,ETH,4167.45,4196.5,4071.1,4190.95,0.0
2025-09-29 16:00:00+00:00,SOL,210.2,213.66,207.77,213.06,0.0
2025-09-29 16:00:00+00:00,XRP,2.895,2.905,2.87,2.9,0.0
2025-09-29 20:01:00+00:00,BTC,114315.0,114778.75,114050.5,114371.5,0.0
2025-09-29 20:01:00+00:00,DOGE,0.235,0.24,0.23,0.235,0.0
2025-09-29 20:01:00+00:00,ETH,4194.0,4271.8,4184.75,4217.2,0.0
2025-09-29 20:01:00+00:00,SOL,213.19,214.88,212.57,212.87,0.0
2025-09-29 20:01:00+00:00,XRP,2.9,2.92,2.88,2.88,0.0
2025-09-30 00:00:00+00:00,BTC,114371.5,114852.75,113640.5,113768.0,0.0
2025-09-30 00:00:00+00:00,DOGE,0.235,0.24,0.23,0.23,0.0
2025-09-30 00:00:00+00:00,ETH,4217.2,4271.15,4171.95,4184.75,0.0
2025-09-30 00:00:00+00:00,SOL,212.87,217.29,208.64,209.12,0.0
2025-09-30 00:00:00+00:00,XRP,2.88,2.91,2.87,2.875,0.0
2025-09-30 08:00:00+00:00,BTC,113768.0,114294.25,112503.5,113139.0,0.0
2025-09-30 08:00:00+00:00,DOGE,0.23,0.245,0.23,0.23,0.0
2025-09-30 08:00:00+00:00,ETH,4184.75,4243.35,4093.05,4121.1,0.0
2025-09-30 08:00:00+00:00,SOL,209.12,209.68,204.73,206.07,0.0
2025-09-30 08:00:00+00:00,XRP,2.875,2.88,2.815,2.83,0.0
2025-09-30 16:00:00+00:00,BTC,113139.0,114598.25,112800.75,114385.75,0.0
2025-09-30 16:00:00+00:00,DOGE,0.23,0.23,0.23,0.23,0.0
2025-09-30 16:00:00+00:00,ETH,4121.1,4325.6,4048.5,4151.55,0.0
2025-09-30 16:00:00+00:00,SOL,206.07,212.34,202.92,208.97,0.0
2025-09-30 16:00:00+00:00,XRP,2.83,2.87,2.82,2.865,0.0
2025-09-30 20:01:00+00:00,BTC,114523.0,114892.5,113778.25,114068.5,0.0
2025-09-30 20:01:00+00:00,DOGE,0.23,0.23,0.23,0.23,0.0
2025-09-30 20:01:00+00:00,ETH,4167.25,4329.5,4118.75,4146.0,0.0
2025-09-30 20:01:00+00:00,SOL,209.15,210.99,207.46,208.72,0.0
2025-09-30 20:01:00+00:00,XRP,2.865,2.88,2.835,2.85,0.0
2025-10-01 00:00:00+00:00,BTC,114068.5,114770.0,113977.25,114561.0,0.0
2025-10-01 00:00:00+00:00,DOGE,0.23,0.245,0.23,0.23,0.0
2025-10-01 00:00:00+00:00,ETH,4146.0,4316.45,4122.0,4147.25,0.0
2025-10-01 00:00:00+00:00,SOL,208.72,210.97,206.38,210.21,0.0
2025-10-01 00:00:00+00:00,XRP,2.85,2.86,2.815,2.855,0.0
2025-10-01 08:00:00+00:00,BTC,114561.0,117718.75,114505.5,117506.0,0.0
2025-10-01 08:00:00+00:00,DOGE,0.23,0.25,0.23,0.25,0.0
2025-10-01 08:00:00+00:00,ETH,4147.25,4393.45,4144.05,4330.5,0.0
2025-10-01 08:00:00+00:00,SOL,210.21,220.85,209.92,220.38,0.0
2025-10-01 08:00:00+00:00,XRP,2.855,2.96,2.85,2.94,0.0
2025-10-01 16:00:00+00:00,BTC,117506.0,118270.75,116748.75,117492.25,0.0
2025-10-01 16:00:00+00:00,DOGE,0.25,0.25,0.24,0.25,0.0
2025-10-01 16:00:00+00:00,ETH,4330.5,4404.15,4290.8,4336.45,0.0
2025-10-01 16:00:00+00:00,SOL,220.38,221.15,217.49,220.18,0.0
2025-10-01 16:00:00+00:00,XRP,2.94,2.96,2.92,2.955,0.0
2025-10-01 20:01:00+00:00,BTC,117404.75,118847.0,117211.5,118668.25,0.0
2025-10-01 20:01:00+00:00,DOGE,0.25,0.25,0.245,0.25,0.0
2025-10-01 20:01:00+00:00,ETH,4334.85,4414.65,4290.65,4350.4,0.0
2025-10-01 20:01:00+00:00,SOL,220.16,222.88,218.5,222.16,0.0
2025-10-01 20:01:00+00:00,XRP,2.955,2.96,2.93,2.95,0.0
2025-10-02 00:00:00+00:00,BTC,118668.25,119512.0,118324.25,118547.25,0.0
2025-10-02 00:00:00+00:00,DOGE,0.25,0.26,0.24,0.26,0.0
2025-10-02 00:00:00+00:00,ETH,4350.4,4460.55,4309.4,4378.45,0.0
2025-10-02 00:00:00+00:00,SOL,222.16,226.75,217.6,223.07,0.0
2025-10-02 00:00:00+00:00,XRP,2.95,2.99,2.925,2.97,0.0
2025-10-02 08:00:00+00:00,BTC,118547.25,119999.75,118138.25,119998.25,0.0
2025-10-02 08:00:00+00:00,DOGE,0.26,0.26,0.245,0.26,0.0
2025-10-02 08:00:00+00:00,ETH,4378.45,4445.9,4339.4,4440.2,0.0
2025-10-02 08:00:00+00:00,SOL,223.07,227.57,222.23,227.31,0.0
2025-10-02 08:00:00+00:00,XRP,2.97,3.0,2.95,2.99,0.0
2025-10-02 16:00:00+00:00,BTC,119998.25,121106.75,117968.0,120913.0,0.0
2025-10-02 16:00:00+00:00,DOGE,0.26,0.26,0.25,0.26,0.0
2025-10-02 16:00:00+00:00,ETH,4440.2,4520.2,4429.5,4498.6,0.0
2025-10-02 16:00:00+00:00,SOL,227.31,234.0,226.42,232.48,0.0
2025-10-02 16:00:00+00:00,XRP,2.99,3.1,2.99,3.09,0.0
2025-10-02 20:01:00+00:00,BTC,120835.75,120999.25,118426.0,120616.0,0.0
2025-10-02 20:01:00+00:00,DOGE,0.26,0.26,0.26,0.26,0.0
2025-10-02 20:01:00+00:00,ETH,4493.25,4499.5,4442.85,4487.3,0.0
2025-10-02 20:01:00+00:00,SOL,232.12,235.06,230.72,234.88,0.0
2025-10-02 20:01:00+00:00,XRP,3.09,3.09,3.03,3.04,0.0
2025-10-03 00:00:00+00:00,BTC,120616.0,120642.5,118140.75,119712.5,0.0
2025-10-03 00:00:00+00:00,DOGE,0.26,0.26,0.25,0.26,0.0
2025-10-03 00:00:00+00:00,ETH,4487.3,4564.05,4447.15,4465.85,0.0
2025-10-03 00:00:00+00:00,SOL,234.88,235.02,227.94,229.56,0.0
2025-10-03 00:00:00+00:00,XRP,3.04,3.04,3.01,3.04,0.0
2025-10-03 08:00:00+00:00,BTC,119712.5,122460.75,119326.0,122363.25,0.0
2025-10-03 08:00:00+00:00,DOGE,0.26,0.265,0.25,0.26,0.0
2025-10-03 08:00:00+00:00,ETH,4465.85,4546.15,4430.75,4539.0,0.0
2025-10-03 08:00:00+00:00,SOL,229.56,235.2,227.34,235.01,0.0
2025-10-03 08:00:00+00:00,XRP,3.04,3.08,3.01,3.07,0.0
2025-10-03 16:00:00+00:00,BTC,122363.25,123984.0,121534.25,122753.25,0.0
2025-10-03 16:00:00+00:00,DOGE,0.26,0.27,0.26,0.26,0.0
2025-10-03 16:00:00+00:00,ETH,4539.0,4596.95,4436.5,4523.15,0.0
2025-10-03 16:00:00+00:00,SOL,235.01,237.19,223.36,233.32,0.0
2025-10-03 16:00:00+00:00,XRP,3.07,3.1,3.015,3.04,0.0
2025-10-05 07:00:00+00:00,BTC,125002.0,125164.25,122939.75,124736.5,0.0
2025-10-05 07:00:00+00:00,DOGE,0.26,0.26,0.26,0.26,0.0
2025-10-05 07:00:00+00:00,ETH,4560.85,4610.0,4351.9,4606.3,0.0
2025-10-05 07:00:00+00:00,SOL,235.25,237.0,234.97,236.65,0.0
2025-10-05 07:00:00+00:00,XRP,3.03,3.07,3.03,3.06,0.0
2025-10-05 08:00:00+00:00,BTC,124736.5,124858.5,121964.5,122841.75,0.0
2025-10-05 08:00:00+00:00,DOGE,0.26,0.265,0.25,0.26,0.0
2025-10-05 08:00:00+00:00,ETH,4606.3,4621.45,4384.3,4534.3,0.0
2025-10-05 08:00:00+00:00,SOL,236.65,237.27,228.53,230.22,0.0
2025-10-05 08:00:00+00:00,XRP,3.06,3.07,2.99,3.01,0.0
2025-10-05 16:00:00+00:00,BTC,122841.75,124092.0,121828.75,123518.25,0.0
2025-10-05 16:00:00+00:00,DOGE,0.26,0.26,0.25,0.25,0.0
2025-10-05 16:00:00+00:00,ETH,4534.3,4573.45,4474.8,4515.8,0.0
2025-10-05 16:00:00+00:00,SOL,230.22,231.58,226.69,228.59,0.0
2025-10-05 16:00:00+00:00,XRP,3.01,3.02,2.95,2.97,0.0
2025-10-06 00:00:00+00:00,BTC,123518.25,124410.25,123110.0,123435.0,0.0
2025-10-06 00:00:00+00:00,DOGE,0.25,0.265,0.25,0.26,0.0
2025-10-06 00:00:00+00:00,ETH,4515.8,4585.65,4448.65,4535.05,0.0
2025-10-06 00:00:00+00:00,SOL,228.59,235.37,226.64,231.44,0.0
2025-10-06 00:00:00+00:00,XRP,2.97,3.03,2.955,2.97,0.0
2025-10-06 08:00:00+00:00,BTC,123435.0,125463.25,123435.0,125041.75,0.0
2025-10-06 08:00:00+00:00,DOGE,0.26,0.27,0.26,0.27,0.0
2025-10-06 08:00:00+00:00,ETH,4535.05,4713.45,4518.15,4675.25,0.0
2025-10-06 08:00:00+00:00,SOL,231.44,236.87,231.44,235.76,0.0
2025-10-06 08:00:00+00:00,XRP,2.97,3.04,2.97,3.03,0.0
2025-10-06 16:00:00+00:00,BTC,125041.75,126279.0,124850.25,125483.0,0.0
2025-10-06 16:00:00+00:00,DOGE,0.27,0.27,0.26,0.27,0.0
2025-10-06 16:00:00+00:00,ETH,4675.25,4735.55,4436.05,4726.0,0.0
2025-10-06 16:00:00+00:00,SOL,235.76,237.93,234.1,235.5,0.0
2025-10-06 16:00:00+00:00,XRP,3.03,3.05,3.02,3.03,0.0
2025-10-06 20:01:00+00:00,BTC,125451.0,125613.25,124432.25,124707.0,0.0
2025-10-06 20:01:00+00:00,DOGE,0.27,0.27,0.27,0.27,0.0
2025-10-06 20:01:00+00:00,ETH,4720.4,4738.75,4452.0,4686.15,0.0
2025-10-06 20:01:00+00:00,SOL,235.5,236.32,231.79,232.47,0.0
2025-10-06 20:01:00+00:00,XRP,3.03,3.04,2.99,2.99,0.0
2025-10-07 00:00:00+00:00,BTC,124707.0,125141.5,123629.25,123749.75,0.0
2025-10-07 00:00:00+00:00,DOGE,0.27,0.27,0.26,0.26,0.0
2025-10-07 00:00:00+00:00,ETH,4686.15,4733.35,4598.25,4680.8,0.0
2025-10-07 00:00:00+00:00,SOL,232.47,235.35,229.61,231.16,0.0
2025-10-07 00:00:00+00:00,XRP,2.99,3.0,2.96,2.97,0.0
2025-10-07 08:00:00+00:00,BTC,123749.75,125216.0,121274.5,121916.5,0.0
2025-10-07 08:00:00+00:00,DOGE,0.26,0.27,0.25,0.25,0.0
2025-10-07 08:00:00+00:00,ETH,4680.8,4758.45,4250.85,4514.55,0.0
2025-10-07 08:00:00+00:00,SOL,231.16,231.82,221.48,223.88,0.0
2025-10-07 08:00:00+00:00,XRP,2.97,2.99,2.87,2.89,0.0
2025-10-07 16:00:00+00:00,BTC,121916.5,122150.75,120648.25,121693.0,0.0
2025-10-07 16:00:00+00:00,DOGE,0.25,0.26,0.245,0.25,0.0
2025-10-07 16:00:00+00:00,ETH,4514.55,4694.15,4231.9,4481.3,0.0
2025-10-07 16:00:00+00:00,SOL,223.88,225.46,220.77,221.78,0.0
2025-10-07 16:00:00+00:00,XRP,2.89,2.91,2.85,2.86,0.0
2025-10-07 20:01:00+00:00,BTC,121783.75,122353.0,121343.5,121401.0,0.0
2025-10-07 20:01:00+00:00,DOGE,0.25,0.25,0.25,0.25,0.0
2025-10-07 20:01:00+00:00,ETH,4482.35,4543.0,4400.5,4449.3,0.0
2025-10-07 20:01:00+00:00,SOL,221.96,224.42,219.8,220.08,0.0
2025-10-07 20:01:00+00:00,XRP,2.86,2.88,2.85,2.85,0.0
2025-10-08 00:00:00+00:00,BTC,121401.0,122291.0,120948.75,121629.25,0.0
2025-10-08 00:00:00+00:00,DOGE,0.25,0.25,0.24,0.25,0.0
2025-10-08 00:00:00+00:00,ETH,4449.3,4527.75,4214.0,4465.05,0.0
2025-10-08 00:00:00+00:00,SOL,220.08,222.93,217.39,221.03,0.0
2025-10-08 00:00:00+00:00,XRP,2.85,2.88,2.83,2.86,0.0
2025-10-08 08:00:00+00:00,BTC,121629.25,123389.0,121558.75,122228.75,0.0
2025-10-08 08:00:00+00:00,DOGE,0.25,0.26,0.245,0.25,0.0
2025-10-08 08:00:00+00:00,ETH,4465.05,4682.8,4422.05,4448.4,0.0
2025-10-08 08:00:00+00:00,SOL,221.03,224.27,218.98,221.25,0.0
2025-10-08 08:00:00+00:00,XRP,2.86,2.9,2.85,2.87,0.0
2025-10-08 16:00:00+00:00,BTC,122228.75,124234.75,122148.5,123475.0,0.0
2025-10-08 16:00:00+00:00,DOGE,0.25,0.26,0.25,0.26,0.0
2025-10-08 16:00:00+00:00,ETH,4448.4,4587.9,4440.05,4516.2,0.0
2025-10-08 16:00:00+00:00,SOL,221.25,229.79,220.7,229.37,0.0
2025-10-08 16:00:00+00:00,XRP,2.87,2.93,2.86,2.91,0.0
2025-10-08 20:01:00+00:00,BTC,123428.75,123748.5,122840.25,123343.0,0.0
2025-10-08 20:01:00+00:00,DOGE,0.26,0.26,0.255,0.26,0.0
2025-10-08 20:01:00+00:00,ETH,4514.5,4569.55,4465.1,4527.6,0.0
2025-10-08 20:01:00+00:00,SOL,229.25,229.86,222.96,229.07,0.0
2025-10-08 20:01:00+00:00,XRP,2.91,2.91,2.88,2.88,0.0
2025-10-09 00:00:00+00:00,BTC,123343.0,123380.75,121502.75,121942.75,0.0
2025-10-09 00:00:00+00:00,DOGE,0.26,0.26,0.25,0.25,0.0
2025-10-09 00:00:00+00:00,ETH,4527.6,4533.2,4402.0,4427.8,0.0
2025-10-09 00:00:00+00:00,SOL,229.07,229.65,223.87,224.61,0.0
2025-10-09 00:00:00+00:00,XRP,2.88,2.88,2.81,2.82,0.0
2025-10-09 08:00:00+00:00,BTC,121942.75,123812.5,120740.5,121209.5,0.0
2025-10-09 08:00:00+00:00,DOGE,0.25,0.25,0.24,0.24,0.0
2025-10-09 08:00:00+00:00,ETH,4427.8,4447.3,4262.5,4316.7,0.0
2025-10-09 08:00:00+00:00,SOL,224.61,226.44,218.71,219.17,0.0
2025-10-09 08:00:00+00:00,XRP,2.82,2.84,2.785,2.8,0.0
2025-10-09 16:00:00+00:00,BTC,121209.5,121534.0,119718.0,121040.25,0.0
2025-10-09 16:00:00+00:00,DOGE,0.24,0.25,0.24,0.25,0.0
2025-10-09 16:00:00+00:00,ETH,4316.7,4431.2,4262.3,4340.35,0.0
2025-10-09 16:00:00+00:00,SOL,219.17,220.24,216.74,218.46,0.0
2025-10-09 16:00:00+00:00,XRP,2.8,2.81,2.77,2.79,0.0
2025-10-09 20:01:00+00:00,BTC,121083.0,121836.0,120923.25,121706.25,0.0
2025-10-09 20:01:00+00:00,DOGE,0.25,0.25,0.25,0.25,0.0
2025-10-09 20:01:00+00:00,ETH,4343.5,4438.45,4312.8,4370.75,0.0
2025-10-09 20:01:00+00:00,SOL,218.4,221.8,217.67,221.0,0.0
2025-10-09 20:01:00+00:00,XRP,2.79,2.82,2.785,2.8,0.0
2025-10-10 00:00:00+00:00,BTC,121706.25,121942.0,120921.0,120986.5,0.0
2025-10-10 00:00:00+00:00,DOGE,0.25,0.25,0.25,0.25,0.0
2025-10-10 00:00:00+00:00,ETH,4370.75,4433.75,4312.9,4325.1,0.0
2025-10-10 00:00:00+00:00,SOL,221.0,223.0,217.97,218.18,0.0
2025-10-10 00:00:00+00:00,XRP,2.8,2.83,2.79,2.8,0.0
2025-10-10 08:00:00+00:00,BTC,120986.5,122570.5,118502.0,119062.0,0.0
2025-10-10 08:00:00+00:00,DOGE,0.25,0.26,0.24,0.24,0.0
2025-10-10 08:00:00+00:00,ETH,4325.1,4447.85,4074.45,4104.35,0.0
2025-10-10 08:00:00+00:00,SOL,218.18,224.52,208.97,210.75,0.0
2025-10-10 08:00:00+00:00,XRP,2.8,2.94,2.71,2.74,0.0
2025-10-10 16:00:00+00:00,BTC,119062.0,119478.25,115961.25,116678.0,0.0
2025-10-10 16:00:00+00:00,DOGE,0.24,0.24,0.23,0.23,0.0
2025-10-10 16:00:00+00:00,ETH,4104.35,4326.25,3924.0,3997.75,0.0
2025-10-10 16:00:00+00:00,SOL,210.75,213.11,202.84,205.37,0.0
2025-10-10 16:00:00+00:00,XRP,2.74,2.77,2.64,2.68,0.0
2025-10-12 07:00:00+00:00,BTC,111786.5,112043.75,111601.75,111615.5,0.0
2025-10-12 07:00:00+00:00,DOGE,0.19,0.19,0.19,0.19,0.0
2025-10-12 07:00:00+00:00,ETH,3836.7,3856.0,3819.45,3831.65,0.0
2025-10-12 07:00:00+00:00,SOL,182.8,183.4,181.69,182.72,0.0
2025-10-12 07:00:00+00:00,XRP,2.39,2.4,2.38,2.39,0.0
2025-10-12 08:00:00+00:00,BTC,111615.5,115844.25,111250.5,113235.0,0.0
2025-10-12 08:00:00+00:00,DOGE,0.19,0.21,0.19,0.21,0.0
2025-10-12 08:00:00+00:00,ETH,3831.65,4107.65,3794.45,4037.4,0.0
2025-10-12 08:00:00+00:00,SOL,182.72,192.28,178.24,191.36,0.0
2025-10-12 08:00:00+00:00,XRP,2.39,2.615,2.36,2.49,0.0
2025-10-12 16:00:00+00:00,BTC,113235.0,116500.5,113053.0,115059.75,0.0
2025-10-12 16:00:00+00:00,DOGE,0.21,0.215,0.2,0.21,0.0
2025-10-12 16:00:00+00:00,ETH,4037.4,4207.55,4027.45,4156.4,0.0
2025-10-12 16:00:00+00:00,SOL,191.36,199.65,190.83,196.94,0.0
2025-10-12 16:00:00+00:00,XRP,2.49,2.595,2.485,2.53,0.0
2025-10-13 00:00:00+00:00,BTC,115059.75,116849.0,114398.5,115471.25,0.0
2025-10-13 00:00:00+00:00,DOGE,0.21,0.21,0.21,0.21,0.0
2025-10-13 00:00:00+00:00,ETH,4156.4,4221.0,4109.65,4181.85,0.0
2025-10-13 00:00:00+00:00,SOL,196.94,201.14,194.02,196.94,0.0
2025-10-13 00:00:00+00:00,XRP,2.53,2.645,2.515,2.62,0.0
2025-10-13 08:00:00+00:00,BTC,115471.25,116020.0,113639.0,114426.0,0.0
2025-10-13 08:00:00+00:00,DOGE,0.21,0.21,0.19,0.21,0.0
2025-10-13 08:00:00+00:00,ETH,4181.85,4198.35,4058.05,4138.6,0.0
2025-10-13 08:00:00+00:00,SOL,196.94,199.32,189.87,196.51,0.0
2025-10-13 08:00:00+00:00,XRP,2.62,2.645,2.535,2.59,0.0
2025-10-13 16:00:00+00:00,BTC,114426.0,116273.75,114252.75,115897.5,0.0
2025-10-13 16:00:00+00:00,DOGE,0.21,0.225,0.19,0.22,0.0
2025-10-13 16:00:00+00:00,ETH,4138.6,4285.05,4123.5,4256.6,0.0
2025-10-13 16:00:00+00:00,SOL,196.51,211.65,195.96,207.32,0.0
2025-10-13 16:00:00+00:00,XRP,2.59,2.65,2.565,2.625,0.0
2025-10-13 20:01:00+00:00,BTC,115855.25,116254.25,114822.5,115258.25,0.0
2025-10-13 20:01:00+00:00,DOGE,0.22,0.22,0.21,0.21,0.0
2025-10-13 20:01:00+00:00,ETH,4257.2,4303.35,4230.9,4244.6,0.0
2025-10-13 20:01:00+00:00,SOL,207.11,209.82,206.61,208.88,0.0
2025-10-13 20:01:00+00:00,XRP,2.62,2.655,2.61,2.61,0.0
2025-10-14 00:00:00+00:00,BTC,115258.25,115789.25,111401.25,111802.5,0.0
2025-10-14 00:00:00+00:00,DOGE,0.21,0.22,0.2,0.2,0.0
2025-10-14 00:00:00+00:00,ETH,4244.6,4273.75,3967.75,3983.4,0.0
2025-10-14 00:00:00+00:00,SOL,208.88,211.88,192.17,194.59,0.0
2025-10-14 00:00:00+00:00,XRP,2.61,2.63,2.43,2.45,0.0
2025-10-14 08:00:00+00:00,BTC,111802.5,113964.75,110005.25,112962.75,0.0
2025-10-14 08:00:00+00:00,DOGE,0.2,0.2,0.19,0.2,0.0
2025-10-14 08:00:00+00:00,ETH,3983.4,4229.65,3884.85,4097.9,0.0
2025-10-14 08:00:00+00:00,SOL,194.59,203.14,190.84,202.32,0.0
2025-10-14 08:00:00+00:00,XRP,2.45,2.505,2.35,2.505,0.0
2025-10-14 16:00:00+00:00,BTC,112962.75,114096.0,111507.75,112675.25,0.0
2025-10-14 16:00:00+00:00,DOGE,0.2,0.21,0.2,0.2,0.0
2025-10-14 16:00:00+00:00,ETH,4097.9,4306.75,4038.25,4104.6,0.0
2025-10-14 16:00:00+00:00,SOL,202.32,206.51,196.75,198.31,0.0
2025-10-14 16:00:00+00:00,XRP,2.505,2.545,2.455,2.48,0.0
2025-10-14 20:01:00+00:00,BTC,112771.75,113846.0,112463.0,113079.0,0.0
2025-10-14 20:01:00+00:00,DOGE,0.2,0.21,0.2,0.2,0.0
2025-10-14 20:01:00+00:00,ETH,4116.35,4154.55,4067.3,4126.95,0.0
2025-10-14 20:01:00+00:00,SOL,199.59,203.86,197.87,202.53,0.0
2025-10-14 20:01:00+00:00,XRP,2.49,2.52,2.47,2.5,0.0
2025-10-15 00:00:00+00:00,BTC,113079.0,113946.75,111707.75,112646.0,0.0
2025-10-15 00:00:00+00:00,DOGE,0.2,0.21,0.2,0.2,0.0
2025-10-15 00:00:00+00:00,ETH,4126.95,4142.2,4057.95,4124.55,0.0
2025-10-15 00:00:00+00:00,SOL,202.53,206.32,200.25,204.76,0.0
2025-10-15 00:00:00+00:00,XRP,2.5,2.535,2.48,2.51,0.0
2025-10-15 08:00:00+00:00,BTC,112646.0,113861.0,110327.5,110863.75,0.0
2025-10-15 08:00:00+00:00,DOGE,0.2,0.21,0.2,0.2,0.0
2025-10-15 08:00:00+00:00,ETH,4124.55,4220.1,3961.6,3983.6,0.0
2025-10-15 08:00:00+00:00,SOL,204.76,209.1,195.87,197.38,0.0
2025-10-15 08:00:00+00:00,XRP,2.51,2.555,2.42,2.435,0.0
2025-10-15 16:00:00+00:00,BTC,110863.75,111606.5,110207.0,111315.25,0.0
2025-10-15 16:00:00+00:00,DOGE,0.2,0.2,0.185,0.2,0.0
2025-10-15 16:00:00+00:00,ETH,3983.6,4015.25,3930.55,3984.2,0.0
2025-10-15 16:00:00+00:00,SOL,197.38,199.17,194.29,194.84,0.0
2025-10-15 16:00:00+00:00,XRP,2.435,2.455,2.41,2.41,0.0
2025-10-15 20:01:00+00:00,BTC,111441.25,111617.0,110570.5,110805.75,0.0
2025-10-15 20:01:00+00:00,DOGE,0.2,0.2,0.185,0.2,0.0
2025-10-15 20:01:00+00:00,ETH,3990.2,3997.95,3931.15,3987.4,0.0
2025-10-15 20:01:00+00:00,SOL,195.14,196.69,192.17,193.94,0.0
2025-10-15 20:01:00+00:00,XRP,2.41,2.425,2.375,2.41,0.0
2025-10-16 00:00:00+00:00,BTC,110805.75,112365.25,110403.25,110583.5,0.0
2025-10-16 00:00:00+00:00,DOGE,0.2,0.2,0.195,0.2,0.0
2025-10-16 00:00:00+00:00,ETH,3987.4,4053.2,3977.6,4004.85,0.0
2025-10-16 00:00:00+00:00,SOL,193.94,196.24,191.46,192.94,0.0
2025-10-16 00:00:00+00:00,XRP,2.41,2.44,2.395,2.41,0.0
2025-10-16 08:00:00+00:00,BTC,110583.5,112405.5,108455.0,108596.0,0.0
2025-10-16 08:00:00+00:00,DOGE,0.2,0.2,0.19,0.19,0.0
2025-10-16 08:00:00+00:00,ETH,4004.85,4085.8,3894.2,3908.5,0.0
2025-10-16 08:00:00+00:00,SOL,192.94,198.44,186.75,187.67,0.0
2025-10-16 08:00:00+00:00,XRP,2.41,2.535,2.35,2.355,0.0
2025-10-16 16:00:00+00:00,BTC,108596.0,109793.0,107609.25,108248.5,0.0
2025-10-16 16:00:00+00:00,DOGE,0.19,0.195,0.19,0.19,0.0
2025-10-16 16:00:00+00:00,ETH,3908.5,3974.3,3854.0,3868.9,0.0
2025-10-16 16:00:00+00:00,SOL,187.67,192.39,183.84,185.25,0.0
2025-10-16 16:00:00+00:00,XRP,2.355,2.44,2.31,2.33,0.0
2025-10-16 20:01:00+00:00,BTC,108333.5,108525.25,107500.0,108209.0,0.0
2025-10-16 20:01:00+00:00,DOGE,0.19,0.19,0.185,0.19,0.0
2025-10-16 20:01:00+00:00,ETH,3876.45,3898.7,3826.75,3895.2,0.0
2025-10-16 20:01:00+00:00,SOL,185.89,186.22,182.08,184.86,0.0
2025-10-16 20:01:00+00:00,XRP,2.33,2.345,2.28,2.33,0.0
2025-10-17 00:00:00+00:00,BTC,108209.0,109313.75,105590.0,105613.25,0.0
2025-10-17 00:00:00+00:00,DOGE,0.19,0.19,0.18,0.18,0.0
2025-10-17 00:00:00+00:00,ETH,3895.2,3970.05,3752.8,3756.6,0.0
2025-10-17 00:00:00+00:00,SOL,184.86,187.58,177.37,177.76,0.0
2025-10-17 00:00:00+00:00,XRP,2.33,2.405,2.23,2.24,0.0
2025-10-17 08:00:00+00:00,BTC,105613.25,108742.0,103519.25,106801.5,0.0
2025-10-17 08:00:00+00:00,DOGE,0.18,0.19,0.175,0.18,0.0
2025-10-17 08:00:00+00:00,ETH,3756.6,3817.45,3674.7,3798.1,0.0
2025-10-17 08:00:00+00:00,SOL,177.76,188.85,174.1,182.72,0.0
2025-10-17 08:00:00+00:00,XRP,2.24,2.35,2.2,2.3,0.0
2025-10-17 16:00:00+00:00,BTC,106801.5,107580.0,106090.75,106487.5,0.0
2025-10-17 16:00:00+00:00,DOGE,0.18,0.19,0.18,0.18,0.0
2025-10-17 16:00:00+00:00,ETH,3798.1,3865.6,3779.45,3829.15,0.0
2025-10-17 16:00:00+00:00,SOL,182.72,188.34,180.5,181.98,0.0
2025-10-17 16:00:00+00:00,XRP,2.3,2.33,2.28,2.3,0.0
2025-10-19 07:00:00+00:00,BTC,106804.0,106944.25,106724.25,106795.5,0.0
2025-10-19 07:00:00+00:00,DOGE,0.19,0.19,0.19,0.19,0.0
2025-10-19 07:00:00+00:00,ETH,3882.5,3894.35,3878.55,3888.7,0.0
2025-10-19 07:00:00+00:00,SOL,185.61,186.18,185.28,185.93,0.0
2025-10-19 07:00:00+00:00,XRP,2.35,2.36,2.34,2.35,0.0
2025-10-19 08:00:00+00:00,BTC,106795.5,108650.25,106166.5,108527.25,0.0
2025-10-19 08:00:00+00:00,DOGE,0.19,0.2,0.185,0.2,0.0
2025-10-19 08:00:00+00:00,ETH,3888.7,4004.2,3831.45,3980.45,0.0
2025-10-19 08:00:00+00:00,SOL,185.93,191.77,183.23,190.88,0.0
2025-10-19 08:00:00+00:00,XRP,2.35,2.42,2.315,2.4,0.0
2025-10-19 16:00:00+00:00,BTC,108527.25,109561.0,108315.25,108679.5,0.0
2025-10-19 16:00:00+00:00,DOGE,0.2,0.2,0.19,0.2,0.0
2025-10-19 16:00:00+00:00,ETH,3980.45,4034.15,3960.1,3984.15,0.0
2025-10-19 16:00:00+00:00,SOL,190.88,192.34,187.0,187.93,0.0
2025-10-19 16:00:00+00:00,XRP,2.4,2.42,2.385,2.4,0.0
2025-10-20 00:00:00+00:00,BTC,108679.5,111450.75,107461.25,111210.5,0.0
2025-10-20 00:00:00+00:00,DOGE,0.2,0.205,0.19,0.2,0.0
2025-10-20 00:00:00+00:00,ETH,3984.15,4085.85,3910.3,4056.2,0.0
2025-10-20 00:00:00+00:00,SOL,187.93,194.95,183.87,193.09,0.0
2025-10-20 00:00:00+00:00,XRP,2.4,2.48,2.355,2.47,0.0
2025-10-20 08:00:00+00:00,BTC,111210.5,111731.75,110613.25,111174.0,0.0
2025-10-20 08:00:00+00:00,DOGE,0.2,0.2,0.2,0.2,0.0
2025-10-20 08:00:00+00:00,ETH,4056.2,4073.45,4003.3,4005.4,0.0
2025-10-20 08:00:00+00:00,SOL,193.09,194.23,190.5,190.57,0.0
2025-10-20 08:00:00+00:00,XRP,2.47,2.49,2.445,2.47,0.0
2025-10-20 16:00:00+00:00,BTC,111174.0,111345.5,109880.5,110840.5,0.0
2025-10-20 16:00:00+00:00,DOGE,0.2,0.2,0.2,0.2,0.0
2025-10-20 16:00:00+00:00,ETH,4005.4,4005.45,3922.15,3982.1,0.0
2025-10-20 16:00:00+00:00,SOL,190.57,190.58,185.63,188.84,0.0
2025-10-20 16:00:00+00:00,XRP,2.47,2.555,2.43,2.525,0.0
2025-10-20 20:01:00+00:00,BTC,110714.0,111286.5,110440.25,110575.75,0.0
2025-10-20 20:01:00+00:00,DOGE,0.2,0.2,0.2,0.2,0.0
2025-10-20 20:01:00+00:00,ETH,3979.5,4004.3,3971.45,3980.4,0.0
2025-10-20 20:01:00+00:00,SOL,188.59,191.18,188.29,189.81,0.0
2025-10-20 20:01:00+00:00,XRP,2.51,2.54,2.48,2.5,0.0
2025-10-21 00:00:00+00:00,BTC,110575.75,110576.0,107496.75,108108.75,0.0
2025-10-21 00:00:00+00:00,DOGE,0.2,0.2,0.185,0.19,0.0
2025-10-21 00:00:00+00:00,ETH,3980.4,3987.2,3840.8,3893.9,0.0
2025-10-21 00:00:00+00:00,SOL,189.81,190.28,182.76,185.05,0.0
2025-10-21 00:00:00+00:00,XRP,2.5,2.5,2.41,2.43,0.0
2025-10-21 08:00:00+00:00,BTC,108108.75,113687.25,107515.5,113477.0,0.0
2025-10-21 08:00:00+00:00,DOGE,0.19,0.21,0.19,0.2,0.0
2025-10-21 08:00:00+00:00,ETH,3893.9,4086.8,3840.45,4083.3,0.0
2025-10-21 08:00:00+00:00,SOL,185.05,197.22,183.8,196.38,0.0
2025-10-21 08:00:00+00:00,XRP,2.43,2.535,2.4,2.52,0.0
2025-10-21 16:00:00+00:00,BTC,113477.0,114059.75,111413.25,111837.75,0.0
2025-10-21 16:00:00+00:00,DOGE,0.2,0.21,0.2,0.2,0.0
2025-10-21 16:00:00+00:00,ETH,4083.3,4111.4,3966.6,3998.55,0.0
2025-10-21 16:00:00+00:00,SOL,196.38,197.8,192.17,194.06,0.0
2025-10-21 16:00:00+00:00,XRP,2.52,2.525,2.47,2.5,0.0
2025-10-21 20:01:00+00:00,BTC,111807.0,111824.5,108102.75,108362.75,0.0
2025-10-21 20:01:00+00:00,DOGE,0.2,0.2,0.19,0.19,0.0
2025-10-21 20:01:00+00:00,ETH,4001.5,4001.55,3859.8,3874.9,0.0
2025-10-21 20:01:00+00:00,SOL,194.24,194.33,185.16,185.71,0.0
2025-10-21 20:01:00+00:00,XRP,2.5,2.5,2.415,2.42,0.0
2025-10-22 00:00:00+00:00,BTC,108362.75,108730.0,107750.0,108367.5,0.0
2025-10-22 00:00:00+00:00,DOGE,0.19,0.2,0.185,0.19,0.0
2025-10-22 00:00:00+00:00,ETH,3874.9,3891.8,3823.95,3870.45,0.0
2025-10-22 00:00:00+00:00,SOL,185.71,187.49,183.39,185.06,0.0
2025-10-22 00:00:00+00:00,XRP,2.42,2.44,2.39,2.41,0.0
2025-10-22 08:00:00+00:00,BTC,108367.5,110236.0,106777.0,108424.5,0.0
2025-10-22 08:00:00+00:00,DOGE,0.19,0.2,0.185,0.19,0.0
2025-10-22 08:00:00+00:00,ETH,3870.45,3884.0,3774.4,3842.05,0.0
2025-10-22 08:00:00+00:00,SOL,185.06,188.29,181.37,184.0,0.0
2025-10-22 08:00:00+00:00,XRP,2.41,2.415,2.365,2.4,0.0
2025-10-22 16:00:00+00:00,BTC,108424.5,110397.0,107500.0,107871.0,0.0
2025-10-22 16:00:00+00:00,DOGE,0.19,0.2,0.19,0.19,0.0
2025-10-22 16:00:00+00:00,ETH,3842.05,3861.9,3784.3,3804.15,0.0
2025-10-22 16:00:00+00:00,SOL,184.0,184.98,177.17,180.21,0.0
2025-10-22 16:00:00+00:00,XRP,2.4,2.41,2.355,2.38,0.0
2025-10-22 20:01:00+00:00,BTC,107964.75,109774.75,106727.5,107594.5,0.0
2025-10-22 20:01:00+00:00,DOGE,0.19,0.2,0.185,0.19,0.0
2025-10-22 20:01:00+00:00,ETH,3808.1,3831.75,3710.85,3806.05,0.0
2025-10-22 20:01:00+00:00,SOL,180.43,181.05,177.14,180.15,0.0
2025-10-22 20:01:00+00:00,XRP,2.38,2.385,2.33,2.36,0.0
2025-10-23 00:00:00+00:00,BTC,107594.5,110331.5,107517.0,109282.25,0.0
2025-10-23 00:00:00+00:00,DOGE,0.19,0.2,0.19,0.19,0.0
2025-10-23 00:00:00+00:00,ETH,3806.05,3898.4,3796.9,3882.3,0.0
2025-10-23 00:00:00+00:00,SOL,180.15,187.73,179.72,187.53,0.0
2025-10-23 00:00:00+00:00,XRP,2.36,2.42,2.36,2.41,0.0
2025-10-23 08:00:00+00:00,BTC,109282.25,110147.0,108713.5,109933.75,0.0
2025-10-23 08:00:00+00:00,DOGE,0.19,0.205,0.185,0.2,0.0
2025-10-23 08:00:00+00:00,ETH,3882.3,3906.15,3809.25,3877.95,0.0
2025-10-23 08:00:00+00:00,SOL,187.53,192.6,186.67,191.09,0.0
2025-10-23 08:00:00+00:00,XRP,2.41,2.42,2.375,2.41,0.0
2025-10-23 16:00:00+00:00,BTC,109933.75,111337.0,109677.75,110237.5,0.0
2025-10-23 16:00:00+00:00,DOGE,0.2,0.2,0.19,0.2,0.0
2025-10-23 16:00:00+00:00,ETH,3877.95,3936.35,3846.55,3860.55,0.0
2025-10-23 16:00:00+00:00,SOL,191.09,193.53,190.14,191.22,0.0
2025-10-23 16:00:00+00:00,XRP,2.41,2.425,2.39,2.41,0.0
2025-10-23 20:01:00+00:00,BTC,110137.0,110191.25,109392.25,110110.75,0.0
2025-10-23 20:01:00+00:00,DOGE,0.2,0.2,0.185,0.19,0.0
2025-10-23 20:01:00+00:00,ETH,3854.35,3882.1,3819.95,3858.25,0.0
2025-10-23 20:01:00+00:00,SOL,191.13,191.59,188.4,191.42,0.0
2025-10-23 20:01:00+00:00,XRP,2.4,2.41,2.38,2.395,0.0
2025-10-24 00:00:00+00:00,BTC,110110.75,111561.5,110034.0,111098.0,0.0
2025-10-24 00:00:00+00:00,DOGE,0.19,0.2,0.19,0.2,0.0
2025-10-24 00:00:00+00:00,ETH,3858.25,3989.85,3847.25,3950.45,0.0
2025-10-24 00:00:00+00:00,SOL,191.42,194.63,190.89,192.28,0.0
2025-10-24 00:00:00+00:00,XRP,2.395,2.45,2.385,2.44,0.0
2025-10-24 08:00:00+00:00,BTC,111098.0,112057.5,109721.25,110067.0,0.0
2025-10-24 08:00:00+00:00,DOGE,0.2,0.205,0.19,0.19,0.0
2025-10-24 08:00:00+00:00,ETH,3950.45,4024.75,3865.7,3889.7,0.0
2025-10-24 08:00:00+00:00,SOL,192.28,196.76,188.85,189.47,0.0
2025-10-24 08:00:00+00:00,XRP,2.44,2.52,2.43,2.48,0.0
2025-10-24 16:00:00+00:00,BTC,110067.0,110956.25,109812.75,110628.75,0.0
2025-10-24 16:00:00+00:00,DOGE,0.19,0.2,0.19,0.2,0.0
2025-10-24 16:00:00+00:00,ETH,3889.7,3938.0,3866.8,3927.25,0.0
2025-10-24 16:00:00+00:00,SOL,189.47,193.66,188.84,193.09,0.0
2025-10-24 16:00:00+00:00,XRP,2.48,2.515,2.46,2.5,0.0
2025-10-26 07:00:00+00:00,BTC,111647.25,111743.0,111630.25,111736.5,0.0
2025-10-26 07:00:00+00:00,DOGE,0.2,0.2,0.2,0.2,0.0
2025-10-26 07:00:00+00:00,ETH,3945.15,3957.1,3940.9,3951.85,0.0
2025-10-26 07:00:00+00:00,SOL,194.07,194.35,193.86,193.91,0.0
2025-10-26 07:00:00+00:00,XRP,2.63,2.63,2.615,2.625,0.0
2025-10-26 08:00:00+00:00,BTC,111736.5,114016.25,111728.75,113694.75,0.0
2025-10-26 08:00:00+00:00,DOGE,0.2,0.2,0.2,0.2,0.0
2025-10-26 08:00:00+00:00,ETH,3951.85,4099.45,3951.15,4074.75,0.0
2025-10-26 08:00:00+00:00,SOL,193.91,199.9,193.74,199.53,0.0
2025-10-26 08:00:00+00:00,XRP,2.625,2.665,2.615,2.64,0.0
2025-10-26 16:00:00+00:00,BTC,113694.75,115498.0,112912.0,114556.75,0.0
2025-10-26 16:00:00+00:00,DOGE,0.2,0.22,0.2,0.21,0.0
2025-10-26 16:00:00+00:00,ETH,4074.75,4179.2,4017.0,4158.85,0.0
2025-10-26 16:00:00+00:00,SOL,199.53,202.0,196.89,200.06,0.0
2025-10-26 16:00:00+00:00,XRP,2.64,2.665,2.575,2.645,0.0
2025-10-27 00:00:00+00:00,BTC,114556.75,116391.0,114371.0,115561.25,0.0
2025-10-27 00:00:00+00:00,DOGE,0.21,0.21,0.205,0.21,0.0
2025-10-27 00:00:00+00:00,ETH,4158.85,4253.5,4149.7,4201.45,0.0
2025-10-27 00:00:00+00:00,SOL,200.06,205.31,199.53,202.53,0.0
2025-10-27 00:00:00+00:00,XRP,2.645,2.675,2.62,2.63,0.0
2025-10-27 08:00:00+00:00,BTC,115561.25,115613.75,114501.75,114957.0,0.0
2025-10-27 08:00:00+00:00,DOGE,0.21,0.21,0.2,0.2,0.0
2025-10-27 08:00:00+00:00,ETH,4201.45,4201.75,4124.05,4173.3,0.0
2025-10-27 08:00:00+00:00,SOL,202.53,202.55,198.19,200.13,0.0
2025-10-27 08:00:00+00:00,XRP,2.63,2.665,2.6,2.66,0.0
2025-10-27 16:00:00+00:00,BTC,114957.0,115807.25,114618.25,114945.5,0.0
2025-10-27 16:00:00+00:00,DOGE,0.2,0.21,0.2,0.2,0.0
2025-10-27 16:00:00+00:00,ETH,4173.3,4237.95,4173.3,4194.3,0.0
2025-10-27 16:00:00+00:00,SOL,200.13,203.29,199.87,200.05,0.0
2025-10-27 16:00:00+00:00,XRP,2.66,2.7,2.655,2.67,0.0
2025-10-27 20:01:00+00:00,BTC,114817.75,114866.75,113828.75,114096.75,0.0
2025-10-27 20:01:00+00:00,DOGE,0.2,0.22,0.2,0.2,0.0
2025-10-27 20:01:00+00:00,ETH,4182.55,4183.3,4094.15,4120.3,0.0
2025-10-27 20:01:00+00:00,SOL,199.81,200.26,197.33,198.69,0.0
2025-10-27 20:01:00+00:00,XRP,2.67,2.67,2.625,2.63,0.0
2025-10-28 00:00:00+00:00,BTC,114096.75,114526.5,113526.75,114187.0,0.0
2025-10-28 00:00:00+00:00,DOGE,0.2,0.2,0.2,0.2,0.0
2025-10-28 00:00:00+00:00,ETH,4120.3,4179.0,4066.15,4117.25,0.0
2025-10-28 00:00:00+00:00,SOL,198.69,202.98,198.39,202.34,0.0
2025-10-28 00:00:00+00:00,XRP,2.63,2.66,2.61,2.64,0.0
2025-10-28 08:00:00+00:00,BTC,114187.0,116099.5,114112.25,114597.0,0.0
2025-10-28 08:00:00+00:00,DOGE,0.2,0.2,0.2,0.2,0.0
2025-10-28 08:00:00+00:00,ETH,4117.25,4212.3,4077.1,4097.15,0.0
2025-10-28 08:00:00+00:00,SOL,202.34,203.97,196.63,198.84,0.0
2025-10-28 08:00:00+00:00,XRP,2.64,2.69,2.605,2.63,0.0
2025-10-28 16:00:00+00:00,BTC,114597.0,115842.5,113562.5,113689.5,0.0
2025-10-28 16:00:00+00:00,DOGE,0.2,0.2,0.195,0.2,0.0
2025-10-28 16:00:00+00:00,ETH,4097.15,4189.95,4000.4,4040.5,0.0
2025-10-28 16:00:00+00:00,SOL,198.84,202.25,194.51,195.44,0.0
2025-10-28 16:00:00+00:00,XRP,2.63,2.69,2.61,2.64,0.0
2025-10-28 20:01:00+00:00,BTC,113619.75,113628.25,112231.5,112918.0,0.0
2025-10-28 20:01:00+00:00,DOGE,0.2,0.2,0.19,0.19,0.0
2025-10-28 20:01:00+00:00,ETH,4037.65,4042.0,3931.5,3979.95,0.0
2025-10-28 20:01:00+00:00,SOL,195.09,195.38,190.41,194.19,0.0
2025-10-28 20:01:00+00:00,XRP,2.63,2.635,2.57,2.6,0.0
2025-10-29 00:00:00+00:00,BTC,112918.0,113593.75,112116.5,113577.0,0.0
2025-10-29 00:00:00+00:00,DOGE,0.19,0.19,0.19,0.19,0.0
2025-10-29 00:00:00+00:00,ETH,3979.95,4037.55,3964.7,4025.25,0.0
2025-10-29 00:00:00+00:00,SOL,194.19,196.09,192.72,195.68,0.0
2025-10-29 00:00:00+00:00,XRP,2.6,2.64,2.6,2.635,0.0
2025-10-29 08:00:00+00:00,BTC,113577.0,113675.5,111407.5,111506.0,0.0
2025-10-29 08:00:00+00:00,DOGE,0.19,0.2,0.19,0.19,0.0
2025-10-29 08:00:00+00:00,ETH,4025.25,4030.55,3942.25,3951.4,0.0
2025-10-29 08:00:00+00:00,SOL,195.68,201.74,193.83,196.8,0.0
2025-10-29 08:00:00+00:00,XRP,2.635,2.665,2.61,2.63,0.0
2025-10-29 16:00:00+00:00,BTC,111506.0,112000.0,108275.25,110651.5,0.0
2025-10-29 16:00:00+00:00,DOGE,0.19,0.2,0.19,0.19,0.0
2025-10-29 16:00:00+00:00,ETH,3951.4,4020.6,3812.15,3906.0,0.0
2025-10-29 16:00:00+00:00,SOL,196.8,198.82,189.46,192.81,0.0
2025-10-29 16:00:00+00:00,XRP,2.63,2.66,2.53,2.59,0.0
2025-10-29 20:01:00+00:00,BTC,110776.25,111819.25,109753.5,110032.25,0.0
2025-10-29 20:01:00+00:00,DOGE,0.19,0.2,0.19,0.19,0.0
2025-10-29 20:01:00+00:00,ETH,3918.6,3971.35,3867.5,3903.95,0.0
2025-10-29 20:01:00+00:00,SOL,193.47,197.11,191.25,193.94,0.0
2025-10-29 20:01:00+00:00,XRP,2.59,2.62,2.54,2.55,0.0
2025-10-30 00:00:00+00:00,BTC,110032.25,111609.5,107950.5,111364.5,0.0
2025-10-30 00:00:00+00:00,DOGE,0.19,0.195,0.19,0.19,0.0
2025-10-30 00:00:00+00:00,ETH,3903.95,3951.55,3840.3,3940.25,0.0
2025-10-30 00:00:00+00:00,SOL,193.94,198.18,190.36,195.78,0.0
2025-10-30 00:00:00+00:00,XRP,2.55,2.59,2.49,2.58,0.0
2025-10-30 08:00:00+00:00,BTC,111364.5,111506.0,107327.75,107706.25,0.0
2025-10-30 08:00:00+00:00,DOGE,0.19,0.19,0.18,0.18,0.0
2025-10-30 08:00:00+00:00,ETH,3940.25,3940.3,3757.55,3773.7,0.0
2025-10-30 08:00:00+00:00,SOL,195.78,196.38,184.49,185.03,0.0
2025-10-30 08:00:00+00:00,XRP,2.58,2.59,2.44,2.45,0.0
2025-10-30 16:00:00+00:00,BTC,107706.25,108210.0,106308.25,106510.75,0.0
2025-10-30 16:00:00+00:00,DOGE,0.18,0.19,0.18,0.18,0.0
2025-10-30 16:00:00+00:00,ETH,3773.7,3880.15,3678.2,3685.85,0.0
2025-10-30 16:00:00+00:00,SOL,185.03,186.39,178.65,179.01,0.0
2025-10-30 16:00:00+00:00,XRP,2.45,2.51,2.37,2.385,0.0
2025-10-30 20:01:00+00:00,BTC,106504.0,108341.25,106293.75,108305.75,0.0
2025-10-30 20:01:00+00:00,DOGE,0.18,0.18,0.175,0.18,0.0
2025-10-30 20:01:00+00:00,ETH,3690.5,3748.75,3684.3,3747.65,0.0
2025-10-30 20:01:00+00:00,SOL,179.22,188.04,178.69,184.68,0.0
2025-10-30 20:01:00+00:00,XRP,2.38,2.495,2.36,2.44,0.0
2025-10-31 00:00:00+00:00,BTC,108305.75,110199.25,108273.25,109393.5,0.0
2025-10-31 00:00:00+00:00,DOGE,0.18,0.195,0.18,0.18,0.0
2025-10-31 00:00:00+00:00,ETH,3747.65,3908.75,3735.85,3830.6,0.0
2025-10-31 00:00:00+00:00,SOL,184.68,187.04,183.67,185.32,0.0
2025-10-31 00:00:00+00:00,XRP,2.44,2.49,2.43,2.47,0.0
2025-10-31 08:00:00+00:00,BTC,109393.5,111370.75,109172.5,110138.25,0.0
2025-10-31 08:00:00+00:00,DOGE,0.18,0.19,0.18,0.19,0.0
2025-10-31 08:00:00+00:00,ETH,3830.6,3909.0,3816.8,3859.7,0.0
2025-10-31 08:00:00+00:00,SOL,185.32,190.17,184.5,188.12,0.0
2025-10-31 08:00:00+00:00,XRP,2.47,2.555,2.465,2.525,0.0
2025-10-31 16:00:00+00:00,BTC,110138.25,110238.25,108335.0,109752.5,0.0
2025-10-31 16:00:00+00:00,DOGE,0.19,0.19,0.18,0.19,0.0
2025-10-31 16:00:00+00:00,ETH,3859.7,3918.35,3798.75,3883.8,0.0
2025-10-31 16:00:00+00:00,SOL,188.12,189.01,184.26,188.34,0.0
2025-10-31 16:00:00+00:00,XRP,2.525,2.55,2.48,2.54,0.0
2025-11-02 08:00:00+00:00,BTC,110861.25,111208.0,109722.25,110101.25,0.0
2025-11-02 08:00:00+00:00,DOGE,0.19,0.19,0.18,0.18,0.0
2025-11-02 08:00:00+00:00,ETH,3906.05,3927.35,3838.2,3852.75,0.0
2025-11-02 08:00:00+00:00,SOL,187.66,187.88,183.47,183.8,0.0
2025-11-02 08:00:00+00:00,XRP,2.53,2.55,2.5,2.5,0.0
2025-11-02 16:00:00+00:00,BTC,110101.25,110687.0,108880.75,110536.0,0.0
2025-11-02 16:00:00+00:00,DOGE,0.18,0.19,0.175,0.19,0.0
2025-11-02 16:00:00+00:00,ETH,3852.75,3916.35,3839.45,3905.95,0.0
2025-11-02 16:00:00+00:00,SOL,183.8,188.02,182.02,187.69,0.0
2025-11-02 16:00:00+00:00,XRP,2.5,2.53,2.48,2.53,0.0
2025-11-03 00:00:00+00:00,BTC,110536.0,110725.25,107000.0,107454.0,0.0
2025-11-03 00:00:00+00:00,DOGE,0.19,0.19,0.17,0.17,0.0
2025-11-03 00:00:00+00:00,ETH,3905.95,3914.0,3683.8,3713.9,0.0
2025-11-03 00:00:00+00:00,SOL,187.69,189.0,174.2,176.49,0.0
2025-11-03 00:00:00+00:00,XRP,2.53,2.53,2.39,2.41,0.0
2025-11-03 08:00:00+00:00,BTC,107454.0,109541.5,105485.0,105723.25,0.0
2025-11-03 08:00:00+00:00,DOGE,0.17,0.18,0.16,0.17,0.0
2025-11-03 08:00:00+00:00,ETH,3713.9,3758.0,3582.0,3587.85,0.0
2025-11-03 08:00:00+00:00,SOL,176.49,179.66,164.41,166.75,0.0
2025-11-03 08:00:00+00:00,XRP,2.41,2.46,2.29,2.33,0.0
2025-11-03 16:00:00+00:00,BTC,105723.25,108944.0,105320.75,106631.5,0.0
2025-11-03 16:00:00+00:00,DOGE,0.17,0.18,0.165,0.17,0.0
2025-11-03 16:00:00+00:00,ETH,3587.85,3730.4,3562.1,3586.5,0.0
2025-11-03 16:00:00+00:00,SOL,166.75,179.76,163.17,164.34,0.0
2025-11-03 16:00:00+00:00,XRP,2.33,2.43,2.26,2.285,0.0
2025-11-03 21:01:00+00:00,BTC,106813.75,108659.25,105809.75,106544.25,0.0
2025-11-03 21:01:00+00:00,DOGE,0.17,0.17,0.16,0.17,0.0
2025-11-03 21:01:00+00:00,ETH,3596.8,3628.6,3555.8,3602.35,0.0
2025-11-03 21:01:00+00:00,SOL,165.05,177.36,163.06,166.01,0.0
2025-11-03 21:01:00+00:00,XRP,2.29,2.425,2.265,2.31,0.0
2025-11-04 00:00:00+00:00,BTC,106544.25,108589.75,104131.0,104450.0,0.0
2025-11-04 00:00:00+00:00,DOGE,0.17,0.17,0.16,0.16,0.0
2025-11-04 00:00:00+00:00,ETH,3602.35,3714.4,3472.6,3493.0,0.0
2025-11-04 00:00:00+00:00,SOL,166.01,178.66,155.64,156.97,0.0
2025-11-04 00:00:00+00:00,XRP,2.31,2.41,2.23,2.24,0.0
2025-11-04 08:00:00+00:00,BTC,104450.0,104805.75,102875.25,103156.25,0.0
2025-11-04 08:00:00+00:00,DOGE,0.16,0.17,0.16,0.16,0.0
2025-11-04 08:00:00+00:00,ETH,3493.0,3678.7,3458.2,3506.7,0.0
2025-11-04 08:00:00+00:00,SOL,156.97,165.25,156.3,161.43,0.0
2025-11-04 08:00:00+00:00,XRP,2.24,2.385,2.23,2.28,0.0
2025-11-04 16:00:00+00:00,BTC,103156.25,105771.5,99514.75,100697.0,0.0
2025-11-04 16:00:00+00:00,DOGE,0.16,0.17,0.15,0.16,0.0
2025-11-04 16:00:00+00:00,ETH,3506.7,3652.2,3120.45,3212.25,0.0
2025-11-04 16:00:00+00:00,SOL,161.43,171.33,148.13,153.28,0.0
2025-11-04 16:00:00+00:00,XRP,2.28,2.345,2.09,2.16,0.0
2025-11-04 21:01:00+00:00,BTC,100694.75,103393.75,98895.75,101508.25,0.0
2025-11-04 21:01:00+00:00,DOGE,0.16,0.165,0.15,0.16,0.0
2025-11-04 21:01:00+00:00,ETH,3210.05,3350.3,3048.3,3286.5,0.0
2025-11-04 21:01:00+00:00,SOL,153.13,165.29,145.73,154.99,0.0
2025-11-04 21:01:00+00:00,XRP,2.16,2.285,2.065,2.2,0.0
2025-11-05 00:00:00+00:00,BTC,101508.25,103536.5,99000.0,101995.25,0.0
2025-11-05 00:00:00+00:00,DOGE,0.16,0.17,0.15,0.16,0.0
2025-11-05 00:00:00+00:00,ETH,3286.5,3374.55,3138.25,3331.1,0.0
2025-11-05 00:00:00+00:00,SOL,154.99,165.56,147.29,156.47,0.0
2025-11-05 00:00:00+00:00,XRP,2.2,2.335,2.1,2.25,0.0
2025-11-05 08:00:00+00:00,BTC,101995.25,103788.0,101175.0,103708.75,0.0
2025-11-05 08:00:00+00:00,DOGE,0.16,0.17,0.16,0.17,0.0
2025-11-05 08:00:00+00:00,ETH,3331.1,3399.3,3246.0,3397.85,0.0
2025-11-05 08:00:00+00:00,SOL,156.47,160.52,153.65,160.44,0.0
2025-11-05 08:00:00+00:00,XRP,2.25,2.29,2.2,2.28,0.0
2025-11-05 16:00:00+00:00,BTC,103708.75,104532.25,103037.5,103838.0,0.0
2025-11-05 16:00:00+00:00,DOGE,0.17,0.17,0.17,0.17,0.0
2025-11-05 16:00:00+00:00,ETH,3397.85,3481.95,3332.65,3450.4,0.0
2025-11-05 16:00:00+00:00,SOL,160.44,164.01,158.52,162.55,0.0
2025-11-05 16:00:00+00:00,XRP,2.28,2.38,2.25,2.36,0.0
2025-11-05 21:01:00+00:00,BTC,103650.0,104085.25,103294.25,103882.5,0.0
2025-11-05 21:01:00+00:00,DOGE,0.17,0.17,0.17,0.17,0.0
2025-11-05 21:01:00+00:00,ETH,3441.6,3452.15,3414.35,3423.65,0.0
2025-11-05 21:01:00+00:00,SOL,161.98,163.04,161.09,162.37,0.0
2025-11-05 21:01:00+00:00,XRP,2.35,2.395,2.33,2.34,0.0
2025-11-06 00:00:00+00:00,BTC,103882.5,104330.5,102714.25,103177.25,0.0
2025-11-06 00:00:00+00:00,DOGE,0.17,0.17,0.16,0.16,0.0
2025-11-06 00:00:00+00:00,ETH,3423.65,3456.3,3363.8,3379.85,0.0
2025-11-06 00:00:00+00:00,SOL,162.37,162.93,158.2,158.79,0.0
2025-11-06 00:00:00+00:00,XRP,2.34,2.42,2.31,2.33,0.0
2025-11-06 08:00:00+00:00,BTC,103177.25,103567.25,101570.0,101953.0,0.0
2025-11-06 08:00:00+00:00,DOGE,0.16,0.165,0.16,0.16,0.0
2025-11-06 08:00:00+00:00,ETH,3379.85,3415.15,3276.0,3299.15,0.0
2025-11-06 08:00:00+00:00,SOL,158.79,167.57,155.28,155.84,0.0
2025-11-06 08:00:00+00:00,XRP,2.33,2.385,2.23,2.23,0.0
2025-11-06 16:00:00+00:00,BTC,101953.0,102335.5,100232.0,100860.75,0.0
2025-11-06 16:00:00+00:00,DOGE,0.16,0.16,0.16,0.16,0.0
2025-11-06 16:00:00+00:00,ETH,3299.15,3351.4,3243.0,3304.7,0.0
2025-11-06 16:00:00+00:00,SOL,155.84,158.61,153.69,155.23,0.0
2025-11-06 16:00:00+00:00,XRP,2.23,2.25,2.18,2.195,0.0
2025-11-06 21:01:00+00:00,BTC,100925.25,101485.0,100500.0,101292.25,0.0
2025-11-06 21:01:00+00:00,DOGE,0.16,0.16,0.16,0.16,0.0
2025-11-06 21:01:00+00:00,ETH,3303.95,3334.75,3288.0,3313.45,0.0
2025-11-06 21:01:00+00:00,SOL,155.53,156.84,153.33,155.19,0.0
2025-11-06 21:01:00+00:00,XRP,2.2,2.22,2.18,2.21,0.0
2025-11-07 00:00:00+00:00,BTC,101292.25,102458.25,100693.5,101966.25,0.0
2025-11-07 00:00:00+00:00,DOGE,0.16,0.17,0.16,0.17,0.0
2025-11-07 00:00:00+00:00,ETH,3313.45,3368.55,3273.4,3356.45,0.0
2025-11-07 00:00:00+00:00,SOL,155.19,158.56,154.14,157.69,0.0
2025-11-07 00:00:00+00:00,XRP,2.21,2.275,2.19,2.23,0.0
2025-11-07 08:00:00+00:00,BTC,101966.25,102001.25,99218.25,100719.25,0.0
2025-11-07 08:00:00+00:00,DOGE,0.17,0.17,0.16,0.17,0.0
2025-11-07 08:00:00+00:00,ETH,3356.45,3359.1,3192.1,3295.1,0.0
2025-11-07 08:00:00+00:00,SOL,157.69,158.12,149.69,155.31,0.0
2025-11-07 08:00:00+00:00,XRP,2.23,2.23,2.15,2.21,0.0
2025-11-07 16:00:00+00:00,BTC,100719.25,103866.25,100433.25,103754.25,0.0
2025-11-07 16:00:00+00:00,DOGE,0.17,0.18,0.17,0.18,0.0
2025-11-07 16:00:00+00:00,ETH,3295.1,3471.0,3270.4,3464.15,0.0
2025-11-07 16:00:00+00:00,SOL,155.31,164.39,154.26,163.29,0.0
2025-11-07 16:00:00+00:00,XRP,2.21,2.37,2.2,2.365,0.0
2025-11-09 08:00:00+00:00,BTC,101924.5,104149.75,101491.5,103738.25,0.0
2025-11-09 08:00:00+00:00,DOGE,0.18,0.18,0.17,0.18,0.0
2025-11-09 08:00:00+00:00,ETH,3422.3,3563.8,3381.4,3514.2,0.0
2025-11-09 08:00:00+00:00,SOL,159.24,163.93,156.8,162.5,0.0
2025-11-09 08:00:00+00:00,XRP,2.3,2.33,2.25,2.31,0.0
2025-11-09 16:00:00+00:00,BTC,103738.25,105456.0,103303.0,104703.75,0.0
2025-11-09 16:00:00+00:00,DOGE,0.18,0.18,0.18,0.18,0.0
2025-11-09 16:00:00+00:00,ETH,3514.2,3600.8,3482.3,3582.4,0.0
2025-11-09 16:00:00+00:00,SOL,162.5,166.55,160.93,164.51,0.0
2025-11-09 16:00:00+00:00,XRP,2.31,2.395,2.3,2.37,0.0
2025-11-10 00:00:00+00:00,BTC,104703.75,106660.5,104259.0,106447.25,0.0
2025-11-10 00:00:00+00:00,DOGE,0.18,0.185,0.18,0.18,0.0
2025-11-10 00:00:00+00:00,ETH,3582.4,3620.15,3551.3,3594.8,0.0
2025-11-10 00:00:00+00:00,SOL,164.51,168.95,163.4,167.34,0.0
2025-11-10 00:00:00+00:00,XRP,2.37,2.49,2.345,2.48,0.0
2025-11-10 08:00:00+00:00,BTC,106447.25,106591.75,104647.0,105044.25,0.0
2025-11-10 08:00:00+00:00,DOGE,0.18,0.19,0.18,0.18,0.0
2025-11-10 08:00:00+00:00,ETH,3594.8,3606.35,3506.2,3518.6,0.0
2025-11-10 08:00:00+00:00,SOL,167.34,170.52,165.1,166.22,0.0
2025-11-10 08:00:00+00:00,XRP,2.48,2.57,2.465,2.53,0.0
2025-11-10 16:00:00+00:00,BTC,105044.25,106262.25,104757.0,105979.5,0.0
2025-11-10 16:00:00+00:00,DOGE,0.18,0.18,0.18,0.18,0.0
2025-11-10 16:00:00+00:00,ETH,3518.6,3582.75,3505.1,3571.1,0.0
2025-11-10 16:00:00+00:00,SOL,166.22,168.41,165.18,167.79,0.0
2025-11-10 16:00:00+00:00,XRP,2.53,2.58,2.51,2.56,0.0
2025-11-10 21:01:00+00:00,BTC,105158.5,106418.5,104501.75,105973.25,0.0
2025-11-10 21:01:00+00:00,DOGE,0.175,0.18,0.175,0.18,0.0
2025-11-10 21:01:00+00:00,ETH,3537.7,3581.3,3513.8,3566.7,0.0
2025-11-10 21:01:00+00:00,SOL,166.03,168.29,164.57,167.31,0.0
2025-11-10 21:01:00+00:00,XRP,2.51,2.585,2.47,2.53,0.0
2025-11-11 00:00:00+00:00,BTC,105973.25,107474.75,104717.25,104754.5,0.0
2025-11-11 00:00:00+00:00,DOGE,0.18,0.19,0.18,0.18,0.0
2025-11-11 00:00:00+00:00,ETH,3566.7,3647.65,3530.35,3543.65,0.0
2025-11-11 00:00:00+00:00,SOL,167.31,171.89,163.56,163.94,0.0
2025-11-11 00:00:00+00:00,XRP,2.53,2.57,2.445,2.45,0.0
2025-11-11 08:00:00+00:00,BTC,104754.5,105502.5,103168.5,103446.25,0.0
2025-11-11 08:00:00+00:00,DOGE,0.18,0.18,0.18,0.18,0.0
2025-11-11 08:00:00+00:00,ETH,3543.65,3593.35,3466.65,3480.9,0.0
2025-11-11 08:00:00+00:00,SOL,163.94,164.95,160.03,160.84,0.0
2025-11-11 08:00:00+00:00,XRP,2.45,2.47,2.43,2.44,0.0
2025-11-11 16:00:00+00:00,BTC,103446.25,103712.25,102642.5,102774.0,0.0
2025-11-11 16:00:00+00:00,DOGE,0.18,0.19,0.17,0.17,0.0
2025-11-11 16:00:00+00:00,ETH,3480.9,3500.2,3427.35,3437.15,0.0
2025-11-11 16:00:00+00:00,SOL,160.84,161.19,156.22,156.69,0.0
2025-11-11 16:00:00+00:00,XRP,2.44,2.44,2.4,2.41,0.0
2025-11-11 21:01:00+00:00,BTC,102866.5,103912.5,102446.5,103015.0,0.0
2025-11-11 21:01:00+00:00,DOGE,0.17,0.17,0.17,0.17,0.0
2025-11-11 21:01:00+00:00,ETH,3444.85,3506.2,3403.75,3416.7,0.0
2025-11-11 21:01:00+00:00,SOL,157.03,157.35,153.84,154.56,0.0
2025-11-11 21:01:00+00:00,XRP,2.42,2.42,2.38,2.39,0.0
2025-11-12 00:00:00+00:00,BTC,103015.0,103645.75,102644.0,103112.0,0.0
2025-11-12 00:00:00+00:00,DOGE,0.17,0.17,0.17,0.17,0.0
2025-11-12 00:00:00+00:00,ETH,3416.7,3513.4,3407.65,3428.1,0.0
2025-11-12 00:00:00+00:00,SOL,154.56,164.23,153.51,154.99,0.0
2025-11-12 00:00:00+00:00,XRP,2.39,2.515,2.365,2.37,0.0
2025-11-12 08:00:00+00:00,BTC,103112.0,105320.5,102000.0,102170.25,0.0
2025-11-12 08:00:00+00:00,DOGE,0.17,0.18,0.17,0.17,0.0
2025-11-12 08:00:00+00:00,ETH,3428.1,3587.05,3417.3,3427.25,0.0
2025-11-12 08:00:00+00:00,SOL,154.99,166.42,154.98,155.69,0.0
2025-11-12 08:00:00+00:00,XRP,2.37,2.525,2.36,2.37,0.0
2025-11-12 16:00:00+00:00,BTC,102170.25,103952.75,100789.75,101517.0,0.0
2025-11-12 16:00:00+00:00,DOGE,0.17,0.18,0.165,0.17,0.0
2025-11-12 16:00:00+00:00,ETH,3427.25,3501.0,3371.3,3416.2,0.0
2025-11-12 16:00:00+00:00,SOL,155.69,158.61,151.13,153.71,0.0
2025-11-12 16:00:00+00:00,XRP,2.37,2.37,2.32,2.35,0.0
2025-11-12 21:01:00+00:00,BTC,101546.5,101981.75,101439.0,101639.25,0.0
2025-11-12 21:01:00+00:00,DOGE,0.17,0.17,0.17,0.17,0.0
2025-11-12 21:01:00+00:00,ETH,3415.45,3430.4,3392.0,3414.4,0.0
2025-11-12 21:01:00+00:00,SOL,153.74,154.28,152.65,153.37,0.0
2025-11-12 21:01:00+00:00,XRP,2.36,2.42,2.36,2.39,0.0
2025-11-13 00:00:00+00:00,BTC,101639.25,104062.25,100903.5,103448.0,0.0
2025-11-13 00:00:00+00:00,DOGE,0.17,0.18,0.165,0.18,0.0
2025-11-13 00:00:00+00:00,ETH,3414.4,3564.5,3376.1,3537.85,0.0
2025-11-13 00:00:00+00:00,SOL,153.37,157.21,150.32,155.28,0.0
2025-11-13 00:00:00+00:00,XRP,2.39,2.52,2.37,2.49,0.0
2025-11-13 08:00:00+00:00,BTC,103448.0,103785.0,101155.5,101355.5,0.0
2025-11-13 08:00:00+00:00,DOGE,0.18,0.18,0.17,0.17,0.0
2025-11-13 08:00:00+00:00,ETH,3537.85,3550.0,3365.7,3386.05,0.0
2025-11-13 08:00:00+00:00,SOL,155.28,156.94,152.18,153.07,0.0
2025-11-13 08:00:00+00:00,XRP,2.49,2.53,2.42,2.43,0.0
2025-11-13 16:00:00+00:00,BTC,101355.5,101509.0,97929.75,98065.5,0.0
2025-11-13 16:00:00+00:00,DOGE,0.17,0.17,0.16,0.16,0.0
2025-11-13 16:00:00+00:00,ETH,3386.05,3439.95,3151.65,3169.05,0.0
2025-11-13 16:00:00+00:00,SOL,153.07,154.39,140.95,142.62,0.0
2025-11-13 16:00:00+00:00,XRP,2.43,2.445,2.275,2.3,0.0
2025-11-13 21:01:00+00:00,BTC,97937.25,101558.25,97937.25,99618.25,0.0
2025-11-13 21:01:00+00:00,DOGE,0.16,0.17,0.16,0.16,0.0
2025-11-13 21:01:00+00:00,ETH,3166.8,3386.95,3159.1,3229.6,0.0
2025-11-13 21:01:00+00:00,SOL,142.36,146.15,141.13,144.71,0.0
2025-11-13 21:01:00+00:00,XRP,2.29,2.345,2.28,2.32,0.0
2025-11-14 00:00:00+00:00,BTC,99618.25,99825.0,95905.25,97094.5,0.0
2025-11-14 00:00:00+00:00,DOGE,0.16,0.18,0.16,0.17,0.0
2025-11-14 00:00:00+00:00,ETH,3229.6,3268.75,3107.5,3213.65,0.0
2025-11-14 00:00:00+00:00,SOL,144.71,152.43,138.66,142.76,0.0
2025-11-14 00:00:00+00:00,XRP,2.32,2.355,2.25,2.31,0.0
2025-11-14 08:00:00+00:00,BTC,97094.5,100307.0,94471.0,96722.75,0.0
2025-11-14 08:00:00+00:00,DOGE,0.17,0.17,0.16,0.16,0.0
2025-11-14 08:00:00+00:00,ETH,3213.65,3250.75,3067.75,3194.25,0.0
2025-11-14 08:00:00+00:00,SOL,142.76,151.03,135.64,142.12,0.0
2025-11-14 08:00:00+00:00,XRP,2.31,2.355,2.22,2.31,0.0
2025-11-14 16:00:00+00:00,BTC,96722.75,98835.0,94128.0,94299.25,0.0
2025-11-14 16:00:00+00:00,DOGE,0.16,0.16,0.16,0.16,0.0
2025-11-14 16:00:00+00:00,ETH,3194.25,3268.9,3120.0,3135.25,0.0
2025-11-14 16:00:00+00:00,SOL,142.12,151.79,139.16,139.51,0.0
2025-11-14 16:00:00+00:00,XRP,2.31,2.36,2.25,2.26,0.0
2025-11-16 08:00:00+00:00,BTC,96021.0,97198.0,94314.0,94506.5,0.0
2025-11-16 08:00:00+00:00,DOGE,0.16,0.17,0.155,0.16,0.0
2025-11-16 08:00:00+00:00,ETH,3217.2,3262.15,3091.9,3103.5,0.0
2025-11-16 08:00:00+00:00,SOL,142.19,146.61,137.03,137.38,0.0
2025-11-16 08:00:00+00:00,XRP,2.27,2.28,2.18,2.19,0.0
2025-11-16 16:00:00+00:00,BTC,94506.5,96368.0,92920.0,94194.25,0.0
2025-11-16 16:00:00+00:00,DOGE,0.16,0.175,0.15,0.16,0.0
2025-11-16 16:00:00+00:00,ETH,3103.5,3209.0,3003.55,3092.65,0.0
2025-11-16 16:00:00+00:00,SOL,137.38,138.43,134.34,137.06,0.0
2025-11-16 16:00:00+00:00,XRP,2.19,2.23,2.155,2.21,0.0
2025-11-17 00:00:00+00:00,BTC,94194.25,96753.25,93698.75,95570.0,0.0
2025-11-17 00:00:00+00:00,DOGE,0.16,0.175,0.155,0.16,0.0
2025-11-17 00:00:00+00:00,ETH,3092.65,3206.25,3066.45,3196.45,0.0
2025-11-17 00:00:00+00:00,SOL,137.06,146.61,135.97,141.22,0.0
2025-11-17 00:00:00+00:00,XRP,2.21,2.27,2.2,2.26,0.0
2025-11-17 08:00:00+00:00,BTC,95570.0,97023.75,93492.25,93868.5,0.0
2025-11-17 08:00:00+00:00,DOGE,0.16,0.16,0.16,0.16,0.0
2025-11-17 08:00:00+00:00,ETH,3196.45,3251.2,3081.8,3118.05,0.0
2025-11-17 08:00:00+00:00,SOL,141.22,146.42,136.69,137.03,0.0
2025-11-17 08:00:00+00:00,XRP,2.26,2.31,2.19,2.21,0.0
2025-11-17 16:00:00+00:00,BTC,93868.5,94332.75,91176.0,91805.0,0.0
2025-11-17 16:00:00+00:00,DOGE,0.16,0.16,0.15,0.15,0.0
2025-11-17 16:00:00+00:00,ETH,3118.05,3181.0,2955.4,3000.2,0.0
2025-11-17 16:00:00+00:00,SOL,137.03,137.09,128.69,130.17,0.0
2025-11-17 16:00:00+00:00,XRP,2.21,2.255,2.11,2.15,0.0
2025-11-17 21:01:00+00:00,BTC,91937.25,92302.75,91396.25,92097.0,0.0
2025-11-17 21:01:00+00:00,DOGE,0.15,0.165,0.15,0.15,0.0
2025-11-17 21:01:00+00:00,ETH,3003.4,3036.75,2979.75,3027.8,0.0
2025-11-17 21:01:00+00:00,SOL,130.07,131.81,129.65,130.82,0.0
2025-11-17 21:01:00+00:00,XRP,2.15,2.195,2.125,2.16,0.0
2025-11-18 00:00:00+00:00,BTC,92097.0,92251.0,89190.25,90394.5,0.0
2025-11-18 00:00:00+00:00,DOGE,0.15,0.165,0.15,0.15,0.0
2025-11-18 00:00:00+00:00,ETH,3027.8,3046.45,2942.3,3020.95,0.0
2025-11-18 00:00:00+00:00,SOL,130.82,139.25,128.86,136.75,0.0
2025-11-18 00:00:00+00:00,XRP,2.16,2.18,2.1,2.16,0.0
2025-11-18 08:00:00+00:00,BTC,90394.5,93204.5,90394.25,92835.5,0.0
2025-11-18 08:00:00+00:00,DOGE,0.15,0.17,0.15,0.16,0.0
2025-11-18 08:00:00+00:00,ETH,3020.95,3147.85,2982.0,3104.45,0.0
2025-11-18 08:00:00+00:00,SOL,136.75,141.97,133.07,139.59,0.0
2025-11-18 08:00:00+00:00,XRP,2.16,2.26,2.135,2.21,0.0
2025-11-18 16:00:00+00:00,BTC,92835.5,93773.25,91770.75,92747.25,0.0
2025-11-18 16:00:00+00:00,DOGE,0.16,0.16,0.155,0.16,0.0
2025-11-18 16:00:00+00:00,ETH,3104.45,3250.8,3048.7,3121.55,0.0
2025-11-18 16:00:00+00:00,SOL,139.59,144.11,133.92,141.09,0.0
2025-11-18 16:00:00+00:00,XRP,2.21,2.255,2.175,2.225,0.0
2025-11-18 21:01:00+00:00,BTC,92741.0,93360.25,92415.0,92912.5,0.0
2025-11-18 21:01:00+00:00,DOGE,0.16,0.16,0.155,0.16,0.0
2025-11-18 21:01:00+00:00,ETH,3118.05,3130.15,3093.45,3121.9,0.0
2025-11-18 21:01:00+00:00,SOL,140.78,144.21,139.57,140.63,0.0
2025-11-18 21:01:00+00:00,XRP,2.22,2.255,2.19,2.22,0.0
2025-11-19 00:00:00+00:00,BTC,92912.5,92936.75,89999.0,91809.5,0.0
2025-11-19 00:00:00+00:00,DOGE,0.16,0.16,0.16,0.16,0.0
2025-11-19 00:00:00+00:00,ETH,3121.9,3139.6,2990.05,3083.5,0.0
2025-11-19 00:00:00+00:00,SOL,140.63,144.05,137.01,140.47,0.0
2025-11-19 00:00:00+00:00,XRP,2.22,2.22,2.125,2.17,0.0
2025-11-19 08:00:00+00:00,BTC,91809.5,92334.25,89803.75,89881.25,0.0
2025-11-19 08:00:00+00:00,DOGE,0.16,0.16,0.15,0.15,0.0
2025-11-19 08:00:00+00:00,ETH,3083.5,3129.8,2964.45,2970.85,0.0
2025-11-19 08:00:00+00:00,SOL,140.47,143.62,132.18,134.51,0.0
2025-11-19 08:00:00+00:00,XRP,2.17,2.195,2.08,2.08,0.0
2025-11-19 16:00:00+00:00,BTC,89881.25,90161.0,88507.25,89416.75,0.0
2025-11-19 16:00:00+00:00,DOGE,0.15,0.16,0.15,0.15,0.0
2025-11-19 16:00:00+00:00,ETH,2970.85,2984.9,2869.65,2941.5,0.0
2025-11-19 16:00:00+00:00,SOL,134.51,140.44,130.38,133.06,0.0
2025-11-19 16:00:00+00:00,XRP,2.08,2.205,2.02,2.05,0.0
2025-11-19 21:01:00+00:00,BTC,89476.5,91500.25,89340.75,91469.0,0.0
2025-11-19 21:01:00+00:00,DOGE,0.15,0.155,0.15,0.15,0.0
2025-11-19 21:01:00+00:00,ETH,2945.05,3025.0,2934.9,3023.05,0.0
2025-11-19 21:01:00+00:00,SOL,133.07,136.93,132.58,136.93,0.0
2025-11-19 21:01:00+00:00,XRP,2.05,2.115,2.04,2.11,0.0
2025-11-20 00:00:00+00:00,BTC,91469.0,93090.25,91098.75,92230.0,0.0
2025-11-20 00:00:00+00:00,DOGE,0.15,0.16,0.15,0.16,0.0
2025-11-20 00:00:00+00:00,ETH,3023.05,3061.15,3002.0,3036.4,0.0
2025-11-20 00:00:00+00:00,SOL,136.93,144.67,136.23,143.63,0.0
2025-11-20 00:00:00+00:00,XRP,2.11,2.15,2.09,2.14,0.0
2025-11-20 08:00:00+00:00,BTC,92230.0,92670.75,89717.75,89755.5,0.0
2025-11-20 08:00:00+00:00,DOGE,0.16,0.16,0.155,0.16,0.0
2025-11-20 08:00:00+00:00,ETH,3036.4,3089.3,2948.55,2951.95,0.0
2025-11-20 08:00:00+00:00,SOL,143.63,143.81,138.19,138.41,0.0
2025-11-20 08:00:00+00:00,XRP,2.14,2.205,2.08,2.08,0.0
2025-11-20 16:00:00+00:00,BTC,89755.5,89913.0,86004.25,86342.75,0.0
2025-11-20 16:00:00+00:00,DOGE,0.16,0.16,0.15,0.15,0.0
2025-11-20 16:00:00+00:00,ETH,2951.95,3048.7,2784.25,2830.9,0.0
2025-11-20 16:00:00+00:00,SOL,138.41,141.27,130.71,133.53,0.0
2025-11-20 16:00:00+00:00,XRP,2.08,2.15,1.97,2.0,0.0
2025-11-20 21:01:00+00:00,BTC,86479.25,88142.25,86424.5,86532.0,0.0
2025-11-20 21:01:00+00:00,DOGE,0.15,0.15,0.15,0.15,0.0
2025-11-20 21:01:00+00:00,ETH,2841.0,2902.45,2823.35,2830.45,0.0
2025-11-20 21:01:00+00:00,SOL,133.74,136.52,133.16,133.49,0.0
2025-11-20 21:01:00+00:00,XRP,2.01,2.05,1.99,2.0,0.0
2025-11-21 00:00:00+00:00,BTC,86532.0,87400.0,81734.75,83908.75,0.0
2025-11-21 00:00:00+00:00,DOGE,0.15,0.15,0.14,0.14,0.0
2025-11-21 00:00:00+00:00,ETH,2830.45,2886.45,2648.15,2715.9,0.0
2025-11-21 00:00:00+00:00,SOL,133.49,134.91,121.97,127.34,0.0
2025-11-21 00:00:00+00:00,XRP,2.0,2.125,1.85,1.92,0.0
2025-11-21 08:00:00+00:00,BTC,83908.75,86072.0,80534.5,82837.75,0.0
2025-11-21 08:00:00+00:00,DOGE,0.14,0.15,0.13,0.14,0.0
2025-11-21 08:00:00+00:00,ETH,2715.9,2890.1,2620.3,2702.45,0.0
2025-11-21 08:00:00+00:00,SOL,127.34,129.47,121.47,125.25,0.0
2025-11-21 08:00:00+00:00,XRP,1.92,2.0,1.82,1.91,0.0
2025-11-21 16:00:00+00:00,BTC,82837.75,85485.0,82237.0,84497.5,0.0
2025-11-21 16:00:00+00:00,DOGE,0.14,0.14,0.135,0.14,0.0
2025-11-21 16:00:00+00:00,ETH,2702.45,2873.4,2672.25,2736.0,0.0
2025-11-21 16:00:00+00:00,SOL,125.25,138.58,123.4,127.09,0.0
2025-11-21 16:00:00+00:00,XRP,1.91,2.015,1.88,1.94,0.0
2025-11-23 08:00:00+00:00,BTC,85734.0,87367.0,85722.5,87053.25,0.0
2025-11-23 08:00:00+00:00,DOGE,0.14,0.15,0.14,0.15,0.0
2025-11-23 08:00:00+00:00,ETH,2792.35,2904.45,2790.7,2835.5,0.0
2025-11-23 08:00:00+00:00,SOL,128.79,133.08,128.75,132.81,0.0
2025-11-23 08:00:00+00:00,XRP,2.03,2.08,2.02,2.06,0.0
2025-11-23 16:00:00+00:00,BTC,87053.25,88576.5,86466.75,86806.75,0.0
2025-11-23 16:00:00+00:00,DOGE,0.15,0.15,0.14,0.14,0.0
2025-11-23 16:00:00+00:00,ETH,2835.5,3001.65,2786.0,2801.15,0.0
2025-11-23 16:00:00+00:00,SOL,132.81,133.52,130.48,130.54,0.0
2025-11-23 16:00:00+00:00,XRP,2.06,2.08,2.02,2.05,0.0
2025-11-24 00:00:00+00:00,BTC,86806.75,88510.25,85915.25,87003.25,0.0
2025-11-24 00:00:00+00:00,DOGE,0.14,0.15,0.14,0.15,0.0
2025-11-24 00:00:00+00:00,ETH,2801.15,2901.6,2762.0,2828.8,0.0
2025-11-24 00:00:00+00:00,SOL,130.54,134.4,129.23,130.25,0.0
2025-11-24 00:00:00+00:00,XRP,2.05,2.16,2.01,2.06,0.0
2025-11-24 08:00:00+00:00,BTC,87003.25,87604.25,85222.75,86565.75,0.0
2025-11-24 08:00:00+00:00,DOGE,0.15,0.155,0.14,0.15,0.0
2025-11-24 08:00:00+00:00,ETH,2828.8,2880.75,2783.75,2844.65,0.0
2025-11-24 08:00:00+00:00,SOL,130.25,132.52,128.33,131.84,0.0
2025-11-24 08:00:00+00:00,XRP,2.06,2.2,2.04,2.09,0.0
2025-11-24 16:00:00+00:00,BTC,86565.75,89785.5,86467.25,89082.25,0.0
2025-11-24 16:00:00+00:00,DOGE,0.15,0.155,0.145,0.15,0.0
2025-11-24 16:00:00+00:00,ETH,2844.65,3015.5,2835.2,2972.0,0.0
2025-11-24 16:00:00+00:00,SOL,131.84,139.34,131.74,139.0,0.0
2025-11-24 16:00:00+00:00,XRP,2.09,2.29,2.055,2.24,0.0
2025-11-24 21:01:00+00:00,BTC,88165.75,89486.25,88148.25,88266.75,0.0
2025-11-24 21:01:00+00:00,DOGE,0.15,0.155,0.15,0.15,0.0
2025-11-24 21:01:00+00:00,ETH,2968.15,3005.15,2915.75,2953.05,0.0
2025-11-24 21:01:00+00:00,SOL,138.75,139.85,138.0,138.38,0.0
2025-11-24 21:01:00+00:00,XRP,2.23,2.275,2.22,2.23,0.0
2025-11-25 00:00:00+00:00,BTC,88266.75,88490.5,87361.0,87361.0,0.0
2025-11-25 00:00:00+00:00,DOGE,0.15,0.15,0.15,0.15,0.0
2025-11-25 00:00:00+00:00,ETH,2953.05,3081.05,2892.5,2901.9,0.0
2025-11-25 00:00:00+00:00,SOL,138.38,138.95,136.26,136.31,0.0
2025-11-25 00:00:00+00:00,XRP,2.23,2.285,2.17,2.22,0.0
2025-11-25 08:00:00+00:00,BTC,87361.0,88319.0,85983.0,86943.75,0.0
2025-11-25 08:00:00+00:00,DOGE,0.15,0.155,0.145,0.15,0.0
2025-11-25 08:00:00+00:00,ETH,2901.9,3018.1,2855.35,2894.05,0.0
2025-11-25 08:00:00+00:00,SOL,136.31,136.98,133.09,134.8,0.0
2025-11-25 08:00:00+00:00,XRP,2.22,2.26,2.155,2.19,0.0
2025-11-25 16:00:00+00:00,BTC,86943.75,88103.25,86135.0,87367.75,0.0
2025-11-25 16:00:00+00:00,DOGE,0.15,0.15,0.15,0.15,0.0
2025-11-25 16:00:00+00:00,ETH,2894.05,3025.1,2871.2,2929.05,0.0
2025-11-25 16:00:00+00:00,SOL,134.8,137.98,134.14,137.77,0.0
2025-11-25 16:00:00+00:00,XRP,2.19,2.22,2.15,2.2,0.0
2025-11-25 21:01:00+00:00,BTC,87360.5,88066.5,86548.0,87327.25,0.0
2025-11-25 21:01:00+00:00,DOGE,0.15,0.155,0.15,0.15,0.0
2025-11-25 21:01:00+00:00,ETH,2927.05,3043.25,2905.8,2958.4,0.0
2025-11-25 21:01:00+00:00,SOL,137.72,140.45,135.94,138.91,0.0
2025-11-25 21:01:00+00:00,XRP,2.2,2.22,2.17,2.2,0.0
2025-11-26 00:00:00+00:00,BTC,87327.25,88187.5,86863.25,87909.5,0.0
2025-11-26 00:00:00+00:00,DOGE,0.15,0.15,0.15,0.15,0.0
2025-11-26 00:00:00+00:00,ETH,2958.4,2982.25,2903.5,2943.4,0.0
2025-11-26 00:00:00+00:00,SOL,138.91,140.63,137.69,139.85,0.0
2025-11-26 00:00:00+00:00,XRP,2.2,2.21,2.17,2.2,0.0
2025-11-26 08:00:00+00:00,BTC,87909.5,87917.5,86288.25,86939.75,0.0
2025-11-26 08:00:00+00:00,DOGE,0.15,0.15,0.15,0.15,0.0
2025-11-26 08:00:00+00:00,ETH,2943.4,3023.5,2887.0,2926.65,0.0
2025-11-26 08:00:00+00:00,SOL,139.85,139.89,135.46,136.61,0.0
2025-11-26 08:00:00+00:00,XRP,2.2,2.21,2.14,2.17,0.0
2025-11-26 16:00:00+00:00,BTC,86939.75,90393.75,86933.0,89860.5,0.0
2025-11-26 16:00:00+00:00,DOGE,0.15,0.16,0.15,0.16,0.0
2025-11-26 16:00:00+00:00,ETH,2926.65,3044.4,2925.05,3025.1,0.0
2025-11-26 16:00:00+00:00,SOL,136.61,144.72,136.39,142.88,0.0
2025-11-26 16:00:00+00:00,XRP,2.17,2.255,2.17,2.23,0.0
2025-11-26 21:01:00+00:00,BTC,89935.0,90632.25,89803.0,90477.5,0.0
2025-11-26 21:01:00+00:00,DOGE,0.16,0.16,0.15,0.15,0.0
2025-11-26 21:01:00+00:00,ETH,3022.6,3035.8,3015.55,3026.55,0.0
2025-11-26 21:01:00+00:00,SOL,142.97,144.25,142.51,143.01,0.0
2025-11-26 21:01:00+00:00,XRP,2.22,2.24,2.22,2.22,0.0
2025-11-27 00:00:00+00:00,BTC,90477.5,91887.75,90078.0,91399.25,0.0
2025-11-27 00:00:00+00:00,DOGE,0.15,0.16,0.15,0.15,0.0
2025-11-27 00:00:00+00:00,ETH,3026.55,3079.35,2996.7,3033.9,0.0
2025-11-27 00:00:00+00:00,SOL,143.01,144.27,142.05,143.72,0.0
2025-11-27 00:00:00+00:00,XRP,2.22,2.235,2.195,2.2,0.0
2025-11-27 08:00:00+00:00,BTC,91399.25,91925.75,90460.25,90946.0,0.0
2025-11-27 08:00:00+00:00,DOGE,0.15,0.15,0.15,0.15,0.0
2025-11-27 08:00:00+00:00,ETH,3033.9,3044.3,2986.55,3011.1,0.0
2025-11-27 08:00:00+00:00,SOL,143.72,143.88,140.66,142.12,0.0
2025-11-27 08:00:00+00:00,XRP,2.2,2.21,2.17,2.2,0.0
2025-11-27 16:00:00+00:00,BTC,90946.0,91828.0,90843.75,91429.5,0.0
2025-11-27 16:00:00+00:00,DOGE,0.15,0.15,0.15,0.15,0.0
2025-11-27 16:00:00+00:00,ETH,3011.1,3044.35,3005.45,3039.3,0.0
2025-11-27 16:00:00+00:00,SOL,142.12,143.1,141.38,142.44,0.0
2025-11-27 16:00:00+00:00,XRP,2.2,2.23,2.2,2.23,0.0
2025-11-27 21:01:00+00:00,BTC,91396.5,91585.5,91102.0,91310.75,0.0
2025-11-27 21:01:00+00:00,DOGE,0.15,0.15,0.15,0.15,0.0
2025-11-27 21:01:00+00:00,ETH,3036.55,3043.7,3003.9,3015.2,0.0
2025-11-27 21:01:00+00:00,SOL,142.19,142.53,140.46,140.82,0.0
2025-11-27 21:01:00+00:00,XRP,2.22,2.23,2.195,2.2,0.0
2025-11-28 00:00:00+00:00,BTC,91310.75,92109.25,90636.75,90890.75,0.0
2025-11-28 00:00:00+00:00,DOGE,0.15,0.15,0.15,0.15,0.0
2025-11-28 00:00:00+00:00,ETH,3015.2,3029.55,2994.35,3001.65,0.0
2025-11-28 00:00:00+00:00,SOL,140.82,141.44,138.55,138.94,0.0
2025-11-28 00:00:00+00:00,XRP,2.2,2.22,2.17,2.2,0.0
2025-11-28 08:00:00+00:00,BTC,90890.75,93056.75,90887.75,92370.5,0.0
2025-11-28 08:00:00+00:00,DOGE,0.15,0.16,0.15,0.15,0.0
2025-11-28 08:00:00+00:00,ETH,3001.65,3099.75,3001.1,3074.75,0.0
2025-11-28 08:00:00+00:00,SOL,138.94,143.61,138.91,141.62,0.0
2025-11-28 08:00:00+00:00,XRP,2.2,2.28,2.185,2.25,0.0
2025-11-28 16:00:00+00:00,BTC,92370.5,92385.25,90242.25,91214.0,0.0
2025-11-28 16:00:00+00:00,DOGE,0.15,0.15,0.15,0.15,0.0
2025-11-28 16:00:00+00:00,ETH,3074.75,3076.4,3011.75,3057.55,0.0
2025-11-28 16:00:00+00:00,SOL,141.62,141.65,135.99,137.92,0.0
2025-11-28 16:00:00+00:00,XRP,2.25,2.25,2.16,2.19,0.0
2025-11-30 08:00:00+00:00,BTC,90985.75,91957.5,90951.0,91441.75,0.0
2025-11-30 08:00:00+00:00,DOGE,0.15,0.15,0.15,0.15,0.0
2025-11-30 08:00:00+00:00,ETH,3006.2,3053.55,2985.35,3029.4,0.0
2025-11-30 08:00:00+00:00,SOL,136.56,140.2,136.14,138.36,0.0
2025-11-30 08:00:00+00:00,XRP,2.2,2.21,2.18,2.2,0.0
2025-11-30 16:00:00+00:00,BTC,91441.75,91874.25,90353.25,90373.0,0.0
2025-11-30 16:00:00+00:00,DOGE,0.15,0.15,0.15,0.15,0.0
2025-11-30 16:00:00+00:00,ETH,3029.4,3050.75,2989.9,2991.7,0.0
2025-11-30 16:00:00+00:00,SOL,138.36,139.88,133.27,133.47,0.0
2025-11-30 16:00:00+00:00,XRP,2.2,2.215,2.15,2.16,0.0
2025-12-01 00:00:00+00:00,BTC,90373.0,90441.75,85611.75,86539.0,0.0
2025-12-01 00:00:00+00:00,DOGE,0.15,0.15,0.14,0.14,0.0
2025-12-01 00:00:00+00:00,ETH,2991.7,3001.9,2806.75,2840.0,0.0
2025-12-01 00:00:00+00:00,SOL,133.47,133.75,125.79,127.4,0.0
2025-12-01 00:00:00+00:00,XRP,2.16,2.16,2.02,2.06,0.0
2025-12-01 08:00:00+00:00,BTC,86539.0,89317.25,83836.0,84664.0,0.0
2025-12-01 08:00:00+00:00,DOGE,0.14,0.14,0.13,0.13,0.0
2025-12-01 08:00:00+00:00,ETH,2840.0,2940.55,2718.8,2745.55,0.0
2025-12-01 08:00:00+00:00,SOL,127.4,128.0,123.09,125.09,0.0
2025-12-01 08:00:00+00:00,XRP,2.06,2.06,1.98,2.01,0.0
2025-12-01 16:00:00+00:00,BTC,84664.0,86737.0,84025.0,85509.5,0.0
2025-12-01 16:00:00+00:00,DOGE,0.13,0.13,0.13,0.13,0.0
2025-12-01 16:00:00+00:00,ETH,2745.55,2790.05,2718.0,2757.65,0.0
2025-12-01 16:00:00+00:00,SOL,125.09,125.38,123.27,124.44,0.0
2025-12-01 16:00:00+00:00,XRP,2.01,2.03,1.99,2.01,0.0
2025-12-01 21:01:00+00:00,BTC,85599.25,86879.25,85566.75,86291.75,0.0
2025-12-01 21:01:00+00:00,DOGE,0.13,0.14,0.13,0.14,0.0
2025-12-01 21:01:00+00:00,ETH,2761.95,2819.75,2758.85,2798.85,0.0
2025-12-01 21:01:00+00:00,SOL,124.46,127.42,124.22,126.69,0.0
2025-12-01 21:01:00+00:00,XRP,2.02,2.045,2.01,2.03,0.0
2025-12-02 00:00:00+00:00,BTC,86291.75,87347.75,86225.5,87014.75,0.0
2025-12-02 00:00:00+00:00,DOGE,0.14,0.14,0.13,0.14,0.0
2025-12-02 00:00:00+00:00,ETH,2798.85,2824.65,2783.25,2806.1,0.0
2025-12-02 00:00:00+00:00,SOL,126.69,128.49,126.0,127.27,0.0
2025-12-02 00:00:00+00:00,XRP,2.03,2.045,2.0,2.02,0.0
2025-12-02 08:00:00+00:00,BTC,87014.75,91195.75,86363.5,90864.0,0.0
2025-12-02 08:00:00+00:00,DOGE,0.14,0.15,0.13,0.15,0.0
2025-12-02 08:00:00+00:00,ETH,2806.1,3025.1,2782.15,3007.05,0.0
2025-12-02 08:00:00+00:00,SOL,127.27,140.56,126.01,137.81,0.0
2025-12-02 08:00:00+00:00,XRP,2.02,2.165,1.995,2.16,0.0
2025-12-02 16:00:00+00:00,BTC,90864.0,92331.5,90048.75,91059.0,0.0
2025-12-02 16:00:00+00:00,DOGE,0.15,0.15,0.14,0.15,0.0
2025-12-02 16:00:00+00:00,ETH,3007.05,3048.5,2972.9,2979.75,0.0
2025-12-02 16:00:00+00:00,SOL,137.81,140.9,137.36,138.76,0.0
2025-12-02 16:00:00+00:00,XRP,2.16,2.18,2.13,2.165,0.0
2025-12-02 21:01:00+00:00,BTC,91050.75,92180.5,91015.25,91302.75,0.0
2025-12-02 21:01:00+00:00,DOGE,0.15,0.15,0.15,0.15,0.0
2025-12-02 21:01:00+00:00,ETH,2981.0,3022.85,2978.3,2996.9,0.0
2025-12-02 21:01:00+00:00,SOL,138.56,140.04,138.41,138.69,0.0
2025-12-02 21:01:00+00:00,XRP,2.17,2.18,2.15,2.15,0.0
2025-12-03 00:00:00+00:00,BTC,91302.75,93976.75,91027.75,93016.25,0.0
2025-12-03 00:00:00+00:00,DOGE,0.15,0.15,0.15,0.15,0.0
2025-12-03 00:00:00+00:00,ETH,2996.9,3086.65,2985.85,3058.6,0.0
2025-12-03 00:00:00+00:00,SOL,138.69,144.25,137.78,141.92,0.0
2025-12-03 00:00:00+00:00,XRP,2.15,2.22,2.14,2.19,0.0
2025-12-03 08:00:00+00:00,BTC,93016.25,93720.25,91725.75,92391.0,0.0
2025-12-03 08:00:00+00:00,DOGE,0.15,0.15,0.15,0.15,0.0
2025-12-03 08:00:00+00:00,ETH,3058.6,3145.9,3030.45,3086.95,0.0
2025-12-03 08:00:00+00:00,SOL,141.92,143.57,138.81,141.01,0.0
2025-12-03 08:00:00+00:00,XRP,2.19,2.2,2.14,2.17,0.0
2025-12-03 16:00:00+00:00,BTC,92391.0,93527.5,91801.0,92991.5,0.0
2025-12-03 16:00:00+00:00,DOGE,0.15,0.15,0.15,0.15,0.0
2025-12-03 16:00:00+00:00,ETH,3086.95,3159.2,3064.85,3138.75,0.0
2025-12-03 16:00:00+00:00,SOL,141.01,142.36,139.92,141.72,0.0
2025-12-03 16:00:00+00:00,XRP,2.17,2.2,2.16,2.2,0.0
2025-12-03 21:01:00+00:00,BTC,92946.25,94172.75,92874.5,93456.5,0.0
2025-12-03 21:01:00+00:00,DOGE,0.15,0.15,0.15,0.15,0.0
2025-12-03 21:01:00+00:00,ETH,3134.4,3215.55,3097.4,3189.3,0.0
2025-12-03 21:01:00+00:00,SOL,141.68,146.1,141.62,144.71,0.0
2025-12-03 21:01:00+00:00,XRP,2.2,2.215,2.195,2.2,0.0
2025-12-04 00:00:00+00:00,BTC,93456.5,94085.25,92695.5,93411.5,0.0
2025-12-04 00:00:00+00:00,DOGE,0.15,0.15,0.15,0.15,0.0
2025-12-04 00:00:00+00:00,ETH,3189.3,3270.1,3118.35,3190.95,0.0
2025-12-04 00:00:00+00:00,SOL,144.71,146.92,142.66,143.47,0.0
2025-12-04 00:00:00+00:00,XRP,2.2,2.215,2.17,2.17,0.0
2025-12-04 08:00:00+00:00,BTC,93411.5,93636.0,91817.75,93000.75,0.0
2025-12-04 08:00:00+00:00,DOGE,0.15,0.15,0.15,0.15,0.0
2025-12-04 08:00:00+00:00,ETH,3190.95,3224.7,3140.85,3209.15,0.0
2025-12-04 08:00:00+00:00,SOL,143.47,144.27,141.43,143.25,0.0
2025-12-04 08:00:00+00:00,XRP,2.17,2.18,2.11,2.15,0.0
2025-12-04 16:00:00+00:00,BTC,93000.75,93199.0,90914.5,92511.0,0.0
2025-12-04 16:00:00+00:00,DOGE,0.15,0.15,0.15,0.15,0.0
2025-12-04 16:00:00+00:00,ETH,3209.15,3225.95,3067.2,3142.45,0.0
2025-12-04 16:00:00+00:00,SOL,143.25,143.88,137.83,140.43,0.0
2025-12-04 16:00:00+00:00,XRP,2.15,2.16,2.07,2.11,0.0
2025-12-04 21:01:00+00:00,BTC,92499.25,92739.25,92093.0,92094.25,0.0
2025-12-04 21:01:00+00:00,DOGE,0.15,0.15,0.15,0.15,0.0
2025-12-04 21:01:00+00:00,ETH,3143.45,3153.55,3119.6,3133.9,0.0
2025-12-04 21:01:00+00:00,SOL,140.44,140.49,137.12,139.05,0.0
2025-12-04 21:01:00+00:00,XRP,2.11,2.11,2.09,2.1,0.0
2025-12-05 00:00:00+00:00,BTC,92094.25,92708.0,91837.25,92282.25,0.0
2025-12-05 00:00:00+00:00,DOGE,0.15,0.15,0.15,0.15,0.0
2025-12-05 00:00:00+00:00,ETH,3133.9,3253.5,3133.5,3174.85,0.0
2025-12-05 00:00:00+00:00,SOL,139.05,140.78,137.87,139.71,0.0
2025-12-05 00:00:00+00:00,XRP,2.1,2.11,2.08,2.09,0.0
2025-12-05 08:00:00+00:00,BTC,92282.25,92282.25,89012.25,90467.0,0.0
2025-12-05 08:00:00+00:00,DOGE,0.15,0.15,0.14,0.14,0.0
2025-12-05 08:00:00+00:00,ETH,3174.85,3241.0,3017.95,3107.05,0.0
2025-12-05 08:00:00+00:00,SOL,139.71,141.56,131.86,135.06,0.0
2025-12-05 08:00:00+00:00,XRP,2.09,2.16,2.05,2.08,0.0
2025-12-05 16:00:00+00:00,BTC,90467.0,90528.0,88099.75,89331.5,0.0
2025-12-05 16:00:00+00:00,DOGE,0.14,0.14,0.14,0.14,0.0
2025-12-05 16:00:00+00:00,ETH,3107.05,3208.3,2968.65,3022.9,0.0
2025-12-05 16:00:00+00:00,SOL,135.06,139.51,130.85,132.59,0.0
2025-12-05 16:00:00+00:00,XRP,2.08,2.08,2.01,2.02,0.0
2025-12-07 08:00:00+00:00,BTC,89392.5,89736.75,87777.0,89573.25,0.0
2025-12-07 08:00:00+00:00,DOGE,0.14,0.14,0.14,0.14,0.0
2025-12-07 08:00:00+00:00,ETH,3037.4,3177.35,2912.45,3027.3,0.0
2025-12-07 08:00:00+00:00,SOL,132.09,133.09,127.73,132.03,0.0
2025-12-07 08:00:00+00:00,XRP,2.03,2.06,1.99,2.05,0.0
2025-12-07 16:00:00+00:00,BTC,89573.25,92041.5,88971.5,90408.25,0.0
2025-12-07 16:00:00+00:00,DOGE,0.14,0.145,0.135,0.14,0.0
2025-12-07 16:00:00+00:00,ETH,3027.3,3242.15,2983.3,3060.55,0.0
2025-12-07 16:00:00+00:00,SOL,132.03,136.37,128.97,132.26,0.0
2025-12-07 16:00:00+00:00,XRP,2.05,2.145,2.01,2.04,0.0
2025-12-08 00:00:00+00:00,BTC,90408.25,91878.75,89872.75,91567.75,0.0
2025-12-08 00:00:00+00:00,DOGE,0.14,0.14,0.14,0.14,0.0
2025-12-08 00:00:00+00:00,ETH,3060.55,3229.25,3041.35,3134.7,0.0
2025-12-08 00:00:00+00:00,SOL,132.26,136.01,131.52,135.86,0.0
2025-12-08 00:00:00+00:00,XRP,2.04,2.09,2.03,2.09,0.0
2025-12-08 08:00:00+00:00,BTC,91567.75,92301.5,89609.5,89972.25,0.0
2025-12-08 08:00:00+00:00,DOGE,0.14,0.15,0.14,0.14,0.0
2025-12-08 08:00:00+00:00,ETH,3134.7,3205.7,3063.55,3102.7,0.0
2025-12-08 08:00:00+00:00,SOL,135.86,139.36,135.23,135.55,0.0
2025-12-08 08:00:00+00:00,XRP,2.09,2.125,2.065,2.08,0.0
2025-12-08 16:00:00+00:00,BTC,89972.25,90937.75,89680.5,90815.5,0.0
2025-12-08 16:00:00+00:00,DOGE,0.14,0.15,0.14,0.14,0.0
2025-12-08 16:00:00+00:00,ETH,3102.7,3172.75,3053.5,3136.45,0.0
2025-12-08 16:00:00+00:00,SOL,135.55,136.56,133.02,134.12,0.0
2025-12-08 16:00:00+00:00,XRP,2.08,2.09,2.06,2.09,0.0
2025-12-08 21:01:00+00:00,BTC,90715.75,91389.5,90500.0,90650.5,0.0
2025-12-08 21:01:00+00:00,DOGE,0.14,0.15,0.14,0.14,0.0
2025-12-08 21:01:00+00:00,ETH,3130.7,3162.7,3113.3,3125.0,0.0
2025-12-08 21:01:00+00:00,SOL,133.85,134.6,132.48,133.26,0.0
2025-12-08 21:01:00+00:00,XRP,2.08,2.09,2.07,2.07,0.0
2025-12-09 00:00:00+00:00,BTC,90650.5,90863.75,89549.0,90495.25,0.0
2025-12-09 00:00:00+00:00,DOGE,0.14,0.14,0.14,0.14,0.0
2025-12-09 00:00:00+00:00,ETH,3125.0,3144.35,3060.35,3123.0,0.0
2025-12-09 00:00:00+00:00,SOL,133.26,134.43,131.84,133.2,0.0
2025-12-09 00:00:00+00:00,XRP,2.07,2.08,2.04,2.06,0.0
2025-12-09 08:00:00+00:00,BTC,90495.25,92884.25,89957.25,92714.5,0.0
2025-12-09 08:00:00+00:00,DOGE,0.14,0.15,0.14,0.15,0.0
2025-12-09 08:00:00+00:00,ETH,3123.0,3255.45,3093.85,3246.35,0.0
2025-12-09 08:00:00+00:00,SOL,133.2,138.49,131.61,138.45,0.0
2025-12-09 08:00:00+00:00,XRP,2.06,2.12,2.05,2.12,0.0
2025-12-09 16:00:00+00:00,BTC,92714.5,94609.75,92704.0,93128.0,0.0
2025-12-09 16:00:00+00:00,DOGE,0.15,0.15,0.15,0.15,0.0
2025-12-09 16:00:00+00:00,ETH,3246.35,3422.05,3198.75,3327.95,0.0
2025-12-09 16:00:00+00:00,SOL,138.45,144.91,138.44,140.16,0.0
2025-12-09 16:00:00+00:00,XRP,2.12,2.18,2.1,2.11,0.0
2025-12-09 21:01:00+00:00,BTC,93142.25,93943.0,92264.0,92694.25,0.0
2025-12-09 21:01:00+00:00,DOGE,0.15,0.155,0.14,0.15,0.0
2025-12-09 21:01:00+00:00,ETH,3324.95,3361.75,3256.9,3318.5,0.0
2025-12-09 21:01:00+00:00,SOL,140.0,142.5,136.71,137.88,0.0
2025-12-09 21:01:00+00:00,XRP,2.11,2.15,2.09,2.11,0.0
2025-12-10 00:00:00+00:00,BTC,92694.25,92794.75,92000.0,92792.25,0.0
2025-12-10 00:00:00+00:00,DOGE,0.15,0.155,0.15,0.15,0.0
2025-12-10 00:00:00+00:00,ETH,3318.5,3335.45,3286.1,3327.7,0.0
2025-12-10 00:00:00+00:00,SOL,137.88,140.25,137.19,139.19,0.0
2025-12-10 00:00:00+00:00,XRP,2.11,2.11,2.08,2.08,0.0
2025-12-10 08:00:00+00:00,BTC,92792.25,93200.0,91257.75,92072.0,0.0
2025-12-10 08:00:00+00:00,DOGE,0.15,0.15,0.14,0.15,0.0
2025-12-10 08:00:00+00:00,ETH,3327.7,3376.35,3297.6,3328.7,0.0
2025-12-10 08:00:00+00:00,SOL,139.19,139.84,135.72,136.17,0.0
2025-12-10 08:00:00+00:00,XRP,2.08,2.1,2.06,2.06,0.0
2025-12-10 16:00:00+00:00,BTC,92072.0,94538.5,91725.75,92486.75,0.0
2025-12-10 16:00:00+00:00,DOGE,0.15,0.155,0.14,0.15,0.0
2025-12-10 16:00:00+00:00,ETH,3328.7,3468.85,3321.15,3356.7,0.0
2025-12-10 16:00:00+00:00,SOL,136.17,144.21,135.72,138.37,0.0
2025-12-10 16:00:00+00:00,XRP,2.06,2.11,2.04,2.06,0.0
2025-12-10 21:01:00+00:00,BTC,92431.25,93093.75,91895.0,92035.75,0.0
2025-12-10 21:01:00+00:00,DOGE,0.15,0.15,0.14,0.14,0.0
2025-12-10 21:01:00+00:00,ETH,3356.15,3409.45,3315.7,3325.2,0.0
2025-12-10 21:01:00+00:00,SOL,138.35,138.9,135.43,136.31,0.0
2025-12-10 21:01:00+00:00,XRP,2.06,2.07,2.04,2.04,0.0
2025-12-11 00:00:00+00:00,BTC,92035.75,92101.0,89417.25,90287.75,0.0
2025-12-11 00:00:00+00:00,DOGE,0.14,0.14,0.14,0.14,0.0
2025-12-11 00:00:00+00:00,ETH,3325.2,3328.15,3099.9,3202.15,0.0
2025-12-11 00:00:00+00:00,SOL,136.31,136.48,129.05,131.05,0.0
2025-12-11 00:00:00+00:00,XRP,2.04,2.05,1.99,2.01,0.0
2025-12-11 08:00:00+00:00,BTC,90287.75,91974.0,89274.5,89878.0,0.0
2025-12-11 08:00:00+00:00,DOGE,0.14,0.14,0.14,0.14,0.0
2025-12-11 08:00:00+00:00,ETH,3202.15,3298.9,3133.65,3179.95,0.0
2025-12-11 08:00:00+00:00,SOL,131.05,132.86,129.88,131.19,0.0
2025-12-11 08:00:00+00:00,XRP,2.01,2.02,1.98,2.0,0.0
2025-12-11 16:00:00+00:00,BTC,89878.0,92031.25,89336.0,91805.5,0.0
2025-12-11 16:00:00+00:00,DOGE,0.14,0.14,0.14,0.14,0.0
2025-12-11 16:00:00+00:00,ETH,3179.95,3319.45,3130.35,3222.5,0.0
2025-12-11 16:00:00+00:00,SOL,131.19,137.99,130.14,136.12,0.0
2025-12-11 16:00:00+00:00,XRP,2.0,2.03,1.98,2.02,0.0
2025-12-11 21:01:00+00:00,BTC,91763.25,93578.75,91729.0,92537.25,0.0
2025-12-11 21:01:00+00:00,DOGE,0.14,0.14,0.14,0.14,0.0
2025-12-11 21:01:00+00:00,ETH,3221.95,3339.95,3152.4,3237.6,0.0
2025-12-11 21:01:00+00:00,SOL,136.25,137.82,135.69,136.44,0.0
2025-12-11 21:01:00+00:00,XRP,2.03,2.06,2.02,2.03,0.0
2025-12-12 00:00:00+00:00,BTC,92537.25,93350.0,91469.5,92451.75,0.0
2025-12-12 00:00:00+00:00,DOGE,0.14,0.14,0.14,0.14,0.0
2025-12-12 00:00:00+00:00,ETH,3237.6,3332.55,3148.15,3247.35,0.0
2025-12-12 00:00:00+00:00,SOL,136.44,140.15,135.36,139.12,0.0
2025-12-12 00:00:00+00:00,XRP,2.03,2.04,2.02,2.04,0.0
2025-12-12 08:00:00+00:00,BTC,92451.75,92682.5,89780.25,89917.75,0.0
2025-12-12 08:00:00+00:00,DOGE,0.14,0.14,0.135,0.14,0.0
2025-12-12 08:00:00+00:00,ETH,3247.35,3302.25,3053.85,3071.7,0.0
2025-12-12 08:00:00+00:00,SOL,139.12,139.88,132.88,133.49,0.0
2025-12-12 08:00:00+00:00,XRP,2.04,2.05,1.97,1.98,0.0
2025-12-12 16:00:00+00:00,BTC,89917.75,91678.5,89500.0,90219.5,0.0
2025-12-12 16:00:00+00:00,DOGE,0.14,0.14,0.13,0.14,0.0
2025-12-12 16:00:00+00:00,ETH,3071.7,3100.6,3036.15,3082.25,0.0
2025-12-12 16:00:00+00:00,SOL,133.49,133.95,130.36,131.59,0.0
2025-12-12 16:00:00+00:00,XRP,1.98,2.03,1.97,2.0,0.0
2025-12-14 08:00:00+00:00,BTC,90258.5,90292.25,88716.0,89033.0,0.0
2025-12-14 08:00:00+00:00,DOGE,0.14,0.14,0.13,0.14,0.0
2025-12-14 08:00:00+00:00,ETH,3115.35,3120.55,3051.15,3085.2,0.0
2025-12-14 08:00:00+00:00,SOL,133.28,133.53,130.2,130.69,0.0
2025-12-14 08:00:00+00:00,XRP,2.02,2.02,1.99,1.99,0.0
2025-12-14 16:00:00+00:00,BTC,89033.0,89407.0,87586.0,88182.0,0.0
2025-12-14 16:00:00+00:00,DOGE,0.14,0.14,0.13,0.13,0.0
2025-12-14 16:00:00+00:00,ETH,3085.2,3181.7,3026.85,3063.95,0.0
2025-12-14 16:00:00+00:00,SOL,130.69,131.62,128.03,129.41,0.0
2025-12-14 16:00:00+00:00,XRP,1.99,2.005,1.95,1.98,0.0
2025-12-15 00:00:00+00:00,BTC,88182.0,90044.5,88072.75,89745.25,0.0
2025-12-15 00:00:00+00:00,DOGE,0.13,0.14,0.13,0.14,0.0
2025-12-15 00:00:00+00:00,ETH,3063.95,3163.3,3056.5,3129.0,0.0
2025-12-15 00:00:00+00:00,SOL,129.41,133.26,129.3,132.34,0.0
2025-12-15 00:00:00+00:00,XRP,1.98,2.015,1.97,2.0,0.0
2025-12-15 08:00:00+00:00,BTC,89745.25,89987.0,86612.0,87025.75,0.0
2025-12-15 08:00:00+00:00,DOGE,0.14,0.14,0.13,0.13,0.0
2025-12-15 08:00:00+00:00,ETH,3129.0,3177.75,2985.95,3010.65,0.0
2025-12-15 08:00:00+00:00,SOL,132.34,135.44,126.41,126.84,0.0
2025-12-15 08:00:00+00:00,XRP,2.0,2.0,1.91,1.93,0.0
2025-12-15 16:00:00+00:00,BTC,87025.75,87206.5,85155.0,85766.25,0.0
2025-12-15 16:00:00+00:00,DOGE,0.13,0.13,0.13,0.13,0.0
2025-12-15 16:00:00+00:00,ETH,3010.65,3164.6,2894.95,2927.9,0.0
2025-12-15 16:00:00+00:00,SOL,126.84,127.31,123.59,124.99,0.0
2025-12-15 16:00:00+00:00,XRP,1.93,1.93,1.87,1.88,0.0
2025-12-15 21:01:00+00:00,BTC,85783.75,86453.25,85503.75,86411.25,0.0
2025-12-15 21:01:00+00:00,DOGE,0.13,0.13,0.13,0.13,0.0
2025-12-15 21:01:00+00:00,ETH,2928.5,2968.95,2918.55,2964.65,0.0
2025-12-15 21:01:00+00:00,SOL,125.12,127.84,124.94,127.78,0.0
2025-12-15 21:01:00+00:00,XRP,1.89,1.9,1.88,1.9,0.0
2025-12-16 00:00:00+00:00,BTC,86411.25,86594.0,85254.5,85994.25,0.0
2025-12-16 00:00:00+00:00,DOGE,0.13,0.13,0.13,0.13,0.0
2025-12-16 00:00:00+00:00,ETH,2964.65,2977.65,2875.8,2923.75,0.0
2025-12-16 00:00:00+00:00,SOL,127.78,128.03,124.85,125.55,0.0
2025-12-16 00:00:00+00:00,XRP,1.9,1.9,1.85,1.88,0.0
2025-12-16 08:00:00+00:00,BTC,85994.25,88143.5,85919.0,87957.25,0.0
2025-12-16 08:00:00+00:00,DOGE,0.13,0.145,0.125,0.13,0.0
2025-12-16 08:00:00+00:00,ETH,2923.75,2989.55,2886.3,2962.8,0.0
2025-12-16 08:00:00+00:00,SOL,125.55,134.06,125.4,129.72,0.0
2025-12-16 08:00:00+00:00,XRP,1.88,1.95,1.87,1.94,0.0
2025-12-16 16:00:00+00:00,BTC,87957.25,88034.75,87051.5,87562.25,0.0
2025-12-16 16:00:00+00:00,DOGE,0.13,0.13,0.13,0.13,0.0
2025-12-16 16:00:00+00:00,ETH,2962.8,2978.65,2907.95,2947.0,0.0
2025-12-16 16:00:00+00:00,SOL,129.72,129.82,126.75,128.4,0.0
2025-12-16 16:00:00+00:00,XRP,1.94,1.94,1.91,1.93,0.0
2025-12-16 21:01:00+00:00,BTC,87531.5,87924.75,87438.25,87847.25,0.0
2025-12-16 21:01:00+00:00,DOGE,0.13,0.13,0.13,0.13,0.0
2025-12-16 21:01:00+00:00,ETH,2945.75,2965.65,2937.55,2962.1,0.0
2025-12-16 21:01:00+00:00,SOL,128.26,129.54,127.96,129.13,0.0
2025-12-16 21:01:00+00:00,XRP,1.92,1.93,1.92,1.93,0.0
2025-12-17 00:00:00+00:00,BTC,87847.25,87932.75,86186.0,87020.25,0.0
2025-12-17 00:00:00+00:00,DOGE,0.13,0.13,0.13,0.13,0.0
2025-12-17 00:00:00+00:00,ETH,2962.1,2973.3,2910.15,2947.05,0.0
2025-12-17 00:00:00+00:00,SOL,129.13,129.8,127.0,128.22,0.0
2025-12-17 00:00:00+00:00,XRP,1.93,1.94,1.91,1.92,0.0
2025-12-17 08:00:00+00:00,BTC,87020.25,90343.25,86206.75,87196.25,0.0
2025-12-17 08:00:00+00:00,DOGE,0.13,0.14,0.13,0.13,0.0
2025-12-17 08:00:00+00:00,ETH,2947.05,3029.1,2883.45,2903.55,0.0
2025-12-17 08:00:00+00:00,SOL,128.22,133.95,125.92,126.71,0.0
2025-12-17 08:00:00+00:00,XRP,1.92,1.99,1.9,1.91,0.0
2025-12-17 16:00:00+00:00,BTC,87196.25,87732.25,85275.25,85857.75,0.0
2025-12-17 16:00:00+00:00,DOGE,0.13,0.13,0.12,0.13,0.0
2025-12-17 16:00:00+00:00,ETH,2903.55,2924.5,2789.95,2821.95,0.0
2025-12-17 16:00:00+00:00,SOL,126.71,127.93,121.32,122.95,0.0
2025-12-17 16:00:00+00:00,XRP,1.91,1.92,1.85,1.88,0.0
2025-12-17 21:01:00+00:00,BTC,86006.75,86394.25,85742.5,86209.5,0.0
2025-12-17 21:01:00+00:00,DOGE,0.14,0.145,0.125,0.13,0.0
2025-12-17 21:01:00+00:00,ETH,2873.75,2883.5,2807.05,2832.05,0.0
2025-12-17 21:01:00+00:00,SOL,130.13,130.71,121.73,123.21,0.0
2025-12-17 21:01:00+00:00,XRP,1.955,1.965,1.85,1.86,0.0
2025-12-18 00:00:00+00:00,BTC,86209.5,86859.75,85828.0,86800.5,0.0
2025-12-18 00:00:00+00:00,DOGE,0.13,0.13,0.12,0.12,0.0
2025-12-18 00:00:00+00:00,ETH,2832.05,2846.65,2812.2,2834.95,0.0
2025-12-18 00:00:00+00:00,SOL,123.21,124.11,122.15,122.77,0.0
2025-12-18 00:00:00+00:00,XRP,1.86,1.87,1.83,1.84,0.0
2025-12-18 08:00:00+00:00,BTC,86800.5,89436.5,86653.75,88456.0,0.0
2025-12-18 08:00:00+00:00,DOGE,0.12,0.135,0.12,0.13,0.0
2025-12-18 08:00:00+00:00,ETH,2834.95,3003.9,2823.3,2963.65,0.0
2025-12-18 08:00:00+00:00,SOL,122.77,128.95,122.04,127.31,0.0
2025-12-18 08:00:00+00:00,XRP,1.84,1.93,1.84,1.92,0.0
2025-12-18 16:00:00+00:00,BTC,88456.0,88472.75,84410.75,84554.75,0.0
2025-12-18 16:00:00+00:00,DOGE,0.13,0.13,0.12,0.12,0.0
2025-12-18 16:00:00+00:00,ETH,2963.65,2966.0,2693.55,2779.5,0.0
2025-12-18 16:00:00+00:00,SOL,127.31,127.41,116.85,117.17,0.0
2025-12-18 16:00:00+00:00,XRP,1.92,1.92,1.8,1.8,0.0
2025-12-18 21:01:00+00:00,BTC,85016.25,85795.25,84896.25,85466.75,0.0
2025-12-18 21:01:00+00:00,DOGE,0.12,0.12,0.12,0.12,0.0
2025-12-18 21:01:00+00:00,ETH,2801.35,2909.2,2797.45,2826.9,0.0
2025-12-18 21:01:00+00:00,SOL,117.7,120.13,117.48,119.52,0.0
2025-12-18 21:01:00+00:00,XRP,1.81,1.82,1.805,1.81,0.0
2025-12-19 00:00:00+00:00,BTC,85466.75,88342.75,85066.75,87894.0,0.0
2025-12-19 00:00:00+00:00,DOGE,0.12,0.13,0.12,0.13,0.0
2025-12-19 00:00:00+00:00,ETH,2826.9,2981.85,2807.15,2950.0,0.0
2025-12-19 00:00:00+00:00,SOL,119.52,125.26,117.53,124.36,0.0
2025-12-19 00:00:00+00:00,XRP,1.81,1.88,1.77,1.87,0.0
2025-12-19 08:00:00+00:00,BTC,87894.0,89353.0,86464.5,87907.25,0.0
2025-12-19 08:00:00+00:00,DOGE,0.13,0.13,0.13,0.13,0.0
2025-12-19 08:00:00+00:00,ETH,2950.0,3017.55,2876.95,2963.35,0.0
2025-12-19 08:00:00+00:00,SOL,124.36,127.59,123.76,125.0,0.0
2025-12-19 08:00:00+00:00,XRP,1.87,1.9,1.86,1.87,0.0
2025-12-19 16:00:00+00:00,BTC,87907.25,88829.5,86214.0,88026.25,0.0
2025-12-19 16:00:00+00:00,DOGE,0.13,0.13,0.13,0.13,0.0
2025-12-19 16:00:00+00:00,ETH,2963.35,3155.8,2874.05,2993.8,0.0
2025-12-19 16:00:00+00:00,SOL,125.0,127.79,123.5,127.09,0.0
2025-12-19 16:00:00+00:00,XRP,1.87,1.925,1.87,1.91,0.0
2025-12-21 08:00:00+00:00,BTC,88142.25,89043.5,87395.25,88037.5,0.0
2025-12-21 08:00:00+00:00,DOGE,0.13,0.13,0.13,0.13,0.0
2025-12-21 08:00:00+00:00,ETH,2979.85,3011.7,2918.9,2973.85,0.0
2025-12-21 08:00:00+00:00,SOL,125.25,126.58,123.39,125.0,0.0
2025-12-21 08:00:00+00:00,XRP,1.92,1.95,1.89,1.9,0.0
2025-12-21 16:00:00+00:00,BTC,88037.5,88779.0,87811.5,88633.0,0.0
2025-12-21 16:00:00+00:00,DOGE,0.13,0.13,0.13,0.13,0.0
2025-12-21 16:00:00+00:00,ETH,2973.85,3160.6,2927.85,3001.4,0.0
2025-12-21 16:00:00+00:00,SOL,125.0,126.31,124.32,126.0,0.0
2025-12-21 16:00:00+00:00,XRP,1.9,1.93,1.9,1.92,0.0
2025-12-22 00:00:00+00:00,BTC,88633.0,89603.25,87602.75,89132.25,0.0
2025-12-22 00:00:00+00:00,DOGE,0.13,0.13,0.13,0.13,0.0
2025-12-22 00:00:00+00:00,ETH,3001.4,3172.25,2941.3,3028.6,0.0
2025-12-22 00:00:00+00:00,SOL,126.0,128.51,124.48,126.23,0.0
2025-12-22 00:00:00+00:00,XRP,1.92,1.95,1.9,1.93,0.0
2025-12-22 08:00:00+00:00,BTC,89132.25,90542.5,88398.0,89693.25,0.0
2025-12-22 08:00:00+00:00,DOGE,0.13,0.14,0.13,0.13,0.0
2025-12-22 08:00:00+00:00,ETH,3028.6,3136.15,2960.35,3051.25,0.0
2025-12-22 08:00:00+00:00,SOL,126.23,128.71,125.42,128.0,0.0
2025-12-22 08:00:00+00:00,XRP,1.93,1.965,1.91,1.93,0.0
2025-12-22 16:00:00+00:00,BTC,89693.25,90093.25,87868.25,88305.0,0.0
2025-12-22 16:00:00+00:00,DOGE,0.13,0.14,0.13,0.13,0.0
2025-12-22 16:00:00+00:00,ETH,3051.25,3058.55,2932.4,2974.7,0.0
2025-12-22 16:00:00+00:00,SOL,128.0,128.43,124.15,124.36,0.0
2025-12-22 16:00:00+00:00,XRP,1.93,1.945,1.89,1.9,0.0
2025-12-22 21:01:00+00:00,BTC,88316.25,88770.25,87751.75,88557.25,0.0
2025-12-22 21:01:00+00:00,DOGE,0.13,0.13,0.13,0.13,0.0
2025-12-22 21:01:00+00:00,ETH,2976.55,3014.3,2935.95,3007.8,0.0
2025-12-22 21:01:00+00:00,SOL,124.27,125.97,124.26,125.84,0.0
2025-12-22 21:01:00+00:00,XRP,1.9,1.91,1.89,1.9,0.0
2025-12-23 00:00:00+00:00,BTC,88557.25,88887.0,87001.75,87514.5,0.0
2025-12-23 00:00:00+00:00,DOGE,0.13,0.13,0.13,0.13,0.0
2025-12-23 00:00:00+00:00,ETH,3007.8,3066.75,2925.65,2963.1,0.0
2025-12-23 00:00:00+00:00,SOL,125.84,126.86,123.68,124.13,0.0
2025-12-23 00:00:00+00:00,XRP,1.9,1.91,1.87,1.88,0.0
2025-12-23 08:00:00+00:00,BTC,87514.5,88363.0,86545.5,87390.25,0.0
2025-12-23 08:00:00+00:00,DOGE,0.13,0.13,0.13,0.13,0.0
2025-12-23 08:00:00+00:00,ETH,2963.1,3030.8,2900.4,2927.05,0.0
2025-12-23 08:00:00+00:00,SOL,124.13,125.17,122.09,123.28,0.0
2025-12-23 08:00:00+00:00,XRP,1.88,1.905,1.86,1.88,0.0
2025-12-23 16:00:00+00:00,BTC,87390.25,88602.25,87110.75,87619.75,0.0
2025-12-23 16:00:00+00:00,DOGE,0.13,0.13,0.13,0.13,0.0
2025-12-23 16:00:00+00:00,ETH,2927.05,3139.25,2907.15,2967.5,0.0
2025-12-23 16:00:00+00:00,SOL,123.28,125.56,122.73,124.63,0.0
2025-12-23 16:00:00+00:00,XRP,1.88,1.89,1.87,1.88,0.0
2025-12-23 21:01:00+00:00,BTC,87665.25,87791.0,87128.25,87420.0,0.0
2025-12-23 21:01:00+00:00,DOGE,0.13,0.13,0.13,0.13,0.0
2025-12-23 21:01:00+00:00,ETH,2968.7,3112.85,2949.0,2962.55,0.0
2025-12-23 21:01:00+00:00,SOL,124.47,124.54,123.37,123.93,0.0
2025-12-23 21:01:00+00:00,XRP,1.88,1.88,1.87,1.87,0.0
2025-12-24 00:00:00+00:00,BTC,87420.0,87772.5,86727.0,86839.5,0.0
2025-12-24 00:00:00+00:00,DOGE,0.13,0.13,0.13,0.13,0.0
2025-12-24 00:00:00+00:00,ETH,2962.55,3107.8,2911.5,2930.15,0.0
2025-12-24 00:00:00+00:00,SOL,123.93,124.22,120.5,121.21,0.0
2025-12-24 00:00:00+00:00,XRP,1.87,1.88,1.84,1.85,0.0
2025-12-24 08:00:00+00:00,BTC,86839.5,87433.75,86361.5,86987.5,0.0
2025-12-24 08:00:00+00:00,DOGE,0.13,0.13,0.13,0.13,0.0
2025-12-24 08:00:00+00:00,ETH,2930.15,3090.75,2886.65,2923.45,0.0
2025-12-24 08:00:00+00:00,SOL,121.21,122.85,120.6,122.65,0.0
2025-12-24 08:00:00+00:00,XRP,1.85,1.88,1.85,1.86,0.0
2025-12-24 16:00:00+00:00,BTC,86987.5,87613.5,86848.25,87496.0,0.0
2025-12-24 16:00:00+00:00,DOGE,0.13,0.13,0.13,0.13,0.0
2025-12-24 16:00:00+00:00,ETH,2923.45,3098.35,2920.0,2941.05,0.0
2025-12-24 16:00:00+00:00,SOL,122.65,123.37,121.67,122.56,0.0
2025-12-24 16:00:00+00:00,XRP,1.86,1.87,1.85,1.86,0.0
2025-12-24 21:01:00+00:00,BTC,87548.0,88316.0,87535.75,87609.75,0.0
2025-12-24 21:01:00+00:00,DOGE,0.13,0.13,0.13,0.13,0.0
2025-12-24 21:01:00+00:00,ETH,2942.95,2961.15,2942.3,2945.1,0.0
2025-12-24 21:01:00+00:00,SOL,122.74,123.33,122.37,122.43,0.0
2025-12-24 21:01:00+00:00,XRP,1.86,1.87,1.86,1.86,0.0
2025-12-25 00:00:00+00:00,BTC,87609.75,87902.75,87457.25,87775.25,0.0
2025-12-25 00:00:00+00:00,DOGE,0.13,0.13,0.13,0.13,0.0
2025-12-25 00:00:00+00:00,ETH,2945.1,2955.05,2934.55,2940.25,0.0
2025-12-25 00:00:00+00:00,SOL,122.43,123.06,121.98,122.21,0.0
2025-12-25 00:00:00+00:00,XRP,1.86,1.88,1.86,1.87,0.0
2025-12-25 08:00:00+00:00,BTC,87775.25,88549.75,87196.0,88313.25,0.0
2025-12-25 08:00:00+00:00,DOGE,0.13,0.13,0.13,0.13,0.0
2025-12-25 08:00:00+00:00,ETH,2940.25,3099.65,2910.6,2959.1,0.0
2025-12-25 08:00:00+00:00,SOL,122.21,124.03,121.21,123.58,0.0
2025-12-25 08:00:00+00:00,XRP,1.87,1.89,1.85,1.88,0.0
2025-12-25 16:00:00+00:00,BTC,88313.25,88425.75,87590.25,87827.75,0.0
2025-12-25 16:00:00+00:00,DOGE,0.13,0.13,0.13,0.13,0.0
2025-12-25 16:00:00+00:00,ETH,2959.1,3102.85,2941.55,2948.55,0.0
2025-12-25 16:00:00+00:00,SOL,123.58,124.38,122.71,123.22,0.0
2025-12-25 16:00:00+00:00,XRP,1.88,1.88,1.86,1.87,0.0
2025-12-25 21:01:00+00:00,BTC,87815.25,88073.0,86904.75,87180.25,0.0
2025-12-25 21:01:00+00:00,DOGE,0.13,0.13,0.12,0.12,0.0
2025-12-25 21:01:00+00:00,ETH,2947.75,3080.75,2890.45,2902.5,0.0
2025-12-25 21:01:00+00:00,SOL,123.16,123.45,119.67,119.98,0.0
2025-12-25 21:01:00+00:00,XRP,1.87,1.87,1.83,1.83,0.0
2025-12-26 00:00:00+00:00,BTC,87180.25,89495.75,86843.5,88375.5,0.0
2025-12-26 00:00:00+00:00,DOGE,0.12,0.13,0.12,0.13,0.0
2025-12-26 00:00:00+00:00,ETH,2902.5,3116.4,2892.65,2954.2,0.0
2025-12-26 00:00:00+00:00,SOL,119.98,124.29,119.19,122.62,0.0
2025-12-26 00:00:00+00:00,XRP,1.83,1.88,1.82,1.86,0.0
2025-12-26 08:00:00+00:00,BTC,88375.5,89002.75,86585.25,87056.25,0.0
2025-12-26 08:00:00+00:00,DOGE,0.13,0.13,0.12,0.12,0.0
2025-12-26 08:00:00+00:00,ETH,2954.2,2990.5,2892.1,2920.85,0.0
2025-12-26 08:00:00+00:00,SOL,122.62,125.06,120.36,121.47,0.0
2025-12-26 08:00:00+00:00,XRP,1.86,1.88,1.825,1.84,0.0
2025-12-26 16:00:00+00:00,BTC,87056.25,88165.75,86728.5,87505.75,0.0
2025-12-26 16:00:00+00:00,DOGE,0.12,0.12,0.12,0.12,0.0
2025-12-26 16:00:00+00:00,ETH,2920.85,2960.9,2904.45,2928.9,0.0
2025-12-26 16:00:00+00:00,SOL,121.47,122.56,121.07,122.31,0.0
2025-12-26 16:00:00+00:00,XRP,1.84,1.86,1.83,1.85,0.0
2025-12-28 08:00:00+00:00,BTC,87671.75,88012.25,87655.25,87775.75,0.0
2025-12-28 08:00:00+00:00,DOGE,0.12,0.12,0.12,0.12,0.0
2025-12-28 08:00:00+00:00,ETH,2936.8,2958.75,2916.6,2947.2,0.0
2025-12-28 08:00:00+00:00,SOL,124.12,124.92,123.86,124.36,0.0
2025-12-28 08:00:00+00:00,XRP,1.87,1.88,1.86,1.87,0.0
2025-12-28 16:00:00+00:00,BTC,87775.75,88073.25,87276.5,87878.5,0.0
2025-12-28 16:00:00+00:00,DOGE,0.12,0.14,0.12,0.12,0.0
2025-12-28 16:00:00+00:00,ETH,2947.2,2953.4,2923.05,2948.7,0.0
2025-12-28 16:00:00+00:00,SOL,124.36,125.55,123.0,125.15,0.0
2025-12-28 16:00:00+00:00,XRP,1.87,1.87,1.85,1.86,0.0
2025-12-29 00:00:00+00:00,BTC,87878.5,90305.75,87741.75,89503.25,0.0
2025-12-29 00:00:00+00:00,DOGE,0.12,0.13,0.12,0.13,0.0
2025-12-29 00:00:00+00:00,ETH,2948.7,3144.45,2942.5,3015.75,0.0
2025-12-29 00:00:00+00:00,SOL,125.15,130.06,124.88,127.72,0.0
2025-12-29 00:00:00+00:00,XRP,1.86,1.92,1.86,1.9,0.0
2025-12-29 08:00:00+00:00,BTC,89503.25,89712.5,86688.5,87589.25,0.0
2025-12-29 08:00:00+00:00,DOGE,0.13,0.13,0.12,0.12,0.0
2025-12-29 08:00:00+00:00,ETH,3015.75,3023.4,2906.95,2932.15,0.0
2025-12-29 08:00:00+00:00,SOL,127.72,128.32,122.22,123.31,0.0
2025-12-29 08:00:00+00:00,XRP,1.9,1.9,1.85,1.86,0.0
2025-12-29 16:00:00+00:00,BTC,87589.25,87906.0,86957.5,87090.25,0.0
2025-12-29 16:00:00+00:00,DOGE,0.12,0.12,0.12,0.12,0.0
2025-12-29 16:00:00+00:00,ETH,2932.15,2943.15,2905.9,2926.0,0.0
2025-12-29 16:00:00+00:00,SOL,123.31,123.84,122.51,123.19,0.0
2025-12-29 16:00:00+00:00,XRP,1.86,1.87,1.84,1.85,0.0
2025-12-29 21:01:00+00:00,BTC,87150.5,87292.5,86821.25,87116.75,0.0
2025-12-29 21:01:00+00:00,DOGE,0.12,0.12,0.12,0.12,0.0
2025-12-29 21:01:00+00:00,ETH,2928.05,2941.1,2918.5,2934.1,0.0
2025-12-29 21:01:00+00:00,SOL,123.14,123.45,122.99,123.09,0.0
2025-12-29 21:01:00+00:00,XRP,1.85,1.85,1.84,1.85,0.0
2025-12-30 00:00:00+00:00,BTC,87116.75,87489.5,86719.25,87377.25,0.0
2025-12-30 00:00:00+00:00,DOGE,0.12,0.12,0.12,0.12,0.0
2025-12-30 00:00:00+00:00,ETH,2934.1,3094.0,2915.15,2947.3,0.0
2025-12-30 00:00:00+00:00,SOL,123.09,124.19,122.42,123.84,0.0
2025-12-30 00:00:00+00:00,XRP,1.85,1.87,1.84,1.86,0.0
2025-12-30 08:00:00+00:00,BTC,87377.25,89064.25,84785.75,88923.75,0.0
2025-12-30 08:00:00+00:00,DOGE,0.12,0.13,0.12,0.12,0.0
2025-12-30 08:00:00+00:00,ETH,2947.3,3121.15,2941.75,2986.55,0.0
2025-12-30 08:00:00+00:00,SOL,123.84,125.19,123.37,125.0,0.0
2025-12-30 08:00:00+00:00,XRP,1.86,1.88,1.85,1.88,0.0
2025-12-30 16:00:00+00:00,BTC,88923.75,89777.5,87791.0,87845.0,0.0
2025-12-30 16:00:00+00:00,DOGE,0.12,0.14,0.12,0.12,0.0
2025-12-30 16:00:00+00:00,ETH,2986.55,3118.8,2942.4,2955.65,0.0
2025-12-30 16:00:00+00:00,SOL,125.0,126.4,123.62,123.9,0.0
2025-12-30 16:00:00+00:00,XRP,1.88,1.88,1.86,1.87,0.0
2025-12-30 21:01:00+00:00,BTC,87793.25,88483.0,87791.5,88395.5,0.0
2025-12-30 21:01:00+00:00,DOGE,0.12,0.12,0.12,0.12,0.0
2025-12-30 21:01:00+00:00,ETH,2953.2,2972.65,2952.85,2970.8,0.0
2025-12-30 21:01:00+00:00,SOL,123.82,125.28,122.69,124.87,0.0
2025-12-30 21:01:00+00:00,XRP,1.87,1.89,1.85,1.88,0.0
2025-12-31 00:00:00+00:00,BTC,88395.5,88709.5,88073.75,88501.0,0.0
2025-12-31 00:00:00+00:00,DOGE,0.12,0.14,0.12,0.12,0.0
2025-12-31 00:00:00+00:00,ETH,2970.8,2981.5,2958.7,2972.95,0.0
2025-12-31 00:00:00+00:00,SOL,124.87,125.93,124.25,125.78,0.0
2025-12-31 00:00:00+00:00,XRP,1.88,1.88,1.865,1.87,0.0
2025-12-31 08:00:00+00:00,BTC,88501.0,89094.5,87671.75,87829.5,0.0
2025-12-31 08:00:00+00:00,DOGE,0.12,0.14,0.12,0.12,0.0
2025-12-31 08:00:00+00:00,ETH,2972.95,3024.15,2960.05,2981.55,0.0
2025-12-31 08:00:00+00:00,SOL,125.78,127.25,124.81,125.44,0.0
2025-12-31 08:00:00+00:00,XRP,1.87,1.88,1.85,1.86,0.0
2025-12-31 16:00:00+00:00,BTC,87829.5,87931.25,87100.0,87514.75,0.0
2025-12-31 16:00:00+00:00,DOGE,0.12,0.12,0.12,0.12,0.0
2025-12-31 16:00:00+00:00,ETH,2981.55,3110.05,2957.0,2970.4,0.0
2025-12-31 16:00:00+00:00,SOL,125.44,127.17,122.98,123.97,0.0
2025-12-31 16:00:00+00:00,XRP,1.86,1.86,1.81,1.83,0.0
2025-12-31 21:01:00+00:00,BTC,87555.0,87737.75,87020.25,87496.25,0.0
2025-12-31 21:01:00+00:00,DOGE,0.12,0.12,0.12,0.12,0.0
2025-12-31 21:01:00+00:00,ETH,2971.5,2979.45,2965.4,2966.8,0.0
2025-12-31 21:01:00+00:00,SOL,124.07,124.97,123.77,124.44,0.0
2025-12-31 21:01:00+00:00,XRP,1.83,1.845,1.82,1.84,0.0
2026-01-01 00:00:00+00:00,BTC,87496.25,87934.0,87392.0,87472.5,0.0
2026-01-01 00:00:00+00:00,DOGE,0.12,0.12,0.12,0.12,0.0
2026-01-01 00:00:00+00:00,ETH,2966.8,2983.85,2966.45,2973.2,0.0
2026-01-01 00:00:00+00:00,SOL,124.44,125.59,123.99,124.05,0.0
2026-01-01 00:00:00+00:00,XRP,1.84,1.85,1.82,1.84,0.0
2026-01-01 08:00:00+00:00,BTC,87472.5,87999.5,87469.25,87921.75,0.0
2026-01-01 08:00:00+00:00,DOGE,0.12,0.135,0.12,0.12,0.0
2026-01-01 08:00:00+00:00,ETH,2973.2,2991.0,2972.65,2985.9,0.0
2026-01-01 08:00:00+00:00,SOL,124.05,125.09,123.92,124.78,0.0
2026-01-01 08:00:00+00:00,XRP,1.84,1.86,1.84,1.86,0.0
2026-01-01 16:00:00+00:00,BTC,87921.75,88385.5,87761.0,88144.75,0.0
2026-01-01 16:00:00+00:00,DOGE,0.12,0.13,0.12,0.13,0.0
2026-01-01 16:00:00+00:00,ETH,2985.9,3120.85,2976.7,2985.5,0.0
2026-01-01 16:00:00+00:00,SOL,124.78,125.78,124.1,125.2,0.0
2026-01-01 16:00:00+00:00,XRP,1.86,1.87,1.85,1.87,0.0
2026-01-01 21:01:00+00:00,BTC,88153.75,88797.75,88141.0,88730.5,0.0
2026-01-01 21:01:00+00:00,DOGE,0.13,0.13,0.13,0.13,0.0
2026-01-01 21:01:00+00:00,ETH,2985.3,3006.2,2983.65,3000.3,0.0
2026-01-01 21:01:00+00:00,SOL,125.27,127.15,125.12,126.74,0.0
2026-01-01 21:01:00+00:00,XRP,1.87,1.88,1.86,1.88,0.0
2026-01-02 00:00:00+00:00,BTC,88730.5,89471.25,88279.25,88750.25,0.0
2026-01-02 00:00:00+00:00,DOGE,0.13,0.13,0.13,0.13,0.0
2026-01-02 00:00:00+00:00,ETH,3000.3,3034.85,2988.8,3014.55,0.0
2026-01-02 00:00:00+00:00,SOL,126.74,127.85,125.69,126.97,0.0
2026-01-02 00:00:00+00:00,XRP,1.88,1.89,1.87,1.87,0.0
2026-01-02 08:00:00+00:00,BTC,88750.25,90070.0,88391.75,89360.25,0.0
2026-01-02 08:00:00+00:00,DOGE,0.13,0.14,0.13,0.14,0.0
2026-01-02 08:00:00+00:00,ETH,3014.55,3171.7,3012.1,3084.25,0.0
2026-01-02 08:00:00+00:00,SOL,126.97,129.82,126.7,128.9,0.0
2026-01-02 08:00:00+00:00,XRP,1.87,1.92,1.87,1.92,0.0
2026-01-02 16:00:00+00:00,BTC,89360.25,90928.75,89034.5,89697.25,0.0
2026-01-02 16:00:00+00:00,DOGE,0.14,0.14,0.13,0.14,0.0
2026-01-02 16:00:00+00:00,ETH,3084.25,3149.05,3052.7,3116.45,0.0
2026-01-02 16:00:00+00:00,SOL,128.9,138.96,128.59,131.05,0.0
2026-01-02 16:00:00+00:00,XRP,1.92,2.0,1.91,1.98,0.0
2026-01-04 08:00:00+00:00,BTC,91493.25,91579.25,91021.0,91295.25,0.0
2026-01-04 08:00:00+00:00,DOGE,0.15,0.15,0.15,0.15,0.0
2026-01-04 08:00:00+00:00,ETH,3140.25,3147.2,3110.75,3134.1,0.0
2026-01-04 08:00:00+00:00,SOL,133.78,140.44,133.18,134.84,0.0
2026-01-04 08:00:00+00:00,XRP,2.07,2.12,2.06,2.09,0.0
2026-01-04 16:00:00+00:00,BTC,91295.25,91851.0,90828.5,91492.25,0.0
2026-01-04 16:00:00+00:00,DOGE,0.15,0.15,0.15,0.15,0.0
2026-01-04 16:00:00+00:00,ETH,3134.1,3182.95,3117.55,3143.4,0.0
2026-01-04 16:00:00+00:00,SOL,134.84,135.49,133.06,134.06,0.0
2026-01-04 16:00:00+00:00,XRP,2.09,2.1,2.07,2.09,0.0
2026-01-05 00:00:00+00:00,BTC,91492.25,93335.5,91483.0,92479.25,0.0
2026-01-05 00:00:00+00:00,DOGE,0.15,0.15,0.15,0.15,0.0
2026-01-05 00:00:00+00:00,ETH,3143.4,3219.5,3135.05,3155.9,0.0
2026-01-05 00:00:00+00:00,SOL,134.06,137.69,133.92,135.37,0.0
2026-01-05 00:00:00+00:00,XRP,2.09,2.17,2.09,2.13,0.0
2026-01-05 08:00:00+00:00,BTC,92479.25,93967.5,92281.0,93940.0,0.0
2026-01-05 08:00:00+00:00,DOGE,0.15,0.15,0.15,0.15,0.0
2026-01-05 08:00:00+00:00,ETH,3155.9,3209.15,3130.7,3195.3,0.0
2026-01-05 08:00:00+00:00,SOL,135.37,136.44,133.1,136.06,0.0
2026-01-05 08:00:00+00:00,XRP,2.13,2.17,2.11,2.16,0.0
2026-01-05 16:00:00+00:00,BTC,93940.0,94809.0,93241.75,94185.75,0.0
2026-01-05 16:00:00+00:00,DOGE,0.15,0.155,0.15,0.15,0.0
2026-01-05 16:00:00+00:00,ETH,3195.3,3277.85,3146.1,3241.6,0.0
2026-01-05 16:00:00+00:00,SOL,136.06,139.84,134.26,137.88,0.0
2026-01-05 16:00:00+00:00,XRP,2.16,2.35,2.16,2.32,0.0
2026-01-05 21:01:00+00:00,BTC,94150.25,94671.0,93744.5,93877.25,0.0
2026-01-05 21:01:00+00:00,DOGE,0.15,0.155,0.145,0.15,0.0
2026-01-05 21:01:00+00:00,ETH,3241.15,3280.35,3178.85,3225.3,0.0
2026-01-05 21:01:00+00:00,SOL,137.94,142.57,132.76,137.91,0.0
2026-01-05 21:01:00+00:00,XRP,2.31,2.39,2.3,2.35,0.0
2026-01-06 00:00:00+00:00,BTC,93877.25,94402.75,93108.75,93217.75,0.0
2026-01-06 00:00:00+00:00,DOGE,0.15,0.15,0.15,0.15,0.0
2026-01-06 00:00:00+00:00,ETH,3225.3,3281.85,3203.2,3218.5,0.0
2026-01-06 00:00:00+00:00,SOL,137.91,140.03,136.88,137.57,0.0
2026-01-06 00:00:00+00:00,XRP,2.35,2.42,2.32,2.33,0.0
2026-01-06 08:00:00+00:00,BTC,93217.75,94435.5,93133.5,93614.0,0.0
2026-01-06 08:00:00+00:00,DOGE,0.15,0.16,0.15,0.15,0.0
2026-01-06 08:00:00+00:00,ETH,3218.5,3308.15,3192.7,3271.2,0.0
2026-01-06 08:00:00+00:00,SOL,137.57,143.45,137.36,141.57,0.0
2026-01-06 08:00:00+00:00,XRP,2.33,2.4,2.32,2.35,0.0
2026-01-06 16:00:00+00:00,BTC,93614.0,94246.75,91205.25,92454.75,0.0
2026-01-06 16:00:00+00:00,DOGE,0.15,0.15,0.14,0.15,0.0
2026-01-06 16:00:00+00:00,ETH,3271.2,3296.55,3181.65,3240.2,0.0
2026-01-06 16:00:00+00:00,SOL,141.57,142.85,136.12,138.85,0.0
2026-01-06 16:00:00+00:00,XRP,2.35,2.35,2.2,2.26,0.0
2026-01-06 21:01:00+00:00,BTC,92437.75,93800.0,92325.5,93716.5,0.0
2026-01-06 21:01:00+00:00,DOGE,0.15,0.15,0.15,0.15,0.0
2026-01-06 21:01:00+00:00,ETH,3239.3,3300.15,3236.5,3295.45,0.0
2026-01-06 21:01:00+00:00,SOL,138.88,142.63,130.55,141.01,0.0
2026-01-06 21:01:00+00:00,XRP,2.26,2.31,2.25,2.3,0.0
2026-01-07 00:00:00+00:00,BTC,93716.5,93716.5,92187.0,92811.0,0.0
2026-01-07 00:00:00+00:00,DOGE,0.15,0.15,0.15,0.15,0.0
2026-01-07 00:00:00+00:00,ETH,3295.45,3295.8,3203.5,3252.6,0.0
2026-01-07 00:00:00+00:00,SOL,141.01,141.31,138.1,139.28,0.0
2026-01-07 00:00:00+00:00,XRP,2.3,2.32,2.24,2.28,0.0
2026-01-07 08:00:00+00:00,BTC,92811.0,92909.5,90951.5,91263.5,0.0
2026-01-07 08:00:00+00:00,DOGE,0.15,0.155,0.14,0.15,0.0
2026-01-07 08:00:00+00:00,ETH,3252.6,3261.25,3141.55,3161.95,0.0
2026-01-07 08:00:00+00:00,SOL,139.28,139.7,128.25,135.61,0.0
2026-01-07 08:00:00+00:00,XRP,2.28,2.305,2.18,2.19,0.0
2026-01-07 16:00:00+00:00,BTC,91263.5,91715.5,90580.5,90941.75,0.0
2026-01-07 16:00:00+00:00,DOGE,0.15,0.155,0.145,0.15,0.0
2026-01-07 16:00:00+00:00,ETH,3161.95,3189.7,3122.0,3135.55,0.0
2026-01-07 16:00:00+00:00,SOL,135.61,136.55,128.13,135.65,0.0
2026-01-07 16:00:00+00:00,XRP,2.19,2.3,2.17,2.17,0.0
2026-01-07 21:01:00+00:00,BTC,91062.5,91501.0,90773.75,91278.5,0.0
2026-01-07 21:01:00+00:00,DOGE,0.15,0.155,0.145,0.15,0.0
2026-01-07 21:01:00+00:00,ETH,3138.9,3205.9,3135.55,3166.0,0.0
2026-01-07 21:01:00+00:00,SOL,135.68,137.82,135.3,136.25,0.0
2026-01-07 21:01:00+00:00,XRP,2.17,2.3,2.145,2.16,0.0
2026-01-08 00:00:00+00:00,BTC,91278.5,91766.75,89451.0,90413.75,0.0
2026-01-08 00:00:00+00:00,DOGE,0.15,0.155,0.14,0.14,0.0
2026-01-08 00:00:00+00:00,ETH,3166.0,3181.25,3086.5,3123.75,0.0
2026-01-08 00:00:00+00:00,SOL,136.25,138.45,132.24,135.7,0.0
2026-01-08 00:00:00+00:00,XRP,2.16,2.305,2.09,2.12,0.0
2026-01-08 08:00:00+00:00,BTC,90413.75,91474.5,89210.5,90696.5,0.0
2026-01-08 08:00:00+00:00,DOGE,0.14,0.15,0.135,0.14,0.0
2026-01-08 08:00:00+00:00,ETH,3123.75,3152.65,3013.4,3100.8,0.0
2026-01-08 08:00:00+00:00,SOL,135.7,137.24,130.51,136.26,0.0
2026-01-08 08:00:00+00:00,XRP,2.12,2.265,2.06,2.12,0.0
2026-01-08 16:00:00+00:00,BTC,90696.5,91979.0,90211.0,90846.75,0.0
2026-01-08 16:00:00+00:00,DOGE,0.14,0.15,0.135,0.14,0.0
2026-01-08 16:00:00+00:00,ETH,3100.8,3142.05,3040.35,3104.5,0.0
2026-01-08 16:00:00+00:00,SOL,136.26,138.96,134.14,137.55,0.0
2026-01-08 16:00:00+00:00,XRP,2.12,2.275,2.11,2.13,0.0
2026-01-08 21:01:00+00:00,BTC,90871.25,91835.0,90829.0,91020.25,0.0
2026-01-08 21:01:00+00:00,DOGE,0.14,0.15,0.135,0.14,0.0
2026-01-08 21:01:00+00:00,ETH,3106.8,3127.2,3103.45,3104.05,0.0
2026-01-08 21:01:00+00:00,SOL,137.75,139.94,137.59,138.25,0.0
2026-01-08 21:01:00+00:00,XRP,2.12,2.15,2.115,2.12,0.0
2026-01-09 00:00:00+00:00,BTC,91020.25,91552.25,90632.5,90632.5,0.0
2026-01-09 00:00:00+00:00,DOGE,0.14,0.14,0.14,0.14,0.0
2026-01-09 00:00:00+00:00,ETH,3104.05,3157.45,3078.5,3106.95,0.0
2026-01-09 00:00:00+00:00,SOL,138.25,140.96,137.6,139.4,0.0
2026-01-09 00:00:00+00:00,XRP,2.12,2.145,2.11,2.12,0.0
2026-01-09 08:00:00+00:00,BTC,90632.5,92029.0,89628.5,91082.5,0.0
2026-01-09 08:00:00+00:00,DOGE,0.14,0.14,0.14,0.14,0.0
2026-01-09 08:00:00+00:00,ETH,3106.95,3142.5,3014.05,3109.05,0.0
2026-01-09 08:00:00+00:00,SOL,139.4,140.74,136.06,138.67,0.0
2026-01-09 08:00:00+00:00,XRP,2.12,2.16,2.07,2.12,0.0
2026-01-09 16:00:00+00:00,BTC,91082.5,91700.75,90076.25,90197.75,0.0
2026-01-09 16:00:00+00:00,DOGE,0.14,0.14,0.14,0.14,0.0
2026-01-09 16:00:00+00:00,ETH,3109.05,3142.0,3022.8,3069.85,0.0
2026-01-09 16:00:00+00:00,SOL,138.67,140.44,134.77,135.45,0.0
2026-01-09 16:00:00+00:00,XRP,2.12,2.14,2.07,2.08,0.0
2026-01-11 08:00:00+00:00,BTC,90584.0,91070.5,90485.5,90754.0,0.0
2026-01-11 08:00:00+00:00,DOGE,0.14,0.14,0.14,0.14,0.0
2026-01-11 08:00:00+00:00,ETH,3091.15,3126.65,3088.55,3114.2,0.0
2026-01-11 08:00:00+00:00,SOL,136.0,139.35,135.9,138.22,0.0
2026-01-11 08:00:00+00:00,XRP,2.09,2.11,2.08,2.09,0.0
2026-01-11 16:00:00+00:00,BTC,90754.0,91154.75,90122.25,90878.5,0.0
2026-01-11 16:00:00+00:00,DOGE,0.14,0.14,0.135,0.14,0.0
2026-01-11 16:00:00+00:00,ETH,3114.2,3146.3,3088.05,3118.95,0.0
2026-01-11 16:00:00+00:00,SOL,138.22,141.39,137.29,139.5,0.0
2026-01-11 16:00:00+00:00,XRP,2.09,2.13,2.04,2.07,0.0
2026-01-12 00:00:00+00:00,BTC,90878.5,92403.75,90570.0,91280.5,0.0
2026-01-12 00:00:00+00:00,DOGE,0.14,0.14,0.135,0.14,0.0
2026-01-12 00:00:00+00:00,ETH,3118.95,3167.55,3093.05,3131.2,0.0
2026-01-12 00:00:00+00:00,SOL,139.5,144.16,137.63,141.21,0.0
2026-01-12 00:00:00+00:00,XRP,2.07,2.145,2.03,2.05,0.0
2026-01-12 08:00:00+00:00,BTC,91280.5,91723.75,90007.75,91582.0,0.0
2026-01-12 08:00:00+00:00,DOGE,0.14,0.14,0.135,0.14,0.0
2026-01-12 08:00:00+00:00,ETH,3131.2,3172.4,3062.2,3127.25,0.0
2026-01-12 08:00:00+00:00,SOL,141.21,143.39,138.62,142.43,0.0
2026-01-12 08:00:00+00:00,XRP,2.05,2.09,2.03,2.09,0.0
2026-01-12 16:00:00+00:00,BTC,91582.0,92254.75,90906.5,91409.75,0.0
2026-01-12 16:00:00+00:00,DOGE,0.14,0.14,0.14,0.14,0.0
2026-01-12 16:00:00+00:00,ETH,3127.25,3164.75,3082.8,3099.7,0.0
2026-01-12 16:00:00+00:00,SOL,142.43,144.2,138.43,140.12,0.0
2026-01-12 16:00:00+00:00,XRP,2.09,2.11,2.05,2.06,0.0
2026-01-12 21:01:00+00:00,BTC,91376.0,91434.25,90866.5,91196.0,0.0
2026-01-12 21:01:00+00:00,DOGE,0.14,0.14,0.135,0.14,0.0
2026-01-12 21:01:00+00:00,ETH,3098.55,3104.5,3082.1,3092.05,0.0
2026-01-12 21:01:00+00:00,SOL,140.0,140.04,136.89,139.06,0.0
2026-01-12 21:01:00+00:00,XRP,2.06,2.06,2.04,2.05,0.0
2026-01-13 00:00:00+00:00,BTC,91196.0,92178.25,90933.0,91845.0,0.0
2026-01-13 00:00:00+00:00,DOGE,0.14,0.14,0.14,0.14,0.0
2026-01-13 00:00:00+00:00,ETH,3092.05,3164.55,3088.1,3119.0,0.0
2026-01-13 00:00:00+00:00,SOL,139.06,140.59,137.64,139.81,0.0
2026-01-13 00:00:00+00:00,XRP,2.05,2.08,2.045,2.05,0.0
2026-01-13 08:00:00+00:00,BTC,91845.0,93416.5,91498.75,93415.5,0.0
2026-01-13 08:00:00+00:00,DOGE,0.14,0.14,0.14,0.14,0.0
2026-01-13 08:00:00+00:00,ETH,3119.0,3187.65,3118.6,3182.7,0.0
2026-01-13 08:00:00+00:00,SOL,139.81,143.69,139.77,143.43,0.0
2026-01-13 08:00:00+00:00,XRP,2.05,2.1,2.05,2.1,0.0
2026-01-13 16:00:00+00:00,BTC,93415.5,94614.5,92893.25,94414.75,0.0
2026-01-13 16:00:00+00:00,DOGE,0.14,0.15,0.135,0.14,0.0
2026-01-13 16:00:00+00:00,ETH,3182.7,3219.7,3119.65,3204.25,0.0
2026-01-13 16:00:00+00:00,SOL,143.43,144.47,138.72,143.81,0.0
2026-01-13 16:00:00+00:00,XRP,2.1,2.18,2.08,2.13,0.0
2026-01-13 21:01:00+00:00,BTC,94460.0,96450.0,94047.0,95375.75,0.0
2026-01-13 21:01:00+00:00,DOGE,0.14,0.155,0.13,0.15,0.0
2026-01-13 21:01:00+00:00,ETH,3204.85,3376.95,2992.5,3324.25,0.0
2026-01-13 21:01:00+00:00,SOL,143.73,148.75,138.88,145.44,0.0
2026-01-13 21:01:00+00:00,XRP,2.14,2.195,2.11,2.16,0.0
2026-01-14 00:00:00+00:00,BTC,95375.75,96105.5,94355.0,95188.5,0.0
2026-01-14 00:00:00+00:00,DOGE,0.15,0.155,0.14,0.15,0.0
2026-01-14 00:00:00+00:00,ETH,3324.25,3380.2,3247.3,3334.6,0.0
2026-01-14 00:00:00+00:00,SOL,145.44,147.5,142.55,144.78,0.0
2026-01-14 00:00:00+00:00,XRP,2.16,2.2,2.1,2.15,0.0
2026-01-14 08:00:00+00:00,BTC,95188.5,97224.5,94640.0,96775.75,0.0
2026-01-14 08:00:00+00:00,DOGE,0.15,0.155,0.14,0.15,0.0
2026-01-14 08:00:00+00:00,ETH,3334.6,3362.6,3236.3,3345.85,0.0
2026-01-14 08:00:00+00:00,SOL,144.78,147.54,143.3,147.08,0.0
2026-01-14 08:00:00+00:00,XRP,2.15,2.21,2.105,2.16,0.0
2026-01-14 16:00:00+00:00,BTC,96775.75,97936.75,96264.25,97677.25,0.0
2026-01-14 16:00:00+00:00,DOGE,0.15,0.155,0.14,0.15,0.0
2026-01-14 16:00:00+00:00,ETH,3345.85,3403.6,3315.7,3384.4,0.0
2026-01-14 16:00:00+00:00,SOL,147.08,148.42,145.34,147.53,0.0
2026-01-14 16:00:00+00:00,XRP,2.16,2.195,2.115,2.15,0.0
2026-01-14 21:01:00+00:00,BTC,97517.75,97729.5,96833.75,96954.25,0.0
2026-01-14 21:01:00+00:00,DOGE,0.15,0.15,0.15,0.15,0.0
2026-01-14 21:01:00+00:00,ETH,3380.0,3398.55,3348.1,3354.95,0.0
2026-01-14 21:01:00+00:00,SOL,147.41,147.55,145.85,146.69,0.0
2026-01-14 21:01:00+00:00,XRP,2.15,2.155,2.13,2.14,0.0
2026-01-15 00:00:00+00:00,BTC,96954.25,97700.75,95281.75,96615.0,0.0
2026-01-15 00:00:00+00:00,DOGE,0.15,0.15,0.135,0.14,0.0
2026-01-15 00:00:00+00:00,ETH,3354.95,3368.5,3225.65,3329.7,0.0
2026-01-15 00:00:00+00:00,SOL,146.69,146.72,142.38,144.97,0.0
2026-01-15 00:00:00+00:00,XRP,2.14,2.14,2.08,2.1,0.0
2026-01-15 08:00:00+00:00,BTC,96615.0,97172.75,95007.75,96721.0,0.0
2026-01-15 08:00:00+00:00,DOGE,0.14,0.15,0.135,0.14,0.0
2026-01-15 08:00:00+00:00,ETH,3329.7,3384.0,3270.45,3330.5,0.0
2026-01-15 08:00:00+00:00,SOL,144.97,146.4,141.56,143.44,0.0
2026-01-15 08:00:00+00:00,XRP,2.1,2.17,2.07,2.1,0.0
2026-01-15 16:00:00+00:00,BTC,96721.0,97031.5,95100.25,95230.0,0.0
2026-01-15 16:00:00+00:00,DOGE,0.14,0.145,0.135,0.14,0.0
2026-01-15 16:00:00+00:00,ETH,3330.5,3367.1,3267.1,3287.6,0.0
2026-01-15 16:00:00+00:00,SOL,143.44,144.58,140.67,141.41,0.0
2026-01-15 16:00:00+00:00,XRP,2.1,2.18,2.05,2.065,0.0
2026-01-15 21:01:00+00:00,BTC,95172.25,95827.5,94891.5,95570.25,0.0
2026-01-15 21:01:00+00:00,DOGE,0.14,0.14,0.135,0.14,0.0
2026-01-15 21:01:00+00:00,ETH,3283.8,3322.15,3283.75,3317.95,0.0
2026-01-15 21:01:00+00:00,SOL,141.27,144.54,141.0,142.36,0.0
2026-01-15 21:01:00+00:00,XRP,2.06,2.08,2.06,2.08,0.0
2026-01-16 00:00:00+00:00,BTC,95570.25,95825.5,95115.75,95626.75,0.0
2026-01-16 00:00:00+00:00,DOGE,0.14,0.14,0.14,0.14,0.0
2026-01-16 00:00:00+00:00,ETH,3317.95,3326.0,3263.15,3308.75,0.0
2026-01-16 00:00:00+00:00,SOL,142.36,143.55,141.41,142.88,0.0
2026-01-16 00:00:00+00:00,XRP,2.08,2.09,2.06,2.07,0.0
2026-01-16 08:00:00+00:00,BTC,95626.75,95820.75,94241.75,94538.25,0.0
2026-01-16 08:00:00+00:00,DOGE,0.14,0.14,0.14,0.14,0.0
2026-01-16 08:00:00+00:00,ETH,3308.75,3365.7,3251.05,3262.3,0.0
2026-01-16 08:00:00+00:00,SOL,142.88,143.81,140.18,140.69,0.0
2026-01-16 08:00:00+00:00,XRP,2.07,2.08,2.025,2.03,0.0
2026-01-16 16:00:00+00:00,BTC,94538.25,95539.5,94459.25,95525.0,0.0
2026-01-16 16:00:00+00:00,DOGE,0.14,0.14,0.135,0.14,0.0
2026-01-16 16:00:00+00:00,ETH,3262.3,3348.4,3257.8,3291.55,0.0
2026-01-16 16:00:00+00:00,SOL,140.69,144.94,140.58,144.9,0.0
2026-01-16 16:00:00+00:00,XRP,2.03,2.145,2.03,2.08,0.0
2026-01-18 08:00:00+00:00,BTC,94998.0,95312.75,94867.75,95079.25,0.0
2026-01-18 08:00:00+00:00,DOGE,0.14,0.145,0.135,0.14,0.0
2026-01-18 08:00:00+00:00,ETH,3305.95,3378.6,3302.45,3332.9,0.0
2026-01-18 08:00:00+00:00,SOL,142.07,142.68,141.42,141.92,0.0
2026-01-18 08:00:00+00:00,XRP,2.05,2.06,2.04,2.05,0.0
2026-01-18 16:00:00+00:00,BTC,95079.25,95489.5,93575.75,93626.25,0.0
2026-01-18 16:00:00+00:00,DOGE,0.14,0.145,0.13,0.13,0.0
2026-01-18 16:00:00+00:00,ETH,3332.9,3388.6,3277.3,3282.45,0.0
2026-01-18 16:00:00+00:00,SOL,141.92,144.95,137.68,137.79,0.0
2026-01-18 16:00:00+00:00,XRP,2.05,2.075,1.99,1.99,0.0
2026-01-19 00:00:00+00:00,BTC,93626.25,94589.75,91898.0,92792.75,0.0
2026-01-19 00:00:00+00:00,DOGE,0.13,0.14,0.12,0.13,0.0
2026-01-19 00:00:00+00:00,ETH,3282.45,3282.85,3176.85,3205.55,0.0
2026-01-19 00:00:00+00:00,SOL,137.79,140.6,129.99,133.38,0.0
2026-01-19 00:00:00+00:00,XRP,1.99,2.04,1.85,1.96,0.0
2026-01-19 08:00:00+00:00,BTC,92792.75,93322.0,92649.0,93014.75,0.0
2026-01-19 08:00:00+00:00,DOGE,0.13,0.14,0.13,0.13,0.0
2026-01-19 08:00:00+00:00,ETH,3205.55,3233.45,3157.35,3214.65,0.0
2026-01-19 08:00:00+00:00,SOL,133.38,134.3,133.16,133.44,0.0
2026-01-19 08:00:00+00:00,XRP,1.96,2.04,1.96,1.98,0.0
2026-01-19 16:00:00+00:00,BTC,93014.75,93357.25,92910.25,93086.0,0.0
2026-01-19 16:00:00+00:00,DOGE,0.13,0.14,0.13,0.13,0.0
2026-01-19 16:00:00+00:00,ETH,3214.65,3225.5,3206.25,3213.45,0.0
2026-01-19 16:00:00+00:00,SOL,133.44,135.08,133.39,134.59,0.0
2026-01-19 16:00:00+00:00,XRP,1.98,2.06,1.98,2.0,0.0
2026-01-19 21:01:00+00:00,BTC,94555.25,94907.0,92088.75,92561.25,0.0
2026-01-19 21:01:00+00:00,DOGE,0.13,0.13,0.13,0.13,0.0
2026-01-19 21:01:00+00:00,ETH,3167.1,3220.3,3142.7,3187.65,0.0
2026-01-19 21:01:00+00:00,SOL,139.0,139.51,131.71,133.36,0.0
2026-01-19 21:01:00+00:00,XRP,2.05,2.05,1.975,1.98,0.0
2026-01-20 00:00:00+00:00,BTC,92561.25,92797.25,90670.0,91069.75,0.0
2026-01-20 00:00:00+00:00,DOGE,0.13,0.13,0.125,0.13,0.0
2026-01-20 00:00:00+00:00,ETH,3187.65,3209.45,3106.25,3119.3,0.0
2026-01-20 00:00:00+00:00,SOL,133.36,139.05,130.22,130.44,0.0
2026-01-20 00:00:00+00:00,XRP,1.98,2.04,1.94,1.95,0.0
2026-01-20 08:00:00+00:00,BTC,91069.75,93176.0,89762.75,90499.75,0.0
2026-01-20 08:00:00+00:00,DOGE,0.13,0.13,0.12,0.13,0.0
2026-01-20 08:00:00+00:00,ETH,3119.3,3178.85,2992.0,3029.3,0.0
2026-01-20 08:00:00+00:00,SOL,130.44,131.92,126.58,127.71,0.0
2026-01-20 08:00:00+00:00,XRP,1.95,2.02,1.91,1.92,0.0
2026-01-20 16:00:00+00:00,BTC,90499.75,90882.0,89176.25,89600.25,0.0
2026-01-20 16:00:00+00:00,DOGE,0.13,0.13,0.12,0.12,0.0
2026-01-20 16:00:00+00:00,ETH,3029.3,3049.75,2977.65,3002.25,0.0
2026-01-20 16:00:00+00:00,SOL,127.71,131.11,126.14,127.65,0.0
2026-01-20 16:00:00+00:00,XRP,1.92,1.93,1.89,1.9,0.0
2026-01-20 21:01:00+00:00,BTC,89556.5,91923.75,87808.75,88310.25,0.0
2026-01-20 21:01:00+00:00,DOGE,0.12,0.125,0.12,0.12,0.0
2026-01-20 21:01:00+00:00,ETH,3000.95,3091.75,2913.85,2936.3,0.0
2026-01-20 21:01:00+00:00,SOL,127.64,134.5,124.49,125.65,0.0
2026-01-20 21:01:00+00:00,XRP,1.9,2.005,1.87,1.89,0.0
2026-01-21 00:00:00+00:00,BTC,88310.25,90007.75,88142.75,89105.25,0.0
2026-01-21 00:00:00+00:00,DOGE,0.12,0.13,0.12,0.12,0.0
2026-01-21 00:00:00+00:00,ETH,2936.3,3097.0,2917.9,2967.3,0.0
2026-01-21 00:00:00+00:00,SOL,125.65,131.06,125.6,127.47,0.0
2026-01-21 00:00:00+00:00,XRP,1.89,2.015,1.885,1.91,0.0
2026-01-21 08:00:00+00:00,BTC,89105.25,91401.25,88111.75,90205.0,0.0
2026-01-21 08:00:00+00:00,DOGE,0.12,0.13,0.12,0.13,0.0
2026-01-21 08:00:00+00:00,ETH,2967.3,3217.45,2896.25,2999.8,0.0
2026-01-21 08:00:00+00:00,SOL,127.47,135.43,125.57,130.31,0.0
2026-01-21 08:00:00+00:00,XRP,1.91,2.025,1.875,1.96,0.0
2026-01-21 16:00:00+00:00,BTC,90205.0,90915.75,87167.75,90132.75,0.0
2026-01-21 16:00:00+00:00,DOGE,0.13,0.13,0.12,0.13,0.0
2026-01-21 16:00:00+00:00,ETH,2999.8,3120.9,2861.05,3028.5,0.0
2026-01-21 16:00:00+00:00,SOL,130.31,136.27,125.14,131.03,0.0
2026-01-21 16:00:00+00:00,XRP,1.96,2.045,1.87,1.97,0.0
2026-01-21 21:01:00+00:00,BTC,89981.5,91789.75,89271.75,89371.5,0.0
2026-01-21 21:01:00+00:00,DOGE,0.13,0.13,0.125,0.13,0.0
2026-01-21 21:01:00+00:00,ETH,3022.3,3072.2,2950.55,2979.95,0.0
2026-01-21 21:01:00+00:00,SOL,130.78,136.38,127.46,129.43,0.0
2026-01-21 21:01:00+00:00,XRP,1.97,2.01,1.925,1.95,0.0
2026-01-22 00:00:00+00:00,BTC,89371.5,90271.0,89371.25,90115.5,0.0
2026-01-22 00:00:00+00:00,DOGE,0.13,0.13,0.125,0.125,0.0
2026-01-22 00:00:00+00:00,ETH,2979.95,3070.3,2966.9,3022.75,0.0
2026-01-22 00:00:00+00:00,SOL,129.43,135.51,125.0,125.0,0.0
2026-01-22 00:00:00+00:00,XRP,1.95,2.08,1.92,2.08,0.0
2026-01-22 08:00:00+00:00,BTC,90115.5,91709.75,88424.0,88908.75,0.0
2026-01-22 08:00:00+00:00,DOGE,0.125,0.13,0.12,0.12,0.0
2026-01-22 08:00:00+00:00,ETH,3022.75,3060.2,2903.0,2939.35,0.0
2026-01-22 08:00:00+00:00,SOL,125.0,135.47,125.0,127.28,0.0
2026-01-22 08:00:00+00:00,XRP,2.08,2.165,1.9,1.91,0.0
2026-01-22 16:00:00+00:00,BTC,88908.75,89859.0,88574.75,89307.5,0.0
2026-01-22 16:00:00+00:00,DOGE,0.12,0.13,0.12,0.12,0.0
2026-01-22 16:00:00+00:00,ETH,2939.35,3033.75,2905.9,2935.8,0.0
2026-01-22 16:00:00+00:00,SOL,127.28,134.89,126.77,128.36,0.0
2026-01-22 16:00:00+00:00,XRP,1.91,2.06,1.9,1.92,0.0
2026-01-22 21:01:00+00:00,BTC,89492.0,89550.0,89058.0,89458.75,0.0
2026-01-22 21:01:00+00:00,DOGE,0.12,0.125,0.12,0.12,0.0
2026-01-22 21:01:00+00:00,ETH,2939.75,2960.05,2930.45,2949.3,0.0
2026-01-22 21:01:00+00:00,SOL,128.52,134.76,127.88,128.34,0.0
2026-01-22 21:01:00+00:00,XRP,1.92,2.055,1.91,1.92,0.0
2026-01-23 00:00:00+00:00,BTC,89458.75,89971.0,89279.0,89425.5,0.0
2026-01-23 00:00:00+00:00,DOGE,0.12,0.13,0.12,0.12,0.0
2026-01-23 00:00:00+00:00,ETH,2949.3,3003.75,2910.2,2944.25,0.0
2026-01-23 00:00:00+00:00,SOL,128.34,134.67,127.09,127.75,0.0
2026-01-23 00:00:00+00:00,XRP,1.92,2.055,1.9,1.91,0.0
2026-01-23 08:00:00+00:00,BTC,89425.5,89756.75,88447.5,89641.75,0.0
2026-01-23 08:00:00+00:00,DOGE,0.12,0.13,0.12,0.12,0.0
2026-01-23 08:00:00+00:00,ETH,2944.25,2994.6,2886.75,2948.65,0.0
2026-01-23 08:00:00+00:00,SOL,127.75,134.16,125.14,127.75,0.0
2026-01-23 08:00:00+00:00,XRP,1.91,2.165,1.88,1.92,0.0
2026-01-23 16:00:00+00:00,BTC,89641.75,91452.75,88828.0,89676.5,0.0
2026-01-23 16:00:00+00:00,DOGE,0.12,0.13,0.12,0.12,0.0
2026-01-23 16:00:00+00:00,ETH,2948.65,3021.9,2925.3,2936.3,0.0
2026-01-23 16:00:00+00:00,SOL,127.75,135.47,125.43,126.48,0.0
2026-01-23 16:00:00+00:00,XRP,1.92,2.075,1.905,1.945,0.0
2026-01-25 08:00:00+00:00,BTC,88520.75,88843.75,88000.0,88327.25,0.0
2026-01-25 08:00:00+00:00,DOGE,0.12,0.12,0.12,0.12,0.0
2026-01-25 08:00:00+00:00,ETH,2935.5,3050.7,2903.0,2922.55,0.0
2026-01-25 08:00:00+00:00,SOL,126.27,126.98,125.28,125.38,0.0
2026-01-25 08:00:00+00:00,XRP,1.89,1.91,1.875,1.885,0.0
2026-01-25 16:00:00+00:00,BTC,88327.25,88327.5,86000.5,86564.75,0.0
2026-01-25 16:00:00+00:00,DOGE,0.12,0.125,0.12,0.12,0.0
2026-01-25 16:00:00+00:00,ETH,2922.55,2926.1,2783.75,2814.4,0.0
2026-01-25 16:00:00+00:00,SOL,125.38,126.51,116.62,118.74,0.0
2026-01-25 16:00:00+00:00,XRP,1.885,1.955,1.805,1.83,0.0
2026-01-26 00:00:00+00:00,BTC,86564.75,87977.25,86417.0,87908.75,0.0
2026-01-26 00:00:00+00:00,DOGE,0.12,0.125,0.12,0.12,0.0
2026-01-26 00:00:00+00:00,ETH,2814.4,2958.7,2807.1,2900.4,0.0
2026-01-26 00:00:00+00:00,SOL,118.74,125.52,117.87,122.77,0.0
2026-01-26 00:00:00+00:00,XRP,1.83,1.935,1.825,1.88,0.0
2026-01-26 08:00:00+00:00,BTC,87908.75,88781.25,87236.5,87555.25,0.0
2026-01-26 08:00:00+00:00,DOGE,0.12,0.125,0.12,0.12,0.0
2026-01-26 08:00:00+00:00,ETH,2900.4,3009.55,2830.05,2896.4,0.0
2026-01-26 08:00:00+00:00,SOL,122.77,127.78,120.69,123.41,0.0
2026-01-26 08:00:00+00:00,XRP,1.88,1.94,1.87,1.92,0.0
2026-01-26 16:00:00+00:00,BTC,87555.25,88457.75,86952.75,87522.25,0.0
2026-01-26 16:00:00+00:00,DOGE,0.12,0.12,0.12,0.12,0.0
2026-01-26 16:00:00+00:00,ETH,2896.4,2969.85,2849.55,2898.25,0.0
2026-01-26 16:00:00+00:00,SOL,123.41,125.49,121.74,123.53,0.0
2026-01-26 16:00:00+00:00,XRP,1.92,1.955,1.89,1.89,0.0
2026-01-26 21:01:00+00:00,BTC,87477.25,88562.25,87477.0,88249.25,0.0
2026-01-26 21:01:00+00:00,DOGE,0.12,0.12,0.12,0.12,0.0
2026-01-26 21:01:00+00:00,ETH,2899.5,2975.35,2893.05,2926.95,0.0
2026-01-26 21:01:00+00:00,SOL,123.5,124.75,123.35,124.11,0.0
2026-01-26 21:01:00+00:00,XRP,1.89,1.935,1.89,1.9,0.0
2026-01-27 00:00:00+00:00,BTC,88249.25,88937.5,88102.25,88216.25,0.0
2026-01-27 00:00:00+00:00,DOGE,0.12,0.12,0.12,0.12,0.0
2026-01-27 00:00:00+00:00,ETH,2926.95,2953.15,2909.2,2925.55,0.0
2026-01-27 00:00:00+00:00,SOL,124.11,125.0,123.59,124.37,0.0
2026-01-27 00:00:00+00:00,XRP,1.9,1.92,1.89,1.9,0.0
2026-01-27 08:00:00+00:00,BTC,88216.25,88465.0,87440.25,87920.75,0.0
2026-01-27 08:00:00+00:00,DOGE,0.12,0.12,0.12,0.12,0.0
2026-01-27 08:00:00+00:00,ETH,2925.55,2940.65,2880.75,2933.55,0.0
2026-01-27 08:00:00+00:00,SOL,124.37,124.88,122.95,124.87,0.0
2026-01-27 08:00:00+00:00,XRP,1.9,1.9,1.87,1.89,0.0
2026-01-27 16:00:00+00:00,BTC,87920.75,89382.75,87185.75,89289.25,0.0
2026-01-27 16:00:00+00:00,DOGE,0.12,0.13,0.12,0.13,0.0
2026-01-27 16:00:00+00:00,ETH,2933.55,3023.7,2914.35,3018.6,0.0
2026-01-27 16:00:00+00:00,SOL,124.87,127.36,123.38,127.22,0.0
2026-01-27 16:00:00+00:00,XRP,1.89,1.93,1.87,1.92,0.0
2026-01-27 21:01:00+00:00,BTC,89143.0,89425.0,88898.5,89127.25,0.0
2026-01-27 21:01:00+00:00,DOGE,0.13,0.13,0.12,0.13,0.0
2026-01-27 21:01:00+00:00,ETH,3012.95,3089.55,3000.65,3022.25,0.0
2026-01-27 21:01:00+00:00,SOL,127.06,127.71,126.76,127.02,0.0
2026-01-27 21:01:00+00:00,XRP,1.92,1.93,1.91,1.91,0.0
2026-01-28 00:00:00+00:00,BTC,89127.25,89376.5,88712.25,89021.25,0.0
2026-01-28 00:00:00+00:00,DOGE,0.13,0.13,0.12,0.13,0.0
2026-01-28 00:00:00+00:00,ETH,3022.25,3025.4,2982.55,3000.5,0.0
2026-01-28 00:00:00+00:00,SOL,127.02,127.37,126.28,126.93,0.0
2026-01-28 00:00:00+00:00,XRP,1.91,1.92,1.89,1.91,0.0
2026-01-28 08:00:00+00:00,BTC,89021.25,90359.0,88737.75,89371.25,0.0
2026-01-28 08:00:00+00:00,DOGE,0.13,0.13,0.12,0.12,0.0
2026-01-28 08:00:00+00:00,ETH,3000.5,3075.75,2978.65,3003.95,0.0
2026-01-28 08:00:00+00:00,SOL,126.93,128.15,125.35,125.91,0.0
2026-01-28 08:00:00+00:00,XRP,1.91,1.94,1.9,1.91,0.0
2026-01-28 16:00:00+00:00,BTC,89371.25,90448.0,88874.75,88994.25,0.0
2026-01-28 16:00:00+00:00,DOGE,0.12,0.13,0.12,0.12,0.0
2026-01-28 16:00:00+00:00,ETH,3003.95,3039.05,2978.65,3007.85,0.0
2026-01-28 16:00:00+00:00,SOL,125.91,126.89,125.1,125.25,0.0
2026-01-28 16:00:00+00:00,XRP,1.91,1.93,1.9,1.92,0.0
2026-01-28 21:01:00+00:00,BTC,88904.5,89463.0,88550.25,89160.75,0.0
2026-01-28 21:01:00+00:00,DOGE,0.12,0.13,0.12,0.12,0.0
2026-01-28 21:01:00+00:00,ETH,3003.25,3022.9,2985.2,3006.1,0.0
2026-01-28 21:01:00+00:00,SOL,125.06,125.66,124.57,125.16,0.0
2026-01-28 21:01:00+00:00,XRP,1.91,1.92,1.9,1.91,0.0
2026-01-29 00:00:00+00:00,BTC,89160.75,89205.5,87559.0,88217.25,0.0
2026-01-29 00:00:00+00:00,DOGE,0.12,0.13,0.12,0.12,0.0
2026-01-29 00:00:00+00:00,ETH,3006.1,3008.8,2927.55,2957.15,0.0
2026-01-29 00:00:00+00:00,SOL,125.16,125.34,122.3,123.59,0.0
2026-01-29 00:00:00+00:00,XRP,1.91,1.91,1.86,1.88,0.0
2026-01-29 08:00:00+00:00,BTC,88217.25,88662.75,84217.5,84790.5,0.0
2026-01-29 08:00:00+00:00,DOGE,0.12,0.12,0.12,0.12,0.0
2026-01-29 08:00:00+00:00,ETH,2957.15,2968.9,2792.15,2819.25,0.0
2026-01-29 08:00:00+00:00,SOL,123.59,123.74,115.93,117.47,0.0
2026-01-29 08:00:00+00:00,XRP,1.88,1.89,1.78,1.8,0.0
2026-01-29 16:00:00+00:00,BTC,84790.5,85509.75,82881.5,84380.0,0.0
2026-01-29 16:00:00+00:00,DOGE,0.12,0.12,0.11,0.12,0.0
2026-01-29 16:00:00+00:00,ETH,2819.25,2923.95,2738.75,2800.9,0.0
2026-01-29 16:00:00+00:00,SOL,117.47,119.78,115.19,116.78,0.0
2026-01-29 16:00:00+00:00,XRP,1.8,1.84,1.775,1.8,0.0
2026-01-29 21:01:00+00:00,BTC,84102.25,85651.5,84077.0,84521.75,0.0
2026-01-29 21:01:00+00:00,DOGE,0.12,0.12,0.12,0.12,0.0
2026-01-29 21:01:00+00:00,ETH,2804.45,2822.95,2803.25,2818.1,0.0
2026-01-29 21:01:00+00:00,SOL,117.06,117.71,116.75,117.62,0.0
2026-01-29 21:01:00+00:00,XRP,1.8,1.87,1.79,1.8,0.0
