timestamp,ticker,open,high,low,close,volume,source,session,price_basis,volume_basis,retrieved_at,requested_bar_hours
2023-04-17,BTC,30331.0,30565.0,29281.75,29480.5,0.0,IBKR_MID,24/7,unknown,unavailable_midpoint,2026-09-10T01:17:37.021302+00:00,24
2023-04-17,ETH,2096.3,2143.55,2062.0,2079.2,0.0,IBKR_MID,24/7,unknown,unavailable_midpoint,2026-09-10T01:17:37.021302+00:00,24
2023-04-18,BTC,29498.75,30493.500000000004,29155.0,30238.499999999996,0.0,IBKR_MID,24/7,unknown,unavailable_midpoint,2026-09-10T01:17:37.021302+00:00,24
2023-04-18,ETH,2081.45,2123.25,2057.4,2082.35,0.0,IBKR_MID,24/7,unknown,unavailable_midpoint,2026-09-10T01:17:37.021302+00:00,24
2023-04-19,BTC,30182.0,30450.75,29663.500000000004,29741.25,0.0,IBKR_MID,24/7,unknown,unavailable_midpoint,2026-09-10T01:17:37.021302+00:00,24
2023-04-19,ETH,2077.35,2108.1,1966.75,1981.3,0.0,IBKR_MID,24/7,unknown,unavailable_midpoint,2026-09-10T01:17:37.021302+00:00,24
2023-04-20,BTC,29745.0,29785.75,29125.75,29172.5,0.0,IBKR_MID,24/7,unknown,unavailable_midpoint,2026-09-10T01:17:37.021302+00:00,24
2023-04-20,ETH,1982.15,1988.85,1916.05,1927.55,0.0,IBKR_MID,24/7,unknown,unavailable_midpoint,2026-09-10T01:17:37.021302+00:00,24
2023-04-21,BTC,29166.5,29303.75,27195.25,27267.25,0.0,IBKR_MID,24/7,unknown,unavailable_midpoint,2026-09-10T01:17:37.021302+00:00,24
2023-04-21,ETH,1925.65,1956.55,1840.45,1842.1,0.0,IBKR_MID,24/7,unknown,unavailable_midpoint,2026-09-10T01:17:37.021302+00:00,24
2023-04-24,BTC,27537.25,27740.75,27070.25,27386.5,0.0,IBKR_MID,24/7,unknown,unavailable_midpoint,2026-09-10T01:17:37.021302+00:00,24
2023-04-24,ETH,1868.8,1889.75,1811.1,1831.2,0.0,IBKR_MID,24/7,unknown,unavailable_midpoint,2026-09-10T01:17:37.021302+00:00,24
2023-04-25,BTC,27372.0,27736.0,27193.0,27613.0,0.0,IBKR_MID,24/7,unknown,unavailable_midpoint,2026-09-10T01:17:37.021302+00:00,24
2023-04-25,ETH,1831.6,1850.7,1805.0,1837.75,0.0,IBKR_MID,24/7,unknown,unavailable_midpoint,2026-09-10T01:17:37.021302+00:00,24
2023-04-26,BTC,27645.0,30030.0,27639.5,27890.75,0.0,IBKR_MID,24/7,unknown,unavailable_midpoint,2026-09-10T01:17:37.021302+00:00,24
2023-04-26,ETH,1838.95,1966.2,1825.7,1828.85,0.0,IBKR_MID,24/7,unknown,unavailable_midpoint,2026-09-10T01:17:37.021302+00:00,24
2023-04-27,BTC,27690.75,29492.75,27306.5,29113.0,0.0,IBKR_MID,24/7,unknown,unavailable_midpoint,2026-09-10T01:17:37.021302+00:00,24
2023-04-27,ETH,1815.25,1939.4,1792.4,1898.3,0.0,IBKR_MID,24/7,unknown,unavailable_midpoint,2026-09-10T01:17:37.021302+00:00,24
2023-04-28,BTC,29670.499999999996,29784.75,28914.5,29339.75,0.0,IBKR_MID,24/7,unknown,unavailable_midpoint,2026-09-10T01:17:37.021302+00:00,24
2023-04-28,ETH,1922.0,1928.75,1875.5,1893.0,0.0,IBKR_MID,24/7,unknown,unavailable_midpoint,2026-09-10T01:17:37.021302+00:00,24
2023-05-01,BTC,29291.0,29958.0,27807.0,27834.25,0.0,IBKR_MID,24/7,unknown,unavailable_midpoint,2026-09-10T01:17:37.021302+00:00,24
2023-05-01,ETH,1904.65,1938.65,1808.75,1813.55,0.0,IBKR_MID,24/7,unknown,unavailable_midpoint,2026-09-10T01:17:37.021302+00:00,24
2023-05-02,BTC,27773.0,28894.75,27671.5,28705.25,0.0,IBKR_MID,24/7,unknown,unavailable_midpoint,2026-09-10T01:17:37.021302+00:00,24
2023-05-02,ETH,1813.45,1880.9,1807.2,1869.75,0.0,IBKR_MID,24/7,unknown,unavailable_midpoint,2026-09-10T01:17:37.021302+00:00,24
2023-05-03,BTC,28716.25,28806.5,28159.25,28328.25,0.0,IBKR_MID,24/7,unknown,unavailable_midpoint,2026-09-10T01:17:37.021302+00:00,24
2023-05-03,ETH,1870.35,1893.15,1852.55,1868.5,0.0,IBKR_MID,24/7,unknown,unavailable_midpoint,2026-09-10T01:17:37.021302+00:00,24
2023-05-04,BTC,28321.25,29295.25,28289.25,28916.75,0.0,IBKR_MID,24/7,unknown,unavailable_midpoint,2026-09-10T01:17:37.021302+00:00,24
2023-05-04,ETH,1869.7,1916.35,1831.45,1877.3,0.0,IBKR_MID,24/7,unknown,unavailable_midpoint,2026-09-10T01:17:37.021302+00:00,24
2023-05-05,BTC,28898.0,29687.500000000004,28843.75,29576.75,0.0,IBKR_MID,24/7,unknown,unavailable_midpoint,2026-09-10T01:17:37.021302+00:00,24
2023-05-05,ETH,1875.25,2000.85,1854.75,1992.9,0.0,IBKR_MID,24/7,unknown,unavailable_midpoint,2026-09-10T01:17:37.021302+00:00,24
2023-05-08,BTC,28952.0,29124.5,27324.75,27359.0,0.0,IBKR_MID,24/7,unknown,unavailable_midpoint,2026-09-10T01:17:37.021302+00:00,24
2023-05-08,ETH,1903.9,1935.2,1816.45,1830.25,0.0,IBKR_MID,24/7,unknown,unavailable_midpoint,2026-09-10T01:17:37.021302+00:00,24
2023-05-09,BTC,27502.25,27832.75,27382.75,27673.75,0.0,IBKR_MID,24/7,unknown,unavailable_midpoint,2026-09-10T01:17:37.021302+00:00,24
2023-05-09,ETH,1840.7,1857.7,1832.7,1850.7,0.0,IBKR_MID,24/7,unknown,unavailable_midpoint,2026-09-10T01:17:37.021302+00:00,24
2023-05-10,BTC,27615.0,27835.5,27498.25,27624.0,0.0,IBKR_MID,24/7,unknown,unavailable_midpoint,2026-09-10T01:17:37.021302+00:00,24
2023-05-10,ETH,1846.95,1858.5,1835.2,1845.9,0.0,IBKR_MID,24/7,unknown,unavailable_midpoint,2026-09-10T01:17:37.021302+00:00,24
2023-05-11,BTC,27892.75,27927.25,26732.25,26861.0,0.0,IBKR_MID,24/7,unknown,unavailable_midpoint,2026-09-10T01:17:37.021302+00:00,24
2023-05-11,ETH,1861.35,1862.3,1772.75,1786.25,0.0,IBKR_MID,24/7,unknown,unavailable_midpoint,2026-09-10T01:17:37.021302+00:00,24
2023-05-12,BTC,26864.0,27087.5,25825.75,26427.75,0.0,IBKR_MID,24/7,unknown,unavailable_midpoint,2026-09-10T01:17:37.021302+00:00,24
2023-05-12,ETH,1787.05,1801.75,1738.9,1788.2,0.0,IBKR_MID,24/7,unknown,unavailable_midpoint,2026-09-10T01:17:37.021302+00:00,24
2023-05-15,BTC,27391.0,27668.25,27238.75,27418.5,0.0,IBKR_MID,24/7,unknown,unavailable_midpoint,2026-09-10T01:17:37.021302+00:00,24
2023-05-15,ETH,1826.8,1846.7,1813.4,1828.2,0.0,IBKR_MID,24/7,unknown,unavailable_midpoint,2026-09-10T01:17:37.021302+00:00,24
2023-05-16,BTC,27399.5,27410.75,26873.0,26947.25,0.0,IBKR_MID,24/7,unknown,unavailable_midpoint,2026-09-10T01:17:37.021302+00:00,24
2023-05-16,ETH,1828.35,1831.5,1796.85,1817.45,0.0,IBKR_MID,24/7,unknown,unavailable_midpoint,2026-09-10T01:17:37.021302+00:00,24
2023-05-17,BTC,26979.25,27444.5,26589.0,27387.5,0.0,IBKR_MID,24/7,unknown,unavailable_midpoint,2026-09-10T01:17:37.021302+00:00,24
2023-05-17,ETH,1822.65,1834.45,1784.2,1828.4,0.0,IBKR_MID,24/7,unknown,unavailable_midpoint,2026-09-10T01:17:37.021302+00:00,24
2023-05-18,BTC,27352.25,27474.0,26415.0,26740.0,0.0,IBKR_MID,24/7,unknown,unavailable_midpoint,2026-09-10T01:17:37.021302+00:00,24
2023-05-18,ETH,1826.8,1831.6,1773.0,1794.9,0.0,IBKR_MID,24/7,unknown,unavailable_midpoint,2026-09-10T01:17:37.021302+00:00,24
2023-05-19,BTC,26718.75,27054.25,26217.5,26856.5,0.0,IBKR_MID,24/7,unknown,unavailable_midpoint,2026-09-10T01:17:37.021302+00:00,24
2023-05-19,ETH,1794.65,1820.65,1763.35,1809.5,0.0,IBKR_MID,24/7,unknown,unavailable_midpoint,2026-09-10T01:17:37.021302+00:00,24
2023-05-22,BTC,26922.5,27070.25,26706.5,26847.5,0.0,IBKR_MID,24/7,unknown,unavailable_midpoint,2026-09-10T01:17:37.021302+00:00,24
2023-05-22,ETH,1812.7,1827.4,1802.5,1815.8,0.0,IBKR_MID,24/7,unknown,unavailable_midpoint,2026-09-10T01:17:37.021302+00:00,24
2023-05-23,BTC,26861.0,27502.5,26806.5,27189.0,0.0,IBKR_MID,24/7,unknown,unavailable_midpoint,2026-09-10T01:17:37.021302+00:00,24
2023-05-23,ETH,1816.1,1869.3,1813.2,1851.5,0.0,IBKR_MID,24/7,unknown,unavailable_midpoint,2026-09-10T01:17:37.021302+00:00,24
2023-05-24,BTC,27183.25,27255.25,26078.25,26232.75,0.0,IBKR_MID,24/7,unknown,unavailable_midpoint,2026-09-10T01:17:37.021302+00:00,24
2023-05-24,ETH,1851.05,1857.5,1780.75,1791.4,0.0,IBKR_MID,24/7,unknown,unavailable_midpoint,2026-09-10T01:17:37.021302+00:00,24
2023-05-25,BTC,26327.0,26607.5,25899.5,26466.75,0.0,IBKR_MID,24/7,unknown,unavailable_midpoint,2026-09-10T01:17:37.021302+00:00,24
2023-05-25,ETH,1796.5,1817.2,1773.8,1808.7,0.0,IBKR_MID,24/7,unknown,unavailable_midpoint,2026-09-10T01:17:37.021302+00:00,24
2023-05-26,BTC,26492.0,26926.5,26332.5,26775.25,0.0,IBKR_MID,24/7,unknown,unavailable_midpoint,2026-09-10T01:17:37.021302+00:00,24
2023-05-26,ETH,1809.65,1838.1,1798.0,1836.25,0.0,IBKR_MID,24/7,unknown,unavailable_midpoint,2026-09-10T01:17:37.021302+00:00,24
2023-05-29,BTC,27189.75,28447.75,27115.0,27645.75,0.0,IBKR_MID,24/7,unknown,unavailable_midpoint,2026-09-10T01:17:37.021302+00:00,24
2023-05-29,ETH,1846.45,1927.5,1837.4,1891.7,0.0,IBKR_MID,24/7,unknown,unavailable_midpoint,2026-09-10T01:17:37.021302+00:00,24
2023-05-30,BTC,27686.5,28046.5,27572.0,27863.75,0.0,IBKR_MID,24/7,unknown,unavailable_midpoint,2026-09-10T01:17:37.021302+00:00,24
2023-05-30,ETH,1893.9,1917.0,1883.4,1908.05,0.0,IBKR_MID,24/7,unknown,unavailable_midpoint,2026-09-10T01:17:37.021302+00:00,24
2023-05-31,BTC,27850.75,27868.25,26855.75,27016.0,0.0,IBKR_MID,24/7,unknown,unavailable_midpoint,2026-09-10T01:17:37.021302+00:00,24
2023-05-31,ETH,1906.85,1914.5,1849.55,1864.0,0.0,IBKR_MID,24/7,unknown,unavailable_midpoint,2026-09-10T01:17:37.021302+00:00,24
2023-06-01,BTC,27019.0,27346.5,26622.0,26866.5,0.0,IBKR_MID,24/7,unknown,unavailable_midpoint,2026-09-10T01:17:37.021302+00:00,24
2023-06-01,ETH,1864.1,1889.0,1842.05,1869.6,0.0,IBKR_MID,24/7,unknown,unavailable_midpoint,2026-09-10T01:17:37.021302+00:00,24
2023-06-02,BTC,26869.75,27294.5,26532.5,27246.75,0.0,IBKR_MID,24/7,unknown,unavailable_midpoint,2026-09-10T01:17:37.021302+00:00,24
2023-06-02,ETH,1870.3,1910.6,1850.15,1908.25,0.0,IBKR_MID,24/7,unknown,unavailable_midpoint,2026-09-10T01:17:37.021302+00:00,24
2023-06-05,BTC,27137.0,27451.0,25432.0,25632.25,0.0,IBKR_MID,24/7,unknown,unavailable_midpoint,2026-09-10T01:17:37.021302+00:00,24
2023-06-05,ETH,1899.1,1913.3,1780.55,1806.35,0.0,IBKR_MID,24/7,unknown,unavailable_midpoint,2026-09-10T01:17:37.021302+00:00,24
2023-06-06,BTC,25643.0,27185.25,25409.0,27084.75,0.0,IBKR_MID,24/7,unknown,unavailable_midpoint,2026-09-10T01:17:37.021302+00:00,24
2023-06-06,ETH,1807.55,1897.3,1796.45,1891.85,0.0,IBKR_MID,24/7,unknown,unavailable_midpoint,2026-09-10T01:17:37.021302+00:00,24
2023-06-07,BTC,27137.0,27359.0,26261.0,26481.5,0.0,IBKR_MID,24/7,unknown,unavailable_midpoint,2026-09-10T01:17:37.021302+00:00,24
2023-06-07,ETH,1894.75,1895.6,1833.6,1850.55,0.0,IBKR_MID,24/7,unknown,unavailable_midpoint,2026-09-10T01:17:37.021302+00:00,24
2023-06-08,BTC,26479.75,26795.0,26134.0,26541.5,0.0,IBKR_MID,24/7,unknown,unavailable_midpoint,2026-09-10T01:17:37.021302+00:00,24
2023-06-08,ETH,1849.8,1860.4,1821.05,1847.85,0.0,IBKR_MID,24/7,unknown,unavailable_midpoint,2026-09-10T01:17:37.021302+00:00,24
2023-06-09,BTC,26533.25,26776.5,26299.75,26555.75,0.0,IBKR_MID,24/7,unknown,unavailable_midpoint,2026-09-10T01:17:37.021302+00:00,24
2023-06-09,ETH,1847.3,1855.25,1828.65,1843.75,0.0,IBKR_MID,24/7,unknown,unavailable_midpoint,2026-09-10T01:17:37.021302+00:00,24
2023-06-12,BTC,25798.0,26216.0,25665.25,25820.0,0.0,IBKR_MID,24/7,unknown,unavailable_midpoint,2026-09-10T01:17:37.021302+00:00,24
2023-06-12,ETH,1757.25,1777.85,1721.9,1732.85,0.0,IBKR_MID,24/7,unknown,unavailable_midpoint,2026-09-10T01:17:37.021302+00:00,24
2023-06-13,BTC,25836.0,26415.25,25832.75,26110.25,0.0,IBKR_MID,24/7,unknown,unavailable_midpoint,2026-09-10T01:17:37.021302+00:00,24
2023-06-13,ETH,1733.35,1765.85,1732.4,1742.25,0.0,IBKR_MID,24/7,unknown,unavailable_midpoint,2026-09-10T01:17:37.021302+00:00,24
2023-06-14,BTC,25832.75,26052.75,25788.0,25866.25,0.0,IBKR_MID,24/7,unknown,unavailable_midpoint,2026-09-10T01:17:37.021302+00:00,24
2023-06-14,ETH,1736.05,1749.85,1733.45,1740.7,0.0,IBKR_MID,24/7,unknown,unavailable_midpoint,2026-09-10T01:17:37.021302+00:00,24
2023-06-15,BTC,25871.0,25871.0,24799.25,25432.5,0.0,IBKR_MID,24/7,unknown,unavailable_midpoint,2026-09-10T01:17:37.021302+00:00,24
2023-06-15,ETH,1637.75,1669.95,1625.75,1669.35,0.0,IBKR_MID,24/7,unknown,unavailable_midpoint,2026-09-10T01:17:37.021302+00:00,24
2023-06-16,BTC,25429.0,26470.25,25208.25,26364.5,0.0,IBKR_MID,24/7,unknown,unavailable_midpoint,2026-09-10T01:17:37.021302+00:00,24
2023-06-16,ETH,1669.25,1698.25,1663.15,1695.45,0.0,IBKR_MID,24/7,unknown,unavailable_midpoint,2026-09-10T01:17:37.021302+00:00,24
2023-06-19,BTC,26535.0,27015.5,26307.25,26673.5,0.0,IBKR_MID,24/7,unknown,unavailable_midpoint,2026-09-10T01:17:37.021302+00:00,24
2023-06-19,ETH,1727.25,1748.75,1704.65,1725.45,0.0,IBKR_MID,24/7,unknown,unavailable_midpoint,2026-09-10T01:17:37.021302+00:00,24
2023-06-20,BTC,26814.5,27995.5,26642.0,27992.5,0.0,IBKR_MID,24/7,unknown,unavailable_midpoint,2026-09-10T01:17:37.021302+00:00,24
2023-06-20,ETH,1733.6,1783.65,1714.85,1780.75,0.0,IBKR_MID,24/7,unknown,unavailable_midpoint,2026-09-10T01:17:37.021302+00:00,24
2023-06-21,BTC,28060.5,30747.500000000004,27883.5,30123.25,0.0,IBKR_MID,24/7,unknown,unavailable_midpoint,2026-09-10T01:17:37.021302+00:00,24
2023-06-21,ETH,1787.2,1898.75,1775.2,1882.9,0.0,IBKR_MID,24/7,unknown,unavailable_midpoint,2026-09-10T01:17:37.021302+00:00,24
2023-06-22,BTC,30114.75,30487.0,29666.0,30220.499999999996,0.0,IBKR_MID,24/7,unknown,unavailable_midpoint,2026-09-10T01:17:37.021302+00:00,24
2023-06-22,ETH,1882.45,1931.15,1866.65,1890.2,0.0,IBKR_MID,24/7,unknown,unavailable_midpoint,2026-09-10T01:17:37.021302+00:00,24
2023-06-23,BTC,30226.75,31403.75,29836.25,30904.75,0.0,IBKR_MID,24/7,unknown,unavailable_midpoint,2026-09-10T01:17:37.021302+00:00,24
2023-06-23,ETH,1889.45,1933.5,1864.75,1901.85,0.0,IBKR_MID,24/7,unknown,unavailable_midpoint,2026-09-10T01:17:37.021302+00:00,24
2023-06-26,BTC,30881.500000000004,30892.0,29935.75,30091.500000000004,0.0,IBKR_MID,24/7,unknown,unavailable_midpoint,2026-09-10T01:17:37.021302+00:00,24
2023-06-26,ETH,1919.3,1924.15,1839.2,1844.3,0.0,IBKR_MID,24/7,unknown,unavailable_midpoint,2026-09-10T01:17:37.021302+00:00,24
2023-06-27,BTC,30154.499999999996,31009.75,30108.25,30698.75,0.0,IBKR_MID,24/7,unknown,unavailable_midpoint,2026-09-10T01:17:37.021302+00:00,24
2023-06-27,ETH,1851.2,1912.6,1847.4,1898.7,0.0,IBKR_MID,24/7,unknown,unavailable_midpoint,2026-09-10T01:17:37.021302+00:00,24
2023-06-28,BTC,30680.499999999996,30741.25,30028.499999999996,30262.499999999996,0.0,IBKR_MID,24/7,unknown,unavailable_midpoint,2026-09-10T01:17:37.021302+00:00,24
2023-06-28,ETH,1894.2,1897.75,1843.75,1854.45,0.0,IBKR_MID,24/7,unknown,unavailable_midpoint,2026-09-10T01:17:37.021302+00:00,24
2023-06-29,BTC,30111.25,30818.75,30029.25,30325.0,0.0,IBKR_MID,24/7,unknown,unavailable_midpoint,2026-09-10T01:17:37.021302+00:00,24
2023-06-29,ETH,1844.95,1867.5,1825.3,1856.35,0.0,IBKR_MID,24/7,unknown,unavailable_midpoint,2026-09-10T01:17:37.021302+00:00,24
2023-06-30,BTC,30621.25,31269.25,29719.25,30392.75,0.0,IBKR_MID,24/7,unknown,unavailable_midpoint,2026-09-10T01:17:37.021302+00:00,24
2023-06-30,ETH,1857.4,1945.6,1837.5,1922.7,0.0,IBKR_MID,24/7,unknown,unavailable_midpoint,2026-09-10T01:17:37.021302+00:00,24
2023-07-03,BTC,30478.499999999996,31384.499999999996,30235.75,31265.500000000004,0.0,IBKR_MID,24/7,unknown,unavailable_midpoint,2026-09-10T01:17:37.021302+00:00,24
2023-07-03,ETH,1913.6,1976.7,1890.25,1967.55,0.0,IBKR_MID,24/7,unknown,unavailable_midpoint,2026-09-10T01:17:37.021302+00:00,24
2023-07-04,BTC,31050.25,31125.0,30639.25,30703.0,0.0,IBKR_MID,24/7,unknown,unavailable_midpoint,2026-09-10T01:17:37.021302+00:00,24
2023-07-04,ETH,1958.05,1965.2,1931.4,1934.5,0.0,IBKR_MID,24/7,unknown,unavailable_midpoint,2026-09-10T01:17:37.021302+00:00,24
2023-07-05,BTC,30688.0,30880.75,30200.75,30508.499999999996,0.0,IBKR_MID,24/7,unknown,unavailable_midpoint,2026-09-10T01:17:37.021302+00:00,24
2023-07-05,ETH,1933.2,1942.75,1894.65,1910.05,0.0,IBKR_MID,24/7,unknown,unavailable_midpoint,2026-09-10T01:17:37.021302+00:00,24
2023-07-06,BTC,30465.25,30992.25,30195.25,30383.500000000004,0.0,IBKR_MID,24/7,unknown,unavailable_midpoint,2026-09-10T01:17:37.021302+00:00,24
2023-07-06,ETH,1908.0,1957.55,1865.9,1887.25,0.0,IBKR_MID,24/7,unknown,unavailable_midpoint,2026-09-10T01:17:37.021302+00:00,24
2023-07-07,BTC,30305.25,30446.75,29545.0,30201.500000000004,0.0,IBKR_MID,24/7,unknown,unavailable_midpoint,2026-09-10T01:17:37.021302+00:00,24
2023-07-07,ETH,1885.0,1887.75,1826.2,1863.25,0.0,IBKR_MID,24/7,unknown,unavailable_midpoint,2026-09-10T01:17:37.021302+00:00,24
2023-07-10,BTC,30261.25,30660.75,29964.0,30660.75,0.0,IBKR_MID,24/7,unknown,unavailable_midpoint,2026-09-10T01:17:37.021302+00:00,24
2023-07-10,ETH,1867.0,1894.3,1847.0,1892.9,0.0,IBKR_MID,24/7,unknown,unavailable_midpoint,2026-09-10T01:17:37.021302+00:00,24
2023-07-11,BTC,30757.500000000004,30947.0,30204.25,30585.0,0.0,IBKR_MID,24/7,unknown,unavailable_midpoint,2026-09-10T01:17:37.021302+00:00,24
2023-07-11,ETH,1897.6,1901.0,1862.85,1874.9,0.0,IBKR_MID,24/7,unknown,unavailable_midpoint,2026-09-10T01:17:37.021302+00:00,24
2023-07-12,BTC,30597.75,30898.25,30210.75,30282.499999999996,0.0,IBKR_MID,24/7,unknown,unavailable_midpoint,2026-09-10T01:17:37.021302+00:00,24
2023-07-12,ETH,1875.4,1902.1,1867.8,1868.1,0.0,IBKR_MID,24/7,unknown,unavailable_midpoint,2026-09-10T01:17:37.021302+00:00,24
2023-07-13,BTC,30246.0,31464.25,30073.0,31415.500000000004,0.0,IBKR_MID,24/7,unknown,unavailable_midpoint,2026-09-10T01:17:37.021302+00:00,24
2023-07-13,ETH,1867.95,2012.25,1862.85,1988.8,0.0,IBKR_MID,24/7,unknown,unavailable_midpoint,2026-09-10T01:17:37.021302+00:00,24
2023-07-14,BTC,31534.25,31758.25,31265.25,31303.0,0.0,IBKR_MID,24/7,unknown,unavailable_midpoint,2026-09-10T01:17:37.021302+00:00,24
2023-07-14,ETH,1993.35,2013.3,1982.1,1982.95,0.0,IBKR_MID,24/7,unknown,unavailable_midpoint,2026-09-10T01:17:37.021302+00:00,24
2023-07-17,BTC,30267.75,30449.75,30042.0,30143.75,0.0,IBKR_MID,24/7,unknown,unavailable_midpoint,2026-09-10T01:17:37.021302+00:00,24
2023-07-17,ETH,1928.3,1943.65,1899.65,1905.2,0.0,IBKR_MID,24/7,unknown,unavailable_midpoint,2026-09-10T01:17:37.021302+00:00,24
2023-07-18,BTC,29936.499999999996,30281.500000000004,29557.75,29716.499999999996,0.0,IBKR_MID,24/7,unknown,unavailable_midpoint,2026-09-10T01:17:37.021302+00:00,24
2023-07-18,ETH,1890.95,1920.45,1879.75,1892.15,0.0,IBKR_MID,24/7,unknown,unavailable_midpoint,2026-09-10T01:17:37.021302+00:00,24
2023-07-19,BTC,29747.75,30189.500000000004,29702.0,30050.0,0.0,IBKR_MID,24/7,unknown,unavailable_midpoint,2026-09-10T01:17:37.021302+00:00,24
2023-07-19,ETH,1893.65,1919.9,1890.65,1911.35,0.0,IBKR_MID,24/7,unknown,unavailable_midpoint,2026-09-10T01:17:37.021302+00:00,24
2023-07-20,BTC,30057.75,30417.25,29591.25,29689.500000000004,0.0,IBKR_MID,24/7,unknown,unavailable_midpoint,2026-09-10T01:17:37.021302+00:00,24
2023-07-20,ETH,1909.85,1928.05,1879.0,1884.3,0.0,IBKR_MID,24/7,unknown,unavailable_midpoint,2026-09-10T01:17:37.021302+00:00,24
2023-07-21,BTC,29750.75,30060.499999999996,29666.25,29859.75,0.0,IBKR_MID,24/7,unknown,unavailable_midpoint,2026-09-10T01:17:37.021302+00:00,24
2023-07-21,ETH,1888.0,1905.4,1882.0,1894.05,0.0,IBKR_MID,24/7,unknown,unavailable_midpoint,2026-09-10T01:17:37.021302+00:00,24
2023-07-24,BTC,29920.25,30347.25,28893.25,29112.25,0.0,IBKR_MID,24/7,unknown,unavailable_midpoint,2026-09-10T01:17:37.021302+00:00,24
2023-07-24,ETH,1874.4,1904.8,1834.55,1849.15,0.0,IBKR_MID,24/7,unknown,unavailable_midpoint,2026-09-10T01:17:37.021302+00:00,24
2023-07-25,BTC,29142.75,29366.75,28396.75,29228.25,0.0,IBKR_MID,24/7,unknown,unavailable_midpoint,2026-09-10T01:17:37.021302+00:00,24
2023-07-25,ETH,1848.6,1868.15,1845.1,1857.85,0.0,IBKR_MID,24/7,unknown,unavailable_midpoint,2026-09-10T01:17:37.021302+00:00,24
2023-07-26,BTC,29186.75,29392.25,29098.25,29342.25,0.0,IBKR_MID,24/7,unknown,unavailable_midpoint,2026-09-10T01:17:37.021302+00:00,24
2023-07-26,ETH,1857.05,1873.1,1818.55,1871.05,0.0,IBKR_MID,24/7,unknown,unavailable_midpoint,2026-09-10T01:17:37.021302+00:00,24
2023-07-27,BTC,29349.75,29519.75,29211.75,29244.75,0.0,IBKR_MID,24/7,unknown,unavailable_midpoint,2026-09-10T01:17:37.021302+00:00,24
2023-07-27,ETH,1873.25,1887.05,1855.7,1862.15,0.0,IBKR_MID,24/7,unknown,unavailable_midpoint,2026-09-10T01:17:37.021302+00:00,24
2023-07-28,BTC,29144.0,29331.25,29124.25,29224.75,0.0,IBKR_MID,24/7,unknown,unavailable_midpoint,2026-09-10T01:17:37.021302+00:00,24
2023-07-28,ETH,1859.85,1871.85,1857.45,1867.2,0.0,IBKR_MID,24/7,unknown,unavailable_midpoint,2026-09-10T01:17:37.021302+00:00,24
2023-07-31,BTC,29287.0,29501.0,29059.25,29147.25,0.0,IBKR_MID,24/7,unknown,unavailable_midpoint,2026-09-10T01:17:37.021302+00:00,24
2023-07-31,ETH,1875.35,1885.25,1851.0,1855.95,0.0,IBKR_MID,24/7,unknown,unavailable_midpoint,2026-09-10T01:17:37.021302+00:00,24
2023-08-01,BTC,29221.5,29343.0,28638.75,29259.75,0.0,IBKR_MID,24/7,unknown,unavailable_midpoint,2026-09-10T01:17:37.021302+00:00,24
2023-08-01,ETH,1858.55,1863.6,1816.4,1850.1,0.0,IBKR_MID,24/7,unknown,unavailable_midpoint,2026-09-10T01:17:37.021302+00:00,24
2023-08-02,BTC,29246.5,29994.75,29158.5,29300.0,0.0,IBKR_MID,24/7,unknown,unavailable_midpoint,2026-09-10T01:17:37.021302+00:00,24
2023-08-02,ETH,1849.95,1878.0,1821.9,1832.75,0.0,IBKR_MID,24/7,unknown,unavailable_midpoint,2026-09-10T01:17:37.021302+00:00,24
2023-08-03,BTC,29314.0,29352.0,29112.75,29264.0,0.0,IBKR_MID,24/7,unknown,unavailable_midpoint,2026-09-10T01:17:37.021302+00:00,24
2023-08-03,ETH,1840.3,1846.2,1830.05,1839.2,0.0,IBKR_MID,24/7,unknown,unavailable_midpoint,2026-09-10T01:17:37.021302+00:00,24
2023-08-04,BTC,29261.75,29299.75,29104.75,29134.25,0.0,IBKR_MID,24/7,unknown,unavailable_midpoint,2026-09-10T01:17:37.021302+00:00,24
2023-08-04,ETH,1843.5,1847.9,1827.2,1836.2,0.0,IBKR_MID,24/7,unknown,unavailable_midpoint,2026-09-10T01:17:37.021302+00:00,24
2023-08-07,BTC,29041.0,29180.75,28914.25,29033.25,0.0,IBKR_MID,24/7,unknown,unavailable_midpoint,2026-09-10T01:17:37.021302+00:00,24
2023-08-07,ETH,1832.65,1844.0,1804.15,1818.0,0.0,IBKR_MID,24/7,unknown,unavailable_midpoint,2026-09-10T01:17:37.021302+00:00,24
2023-08-08,BTC,29057.0,29968.0,29051.75,29926.499999999996,0.0,IBKR_MID,24/7,unknown,unavailable_midpoint,2026-09-10T01:17:37.021302+00:00,24
2023-08-08,ETH,1820.35,1837.3,1820.15,1829.1,0.0,IBKR_MID,24/7,unknown,unavailable_midpoint,2026-09-10T01:17:37.021302+00:00,24
2023-08-09,BTC,29913.25,30029.0,29420.5,29457.5,0.0,IBKR_MID,24/7,unknown,unavailable_midpoint,2026-09-10T01:17:37.021302+00:00,24
2023-08-09,ETH,1844.5,1861.95,1828.2,1838.15,0.0,IBKR_MID,24/7,unknown,unavailable_midpoint,2026-09-10T01:17:37.021302+00:00,24
2023-08-10,BTC,29387.0,29642.25,29353.5,29461.25,0.0,IBKR_MID,24/7,unknown,unavailable_midpoint,2026-09-10T01:17:37.021302+00:00,24
2023-08-10,ETH,1847.4,1864.05,1844.95,1847.05,0.0,IBKR_MID,24/7,unknown,unavailable_midpoint,2026-09-10T01:17:37.021302+00:00,24
2023-08-11,BTC,29462.75,29505.75,29385.75,29446.0,0.0,IBKR_MID,24/7,unknown,unavailable_midpoint,2026-09-10T01:17:37.021302+00:00,24
2023-08-11,ETH,1847.0,1855.1,1837.85,1842.25,0.0,IBKR_MID,24/7,unknown,unavailable_midpoint,2026-09-10T01:17:37.021302+00:00,24
2023-08-14,BTC,29458.5,29571.75,29318.25,29429.0,0.0,IBKR_MID,24/7,unknown,unavailable_midpoint,2026-09-10T01:17:37.021302+00:00,24
2023-08-14,ETH,1848.0,1860.2,1833.05,1840.4,0.0,IBKR_MID,24/7,unknown,unavailable_midpoint,2026-09-10T01:17:37.021302+00:00,24
2023-08-15,BTC,29505.75,29532.25,29050.75,29123.5,0.0,IBKR_MID,24/7,unknown,unavailable_midpoint,2026-09-10T01:17:37.021302+00:00,24
2023-08-15,ETH,1842.05,1845.75,1812.15,1820.7,0.0,IBKR_MID,24/7,unknown,unavailable_midpoint,2026-09-10T01:17:37.021302+00:00,24
2023-08-16,BTC,29127.25,29225.5,28922.25,29162.5,0.0,IBKR_MID,24/7,unknown,unavailable_midpoint,2026-09-10T01:17:37.021302+00:00,24
2023-08-16,ETH,1824.8,1830.25,1813.95,1826.3,0.0,IBKR_MID,24/7,unknown,unavailable_midpoint,2026-09-10T01:17:37.021302+00:00,24
2023-08-17,BTC,29069.75,29110.75,27718.25,27894.75,0.0,IBKR_MID,24/7,unknown,unavailable_midpoint,2026-09-10T01:17:37.021302+00:00,24
2023-08-17,ETH,1819.25,1821.15,1725.05,1737.1,0.0,IBKR_MID,24/7,unknown,unavailable_midpoint,2026-09-10T01:17:37.021302+00:00,24
2023-08-18,BTC,27865.5,27878.75,25642.0,26064.75,0.0,IBKR_MID,24/7,unknown,unavailable_midpoint,2026-09-10T01:17:37.021302+00:00,24
2023-08-18,ETH,1736.3,1737.25,1591.9,1660.5,0.0,IBKR_MID,24/7,unknown,unavailable_midpoint,2026-09-10T01:17:37.021302+00:00,24
2023-08-21,BTC,26060.25,26278.75,25823.0,26114.0,0.0,IBKR_MID,24/7,unknown,unavailable_midpoint,2026-09-10T01:17:37.021302+00:00,24
2023-08-21,ETH,1663.2,1822.25,1650.0,1672.9,0.0,IBKR_MID,24/7,unknown,unavailable_midpoint,2026-09-10T01:17:37.021302+00:00,24
2023-08-22,BTC,26121.75,27556.0,25766.0,27462.5,0.0,IBKR_MID,24/7,unknown,unavailable_midpoint,2026-09-10T01:17:37.021302+00:00,24
2023-08-22,ETH,1666.9,1672.05,1623.85,1624.5,0.0,IBKR_MID,24/7,unknown,unavailable_midpoint,2026-09-10T01:17:37.021302+00:00,24
2023-08-23,BTC,27480.25,27668.5,26427.25,26621.0,0.0,IBKR_MID,24/7,unknown,unavailable_midpoint,2026-09-10T01:17:37.021302+00:00,24
2023-08-23,ETH,1626.65,1786.55,1581.4,1686.25,0.0,IBKR_MID,24/7,unknown,unavailable_midpoint,2026-09-10T01:17:37.021302+00:00,24
2023-08-24,BTC,26548.5,26723.75,25867.75,25989.75,0.0,IBKR_MID,24/7,unknown,unavailable_midpoint,2026-09-10T01:17:37.021302+00:00,24
2023-08-24,ETH,1683.1,1692.9,1637.05,1642.65,0.0,IBKR_MID,24/7,unknown,unavailable_midpoint,2026-09-10T01:17:37.021302+00:00,24
2023-08-25,BTC,25995.5,26377.0,25760.0,26017.75,0.0,IBKR_MID,24/7,unknown,unavailable_midpoint,2026-09-10T01:17:37.021302+00:00,24
2023-08-25,ETH,1633.45,1675.3,1633.4,1647.4,0.0,IBKR_MID,24/7,unknown,unavailable_midpoint,2026-09-10T01:17:37.021302+00:00,24
2023-08-28,BTC,26029.75,26231.5,25854.25,25976.0,0.0,IBKR_MID,24/7,unknown,unavailable_midpoint,2026-09-10T01:17:37.021302+00:00,24
2023-08-28,ETH,1649.25,1662.6,1621.25,1646.1,0.0,IBKR_MID,24/7,unknown,unavailable_midpoint,2026-09-10T01:17:37.021302+00:00,24
2023-08-29,BTC,25979.5,28140.75,25767.0,27952.75,0.0,IBKR_MID,24/7,unknown,unavailable_midpoint,2026-09-10T01:17:37.021302+00:00,24
2023-08-29,ETH,1635.85,1749.15,1635.8,1737.05,0.0,IBKR_MID,24/7,unknown,unavailable_midpoint,2026-09-10T01:17:37.021302+00:00,24
2023-08-30,BTC,27902.25,27911.0,27019.75,27226.0,0.0,IBKR_MID,24/7,unknown,unavailable_midpoint,2026-09-10T01:17:37.021302+00:00,24
2023-08-30,ETH,1736.85,1742.6,1695.8,1702.65,0.0,IBKR_MID,24/7,unknown,unavailable_midpoint,2026-09-10T01:17:37.021302+00:00,24
2023-08-31,BTC,27216.75,27569.75,26095.75,26206.75,0.0,IBKR_MID,24/7,unknown,unavailable_midpoint,2026-09-10T01:17:37.021302+00:00,24
2023-08-31,ETH,1702.0,1725.2,1644.45,1656.1,0.0,IBKR_MID,24/7,unknown,unavailable_midpoint,2026-09-10T01:17:37.021302+00:00,24
2023-09-01,BTC,26160.0,26255.75,25317.75,25507.25,0.0,IBKR_MID,24/7,unknown,unavailable_midpoint,2026-09-10T01:17:37.021302+00:00,24
2023-09-01,ETH,1655.6,1656.65,1602.35,1605.4,0.0,IBKR_MID,24/7,unknown,unavailable_midpoint,2026-09-10T01:17:37.021302+00:00,24
2023-09-04,BTC,25905.75,26123.0,25669.75,25887.25,0.0,IBKR_MID,24/7,unknown,unavailable_midpoint,2026-09-10T01:17:37.021302+00:00,24
2023-09-04,ETH,1636.15,1650.0,1619.1,1631.0,0.0,IBKR_MID,24/7,unknown,unavailable_midpoint,2026-09-10T01:17:37.021302+00:00,24
2023-09-05,BTC,26011.5,26012.5,25490.25,25739.0,0.0,IBKR_MID,24/7,unknown,unavailable_midpoint,2026-09-10T01:17:37.021302+00:00,24
2023-09-05,ETH,1638.8,1640.85,1606.7,1634.8,0.0,IBKR_MID,24/7,unknown,unavailable_midpoint,2026-09-10T01:17:37.021302+00:00,24
2023-09-06,BTC,25704.5,25876.25,25490.5,25623.75,0.0,IBKR_MID,24/7,unknown,unavailable_midpoint,2026-09-10T01:17:37.021302+00:00,24
2023-09-06,ETH,1634.1,1640.65,1616.7,1627.95,0.0,IBKR_MID,24/7,unknown,unavailable_midpoint,2026-09-10T01:17:37.021302+00:00,24
2023-09-07,BTC,25672.25,25963.25,25595.5,25903.5,0.0,IBKR_MID,24/7,unknown,unavailable_midpoint,2026-09-10T01:17:37.021302+00:00,24
2023-09-07,ETH,1630.35,1641.45,1622.3,1635.45,0.0,IBKR_MID,24/7,unknown,unavailable_midpoint,2026-09-10T01:17:37.021302+00:00,24
2023-09-08,BTC,25878.5,26450.25,25719.0,25827.5,0.0,IBKR_MID,24/7,unknown,unavailable_midpoint,2026-09-10T01:17:37.021302+00:00,24
2023-09-08,ETH,1637.1,1657.95,1623.9,1628.2,0.0,IBKR_MID,24/7,unknown,unavailable_midpoint,2026-09-10T01:17:37.021302+00:00,24
2023-09-11,BTC,25850.0,26012.75,25052.5,25166.5,0.0,IBKR_MID,24/7,unknown,unavailable_midpoint,2026-09-10T01:17:37.021302+00:00,24
2023-09-11,ETH,1626.3,1627.8,1551.3,1560.7,0.0,IBKR_MID,24/7,unknown,unavailable_midpoint,2026-09-10T01:17:37.021302+00:00,24
2023-09-12,BTC,25084.25,25084.5,25084.25,25084.25,0.0,IBKR_MID,24/7,unknown,unavailable_midpoint,2026-09-10T01:17:37.021302+00:00,24
2023-09-12,ETH,1541.55,1541.55,1541.5,1541.55,0.0,IBKR_MID,24/7,unknown,unavailable_midpoint,2026-09-10T01:17:37.021302+00:00,24
2023-09-13,BTC,26053.0,26411.25,25763.75,26144.5,0.0,IBKR_MID,24/7,unknown,unavailable_midpoint,2026-09-10T01:17:37.021302+00:00,24
2023-09-13,ETH,1597.4,1619.1,1581.1,1599.65,0.0,IBKR_MID,24/7,unknown,unavailable_midpoint,2026-09-10T01:17:37.021302+00:00,24
2023-09-14,BTC,26154.25,26878.0,26128.0,26688.0,0.0,IBKR_MID,24/7,unknown,unavailable_midpoint,2026-09-10T01:17:37.021302+00:00,24
2023-09-14,ETH,1600.05,1644.9,1599.3,1636.0,0.0,IBKR_MID,24/7,unknown,unavailable_midpoint,2026-09-10T01:17:37.021302+00:00,24
2023-09-15,BTC,26695.5,26730.25,26219.0,26404.0,0.0,IBKR_MID,24/7,unknown,unavailable_midpoint,2026-09-10T01:17:37.021302+00:00,24
2023-09-15,ETH,1636.85,1639.0,1610.75,1621.25,0.0,IBKR_MID,24/7,unknown,unavailable_midpoint,2026-09-10T01:17:37.021302+00:00,24
2023-09-18,BTC,26551.25,27424.75,26372.25,26809.75,0.0,IBKR_MID,24/7,unknown,unavailable_midpoint,2026-09-10T01:17:37.021302+00:00,24
2023-09-18,ETH,1631.35,1669.4,1604.1,1640.4,0.0,IBKR_MID,24/7,unknown,unavailable_midpoint,2026-09-10T01:17:37.021302+00:00,24
2023-09-19,BTC,26595.75,27499.25,26557.5,27197.5,0.0,IBKR_MID,24/7,unknown,unavailable_midpoint,2026-09-10T01:17:37.021302+00:00,24
2023-09-19,ETH,1632.35,1661.6,1624.55,1644.45,0.0,IBKR_MID,24/7,unknown,unavailable_midpoint,2026-09-10T01:17:37.021302+00:00,24
2023-09-20,BTC,27172.5,27393.25,26811.0,26934.75,0.0,IBKR_MID,24/7,unknown,unavailable_midpoint,2026-09-10T01:17:37.021302+00:00,24
2023-09-20,ETH,1643.4,1649.6,1604.55,1616.4,0.0,IBKR_MID,24/7,unknown,unavailable_midpoint,2026-09-10T01:17:37.021302+00:00,24
2023-09-21,BTC,26928.25,27241.0,26366.5,26607.0,0.0,IBKR_MID,24/7,unknown,unavailable_midpoint,2026-09-10T01:17:37.021302+00:00,24
2023-09-21,ETH,1615.45,1630.05,1567.05,1589.65,0.0,IBKR_MID,24/7,unknown,unavailable_midpoint,2026-09-10T01:17:37.021302+00:00,24
2023-09-22,BTC,26586.75,26739.25,26469.0,26534.75,0.0,IBKR_MID,24/7,unknown,unavailable_midpoint,2026-09-10T01:17:37.021302+00:00,24
2023-09-22,ETH,1588.75,1602.4,1576.9,1592.45,0.0,IBKR_MID,24/7,unknown,unavailable_midpoint,2026-09-10T01:17:37.021302+00:00,24
2023-09-25,BTC,26556.25,26730.75,25188.0,26307.25,0.0,IBKR_MID,24/7,unknown,unavailable_midpoint,2026-09-10T01:17:37.021302+00:00,24
2023-09-25,ETH,1592.5,1605.0,1562.85,1589.95,0.0,IBKR_MID,24/7,unknown,unavailable_midpoint,2026-09-10T01:17:37.021302+00:00,24
2023-09-26,BTC,25359.5,26555.0,25118.0,26224.75,0.0,IBKR_MID,24/7,unknown,unavailable_midpoint,2026-09-10T01:17:37.021302+00:00,24
2023-09-26,ETH,1589.2,1609.2,1570.15,1587.85,0.0,IBKR_MID,24/7,unknown,unavailable_midpoint,2026-09-10T01:17:37.021302+00:00,24
2023-09-27,BTC,26231.5,26837.75,25135.5,26248.5,0.0,IBKR_MID,24/7,unknown,unavailable_midpoint,2026-09-10T01:17:37.021302+00:00,24
2023-09-27,ETH,1588.15,1632.95,1573.35,1596.6,0.0,IBKR_MID,24/7,unknown,unavailable_midpoint,2026-09-10T01:17:37.021302+00:00,24
2023-09-28,BTC,26236.0,27312.5,26203.5,27117.25,0.0,IBKR_MID,24/7,unknown,unavailable_midpoint,2026-09-10T01:17:37.021302+00:00,24
2023-09-28,ETH,1596.15,1668.6,1591.8,1658.15,0.0,IBKR_MID,24/7,unknown,unavailable_midpoint,2026-09-10T01:17:37.021302+00:00,24
2023-09-29,BTC,27126.25,27239.0,26652.75,26922.5,0.0,IBKR_MID,24/7,unknown,unavailable_midpoint,2026-09-10T01:17:37.021302+00:00,24
2023-09-29,ETH,1658.7,1688.25,1643.7,1665.15,0.0,IBKR_MID,24/7,unknown,unavailable_midpoint,2026-09-10T01:17:37.021302+00:00,24
2023-10-02,BTC,27136.5,28604.5,26005.25,27969.25,0.0,IBKR_MID,24/7,unknown,unavailable_midpoint,2026-09-10T01:17:37.021302+00:00,24
2023-10-02,ETH,1679.15,1754.0,1646.3,1674.1,0.0,IBKR_MID,24/7,unknown,unavailable_midpoint,2026-09-10T01:17:37.021302+00:00,24
2023-10-03,BTC,27864.25,28111.25,25779.75,27276.0,0.0,IBKR_MID,24/7,unknown,unavailable_midpoint,2026-09-10T01:17:37.021302+00:00,24
2023-10-03,ETH,1666.8,1672.5,1636.0,1650.7,0.0,IBKR_MID,24/7,unknown,unavailable_midpoint,2026-09-10T01:17:37.021302+00:00,24
2023-10-04,BTC,27317.25,27841.0,27153.0,27621.75,0.0,IBKR_MID,24/7,unknown,unavailable_midpoint,2026-09-10T01:17:37.021302+00:00,24
2023-10-04,ETH,1652.3,1660.05,1625.5,1643.05,0.0,IBKR_MID,24/7,unknown,unavailable_midpoint,2026-09-10T01:17:37.021302+00:00,24
2023-10-05,BTC,27607.0,28136.0,27361.5,27489.0,0.0,IBKR_MID,24/7,unknown,unavailable_midpoint,2026-09-10T01:17:37.021302+00:00,24
2023-10-05,ETH,1642.35,1655.25,1608.35,1616.65,0.0,IBKR_MID,24/7,unknown,unavailable_midpoint,2026-09-10T01:17:37.021302+00:00,24
2023-10-06,BTC,27501.25,28069.75,27175.0,27971.25,0.0,IBKR_MID,24/7,unknown,unavailable_midpoint,2026-09-10T01:17:37.021302+00:00,24
2023-10-06,ETH,1617.45,1655.25,1610.2,1646.25,0.0,IBKR_MID,24/7,unknown,unavailable_midpoint,2026-09-10T01:17:37.021302+00:00,24
2023-10-09,BTC,27911.5,28014.75,25726.5,27601.5,0.0,IBKR_MID,24/7,unknown,unavailable_midpoint,2026-09-10T01:17:37.021302+00:00,24
2023-10-09,ETH,1629.2,1639.7,1543.15,1580.75,0.0,IBKR_MID,24/7,unknown,unavailable_midpoint,2026-09-10T01:17:37.021302+00:00,24
2023-10-10,BTC,27822.5,27879.5,25804.25,27402.5,0.0,IBKR_MID,24/7,unknown,unavailable_midpoint,2026-09-10T01:17:37.021302+00:00,24
2023-10-10,ETH,1578.2,1595.3,1557.75,1565.95,0.0,IBKR_MID,24/7,unknown,unavailable_midpoint,2026-09-10T01:17:37.021302+00:00,24
2023-10-11,BTC,27397.0,27488.75,25743.25,26757.0,0.0,IBKR_MID,24/7,unknown,unavailable_midpoint,2026-09-10T01:17:37.021302+00:00,24
2023-10-11,ETH,1565.7,1578.55,1548.4,1562.8,0.0,IBKR_MID,24/7,unknown,unavailable_midpoint,2026-09-10T01:17:37.021302+00:00,24
2023-10-12,BTC,26762.25,26938.75,25356.5,26697.25,0.0,IBKR_MID,24/7,unknown,unavailable_midpoint,2026-09-10T01:17:37.021302+00:00,24
2023-10-12,ETH,1562.85,1569.1,1520.55,1530.75,0.0,IBKR_MID,24/7,unknown,unavailable_midpoint,2026-09-10T01:17:37.021302+00:00,24
2023-10-13,BTC,26706.0,26995.25,25383.75,26770.5,0.0,IBKR_MID,24/7,unknown,unavailable_midpoint,2026-09-10T01:17:37.021302+00:00,24
2023-10-13,ETH,1530.5,1564.25,1520.0,1545.55,0.0,IBKR_MID,24/7,unknown,unavailable_midpoint,2026-09-10T01:17:37.021302+00:00,24
2023-10-16,BTC,26878.25,30133.500000000004,25530.75,28477.25,0.0,IBKR_MID,24/7,unknown,unavailable_midpoint,2026-09-10T01:17:37.021302+00:00,24
2023-10-16,ETH,1553.75,1641.15,1544.85,1589.4,0.0,IBKR_MID,24/7,unknown,unavailable_midpoint,2026-09-10T01:17:37.021302+00:00,24
2023-10-17,BTC,28854.0,28854.0,28084.75,28534.5,0.0,IBKR_MID,24/7,unknown,unavailable_midpoint,2026-09-10T01:17:37.021302+00:00,24
2023-10-17,ETH,1599.25,1605.6,1552.0,1564.8,0.0,IBKR_MID,24/7,unknown,unavailable_midpoint,2026-09-10T01:17:37.021302+00:00,24
2023-10-18,BTC,28526.25,28989.0,28153.0,28256.25,0.0,IBKR_MID,24/7,unknown,unavailable_midpoint,2026-09-10T01:17:37.021302+00:00,24
2023-10-18,ETH,1563.3,1586.3,1557.9,1563.3,0.0,IBKR_MID,24/7,unknown,unavailable_midpoint,2026-09-10T01:17:37.021302+00:00,24
2023-10-19,BTC,28230.0,28935.5,28129.5,28773.0,0.0,IBKR_MID,24/7,unknown,unavailable_midpoint,2026-09-10T01:17:37.021302+00:00,24
2023-10-19,ETH,1561.55,1576.15,1542.3,1568.65,0.0,IBKR_MID,24/7,unknown,unavailable_midpoint,2026-09-10T01:17:37.021302+00:00,24
2023-10-20,BTC,28760.0,30242.499999999996,28593.5,29583.0,0.0,IBKR_MID,24/7,unknown,unavailable_midpoint,2026-09-10T01:17:37.021302+00:00,24
2023-10-20,ETH,1568.8,1631.85,1561.95,1607.3,0.0,IBKR_MID,24/7,unknown,unavailable_midpoint,2026-09-10T01:17:37.021302+00:00,24
2023-10-23,BTC,30094.499999999996,31452.0,29609.25,31355.0,0.0,IBKR_MID,24/7,unknown,unavailable_midpoint,2026-09-10T01:17:37.021302+00:00,24
2023-10-23,ETH,1645.9,1713.5,1622.5,1708.85,0.0,IBKR_MID,24/7,unknown,unavailable_midpoint,2026-09-10T01:17:37.021302+00:00,24
2023-10-24,BTC,31631.0,35978.5,31245.0,33802.5,0.0,IBKR_MID,24/7,unknown,unavailable_midpoint,2026-09-10T01:17:37.021302+00:00,24
2023-10-24,ETH,1713.05,1854.7,1694.8,1777.25,0.0,IBKR_MID,24/7,unknown,unavailable_midpoint,2026-09-10T01:17:37.021302+00:00,24
2023-10-25,BTC,33821.5,35139.75,33341.0,34760.75,0.0,IBKR_MID,24/7,unknown,unavailable_midpoint,2026-09-10T01:17:37.021302+00:00,24
2023-10-25,ETH,1779.15,1818.1,1728.4,1790.45,0.0,IBKR_MID,24/7,unknown,unavailable_midpoint,2026-09-10T01:17:37.021302+00:00,24
2023-10-26,BTC,34771.0,34853.5,29167.0,34051.5,0.0,IBKR_MID,24/7,unknown,unavailable_midpoint,2026-09-10T01:17:37.021302+00:00,24
2023-10-26,ETH,1790.55,1865.85,1762.85,1792.75,0.0,IBKR_MID,24/7,unknown,unavailable_midpoint,2026-09-10T01:17:37.021302+00:00,24
2023-10-27,BTC,34061.25,34292.0,33402.0,33705.25,0.0,IBKR_MID,24/7,unknown,unavailable_midpoint,2026-09-10T01:17:37.021302+00:00,24
2023-10-27,ETH,1791.4,1811.9,1745.15,1774.55,0.0,IBKR_MID,24/7,unknown,unavailable_midpoint,2026-09-10T01:17:37.021302+00:00,24
2023-10-30,BTC,34095.0,34867.0,34062.5,34458.25,0.0,IBKR_MID,24/7,unknown,unavailable_midpoint,2026-09-10T01:17:37.021302+00:00,24
2023-10-30,ETH,1780.15,1830.7,1778.3,1802.75,0.0,IBKR_MID,24/7,unknown,unavailable_midpoint,2026-09-10T01:17:37.021302+00:00,24
2023-10-31,BTC,28590.25,34872.25,28590.0,34560.0,0.0,IBKR_MID,24/7,unknown,unavailable_midpoint,2026-09-10T01:17:37.021302+00:00,24
2023-10-31,ETH,1582.85,1826.65,1582.85,1812.0,0.0,IBKR_MID,24/7,unknown,unavailable_midpoint,2026-09-10T01:17:37.021302+00:00,24
2023-11-01,BTC,34549.75,35191.0,34084.0,34575.5,0.0,IBKR_MID,24/7,unknown,unavailable_midpoint,2026-09-10T01:17:37.021302+00:00,24
2023-11-01,ETH,1811.25,1852.4,1783.5,1837.2,0.0,IBKR_MID,24/7,unknown,unavailable_midpoint,2026-09-10T01:17:37.021302+00:00,24
2023-11-02,BTC,34559.75,35988.25,34314.5,35011.0,0.0,IBKR_MID,24/7,unknown,unavailable_midpoint,2026-09-10T01:17:37.021302+00:00,24
2023-11-02,ETH,1838.75,1875.0,1785.15,1812.35,0.0,IBKR_MID,24/7,unknown,unavailable_midpoint,2026-09-10T01:17:37.021302+00:00,24
2023-11-03,BTC,35031.25,35116.25,34104.5,34542.75,0.0,IBKR_MID,24/7,unknown,unavailable_midpoint,2026-09-10T01:17:37.021302+00:00,24
2023-11-03,ETH,1812.6,1824.65,1777.65,1817.5,0.0,IBKR_MID,24/7,unknown,unavailable_midpoint,2026-09-10T01:17:37.021302+00:00,24
2023-11-06,BTC,35191.25,35412.0,34509.25,35042.25,0.0,IBKR_MID,24/7,unknown,unavailable_midpoint,2026-09-10T01:17:37.021302+00:00,24
2023-11-06,ETH,1886.25,1915.85,1857.9,1895.95,0.0,IBKR_MID,24/7,unknown,unavailable_midpoint,2026-09-10T01:17:37.021302+00:00,24
2023-11-07,BTC,35003.0,35962.75,34536.5,35641.25,0.0,IBKR_MID,24/7,unknown,unavailable_midpoint,2026-09-10T01:17:37.021302+00:00,24
2023-11-07,ETH,1891.15,1908.15,1851.0,1902.25,0.0,IBKR_MID,24/7,unknown,unavailable_midpoint,2026-09-10T01:17:37.021302+00:00,24
2023-11-08,BTC,35615.25,35782.5,35107.25,35630.75,0.0,IBKR_MID,24/7,unknown,unavailable_midpoint,2026-09-10T01:17:37.021302+00:00,24
2023-11-08,ETH,1900.0,1905.35,1873.5,1895.8,0.0,IBKR_MID,24/7,unknown,unavailable_midpoint,2026-09-10T01:17:37.021302+00:00,24
2023-11-09,BTC,35645.5,38042.5,35402.0,36568.75,0.0,IBKR_MID,24/7,unknown,unavailable_midpoint,2026-09-10T01:17:37.021302+00:00,24
2023-11-09,ETH,1896.45,2050.05,1883.5,2037.25,0.0,IBKR_MID,24/7,unknown,unavailable_midpoint,2026-09-10T01:17:37.021302+00:00,24
2023-11-10,BTC,36573.25,37473.0,36335.75,37259.0,0.0,IBKR_MID,24/7,unknown,unavailable_midpoint,2026-09-10T01:17:37.021302+00:00,24
2023-11-10,ETH,2037.1,2136.55,2032.1,2087.45,0.0,IBKR_MID,24/7,unknown,unavailable_midpoint,2026-09-10T01:17:37.021302+00:00,24
2023-11-13,BTC,37137.75,37434.25,36553.0,36806.0,0.0,IBKR_MID,24/7,unknown,unavailable_midpoint,2026-09-10T01:17:37.021302+00:00,24
2023-11-13,ETH,2058.25,2118.55,2029.6,2087.35,0.0,IBKR_MID,24/7,unknown,unavailable_midpoint,2026-09-10T01:17:37.021302+00:00,24
2023-11-14,BTC,36552.25,36759.25,32326.75,35289.25,0.0,IBKR_MID,24/7,unknown,unavailable_midpoint,2026-09-10T01:17:37.021302+00:00,24
2023-11-14,ETH,2072.6,2074.45,1931.6,1975.6,0.0,IBKR_MID,24/7,unknown,unavailable_midpoint,2026-09-10T01:17:37.021302+00:00,24
2023-11-15,BTC,35265.25,37870.0,35216.0,37604.5,0.0,IBKR_MID,24/7,unknown,unavailable_midpoint,2026-09-10T01:17:37.021302+00:00,24
2023-11-15,ETH,1975.35,2063.55,1967.15,2045.55,0.0,IBKR_MID,24/7,unknown,unavailable_midpoint,2026-09-10T01:17:37.021302+00:00,24
2023-11-16,BTC,37535.5,37971.0,35511.75,35959.0,0.0,IBKR_MID,24/7,unknown,unavailable_midpoint,2026-09-10T01:17:37.021302+00:00,24
2023-11-16,ETH,2043.5,2093.7,1937.95,1957.2,0.0,IBKR_MID,24/7,unknown,unavailable_midpoint,2026-09-10T01:17:37.021302+00:00,24
2023-11-17,BTC,35933.25,36866.0,35828.5,36504.5,0.0,IBKR_MID,24/7,unknown,unavailable_midpoint,2026-09-10T01:17:37.021302+00:00,24
2023-11-17,ETH,1956.95,1991.4,1906.75,1943.8,0.0,IBKR_MID,24/7,unknown,unavailable_midpoint,2026-09-10T01:17:37.021302+00:00,24
2023-11-20,BTC,36637.0,37789.75,36403.5,37579.25,0.0,IBKR_MID,24/7,unknown,unavailable_midpoint,2026-09-10T01:17:37.021302+00:00,24
2023-11-20,ETH,1963.1,2067.85,1946.05,2037.15,0.0,IBKR_MID,24/7,unknown,unavailable_midpoint,2026-09-10T01:17:37.021302+00:00,24
2023-11-21,BTC,37346.5,37681.0,36264.0,36959.0,0.0,IBKR_MID,24/7,unknown,unavailable_midpoint,2026-09-10T01:17:37.021302+00:00,24
2023-11-21,ETH,2024.55,2036.55,1953.05,1992.8,0.0,IBKR_MID,24/7,unknown,unavailable_midpoint,2026-09-10T01:17:37.021302+00:00,24
2023-11-22,BTC,36924.75,37660.5,35636.5,37648.5,0.0,IBKR_MID,24/7,unknown,unavailable_midpoint,2026-09-10T01:17:37.021302+00:00,24
2023-11-22,ETH,1990.65,2082.85,1929.55,2076.2,0.0,IBKR_MID,24/7,unknown,unavailable_midpoint,2026-09-10T01:17:37.021302+00:00,24
2023-11-23,BTC,37632.5,37873.5,36889.5,37288.5,0.0,IBKR_MID,24/7,unknown,unavailable_midpoint,2026-09-10T01:17:37.021302+00:00,24
2023-11-23,ETH,2076.1,2092.65,2040.35,2066.65,0.0,IBKR_MID,24/7,unknown,unavailable_midpoint,2026-09-10T01:17:37.021302+00:00,24
2023-11-24,BTC,37290.0,38473.25,37214.25,37865.25,0.0,IBKR_MID,24/7,unknown,unavailable_midpoint,2026-09-10T01:17:37.021302+00:00,24
2023-11-24,ETH,2067.7,2134.25,2059.55,2092.4,0.0,IBKR_MID,24/7,unknown,unavailable_midpoint,2026-09-10T01:17:37.021302+00:00,24
2023-11-27,BTC,37808.25,37842.5,36722.0,36804.75,0.0,IBKR_MID,24/7,unknown,unavailable_midpoint,2026-09-10T01:17:37.021302+00:00,24
2023-11-27,ETH,2090.0,2095.2,1985.65,1995.9,0.0,IBKR_MID,24/7,unknown,unavailable_midpoint,2026-09-10T01:17:37.021302+00:00,24
2023-11-28,BTC,37041.75,38435.0,33935.75,38298.75,0.0,IBKR_MID,24/7,unknown,unavailable_midpoint,2026-09-10T01:17:37.021302+00:00,24
2023-11-28,ETH,2105.65,2105.65,1995.15,2065.0,0.0,IBKR_MID,24/7,unknown,unavailable_midpoint,2026-09-10T01:17:37.021302+00:00,24
2023-11-29,BTC,38232.5,38461.5,37581.25,37670.75,0.0,IBKR_MID,24/7,unknown,unavailable_midpoint,2026-09-10T01:17:37.021302+00:00,24
2023-11-29,ETH,2061.8,2075.65,2019.55,2026.6,0.0,IBKR_MID,24/7,unknown,unavailable_midpoint,2026-09-10T01:17:37.021302+00:00,24
2023-11-30,BTC,37700.5,38150.5,37500.0,37744.25,0.0,IBKR_MID,24/7,unknown,unavailable_midpoint,2026-09-10T01:17:37.021302+00:00,24
2023-11-30,ETH,2028.45,2052.5,2021.15,2044.2,0.0,IBKR_MID,24/7,unknown,unavailable_midpoint,2026-09-10T01:17:37.021302+00:00,24
2023-12-01,BTC,37751.5,38999.0,37613.25,38764.75,0.0,IBKR_MID,24/7,unknown,unavailable_midpoint,2026-09-10T01:17:37.021302+00:00,24
2023-12-01,ETH,2044.95,2112.05,2040.7,2091.3,0.0,IBKR_MID,24/7,unknown,unavailable_midpoint,2026-09-10T01:17:37.021302+00:00,24
2023-12-04,BTC,39495.0,42317.0,39395.75,41784.75,0.0,IBKR_MID,24/7,unknown,unavailable_midpoint,2026-09-10T01:17:37.021302+00:00,24
2023-12-04,ETH,2165.6,2273.4,2150.45,2229.35,0.0,IBKR_MID,24/7,unknown,unavailable_midpoint,2026-09-10T01:17:37.021302+00:00,24
2023-12-05,BTC,36999.5,44096.25,36089.75,43782.75,0.0,IBKR_MID,24/7,unknown,unavailable_midpoint,2026-09-10T01:17:37.021302+00:00,24
2023-12-05,ETH,2246.6,2308.2,2189.8,2265.0,0.0,IBKR_MID,24/7,unknown,unavailable_midpoint,2026-09-10T01:17:37.021302+00:00,24
2023-12-06,BTC,43786.75,44502.75,43395.25,43783.75,0.0,IBKR_MID,24/7,unknown,unavailable_midpoint,2026-09-10T01:17:37.021302+00:00,24
2023-12-06,ETH,2265.25,2312.25,2233.5,2252.85,0.0,IBKR_MID,24/7,unknown,unavailable_midpoint,2026-09-10T01:17:37.021302+00:00,24
2023-12-07,BTC,43811.5,44048.75,42846.5,43251.75,0.0,IBKR_MID,24/7,unknown,unavailable_midpoint,2026-09-10T01:17:37.021302+00:00,24
2023-12-07,ETH,2255.2,2356.0,2221.3,2340.9,0.0,IBKR_MID,24/7,unknown,unavailable_midpoint,2026-09-10T01:17:37.021302+00:00,24
2023-12-08,BTC,43268.25,44452.25,40877.5,44438.5,0.0,IBKR_MID,24/7,unknown,unavailable_midpoint,2026-09-10T01:17:37.021302+00:00,24
2023-12-08,ETH,2344.3,2390.45,2338.3,2366.35,0.0,IBKR_MID,24/7,unknown,unavailable_midpoint,2026-09-10T01:17:37.021302+00:00,24
2023-12-11,BTC,43962.5,44039.75,39500.75,40859.75,0.0,IBKR_MID,24/7,unknown,unavailable_midpoint,2026-09-10T01:17:37.021302+00:00,24
2023-12-11,ETH,2353.8,2376.7,2141.2,2200.3,0.0,IBKR_MID,24/7,unknown,unavailable_midpoint,2026-09-10T01:17:37.021302+00:00,24
2023-12-12,BTC,41103.25,42085.0,40653.5,41199.75,0.0,IBKR_MID,24/7,unknown,unavailable_midpoint,2026-09-10T01:17:37.021302+00:00,24
2023-12-12,ETH,2210.75,2242.5,2165.85,2185.5,0.0,IBKR_MID,24/7,unknown,unavailable_midpoint,2026-09-10T01:17:37.021302+00:00,24
2023-12-13,BTC,41210.5,42902.0,40582.25,42888.75,0.0,IBKR_MID,24/7,unknown,unavailable_midpoint,2026-09-10T01:17:37.021302+00:00,24
2023-12-13,ETH,2184.75,2261.8,2146.7,2258.8,0.0,IBKR_MID,24/7,unknown,unavailable_midpoint,2026-09-10T01:17:37.021302+00:00,24
2023-12-14,BTC,42879.0,43483.5,40864.25,42928.5,0.0,IBKR_MID,24/7,unknown,unavailable_midpoint,2026-09-10T01:17:37.021302+00:00,24
2023-12-14,ETH,2260.45,2316.5,2165.9,2290.9,0.0,IBKR_MID,24/7,unknown,unavailable_midpoint,2026-09-10T01:17:37.021302+00:00,24
2023-12-15,BTC,42946.75,43190.5,41265.0,42230.25,0.0,IBKR_MID,24/7,unknown,unavailable_midpoint,2026-09-10T01:17:37.021302+00:00,24
2023-12-15,ETH,2291.7,2331.1,2224.45,2252.05,0.0,IBKR_MID,24/7,unknown,unavailable_midpoint,2026-09-10T01:17:37.021302+00:00,24
2023-12-18,BTC,41839.25,42370.25,40530.75,41978.75,0.0,IBKR_MID,24/7,unknown,unavailable_midpoint,2026-09-10T01:17:37.021302+00:00,24
2023-12-18,ETH,2205.95,2244.75,2117.15,2185.7,0.0,IBKR_MID,24/7,unknown,unavailable_midpoint,2026-09-10T01:17:37.021302+00:00,24
2023-12-19,BTC,42417.25,43519.25,41801.0,42217.75,0.0,IBKR_MID,24/7,unknown,unavailable_midpoint,2026-09-10T01:17:37.021302+00:00,24
2023-12-19,ETH,2209.1,2253.15,2135.45,2168.85,0.0,IBKR_MID,24/7,unknown,unavailable_midpoint,2026-09-10T01:17:37.021302+00:00,24
2023-12-20,BTC,42215.75,44313.0,42196.25,43468.75,0.0,IBKR_MID,24/7,unknown,unavailable_midpoint,2026-09-10T01:17:37.021302+00:00,24
2023-12-20,ETH,2169.2,2263.6,2158.5,2183.4,0.0,IBKR_MID,24/7,unknown,unavailable_midpoint,2026-09-10T01:17:37.021302+00:00,24
2023-12-21,BTC,43506.0,44245.5,43312.25,43776.0,0.0,IBKR_MID,24/7,unknown,unavailable_midpoint,2026-09-10T01:17:37.021302+00:00,24
2023-12-21,ETH,2184.9,2279.05,2171.55,2238.45,0.0,IBKR_MID,24/7,unknown,unavailable_midpoint,2026-09-10T01:17:37.021302+00:00,24
2023-12-22,BTC,43722.0,44421.0,43434.5,43685.5,0.0,IBKR_MID,24/7,unknown,unavailable_midpoint,2026-09-10T01:17:37.021302+00:00,24
2023-12-22,ETH,2236.3,2342.55,2230.6,2315.15,0.0,IBKR_MID,24/7,unknown,unavailable_midpoint,2026-09-10T01:17:37.021302+00:00,24
2023-12-25,BTC,43675.0,43885.25,42633.0,43453.5,0.0,IBKR_MID,24/7,unknown,unavailable_midpoint,2026-09-10T01:17:37.021302+00:00,24
2023-12-25,ETH,2296.45,2307.75,2247.15,2270.45,0.0,IBKR_MID,24/7,unknown,unavailable_midpoint,2026-09-10T01:17:37.021302+00:00,24
2023-12-26,BTC,43390.25,43736.75,41647.75,42129.0,0.0,IBKR_MID,24/7,unknown,unavailable_midpoint,2026-09-10T01:17:37.021302+00:00,24
2023-12-26,ETH,2268.2,2285.6,2177.65,2216.65,0.0,IBKR_MID,24/7,unknown,unavailable_midpoint,2026-09-10T01:17:37.021302+00:00,24
2023-12-27,BTC,42132.5,43570.75,42110.25,43509.5,0.0,IBKR_MID,24/7,unknown,unavailable_midpoint,2026-09-10T01:17:37.021302+00:00,24
2023-12-27,ETH,2214.85,2376.75,2213.0,2352.45,0.0,IBKR_MID,24/7,unknown,unavailable_midpoint,2026-09-10T01:17:37.021302+00:00,24
2023-12-28,BTC,43520.25,43814.25,42300.25,42524.25,0.0,IBKR_MID,24/7,unknown,unavailable_midpoint,2026-09-10T01:17:37.021302+00:00,24
2023-12-28,ETH,2352.45,2464.6,2342.8,2353.55,0.0,IBKR_MID,24/7,unknown,unavailable_midpoint,2026-09-10T01:17:37.021302+00:00,24
2023-12-29,BTC,42527.75,43137.5,41675.5,41994.5,0.0,IBKR_MID,24/7,unknown,unavailable_midpoint,2026-09-10T01:17:37.021302+00:00,24
2023-12-29,ETH,2351.05,2386.35,2285.8,2303.9,0.0,IBKR_MID,24/7,unknown,unavailable_midpoint,2026-09-10T01:17:37.021302+00:00,24
2024-01-01,BTC,42519.5,43844.25,42069.75,43760.5,0.0,IBKR_MID,24/7,unknown,unavailable_midpoint,2026-09-10T01:17:37.021302+00:00,24
2024-01-01,ETH,2293.95,2349.25,2260.75,2343.8,0.0,IBKR_MID,24/7,unknown,unavailable_midpoint,2026-09-10T01:17:37.021302+00:00,24
2024-01-02,BTC,43671.25,45986.5,42020.25,44825.0,0.0,IBKR_MID,24/7,unknown,unavailable_midpoint,2026-09-10T01:17:37.021302+00:00,24
2024-01-02,ETH,2339.3,2432.35,2324.7,2360.5,0.0,IBKR_MID,24/7,unknown,unavailable_midpoint,2026-09-10T01:17:37.021302+00:00,24
2024-01-03,BTC,44837.5,45864.75,40471.25,42745.75,0.0,IBKR_MID,24/7,unknown,unavailable_midpoint,2026-09-10T01:17:37.021302+00:00,24
2024-01-03,ETH,2361.0,2384.85,2103.1,2218.6,0.0,IBKR_MID,24/7,unknown,unavailable_midpoint,2026-09-10T01:17:37.021302+00:00,24
2024-01-04,BTC,42740.0,44767.75,42091.25,44190.0,0.0,IBKR_MID,24/7,unknown,unavailable_midpoint,2026-09-10T01:17:37.021302+00:00,24
2024-01-04,ETH,2218.3,2295.7,2197.55,2277.25,0.0,IBKR_MID,24/7,unknown,unavailable_midpoint,2026-09-10T01:17:37.021302+00:00,24
2024-01-05,BTC,44222.75,44797.0,42002.25,44011.75,0.0,IBKR_MID,24/7,unknown,unavailable_midpoint,2026-09-10T01:17:37.021302+00:00,24
2024-01-05,ETH,2277.95,2290.35,2208.95,2250.15,0.0,IBKR_MID,24/7,unknown,unavailable_midpoint,2026-09-10T01:17:37.021302+00:00,24
2024-01-08,BTC,44097.0,47441.5,43235.5,46816.0,0.0,IBKR_MID,24/7,unknown,unavailable_midpoint,2026-09-10T01:17:37.021302+00:00,24
2024-01-08,ETH,2249.75,2360.8,2169.35,2338.15,0.0,IBKR_MID,24/7,unknown,unavailable_midpoint,2026-09-10T01:17:37.021302+00:00,24
2024-01-09,BTC,46921.75,47238.75,43291.75,46674.0,0.0,IBKR_MID,24/7,unknown,unavailable_midpoint,2026-09-10T01:17:37.021302+00:00,24
2024-01-09,ETH,2338.95,2349.4,2229.25,2249.6,0.0,IBKR_MID,24/7,unknown,unavailable_midpoint,2026-09-10T01:17:37.021302+00:00,24
2024-01-10,BTC,46689.5,48303.5,42836.5,46166.0,0.0,IBKR_MID,24/7,unknown,unavailable_midpoint,2026-09-10T01:17:37.021302+00:00,24
2024-01-10,ETH,2252.15,2488.7,2249.8,2484.35,0.0,IBKR_MID,24/7,unknown,unavailable_midpoint,2026-09-10T01:17:37.021302+00:00,24
2024-01-11,BTC,46015.75,49059.25,45105.0,46285.5,0.0,IBKR_MID,24/7,unknown,unavailable_midpoint,2026-09-10T01:17:37.021302+00:00,24
2024-01-11,ETH,2481.05,2689.6,2474.35,2595.05,0.0,IBKR_MID,24/7,unknown,unavailable_midpoint,2026-09-10T01:17:37.021302+00:00,24
2024-01-12,BTC,46338.0,46844.75,43162.75,43676.5,0.0,IBKR_MID,24/7,unknown,unavailable_midpoint,2026-09-10T01:17:37.021302+00:00,24
2024-01-12,ETH,2595.95,2717.9,2560.9,2568.7,0.0,IBKR_MID,24/7,unknown,unavailable_midpoint,2026-09-10T01:17:37.021302+00:00,24
2024-01-15,BTC,42985.5,43899.0,41694.25,42912.75,0.0,IBKR_MID,24/7,unknown,unavailable_midpoint,2026-09-10T01:17:37.021302+00:00,24
2024-01-15,ETH,2549.85,2552.6,2465.75,2528.85,0.0,IBKR_MID,24/7,unknown,unavailable_midpoint,2026-09-10T01:17:37.021302+00:00,24
2024-01-16,BTC,42750.75,44112.75,42053.75,43166.5,0.0,IBKR_MID,24/7,unknown,unavailable_midpoint,2026-09-10T01:17:37.021302+00:00,24
2024-01-16,ETH,2522.2,2587.45,2498.75,2584.65,0.0,IBKR_MID,24/7,unknown,unavailable_midpoint,2026-09-10T01:17:37.021302+00:00,24
2024-01-17,BTC,43267.0,43685.0,41724.25,42654.0,0.0,IBKR_MID,24/7,unknown,unavailable_midpoint,2026-09-10T01:17:37.021302+00:00,24
2024-01-17,ETH,2586.45,2612.75,2516.6,2539.0,0.0,IBKR_MID,24/7,unknown,unavailable_midpoint,2026-09-10T01:17:37.021302+00:00,24
2024-01-18,BTC,42579.0,42857.75,40380.5,40699.25,0.0,IBKR_MID,24/7,unknown,unavailable_midpoint,2026-09-10T01:17:37.021302+00:00,24
2024-01-18,ETH,2534.7,2546.95,2424.95,2443.15,0.0,IBKR_MID,24/7,unknown,unavailable_midpoint,2026-09-10T01:17:37.021302+00:00,24
2024-01-19,BTC,40816.0,42136.0,40267.25,41550.5,0.0,IBKR_MID,24/7,unknown,unavailable_midpoint,2026-09-10T01:17:37.021302+00:00,24
2024-01-19,ETH,2444.8,2502.85,2414.4,2483.9,0.0,IBKR_MID,24/7,unknown,unavailable_midpoint,2026-09-10T01:17:37.021302+00:00,24
2024-01-22,BTC,41643.5,41867.25,39405.75,40156.75,0.0,IBKR_MID,24/7,unknown,unavailable_midpoint,2026-09-10T01:17:37.021302+00:00,24
2024-01-22,ETH,2473.85,2520.7,2304.4,2338.35,0.0,IBKR_MID,24/7,unknown,unavailable_midpoint,2026-09-10T01:17:37.021302+00:00,24
2024-01-23,BTC,40069.5,41000.0,38526.5,39107.0,0.0,IBKR_MID,24/7,unknown,unavailable_midpoint,2026-09-10T01:17:37.021302+00:00,24
2024-01-23,ETH,2331.35,2514.95,2166.55,2198.1,0.0,IBKR_MID,24/7,unknown,unavailable_midpoint,2026-09-10T01:17:37.021302+00:00,24
2024-01-24,BTC,39244.25,40520.75,39044.5,39516.25,0.0,IBKR_MID,24/7,unknown,unavailable_midpoint,2026-09-10T01:17:37.021302+00:00,24
2024-01-24,ETH,2202.75,2261.75,2188.25,2200.0,0.0,IBKR_MID,24/7,unknown,unavailable_midpoint,2026-09-10T01:17:37.021302+00:00,24
2024-01-25,BTC,39584.0,40273.25,39533.0,39817.25,0.0,IBKR_MID,24/7,unknown,unavailable_midpoint,2026-09-10T01:17:37.021302+00:00,24
2024-01-25,ETH,2204.75,2240.3,2171.1,2220.1,0.0,IBKR_MID,24/7,unknown,unavailable_midpoint,2026-09-10T01:17:37.021302+00:00,24
2024-01-26,BTC,39851.0,42223.25,39606.5,41955.0,0.0,IBKR_MID,24/7,unknown,unavailable_midpoint,2026-09-10T01:17:37.021302+00:00,24
2024-01-26,ETH,2220.75,2281.35,2195.75,2258.9,0.0,IBKR_MID,24/7,unknown,unavailable_midpoint,2026-09-10T01:17:37.021302+00:00,24
2024-01-29,BTC,42404.75,43290.75,41631.75,43137.75,0.0,IBKR_MID,24/7,unknown,unavailable_midpoint,2026-09-10T01:17:37.021302+00:00,24
2024-01-29,ETH,2283.95,2499.1,2234.75,2302.0,0.0,IBKR_MID,24/7,unknown,unavailable_midpoint,2026-09-10T01:17:37.021302+00:00,24
2024-01-30,BTC,43138.5,43889.0,43063.25,43551.25,0.0,IBKR_MID,24/7,unknown,unavailable_midpoint,2026-09-10T01:17:37.021302+00:00,24
2024-01-30,ETH,2307.3,2383.65,2297.9,2373.1,0.0,IBKR_MID,24/7,unknown,unavailable_midpoint,2026-09-10T01:17:37.021302+00:00,24
2024-01-31,BTC,43584.75,43722.0,42348.0,42545.25,0.0,IBKR_MID,24/7,unknown,unavailable_midpoint,2026-09-10T01:17:37.021302+00:00,24
2024-01-31,ETH,2374.95,2390.95,2280.05,2288.1,0.0,IBKR_MID,24/7,unknown,unavailable_midpoint,2026-09-10T01:17:37.021302+00:00,24
2024-02-01,BTC,42507.5,43254.5,41865.75,42992.75,0.0,IBKR_MID,24/7,unknown,unavailable_midpoint,2026-09-10T01:17:37.021302+00:00,24
2024-02-01,ETH,2285.7,2310.9,2240.05,2298.45,0.0,IBKR_MID,24/7,unknown,unavailable_midpoint,2026-09-10T01:17:37.021302+00:00,24
2024-02-02,BTC,42988.0,43445.5,42540.25,42943.75,0.0,IBKR_MID,24/7,unknown,unavailable_midpoint,2026-09-10T01:17:37.021302+00:00,24
2024-02-02,ETH,2298.2,2323.1,2280.9,2297.05,0.0,IBKR_MID,24/7,unknown,unavailable_midpoint,2026-09-10T01:17:37.021302+00:00,24
2024-02-05,BTC,42831.0,43638.0,40205.0,42372.75,0.0,IBKR_MID,24/7,unknown,unavailable_midpoint,2026-09-10T01:17:37.021302+00:00,24
2024-02-05,ETH,2290.95,2335.2,2268.05,2291.4,0.0,IBKR_MID,24/7,unknown,unavailable_midpoint,2026-09-10T01:17:37.021302+00:00,24
2024-02-06,BTC,42346.25,43342.25,42191.5,43086.5,0.0,IBKR_MID,24/7,unknown,unavailable_midpoint,2026-09-10T01:17:37.021302+00:00,24
2024-02-06,ETH,2284.85,2391.25,2276.35,2379.25,0.0,IBKR_MID,24/7,unknown,unavailable_midpoint,2026-09-10T01:17:37.021302+00:00,24
2024-02-07,BTC,43106.75,44249.5,42772.75,44110.5,0.0,IBKR_MID,24/7,unknown,unavailable_midpoint,2026-09-10T01:17:37.021302+00:00,24
2024-02-07,ETH,2383.15,2444.15,2352.45,2438.45,0.0,IBKR_MID,24/7,unknown,unavailable_midpoint,2026-09-10T01:17:37.021302+00:00,24
2024-02-08,BTC,44156.25,45610.0,44108.0,45498.75,0.0,IBKR_MID,24/7,unknown,unavailable_midpoint,2026-09-10T01:17:37.021302+00:00,24
2024-02-08,ETH,2437.8,2461.75,2411.55,2428.35,0.0,IBKR_MID,24/7,unknown,unavailable_midpoint,2026-09-10T01:17:37.021302+00:00,24
2024-02-09,BTC,45462.25,48587.5,41875.0,47560.75,0.0,IBKR_MID,24/7,unknown,unavailable_midpoint,2026-09-10T01:17:37.021302+00:00,24
2024-02-09,ETH,2426.2,2524.45,2417.7,2491.85,0.0,IBKR_MID,24/7,unknown,unavailable_midpoint,2026-09-10T01:17:37.021302+00:00,24
2024-02-12,BTC,48217.0,51296.75,44145.25,50186.0,0.0,IBKR_MID,24/7,unknown,unavailable_midpoint,2026-09-10T01:17:37.021302+00:00,24
2024-02-12,ETH,2529.9,2668.85,2473.4,2643.1,0.0,IBKR_MID,24/7,unknown,unavailable_midpoint,2026-09-10T01:17:37.021302+00:00,24
2024-02-13,BTC,45250.0,51258.25,45250.0,49437.5,0.0,IBKR_MID,24/7,unknown,unavailable_midpoint,2026-09-10T01:17:37.021302+00:00,24
2024-02-13,ETH,2667.95,2685.75,2591.6,2628.95,0.0,IBKR_MID,24/7,unknown,unavailable_midpoint,2026-09-10T01:17:37.021302+00:00,24
2024-02-14,BTC,49397.25,52093.0,49272.25,51744.5,0.0,IBKR_MID,24/7,unknown,unavailable_midpoint,2026-09-10T01:17:37.021302+00:00,24
2024-02-14,ETH,2628.9,2771.25,2618.05,2765.4,0.0,IBKR_MID,24/7,unknown,unavailable_midpoint,2026-09-10T01:17:37.021302+00:00,24
2024-02-15,BTC,51686.0,53800.5,44890.25,51751.75,0.0,IBKR_MID,24/7,unknown,unavailable_midpoint,2026-09-10T01:17:37.021302+00:00,24
2024-02-15,ETH,2762.9,2867.25,2758.15,2830.05,0.0,IBKR_MID,24/7,unknown,unavailable_midpoint,2026-09-10T01:17:37.021302+00:00,24
2024-02-16,BTC,51677.0,53697.0,51387.75,51884.25,0.0,IBKR_MID,24/7,unknown,unavailable_midpoint,2026-09-10T01:17:37.021302+00:00,24
2024-02-16,ETH,2823.8,2859.05,2748.95,2783.2,0.0,IBKR_MID,24/7,unknown,unavailable_midpoint,2026-09-10T01:17:37.021302+00:00,24
2024-02-19,BTC,51662.0,52475.0,44970.0,51838.75,0.0,IBKR_MID,24/7,unknown,unavailable_midpoint,2026-09-10T01:17:37.021302+00:00,24
2024-02-19,ETH,2800.1,2965.5,2786.9,2936.25,0.0,IBKR_MID,24/7,unknown,unavailable_midpoint,2026-09-10T01:17:37.021302+00:00,24
2024-02-20,BTC,45425.0,53017.25,45425.0,51990.0,0.0,IBKR_MID,24/7,unknown,unavailable_midpoint,2026-09-10T01:17:37.021302+00:00,24
2024-02-20,ETH,2974.55,3003.6,2875.9,2976.95,0.0,IBKR_MID,24/7,unknown,unavailable_midpoint,2026-09-10T01:17:37.021302+00:00,24
2024-02-21,BTC,51992.0,52517.75,50614.75,50974.5,0.0,IBKR_MID,24/7,unknown,unavailable_midpoint,2026-09-10T01:17:37.021302+00:00,24
2024-02-21,ETH,2977.0,3032.6,2870.1,2907.4,0.0,IBKR_MID,24/7,unknown,unavailable_midpoint,2026-09-10T01:17:37.021302+00:00,24
2024-02-22,BTC,51005.75,52072.75,50931.75,51980.75,0.0,IBKR_MID,24/7,unknown,unavailable_midpoint,2026-09-10T01:17:37.021302+00:00,24
2024-02-22,ETH,2910.0,3034.5,2901.2,3011.55,0.0,IBKR_MID,24/7,unknown,unavailable_midpoint,2026-09-10T01:17:37.021302+00:00,24
2024-02-23,BTC,51915.25,51942.25,44686.0,51089.75,0.0,IBKR_MID,24/7,unknown,unavailable_midpoint,2026-09-10T01:17:37.021302+00:00,24
2024-02-23,ETH,3006.95,3010.9,2907.5,2950.3,0.0,IBKR_MID,24/7,unknown,unavailable_midpoint,2026-09-10T01:17:37.021302+00:00,24
2024-02-26,BTC,51699.25,54973.75,50930.5,54549.25,0.0,IBKR_MID,24/7,unknown,unavailable_midpoint,2026-09-10T01:17:37.021302+00:00,24
2024-02-26,ETH,3028.85,3340.9,3011.5,3188.3,0.0,IBKR_MID,24/7,unknown,unavailable_midpoint,2026-09-10T01:17:37.021302+00:00,24
2024-02-27,BTC,54598.25,58548.25,53765.25,57038.0,0.0,IBKR_MID,24/7,unknown,unavailable_midpoint,2026-09-10T01:17:37.021302+00:00,24
2024-02-27,ETH,3182.7,3358.8,3165.8,3253.55,0.0,IBKR_MID,24/7,unknown,unavailable_midpoint,2026-09-10T01:17:37.021302+00:00,24
2024-02-28,BTC,56962.75,64175.25000000001,48836.5,60447.5,0.0,IBKR_MID,24/7,unknown,unavailable_midpoint,2026-09-10T01:17:37.021302+00:00,24
2024-02-28,ETH,3251.0,3490.0,3185.35,3299.55,0.0,IBKR_MID,24/7,unknown,unavailable_midpoint,2026-09-10T01:17:37.021302+00:00,24
2024-02-29,BTC,60376.0,63652.5,59824.5,61996.99999999999,0.0,IBKR_MID,24/7,unknown,unavailable_midpoint,2026-09-10T01:17:37.021302+00:00,24
2024-02-29,ETH,3296.0,3755.7,3276.2,3397.1,0.0,IBKR_MID,24/7,unknown,unavailable_midpoint,2026-09-10T01:17:37.021302+00:00,24
2024-03-01,BTC,61882.25,63223.5,60676.99999999999,62928.0,0.0,IBKR_MID,24/7,unknown,unavailable_midpoint,2026-09-10T01:17:37.021302+00:00,24
2024-03-01,ETH,3395.75,3451.95,3304.65,3446.0,0.0,IBKR_MID,24/7,unknown,unavailable_midpoint,2026-09-10T01:17:37.021302+00:00,24
2024-03-04,BTC,61655.00000000001,68739.5,61458.74999999999,67575.5,0.0,IBKR_MID,24/7,unknown,unavailable_midpoint,2026-09-10T01:17:37.021302+00:00,24
2024-03-04,ETH,3396.45,3795.05,3378.6,3591.8,0.0,IBKR_MID,24/7,unknown,unavailable_midpoint,2026-09-10T01:17:37.021302+00:00,24
2024-03-05,BTC,67080.75,69216.75,49355.25,61912.5,0.0,IBKR_MID,24/7,unknown,unavailable_midpoint,2026-09-10T01:17:37.021302+00:00,24
2024-03-05,ETH,3570.85,3827.45,3195.0,3391.55,0.0,IBKR_MID,24/7,unknown,unavailable_midpoint,2026-09-10T01:17:37.021302+00:00,24
2024-03-06,BTC,61930.5,68085.25,61927.00000000001,67064.5,0.0,IBKR_MID,24/7,unknown,unavailable_midpoint,2026-09-10T01:17:37.021302+00:00,24
2024-03-06,ETH,3391.45,3899.85,3391.45,3867.8,0.0,IBKR_MID,24/7,unknown,unavailable_midpoint,2026-09-10T01:17:37.021302+00:00,24
2024-03-07,BTC,67020.25,68072.25,65620.25,67677.25,0.0,IBKR_MID,24/7,unknown,unavailable_midpoint,2026-09-10T01:17:37.021302+00:00,24
2024-03-07,ETH,3865.8,3938.9,3738.25,3932.7,0.0,IBKR_MID,24/7,unknown,unavailable_midpoint,2026-09-10T01:17:37.021302+00:00,24
2024-03-08,BTC,67647.25,71370.25,65738.75,69272.5,0.0,IBKR_MID,24/7,unknown,unavailable_midpoint,2026-09-10T01:17:37.021302+00:00,24
2024-03-08,ETH,3934.0,4000.0,3584.55,3949.35,0.0,IBKR_MID,24/7,unknown,unavailable_midpoint,2026-09-10T01:17:37.021302+00:00,24
2024-03-11,BTC,68516.75,73441.5,66175.5,72076.75,0.0,IBKR_MID,24/7,unknown,unavailable_midpoint,2026-09-10T01:17:37.021302+00:00,24
2024-03-11,ETH,3907.25,4264.2,3735.3,4038.75,0.0,IBKR_MID,24/7,unknown,unavailable_midpoint,2026-09-10T01:17:37.021302+00:00,24
2024-03-12,BTC,70000.0,74074.75,67676.5,71419.25,0.0,IBKR_MID,24/7,unknown,unavailable_midpoint,2026-09-10T01:17:37.021302+00:00,24
2024-03-12,ETH,3900.0,4091.95,3668.85,3981.3,0.0,IBKR_MID,24/7,unknown,unavailable_midpoint,2026-09-10T01:17:37.021302+00:00,24
2024-03-13,BTC,71368.5,73664.75,67868.75,73451.5,0.0,IBKR_MID,24/7,unknown,unavailable_midpoint,2026-09-10T01:17:37.021302+00:00,24
2024-03-13,ETH,3978.9,4084.65,3930.6,4006.4,0.0,IBKR_MID,24/7,unknown,unavailable_midpoint,2026-09-10T01:17:37.021302+00:00,24
2024-03-14,BTC,73355.25,73814.5,67100.75,69306.5,0.0,IBKR_MID,24/7,unknown,unavailable_midpoint,2026-09-10T01:17:37.021302+00:00,24
2024-03-14,ETH,4005.05,4024.2,3722.2,3782.15,0.0,IBKR_MID,24/7,unknown,unavailable_midpoint,2026-09-10T01:17:37.021302+00:00,24
2024-03-15,BTC,69477.5,72371.5,65448.0,68998.75,0.0,IBKR_MID,24/7,unknown,unavailable_midpoint,2026-09-10T01:17:37.021302+00:00,24
2024-03-15,ETH,3789.75,4090.0,3557.3,3690.85,0.0,IBKR_MID,24/7,unknown,unavailable_midpoint,2026-09-10T01:17:37.021302+00:00,24
2024-03-18,BTC,64954.74999999999,68890.25,63574.0,66973.25,0.0,IBKR_MID,24/7,unknown,unavailable_midpoint,2026-09-10T01:17:37.021302+00:00,24
2024-03-18,ETH,3443.5,3676.4,3394.35,3481.0,0.0,IBKR_MID,24/7,unknown,unavailable_midpoint,2026-09-10T01:17:37.021302+00:00,24
2024-03-19,BTC,64000.0,68109.75,62352.99999999999,64395.5,0.0,IBKR_MID,24/7,unknown,unavailable_midpoint,2026-09-10T01:17:37.021302+00:00,24
2024-03-19,ETH,3900.0,3900.0,3203.05,3334.2,0.0,IBKR_MID,24/7,unknown,unavailable_midpoint,2026-09-10T01:17:37.021302+00:00,24
2024-03-20,BTC,64478.0,69453.5,60792.74999999999,65774.75,0.0,IBKR_MID,24/7,unknown,unavailable_midpoint,2026-09-10T01:17:37.021302+00:00,24
2024-03-20,ETH,3337.0,3904.4,3059.55,3377.85,0.0,IBKR_MID,24/7,unknown,unavailable_midpoint,2026-09-10T01:17:37.021302+00:00,24
2024-03-21,BTC,65687.75,71096.25,62588.74999999999,65243.75,0.0,IBKR_MID,24/7,unknown,unavailable_midpoint,2026-09-10T01:17:37.021302+00:00,24
2024-03-21,ETH,3373.2,3585.0,3371.7,3442.05,0.0,IBKR_MID,24/7,unknown,unavailable_midpoint,2026-09-10T01:17:37.021302+00:00,24
2024-03-22,BTC,65111.25000000001,66620.75,62604.5,63859.00000000001,0.0,IBKR_MID,24/7,unknown,unavailable_midpoint,2026-09-10T01:17:37.021302+00:00,24
2024-03-22,ETH,3436.95,3541.0,3281.95,3341.25,0.0,IBKR_MID,24/7,unknown,unavailable_midpoint,2026-09-10T01:17:37.021302+00:00,24
2024-03-25,BTC,64253.75,72082.5,64060.0,71024.5,0.0,IBKR_MID,24/7,unknown,unavailable_midpoint,2026-09-10T01:17:37.021302+00:00,24
2024-03-25,ETH,3328.55,4068.65,3318.45,3643.55,0.0,IBKR_MID,24/7,unknown,unavailable_midpoint,2026-09-10T01:17:37.021302+00:00,24
2024-03-26,BTC,70929.0,71559.0,68807.75,69468.5,0.0,IBKR_MID,24/7,unknown,unavailable_midpoint,2026-09-10T01:17:37.021302+00:00,24
2024-03-26,ETH,3635.45,3678.45,3544.9,3560.45,0.0,IBKR_MID,24/7,unknown,unavailable_midpoint,2026-09-10T01:17:37.021302+00:00,24
2024-03-27,BTC,69455.75,71772.25,63739.5,68631.5,0.0,IBKR_MID,24/7,unknown,unavailable_midpoint,2026-09-10T01:17:37.021302+00:00,24
2024-03-27,ETH,3558.7,4015.5,3460.1,3489.8,0.0,IBKR_MID,24/7,unknown,unavailable_midpoint,2026-09-10T01:17:37.021302+00:00,24
2024-03-28,BTC,68684.0,71572.5,68646.5,70821.75,0.0,IBKR_MID,24/7,unknown,unavailable_midpoint,2026-09-10T01:17:37.021302+00:00,24
2024-03-28,ETH,3491.9,3610.9,3464.15,3564.65,0.0,IBKR_MID,24/7,unknown,unavailable_midpoint,2026-09-10T01:17:37.021302+00:00,24
2024-03-29,BTC,70819.25,71073.0,69079.0,69669.75,0.0,IBKR_MID,24/7,unknown,unavailable_midpoint,2026-09-10T01:17:37.021302+00:00,24
2024-03-29,ETH,3562.6,3583.5,3472.25,3501.6,0.0,IBKR_MID,24/7,unknown,unavailable_midpoint,2026-09-10T01:17:37.021302+00:00,24
2024-04-01,BTC,70219.0,71386.25,67405.75,69740.75,0.0,IBKR_MID,24/7,unknown,unavailable_midpoint,2026-09-10T01:17:37.021302+00:00,24
2024-04-01,ETH,3614.35,3992.2,3416.05,3490.1,0.0,IBKR_MID,24/7,unknown,unavailable_midpoint,2026-09-10T01:17:37.021302+00:00,24
2024-04-02,BTC,69469.5,69930.25,64593.25000000001,65981.75,0.0,IBKR_MID,24/7,unknown,unavailable_midpoint,2026-09-10T01:17:37.021302+00:00,24
2024-04-02,ETH,3478.95,3939.65,3214.25,3280.55,0.0,IBKR_MID,24/7,unknown,unavailable_midpoint,2026-09-10T01:17:37.021302+00:00,24
2024-04-03,BTC,65896.75,66953.5,62627.25000000001,65849.25,0.0,IBKR_MID,24/7,unknown,unavailable_midpoint,2026-09-10T01:17:37.021302+00:00,24
2024-04-03,ETH,3277.35,3369.75,3205.0,3317.8,0.0,IBKR_MID,24/7,unknown,unavailable_midpoint,2026-09-10T01:17:37.021302+00:00,24
2024-04-04,BTC,65874.5,69374.25,65111.00000000001,68544.0,0.0,IBKR_MID,24/7,unknown,unavailable_midpoint,2026-09-10T01:17:37.021302+00:00,24
2024-04-04,ETH,3318.65,3445.9,3253.45,3367.85,0.0,IBKR_MID,24/7,unknown,unavailable_midpoint,2026-09-10T01:17:37.021302+00:00,24
2024-04-05,BTC,68585.75,68788.0,62572.74999999999,67429.25,0.0,IBKR_MID,24/7,unknown,unavailable_midpoint,2026-09-10T01:17:37.021302+00:00,24
2024-04-05,ETH,3369.1,3371.05,3212.45,3322.1,0.0,IBKR_MID,24/7,unknown,unavailable_midpoint,2026-09-10T01:17:37.021302+00:00,24
2024-04-08,BTC,69264.5,73298.75,65285.75,71780.0,0.0,IBKR_MID,24/7,unknown,unavailable_midpoint,2026-09-10T01:17:37.021302+00:00,24
2024-04-08,ETH,3384.85,4095.3,3329.4,3705.75,0.0,IBKR_MID,24/7,unknown,unavailable_midpoint,2026-09-10T01:17:37.021302+00:00,24
2024-04-09,BTC,65787.5,72371.75,65787.5,68968.25,0.0,IBKR_MID,24/7,unknown,unavailable_midpoint,2026-09-10T01:17:37.021302+00:00,24
2024-04-09,ETH,3802.5,3802.5,3042.9,3517.1,0.0,IBKR_MID,24/7,unknown,unavailable_midpoint,2026-09-10T01:17:37.021302+00:00,24
2024-04-10,BTC,68970.5,70441.0,67510.5,70053.75,0.0,IBKR_MID,24/7,unknown,unavailable_midpoint,2026-09-10T01:17:37.021302+00:00,24
2024-04-10,ETH,3515.35,3551.5,3414.0,3519.8,0.0,IBKR_MID,24/7,unknown,unavailable_midpoint,2026-09-10T01:17:37.021302+00:00,24
2024-04-11,BTC,69954.25,71817.75,69576.0,70456.5,0.0,IBKR_MID,24/7,unknown,unavailable_midpoint,2026-09-10T01:17:37.021302+00:00,24
2024-04-11,ETH,3517.85,3616.5,3475.1,3519.35,0.0,IBKR_MID,24/7,unknown,unavailable_midpoint,2026-09-10T01:17:37.021302+00:00,24
2024-04-12,BTC,70488.5,71516.5,62286.25,66906.25,0.0,IBKR_MID,24/7,unknown,unavailable_midpoint,2026-09-10T01:17:37.021302+00:00,24
2024-04-12,ETH,3517.4,4010.5,3105.0,3208.45,0.0,IBKR_MID,24/7,unknown,unavailable_midpoint,2026-09-10T01:17:37.021302+00:00,24
2024-04-15,BTC,64702.74999999999,69324.75,62107.25000000001,63319.00000000001,0.0,IBKR_MID,24/7,unknown,unavailable_midpoint,2026-09-10T01:17:37.021302+00:00,24
2024-04-15,ETH,3092.9,3298.65,2933.15,3100.6,0.0,IBKR_MID,24/7,unknown,unavailable_midpoint,2026-09-10T01:17:37.021302+00:00,24
2024-04-16,BTC,66763.0,67931.0,61665.25000000001,62753.5,0.0,IBKR_MID,24/7,unknown,unavailable_midpoint,2026-09-10T01:17:37.021302+00:00,24
2024-04-16,ETH,3200.0,3297.35,2982.35,3059.85,0.0,IBKR_MID,24/7,unknown,unavailable_midpoint,2026-09-10T01:17:37.021302+00:00,24
2024-04-17,BTC,62739.00000000001,67988.5,59698.25,61019.00000000001,0.0,IBKR_MID,24/7,unknown,unavailable_midpoint,2026-09-10T01:17:37.021302+00:00,24
2024-04-17,ETH,3059.25,3140.45,2916.55,3002.45,0.0,IBKR_MID,24/7,unknown,unavailable_midpoint,2026-09-10T01:17:37.021302+00:00,24
2024-04-18,BTC,61071.25000000001,64296.5,60803.00000000001,63540.74999999999,0.0,IBKR_MID,24/7,unknown,unavailable_midpoint,2026-09-10T01:17:37.021302+00:00,24
2024-04-18,ETH,3001.35,3096.15,2954.8,3064.6,0.0,IBKR_MID,24/7,unknown,unavailable_midpoint,2026-09-10T01:17:37.021302+00:00,24
2024-04-19,BTC,63469.75,68907.25,59622.25,64356.0,0.0,IBKR_MID,24/7,unknown,unavailable_midpoint,2026-09-10T01:17:37.021302+00:00,24
2024-04-19,ETH,3063.3,3127.55,2867.45,3105.65,0.0,IBKR_MID,24/7,unknown,unavailable_midpoint,2026-09-10T01:17:37.021302+00:00,24
2024-04-22,BTC,65096.0,69620.25,64273.5,66519.5,0.0,IBKR_MID,24/7,unknown,unavailable_midpoint,2026-09-10T01:17:37.021302+00:00,24
2024-04-22,ETH,3180.75,3238.1,2997.2,3188.4,0.0,IBKR_MID,24/7,unknown,unavailable_midpoint,2026-09-10T01:17:37.021302+00:00,24
2024-04-23,BTC,67250.0,67350.25,65829.0,66487.25,0.0,IBKR_MID,24/7,unknown,unavailable_midpoint,2026-09-10T01:17:37.021302+00:00,24
2024-04-23,ETH,3025.0,3265.95,3025.0,3219.65,0.0,IBKR_MID,24/7,unknown,unavailable_midpoint,2026-09-10T01:17:37.021302+00:00,24
2024-04-24,BTC,66458.75,67053.25,63512.5,63934.5,0.0,IBKR_MID,24/7,unknown,unavailable_midpoint,2026-09-10T01:17:37.021302+00:00,24
2024-04-24,ETH,3216.2,3291.5,3104.25,3133.25,0.0,IBKR_MID,24/7,unknown,unavailable_midpoint,2026-09-10T01:17:37.021302+00:00,24
2024-04-25,BTC,64114.25,64950.0,62767.5,64709.5,0.0,IBKR_MID,24/7,unknown,unavailable_midpoint,2026-09-10T01:17:37.021302+00:00,24
2024-04-25,ETH,3135.75,3182.2,3072.85,3163.7,0.0,IBKR_MID,24/7,unknown,unavailable_midpoint,2026-09-10T01:17:37.021302+00:00,24
2024-04-26,BTC,64753.25000000001,65293.25000000001,63314.5,63741.75,0.0,IBKR_MID,24/7,unknown,unavailable_midpoint,2026-09-10T01:17:37.021302+00:00,24
2024-04-26,ETH,3163.15,3193.0,3103.1,3133.8,0.0,IBKR_MID,24/7,unknown,unavailable_midpoint,2026-09-10T01:17:37.021302+00:00,24
2024-04-29,BTC,63932.0,64043.25000000001,61769.5,62932.5,0.0,IBKR_MID,24/7,unknown,unavailable_midpoint,2026-09-10T01:17:37.021302+00:00,24
2024-04-29,ETH,3318.45,3358.4,3116.45,3182.75,0.0,IBKR_MID,24/7,unknown,unavailable_midpoint,2026-09-10T01:17:37.021302+00:00,24
2024-04-30,BTC,63144.25,64686.74999999999,59105.75,59177.25000000001,0.0,IBKR_MID,24/7,unknown,unavailable_midpoint,2026-09-10T01:17:37.021302+00:00,24
2024-04-30,ETH,3257.05,3257.05,2918.25,2925.85,0.0,IBKR_MID,24/7,unknown,unavailable_midpoint,2026-09-10T01:17:37.021302+00:00,24
2024-05-01,BTC,59563.5,60974.74999999999,56532.75,56912.0,0.0,IBKR_MID,24/7,unknown,unavailable_midpoint,2026-09-10T01:17:37.021302+00:00,24
2024-05-01,ETH,2942.1,3075.0,2815.3,2922.75,0.0,IBKR_MID,24/7,unknown,unavailable_midpoint,2026-09-10T01:17:37.021302+00:00,24
2024-05-02,BTC,57104.5,59584.5,56709.25,59347.75,0.0,IBKR_MID,24/7,unknown,unavailable_midpoint,2026-09-10T01:17:37.021302+00:00,24
2024-05-02,ETH,2926.75,3012.9,2891.6,2999.15,0.0,IBKR_MID,24/7,unknown,unavailable_midpoint,2026-09-10T01:17:37.021302+00:00,24
2024-05-03,BTC,59290.74999999999,62220.99999999999,58669.5,62060.99999999999,0.0,IBKR_MID,24/7,unknown,unavailable_midpoint,2026-09-10T01:17:37.021302+00:00,24
2024-05-03,ETH,2995.25,3087.2,2959.05,3072.6,0.0,IBKR_MID,24/7,unknown,unavailable_midpoint,2026-09-10T01:17:37.021302+00:00,24
2024-05-06,BTC,63402.5,65506.25,62686.74999999999,63172.5,0.0,IBKR_MID,24/7,unknown,unavailable_midpoint,2026-09-10T01:17:37.021302+00:00,24
2024-05-06,ETH,3093.55,3219.75,3047.35,3068.15,0.0,IBKR_MID,24/7,unknown,unavailable_midpoint,2026-09-10T01:17:37.021302+00:00,24
2024-05-07,BTC,64050.0,64386.25,62820.5,63075.75,0.0,IBKR_MID,24/7,unknown,unavailable_midpoint,2026-09-10T01:17:37.021302+00:00,24
2024-05-07,ETH,3100.0,3128.75,3023.7,3050.85,0.0,IBKR_MID,24/7,unknown,unavailable_midpoint,2026-09-10T01:17:37.021302+00:00,24
2024-05-08,BTC,63035.5,63215.25000000001,61786.5,62174.0,0.0,IBKR_MID,24/7,unknown,unavailable_midpoint,2026-09-10T01:17:37.021302+00:00,24
2024-05-08,ETH,3049.95,3062.8,2978.85,2999.85,0.0,IBKR_MID,24/7,unknown,unavailable_midpoint,2026-09-10T01:17:37.021302+00:00,24
2024-05-09,BTC,62187.75,62655.00000000001,60535.5,62420.5,0.0,IBKR_MID,24/7,unknown,unavailable_midpoint,2026-09-10T01:17:37.021302+00:00,24
2024-05-09,ETH,3001.35,3042.15,2937.9,3020.75,0.0,IBKR_MID,24/7,unknown,unavailable_midpoint,2026-09-10T01:17:37.021302+00:00,24
2024-05-10,BTC,62408.0,63443.00000000001,60203.5,60650.74999999999,0.0,IBKR_MID,24/7,unknown,unavailable_midpoint,2026-09-10T01:17:37.021302+00:00,24
2024-05-10,ETH,3021.15,3059.15,2879.65,2901.5,0.0,IBKR_MID,24/7,unknown,unavailable_midpoint,2026-09-10T01:17:37.021302+00:00,24
2024-05-13,BTC,60936.5,63423.25000000001,60614.0,63097.5,0.0,IBKR_MID,24/7,unknown,unavailable_midpoint,2026-09-10T01:17:37.021302+00:00,24
2024-05-13,ETH,2919.9,2993.3,2865.1,2956.05,0.0,IBKR_MID,24/7,unknown,unavailable_midpoint,2026-09-10T01:17:37.021302+00:00,24
2024-05-14,BTC,62400.0,63118.5,61111.5,61560.5,0.0,IBKR_MID,24/7,unknown,unavailable_midpoint,2026-09-10T01:17:37.021302+00:00,24
2024-05-14,ETH,2927.5,2960.55,2861.55,2893.4,0.0,IBKR_MID,24/7,unknown,unavailable_midpoint,2026-09-10T01:17:37.021302+00:00,24
2024-05-15,BTC,61582.0,66443.25,61320.5,66063.0,0.0,IBKR_MID,24/7,unknown,unavailable_midpoint,2026-09-10T01:17:37.021302+00:00,24
2024-05-15,ETH,2894.3,3026.9,2863.65,3025.1,0.0,IBKR_MID,24/7,unknown,unavailable_midpoint,2026-09-10T01:17:37.021302+00:00,24
2024-05-16,BTC,66047.5,66755.75,64338.5,65208.25,0.0,IBKR_MID,24/7,unknown,unavailable_midpoint,2026-09-10T01:17:37.021302+00:00,24
2024-05-16,ETH,3026.7,3041.45,2926.45,2945.5,0.0,IBKR_MID,24/7,unknown,unavailable_midpoint,2026-09-10T01:17:37.021302+00:00,24
2024-05-17,BTC,65216.5,67474.25,65062.74999999999,67078.5,0.0,IBKR_MID,24/7,unknown,unavailable_midpoint,2026-09-10T01:17:37.021302+00:00,24
2024-05-17,ETH,2945.75,3121.5,2924.75,3086.8,0.0,IBKR_MID,24/7,unknown,unavailable_midpoint,2026-09-10T01:17:37.021302+00:00,24
2024-05-20,BTC,67043.75,69992.5,65902.5,69946.25,0.0,IBKR_MID,24/7,unknown,unavailable_midpoint,2026-09-10T01:17:37.021302+00:00,24
2024-05-20,ETH,3112.15,3472.15,3049.55,3440.7,0.0,IBKR_MID,24/7,unknown,unavailable_midpoint,2026-09-10T01:17:37.021302+00:00,24
2024-05-21,BTC,69587.75,72032.75,68967.0,69304.25,0.0,IBKR_MID,24/7,unknown,unavailable_midpoint,2026-09-10T01:17:37.021302+00:00,24
2024-05-21,ETH,3442.8,3837.7,3441.3,3712.25,0.0,IBKR_MID,24/7,unknown,unavailable_midpoint,2026-09-10T01:17:37.021302+00:00,24
2024-05-22,BTC,69265.25,70624.5,69216.75,69655.75,0.0,IBKR_MID,24/7,unknown,unavailable_midpoint,2026-09-10T01:17:37.021302+00:00,24
2024-05-22,ETH,3712.15,3819.2,3655.05,3736.55,0.0,IBKR_MID,24/7,unknown,unavailable_midpoint,2026-09-10T01:17:37.021302+00:00,24
2024-05-23,BTC,69669.5,70342.0,66738.75,67153.5,0.0,IBKR_MID,24/7,unknown,unavailable_midpoint,2026-09-10T01:17:37.021302+00:00,24
2024-05-23,ETH,3738.95,3944.05,3701.3,3788.6,0.0,IBKR_MID,24/7,unknown,unavailable_midpoint,2026-09-10T01:17:37.021302+00:00,24
2024-05-24,BTC,66539.25,69222.75,66426.5,69095.75,0.0,IBKR_MID,24/7,unknown,unavailable_midpoint,2026-09-10T01:17:37.021302+00:00,24
2024-05-24,ETH,3647.45,3909.5,3567.35,3743.6,0.0,IBKR_MID,24/7,unknown,unavailable_midpoint,2026-09-10T01:17:37.021302+00:00,24
2024-05-27,BTC,69100.75,70590.0,68096.0,69232.25,0.0,IBKR_MID,24/7,unknown,unavailable_midpoint,2026-09-10T01:17:37.021302+00:00,24
2024-05-27,ETH,3757.85,3971.45,3756.4,3870.0,0.0,IBKR_MID,24/7,unknown,unavailable_midpoint,2026-09-10T01:17:37.021302+00:00,24
2024-05-28,BTC,69450.0,69817.75,67223.5,68368.5,0.0,IBKR_MID,24/7,unknown,unavailable_midpoint,2026-09-10T01:17:37.021302+00:00,24
2024-05-28,ETH,3866.25,3925.25,3770.75,3838.9,0.0,IBKR_MID,24/7,unknown,unavailable_midpoint,2026-09-10T01:17:37.021302+00:00,24
2024-05-29,BTC,68365.5,68835.75,67094.25,67217.75,0.0,IBKR_MID,24/7,unknown,unavailable_midpoint,2026-09-10T01:17:37.021302+00:00,24
2024-05-29,ETH,3838.6,3881.7,3743.45,3747.5,0.0,IBKR_MID,24/7,unknown,unavailable_midpoint,2026-09-10T01:17:37.021302+00:00,24
2024-05-30,BTC,67249.0,69507.25,67114.5,68664.5,0.0,IBKR_MID,24/7,unknown,unavailable_midpoint,2026-09-10T01:17:37.021302+00:00,24
2024-05-30,ETH,3749.15,3822.55,3702.35,3762.65,0.0,IBKR_MID,24/7,unknown,unavailable_midpoint,2026-09-10T01:17:37.021302+00:00,24
2024-05-31,BTC,68541.0,68988.75,66620.5,67571.75,0.0,IBKR_MID,24/7,unknown,unavailable_midpoint,2026-09-10T01:17:37.021302+00:00,24
2024-05-31,ETH,3756.75,3844.8,3720.4,3778.55,0.0,IBKR_MID,24/7,unknown,unavailable_midpoint,2026-09-10T01:17:37.021302+00:00,24
2024-06-03,BTC,67791.75,70258.5,67278.75,69239.0,0.0,IBKR_MID,24/7,unknown,unavailable_midpoint,2026-09-10T01:17:37.021302+00:00,24
2024-06-03,ETH,3809.95,3852.7,3740.35,3774.8,0.0,IBKR_MID,24/7,unknown,unavailable_midpoint,2026-09-10T01:17:37.021302+00:00,24
2024-06-04,BTC,68750.0,71065.0,68552.5,70423.75,0.0,IBKR_MID,24/7,unknown,unavailable_midpoint,2026-09-10T01:17:37.021302+00:00,24
2024-06-04,ETH,3820.0,3830.2,3728.95,3798.85,0.0,IBKR_MID,24/7,unknown,unavailable_midpoint,2026-09-10T01:17:37.021302+00:00,24
2024-06-05,BTC,70399.5,71828.25,70190.0,71305.0,0.0,IBKR_MID,24/7,unknown,unavailable_midpoint,2026-09-10T01:17:37.021302+00:00,24
2024-06-05,ETH,3796.55,3876.6,3778.95,3875.25,0.0,IBKR_MID,24/7,unknown,unavailable_midpoint,2026-09-10T01:17:37.021302+00:00,24
2024-06-06,BTC,71335.0,71645.25,70457.75,70492.0,0.0,IBKR_MID,24/7,unknown,unavailable_midpoint,2026-09-10T01:17:37.021302+00:00,24
2024-06-06,ETH,3883.2,3885.9,3786.85,3791.3,0.0,IBKR_MID,24/7,unknown,unavailable_midpoint,2026-09-10T01:17:37.021302+00:00,24
2024-06-07,BTC,70440.75,71964.0,68338.75,69219.5,0.0,IBKR_MID,24/7,unknown,unavailable_midpoint,2026-09-10T01:17:37.021302+00:00,24
2024-06-07,ETH,3789.15,3882.25,3551.8,3687.25,0.0,IBKR_MID,24/7,unknown,unavailable_midpoint,2026-09-10T01:17:37.021302+00:00,24
2024-06-10,BTC,69386.0,70187.0,69176.0,69513.25,0.0,IBKR_MID,24/7,unknown,unavailable_midpoint,2026-09-10T01:17:37.021302+00:00,24
2024-06-10,ETH,3687.25,3719.85,3644.4,3669.7,0.0,IBKR_MID,24/7,unknown,unavailable_midpoint,2026-09-10T01:17:37.021302+00:00,24
2024-06-11,BTC,70159.5,70159.5,66027.0,67390.0,0.0,IBKR_MID,24/7,unknown,unavailable_midpoint,2026-09-10T01:17:37.021302+00:00,24
2024-06-11,ETH,3730.5,3892.1,3416.85,3498.25,0.0,IBKR_MID,24/7,unknown,unavailable_midpoint,2026-09-10T01:17:37.021302+00:00,24
2024-06-12,BTC,67335.5,70246.0,66917.0,67544.25,0.0,IBKR_MID,24/7,unknown,unavailable_midpoint,2026-09-10T01:17:37.021302+00:00,24
2024-06-12,ETH,3492.95,3661.8,3462.75,3529.85,0.0,IBKR_MID,24/7,unknown,unavailable_midpoint,2026-09-10T01:17:37.021302+00:00,24
2024-06-13,BTC,67486.25,69343.0,66254.0,66587.75,0.0,IBKR_MID,24/7,unknown,unavailable_midpoint,2026-09-10T01:17:37.021302+00:00,24
2024-06-13,ETH,3527.25,3572.65,3428.35,3481.85,0.0,IBKR_MID,24/7,unknown,unavailable_midpoint,2026-09-10T01:17:37.021302+00:00,24
2024-06-14,BTC,66644.0,67326.25,65053.25000000001,65470.0,0.0,IBKR_MID,24/7,unknown,unavailable_midpoint,2026-09-10T01:17:37.021302+00:00,24
2024-06-14,ETH,3482.15,3529.8,3362.35,3405.35,0.0,IBKR_MID,24/7,unknown,unavailable_midpoint,2026-09-10T01:17:37.021302+00:00,24
2024-06-17,BTC,66266.0,67259.25,65072.99999999999,66607.0,0.0,IBKR_MID,24/7,unknown,unavailable_midpoint,2026-09-10T01:17:37.021302+00:00,24
2024-06-17,ETH,3569.45,3649.55,3465.8,3549.75,0.0,IBKR_MID,24/7,unknown,unavailable_midpoint,2026-09-10T01:17:37.021302+00:00,24
2024-06-18,BTC,66850.0,66850.0,64056.74999999999,64394.25,0.0,IBKR_MID,24/7,unknown,unavailable_midpoint,2026-09-10T01:17:37.021302+00:00,24
2024-06-18,ETH,3567.5,3567.5,3177.9,3422.4,0.0,IBKR_MID,24/7,unknown,unavailable_midpoint,2026-09-10T01:17:37.021302+00:00,24
2024-06-19,BTC,64318.25,65694.0,64164.25,64875.75,0.0,IBKR_MID,24/7,unknown,unavailable_midpoint,2026-09-10T01:17:37.021302+00:00,24
2024-06-19,ETH,3417.95,3587.35,3412.4,3545.95,0.0,IBKR_MID,24/7,unknown,unavailable_midpoint,2026-09-10T01:17:37.021302+00:00,24
2024-06-20,BTC,64902.0,66450.75,64512.74999999999,64995.00000000001,0.0,IBKR_MID,24/7,unknown,unavailable_midpoint,2026-09-10T01:17:37.021302+00:00,24
2024-06-20,ETH,3546.55,3622.9,3485.0,3535.5,0.0,IBKR_MID,24/7,unknown,unavailable_midpoint,2026-09-10T01:17:37.021302+00:00,24
2024-06-21,BTC,65033.75,65175.25000000001,63370.5,64176.0,0.0,IBKR_MID,24/7,unknown,unavailable_midpoint,2026-09-10T01:17:37.021302+00:00,24
2024-06-21,ETH,3532.6,3536.9,3401.1,3535.9,0.0,IBKR_MID,24/7,unknown,unavailable_midpoint,2026-09-10T01:17:37.021302+00:00,24
2024-06-24,BTC,64350.74999999999,64410.5,59166.25,59206.74999999999,0.0,IBKR_MID,24/7,unknown,unavailable_midpoint,2026-09-10T01:17:37.021302+00:00,24
2024-06-24,ETH,3506.65,3513.85,3213.95,3290.65,0.0,IBKR_MID,24/7,unknown,unavailable_midpoint,2026-09-10T01:17:37.021302+00:00,24
2024-06-25,BTC,59206.74999999999,66556.5,55295.25,61958.0,0.0,IBKR_MID,24/7,unknown,unavailable_midpoint,2026-09-10T01:17:37.021302+00:00,24
2024-06-25,ETH,3449.0,3894.55,3100.0,3416.8,0.0,IBKR_MID,24/7,unknown,unavailable_midpoint,2026-09-10T01:17:37.021302+00:00,24
2024-06-26,BTC,62079.25000000001,62444.74999999999,60691.75,60943.00000000001,0.0,IBKR_MID,24/7,unknown,unavailable_midpoint,2026-09-10T01:17:37.021302+00:00,24
2024-06-26,ETH,3417.05,3424.85,3320.95,3404.6,0.0,IBKR_MID,24/7,unknown,unavailable_midpoint,2026-09-10T01:17:37.021302+00:00,24
2024-06-27,BTC,60990.74999999999,62311.5,60560.5,61370.25,0.0,IBKR_MID,24/7,unknown,unavailable_midpoint,2026-09-10T01:17:37.021302+00:00,24
2024-06-27,ETH,3407.8,3472.45,3360.7,3444.55,0.0,IBKR_MID,24/7,unknown,unavailable_midpoint,2026-09-10T01:17:37.021302+00:00,24
2024-06-28,BTC,61396.5,62164.0,59954.74999999999,60007.25000000001,0.0,IBKR_MID,24/7,unknown,unavailable_midpoint,2026-09-10T01:17:37.021302+00:00,24
2024-06-28,ETH,3448.7,3482.45,3362.3,3373.45,0.0,IBKR_MID,24/7,unknown,unavailable_midpoint,2026-09-10T01:17:37.021302+00:00,24
2024-07-01,BTC,60925.5,63805.5,60912.5,63180.5,0.0,IBKR_MID,24/7,unknown,unavailable_midpoint,2026-09-10T01:17:37.021302+00:00,24
2024-07-01,ETH,3371.6,3527.1,3369.3,3467.45,0.0,IBKR_MID,24/7,unknown,unavailable_midpoint,2026-09-10T01:17:37.021302+00:00,24
2024-07-02,BTC,62202.25,63323.00000000001,61736.0,61859.75,0.0,IBKR_MID,24/7,unknown,unavailable_midpoint,2026-09-10T01:17:37.021302+00:00,24
2024-07-02,ETH,3479.55,3479.6,3398.9,3412.05,0.0,IBKR_MID,24/7,unknown,unavailable_midpoint,2026-09-10T01:17:37.021302+00:00,24
2024-07-03,BTC,61882.25,62189.75,59590.5,59623.5,0.0,IBKR_MID,24/7,unknown,unavailable_midpoint,2026-09-10T01:17:37.021302+00:00,24
2024-07-03,ETH,3411.6,3428.75,3252.8,3264.05,0.0,IBKR_MID,24/7,unknown,unavailable_midpoint,2026-09-10T01:17:37.021302+00:00,24
2024-07-04,BTC,59705.75,60439.00000000001,56742.0,58230.25,0.0,IBKR_MID,24/7,unknown,unavailable_midpoint,2026-09-10T01:17:37.021302+00:00,24
2024-07-04,ETH,3267.5,3310.9,3089.15,3133.5,0.0,IBKR_MID,24/7,unknown,unavailable_midpoint,2026-09-10T01:17:37.021302+00:00,24
2024-07-05,BTC,58257.25,58753.75,53548.75,56460.75,0.0,IBKR_MID,24/7,unknown,unavailable_midpoint,2026-09-10T01:17:37.021302+00:00,24
2024-07-05,ETH,3131.8,3168.55,2809.85,2988.05,0.0,IBKR_MID,24/7,unknown,unavailable_midpoint,2026-09-10T01:17:37.021302+00:00,24
2024-07-08,BTC,57668.5,58215.5,54316.25,56454.5,0.0,IBKR_MID,24/7,unknown,unavailable_midpoint,2026-09-10T01:17:37.021302+00:00,24
2024-07-08,ETH,3029.65,3094.95,2823.65,3002.8,0.0,IBKR_MID,24/7,unknown,unavailable_midpoint,2026-09-10T01:17:37.021302+00:00,24
2024-07-09,BTC,56402.5,58269.25,56178.5,57857.0,0.0,IBKR_MID,24/7,unknown,unavailable_midpoint,2026-09-10T01:17:37.021302+00:00,24
2024-07-09,ETH,2995.35,3112.0,2984.55,3068.6,0.0,IBKR_MID,24/7,unknown,unavailable_midpoint,2026-09-10T01:17:37.021302+00:00,24
2024-07-10,BTC,57882.25,59446.25,57365.25,57406.75,0.0,IBKR_MID,24/7,unknown,unavailable_midpoint,2026-09-10T01:17:37.021302+00:00,24
2024-07-10,ETH,3070.55,3265.05,2929.55,3107.05,0.0,IBKR_MID,24/7,unknown,unavailable_midpoint,2026-09-10T01:17:37.021302+00:00,24
2024-07-11,BTC,57437.5,59464.25,57075.75,57397.0,0.0,IBKR_MID,24/7,unknown,unavailable_midpoint,2026-09-10T01:17:37.021302+00:00,24
2024-07-11,ETH,3107.6,3214.55,3056.25,3108.85,0.0,IBKR_MID,24/7,unknown,unavailable_midpoint,2026-09-10T01:17:37.021302+00:00,24
2024-07-12,BTC,57393.75,58542.5,56563.0,57626.0,0.0,IBKR_MID,24/7,unknown,unavailable_midpoint,2026-09-10T01:17:37.021302+00:00,24
2024-07-12,ETH,3107.85,3158.45,3048.0,3117.85,0.0,IBKR_MID,24/7,unknown,unavailable_midpoint,2026-09-10T01:17:37.021302+00:00,24
2024-07-15,BTC,59906.5,63864.74999999999,59496.25,63401.25000000001,0.0,IBKR_MID,24/7,unknown,unavailable_midpoint,2026-09-10T01:17:37.021302+00:00,24
2024-07-15,ETH,3192.65,3431.5,3176.15,3407.45,0.0,IBKR_MID,24/7,unknown,unavailable_midpoint,2026-09-10T01:17:37.021302+00:00,24
2024-07-16,BTC,63140.74999999999,65219.5,62426.74999999999,65177.75,0.0,IBKR_MID,24/7,unknown,unavailable_midpoint,2026-09-10T01:17:37.021302+00:00,24
2024-07-16,ETH,3318.9,3497.9,3318.9,3474.6,0.0,IBKR_MID,24/7,unknown,unavailable_midpoint,2026-09-10T01:17:37.021302+00:00,24
2024-07-17,BTC,65124.0,66113.25,63873.75,64590.0,0.0,IBKR_MID,24/7,unknown,unavailable_midpoint,2026-09-10T01:17:37.021302+00:00,24
2024-07-17,ETH,3473.15,3516.75,3378.1,3418.45,0.0,IBKR_MID,24/7,unknown,unavailable_midpoint,2026-09-10T01:17:37.021302+00:00,24
2024-07-18,BTC,64595.00000000001,65128.74999999999,63254.5,63567.00000000001,0.0,IBKR_MID,24/7,unknown,unavailable_midpoint,2026-09-10T01:17:37.021302+00:00,24
2024-07-18,ETH,3416.8,3487.9,3368.8,3406.4,0.0,IBKR_MID,24/7,unknown,unavailable_midpoint,2026-09-10T01:17:37.021302+00:00,24
2024-07-19,BTC,63597.75,67441.0,63305.5,67206.0,0.0,IBKR_MID,24/7,unknown,unavailable_midpoint,2026-09-10T01:17:37.021302+00:00,24
2024-07-19,ETH,3405.4,3540.1,3376.8,3523.1,0.0,IBKR_MID,24/7,unknown,unavailable_midpoint,2026-09-10T01:17:37.021302+00:00,24
2024-07-22,BTC,66767.75,68462.5,65848.75,68248.0,0.0,IBKR_MID,24/7,unknown,unavailable_midpoint,2026-09-10T01:17:37.021302+00:00,24
2024-07-22,ETH,3489.7,3561.25,3414.8,3497.1,0.0,IBKR_MID,24/7,unknown,unavailable_midpoint,2026-09-10T01:17:37.021302+00:00,24
2024-07-23,BTC,68059.25,68177.25,65459.75,65563.25,0.0,IBKR_MID,24/7,unknown,unavailable_midpoint,2026-09-10T01:17:37.021302+00:00,24
2024-07-23,ETH,3485.7,3539.75,3392.15,3459.6,0.0,IBKR_MID,24/7,unknown,unavailable_midpoint,2026-09-10T01:17:37.021302+00:00,24
2024-07-24,BTC,65552.5,67121.0,65490.25,65646.5,0.0,IBKR_MID,24/7,unknown,unavailable_midpoint,2026-09-10T01:17:37.021302+00:00,24
2024-07-24,ETH,3459.2,3499.5,3358.8,3363.6,0.0,IBKR_MID,24/7,unknown,unavailable_midpoint,2026-09-10T01:17:37.021302+00:00,24
2024-07-25,BTC,65775.5,66094.5,63448.74999999999,64677.5,0.0,IBKR_MID,24/7,unknown,unavailable_midpoint,2026-09-10T01:17:37.021302+00:00,24
2024-07-25,ETH,3366.65,3378.2,3102.15,3124.3,0.0,IBKR_MID,24/7,unknown,unavailable_midpoint,2026-09-10T01:17:37.021302+00:00,24
2024-07-26,BTC,64691.00000000001,68174.5,64420.5,67990.75,0.0,IBKR_MID,24/7,unknown,unavailable_midpoint,2026-09-10T01:17:37.021302+00:00,24
2024-07-26,ETH,3120.0,3284.25,3088.15,3273.0,0.0,IBKR_MID,24/7,unknown,unavailable_midpoint,2026-09-10T01:17:37.021302+00:00,24
2024-07-29,BTC,67503.75,70031.25,66442.0,67240.5,0.0,IBKR_MID,24/7,unknown,unavailable_midpoint,2026-09-10T01:17:37.021302+00:00,24
2024-07-29,ETH,3223.2,3395.6,3214.8,3309.7,0.0,IBKR_MID,24/7,unknown,unavailable_midpoint,2026-09-10T01:17:37.021302+00:00,24
2024-07-30,BTC,67928.25,68142.25,65566.5,65920.25,0.0,IBKR_MID,24/7,unknown,unavailable_midpoint,2026-09-10T01:17:37.021302+00:00,24
2024-07-30,ETH,3317.55,3364.3,3260.45,3272.45,0.0,IBKR_MID,24/7,unknown,unavailable_midpoint,2026-09-10T01:17:37.021302+00:00,24
2024-07-31,BTC,65918.25,66825.5,64940.5,65238.74999999999,0.0,IBKR_MID,24/7,unknown,unavailable_midpoint,2026-09-10T01:17:37.021302+00:00,24
2024-07-31,ETH,3271.45,3347.35,3234.0,3266.15,0.0,IBKR_MID,24/7,unknown,unavailable_midpoint,2026-09-10T01:17:37.021302+00:00,24
2024-08-01,BTC,65186.25,65987.25,62259.25000000001,63244.99999999999,0.0,IBKR_MID,24/7,unknown,unavailable_midpoint,2026-09-10T01:17:37.021302+00:00,24
2024-08-01,ETH,3260.15,3271.95,3078.7,3127.1,0.0,IBKR_MID,24/7,unknown,unavailable_midpoint,2026-09-10T01:17:37.021302+00:00,24
2024-08-02,BTC,63357.75,65564.5,62415.75,62577.75,0.0,IBKR_MID,24/7,unknown,unavailable_midpoint,2026-09-10T01:17:37.021302+00:00,24
2024-08-02,ETH,3128.7,3215.3,2983.9,3009.75,0.0,IBKR_MID,24/7,unknown,unavailable_midpoint,2026-09-10T01:17:37.021302+00:00,24
2024-08-05,BTC,60780.74999999999,61066.25,49092.5,53469.75,0.0,IBKR_MID,24/7,unknown,unavailable_midpoint,2026-09-10T01:17:37.021302+00:00,24
2024-08-05,ETH,2917.7,2925.4,2105.4,2404.2,0.0,IBKR_MID,24/7,unknown,unavailable_midpoint,2026-09-10T01:17:37.021302+00:00,24
2024-08-06,BTC,54508.75,57048.25,53556.5,56765.25,0.0,IBKR_MID,24/7,unknown,unavailable_midpoint,2026-09-10T01:17:37.021302+00:00,24
2024-08-06,ETH,2429.1,2555.1,2408.55,2494.8,0.0,IBKR_MID,24/7,unknown,unavailable_midpoint,2026-09-10T01:17:37.021302+00:00,24
2024-08-07,BTC,56756.5,57729.25,54695.5,54784.25,0.0,IBKR_MID,24/7,unknown,unavailable_midpoint,2026-09-10T01:17:37.021302+00:00,24
2024-08-07,ETH,2497.4,2551.55,2328.15,2351.1,0.0,IBKR_MID,24/7,unknown,unavailable_midpoint,2026-09-10T01:17:37.021302+00:00,24
2024-08-08,BTC,54854.0,59874.0,54602.0,59438.0,0.0,IBKR_MID,24/7,unknown,unavailable_midpoint,2026-09-10T01:17:37.021302+00:00,24
2024-08-08,ETH,2349.5,2607.15,2310.3,2576.05,0.0,IBKR_MID,24/7,unknown,unavailable_midpoint,2026-09-10T01:17:37.021302+00:00,24
2024-08-09,BTC,59454.74999999999,62762.5,59335.5,60699.25000000001,0.0,IBKR_MID,24/7,unknown,unavailable_midpoint,2026-09-10T01:17:37.021302+00:00,24
2024-08-09,ETH,2578.2,2725.1,2552.35,2591.95,0.0,IBKR_MID,24/7,unknown,unavailable_midpoint,2026-09-10T01:17:37.021302+00:00,24
2024-08-12,BTC,61151.25000000001,61849.5,57583.5,59020.5,0.0,IBKR_MID,24/7,unknown,unavailable_midpoint,2026-09-10T01:17:37.021302+00:00,24
2024-08-12,ETH,2661.0,2755.95,2506.75,2661.8,0.0,IBKR_MID,24/7,unknown,unavailable_midpoint,2026-09-10T01:17:37.021302+00:00,24
2024-08-13,BTC,58804.5,61580.25,58021.0,60845.5,0.0,IBKR_MID,24/7,unknown,unavailable_midpoint,2026-09-10T01:17:37.021302+00:00,24
2024-08-13,ETH,2625.45,2748.3,2585.5,2712.5,0.0,IBKR_MID,24/7,unknown,unavailable_midpoint,2026-09-10T01:17:37.021302+00:00,24
2024-08-14,BTC,60857.5,61796.0,58684.25,58937.5,0.0,IBKR_MID,24/7,unknown,unavailable_midpoint,2026-09-10T01:17:37.021302+00:00,24
2024-08-14,ETH,2713.65,2786.7,2635.1,2670.65,0.0,IBKR_MID,24/7,unknown,unavailable_midpoint,2026-09-10T01:17:37.021302+00:00,24
2024-08-15,BTC,58975.0,59844.25,56721.75,57064.5,0.0,IBKR_MID,24/7,unknown,unavailable_midpoint,2026-09-10T01:17:37.021302+00:00,24
2024-08-15,ETH,2671.1,2746.9,2523.6,2551.05,0.0,IBKR_MID,24/7,unknown,unavailable_midpoint,2026-09-10T01:17:37.021302+00:00,24
2024-08-16,BTC,57112.5,59851.75,56159.75,59700.99999999999,0.0,IBKR_MID,24/7,unknown,unavailable_midpoint,2026-09-10T01:17:37.021302+00:00,24
2024-08-16,ETH,2551.8,2631.45,2519.35,2622.1,0.0,IBKR_MID,24/7,unknown,unavailable_midpoint,2026-09-10T01:17:37.021302+00:00,24
2024-08-19,BTC,59618.25,60275.25000000001,57846.75,58959.5,0.0,IBKR_MID,24/7,unknown,unavailable_midpoint,2026-09-10T01:17:37.021302+00:00,24
2024-08-19,ETH,2607.45,2686.1,2558.35,2609.65,0.0,IBKR_MID,24/7,unknown,unavailable_midpoint,2026-09-10T01:17:37.021302+00:00,24
2024-08-20,BTC,59070.74999999999,61410.74999999999,58605.25,59497.25000000001,0.0,IBKR_MID,24/7,unknown,unavailable_midpoint,2026-09-10T01:17:37.021302+00:00,24
2024-08-20,ETH,2622.2,2695.45,2556.85,2603.1,0.0,IBKR_MID,24/7,unknown,unavailable_midpoint,2026-09-10T01:17:37.021302+00:00,24
2024-08-21,BTC,59488.0,61628.74999999999,58812.25,61591.75,0.0,IBKR_MID,24/7,unknown,unavailable_midpoint,2026-09-10T01:17:37.021302+00:00,24
2024-08-21,ETH,2603.55,2650.75,2537.8,2645.55,0.0,IBKR_MID,24/7,unknown,unavailable_midpoint,2026-09-10T01:17:37.021302+00:00,24
2024-08-22,BTC,61648.25,61835.25000000001,59768.5,60324.25,0.0,IBKR_MID,24/7,unknown,unavailable_midpoint,2026-09-10T01:17:37.021302+00:00,24
2024-08-22,ETH,2646.85,2662.6,2583.55,2607.45,0.0,IBKR_MID,24/7,unknown,unavailable_midpoint,2026-09-10T01:17:37.021302+00:00,24
2024-08-23,BTC,60315.25000000001,63870.0,60302.74999999999,63639.25000000001,0.0,IBKR_MID,24/7,unknown,unavailable_midpoint,2026-09-10T01:17:37.021302+00:00,24
2024-08-23,ETH,2608.1,2800.65,2607.35,2745.8,0.0,IBKR_MID,24/7,unknown,unavailable_midpoint,2026-09-10T01:17:37.021302+00:00,24
2024-08-26,BTC,64043.00000000001,65054.25,62782.5,63297.75,0.0,IBKR_MID,24/7,unknown,unavailable_midpoint,2026-09-10T01:17:37.021302+00:00,24
2024-08-26,ETH,2756.4,2792.2,2675.95,2680.8,0.0,IBKR_MID,24/7,unknown,unavailable_midpoint,2026-09-10T01:17:37.021302+00:00,24
2024-08-27,BTC,63810.0,63810.0,61489.75,62103.5,0.0,IBKR_MID,24/7,unknown,unavailable_midpoint,2026-09-10T01:17:37.021302+00:00,24
2024-08-27,ETH,2721.5,2850.95,2560.75,2584.9,0.0,IBKR_MID,24/7,unknown,unavailable_midpoint,2026-09-10T01:17:37.021302+00:00,24
2024-08-28,BTC,62054.74999999999,62106.25,57893.75,58927.25,0.0,IBKR_MID,24/7,unknown,unavailable_midpoint,2026-09-10T01:17:37.021302+00:00,24
2024-08-28,ETH,2582.4,2589.4,2395.4,2506.15,0.0,IBKR_MID,24/7,unknown,unavailable_midpoint,2026-09-10T01:17:37.021302+00:00,24
2024-08-29,BTC,58947.75,61199.00000000001,58681.0,59265.25000000001,0.0,IBKR_MID,24/7,unknown,unavailable_midpoint,2026-09-10T01:17:37.021302+00:00,24
2024-08-29,ETH,2508.5,2627.35,2506.9,2528.9,0.0,IBKR_MID,24/7,unknown,unavailable_midpoint,2026-09-10T01:17:37.021302+00:00,24
2024-08-30,BTC,59289.75,59924.25,57773.25,58705.75,0.0,IBKR_MID,24/7,unknown,unavailable_midpoint,2026-09-10T01:17:37.021302+00:00,24
2024-08-30,ETH,2533.05,2550.4,2433.2,2507.65,0.0,IBKR_MID,24/7,unknown,unavailable_midpoint,2026-09-10T01:17:37.021302+00:00,24
2024-09-02,BTC,58210.0,58803.25,57141.0,58420.0,0.0,IBKR_MID,24/7,unknown,unavailable_midpoint,2026-09-10T01:17:37.021302+00:00,24
2024-09-02,ETH,2477.3,2538.35,2401.05,2523.5,0.0,IBKR_MID,24/7,unknown,unavailable_midpoint,2026-09-10T01:17:37.021302+00:00,24
2024-09-03,BTC,58501.75,59806.5,57562.5,58030.25,0.0,IBKR_MID,24/7,unknown,unavailable_midpoint,2026-09-10T01:17:37.021302+00:00,24
2024-09-03,ETH,2525.1,2563.95,2435.85,2447.6,0.0,IBKR_MID,24/7,unknown,unavailable_midpoint,2026-09-10T01:17:37.021302+00:00,24
2024-09-04,BTC,58104.75,58523.25,55598.75,58037.0,0.0,IBKR_MID,24/7,unknown,unavailable_midpoint,2026-09-10T01:17:37.021302+00:00,24
2024-09-04,ETH,2453.45,2490.65,2308.2,2452.6,0.0,IBKR_MID,24/7,unknown,unavailable_midpoint,2026-09-10T01:17:37.021302+00:00,24
2024-09-05,BTC,58030.25,58383.25,55795.75,56062.75,0.0,IBKR_MID,24/7,unknown,unavailable_midpoint,2026-09-10T01:17:37.021302+00:00,24
2024-09-05,ETH,2451.1,2469.45,2348.4,2364.05,0.0,IBKR_MID,24/7,unknown,unavailable_midpoint,2026-09-10T01:17:37.021302+00:00,24
2024-09-06,BTC,56056.0,57006.25,53244.0,53501.75,0.0,IBKR_MID,24/7,unknown,unavailable_midpoint,2026-09-10T01:17:37.021302+00:00,24
2024-09-06,ETH,2363.8,2408.8,2207.05,2221.4,0.0,IBKR_MID,24/7,unknown,unavailable_midpoint,2026-09-10T01:17:37.021302+00:00,24
2024-09-09,BTC,54302.25,57175.25,53643.25,57082.0,0.0,IBKR_MID,24/7,unknown,unavailable_midpoint,2026-09-10T01:17:37.021302+00:00,24
2024-09-09,ETH,2287.7,2367.45,2241.9,2349.25,0.0,IBKR_MID,24/7,unknown,unavailable_midpoint,2026-09-10T01:17:37.021302+00:00,24
2024-09-10,BTC,56751.0,58069.75,56405.25,57931.25,0.0,IBKR_MID,24/7,unknown,unavailable_midpoint,2026-09-10T01:17:37.021302+00:00,24
2024-09-10,ETH,2337.7,2390.25,2321.6,2381.55,0.0,IBKR_MID,24/7,unknown,unavailable_midpoint,2026-09-10T01:17:37.021302+00:00,24
2024-09-11,BTC,57947.0,57991.25,55549.75,57570.75,0.0,IBKR_MID,24/7,unknown,unavailable_midpoint,2026-09-10T01:17:37.021302+00:00,24
2024-09-11,ETH,2382.25,2398.9,2278.2,2341.55,0.0,IBKR_MID,24/7,unknown,unavailable_midpoint,2026-09-10T01:17:37.021302+00:00,24
2024-09-12,BTC,57548.25,58538.25,57231.5,58366.25,0.0,IBKR_MID,24/7,unknown,unavailable_midpoint,2026-09-10T01:17:37.021302+00:00,24
2024-09-12,ETH,2340.75,2390.55,2316.0,2360.9,0.0,IBKR_MID,24/7,unknown,unavailable_midpoint,2026-09-10T01:17:37.021302+00:00,24
2024-09-13,BTC,58308.5,60009.75,57651.0,59756.5,0.0,IBKR_MID,24/7,unknown,unavailable_midpoint,2026-09-10T01:17:37.021302+00:00,24
2024-09-13,ETH,2358.75,2428.7,2338.1,2421.95,0.0,IBKR_MID,24/7,unknown,unavailable_midpoint,2026-09-10T01:17:37.021302+00:00,24
2024-09-16,BTC,60177.75,60381.25000000001,57503.0,57936.75,0.0,IBKR_MID,24/7,unknown,unavailable_midpoint,2026-09-10T01:17:37.021302+00:00,24
2024-09-16,ETH,2422.15,2426.05,2253.7,2275.1,0.0,IBKR_MID,24/7,unknown,unavailable_midpoint,2026-09-10T01:17:37.021302+00:00,24
2024-09-17,BTC,57780.75,61319.5,57612.5,59979.00000000001,0.0,IBKR_MID,24/7,unknown,unavailable_midpoint,2026-09-10T01:17:37.021302+00:00,24
2024-09-17,ETH,2274.95,2394.65,2264.35,2353.85,0.0,IBKR_MID,24/7,unknown,unavailable_midpoint,2026-09-10T01:17:37.021302+00:00,24
2024-09-18,BTC,59903.5,61329.5,59196.99999999999,60088.99999999999,0.0,IBKR_MID,24/7,unknown,unavailable_midpoint,2026-09-10T01:17:37.021302+00:00,24
2024-09-18,ETH,2352.15,2363.8,2278.35,2316.35,0.0,IBKR_MID,24/7,unknown,unavailable_midpoint,2026-09-10T01:17:37.021302+00:00,24
2024-09-19,BTC,59978.0,63874.25,59503.5,63279.5,0.0,IBKR_MID,24/7,unknown,unavailable_midpoint,2026-09-10T01:17:37.021302+00:00,24
2024-09-19,ETH,2314.25,2493.25,2291.1,2462.1,0.0,IBKR_MID,24/7,unknown,unavailable_midpoint,2026-09-10T01:17:37.021302+00:00,24
2024-09-20,BTC,63275.00000000001,64105.25000000001,62361.75,62804.74999999999,0.0,IBKR_MID,24/7,unknown,unavailable_midpoint,2026-09-10T01:17:37.021302+00:00,24
2024-09-20,ETH,2463.65,2570.9,2439.15,2540.25,0.0,IBKR_MID,24/7,unknown,unavailable_midpoint,2026-09-10T01:17:37.021302+00:00,24
2024-09-23,BTC,62900.0,64736.99999999999,62398.5,63311.75,0.0,IBKR_MID,24/7,unknown,unavailable_midpoint,2026-09-10T01:17:37.021302+00:00,24
2024-09-23,ETH,2581.8,2704.6,2525.95,2673.15,0.0,IBKR_MID,24/7,unknown,unavailable_midpoint,2026-09-10T01:17:37.021302+00:00,24
2024-09-24,BTC,63298.5,64395.5,62739.00000000001,64275.5,0.0,IBKR_MID,24/7,unknown,unavailable_midpoint,2026-09-10T01:17:37.021302+00:00,24
2024-09-24,ETH,2668.75,2674.9,2592.55,2649.85,0.0,IBKR_MID,24/7,unknown,unavailable_midpoint,2026-09-10T01:17:37.021302+00:00,24
2024-09-25,BTC,64329.25000000001,64814.5,63018.25,63150.25,0.0,IBKR_MID,24/7,unknown,unavailable_midpoint,2026-09-10T01:17:37.021302+00:00,24
2024-09-25,ETH,2650.7,2672.45,2566.1,2570.85,0.0,IBKR_MID,24/7,unknown,unavailable_midpoint,2026-09-10T01:17:37.021302+00:00,24
2024-09-26,BTC,63222.74999999999,65832.0,62679.25000000001,64739.5,0.0,IBKR_MID,24/7,unknown,unavailable_midpoint,2026-09-10T01:17:37.021302+00:00,24
2024-09-26,ETH,2575.1,2666.15,2555.85,2650.3,0.0,IBKR_MID,24/7,unknown,unavailable_midpoint,2026-09-10T01:17:37.021302+00:00,24
2024-09-27,BTC,64853.25000000001,66486.0,64665.75,65688.0,0.0,IBKR_MID,24/7,unknown,unavailable_midpoint,2026-09-10T01:17:37.021302+00:00,24
2024-09-27,ETH,2654.0,2727.4,2616.45,2701.4,0.0,IBKR_MID,24/7,unknown,unavailable_midpoint,2026-09-10T01:17:37.021302+00:00,24
2024-09-30,BTC,65532.99999999999,66059.5,63060.99999999999,63463.00000000001,0.0,IBKR_MID,24/7,unknown,unavailable_midpoint,2026-09-10T01:17:37.021302+00:00,24
2024-09-30,ETH,2651.15,2672.8,2575.35,2594.2,0.0,IBKR_MID,24/7,unknown,unavailable_midpoint,2026-09-10T01:17:37.021302+00:00,24
2024-10-01,BTC,63526.25,64102.74999999999,61099.00000000001,61754.0,0.0,IBKR_MID,24/7,unknown,unavailable_midpoint,2026-09-10T01:17:37.021302+00:00,24
2024-10-01,ETH,2650.35,2656.8,2432.15,2487.9,0.0,IBKR_MID,24/7,unknown,unavailable_midpoint,2026-09-10T01:17:37.021302+00:00,24
2024-10-02,BTC,61722.0,63788.0,60010.25,60209.5,0.0,IBKR_MID,24/7,unknown,unavailable_midpoint,2026-09-10T01:17:37.021302+00:00,24
2024-10-02,ETH,2488.75,2498.45,2368.6,2372.65,0.0,IBKR_MID,24/7,unknown,unavailable_midpoint,2026-09-10T01:17:37.021302+00:00,24
2024-10-03,BTC,60267.5,61459.25000000001,59869.5,61003.25000000001,0.0,IBKR_MID,24/7,unknown,unavailable_midpoint,2026-09-10T01:17:37.021302+00:00,24
2024-10-03,ETH,2377.5,2403.65,2310.75,2353.45,0.0,IBKR_MID,24/7,unknown,unavailable_midpoint,2026-09-10T01:17:37.021302+00:00,24
2024-10-04,BTC,60980.99999999999,63096.74999999999,60475.25000000001,62362.74999999999,0.0,IBKR_MID,24/7,unknown,unavailable_midpoint,2026-09-10T01:17:37.021302+00:00,24
2024-10-04,ETH,2353.1,2441.15,2333.8,2429.6,0.0,IBKR_MID,24/7,unknown,unavailable_midpoint,2026-09-10T01:17:37.021302+00:00,24
2024-10-07,BTC,61972.25,64438.74999999999,61924.74999999999,63378.0,0.0,IBKR_MID,24/7,unknown,unavailable_midpoint,2026-09-10T01:17:37.021302+00:00,24
2024-10-07,ETH,2416.0,2519.4,2415.9,2445.05,0.0,IBKR_MID,24/7,unknown,unavailable_midpoint,2026-09-10T01:17:37.021302+00:00,24
2024-10-08,BTC,63211.75,63397.5,61838.0,62188.5,0.0,IBKR_MID,24/7,unknown,unavailable_midpoint,2026-09-10T01:17:37.021302+00:00,24
2024-10-08,ETH,2510.55,2510.6,2400.8,2438.95,0.0,IBKR_MID,24/7,unknown,unavailable_midpoint,2026-09-10T01:17:37.021302+00:00,24
2024-10-09,BTC,62249.25000000001,63185.5,60788.99999999999,60975.5,0.0,IBKR_MID,24/7,unknown,unavailable_midpoint,2026-09-10T01:17:37.021302+00:00,24
2024-10-09,ETH,2438.6,2490.05,2405.75,2416.8,0.0,IBKR_MID,24/7,unknown,unavailable_midpoint,2026-09-10T01:17:37.021302+00:00,24
2024-10-10,BTC,60968.0,62138.74999999999,58880.25,59671.5,0.0,IBKR_MID,24/7,unknown,unavailable_midpoint,2026-09-10T01:17:37.021302+00:00,24
2024-10-10,ETH,2415.0,2455.25,2328.2,2365.1,0.0,IBKR_MID,24/7,unknown,unavailable_midpoint,2026-09-10T01:17:37.021302+00:00,24
2024-10-11,BTC,59700.5,63598.0,59527.5,63096.5,0.0,IBKR_MID,24/7,unknown,unavailable_midpoint,2026-09-10T01:17:37.021302+00:00,24
2024-10-11,ETH,2365.45,2475.7,2356.35,2462.0,0.0,IBKR_MID,24/7,unknown,unavailable_midpoint,2026-09-10T01:17:37.021302+00:00,24
2024-10-14,BTC,62882.74999999999,66277.75,62039.00000000001,65931.25,0.0,IBKR_MID,24/7,unknown,unavailable_midpoint,2026-09-10T01:17:37.021302+00:00,24
2024-10-14,ETH,2465.5,2671.75,2436.65,2620.05,0.0,IBKR_MID,24/7,unknown,unavailable_midpoint,2026-09-10T01:17:37.021302+00:00,24
2024-10-15,BTC,65452.74999999999,67933.25,64793.5,66943.0,0.0,IBKR_MID,24/7,unknown,unavailable_midpoint,2026-09-10T01:17:37.021302+00:00,24
2024-10-15,ETH,2623.5,2690.85,2478.3,2592.85,0.0,IBKR_MID,24/7,unknown,unavailable_midpoint,2026-09-10T01:17:37.021302+00:00,24
2024-10-16,BTC,66903.0,68399.25,65978.25,67737.75,0.0,IBKR_MID,24/7,unknown,unavailable_midpoint,2026-09-10T01:17:37.021302+00:00,24
2024-10-16,ETH,2591.7,2676.55,2485.5,2615.25,0.0,IBKR_MID,24/7,unknown,unavailable_midpoint,2026-09-10T01:17:37.021302+00:00,24
2024-10-17,BTC,67721.5,68111.75,65447.25000000001,66850.75,0.0,IBKR_MID,24/7,unknown,unavailable_midpoint,2026-09-10T01:17:37.021302+00:00,24
2024-10-17,ETH,2616.0,2677.15,2575.05,2595.8,0.0,IBKR_MID,24/7,unknown,unavailable_midpoint,2026-09-10T01:17:37.021302+00:00,24
2024-10-18,BTC,66886.25,69031.25,66862.25,68608.0,0.0,IBKR_MID,24/7,unknown,unavailable_midpoint,2026-09-10T01:17:37.021302+00:00,24
2024-10-18,ETH,2597.55,2681.6,2592.8,2652.05,0.0,IBKR_MID,24/7,unknown,unavailable_midpoint,2026-09-10T01:17:37.021302+00:00,24
2024-10-21,BTC,68384.25,69505.75,66763.5,67743.5,0.0,IBKR_MID,24/7,unknown,unavailable_midpoint,2026-09-10T01:17:37.021302+00:00,24
2024-10-21,ETH,2649.95,2788.0,2615.6,2678.95,0.0,IBKR_MID,24/7,unknown,unavailable_midpoint,2026-09-10T01:17:37.021302+00:00,24
2024-10-22,BTC,68402.75,68611.5,66548.5,67441.75,0.0,IBKR_MID,24/7,unknown,unavailable_midpoint,2026-09-10T01:17:37.021302+00:00,24
2024-10-22,ETH,2725.25,2744.9,2589.15,2627.85,0.0,IBKR_MID,24/7,unknown,unavailable_midpoint,2026-09-10T01:17:37.021302+00:00,24
2024-10-23,BTC,67419.25,67805.75,65173.5,66369.5,0.0,IBKR_MID,24/7,unknown,unavailable_midpoint,2026-09-10T01:17:37.021302+00:00,24
2024-10-23,ETH,2627.2,2721.8,2437.1,2509.8,0.0,IBKR_MID,24/7,unknown,unavailable_midpoint,2026-09-10T01:17:37.021302+00:00,24
2024-10-24,BTC,66327.5,68289.0,65928.25,68256.75,0.0,IBKR_MID,24/7,unknown,unavailable_midpoint,2026-09-10T01:17:37.021302+00:00,24
2024-10-24,ETH,2507.15,2620.45,2498.75,2538.6,0.0,IBKR_MID,24/7,unknown,unavailable_midpoint,2026-09-10T01:17:37.021302+00:00,24
2024-10-25,BTC,68262.0,68808.0,65853.25,66720.25,0.0,IBKR_MID,24/7,unknown,unavailable_midpoint,2026-09-10T01:17:37.021302+00:00,24
2024-10-25,ETH,2538.15,2626.55,2450.3,2472.85,0.0,IBKR_MID,24/7,unknown,unavailable_midpoint,2026-09-10T01:17:37.021302+00:00,24
2024-10-28,BTC,67099.0,69884.5,66947.75,69612.25,0.0,IBKR_MID,24/7,unknown,unavailable_midpoint,2026-09-10T01:17:37.021302+00:00,24
2024-10-28,ETH,2476.7,2613.85,2449.9,2505.8,0.0,IBKR_MID,24/7,unknown,unavailable_midpoint,2026-09-10T01:17:37.021302+00:00,24
2024-10-29,BTC,69630.75,73725.5,69381.25,72548.75,0.0,IBKR_MID,24/7,unknown,unavailable_midpoint,2026-09-10T01:17:37.021302+00:00,24
2024-10-29,ETH,2477.75,2693.4,2477.75,2625.45,0.0,IBKR_MID,24/7,unknown,unavailable_midpoint,2026-09-10T01:17:37.021302+00:00,24
2024-10-30,BTC,72648.0,72961.25,71246.25,71800.75,0.0,IBKR_MID,24/7,unknown,unavailable_midpoint,2026-09-10T01:17:37.021302+00:00,24
2024-10-30,ETH,2628.15,2734.7,2568.8,2655.55,0.0,IBKR_MID,24/7,unknown,unavailable_midpoint,2026-09-10T01:17:37.021302+00:00,24
2024-10-31,BTC,71788.75,72947.5,69929.25,70003.0,0.0,IBKR_MID,24/7,unknown,unavailable_midpoint,2026-09-10T01:17:37.021302+00:00,24
2024-10-31,ETH,2651.9,2713.0,2504.75,2511.0,0.0,IBKR_MID,24/7,unknown,unavailable_midpoint,2026-09-10T01:17:37.021302+00:00,24
2024-11-01,BTC,70054.0,71849.75,68685.0,69250.75,0.0,IBKR_MID,24/7,unknown,unavailable_midpoint,2026-09-10T01:17:37.021302+00:00,24
2024-11-01,ETH,2515.05,2664.0,2465.5,2512.1,0.0,IBKR_MID,24/7,unknown,unavailable_midpoint,2026-09-10T01:17:37.021302+00:00,24
2024-11-04,BTC,68364.5,69503.75,67210.0,67292.75,0.0,IBKR_MID,24/7,unknown,unavailable_midpoint,2026-09-10T01:17:37.021302+00:00,24
2024-11-04,ETH,2449.45,2604.65,2403.75,2420.85,0.0,IBKR_MID,24/7,unknown,unavailable_midpoint,2026-09-10T01:17:37.021302+00:00,24
2024-11-05,BTC,67898.5,70544.5,66792.0,69448.75,0.0,IBKR_MID,24/7,unknown,unavailable_midpoint,2026-09-10T01:17:37.021302+00:00,24
2024-11-05,ETH,2426.0,2609.3,2355.95,2426.95,0.0,IBKR_MID,24/7,unknown,unavailable_midpoint,2026-09-10T01:17:37.021302+00:00,24
2024-11-06,BTC,69487.75,76627.0,68902.0,76204.0,0.0,IBKR_MID,24/7,unknown,unavailable_midpoint,2026-09-10T01:17:37.021302+00:00,24
2024-11-06,ETH,2428.95,2718.6,2407.7,2692.75,0.0,IBKR_MID,24/7,unknown,unavailable_midpoint,2026-09-10T01:17:37.021302+00:00,24
2024-11-07,BTC,76084.75,76984.0,74043.5,76529.5,0.0,IBKR_MID,24/7,unknown,unavailable_midpoint,2026-09-10T01:17:37.021302+00:00,24
2024-11-07,ETH,2688.55,2916.4,2624.5,2900.55,0.0,IBKR_MID,24/7,unknown,unavailable_midpoint,2026-09-10T01:17:37.021302+00:00,24
2024-11-08,BTC,76510.0,77300.0,75273.25,76696.75,0.0,IBKR_MID,24/7,unknown,unavailable_midpoint,2026-09-10T01:17:37.021302+00:00,24
2024-11-08,ETH,2902.5,2985.25,2860.1,2938.9,0.0,IBKR_MID,24/7,unknown,unavailable_midpoint,2026-09-10T01:17:37.021302+00:00,24
2024-11-11,BTC,78884.25,88072.75,78534.25,87080.75,0.0,IBKR_MID,24/7,unknown,unavailable_midpoint,2026-09-10T01:17:37.021302+00:00,24
2024-11-11,ETH,3188.45,3503.65,2753.5,3361.0,0.0,IBKR_MID,24/7,unknown,unavailable_midpoint,2026-09-10T01:17:37.021302+00:00,24
2024-11-12,BTC,87066.25,90037.0,85069.5,89572.0,0.0,IBKR_MID,24/7,unknown,unavailable_midpoint,2026-09-10T01:17:37.021302+00:00,24
2024-11-12,ETH,3354.3,3476.4,3024.25,3290.9,0.0,IBKR_MID,24/7,unknown,unavailable_midpoint,2026-09-10T01:17:37.021302+00:00,24
2024-11-13,BTC,89668.0,93651.5,86277.0,89828.25,0.0,IBKR_MID,24/7,unknown,unavailable_midpoint,2026-09-10T01:17:37.021302+00:00,24
2024-11-13,ETH,3291.35,3423.0,3121.8,3174.0,0.0,IBKR_MID,24/7,unknown,unavailable_midpoint,2026-09-10T01:17:37.021302+00:00,24
2024-11-14,BTC,89831.0,92071.75,87567.5,87623.25,0.0,IBKR_MID,24/7,unknown,unavailable_midpoint,2026-09-10T01:17:37.021302+00:00,24
2024-11-14,ETH,3173.2,3244.65,3060.8,3099.8,0.0,IBKR_MID,24/7,unknown,unavailable_midpoint,2026-09-10T01:17:37.021302+00:00,24
2024-11-15,BTC,87628.75,91536.25,86704.0,91443.75,0.0,IBKR_MID,24/7,unknown,unavailable_midpoint,2026-09-10T01:17:37.021302+00:00,24
2024-11-15,ETH,3103.35,3161.8,3014.8,3092.2,0.0,IBKR_MID,24/7,unknown,unavailable_midpoint,2026-09-10T01:17:37.021302+00:00,24
2024-11-18,BTC,90511.25,92647.25,88747.75,91598.5,0.0,IBKR_MID,24/7,unknown,unavailable_midpoint,2026-09-10T01:17:37.021302+00:00,24
2024-11-18,ETH,3136.85,3230.05,3043.6,3158.8,0.0,IBKR_MID,24/7,unknown,unavailable_midpoint,2026-09-10T01:17:37.021302+00:00,24
2024-11-19,BTC,90923.25,94042.5,90319.0,92611.75,0.0,IBKR_MID,24/7,unknown,unavailable_midpoint,2026-09-10T01:17:37.021302+00:00,24
2024-11-19,ETH,3134.25,3241.7,3072.95,3105.1,0.0,IBKR_MID,24/7,unknown,unavailable_midpoint,2026-09-10T01:17:37.021302+00:00,24
2024-11-20,BTC,92693.25,94955.5,91477.5,94333.25,0.0,IBKR_MID,24/7,unknown,unavailable_midpoint,2026-09-10T01:17:37.021302+00:00,24
2024-11-20,ETH,3110.5,3188.7,3032.6,3075.4,0.0,IBKR_MID,24/7,unknown,unavailable_midpoint,2026-09-10T01:17:37.021302+00:00,24
2024-11-21,BTC,94374.75,99094.25,93867.5,98243.75,0.0,IBKR_MID,24/7,unknown,unavailable_midpoint,2026-09-10T01:17:37.021302+00:00,24
2024-11-21,ETH,3074.4,3390.55,3035.8,3352.1,0.0,IBKR_MID,24/7,unknown,unavailable_midpoint,2026-09-10T01:17:37.021302+00:00,24
2024-11-22,BTC,98013.0,99771.25,97227.5,99314.75,0.0,IBKR_MID,24/7,unknown,unavailable_midpoint,2026-09-10T01:17:37.021302+00:00,24
2024-11-22,ETH,3352.6,3430.05,3262.75,3294.65,0.0,IBKR_MID,24/7,unknown,unavailable_midpoint,2026-09-10T01:17:37.021302+00:00,24
2024-11-25,BTC,98538.0,98987.75,94445.5,94992.75,0.0,IBKR_MID,24/7,unknown,unavailable_midpoint,2026-09-10T01:17:37.021302+00:00,24
2024-11-25,ETH,3426.1,3547.1,3286.25,3503.1,0.0,IBKR_MID,24/7,unknown,unavailable_midpoint,2026-09-10T01:17:37.021302+00:00,24
2024-11-26,BTC,95299.25,95852.5,90732.0,90979.75,0.0,IBKR_MID,24/7,unknown,unavailable_midpoint,2026-09-10T01:17:37.021302+00:00,24
2024-11-26,ETH,3491.3,3517.25,3254.4,3322.5,0.0,IBKR_MID,24/7,unknown,unavailable_midpoint,2026-09-10T01:17:37.021302+00:00,24
2024-11-27,BTC,90977.25,97381.75,90786.75,96629.75,0.0,IBKR_MID,24/7,unknown,unavailable_midpoint,2026-09-10T01:17:37.021302+00:00,24
2024-11-27,ETH,3312.8,3637.2,3300.75,3630.8,0.0,IBKR_MID,24/7,unknown,unavailable_midpoint,2026-09-10T01:17:37.021302+00:00,24
2024-11-28,BTC,96674.25,96757.0,94670.25,94841.25,0.0,IBKR_MID,24/7,unknown,unavailable_midpoint,2026-09-10T01:17:37.021302+00:00,24
2024-11-28,ETH,3636.65,3690.25,2764.6,3557.2,0.0,IBKR_MID,24/7,unknown,unavailable_midpoint,2026-09-10T01:17:37.021302+00:00,24
2024-11-29,BTC,94938.5,98759.0,94894.75,97411.75,0.0,IBKR_MID,24/7,unknown,unavailable_midpoint,2026-09-10T01:17:37.021302+00:00,24
2024-11-29,ETH,3561.65,3650.65,3536.05,3596.55,0.0,IBKR_MID,24/7,unknown,unavailable_midpoint,2026-09-10T01:17:37.021302+00:00,24
2024-12-02,BTC,96537.0,98233.25,94414.75,95718.5,0.0,IBKR_MID,24/7,unknown,unavailable_midpoint,2026-09-10T01:17:37.021302+00:00,24
2024-12-02,ETH,3704.45,3763.9,3557.1,3618.05,0.0,IBKR_MID,24/7,unknown,unavailable_midpoint,2026-09-10T01:17:37.021302+00:00,24
2024-12-03,BTC,96239.0,96325.25,93588.5,95662.75,0.0,IBKR_MID,24/7,unknown,unavailable_midpoint,2026-09-10T01:17:37.021302+00:00,24
2024-12-03,ETH,3619.25,3671.45,3503.4,3609.0,0.0,IBKR_MID,24/7,unknown,unavailable_midpoint,2026-09-10T01:17:37.021302+00:00,24
2024-12-04,BTC,95628.5,99269.25,94668.75,99015.5,0.0,IBKR_MID,24/7,unknown,unavailable_midpoint,2026-09-10T01:17:37.021302+00:00,24
2024-12-04,ETH,3608.25,3895.75,3598.75,3889.85,0.0,IBKR_MID,24/7,unknown,unavailable_midpoint,2026-09-10T01:17:37.021302+00:00,24
2024-12-05,BTC,99131.25,104145.25,97657.0,99145.25,0.0,IBKR_MID,24/7,unknown,unavailable_midpoint,2026-09-10T01:17:37.021302+00:00,24
2024-12-05,ETH,3886.95,3959.85,3772.5,3829.45,0.0,IBKR_MID,24/7,unknown,unavailable_midpoint,2026-09-10T01:17:37.021302+00:00,24
2024-12-06,BTC,99118.75,102120.25,92923.5,101555.75,0.0,IBKR_MID,24/7,unknown,unavailable_midpoint,2026-09-10T01:17:37.021302+00:00,24
2024-12-06,ETH,3826.4,4266.45,3685.5,4052.7,0.0,IBKR_MID,24/7,unknown,unavailable_midpoint,2026-09-10T01:17:37.021302+00:00,24
2024-12-09,BTC,99722.5,101452.5,96085.75,96226.0,0.0,IBKR_MID,24/7,unknown,unavailable_midpoint,2026-09-10T01:17:37.021302+00:00,24
2024-12-09,ETH,3983.05,4019.55,3723.65,3743.0,0.0,IBKR_MID,24/7,unknown,unavailable_midpoint,2026-09-10T01:17:37.021302+00:00,24
2024-12-10,BTC,97407.75,98338.0,94318.5,96486.75,0.0,IBKR_MID,24/7,unknown,unavailable_midpoint,2026-09-10T01:17:37.021302+00:00,24
2024-12-10,ETH,3838.45,3841.1,3509.85,3650.55,0.0,IBKR_MID,24/7,unknown,unavailable_midpoint,2026-09-10T01:17:37.021302+00:00,24
2024-12-11,BTC,96489.75,101838.75,95732.25,101408.5,0.0,IBKR_MID,24/7,unknown,unavailable_midpoint,2026-09-10T01:17:37.021302+00:00,24
2024-12-11,ETH,3648.15,3845.45,3565.0,3837.25,0.0,IBKR_MID,24/7,unknown,unavailable_midpoint,2026-09-10T01:17:37.021302+00:00,24
2024-12-12,BTC,101340.5,102616.0,99303.25,100074.5,0.0,IBKR_MID,24/7,unknown,unavailable_midpoint,2026-09-10T01:17:37.021302+00:00,24
2024-12-12,ETH,3834.9,3989.2,3800.3,3889.35,0.0,IBKR_MID,24/7,unknown,unavailable_midpoint,2026-09-10T01:17:37.021302+00:00,24
2024-12-13,BTC,100072.5,101934.25,99240.5,101733.75,0.0,IBKR_MID,24/7,unknown,unavailable_midpoint,2026-09-10T01:17:37.021302+00:00,24
2024-12-13,ETH,3887.55,3969.9,3837.75,3919.35,0.0,IBKR_MID,24/7,unknown,unavailable_midpoint,2026-09-10T01:17:37.021302+00:00,24
2024-12-16,BTC,101717.25,107850.5,101557.75,105883.25,0.0,IBKR_MID,24/7,unknown,unavailable_midpoint,2026-09-10T01:17:37.021302+00:00,24
2024-12-16,ETH,3844.45,4109.95,3836.45,4046.05,0.0,IBKR_MID,24/7,unknown,unavailable_midpoint,2026-09-10T01:17:37.021302+00:00,24
2024-12-17,BTC,105758.75,108377.5,105507.25,106729.25,0.0,IBKR_MID,24/7,unknown,unavailable_midpoint,2026-09-10T01:17:37.021302+00:00,24
2024-12-17,ETH,4047.7,4076.05,3917.2,3936.75,0.0,IBKR_MID,24/7,unknown,unavailable_midpoint,2026-09-10T01:17:37.021302+00:00,24
2024-12-18,BTC,106683.75,106815.5,100187.5,100758.25,0.0,IBKR_MID,24/7,unknown,unavailable_midpoint,2026-09-10T01:17:37.021302+00:00,24
2024-12-18,ETH,3934.95,3952.15,3641.6,3692.2,0.0,IBKR_MID,24/7,unknown,unavailable_midpoint,2026-09-10T01:17:37.021302+00:00,24
2024-12-19,BTC,100862.5,102761.0,95565.0,96270.75,0.0,IBKR_MID,24/7,unknown,unavailable_midpoint,2026-09-10T01:17:37.021302+00:00,24
2024-12-19,ETH,3692.55,3718.35,3306.5,3376.6,0.0,IBKR_MID,24/7,unknown,unavailable_midpoint,2026-09-10T01:17:37.021302+00:00,24
2024-12-20,BTC,96154.25,98336.25,92119.0,96384.5,0.0,IBKR_MID,24/7,unknown,unavailable_midpoint,2026-09-10T01:17:37.021302+00:00,24
2024-12-20,ETH,3365.95,3498.5,3096.85,3439.35,0.0,IBKR_MID,24/7,unknown,unavailable_midpoint,2026-09-10T01:17:37.021302+00:00,24
2024-12-23,BTC,96155.0,97298.75,92364.75,93053.5,0.0,IBKR_MID,24/7,unknown,unavailable_midpoint,2026-09-10T01:17:37.021302+00:00,24
2024-12-23,ETH,3330.65,3428.0,3214.35,3399.6,0.0,IBKR_MID,24/7,unknown,unavailable_midpoint,2026-09-10T01:17:37.021302+00:00,24
2024-12-24,BTC,94272.0,99446.75,93428.5,97214.5,0.0,IBKR_MID,24/7,unknown,unavailable_midpoint,2026-09-10T01:17:37.021302+00:00,24
2024-12-24,ETH,3391.7,3538.3,3353.1,3448.7,0.0,IBKR_MID,24/7,unknown,unavailable_midpoint,2026-09-10T01:17:37.021302+00:00,24
2024-12-25,BTC,97305.5,99314.75,97291.0,99053.25,0.0,IBKR_MID,24/7,unknown,unavailable_midpoint,2026-09-10T01:17:37.021302+00:00,24
2024-12-25,ETH,3447.95,3545.15,3437.65,3470.75,0.0,IBKR_MID,24/7,unknown,unavailable_midpoint,2026-09-10T01:17:37.021302+00:00,24
2024-12-26,BTC,99205.0,99884.0,95088.0,95471.5,0.0,IBKR_MID,24/7,unknown,unavailable_midpoint,2026-09-10T01:17:37.021302+00:00,24
2024-12-26,ETH,3474.2,3512.7,3305.95,3327.3,0.0,IBKR_MID,24/7,unknown,unavailable_midpoint,2026-09-10T01:17:37.021302+00:00,24
2024-12-27,BTC,95491.75,97388.75,93286.75,94434.75,0.0,IBKR_MID,24/7,unknown,unavailable_midpoint,2026-09-10T01:17:37.021302+00:00,24
2024-12-27,ETH,3324.4,3439.15,3301.25,3335.25,0.0,IBKR_MID,24/7,unknown,unavailable_midpoint,2026-09-10T01:17:37.021302+00:00,24
2024-12-30,BTC,95112.0,95152.75,91282.25,94229.25,0.0,IBKR_MID,24/7,unknown,unavailable_midpoint,2026-09-10T01:17:37.021302+00:00,24
2024-12-30,ETH,3401.7,3430.4,3297.3,3395.7,0.0,IBKR_MID,24/7,unknown,unavailable_midpoint,2026-09-10T01:17:37.021302+00:00,24
2024-12-31,BTC,93589.0,96139.25,91773.75,93386.75,0.0,IBKR_MID,24/7,unknown,unavailable_midpoint,2026-09-10T01:17:37.021302+00:00,24
2024-12-31,ETH,3445.2,3446.8,3305.35,3341.6,0.0,IBKR_MID,24/7,unknown,unavailable_midpoint,2026-09-10T01:17:37.021302+00:00,24
2025-01-01,BTC,93498.75,94669.75,92754.75,94595.5,0.0,IBKR_MID,24/7,unknown,unavailable_midpoint,2026-09-10T01:17:37.021302+00:00,24
2025-01-01,ETH,3345.65,3360.95,3308.5,3353.2,0.0,IBKR_MID,24/7,unknown,unavailable_midpoint,2026-09-10T01:17:37.021302+00:00,24
2025-01-02,BTC,94613.5,97762.5,94181.5,97203.5,0.0,IBKR_MID,24/7,unknown,unavailable_midpoint,2026-09-10T01:17:37.021302+00:00,24
2025-01-02,ETH,3353.1,3506.75,3345.55,3449.65,0.0,IBKR_MID,24/7,unknown,unavailable_midpoint,2026-09-10T01:17:37.021302+00:00,24
2025-01-03,BTC,97225.0,98989.25,96024.25,98292.25,0.0,IBKR_MID,24/7,unknown,unavailable_midpoint,2026-09-10T01:17:37.021302+00:00,24
2025-01-03,ETH,3450.95,3629.9,3419.7,3599.9,0.0,IBKR_MID,24/7,unknown,unavailable_midpoint,2026-09-10T01:17:37.021302+00:00,24
2025-01-06,BTC,98255.25,102519.5,97247.25,102201.0,0.0,IBKR_MID,24/7,unknown,unavailable_midpoint,2026-09-10T01:17:37.021302+00:00,24
2025-01-06,ETH,3631.15,3744.7,3593.65,3685.75,0.0,IBKR_MID,24/7,unknown,unavailable_midpoint,2026-09-10T01:17:37.021302+00:00,24
2025-01-07,BTC,100925.25,102762.75,96111.25,96465.25,0.0,IBKR_MID,24/7,unknown,unavailable_midpoint,2026-09-10T01:17:37.021302+00:00,24
2025-01-07,ETH,3681.55,3702.05,3363.3,3393.55,0.0,IBKR_MID,24/7,unknown,unavailable_midpoint,2026-09-10T01:17:37.021302+00:00,24
2025-01-08,BTC,96549.25,97261.75,92493.5,93947.75,0.0,IBKR_MID,24/7,unknown,unavailable_midpoint,2026-09-10T01:17:37.021302+00:00,24
2025-01-08,ETH,3391.05,3414.4,3207.2,3284.7,0.0,IBKR_MID,24/7,unknown,unavailable_midpoint,2026-09-10T01:17:37.021302+00:00,24
2025-01-09,BTC,93956.75,95364.0,91196.0,91888.5,0.0,IBKR_MID,24/7,unknown,unavailable_midpoint,2026-09-10T01:17:37.021302+00:00,24
2025-01-09,ETH,3283.25,3357.2,3157.25,3195.2,0.0,IBKR_MID,24/7,unknown,unavailable_midpoint,2026-09-10T01:17:37.021302+00:00,24
2025-01-10,BTC,91795.25,95848.0,91627.75,94678.0,0.0,IBKR_MID,24/7,unknown,unavailable_midpoint,2026-09-10T01:17:37.021302+00:00,24
2025-01-10,ETH,3191.5,3322.0,3187.55,3259.9,0.0,IBKR_MID,24/7,unknown,unavailable_midpoint,2026-09-10T01:17:37.021302+00:00,24
2025-01-13,BTC,94279.5,95888.75,89208.0,93565.75,0.0,IBKR_MID,24/7,unknown,unavailable_midpoint,2026-09-10T01:17:37.021302+00:00,24
2025-01-13,ETH,3265.15,3336.8,2920.7,3091.05,0.0,IBKR_MID,24/7,unknown,unavailable_midpoint,2026-09-10T01:17:37.021302+00:00,24
2025-01-14,BTC,92853.5,97359.5,92853.5,96450.25,0.0,IBKR_MID,24/7,unknown,unavailable_midpoint,2026-09-10T01:17:37.021302+00:00,24
2025-01-14,ETH,3090.2,3256.4,3086.1,3221.4,0.0,IBKR_MID,24/7,unknown,unavailable_midpoint,2026-09-10T01:17:37.021302+00:00,24
2025-01-15,BTC,96437.75,100735.25,96271.0,99578.5,0.0,IBKR_MID,24/7,unknown,unavailable_midpoint,2026-09-10T01:17:37.021302+00:00,24
2025-01-15,ETH,3218.1,3475.55,3185.3,3434.35,0.0,IBKR_MID,24/7,unknown,unavailable_midpoint,2026-09-10T01:17:37.021302+00:00,24
2025-01-16,BTC,99585.5,100875.0,97304.5,100349.75,0.0,IBKR_MID,24/7,unknown,unavailable_midpoint,2026-09-10T01:17:37.021302+00:00,24
2025-01-16,ETH,3435.25,3460.7,3264.55,3336.85,0.0,IBKR_MID,24/7,unknown,unavailable_midpoint,2026-09-10T01:17:37.021302+00:00,24
2025-01-17,BTC,100335.0,105968.5,99375.25,104736.0,0.0,IBKR_MID,24/7,unknown,unavailable_midpoint,2026-09-10T01:17:37.021302+00:00,24
2025-01-17,ETH,3334.7,3527.3,3268.35,3516.15,0.0,IBKR_MID,24/7,unknown,unavailable_midpoint,2026-09-10T01:17:37.021302+00:00,24
2025-01-20,BTC,104990.5,109442.25,99455.0,103573.5,0.0,IBKR_MID,24/7,unknown,unavailable_midpoint,2026-09-10T01:17:37.021302+00:00,24
2025-01-20,ETH,3270.65,3457.2,3126.2,3317.95,0.0,IBKR_MID,24/7,unknown,unavailable_midpoint,2026-09-10T01:17:37.021302+00:00,24
2025-01-21,BTC,104039.75,107274.25,100087.0,106142.5,0.0,IBKR_MID,24/7,unknown,unavailable_midpoint,2026-09-10T01:17:37.021302+00:00,24
2025-01-21,ETH,3302.85,3368.7,3201.75,3314.5,0.0,IBKR_MID,24/7,unknown,unavailable_midpoint,2026-09-10T01:17:37.021302+00:00,24
2025-01-22,BTC,106118.5,106846.75,103331.5,104314.5,0.0,IBKR_MID,24/7,unknown,unavailable_midpoint,2026-09-10T01:17:37.021302+00:00,24
2025-01-22,ETH,3309.0,3366.45,3239.95,3255.65,0.0,IBKR_MID,24/7,unknown,unavailable_midpoint,2026-09-10T01:17:37.021302+00:00,24
2025-01-23,BTC,104177.25,106870.5,101226.25,103339.0,0.0,IBKR_MID,24/7,unknown,unavailable_midpoint,2026-09-10T01:17:37.021302+00:00,24
2025-01-23,ETH,3251.85,3298.95,3183.3,3248.8,0.0,IBKR_MID,24/7,unknown,unavailable_midpoint,2026-09-10T01:17:37.021302+00:00,24
2025-01-24,BTC,103036.0,107179.75,102278.25,104871.75,0.0,IBKR_MID,24/7,unknown,unavailable_midpoint,2026-09-10T01:17:37.021302+00:00,24
2025-01-24,ETH,3245.45,3428.3,3214.85,3329.75,0.0,IBKR_MID,24/7,unknown,unavailable_midpoint,2026-09-10T01:17:37.021302+00:00,24
2025-01-27,BTC,104968.0,105246.0,97727.0,101375.25,0.0,IBKR_MID,24/7,unknown,unavailable_midpoint,2026-09-10T01:17:37.021302+00:00,24
2025-01-27,ETH,3337.9,3350.15,3019.85,3145.4,0.0,IBKR_MID,24/7,unknown,unavailable_midpoint,2026-09-10T01:17:37.021302+00:00,24
2025-01-28,BTC,101455.0,103788.5,100923.75,101209.5,0.0,IBKR_MID,24/7,unknown,unavailable_midpoint,2026-09-10T01:17:37.021302+00:00,24
2025-01-28,ETH,3202.85,3251.35,3091.5,3093.8,0.0,IBKR_MID,24/7,unknown,unavailable_midpoint,2026-09-10T01:17:37.021302+00:00,24
2025-01-29,BTC,101374.5,104798.25,100212.25,104218.5,0.0,IBKR_MID,24/7,unknown,unavailable_midpoint,2026-09-10T01:17:37.021302+00:00,24
2025-01-29,ETH,3100.1,3182.0,3038.75,3137.7,0.0,IBKR_MID,24/7,unknown,unavailable_midpoint,2026-09-10T01:17:37.021302+00:00,24
2025-01-30,BTC,104193.25,106457.75,103293.0,104936.75,0.0,IBKR_MID,24/7,unknown,unavailable_midpoint,2026-09-10T01:17:37.021302+00:00,24
2025-01-30,ETH,3136.75,3283.45,3092.0,3232.8,0.0,IBKR_MID,24/7,unknown,unavailable_midpoint,2026-09-10T01:17:37.021302+00:00,24
2025-01-31,BTC,105000.5,106076.75,101549.25,101625.0,0.0,IBKR_MID,24/7,unknown,unavailable_midpoint,2026-09-10T01:17:37.021302+00:00,24
2025-01-31,ETH,3234.3,3438.15,3214.15,3315.55,0.0,IBKR_MID,24/7,unknown,unavailable_midpoint,2026-09-10T01:17:37.021302+00:00,24
2025-02-03,BTC,99600.75,102151.5,91158.5,101235.25,0.0,IBKR_MID,24/7,unknown,unavailable_midpoint,2026-09-10T01:17:37.021302+00:00,24
2025-02-03,ETH,3100.4,3123.45,2391.6,2707.8,0.0,IBKR_MID,24/7,unknown,unavailable_midpoint,2026-09-10T01:17:37.021302+00:00,24
2025-02-04,BTC,101273.5,102635.0,97930.25,98706.0,0.0,IBKR_MID,24/7,unknown,unavailable_midpoint,2026-09-10T01:17:37.021302+00:00,24
2025-02-04,ETH,2750.2,2939.35,2666.95,2734.45,0.0,IBKR_MID,24/7,unknown,unavailable_midpoint,2026-09-10T01:17:37.021302+00:00,24
2025-02-05,BTC,98466.25,99201.0,96183.5,97319.25,0.0,IBKR_MID,24/7,unknown,unavailable_midpoint,2026-09-10T01:17:37.021302+00:00,24
2025-02-05,ETH,2725.0,2828.05,2633.75,2763.45,0.0,IBKR_MID,24/7,unknown,unavailable_midpoint,2026-09-10T01:17:37.021302+00:00,24
2025-02-06,BTC,97387.5,99181.5,95681.25,96936.25,0.0,IBKR_MID,24/7,unknown,unavailable_midpoint,2026-09-10T01:17:37.021302+00:00,24
2025-02-06,ETH,2765.2,2859.05,2674.9,2723.1,0.0,IBKR_MID,24/7,unknown,unavailable_midpoint,2026-09-10T01:17:37.021302+00:00,24
2025-02-07,BTC,96854.0,100217.75,95640.75,95775.75,0.0,IBKR_MID,24/7,unknown,unavailable_midpoint,2026-09-10T01:17:37.021302+00:00,24
2025-02-07,ETH,2717.55,2799.6,2579.9,2588.15,0.0,IBKR_MID,24/7,unknown,unavailable_midpoint,2026-09-10T01:17:37.021302+00:00,24
2025-02-10,BTC,97090.5,98369.25,94733.75,97375.75,0.0,IBKR_MID,24/7,unknown,unavailable_midpoint,2026-09-10T01:17:37.021302+00:00,24
2025-02-10,ETH,2663.25,2694.9,2522.85,2685.45,0.0,IBKR_MID,24/7,unknown,unavailable_midpoint,2026-09-10T01:17:37.021302+00:00,24
2025-02-11,BTC,97701.5,98507.75,94844.25,95295.0,0.0,IBKR_MID,24/7,unknown,unavailable_midpoint,2026-09-10T01:17:37.021302+00:00,24
2025-02-11,ETH,2630.95,2725.65,2582.1,2597.9,0.0,IBKR_MID,24/7,unknown,unavailable_midpoint,2026-09-10T01:17:37.021302+00:00,24
2025-02-12,BTC,95393.5,97698.75,94075.25,97030.25,0.0,IBKR_MID,24/7,unknown,unavailable_midpoint,2026-09-10T01:17:37.021302+00:00,24
2025-02-12,ETH,2602.8,2695.8,2547.85,2677.8,0.0,IBKR_MID,24/7,unknown,unavailable_midpoint,2026-09-10T01:17:37.021302+00:00,24
2025-02-13,BTC,97019.5,98125.25,95235.75,96283.0,0.0,IBKR_MID,24/7,unknown,unavailable_midpoint,2026-09-10T01:17:37.021302+00:00,24
2025-02-13,ETH,2678.95,2796.3,2613.2,2653.75,0.0,IBKR_MID,24/7,unknown,unavailable_midpoint,2026-09-10T01:17:37.021302+00:00,24
2025-02-14,BTC,96290.25,98883.25,96259.25,97231.25,0.0,IBKR_MID,24/7,unknown,unavailable_midpoint,2026-09-10T01:17:37.021302+00:00,24
2025-02-14,ETH,2653.3,2793.2,2651.55,2729.15,0.0,IBKR_MID,24/7,unknown,unavailable_midpoint,2026-09-10T01:17:37.021302+00:00,24
2025-02-17,BTC,97266.5,97504.25,95206.75,95997.25,0.0,IBKR_MID,24/7,unknown,unavailable_midpoint,2026-09-10T01:17:37.021302+00:00,24
2025-02-17,ETH,2696.15,2849.85,2639.25,2733.05,0.0,IBKR_MID,24/7,unknown,unavailable_midpoint,2026-09-10T01:17:37.021302+00:00,24
2025-02-18,BTC,95901.25,96734.0,93331.5,94164.75,0.0,IBKR_MID,24/7,unknown,unavailable_midpoint,2026-09-10T01:17:37.021302+00:00,24
2025-02-18,ETH,2745.2,2778.2,2605.15,2629.6,0.0,IBKR_MID,24/7,unknown,unavailable_midpoint,2026-09-10T01:17:37.021302+00:00,24
2025-02-19,BTC,94239.0,96702.0,94186.75,96158.25,0.0,IBKR_MID,24/7,unknown,unavailable_midpoint,2026-09-10T01:17:37.021302+00:00,24
2025-02-19,ETH,2632.6,2738.45,2630.2,2720.75,0.0,IBKR_MID,24/7,unknown,unavailable_midpoint,2026-09-10T01:17:37.021302+00:00,24
2025-02-20,BTC,96113.0,98764.75,96033.5,98517.75,0.0,IBKR_MID,24/7,unknown,unavailable_midpoint,2026-09-10T01:17:37.021302+00:00,24
2025-02-20,ETH,2719.25,2771.25,2706.0,2751.2,0.0,IBKR_MID,24/7,unknown,unavailable_midpoint,2026-09-10T01:17:37.021302+00:00,24
2025-02-21,BTC,98495.5,99525.0,94766.25,94968.0,0.0,IBKR_MID,24/7,unknown,unavailable_midpoint,2026-09-10T01:17:37.021302+00:00,24
2025-02-21,ETH,2750.7,2846.0,2625.35,2631.75,0.0,IBKR_MID,24/7,unknown,unavailable_midpoint,2026-09-10T01:17:37.021302+00:00,24
2025-02-24,BTC,96533.75,96534.0,93671.5,93989.0,0.0,IBKR_MID,24/7,unknown,unavailable_midpoint,2026-09-10T01:17:37.021302+00:00,24
2025-02-24,ETH,2825.75,2856.0,2617.2,2642.25,0.0,IBKR_MID,24/7,unknown,unavailable_midpoint,2026-09-10T01:17:37.021302+00:00,24
2025-02-25,BTC,95000.0,95252.25,85906.5,88070.0,0.0,IBKR_MID,24/7,unknown,unavailable_midpoint,2026-09-10T01:17:37.021302+00:00,24
2025-02-25,ETH,2713.35,2731.45,2258.4,2491.75,0.0,IBKR_MID,24/7,unknown,unavailable_midpoint,2026-09-10T01:17:37.021302+00:00,24
2025-02-26,BTC,88243.75,89379.5,82083.75,84284.5,0.0,IBKR_MID,24/7,unknown,unavailable_midpoint,2026-09-10T01:17:37.021302+00:00,24
2025-02-26,ETH,2490.85,2530.75,2247.15,2337.2,0.0,IBKR_MID,24/7,unknown,unavailable_midpoint,2026-09-10T01:17:37.021302+00:00,24
2025-02-27,BTC,84044.5,87013.75,82586.0,83409.25,0.0,IBKR_MID,24/7,unknown,unavailable_midpoint,2026-09-10T01:17:37.021302+00:00,24
2025-02-27,ETH,2325.5,2380.15,2238.1,2253.5,0.0,IBKR_MID,24/7,unknown,unavailable_midpoint,2026-09-10T01:17:37.021302+00:00,24
2025-02-28,BTC,83414.75,85117.75,78179.75,84173.25,0.0,IBKR_MID,24/7,unknown,unavailable_midpoint,2026-09-10T01:17:37.021302+00:00,24
2025-02-28,ETH,2255.3,2312.2,2034.55,2216.7,0.0,IBKR_MID,24/7,unknown,unavailable_midpoint,2026-09-10T01:17:37.021302+00:00,24
2025-03-03,BTC,86190.5,90636.5,84313.25,86001.5,0.0,IBKR_MID,24/7,unknown,unavailable_midpoint,2026-09-10T01:17:37.021302+00:00,24
2025-03-03,ETH,2220.65,2559.65,2076.8,2127.2,0.0,IBKR_MID,24/7,unknown,unavailable_midpoint,2026-09-10T01:17:37.021302+00:00,24
2025-03-04,BTC,88433.75,89611.75,81448.0,86819.25,0.0,IBKR_MID,24/7,unknown,unavailable_midpoint,2026-09-10T01:17:37.021302+00:00,24
2025-03-04,ETH,2230.35,2325.5,1994.3,2138.75,0.0,IBKR_MID,24/7,unknown,unavailable_midpoint,2026-09-10T01:17:37.021302+00:00,24
2025-03-05,BTC,86928.5,90955.0,86353.25,90509.25,0.0,IBKR_MID,24/7,unknown,unavailable_midpoint,2026-09-10T01:17:37.021302+00:00,24
2025-03-05,ETH,2139.2,2286.6,2126.3,2231.3,0.0,IBKR_MID,24/7,unknown,unavailable_midpoint,2026-09-10T01:17:37.021302+00:00,24
2025-03-06,BTC,90404.75,92824.0,87814.0,89042.5,0.0,IBKR_MID,24/7,unknown,unavailable_midpoint,2026-09-10T01:17:37.021302+00:00,24
2025-03-06,ETH,2229.55,2320.3,2176.55,2200.15,0.0,IBKR_MID,24/7,unknown,unavailable_midpoint,2026-09-10T01:17:37.021302+00:00,24
2025-03-07,BTC,89086.0,91297.75,84669.75,86969.5,0.0,IBKR_MID,24/7,unknown,unavailable_midpoint,2026-09-10T01:17:37.021302+00:00,24
2025-03-07,DOGE,0.2,0.21,0.19,0.205,0.0,IBKR_MID,24/7,unknown,unavailable_midpoint,2026-09-10T01:17:37.021302+00:00,24
2025-03-07,ETH,2202.25,2257.7,2102.6,2156.55,0.0,IBKR_MID,24/7,unknown,unavailable_midpoint,2026-09-10T01:17:37.021302+00:00,24
2025-03-07,SOL,144.06,150.83,135.1,144.96,0.0,IBKR_MID,24/7,unknown,unavailable_midpoint,2026-09-10T01:17:37.021302+00:00,24
2025-03-07,XRP,2.6,2.625,2.375,2.47,0.0,IBKR_MID,24/7,unknown,unavailable_midpoint,2026-09-10T01:17:37.021302+00:00,24
2025-03-10,BTC,86259.75,86774.5,77399.0,78990.5,0.0,IBKR_MID,24/7,unknown,unavailable_midpoint,2026-09-10T01:17:37.021302+00:00,24
2025-03-10,DOGE,0.19,0.19,0.135,0.16,0.0,IBKR_MID,24/7,unknown,unavailable_midpoint,2026-09-10T01:17:37.021302+00:00,24
2025-03-10,ETH,2213.2,2213.2,1810.35,1868.05,0.0,IBKR_MID,24/7,unknown,unavailable_midpoint,2026-09-10T01:17:37.021302+00:00,24
2025-03-10,SOL,137.64,139.84,115.52,119.64,0.0,IBKR_MID,24/7,unknown,unavailable_midpoint,2026-09-10T01:17:37.021302+00:00,24
2025-03-10,XRP,2.345,2.345,1.99,2.075,0.0,IBKR_MID,24/7,unknown,unavailable_midpoint,2026-09-10T01:17:37.021302+00:00,24
2025-03-11,BTC,78852.25,83621.25,76575.75,83085.25,0.0,IBKR_MID,24/7,unknown,unavailable_midpoint,2026-09-10T01:17:37.021302+00:00,24
2025-03-11,DOGE,0.16,0.2,0.13,0.17,0.0,IBKR_MID,24/7,unknown,unavailable_midpoint,2026-09-10T01:17:37.021302+00:00,24
2025-03-11,ETH,1862.35,1966.1,1755.85,1951.25,0.0,IBKR_MID,24/7,unknown,unavailable_midpoint,2026-09-10T01:17:37.021302+00:00,24
2025-03-11,SOL,118.9,128.36,112.26,128.15,0.0,IBKR_MID,24/7,unknown,unavailable_midpoint,2026-09-10T01:17:37.021302+00:00,24
2025-03-11,XRP,2.07,2.405,1.9,2.21,0.0,IBKR_MID,24/7,unknown,unavailable_midpoint,2026-09-10T01:17:37.021302+00:00,24
2025-03-12,BTC,83104.25,84500.5,80584.75,82905.25,0.0,IBKR_MID,24/7,unknown,unavailable_midpoint,2026-09-10T01:17:37.021302+00:00,24
2025-03-12,DOGE,0.17,0.17,0.16,0.17,0.0,IBKR_MID,24/7,unknown,unavailable_midpoint,2026-09-10T01:17:37.021302+00:00,24
2025-03-12,ETH,1952.8,1965.35,1830.15,1877.8,0.0,IBKR_MID,24/7,unknown,unavailable_midpoint,2026-09-10T01:17:37.021302+00:00,24
2025-03-12,SOL,127.92,131.31,121.21,125.02,0.0,IBKR_MID,24/7,unknown,unavailable_midpoint,2026-09-10T01:17:37.021302+00:00,24
2025-03-12,XRP,2.2,2.27,2.13,2.24,0.0,IBKR_MID,24/7,unknown,unavailable_midpoint,2026-09-10T01:17:37.021302+00:00,24
2025-03-13,BTC,82889.75,84325.25,79909.75,80170.0,0.0,IBKR_MID,24/7,unknown,unavailable_midpoint,2026-09-10T01:17:37.021302+00:00,24
2025-03-13,DOGE,0.17,0.17,0.16,0.16,0.0,IBKR_MID,24/7,unknown,unavailable_midpoint,2026-09-10T01:17:37.021302+00:00,24
2025-03-13,ETH,1877.35,1920.1,1821.55,1851.05,0.0,IBKR_MID,24/7,unknown,unavailable_midpoint,2026-09-10T01:17:37.021302+00:00,24
2025-03-13,SOL,124.97,128.58,121.05,121.4,0.0,IBKR_MID,24/7,unknown,unavailable_midpoint,2026-09-10T01:17:37.021302+00:00,24
2025-03-13,XRP,2.24,2.35,2.21,2.24,0.0,IBKR_MID,24/7,unknown,unavailable_midpoint,2026-09-10T01:17:37.021302+00:00,24
2025-03-14,BTC,80300.0,85326.25,80231.0,84575.0,0.0,IBKR_MID,24/7,unknown,unavailable_midpoint,2026-09-10T01:17:37.021302+00:00,24
2025-03-14,DOGE,0.16,0.18,0.16,0.17,0.0,IBKR_MID,24/7,unknown,unavailable_midpoint,2026-09-10T01:17:37.021302+00:00,24
2025-03-14,ETH,1853.7,1945.95,1838.55,1934.5,0.0,IBKR_MID,24/7,unknown,unavailable_midpoint,2026-09-10T01:17:37.021302+00:00,24
2025-03-14,SOL,121.73,134.71,120.83,134.3,0.0,IBKR_MID,24/7,unknown,unavailable_midpoint,2026-09-10T01:17:37.021302+00:00,24
2025-03-14,XRP,2.24,2.39,2.22,2.355,0.0,IBKR_MID,24/7,unknown,unavailable_midpoint,2026-09-10T01:17:37.021302+00:00,24
2025-03-17,BTC,84239.25,85120.5,81987.5,84490.0,0.0,IBKR_MID,24/7,unknown,unavailable_midpoint,2026-09-10T01:17:37.021302+00:00,24
2025-03-17,DOGE,0.18,0.18,0.17,0.175,0.0,IBKR_MID,24/7,unknown,unavailable_midpoint,2026-09-10T01:17:37.021302+00:00,24
2025-03-17,ETH,1928.05,1952.6,1861.2,1942.25,0.0,IBKR_MID,24/7,unknown,unavailable_midpoint,2026-09-10T01:17:37.021302+00:00,24
2025-03-17,SOL,135.1,135.16,125.25,129.85,0.0,IBKR_MID,24/7,unknown,unavailable_midpoint,2026-09-10T01:17:37.021302+00:00,24
2025-03-17,XRP,2.39,2.39,2.27,2.36,0.0,IBKR_MID,24/7,unknown,unavailable_midpoint,2026-09-10T01:17:37.021302+00:00,24
2025-03-18,BTC,84498.25,84684.25,81011.75,82296.75,0.0,IBKR_MID,24/7,unknown,unavailable_midpoint,2026-09-10T01:17:37.021302+00:00,24
2025-03-18,DOGE,0.17,0.175,0.16,0.17,0.0,IBKR_MID,24/7,unknown,unavailable_midpoint,2026-09-10T01:17:37.021302+00:00,24
2025-03-18,ETH,1913.8,1951.7,1861.1,1904.0,0.0,IBKR_MID,24/7,unknown,unavailable_midpoint,2026-09-10T01:17:37.021302+00:00,24
2025-03-18,SOL,137.94,138.01,121.19,124.18,0.0,IBKR_MID,24/7,unknown,unavailable_midpoint,2026-09-10T01:17:37.021302+00:00,24
2025-03-18,XRP,2.34,2.35,2.215,2.26,0.0,IBKR_MID,24/7,unknown,unavailable_midpoint,2026-09-10T01:17:37.021302+00:00,24
2025-03-19,BTC,82313.75,85973.75,81853.5,85465.25,0.0,IBKR_MID,24/7,unknown,unavailable_midpoint,2026-09-10T01:17:37.021302+00:00,24
2025-03-19,DOGE,0.17,0.18,0.165,0.17,0.0,IBKR_MID,24/7,unknown,unavailable_midpoint,2026-09-10T01:17:37.021302+00:00,24
2025-03-19,ETH,1905.2,2077.95,1898.05,2031.8,0.0,IBKR_MID,24/7,unknown,unavailable_midpoint,2026-09-10T01:17:37.021302+00:00,24
2025-03-19,SOL,124.33,138.95,123.49,133.05,0.0,IBKR_MID,24/7,unknown,unavailable_midpoint,2026-09-10T01:17:37.021302+00:00,24
2025-03-19,XRP,2.26,2.61,2.25,2.49,0.0,IBKR_MID,24/7,unknown,unavailable_midpoint,2026-09-10T01:17:37.021302+00:00,24
2025-03-20,BTC,85522.25,87486.5,83608.25,84145.0,0.0,IBKR_MID,24/7,unknown,unavailable_midpoint,2026-09-10T01:17:37.021302+00:00,24
2025-03-20,DOGE,0.17,0.18,0.17,0.17,0.0,IBKR_MID,24/7,unknown,unavailable_midpoint,2026-09-10T01:17:37.021302+00:00,24
2025-03-20,ETH,2032.45,2070.8,1939.3,1973.85,0.0,IBKR_MID,24/7,unknown,unavailable_midpoint,2026-09-10T01:17:37.021302+00:00,24
2025-03-20,SOL,133.4,136.1,126.63,127.89,0.0,IBKR_MID,24/7,unknown,unavailable_midpoint,2026-09-10T01:17:37.021302+00:00,24
2025-03-20,XRP,2.495,2.56,2.39,2.435,0.0,IBKR_MID,24/7,unknown,unavailable_midpoint,2026-09-10T01:17:37.021302+00:00,24
2025-03-21,BTC,84155.75,84817.25,83128.0,83922.75,0.0,IBKR_MID,24/7,unknown,unavailable_midpoint,2026-09-10T01:17:37.021302+00:00,24
2025-03-21,DOGE,0.17,0.17,0.16,0.17,0.0,IBKR_MID,24/7,unknown,unavailable_midpoint,2026-09-10T01:17:37.021302+00:00,24
2025-03-21,ETH,1974.5,1995.7,1936.0,1973.1,0.0,IBKR_MID,24/7,unknown,unavailable_midpoint,2026-09-10T01:17:37.021302+00:00,24
2025-03-21,SOL,127.86,129.63,124.81,128.19,0.0,IBKR_MID,24/7,unknown,unavailable_midpoint,2026-09-10T01:17:37.021302+00:00,24
2025-03-21,XRP,2.44,2.465,2.355,2.4,0.0,IBKR_MID,24/7,unknown,unavailable_midpoint,2026-09-10T01:17:37.021302+00:00,24
2025-03-24,BTC,84234.75,88785.75,84210.25,88256.25,0.0,IBKR_MID,24/7,unknown,unavailable_midpoint,2026-09-10T01:17:37.021302+00:00,24
2025-03-24,DOGE,0.17,0.19,0.17,0.19,0.0,IBKR_MID,24/7,unknown,unavailable_midpoint,2026-09-10T01:17:37.021302+00:00,24
2025-03-24,ETH,2002.45,2104.5,1977.6,2089.25,0.0,IBKR_MID,24/7,unknown,unavailable_midpoint,2026-09-10T01:17:37.021302+00:00,24
2025-03-24,SOL,130.62,145.0,130.18,142.79,0.0,IBKR_MID,24/7,unknown,unavailable_midpoint,2026-09-10T01:17:37.021302+00:00,24
2025-03-24,XRP,2.39,2.505,2.385,2.465,0.0,IBKR_MID,24/7,unknown,unavailable_midpoint,2026-09-10T01:17:37.021302+00:00,24
2025-03-25,BTC,87500.0,89139.0,86179.75,88152.5,0.0,IBKR_MID,24/7,unknown,unavailable_midpoint,2026-09-10T01:17:37.021302+00:00,24
2025-03-25,DOGE,0.175,0.19,0.175,0.19,0.0,IBKR_MID,24/7,unknown,unavailable_midpoint,2026-09-10T01:17:37.021302+00:00,24
2025-03-25,ETH,2047.05,2098.65,2037.2,2076.0,0.0,IBKR_MID,24/7,unknown,unavailable_midpoint,2026-09-10T01:17:37.021302+00:00,24
2025-03-25,SOL,144.51,147.5,138.17,145.07,0.0,IBKR_MID,24/7,unknown,unavailable_midpoint,2026-09-10T01:17:37.021302+00:00,24
2025-03-25,XRP,2.51,2.515,2.41,2.46,0.0,IBKR_MID,24/7,unknown,unavailable_midpoint,2026-09-10T01:17:37.021302+00:00,24
2025-03-26,BTC,88230.25,88577.75,85857.0,86570.75,0.0,IBKR_MID,24/7,unknown,unavailable_midpoint,2026-09-10T01:17:37.021302+00:00,24
2025-03-26,DOGE,0.19,0.21,0.19,0.19,0.0,IBKR_MID,24/7,unknown,unavailable_midpoint,2026-09-10T01:17:37.021302+00:00,24
2025-03-26,ETH,2076.45,2083.3,1981.55,1999.9,0.0,IBKR_MID,24/7,unknown,unavailable_midpoint,2026-09-10T01:17:37.021302+00:00,24
2025-03-26,SOL,145.25,146.12,136.22,137.47,0.0,IBKR_MID,24/7,unknown,unavailable_midpoint,2026-09-10T01:17:37.021302+00:00,24
2025-03-26,XRP,2.46,2.48,2.36,2.37,0.0,IBKR_MID,24/7,unknown,unavailable_midpoint,2026-09-10T01:17:37.021302+00:00,24
2025-03-27,BTC,86621.25,87781.25,85798.75,87056.5,0.0,IBKR_MID,24/7,unknown,unavailable_midpoint,2026-09-10T01:17:37.021302+00:00,24
2025-03-27,DOGE,0.19,0.2,0.19,0.19,0.0,IBKR_MID,24/7,unknown,unavailable_midpoint,2026-09-10T01:17:37.021302+00:00,24
2025-03-27,ETH,2001.6,2051.15,1986.65,2003.45,0.0,IBKR_MID,24/7,unknown,unavailable_midpoint,2026-09-10T01:17:37.021302+00:00,24
2025-03-27,SOL,137.52,140.24,135.61,139.05,0.0,IBKR_MID,24/7,unknown,unavailable_midpoint,2026-09-10T01:17:37.021302+00:00,24
2025-03-27,XRP,2.36,2.39,2.3,2.34,0.0,IBKR_MID,24/7,unknown,unavailable_midpoint,2026-09-10T01:17:37.021302+00:00,24
2025-03-28,BTC,87069.5,87726.0,83527.25,83743.0,0.0,IBKR_MID,24/7,unknown,unavailable_midpoint,2026-09-10T01:17:37.021302+00:00,24
2025-03-28,DOGE,0.19,0.19,0.165,0.18,0.0,IBKR_MID,24/7,unknown,unavailable_midpoint,2026-09-10T01:17:37.021302+00:00,24
2025-03-28,ETH,2003.6,2041.9,1860.8,1873.1,0.0,IBKR_MID,24/7,unknown,unavailable_midpoint,2026-09-10T01:17:37.021302+00:00,24
2025-03-28,SOL,139.06,140.82,128.96,129.35,0.0,IBKR_MID,24/7,unknown,unavailable_midpoint,2026-09-10T01:17:37.021302+00:00,24
2025-03-28,XRP,2.34,2.36,2.15,2.18,0.0,IBKR_MID,24/7,unknown,unavailable_midpoint,2026-09-10T01:17:37.021302+00:00,24
2025-03-31,BTC,83170.5,83930.0,81265.75,82438.25,0.0,IBKR_MID,24/7,unknown,unavailable_midpoint,2026-09-10T01:17:37.021302+00:00,24
2025-03-31,DOGE,0.17,0.185,0.16,0.17,0.0,IBKR_MID,24/7,unknown,unavailable_midpoint,2026-09-10T01:17:37.021302+00:00,24
2025-03-31,ETH,1838.75,1854.55,1767.3,1827.45,0.0,IBKR_MID,24/7,unknown,unavailable_midpoint,2026-09-10T01:17:37.021302+00:00,24
2025-03-31,SOL,125.87,131.18,122.73,125.2,0.0,IBKR_MID,24/7,unknown,unavailable_midpoint,2026-09-10T01:17:37.021302+00:00,24
2025-03-31,XRP,2.18,2.34,2.02,2.09,0.0,IBKR_MID,24/7,unknown,unavailable_midpoint,2026-09-10T01:17:37.021302+00:00,24
2025-04-01,BTC,82409.75,85504.25,82236.5,84961.25,0.0,IBKR_MID,24/7,unknown,unavailable_midpoint,2026-09-10T01:17:37.021302+00:00,24
2025-04-01,DOGE,0.175,0.185,0.16,0.17,0.0,IBKR_MID,24/7,unknown,unavailable_midpoint,2026-09-10T01:17:37.021302+00:00,24
2025-04-01,ETH,1815.15,1927.65,1815.15,1910.0,0.0,IBKR_MID,24/7,unknown,unavailable_midpoint,2026-09-10T01:17:37.021302+00:00,24
2025-04-01,SOL,129.45,130.88,123.73,126.83,0.0,IBKR_MID,24/7,unknown,unavailable_midpoint,2026-09-10T01:17:37.021302+00:00,24
2025-04-01,XRP,2.15,2.2,2.065,2.14,0.0,IBKR_MID,24/7,unknown,unavailable_midpoint,2026-09-10T01:17:37.021302+00:00,24
2025-04-02,BTC,84916.0,87360.25,83905.75,86919.5,0.0,IBKR_MID,24/7,unknown,unavailable_midpoint,2026-09-10T01:17:37.021302+00:00,24
2025-04-02,DOGE,0.17,0.18,0.17,0.17,0.0,IBKR_MID,24/7,unknown,unavailable_midpoint,2026-09-10T01:17:37.021302+00:00,24
2025-04-02,ETH,1909.25,1922.75,1851.75,1911.8,0.0,IBKR_MID,24/7,unknown,unavailable_midpoint,2026-09-10T01:17:37.021302+00:00,24
2025-04-02,SOL,126.68,131.8,123.48,131.44,0.0,IBKR_MID,24/7,unknown,unavailable_midpoint,2026-09-10T01:17:37.021302+00:00,24
2025-04-02,XRP,2.135,2.195,2.07,2.16,0.0,IBKR_MID,24/7,unknown,unavailable_midpoint,2026-09-10T01:17:37.021302+00:00,24
2025-04-03,BTC,86794.5,88523.75,81176.75,81956.5,0.0,IBKR_MID,24/7,unknown,unavailable_midpoint,2026-09-10T01:17:37.021302+00:00,24
2025-04-03,DOGE,0.17,0.18,0.16,0.16,0.0,IBKR_MID,24/7,unknown,unavailable_midpoint,2026-09-10T01:17:37.021302+00:00,24
2025-04-03,ETH,1910.4,1956.5,1749.25,1786.05,0.0,IBKR_MID,24/7,unknown,unavailable_midpoint,2026-09-10T01:17:37.021302+00:00,24
2025-04-03,SOL,131.47,136.2,112.2,115.37,0.0,IBKR_MID,24/7,unknown,unavailable_midpoint,2026-09-10T01:17:37.021302+00:00,24
2025-04-03,XRP,2.16,2.23,1.96,2.05,0.0,IBKR_MID,24/7,unknown,unavailable_midpoint,2026-09-10T01:17:37.021302+00:00,24
2025-04-04,BTC,81906.5,84734.0,81642.25,83988.25,0.0,IBKR_MID,24/7,unknown,unavailable_midpoint,2026-09-10T01:17:37.021302+00:00,24
2025-04-04,DOGE,0.16,0.17,0.16,0.17,0.0,IBKR_MID,24/7,unknown,unavailable_midpoint,2026-09-10T01:17:37.021302+00:00,24
2025-04-04,ETH,1784.35,1835.55,1758.65,1810.05,0.0,IBKR_MID,24/7,unknown,unavailable_midpoint,2026-09-10T01:17:37.021302+00:00,24
2025-04-04,SOL,115.19,123.85,113.3,122.61,0.0,IBKR_MID,24/7,unknown,unavailable_midpoint,2026-09-10T01:17:37.021302+00:00,24
2025-04-04,XRP,2.05,2.16,2.015,2.13,0.0,IBKR_MID,24/7,unknown,unavailable_midpoint,2026-09-10T01:17:37.021302+00:00,24
2025-04-07,BTC,83073.5,83179.5,74421.25,78082.75,0.0,IBKR_MID,24/7,unknown,unavailable_midpoint,2026-09-10T01:17:37.021302+00:00,24
2025-04-07,DOGE,0.17,0.175,0.13,0.15,0.0,IBKR_MID,24/7,unknown,unavailable_midpoint,2026-09-10T01:17:37.021302+00:00,24
2025-04-07,ETH,1798.0,1800.9,1410.35,1544.65,0.0,IBKR_MID,24/7,unknown,unavailable_midpoint,2026-09-10T01:17:37.021302+00:00,24
2025-04-07,SOL,119.36,120.15,94.19,105.73,0.0,IBKR_MID,24/7,unknown,unavailable_midpoint,2026-09-10T01:17:37.021302+00:00,24
2025-04-07,XRP,2.11,2.11,1.61,1.89,0.0,IBKR_MID,24/7,unknown,unavailable_midpoint,2026-09-10T01:17:37.021302+00:00,24
2025-04-08,BTC,78601.5,80847.25,75617.0,76753.5,0.0,IBKR_MID,24/7,unknown,unavailable_midpoint,2026-09-10T01:17:37.021302+00:00,24
2025-04-08,DOGE,0.165,0.175,0.14,0.14,0.0,IBKR_MID,24/7,unknown,unavailable_midpoint,2026-09-10T01:17:37.021302+00:00,24
2025-04-08,ETH,1570.65,1769.1,1451.4,1465.0,0.0,IBKR_MID,24/7,unknown,unavailable_midpoint,2026-09-10T01:17:37.021302+00:00,24
2025-04-08,SOL,113.02,113.1,102.8,103.96,0.0,IBKR_MID,24/7,unknown,unavailable_midpoint,2026-09-10T01:17:37.021302+00:00,24
2025-04-08,XRP,2.05,2.075,1.805,1.82,0.0,IBKR_MID,24/7,unknown,unavailable_midpoint,2026-09-10T01:17:37.021302+00:00,24
2025-04-09,BTC,76824.25,82984.25,74561.0,82282.0,0.0,IBKR_MID,24/7,unknown,unavailable_midpoint,2026-09-10T01:17:37.021302+00:00,24
2025-04-09,DOGE,0.14,0.18,0.14,0.16,0.0,IBKR_MID,24/7,unknown,unavailable_midpoint,2026-09-10T01:17:37.021302+00:00,24
2025-04-09,ETH,1466.85,1671.3,1380.95,1639.25,0.0,IBKR_MID,24/7,unknown,unavailable_midpoint,2026-09-10T01:17:37.021302+00:00,24
2025-04-09,SOL,104.2,123.79,101.19,118.84,0.0,IBKR_MID,24/7,unknown,unavailable_midpoint,2026-09-10T01:17:37.021302+00:00,24
2025-04-09,XRP,1.83,2.255,1.72,2.04,0.0,IBKR_MID,24/7,unknown,unavailable_midpoint,2026-09-10T01:17:37.021302+00:00,24
2025-04-10,BTC,82361.75,83588.25,78396.5,79594.0,0.0,IBKR_MID,24/7,unknown,unavailable_midpoint,2026-09-10T01:17:37.021302+00:00,24
2025-04-10,DOGE,0.16,0.16,0.15,0.15,0.0,IBKR_MID,24/7,unknown,unavailable_midpoint,2026-09-10T01:17:37.021302+00:00,24
2025-04-10,ETH,1642.75,1688.65,1471.95,1513.65,0.0,IBKR_MID,24/7,unknown,unavailable_midpoint,2026-09-10T01:17:37.021302+00:00,24
2025-04-10,SOL,119.0,120.47,108.35,111.28,0.0,IBKR_MID,24/7,unknown,unavailable_midpoint,2026-09-10T01:17:37.021302+00:00,24
2025-04-10,XRP,2.04,2.09,1.92,1.96,0.0,IBKR_MID,24/7,unknown,unavailable_midpoint,2026-09-10T01:17:37.021302+00:00,24
2025-04-11,BTC,79678.25,84211.5,78910.75,83851.25,0.0,IBKR_MID,24/7,unknown,unavailable_midpoint,2026-09-10T01:17:37.021302+00:00,24
2025-04-11,DOGE,0.15,0.16,0.15,0.16,0.0,IBKR_MID,24/7,unknown,unavailable_midpoint,2026-09-10T01:17:37.021302+00:00,24
2025-04-11,ETH,1519.0,1590.6,1504.0,1565.4,0.0,IBKR_MID,24/7,unknown,unavailable_midpoint,2026-09-10T01:17:37.021302+00:00,24
2025-04-11,SOL,111.43,122.02,111.33,120.9,0.0,IBKR_MID,24/7,unknown,unavailable_midpoint,2026-09-10T01:17:37.021302+00:00,24
2025-04-11,XRP,1.96,2.06,1.945,2.04,0.0,IBKR_MID,24/7,unknown,unavailable_midpoint,2026-09-10T01:17:37.021302+00:00,24
2025-04-14,BTC,84602.25,85816.75,83026.75,84920.75,0.0,IBKR_MID,24/7,unknown,unavailable_midpoint,2026-09-10T01:17:37.021302+00:00,24
2025-04-14,DOGE,0.16,0.18,0.16,0.16,0.0,IBKR_MID,24/7,unknown,unavailable_midpoint,2026-09-10T01:17:37.021302+00:00,24
2025-04-14,ETH,1617.0,1711.65,1562.65,1636.35,0.0,IBKR_MID,24/7,unknown,unavailable_midpoint,2026-09-10T01:17:37.021302+00:00,24
2025-04-14,SOL,129.02,136.08,122.79,131.07,0.0,IBKR_MID,24/7,unknown,unavailable_midpoint,2026-09-10T01:17:37.021302+00:00,24
2025-04-14,XRP,2.14,2.25,2.08,2.155,0.0,IBKR_MID,24/7,unknown,unavailable_midpoint,2026-09-10T01:17:37.021302+00:00,24
2025-04-15,BTC,84600.25,86642.25,83883.5,83989.75,0.0,IBKR_MID,24/7,unknown,unavailable_midpoint,2026-09-10T01:17:37.021302+00:00,24
2025-04-15,DOGE,0.175,0.18,0.15,0.16,0.0,IBKR_MID,24/7,unknown,unavailable_midpoint,2026-09-10T01:17:37.021302+00:00,24
2025-04-15,ETH,1694.85,1712.3,1596.85,1607.05,0.0,IBKR_MID,24/7,unknown,unavailable_midpoint,2026-09-10T01:17:37.021302+00:00,24
2025-04-15,SOL,125.41,134.47,122.2,127.93,0.0,IBKR_MID,24/7,unknown,unavailable_midpoint,2026-09-10T01:17:37.021302+00:00,24
2025-04-15,XRP,2.2,2.205,2.1,2.12,0.0,IBKR_MID,24/7,unknown,unavailable_midpoint,2026-09-10T01:17:37.021302+00:00,24
2025-04-16,BTC,83933.0,85498.5,83076.0,84345.5,0.0,IBKR_MID,24/7,unknown,unavailable_midpoint,2026-09-10T01:17:37.021302+00:00,24
2025-04-16,DOGE,0.16,0.16,0.15,0.16,0.0,IBKR_MID,24/7,unknown,unavailable_midpoint,2026-09-10T01:17:37.021302+00:00,24
2025-04-16,ETH,1607.7,1614.9,1537.9,1588.8,0.0,IBKR_MID,24/7,unknown,unavailable_midpoint,2026-09-10T01:17:37.021302+00:00,24
2025-04-16,SOL,127.94,133.95,123.43,132.44,0.0,IBKR_MID,24/7,unknown,unavailable_midpoint,2026-09-10T01:17:37.021302+00:00,24
2025-04-16,XRP,2.12,2.13,2.04,2.11,0.0,IBKR_MID,24/7,unknown,unavailable_midpoint,2026-09-10T01:17:37.021302+00:00,24
2025-04-17,BTC,84320.75,85486.0,83710.5,84857.5,0.0,IBKR_MID,24/7,unknown,unavailable_midpoint,2026-09-10T01:17:37.021302+00:00,24
2025-04-17,DOGE,0.16,0.16,0.15,0.16,0.0,IBKR_MID,24/7,unknown,unavailable_midpoint,2026-09-10T01:17:37.021302+00:00,24
2025-04-17,ETH,1587.65,1616.45,1562.8,1581.55,0.0,IBKR_MID,24/7,unknown,unavailable_midpoint,2026-09-10T01:17:37.021302+00:00,24
2025-04-17,SOL,132.6,136.23,129.48,132.94,0.0,IBKR_MID,24/7,unknown,unavailable_midpoint,2026-09-10T01:17:37.021302+00:00,24
2025-04-17,XRP,2.11,2.12,2.05,2.07,0.0,IBKR_MID,24/7,unknown,unavailable_midpoint,2026-09-10T01:17:37.021302+00:00,24
2025-04-18,BTC,84932.25,85160.75,84321.0,84570.25,0.0,IBKR_MID,24/7,unknown,unavailable_midpoint,2026-09-10T01:17:37.021302+00:00,24
2025-04-18,DOGE,0.16,0.16,0.15,0.16,0.0,IBKR_MID,24/7,unknown,unavailable_midpoint,2026-09-10T01:17:37.021302+00:00,24
2025-04-18,ETH,1582.9,1597.15,1573.45,1593.1,0.0,IBKR_MID,24/7,unknown,unavailable_midpoint,2026-09-10T01:17:37.021302+00:00,24
2025-04-18,SOL,133.41,136.08,132.4,134.2,0.0,IBKR_MID,24/7,unknown,unavailable_midpoint,2026-09-10T01:17:37.021302+00:00,24
2025-04-18,XRP,2.07,2.09,2.04,2.08,0.0,IBKR_MID,24/7,unknown,unavailable_midpoint,2026-09-10T01:17:37.021302+00:00,24
2025-04-21,BTC,84974.0,88539.75,83970.25,87416.25,0.0,IBKR_MID,24/7,unknown,unavailable_midpoint,2026-09-10T01:17:37.021302+00:00,24
2025-04-21,DOGE,0.16,0.16,0.15,0.16,0.0,IBKR_MID,24/7,unknown,unavailable_midpoint,2026-09-10T01:17:37.021302+00:00,24
2025-04-21,ETH,1605.05,1658.4,1564.5,1573.75,0.0,IBKR_MID,24/7,unknown,unavailable_midpoint,2026-09-10T01:17:37.021302+00:00,24
2025-04-21,SOL,139.92,143.13,133.79,136.94,0.0,IBKR_MID,24/7,unknown,unavailable_midpoint,2026-09-10T01:17:37.021302+00:00,24
2025-04-21,XRP,2.07,2.14,2.04,2.09,0.0,IBKR_MID,24/7,unknown,unavailable_midpoint,2026-09-10T01:17:37.021302+00:00,24
2025-04-22,BTC,87055.25,91790.0,86483.0,91492.0,0.0,IBKR_MID,24/7,unknown,unavailable_midpoint,2026-09-10T01:17:37.021302+00:00,24
2025-04-22,DOGE,0.16,0.17,0.16,0.17,0.0,IBKR_MID,24/7,unknown,unavailable_midpoint,2026-09-10T01:17:37.021302+00:00,24
2025-04-22,ETH,1590.1,1727.4,1538.3,1699.45,0.0,IBKR_MID,24/7,unknown,unavailable_midpoint,2026-09-10T01:17:37.021302+00:00,24
2025-04-22,SOL,136.76,147.61,134.53,144.34,0.0,IBKR_MID,24/7,unknown,unavailable_midpoint,2026-09-10T01:17:37.021302+00:00,24
2025-04-22,XRP,2.115,2.19,2.06,2.16,0.0,IBKR_MID,24/7,unknown,unavailable_midpoint,2026-09-10T01:17:37.021302+00:00,24
2025-04-23,BTC,91589.5,94690.25,91109.75,93556.0,0.0,IBKR_MID,24/7,unknown,unavailable_midpoint,2026-09-10T01:17:37.021302+00:00,24
2025-04-23,DOGE,0.17,0.19,0.17,0.18,0.0,IBKR_MID,24/7,unknown,unavailable_midpoint,2026-09-10T01:17:37.021302+00:00,24
2025-04-23,ETH,1699.45,1834.3,1693.25,1787.0,0.0,IBKR_MID,24/7,unknown,unavailable_midpoint,2026-09-10T01:17:37.021302+00:00,24
2025-04-23,SOL,144.28,154.26,143.5,150.22,0.0,IBKR_MID,24/7,unknown,unavailable_midpoint,2026-09-10T01:17:37.021302+00:00,24
2025-04-23,XRP,2.16,2.3,2.15,2.22,0.0,IBKR_MID,24/7,unknown,unavailable_midpoint,2026-09-10T01:17:37.021302+00:00,24
2025-04-24,BTC,93588.25,93972.75,91677.75,93618.5,0.0,IBKR_MID,24/7,unknown,unavailable_midpoint,2026-09-10T01:17:37.021302+00:00,24
2025-04-24,DOGE,0.18,0.18,0.17,0.18,0.0,IBKR_MID,24/7,unknown,unavailable_midpoint,2026-09-10T01:17:37.021302+00:00,24
2025-04-24,ETH,1786.55,1807.7,1723.2,1764.05,0.0,IBKR_MID,24/7,unknown,unavailable_midpoint,2026-09-10T01:17:37.021302+00:00,24
2025-04-24,SOL,150.2,152.5,145.29,151.63,0.0,IBKR_MID,24/7,unknown,unavailable_midpoint,2026-09-10T01:17:37.021302+00:00,24
2025-04-24,XRP,2.22,2.24,2.12,2.21,0.0,IBKR_MID,24/7,unknown,unavailable_midpoint,2026-09-10T01:17:37.021302+00:00,24
2025-04-25,BTC,93527.75,95886.25,92865.25,95408.75,0.0,IBKR_MID,24/7,unknown,unavailable_midpoint,2026-09-10T01:17:37.021302+00:00,24
2025-04-25,DOGE,0.18,0.19,0.18,0.18,0.0,IBKR_MID,24/7,unknown,unavailable_midpoint,2026-09-10T01:17:37.021302+00:00,24
2025-04-25,ETH,1762.3,1828.45,1739.75,1803.9,0.0,IBKR_MID,24/7,unknown,unavailable_midpoint,2026-09-10T01:17:37.021302+00:00,24
2025-04-25,SOL,151.48,157.04,150.08,151.51,0.0,IBKR_MID,24/7,unknown,unavailable_midpoint,2026-09-10T01:17:37.021302+00:00,24
2025-04-25,XRP,2.21,2.22,2.165,2.2,0.0,IBKR_MID,24/7,unknown,unavailable_midpoint,2026-09-10T01:17:37.021302+00:00,24
2025-04-28,BTC,94039.25,95672.25,92839.5,94821.75,0.0,IBKR_MID,24/7,unknown,unavailable_midpoint,2026-09-10T01:17:37.021302+00:00,24
2025-04-28,DOGE,0.18,0.18,0.17,0.18,0.0,IBKR_MID,24/7,unknown,unavailable_midpoint,2026-09-10T01:17:37.021302+00:00,24
2025-04-28,ETH,1801.1,1828.25,1745.1,1797.65,0.0,IBKR_MID,24/7,unknown,unavailable_midpoint,2026-09-10T01:17:37.021302+00:00,24
2025-04-28,SOL,147.03,153.45,144.69,148.47,0.0,IBKR_MID,24/7,unknown,unavailable_midpoint,2026-09-10T01:17:37.021302+00:00,24
2025-04-28,XRP,2.17,2.36,2.17,2.295,0.0,IBKR_MID,24/7,unknown,unavailable_midpoint,2026-09-10T01:17:37.021302+00:00,24
2025-04-29,BTC,93855.75,95511.5,93855.5,95347.0,0.0,IBKR_MID,24/7,unknown,unavailable_midpoint,2026-09-10T01:17:37.021302+00:00,24
2025-04-29,DOGE,0.175,0.19,0.175,0.18,0.0,IBKR_MID,24/7,unknown,unavailable_midpoint,2026-09-10T01:17:37.021302+00:00,24
2025-04-29,ETH,1802.6,1843.5,1781.55,1823.1,0.0,IBKR_MID,24/7,unknown,unavailable_midpoint,2026-09-10T01:17:37.021302+00:00,24
2025-04-29,SOL,160.11,161.91,145.63,149.33,0.0,IBKR_MID,24/7,unknown,unavailable_midpoint,2026-09-10T01:17:37.021302+00:00,24
2025-04-29,XRP,2.33,2.335,2.265,2.295,0.0,IBKR_MID,24/7,unknown,unavailable_midpoint,2026-09-10T01:17:37.021302+00:00,24
2025-04-30,BTC,95392.25,95459.25,92927.5,94161.75,0.0,IBKR_MID,24/7,unknown,unavailable_midpoint,2026-09-10T01:17:37.021302+00:00,24
2025-04-30,DOGE,0.18,0.18,0.17,0.17,0.0,IBKR_MID,24/7,unknown,unavailable_midpoint,2026-09-10T01:17:37.021302+00:00,24
2025-04-30,ETH,1825.4,1827.25,1732.2,1786.7,0.0,IBKR_MID,24/7,unknown,unavailable_midpoint,2026-09-10T01:17:37.021302+00:00,24
2025-04-30,SOL,149.53,149.64,140.39,145.62,0.0,IBKR_MID,24/7,unknown,unavailable_midpoint,2026-09-10T01:17:37.021302+00:00,24
2025-04-30,XRP,2.3,2.3,2.12,2.19,0.0,IBKR_MID,24/7,unknown,unavailable_midpoint,2026-09-10T01:17:37.021302+00:00,24
2025-05-01,BTC,94197.75,97814.0,94017.0,96561.5,0.0,IBKR_MID,24/7,unknown,unavailable_midpoint,2026-09-10T01:17:37.021302+00:00,24
2025-05-01,DOGE,0.17,0.18,0.16,0.18,0.0,IBKR_MID,24/7,unknown,unavailable_midpoint,2026-09-10T01:17:37.021302+00:00,24
2025-05-01,ETH,1786.9,1884.4,1785.6,1843.45,0.0,IBKR_MID,24/7,unknown,unavailable_midpoint,2026-09-10T01:17:37.021302+00:00,24
2025-05-01,SOL,145.47,154.02,145.37,150.31,0.0,IBKR_MID,24/7,unknown,unavailable_midpoint,2026-09-10T01:17:37.021302+00:00,24
2025-05-01,XRP,2.2,2.29,2.19,2.22,0.0,IBKR_MID,24/7,unknown,unavailable_midpoint,2026-09-10T01:17:37.021302+00:00,24
2025-05-02,BTC,96582.5,97930.25,96212.25,96965.5,0.0,IBKR_MID,24/7,unknown,unavailable_midpoint,2026-09-10T01:17:37.021302+00:00,24
2025-05-02,DOGE,0.18,0.18,0.18,0.18,0.0,IBKR_MID,24/7,unknown,unavailable_midpoint,2026-09-10T01:17:37.021302+00:00,24
2025-05-02,ETH,1845.15,1871.5,1813.85,1840.45,0.0,IBKR_MID,24/7,unknown,unavailable_midpoint,2026-09-10T01:17:37.021302+00:00,24
2025-05-02,SOL,150.42,151.95,147.8,148.15,0.0,IBKR_MID,24/7,unknown,unavailable_midpoint,2026-09-10T01:17:37.021302+00:00,24
2025-05-02,XRP,2.22,2.24,2.19,2.21,0.0,IBKR_MID,24/7,unknown,unavailable_midpoint,2026-09-10T01:17:37.021302+00:00,24
2025-05-05,BTC,95920.5,96099.0,93516.25,94341.0,0.0,IBKR_MID,24/7,unknown,unavailable_midpoint,2026-09-10T01:17:37.021302+00:00,24
2025-05-05,DOGE,0.18,0.18,0.17,0.17,0.0,IBKR_MID,24/7,unknown,unavailable_midpoint,2026-09-10T01:17:37.021302+00:00,24
2025-05-05,ETH,1845.8,1846.9,1781.95,1816.25,0.0,IBKR_MID,24/7,unknown,unavailable_midpoint,2026-09-10T01:17:37.021302+00:00,24
2025-05-05,SOL,145.67,147.82,142.52,146.47,0.0,IBKR_MID,24/7,unknown,unavailable_midpoint,2026-09-10T01:17:37.021302+00:00,24
2025-05-05,XRP,2.21,2.21,2.11,2.14,0.0,IBKR_MID,24/7,unknown,unavailable_midpoint,2026-09-10T01:17:37.021302+00:00,24
2025-05-06,BTC,95018.0,95394.0,93365.5,94967.0,0.0,IBKR_MID,24/7,unknown,unavailable_midpoint,2026-09-10T01:17:37.021302+00:00,24
2025-05-06,DOGE,0.18,0.18,0.16,0.17,0.0,IBKR_MID,24/7,unknown,unavailable_midpoint,2026-09-10T01:17:37.021302+00:00,24
2025-05-06,ETH,1807.2,1833.4,1751.4,1784.5,0.0,IBKR_MID,24/7,unknown,unavailable_midpoint,2026-09-10T01:17:37.021302+00:00,24
2025-05-06,SOL,149.97,153.04,141.4,144.82,0.0,IBKR_MID,24/7,unknown,unavailable_midpoint,2026-09-10T01:17:37.021302+00:00,24
2025-05-06,XRP,2.12,2.15,2.08,2.135,0.0,IBKR_MID,24/7,unknown,unavailable_midpoint,2026-09-10T01:17:37.021302+00:00,24
2025-05-07,BTC,94945.75,97740.0,94466.25,96181.25,0.0,IBKR_MID,24/7,unknown,unavailable_midpoint,2026-09-10T01:17:37.021302+00:00,24
2025-05-07,DOGE,0.17,0.17,0.17,0.17,0.0,IBKR_MID,24/7,unknown,unavailable_midpoint,2026-09-10T01:17:37.021302+00:00,24
2025-05-07,ETH,1783.7,1849.55,1765.7,1795.95,0.0,IBKR_MID,24/7,unknown,unavailable_midpoint,2026-09-10T01:17:37.021302+00:00,24
2025-05-07,SOL,144.79,149.52,143.55,145.78,0.0,IBKR_MID,24/7,unknown,unavailable_midpoint,2026-09-10T01:17:37.021302+00:00,24
2025-05-07,XRP,2.14,2.17,2.1,2.11,0.0,IBKR_MID,24/7,unknown,unavailable_midpoint,2026-09-10T01:17:37.021302+00:00,24
2025-05-08,BTC,96167.0,101855.75,96078.75,101333.0,0.0,IBKR_MID,24/7,unknown,unavailable_midpoint,2026-09-10T01:17:37.021302+00:00,24
2025-05-08,DOGE,0.17,0.19,0.17,0.19,0.0,IBKR_MID,24/7,unknown,unavailable_midpoint,2026-09-10T01:17:37.021302+00:00,24
2025-05-08,ETH,1796.7,2141.4,1789.4,2118.65,0.0,IBKR_MID,24/7,unknown,unavailable_midpoint,2026-09-10T01:17:37.021302+00:00,24
2025-05-08,SOL,145.86,163.35,145.51,160.54,0.0,IBKR_MID,24/7,unknown,unavailable_midpoint,2026-09-10T01:17:37.021302+00:00,24
2025-05-08,XRP,2.11,2.285,2.11,2.28,0.0,IBKR_MID,24/7,unknown,unavailable_midpoint,2026-09-10T01:17:37.021302+00:00,24
2025-05-09,BTC,101391.5,104377.75,100773.25,103207.25,0.0,IBKR_MID,24/7,unknown,unavailable_midpoint,2026-09-10T01:17:37.021302+00:00,24
2025-05-09,DOGE,0.19,0.21,0.19,0.205,0.0,IBKR_MID,24/7,unknown,unavailable_midpoint,2026-09-10T01:17:37.021302+00:00,24
2025-05-09,ETH,2119.4,2491.5,2111.4,2332.45,0.0,IBKR_MID,24/7,unknown,unavailable_midpoint,2026-09-10T01:17:37.021302+00:00,24
2025-05-09,SOL,160.81,176.15,159.84,171.99,0.0,IBKR_MID,24/7,unknown,unavailable_midpoint,2026-09-10T01:17:37.021302+00:00,24
2025-05-09,XRP,2.275,2.46,2.26,2.36,0.0,IBKR_MID,24/7,unknown,unavailable_midpoint,2026-09-10T01:17:37.021302+00:00,24
2025-05-12,BTC,103878.5,105868.25,100726.0,101865.0,0.0,IBKR_MID,24/7,unknown,unavailable_midpoint,2026-09-10T01:17:37.021302+00:00,24
2025-05-12,DOGE,0.23,0.255,0.22,0.23,0.0,IBKR_MID,24/7,unknown,unavailable_midpoint,2026-09-10T01:17:37.021302+00:00,24
2025-05-12,ETH,2521.7,2624.1,2407.7,2460.4,0.0,IBKR_MID,24/7,unknown,unavailable_midpoint,2026-09-10T01:17:37.021302+00:00,24
2025-05-12,SOL,174.78,181.46,168.34,171.21,0.0,IBKR_MID,24/7,unknown,unavailable_midpoint,2026-09-10T01:17:37.021302+00:00,24
2025-05-12,XRP,2.385,2.655,2.33,2.535,0.0,IBKR_MID,24/7,unknown,unavailable_midpoint,2026-09-10T01:17:37.021302+00:00,24
2025-05-13,BTC,102241.25,105012.5,101440.25,104822.0,0.0,IBKR_MID,24/7,unknown,unavailable_midpoint,2026-09-10T01:17:37.021302+00:00,24
2025-05-13,DOGE,0.235,0.24,0.22,0.24,0.0,IBKR_MID,24/7,unknown,unavailable_midpoint,2026-09-10T01:17:37.021302+00:00,24
2025-05-13,ETH,2437.3,2738.9,2415.8,2692.25,0.0,IBKR_MID,24/7,unknown,unavailable_midpoint,2026-09-10T01:17:37.021302+00:00,24
2025-05-13,SOL,177.97,184.45,166.19,182.12,0.0,IBKR_MID,24/7,unknown,unavailable_midpoint,2026-09-10T01:17:37.021302+00:00,24
2025-05-13,XRP,2.52,2.605,2.42,2.58,0.0,IBKR_MID,24/7,unknown,unavailable_midpoint,2026-09-10T01:17:37.021302+00:00,24
2025-05-14,BTC,104902.5,104928.75,102608.75,103328.25,0.0,IBKR_MID,24/7,unknown,unavailable_midpoint,2026-09-10T01:17:37.021302+00:00,24
2025-05-14,DOGE,0.24,0.25,0.23,0.23,0.0,IBKR_MID,24/7,unknown,unavailable_midpoint,2026-09-10T01:17:37.021302+00:00,24
2025-05-14,ETH,2692.8,2725.5,2547.95,2605.4,0.0,IBKR_MID,24/7,unknown,unavailable_midpoint,2026-09-10T01:17:37.021302+00:00,24
2025-05-14,SOL,182.26,184.87,173.28,177.1,0.0,IBKR_MID,24/7,unknown,unavailable_midpoint,2026-09-10T01:17:37.021302+00:00,24
2025-05-14,XRP,2.58,2.65,2.52,2.565,0.0,IBKR_MID,24/7,unknown,unavailable_midpoint,2026-09-10T01:17:37.021302+00:00,24
2025-05-15,BTC,103369.0,104224.5,101417.5,103177.25,0.0,IBKR_MID,24/7,unknown,unavailable_midpoint,2026-09-10T01:17:37.021302+00:00,24
2025-05-15,DOGE,0.23,0.24,0.22,0.22,0.0,IBKR_MID,24/7,unknown,unavailable_midpoint,2026-09-10T01:17:37.021302+00:00,24
2025-05-15,ETH,2606.95,2647.25,2478.75,2531.05,0.0,IBKR_MID,24/7,unknown,unavailable_midpoint,2026-09-10T01:17:37.021302+00:00,24
2025-05-15,SOL,177.34,178.36,167.05,169.79,0.0,IBKR_MID,24/7,unknown,unavailable_midpoint,2026-09-10T01:17:37.021302+00:00,24
2025-05-15,XRP,2.565,2.575,2.405,2.45,0.0,IBKR_MID,24/7,unknown,unavailable_midpoint,2026-09-10T01:17:37.021302+00:00,24
2025-05-16,BTC,103239.5,104599.25,102737.5,104076.0,0.0,IBKR_MID,24/7,unknown,unavailable_midpoint,2026-09-10T01:17:37.021302+00:00,24
2025-05-16,DOGE,0.22,0.23,0.21,0.23,0.0,IBKR_MID,24/7,unknown,unavailable_midpoint,2026-09-10T01:17:37.021302+00:00,24
2025-05-16,ETH,2531.65,2649.85,2512.75,2593.15,0.0,IBKR_MID,24/7,unknown,unavailable_midpoint,2026-09-10T01:17:37.021302+00:00,24
2025-05-16,SOL,169.89,174.26,166.85,171.5,0.0,IBKR_MID,24/7,unknown,unavailable_midpoint,2026-09-10T01:17:37.021302+00:00,24
2025-05-16,XRP,2.45,2.46,2.35,2.42,0.0,IBKR_MID,24/7,unknown,unavailable_midpoint,2026-09-10T01:17:37.021302+00:00,24
2025-05-19,BTC,103510.5,107118.5,102100.75,105563.75,0.0,IBKR_MID,24/7,unknown,unavailable_midpoint,2026-09-10T01:17:37.021302+00:00,24
2025-05-19,DOGE,0.22,0.24,0.21,0.22,0.0,IBKR_MID,24/7,unknown,unavailable_midpoint,2026-09-10T01:17:37.021302+00:00,24
2025-05-19,ETH,2498.25,2588.35,2325.1,2520.15,0.0,IBKR_MID,24/7,unknown,unavailable_midpoint,2026-09-10T01:17:37.021302+00:00,24
2025-05-19,SOL,169.38,176.86,159.58,166.68,0.0,IBKR_MID,24/7,unknown,unavailable_midpoint,2026-09-10T01:17:37.021302+00:00,24
2025-05-19,XRP,2.38,2.45,2.285,2.395,0.0,IBKR_MID,24/7,unknown,unavailable_midpoint,2026-09-10T01:17:37.021302+00:00,24
2025-05-20,BTC,105014.75,107305.0,104215.0,107077.0,0.0,IBKR_MID,24/7,unknown,unavailable_midpoint,2026-09-10T01:17:37.021302+00:00,24
2025-05-20,DOGE,0.22,0.23,0.22,0.22,0.0,IBKR_MID,24/7,unknown,unavailable_midpoint,2026-09-10T01:17:37.021302+00:00,24
2025-05-20,ETH,2501.5,2588.75,2444.05,2502.25,0.0,IBKR_MID,24/7,unknown,unavailable_midpoint,2026-09-10T01:17:37.021302+00:00,24
2025-05-20,SOL,167.02,173.14,164.57,168.24,0.0,IBKR_MID,24/7,unknown,unavailable_midpoint,2026-09-10T01:17:37.021302+00:00,24
2025-05-20,XRP,2.38,2.42,2.315,2.36,0.0,IBKR_MID,24/7,unknown,unavailable_midpoint,2026-09-10T01:17:37.021302+00:00,24
2025-05-21,BTC,106891.75,109896.5,105971.0,108677.25,0.0,IBKR_MID,24/7,unknown,unavailable_midpoint,2026-09-10T01:17:37.021302+00:00,24
2025-05-21,DOGE,0.22,0.24,0.22,0.23,0.0,IBKR_MID,24/7,unknown,unavailable_midpoint,2026-09-10T01:17:37.021302+00:00,24
2025-05-21,ETH,2497.3,2616.85,2453.9,2514.2,0.0,IBKR_MID,24/7,unknown,unavailable_midpoint,2026-09-10T01:17:37.021302+00:00,24
2025-05-21,SOL,167.77,175.03,165.62,171.26,0.0,IBKR_MID,24/7,unknown,unavailable_midpoint,2026-09-10T01:17:37.021302+00:00,24
2025-05-21,XRP,2.355,2.43,2.33,2.39,0.0,IBKR_MID,24/7,unknown,unavailable_midpoint,2026-09-10T01:17:37.021302+00:00,24
2025-05-22,BTC,108763.75,112013.75,107789.5,111237.0,0.0,IBKR_MID,24/7,unknown,unavailable_midpoint,2026-09-10T01:17:37.021302+00:00,24
2025-05-22,DOGE,0.23,0.245,0.23,0.24,0.0,IBKR_MID,24/7,unknown,unavailable_midpoint,2026-09-10T01:17:37.021302+00:00,24
2025-05-22,ETH,2512.9,2693.45,2488.65,2635.5,0.0,IBKR_MID,24/7,unknown,unavailable_midpoint,2026-09-10T01:17:37.021302+00:00,24
2025-05-22,SOL,171.38,180.91,169.23,177.92,0.0,IBKR_MID,24/7,unknown,unavailable_midpoint,2026-09-10T01:17:37.021302+00:00,24
2025-05-22,XRP,2.395,2.45,2.37,2.425,0.0,IBKR_MID,24/7,unknown,unavailable_midpoint,2026-09-10T01:17:37.021302+00:00,24
2025-05-23,BTC,111134.75,111832.75,107324.75,108754.25,0.0,IBKR_MID,24/7,unknown,unavailable_midpoint,2026-09-10T01:17:37.021302+00:00,24
2025-05-23,DOGE,0.24,0.25,0.23,0.23,0.0,IBKR_MID,24/7,unknown,unavailable_midpoint,2026-09-10T01:17:37.021302+00:00,24
2025-05-23,ETH,2633.7,2733.9,2499.3,2561.85,0.0,IBKR_MID,24/7,unknown,unavailable_midpoint,2026-09-10T01:17:37.021302+00:00,24
2025-05-23,SOL,177.81,187.53,173.37,179.2,0.0,IBKR_MID,24/7,unknown,unavailable_midpoint,2026-09-10T01:17:37.021302+00:00,24
2025-05-23,XRP,2.425,2.48,2.3,2.345,0.0,IBKR_MID,24/7,unknown,unavailable_midpoint,2026-09-10T01:17:37.021302+00:00,24
2025-05-26,BTC,107995.75,110485.0,106659.0,109176.75,0.0,IBKR_MID,24/7,unknown,unavailable_midpoint,2026-09-10T01:17:37.021302+00:00,24
2025-05-26,DOGE,0.22,0.23,0.22,0.22,0.0,IBKR_MID,24/7,unknown,unavailable_midpoint,2026-09-10T01:17:37.021302+00:00,24
2025-05-26,ETH,2508.55,2600.75,2465.3,2542.45,0.0,IBKR_MID,24/7,unknown,unavailable_midpoint,2026-09-10T01:17:37.021302+00:00,24
2025-05-26,SOL,173.51,179.11,169.22,174.14,0.0,IBKR_MID,24/7,unknown,unavailable_midpoint,2026-09-10T01:17:37.021302+00:00,24
2025-05-26,XRP,2.32,2.36,2.265,2.315,0.0,IBKR_MID,24/7,unknown,unavailable_midpoint,2026-09-10T01:17:37.021302+00:00,24
2025-05-27,BTC,109756.25,110796.25,107560.5,109939.0,0.0,IBKR_MID,24/7,unknown,unavailable_midpoint,2026-09-10T01:17:37.021302+00:00,24
2025-05-27,DOGE,0.24,0.24,0.22,0.23,0.0,IBKR_MID,24/7,unknown,unavailable_midpoint,2026-09-10T01:17:37.021302+00:00,24
2025-05-27,ETH,2560.2,2712.3,2510.95,2689.2,0.0,IBKR_MID,24/7,unknown,unavailable_midpoint,2026-09-10T01:17:37.021302+00:00,24
2025-05-27,SOL,171.99,179.55,171.33,177.63,0.0,IBKR_MID,24/7,unknown,unavailable_midpoint,2026-09-10T01:17:37.021302+00:00,24
2025-05-27,XRP,2.385,2.405,2.27,2.335,0.0,IBKR_MID,24/7,unknown,unavailable_midpoint,2026-09-10T01:17:37.021302+00:00,24
2025-05-28,BTC,109833.25,109966.75,106968.0,106968.5,0.0,IBKR_MID,24/7,unknown,unavailable_midpoint,2026-09-10T01:17:37.021302+00:00,24
2025-05-28,DOGE,0.23,0.23,0.22,0.22,0.0,IBKR_MID,24/7,unknown,unavailable_midpoint,2026-09-10T01:17:37.021302+00:00,24
2025-05-28,ETH,2688.7,2695.3,2610.15,2618.7,0.0,IBKR_MID,24/7,unknown,unavailable_midpoint,2026-09-10T01:17:37.021302+00:00,24
2025-05-28,SOL,177.44,179.97,168.99,169.49,0.0,IBKR_MID,24/7,unknown,unavailable_midpoint,2026-09-10T01:17:37.021302+00:00,24
2025-05-28,XRP,2.335,2.34,2.23,2.23,0.0,IBKR_MID,24/7,unknown,unavailable_midpoint,2026-09-10T01:17:37.021302+00:00,24
2025-05-29,BTC,106929.5,108947.75,105657.75,105747.0,0.0,IBKR_MID,24/7,unknown,unavailable_midpoint,2026-09-10T01:17:37.021302+00:00,24
2025-05-29,DOGE,0.22,0.23,0.215,0.22,0.0,IBKR_MID,24/7,unknown,unavailable_midpoint,2026-09-10T01:17:37.021302+00:00,24
2025-05-29,ETH,2619.35,2788.85,2613.15,2650.75,0.0,IBKR_MID,24/7,unknown,unavailable_midpoint,2026-09-10T01:17:37.021302+00:00,24
2025-05-29,SOL,169.49,175.39,166.09,166.84,0.0,IBKR_MID,24/7,unknown,unavailable_midpoint,2026-09-10T01:17:37.021302+00:00,24
2025-05-29,XRP,2.23,2.315,2.23,2.265,0.0,IBKR_MID,24/7,unknown,unavailable_midpoint,2026-09-10T01:17:37.021302+00:00,24
2025-05-30,BTC,105977.25,106491.5,103719.0,104654.25,0.0,IBKR_MID,24/7,unknown,unavailable_midpoint,2026-09-10T01:17:37.021302+00:00,24
2025-05-30,DOGE,0.22,0.23,0.185,0.2,0.0,IBKR_MID,24/7,unknown,unavailable_midpoint,2026-09-10T01:17:37.021302+00:00,24
2025-05-30,ETH,2658.35,2669.3,2535.65,2575.05,0.0,IBKR_MID,24/7,unknown,unavailable_midpoint,2026-09-10T01:17:37.021302+00:00,24
2025-05-30,SOL,167.12,171.49,156.35,160.84,0.0,IBKR_MID,24/7,unknown,unavailable_midpoint,2026-09-10T01:17:37.021302+00:00,24
2025-05-30,XRP,2.27,2.285,2.135,2.185,0.0,IBKR_MID,24/7,unknown,unavailable_midpoint,2026-09-10T01:17:37.021302+00:00,24
2025-06-02,BTC,104317.5,105999.0,103721.75,104476.75,0.0,IBKR_MID,24/7,unknown,unavailable_midpoint,2026-09-10T01:17:37.021302+00:00,24
2025-06-02,DOGE,0.19,0.195,0.19,0.19,0.0,IBKR_MID,24/7,unknown,unavailable_midpoint,2026-09-10T01:17:37.021302+00:00,24
2025-06-02,ETH,2514.0,2566.95,2470.05,2533.75,0.0,IBKR_MID,24/7,unknown,unavailable_midpoint,2026-09-10T01:17:37.021302+00:00,24
2025-06-02,SOL,154.93,159.03,150.68,153.03,0.0,IBKR_MID,24/7,unknown,unavailable_midpoint,2026-09-10T01:17:37.021302+00:00,24
2025-06-02,XRP,2.165,2.19,2.125,2.17,0.0,IBKR_MID,24/7,unknown,unavailable_midpoint,2026-09-10T01:17:37.021302+00:00,24
2025-06-03,BTC,105308.25,106886.5,104634.75,106307.75,0.0,IBKR_MID,24/7,unknown,unavailable_midpoint,2026-09-10T01:17:37.021302+00:00,24
2025-06-03,DOGE,0.21,0.21,0.19,0.2,0.0,IBKR_MID,24/7,unknown,unavailable_midpoint,2026-09-10T01:17:37.021302+00:00,24
2025-06-03,ETH,2574.45,2655.7,2537.2,2626.6,0.0,IBKR_MID,24/7,unknown,unavailable_midpoint,2026-09-10T01:17:37.021302+00:00,24
2025-06-03,SOL,156.54,163.77,153.81,160.68,0.0,IBKR_MID,24/7,unknown,unavailable_midpoint,2026-09-10T01:17:37.021302+00:00,24
2025-06-03,XRP,2.17,2.285,2.17,2.285,0.0,IBKR_MID,24/7,unknown,unavailable_midpoint,2026-09-10T01:17:37.021302+00:00,24
2025-06-04,BTC,106238.5,106326.5,104226.75,104974.0,0.0,IBKR_MID,24/7,unknown,unavailable_midpoint,2026-09-10T01:17:37.021302+00:00,24
2025-06-04,DOGE,0.2,0.2,0.19,0.19,0.0,IBKR_MID,24/7,unknown,unavailable_midpoint,2026-09-10T01:17:37.021302+00:00,24
2025-06-04,ETH,2624.1,2680.7,2579.0,2625.05,0.0,IBKR_MID,24/7,unknown,unavailable_midpoint,2026-09-10T01:17:37.021302+00:00,24
2025-06-04,SOL,160.5,160.6,154.26,155.46,0.0,IBKR_MID,24/7,unknown,unavailable_midpoint,2026-09-10T01:17:37.021302+00:00,24
2025-06-04,XRP,2.28,2.28,2.21,2.21,0.0,IBKR_MID,24/7,unknown,unavailable_midpoint,2026-09-10T01:17:37.021302+00:00,24
2025-06-05,BTC,104989.0,105971.5,101636.25,101934.5,0.0,IBKR_MID,24/7,unknown,unavailable_midpoint,2026-09-10T01:17:37.021302+00:00,24
2025-06-05,DOGE,0.19,0.205,0.17,0.17,0.0,IBKR_MID,24/7,unknown,unavailable_midpoint,2026-09-10T01:17:37.021302+00:00,24
2025-06-05,ETH,2625.2,2642.35,2508.0,2529.6,0.0,IBKR_MID,24/7,unknown,unavailable_midpoint,2026-09-10T01:17:37.021302+00:00,24
2025-06-05,SOL,155.44,155.67,144.28,146.24,0.0,IBKR_MID,24/7,unknown,unavailable_midpoint,2026-09-10T01:17:37.021302+00:00,24
2025-06-05,XRP,2.21,2.23,2.115,2.13,0.0,IBKR_MID,24/7,unknown,unavailable_midpoint,2026-09-10T01:17:37.021302+00:00,24
2025-06-06,BTC,101919.75,105427.0,100403.0,104309.75,0.0,IBKR_MID,24/7,unknown,unavailable_midpoint,2026-09-10T01:17:37.021302+00:00,24
2025-06-06,DOGE,0.17,0.18,0.17,0.18,0.0,IBKR_MID,24/7,unknown,unavailable_midpoint,2026-09-10T01:17:37.021302+00:00,24
2025-06-06,ETH,2527.55,2536.3,2378.65,2486.15,0.0,IBKR_MID,24/7,unknown,unavailable_midpoint,2026-09-10T01:17:37.021302+00:00,24
2025-06-06,SOL,146.23,152.52,141.53,149.22,0.0,IBKR_MID,24/7,unknown,unavailable_midpoint,2026-09-10T01:17:37.021302+00:00,24
2025-06-06,XRP,2.13,2.19,2.06,2.175,0.0,IBKR_MID,24/7,unknown,unavailable_midpoint,2026-09-10T01:17:37.021302+00:00,24
2025-06-09,BTC,105505.5,108837.75,105036.5,108647.75,0.0,IBKR_MID,24/7,unknown,unavailable_midpoint,2026-09-10T01:17:37.021302+00:00,24
2025-06-09,DOGE,0.18,0.19,0.18,0.19,0.0,IBKR_MID,24/7,unknown,unavailable_midpoint,2026-09-10T01:17:37.021302+00:00,24
2025-06-09,ETH,2514.7,2592.2,2479.35,2582.3,0.0,IBKR_MID,24/7,unknown,unavailable_midpoint,2026-09-10T01:17:37.021302+00:00,24
2025-06-09,SOL,149.99,157.07,148.03,155.86,0.0,IBKR_MID,24/7,unknown,unavailable_midpoint,2026-09-10T01:17:37.021302+00:00,24
2025-06-09,XRP,2.21,2.315,2.2,2.3,0.0,IBKR_MID,24/7,unknown,unavailable_midpoint,2026-09-10T01:17:37.021302+00:00,24
2025-06-10,BTC,107856.5,110641.25,107856.5,109545.75,0.0,IBKR_MID,24/7,unknown,unavailable_midpoint,2026-09-10T01:17:37.021302+00:00,24
2025-06-10,DOGE,0.205,0.21,0.19,0.19,0.0,IBKR_MID,24/7,unknown,unavailable_midpoint,2026-09-10T01:17:37.021302+00:00,24
2025-06-10,ETH,2576.9,2806.1,2576.9,2774.4,0.0,IBKR_MID,24/7,unknown,unavailable_midpoint,2026-09-10T01:17:37.021302+00:00,24
2025-06-10,SOL,155.08,165.54,155.08,163.65,0.0,IBKR_MID,24/7,unknown,unavailable_midpoint,2026-09-10T01:17:37.021302+00:00,24
2025-06-10,XRP,2.305,2.33,2.26,2.295,0.0,IBKR_MID,24/7,unknown,unavailable_midpoint,2026-09-10T01:17:37.021302+00:00,24
2025-06-11,BTC,109507.25,110421.5,108458.25,108784.0,0.0,IBKR_MID,24/7,unknown,unavailable_midpoint,2026-09-10T01:17:37.021302+00:00,24
2025-06-11,DOGE,0.19,0.21,0.19,0.2,0.0,IBKR_MID,24/7,unknown,unavailable_midpoint,2026-09-10T01:17:37.021302+00:00,24
2025-06-11,ETH,2769.35,2880.0,2736.4,2814.5,0.0,IBKR_MID,24/7,unknown,unavailable_midpoint,2026-09-10T01:17:37.021302+00:00,24
2025-06-11,SOL,163.7,168.4,162.47,162.73,0.0,IBKR_MID,24/7,unknown,unavailable_midpoint,2026-09-10T01:17:37.021302+00:00,24
2025-06-11,XRP,2.295,2.34,2.28,2.29,0.0,IBKR_MID,24/7,unknown,unavailable_midpoint,2026-09-10T01:17:37.021302+00:00,24
2025-06-12,BTC,108793.0,109261.0,106620.5,106836.5,0.0,IBKR_MID,24/7,unknown,unavailable_midpoint,2026-09-10T01:17:37.021302+00:00,24
2025-06-12,DOGE,0.195,0.2,0.18,0.18,0.0,IBKR_MID,24/7,unknown,unavailable_midpoint,2026-09-10T01:17:37.021302+00:00,24
2025-06-12,ETH,2811.8,2832.2,2692.8,2696.1,0.0,IBKR_MID,24/7,unknown,unavailable_midpoint,2026-09-10T01:17:37.021302+00:00,24
2025-06-12,SOL,162.6,163.92,154.61,154.92,0.0,IBKR_MID,24/7,unknown,unavailable_midpoint,2026-09-10T01:17:37.021302+00:00,24
2025-06-12,XRP,2.29,2.3,2.2,2.205,0.0,IBKR_MID,24/7,unknown,unavailable_midpoint,2026-09-10T01:17:37.021302+00:00,24
2025-06-13,BTC,106794.25,107100.0,102749.25,105167.75,0.0,IBKR_MID,24/7,unknown,unavailable_midpoint,2026-09-10T01:17:37.021302+00:00,24
2025-06-13,DOGE,0.18,0.19,0.17,0.18,0.0,IBKR_MID,24/7,unknown,unavailable_midpoint,2026-09-10T01:17:37.021302+00:00,24
2025-06-13,ETH,2696.0,2704.7,2439.55,2529.0,0.0,IBKR_MID,24/7,unknown,unavailable_midpoint,2026-09-10T01:17:37.021302+00:00,24
2025-06-13,SOL,154.75,155.52,141.03,145.26,0.0,IBKR_MID,24/7,unknown,unavailable_midpoint,2026-09-10T01:17:37.021302+00:00,24
2025-06-13,XRP,2.2,2.21,2.085,2.12,0.0,IBKR_MID,24/7,unknown,unavailable_midpoint,2026-09-10T01:17:37.021302+00:00,24
2025-06-16,BTC,105503.25,108933.25,104522.75,108697.75,0.0,IBKR_MID,24/7,unknown,unavailable_midpoint,2026-09-10T01:17:37.021302+00:00,24
2025-06-16,DOGE,0.18,0.18,0.17,0.18,0.0,IBKR_MID,24/7,unknown,unavailable_midpoint,2026-09-10T01:17:37.021302+00:00,24
2025-06-16,ETH,2537.4,2671.5,2492.65,2661.5,0.0,IBKR_MID,24/7,unknown,unavailable_midpoint,2026-09-10T01:17:37.021302+00:00,24
2025-06-16,SOL,146.58,158.82,144.31,157.86,0.0,IBKR_MID,24/7,unknown,unavailable_midpoint,2026-09-10T01:17:37.021302+00:00,24
2025-06-16,XRP,2.15,2.34,2.14,2.335,0.0,IBKR_MID,24/7,unknown,unavailable_midpoint,2026-09-10T01:17:37.021302+00:00,24
2025-06-17,BTC,106546.5,108983.25,103383.75,104718.25,0.0,IBKR_MID,24/7,unknown,unavailable_midpoint,2026-09-10T01:17:37.021302+00:00,24
2025-06-17,DOGE,0.19,0.19,0.16,0.17,0.0,IBKR_MID,24/7,unknown,unavailable_midpoint,2026-09-10T01:17:37.021302+00:00,24
2025-06-17,ETH,2674.05,2681.5,2454.1,2529.15,0.0,IBKR_MID,24/7,unknown,unavailable_midpoint,2026-09-10T01:17:37.021302+00:00,24
2025-06-17,SOL,154.94,158.61,145.67,148.95,0.0,IBKR_MID,24/7,unknown,unavailable_midpoint,2026-09-10T01:17:37.021302+00:00,24
2025-06-17,XRP,2.29,2.335,2.14,2.18,0.0,IBKR_MID,24/7,unknown,unavailable_midpoint,2026-09-10T01:17:37.021302+00:00,24
2025-06-18,BTC,104746.25,105580.0,103525.75,103836.5,0.0,IBKR_MID,24/7,unknown,unavailable_midpoint,2026-09-10T01:17:37.021302+00:00,24
2025-06-18,DOGE,0.17,0.17,0.16,0.17,0.0,IBKR_MID,24/7,unknown,unavailable_midpoint,2026-09-10T01:17:37.021302+00:00,24
2025-06-18,ETH,2530.8,2549.0,2467.2,2492.75,0.0,IBKR_MID,24/7,unknown,unavailable_midpoint,2026-09-10T01:17:37.021302+00:00,24
2025-06-18,SOL,148.78,149.31,143.69,144.75,0.0,IBKR_MID,24/7,unknown,unavailable_midpoint,2026-09-10T01:17:37.021302+00:00,24
2025-06-18,XRP,2.19,2.19,2.12,2.14,0.0,IBKR_MID,24/7,unknown,unavailable_midpoint,2026-09-10T01:17:37.021302+00:00,24
2025-06-19,BTC,103891.75,105254.5,103674.5,104279.0,0.0,IBKR_MID,24/7,unknown,unavailable_midpoint,2026-09-10T01:17:37.021302+00:00,24
2025-06-19,DOGE,0.17,0.17,0.17,0.17,0.0,IBKR_MID,24/7,unknown,unavailable_midpoint,2026-09-10T01:17:37.021302+00:00,24
2025-06-19,ETH,2492.9,2548.0,2483.5,2505.5,0.0,IBKR_MID,24/7,unknown,unavailable_midpoint,2026-09-10T01:17:37.021302+00:00,24
2025-06-19,SOL,144.87,147.98,142.97,145.54,0.0,IBKR_MID,24/7,unknown,unavailable_midpoint,2026-09-10T01:17:37.021302+00:00,24
2025-06-19,XRP,2.145,2.185,2.14,2.17,0.0,IBKR_MID,24/7,unknown,unavailable_midpoint,2026-09-10T01:17:37.021302+00:00,24
2025-06-20,BTC,104294.25,106549.75,102367.25,103337.5,0.0,IBKR_MID,24/7,unknown,unavailable_midpoint,2026-09-10T01:17:37.021302+00:00,24
2025-06-20,DOGE,0.17,0.17,0.16,0.16,0.0,IBKR_MID,24/7,unknown,unavailable_midpoint,2026-09-10T01:17:37.021302+00:00,24
2025-06-20,ETH,2506.45,2569.55,2367.75,2415.35,0.0,IBKR_MID,24/7,unknown,unavailable_midpoint,2026-09-10T01:17:37.021302+00:00,24
2025-06-20,SOL,145.59,148.87,135.71,139.86,0.0,IBKR_MID,24/7,unknown,unavailable_midpoint,2026-09-10T01:17:37.021302+00:00,24
2025-06-20,XRP,2.17,2.18,2.09,2.13,0.0,IBKR_MID,24/7,unknown,unavailable_midpoint,2026-09-10T01:17:37.021302+00:00,24
2025-06-23,BTC,102781.25,103666.0,98241.25,102502.5,0.0,IBKR_MID,24/7,unknown,unavailable_midpoint,2026-09-10T01:17:37.021302+00:00,24
2025-06-23,DOGE,0.16,0.17,0.14,0.17,0.0,IBKR_MID,24/7,unknown,unavailable_midpoint,2026-09-10T01:17:37.021302+00:00,24
2025-06-23,ETH,2287.65,2345.75,2113.3,2325.45,0.0,IBKR_MID,24/7,unknown,unavailable_midpoint,2026-09-10T01:17:37.021302+00:00,24
2025-06-23,SOL,135.95,150.34,126.09,145.12,0.0,IBKR_MID,24/7,unknown,unavailable_midpoint,2026-09-10T01:17:37.021302+00:00,24
2025-06-23,XRP,2.085,2.135,1.91,2.11,0.0,IBKR_MID,24/7,unknown,unavailable_midpoint,2026-09-10T01:17:37.021302+00:00,24
2025-06-24,BTC,102502.5,106347.5,102502.25,105700.25,0.0,IBKR_MID,24/7,unknown,unavailable_midpoint,2026-09-10T01:17:37.021302+00:00,24
2025-06-24,DOGE,0.16,0.17,0.15,0.16,0.0,IBKR_MID,24/7,unknown,unavailable_midpoint,2026-09-10T01:17:37.021302+00:00,24
2025-06-24,ETH,2325.45,2483.25,2292.85,2435.55,0.0,IBKR_MID,24/7,unknown,unavailable_midpoint,2026-09-10T01:17:37.021302+00:00,24
2025-06-24,SOL,145.11,153.7,135.23,143.69,0.0,IBKR_MID,24/7,unknown,unavailable_midpoint,2026-09-10T01:17:37.021302+00:00,24
2025-06-24,XRP,2.09,2.21,2.045,2.21,0.0,IBKR_MID,24/7,unknown,unavailable_midpoint,2026-09-10T01:17:37.021302+00:00,24
2025-06-25,BTC,105622.0,108195.0,105491.75,107814.25,0.0,IBKR_MID,24/7,unknown,unavailable_midpoint,2026-09-10T01:17:37.021302+00:00,24
2025-06-25,DOGE,0.16,0.17,0.16,0.17,0.0,IBKR_MID,24/7,unknown,unavailable_midpoint,2026-09-10T01:17:37.021302+00:00,24
2025-06-25,ETH,2433.4,2469.9,2391.5,2434.0,0.0,IBKR_MID,24/7,unknown,unavailable_midpoint,2026-09-10T01:17:37.021302+00:00,24
2025-06-25,SOL,143.45,148.05,142.91,144.83,0.0,IBKR_MID,24/7,unknown,unavailable_midpoint,2026-09-10T01:17:37.021302+00:00,24
2025-06-25,XRP,2.21,2.23,2.17,2.21,0.0,IBKR_MID,24/7,unknown,unavailable_midpoint,2026-09-10T01:17:37.021302+00:00,24
2025-06-26,BTC,107713.25,108344.25,106608.75,107579.0,0.0,IBKR_MID,24/7,unknown,unavailable_midpoint,2026-09-10T01:17:37.021302+00:00,24
2025-06-26,DOGE,0.17,0.17,0.16,0.16,0.0,IBKR_MID,24/7,unknown,unavailable_midpoint,2026-09-10T01:17:37.021302+00:00,24
2025-06-26,ETH,2432.05,2521.95,2409.35,2436.75,0.0,IBKR_MID,24/7,unknown,unavailable_midpoint,2026-09-10T01:17:37.021302+00:00,24
2025-06-26,SOL,144.62,148.08,141.04,142.35,0.0,IBKR_MID,24/7,unknown,unavailable_midpoint,2026-09-10T01:17:37.021302+00:00,24
2025-06-26,XRP,2.2,2.22,2.1,2.125,0.0,IBKR_MID,24/7,unknown,unavailable_midpoint,2026-09-10T01:17:37.021302+00:00,24
2025-06-27,BTC,107516.25,108043.0,106415.25,106864.25,0.0,IBKR_MID,24/7,unknown,unavailable_midpoint,2026-09-10T01:17:37.021302+00:00,24
2025-06-27,DOGE,0.16,0.16,0.16,0.16,0.0,IBKR_MID,24/7,unknown,unavailable_midpoint,2026-09-10T01:17:37.021302+00:00,24
2025-06-27,ETH,2432.6,2464.6,2383.45,2413.95,0.0,IBKR_MID,24/7,unknown,unavailable_midpoint,2026-09-10T01:17:37.021302+00:00,24
2025-06-27,SOL,142.17,144.91,137.22,141.86,0.0,IBKR_MID,24/7,unknown,unavailable_midpoint,2026-09-10T01:17:37.021302+00:00,24
2025-06-27,XRP,2.125,2.15,2.07,2.095,0.0,IBKR_MID,24/7,unknown,unavailable_midpoint,2026-09-10T01:17:37.021302+00:00,24
2025-06-30,BTC,107422.25,108837.25,106750.0,107760.25,0.0,IBKR_MID,24/7,unknown,unavailable_midpoint,2026-09-10T01:17:37.021302+00:00,24
2025-06-30,DOGE,0.16,0.17,0.16,0.17,0.0,IBKR_MID,24/7,unknown,unavailable_midpoint,2026-09-10T01:17:37.021302+00:00,24
2025-06-30,ETH,2437.85,2527.55,2412.85,2516.6,0.0,IBKR_MID,24/7,unknown,unavailable_midpoint,2026-09-10T01:17:37.021302+00:00,24
2025-06-30,SOL,149.83,159.95,149.49,157.8,0.0,IBKR_MID,24/7,unknown,unavailable_midpoint,2026-09-10T01:17:37.021302+00:00,24
2025-06-30,XRP,2.19,2.33,2.17,2.32,0.0,IBKR_MID,24/7,unknown,unavailable_midpoint,2026-09-10T01:17:37.021302+00:00,24
2025-07-01,BTC,107085.5,107739.5,105404.75,105408.75,0.0,IBKR_MID,24/7,unknown,unavailable_midpoint,2026-09-10T01:17:37.021302+00:00,24
2025-07-01,DOGE,0.18,0.185,0.16,0.16,0.0,IBKR_MID,24/7,unknown,unavailable_midpoint,2026-09-10T01:17:37.021302+00:00,24
2025-07-01,ETH,2530.2,2545.65,2401.4,2403.15,0.0,IBKR_MID,24/7,unknown,unavailable_midpoint,2026-09-10T01:17:37.021302+00:00,24
2025-07-01,SOL,156.42,158.22,145.34,145.48,0.0,IBKR_MID,24/7,unknown,unavailable_midpoint,2026-09-10T01:17:37.021302+00:00,24
2025-07-01,XRP,2.3,2.325,2.16,2.16,0.0,IBKR_MID,24/7,unknown,unavailable_midpoint,2026-09-10T01:17:37.021302+00:00,24
2025-07-02,BTC,105298.5,109789.75,105115.5,109705.75,0.0,IBKR_MID,24/7,unknown,unavailable_midpoint,2026-09-10T01:17:37.021302+00:00,24
2025-07-02,DOGE,0.16,0.17,0.16,0.17,0.0,IBKR_MID,24/7,unknown,unavailable_midpoint,2026-09-10T01:17:37.021302+00:00,24
2025-07-02,ETH,2399.55,2609.3,2374.3,2606.2,0.0,IBKR_MID,24/7,unknown,unavailable_midpoint,2026-09-10T01:17:37.021302+00:00,24
2025-07-02,SOL,145.25,153.74,144.94,153.11,0.0,IBKR_MID,24/7,unknown,unavailable_midpoint,2026-09-10T01:17:37.021302+00:00,24
2025-07-02,XRP,2.155,2.3,2.15,2.265,0.0,IBKR_MID,24/7,unknown,unavailable_midpoint,2026-09-10T01:17:37.021302+00:00,24
2025-07-03,BTC,109658.5,110503.0,108051.0,109836.25,0.0,IBKR_MID,24/7,unknown,unavailable_midpoint,2026-09-10T01:17:37.021302+00:00,24
2025-07-03,DOGE,0.17,0.18,0.17,0.17,0.0,IBKR_MID,24/7,unknown,unavailable_midpoint,2026-09-10T01:17:37.021302+00:00,24
2025-07-03,ETH,2600.75,2636.55,2527.85,2587.3,0.0,IBKR_MID,24/7,unknown,unavailable_midpoint,2026-09-10T01:17:37.021302+00:00,24
2025-07-03,SOL,153.0,156.44,149.97,151.88,0.0,IBKR_MID,24/7,unknown,unavailable_midpoint,2026-09-10T01:17:37.021302+00:00,24
2025-07-03,XRP,2.265,2.315,2.225,2.27,0.0,IBKR_MID,24/7,unknown,unavailable_midpoint,2026-09-10T01:17:37.021302+00:00,24
2025-07-04,BTC,109872.25,110071.25,107279.75,107501.25,0.0,IBKR_MID,24/7,unknown,unavailable_midpoint,2026-09-10T01:17:37.021302+00:00,24
2025-07-04,DOGE,0.17,0.17,0.16,0.16,0.0,IBKR_MID,24/7,unknown,unavailable_midpoint,2026-09-10T01:17:37.021302+00:00,24
2025-07-04,ETH,2587.1,2604.8,2475.15,2483.3,0.0,IBKR_MID,24/7,unknown,unavailable_midpoint,2026-09-10T01:17:37.021302+00:00,24
2025-07-04,SOL,151.93,153.95,145.27,146.75,0.0,IBKR_MID,24/7,unknown,unavailable_midpoint,2026-09-10T01:17:37.021302+00:00,24
2025-07-04,XRP,2.27,2.34,2.2,2.21,0.0,IBKR_MID,24/7,unknown,unavailable_midpoint,2026-09-10T01:17:37.021302+00:00,24
2025-07-07,BTC,108173.5,109738.75,107519.5,108068.75,0.0,IBKR_MID,24/7,unknown,unavailable_midpoint,2026-09-10T01:17:37.021302+00:00,24
2025-07-07,DOGE,0.16,0.18,0.16,0.17,0.0,IBKR_MID,24/7,unknown,unavailable_midpoint,2026-09-10T01:17:37.021302+00:00,24
2025-07-07,ETH,2522.6,2606.05,2504.25,2544.15,0.0,IBKR_MID,24/7,unknown,unavailable_midpoint,2026-09-10T01:17:37.021302+00:00,24
2025-07-07,SOL,148.13,153.92,146.82,149.0,0.0,IBKR_MID,24/7,unknown,unavailable_midpoint,2026-09-10T01:17:37.021302+00:00,24
2025-07-07,XRP,2.23,2.355,2.23,2.3,0.0,IBKR_MID,24/7,unknown,unavailable_midpoint,2026-09-10T01:17:37.021302+00:00,24
2025-07-08,BTC,108687.5,109238.25,107461.0,108811.75,0.0,IBKR_MID,24/7,unknown,unavailable_midpoint,2026-09-10T01:17:37.021302+00:00,24
2025-07-08,DOGE,0.17,0.17,0.17,0.17,0.0,IBKR_MID,24/7,unknown,unavailable_midpoint,2026-09-10T01:17:37.021302+00:00,24
2025-07-08,ETH,2524.75,2628.8,2523.5,2611.15,0.0,IBKR_MID,24/7,unknown,unavailable_midpoint,2026-09-10T01:17:37.021302+00:00,24
2025-07-08,SOL,151.03,152.91,147.72,151.68,0.0,IBKR_MID,24/7,unknown,unavailable_midpoint,2026-09-10T01:17:37.021302+00:00,24
2025-07-08,XRP,2.285,2.32,2.25,2.32,0.0,IBKR_MID,24/7,unknown,unavailable_midpoint,2026-09-10T01:17:37.021302+00:00,24
2025-07-09,BTC,108773.5,112012.5,108342.5,111784.25,0.0,IBKR_MID,24/7,unknown,unavailable_midpoint,2026-09-10T01:17:37.021302+00:00,24
2025-07-09,DOGE,0.17,0.18,0.17,0.18,0.0,IBKR_MID,24/7,unknown,unavailable_midpoint,2026-09-10T01:17:37.021302+00:00,24
2025-07-09,ETH,2609.6,2796.15,2590.8,2765.7,0.0,IBKR_MID,24/7,unknown,unavailable_midpoint,2026-09-10T01:17:37.021302+00:00,24
2025-07-09,SOL,151.58,157.89,150.03,157.3,0.0,IBKR_MID,24/7,unknown,unavailable_midpoint,2026-09-10T01:17:37.021302+00:00,24
2025-07-09,XRP,2.32,2.59,2.3,2.42,0.0,IBKR_MID,24/7,unknown,unavailable_midpoint,2026-09-10T01:17:37.021302+00:00,24
2025-07-10,BTC,111731.0,113853.25,109511.25,113395.5,0.0,IBKR_MID,24/7,unknown,unavailable_midpoint,2026-09-10T01:17:37.021302+00:00,24
2025-07-10,DOGE,0.18,0.19,0.18,0.19,0.0,IBKR_MID,24/7,unknown,unavailable_midpoint,2026-09-10T01:17:37.021302+00:00,24
2025-07-10,ETH,2757.8,2918.25,2732.3,2818.45,0.0,IBKR_MID,24/7,unknown,unavailable_midpoint,2026-09-10T01:17:37.021302+00:00,24
2025-07-10,SOL,156.98,161.23,155.53,159.46,0.0,IBKR_MID,24/7,unknown,unavailable_midpoint,2026-09-10T01:17:37.021302+00:00,24
2025-07-10,XRP,2.415,2.58,2.385,2.5,0.0,IBKR_MID,24/7,unknown,unavailable_midpoint,2026-09-10T01:17:37.021302+00:00,24
2025-07-11,BTC,113389.25,118879.5,113375.5,118177.0,0.0,IBKR_MID,24/7,unknown,unavailable_midpoint,2026-09-10T01:17:37.021302+00:00,24
2025-07-11,DOGE,0.19,0.21,0.185,0.21,0.0,IBKR_MID,24/7,unknown,unavailable_midpoint,2026-09-10T01:17:37.021302+00:00,24
2025-07-11,ETH,2819.3,3079.35,2815.4,3009.4,0.0,IBKR_MID,24/7,unknown,unavailable_midpoint,2026-09-10T01:17:37.021302+00:00,24
2025-07-11,SOL,159.53,168.24,158.75,164.69,0.0,IBKR_MID,24/7,unknown,unavailable_midpoint,2026-09-10T01:17:37.021302+00:00,24
2025-07-11,XRP,2.5,2.985,2.495,2.86,0.0,IBKR_MID,24/7,unknown,unavailable_midpoint,2026-09-10T01:17:37.021302+00:00,24
2025-07-14,BTC,117940.75,123328.75,117740.25,119954.75000000001,0.0,IBKR_MID,24/7,unknown,unavailable_midpoint,2026-09-10T01:17:37.021302+00:00,24
2025-07-14,DOGE,0.2,0.21,0.2,0.2,0.0,IBKR_MID,24/7,unknown,unavailable_midpoint,2026-09-10T01:17:37.021302+00:00,24
2025-07-14,ETH,2961.0,3083.35,2941.25,3001.0,0.0,IBKR_MID,24/7,unknown,unavailable_midpoint,2026-09-10T01:17:37.021302+00:00,24
2025-07-14,SOL,161.67,168.73,159.72,164.31,0.0,IBKR_MID,24/7,unknown,unavailable_midpoint,2026-09-10T01:17:37.021302+00:00,24
2025-07-14,XRP,2.795,3.035,2.77,2.93,0.0,IBKR_MID,24/7,unknown,unavailable_midpoint,2026-09-10T01:17:37.021302+00:00,24
2025-07-15,BTC,120141.0,120863.0,115717.5,116425.5,0.0,IBKR_MID,24/7,unknown,unavailable_midpoint,2026-09-10T01:17:37.021302+00:00,24
2025-07-15,DOGE,0.2,0.2,0.19,0.19,0.0,IBKR_MID,24/7,unknown,unavailable_midpoint,2026-09-10T01:17:37.021302+00:00,24
2025-07-15,ETH,3018.8,3097.4,2933.25,3041.4,0.0,IBKR_MID,24/7,unknown,unavailable_midpoint,2026-09-10T01:17:37.021302+00:00,24
2025-07-15,SOL,162.57,163.7,157.16,160.25,0.0,IBKR_MID,24/7,unknown,unavailable_midpoint,2026-09-10T01:17:37.021302+00:00,24
2025-07-15,XRP,2.955,2.965,2.805,2.86,0.0,IBKR_MID,24/7,unknown,unavailable_midpoint,2026-09-10T01:17:37.021302+00:00,24
2025-07-16,BTC,116496.75,120372.5,116200.75,119324.75,0.0,IBKR_MID,24/7,unknown,unavailable_midpoint,2026-09-10T01:17:37.021302+00:00,24
2025-07-16,DOGE,0.19,0.215,0.19,0.21,0.0,IBKR_MID,24/7,unknown,unavailable_midpoint,2026-09-10T01:17:37.021302+00:00,24
2025-07-16,ETH,3040.35,3386.2,3030.05,3386.05,0.0,IBKR_MID,24/7,unknown,unavailable_midpoint,2026-09-10T01:17:37.021302+00:00,24
2025-07-16,SOL,160.21,174.82,159.72,174.27,0.0,IBKR_MID,24/7,unknown,unavailable_midpoint,2026-09-10T01:17:37.021302+00:00,24
2025-07-16,XRP,2.86,3.095,2.855,3.06,0.0,IBKR_MID,24/7,unknown,unavailable_midpoint,2026-09-10T01:17:37.021302+00:00,24
2025-07-17,BTC,119280.5,120366.00000000001,117453.0,119036.0,0.0,IBKR_MID,24/7,unknown,unavailable_midpoint,2026-09-10T01:17:37.021302+00:00,24
2025-07-17,DOGE,0.21,0.225,0.19,0.21,0.0,IBKR_MID,24/7,unknown,unavailable_midpoint,2026-09-10T01:17:37.021302+00:00,24
2025-07-17,ETH,3386.25,3481.9,3303.15,3414.6,0.0,IBKR_MID,24/7,unknown,unavailable_midpoint,2026-09-10T01:17:37.021302+00:00,24
2025-07-17,SOL,174.61,179.2,167.13,173.19,0.0,IBKR_MID,24/7,unknown,unavailable_midpoint,2026-09-10T01:17:37.021302+00:00,24
2025-07-17,XRP,3.06,3.4,2.99,3.31,0.0,IBKR_MID,24/7,unknown,unavailable_midpoint,2026-09-10T01:17:37.021302+00:00,24
2025-07-18,BTC,119081.0,121351.25,117206.75,117447.25,0.0,IBKR_MID,24/7,unknown,unavailable_midpoint,2026-09-10T01:17:37.021302+00:00,24
2025-07-18,DOGE,0.21,0.25,0.2,0.23,0.0,IBKR_MID,24/7,unknown,unavailable_midpoint,2026-09-10T01:17:37.021302+00:00,24
2025-07-18,ETH,3412.7,3682.55,3374.45,3554.2,0.0,IBKR_MID,24/7,unknown,unavailable_midpoint,2026-09-10T01:17:37.021302+00:00,24
2025-07-18,SOL,173.28,185.01,171.5,177.14,0.0,IBKR_MID,24/7,unknown,unavailable_midpoint,2026-09-10T01:17:37.021302+00:00,24
2025-07-18,XRP,3.325,3.79,3.285,3.435,0.0,IBKR_MID,24/7,unknown,unavailable_midpoint,2026-09-10T01:17:37.021302+00:00,24
2025-07-21,BTC,117895.25,119712.0,116534.75,116811.75,0.0,IBKR_MID,24/7,unknown,unavailable_midpoint,2026-09-10T01:17:37.021302+00:00,24
2025-07-21,DOGE,0.25,0.295,0.23,0.27,0.0,IBKR_MID,24/7,unknown,unavailable_midpoint,2026-09-10T01:17:37.021302+00:00,24
2025-07-21,ETH,3654.85,3884.25,3654.1,3738.1,0.0,IBKR_MID,24/7,unknown,unavailable_midpoint,2026-09-10T01:17:37.021302+00:00,24
2025-07-21,SOL,177.44,199.41,177.31,194.74,0.0,IBKR_MID,24/7,unknown,unavailable_midpoint,2026-09-10T01:17:37.021302+00:00,24
2025-07-21,XRP,3.42,3.67,3.395,3.55,0.0,IBKR_MID,24/7,unknown,unavailable_midpoint,2026-09-10T01:17:37.021302+00:00,24
2025-07-22,BTC,118366.50000000001,120266.25000000001,116184.5,119334.50000000001,0.0,IBKR_MID,24/7,unknown,unavailable_midpoint,2026-09-10T01:17:37.021302+00:00,24
2025-07-22,DOGE,0.28,0.285,0.26,0.26,0.0,IBKR_MID,24/7,unknown,unavailable_midpoint,2026-09-10T01:17:37.021302+00:00,24
2025-07-22,ETH,3665.6,3803.55,3614.05,3672.05,0.0,IBKR_MID,24/7,unknown,unavailable_midpoint,2026-09-10T01:17:37.021302+00:00,24
2025-07-22,SOL,194.2,205.0,192.89,199.05,0.0,IBKR_MID,24/7,unknown,unavailable_midpoint,2026-09-10T01:17:37.021302+00:00,24
2025-07-22,XRP,3.565,3.61,3.425,3.52,0.0,IBKR_MID,24/7,unknown,unavailable_midpoint,2026-09-10T01:17:37.021302+00:00,24
2025-07-23,BTC,119297.74999999999,120287.25,117361.5,118451.25,0.0,IBKR_MID,24/7,unknown,unavailable_midpoint,2026-09-10T01:17:37.021302+00:00,24
2025-07-23,DOGE,0.26,0.27,0.22,0.24,0.0,IBKR_MID,24/7,unknown,unavailable_midpoint,2026-09-10T01:17:37.021302+00:00,24
2025-07-23,ETH,3669.4,3766.5,3523.3,3589.25,0.0,IBKR_MID,24/7,unknown,unavailable_midpoint,2026-09-10T01:17:37.021302+00:00,24
2025-07-23,SOL,198.63,206.44,182.97,188.21,0.0,IBKR_MID,24/7,unknown,unavailable_midpoint,2026-09-10T01:17:37.021302+00:00,24
2025-07-23,XRP,3.53,3.56,3.16,3.185,0.0,IBKR_MID,24/7,unknown,unavailable_midpoint,2026-09-10T01:17:37.021302+00:00,24
2025-07-24,BTC,118465.99999999999,119533.0,117178.0,119021.74999999999,0.0,IBKR_MID,24/7,unknown,unavailable_midpoint,2026-09-10T01:17:37.021302+00:00,24
2025-07-24,DOGE,0.24,0.25,0.22,0.24,0.0,IBKR_MID,24/7,unknown,unavailable_midpoint,2026-09-10T01:17:37.021302+00:00,24
2025-07-24,ETH,3595.15,3773.7,3508.55,3734.6,0.0,IBKR_MID,24/7,unknown,unavailable_midpoint,2026-09-10T01:17:37.021302+00:00,24
2025-07-24,SOL,189.0,192.42,179.37,188.11,0.0,IBKR_MID,24/7,unknown,unavailable_midpoint,2026-09-10T01:17:37.021302+00:00,24
2025-07-24,XRP,3.195,3.27,2.96,3.21,0.0,IBKR_MID,24/7,unknown,unavailable_midpoint,2026-09-10T01:17:37.021302+00:00,24
2025-07-25,BTC,118966.50000000001,118999.75,114763.75,116728.25,0.0,IBKR_MID,24/7,unknown,unavailable_midpoint,2026-09-10T01:17:37.021302+00:00,24
2025-07-25,DOGE,0.24,0.24,0.22,0.23,0.0,IBKR_MID,24/7,unknown,unavailable_midpoint,2026-09-10T01:17:37.021302+00:00,24
2025-07-25,ETH,3729.25,3747.75,3574.9,3641.95,0.0,IBKR_MID,24/7,unknown,unavailable_midpoint,2026-09-10T01:17:37.021302+00:00,24
2025-07-25,SOL,187.9,190.34,175.7,182.23,0.0,IBKR_MID,24/7,unknown,unavailable_midpoint,2026-09-10T01:17:37.021302+00:00,24
2025-07-25,XRP,3.215,3.245,3.0,3.07,0.0,IBKR_MID,24/7,unknown,unavailable_midpoint,2026-09-10T01:17:37.021302+00:00,24
2025-07-28,BTC,118314.50000000001,119850.25000000001,117424.5,118076.5,0.0,IBKR_MID,24/7,unknown,unavailable_midpoint,2026-09-10T01:17:37.021302+00:00,24
2025-07-28,DOGE,0.24,0.25,0.23,0.23,0.0,IBKR_MID,24/7,unknown,unavailable_midpoint,2026-09-10T01:17:37.021302+00:00,24
2025-07-28,ETH,3774.05,3942.05,3752.15,3797.9,0.0,IBKR_MID,24/7,unknown,unavailable_midpoint,2026-09-10T01:17:37.021302+00:00,24
2025-07-28,SOL,187.16,195.32,183.49,185.3,0.0,IBKR_MID,24/7,unknown,unavailable_midpoint,2026-09-10T01:17:37.021302+00:00,24
2025-07-28,XRP,3.2,3.33,3.115,3.16,0.0,IBKR_MID,24/7,unknown,unavailable_midpoint,2026-09-10T01:17:37.021302+00:00,24
2025-07-29,BTC,118494.00000000001,119452.25,116942.25,117501.0,0.0,IBKR_MID,24/7,unknown,unavailable_midpoint,2026-09-10T01:17:37.021302+00:00,24
2025-07-29,DOGE,0.235,0.24,0.22,0.22,0.0,IBKR_MID,24/7,unknown,unavailable_midpoint,2026-09-10T01:17:37.021302+00:00,24
2025-07-29,ETH,3795.1,3887.1,3714.9,3765.15,0.0,IBKR_MID,24/7,unknown,unavailable_midpoint,2026-09-10T01:17:37.021302+00:00,24
2025-07-29,SOL,185.84,190.79,178.28,181.08,0.0,IBKR_MID,24/7,unknown,unavailable_midpoint,2026-09-10T01:17:37.021302+00:00,24
2025-07-29,XRP,3.165,3.185,3.06,3.12,0.0,IBKR_MID,24/7,unknown,unavailable_midpoint,2026-09-10T01:17:37.021302+00:00,24
2025-07-30,BTC,117511.75,118804.25,115773.0,116909.75,0.0,IBKR_MID,24/7,unknown,unavailable_midpoint,2026-09-10T01:17:37.021302+00:00,24
2025-07-30,DOGE,0.22,0.23,0.21,0.22,0.0,IBKR_MID,24/7,unknown,unavailable_midpoint,2026-09-10T01:17:37.021302+00:00,24
2025-07-30,ETH,3762.4,3834.15,3660.85,3760.7,0.0,IBKR_MID,24/7,unknown,unavailable_midpoint,2026-09-10T01:17:37.021302+00:00,24
2025-07-30,SOL,180.78,182.56,170.36,176.13,0.0,IBKR_MID,24/7,unknown,unavailable_midpoint,2026-09-10T01:17:37.021302+00:00,24
2025-07-30,XRP,3.11,3.17,3.0,3.1,0.0,IBKR_MID,24/7,unknown,unavailable_midpoint,2026-09-10T01:17:37.021302+00:00,24
2025-07-31,BTC,116910.75,118917.74999999999,116412.75,116758.5,0.0,IBKR_MID,24/7,unknown,unavailable_midpoint,2026-09-10T01:17:37.021302+00:00,24
2025-07-31,DOGE,0.22,0.23,0.21,0.21,0.0,IBKR_MID,24/7,unknown,unavailable_midpoint,2026-09-10T01:17:37.021302+00:00,24
2025-07-31,ETH,3760.8,3878.4,3717.3,3737.35,0.0,IBKR_MID,24/7,unknown,unavailable_midpoint,2026-09-10T01:17:37.021302+00:00,24
2025-07-31,SOL,176.06,184.95,174.74,175.3,0.0,IBKR_MID,24/7,unknown,unavailable_midpoint,2026-09-10T01:17:37.021302+00:00,24
2025-07-31,XRP,3.1,3.18,3.05,3.06,0.0,IBKR_MID,24/7,unknown,unavailable_midpoint,2026-09-10T01:17:37.021302+00:00,24
2025-08-01,BTC,116768.75,116977.25,113155.5,113271.25,0.0,IBKR_MID,24/7,unknown,unavailable_midpoint,2026-09-10T01:17:37.021302+00:00,24
2025-08-01,DOGE,0.21,0.215,0.2,0.21,0.0,IBKR_MID,24/7,unknown,unavailable_midpoint,2026-09-10T01:17:37.021302+00:00,24
2025-08-01,ETH,3739.05,3757.65,3514.0,3517.35,0.0,IBKR_MID,24/7,unknown,unavailable_midpoint,2026-09-10T01:17:37.021302+00:00,24
2025-08-01,SOL,175.12,181.85,164.53,166.4,0.0,IBKR_MID,24/7,unknown,unavailable_midpoint,2026-09-10T01:17:37.021302+00:00,24
2025-08-01,XRP,3.06,3.1,2.89,3.01,0.0,IBKR_MID,24/7,unknown,unavailable_midpoint,2026-09-10T01:17:37.021302+00:00,24
2025-08-04,BTC,113539.25,116190.75,113527.75,114736.5,0.0,IBKR_MID,24/7,unknown,unavailable_midpoint,2026-09-10T01:17:37.021302+00:00,24
2025-08-04,DOGE,0.2,0.215,0.2,0.2,0.0,IBKR_MID,24/7,unknown,unavailable_midpoint,2026-09-10T01:17:37.021302+00:00,24
2025-08-04,ETH,3439.75,3719.6,3439.25,3669.45,0.0,IBKR_MID,24/7,unknown,unavailable_midpoint,2026-09-10T01:17:37.021302+00:00,24
2025-08-04,SOL,160.56,169.84,160.38,165.63,0.0,IBKR_MID,24/7,unknown,unavailable_midpoint,2026-09-10T01:17:37.021302+00:00,24
2025-08-04,XRP,2.84,3.09,2.84,3.05,0.0,IBKR_MID,24/7,unknown,unavailable_midpoint,2026-09-10T01:17:37.021302+00:00,24
2025-08-05,BTC,114582.5,116103.0,112640.25,113608.75,0.0,IBKR_MID,24/7,unknown,unavailable_midpoint,2026-09-10T01:17:37.021302+00:00,24
2025-08-05,DOGE,0.21,0.21,0.2,0.2,0.0,IBKR_MID,24/7,unknown,unavailable_midpoint,2026-09-10T01:17:37.021302+00:00,24
2025-08-05,ETH,3671.55,3742.7,3552.6,3570.55,0.0,IBKR_MID,24/7,unknown,unavailable_midpoint,2026-09-10T01:17:37.021302+00:00,24
2025-08-05,SOL,165.0,171.73,162.25,162.73,0.0,IBKR_MID,24/7,unknown,unavailable_midpoint,2026-09-10T01:17:37.021302+00:00,24
2025-08-05,XRP,3.07,3.11,2.945,2.945,0.0,IBKR_MID,24/7,unknown,unavailable_midpoint,2026-09-10T01:17:37.021302+00:00,24
2025-08-06,BTC,113728.25,116211.25,113090.5,115287.75,0.0,IBKR_MID,24/7,unknown,unavailable_midpoint,2026-09-10T01:17:37.021302+00:00,24
2025-08-06,DOGE,0.2,0.21,0.2,0.21,0.0,IBKR_MID,24/7,unknown,unavailable_midpoint,2026-09-10T01:17:37.021302+00:00,24
2025-08-06,ETH,3577.75,3702.6,3546.25,3684.45,0.0,IBKR_MID,24/7,unknown,unavailable_midpoint,2026-09-10T01:17:37.021302+00:00,24
2025-08-06,SOL,162.97,169.98,161.16,168.86,0.0,IBKR_MID,24/7,unknown,unavailable_midpoint,2026-09-10T01:17:37.021302+00:00,24
2025-08-06,XRP,2.95,3.02,2.9,3.01,0.0,IBKR_MID,24/7,unknown,unavailable_midpoint,2026-09-10T01:17:37.021302+00:00,24
2025-08-07,BTC,115244.5,117773.0,114289.5,117513.75,0.0,IBKR_MID,24/7,unknown,unavailable_midpoint,2026-09-10T01:17:37.021302+00:00,24
2025-08-07,DOGE,0.21,0.22,0.2,0.22,0.0,IBKR_MID,24/7,unknown,unavailable_midpoint,2026-09-10T01:17:37.021302+00:00,24
2025-08-07,ETH,3680.75,3878.8,3615.25,3869.55,0.0,IBKR_MID,24/7,unknown,unavailable_midpoint,2026-09-10T01:17:37.021302+00:00,24
2025-08-07,SOL,168.6,173.53,165.68,171.83,0.0,IBKR_MID,24/7,unknown,unavailable_midpoint,2026-09-10T01:17:37.021302+00:00,24
2025-08-07,XRP,3.01,3.1,2.965,3.1,0.0,IBKR_MID,24/7,unknown,unavailable_midpoint,2026-09-10T01:17:37.021302+00:00,24
2025-08-08,BTC,117532.0,118159.5,115453.0,116475.25,0.0,IBKR_MID,24/7,unknown,unavailable_midpoint,2026-09-10T01:17:37.021302+00:00,24
2025-08-08,DOGE,0.22,0.24,0.215,0.23,0.0,IBKR_MID,24/7,unknown,unavailable_midpoint,2026-09-10T01:17:37.021302+00:00,24
2025-08-08,ETH,3871.25,4066.1,3787.65,4061.3,0.0,IBKR_MID,24/7,unknown,unavailable_midpoint,2026-09-10T01:17:37.021302+00:00,24
2025-08-08,SOL,172.22,179.97,171.6,178.51,0.0,IBKR_MID,24/7,unknown,unavailable_midpoint,2026-09-10T01:17:37.021302+00:00,24
2025-08-08,XRP,3.11,3.39,3.1,3.34,0.0,IBKR_MID,24/7,unknown,unavailable_midpoint,2026-09-10T01:17:37.021302+00:00,24
2025-08-11,BTC,118084.25,122319.75,117483.0,119083.0,0.0,IBKR_MID,24/7,unknown,unavailable_midpoint,2026-09-10T01:17:37.021302+00:00,24
2025-08-11,DOGE,0.24,0.24,0.23,0.23,0.0,IBKR_MID,24/7,unknown,unavailable_midpoint,2026-09-10T01:17:37.021302+00:00,24
2025-08-11,ETH,4225.5,4365.95,4161.25,4259.45,0.0,IBKR_MID,24/7,unknown,unavailable_midpoint,2026-09-10T01:17:37.021302+00:00,24
2025-08-11,SOL,181.13,186.8,175.57,176.65,0.0,IBKR_MID,24/7,unknown,unavailable_midpoint,2026-09-10T01:17:37.021302+00:00,24
2025-08-11,XRP,3.25,3.33,3.15,3.15,0.0,IBKR_MID,24/7,unknown,unavailable_midpoint,2026-09-10T01:17:37.021302+00:00,24
2025-08-12,BTC,118781.49999999999,120214.50000000001,118080.0,119662.75000000001,0.0,IBKR_MID,24/7,unknown,unavailable_midpoint,2026-09-10T01:17:37.021302+00:00,24
2025-08-12,DOGE,0.21,0.24,0.205,0.24,0.0,IBKR_MID,24/7,unknown,unavailable_midpoint,2026-09-10T01:17:37.021302+00:00,24
2025-08-12,ETH,4300.5,4535.7,4189.35,4517.15,0.0,IBKR_MID,24/7,unknown,unavailable_midpoint,2026-09-10T01:17:37.021302+00:00,24
2025-08-12,SOL,180.7,191.12,173.44,190.64,0.0,IBKR_MID,24/7,unknown,unavailable_midpoint,2026-09-10T01:17:37.021302+00:00,24
2025-08-12,XRP,3.18,3.29,3.105,3.29,0.0,IBKR_MID,24/7,unknown,unavailable_midpoint,2026-09-10T01:17:37.021302+00:00,24
2025-08-13,BTC,119617.49999999999,122886.75000000001,118687.5,122789.24999999999,0.0,IBKR_MID,24/7,unknown,unavailable_midpoint,2026-09-10T01:17:37.021302+00:00,24
2025-08-13,DOGE,0.24,0.25,0.23,0.24,0.0,IBKR_MID,24/7,unknown,unavailable_midpoint,2026-09-10T01:17:37.021302+00:00,24
2025-08-13,ETH,4510.5,4751.45,4504.8,4740.5,0.0,IBKR_MID,24/7,unknown,unavailable_midpoint,2026-09-10T01:17:37.021302+00:00,24
2025-08-13,SOL,190.55,204.97,189.63,202.18,0.0,IBKR_MID,24/7,unknown,unavailable_midpoint,2026-09-10T01:17:37.021302+00:00,24
2025-08-13,XRP,3.285,3.335,3.205,3.28,0.0,IBKR_MID,24/7,unknown,unavailable_midpoint,2026-09-10T01:17:37.021302+00:00,24
2025-08-14,BTC,122742.50000000001,124550.50000000001,117146.75,118022.75,0.0,IBKR_MID,24/7,unknown,unavailable_midpoint,2026-09-10T01:17:37.021302+00:00,24
2025-08-14,DOGE,0.24,0.26,0.2,0.22,0.0,IBKR_MID,24/7,unknown,unavailable_midpoint,2026-09-10T01:17:37.021302+00:00,24
2025-08-14,ETH,4736.85,4792.35,4455.65,4540.7,0.0,IBKR_MID,24/7,unknown,unavailable_midpoint,2026-09-10T01:17:37.021302+00:00,24
2025-08-14,SOL,201.39,209.94,186.93,193.02,0.0,IBKR_MID,24/7,unknown,unavailable_midpoint,2026-09-10T01:17:37.021302+00:00,24
2025-08-14,XRP,3.275,3.35,3.0,3.07,0.0,IBKR_MID,24/7,unknown,unavailable_midpoint,2026-09-10T01:17:37.021302+00:00,24
2025-08-15,BTC,117992.0,119887.25,116854.5,117005.25,0.0,IBKR_MID,24/7,unknown,unavailable_midpoint,2026-09-10T01:17:37.021302+00:00,24
2025-08-15,DOGE,0.22,0.23,0.22,0.22,0.0,IBKR_MID,24/7,unknown,unavailable_midpoint,2026-09-10T01:17:37.021302+00:00,24
2025-08-15,ETH,4539.7,4718.7,4374.55,4385.7,0.0,IBKR_MID,24/7,unknown,unavailable_midpoint,2026-09-10T01:17:37.021302+00:00,24
2025-08-15,SOL,192.74,198.26,183.48,184.0,0.0,IBKR_MID,24/7,unknown,unavailable_midpoint,2026-09-10T01:17:37.021302+00:00,24
2025-08-15,XRP,3.07,3.145,3.005,3.07,0.0,IBKR_MID,24/7,unknown,unavailable_midpoint,2026-09-10T01:17:37.021302+00:00,24
2025-08-18,BTC,118032.25,118658.75000000001,114713.25,116367.5,0.0,IBKR_MID,24/7,unknown,unavailable_midpoint,2026-09-10T01:17:37.021302+00:00,24
2025-08-18,DOGE,0.23,0.24,0.22,0.22,0.0,IBKR_MID,24/7,unknown,unavailable_midpoint,2026-09-10T01:17:37.021302+00:00,24
2025-08-18,ETH,4460.8,4596.6,4227.85,4357.2,0.0,IBKR_MID,24/7,unknown,unavailable_midpoint,2026-09-10T01:17:37.021302+00:00,24
2025-08-18,SOL,192.11,195.95,180.11,183.3,0.0,IBKR_MID,24/7,unknown,unavailable_midpoint,2026-09-10T01:17:37.021302+00:00,24
2025-08-18,XRP,3.12,3.15,2.94,3.08,0.0,IBKR_MID,24/7,unknown,unavailable_midpoint,2026-09-10T01:17:37.021302+00:00,24
2025-08-19,BTC,117699.75,118075.0,112745.75,113121.75,0.0,IBKR_MID,24/7,unknown,unavailable_midpoint,2026-09-10T01:17:37.021302+00:00,24
2025-08-19,DOGE,0.23,0.235,0.21,0.21,0.0,IBKR_MID,24/7,unknown,unavailable_midpoint,2026-09-10T01:17:37.021302+00:00,24
2025-08-19,ETH,4439.3,4477.1,4113.75,4141.6,0.0,IBKR_MID,24/7,unknown,unavailable_midpoint,2026-09-10T01:17:37.021302+00:00,24
2025-08-19,SOL,188.58,191.69,175.7,176.74,0.0,IBKR_MID,24/7,unknown,unavailable_midpoint,2026-09-10T01:17:37.021302+00:00,24
2025-08-19,XRP,3.11,3.125,2.87,2.88,0.0,IBKR_MID,24/7,unknown,unavailable_midpoint,2026-09-10T01:17:37.021302+00:00,24
2025-08-20,BTC,113197.25,116353.0,112367.0,114277.75,0.0,IBKR_MID,24/7,unknown,unavailable_midpoint,2026-09-10T01:17:37.021302+00:00,24
2025-08-20,DOGE,0.21,0.22,0.21,0.22,0.0,IBKR_MID,24/7,unknown,unavailable_midpoint,2026-09-10T01:17:37.021302+00:00,24
2025-08-20,ETH,4147.8,4477.2,4051.3,4346.85,0.0,IBKR_MID,24/7,unknown,unavailable_midpoint,2026-09-10T01:17:37.021302+00:00,24
2025-08-20,SOL,176.94,188.01,175.87,187.63,0.0,IBKR_MID,24/7,unknown,unavailable_midpoint,2026-09-10T01:17:37.021302+00:00,24
2025-08-20,XRP,2.88,2.99,2.82,2.99,0.0,IBKR_MID,24/7,unknown,unavailable_midpoint,2026-09-10T01:17:37.021302+00:00,24
2025-08-21,BTC,114188.5,115601.5,112000.0,112158.5,0.0,IBKR_MID,24/7,unknown,unavailable_midpoint,2026-09-10T01:17:37.021302+00:00,24
2025-08-21,DOGE,0.22,0.225,0.21,0.215,0.0,IBKR_MID,24/7,unknown,unavailable_midpoint,2026-09-10T01:17:37.021302+00:00,24
2025-08-21,ETH,4341.75,4481.5,4207.8,4222.7,0.0,IBKR_MID,24/7,unknown,unavailable_midpoint,2026-09-10T01:17:37.021302+00:00,24
2025-08-21,SOL,187.36,190.13,179.87,180.09,0.0,IBKR_MID,24/7,unknown,unavailable_midpoint,2026-09-10T01:17:37.021302+00:00,24
2025-08-21,XRP,2.98,3.01,2.85,2.87,0.0,IBKR_MID,24/7,unknown,unavailable_midpoint,2026-09-10T01:17:37.021302+00:00,24
2025-08-22,BTC,112185.75,117427.25,111656.75,116658.25,0.0,IBKR_MID,24/7,unknown,unavailable_midpoint,2026-09-10T01:17:37.021302+00:00,24
2025-08-22,DOGE,0.22,0.24,0.21,0.24,0.0,IBKR_MID,24/7,unknown,unavailable_midpoint,2026-09-10T01:17:37.021302+00:00,24
2025-08-22,ETH,4231.6,4858.35,4180.55,4832.8,0.0,IBKR_MID,24/7,unknown,unavailable_midpoint,2026-09-10T01:17:37.021302+00:00,24
2025-08-22,SOL,180.41,199.7,177.23,198.97,0.0,IBKR_MID,24/7,unknown,unavailable_midpoint,2026-09-10T01:17:37.021302+00:00,24
2025-08-22,XRP,2.87,3.1,2.78,3.07,0.0,IBKR_MID,24/7,unknown,unavailable_midpoint,2026-09-10T01:17:37.021302+00:00,24
2025-08-25,BTC,114828.5,115790.75,110580.25,110705.0,0.0,IBKR_MID,24/7,unknown,unavailable_midpoint,2026-09-10T01:17:37.021302+00:00,24
2025-08-25,DOGE,0.23,0.25,0.21,0.21,0.0,IBKR_MID,24/7,unknown,unavailable_midpoint,2026-09-10T01:17:37.021302+00:00,24
2025-08-25,ETH,4759.2,4955.15,4413.65,4420.05,0.0,IBKR_MID,24/7,unknown,unavailable_midpoint,2026-09-10T01:17:37.021302+00:00,24
2025-08-25,SOL,207.29,214.92,188.59,191.46,0.0,IBKR_MID,24/7,unknown,unavailable_midpoint,2026-09-10T01:17:37.021302+00:00,24
2025-08-25,XRP,3.03,3.13,2.87,2.88,0.0,IBKR_MID,24/7,unknown,unavailable_midpoint,2026-09-10T01:17:37.021302+00:00,24
2025-08-26,BTC,110508.25,112601.5,109400.5,111147.25,0.0,IBKR_MID,24/7,unknown,unavailable_midpoint,2026-09-10T01:17:37.021302+00:00,24
2025-08-26,DOGE,0.21,0.22,0.205,0.22,0.0,IBKR_MID,24/7,unknown,unavailable_midpoint,2026-09-10T01:17:37.021302+00:00,24
2025-08-26,ETH,4404.65,4627.25,4339.6,4598.1,0.0,IBKR_MID,24/7,unknown,unavailable_midpoint,2026-09-10T01:17:37.021302+00:00,24
2025-08-26,SOL,189.13,197.52,185.6,197.45,0.0,IBKR_MID,24/7,unknown,unavailable_midpoint,2026-09-10T01:17:37.021302+00:00,24
2025-08-26,XRP,2.87,3.08,2.87,3.06,0.0,IBKR_MID,24/7,unknown,unavailable_midpoint,2026-09-10T01:17:37.021302+00:00,24
2025-08-27,BTC,111033.25,113485.0,110320.25,112102.0,0.0,IBKR_MID,24/7,unknown,unavailable_midpoint,2026-09-10T01:17:37.021302+00:00,24
2025-08-27,DOGE,0.22,0.23,0.21,0.22,0.0,IBKR_MID,24/7,unknown,unavailable_midpoint,2026-09-10T01:17:37.021302+00:00,24
2025-08-27,ETH,4586.6,4679.75,4506.4,4566.5,0.0,IBKR_MID,24/7,unknown,unavailable_midpoint,2026-09-10T01:17:37.021302+00:00,24
2025-08-27,SOL,196.76,212.13,193.79,206.39,0.0,IBKR_MID,24/7,unknown,unavailable_midpoint,2026-09-10T01:17:37.021302+00:00,24
2025-08-27,XRP,3.045,3.05,2.98,3.005,0.0,IBKR_MID,24/7,unknown,unavailable_midpoint,2026-09-10T01:17:37.021302+00:00,24
2025-08-28,BTC,112127.5,113854.75,110788.0,111917.5,0.0,IBKR_MID,24/7,unknown,unavailable_midpoint,2026-09-10T01:17:37.021302+00:00,24
2025-08-28,DOGE,0.22,0.23,0.21,0.22,0.0,IBKR_MID,24/7,unknown,unavailable_midpoint,2026-09-10T01:17:37.021302+00:00,24
2025-08-28,ETH,4565.5,4658.05,4431.05,4438.5,0.0,IBKR_MID,24/7,unknown,unavailable_midpoint,2026-09-10T01:17:37.021302+00:00,24
2025-08-28,SOL,206.32,216.93,199.37,209.98,0.0,IBKR_MID,24/7,unknown,unavailable_midpoint,2026-09-10T01:17:37.021302+00:00,24
2025-08-28,XRP,3.01,3.045,2.94,2.94,0.0,IBKR_MID,24/7,unknown,unavailable_midpoint,2026-09-10T01:17:37.021302+00:00,24
2025-08-29,BTC,111908.0,112655.25,107957.5,108234.0,0.0,IBKR_MID,24/7,unknown,unavailable_midpoint,2026-09-10T01:17:37.021302+00:00,24
2025-08-29,DOGE,0.22,0.23,0.21,0.21,0.0,IBKR_MID,24/7,unknown,unavailable_midpoint,2026-09-10T01:17:37.021302+00:00,24
2025-08-29,ETH,4434.05,4563.3,4268.6,4341.55,0.0,IBKR_MID,24/7,unknown,unavailable_midpoint,2026-09-10T01:17:37.021302+00:00,24
2025-08-29,SOL,209.91,217.98,201.38,203.0,0.0,IBKR_MID,24/7,unknown,unavailable_midpoint,2026-09-10T01:17:37.021302+00:00,24
2025-08-29,XRP,2.95,2.98,2.8,2.815,0.0,IBKR_MID,24/7,unknown,unavailable_midpoint,2026-09-10T01:17:37.021302+00:00,24
2025-09-01,BTC,108725.75,109924.0,107274.0,109231.25,0.0,IBKR_MID,24/7,unknown,unavailable_midpoint,2026-09-10T01:17:37.021302+00:00,24
2025-09-01,DOGE,0.22,0.23,0.21,0.21,0.0,IBKR_MID,24/7,unknown,unavailable_midpoint,2026-09-10T01:17:37.021302+00:00,24
2025-09-01,ETH,4435.35,4557.85,4299.8,4368.5,0.0,IBKR_MID,24/7,unknown,unavailable_midpoint,2026-09-10T01:17:37.021302+00:00,24
2025-09-01,SOL,202.97,210.39,196.25,200.18,0.0,IBKR_MID,24/7,unknown,unavailable_midpoint,2026-09-10T01:17:37.021302+00:00,24
2025-09-01,XRP,2.825,2.9,2.7,2.77,0.0,IBKR_MID,24/7,unknown,unavailable_midpoint,2026-09-10T01:17:37.021302+00:00,24
2025-09-02,BTC,109100.5,112176.0,107475.75,110819.0,0.0,IBKR_MID,24/7,unknown,unavailable_midpoint,2026-09-10T01:17:37.021302+00:00,24
2025-09-02,DOGE,0.21,0.225,0.2,0.21,0.0,IBKR_MID,24/7,unknown,unavailable_midpoint,2026-09-10T01:17:37.021302+00:00,24
2025-09-02,ETH,4350.45,4504.45,4207.6,4274.9,0.0,IBKR_MID,24/7,unknown,unavailable_midpoint,2026-09-10T01:17:37.021302+00:00,24
2025-09-02,SOL,199.72,209.94,194.23,205.53,0.0,IBKR_MID,24/7,unknown,unavailable_midpoint,2026-09-10T01:17:37.021302+00:00,24
2025-09-02,XRP,2.77,2.845,2.7,2.83,0.0,IBKR_MID,24/7,unknown,unavailable_midpoint,2026-09-10T01:17:37.021302+00:00,24
2025-09-03,BTC,110747.0,113082.75,110369.5,112247.75,0.0,IBKR_MID,24/7,unknown,unavailable_midpoint,2026-09-10T01:17:37.021302+00:00,24
2025-09-03,DOGE,0.21,0.22,0.21,0.22,0.0,IBKR_MID,24/7,unknown,unavailable_midpoint,2026-09-10T01:17:37.021302+00:00,24
2025-09-03,ETH,4268.4,4496.3,4250.95,4477.25,0.0,IBKR_MID,24/7,unknown,unavailable_midpoint,2026-09-10T01:17:37.021302+00:00,24
2025-09-03,SOL,205.17,214.59,204.87,210.45,0.0,IBKR_MID,24/7,unknown,unavailable_midpoint,2026-09-10T01:17:37.021302+00:00,24
2025-09-03,XRP,2.82,2.89,2.81,2.87,0.0,IBKR_MID,24/7,unknown,unavailable_midpoint,2026-09-10T01:17:37.021302+00:00,24
2025-09-04,BTC,112203.25,112308.25,109350.5,109814.5,0.0,IBKR_MID,24/7,unknown,unavailable_midpoint,2026-09-10T01:17:37.021302+00:00,24
2025-09-04,DOGE,0.22,0.22,0.21,0.21,0.0,IBKR_MID,24/7,unknown,unavailable_midpoint,2026-09-10T01:17:37.021302+00:00,24
2025-09-04,ETH,4474.55,4482.85,4043.55,4276.15,0.0,IBKR_MID,24/7,unknown,unavailable_midpoint,2026-09-10T01:17:37.021302+00:00,24
2025-09-04,SOL,210.27,212.02,201.84,202.13,0.0,IBKR_MID,24/7,unknown,unavailable_midpoint,2026-09-10T01:17:37.021302+00:00,24
2025-09-04,XRP,2.865,2.87,2.785,2.785,0.0,IBKR_MID,24/7,unknown,unavailable_midpoint,2026-09-10T01:17:37.021302+00:00,24
2025-09-05,BTC,109964.25,113869.25,109919.5,111629.5,0.0,IBKR_MID,24/7,unknown,unavailable_midpoint,2026-09-10T01:17:37.021302+00:00,24
2025-09-05,DOGE,0.21,0.22,0.21,0.22,0.0,IBKR_MID,24/7,unknown,unavailable_midpoint,2026-09-10T01:17:37.021302+00:00,24
2025-09-05,ETH,4287.4,4495.25,4252.9,4331.75,0.0,IBKR_MID,24/7,unknown,unavailable_midpoint,2026-09-10T01:17:37.021302+00:00,24
2025-09-05,SOL,202.67,210.05,200.98,205.42,0.0,IBKR_MID,24/7,unknown,unavailable_midpoint,2026-09-10T01:17:37.021302+00:00,24
2025-09-05,XRP,2.795,2.89,2.78,2.86,0.0,IBKR_MID,24/7,unknown,unavailable_midpoint,2026-09-10T01:17:37.021302+00:00,24
2025-09-08,BTC,110533.25,113152.0,110486.0,112111.0,0.0,IBKR_MID,24/7,unknown,unavailable_midpoint,2026-09-10T01:17:37.021302+00:00,24
2025-09-08,DOGE,0.22,0.24,0.215,0.24,0.0,IBKR_MID,24/7,unknown,unavailable_midpoint,2026-09-10T01:17:37.021302+00:00,24
2025-09-08,ETH,4284.8,4391.4,4255.9,4292.95,0.0,IBKR_MID,24/7,unknown,unavailable_midpoint,2026-09-10T01:17:37.021302+00:00,24
2025-09-08,SOL,202.33,219.19,201.5,216.16,0.0,IBKR_MID,24/7,unknown,unavailable_midpoint,2026-09-10T01:17:37.021302+00:00,24
2025-09-08,XRP,2.82,3.005,2.82,2.98,0.0,IBKR_MID,24/7,unknown,unavailable_midpoint,2026-09-10T01:17:37.021302+00:00,24
2025-09-09,BTC,112055.5,113304.0,110710.5,111305.75,0.0,IBKR_MID,24/7,unknown,unavailable_midpoint,2026-09-10T01:17:37.021302+00:00,24
2025-09-09,DOGE,0.24,0.25,0.23,0.24,0.0,IBKR_MID,24/7,unknown,unavailable_midpoint,2026-09-10T01:17:37.021302+00:00,24
2025-09-09,ETH,4286.85,4388.55,4277.5,4295.35,0.0,IBKR_MID,24/7,unknown,unavailable_midpoint,2026-09-10T01:17:37.021302+00:00,24
2025-09-09,SOL,214.69,219.79,210.88,216.34,0.0,IBKR_MID,24/7,unknown,unavailable_midpoint,2026-09-10T01:17:37.021302+00:00,24
2025-09-09,XRP,2.97,3.03,2.935,2.96,0.0,IBKR_MID,24/7,unknown,unavailable_midpoint,2026-09-10T01:17:37.021302+00:00,24
2025-09-10,BTC,111304.75,114612.0,110922.0,113598.25,0.0,IBKR_MID,24/7,unknown,unavailable_midpoint,2026-09-10T01:17:37.021302+00:00,24
2025-09-10,DOGE,0.24,0.25,0.24,0.24,0.0,IBKR_MID,24/7,unknown,unavailable_midpoint,2026-09-10T01:17:37.021302+00:00,24
2025-09-10,ETH,4292.7,4454.15,4281.0,4323.6,0.0,IBKR_MID,24/7,unknown,unavailable_midpoint,2026-09-10T01:17:37.021302+00:00,24
2025-09-10,SOL,216.22,225.94,215.02,221.28,0.0,IBKR_MID,24/7,unknown,unavailable_midpoint,2026-09-10T01:17:37.021302+00:00,24
2025-09-10,XRP,2.96,3.04,2.935,2.98,0.0,IBKR_MID,24/7,unknown,unavailable_midpoint,2026-09-10T01:17:37.021302+00:00,24
2025-09-11,BTC,113587.0,114842.25,112797.0,114465.25,0.0,IBKR_MID,24/7,unknown,unavailable_midpoint,2026-09-10T01:17:37.021302+00:00,24
2025-09-11,DOGE,0.24,0.255,0.235,0.25,0.0,IBKR_MID,24/7,unknown,unavailable_midpoint,2026-09-10T01:17:37.021302+00:00,24
2025-09-11,ETH,4324.45,4494.35,4289.85,4425.2,0.0,IBKR_MID,24/7,unknown,unavailable_midpoint,2026-09-10T01:17:37.021302+00:00,24
2025-09-11,SOL,221.31,228.99,220.99,226.67,0.0,IBKR_MID,24/7,unknown,unavailable_midpoint,2026-09-10T01:17:37.021302+00:00,24
2025-09-11,XRP,2.98,3.05,2.95,3.025,0.0,IBKR_MID,24/7,unknown,unavailable_midpoint,2026-09-10T01:17:37.021302+00:00,24
2025-09-12,BTC,114444.5,116825.0,114286.5,116797.75,0.0,IBKR_MID,24/7,unknown,unavailable_midpoint,2026-09-10T01:17:37.021302+00:00,24
2025-09-12,DOGE,0.25,0.27,0.25,0.27,0.0,IBKR_MID,24/7,unknown,unavailable_midpoint,2026-09-10T01:17:37.021302+00:00,24
2025-09-12,ETH,4422.85,4666.35,4372.55,4663.55,0.0,IBKR_MID,24/7,unknown,unavailable_midpoint,2026-09-10T01:17:37.021302+00:00,24
2025-09-12,SOL,226.49,243.37,225.54,241.31,0.0,IBKR_MID,24/7,unknown,unavailable_midpoint,2026-09-10T01:17:37.021302+00:00,24
2025-09-12,XRP,3.03,3.1,3.01,3.095,0.0,IBKR_MID,24/7,unknown,unavailable_midpoint,2026-09-10T01:17:37.021302+00:00,24
2025-09-15,BTC,115808.75,116814.0,114406.0,115328.25,0.0,IBKR_MID,24/7,unknown,unavailable_midpoint,2026-09-10T01:17:37.021302+00:00,24
2025-09-15,DOGE,0.29,0.29,0.26,0.26,0.0,IBKR_MID,24/7,unknown,unavailable_midpoint,2026-09-10T01:17:37.021302+00:00,24
2025-09-15,ETH,4669.2,4714.2,4462.55,4494.1,0.0,IBKR_MID,24/7,unknown,unavailable_midpoint,2026-09-10T01:17:37.021302+00:00,24
2025-09-15,SOL,247.19,248.58,230.18,233.01,0.0,IBKR_MID,24/7,unknown,unavailable_midpoint,2026-09-10T01:17:37.021302+00:00,24
2025-09-15,XRP,3.09,3.13,2.96,2.99,0.0,IBKR_MID,24/7,unknown,unavailable_midpoint,2026-09-10T01:17:37.021302+00:00,24
2025-09-16,BTC,115319.25,117391.25,114552.25,116803.25,0.0,IBKR_MID,24/7,unknown,unavailable_midpoint,2026-09-10T01:17:37.021302+00:00,24
2025-09-16,DOGE,0.26,0.27,0.26,0.27,0.0,IBKR_MID,24/7,unknown,unavailable_midpoint,2026-09-10T01:17:37.021302+00:00,24
2025-09-16,ETH,4491.55,4668.7,4427.0,4492.05,0.0,IBKR_MID,24/7,unknown,unavailable_midpoint,2026-09-10T01:17:37.021302+00:00,24
2025-09-16,SOL,232.81,243.5,231.32,237.88,0.0,IBKR_MID,24/7,unknown,unavailable_midpoint,2026-09-10T01:17:37.021302+00:00,24
2025-09-16,XRP,2.99,3.12,2.97,3.05,0.0,IBKR_MID,24/7,unknown,unavailable_midpoint,2026-09-10T01:17:37.021302+00:00,24
2025-09-17,BTC,116810.25,117466.75,114760.75,115703.75,0.0,IBKR_MID,24/7,unknown,unavailable_midpoint,2026-09-10T01:17:37.021302+00:00,24
2025-09-17,DOGE,0.27,0.27,0.255,0.27,0.0,IBKR_MID,24/7,unknown,unavailable_midpoint,2026-09-10T01:17:37.021302+00:00,24
2025-09-17,ETH,4490.2,4612.0,4417.25,4520.15,0.0,IBKR_MID,24/7,unknown,unavailable_midpoint,2026-09-10T01:17:37.021302+00:00,24
2025-09-17,SOL,237.73,239.19,231.2,238.87,0.0,IBKR_MID,24/7,unknown,unavailable_midpoint,2026-09-10T01:17:37.021302+00:00,24
2025-09-17,XRP,3.05,3.08,2.98,3.035,0.0,IBKR_MID,24/7,unknown,unavailable_midpoint,2026-09-10T01:17:37.021302+00:00,24
2025-09-18,BTC,115744.5,117978.75,115256.75,117535.75,0.0,IBKR_MID,24/7,unknown,unavailable_midpoint,2026-09-10T01:17:37.021302+00:00,24
2025-09-18,DOGE,0.27,0.29,0.27,0.28,0.0,IBKR_MID,24/7,unknown,unavailable_midpoint,2026-09-10T01:17:37.021302+00:00,24
2025-09-18,ETH,4524.4,4660.65,4456.9,4591.55,0.0,IBKR_MID,24/7,unknown,unavailable_midpoint,2026-09-10T01:17:37.021302+00:00,24
2025-09-18,SOL,239.12,253.6,236.1,248.67,0.0,IBKR_MID,24/7,unknown,unavailable_midpoint,2026-09-10T01:17:37.021302+00:00,24
2025-09-18,XRP,3.04,3.145,3.01,3.115,0.0,IBKR_MID,24/7,unknown,unavailable_midpoint,2026-09-10T01:17:37.021302+00:00,24
2025-09-19,BTC,117477.25,117851.25,115049.75,115162.25,0.0,IBKR_MID,24/7,unknown,unavailable_midpoint,2026-09-10T01:17:37.021302+00:00,24
2025-09-19,DOGE,0.28,0.285,0.26,0.265,0.0,IBKR_MID,24/7,unknown,unavailable_midpoint,2026-09-10T01:17:37.021302+00:00,24
2025-09-19,ETH,4595.1,4647.15,4436.65,4443.2,0.0,IBKR_MID,24/7,unknown,unavailable_midpoint,2026-09-10T01:17:37.021302+00:00,24
2025-09-19,SOL,248.2,250.04,235.23,236.07,0.0,IBKR_MID,24/7,unknown,unavailable_midpoint,2026-09-10T01:17:37.021302+00:00,24
2025-09-19,XRP,3.105,3.13,2.985,2.99,0.0,IBKR_MID,24/7,unknown,unavailable_midpoint,2026-09-10T01:17:37.021302+00:00,24
2025-09-22,BTC,115762.5,116917.25,111858.0,112193.5,0.0,IBKR_MID,24/7,unknown,unavailable_midpoint,2026-09-10T01:17:37.021302+00:00,24
2025-09-22,DOGE,0.27,0.27,0.23,0.24,0.0,IBKR_MID,24/7,unknown,unavailable_midpoint,2026-09-10T01:17:37.021302+00:00,24
2025-09-22,ETH,4487.7,4525.8,4058.4,4137.65,0.0,IBKR_MID,24/7,unknown,unavailable_midpoint,2026-09-10T01:17:37.021302+00:00,24
2025-09-22,SOL,240.47,245.83,214.52,217.24,0.0,IBKR_MID,24/7,unknown,unavailable_midpoint,2026-09-10T01:17:37.021302+00:00,24
2025-09-22,XRP,3.0,3.01,2.7,2.835,0.0,IBKR_MID,24/7,unknown,unavailable_midpoint,2026-09-10T01:17:37.021302+00:00,24
2025-09-23,BTC,112180.75,114870.5,111562.75,111684.0,0.0,IBKR_MID,24/7,unknown,unavailable_midpoint,2026-09-10T01:17:37.021302+00:00,24
2025-09-23,DOGE,0.24,0.26,0.23,0.24,0.0,IBKR_MID,24/7,unknown,unavailable_midpoint,2026-09-10T01:17:37.021302+00:00,24
2025-09-23,ETH,4142.75,4269.55,4113.65,4154.55,0.0,IBKR_MID,24/7,unknown,unavailable_midpoint,2026-09-10T01:17:37.021302+00:00,24
2025-09-23,SOL,217.05,233.36,211.19,214.58,0.0,IBKR_MID,24/7,unknown,unavailable_midpoint,2026-09-10T01:17:37.021302+00:00,24
2025-09-23,XRP,2.83,2.935,2.8,2.855,0.0,IBKR_MID,24/7,unknown,unavailable_midpoint,2026-09-10T01:17:37.021302+00:00,24
2025-09-24,BTC,111706.75,115281.5,111098.75,113473.5,0.0,IBKR_MID,24/7,unknown,unavailable_midpoint,2026-09-10T01:17:37.021302+00:00,24
2025-09-24,DOGE,0.24,0.25,0.23,0.24,0.0,IBKR_MID,24/7,unknown,unavailable_midpoint,2026-09-10T01:17:37.021302+00:00,24
2025-09-24,ETH,4156.75,4256.7,4075.55,4163.15,0.0,IBKR_MID,24/7,unknown,unavailable_midpoint,2026-09-10T01:17:37.021302+00:00,24
2025-09-24,SOL,214.69,219.0,204.9,213.29,0.0,IBKR_MID,24/7,unknown,unavailable_midpoint,2026-09-10T01:17:37.021302+00:00,24
2025-09-24,XRP,2.85,3.005,2.79,2.98,0.0,IBKR_MID,24/7,unknown,unavailable_midpoint,2026-09-10T01:17:37.021302+00:00,24
2025-09-25,BTC,113550.5,115297.75,108650.0,109392.0,0.0,IBKR_MID,24/7,unknown,unavailable_midpoint,2026-09-10T01:17:37.021302+00:00,24
2025-09-25,DOGE,0.24,0.255,0.22,0.23,0.0,IBKR_MID,24/7,unknown,unavailable_midpoint,2026-09-10T01:17:37.021302+00:00,24
2025-09-25,ETH,4165.0,4187.7,3825.55,3912.75,0.0,IBKR_MID,24/7,unknown,unavailable_midpoint,2026-09-10T01:17:37.021302+00:00,24
2025-09-25,SOL,213.28,217.49,193.68,198.15,0.0,IBKR_MID,24/7,unknown,unavailable_midpoint,2026-09-10T01:17:37.021302+00:00,24
2025-09-25,XRP,2.98,2.995,2.725,2.76,0.0,IBKR_MID,24/7,unknown,unavailable_midpoint,2026-09-10T01:17:37.021302+00:00,24
2025-09-26,BTC,109428.0,112151.0,108679.0,109233.25,0.0,IBKR_MID,24/7,unknown,unavailable_midpoint,2026-09-10T01:17:37.021302+00:00,24
2025-09-26,DOGE,0.23,0.245,0.22,0.23,0.0,IBKR_MID,24/7,unknown,unavailable_midpoint,2026-09-10T01:17:37.021302+00:00,24
2025-09-26,ETH,3916.6,4083.35,3884.8,4027.15,0.0,IBKR_MID,24/7,unknown,unavailable_midpoint,2026-09-10T01:17:37.021302+00:00,24
2025-09-26,SOL,198.02,212.19,190.9,200.83,0.0,IBKR_MID,24/7,unknown,unavailable_midpoint,2026-09-10T01:17:37.021302+00:00,24
2025-09-26,XRP,2.76,2.87,2.7,2.795,0.0,IBKR_MID,24/7,unknown,unavailable_midpoint,2026-09-10T01:17:37.021302+00:00,24
2025-09-29,BTC,109460.5,114555.25,109250.0,114361.5,0.0,IBKR_MID,24/7,unknown,unavailable_midpoint,2026-09-10T01:17:37.021302+00:00,24
2025-09-29,DOGE,0.23,0.24,0.23,0.23,0.0,IBKR_MID,24/7,unknown,unavailable_midpoint,2026-09-10T01:17:37.021302+00:00,24
2025-09-29,ETH,4008.0,4208.35,3960.85,4190.95,0.0,IBKR_MID,24/7,unknown,unavailable_midpoint,2026-09-10T01:17:37.021302+00:00,24
2025-09-29,SOL,201.82,213.66,198.06,213.06,0.0,IBKR_MID,24/7,unknown,unavailable_midpoint,2026-09-10T01:17:37.021302+00:00,24
2025-09-29,XRP,2.79,2.93,2.77,2.9,0.0,IBKR_MID,24/7,unknown,unavailable_midpoint,2026-09-10T01:17:37.021302+00:00,24
2025-09-30,BTC,114315.0,114852.75,112503.5,114385.75,0.0,IBKR_MID,24/7,unknown,unavailable_midpoint,2026-09-10T01:17:37.021302+00:00,24
2025-09-30,DOGE,0.235,0.245,0.23,0.23,0.0,IBKR_MID,24/7,unknown,unavailable_midpoint,2026-09-10T01:17:37.021302+00:00,24
2025-09-30,ETH,4194.0,4325.6,4048.5,4151.55,0.0,IBKR_MID,24/7,unknown,unavailable_midpoint,2026-09-10T01:17:37.021302+00:00,24
2025-09-30,SOL,213.19,217.29,202.92,208.97,0.0,IBKR_MID,24/7,unknown,unavailable_midpoint,2026-09-10T01:17:37.021302+00:00,24
2025-09-30,XRP,2.9,2.92,2.815,2.865,0.0,IBKR_MID,24/7,unknown,unavailable_midpoint,2026-09-10T01:17:37.021302+00:00,24
2025-10-01,BTC,114523.0,118270.75000000001,113778.25,117492.25,0.0,IBKR_MID,24/7,unknown,unavailable_midpoint,2026-09-10T01:17:37.021302+00:00,24
2025-10-01,DOGE,0.23,0.25,0.23,0.25,0.0,IBKR_MID,24/7,unknown,unavailable_midpoint,2026-09-10T01:17:37.021302+00:00,24
2025-10-01,ETH,4167.25,4404.15,4118.75,4336.45,0.0,IBKR_MID,24/7,unknown,unavailable_midpoint,2026-09-10T01:17:37.021302+00:00,24
2025-10-01,SOL,209.15,221.15,206.38,220.18,0.0,IBKR_MID,24/7,unknown,unavailable_midpoint,2026-09-10T01:17:37.021302+00:00,24
2025-10-01,XRP,2.865,2.96,2.815,2.955,0.0,IBKR_MID,24/7,unknown,unavailable_midpoint,2026-09-10T01:17:37.021302+00:00,24
2025-10-02,BTC,117404.75,121106.75000000001,117211.5,120913.0,0.0,IBKR_MID,24/7,unknown,unavailable_midpoint,2026-09-10T01:17:37.021302+00:00,24
2025-10-02,DOGE,0.25,0.26,0.24,0.26,0.0,IBKR_MID,24/7,unknown,unavailable_midpoint,2026-09-10T01:17:37.021302+00:00,24
2025-10-02,ETH,4334.85,4520.2,4290.65,4498.6,0.0,IBKR_MID,24/7,unknown,unavailable_midpoint,2026-09-10T01:17:37.021302+00:00,24
2025-10-02,SOL,220.16,234.0,217.6,232.48,0.0,IBKR_MID,24/7,unknown,unavailable_midpoint,2026-09-10T01:17:37.021302+00:00,24
2025-10-02,XRP,2.955,3.1,2.925,3.09,0.0,IBKR_MID,24/7,unknown,unavailable_midpoint,2026-09-10T01:17:37.021302+00:00,24
2025-10-03,BTC,120835.75,123984.0,118140.75,122753.24999999999,0.0,IBKR_MID,24/7,unknown,unavailable_midpoint,2026-09-10T01:17:37.021302+00:00,24
2025-10-03,DOGE,0.26,0.27,0.25,0.26,0.0,IBKR_MID,24/7,unknown,unavailable_midpoint,2026-09-10T01:17:37.021302+00:00,24
2025-10-03,ETH,4493.25,4596.95,4430.75,4523.15,0.0,IBKR_MID,24/7,unknown,unavailable_midpoint,2026-09-10T01:17:37.021302+00:00,24
2025-10-03,SOL,232.12,237.19,223.36,233.32,0.0,IBKR_MID,24/7,unknown,unavailable_midpoint,2026-09-10T01:17:37.021302+00:00,24
2025-10-03,XRP,3.09,3.1,3.01,3.04,0.0,IBKR_MID,24/7,unknown,unavailable_midpoint,2026-09-10T01:17:37.021302+00:00,24
2025-10-06,BTC,125001.99999999999,126279.0,121828.75,125483.0,0.0,IBKR_MID,24/7,unknown,unavailable_midpoint,2026-09-10T01:17:37.021302+00:00,24
2025-10-06,DOGE,0.26,0.27,0.25,0.27,0.0,IBKR_MID,24/7,unknown,unavailable_midpoint,2026-09-10T01:17:37.021302+00:00,24
2025-10-06,ETH,4560.85,4735.55,4351.9,4726.0,0.0,IBKR_MID,24/7,unknown,unavailable_midpoint,2026-09-10T01:17:37.021302+00:00,24
2025-10-06,SOL,235.25,237.93,226.64,235.5,0.0,IBKR_MID,24/7,unknown,unavailable_midpoint,2026-09-10T01:17:37.021302+00:00,24
2025-10-06,XRP,3.03,3.07,2.95,3.03,0.0,IBKR_MID,24/7,unknown,unavailable_midpoint,2026-09-10T01:17:37.021302+00:00,24
2025-10-07,BTC,125451.0,125613.24999999999,120648.25,121693.0,0.0,IBKR_MID,24/7,unknown,unavailable_midpoint,2026-09-10T01:17:37.021302+00:00,24
2025-10-07,DOGE,0.27,0.27,0.245,0.25,0.0,IBKR_MID,24/7,unknown,unavailable_midpoint,2026-09-10T01:17:37.021302+00:00,24
2025-10-07,ETH,4720.4,4758.45,4231.9,4481.3,0.0,IBKR_MID,24/7,unknown,unavailable_midpoint,2026-09-10T01:17:37.021302+00:00,24
2025-10-07,SOL,235.5,236.32,220.77,221.78,0.0,IBKR_MID,24/7,unknown,unavailable_midpoint,2026-09-10T01:17:37.021302+00:00,24
2025-10-07,XRP,3.03,3.04,2.85,2.86,0.0,IBKR_MID,24/7,unknown,unavailable_midpoint,2026-09-10T01:17:37.021302+00:00,24
2025-10-08,BTC,121783.75,124234.75000000001,120948.75,123475.0,0.0,IBKR_MID,24/7,unknown,unavailable_midpoint,2026-09-10T01:17:37.021302+00:00,24
2025-10-08,DOGE,0.25,0.26,0.24,0.26,0.0,IBKR_MID,24/7,unknown,unavailable_midpoint,2026-09-10T01:17:37.021302+00:00,24
2025-10-08,ETH,4482.35,4682.8,4214.0,4516.2,0.0,IBKR_MID,24/7,unknown,unavailable_midpoint,2026-09-10T01:17:37.021302+00:00,24
2025-10-08,SOL,221.96,229.79,217.39,229.37,0.0,IBKR_MID,24/7,unknown,unavailable_midpoint,2026-09-10T01:17:37.021302+00:00,24
2025-10-08,XRP,2.86,2.93,2.83,2.91,0.0,IBKR_MID,24/7,unknown,unavailable_midpoint,2026-09-10T01:17:37.021302+00:00,24
2025-10-09,BTC,123428.75,123812.5,119718.00000000001,121040.25,0.0,IBKR_MID,24/7,unknown,unavailable_midpoint,2026-09-10T01:17:37.021302+00:00,24
2025-10-09,DOGE,0.26,0.26,0.24,0.25,0.0,IBKR_MID,24/7,unknown,unavailable_midpoint,2026-09-10T01:17:37.021302+00:00,24
2025-10-09,ETH,4514.5,4569.55,4262.3,4340.35,0.0,IBKR_MID,24/7,unknown,unavailable_midpoint,2026-09-10T01:17:37.021302+00:00,24
2025-10-09,SOL,229.25,229.86,216.74,218.46,0.0,IBKR_MID,24/7,unknown,unavailable_midpoint,2026-09-10T01:17:37.021302+00:00,24
2025-10-09,XRP,2.91,2.91,2.77,2.79,0.0,IBKR_MID,24/7,unknown,unavailable_midpoint,2026-09-10T01:17:37.021302+00:00,24
2025-10-10,BTC,121083.0,122570.50000000001,115961.25,116678.0,0.0,IBKR_MID,24/7,unknown,unavailable_midpoint,2026-09-10T01:17:37.021302+00:00,24
2025-10-10,DOGE,0.25,0.26,0.23,0.23,0.0,IBKR_MID,24/7,unknown,unavailable_midpoint,2026-09-10T01:17:37.021302+00:00,24
2025-10-10,ETH,4343.5,4447.85,3924.0,3997.75,0.0,IBKR_MID,24/7,unknown,unavailable_midpoint,2026-09-10T01:17:37.021302+00:00,24
2025-10-10,SOL,218.4,224.52,202.84,205.37,0.0,IBKR_MID,24/7,unknown,unavailable_midpoint,2026-09-10T01:17:37.021302+00:00,24
2025-10-10,XRP,2.79,2.94,2.64,2.68,0.0,IBKR_MID,24/7,unknown,unavailable_midpoint,2026-09-10T01:17:37.021302+00:00,24
2025-10-13,BTC,111786.5,116849.0,111250.5,115897.5,0.0,IBKR_MID,24/7,unknown,unavailable_midpoint,2026-09-10T01:17:37.021302+00:00,24
2025-10-13,DOGE,0.19,0.225,0.19,0.22,0.0,IBKR_MID,24/7,unknown,unavailable_midpoint,2026-09-10T01:17:37.021302+00:00,24
2025-10-13,ETH,3836.7,4285.05,3794.45,4256.6,0.0,IBKR_MID,24/7,unknown,unavailable_midpoint,2026-09-10T01:17:37.021302+00:00,24
2025-10-13,SOL,182.8,211.65,178.24,207.32,0.0,IBKR_MID,24/7,unknown,unavailable_midpoint,2026-09-10T01:17:37.021302+00:00,24
2025-10-13,XRP,2.39,2.65,2.36,2.625,0.0,IBKR_MID,24/7,unknown,unavailable_midpoint,2026-09-10T01:17:37.021302+00:00,24
2025-10-14,BTC,115855.25,116254.25,110005.25,112675.25,0.0,IBKR_MID,24/7,unknown,unavailable_midpoint,2026-09-10T01:17:37.021302+00:00,24
2025-10-14,DOGE,0.22,0.22,0.19,0.2,0.0,IBKR_MID,24/7,unknown,unavailable_midpoint,2026-09-10T01:17:37.021302+00:00,24
2025-10-14,ETH,4257.2,4306.75,3884.85,4104.6,0.0,IBKR_MID,24/7,unknown,unavailable_midpoint,2026-09-10T01:17:37.021302+00:00,24
2025-10-14,SOL,207.11,211.88,190.84,198.31,0.0,IBKR_MID,24/7,unknown,unavailable_midpoint,2026-09-10T01:17:37.021302+00:00,24
2025-10-14,XRP,2.62,2.655,2.35,2.48,0.0,IBKR_MID,24/7,unknown,unavailable_midpoint,2026-09-10T01:17:37.021302+00:00,24
2025-10-15,BTC,112771.75,113946.75,110207.0,111315.25,0.0,IBKR_MID,24/7,unknown,unavailable_midpoint,2026-09-10T01:17:37.021302+00:00,24
2025-10-15,DOGE,0.2,0.21,0.185,0.2,0.0,IBKR_MID,24/7,unknown,unavailable_midpoint,2026-09-10T01:17:37.021302+00:00,24
2025-10-15,ETH,4116.35,4220.1,3930.55,3984.2,0.0,IBKR_MID,24/7,unknown,unavailable_midpoint,2026-09-10T01:17:37.021302+00:00,24
2025-10-15,SOL,199.59,209.1,194.29,194.84,0.0,IBKR_MID,24/7,unknown,unavailable_midpoint,2026-09-10T01:17:37.021302+00:00,24
2025-10-15,XRP,2.49,2.555,2.41,2.41,0.0,IBKR_MID,24/7,unknown,unavailable_midpoint,2026-09-10T01:17:37.021302+00:00,24
2025-10-16,BTC,111441.25,112405.5,107609.25,108248.5,0.0,IBKR_MID,24/7,unknown,unavailable_midpoint,2026-09-10T01:17:37.021302+00:00,24
2025-10-16,DOGE,0.2,0.2,0.185,0.19,0.0,IBKR_MID,24/7,unknown,unavailable_midpoint,2026-09-10T01:17:37.021302+00:00,24
2025-10-16,ETH,3990.2,4085.8,3854.0,3868.9,0.0,IBKR_MID,24/7,unknown,unavailable_midpoint,2026-09-10T01:17:37.021302+00:00,24
2025-10-16,SOL,195.14,198.44,183.84,185.25,0.0,IBKR_MID,24/7,unknown,unavailable_midpoint,2026-09-10T01:17:37.021302+00:00,24
2025-10-16,XRP,2.41,2.535,2.31,2.33,0.0,IBKR_MID,24/7,unknown,unavailable_midpoint,2026-09-10T01:17:37.021302+00:00,24
2025-10-17,BTC,108333.5,109313.75,103519.25,106487.5,0.0,IBKR_MID,24/7,unknown,unavailable_midpoint,2026-09-10T01:17:37.021302+00:00,24
2025-10-17,DOGE,0.19,0.19,0.175,0.18,0.0,IBKR_MID,24/7,unknown,unavailable_midpoint,2026-09-10T01:17:37.021302+00:00,24
2025-10-17,ETH,3876.45,3970.05,3674.7,3829.15,0.0,IBKR_MID,24/7,unknown,unavailable_midpoint,2026-09-10T01:17:37.021302+00:00,24
2025-10-17,SOL,185.89,188.85,174.1,181.98,0.0,IBKR_MID,24/7,unknown,unavailable_midpoint,2026-09-10T01:17:37.021302+00:00,24
2025-10-17,XRP,2.33,2.405,2.2,2.3,0.0,IBKR_MID,24/7,unknown,unavailable_midpoint,2026-09-10T01:17:37.021302+00:00,24
2025-10-20,BTC,106804.0,111731.75,106166.5,110840.5,0.0,IBKR_MID,24/7,unknown,unavailable_midpoint,2026-09-10T01:17:37.021302+00:00,24
2025-10-20,DOGE,0.19,0.205,0.185,0.2,0.0,IBKR_MID,24/7,unknown,unavailable_midpoint,2026-09-10T01:17:37.021302+00:00,24
2025-10-20,ETH,3882.5,4085.85,3831.45,3982.1,0.0,IBKR_MID,24/7,unknown,unavailable_midpoint,2026-09-10T01:17:37.021302+00:00,24
2025-10-20,SOL,185.61,194.95,183.23,188.84,0.0,IBKR_MID,24/7,unknown,unavailable_midpoint,2026-09-10T01:17:37.021302+00:00,24
2025-10-20,XRP,2.35,2.555,2.315,2.525,0.0,IBKR_MID,24/7,unknown,unavailable_midpoint,2026-09-10T01:17:37.021302+00:00,24
2025-10-21,BTC,110714.0,114059.75,107496.75,111837.75,0.0,IBKR_MID,24/7,unknown,unavailable_midpoint,2026-09-10T01:17:37.021302+00:00,24
2025-10-21,DOGE,0.2,0.21,0.185,0.2,0.0,IBKR_MID,24/7,unknown,unavailable_midpoint,2026-09-10T01:17:37.021302+00:00,24
2025-10-21,ETH,3979.5,4111.4,3840.45,3998.55,0.0,IBKR_MID,24/7,unknown,unavailable_midpoint,2026-09-10T01:17:37.021302+00:00,24
2025-10-21,SOL,188.59,197.8,182.76,194.06,0.0,IBKR_MID,24/7,unknown,unavailable_midpoint,2026-09-10T01:17:37.021302+00:00,24
2025-10-21,XRP,2.51,2.54,2.4,2.5,0.0,IBKR_MID,24/7,unknown,unavailable_midpoint,2026-09-10T01:17:37.021302+00:00,24
2025-10-22,BTC,111807.0,111824.5,106777.0,107871.0,0.0,IBKR_MID,24/7,unknown,unavailable_midpoint,2026-09-10T01:17:37.021302+00:00,24
2025-10-22,DOGE,0.2,0.2,0.185,0.19,0.0,IBKR_MID,24/7,unknown,unavailable_midpoint,2026-09-10T01:17:37.021302+00:00,24
2025-10-22,ETH,4001.5,4001.55,3774.4,3804.15,0.0,IBKR_MID,24/7,unknown,unavailable_midpoint,2026-09-10T01:17:37.021302+00:00,24
2025-10-22,SOL,194.24,194.33,177.17,180.21,0.0,IBKR_MID,24/7,unknown,unavailable_midpoint,2026-09-10T01:17:37.021302+00:00,24
2025-10-22,XRP,2.5,2.5,2.355,2.38,0.0,IBKR_MID,24/7,unknown,unavailable_midpoint,2026-09-10T01:17:37.021302+00:00,24
2025-10-23,BTC,107964.75,111337.0,106727.5,110237.5,0.0,IBKR_MID,24/7,unknown,unavailable_midpoint,2026-09-10T01:17:37.021302+00:00,24
2025-10-23,DOGE,0.19,0.205,0.185,0.2,0.0,IBKR_MID,24/7,unknown,unavailable_midpoint,2026-09-10T01:17:37.021302+00:00,24
2025-10-23,ETH,3808.1,3936.35,3710.85,3860.55,0.0,IBKR_MID,24/7,unknown,unavailable_midpoint,2026-09-10T01:17:37.021302+00:00,24
2025-10-23,SOL,180.43,193.53,177.14,191.22,0.0,IBKR_MID,24/7,unknown,unavailable_midpoint,2026-09-10T01:17:37.021302+00:00,24
2025-10-23,XRP,2.38,2.425,2.33,2.41,0.0,IBKR_MID,24/7,unknown,unavailable_midpoint,2026-09-10T01:17:37.021302+00:00,24
2025-10-24,BTC,110137.0,112057.5,109392.25,110628.75,0.0,IBKR_MID,24/7,unknown,unavailable_midpoint,2026-09-10T01:17:37.021302+00:00,24
2025-10-24,DOGE,0.2,0.205,0.185,0.2,0.0,IBKR_MID,24/7,unknown,unavailable_midpoint,2026-09-10T01:17:37.021302+00:00,24
2025-10-24,ETH,3854.35,4024.75,3819.95,3927.25,0.0,IBKR_MID,24/7,unknown,unavailable_midpoint,2026-09-10T01:17:37.021302+00:00,24
2025-10-24,SOL,191.13,196.76,188.4,193.09,0.0,IBKR_MID,24/7,unknown,unavailable_midpoint,2026-09-10T01:17:37.021302+00:00,24
2025-10-24,XRP,2.4,2.52,2.38,2.5,0.0,IBKR_MID,24/7,unknown,unavailable_midpoint,2026-09-10T01:17:37.021302+00:00,24
2025-10-27,BTC,111647.25,116391.0,111630.25,114945.5,0.0,IBKR_MID,24/7,unknown,unavailable_midpoint,2026-09-10T01:17:37.021302+00:00,24
2025-10-27,DOGE,0.2,0.22,0.2,0.2,0.0,IBKR_MID,24/7,unknown,unavailable_midpoint,2026-09-10T01:17:37.021302+00:00,24
2025-10-27,ETH,3945.15,4253.5,3940.9,4194.3,0.0,IBKR_MID,24/7,unknown,unavailable_midpoint,2026-09-10T01:17:37.021302+00:00,24
2025-10-27,SOL,194.07,205.31,193.74,200.05,0.0,IBKR_MID,24/7,unknown,unavailable_midpoint,2026-09-10T01:17:37.021302+00:00,24
2025-10-27,XRP,2.63,2.7,2.575,2.67,0.0,IBKR_MID,24/7,unknown,unavailable_midpoint,2026-09-10T01:17:37.021302+00:00,24
2025-10-28,BTC,114817.75,116099.5,113526.75,113689.5,0.0,IBKR_MID,24/7,unknown,unavailable_midpoint,2026-09-10T01:17:37.021302+00:00,24
2025-10-28,DOGE,0.2,0.22,0.195,0.2,0.0,IBKR_MID,24/7,unknown,unavailable_midpoint,2026-09-10T01:17:37.021302+00:00,24
2025-10-28,ETH,4182.55,4212.3,4000.4,4040.5,0.0,IBKR_MID,24/7,unknown,unavailable_midpoint,2026-09-10T01:17:37.021302+00:00,24
2025-10-28,SOL,199.81,203.97,194.51,195.44,0.0,IBKR_MID,24/7,unknown,unavailable_midpoint,2026-09-10T01:17:37.021302+00:00,24
2025-10-28,XRP,2.67,2.69,2.605,2.64,0.0,IBKR_MID,24/7,unknown,unavailable_midpoint,2026-09-10T01:17:37.021302+00:00,24
2025-10-29,BTC,113619.75,113675.5,108275.25,110651.5,0.0,IBKR_MID,24/7,unknown,unavailable_midpoint,2026-09-10T01:17:37.021302+00:00,24
2025-10-29,DOGE,0.2,0.2,0.19,0.19,0.0,IBKR_MID,24/7,unknown,unavailable_midpoint,2026-09-10T01:17:37.021302+00:00,24
2025-10-29,ETH,4037.65,4042.0,3812.15,3906.0,0.0,IBKR_MID,24/7,unknown,unavailable_midpoint,2026-09-10T01:17:37.021302+00:00,24
2025-10-29,SOL,195.09,201.74,189.46,192.81,0.0,IBKR_MID,24/7,unknown,unavailable_midpoint,2026-09-10T01:17:37.021302+00:00,24
2025-10-29,XRP,2.63,2.665,2.53,2.59,0.0,IBKR_MID,24/7,unknown,unavailable_midpoint,2026-09-10T01:17:37.021302+00:00,24
2025-10-30,BTC,110776.25,111819.25,106308.25,106510.75,0.0,IBKR_MID,24/7,unknown,unavailable_midpoint,2026-09-10T01:17:37.021302+00:00,24
2025-10-30,DOGE,0.19,0.2,0.18,0.18,0.0,IBKR_MID,24/7,unknown,unavailable_midpoint,2026-09-10T01:17:37.021302+00:00,24
2025-10-30,ETH,3918.6,3971.35,3678.2,3685.85,0.0,IBKR_MID,24/7,unknown,unavailable_midpoint,2026-09-10T01:17:37.021302+00:00,24
2025-10-30,SOL,193.47,198.18,178.65,179.01,0.0,IBKR_MID,24/7,unknown,unavailable_midpoint,2026-09-10T01:17:37.021302+00:00,24
2025-10-30,XRP,2.59,2.62,2.37,2.385,0.0,IBKR_MID,24/7,unknown,unavailable_midpoint,2026-09-10T01:17:37.021302+00:00,24
2025-10-31,BTC,106504.0,111370.75,106293.75,109752.5,0.0,IBKR_MID,24/7,unknown,unavailable_midpoint,2026-09-10T01:17:37.021302+00:00,24
2025-10-31,DOGE,0.18,0.195,0.175,0.19,0.0,IBKR_MID,24/7,unknown,unavailable_midpoint,2026-09-10T01:17:37.021302+00:00,24
2025-10-31,ETH,3690.5,3918.35,3684.3,3883.8,0.0,IBKR_MID,24/7,unknown,unavailable_midpoint,2026-09-10T01:17:37.021302+00:00,24
2025-10-31,SOL,179.22,190.17,178.69,188.34,0.0,IBKR_MID,24/7,unknown,unavailable_midpoint,2026-09-10T01:17:37.021302+00:00,24
2025-10-31,XRP,2.38,2.555,2.36,2.54,0.0,IBKR_MID,24/7,unknown,unavailable_midpoint,2026-09-10T01:17:37.021302+00:00,24
2025-11-03,BTC,110861.25,111208.0,105320.75,106631.5,0.0,IBKR_MID,24/7,unknown,unavailable_midpoint,2026-09-10T01:17:37.021302+00:00,24
2025-11-03,DOGE,0.19,0.19,0.16,0.17,0.0,IBKR_MID,24/7,unknown,unavailable_midpoint,2026-09-10T01:17:37.021302+00:00,24
2025-11-03,ETH,3906.05,3927.35,3562.1,3586.5,0.0,IBKR_MID,24/7,unknown,unavailable_midpoint,2026-09-10T01:17:37.021302+00:00,24
2025-11-03,SOL,187.66,189.0,163.17,164.34,0.0,IBKR_MID,24/7,unknown,unavailable_midpoint,2026-09-10T01:17:37.021302+00:00,24
2025-11-03,XRP,2.53,2.55,2.26,2.285,0.0,IBKR_MID,24/7,unknown,unavailable_midpoint,2026-09-10T01:17:37.021302+00:00,24
2025-11-04,BTC,106813.75,108659.25,99514.75,100697.0,0.0,IBKR_MID,24/7,unknown,unavailable_midpoint,2026-09-10T01:17:37.021302+00:00,24
2025-11-04,DOGE,0.17,0.17,0.15,0.16,0.0,IBKR_MID,24/7,unknown,unavailable_midpoint,2026-09-10T01:17:37.021302+00:00,24
2025-11-04,ETH,3596.8,3714.4,3120.45,3212.25,0.0,IBKR_MID,24/7,unknown,unavailable_midpoint,2026-09-10T01:17:37.021302+00:00,24
2025-11-04,SOL,165.05,178.66,148.13,153.28,0.0,IBKR_MID,24/7,unknown,unavailable_midpoint,2026-09-10T01:17:37.021302+00:00,24
2025-11-04,XRP,2.29,2.425,2.09,2.16,0.0,IBKR_MID,24/7,unknown,unavailable_midpoint,2026-09-10T01:17:37.021302+00:00,24
2025-11-05,BTC,100694.75,104532.25,98895.75,103838.0,0.0,IBKR_MID,24/7,unknown,unavailable_midpoint,2026-09-10T01:17:37.021302+00:00,24
2025-11-05,DOGE,0.16,0.17,0.15,0.17,0.0,IBKR_MID,24/7,unknown,unavailable_midpoint,2026-09-10T01:17:37.021302+00:00,24
2025-11-05,ETH,3210.05,3481.95,3048.3,3450.4,0.0,IBKR_MID,24/7,unknown,unavailable_midpoint,2026-09-10T01:17:37.021302+00:00,24
2025-11-05,SOL,153.13,165.56,145.73,162.55,0.0,IBKR_MID,24/7,unknown,unavailable_midpoint,2026-09-10T01:17:37.021302+00:00,24
2025-11-05,XRP,2.16,2.38,2.065,2.36,0.0,IBKR_MID,24/7,unknown,unavailable_midpoint,2026-09-10T01:17:37.021302+00:00,24
2025-11-06,BTC,103650.0,104330.5,100232.0,100860.75,0.0,IBKR_MID,24/7,unknown,unavailable_midpoint,2026-09-10T01:17:37.021302+00:00,24
2025-11-06,DOGE,0.17,0.17,0.16,0.16,0.0,IBKR_MID,24/7,unknown,unavailable_midpoint,2026-09-10T01:17:37.021302+00:00,24
2025-11-06,ETH,3441.6,3456.3,3243.0,3304.7,0.0,IBKR_MID,24/7,unknown,unavailable_midpoint,2026-09-10T01:17:37.021302+00:00,24
2025-11-06,SOL,161.98,167.57,153.69,155.23,0.0,IBKR_MID,24/7,unknown,unavailable_midpoint,2026-09-10T01:17:37.021302+00:00,24
2025-11-06,XRP,2.35,2.42,2.18,2.195,0.0,IBKR_MID,24/7,unknown,unavailable_midpoint,2026-09-10T01:17:37.021302+00:00,24
2025-11-07,BTC,100925.25,103866.25,99218.25,103754.25,0.0,IBKR_MID,24/7,unknown,unavailable_midpoint,2026-09-10T01:17:37.021302+00:00,24
2025-11-07,DOGE,0.16,0.18,0.16,0.18,0.0,IBKR_MID,24/7,unknown,unavailable_midpoint,2026-09-10T01:17:37.021302+00:00,24
2025-11-07,ETH,3303.95,3471.0,3192.1,3464.15,0.0,IBKR_MID,24/7,unknown,unavailable_midpoint,2026-09-10T01:17:37.021302+00:00,24
2025-11-07,SOL,155.53,164.39,149.69,163.29,0.0,IBKR_MID,24/7,unknown,unavailable_midpoint,2026-09-10T01:17:37.021302+00:00,24
2025-11-07,XRP,2.2,2.37,2.15,2.365,0.0,IBKR_MID,24/7,unknown,unavailable_midpoint,2026-09-10T01:17:37.021302+00:00,24
2025-11-10,BTC,101924.5,106660.5,101491.5,105979.5,0.0,IBKR_MID,24/7,unknown,unavailable_midpoint,2026-09-10T01:17:37.021302+00:00,24
2025-11-10,DOGE,0.18,0.19,0.17,0.18,0.0,IBKR_MID,24/7,unknown,unavailable_midpoint,2026-09-10T01:17:37.021302+00:00,24
2025-11-10,ETH,3422.3,3620.15,3381.4,3571.1,0.0,IBKR_MID,24/7,unknown,unavailable_midpoint,2026-09-10T01:17:37.021302+00:00,24
2025-11-10,SOL,159.24,170.52,156.8,167.79,0.0,IBKR_MID,24/7,unknown,unavailable_midpoint,2026-09-10T01:17:37.021302+00:00,24
2025-11-10,XRP,2.3,2.58,2.25,2.56,0.0,IBKR_MID,24/7,unknown,unavailable_midpoint,2026-09-10T01:17:37.021302+00:00,24
2025-11-11,BTC,105158.5,107474.75,102642.5,102774.0,0.0,IBKR_MID,24/7,unknown,unavailable_midpoint,2026-09-10T01:17:37.021302+00:00,24
2025-11-11,DOGE,0.175,0.19,0.17,0.17,0.0,IBKR_MID,24/7,unknown,unavailable_midpoint,2026-09-10T01:17:37.021302+00:00,24
2025-11-11,ETH,3537.7,3647.65,3427.35,3437.15,0.0,IBKR_MID,24/7,unknown,unavailable_midpoint,2026-09-10T01:17:37.021302+00:00,24
2025-11-11,SOL,166.03,171.89,156.22,156.69,0.0,IBKR_MID,24/7,unknown,unavailable_midpoint,2026-09-10T01:17:37.021302+00:00,24
2025-11-11,XRP,2.51,2.585,2.4,2.41,0.0,IBKR_MID,24/7,unknown,unavailable_midpoint,2026-09-10T01:17:37.021302+00:00,24
2025-11-12,BTC,102866.5,105320.5,100789.75,101517.0,0.0,IBKR_MID,24/7,unknown,unavailable_midpoint,2026-09-10T01:17:37.021302+00:00,24
2025-11-12,DOGE,0.17,0.18,0.165,0.17,0.0,IBKR_MID,24/7,unknown,unavailable_midpoint,2026-09-10T01:17:37.021302+00:00,24
2025-11-12,ETH,3444.85,3587.05,3371.3,3416.2,0.0,IBKR_MID,24/7,unknown,unavailable_midpoint,2026-09-10T01:17:37.021302+00:00,24
2025-11-12,SOL,157.03,166.42,151.13,153.71,0.0,IBKR_MID,24/7,unknown,unavailable_midpoint,2026-09-10T01:17:37.021302+00:00,24
2025-11-12,XRP,2.42,2.525,2.32,2.35,0.0,IBKR_MID,24/7,unknown,unavailable_midpoint,2026-09-10T01:17:37.021302+00:00,24
2025-11-13,BTC,101546.5,104062.25,97929.75,98065.5,0.0,IBKR_MID,24/7,unknown,unavailable_midpoint,2026-09-10T01:17:37.021302+00:00,24
2025-11-13,DOGE,0.17,0.18,0.16,0.16,0.0,IBKR_MID,24/7,unknown,unavailable_midpoint,2026-09-10T01:17:37.021302+00:00,24
2025-11-13,ETH,3415.45,3564.5,3151.65,3169.05,0.0,IBKR_MID,24/7,unknown,unavailable_midpoint,2026-09-10T01:17:37.021302+00:00,24
2025-11-13,SOL,153.74,157.21,140.95,142.62,0.0,IBKR_MID,24/7,unknown,unavailable_midpoint,2026-09-10T01:17:37.021302+00:00,24
2025-11-13,XRP,2.36,2.53,2.275,2.3,0.0,IBKR_MID,24/7,unknown,unavailable_midpoint,2026-09-10T01:17:37.021302+00:00,24
2025-11-14,BTC,97937.25,101558.25,94128.0,94299.25,0.0,IBKR_MID,24/7,unknown,unavailable_midpoint,2026-09-10T01:17:37.021302+00:00,24
2025-11-14,DOGE,0.16,0.18,0.16,0.16,0.0,IBKR_MID,24/7,unknown,unavailable_midpoint,2026-09-10T01:17:37.021302+00:00,24
2025-11-14,ETH,3166.8,3386.95,3067.75,3135.25,0.0,IBKR_MID,24/7,unknown,unavailable_midpoint,2026-09-10T01:17:37.021302+00:00,24
2025-11-14,SOL,142.36,152.43,135.64,139.51,0.0,IBKR_MID,24/7,unknown,unavailable_midpoint,2026-09-10T01:17:37.021302+00:00,24
2025-11-14,XRP,2.29,2.36,2.22,2.26,0.0,IBKR_MID,24/7,unknown,unavailable_midpoint,2026-09-10T01:17:37.021302+00:00,24
2025-11-17,BTC,96021.0,97198.0,91176.0,91805.0,0.0,IBKR_MID,24/7,unknown,unavailable_midpoint,2026-09-10T01:17:37.021302+00:00,24
2025-11-17,DOGE,0.16,0.175,0.15,0.15,0.0,IBKR_MID,24/7,unknown,unavailable_midpoint,2026-09-10T01:17:37.021302+00:00,24
2025-11-17,ETH,3217.2,3262.15,2955.4,3000.2,0.0,IBKR_MID,24/7,unknown,unavailable_midpoint,2026-09-10T01:17:37.021302+00:00,24
2025-11-17,SOL,142.19,146.61,128.69,130.17,0.0,IBKR_MID,24/7,unknown,unavailable_midpoint,2026-09-10T01:17:37.021302+00:00,24
2025-11-17,XRP,2.27,2.31,2.11,2.15,0.0,IBKR_MID,24/7,unknown,unavailable_midpoint,2026-09-10T01:17:37.021302+00:00,24
2025-11-18,BTC,91937.25,93773.25,89190.25,92747.25,0.0,IBKR_MID,24/7,unknown,unavailable_midpoint,2026-09-10T01:17:37.021302+00:00,24
2025-11-18,DOGE,0.15,0.17,0.15,0.16,0.0,IBKR_MID,24/7,unknown,unavailable_midpoint,2026-09-10T01:17:37.021302+00:00,24
2025-11-18,ETH,3003.4,3250.8,2942.3,3121.55,0.0,IBKR_MID,24/7,unknown,unavailable_midpoint,2026-09-10T01:17:37.021302+00:00,24
2025-11-18,SOL,130.07,144.11,128.86,141.09,0.0,IBKR_MID,24/7,unknown,unavailable_midpoint,2026-09-10T01:17:37.021302+00:00,24
2025-11-18,XRP,2.15,2.26,2.1,2.225,0.0,IBKR_MID,24/7,unknown,unavailable_midpoint,2026-09-10T01:17:37.021302+00:00,24
2025-11-19,BTC,92741.0,93360.25,88507.25,89416.75,0.0,IBKR_MID,24/7,unknown,unavailable_midpoint,2026-09-10T01:17:37.021302+00:00,24
2025-11-19,DOGE,0.16,0.16,0.15,0.15,0.0,IBKR_MID,24/7,unknown,unavailable_midpoint,2026-09-10T01:17:37.021302+00:00,24
2025-11-19,ETH,3118.05,3139.6,2869.65,2941.5,0.0,IBKR_MID,24/7,unknown,unavailable_midpoint,2026-09-10T01:17:37.021302+00:00,24
2025-11-19,SOL,140.78,144.21,130.38,133.06,0.0,IBKR_MID,24/7,unknown,unavailable_midpoint,2026-09-10T01:17:37.021302+00:00,24
2025-11-19,XRP,2.22,2.255,2.02,2.05,0.0,IBKR_MID,24/7,unknown,unavailable_midpoint,2026-09-10T01:17:37.021302+00:00,24
2025-11-20,BTC,89476.5,93090.25,86004.25,86342.75,0.0,IBKR_MID,24/7,unknown,unavailable_midpoint,2026-09-10T01:17:37.021302+00:00,24
2025-11-20,DOGE,0.15,0.16,0.15,0.15,0.0,IBKR_MID,24/7,unknown,unavailable_midpoint,2026-09-10T01:17:37.021302+00:00,24
2025-11-20,ETH,2945.05,3089.3,2784.25,2830.9,0.0,IBKR_MID,24/7,unknown,unavailable_midpoint,2026-09-10T01:17:37.021302+00:00,24
2025-11-20,SOL,133.07,144.67,130.71,133.53,0.0,IBKR_MID,24/7,unknown,unavailable_midpoint,2026-09-10T01:17:37.021302+00:00,24
2025-11-20,XRP,2.05,2.205,1.97,2.0,0.0,IBKR_MID,24/7,unknown,unavailable_midpoint,2026-09-10T01:17:37.021302+00:00,24
2025-11-21,BTC,86479.25,88142.25,80534.5,84497.5,0.0,IBKR_MID,24/7,unknown,unavailable_midpoint,2026-09-10T01:17:37.021302+00:00,24
2025-11-21,DOGE,0.15,0.15,0.13,0.14,0.0,IBKR_MID,24/7,unknown,unavailable_midpoint,2026-09-10T01:17:37.021302+00:00,24
2025-11-21,ETH,2841.0,2902.45,2620.3,2736.0,0.0,IBKR_MID,24/7,unknown,unavailable_midpoint,2026-09-10T01:17:37.021302+00:00,24
2025-11-21,SOL,133.74,138.58,121.47,127.09,0.0,IBKR_MID,24/7,unknown,unavailable_midpoint,2026-09-10T01:17:37.021302+00:00,24
2025-11-21,XRP,2.01,2.125,1.82,1.94,0.0,IBKR_MID,24/7,unknown,unavailable_midpoint,2026-09-10T01:17:37.021302+00:00,24
2025-11-24,BTC,85734.0,89785.5,85222.75,89082.25,0.0,IBKR_MID,24/7,unknown,unavailable_midpoint,2026-09-10T01:17:37.021302+00:00,24
2025-11-24,DOGE,0.14,0.155,0.14,0.15,0.0,IBKR_MID,24/7,unknown,unavailable_midpoint,2026-09-10T01:17:37.021302+00:00,24
2025-11-24,ETH,2792.35,3015.5,2762.0,2972.0,0.0,IBKR_MID,24/7,unknown,unavailable_midpoint,2026-09-10T01:17:37.021302+00:00,24
2025-11-24,SOL,128.79,139.34,128.33,139.0,0.0,IBKR_MID,24/7,unknown,unavailable_midpoint,2026-09-10T01:17:37.021302+00:00,24
2025-11-24,XRP,2.03,2.29,2.01,2.24,0.0,IBKR_MID,24/7,unknown,unavailable_midpoint,2026-09-10T01:17:37.021302+00:00,24
2025-11-25,BTC,88165.75,89486.25,85983.0,87367.75,0.0,IBKR_MID,24/7,unknown,unavailable_midpoint,2026-09-10T01:17:37.021302+00:00,24
2025-11-25,DOGE,0.15,0.155,0.145,0.15,0.0,IBKR_MID,24/7,unknown,unavailable_midpoint,2026-09-10T01:17:37.021302+00:00,24
2025-11-25,ETH,2968.15,3081.05,2855.35,2929.05,0.0,IBKR_MID,24/7,unknown,unavailable_midpoint,2026-09-10T01:17:37.021302+00:00,24
2025-11-25,SOL,138.75,139.85,133.09,137.77,0.0,IBKR_MID,24/7,unknown,unavailable_midpoint,2026-09-10T01:17:37.021302+00:00,24
2025-11-25,XRP,2.23,2.285,2.15,2.2,0.0,IBKR_MID,24/7,unknown,unavailable_midpoint,2026-09-10T01:17:37.021302+00:00,24
2025-11-26,BTC,87360.5,90393.75,86288.25,89860.5,0.0,IBKR_MID,24/7,unknown,unavailable_midpoint,2026-09-10T01:17:37.021302+00:00,24
2025-11-26,DOGE,0.15,0.16,0.15,0.16,0.0,IBKR_MID,24/7,unknown,unavailable_midpoint,2026-09-10T01:17:37.021302+00:00,24
2025-11-26,ETH,2927.05,3044.4,2887.0,3025.1,0.0,IBKR_MID,24/7,unknown,unavailable_midpoint,2026-09-10T01:17:37.021302+00:00,24
2025-11-26,SOL,137.72,144.72,135.46,142.88,0.0,IBKR_MID,24/7,unknown,unavailable_midpoint,2026-09-10T01:17:37.021302+00:00,24
2025-11-26,XRP,2.2,2.255,2.14,2.23,0.0,IBKR_MID,24/7,unknown,unavailable_midpoint,2026-09-10T01:17:37.021302+00:00,24
2025-11-27,BTC,89935.0,91925.75,89803.0,91429.5,0.0,IBKR_MID,24/7,unknown,unavailable_midpoint,2026-09-10T01:17:37.021302+00:00,24
2025-11-27,DOGE,0.16,0.16,0.15,0.15,0.0,IBKR_MID,24/7,unknown,unavailable_midpoint,2026-09-10T01:17:37.021302+00:00,24
2025-11-27,ETH,3022.6,3079.35,2986.55,3039.3,0.0,IBKR_MID,24/7,unknown,unavailable_midpoint,2026-09-10T01:17:37.021302+00:00,24
2025-11-27,SOL,142.97,144.27,140.66,142.44,0.0,IBKR_MID,24/7,unknown,unavailable_midpoint,2026-09-10T01:17:37.021302+00:00,24
2025-11-27,XRP,2.22,2.24,2.17,2.23,0.0,IBKR_MID,24/7,unknown,unavailable_midpoint,2026-09-10T01:17:37.021302+00:00,24
2025-11-28,BTC,91396.5,93056.75,90242.25,91214.0,0.0,IBKR_MID,24/7,unknown,unavailable_midpoint,2026-09-10T01:17:37.021302+00:00,24
2025-11-28,DOGE,0.15,0.16,0.15,0.15,0.0,IBKR_MID,24/7,unknown,unavailable_midpoint,2026-09-10T01:17:37.021302+00:00,24
2025-11-28,ETH,3036.55,3099.75,2994.35,3057.55,0.0,IBKR_MID,24/7,unknown,unavailable_midpoint,2026-09-10T01:17:37.021302+00:00,24
2025-11-28,SOL,142.19,143.61,135.99,137.92,0.0,IBKR_MID,24/7,unknown,unavailable_midpoint,2026-09-10T01:17:37.021302+00:00,24
2025-11-28,XRP,2.22,2.28,2.16,2.19,0.0,IBKR_MID,24/7,unknown,unavailable_midpoint,2026-09-10T01:17:37.021302+00:00,24
2025-12-01,BTC,90985.75,91957.5,83836.0,85509.5,0.0,IBKR_MID,24/7,unknown,unavailable_midpoint,2026-09-10T01:17:37.021302+00:00,24
2025-12-01,DOGE,0.15,0.15,0.13,0.13,0.0,IBKR_MID,24/7,unknown,unavailable_midpoint,2026-09-10T01:17:37.021302+00:00,24
2025-12-01,ETH,3006.2,3053.55,2718.0,2757.65,0.0,IBKR_MID,24/7,unknown,unavailable_midpoint,2026-09-10T01:17:37.021302+00:00,24
2025-12-01,SOL,136.56,140.2,123.09,124.44,0.0,IBKR_MID,24/7,unknown,unavailable_midpoint,2026-09-10T01:17:37.021302+00:00,24
2025-12-01,XRP,2.2,2.215,1.98,2.01,0.0,IBKR_MID,24/7,unknown,unavailable_midpoint,2026-09-10T01:17:37.021302+00:00,24
2025-12-02,BTC,85599.25,92331.5,85566.75,91059.0,0.0,IBKR_MID,24/7,unknown,unavailable_midpoint,2026-09-10T01:17:37.021302+00:00,24
2025-12-02,DOGE,0.13,0.15,0.13,0.15,0.0,IBKR_MID,24/7,unknown,unavailable_midpoint,2026-09-10T01:17:37.021302+00:00,24
2025-12-02,ETH,2761.95,3048.5,2758.85,2979.75,0.0,IBKR_MID,24/7,unknown,unavailable_midpoint,2026-09-10T01:17:37.021302+00:00,24
2025-12-02,SOL,124.46,140.9,124.22,138.76,0.0,IBKR_MID,24/7,unknown,unavailable_midpoint,2026-09-10T01:17:37.021302+00:00,24
2025-12-02,XRP,2.02,2.18,1.995,2.165,0.0,IBKR_MID,24/7,unknown,unavailable_midpoint,2026-09-10T01:17:37.021302+00:00,24
2025-12-03,BTC,91050.75,93976.75,91015.25,92991.5,0.0,IBKR_MID,24/7,unknown,unavailable_midpoint,2026-09-10T01:17:37.021302+00:00,24
2025-12-03,DOGE,0.15,0.15,0.15,0.15,0.0,IBKR_MID,24/7,unknown,unavailable_midpoint,2026-09-10T01:17:37.021302+00:00,24
2025-12-03,ETH,2981.0,3159.2,2978.3,3138.75,0.0,IBKR_MID,24/7,unknown,unavailable_midpoint,2026-09-10T01:17:37.021302+00:00,24
2025-12-03,SOL,138.56,144.25,137.78,141.72,0.0,IBKR_MID,24/7,unknown,unavailable_midpoint,2026-09-10T01:17:37.021302+00:00,24
2025-12-03,XRP,2.17,2.22,2.14,2.2,0.0,IBKR_MID,24/7,unknown,unavailable_midpoint,2026-09-10T01:17:37.021302+00:00,24
2025-12-04,BTC,92946.25,94172.75,90914.5,92511.0,0.0,IBKR_MID,24/7,unknown,unavailable_midpoint,2026-09-10T01:17:37.021302+00:00,24
2025-12-04,DOGE,0.15,0.15,0.15,0.15,0.0,IBKR_MID,24/7,unknown,unavailable_midpoint,2026-09-10T01:17:37.021302+00:00,24
2025-12-04,ETH,3134.4,3270.1,3067.2,3142.45,0.0,IBKR_MID,24/7,unknown,unavailable_midpoint,2026-09-10T01:17:37.021302+00:00,24
2025-12-04,SOL,141.68,146.92,137.83,140.43,0.0,IBKR_MID,24/7,unknown,unavailable_midpoint,2026-09-10T01:17:37.021302+00:00,24
2025-12-04,XRP,2.2,2.215,2.07,2.11,0.0,IBKR_MID,24/7,unknown,unavailable_midpoint,2026-09-10T01:17:37.021302+00:00,24
2025-12-05,BTC,92499.25,92739.25,88099.75,89331.5,0.0,IBKR_MID,24/7,unknown,unavailable_midpoint,2026-09-10T01:17:37.021302+00:00,24
2025-12-05,DOGE,0.15,0.15,0.14,0.14,0.0,IBKR_MID,24/7,unknown,unavailable_midpoint,2026-09-10T01:17:37.021302+00:00,24
2025-12-05,ETH,3143.45,3253.5,2968.65,3022.9,0.0,IBKR_MID,24/7,unknown,unavailable_midpoint,2026-09-10T01:17:37.021302+00:00,24
2025-12-05,SOL,140.44,141.56,130.85,132.59,0.0,IBKR_MID,24/7,unknown,unavailable_midpoint,2026-09-10T01:17:37.021302+00:00,24
2025-12-05,XRP,2.11,2.16,2.01,2.02,0.0,IBKR_MID,24/7,unknown,unavailable_midpoint,2026-09-10T01:17:37.021302+00:00,24
2025-12-08,BTC,89392.5,92301.5,87777.0,90815.5,0.0,IBKR_MID,24/7,unknown,unavailable_midpoint,2026-09-10T01:17:37.021302+00:00,24
2025-12-08,DOGE,0.14,0.15,0.135,0.14,0.0,IBKR_MID,24/7,unknown,unavailable_midpoint,2026-09-10T01:17:37.021302+00:00,24
2025-12-08,ETH,3037.4,3242.15,2912.45,3136.45,0.0,IBKR_MID,24/7,unknown,unavailable_midpoint,2026-09-10T01:17:37.021302+00:00,24
2025-12-08,SOL,132.09,139.36,127.73,134.12,0.0,IBKR_MID,24/7,unknown,unavailable_midpoint,2026-09-10T01:17:37.021302+00:00,24
2025-12-08,XRP,2.03,2.145,1.99,2.09,0.0,IBKR_MID,24/7,unknown,unavailable_midpoint,2026-09-10T01:17:37.021302+00:00,24
2025-12-09,BTC,90715.75,94609.75,89549.0,93128.0,0.0,IBKR_MID,24/7,unknown,unavailable_midpoint,2026-09-10T01:17:37.021302+00:00,24
2025-12-09,DOGE,0.14,0.15,0.14,0.15,0.0,IBKR_MID,24/7,unknown,unavailable_midpoint,2026-09-10T01:17:37.021302+00:00,24
2025-12-09,ETH,3130.7,3422.05,3060.35,3327.95,0.0,IBKR_MID,24/7,unknown,unavailable_midpoint,2026-09-10T01:17:37.021302+00:00,24
2025-12-09,SOL,133.85,144.91,131.61,140.16,0.0,IBKR_MID,24/7,unknown,unavailable_midpoint,2026-09-10T01:17:37.021302+00:00,24
2025-12-09,XRP,2.08,2.18,2.04,2.11,0.0,IBKR_MID,24/7,unknown,unavailable_midpoint,2026-09-10T01:17:37.021302+00:00,24
2025-12-10,BTC,93142.25,94538.5,91257.75,92486.75,0.0,IBKR_MID,24/7,unknown,unavailable_midpoint,2026-09-10T01:17:37.021302+00:00,24
2025-12-10,DOGE,0.15,0.155,0.14,0.15,0.0,IBKR_MID,24/7,unknown,unavailable_midpoint,2026-09-10T01:17:37.021302+00:00,24
2025-12-10,ETH,3324.95,3468.85,3256.9,3356.7,0.0,IBKR_MID,24/7,unknown,unavailable_midpoint,2026-09-10T01:17:37.021302+00:00,24
2025-12-10,SOL,140.0,144.21,135.72,138.37,0.0,IBKR_MID,24/7,unknown,unavailable_midpoint,2026-09-10T01:17:37.021302+00:00,24
2025-12-10,XRP,2.11,2.15,2.04,2.06,0.0,IBKR_MID,24/7,unknown,unavailable_midpoint,2026-09-10T01:17:37.021302+00:00,24
2025-12-11,BTC,92431.25,93093.75,89274.5,91805.5,0.0,IBKR_MID,24/7,unknown,unavailable_midpoint,2026-09-10T01:17:37.021302+00:00,24
2025-12-11,DOGE,0.15,0.15,0.14,0.14,0.0,IBKR_MID,24/7,unknown,unavailable_midpoint,2026-09-10T01:17:37.021302+00:00,24
2025-12-11,ETH,3356.15,3409.45,3099.9,3222.5,0.0,IBKR_MID,24/7,unknown,unavailable_midpoint,2026-09-10T01:17:37.021302+00:00,24
2025-12-11,SOL,138.35,138.9,129.05,136.12,0.0,IBKR_MID,24/7,unknown,unavailable_midpoint,2026-09-10T01:17:37.021302+00:00,24
2025-12-11,XRP,2.06,2.07,1.98,2.02,0.0,IBKR_MID,24/7,unknown,unavailable_midpoint,2026-09-10T01:17:37.021302+00:00,24
2025-12-12,BTC,91763.25,93578.75,89500.0,90219.5,0.0,IBKR_MID,24/7,unknown,unavailable_midpoint,2026-09-10T01:17:37.021302+00:00,24
2025-12-12,DOGE,0.14,0.14,0.13,0.14,0.0,IBKR_MID,24/7,unknown,unavailable_midpoint,2026-09-10T01:17:37.021302+00:00,24
2025-12-12,ETH,3221.95,3339.95,3036.15,3082.25,0.0,IBKR_MID,24/7,unknown,unavailable_midpoint,2026-09-10T01:17:37.021302+00:00,24
2025-12-12,SOL,136.25,140.15,130.36,131.59,0.0,IBKR_MID,24/7,unknown,unavailable_midpoint,2026-09-10T01:17:37.021302+00:00,24
2025-12-12,XRP,2.03,2.06,1.97,2.0,0.0,IBKR_MID,24/7,unknown,unavailable_midpoint,2026-09-10T01:17:37.021302+00:00,24
2025-12-15,BTC,90258.5,90292.25,85155.0,85766.25,0.0,IBKR_MID,24/7,unknown,unavailable_midpoint,2026-09-10T01:17:37.021302+00:00,24
2025-12-15,DOGE,0.14,0.14,0.13,0.13,0.0,IBKR_MID,24/7,unknown,unavailable_midpoint,2026-09-10T01:17:37.021302+00:00,24
2025-12-15,ETH,3115.35,3181.7,2894.95,2927.9,0.0,IBKR_MID,24/7,unknown,unavailable_midpoint,2026-09-10T01:17:37.021302+00:00,24
2025-12-15,SOL,133.28,135.44,123.59,124.99,0.0,IBKR_MID,24/7,unknown,unavailable_midpoint,2026-09-10T01:17:37.021302+00:00,24
2025-12-15,XRP,2.02,2.02,1.87,1.88,0.0,IBKR_MID,24/7,unknown,unavailable_midpoint,2026-09-10T01:17:37.021302+00:00,24
2025-12-16,BTC,85783.75,88143.5,85254.5,87562.25,0.0,IBKR_MID,24/7,unknown,unavailable_midpoint,2026-09-10T01:17:37.021302+00:00,24
2025-12-16,DOGE,0.13,0.145,0.125,0.13,0.0,IBKR_MID,24/7,unknown,unavailable_midpoint,2026-09-10T01:17:37.021302+00:00,24
2025-12-16,ETH,2928.5,2989.55,2875.8,2947.0,0.0,IBKR_MID,24/7,unknown,unavailable_midpoint,2026-09-10T01:17:37.021302+00:00,24
2025-12-16,SOL,125.12,134.06,124.85,128.4,0.0,IBKR_MID,24/7,unknown,unavailable_midpoint,2026-09-10T01:17:37.021302+00:00,24
2025-12-16,XRP,1.89,1.95,1.85,1.93,0.0,IBKR_MID,24/7,unknown,unavailable_midpoint,2026-09-10T01:17:37.021302+00:00,24
2025-12-17,BTC,87531.5,90343.25,85275.25,85857.75,0.0,IBKR_MID,24/7,unknown,unavailable_midpoint,2026-09-10T01:17:37.021302+00:00,24
2025-12-17,DOGE,0.13,0.14,0.12,0.13,0.0,IBKR_MID,24/7,unknown,unavailable_midpoint,2026-09-10T01:17:37.021302+00:00,24
2025-12-17,ETH,2945.75,3029.1,2789.95,2821.95,0.0,IBKR_MID,24/7,unknown,unavailable_midpoint,2026-09-10T01:17:37.021302+00:00,24
2025-12-17,SOL,128.26,133.95,121.32,122.95,0.0,IBKR_MID,24/7,unknown,unavailable_midpoint,2026-09-10T01:17:37.021302+00:00,24
2025-12-17,XRP,1.92,1.99,1.85,1.88,0.0,IBKR_MID,24/7,unknown,unavailable_midpoint,2026-09-10T01:17:37.021302+00:00,24
2025-12-18,BTC,86006.75,89436.5,84410.75,84554.75,0.0,IBKR_MID,24/7,unknown,unavailable_midpoint,2026-09-10T01:17:37.021302+00:00,24
2025-12-18,DOGE,0.14,0.145,0.12,0.12,0.0,IBKR_MID,24/7,unknown,unavailable_midpoint,2026-09-10T01:17:37.021302+00:00,24
2025-12-18,ETH,2873.75,3003.9,2693.55,2779.5,0.0,IBKR_MID,24/7,unknown,unavailable_midpoint,2026-09-10T01:17:37.021302+00:00,24
2025-12-18,SOL,130.13,130.71,116.85,117.17,0.0,IBKR_MID,24/7,unknown,unavailable_midpoint,2026-09-10T01:17:37.021302+00:00,24
2025-12-18,XRP,1.955,1.965,1.8,1.8,0.0,IBKR_MID,24/7,unknown,unavailable_midpoint,2026-09-10T01:17:37.021302+00:00,24
2025-12-19,BTC,85016.25,89353.0,84896.25,88026.25,0.0,IBKR_MID,24/7,unknown,unavailable_midpoint,2026-09-10T01:17:37.021302+00:00,24
2025-12-19,DOGE,0.12,0.13,0.12,0.13,0.0,IBKR_MID,24/7,unknown,unavailable_midpoint,2026-09-10T01:17:37.021302+00:00,24
2025-12-19,ETH,2801.35,3155.8,2797.45,2993.8,0.0,IBKR_MID,24/7,unknown,unavailable_midpoint,2026-09-10T01:17:37.021302+00:00,24
2025-12-19,SOL,117.7,127.79,117.48,127.09,0.0,IBKR_MID,24/7,unknown,unavailable_midpoint,2026-09-10T01:17:37.021302+00:00,24
2025-12-19,XRP,1.81,1.925,1.77,1.91,0.0,IBKR_MID,24/7,unknown,unavailable_midpoint,2026-09-10T01:17:37.021302+00:00,24
2025-12-22,BTC,88142.25,90542.5,87395.25,88305.0,0.0,IBKR_MID,24/7,unknown,unavailable_midpoint,2026-09-10T01:17:37.021302+00:00,24
2025-12-22,DOGE,0.13,0.14,0.13,0.13,0.0,IBKR_MID,24/7,unknown,unavailable_midpoint,2026-09-10T01:17:37.021302+00:00,24
2025-12-22,ETH,2979.85,3172.25,2918.9,2974.7,0.0,IBKR_MID,24/7,unknown,unavailable_midpoint,2026-09-10T01:17:37.021302+00:00,24
2025-12-22,SOL,125.25,128.71,123.39,124.36,0.0,IBKR_MID,24/7,unknown,unavailable_midpoint,2026-09-10T01:17:37.021302+00:00,24
2025-12-22,XRP,1.92,1.965,1.89,1.9,0.0,IBKR_MID,24/7,unknown,unavailable_midpoint,2026-09-10T01:17:37.021302+00:00,24
2025-12-23,BTC,88316.25,88887.0,86545.5,87619.75,0.0,IBKR_MID,24/7,unknown,unavailable_midpoint,2026-09-10T01:17:37.021302+00:00,24
2025-12-23,DOGE,0.13,0.13,0.13,0.13,0.0,IBKR_MID,24/7,unknown,unavailable_midpoint,2026-09-10T01:17:37.021302+00:00,24
2025-12-23,ETH,2976.55,3139.25,2900.4,2967.5,0.0,IBKR_MID,24/7,unknown,unavailable_midpoint,2026-09-10T01:17:37.021302+00:00,24
2025-12-23,SOL,124.27,126.86,122.09,124.63,0.0,IBKR_MID,24/7,unknown,unavailable_midpoint,2026-09-10T01:17:37.021302+00:00,24
2025-12-23,XRP,1.9,1.91,1.86,1.88,0.0,IBKR_MID,24/7,unknown,unavailable_midpoint,2026-09-10T01:17:37.021302+00:00,24
2025-12-24,BTC,87665.25,87791.0,86361.5,87496.0,0.0,IBKR_MID,24/7,unknown,unavailable_midpoint,2026-09-10T01:17:37.021302+00:00,24
2025-12-24,DOGE,0.13,0.13,0.13,0.13,0.0,IBKR_MID,24/7,unknown,unavailable_midpoint,2026-09-10T01:17:37.021302+00:00,24
2025-12-24,ETH,2968.7,3112.85,2886.65,2941.05,0.0,IBKR_MID,24/7,unknown,unavailable_midpoint,2026-09-10T01:17:37.021302+00:00,24
2025-12-24,SOL,124.47,124.54,120.5,122.56,0.0,IBKR_MID,24/7,unknown,unavailable_midpoint,2026-09-10T01:17:37.021302+00:00,24
2025-12-24,XRP,1.88,1.88,1.84,1.86,0.0,IBKR_MID,24/7,unknown,unavailable_midpoint,2026-09-10T01:17:37.021302+00:00,24
2025-12-25,BTC,87548.0,88549.75,87196.0,87827.75,0.0,IBKR_MID,24/7,unknown,unavailable_midpoint,2026-09-10T01:17:37.021302+00:00,24
2025-12-25,DOGE,0.13,0.13,0.13,0.13,0.0,IBKR_MID,24/7,unknown,unavailable_midpoint,2026-09-10T01:17:37.021302+00:00,24
2025-12-25,ETH,2942.95,3102.85,2910.6,2948.55,0.0,IBKR_MID,24/7,unknown,unavailable_midpoint,2026-09-10T01:17:37.021302+00:00,24
2025-12-25,SOL,122.74,124.38,121.21,123.22,0.0,IBKR_MID,24/7,unknown,unavailable_midpoint,2026-09-10T01:17:37.021302+00:00,24
2025-12-25,XRP,1.86,1.89,1.85,1.87,0.0,IBKR_MID,24/7,unknown,unavailable_midpoint,2026-09-10T01:17:37.021302+00:00,24
2025-12-26,BTC,87815.25,89495.75,86585.25,87505.75,0.0,IBKR_MID,24/7,unknown,unavailable_midpoint,2026-09-10T01:17:37.021302+00:00,24
2025-12-26,DOGE,0.13,0.13,0.12,0.12,0.0,IBKR_MID,24/7,unknown,unavailable_midpoint,2026-09-10T01:17:37.021302+00:00,24
2025-12-26,ETH,2947.75,3116.4,2890.45,2928.9,0.0,IBKR_MID,24/7,unknown,unavailable_midpoint,2026-09-10T01:17:37.021302+00:00,24
2025-12-26,SOL,123.16,125.06,119.19,122.31,0.0,IBKR_MID,24/7,unknown,unavailable_midpoint,2026-09-10T01:17:37.021302+00:00,24
2025-12-26,XRP,1.87,1.88,1.82,1.85,0.0,IBKR_MID,24/7,unknown,unavailable_midpoint,2026-09-10T01:17:37.021302+00:00,24
2025-12-29,BTC,87671.75,90305.75,86688.5,87090.25,0.0,IBKR_MID,24/7,unknown,unavailable_midpoint,2026-09-10T01:17:37.021302+00:00,24
2025-12-29,DOGE,0.12,0.14,0.12,0.12,0.0,IBKR_MID,24/7,unknown,unavailable_midpoint,2026-09-10T01:17:37.021302+00:00,24
2025-12-29,ETH,2936.8,3144.45,2905.9,2926.0,0.0,IBKR_MID,24/7,unknown,unavailable_midpoint,2026-09-10T01:17:37.021302+00:00,24
2025-12-29,SOL,124.12,130.06,122.22,123.19,0.0,IBKR_MID,24/7,unknown,unavailable_midpoint,2026-09-10T01:17:37.021302+00:00,24
2025-12-29,XRP,1.87,1.92,1.84,1.85,0.0,IBKR_MID,24/7,unknown,unavailable_midpoint,2026-09-10T01:17:37.021302+00:00,24
2025-12-30,BTC,87150.5,89777.5,84785.75,87845.0,0.0,IBKR_MID,24/7,unknown,unavailable_midpoint,2026-09-10T01:17:37.021302+00:00,24
2025-12-30,DOGE,0.12,0.14,0.12,0.12,0.0,IBKR_MID,24/7,unknown,unavailable_midpoint,2026-09-10T01:17:37.021302+00:00,24
2025-12-30,ETH,2928.05,3121.15,2915.15,2955.65,0.0,IBKR_MID,24/7,unknown,unavailable_midpoint,2026-09-10T01:17:37.021302+00:00,24
2025-12-30,SOL,123.14,126.4,122.42,123.9,0.0,IBKR_MID,24/7,unknown,unavailable_midpoint,2026-09-10T01:17:37.021302+00:00,24
2025-12-30,XRP,1.85,1.88,1.84,1.87,0.0,IBKR_MID,24/7,unknown,unavailable_midpoint,2026-09-10T01:17:37.021302+00:00,24
2025-12-31,BTC,87793.25,89094.5,87100.0,87514.75,0.0,IBKR_MID,24/7,unknown,unavailable_midpoint,2026-09-10T01:17:37.021302+00:00,24
2025-12-31,DOGE,0.12,0.14,0.12,0.12,0.0,IBKR_MID,24/7,unknown,unavailable_midpoint,2026-09-10T01:17:37.021302+00:00,24
2025-12-31,ETH,2953.2,3110.05,2952.85,2970.4,0.0,IBKR_MID,24/7,unknown,unavailable_midpoint,2026-09-10T01:17:37.021302+00:00,24
2025-12-31,SOL,123.82,127.25,122.69,123.97,0.0,IBKR_MID,24/7,unknown,unavailable_midpoint,2026-09-10T01:17:37.021302+00:00,24
2025-12-31,XRP,1.87,1.89,1.81,1.83,0.0,IBKR_MID,24/7,unknown,unavailable_midpoint,2026-09-10T01:17:37.021302+00:00,24
2026-01-01,BTC,87555.0,88385.5,87020.25,88144.75,0.0,IBKR_MID,24/7,unknown,unavailable_midpoint,2026-09-10T01:17:37.021302+00:00,24
2026-01-01,DOGE,0.12,0.135,0.12,0.13,0.0,IBKR_MID,24/7,unknown,unavailable_midpoint,2026-09-10T01:17:37.021302+00:00,24
2026-01-01,ETH,2971.5,3120.85,2965.4,2985.5,0.0,IBKR_MID,24/7,unknown,unavailable_midpoint,2026-09-10T01:17:37.021302+00:00,24
2026-01-01,SOL,124.07,125.78,123.77,125.2,0.0,IBKR_MID,24/7,unknown,unavailable_midpoint,2026-09-10T01:17:37.021302+00:00,24
2026-01-01,XRP,1.83,1.87,1.82,1.87,0.0,IBKR_MID,24/7,unknown,unavailable_midpoint,2026-09-10T01:17:37.021302+00:00,24
2026-01-02,BTC,88153.75,90928.75,88141.0,89697.25,0.0,IBKR_MID,24/7,unknown,unavailable_midpoint,2026-09-10T01:17:37.021302+00:00,24
2026-01-02,DOGE,0.13,0.14,0.13,0.14,0.0,IBKR_MID,24/7,unknown,unavailable_midpoint,2026-09-10T01:17:37.021302+00:00,24
2026-01-02,ETH,2985.3,3171.7,2983.65,3116.45,0.0,IBKR_MID,24/7,unknown,unavailable_midpoint,2026-09-10T01:17:37.021302+00:00,24
2026-01-02,SOL,125.27,138.96,125.12,131.05,0.0,IBKR_MID,24/7,unknown,unavailable_midpoint,2026-09-10T01:17:37.021302+00:00,24
2026-01-02,XRP,1.87,2.0,1.86,1.98,0.0,IBKR_MID,24/7,unknown,unavailable_midpoint,2026-09-10T01:17:37.021302+00:00,24
2026-01-05,BTC,91493.25,94809.0,90828.5,94185.75,0.0,IBKR_MID,24/7,unknown,unavailable_midpoint,2026-09-10T01:17:37.021302+00:00,24
2026-01-05,DOGE,0.15,0.155,0.15,0.15,0.0,IBKR_MID,24/7,unknown,unavailable_midpoint,2026-09-10T01:17:37.021302+00:00,24
2026-01-05,ETH,3140.25,3277.85,3110.75,3241.6,0.0,IBKR_MID,24/7,unknown,unavailable_midpoint,2026-09-10T01:17:37.021302+00:00,24
2026-01-05,SOL,133.78,140.44,133.06,137.88,0.0,IBKR_MID,24/7,unknown,unavailable_midpoint,2026-09-10T01:17:37.021302+00:00,24
2026-01-05,XRP,2.07,2.35,2.06,2.32,0.0,IBKR_MID,24/7,unknown,unavailable_midpoint,2026-09-10T01:17:37.021302+00:00,24
2026-01-06,BTC,94150.25,94671.0,91205.25,92454.75,0.0,IBKR_MID,24/7,unknown,unavailable_midpoint,2026-09-10T01:17:37.021302+00:00,24
2026-01-06,DOGE,0.15,0.16,0.14,0.15,0.0,IBKR_MID,24/7,unknown,unavailable_midpoint,2026-09-10T01:17:37.021302+00:00,24
2026-01-06,ETH,3241.15,3308.15,3178.85,3240.2,0.0,IBKR_MID,24/7,unknown,unavailable_midpoint,2026-09-10T01:17:37.021302+00:00,24
2026-01-06,SOL,137.94,143.45,132.76,138.85,0.0,IBKR_MID,24/7,unknown,unavailable_midpoint,2026-09-10T01:17:37.021302+00:00,24
2026-01-06,XRP,2.31,2.42,2.2,2.26,0.0,IBKR_MID,24/7,unknown,unavailable_midpoint,2026-09-10T01:17:37.021302+00:00,24
2026-01-07,BTC,92437.75,93800.0,90580.5,90941.75,0.0,IBKR_MID,24/7,unknown,unavailable_midpoint,2026-09-10T01:17:37.021302+00:00,24
2026-01-07,DOGE,0.15,0.155,0.14,0.15,0.0,IBKR_MID,24/7,unknown,unavailable_midpoint,2026-09-10T01:17:37.021302+00:00,24
2026-01-07,ETH,3239.3,3300.15,3122.0,3135.55,0.0,IBKR_MID,24/7,unknown,unavailable_midpoint,2026-09-10T01:17:37.021302+00:00,24
2026-01-07,SOL,138.88,142.63,128.13,135.65,0.0,IBKR_MID,24/7,unknown,unavailable_midpoint,2026-09-10T01:17:37.021302+00:00,24
2026-01-07,XRP,2.26,2.32,2.17,2.17,0.0,IBKR_MID,24/7,unknown,unavailable_midpoint,2026-09-10T01:17:37.021302+00:00,24
2026-01-08,BTC,91062.5,91979.0,89210.5,90846.75,0.0,IBKR_MID,24/7,unknown,unavailable_midpoint,2026-09-10T01:17:37.021302+00:00,24
2026-01-08,DOGE,0.15,0.155,0.135,0.14,0.0,IBKR_MID,24/7,unknown,unavailable_midpoint,2026-09-10T01:17:37.021302+00:00,24
2026-01-08,ETH,3138.9,3205.9,3013.4,3104.5,0.0,IBKR_MID,24/7,unknown,unavailable_midpoint,2026-09-10T01:17:37.021302+00:00,24
2026-01-08,SOL,135.68,138.96,130.51,137.55,0.0,IBKR_MID,24/7,unknown,unavailable_midpoint,2026-09-10T01:17:37.021302+00:00,24
2026-01-08,XRP,2.17,2.305,2.06,2.13,0.0,IBKR_MID,24/7,unknown,unavailable_midpoint,2026-09-10T01:17:37.021302+00:00,24
2026-01-09,BTC,90871.25,92029.0,89628.5,90197.75,0.0,IBKR_MID,24/7,unknown,unavailable_midpoint,2026-09-10T01:17:37.021302+00:00,24
2026-01-09,DOGE,0.14,0.15,0.135,0.14,0.0,IBKR_MID,24/7,unknown,unavailable_midpoint,2026-09-10T01:17:37.021302+00:00,24
2026-01-09,ETH,3106.8,3157.45,3014.05,3069.85,0.0,IBKR_MID,24/7,unknown,unavailable_midpoint,2026-09-10T01:17:37.021302+00:00,24
2026-01-09,SOL,137.75,140.96,134.77,135.45,0.0,IBKR_MID,24/7,unknown,unavailable_midpoint,2026-09-10T01:17:37.021302+00:00,24
2026-01-09,XRP,2.12,2.16,2.07,2.08,0.0,IBKR_MID,24/7,unknown,unavailable_midpoint,2026-09-10T01:17:37.021302+00:00,24
2026-01-12,BTC,90584.0,92403.75,90007.75,91409.75,0.0,IBKR_MID,24/7,unknown,unavailable_midpoint,2026-09-10T01:17:37.021302+00:00,24
2026-01-12,DOGE,0.14,0.14,0.135,0.14,0.0,IBKR_MID,24/7,unknown,unavailable_midpoint,2026-09-10T01:17:37.021302+00:00,24
2026-01-12,ETH,3091.15,3172.4,3062.2,3099.7,0.0,IBKR_MID,24/7,unknown,unavailable_midpoint,2026-09-10T01:17:37.021302+00:00,24
2026-01-12,SOL,136.0,144.2,135.9,140.12,0.0,IBKR_MID,24/7,unknown,unavailable_midpoint,2026-09-10T01:17:37.021302+00:00,24
2026-01-12,XRP,2.09,2.145,2.03,2.06,0.0,IBKR_MID,24/7,unknown,unavailable_midpoint,2026-09-10T01:17:37.021302+00:00,24
2026-01-13,BTC,91376.0,94614.5,90866.5,94414.75,0.0,IBKR_MID,24/7,unknown,unavailable_midpoint,2026-09-10T01:17:37.021302+00:00,24
2026-01-13,DOGE,0.14,0.15,0.135,0.14,0.0,IBKR_MID,24/7,unknown,unavailable_midpoint,2026-09-10T01:17:37.021302+00:00,24
2026-01-13,ETH,3098.55,3219.7,3082.1,3204.25,0.0,IBKR_MID,24/7,unknown,unavailable_midpoint,2026-09-10T01:17:37.021302+00:00,24
2026-01-13,SOL,140.0,144.47,136.89,143.81,0.0,IBKR_MID,24/7,unknown,unavailable_midpoint,2026-09-10T01:17:37.021302+00:00,24
2026-01-13,XRP,2.06,2.18,2.04,2.13,0.0,IBKR_MID,24/7,unknown,unavailable_midpoint,2026-09-10T01:17:37.021302+00:00,24
2026-01-14,BTC,94460.0,97936.75,94047.0,97677.25,0.0,IBKR_MID,24/7,unknown,unavailable_midpoint,2026-09-10T01:17:37.021302+00:00,24
2026-01-14,DOGE,0.14,0.155,0.13,0.15,0.0,IBKR_MID,24/7,unknown,unavailable_midpoint,2026-09-10T01:17:37.021302+00:00,24
2026-01-14,ETH,3204.85,3403.6,2992.5,3384.4,0.0,IBKR_MID,24/7,unknown,unavailable_midpoint,2026-09-10T01:17:37.021302+00:00,24
2026-01-14,SOL,143.73,148.75,138.88,147.53,0.0,IBKR_MID,24/7,unknown,unavailable_midpoint,2026-09-10T01:17:37.021302+00:00,24
2026-01-14,XRP,2.14,2.21,2.1,2.15,0.0,IBKR_MID,24/7,unknown,unavailable_midpoint,2026-09-10T01:17:37.021302+00:00,24
2026-01-15,BTC,97517.75,97729.5,95007.75,95230.0,0.0,IBKR_MID,24/7,unknown,unavailable_midpoint,2026-09-10T01:17:37.021302+00:00,24
2026-01-15,DOGE,0.15,0.15,0.135,0.14,0.0,IBKR_MID,24/7,unknown,unavailable_midpoint,2026-09-10T01:17:37.021302+00:00,24
2026-01-15,ETH,3380.0,3398.55,3225.65,3287.6,0.0,IBKR_MID,24/7,unknown,unavailable_midpoint,2026-09-10T01:17:37.021302+00:00,24
2026-01-15,SOL,147.41,147.55,140.67,141.41,0.0,IBKR_MID,24/7,unknown,unavailable_midpoint,2026-09-10T01:17:37.021302+00:00,24
2026-01-15,XRP,2.15,2.18,2.05,2.065,0.0,IBKR_MID,24/7,unknown,unavailable_midpoint,2026-09-10T01:17:37.021302+00:00,24
2026-01-16,BTC,95172.25,95827.5,94241.75,95525.0,0.0,IBKR_MID,24/7,unknown,unavailable_midpoint,2026-09-10T01:17:37.021302+00:00,24
2026-01-16,DOGE,0.14,0.14,0.135,0.14,0.0,IBKR_MID,24/7,unknown,unavailable_midpoint,2026-09-10T01:17:37.021302+00:00,24
2026-01-16,ETH,3283.8,3365.7,3251.05,3291.55,0.0,IBKR_MID,24/7,unknown,unavailable_midpoint,2026-09-10T01:17:37.021302+00:00,24
2026-01-16,SOL,141.27,144.94,140.18,144.9,0.0,IBKR_MID,24/7,unknown,unavailable_midpoint,2026-09-10T01:17:37.021302+00:00,24
2026-01-16,XRP,2.06,2.145,2.025,2.08,0.0,IBKR_MID,24/7,unknown,unavailable_midpoint,2026-09-10T01:17:37.021302+00:00,24
2026-01-19,BTC,94998.0,95489.5,91898.0,93086.0,0.0,IBKR_MID,24/7,unknown,unavailable_midpoint,2026-09-10T01:17:37.021302+00:00,24
2026-01-19,DOGE,0.14,0.145,0.12,0.13,0.0,IBKR_MID,24/7,unknown,unavailable_midpoint,2026-09-10T01:17:37.021302+00:00,24
2026-01-19,ETH,3305.95,3388.6,3157.35,3213.45,0.0,IBKR_MID,24/7,unknown,unavailable_midpoint,2026-09-10T01:17:37.021302+00:00,24
2026-01-19,SOL,142.07,144.95,129.99,134.59,0.0,IBKR_MID,24/7,unknown,unavailable_midpoint,2026-09-10T01:17:37.021302+00:00,24
2026-01-19,XRP,2.05,2.075,1.85,2.0,0.0,IBKR_MID,24/7,unknown,unavailable_midpoint,2026-09-10T01:17:37.021302+00:00,24
2026-01-20,BTC,94555.25,94907.0,89176.25,89600.25,0.0,IBKR_MID,24/7,unknown,unavailable_midpoint,2026-09-10T01:17:37.021302+00:00,24
2026-01-20,DOGE,0.13,0.13,0.12,0.12,0.0,IBKR_MID,24/7,unknown,unavailable_midpoint,2026-09-10T01:17:37.021302+00:00,24
2026-01-20,ETH,3167.1,3220.3,2977.65,3002.25,0.0,IBKR_MID,24/7,unknown,unavailable_midpoint,2026-09-10T01:17:37.021302+00:00,24
2026-01-20,SOL,139.0,139.51,126.14,127.65,0.0,IBKR_MID,24/7,unknown,unavailable_midpoint,2026-09-10T01:17:37.021302+00:00,24
2026-01-20,XRP,2.05,2.05,1.89,1.9,0.0,IBKR_MID,24/7,unknown,unavailable_midpoint,2026-09-10T01:17:37.021302+00:00,24
2026-01-21,BTC,89556.5,91923.75,87167.75,90132.75,0.0,IBKR_MID,24/7,unknown,unavailable_midpoint,2026-09-10T01:17:37.021302+00:00,24
2026-01-21,DOGE,0.12,0.13,0.12,0.13,0.0,IBKR_MID,24/7,unknown,unavailable_midpoint,2026-09-10T01:17:37.021302+00:00,24
2026-01-21,ETH,3000.95,3217.45,2861.05,3028.5,0.0,IBKR_MID,24/7,unknown,unavailable_midpoint,2026-09-10T01:17:37.021302+00:00,24
2026-01-21,SOL,127.64,136.27,124.49,131.03,0.0,IBKR_MID,24/7,unknown,unavailable_midpoint,2026-09-10T01:17:37.021302+00:00,24
2026-01-21,XRP,1.9,2.045,1.87,1.97,0.0,IBKR_MID,24/7,unknown,unavailable_midpoint,2026-09-10T01:17:37.021302+00:00,24
2026-01-22,BTC,89981.5,91789.75,88424.0,89307.5,0.0,IBKR_MID,24/7,unknown,unavailable_midpoint,2026-09-10T01:17:37.021302+00:00,24
2026-01-22,DOGE,0.13,0.13,0.12,0.12,0.0,IBKR_MID,24/7,unknown,unavailable_midpoint,2026-09-10T01:17:37.021302+00:00,24
2026-01-22,ETH,3022.3,3072.2,2903.0,2935.8,0.0,IBKR_MID,24/7,unknown,unavailable_midpoint,2026-09-10T01:17:37.021302+00:00,24
2026-01-22,SOL,130.78,136.38,125.0,128.36,0.0,IBKR_MID,24/7,unknown,unavailable_midpoint,2026-09-10T01:17:37.021302+00:00,24
2026-01-22,XRP,1.97,2.165,1.9,1.92,0.0,IBKR_MID,24/7,unknown,unavailable_midpoint,2026-09-10T01:17:37.021302+00:00,24
2026-01-23,BTC,89492.0,91452.75,88447.5,89676.5,0.0,IBKR_MID,24/7,unknown,unavailable_midpoint,2026-09-10T01:17:37.021302+00:00,24
2026-01-23,DOGE,0.12,0.13,0.12,0.12,0.0,IBKR_MID,24/7,unknown,unavailable_midpoint,2026-09-10T01:17:37.021302+00:00,24
2026-01-23,ETH,2939.75,3021.9,2886.75,2936.3,0.0,IBKR_MID,24/7,unknown,unavailable_midpoint,2026-09-10T01:17:37.021302+00:00,24
2026-01-23,SOL,128.52,135.47,125.14,126.48,0.0,IBKR_MID,24/7,unknown,unavailable_midpoint,2026-09-10T01:17:37.021302+00:00,24
2026-01-23,XRP,1.92,2.165,1.88,1.945,0.0,IBKR_MID,24/7,unknown,unavailable_midpoint,2026-09-10T01:17:37.021302+00:00,24
2026-01-26,BTC,88520.75,88843.75,86000.5,87522.25,0.0,IBKR_MID,24/7,unknown,unavailable_midpoint,2026-09-10T01:17:37.021302+00:00,24
2026-01-26,DOGE,0.12,0.125,0.12,0.12,0.0,IBKR_MID,24/7,unknown,unavailable_midpoint,2026-09-10T01:17:37.021302+00:00,24
2026-01-26,ETH,2935.5,3050.7,2783.75,2898.25,0.0,IBKR_MID,24/7,unknown,unavailable_midpoint,2026-09-10T01:17:37.021302+00:00,24
2026-01-26,SOL,126.27,127.78,116.62,123.53,0.0,IBKR_MID,24/7,unknown,unavailable_midpoint,2026-09-10T01:17:37.021302+00:00,24
2026-01-26,XRP,1.89,1.955,1.805,1.89,0.0,IBKR_MID,24/7,unknown,unavailable_midpoint,2026-09-10T01:17:37.021302+00:00,24
2026-01-27,BTC,87477.25,89382.75,87185.75,89289.25,0.0,IBKR_MID,24/7,unknown,unavailable_midpoint,2026-09-10T01:17:37.021302+00:00,24
2026-01-27,DOGE,0.12,0.13,0.12,0.13,0.0,IBKR_MID,24/7,unknown,unavailable_midpoint,2026-09-10T01:17:37.021302+00:00,24
2026-01-27,ETH,2899.5,3023.7,2880.75,3018.6,0.0,IBKR_MID,24/7,unknown,unavailable_midpoint,2026-09-10T01:17:37.021302+00:00,24
2026-01-27,SOL,123.5,127.36,122.95,127.22,0.0,IBKR_MID,24/7,unknown,unavailable_midpoint,2026-09-10T01:17:37.021302+00:00,24
2026-01-27,XRP,1.89,1.935,1.87,1.92,0.0,IBKR_MID,24/7,unknown,unavailable_midpoint,2026-09-10T01:17:37.021302+00:00,24
2026-01-28,BTC,89143.0,90448.0,88712.25,88994.25,0.0,IBKR_MID,24/7,unknown,unavailable_midpoint,2026-09-10T01:17:37.021302+00:00,24
2026-01-28,DOGE,0.13,0.13,0.12,0.12,0.0,IBKR_MID,24/7,unknown,unavailable_midpoint,2026-09-10T01:17:37.021302+00:00,24
2026-01-28,ETH,3012.95,3089.55,2978.65,3007.85,0.0,IBKR_MID,24/7,unknown,unavailable_midpoint,2026-09-10T01:17:37.021302+00:00,24
2026-01-28,SOL,127.06,128.15,125.1,125.25,0.0,IBKR_MID,24/7,unknown,unavailable_midpoint,2026-09-10T01:17:37.021302+00:00,24
2026-01-28,XRP,1.92,1.94,1.89,1.92,0.0,IBKR_MID,24/7,unknown,unavailable_midpoint,2026-09-10T01:17:37.021302+00:00,24
2026-01-29,BTC,88904.5,89463.0,82881.5,84380.0,0.0,IBKR_MID,24/7,unknown,unavailable_midpoint,2026-09-10T01:17:37.021302+00:00,24
2026-01-29,DOGE,0.12,0.13,0.11,0.12,0.0,IBKR_MID,24/7,unknown,unavailable_midpoint,2026-09-10T01:17:37.021302+00:00,24
2026-01-29,ETH,3003.25,3022.9,2738.75,2800.9,0.0,IBKR_MID,24/7,unknown,unavailable_midpoint,2026-09-10T01:17:37.021302+00:00,24
2026-01-29,SOL,125.06,125.66,115.19,116.78,0.0,IBKR_MID,24/7,unknown,unavailable_midpoint,2026-09-10T01:17:37.021302+00:00,24
2026-01-29,XRP,1.91,1.92,1.775,1.8,0.0,IBKR_MID,24/7,unknown,unavailable_midpoint,2026-09-10T01:17:37.021302+00:00,24
2026-01-30,BTC,84102.25,85651.5,81025.5,83746.25,0.0,IBKR_MID,24/7,unknown,unavailable_midpoint,2026-09-10T01:17:37.021302+00:00,24
2026-01-30,DOGE,0.12,0.12,0.11,0.12,0.0,IBKR_MID,24/7,unknown,unavailable_midpoint,2026-09-10T01:17:37.021302+00:00,24
2026-01-30,ETH,2804.45,2881.8,2632.95,2676.15,0.0,IBKR_MID,24/7,unknown,unavailable_midpoint,2026-09-10T01:17:37.021302+00:00,24
2026-01-30,SOL,117.06,123.84,111.9,116.8,0.0,IBKR_MID,24/7,unknown,unavailable_midpoint,2026-09-10T01:17:37.021302+00:00,24
2026-01-30,XRP,1.8,1.87,1.71,1.74,0.0,IBKR_MID,24/7,unknown,unavailable_midpoint,2026-09-10T01:17:37.021302+00:00,24
2026-02-02,BTC,78275.0,79316.25,74399.75,77932.25,0.0,IBKR_MID,24/7,unknown,unavailable_midpoint,2026-09-10T01:17:37.021302+00:00,24
2026-02-02,DOGE,0.11,0.115,0.1,0.11,0.0,IBKR_MID,24/7,unknown,unavailable_midpoint,2026-09-10T01:17:37.021302+00:00,24
2026-02-02,ETH,2408.85,2451.4,2158.15,2319.25,0.0,IBKR_MID,24/7,unknown,unavailable_midpoint,2026-09-10T01:17:37.021302+00:00,24
2026-02-02,SOL,105.09,106.57,95.86,103.75,0.0,IBKR_MID,24/7,unknown,unavailable_midpoint,2026-09-10T01:17:37.021302+00:00,24
2026-02-02,XRP,1.66,1.68,1.53,1.61,0.0,IBKR_MID,24/7,unknown,unavailable_midpoint,2026-09-10T01:17:37.021302+00:00,24
2026-02-03,BTC,77968.5,79115.5,72863.25,76399.75,0.0,IBKR_MID,24/7,unknown,unavailable_midpoint,2026-09-10T01:17:37.021302+00:00,24
2026-02-03,DOGE,0.11,0.13,0.1,0.11,0.0,IBKR_MID,24/7,unknown,unavailable_midpoint,2026-09-10T01:17:37.021302+00:00,24
2026-02-03,ETH,2324.35,2369.05,2107.25,2296.65,0.0,IBKR_MID,24/7,unknown,unavailable_midpoint,2026-09-10T01:17:37.021302+00:00,24
2026-02-03,SOL,103.97,108.98,96.39,101.05,0.0,IBKR_MID,24/7,unknown,unavailable_midpoint,2026-09-10T01:17:37.021302+00:00,24
2026-02-03,XRP,1.62,1.675,1.525,1.62,0.0,IBKR_MID,24/7,unknown,unavailable_midpoint,2026-09-10T01:17:37.021302+00:00,24
2026-02-04,BTC,76423.5,76878.75,72044.5,73350.5,0.0,IBKR_MID,24/7,unknown,unavailable_midpoint,2026-09-10T01:17:37.021302+00:00,24
2026-02-04,DOGE,0.11,0.13,0.1,0.1,0.0,IBKR_MID,24/7,unknown,unavailable_midpoint,2026-09-10T01:17:37.021302+00:00,24
2026-02-04,ETH,2299.15,2400.9,2072.6,2167.8,0.0,IBKR_MID,24/7,unknown,unavailable_midpoint,2026-09-10T01:17:37.021302+00:00,24
2026-02-04,SOL,101.03,106.06,89.8,93.03,0.0,IBKR_MID,24/7,unknown,unavailable_midpoint,2026-09-10T01:17:37.021302+00:00,24
2026-02-04,XRP,1.615,1.635,1.5,1.53,0.0,IBKR_MID,24/7,unknown,unavailable_midpoint,2026-09-10T01:17:37.021302+00:00,24
2026-02-05,BTC,73420.0,73797.25,62214.74999999999,63627.75,0.0,IBKR_MID,24/7,unknown,unavailable_midpoint,2026-09-10T01:17:37.021302+00:00,24
2026-02-05,DOGE,0.1,0.14,0.085,0.09,0.0,IBKR_MID,24/7,unknown,unavailable_midpoint,2026-09-10T01:17:37.021302+00:00,24
2026-02-05,ETH,2171.4,2182.95,1821.35,1865.75,0.0,IBKR_MID,24/7,unknown,unavailable_midpoint,2026-09-10T01:17:37.021302+00:00,24
2026-02-05,SOL,93.11,98.86,77.53,78.65,0.0,IBKR_MID,24/7,unknown,unavailable_midpoint,2026-09-10T01:17:37.021302+00:00,24
2026-02-05,XRP,1.53,1.62,1.135,1.19,0.0,IBKR_MID,24/7,unknown,unavailable_midpoint,2026-09-10T01:17:37.021302+00:00,24
2026-02-06,BTC,64269.75,71706.75,59907.25000000001,69965.5,0.0,IBKR_MID,24/7,unknown,unavailable_midpoint,2026-09-10T01:17:37.021302+00:00,24
2026-02-06,DOGE,0.09,0.1,0.08,0.1,0.0,IBKR_MID,24/7,unknown,unavailable_midpoint,2026-09-10T01:17:37.021302+00:00,24
2026-02-06,ETH,1891.3,2095.75,1743.35,2054.95,0.0,IBKR_MID,24/7,unknown,unavailable_midpoint,2026-09-10T01:17:37.021302+00:00,24
2026-02-06,SOL,79.66,94.6,67.49,86.83,0.0,IBKR_MID,24/7,unknown,unavailable_midpoint,2026-09-10T01:17:37.021302+00:00,24
2026-02-06,XRP,1.195,1.835,1.105,1.45,0.0,IBKR_MID,24/7,unknown,unavailable_midpoint,2026-09-10T01:17:37.021302+00:00,24
2026-02-09,BTC,69652.5,72253.5,68250.75,70712.5,0.0,IBKR_MID,24/7,unknown,unavailable_midpoint,2026-09-10T01:17:37.021302+00:00,24
2026-02-09,DOGE,0.1,0.1,0.09,0.1,0.0,IBKR_MID,24/7,unknown,unavailable_midpoint,2026-09-10T01:17:37.021302+00:00,24
2026-02-09,ETH,2082.75,2170.0,2007.2,2123.9,0.0,IBKR_MID,24/7,unknown,unavailable_midpoint,2026-09-10T01:17:37.021302+00:00,24
2026-02-09,SOL,87.34,89.0,82.76,87.73,0.0,IBKR_MID,24/7,unknown,unavailable_midpoint,2026-09-10T01:17:37.021302+00:00,24
2026-02-09,XRP,1.42,1.475,1.37,1.455,0.0,IBKR_MID,24/7,unknown,unavailable_midpoint,2026-09-10T01:17:37.021302+00:00,24
2026-02-10,BTC,70679.25,71253.25,67886.75,68713.75,0.0,IBKR_MID,24/7,unknown,unavailable_midpoint,2026-09-10T01:17:37.021302+00:00,24
2026-02-10,DOGE,0.1,0.1,0.075,0.09,0.0,IBKR_MID,24/7,unknown,unavailable_midpoint,2026-09-10T01:17:37.021302+00:00,24
2026-02-10,ETH,2122.15,2133.1,1988.65,2010.45,0.0,IBKR_MID,24/7,unknown,unavailable_midpoint,2026-09-10T01:17:37.021302+00:00,24
2026-02-10,SOL,87.68,91.68,82.25,82.58,0.0,IBKR_MID,24/7,unknown,unavailable_midpoint,2026-09-10T01:17:37.021302+00:00,24
2026-02-10,XRP,1.455,1.475,1.385,1.4,0.0,IBKR_MID,24/7,unknown,unavailable_midpoint,2026-09-10T01:17:37.021302+00:00,24
2026-02-11,BTC,68750.75,69254.75,65697.0,67514.0,0.0,IBKR_MID,24/7,unknown,unavailable_midpoint,2026-09-10T01:17:37.021302+00:00,24
2026-02-11,DOGE,0.09,0.09,0.07,0.09,0.0,IBKR_MID,24/7,unknown,unavailable_midpoint,2026-09-10T01:17:37.021302+00:00,24
2026-02-11,ETH,2012.5,2063.05,1901.05,1953.95,0.0,IBKR_MID,24/7,unknown,unavailable_midpoint,2026-09-10T01:17:37.021302+00:00,24
2026-02-11,SOL,82.63,86.08,77.96,79.59,0.0,IBKR_MID,24/7,unknown,unavailable_midpoint,2026-09-10T01:17:37.021302+00:00,24
2026-02-11,XRP,1.4,1.57,1.34,1.38,0.0,IBKR_MID,24/7,unknown,unavailable_midpoint,2026-09-10T01:17:37.021302+00:00,24
2026-02-12,BTC,67442.75,68377.25,65074.74999999999,65369.5,0.0,IBKR_MID,24/7,unknown,unavailable_midpoint,2026-09-10T01:17:37.021302+00:00,24
2026-02-12,DOGE,0.09,0.09,0.09,0.09,0.0,IBKR_MID,24/7,unknown,unavailable_midpoint,2026-09-10T01:17:37.021302+00:00,24
2026-02-12,ETH,1952.35,2000.35,1896.3,1914.3,0.0,IBKR_MID,24/7,unknown,unavailable_midpoint,2026-09-10T01:17:37.021302+00:00,24
2026-02-12,SOL,79.66,82.2,76.53,76.86,0.0,IBKR_MID,24/7,unknown,unavailable_midpoint,2026-09-10T01:17:37.021302+00:00,24
2026-02-12,XRP,1.38,1.44,1.345,1.35,0.0,IBKR_MID,24/7,unknown,unavailable_midpoint,2026-09-10T01:17:37.021302+00:00,24
2026-02-13,BTC,65404.74999999999,69420.0,65380.99999999999,68732.5,0.0,IBKR_MID,24/7,unknown,unavailable_midpoint,2026-09-10T01:17:37.021302+00:00,24
2026-02-13,DOGE,0.09,0.1,0.09,0.1,0.0,IBKR_MID,24/7,unknown,unavailable_midpoint,2026-09-10T01:17:37.021302+00:00,24
2026-02-13,ETH,1914.75,2071.65,1912.25,2044.65,0.0,IBKR_MID,24/7,unknown,unavailable_midpoint,2026-09-10T01:17:37.021302+00:00,24
2026-02-13,SOL,76.91,85.59,76.87,84.72,0.0,IBKR_MID,24/7,unknown,unavailable_midpoint,2026-09-10T01:17:37.021302+00:00,24
2026-02-13,XRP,1.35,1.43,1.345,1.41,0.0,IBKR_MID,24/7,unknown,unavailable_midpoint,2026-09-10T01:17:37.021302+00:00,24
2026-02-16,BTC,70787.5,70943.0,67250.0,68483.25,0.0,IBKR_MID,24/7,unknown,unavailable_midpoint,2026-09-10T01:17:37.021302+00:00,24
2026-02-16,DOGE,0.12,0.12,0.1,0.1,0.0,IBKR_MID,24/7,unknown,unavailable_midpoint,2026-09-10T01:17:37.021302+00:00,24
2026-02-16,ETH,2090.35,2095.75,1927.85,1992.3,0.0,IBKR_MID,24/7,unknown,unavailable_midpoint,2026-09-10T01:17:37.021302+00:00,24
2026-02-16,SOL,90.69,91.22,82.51,85.31,0.0,IBKR_MID,24/7,unknown,unavailable_midpoint,2026-09-10T01:17:37.021302+00:00,24
2026-02-16,XRP,1.65,1.725,1.44,1.48,0.0,IBKR_MID,24/7,unknown,unavailable_midpoint,2026-09-10T01:17:37.021302+00:00,24
2026-02-17,BTC,68481.75,69198.5,65988.25,67713.0,0.0,IBKR_MID,24/7,unknown,unavailable_midpoint,2026-09-10T01:17:37.021302+00:00,24
2026-02-17,DOGE,0.1,0.1,0.1,0.1,0.0,IBKR_MID,24/7,unknown,unavailable_midpoint,2026-09-10T01:17:37.021302+00:00,24
2026-02-17,ETH,1991.15,2015.35,1940.5,1993.45,0.0,IBKR_MID,24/7,unknown,unavailable_midpoint,2026-09-10T01:17:37.021302+00:00,24
2026-02-17,SOL,85.19,88.34,82.36,84.94,0.0,IBKR_MID,24/7,unknown,unavailable_midpoint,2026-09-10T01:17:37.021302+00:00,24
2026-02-17,XRP,1.48,1.52,1.43,1.49,0.0,IBKR_MID,24/7,unknown,unavailable_midpoint,2026-09-10T01:17:37.021302+00:00,24
2026-02-18,BTC,67696.25,69201.75,65823.5,66223.0,0.0,IBKR_MID,24/7,unknown,unavailable_midpoint,2026-09-10T01:17:37.021302+00:00,24
2026-02-18,DOGE,0.1,0.1,0.1,0.1,0.0,IBKR_MID,24/7,unknown,unavailable_midpoint,2026-09-10T01:17:37.021302+00:00,24
2026-02-18,ETH,1995.95,2038.3,1922.75,1938.45,0.0,IBKR_MID,24/7,unknown,unavailable_midpoint,2026-09-10T01:17:37.021302+00:00,24
2026-02-18,SOL,85.06,86.05,80.41,81.28,0.0,IBKR_MID,24/7,unknown,unavailable_midpoint,2026-09-10T01:17:37.021302+00:00,24
2026-02-18,XRP,1.49,1.5,1.42,1.42,0.0,IBKR_MID,24/7,unknown,unavailable_midpoint,2026-09-10T01:17:37.021302+00:00,24
2026-02-19,BTC,66271.75,67640.75,65615.0,67114.5,0.0,IBKR_MID,24/7,unknown,unavailable_midpoint,2026-09-10T01:17:37.021302+00:00,24
2026-02-19,DOGE,0.1,0.1,0.1,0.1,0.0,IBKR_MID,24/7,unknown,unavailable_midpoint,2026-09-10T01:17:37.021302+00:00,24
2026-02-19,ETH,1940.5,1987.05,1905.95,1949.45,0.0,IBKR_MID,24/7,unknown,unavailable_midpoint,2026-09-10T01:17:37.021302+00:00,24
2026-02-19,SOL,81.37,84.17,79.56,82.06,0.0,IBKR_MID,24/7,unknown,unavailable_midpoint,2026-09-10T01:17:37.021302+00:00,24
2026-02-19,XRP,1.42,1.455,1.38,1.41,0.0,IBKR_MID,24/7,unknown,unavailable_midpoint,2026-09-10T01:17:37.021302+00:00,24
2026-02-20,BTC,67011.75,68295.25,66429.25,67733.75,0.0,IBKR_MID,24/7,unknown,unavailable_midpoint,2026-09-10T01:17:37.021302+00:00,24
2026-02-20,DOGE,0.1,0.1,0.1,0.1,0.0,IBKR_MID,24/7,unknown,unavailable_midpoint,2026-09-10T01:17:37.021302+00:00,24
2026-02-20,ETH,1948.1,2000.95,1923.0,1970.5,0.0,IBKR_MID,24/7,unknown,unavailable_midpoint,2026-09-10T01:17:37.021302+00:00,24
2026-02-20,SOL,81.97,96.4,81.73,84.59,0.0,IBKR_MID,24/7,unknown,unavailable_midpoint,2026-09-10T01:17:37.021302+00:00,24
2026-02-20,XRP,1.41,1.455,1.38,1.42,0.0,IBKR_MID,24/7,unknown,unavailable_midpoint,2026-09-10T01:17:37.021302+00:00,24
2026-02-23,BTC,67996.5,68230.0,63860.0,64455.75,0.0,IBKR_MID,24/7,unknown,unavailable_midpoint,2026-09-10T01:17:37.021302+00:00,24
2026-02-23,DOGE,0.1,0.1,0.09,0.09,0.0,IBKR_MID,24/7,unknown,unavailable_midpoint,2026-09-10T01:17:37.021302+00:00,24
2026-02-23,ETH,1975.95,1982.95,1836.75,1860.05,0.0,IBKR_MID,24/7,unknown,unavailable_midpoint,2026-09-10T01:17:37.021302+00:00,24
2026-02-23,SOL,85.23,85.4,77.11,78.3,0.0,IBKR_MID,24/7,unknown,unavailable_midpoint,2026-09-10T01:17:37.021302+00:00,24
2026-02-23,XRP,1.42,1.455,1.33,1.35,0.0,IBKR_MID,24/7,unknown,unavailable_midpoint,2026-09-10T01:17:37.021302+00:00,24
2026-02-24,BTC,64458.0,64996.5,62544.74999999999,64476.25,0.0,IBKR_MID,24/7,unknown,unavailable_midpoint,2026-09-10T01:17:37.021302+00:00,24
2026-02-24,DOGE,0.09,0.09,0.09,0.09,0.0,IBKR_MID,24/7,unknown,unavailable_midpoint,2026-09-10T01:17:37.021302+00:00,24
2026-02-24,ETH,1861.1,1876.65,1801.55,1858.3,0.0,IBKR_MID,24/7,unknown,unavailable_midpoint,2026-09-10T01:17:37.021302+00:00,24
2026-02-24,SOL,78.25,83.68,75.62,78.66,0.0,IBKR_MID,24/7,unknown,unavailable_midpoint,2026-09-10T01:17:37.021302+00:00,24
2026-02-24,XRP,1.35,1.37,1.31,1.36,0.0,IBKR_MID,24/7,unknown,unavailable_midpoint,2026-09-10T01:17:37.021302+00:00,24
2026-02-25,BTC,64280.99999999999,69583.0,63844.0,69163.75,0.0,IBKR_MID,24/7,unknown,unavailable_midpoint,2026-09-10T01:17:37.021302+00:00,24
2026-02-25,DOGE,0.09,0.1,0.09,0.1,0.0,IBKR_MID,24/7,unknown,unavailable_midpoint,2026-09-10T01:17:37.021302+00:00,24
2026-02-25,ETH,1852.05,2085.0,1845.7,2075.55,0.0,IBKR_MID,24/7,unknown,unavailable_midpoint,2026-09-10T01:17:37.021302+00:00,24
2026-02-25,SOL,78.41,90.15,78.12,89.38,0.0,IBKR_MID,24/7,unknown,unavailable_midpoint,2026-09-10T01:17:37.021302+00:00,24
2026-02-25,XRP,1.35,1.48,1.34,1.46,0.0,IBKR_MID,24/7,unknown,unavailable_midpoint,2026-09-10T01:17:37.021302+00:00,24
2026-02-26,BTC,69141.25,69999.5,66495.25,67428.75,0.0,IBKR_MID,24/7,unknown,unavailable_midpoint,2026-09-10T01:17:37.021302+00:00,24
2026-02-26,DOGE,0.1,0.11,0.095,0.1,0.0,IBKR_MID,24/7,unknown,unavailable_midpoint,2026-09-10T01:17:37.021302+00:00,24
2026-02-26,ETH,2073.8,2131.25,1951.25,2023.65,0.0,IBKR_MID,24/7,unknown,unavailable_midpoint,2026-09-10T01:17:37.021302+00:00,24
2026-02-26,SOL,89.56,92.12,81.95,86.05,0.0,IBKR_MID,24/7,unknown,unavailable_midpoint,2026-09-10T01:17:37.021302+00:00,24
2026-02-26,XRP,1.47,1.49,1.38,1.39,0.0,IBKR_MID,24/7,unknown,unavailable_midpoint,2026-09-10T01:17:37.021302+00:00,24
2026-02-27,BTC,67352.5,68606.25,65102.0,65590.0,0.0,IBKR_MID,24/7,unknown,unavailable_midpoint,2026-09-10T01:17:37.021302+00:00,24
2026-02-27,DOGE,0.1,0.1,0.09,0.09,0.0,IBKR_MID,24/7,unknown,unavailable_midpoint,2026-09-10T01:17:37.021302+00:00,24
2026-02-27,ETH,2024.75,2063.9,1907.5,1922.95,0.0,IBKR_MID,24/7,unknown,unavailable_midpoint,2026-09-10T01:17:37.021302+00:00,24
2026-02-27,SOL,86.13,88.3,81.09,81.44,0.0,IBKR_MID,24/7,unknown,unavailable_midpoint,2026-09-10T01:17:37.021302+00:00,24
2026-02-27,XRP,1.39,1.43,1.34,1.35,0.0,IBKR_MID,24/7,unknown,unavailable_midpoint,2026-09-10T01:17:37.021302+00:00,24
2026-03-02,BTC,67138.75,70128.0,60031.5,69147.5,0.0,IBKR_MID,24/7,unknown,unavailable_midpoint,2026-09-10T01:17:37.021302+00:00,24
2026-03-02,DOGE,0.09,0.1,0.09,0.09,0.0,IBKR_MID,24/7,unknown,unavailable_midpoint,2026-09-10T01:17:37.021302+00:00,24
2026-03-02,ETH,2007.3,2089.55,1907.8,2035.3,0.0,IBKR_MID,24/7,unknown,unavailable_midpoint,2026-09-10T01:17:37.021302+00:00,24
2026-03-02,SOL,86.63,90.32,80.7,87.58,0.0,IBKR_MID,24/7,unknown,unavailable_midpoint,2026-09-10T01:17:37.021302+00:00,24
2026-03-02,XRP,1.4,1.42,1.33,1.395,0.0,IBKR_MID,24/7,unknown,unavailable_midpoint,2026-09-10T01:17:37.021302+00:00,24
2026-03-03,BTC,69048.0,69545.5,66079.0,68261.0,0.0,IBKR_MID,24/7,unknown,unavailable_midpoint,2026-09-10T01:17:37.021302+00:00,24
2026-03-03,DOGE,0.09,0.1,0.09,0.09,0.0,IBKR_MID,24/7,unknown,unavailable_midpoint,2026-09-10T01:17:37.021302+00:00,24
2026-03-03,ETH,2031.7,2058.6,1923.65,1978.15,0.0,IBKR_MID,24/7,unknown,unavailable_midpoint,2026-09-10T01:17:37.021302+00:00,24
2026-03-03,SOL,87.4,91.18,82.44,84.86,0.0,IBKR_MID,24/7,unknown,unavailable_midpoint,2026-09-10T01:17:37.021302+00:00,24
2026-03-03,XRP,1.39,1.41,1.335,1.35,0.0,IBKR_MID,24/7,unknown,unavailable_midpoint,2026-09-10T01:17:37.021302+00:00,24
2026-03-04,BTC,68195.25,74090.0,67339.5,73074.75,0.0,IBKR_MID,24/7,unknown,unavailable_midpoint,2026-09-10T01:17:37.021302+00:00,24
2026-03-04,DOGE,0.09,0.1,0.09,0.1,0.0,IBKR_MID,24/7,unknown,unavailable_midpoint,2026-09-10T01:17:37.021302+00:00,24
2026-03-04,ETH,1975.1,2201.15,1944.75,2151.05,0.0,IBKR_MID,24/7,unknown,unavailable_midpoint,2026-09-10T01:17:37.021302+00:00,24
2026-03-04,SOL,84.77,94.0,84.17,92.92,0.0,IBKR_MID,24/7,unknown,unavailable_midpoint,2026-09-10T01:17:37.021302+00:00,24
2026-03-04,XRP,1.35,1.47,1.345,1.46,0.0,IBKR_MID,24/7,unknown,unavailable_midpoint,2026-09-10T01:17:37.021302+00:00,24
2026-03-05,BTC,73026.25,73581.0,70646.0,71240.5,0.0,IBKR_MID,24/7,unknown,unavailable_midpoint,2026-09-10T01:17:37.021302+00:00,24
2026-03-05,DOGE,0.1,0.1,0.09,0.09,0.0,IBKR_MID,24/7,unknown,unavailable_midpoint,2026-09-10T01:17:37.021302+00:00,24
2026-03-05,ETH,2153.35,2176.05,2027.9,2092.15,0.0,IBKR_MID,24/7,unknown,unavailable_midpoint,2026-09-10T01:17:37.021302+00:00,24
2026-03-05,SOL,92.88,93.0,87.91,89.2,0.0,IBKR_MID,24/7,unknown,unavailable_midpoint,2026-09-10T01:17:37.021302+00:00,24
2026-03-05,XRP,1.46,1.46,1.395,1.42,0.0,IBKR_MID,24/7,unknown,unavailable_midpoint,2026-09-10T01:17:37.021302+00:00,24
2026-03-06,BTC,71262.0,71574.0,67731.25,68101.25,0.0,IBKR_MID,24/7,unknown,unavailable_midpoint,2026-09-10T01:17:37.021302+00:00,24
2026-03-06,DOGE,0.09,0.095,0.09,0.09,0.0,IBKR_MID,24/7,unknown,unavailable_midpoint,2026-09-10T01:17:37.021302+00:00,24
2026-03-06,ETH,2093.75,2099.75,1955.45,1978.65,0.0,IBKR_MID,24/7,unknown,unavailable_midpoint,2026-09-10T01:17:37.021302+00:00,24
2026-03-06,SOL,89.25,89.86,83.39,85.0,0.0,IBKR_MID,24/7,unknown,unavailable_midpoint,2026-09-10T01:17:37.021302+00:00,24
2026-03-06,XRP,1.42,1.425,1.35,1.36,0.0,IBKR_MID,24/7,unknown,unavailable_midpoint,2026-09-10T01:17:37.021302+00:00,24
2026-03-09,BTC,67159.5,69529.25,65622.75,69015.25,0.0,IBKR_MID,24/7,unknown,unavailable_midpoint,2026-09-10T01:17:37.021302+00:00,24
2026-03-09,DOGE,0.09,0.09,0.085,0.09,0.0,IBKR_MID,24/7,unknown,unavailable_midpoint,2026-09-10T01:17:37.021302+00:00,24
2026-03-09,ETH,1948.15,2054.0,1913.8,2034.35,0.0,IBKR_MID,24/7,unknown,unavailable_midpoint,2026-09-10T01:17:37.021302+00:00,24
2026-03-09,SOL,82.44,87.07,80.26,85.97,0.0,IBKR_MID,24/7,unknown,unavailable_midpoint,2026-09-10T01:17:37.021302+00:00,24
2026-03-09,XRP,1.35,1.385,1.32,1.37,0.0,IBKR_MID,24/7,unknown,unavailable_midpoint,2026-09-10T01:17:37.021302+00:00,24
2026-03-10,BTC,69158.0,71792.5,68378.5,70055.0,0.0,IBKR_MID,24/7,unknown,unavailable_midpoint,2026-09-10T01:17:37.021302+00:00,24
2026-03-10,DOGE,0.09,0.1,0.09,0.09,0.0,IBKR_MID,24/7,unknown,unavailable_midpoint,2026-09-10T01:17:37.021302+00:00,24
2026-03-10,ETH,2037.85,2088.7,1986.55,2036.9,0.0,IBKR_MID,24/7,unknown,unavailable_midpoint,2026-09-10T01:17:37.021302+00:00,24
2026-03-10,SOL,86.15,89.47,84.61,86.02,0.0,IBKR_MID,24/7,unknown,unavailable_midpoint,2026-09-10T01:17:37.021302+00:00,24
2026-03-10,XRP,1.37,1.44,1.34,1.385,0.0,IBKR_MID,24/7,unknown,unavailable_midpoint,2026-09-10T01:17:37.021302+00:00,24
2026-03-11,BTC,70068.25,71347.5,68977.5,70669.5,0.0,IBKR_MID,24/7,unknown,unavailable_midpoint,2026-09-10T01:17:37.021302+00:00,24
2026-03-11,DOGE,0.09,0.1,0.09,0.09,0.0,IBKR_MID,24/7,unknown,unavailable_midpoint,2026-09-10T01:17:37.021302+00:00,24
2026-03-11,ETH,2037.0,2086.4,2006.9,2076.95,0.0,IBKR_MID,24/7,unknown,unavailable_midpoint,2026-09-10T01:17:37.021302+00:00,24
2026-03-11,SOL,86.06,88.0,84.35,87.29,0.0,IBKR_MID,24/7,unknown,unavailable_midpoint,2026-09-10T01:17:37.021302+00:00,24
2026-03-11,XRP,1.38,1.415,1.37,1.39,0.0,IBKR_MID,24/7,unknown,unavailable_midpoint,2026-09-10T01:17:37.021302+00:00,24
2026-03-12,BTC,70617.25,70962.75,69203.5,70455.75,0.0,IBKR_MID,24/7,unknown,unavailable_midpoint,2026-09-10T01:17:37.021302+00:00,24
2026-03-12,DOGE,0.09,0.1,0.09,0.09,0.0,IBKR_MID,24/7,unknown,unavailable_midpoint,2026-09-10T01:17:37.021302+00:00,24
2026-03-12,ETH,2075.4,2096.25,2018.0,2070.05,0.0,IBKR_MID,24/7,unknown,unavailable_midpoint,2026-09-10T01:17:37.021302+00:00,24
2026-03-12,SOL,87.19,87.94,84.72,86.81,0.0,IBKR_MID,24/7,unknown,unavailable_midpoint,2026-09-10T01:17:37.021302+00:00,24
2026-03-12,XRP,1.39,1.4,1.365,1.38,0.0,IBKR_MID,24/7,unknown,unavailable_midpoint,2026-09-10T01:17:37.021302+00:00,24
2026-03-13,BTC,70490.25,73966.25,70016.75,71185.5,0.0,IBKR_MID,24/7,unknown,unavailable_midpoint,2026-09-10T01:17:37.021302+00:00,24
2026-03-13,DOGE,0.09,0.1,0.09,0.1,0.0,IBKR_MID,24/7,unknown,unavailable_midpoint,2026-09-10T01:17:37.021302+00:00,24
2026-03-13,ETH,2071.1,2210.35,2055.9,2102.6,0.0,IBKR_MID,24/7,unknown,unavailable_midpoint,2026-09-10T01:17:37.021302+00:00,24
2026-03-13,SOL,86.84,93.0,85.96,88.92,0.0,IBKR_MID,24/7,unknown,unavailable_midpoint,2026-09-10T01:17:37.021302+00:00,24
2026-03-13,XRP,1.38,1.45,1.37,1.4,0.0,IBKR_MID,24/7,unknown,unavailable_midpoint,2026-09-10T01:17:37.021302+00:00,24
2026-03-16,BTC,71462.75,74616.75,71277.0,73967.75,0.0,IBKR_MID,24/7,unknown,unavailable_midpoint,2026-09-10T01:17:37.021302+00:00,24
2026-03-16,DOGE,0.1,0.1,0.09,0.1,0.0,IBKR_MID,24/7,unknown,unavailable_midpoint,2026-09-10T01:17:37.021302+00:00,24
2026-03-16,ETH,2108.35,2375.05,2086.85,2330.65,0.0,IBKR_MID,24/7,unknown,unavailable_midpoint,2026-09-10T01:17:37.021302+00:00,24
2026-03-16,SOL,88.38,95.5,87.38,95.22,0.0,IBKR_MID,24/7,unknown,unavailable_midpoint,2026-09-10T01:17:37.021302+00:00,24
2026-03-16,XRP,1.41,1.545,1.41,1.54,0.0,IBKR_MID,24/7,unknown,unavailable_midpoint,2026-09-10T01:17:37.021302+00:00,24
2026-03-17,BTC,73989.25,76030.0,73403.0,74552.75,0.0,IBKR_MID,24/7,unknown,unavailable_midpoint,2026-09-10T01:17:37.021302+00:00,24
2026-03-17,DOGE,0.1,0.1,0.095,0.1,0.0,IBKR_MID,24/7,unknown,unavailable_midpoint,2026-09-10T01:17:37.021302+00:00,24
2026-03-17,ETH,2331.2,2384.85,2295.4,2320.85,0.0,IBKR_MID,24/7,unknown,unavailable_midpoint,2026-09-10T01:17:37.021302+00:00,24
2026-03-17,SOL,95.18,97.68,93.16,94.69,0.0,IBKR_MID,24/7,unknown,unavailable_midpoint,2026-09-10T01:17:37.021302+00:00,24
2026-03-17,XRP,1.53,1.61,1.5,1.53,0.0,IBKR_MID,24/7,unknown,unavailable_midpoint,2026-09-10T01:17:37.021302+00:00,24
2026-03-18,BTC,74509.0,74832.25,70866.0,71066.5,0.0,IBKR_MID,24/7,unknown,unavailable_midpoint,2026-09-10T01:17:37.021302+00:00,24
2026-03-18,DOGE,0.1,0.1,0.09,0.09,0.0,IBKR_MID,24/7,unknown,unavailable_midpoint,2026-09-10T01:17:37.021302+00:00,24
2026-03-18,ETH,2322.85,2350.8,2166.4,2186.0,0.0,IBKR_MID,24/7,unknown,unavailable_midpoint,2026-09-10T01:17:37.021302+00:00,24
2026-03-18,SOL,94.71,95.68,88.58,89.69,0.0,IBKR_MID,24/7,unknown,unavailable_midpoint,2026-09-10T01:17:37.021302+00:00,24
2026-03-18,XRP,1.53,1.54,1.44,1.45,0.0,IBKR_MID,24/7,unknown,unavailable_midpoint,2026-09-10T01:17:37.021302+00:00,24
2026-03-19,BTC,71035.0,71623.75,68783.75,70267.5,0.0,IBKR_MID,24/7,unknown,unavailable_midpoint,2026-09-10T01:17:37.021302+00:00,24
2026-03-19,DOGE,0.09,0.1,0.09,0.09,0.0,IBKR_MID,24/7,unknown,unavailable_midpoint,2026-09-10T01:17:37.021302+00:00,24
2026-03-19,ETH,2187.65,2234.1,2097.8,2141.1,0.0,IBKR_MID,24/7,unknown,unavailable_midpoint,2026-09-10T01:17:37.021302+00:00,24
2026-03-19,SOL,89.75,91.41,86.99,88.72,0.0,IBKR_MID,24/7,unknown,unavailable_midpoint,2026-09-10T01:17:37.021302+00:00,24
2026-03-19,XRP,1.45,1.48,1.42,1.445,0.0,IBKR_MID,24/7,unknown,unavailable_midpoint,2026-09-10T01:17:37.021302+00:00,24
2026-03-20,BTC,70198.5,71367.0,69382.0,70168.75,0.0,IBKR_MID,24/7,unknown,unavailable_midpoint,2026-09-10T01:17:37.021302+00:00,24
2026-03-20,DOGE,0.09,0.1,0.09,0.09,0.0,IBKR_MID,24/7,unknown,unavailable_midpoint,2026-09-10T01:17:37.021302+00:00,24
2026-03-20,ETH,2139.55,2176.8,2116.4,2132.35,0.0,IBKR_MID,24/7,unknown,unavailable_midpoint,2026-09-10T01:17:37.021302+00:00,24
2026-03-20,SOL,88.69,90.44,88.1,88.98,0.0,IBKR_MID,24/7,unknown,unavailable_midpoint,2026-09-10T01:17:37.021302+00:00,24
2026-03-20,XRP,1.44,1.47,1.42,1.44,0.0,IBKR_MID,24/7,unknown,unavailable_midpoint,2026-09-10T01:17:37.021302+00:00,24
2026-03-23,BTC,69147.5,71800.75,67442.75,70650.75,0.0,IBKR_MID,24/7,unknown,unavailable_midpoint,2026-09-10T01:17:37.021302+00:00,24
2026-03-23,DOGE,0.09,0.1,0.09,0.09,0.0,IBKR_MID,24/7,unknown,unavailable_midpoint,2026-09-10T01:17:37.021302+00:00,24
2026-03-23,ETH,2108.2,2219.65,2022.45,2153.55,0.0,IBKR_MID,24/7,unknown,unavailable_midpoint,2026-09-10T01:17:37.021302+00:00,24
2026-03-23,SOL,88.19,92.38,85.03,91.36,0.0,IBKR_MID,24/7,unknown,unavailable_midpoint,2026-09-10T01:17:37.021302+00:00,24
2026-03-23,XRP,1.41,1.47,1.36,1.43,0.0,IBKR_MID,24/7,unknown,unavailable_midpoint,2026-09-10T01:17:37.021302+00:00,24
2026-03-24,BTC,70596.0,71355.0,68889.0,69330.25,0.0,IBKR_MID,24/7,unknown,unavailable_midpoint,2026-09-10T01:17:37.021302+00:00,24
2026-03-24,DOGE,0.09,0.1,0.09,0.09,0.0,IBKR_MID,24/7,unknown,unavailable_midpoint,2026-09-10T01:17:37.021302+00:00,24
2026-03-24,ETH,2152.05,2220.45,2101.95,2115.4,0.0,IBKR_MID,24/7,unknown,unavailable_midpoint,2026-09-10T01:17:37.021302+00:00,24
2026-03-24,SOL,91.3,92.24,88.38,88.46,0.0,IBKR_MID,24/7,unknown,unavailable_midpoint,2026-09-10T01:17:37.021302+00:00,24
2026-03-24,XRP,1.43,1.525,1.38,1.39,0.0,IBKR_MID,24/7,unknown,unavailable_midpoint,2026-09-10T01:17:37.021302+00:00,24
2026-03-25,BTC,69327.75,72023.75,69250.5,70849.5,0.0,IBKR_MID,24/7,unknown,unavailable_midpoint,2026-09-10T01:17:37.021302+00:00,24
2026-03-25,DOGE,0.09,0.1,0.09,0.1,0.0,IBKR_MID,24/7,unknown,unavailable_midpoint,2026-09-10T01:17:37.021302+00:00,24
2026-03-25,ETH,2116.4,2199.15,2114.2,2171.95,0.0,IBKR_MID,24/7,unknown,unavailable_midpoint,2026-09-10T01:17:37.021302+00:00,24
2026-03-25,SOL,88.5,93.46,88.49,91.73,0.0,IBKR_MID,24/7,unknown,unavailable_midpoint,2026-09-10T01:17:37.021302+00:00,24
2026-03-25,XRP,1.39,1.585,1.39,1.41,0.0,IBKR_MID,24/7,unknown,unavailable_midpoint,2026-09-10T01:17:37.021302+00:00,24
2026-03-26,BTC,70928.75,71545.75,68093.0,68477.0,0.0,IBKR_MID,24/7,unknown,unavailable_midpoint,2026-09-10T01:17:37.021302+00:00,24
2026-03-26,DOGE,0.095,0.1,0.09,0.09,0.0,IBKR_MID,24/7,unknown,unavailable_midpoint,2026-09-10T01:17:37.021302+00:00,24
2026-03-26,ETH,2186.3,2186.3,2032.5,2047.2,0.0,IBKR_MID,24/7,unknown,unavailable_midpoint,2026-09-10T01:17:37.021302+00:00,24
2026-03-26,SOL,89.03,92.61,85.38,85.41,0.0,IBKR_MID,24/7,unknown,unavailable_midpoint,2026-09-10T01:17:37.021302+00:00,24
2026-03-26,XRP,1.405,1.43,1.33,1.34,0.0,IBKR_MID,24/7,unknown,unavailable_midpoint,2026-09-10T01:17:37.021302+00:00,24
2026-03-27,BTC,68511.0,70057.75,65503.00000000001,65982.75,0.0,IBKR_MID,24/7,unknown,unavailable_midpoint,2026-09-10T01:17:37.021302+00:00,24
2026-03-27,DOGE,0.09,0.09,0.09,0.09,0.0,IBKR_MID,24/7,unknown,unavailable_midpoint,2026-09-10T01:17:37.021302+00:00,24
2026-03-27,ETH,2047.65,2078.2,1969.55,1989.65,0.0,IBKR_MID,24/7,unknown,unavailable_midpoint,2026-09-10T01:17:37.021302+00:00,24
2026-03-27,SOL,85.43,87.06,81.76,82.69,0.0,IBKR_MID,24/7,unknown,unavailable_midpoint,2026-09-10T01:17:37.021302+00:00,24
2026-03-27,XRP,1.34,1.385,1.32,1.32,0.0,IBKR_MID,24/7,unknown,unavailable_midpoint,2026-09-10T01:17:37.021302+00:00,24
2026-03-30,BTC,66681.0,68118.75,64968.0,66475.75,0.0,IBKR_MID,24/7,unknown,unavailable_midpoint,2026-09-10T01:17:37.021302+00:00,24
2026-03-30,DOGE,0.09,0.09,0.09,0.09,0.0,IBKR_MID,24/7,unknown,unavailable_midpoint,2026-09-10T01:17:37.021302+00:00,24
2026-03-30,ETH,2003.05,2083.8,1940.25,2021.65,0.0,IBKR_MID,24/7,unknown,unavailable_midpoint,2026-09-10T01:17:37.021302+00:00,24
2026-03-30,SOL,82.39,87.4,78.93,82.31,0.0,IBKR_MID,24/7,unknown,unavailable_midpoint,2026-09-10T01:17:37.021302+00:00,24
2026-03-30,XRP,1.33,1.39,1.3,1.32,0.0,IBKR_MID,24/7,unknown,unavailable_midpoint,2026-09-10T01:17:37.021302+00:00,24
2026-03-31,BTC,66468.5,68500.0,65923.75,67773.0,0.0,IBKR_MID,24/7,unknown,unavailable_midpoint,2026-09-10T01:17:37.021302+00:00,24
2026-03-31,DOGE,0.09,0.095,0.09,0.09,0.0,IBKR_MID,24/7,unknown,unavailable_midpoint,2026-09-10T01:17:37.021302+00:00,24
2026-03-31,ETH,2022.2,2121.75,2011.5,2094.65,0.0,IBKR_MID,24/7,unknown,unavailable_midpoint,2026-09-10T01:17:37.021302+00:00,24
2026-03-31,SOL,82.28,84.52,80.18,82.62,0.0,IBKR_MID,24/7,unknown,unavailable_midpoint,2026-09-10T01:17:37.021302+00:00,24
2026-03-31,XRP,1.32,1.38,1.3,1.34,0.0,IBKR_MID,24/7,unknown,unavailable_midpoint,2026-09-10T01:17:37.021302+00:00,24
2026-04-01,BTC,67828.25,69286.0,67526.0,68165.75,0.0,IBKR_MID,24/7,unknown,unavailable_midpoint,2026-09-10T01:17:37.021302+00:00,24
2026-04-01,DOGE,0.09,0.09,0.09,0.09,0.0,IBKR_MID,24/7,unknown,unavailable_midpoint,2026-09-10T01:17:37.021302+00:00,24
2026-04-01,ETH,2096.9,2172.65,2080.8,2140.65,0.0,IBKR_MID,24/7,unknown,unavailable_midpoint,2026-09-10T01:17:37.021302+00:00,24
2026-04-01,SOL,82.62,86.62,82.27,83.8,0.0,IBKR_MID,24/7,unknown,unavailable_midpoint,2026-09-10T01:17:37.021302+00:00,24
2026-04-01,XRP,1.345,1.38,1.32,1.35,0.0,IBKR_MID,24/7,unknown,unavailable_midpoint,2026-09-10T01:17:37.021302+00:00,24
2026-04-02,BTC,68158.75,68648.5,65750.0,66971.0,0.0,IBKR_MID,24/7,unknown,unavailable_midpoint,2026-09-10T01:17:37.021302+00:00,24
2026-04-02,DOGE,0.09,0.09,0.09,0.09,0.0,IBKR_MID,24/7,unknown,unavailable_midpoint,2026-09-10T01:17:37.021302+00:00,24
2026-04-02,ETH,2142.3,2165.3,2016.0,2065.2,0.0,IBKR_MID,24/7,unknown,unavailable_midpoint,2026-09-10T01:17:37.021302+00:00,24
2026-04-02,SOL,83.83,83.87,76.66,78.97,0.0,IBKR_MID,24/7,unknown,unavailable_midpoint,2026-09-10T01:17:37.021302+00:00,24
2026-04-02,XRP,1.35,1.36,1.28,1.31,0.0,IBKR_MID,24/7,unknown,unavailable_midpoint,2026-09-10T01:17:37.021302+00:00,24
2026-04-03,BTC,66895.75,67380.0,66277.5,66876.25,0.0,IBKR_MID,24/7,unknown,unavailable_midpoint,2026-09-10T01:17:37.021302+00:00,24
2026-04-03,DOGE,0.09,0.13,0.09,0.09,0.0,IBKR_MID,24/7,unknown,unavailable_midpoint,2026-09-10T01:17:37.021302+00:00,24
2026-04-03,ETH,2063.6,2081.2,2041.4,2052.65,0.0,IBKR_MID,24/7,unknown,unavailable_midpoint,2026-09-10T01:17:37.021302+00:00,24
2026-04-03,SOL,78.85,80.88,78.63,80.19,0.0,IBKR_MID,24/7,unknown,unavailable_midpoint,2026-09-10T01:17:37.021302+00:00,24
2026-04-03,XRP,1.31,1.33,1.3,1.32,0.0,IBKR_MID,24/7,unknown,unavailable_midpoint,2026-09-10T01:17:37.021302+00:00,24
2026-04-06,BTC,66781.25,70350.0,66676.25,69743.75,0.0,IBKR_MID,24/7,unknown,unavailable_midpoint,2026-09-10T01:17:37.021302+00:00,24
2026-04-06,DOGE,0.09,0.09,0.09,0.09,0.0,IBKR_MID,24/7,unknown,unavailable_midpoint,2026-09-10T01:17:37.021302+00:00,24
2026-04-06,ETH,2037.85,2174.45,2022.5,2144.2,0.0,IBKR_MID,24/7,unknown,unavailable_midpoint,2026-09-10T01:17:37.021302+00:00,24
2026-04-06,SOL,79.58,83.18,78.48,81.9,0.0,IBKR_MID,24/7,unknown,unavailable_midpoint,2026-09-10T01:17:37.021302+00:00,24
2026-04-06,XRP,1.3,1.36,1.28,1.34,0.0,IBKR_MID,24/7,unknown,unavailable_midpoint,2026-09-10T01:17:37.021302+00:00,24
2026-04-07,BTC,69656.75,69991.0,67714.5,68994.75,0.0,IBKR_MID,24/7,unknown,unavailable_midpoint,2026-09-10T01:17:37.021302+00:00,24
2026-04-07,DOGE,0.09,0.09,0.09,0.09,0.0,IBKR_MID,24/7,unknown,unavailable_midpoint,2026-09-10T01:17:37.021302+00:00,24
2026-04-07,ETH,2141.35,2155.4,2059.5,2113.15,0.0,IBKR_MID,24/7,unknown,unavailable_midpoint,2026-09-10T01:17:37.021302+00:00,24
2026-04-07,SOL,81.84,83.11,78.36,81.63,0.0,IBKR_MID,24/7,unknown,unavailable_midpoint,2026-09-10T01:17:37.021302+00:00,24
2026-04-07,XRP,1.34,1.34,1.29,1.31,0.0,IBKR_MID,24/7,unknown,unavailable_midpoint,2026-09-10T01:17:37.021302+00:00,24
2026-04-08,BTC,69102.5,72855.75,69102.25,71333.0,0.0,IBKR_MID,24/7,unknown,unavailable_midpoint,2026-09-10T01:17:37.021302+00:00,24
2026-04-08,DOGE,0.09,0.1,0.09,0.09,0.0,IBKR_MID,24/7,unknown,unavailable_midpoint,2026-09-10T01:17:37.021302+00:00,24
2026-04-08,ETH,2117.35,2273.4,2110.3,2211.75,0.0,IBKR_MID,24/7,unknown,unavailable_midpoint,2026-09-10T01:17:37.021302+00:00,24
2026-04-08,SOL,81.78,86.99,81.71,83.21,0.0,IBKR_MID,24/7,unknown,unavailable_midpoint,2026-09-10T01:17:37.021302+00:00,24
2026-04-08,XRP,1.31,1.4,1.31,1.35,0.0,IBKR_MID,24/7,unknown,unavailable_midpoint,2026-09-10T01:17:37.021302+00:00,24
2026-04-09,BTC,71401.5,72562.0,70469.0,72113.75,0.0,IBKR_MID,24/7,unknown,unavailable_midpoint,2026-09-10T01:17:37.021302+00:00,24
2026-04-09,DOGE,0.09,0.09,0.09,0.09,0.0,IBKR_MID,24/7,unknown,unavailable_midpoint,2026-09-10T01:17:37.021302+00:00,24
2026-04-09,ETH,2214.55,2230.1,2092.1,2216.8,0.0,IBKR_MID,24/7,unknown,unavailable_midpoint,2026-09-10T01:17:37.021302+00:00,24
2026-04-09,SOL,83.27,85.26,81.03,84.18,0.0,IBKR_MID,24/7,unknown,unavailable_midpoint,2026-09-10T01:17:37.021302+00:00,24
2026-04-09,XRP,1.35,1.36,1.305,1.36,0.0,IBKR_MID,24/7,unknown,unavailable_midpoint,2026-09-10T01:17:37.021302+00:00,24
2026-04-10,BTC,72157.0,73329.25,71450.25,73278.25,0.0,IBKR_MID,24/7,unknown,unavailable_midpoint,2026-09-10T01:17:37.021302+00:00,24
2026-04-10,DOGE,0.09,0.1,0.09,0.1,0.0,IBKR_MID,24/7,unknown,unavailable_midpoint,2026-09-10T01:17:37.021302+00:00,24
2026-04-10,ETH,2218.3,2263.7,2176.7,2254.3,0.0,IBKR_MID,24/7,unknown,unavailable_midpoint,2026-09-10T01:17:37.021302+00:00,24
2026-04-10,SOL,84.25,85.95,82.1,85.48,0.0,IBKR_MID,24/7,unknown,unavailable_midpoint,2026-09-10T01:17:37.021302+00:00,24
2026-04-10,XRP,1.36,1.37,1.33,1.36,0.0,IBKR_MID,24/7,unknown,unavailable_midpoint,2026-09-10T01:17:37.021302+00:00,24
2026-04-13,BTC,71693.75,73674.25,70564.5,73368.75,0.0,IBKR_MID,24/7,unknown,unavailable_midpoint,2026-09-10T01:17:37.021302+00:00,24
2026-04-13,DOGE,0.09,0.09,0.09,0.09,0.0,IBKR_MID,24/7,unknown,unavailable_midpoint,2026-09-10T01:17:37.021302+00:00,24
2026-04-13,ETH,2217.05,2267.95,2176.35,2265.95,0.0,IBKR_MID,24/7,unknown,unavailable_midpoint,2026-09-10T01:17:37.021302+00:00,24
2026-04-13,SOL,82.3,84.29,81.28,84.13,0.0,IBKR_MID,24/7,unknown,unavailable_midpoint,2026-09-10T01:17:37.021302+00:00,24
2026-04-13,XRP,1.33,1.36,1.32,1.35,0.0,IBKR_MID,24/7,unknown,unavailable_midpoint,2026-09-10T01:17:37.021302+00:00,24
2026-04-14,BTC,73387.25,76105.75,73060.25,74292.5,0.0,IBKR_MID,24/7,unknown,unavailable_midpoint,2026-09-10T01:17:37.021302+00:00,24
2026-04-14,DOGE,0.09,0.1,0.09,0.09,0.0,IBKR_MID,24/7,unknown,unavailable_midpoint,2026-09-10T01:17:37.021302+00:00,24
2026-04-14,ETH,2263.2,2417.65,2222.25,2314.55,0.0,IBKR_MID,24/7,unknown,unavailable_midpoint,2026-09-10T01:17:37.021302+00:00,24
2026-04-14,SOL,84.25,87.73,82.91,83.98,0.0,IBKR_MID,24/7,unknown,unavailable_midpoint,2026-09-10T01:17:37.021302+00:00,24
2026-04-14,XRP,1.35,1.4,1.34,1.36,0.0,IBKR_MID,24/7,unknown,unavailable_midpoint,2026-09-10T01:17:37.021302+00:00,24
2026-04-15,BTC,74310.25,75299.75,73543.25,75036.5,0.0,IBKR_MID,24/7,unknown,unavailable_midpoint,2026-09-10T01:17:37.021302+00:00,24
2026-04-15,DOGE,0.09,0.1,0.09,0.1,0.0,IBKR_MID,24/7,unknown,unavailable_midpoint,2026-09-10T01:17:37.021302+00:00,24
2026-04-15,ETH,2314.65,2386.85,2309.65,2376.0,0.0,IBKR_MID,24/7,unknown,unavailable_midpoint,2026-09-10T01:17:37.021302+00:00,24
2026-04-15,SOL,83.94,86.1,82.69,85.52,0.0,IBKR_MID,24/7,unknown,unavailable_midpoint,2026-09-10T01:17:37.021302+00:00,24
2026-04-15,XRP,1.36,1.41,1.35,1.4,0.0,IBKR_MID,24/7,unknown,unavailable_midpoint,2026-09-10T01:17:37.021302+00:00,24
2026-04-16,BTC,74945.5,75441.75,73314.5,75369.75,0.0,IBKR_MID,24/7,unknown,unavailable_midpoint,2026-09-10T01:17:37.021302+00:00,24
2026-04-16,DOGE,0.1,0.1,0.09,0.1,0.0,IBKR_MID,24/7,unknown,unavailable_midpoint,2026-09-10T01:17:37.021302+00:00,24
2026-04-16,ETH,2372.45,2381.65,2238.95,2360.35,0.0,IBKR_MID,24/7,unknown,unavailable_midpoint,2026-09-10T01:17:37.021302+00:00,24
2026-04-16,SOL,85.39,90.0,83.83,90.0,0.0,IBKR_MID,24/7,unknown,unavailable_midpoint,2026-09-10T01:17:37.021302+00:00,24
2026-04-16,XRP,1.4,1.475,1.38,1.47,0.0,IBKR_MID,24/7,unknown,unavailable_midpoint,2026-09-10T01:17:37.021302+00:00,24
2026-04-17,BTC,75458.25,78417.25,72650.0,77455.0,0.0,IBKR_MID,24/7,unknown,unavailable_midpoint,2026-09-10T01:17:37.021302+00:00,24
2026-04-17,DOGE,0.1,0.135,0.095,0.1,0.0,IBKR_MID,24/7,unknown,unavailable_midpoint,2026-09-10T01:17:37.021302+00:00,24
2026-04-17,ETH,2361.8,2872.2,2317.55,2429.25,0.0,IBKR_MID,24/7,unknown,unavailable_midpoint,2026-09-10T01:17:37.021302+00:00,24
2026-04-17,SOL,90.21,91.85,85.77,89.25,0.0,IBKR_MID,24/7,unknown,unavailable_midpoint,2026-09-10T01:17:37.021302+00:00,24
2026-04-17,XRP,1.46,1.845,1.42,1.49,0.0,IBKR_MID,24/7,unknown,unavailable_midpoint,2026-09-10T01:17:37.021302+00:00,24
2026-04-20,BTC,75430.5,78218.75,73780.0,76327.5,0.0,IBKR_MID,24/7,unknown,unavailable_midpoint,2026-09-10T01:17:37.021302+00:00,24
2026-04-20,DOGE,0.09,0.12,0.09,0.1,0.0,IBKR_MID,24/7,unknown,unavailable_midpoint,2026-09-10T01:17:37.021302+00:00,24
2026-04-20,ETH,2328.3,2370.8,2253.2,2332.6,0.0,IBKR_MID,24/7,unknown,unavailable_midpoint,2026-09-10T01:17:37.021302+00:00,24
2026-04-20,SOL,85.48,88.65,82.65,85.84,0.0,IBKR_MID,24/7,unknown,unavailable_midpoint,2026-09-10T01:17:37.021302+00:00,24
2026-04-20,XRP,1.43,1.455,1.39,1.43,0.0,IBKR_MID,24/7,unknown,unavailable_midpoint,2026-09-10T01:17:37.021302+00:00,24
2026-04-21,BTC,76272.5,76914.0,74823.0,75032.5,0.0,IBKR_MID,24/7,unknown,unavailable_midpoint,2026-09-10T01:17:37.021302+00:00,24
2026-04-21,DOGE,0.1,0.1,0.09,0.09,0.0,IBKR_MID,24/7,unknown,unavailable_midpoint,2026-09-10T01:17:37.021302+00:00,24
2026-04-21,ETH,2333.4,2464.9,2288.1,2298.95,0.0,IBKR_MID,24/7,unknown,unavailable_midpoint,2026-09-10T01:17:37.021302+00:00,24
2026-04-21,SOL,85.8,89.77,84.32,84.59,0.0,IBKR_MID,24/7,unknown,unavailable_midpoint,2026-09-10T01:17:37.021302+00:00,24
2026-04-21,XRP,1.43,1.45,1.41,1.41,0.0,IBKR_MID,24/7,unknown,unavailable_midpoint,2026-09-10T01:17:37.021302+00:00,24
2026-04-22,BTC,75084.0,79507.75,74995.5,78880.0,0.0,IBKR_MID,24/7,unknown,unavailable_midpoint,2026-09-10T01:17:37.021302+00:00,24
2026-04-22,DOGE,0.09,0.1,0.09,0.1,0.0,IBKR_MID,24/7,unknown,unavailable_midpoint,2026-09-10T01:17:37.021302+00:00,24
2026-04-22,ETH,2298.3,2461.35,2298.25,2398.25,0.0,IBKR_MID,24/7,unknown,unavailable_midpoint,2026-09-10T01:17:37.021302+00:00,24
2026-04-22,SOL,84.59,89.83,84.45,87.41,0.0,IBKR_MID,24/7,unknown,unavailable_midpoint,2026-09-10T01:17:37.021302+00:00,24
2026-04-22,XRP,1.41,1.47,1.41,1.44,0.0,IBKR_MID,24/7,unknown,unavailable_midpoint,2026-09-10T01:17:37.021302+00:00,24
2026-04-23,BTC,78875.75,78949.25,77000.0,77740.75,0.0,IBKR_MID,24/7,unknown,unavailable_midpoint,2026-09-10T01:17:37.021302+00:00,24
2026-04-23,DOGE,0.1,0.1,0.1,0.1,0.0,IBKR_MID,24/7,unknown,unavailable_midpoint,2026-09-10T01:17:37.021302+00:00,24
2026-04-23,ETH,2399.4,2407.1,2288.9,2313.85,0.0,IBKR_MID,24/7,unknown,unavailable_midpoint,2026-09-10T01:17:37.021302+00:00,24
2026-04-23,SOL,87.46,87.75,84.51,85.33,0.0,IBKR_MID,24/7,unknown,unavailable_midpoint,2026-09-10T01:17:37.021302+00:00,24
2026-04-23,XRP,1.44,1.455,1.41,1.43,0.0,IBKR_MID,24/7,unknown,unavailable_midpoint,2026-09-10T01:17:37.021302+00:00,24
2026-04-24,BTC,77680.75,78547.5,77421.5,77658.5,0.0,IBKR_MID,24/7,unknown,unavailable_midpoint,2026-09-10T01:17:37.021302+00:00,24
2026-04-24,DOGE,0.1,0.1,0.1,0.1,0.0,IBKR_MID,24/7,unknown,unavailable_midpoint,2026-09-10T01:17:37.021302+00:00,24
2026-04-24,ETH,2316.0,2339.55,2300.95,2322.0,0.0,IBKR_MID,24/7,unknown,unavailable_midpoint,2026-09-10T01:17:37.021302+00:00,24
2026-04-24,SOL,85.34,88.03,85.0,86.34,0.0,IBKR_MID,24/7,unknown,unavailable_midpoint,2026-09-10T01:17:37.021302+00:00,24
2026-04-24,XRP,1.43,1.45,1.42,1.44,0.0,IBKR_MID,24/7,unknown,unavailable_midpoint,2026-09-10T01:17:37.021302+00:00,24
2026-04-27,BTC,78021.25,79500.0,76500.0,76882.0,0.0,IBKR_MID,24/7,unknown,unavailable_midpoint,2026-09-10T01:17:37.021302+00:00,24
2026-04-27,DOGE,0.1,0.1,0.1,0.1,0.0,IBKR_MID,24/7,unknown,unavailable_midpoint,2026-09-10T01:17:37.021302+00:00,24
2026-04-27,ETH,2330.9,2405.1,2265.6,2289.2,0.0,IBKR_MID,24/7,unknown,unavailable_midpoint,2026-09-10T01:17:37.021302+00:00,24
2026-04-27,SOL,86.53,89.32,83.64,84.16,0.0,IBKR_MID,24/7,unknown,unavailable_midpoint,2026-09-10T01:17:37.021302+00:00,24
2026-04-27,XRP,1.43,1.685,1.38,1.39,0.0,IBKR_MID,24/7,unknown,unavailable_midpoint,2026-09-10T01:17:37.021302+00:00,24
2026-04-28,BTC,76841.75,77441.75,75650.0,76322.0,0.0,IBKR_MID,24/7,unknown,unavailable_midpoint,2026-09-10T01:17:37.021302+00:00,24
2026-04-28,DOGE,0.1,0.1,0.1,0.1,0.0,IBKR_MID,24/7,unknown,unavailable_midpoint,2026-09-10T01:17:37.021302+00:00,24
2026-04-28,ETH,2289.05,2310.95,2258.65,2301.25,0.0,IBKR_MID,24/7,unknown,unavailable_midpoint,2026-09-10T01:17:37.021302+00:00,24
2026-04-28,SOL,84.13,87.33,82.96,83.88,0.0,IBKR_MID,24/7,unknown,unavailable_midpoint,2026-09-10T01:17:37.021302+00:00,24
2026-04-28,XRP,1.39,1.4,1.37,1.38,0.0,IBKR_MID,24/7,unknown,unavailable_midpoint,2026-09-10T01:17:37.021302+00:00,24
2026-04-29,BTC,76373.0,77903.25,74923.5,75531.5,0.0,IBKR_MID,24/7,unknown,unavailable_midpoint,2026-09-10T01:17:37.021302+00:00,24
2026-04-29,DOGE,0.1,0.115,0.1,0.1,0.0,IBKR_MID,24/7,unknown,unavailable_midpoint,2026-09-10T01:17:37.021302+00:00,24
2026-04-29,ETH,2301.9,2346.85,2219.3,2232.85,0.0,IBKR_MID,24/7,unknown,unavailable_midpoint,2026-09-10T01:17:37.021302+00:00,24
2026-04-29,SOL,83.91,88.07,81.34,82.16,0.0,IBKR_MID,24/7,unknown,unavailable_midpoint,2026-09-10T01:17:37.021302+00:00,24
2026-04-29,XRP,1.38,1.41,1.35,1.35,0.0,IBKR_MID,24/7,unknown,unavailable_midpoint,2026-09-10T01:17:37.021302+00:00,24
2026-04-30,BTC,75574.25,76644.25,75290.0,76380.25,0.0,IBKR_MID,24/7,unknown,unavailable_midpoint,2026-09-10T01:17:37.021302+00:00,24
2026-04-30,DOGE,0.1,0.115,0.1,0.11,0.0,IBKR_MID,24/7,unknown,unavailable_midpoint,2026-09-10T01:17:37.021302+00:00,24
2026-04-30,ETH,2235.9,2278.4,2229.3,2261.45,0.0,IBKR_MID,24/7,unknown,unavailable_midpoint,2026-09-10T01:17:37.021302+00:00,24
2026-04-30,SOL,82.25,83.98,82.12,83.0,0.0,IBKR_MID,24/7,unknown,unavailable_midpoint,2026-09-10T01:17:37.021302+00:00,24
2026-04-30,XRP,1.35,1.395,1.35,1.37,0.0,IBKR_MID,24/7,unknown,unavailable_midpoint,2026-09-10T01:17:37.021302+00:00,24
2026-05-01,BTC,76393.25,78939.25,76164.75,78370.0,0.0,IBKR_MID,24/7,unknown,unavailable_midpoint,2026-09-10T01:17:37.021302+00:00,24
2026-05-01,DOGE,0.11,0.115,0.105,0.11,0.0,IBKR_MID,24/7,unknown,unavailable_midpoint,2026-09-10T01:17:37.021302+00:00,24
2026-05-01,ETH,2260.95,2326.0,2251.35,2305.4,0.0,IBKR_MID,24/7,unknown,unavailable_midpoint,2026-09-10T01:17:37.021302+00:00,24
2026-05-01,SOL,82.98,84.85,82.75,83.88,0.0,IBKR_MID,24/7,unknown,unavailable_midpoint,2026-09-10T01:17:37.021302+00:00,24
2026-05-01,XRP,1.37,1.41,1.36,1.39,0.0,IBKR_MID,24/7,unknown,unavailable_midpoint,2026-09-10T01:17:37.021302+00:00,24
2026-05-04,BTC,78283.25,80768.0,78204.5,80043.25,0.0,IBKR_MID,24/7,unknown,unavailable_midpoint,2026-09-10T01:17:37.021302+00:00,24
2026-05-04,DOGE,0.11,0.115,0.11,0.11,0.0,IBKR_MID,24/7,unknown,unavailable_midpoint,2026-09-10T01:17:37.021302+00:00,24
2026-05-04,ETH,2304.1,2399.25,2303.95,2355.55,0.0,IBKR_MID,24/7,unknown,unavailable_midpoint,2026-09-10T01:17:37.021302+00:00,24
2026-05-04,SOL,83.73,85.89,83.07,84.44,0.0,IBKR_MID,24/7,unknown,unavailable_midpoint,2026-09-10T01:17:37.021302+00:00,24
2026-05-04,XRP,1.385,1.42,1.38,1.4,0.0,IBKR_MID,24/7,unknown,unavailable_midpoint,2026-09-10T01:17:37.021302+00:00,24
2026-05-05,BTC,79986.25,81700.5,79750.0,81611.5,0.0,IBKR_MID,24/7,unknown,unavailable_midpoint,2026-09-10T01:17:37.021302+00:00,24
2026-05-05,DOGE,0.11,0.115,0.11,0.11,0.0,IBKR_MID,24/7,unknown,unavailable_midpoint,2026-09-10T01:17:37.021302+00:00,24
2026-05-05,ETH,2353.75,2400.15,2344.25,2371.6,0.0,IBKR_MID,24/7,unknown,unavailable_midpoint,2026-09-10T01:17:37.021302+00:00,24
2026-05-05,SOL,84.33,86.57,84.0,86.5,0.0,IBKR_MID,24/7,unknown,unavailable_midpoint,2026-09-10T01:17:37.021302+00:00,24
2026-05-05,XRP,1.4,1.42,1.39,1.41,0.0,IBKR_MID,24/7,unknown,unavailable_midpoint,2026-09-10T01:17:37.021302+00:00,24
2026-05-06,BTC,81626.5,82807.5,80760.0,81457.75,0.0,IBKR_MID,24/7,unknown,unavailable_midpoint,2026-09-10T01:17:37.021302+00:00,24
2026-05-06,DOGE,0.11,0.12,0.11,0.11,0.0,IBKR_MID,24/7,unknown,unavailable_midpoint,2026-09-10T01:17:37.021302+00:00,24
2026-05-06,ETH,2371.45,2422.95,2337.55,2348.6,0.0,IBKR_MID,24/7,unknown,unavailable_midpoint,2026-09-10T01:17:37.021302+00:00,24
2026-05-06,SOL,86.58,90.63,86.09,89.25,0.0,IBKR_MID,24/7,unknown,unavailable_midpoint,2026-09-10T01:17:37.021302+00:00,24
2026-05-06,XRP,1.41,1.46,1.405,1.43,0.0,IBKR_MID,24/7,unknown,unavailable_midpoint,2026-09-10T01:17:37.021302+00:00,24
2026-05-07,BTC,81457.75,81714.5,79529.25,80135.75,0.0,IBKR_MID,24/7,unknown,unavailable_midpoint,2026-09-10T01:17:37.021302+00:00,24
2026-05-07,DOGE,0.11,0.115,0.11,0.11,0.0,IBKR_MID,24/7,unknown,unavailable_midpoint,2026-09-10T01:17:37.021302+00:00,24
2026-05-07,ETH,2348.55,2356.9,2279.5,2294.75,0.0,IBKR_MID,24/7,unknown,unavailable_midpoint,2026-09-10T01:17:37.021302+00:00,24
2026-05-07,SOL,89.25,90.43,87.65,88.44,0.0,IBKR_MID,24/7,unknown,unavailable_midpoint,2026-09-10T01:17:37.021302+00:00,24
2026-05-07,XRP,1.43,1.43,1.39,1.39,0.0,IBKR_MID,24/7,unknown,unavailable_midpoint,2026-09-10T01:17:37.021302+00:00,24
2026-05-08,BTC,80168.0,81694.25,79227.25,80110.25,0.0,IBKR_MID,24/7,unknown,unavailable_midpoint,2026-09-10T01:17:37.021302+00:00,24
2026-05-08,DOGE,0.11,0.115,0.11,0.11,0.0,IBKR_MID,24/7,unknown,unavailable_midpoint,2026-09-10T01:17:37.021302+00:00,24
2026-05-08,ETH,2294.95,2345.8,2265.35,2314.3,0.0,IBKR_MID,24/7,unknown,unavailable_midpoint,2026-09-10T01:17:37.021302+00:00,24
2026-05-08,SOL,88.44,92.81,87.05,92.59,0.0,IBKR_MID,24/7,unknown,unavailable_midpoint,2026-09-10T01:17:37.021302+00:00,24
2026-05-08,XRP,1.39,1.43,1.38,1.42,0.0,IBKR_MID,24/7,unknown,unavailable_midpoint,2026-09-10T01:17:37.021302+00:00,24
2026-05-11,BTC,80717.25,82473.5,80273.75,81947.25,0.0,IBKR_MID,24/7,unknown,unavailable_midpoint,2026-09-10T01:17:37.021302+00:00,24
2026-05-11,DOGE,0.11,0.115,0.105,0.11,0.0,IBKR_MID,24/7,unknown,unavailable_midpoint,2026-09-10T01:17:37.021302+00:00,24
2026-05-11,ETH,2328.1,2382.2,2302.65,2339.6,0.0,IBKR_MID,24/7,unknown,unavailable_midpoint,2026-09-10T01:17:37.021302+00:00,24
2026-05-11,SOL,93.4,98.75,92.92,98.18,0.0,IBKR_MID,24/7,unknown,unavailable_midpoint,2026-09-10T01:17:37.021302+00:00,24
2026-05-11,XRP,1.42,1.51,1.42,1.48,0.0,IBKR_MID,24/7,unknown,unavailable_midpoint,2026-09-10T01:17:37.021302+00:00,24
2026-05-12,BTC,82003.75,82066.5,79808.25,80812.75,0.0,IBKR_MID,24/7,unknown,unavailable_midpoint,2026-09-10T01:17:37.021302+00:00,24
2026-05-12,DOGE,0.11,0.115,0.105,0.11,0.0,IBKR_MID,24/7,unknown,unavailable_midpoint,2026-09-10T01:17:37.021302+00:00,24
2026-05-12,ETH,2341.2,2345.4,2255.95,2284.65,0.0,IBKR_MID,24/7,unknown,unavailable_midpoint,2026-09-10T01:17:37.021302+00:00,24
2026-05-12,SOL,98.3,98.37,93.33,94.88,0.0,IBKR_MID,24/7,unknown,unavailable_midpoint,2026-09-10T01:17:37.021302+00:00,24
2026-05-12,XRP,1.48,1.48,1.415,1.44,0.0,IBKR_MID,24/7,unknown,unavailable_midpoint,2026-09-10T01:17:37.021302+00:00,24
2026-05-13,BTC,80826.25,81288.0,78708.5,79611.25,0.0,IBKR_MID,24/7,unknown,unavailable_midpoint,2026-09-10T01:17:37.021302+00:00,24
2026-05-13,DOGE,0.11,0.115,0.105,0.11,0.0,IBKR_MID,24/7,unknown,unavailable_midpoint,2026-09-10T01:17:37.021302+00:00,24
2026-05-13,ETH,2285.15,2322.8,2233.2,2255.45,0.0,IBKR_MID,24/7,unknown,unavailable_midpoint,2026-09-10T01:17:37.021302+00:00,24
2026-05-13,SOL,94.88,95.96,90.22,90.93,0.0,IBKR_MID,24/7,unknown,unavailable_midpoint,2026-09-10T01:17:37.021302+00:00,24
2026-05-13,XRP,1.44,1.47,1.41,1.42,0.0,IBKR_MID,24/7,unknown,unavailable_midpoint,2026-09-10T01:17:37.021302+00:00,24
2026-05-14,BTC,79654.5,82058.25,78919.25,81438.75,0.0,IBKR_MID,24/7,unknown,unavailable_midpoint,2026-09-10T01:17:37.021302+00:00,24
2026-05-14,DOGE,0.11,0.12,0.105,0.12,0.0,IBKR_MID,24/7,unknown,unavailable_midpoint,2026-09-10T01:17:37.021302+00:00,24
2026-05-14,ETH,2256.7,2319.0,2238.75,2299.45,0.0,IBKR_MID,24/7,unknown,unavailable_midpoint,2026-09-10T01:17:37.021302+00:00,24
2026-05-14,SOL,90.98,93.66,89.8,92.88,0.0,IBKR_MID,24/7,unknown,unavailable_midpoint,2026-09-10T01:17:37.021302+00:00,24
2026-05-14,XRP,1.42,1.55,1.415,1.52,0.0,IBKR_MID,24/7,unknown,unavailable_midpoint,2026-09-10T01:17:37.021302+00:00,24
2026-05-15,BTC,81464.25,82343.25,78625.0,79100.75,0.0,IBKR_MID,24/7,unknown,unavailable_midpoint,2026-09-10T01:17:37.021302+00:00,24
2026-05-15,DOGE,0.12,0.12,0.11,0.11,0.0,IBKR_MID,24/7,unknown,unavailable_midpoint,2026-09-10T01:17:37.021302+00:00,24
2026-05-15,ETH,2297.9,2301.0,2204.55,2223.4,0.0,IBKR_MID,24/7,unknown,unavailable_midpoint,2026-09-10T01:17:37.021302+00:00,24
2026-05-15,SOL,92.91,95.28,88.46,89.38,0.0,IBKR_MID,24/7,unknown,unavailable_midpoint,2026-09-10T01:17:37.021302+00:00,24
2026-05-15,XRP,1.515,1.52,1.43,1.43,0.0,IBKR_MID,24/7,unknown,unavailable_midpoint,2026-09-10T01:17:37.021302+00:00,24
2026-05-18,BTC,78074.75,78558.25,76014.5,76856.75,0.0,IBKR_MID,24/7,unknown,unavailable_midpoint,2026-09-10T01:17:37.021302+00:00,24
2026-05-18,DOGE,0.11,0.12,0.1,0.1,0.0,IBKR_MID,24/7,unknown,unavailable_midpoint,2026-09-10T01:17:37.021302+00:00,24
2026-05-18,ETH,2183.95,2197.3,2076.6,2123.05,0.0,IBKR_MID,24/7,unknown,unavailable_midpoint,2026-09-10T01:17:37.021302+00:00,24
2026-05-18,SOL,86.81,90.26,83.41,84.94,0.0,IBKR_MID,24/7,unknown,unavailable_midpoint,2026-09-10T01:17:37.021302+00:00,24
2026-05-18,XRP,1.42,1.43,1.36,1.39,0.0,IBKR_MID,24/7,unknown,unavailable_midpoint,2026-09-10T01:17:37.021302+00:00,24
2026-05-19,BTC,76932.5,77335.25,76117.5,76756.25,0.0,IBKR_MID,24/7,unknown,unavailable_midpoint,2026-09-10T01:17:37.021302+00:00,24
2026-05-19,DOGE,0.1,0.115,0.1,0.1,0.0,IBKR_MID,24/7,unknown,unavailable_midpoint,2026-09-10T01:17:37.021302+00:00,24
2026-05-19,ETH,2126.3,2145.3,2094.35,2110.75,0.0,IBKR_MID,24/7,unknown,unavailable_midpoint,2026-09-10T01:17:37.021302+00:00,24
2026-05-19,SOL,85.09,85.9,83.62,84.28,0.0,IBKR_MID,24/7,unknown,unavailable_midpoint,2026-09-10T01:17:37.021302+00:00,24
2026-05-19,XRP,1.39,1.4,1.355,1.36,0.0,IBKR_MID,24/7,unknown,unavailable_midpoint,2026-09-10T01:17:37.021302+00:00,24
2026-05-20,BTC,76767.25,77782.75,76442.5,77595.75,0.0,IBKR_MID,24/7,unknown,unavailable_midpoint,2026-09-10T01:17:37.021302+00:00,24
2026-05-20,DOGE,0.1,0.11,0.1,0.1,0.0,IBKR_MID,24/7,unknown,unavailable_midpoint,2026-09-10T01:17:37.021302+00:00,24
2026-05-20,ETH,2110.7,2147.35,2101.45,2136.9,0.0,IBKR_MID,24/7,unknown,unavailable_midpoint,2026-09-10T01:17:37.021302+00:00,24
2026-05-20,SOL,84.25,87.0,83.77,86.08,0.0,IBKR_MID,24/7,unknown,unavailable_midpoint,2026-09-10T01:17:37.021302+00:00,24
2026-05-20,XRP,1.36,1.385,1.35,1.37,0.0,IBKR_MID,24/7,unknown,unavailable_midpoint,2026-09-10T01:17:37.021302+00:00,24
2026-05-21,BTC,77594.5,78099.0,76632.25,77647.5,0.0,IBKR_MID,24/7,unknown,unavailable_midpoint,2026-09-10T01:17:37.021302+00:00,24
2026-05-21,DOGE,0.1,0.115,0.1,0.11,0.0,IBKR_MID,24/7,unknown,unavailable_midpoint,2026-09-10T01:17:37.021302+00:00,24
2026-05-21,ETH,2135.0,2155.25,2102.75,2140.7,0.0,IBKR_MID,24/7,unknown,unavailable_midpoint,2026-09-10T01:17:37.021302+00:00,24
2026-05-21,SOL,85.96,89.97,85.24,87.75,0.0,IBKR_MID,24/7,unknown,unavailable_midpoint,2026-09-10T01:17:37.021302+00:00,24
2026-05-21,XRP,1.37,1.385,1.35,1.38,0.0,IBKR_MID,24/7,unknown,unavailable_midpoint,2026-09-10T01:17:37.021302+00:00,24
2026-05-22,BTC,77659.0,77826.75,75580.0,75764.0,0.0,IBKR_MID,24/7,unknown,unavailable_midpoint,2026-09-10T01:17:37.021302+00:00,24
2026-05-22,DOGE,0.11,0.13,0.1,0.1,0.0,IBKR_MID,24/7,unknown,unavailable_midpoint,2026-09-10T01:17:37.021302+00:00,24
2026-05-22,ETH,2141.15,2141.45,2055.35,2062.9,0.0,IBKR_MID,24/7,unknown,unavailable_midpoint,2026-09-10T01:17:37.021302+00:00,24
2026-05-22,SOL,87.8,87.84,83.95,84.44,0.0,IBKR_MID,24/7,unknown,unavailable_midpoint,2026-09-10T01:17:37.021302+00:00,24
2026-05-22,XRP,1.38,1.38,1.33,1.34,0.0,IBKR_MID,24/7,unknown,unavailable_midpoint,2026-09-10T01:17:37.021302+00:00,24
2026-05-25,BTC,76889.0,77832.25,76006.25,77376.5,0.0,IBKR_MID,24/7,unknown,unavailable_midpoint,2026-09-10T01:17:37.021302+00:00,24
2026-05-25,DOGE,0.1,0.105,0.1,0.1,0.0,IBKR_MID,24/7,unknown,unavailable_midpoint,2026-09-10T01:17:37.021302+00:00,24
2026-05-25,ETH,2125.45,2140.0,2059.8,2119.05,0.0,IBKR_MID,24/7,unknown,unavailable_midpoint,2026-09-10T01:17:37.021302+00:00,24
2026-05-25,SOL,86.34,87.61,83.58,85.56,0.0,IBKR_MID,24/7,unknown,unavailable_midpoint,2026-09-10T01:17:37.021302+00:00,24
2026-05-25,XRP,1.36,1.37,1.33,1.36,0.0,IBKR_MID,24/7,unknown,unavailable_midpoint,2026-09-10T01:17:37.021302+00:00,24
2026-05-26,BTC,77364.25,78003.5,75693.5,75928.75,0.0,IBKR_MID,24/7,unknown,unavailable_midpoint,2026-09-10T01:17:37.021302+00:00,24
2026-05-26,DOGE,0.1,0.105,0.1,0.1,0.0,IBKR_MID,24/7,unknown,unavailable_midpoint,2026-09-10T01:17:37.021302+00:00,24
2026-05-26,ETH,2119.05,2138.5,2055.1,2070.95,0.0,IBKR_MID,24/7,unknown,unavailable_midpoint,2026-09-10T01:17:37.021302+00:00,24
2026-05-26,SOL,85.59,86.27,83.04,83.63,0.0,IBKR_MID,24/7,unknown,unavailable_midpoint,2026-09-10T01:17:37.021302+00:00,24
2026-05-26,XRP,1.36,1.37,1.33,1.33,0.0,IBKR_MID,24/7,unknown,unavailable_midpoint,2026-09-10T01:17:37.021302+00:00,24
2026-05-27,BTC,75928.75,76067.0,74550.0,74905.0,0.0,IBKR_MID,24/7,unknown,unavailable_midpoint,2026-09-10T01:17:37.021302+00:00,24
2026-05-27,DOGE,0.1,0.1,0.1,0.1,0.0,IBKR_MID,24/7,unknown,unavailable_midpoint,2026-09-10T01:17:37.021302+00:00,24
2026-05-27,ETH,2071.45,2094.05,2039.7,2053.6,0.0,IBKR_MID,24/7,unknown,unavailable_midpoint,2026-09-10T01:17:37.021302+00:00,24
2026-05-27,SOL,83.63,84.69,82.74,83.77,0.0,IBKR_MID,24/7,unknown,unavailable_midpoint,2026-09-10T01:17:37.021302+00:00,24
2026-05-27,XRP,1.33,1.34,1.32,1.33,0.0,IBKR_MID,24/7,unknown,unavailable_midpoint,2026-09-10T01:17:37.021302+00:00,24
2026-05-28,BTC,74905.0,75279.25,72453.5,73314.25,0.0,IBKR_MID,24/7,unknown,unavailable_midpoint,2026-09-10T01:17:37.021302+00:00,24
2026-05-28,DOGE,0.1,0.1,0.095,0.1,0.0,IBKR_MID,24/7,unknown,unavailable_midpoint,2026-09-10T01:17:37.021302+00:00,24
2026-05-28,ETH,2054.2,2061.95,1959.1,2011.6,0.0,IBKR_MID,24/7,unknown,unavailable_midpoint,2026-09-10T01:17:37.021302+00:00,24
2026-05-28,SOL,83.77,83.98,79.87,82.08,0.0,IBKR_MID,24/7,unknown,unavailable_midpoint,2026-09-10T01:17:37.021302+00:00,24
2026-05-28,XRP,1.33,1.34,1.27,1.31,0.0,IBKR_MID,24/7,unknown,unavailable_midpoint,2026-09-10T01:17:37.021302+00:00,24
2026-05-29,BTC,73328.75,74218.25,72404.0,73412.25,0.0,IBKR_MID,24/7,unknown,unavailable_midpoint,2026-09-10T01:17:37.021302+00:00,24
2026-05-29,DOGE,0.1,0.1,0.095,0.1,0.0,IBKR_MID,24/7,unknown,unavailable_midpoint,2026-09-10T01:17:37.021302+00:00,24
2026-05-29,ETH,2012.05,2043.2,1974.0,2014.1,0.0,IBKR_MID,24/7,unknown,unavailable_midpoint,2026-09-10T01:17:37.021302+00:00,24
2026-05-29,SOL,82.09,83.11,80.24,81.94,0.0,IBKR_MID,24/7,unknown,unavailable_midpoint,2026-09-10T01:17:37.021302+00:00,24
2026-05-29,XRP,1.31,1.33,1.29,1.32,0.0,IBKR_MID,24/7,unknown,unavailable_midpoint,2026-09-10T01:17:37.021302+00:00,24
2026-06-01,BTC,73948.0,74092.75,70577.0,71488.5,0.0,IBKR_MID,24/7,unknown,unavailable_midpoint,2026-09-10T01:17:37.021302+00:00,24
2026-06-01,DOGE,0.1,0.1,0.095,0.1,0.0,IBKR_MID,24/7,unknown,unavailable_midpoint,2026-09-10T01:17:37.021302+00:00,24
2026-06-01,ETH,2026.85,2027.15,1953.55,2001.75,0.0,IBKR_MID,24/7,unknown,unavailable_midpoint,2026-09-10T01:17:37.021302+00:00,24
2026-06-01,SOL,82.84,83.0,78.98,81.09,0.0,IBKR_MID,24/7,unknown,unavailable_midpoint,2026-09-10T01:17:37.021302+00:00,24
2026-06-01,XRP,1.34,1.355,1.28,1.3,0.0,IBKR_MID,24/7,unknown,unavailable_midpoint,2026-09-10T01:17:37.021302+00:00,24
2026-06-02,BTC,71479.0,71956.0,66335.5,67212.0,0.0,IBKR_MID,24/7,unknown,unavailable_midpoint,2026-09-10T01:17:37.021302+00:00,24
2026-06-02,DOGE,0.1,0.1,0.09,0.09,0.0,IBKR_MID,24/7,unknown,unavailable_midpoint,2026-09-10T01:17:37.021302+00:00,24
2026-06-02,ETH,2002.05,2006.4,1880.5,1909.3,0.0,IBKR_MID,24/7,unknown,unavailable_midpoint,2026-09-10T01:17:37.021302+00:00,24
2026-06-02,SOL,81.06,82.81,74.49,75.43,0.0,IBKR_MID,24/7,unknown,unavailable_midpoint,2026-09-10T01:17:37.021302+00:00,24
2026-06-02,XRP,1.3,1.335,1.21,1.22,0.0,IBKR_MID,24/7,unknown,unavailable_midpoint,2026-09-10T01:17:37.021302+00:00,24
2026-06-03,BTC,67063.25,68005.5,65156.0,65363.25000000001,0.0,IBKR_MID,24/7,unknown,unavailable_midpoint,2026-09-10T01:17:37.021302+00:00,24
2026-06-03,DOGE,0.09,0.095,0.09,0.09,0.0,IBKR_MID,24/7,unknown,unavailable_midpoint,2026-09-10T01:17:37.021302+00:00,24
2026-06-03,ETH,1905.4,1935.95,1794.05,1801.25,0.0,IBKR_MID,24/7,unknown,unavailable_midpoint,2026-09-10T01:17:37.021302+00:00,24
2026-06-03,SOL,75.3,76.89,71.61,71.91,0.0,IBKR_MID,24/7,unknown,unavailable_midpoint,2026-09-10T01:17:37.021302+00:00,24
2026-06-03,XRP,1.22,1.25,1.19,1.2,0.0,IBKR_MID,24/7,unknown,unavailable_midpoint,2026-09-10T01:17:37.021302+00:00,24
2026-06-04,BTC,65287.00000000001,67129.25,60010.0,63542.25,0.0,IBKR_MID,24/7,unknown,unavailable_midpoint,2026-09-10T01:17:37.021302+00:00,24
2026-06-04,DOGE,0.09,0.1,0.085,0.09,0.0,IBKR_MID,24/7,unknown,unavailable_midpoint,2026-09-10T01:17:37.021302+00:00,24
2026-06-04,ETH,1797.75,1862.1,1715.85,1774.55,0.0,IBKR_MID,24/7,unknown,unavailable_midpoint,2026-09-10T01:17:37.021302+00:00,24
2026-06-04,SOL,71.66,74.99,66.37,69.0,0.0,IBKR_MID,24/7,unknown,unavailable_midpoint,2026-09-10T01:17:37.021302+00:00,24
2026-06-04,XRP,1.2,1.22,1.14,1.17,0.0,IBKR_MID,24/7,unknown,unavailable_midpoint,2026-09-10T01:17:37.021302+00:00,24
2026-06-05,BTC,63435.5,63905.75,59111.00000000001,60266.5,0.0,IBKR_MID,24/7,unknown,unavailable_midpoint,2026-09-10T01:17:37.021302+00:00,24
2026-06-05,DOGE,0.09,0.1,0.08,0.08,0.0,IBKR_MID,24/7,unknown,unavailable_midpoint,2026-09-10T01:17:37.021302+00:00,24
2026-06-05,ETH,1773.2,1825.8,1539.4,1572.8,0.0,IBKR_MID,24/7,unknown,unavailable_midpoint,2026-09-10T01:17:37.021302+00:00,24
2026-06-05,SOL,69.0,73.0,61.41,63.39,0.0,IBKR_MID,24/7,unknown,unavailable_midpoint,2026-09-10T01:17:37.021302+00:00,24
2026-06-05,XRP,1.17,1.19,1.07,1.1,0.0,IBKR_MID,24/7,unknown,unavailable_midpoint,2026-09-10T01:17:37.021302+00:00,24
2026-06-08,BTC,62070.25,64191.5,61130.74999999999,63353.25000000001,0.0,IBKR_MID,24/7,unknown,unavailable_midpoint,2026-09-10T01:17:37.021302+00:00,24
2026-06-08,DOGE,0.08,0.095,0.075,0.09,0.0,IBKR_MID,24/7,unknown,unavailable_midpoint,2026-09-10T01:17:37.021302+00:00,24
2026-06-08,ETH,1611.7,1740.15,1605.0,1684.25,0.0,IBKR_MID,24/7,unknown,unavailable_midpoint,2026-09-10T01:17:37.021302+00:00,24
2026-06-08,SOL,64.83,71.68,62.61,67.44,0.0,IBKR_MID,24/7,unknown,unavailable_midpoint,2026-09-10T01:17:37.021302+00:00,24
2026-06-08,XRP,1.13,1.195,1.12,1.18,0.0,IBKR_MID,24/7,unknown,unavailable_midpoint,2026-09-10T01:17:37.021302+00:00,24
2026-06-09,BTC,63407.75,63843.25000000001,60728.0,62044.5,0.0,IBKR_MID,24/7,unknown,unavailable_midpoint,2026-09-10T01:17:37.021302+00:00,24
2026-06-09,DOGE,0.09,0.095,0.08,0.09,0.0,IBKR_MID,24/7,unknown,unavailable_midpoint,2026-09-10T01:17:37.021302+00:00,24
2026-06-09,ETH,1685.0,1730.05,1612.4,1656.1,0.0,IBKR_MID,24/7,unknown,unavailable_midpoint,2026-09-10T01:17:37.021302+00:00,24
2026-06-09,SOL,67.47,68.46,63.48,65.35,0.0,IBKR_MID,24/7,unknown,unavailable_midpoint,2026-09-10T01:17:37.021302+00:00,24
2026-06-09,XRP,1.18,1.19,1.12,1.14,0.0,IBKR_MID,24/7,unknown,unavailable_midpoint,2026-09-10T01:17:37.021302+00:00,24
2026-06-10,BTC,62032.5,62800.99999999999,60740.5,61879.00000000001,0.0,IBKR_MID,24/7,unknown,unavailable_midpoint,2026-09-10T01:17:37.021302+00:00,24
2026-06-10,DOGE,0.09,0.09,0.08,0.08,0.0,IBKR_MID,24/7,unknown,unavailable_midpoint,2026-09-10T01:17:37.021302+00:00,24
2026-06-10,ETH,1657.1,1698.5,1605.35,1628.55,0.0,IBKR_MID,24/7,unknown,unavailable_midpoint,2026-09-10T01:17:37.021302+00:00,24
2026-06-10,SOL,65.43,65.71,62.91,63.5,0.0,IBKR_MID,24/7,unknown,unavailable_midpoint,2026-09-10T01:17:37.021302+00:00,24
2026-06-10,XRP,1.14,1.16,1.095,1.1,0.0,IBKR_MID,24/7,unknown,unavailable_midpoint,2026-09-10T01:17:37.021302+00:00,24
2026-06-11,BTC,61828.25,63866.5,61037.5,63543.25000000001,0.0,IBKR_MID,24/7,unknown,unavailable_midpoint,2026-09-10T01:17:37.021302+00:00,24
2026-06-11,DOGE,0.08,0.095,0.08,0.09,0.0,IBKR_MID,24/7,unknown,unavailable_midpoint,2026-09-10T01:17:37.021302+00:00,24
2026-06-11,ETH,1626.55,1691.3,1602.45,1680.15,0.0,IBKR_MID,24/7,unknown,unavailable_midpoint,2026-09-10T01:17:37.021302+00:00,24
2026-06-11,SOL,63.48,67.32,62.28,66.87,0.0,IBKR_MID,24/7,unknown,unavailable_midpoint,2026-09-10T01:17:37.021302+00:00,24
2026-06-11,XRP,1.1,1.15,1.09,1.14,0.0,IBKR_MID,24/7,unknown,unavailable_midpoint,2026-09-10T01:17:37.021302+00:00,24
2026-06-12,BTC,63496.25,64347.75,62761.75,63556.0,0.0,IBKR_MID,24/7,unknown,unavailable_midpoint,2026-09-10T01:17:37.021302+00:00,24
2026-06-12,DOGE,0.09,0.095,0.085,0.09,0.0,IBKR_MID,24/7,unknown,unavailable_midpoint,2026-09-10T01:17:37.021302+00:00,24
2026-06-12,ETH,1677.85,1690.1,1649.8,1665.0,0.0,IBKR_MID,24/7,unknown,unavailable_midpoint,2026-09-10T01:17:37.021302+00:00,24
2026-06-12,SOL,66.77,70.1,65.87,66.75,0.0,IBKR_MID,24/7,unknown,unavailable_midpoint,2026-09-10T01:17:37.021302+00:00,24
2026-06-12,XRP,1.14,1.16,1.12,1.13,0.0,IBKR_MID,24/7,unknown,unavailable_midpoint,2026-09-10T01:17:37.021302+00:00,24
2026-06-15,BTC,64250.74999999999,67261.5,63680.0,66562.75,0.0,IBKR_MID,24/7,unknown,unavailable_midpoint,2026-09-10T01:17:37.021302+00:00,24
2026-06-15,DOGE,0.09,0.095,0.085,0.09,0.0,IBKR_MID,24/7,unknown,unavailable_midpoint,2026-09-10T01:17:37.021302+00:00,24
2026-06-15,ETH,1675.45,1848.4,1655.0,1820.85,0.0,IBKR_MID,24/7,unknown,unavailable_midpoint,2026-09-10T01:17:37.021302+00:00,24
2026-06-15,SOL,69.16,76.04,66.91,75.22,0.0,IBKR_MID,24/7,unknown,unavailable_midpoint,2026-09-10T01:17:37.021302+00:00,24
2026-06-15,XRP,1.15,1.29,1.09,1.27,0.0,IBKR_MID,24/7,unknown,unavailable_midpoint,2026-09-10T01:17:37.021302+00:00,24
2026-06-16,BTC,66482.0,66946.5,65304.0,65617.0,0.0,IBKR_MID,24/7,unknown,unavailable_midpoint,2026-09-10T01:17:37.021302+00:00,24
2026-06-16,DOGE,0.09,0.09,0.085,0.09,0.0,IBKR_MID,24/7,unknown,unavailable_midpoint,2026-09-10T01:17:37.021302+00:00,24
2026-06-16,ETH,1817.4,1857.5,1757.6,1793.9,0.0,IBKR_MID,24/7,unknown,unavailable_midpoint,2026-09-10T01:17:37.021302+00:00,24
2026-06-16,SOL,75.05,75.6,72.28,73.78,0.0,IBKR_MID,24/7,unknown,unavailable_midpoint,2026-09-10T01:17:37.021302+00:00,24
2026-06-16,XRP,1.27,1.28,1.2,1.22,0.0,IBKR_MID,24/7,unknown,unavailable_midpoint,2026-09-10T01:17:37.021302+00:00,24
2026-06-17,BTC,65604.0,66330.0,64000.74999999999,64243.00000000001,0.0,IBKR_MID,24/7,unknown,unavailable_midpoint,2026-09-10T01:17:37.021302+00:00,24
2026-06-17,DOGE,0.09,0.09,0.08,0.09,0.0,IBKR_MID,24/7,unknown,unavailable_midpoint,2026-09-10T01:17:37.021302+00:00,24
2026-06-17,ETH,1792.9,1832.1,1727.6,1733.45,0.0,IBKR_MID,24/7,unknown,unavailable_midpoint,2026-09-10T01:17:37.021302+00:00,24
2026-06-17,SOL,73.72,74.91,71.38,71.61,0.0,IBKR_MID,24/7,unknown,unavailable_midpoint,2026-09-10T01:17:37.021302+00:00,24
2026-06-17,XRP,1.22,1.245,1.18,1.18,0.0,IBKR_MID,24/7,unknown,unavailable_midpoint,2026-09-10T01:17:37.021302+00:00,24
2026-06-18,BTC,64174.25,64750.25,62215.5,62870.5,0.0,IBKR_MID,24/7,unknown,unavailable_midpoint,2026-09-10T01:17:37.021302+00:00,24
2026-06-18,DOGE,0.09,0.09,0.08,0.08,0.0,IBKR_MID,24/7,unknown,unavailable_midpoint,2026-09-10T01:17:37.021302+00:00,24
2026-06-18,ETH,1733.15,1761.35,1670.0,1703.55,0.0,IBKR_MID,24/7,unknown,unavailable_midpoint,2026-09-10T01:17:37.021302+00:00,24
2026-06-18,SOL,71.53,72.6,68.13,69.3,0.0,IBKR_MID,24/7,unknown,unavailable_midpoint,2026-09-10T01:17:37.021302+00:00,24
2026-06-18,XRP,1.18,1.225,1.13,1.14,0.0,IBKR_MID,24/7,unknown,unavailable_midpoint,2026-09-10T01:17:37.021302+00:00,24
2026-06-19,BTC,63010.74999999999,64745.5,62250.0,62969.5,0.0,IBKR_MID,24/7,unknown,unavailable_midpoint,2026-09-10T01:17:37.021302+00:00,24
2026-06-19,DOGE,0.08,0.09,0.08,0.08,0.0,IBKR_MID,24/7,unknown,unavailable_midpoint,2026-09-10T01:17:37.021302+00:00,24
2026-06-19,ETH,1707.3,1717.6,1677.3,1699.45,0.0,IBKR_MID,24/7,unknown,unavailable_midpoint,2026-09-10T01:17:37.021302+00:00,24
2026-06-19,SOL,69.47,72.49,67.86,68.91,0.0,IBKR_MID,24/7,unknown,unavailable_midpoint,2026-09-10T01:17:37.021302+00:00,24
2026-06-19,XRP,1.15,1.205,1.12,1.13,0.0,IBKR_MID,24/7,unknown,unavailable_midpoint,2026-09-10T01:17:37.021302+00:00,24
2026-06-22,BTC,64211.5,65550.5,63189.5,64396.5,0.0,IBKR_MID,24/7,unknown,unavailable_midpoint,2026-09-10T01:17:37.021302+00:00,24
2026-06-22,DOGE,0.08,0.085,0.08,0.08,0.0,IBKR_MID,24/7,unknown,unavailable_midpoint,2026-09-10T01:17:37.021302+00:00,24
2026-06-22,ETH,1733.9,1777.9,1700.25,1732.2,0.0,IBKR_MID,24/7,unknown,unavailable_midpoint,2026-09-10T01:17:37.021302+00:00,24
2026-06-22,SOL,73.15,74.92,72.21,72.63,0.0,IBKR_MID,24/7,unknown,unavailable_midpoint,2026-09-10T01:17:37.021302+00:00,24
2026-06-22,XRP,1.15,1.16,1.12,1.13,0.0,IBKR_MID,24/7,unknown,unavailable_midpoint,2026-09-10T01:17:37.021302+00:00,24
2026-06-23,BTC,64469.5,64594.0,61862.74999999999,62313.5,0.0,IBKR_MID,24/7,unknown,unavailable_midpoint,2026-09-10T01:17:37.021302+00:00,24
2026-06-23,DOGE,0.08,0.09,0.08,0.08,0.0,IBKR_MID,24/7,unknown,unavailable_midpoint,2026-09-10T01:17:37.021302+00:00,24
2026-06-23,ETH,1733.95,1741.8,1633.55,1660.2,0.0,IBKR_MID,24/7,unknown,unavailable_midpoint,2026-09-10T01:17:37.021302+00:00,24
2026-06-23,SOL,72.69,73.51,68.06,68.75,0.0,IBKR_MID,24/7,unknown,unavailable_midpoint,2026-09-10T01:17:37.021302+00:00,24
2026-06-23,XRP,1.13,1.23,1.09,1.1,0.0,IBKR_MID,24/7,unknown,unavailable_midpoint,2026-09-10T01:17:37.021302+00:00,24
2026-06-24,BTC,62444.5,63144.25,59020.0,59866.74999999999,0.0,IBKR_MID,24/7,unknown,unavailable_midpoint,2026-09-10T01:17:37.021302+00:00,24
2026-06-24,DOGE,0.08,0.08,0.07,0.07,0.0,IBKR_MID,24/7,unknown,unavailable_midpoint,2026-09-10T01:17:37.021302+00:00,24
2026-06-24,ETH,1664.9,1689.6,1550.95,1582.05,0.0,IBKR_MID,24/7,unknown,unavailable_midpoint,2026-09-10T01:17:37.021302+00:00,24
2026-06-24,SOL,68.94,70.62,64.62,66.03,0.0,IBKR_MID,24/7,unknown,unavailable_midpoint,2026-09-10T01:17:37.021302+00:00,24
2026-06-24,XRP,1.1,1.11,1.04,1.06,0.0,IBKR_MID,24/7,unknown,unavailable_midpoint,2026-09-10T01:17:37.021302+00:00,24
2026-06-25,BTC,60658.0,61866.74999999999,58108.0,59216.25,0.0,IBKR_MID,24/7,unknown,unavailable_midpoint,2026-09-10T01:17:37.021302+00:00,24
2026-06-25,DOGE,0.08,0.08,0.07,0.07,0.0,IBKR_MID,24/7,unknown,unavailable_midpoint,2026-09-10T01:17:37.021302+00:00,24
2026-06-25,ETH,1611.8,1657.95,1529.95,1556.9,0.0,IBKR_MID,24/7,unknown,unavailable_midpoint,2026-09-10T01:17:37.021302+00:00,24
2026-06-25,SOL,67.44,74.97,63.92,66.1,0.0,IBKR_MID,24/7,unknown,unavailable_midpoint,2026-09-10T01:17:37.021302+00:00,24
2026-06-25,XRP,1.07,1.095,1.01,1.03,0.0,IBKR_MID,24/7,unknown,unavailable_midpoint,2026-09-10T01:17:37.021302+00:00,24
2026-06-26,BTC,59475.00000000001,60660.25,58243.25,59654.25,0.0,IBKR_MID,24/7,unknown,unavailable_midpoint,2026-09-10T01:17:37.021302+00:00,24
2026-06-26,DOGE,0.07,0.08,0.07,0.08,0.0,IBKR_MID,24/7,unknown,unavailable_midpoint,2026-09-10T01:17:37.021302+00:00,24
2026-06-26,ETH,1562.8,1612.4,1509.95,1571.95,0.0,IBKR_MID,24/7,unknown,unavailable_midpoint,2026-09-10T01:17:37.021302+00:00,24
2026-06-26,SOL,66.52,74.05,65.82,72.93,0.0,IBKR_MID,24/7,unknown,unavailable_midpoint,2026-09-10T01:17:37.021302+00:00,24
2026-06-26,XRP,1.03,1.08,1.01,1.05,0.0,IBKR_MID,24/7,unknown,unavailable_midpoint,2026-09-10T01:17:37.021302+00:00,24
2026-06-29,BTC,59912.74999999999,60685.5,58808.25,60342.74999999999,0.0,IBKR_MID,24/7,unknown,unavailable_midpoint,2026-09-10T01:17:37.021302+00:00,24
2026-06-29,DOGE,0.07,0.08,0.07,0.07,0.0,IBKR_MID,24/7,unknown,unavailable_midpoint,2026-09-10T01:17:37.021302+00:00,24
2026-06-29,ETH,1565.45,1669.15,1546.0,1623.05,0.0,IBKR_MID,24/7,unknown,unavailable_midpoint,2026-09-10T01:17:37.021302+00:00,24
2026-06-29,SOL,70.34,76.37,69.64,75.87,0.0,IBKR_MID,24/7,unknown,unavailable_midpoint,2026-09-10T01:17:37.021302+00:00,24
2026-06-29,XRP,1.04,1.08,1.03,1.07,0.0,IBKR_MID,24/7,unknown,unavailable_midpoint,2026-09-10T01:17:37.021302+00:00,24
2026-06-30,BTC,60417.75,60476.99999999999,58101.0,58719.75,0.0,IBKR_MID,24/7,unknown,unavailable_midpoint,2026-09-10T01:17:37.021302+00:00,24
2026-06-30,DOGE,0.07,0.08,0.07,0.07,0.0,IBKR_MID,24/7,unknown,unavailable_midpoint,2026-09-10T01:17:37.021302+00:00,24
2026-06-30,ETH,1621.65,1623.0,1547.75,1578.15,0.0,IBKR_MID,24/7,unknown,unavailable_midpoint,2026-09-10T01:17:37.021302+00:00,24
2026-06-30,SOL,75.75,75.81,71.33,73.63,0.0,IBKR_MID,24/7,unknown,unavailable_midpoint,2026-09-10T01:17:37.021302+00:00,24
2026-06-30,XRP,1.07,1.07,1.03,1.04,0.0,IBKR_MID,24/7,unknown,unavailable_midpoint,2026-09-10T01:17:37.021302+00:00,24
2026-07-01,BTC,58695.5,60474.25,57750.0,59967.75,0.0,IBKR_MID,24/7,unknown,unavailable_midpoint,2026-09-10T01:17:37.021302+00:00,24
2026-07-01,DOGE,0.07,0.07,0.07,0.07,0.0,IBKR_MID,24/7,unknown,unavailable_midpoint,2026-09-10T01:17:37.021302+00:00,24
2026-07-01,ETH,1577.15,1652.55,1550.75,1616.3,0.0,IBKR_MID,24/7,unknown,unavailable_midpoint,2026-09-10T01:17:37.021302+00:00,24
2026-07-01,SOL,73.68,79.16,72.15,76.93,0.0,IBKR_MID,24/7,unknown,unavailable_midpoint,2026-09-10T01:17:37.021302+00:00,24
2026-07-01,XRP,1.04,1.06,1.02,1.06,0.0,IBKR_MID,24/7,unknown,unavailable_midpoint,2026-09-10T01:17:37.021302+00:00,24
2026-07-02,BTC,60425.25000000001,62139.5,59521.5,61425.25000000001,0.0,IBKR_MID,24/7,unknown,unavailable_midpoint,2026-09-10T01:17:37.021302+00:00,24
2026-07-02,DOGE,0.07,0.085,0.07,0.07,0.0,IBKR_MID,24/7,unknown,unavailable_midpoint,2026-09-10T01:17:37.021302+00:00,24
2026-07-02,ETH,1621.95,1727.05,1595.2,1698.65,0.0,IBKR_MID,24/7,unknown,unavailable_midpoint,2026-09-10T01:17:37.021302+00:00,24
2026-07-02,SOL,77.72,82.67,76.81,80.75,0.0,IBKR_MID,24/7,unknown,unavailable_midpoint,2026-09-10T01:17:37.021302+00:00,24
2026-07-02,XRP,1.06,1.11,1.04,1.08,0.0,IBKR_MID,24/7,unknown,unavailable_midpoint,2026-09-10T01:17:37.021302+00:00,24
2026-07-03,BTC,61374.0,62332.99999999999,61166.25,62151.75,0.0,IBKR_MID,24/7,unknown,unavailable_midpoint,2026-09-10T01:17:37.021302+00:00,24
2026-07-03,DOGE,0.07,0.08,0.07,0.08,0.0,IBKR_MID,24/7,unknown,unavailable_midpoint,2026-09-10T01:17:37.021302+00:00,24
2026-07-03,ETH,1697.6,1751.6,1690.15,1743.6,0.0,IBKR_MID,24/7,unknown,unavailable_midpoint,2026-09-10T01:17:37.021302+00:00,24
2026-07-03,SOL,80.66,83.16,80.25,82.41,0.0,IBKR_MID,24/7,unknown,unavailable_midpoint,2026-09-10T01:17:37.021302+00:00,24
2026-07-03,XRP,1.08,1.145,1.08,1.13,0.0,IBKR_MID,24/7,unknown,unavailable_midpoint,2026-09-10T01:17:37.021302+00:00,24
2026-07-06,BTC,62723.75,63940.25,61251.75,63695.00000000001,0.0,IBKR_MID,24/7,unknown,unavailable_midpoint,2026-09-10T01:17:37.021302+00:00,24
2026-07-06,DOGE,0.08,0.08,0.07,0.08,0.0,IBKR_MID,24/7,unknown,unavailable_midpoint,2026-09-10T01:17:37.021302+00:00,24
2026-07-06,ETH,1763.05,1806.6,1727.0,1792.25,0.0,IBKR_MID,24/7,unknown,unavailable_midpoint,2026-09-10T01:17:37.021302+00:00,24
2026-07-06,SOL,80.53,82.39,79.15,82.03,0.0,IBKR_MID,24/7,unknown,unavailable_midpoint,2026-09-10T01:17:37.021302+00:00,24
2026-07-06,XRP,1.14,1.17,1.11,1.15,0.0,IBKR_MID,24/7,unknown,unavailable_midpoint,2026-09-10T01:17:37.021302+00:00,24
2026-07-07,BTC,63653.75,64679.75,62594.74999999999,63778.5,0.0,IBKR_MID,24/7,unknown,unavailable_midpoint,2026-09-10T01:17:37.021302+00:00,24
2026-07-07,DOGE,0.08,0.08,0.07,0.07,0.0,IBKR_MID,24/7,unknown,unavailable_midpoint,2026-09-10T01:17:37.021302+00:00,24
2026-07-07,ETH,1791.65,1832.4,1756.45,1789.35,0.0,IBKR_MID,24/7,unknown,unavailable_midpoint,2026-09-10T01:17:37.021302+00:00,24
2026-07-07,SOL,81.93,83.68,80.4,81.31,0.0,IBKR_MID,24/7,unknown,unavailable_midpoint,2026-09-10T01:17:37.021302+00:00,24
2026-07-07,XRP,1.15,1.16,1.11,1.12,0.0,IBKR_MID,24/7,unknown,unavailable_midpoint,2026-09-10T01:17:37.021302+00:00,24
2026-07-08,BTC,63798.5,63865.5,61469.25000000001,62228.25,0.0,IBKR_MID,24/7,unknown,unavailable_midpoint,2026-09-10T01:17:37.021302+00:00,24
2026-07-08,DOGE,0.07,0.07,0.07,0.07,0.0,IBKR_MID,24/7,unknown,unavailable_midpoint,2026-09-10T01:17:37.021302+00:00,24
2026-07-08,ETH,1788.7,1791.95,1711.2,1739.6,0.0,IBKR_MID,24/7,unknown,unavailable_midpoint,2026-09-10T01:17:37.021302+00:00,24
2026-07-08,SOL,81.33,81.44,76.19,77.36,0.0,IBKR_MID,24/7,unknown,unavailable_midpoint,2026-09-10T01:17:37.021302+00:00,24
2026-07-08,XRP,1.12,1.12,1.07,1.09,0.0,IBKR_MID,24/7,unknown,unavailable_midpoint,2026-09-10T01:17:37.021302+00:00,24
2026-07-09,BTC,62155.00000000001,63449.5,61642.74999999999,63191.00000000001,0.0,IBKR_MID,24/7,unknown,unavailable_midpoint,2026-09-10T01:17:37.021302+00:00,24
2026-07-09,DOGE,0.07,0.075,0.07,0.07,0.0,IBKR_MID,24/7,unknown,unavailable_midpoint,2026-09-10T01:17:37.021302+00:00,24
2026-07-09,ETH,1736.3,1760.25,1720.4,1747.2,0.0,IBKR_MID,24/7,unknown,unavailable_midpoint,2026-09-10T01:17:37.021302+00:00,24
2026-07-09,SOL,77.3,78.79,76.64,78.11,0.0,IBKR_MID,24/7,unknown,unavailable_midpoint,2026-09-10T01:17:37.021302+00:00,24
2026-07-09,XRP,1.09,1.11,1.08,1.1,0.0,IBKR_MID,24/7,unknown,unavailable_midpoint,2026-09-10T01:17:37.021302+00:00,24
2026-07-10,BTC,63203.00000000001,64659.00000000001,62868.99999999999,63886.0,0.0,IBKR_MID,24/7,unknown,unavailable_midpoint,2026-09-10T01:17:37.021302+00:00,24
2026-07-10,DOGE,0.07,0.07,0.07,0.07,0.0,IBKR_MID,24/7,unknown,unavailable_midpoint,2026-09-10T01:17:37.021302+00:00,24
2026-07-10,ETH,1747.4,1810.8,1736.1,1791.35,0.0,IBKR_MID,24/7,unknown,unavailable_midpoint,2026-09-10T01:17:37.021302+00:00,24
2026-07-10,SOL,78.09,79.62,77.04,77.83,0.0,IBKR_MID,24/7,unknown,unavailable_midpoint,2026-09-10T01:17:37.021302+00:00,24
2026-07-10,XRP,1.1,1.12,1.09,1.1,0.0,IBKR_MID,24/7,unknown,unavailable_midpoint,2026-09-10T01:17:37.021302+00:00,24
2026-07-13,BTC,63717.25000000001,64386.74999999999,61748.5,62216.25,0.0,IBKR_MID,24/7,unknown,unavailable_midpoint,2026-09-10T01:17:37.021302+00:00,24
2026-07-13,DOGE,0.07,0.07,0.07,0.07,0.0,IBKR_MID,24/7,unknown,unavailable_midpoint,2026-09-10T01:17:37.021302+00:00,24
2026-07-13,ETH,1794.15,1845.25,1748.55,1773.05,0.0,IBKR_MID,24/7,unknown,unavailable_midpoint,2026-09-10T01:17:37.021302+00:00,24
2026-07-13,SOL,76.31,78.15,74.46,75.11,0.0,IBKR_MID,24/7,unknown,unavailable_midpoint,2026-09-10T01:17:37.021302+00:00,24
2026-07-13,XRP,1.09,1.1,1.06,1.07,0.0,IBKR_MID,24/7,unknown,unavailable_midpoint,2026-09-10T01:17:37.021302+00:00,24
2026-07-14,BTC,62191.25000000001,64909.25000000001,61801.75,64544.25,0.0,IBKR_MID,24/7,unknown,unavailable_midpoint,2026-09-10T01:17:37.021302+00:00,24
2026-07-14,DOGE,0.07,0.08,0.07,0.07,0.0,IBKR_MID,24/7,unknown,unavailable_midpoint,2026-09-10T01:17:37.021302+00:00,24
2026-07-14,ETH,1772.4,1887.15,1751.05,1875.8,0.0,IBKR_MID,24/7,unknown,unavailable_midpoint,2026-09-10T01:17:37.021302+00:00,24
2026-07-14,SOL,75.09,77.79,74.03,77.13,0.0,IBKR_MID,24/7,unknown,unavailable_midpoint,2026-09-10T01:17:37.021302+00:00,24
2026-07-14,XRP,1.07,1.12,1.05,1.11,0.0,IBKR_MID,24/7,unknown,unavailable_midpoint,2026-09-10T01:17:37.021302+00:00,24
2026-07-15,BTC,64524.5,65548.25,64376.99999999999,64935.75,0.0,IBKR_MID,24/7,unknown,unavailable_midpoint,2026-09-10T01:17:37.021302+00:00,24
2026-07-15,DOGE,0.07,0.08,0.07,0.07,0.0,IBKR_MID,24/7,unknown,unavailable_midpoint,2026-09-10T01:17:37.021302+00:00,24
2026-07-15,ETH,1876.3,1944.75,1863.2,1922.7,0.0,IBKR_MID,24/7,unknown,unavailable_midpoint,2026-09-10T01:17:37.021302+00:00,24
2026-07-15,SOL,77.11,78.96,76.88,77.13,0.0,IBKR_MID,24/7,unknown,unavailable_midpoint,2026-09-10T01:17:37.021302+00:00,24
2026-07-15,XRP,1.11,1.13,1.1,1.11,0.0,IBKR_MID,24/7,unknown,unavailable_midpoint,2026-09-10T01:17:37.021302+00:00,24
2026-07-16,BTC,64902.0,65014.74999999999,63808.5,64223.75,0.0,IBKR_MID,24/7,unknown,unavailable_midpoint,2026-09-10T01:17:37.021302+00:00,24
2026-07-16,DOGE,0.07,0.07,0.07,0.07,0.0,IBKR_MID,24/7,unknown,unavailable_midpoint,2026-09-10T01:17:37.021302+00:00,24
2026-07-16,ETH,1922.0,1929.1,1860.55,1874.15,0.0,IBKR_MID,24/7,unknown,unavailable_midpoint,2026-09-10T01:17:37.021302+00:00,24
2026-07-16,SOL,77.13,77.69,75.34,75.75,0.0,IBKR_MID,24/7,unknown,unavailable_midpoint,2026-09-10T01:17:37.021302+00:00,24
2026-07-16,XRP,1.11,1.12,1.07,1.1,0.0,IBKR_MID,24/7,unknown,unavailable_midpoint,2026-09-10T01:17:37.021302+00:00,24
2026-07-17,BTC,64226.5,64347.25000000001,62500.0,64116.74999999999,0.0,IBKR_MID,24/7,unknown,unavailable_midpoint,2026-09-10T01:17:37.021302+00:00,24
2026-07-17,DOGE,0.07,0.07,0.07,0.07,0.0,IBKR_MID,24/7,unknown,unavailable_midpoint,2026-09-10T01:17:37.021302+00:00,24
2026-07-17,ETH,1874.0,1880.1,1801.55,1842.5,0.0,IBKR_MID,24/7,unknown,unavailable_midpoint,2026-09-10T01:17:37.021302+00:00,24
2026-07-17,SOL,75.77,76.0,73.31,75.15,0.0,IBKR_MID,24/7,unknown,unavailable_midpoint,2026-09-10T01:17:37.021302+00:00,24
2026-07-17,XRP,1.1,1.1,1.07,1.09,0.0,IBKR_MID,24/7,unknown,unavailable_midpoint,2026-09-10T01:17:37.021302+00:00,24
2026-07-20,BTC,64670.25,65741.25,63742.0,65100.0,0.0,IBKR_MID,24/7,unknown,unavailable_midpoint,2026-09-10T01:17:37.021302+00:00,24
2026-07-20,DOGE,0.07,0.07,0.07,0.07,0.0,IBKR_MID,24/7,unknown,unavailable_midpoint,2026-09-10T01:17:37.021302+00:00,24
2026-07-20,ETH,1868.05,1916.95,1841.5,1897.4,0.0,IBKR_MID,24/7,unknown,unavailable_midpoint,2026-09-10T01:17:37.021302+00:00,24
2026-07-20,SOL,76.05,78.31,75.33,77.58,0.0,IBKR_MID,24/7,unknown,unavailable_midpoint,2026-09-10T01:17:37.021302+00:00,24
2026-07-20,XRP,1.1,1.12,1.08,1.12,0.0,IBKR_MID,24/7,unknown,unavailable_midpoint,2026-09-10T01:17:37.021302+00:00,24
2026-07-21,BTC,65100.99999999999,66923.75,65016.25,66422.25,0.0,IBKR_MID,24/7,unknown,unavailable_midpoint,2026-09-10T01:17:37.021302+00:00,24
2026-07-21,DOGE,0.07,0.075,0.07,0.07,0.0,IBKR_MID,24/7,unknown,unavailable_midpoint,2026-09-10T01:17:37.021302+00:00,24
2026-07-21,ETH,1896.95,1956.7,1891.05,1922.55,0.0,IBKR_MID,24/7,unknown,unavailable_midpoint,2026-09-10T01:17:37.021302+00:00,24
2026-07-21,SOL,77.58,78.82,77.37,77.84,0.0,IBKR_MID,24/7,unknown,unavailable_midpoint,2026-09-10T01:17:37.021302+00:00,24
2026-07-21,XRP,1.11,1.16,1.11,1.16,0.0,IBKR_MID,24/7,unknown,unavailable_midpoint,2026-09-10T01:17:37.021302+00:00,24
2026-07-22,BTC,66324.75,66700.75,65495.75,65902.0,0.0,IBKR_MID,24/7,unknown,unavailable_midpoint,2026-09-10T01:17:37.021302+00:00,24
2026-07-22,DOGE,0.07,0.07,0.07,0.07,0.0,IBKR_MID,24/7,unknown,unavailable_midpoint,2026-09-10T01:17:37.021302+00:00,24
2026-07-22,ETH,1920.95,1955.0,1909.55,1924.0,0.0,IBKR_MID,24/7,unknown,unavailable_midpoint,2026-09-10T01:17:37.021302+00:00,24
2026-07-22,SOL,77.84,78.81,76.95,77.63,0.0,IBKR_MID,24/7,unknown,unavailable_midpoint,2026-09-10T01:17:37.021302+00:00,24
2026-07-22,XRP,1.16,1.16,1.13,1.14,0.0,IBKR_MID,24/7,unknown,unavailable_midpoint,2026-09-10T01:17:37.021302+00:00,24
2026-07-23,BTC,65885.0,66282.5,64590.0,64784.5,0.0,IBKR_MID,24/7,unknown,unavailable_midpoint,2026-09-10T01:17:37.021302+00:00,24
2026-07-23,DOGE,0.07,0.07,0.07,0.07,0.0,IBKR_MID,24/7,unknown,unavailable_midpoint,2026-09-10T01:17:37.021302+00:00,24
2026-07-23,ETH,1925.65,1940.75,1867.4,1873.65,0.0,IBKR_MID,24/7,unknown,unavailable_midpoint,2026-09-10T01:17:37.021302+00:00,24
2026-07-23,SOL,77.66,78.49,75.35,75.69,0.0,IBKR_MID,24/7,unknown,unavailable_midpoint,2026-09-10T01:17:37.021302+00:00,24
2026-07-23,XRP,1.14,1.14,1.1,1.1,0.0,IBKR_MID,24/7,unknown,unavailable_midpoint,2026-09-10T01:17:37.021302+00:00,24
2026-07-24,BTC,64821.75,65762.75,63659.25000000001,64162.5,0.0,IBKR_MID,24/7,unknown,unavailable_midpoint,2026-09-10T01:17:37.021302+00:00,24
2026-07-24,DOGE,0.07,0.07,0.07,0.07,0.0,IBKR_MID,24/7,unknown,unavailable_midpoint,2026-09-10T01:17:37.021302+00:00,24
2026-07-24,ETH,1875.25,1908.4,1846.1,1862.05,0.0,IBKR_MID,24/7,unknown,unavailable_midpoint,2026-09-10T01:17:37.021302+00:00,24
2026-07-24,SOL,75.75,76.39,73.53,73.88,0.0,IBKR_MID,24/7,unknown,unavailable_midpoint,2026-09-10T01:17:37.021302+00:00,24
2026-07-24,XRP,1.1,1.12,1.08,1.09,0.0,IBKR_MID,24/7,unknown,unavailable_midpoint,2026-09-10T01:17:37.021302+00:00,24
2026-07-27,BTC,64375.25000000001,65666.0,64285.25000000001,64913.75,0.0,IBKR_MID,24/7,unknown,unavailable_midpoint,2026-09-10T01:17:37.021302+00:00,24
2026-07-27,DOGE,0.07,0.07,0.07,0.07,0.0,IBKR_MID,24/7,unknown,unavailable_midpoint,2026-09-10T01:17:37.021302+00:00,24
2026-07-27,ETH,1883.35,1978.45,1877.75,1946.45,0.0,IBKR_MID,24/7,unknown,unavailable_midpoint,2026-09-10T01:17:37.021302+00:00,24
2026-07-27,SOL,75.06,77.43,74.75,75.91,0.0,IBKR_MID,24/7,unknown,unavailable_midpoint,2026-09-10T01:17:37.021302+00:00,24
2026-07-27,XRP,1.1,1.12,1.08,1.09,0.0,IBKR_MID,24/7,unknown,unavailable_midpoint,2026-09-10T01:17:37.021302+00:00,24
2026-07-28,BTC,64982.25,64986.25,62700.0,63822.74999999999,0.0,IBKR_MID,24/7,unknown,unavailable_midpoint,2026-09-10T01:17:37.021302+00:00,24
2026-07-28,DOGE,0.07,0.07,0.07,0.07,0.0,IBKR_MID,24/7,unknown,unavailable_midpoint,2026-09-10T01:17:37.021302+00:00,24
2026-07-28,ETH,1948.1,1948.7,1855.0,1920.15,0.0,IBKR_MID,24/7,unknown,unavailable_midpoint,2026-09-10T01:17:37.021302+00:00,24
2026-07-28,SOL,75.97,76.07,72.28,74.24,0.0,IBKR_MID,24/7,unknown,unavailable_midpoint,2026-09-10T01:17:37.021302+00:00,24
2026-07-28,XRP,1.09,1.09,1.04,1.06,0.0,IBKR_MID,24/7,unknown,unavailable_midpoint,2026-09-10T01:17:37.021302+00:00,24
2026-07-29,BTC,63860.74999999999,64663.5,63446.0,63514.74999999999,0.0,IBKR_MID,24/7,unknown,unavailable_midpoint,2026-09-10T01:17:37.021302+00:00,24
2026-07-29,DOGE,0.07,0.07,0.07,0.07,0.0,IBKR_MID,24/7,unknown,unavailable_midpoint,2026-09-10T01:17:37.021302+00:00,24
2026-07-29,ETH,1920.25,1933.05,1881.65,1886.25,0.0,IBKR_MID,24/7,unknown,unavailable_midpoint,2026-09-10T01:17:37.021302+00:00,24
2026-07-29,SOL,74.22,74.43,72.63,72.66,0.0,IBKR_MID,24/7,unknown,unavailable_midpoint,2026-09-10T01:17:37.021302+00:00,24
2026-07-29,XRP,1.06,1.09,1.06,1.07,0.0,IBKR_MID,24/7,unknown,unavailable_midpoint,2026-09-10T01:17:37.021302+00:00,24
2026-07-30,BTC,63494.0,65106.5,63199.75,64732.5,0.0,IBKR_MID,24/7,unknown,unavailable_midpoint,2026-09-10T01:17:37.021302+00:00,24
2026-07-30,DOGE,0.07,0.07,0.07,0.07,0.0,IBKR_MID,24/7,unknown,unavailable_midpoint,2026-09-10T01:17:37.021302+00:00,24
2026-07-30,ETH,1885.55,1935.1,1872.9,1921.95,0.0,IBKR_MID,24/7,unknown,unavailable_midpoint,2026-09-10T01:17:37.021302+00:00,24
2026-07-30,SOL,72.65,74.91,72.23,74.71,0.0,IBKR_MID,24/7,unknown,unavailable_midpoint,2026-09-10T01:17:37.021302+00:00,24
2026-07-30,XRP,1.07,1.09,1.06,1.09,0.0,IBKR_MID,24/7,unknown,unavailable_midpoint,2026-09-10T01:17:37.021302+00:00,24
2026-07-31,BTC,64728.5,65352.74999999999,62411.00000000001,62900.99999999999,0.0,IBKR_MID,24/7,unknown,unavailable_midpoint,2026-09-10T01:17:37.021302+00:00,24
2026-07-31,DOGE,0.07,0.07,0.07,0.07,0.0,IBKR_MID,24/7,unknown,unavailable_midpoint,2026-09-10T01:17:37.021302+00:00,24
2026-07-31,ETH,1920.9,1935.15,1845.95,1866.35,0.0,IBKR_MID,24/7,unknown,unavailable_midpoint,2026-09-10T01:17:37.021302+00:00,24
2026-07-31,SOL,74.66,75.22,72.71,73.0,0.0,IBKR_MID,24/7,unknown,unavailable_midpoint,2026-09-10T01:17:37.021302+00:00,24
2026-07-31,XRP,1.09,1.09,1.06,1.06,0.0,IBKR_MID,24/7,unknown,unavailable_midpoint,2026-09-10T01:17:37.021302+00:00,24
2026-08-03,BTC,63416.0,64000.0,62215.75,63814.0,0.0,IBKR_MID,24/7,unknown,unavailable_midpoint,2026-09-10T01:17:37.021302+00:00,24
2026-08-03,DOGE,0.07,0.07,0.07,0.07,0.0,IBKR_MID,24/7,unknown,unavailable_midpoint,2026-09-10T01:17:37.021302+00:00,24
2026-08-03,ETH,1875.65,1905.35,1826.45,1868.55,0.0,IBKR_MID,24/7,unknown,unavailable_midpoint,2026-09-10T01:17:37.021302+00:00,24
2026-08-03,SOL,73.38,74.25,71.89,73.96,0.0,IBKR_MID,24/7,unknown,unavailable_midpoint,2026-09-10T01:17:37.021302+00:00,24
2026-08-03,XRP,1.08,1.09,1.06,1.08,0.0,IBKR_MID,24/7,unknown,unavailable_midpoint,2026-09-10T01:17:37.021302+00:00,24
2026-08-04,BTC,63774.25,64363.5,63257.25000000001,64200.0,0.0,IBKR_MID,24/7,unknown,unavailable_midpoint,2026-09-10T01:17:37.021302+00:00,24
2026-08-04,DOGE,0.07,0.07,0.07,0.07,0.0,IBKR_MID,24/7,unknown,unavailable_midpoint,2026-09-10T01:17:37.021302+00:00,24
2026-08-04,ETH,1867.25,1880.55,1846.65,1873.9,0.0,IBKR_MID,24/7,unknown,unavailable_midpoint,2026-09-10T01:17:37.021302+00:00,24
2026-08-04,SOL,73.86,74.34,73.0,74.13,0.0,IBKR_MID,24/7,unknown,unavailable_midpoint,2026-09-10T01:17:37.021302+00:00,24
2026-08-04,XRP,1.08,1.08,1.07,1.08,0.0,IBKR_MID,24/7,unknown,unavailable_midpoint,2026-09-10T01:17:37.021302+00:00,24
2026-08-05,BTC,64172.5,64888.25,63814.0,64813.5,0.0,IBKR_MID,24/7,unknown,unavailable_midpoint,2026-09-10T01:17:37.021302+00:00,24
2026-08-05,DOGE,0.07,0.07,0.07,0.07,0.0,IBKR_MID,24/7,unknown,unavailable_midpoint,2026-09-10T01:17:37.021302+00:00,24
2026-08-05,ETH,1873.3,1925.0,1853.75,1915.65,0.0,IBKR_MID,24/7,unknown,unavailable_midpoint,2026-09-10T01:17:37.021302+00:00,24
2026-08-05,SOL,74.13,74.76,73.2,74.41,0.0,IBKR_MID,24/7,unknown,unavailable_midpoint,2026-09-10T01:17:37.021302+00:00,24
2026-08-05,XRP,1.08,1.08,1.05,1.07,0.0,IBKR_MID,24/7,unknown,unavailable_midpoint,2026-09-10T01:17:37.021302+00:00,24
2026-08-06,BTC,64824.99999999999,64961.75,63775.5,64399.00000000001,0.0,IBKR_MID,24/7,unknown,unavailable_midpoint,2026-09-10T01:17:37.021302+00:00,24
2026-08-06,DOGE,0.07,0.07,0.07,0.07,0.0,IBKR_MID,24/7,unknown,unavailable_midpoint,2026-09-10T01:17:37.021302+00:00,24
2026-08-06,ETH,1916.7,1923.35,1890.55,1908.55,0.0,IBKR_MID,24/7,unknown,unavailable_midpoint,2026-09-10T01:17:37.021302+00:00,24
2026-08-06,SOL,74.43,74.51,72.47,72.73,0.0,IBKR_MID,24/7,unknown,unavailable_midpoint,2026-09-10T01:17:37.021302+00:00,24
2026-08-06,XRP,1.07,1.07,1.03,1.03,0.0,IBKR_MID,24/7,unknown,unavailable_midpoint,2026-09-10T01:17:37.021302+00:00,24
2026-08-07,BTC,64447.25000000001,65345.25000000001,64100.0,64917.75,0.0,IBKR_MID,24/7,unknown,unavailable_midpoint,2026-09-10T01:17:37.021302+00:00,24
2026-08-07,DOGE,0.07,0.07,0.07,0.07,0.0,IBKR_MID,24/7,unknown,unavailable_midpoint,2026-09-10T01:17:37.021302+00:00,24
2026-08-07,ETH,1908.9,1942.3,1892.7,1917.9,0.0,IBKR_MID,24/7,unknown,unavailable_midpoint,2026-09-10T01:17:37.021302+00:00,24
2026-08-07,SOL,72.78,74.32,72.27,73.97,0.0,IBKR_MID,24/7,unknown,unavailable_midpoint,2026-09-10T01:17:37.021302+00:00,24
2026-08-07,XRP,1.04,1.04,1.01,1.02,0.0,IBKR_MID,24/7,unknown,unavailable_midpoint,2026-09-10T01:17:37.021302+00:00,24
2026-08-10,BTC,64800.0,65418.74999999999,63739.00000000001,63976.99999999999,0.0,IBKR_MID,24/7,unknown,unavailable_midpoint,2026-09-10T01:17:37.021302+00:00,24
2026-08-10,DOGE,0.07,0.07,0.07,0.07,0.0,IBKR_MID,24/7,unknown,unavailable_midpoint,2026-09-10T01:17:37.021302+00:00,24
2026-08-10,ETH,1917.75,1936.4,1865.8,1876.6,0.0,IBKR_MID,24/7,unknown,unavailable_midpoint,2026-09-10T01:17:37.021302+00:00,24
2026-08-10,SOL,76.36,77.75,75.52,76.12,0.0,IBKR_MID,24/7,unknown,unavailable_midpoint,2026-09-10T01:17:37.021302+00:00,24
2026-08-10,XRP,1.04,1.05,1.01,1.02,0.0,IBKR_MID,24/7,unknown,unavailable_midpoint,2026-09-10T01:17:37.021302+00:00,24
2026-08-11,BTC,63964.25,64439.25000000001,63161.25000000001,63472.74999999999,0.0,IBKR_MID,24/7,unknown,unavailable_midpoint,2026-09-10T01:17:37.021302+00:00,24
2026-08-11,DOGE,0.07,0.07,0.07,0.07,0.0,IBKR_MID,24/7,unknown,unavailable_midpoint,2026-09-10T01:17:37.021302+00:00,24
2026-08-11,ETH,1875.95,1896.25,1851.85,1879.95,0.0,IBKR_MID,24/7,unknown,unavailable_midpoint,2026-09-10T01:17:37.021302+00:00,24
2026-08-11,SOL,76.12,76.42,74.58,75.59,0.0,IBKR_MID,24/7,unknown,unavailable_midpoint,2026-09-10T01:17:37.021302+00:00,24
2026-08-11,XRP,1.02,1.025,0.99,1.01,0.0,IBKR_MID,24/7,unknown,unavailable_midpoint,2026-09-10T01:17:37.021302+00:00,24
2026-08-12,BTC,63549.5,64429.5,63246.5,63344.74999999999,0.0,IBKR_MID,24/7,unknown,unavailable_midpoint,2026-09-10T01:17:37.021302+00:00,24
2026-08-12,DOGE,0.07,0.07,0.07,0.07,0.0,IBKR_MID,24/7,unknown,unavailable_midpoint,2026-09-10T01:17:37.021302+00:00,24
2026-08-12,ETH,1881.15,1923.35,1875.7,1877.35,0.0,IBKR_MID,24/7,unknown,unavailable_midpoint,2026-09-10T01:17:37.021302+00:00,24
2026-08-12,SOL,75.71,77.26,75.3,75.69,0.0,IBKR_MID,24/7,unknown,unavailable_midpoint,2026-09-10T01:17:37.021302+00:00,24
2026-08-12,XRP,1.02,1.03,1.01,1.01,0.0,IBKR_MID,24/7,unknown,unavailable_midpoint,2026-09-10T01:17:37.021302+00:00,24
2026-08-13,BTC,63374.5,64270.5,62800.0,63350.0,0.0,IBKR_MID,24/7,unknown,unavailable_midpoint,2026-09-10T01:17:37.021302+00:00,24
2026-08-13,DOGE,0.07,0.07,0.07,0.07,0.0,IBKR_MID,24/7,unknown,unavailable_midpoint,2026-09-10T01:17:37.021302+00:00,24
2026-08-13,ETH,1877.6,1904.4,1861.9,1885.5,0.0,IBKR_MID,24/7,unknown,unavailable_midpoint,2026-09-10T01:17:37.021302+00:00,24
2026-08-13,SOL,75.69,76.55,75.03,76.13,0.0,IBKR_MID,24/7,unknown,unavailable_midpoint,2026-09-10T01:17:37.021302+00:00,24
2026-08-13,XRP,1.01,1.01,1.0,1.01,0.0,IBKR_MID,24/7,unknown,unavailable_midpoint,2026-09-10T01:17:37.021302+00:00,24
2026-08-14,BTC,63317.5,63576.0,62500.0,62898.25,0.0,IBKR_MID,24/7,unknown,unavailable_midpoint,2026-09-10T01:17:37.021302+00:00,24
2026-08-14,DOGE,0.07,0.07,0.07,0.07,0.0,IBKR_MID,24/7,unknown,unavailable_midpoint,2026-09-10T01:17:37.021302+00:00,24
2026-08-14,ETH,1885.7,1891.3,1862.1,1879.1,0.0,IBKR_MID,24/7,unknown,unavailable_midpoint,2026-09-10T01:17:37.021302+00:00,24
2026-08-14,SOL,76.13,76.38,74.58,74.93,0.0,IBKR_MID,24/7,unknown,unavailable_midpoint,2026-09-10T01:17:37.021302+00:00,24
2026-08-14,XRP,1.01,1.01,1.0,1.0,0.0,IBKR_MID,24/7,unknown,unavailable_midpoint,2026-09-10T01:17:37.021302+00:00,24
2026-08-17,BTC,62992.0,64560.25,62667.00000000001,64270.25,0.0,IBKR_MID,24/7,unknown,unavailable_midpoint,2026-09-10T01:17:37.021302+00:00,24
2026-08-17,DOGE,0.07,0.07,0.07,0.07,0.0,IBKR_MID,24/7,unknown,unavailable_midpoint,2026-09-10T01:17:37.021302+00:00,24
2026-08-17,ETH,1878.65,1913.7,1867.45,1905.65,0.0,IBKR_MID,24/7,unknown,unavailable_midpoint,2026-09-10T01:17:37.021302+00:00,24
2026-08-17,SOL,75.3,76.15,74.07,75.75,0.0,IBKR_MID,24/7,unknown,unavailable_midpoint,2026-09-10T01:17:37.021302+00:00,24
2026-08-17,XRP,1.0,1.01,0.99,1.0,0.0,IBKR_MID,24/7,unknown,unavailable_midpoint,2026-09-10T01:17:37.021302+00:00,24
2026-08-18,BTC,64220.74999999999,65000.0,63982.74999999999,64604.74999999999,0.0,IBKR_MID,24/7,unknown,unavailable_midpoint,2026-09-10T01:17:37.021302+00:00,24
2026-08-18,DOGE,0.07,0.07,0.07,0.07,0.0,IBKR_MID,24/7,unknown,unavailable_midpoint,2026-09-10T01:17:37.021302+00:00,24
2026-08-18,ETH,1905.35,1921.75,1884.2,1912.1,0.0,IBKR_MID,24/7,unknown,unavailable_midpoint,2026-09-10T01:17:37.021302+00:00,24
2026-08-18,SOL,75.71,77.35,75.15,77.13,0.0,IBKR_MID,24/7,unknown,unavailable_midpoint,2026-09-10T01:17:37.021302+00:00,24
2026-08-18,XRP,1.0,1.01,0.99,1.0,0.0,IBKR_MID,24/7,unknown,unavailable_midpoint,2026-09-10T01:17:37.021302+00:00,24
2026-08-19,BTC,64612.25,71213.5,64116.5,68413.75,0.0,IBKR_MID,24/7,unknown,unavailable_midpoint,2026-09-10T01:17:37.021302+00:00,24
2026-08-19,DOGE,0.07,0.07,0.07,0.07,0.0,IBKR_MID,24/7,unknown,unavailable_midpoint,2026-09-10T01:17:37.021302+00:00,24
2026-08-19,ETH,1912.6,2107.5,1904.9,2101.8,0.0,IBKR_MID,24/7,unknown,unavailable_midpoint,2026-09-10T01:17:37.021302+00:00,24
2026-08-19,SOL,77.11,82.95,76.19,82.34,0.0,IBKR_MID,24/7,unknown,unavailable_midpoint,2026-09-10T01:17:37.021302+00:00,24
2026-08-19,XRP,1.0,1.085,1.0,1.07,0.0,IBKR_MID,24/7,unknown,unavailable_midpoint,2026-09-10T01:17:37.021302+00:00,24
2026-08-20,BTC,68377.25,74508.75,68361.0,72671.75,0.0,IBKR_MID,24/7,unknown,unavailable_midpoint,2026-09-10T01:17:37.021302+00:00,24
2026-08-20,DOGE,0.07,0.085,0.07,0.08,0.0,IBKR_MID,24/7,unknown,unavailable_midpoint,2026-09-10T01:17:37.021302+00:00,24
2026-08-20,ETH,2102.65,2363.9,2093.35,2323.6,0.0,IBKR_MID,24/7,unknown,unavailable_midpoint,2026-09-10T01:17:37.021302+00:00,24
2026-08-20,SOL,82.31,88.05,82.26,87.3,0.0,IBKR_MID,24/7,unknown,unavailable_midpoint,2026-09-10T01:17:37.021302+00:00,24
2026-08-20,XRP,1.07,1.34,1.07,1.23,0.0,IBKR_MID,24/7,unknown,unavailable_midpoint,2026-09-10T01:17:37.021302+00:00,24
2026-08-21,BTC,72639.25,79492.75,72482.75,76999.25,0.0,IBKR_MID,24/7,unknown,unavailable_midpoint,2026-09-10T01:17:37.021302+00:00,24
2026-08-21,DOGE,0.08,0.09,0.08,0.08,0.0,IBKR_MID,24/7,unknown,unavailable_midpoint,2026-09-10T01:17:37.021302+00:00,24
2026-08-21,ETH,2324.2,2448.0,2307.45,2413.25,0.0,IBKR_MID,24/7,unknown,unavailable_midpoint,2026-09-10T01:17:37.021302+00:00,24
2026-08-21,SOL,87.25,93.38,87.17,90.94,0.0,IBKR_MID,24/7,unknown,unavailable_midpoint,2026-09-10T01:17:37.021302+00:00,24
2026-08-21,XRP,1.23,1.43,1.23,1.37,0.0,IBKR_MID,24/7,unknown,unavailable_midpoint,2026-09-10T01:17:37.021302+00:00,24
2026-08-24,BTC,76926.5,79950.0,75557.25,78747.0,0.0,IBKR_MID,24/7,unknown,unavailable_midpoint,2026-09-10T01:17:37.021302+00:00,24
2026-08-24,DOGE,0.08,0.1,0.08,0.09,0.0,IBKR_MID,24/7,unknown,unavailable_midpoint,2026-09-10T01:17:37.021302+00:00,24
2026-08-24,ETH,2412.1,2546.75,2356.25,2471.0,0.0,IBKR_MID,24/7,unknown,unavailable_midpoint,2026-09-10T01:17:37.021302+00:00,24
2026-08-24,SOL,90.71,102.72,88.0,96.55,0.0,IBKR_MID,24/7,unknown,unavailable_midpoint,2026-09-10T01:17:37.021302+00:00,24
2026-08-24,XRP,1.37,1.7,1.37,1.48,0.0,IBKR_MID,24/7,unknown,unavailable_midpoint,2026-09-10T01:17:37.021302+00:00,24
2026-08-25,BTC,78732.0,81258.5,78279.0,78930.75,0.0,IBKR_MID,24/7,unknown,unavailable_midpoint,2026-09-10T01:17:37.021302+00:00,24
2026-08-25,DOGE,0.09,0.09,0.09,0.09,0.0,IBKR_MID,24/7,unknown,unavailable_midpoint,2026-09-10T01:17:37.021302+00:00,24
2026-08-25,ETH,2470.1,2532.1,2440.0,2463.85,0.0,IBKR_MID,24/7,unknown,unavailable_midpoint,2026-09-10T01:17:37.021302+00:00,24
2026-08-25,SOL,96.5,103.07,95.73,97.96,0.0,IBKR_MID,24/7,unknown,unavailable_midpoint,2026-09-10T01:17:37.021302+00:00,24
2026-08-25,XRP,1.48,1.55,1.44,1.47,0.0,IBKR_MID,24/7,unknown,unavailable_midpoint,2026-09-10T01:17:37.021302+00:00,24
2026-08-26,BTC,78924.25,79236.75,77606.75,78474.5,0.0,IBKR_MID,24/7,unknown,unavailable_midpoint,2026-09-10T01:17:37.021302+00:00,24
2026-08-26,DOGE,0.09,0.09,0.08,0.08,0.0,IBKR_MID,24/7,unknown,unavailable_midpoint,2026-09-10T01:17:37.021302+00:00,24
2026-08-26,ETH,2462.15,2483.5,2412.65,2470.7,0.0,IBKR_MID,24/7,unknown,unavailable_midpoint,2026-09-10T01:17:37.021302+00:00,24
2026-08-26,SOL,97.93,98.03,95.0,96.79,0.0,IBKR_MID,24/7,unknown,unavailable_midpoint,2026-09-10T01:17:37.021302+00:00,24
2026-08-26,XRP,1.47,1.47,1.36,1.38,0.0,IBKR_MID,24/7,unknown,unavailable_midpoint,2026-09-10T01:17:37.021302+00:00,24
2026-08-27,BTC,78463.25,80829.75,78251.25,79914.0,0.0,IBKR_MID,24/7,unknown,unavailable_midpoint,2026-09-10T01:17:37.021302+00:00,24
2026-08-27,DOGE,0.08,0.09,0.08,0.09,0.0,IBKR_MID,24/7,unknown,unavailable_midpoint,2026-09-10T01:17:37.021302+00:00,24
2026-08-27,ETH,2471.85,2566.35,2460.1,2498.65,0.0,IBKR_MID,24/7,unknown,unavailable_midpoint,2026-09-10T01:17:37.021302+00:00,24
2026-08-27,SOL,96.75,109.95,96.31,109.41,0.0,IBKR_MID,24/7,unknown,unavailable_midpoint,2026-09-10T01:17:37.021302+00:00,24
2026-08-27,XRP,1.38,1.47,1.36,1.46,0.0,IBKR_MID,24/7,unknown,unavailable_midpoint,2026-09-10T01:17:37.021302+00:00,24
2026-08-28,BTC,79910.5,81451.5,76879.5,77547.25,0.0,IBKR_MID,24/7,unknown,unavailable_midpoint,2026-09-10T01:17:37.021302+00:00,24
2026-08-28,DOGE,0.09,0.09,0.08,0.08,0.0,IBKR_MID,24/7,unknown,unavailable_midpoint,2026-09-10T01:17:37.021302+00:00,24
2026-08-28,ETH,2500.35,2535.4,2405.25,2435.45,0.0,IBKR_MID,24/7,unknown,unavailable_midpoint,2026-09-10T01:17:37.021302+00:00,24
2026-08-28,SOL,109.01,110.62,102.26,103.38,0.0,IBKR_MID,24/7,unknown,unavailable_midpoint,2026-09-10T01:17:37.021302+00:00,24
2026-08-28,XRP,1.45,1.47,1.365,1.38,0.0,IBKR_MID,24/7,unknown,unavailable_midpoint,2026-09-10T01:17:37.021302+00:00,24
2026-08-31,BTC,77594.25,79392.0,77026.5,78894.5,0.0,IBKR_MID,24/7,unknown,unavailable_midpoint,2026-09-10T01:17:37.021302+00:00,24
2026-08-31,DOGE,0.08,0.09,0.08,0.08,0.0,IBKR_MID,24/7,unknown,unavailable_midpoint,2026-09-10T01:17:37.021302+00:00,24
2026-08-31,ETH,2436.15,2534.45,2387.6,2481.85,0.0,IBKR_MID,24/7,unknown,unavailable_midpoint,2026-09-10T01:17:37.021302+00:00,24
2026-08-31,SOL,103.46,108.74,100.32,103.63,0.0,IBKR_MID,24/7,unknown,unavailable_midpoint,2026-09-10T01:17:37.021302+00:00,24
2026-08-31,XRP,1.38,1.43,1.34,1.39,0.0,IBKR_MID,24/7,unknown,unavailable_midpoint,2026-09-10T01:17:37.021302+00:00,24
2026-09-01,BTC,78872.5,79198.5,76380.75,77275.0,0.0,IBKR_MID,24/7,unknown,unavailable_midpoint,2026-09-10T01:17:37.021302+00:00,24
2026-09-01,DOGE,0.08,0.08,0.08,0.08,0.0,IBKR_MID,24/7,unknown,unavailable_midpoint,2026-09-10T01:17:37.021302+00:00,24
2026-09-01,ETH,2480.8,2486.6,2382.4,2418.0,0.0,IBKR_MID,24/7,unknown,unavailable_midpoint,2026-09-10T01:17:37.021302+00:00,24
2026-09-01,SOL,103.64,104.35,98.32,100.03,0.0,IBKR_MID,24/7,unknown,unavailable_midpoint,2026-09-10T01:17:37.021302+00:00,24
2026-09-01,XRP,1.39,1.4,1.34,1.35,0.0,IBKR_MID,24/7,unknown,unavailable_midpoint,2026-09-10T01:17:37.021302+00:00,24
2026-09-02,BTC,77256.75,77747.5,76277.5,77310.0,0.0,IBKR_MID,24/7,unknown,unavailable_midpoint,2026-09-10T01:17:37.021302+00:00,24
2026-09-02,DOGE,0.08,0.08,0.08,0.08,0.0,IBKR_MID,24/7,unknown,unavailable_midpoint,2026-09-10T01:17:37.021302+00:00,24
2026-09-02,ETH,2415.6,2427.7,2355.3,2392.2,0.0,IBKR_MID,24/7,unknown,unavailable_midpoint,2026-09-10T01:17:37.021302+00:00,24
2026-09-02,SOL,99.97,100.65,97.35,99.38,0.0,IBKR_MID,24/7,unknown,unavailable_midpoint,2026-09-10T01:17:37.021302+00:00,24
2026-09-02,XRP,1.35,1.36,1.31,1.34,0.0,IBKR_MID,24/7,unknown,unavailable_midpoint,2026-09-10T01:17:37.021302+00:00,24
2026-09-03,BTC,77288.75,81792.25,76933.0,81766.0,0.0,IBKR_MID,24/7,unknown,unavailable_midpoint,2026-09-10T01:17:37.021302+00:00,24
2026-09-03,DOGE,0.08,0.09,0.08,0.09,0.0,IBKR_MID,24/7,unknown,unavailable_midpoint,2026-09-10T01:17:37.021302+00:00,24
2026-09-03,ETH,2390.65,2529.75,2369.0,2518.65,0.0,IBKR_MID,24/7,unknown,unavailable_midpoint,2026-09-10T01:17:37.021302+00:00,24
2026-09-03,SOL,99.33,105.88,99.18,105.3,0.0,IBKR_MID,24/7,unknown,unavailable_midpoint,2026-09-10T01:17:37.021302+00:00,24
2026-09-03,XRP,1.34,1.48,1.34,1.47,0.0,IBKR_MID,24/7,unknown,unavailable_midpoint,2026-09-10T01:17:37.021302+00:00,24
2026-09-04,BTC,81520.75,82209.0,78627.75,79809.5,0.0,IBKR_MID,24/7,unknown,unavailable_midpoint,2026-09-10T01:17:37.021302+00:00,24
2026-09-04,DOGE,0.09,0.09,0.08,0.08,0.0,IBKR_MID,24/7,unknown,unavailable_midpoint,2026-09-10T01:17:37.021302+00:00,24
2026-09-04,ETH,2508.45,2546.45,2411.9,2456.0,0.0,IBKR_MID,24/7,unknown,unavailable_midpoint,2026-09-10T01:17:37.021302+00:00,24
2026-09-04,SOL,104.86,105.76,100.14,101.69,0.0,IBKR_MID,24/7,unknown,unavailable_midpoint,2026-09-10T01:17:37.021302+00:00,24
2026-09-04,XRP,1.47,1.48,1.38,1.4,0.0,IBKR_MID,24/7,unknown,unavailable_midpoint,2026-09-10T01:17:37.021302+00:00,24
2026-09-07,BTC,79807.75,80564.75,78670.5,79351.0,0.0,IBKR_MID,24/7,unknown,unavailable_midpoint,2026-09-10T01:17:37.021302+00:00,24
2026-09-07,DOGE,0.08,0.095,0.08,0.09,0.0,IBKR_MID,24/7,unknown,unavailable_midpoint,2026-09-10T01:17:37.021302+00:00,24
2026-09-07,ETH,2456.95,2535.95,2448.95,2495.25,0.0,IBKR_MID,24/7,unknown,unavailable_midpoint,2026-09-10T01:17:37.021302+00:00,24
2026-09-07,SOL,101.77,107.35,101.5,104.34,0.0,IBKR_MID,24/7,unknown,unavailable_midpoint,2026-09-10T01:17:37.021302+00:00,24
2026-09-07,XRP,1.4,1.43,1.38,1.4,0.0,IBKR_MID,24/7,unknown,unavailable_midpoint,2026-09-10T01:17:37.021302+00:00,24
2026-09-08,BTC,79356.0,79466.5,77652.25,78428.0,0.0,IBKR_MID,24/7,unknown,unavailable_midpoint,2026-09-10T01:17:37.021302+00:00,24
2026-09-08,DOGE,0.09,0.09,0.09,0.09,0.0,IBKR_MID,24/7,unknown,unavailable_midpoint,2026-09-10T01:17:37.021302+00:00,24
2026-09-08,ETH,2496.05,2507.3,2440.7,2482.2,0.0,IBKR_MID,24/7,unknown,unavailable_midpoint,2026-09-10T01:17:37.021302+00:00,24
2026-09-08,SOL,104.34,104.49,102.0,103.24,0.0,IBKR_MID,24/7,unknown,unavailable_midpoint,2026-09-10T01:17:37.021302+00:00,24
2026-09-08,XRP,1.4,1.45,1.38,1.42,0.0,IBKR_MID,24/7,unknown,unavailable_midpoint,2026-09-10T01:17:37.021302+00:00,24
2026-09-09,BTC,78444.25,79746.5,78034.0,78212.0,0.0,IBKR_MID,24/7,unknown,unavailable_midpoint,2026-09-10T01:17:37.021302+00:00,24
2026-09-09,DOGE,0.09,0.09,0.085,0.09,0.0,IBKR_MID,24/7,unknown,unavailable_midpoint,2026-09-10T01:17:37.021302+00:00,24
2026-09-09,ETH,2483.6,2522.95,2462.15,2464.85,0.0,IBKR_MID,24/7,unknown,unavailable_midpoint,2026-09-10T01:17:37.021302+00:00,24
2026-09-09,SOL,103.22,105.17,102.05,102.33,0.0,IBKR_MID,24/7,unknown,unavailable_midpoint,2026-09-10T01:17:37.021302+00:00,24
2026-09-09,XRP,1.42,1.45,1.4,1.4,0.0,IBKR_MID,24/7,unknown,unavailable_midpoint,2026-09-10T01:17:37.021302+00:00,24
2026-09-10,BTC,78244.75,78486.5,77800.0,78310.0,0.0,IBKR_MID,24/7,unknown,unavailable_midpoint,2026-09-10T01:17:37.021302+00:00,24
2026-09-10,DOGE,0.09,0.09,0.08488,0.0858,0.0,IBKR_MID,24/7,unknown,unavailable_midpoint,2026-09-10T01:17:37.021302+00:00,24
2026-09-10,ETH,2465.15,2478.6,2443.1,2468.95,0.0,IBKR_MID,24/7,unknown,unavailable_midpoint,2026-09-10T01:17:37.021302+00:00,24
2026-09-10,SOL,102.36,102.68,100.29,101.21,0.0,IBKR_MID,24/7,unknown,unavailable_midpoint,2026-09-10T01:17:37.021302+00:00,24
2026-09-10,XRP,1.4,1.41,1.3781,1.3889,0.0,IBKR_MID,24/7,unknown,unavailable_midpoint,2026-09-10T01:17:37.021302+00:00,24
