timestamp,ticker,open,high,low,close,volume
2026-01-30 00:00:00+00:00,BTC,84521.75,84654.0,81025.5,82658.75,0.0
2026-01-30 00:00:00+00:00,DOGE,0.12,0.12,0.11,0.11,0.0
2026-01-30 00:00:00+00:00,ETH,2818.1,2824.2,2682.9,2735.25,0.0
2026-01-30 00:00:00+00:00,SOL,117.62,117.97,111.9,115.62,0.0
2026-01-30 00:00:00+00:00,XRP,1.8,1.845,1.71,1.76,0.0
2026-01-30 08:00:00+00:00,BTC,82658.75,84076.75,82023.0,82761.25,0.0
2026-01-30 08:00:00+00:00,DOGE,0.11,0.12,0.11,0.12,0.0
2026-01-30 08:00:00+00:00,ETH,2735.25,2797.3,2690.9,2725.4,0.0
2026-01-30 08:00:00+00:00,SOL,115.62,117.46,114.41,116.62,0.0
2026-01-30 08:00:00+00:00,XRP,1.76,1.845,1.73,1.76,0.0
2026-01-30 16:00:00+00:00,BTC,82761.25,84563.25,81753.75,83746.25,0.0
2026-01-30 16:00:00+00:00,DOGE,0.12,0.12,0.11,0.12,0.0
2026-01-30 16:00:00+00:00,ETH,2725.4,2881.8,2632.95,2676.15,0.0
2026-01-30 16:00:00+00:00,SOL,116.62,123.84,114.15,116.8,0.0
2026-01-30 16:00:00+00:00,XRP,1.76,1.78,1.71,1.74,0.0
2026-02-01 08:00:00+00:00,BTC,78275.0,79268.5,76728.25,77532.25,0.0
2026-02-01 08:00:00+00:00,DOGE,0.11,0.11,0.1,0.1,0.0
2026-02-01 08:00:00+00:00,ETH,2408.85,2451.4,2282.75,2314.1,0.0
2026-02-01 08:00:00+00:00,SOL,105.09,106.57,100.11,101.62,0.0
2026-02-01 08:00:00+00:00,XRP,1.66,1.68,1.57,1.59,0.0
2026-02-01 16:00:00+00:00,BTC,77532.25,78375.0,75632.75,76890.0,0.0
2026-02-01 16:00:00+00:00,DOGE,0.1,0.115,0.1,0.1,0.0
2026-02-01 16:00:00+00:00,ETH,2314.1,2382.9,2219.15,2268.1,0.0
2026-02-01 16:00:00+00:00,SOL,101.62,105.0,97.9,100.7,0.0
2026-02-01 16:00:00+00:00,XRP,1.59,1.67,1.55,1.59,0.0
2026-02-02 00:00:00+00:00,BTC,76890.0,78291.75,74399.75,76563.25,0.0
2026-02-02 00:00:00+00:00,DOGE,0.1,0.11,0.1,0.1,0.0
2026-02-02 00:00:00+00:00,ETH,2268.1,2322.35,2158.15,2226.1,0.0
2026-02-02 00:00:00+00:00,SOL,100.7,103.71,95.86,101.31,0.0
2026-02-02 00:00:00+00:00,XRP,1.59,1.67,1.53,1.58,0.0
2026-02-02 08:00:00+00:00,BTC,76563.25,79316.25,75657.5,78831.25,0.0
2026-02-02 08:00:00+00:00,DOGE,0.1,0.11,0.1,0.11,0.0
2026-02-02 08:00:00+00:00,ETH,2226.1,2395.3,2196.35,2371.75,0.0
2026-02-02 08:00:00+00:00,SOL,101.31,106.0,99.46,104.63,0.0
2026-02-02 08:00:00+00:00,XRP,1.58,1.65,1.555,1.64,0.0
2026-02-02 16:00:00+00:00,BTC,78831.25,79259.75,77826.25,77932.25,0.0
2026-02-02 16:00:00+00:00,DOGE,0.11,0.11,0.105,0.11,0.0
2026-02-02 16:00:00+00:00,ETH,2371.75,2386.85,2310.75,2319.25,0.0
2026-02-02 16:00:00+00:00,SOL,104.63,105.69,103.23,103.75,0.0
2026-02-02 16:00:00+00:00,XRP,1.64,1.675,1.61,1.61,0.0
2026-02-02 21:01:00+00:00,BTC,77968.5,78897.5,77938.75,78670.25,0.0
2026-02-02 21:01:00+00:00,DOGE,0.11,0.11,0.105,0.11,0.0
2026-02-02 21:01:00+00:00,ETH,2324.35,2369.05,2320.85,2345.2,0.0
2026-02-02 21:01:00+00:00,SOL,103.97,105.1,103.9,104.44,0.0
2026-02-02 21:01:00+00:00,XRP,1.62,1.675,1.61,1.62,0.0
2026-02-03 00:00:00+00:00,BTC,78670.25,79115.5,77592.75,78707.0,0.0
2026-02-03 00:00:00+00:00,DOGE,0.11,0.11,0.11,0.11,0.0
2026-02-03 00:00:00+00:00,ETH,2345.2,2357.55,2282.65,2320.9,0.0
2026-02-03 00:00:00+00:00,SOL,104.44,104.99,102.07,104.59,0.0
2026-02-03 00:00:00+00:00,XRP,1.62,1.62,1.59,1.62,0.0
2026-02-03 08:00:00+00:00,BTC,78707.0,79006.75,77000.0,78071.25,0.0
2026-02-03 08:00:00+00:00,DOGE,0.11,0.11,0.11,0.11,0.0
2026-02-03 08:00:00+00:00,ETH,2320.9,2352.25,2250.3,2301.15,0.0
2026-02-03 08:00:00+00:00,SOL,104.59,104.93,100.28,102.44,0.0
2026-02-03 08:00:00+00:00,XRP,1.62,1.625,1.58,1.62,0.0
2026-02-03 16:00:00+00:00,BTC,78071.25,78071.5,72863.25,76399.75,0.0
2026-02-03 16:00:00+00:00,DOGE,0.11,0.13,0.1,0.11,0.0
2026-02-03 16:00:00+00:00,ETH,2301.15,2345.9,2107.25,2296.65,0.0
2026-02-03 16:00:00+00:00,SOL,102.44,108.98,96.39,101.05,0.0
2026-02-03 16:00:00+00:00,XRP,1.62,1.63,1.525,1.62,0.0
2026-02-03 21:01:00+00:00,BTC,76423.5,76868.0,75003.25,75658.75,0.0
2026-02-03 21:01:00+00:00,DOGE,0.11,0.13,0.11,0.11,0.0
2026-02-03 21:01:00+00:00,ETH,2299.15,2335.6,2208.05,2230.2,0.0
2026-02-03 21:01:00+00:00,SOL,101.03,103.09,97.05,97.74,0.0
2026-02-03 21:01:00+00:00,XRP,1.615,1.635,1.57,1.58,0.0
2026-02-04 00:00:00+00:00,BTC,75658.75,76878.75,75361.0,76407.25,0.0
2026-02-04 00:00:00+00:00,DOGE,0.11,0.115,0.11,0.11,0.0
2026-02-04 00:00:00+00:00,ETH,2230.2,2293.2,2220.15,2281.05,0.0
2026-02-04 00:00:00+00:00,SOL,97.74,103.49,96.34,97.78,0.0
2026-02-04 00:00:00+00:00,XRP,1.58,1.61,1.56,1.6,0.0
2026-02-04 08:00:00+00:00,BTC,76407.25,76498.25,73681.25,74021.0,0.0
2026-02-04 08:00:00+00:00,DOGE,0.11,0.115,0.1,0.1,0.0
2026-02-04 08:00:00+00:00,ETH,2281.05,2400.9,2133.55,2148.7,0.0
2026-02-04 08:00:00+00:00,SOL,97.78,100.27,91.14,92.65,0.0
2026-02-04 08:00:00+00:00,XRP,1.6,1.61,1.53,1.54,0.0
2026-02-04 16:00:00+00:00,BTC,74021.0,74130.0,72044.5,73350.5,0.0
2026-02-04 16:00:00+00:00,DOGE,0.1,0.13,0.1,0.1,0.0
2026-02-04 16:00:00+00:00,ETH,2148.7,2201.3,2072.6,2167.8,0.0
2026-02-04 16:00:00+00:00,SOL,92.65,106.06,89.8,93.03,0.0
2026-02-04 16:00:00+00:00,XRP,1.54,1.6,1.5,1.53,0.0
2026-02-04 21:01:00+00:00,BTC,73420.0,73797.25,71717.0,73007.0,0.0
2026-02-04 21:01:00+00:00,DOGE,0.1,0.125,0.1,0.1,0.0
2026-02-04 21:01:00+00:00,ETH,2171.4,2182.95,2084.95,2142.75,0.0
2026-02-04 21:01:00+00:00,SOL,93.11,93.19,89.11,91.92,0.0
2026-02-04 21:01:00+00:00,XRP,1.53,1.585,1.49,1.51,0.0
2026-02-05 00:00:00+00:00,BTC,73007.0,73545.5,70002.5,70581.5,0.0
2026-02-05 00:00:00+00:00,DOGE,0.1,0.125,0.1,0.1,0.0
2026-02-05 00:00:00+00:00,ETH,2142.75,2174.2,2060.35,2086.95,0.0
2026-02-05 00:00:00+00:00,SOL,91.92,92.69,89.53,90.36,0.0
2026-02-05 00:00:00+00:00,XRP,1.51,1.565,1.415,1.43,0.0
2026-02-05 08:00:00+00:00,BTC,70581.5,72275.25,66558.75,67361.0,0.0
2026-02-05 08:00:00+00:00,DOGE,0.1,0.14,0.085,0.09,0.0
2026-02-05 08:00:00+00:00,ETH,2086.95,2177.9,1923.2,1957.6,0.0
2026-02-05 08:00:00+00:00,SOL,90.36,98.86,83.37,84.46,0.0
2026-02-05 08:00:00+00:00,XRP,1.43,1.62,1.27,1.29,0.0
2026-02-05 16:00:00+00:00,BTC,67361.0,69064.75,62214.74999999999,63627.75,0.0
2026-02-05 16:00:00+00:00,DOGE,0.09,0.105,0.085,0.09,0.0
2026-02-05 16:00:00+00:00,ETH,1957.6,2015.85,1821.35,1865.75,0.0
2026-02-05 16:00:00+00:00,SOL,84.46,86.15,77.53,78.65,0.0
2026-02-05 16:00:00+00:00,XRP,1.29,1.435,1.135,1.19,0.0
2026-02-05 21:01:00+00:00,BTC,64269.75,67310.5,62547.5,62792.0,0.0
2026-02-05 21:01:00+00:00,DOGE,0.09,0.09,0.085,0.09,0.0
2026-02-05 21:01:00+00:00,ETH,1891.3,1946.45,1812.2,1823.35,0.0
2026-02-05 21:01:00+00:00,SOL,79.66,94.6,77.41,78.19,0.0
2026-02-05 21:01:00+00:00,XRP,1.195,1.49,1.145,1.21,0.0
2026-02-06 00:00:00+00:00,BTC,62792.0,66737.25,59907.25000000001,64759.25000000001,0.0
2026-02-06 00:00:00+00:00,DOGE,0.09,0.09,0.08,0.09,0.0
2026-02-06 00:00:00+00:00,ETH,1823.35,1973.5,1743.35,1897.1,0.0
2026-02-06 00:00:00+00:00,SOL,78.19,88.85,67.49,79.47,0.0
2026-02-06 00:00:00+00:00,XRP,1.21,1.835,1.105,1.36,0.0
2026-02-06 08:00:00+00:00,BTC,64759.25000000001,71706.75,63528.0,68635.25,0.0
2026-02-06 08:00:00+00:00,DOGE,0.09,0.1,0.09,0.1,0.0
2026-02-06 08:00:00+00:00,ETH,1897.1,2001.75,1863.45,1979.8,0.0
2026-02-06 08:00:00+00:00,SOL,79.47,85.13,78.51,84.44,0.0
2026-02-06 08:00:00+00:00,XRP,1.36,1.665,1.275,1.51,0.0
2026-02-06 16:00:00+00:00,BTC,68635.25,71492.5,68409.25,69965.5,0.0
2026-02-06 16:00:00+00:00,DOGE,0.1,0.1,0.1,0.1,0.0
2026-02-06 16:00:00+00:00,ETH,1979.8,2095.75,1971.05,2054.95,0.0
2026-02-06 16:00:00+00:00,SOL,84.44,88.66,83.59,86.83,0.0
2026-02-06 16:00:00+00:00,XRP,1.51,1.535,1.44,1.45,0.0
2026-02-08 08:00:00+00:00,BTC,69652.5,71516.25,69469.5,71130.25,0.0
2026-02-08 08:00:00+00:00,DOGE,0.1,0.1,0.1,0.1,0.0
2026-02-08 08:00:00+00:00,ETH,2082.75,2170.0,2075.7,2106.9,0.0
2026-02-08 08:00:00+00:00,SOL,87.34,88.92,86.35,87.73,0.0
2026-02-08 08:00:00+00:00,XRP,1.42,1.47,1.42,1.44,0.0
2026-02-08 16:00:00+00:00,BTC,71130.25,72253.5,69943.5,70280.25,0.0
2026-02-08 16:00:00+00:00,DOGE,0.1,0.1,0.09,0.1,0.0
2026-02-08 16:00:00+00:00,ETH,2106.9,2151.45,2060.2,2088.45,0.0
2026-02-08 16:00:00+00:00,SOL,87.73,89.0,85.67,86.93,0.0
2026-02-08 16:00:00+00:00,XRP,1.44,1.46,1.41,1.43,0.0
2026-02-09 00:00:00+00:00,BTC,70280.25,71392.5,70014.5,70352.25,0.0
2026-02-09 00:00:00+00:00,DOGE,0.1,0.1,0.09,0.1,0.0
2026-02-09 00:00:00+00:00,ETH,2088.45,2101.7,2052.6,2063.75,0.0
2026-02-09 00:00:00+00:00,SOL,86.93,87.95,85.15,85.41,0.0
2026-02-09 00:00:00+00:00,XRP,1.43,1.455,1.42,1.42,0.0
2026-02-09 08:00:00+00:00,BTC,70352.25,70553.25,68250.75,69534.5,0.0
2026-02-09 08:00:00+00:00,DOGE,0.1,0.1,0.09,0.1,0.0
2026-02-09 08:00:00+00:00,ETH,2063.75,2085.3,2007.2,2060.55,0.0
2026-02-09 08:00:00+00:00,SOL,85.41,85.76,82.76,85.23,0.0
2026-02-09 08:00:00+00:00,XRP,1.42,1.45,1.37,1.445,0.0
2026-02-09 16:00:00+00:00,BTC,69534.5,71098.75,69051.5,70712.5,0.0
2026-02-09 16:00:00+00:00,DOGE,0.1,0.1,0.09,0.1,0.0
2026-02-09 16:00:00+00:00,ETH,2060.55,2144.7,2041.7,2123.9,0.0
2026-02-09 16:00:00+00:00,SOL,85.23,88.65,84.75,87.73,0.0
2026-02-09 16:00:00+00:00,XRP,1.445,1.475,1.43,1.455,0.0
2026-02-09 21:01:00+00:00,BTC,70679.25,71253.25,69782.25,70101.5,0.0
2026-02-09 21:01:00+00:00,DOGE,0.1,0.1,0.075,0.1,0.0
2026-02-09 21:01:00+00:00,ETH,2122.15,2133.1,2087.5,2103.4,0.0
2026-02-09 21:01:00+00:00,SOL,87.68,91.68,84.7,86.71,0.0
2026-02-09 21:01:00+00:00,XRP,1.455,1.475,1.43,1.44,0.0
2026-02-10 00:00:00+00:00,BTC,70101.5,70481.75,68655.0,68861.25,0.0
2026-02-10 00:00:00+00:00,DOGE,0.1,0.1,0.09,0.09,0.0
2026-02-10 00:00:00+00:00,ETH,2103.4,2123.45,1996.1,2006.15,0.0
2026-02-10 00:00:00+00:00,SOL,86.71,87.45,84.25,84.56,0.0
2026-02-10 00:00:00+00:00,XRP,1.44,1.45,1.41,1.42,0.0
2026-02-10 08:00:00+00:00,BTC,68861.25,69538.75,67886.75,69261.5,0.0
2026-02-10 08:00:00+00:00,DOGE,0.09,0.09,0.09,0.09,0.0
2026-02-10 08:00:00+00:00,ETH,2006.15,2038.65,1988.65,2021.85,0.0
2026-02-10 08:00:00+00:00,SOL,84.56,85.17,83.12,84.25,0.0
2026-02-10 08:00:00+00:00,XRP,1.42,1.435,1.385,1.41,0.0
2026-02-10 16:00:00+00:00,BTC,69261.5,69968.5,68575.25,68713.75,0.0
2026-02-10 16:00:00+00:00,DOGE,0.09,0.09,0.09,0.09,0.0
2026-02-10 16:00:00+00:00,ETH,2021.85,2046.25,1994.9,2010.45,0.0
2026-02-10 16:00:00+00:00,SOL,84.25,85.11,82.25,82.58,0.0
2026-02-10 16:00:00+00:00,XRP,1.41,1.44,1.385,1.4,0.0
2026-02-10 21:01:00+00:00,BTC,68750.75,68975.25,68309.75,68793.75,0.0
2026-02-10 21:01:00+00:00,DOGE,0.09,0.09,0.07,0.09,0.0
2026-02-10 21:01:00+00:00,ETH,2012.5,2063.05,1981.65,2021.25,0.0
2026-02-10 21:01:00+00:00,SOL,82.63,86.08,81.88,82.96,0.0
2026-02-10 21:01:00+00:00,XRP,1.4,1.57,1.385,1.4,0.0
2026-02-11 00:00:00+00:00,BTC,68793.75,69254.75,66508.75,66995.0,0.0
2026-02-11 00:00:00+00:00,DOGE,0.09,0.09,0.09,0.09,0.0
2026-02-11 00:00:00+00:00,ETH,2021.25,2031.75,1936.55,1949.25,0.0
2026-02-11 00:00:00+00:00,SOL,82.96,84.36,80.21,80.97,0.0
2026-02-11 00:00:00+00:00,XRP,1.4,1.485,1.36,1.37,0.0
2026-02-11 08:00:00+00:00,BTC,66995.0,68810.0,65697.0,66481.0,0.0
2026-02-11 08:00:00+00:00,DOGE,0.09,0.09,0.09,0.09,0.0
2026-02-11 08:00:00+00:00,ETH,1949.25,2016.85,1901.05,1928.65,0.0
2026-02-11 08:00:00+00:00,SOL,80.97,83.12,78.53,79.68,0.0
2026-02-11 08:00:00+00:00,XRP,1.37,1.41,1.345,1.35,0.0
2026-02-11 16:00:00+00:00,BTC,66481.0,67831.75,65816.25,67514.0,0.0
2026-02-11 16:00:00+00:00,DOGE,0.09,0.09,0.09,0.09,0.0
2026-02-11 16:00:00+00:00,ETH,1928.65,1973.15,1907.95,1953.95,0.0
2026-02-11 16:00:00+00:00,SOL,79.68,80.9,77.96,79.59,0.0
2026-02-11 16:00:00+00:00,XRP,1.35,1.39,1.34,1.38,0.0
2026-02-11 21:01:00+00:00,BTC,67442.75,68307.25,66714.75,67024.75,0.0
2026-02-11 21:01:00+00:00,DOGE,0.09,0.09,0.09,0.09,0.0
2026-02-11 21:01:00+00:00,ETH,1952.35,1987.85,1929.55,1939.85,0.0
2026-02-11 21:01:00+00:00,SOL,79.66,81.06,78.79,79.23,0.0
2026-02-11 21:01:00+00:00,XRP,1.38,1.4,1.36,1.37,0.0
2026-02-12 00:00:00+00:00,BTC,67024.75,68006.75,66610.0,67154.0,0.0
2026-02-12 00:00:00+00:00,DOGE,0.09,0.09,0.09,0.09,0.0
2026-02-12 00:00:00+00:00,ETH,1939.85,1982.5,1939.5,1968.6,0.0
2026-02-12 00:00:00+00:00,SOL,79.23,80.94,79.22,80.72,0.0
2026-02-12 00:00:00+00:00,XRP,1.37,1.39,1.37,1.38,0.0
2026-02-12 08:00:00+00:00,BTC,67154.0,68377.25,66838.0,67096.5,0.0
2026-02-12 08:00:00+00:00,DOGE,0.09,0.09,0.09,0.09,0.0
2026-02-12 08:00:00+00:00,ETH,1968.6,2000.35,1944.2,1947.5,0.0
2026-02-12 08:00:00+00:00,SOL,80.72,82.2,80.06,80.1,0.0
2026-02-12 08:00:00+00:00,XRP,1.38,1.41,1.37,1.38,0.0
2026-02-12 16:00:00+00:00,BTC,67096.5,67197.25,65074.74999999999,65369.5,0.0
2026-02-12 16:00:00+00:00,DOGE,0.09,0.09,0.09,0.09,0.0
2026-02-12 16:00:00+00:00,ETH,1947.5,1949.3,1896.3,1914.3,0.0
2026-02-12 16:00:00+00:00,SOL,80.1,80.19,76.53,76.86,0.0
2026-02-12 16:00:00+00:00,XRP,1.38,1.44,1.345,1.35,0.0
2026-02-12 21:01:00+00:00,BTC,65404.74999999999,66426.75,65380.99999999999,66208.5,0.0
2026-02-12 21:01:00+00:00,DOGE,0.09,0.09,0.09,0.09,0.0
2026-02-12 21:01:00+00:00,ETH,1914.75,1950.8,1912.25,1946.05,0.0
2026-02-12 21:01:00+00:00,SOL,76.91,79.22,76.87,78.33,0.0
2026-02-12 21:01:00+00:00,XRP,1.35,1.405,1.345,1.36,0.0
2026-02-13 00:00:00+00:00,BTC,66208.5,66744.25,65806.75,66143.75,0.0
2026-02-13 00:00:00+00:00,DOGE,0.09,0.09,0.09,0.09,0.0
2026-02-13 00:00:00+00:00,ETH,1946.05,1956.8,1923.05,1934.3,0.0
2026-02-13 00:00:00+00:00,SOL,78.33,79.41,77.46,78.94,0.0
2026-02-13 00:00:00+00:00,XRP,1.36,1.37,1.35,1.35,0.0
2026-02-13 08:00:00+00:00,BTC,66143.75,69277.25,66119.75,68651.25,0.0
2026-02-13 08:00:00+00:00,DOGE,0.09,0.1,0.09,0.1,0.0
2026-02-13 08:00:00+00:00,ETH,1934.3,2050.15,1932.05,2034.1,0.0
2026-02-13 08:00:00+00:00,SOL,78.94,84.29,78.79,83.13,0.0
2026-02-13 08:00:00+00:00,XRP,1.35,1.42,1.35,1.4,0.0
2026-02-13 16:00:00+00:00,BTC,68651.25,69420.0,68495.25,68732.5,0.0
2026-02-13 16:00:00+00:00,DOGE,0.1,0.1,0.09,0.1,0.0
2026-02-13 16:00:00+00:00,ETH,2034.1,2071.65,2016.65,2044.65,0.0
2026-02-13 16:00:00+00:00,SOL,83.13,85.59,82.87,84.72,0.0
2026-02-13 16:00:00+00:00,XRP,1.4,1.43,1.4,1.41,0.0
2026-02-15 08:00:00+00:00,BTC,70787.5,70943.0,68746.5,69067.0,0.0
2026-02-15 08:00:00+00:00,DOGE,0.12,0.12,0.11,0.11,0.0
2026-02-15 08:00:00+00:00,ETH,2090.35,2095.75,1992.7,2010.15,0.0
2026-02-15 08:00:00+00:00,SOL,90.69,91.22,86.59,87.37,0.0
2026-02-15 08:00:00+00:00,XRP,1.65,1.725,1.51,1.59,0.0
2026-02-15 16:00:00+00:00,BTC,69067.0,69067.0,68035.0,68791.25,0.0
2026-02-15 16:00:00+00:00,DOGE,0.11,0.11,0.1,0.1,0.0
2026-02-15 16:00:00+00:00,ETH,2010.15,2010.5,1927.85,1965.6,0.0
2026-02-15 16:00:00+00:00,SOL,87.37,87.83,84.85,86.13,0.0
2026-02-15 16:00:00+00:00,XRP,1.59,1.59,1.44,1.47,0.0
2026-02-16 00:00:00+00:00,BTC,68791.25,69016.5,68111.25,68550.0,0.0
2026-02-16 00:00:00+00:00,DOGE,0.1,0.1,0.1,0.1,0.0
2026-02-16 00:00:00+00:00,ETH,1965.6,1980.3,1947.75,1970.45,0.0
2026-02-16 00:00:00+00:00,SOL,86.13,89.48,84.42,85.03,0.0
2026-02-16 00:00:00+00:00,XRP,1.47,1.49,1.445,1.46,0.0
2026-02-16 08:00:00+00:00,BTC,68550.0,70084.0,67250.0,67493.0,0.0
2026-02-16 08:00:00+00:00,DOGE,0.1,0.1,0.1,0.1,0.0
2026-02-16 08:00:00+00:00,ETH,1970.45,2023.2,1936.7,1955.7,0.0
2026-02-16 08:00:00+00:00,SOL,85.03,86.88,82.51,83.16,0.0
2026-02-16 08:00:00+00:00,XRP,1.46,1.545,1.46,1.47,0.0
2026-02-16 16:00:00+00:00,BTC,67493.0,68518.75,67451.75,68483.25,0.0
2026-02-16 16:00:00+00:00,DOGE,0.1,0.1,0.1,0.1,0.0
2026-02-16 16:00:00+00:00,ETH,1955.7,1993.25,1944.25,1992.3,0.0
2026-02-16 16:00:00+00:00,SOL,83.16,85.44,83.02,85.31,0.0
2026-02-16 16:00:00+00:00,XRP,1.47,1.49,1.47,1.48,0.0
2026-02-16 21:01:00+00:00,BTC,68481.75,68945.0,68012.75,68861.25,0.0
2026-02-16 21:01:00+00:00,DOGE,0.1,0.1,0.1,0.1,0.0
2026-02-16 21:01:00+00:00,ETH,1991.15,2015.35,1983.85,1997.4,0.0
2026-02-16 21:01:00+00:00,SOL,85.19,86.66,85.06,86.4,0.0
2026-02-16 21:01:00+00:00,XRP,1.48,1.52,1.48,1.49,0.0
2026-02-17 00:00:00+00:00,BTC,68861.25,69198.5,67856.5,68350.0,0.0
2026-02-17 00:00:00+00:00,DOGE,0.1,0.1,0.1,0.1,0.0
2026-02-17 00:00:00+00:00,ETH,1997.4,2007.35,1963.85,1985.3,0.0
2026-02-17 00:00:00+00:00,SOL,86.4,87.64,84.3,86.41,0.0
2026-02-17 00:00:00+00:00,XRP,1.49,1.49,1.47,1.47,0.0
2026-02-17 08:00:00+00:00,BTC,68350.0,68449.0,65988.25,67359.25,0.0
2026-02-17 08:00:00+00:00,DOGE,0.1,0.1,0.1,0.1,0.0
2026-02-17 08:00:00+00:00,ETH,1985.3,2001.75,1940.5,1967.8,0.0
2026-02-17 08:00:00+00:00,SOL,86.41,88.34,82.36,83.78,0.0
2026-02-17 08:00:00+00:00,XRP,1.47,1.51,1.43,1.46,0.0
2026-02-17 16:00:00+00:00,BTC,67359.25,68856.75,66844.5,67713.0,0.0
2026-02-17 16:00:00+00:00,DOGE,0.1,0.1,0.1,0.1,0.0
2026-02-17 16:00:00+00:00,ETH,1967.8,2014.9,1952.7,1993.45,0.0
2026-02-17 16:00:00+00:00,SOL,83.78,85.75,83.06,84.94,0.0
2026-02-17 16:00:00+00:00,XRP,1.46,1.515,1.46,1.49,0.0
2026-02-17 21:01:00+00:00,BTC,67696.25,67890.5,67347.25,67460.0,0.0
2026-02-17 21:01:00+00:00,DOGE,0.1,0.1,0.1,0.1,0.0
2026-02-17 21:01:00+00:00,ETH,1995.95,2003.1,1988.65,1990.85,0.0
2026-02-17 21:01:00+00:00,SOL,85.06,85.41,84.78,85.05,0.0
2026-02-17 21:01:00+00:00,XRP,1.49,1.49,1.47,1.47,0.0
2026-02-18 00:00:00+00:00,BTC,67460.0,68179.5,66850.0,68084.5,0.0
2026-02-18 00:00:00+00:00,DOGE,0.1,0.1,0.1,0.1,0.0
2026-02-18 00:00:00+00:00,ETH,1990.85,2022.25,1967.25,2017.3,0.0
2026-02-18 00:00:00+00:00,SOL,85.05,85.49,83.88,85.22,0.0
2026-02-18 00:00:00+00:00,XRP,1.47,1.49,1.46,1.49,0.0
2026-02-18 08:00:00+00:00,BTC,68084.5,69201.75,66020.0,67667.0,0.0
2026-02-18 08:00:00+00:00,DOGE,0.1,0.1,0.1,0.1,0.0
2026-02-18 08:00:00+00:00,ETH,2017.3,2038.3,1952.85,1984.35,0.0
2026-02-18 08:00:00+00:00,SOL,85.22,86.05,81.7,82.96,0.0
2026-02-18 08:00:00+00:00,XRP,1.49,1.49,1.45,1.48,0.0
2026-02-18 16:00:00+00:00,BTC,67667.0,67671.5,65823.5,66223.0,0.0
2026-02-18 16:00:00+00:00,DOGE,0.1,0.1,0.1,0.1,0.0
2026-02-18 16:00:00+00:00,ETH,1984.35,1987.15,1922.75,1938.45,0.0
2026-02-18 16:00:00+00:00,SOL,82.96,83.09,80.41,81.28,0.0
2026-02-18 16:00:00+00:00,XRP,1.48,1.5,1.42,1.42,0.0
2026-02-18 21:01:00+00:00,BTC,66271.75,66463.0,65896.75,66420.25,0.0
2026-02-18 21:01:00+00:00,DOGE,0.1,0.1,0.1,0.1,0.0
2026-02-18 21:01:00+00:00,ETH,1940.5,1956.2,1934.45,1954.6,0.0
2026-02-18 21:01:00+00:00,SOL,81.37,81.6,80.95,81.56,0.0
2026-02-18 21:01:00+00:00,XRP,1.42,1.43,1.41,1.42,0.0
2026-02-19 00:00:00+00:00,BTC,66420.25,67283.5,66303.75,67176.5,0.0
2026-02-19 00:00:00+00:00,DOGE,0.1,0.1,0.1,0.1,0.0
2026-02-19 00:00:00+00:00,ETH,1954.6,1987.05,1949.7,1981.2,0.0
2026-02-19 00:00:00+00:00,SOL,81.56,82.64,81.2,82.37,0.0
2026-02-19 00:00:00+00:00,XRP,1.42,1.455,1.4,1.43,0.0
2026-02-19 08:00:00+00:00,BTC,67176.5,67176.75,65615.0,66372.25,0.0
2026-02-19 08:00:00+00:00,DOGE,0.1,0.1,0.1,0.1,0.0
2026-02-19 08:00:00+00:00,ETH,1981.2,1981.7,1910.9,1925.65,0.0
2026-02-19 08:00:00+00:00,SOL,82.37,84.17,79.56,80.61,0.0
2026-02-19 08:00:00+00:00,XRP,1.43,1.455,1.39,1.4,0.0
2026-02-19 16:00:00+00:00,BTC,66372.25,67640.75,65859.75,67114.5,0.0
2026-02-19 16:00:00+00:00,DOGE,0.1,0.1,0.1,0.1,0.0
2026-02-19 16:00:00+00:00,ETH,1925.65,1951.65,1905.95,1949.45,0.0
2026-02-19 16:00:00+00:00,SOL,80.61,82.34,80.0,82.06,0.0
2026-02-19 16:00:00+00:00,XRP,1.4,1.445,1.38,1.41,0.0
2026-02-19 21:01:00+00:00,BTC,67011.75,67143.5,66623.5,66968.0,0.0
2026-02-19 21:01:00+00:00,DOGE,0.1,0.1,0.1,0.1,0.0
2026-02-19 21:01:00+00:00,ETH,1948.1,1951.95,1935.8,1948.45,0.0
2026-02-19 21:01:00+00:00,SOL,81.97,82.5,81.78,82.44,0.0
2026-02-19 21:01:00+00:00,XRP,1.41,1.445,1.395,1.41,0.0
2026-02-20 00:00:00+00:00,BTC,66968.0,67992.0,66920.0,67808.0,0.0
2026-02-20 00:00:00+00:00,DOGE,0.1,0.1,0.1,0.1,0.0
2026-02-20 00:00:00+00:00,ETH,1948.45,1968.5,1930.05,1960.2,0.0
2026-02-20 00:00:00+00:00,SOL,82.44,83.91,82.28,83.43,0.0
2026-02-20 00:00:00+00:00,XRP,1.41,1.43,1.4,1.42,0.0
2026-02-20 08:00:00+00:00,BTC,67808.0,68295.25,66429.25,67585.5,0.0
2026-02-20 08:00:00+00:00,DOGE,0.1,0.1,0.1,0.1,0.0
2026-02-20 08:00:00+00:00,ETH,1960.2,1980.1,1923.0,1963.5,0.0
2026-02-20 08:00:00+00:00,SOL,83.43,84.83,81.73,84.37,0.0
2026-02-20 08:00:00+00:00,XRP,1.42,1.45,1.38,1.43,0.0
2026-02-20 16:00:00+00:00,BTC,67585.5,67996.0,66671.0,67733.75,0.0
2026-02-20 16:00:00+00:00,DOGE,0.1,0.1,0.1,0.1,0.0
2026-02-20 16:00:00+00:00,ETH,1963.5,2000.95,1938.3,1970.5,0.0
2026-02-20 16:00:00+00:00,SOL,84.37,96.4,82.77,84.59,0.0
2026-02-20 16:00:00+00:00,XRP,1.43,1.455,1.41,1.42,0.0
2026-02-22 08:00:00+00:00,BTC,67996.5,68230.0,67277.0,67667.5,0.0
2026-02-22 08:00:00+00:00,DOGE,0.1,0.1,0.1,0.1,0.0
2026-02-22 08:00:00+00:00,ETH,1975.95,1982.95,1942.8,1953.65,0.0
2026-02-22 08:00:00+00:00,SOL,85.23,85.4,82.96,83.47,0.0
2026-02-22 08:00:00+00:00,XRP,1.42,1.43,1.39,1.39,0.0
2026-02-22 16:00:00+00:00,BTC,67667.5,67730.25,67165.75,67610.75,0.0
2026-02-22 16:00:00+00:00,DOGE,0.1,0.1,0.09,0.1,0.0
2026-02-22 16:00:00+00:00,ETH,1953.65,1960.55,1934.25,1957.35,0.0
2026-02-22 16:00:00+00:00,SOL,83.47,83.69,82.42,82.75,0.0
2026-02-22 16:00:00+00:00,XRP,1.39,1.44,1.38,1.39,0.0
2026-02-23 00:00:00+00:00,BTC,67610.75,67650.25,64300.74999999999,65945.0,0.0
2026-02-23 00:00:00+00:00,DOGE,0.1,0.1,0.09,0.09,0.0
2026-02-23 00:00:00+00:00,ETH,1957.35,1957.6,1845.8,1885.2,0.0
2026-02-23 00:00:00+00:00,SOL,82.75,82.82,77.11,79.4,0.0
2026-02-23 00:00:00+00:00,XRP,1.39,1.395,1.33,1.37,0.0
2026-02-23 08:00:00+00:00,BTC,65945.0,66587.5,65504.74999999999,65650.0,0.0
2026-02-23 08:00:00+00:00,DOGE,0.09,0.1,0.09,0.09,0.0
2026-02-23 08:00:00+00:00,ETH,1885.2,1935.4,1876.5,1896.0,0.0
2026-02-23 08:00:00+00:00,SOL,79.4,81.14,78.5,79.38,0.0
2026-02-23 08:00:00+00:00,XRP,1.37,1.455,1.36,1.37,0.0
2026-02-23 16:00:00+00:00,BTC,65650.0,65716.75,63860.0,64455.75,0.0
2026-02-23 16:00:00+00:00,DOGE,0.09,0.1,0.09,0.09,0.0
2026-02-23 16:00:00+00:00,ETH,1896.0,1899.75,1836.75,1860.05,0.0
2026-02-23 16:00:00+00:00,SOL,79.38,79.81,77.24,78.3,0.0
2026-02-23 16:00:00+00:00,XRP,1.37,1.38,1.35,1.35,0.0
2026-02-23 21:01:00+00:00,BTC,64458.0,64996.5,64448.74999999999,64622.0,0.0
2026-02-23 21:01:00+00:00,DOGE,0.09,0.09,0.09,0.09,0.0
2026-02-23 21:01:00+00:00,ETH,1861.1,1869.2,1850.35,1855.85,0.0
2026-02-23 21:01:00+00:00,SOL,78.25,78.93,77.6,77.88,0.0
2026-02-23 21:01:00+00:00,XRP,1.35,1.37,1.35,1.35,0.0
2026-02-24 00:00:00+00:00,BTC,64622.0,64984.0,62685.5,63170.25,0.0
2026-02-24 00:00:00+00:00,DOGE,0.09,0.09,0.09,0.09,0.0
2026-02-24 00:00:00+00:00,ETH,1855.85,1876.65,1811.15,1824.8,0.0
2026-02-24 00:00:00+00:00,SOL,77.88,78.51,75.68,76.83,0.0
2026-02-24 00:00:00+00:00,XRP,1.35,1.36,1.32,1.33,0.0
2026-02-24 08:00:00+00:00,BTC,63170.25,64000.0,62544.74999999999,63980.5,0.0
2026-02-24 08:00:00+00:00,DOGE,0.09,0.09,0.09,0.09,0.0
2026-02-24 08:00:00+00:00,ETH,1824.8,1850.25,1801.55,1847.8,0.0
2026-02-24 08:00:00+00:00,SOL,76.83,83.68,75.62,77.28,0.0
2026-02-24 08:00:00+00:00,XRP,1.33,1.35,1.31,1.35,0.0
2026-02-24 16:00:00+00:00,BTC,63980.5,64752.0,63600.0,64476.25,0.0
2026-02-24 16:00:00+00:00,DOGE,0.09,0.09,0.09,0.09,0.0
2026-02-24 16:00:00+00:00,ETH,1847.8,1868.5,1837.85,1858.3,0.0
2026-02-24 16:00:00+00:00,SOL,77.28,78.91,77.21,78.66,0.0
2026-02-24 16:00:00+00:00,XRP,1.35,1.37,1.34,1.36,0.0
2026-02-24 21:01:00+00:00,BTC,64280.99999999999,64300.0,63844.0,64068.5,0.0
2026-02-24 21:01:00+00:00,DOGE,0.09,0.09,0.09,0.09,0.0
2026-02-24 21:01:00+00:00,ETH,1852.05,1864.15,1845.7,1852.15,0.0
2026-02-24 21:01:00+00:00,SOL,78.41,79.61,78.12,79.0,0.0
2026-02-24 21:01:00+00:00,XRP,1.35,1.36,1.34,1.35,0.0
2026-02-25 00:00:00+00:00,BTC,64068.5,66566.0,63920.0,65033.75,0.0
2026-02-25 00:00:00+00:00,DOGE,0.09,0.095,0.09,0.09,0.0
2026-02-25 00:00:00+00:00,ETH,1852.15,1943.55,1846.55,1892.8,0.0
2026-02-25 00:00:00+00:00,SOL,79.0,82.9,78.73,82.19,0.0
2026-02-25 00:00:00+00:00,XRP,1.35,1.4,1.34,1.37,0.0
2026-02-25 08:00:00+00:00,BTC,65033.75,67569.25,64956.99999999999,67416.0,0.0
2026-02-25 08:00:00+00:00,DOGE,0.09,0.1,0.09,0.1,0.0
2026-02-25 08:00:00+00:00,ETH,1892.8,2028.55,1889.1,2013.8,0.0
2026-02-25 08:00:00+00:00,SOL,82.19,86.46,81.89,85.97,0.0
2026-02-25 08:00:00+00:00,XRP,1.37,1.45,1.36,1.44,0.0
2026-02-25 16:00:00+00:00,BTC,67416.0,69583.0,67406.75,69163.75,0.0
2026-02-25 16:00:00+00:00,DOGE,0.1,0.1,0.1,0.1,0.0
2026-02-25 16:00:00+00:00,ETH,2013.8,2085.0,2013.3,2075.55,0.0
2026-02-25 16:00:00+00:00,SOL,85.97,90.15,85.97,89.38,0.0
2026-02-25 16:00:00+00:00,XRP,1.44,1.48,1.44,1.46,0.0
2026-02-25 21:01:00+00:00,BTC,69141.25,69999.5,67597.0,67985.5,0.0
2026-02-25 21:01:00+00:00,DOGE,0.1,0.11,0.1,0.1,0.0
2026-02-25 21:01:00+00:00,ETH,2073.8,2131.25,2034.5,2057.5,0.0
2026-02-25 21:01:00+00:00,SOL,89.56,92.12,87.09,88.07,0.0
2026-02-25 21:01:00+00:00,XRP,1.47,1.49,1.42,1.43,0.0
2026-02-26 00:00:00+00:00,BTC,67985.5,68866.0,67722.0,67843.25,0.0
2026-02-26 00:00:00+00:00,DOGE,0.1,0.1,0.1,0.1,0.0
2026-02-26 00:00:00+00:00,ETH,2057.5,2083.2,2023.15,2053.3,0.0
2026-02-26 00:00:00+00:00,SOL,88.07,89.28,87.21,87.23,0.0
2026-02-26 00:00:00+00:00,XRP,1.43,1.47,1.42,1.43,0.0
2026-02-26 08:00:00+00:00,BTC,67843.25,68722.0,66766.25,67392.75,0.0
2026-02-26 08:00:00+00:00,DOGE,0.1,0.1,0.095,0.1,0.0
2026-02-26 08:00:00+00:00,ETH,2053.3,2084.1,1951.25,2033.45,0.0
2026-02-26 08:00:00+00:00,SOL,87.23,88.7,82.53,86.58,0.0
2026-02-26 08:00:00+00:00,XRP,1.43,1.46,1.405,1.42,0.0
2026-02-26 16:00:00+00:00,BTC,67392.75,68765.0,66495.25,67428.75,0.0
2026-02-26 16:00:00+00:00,DOGE,0.1,0.1,0.095,0.1,0.0
2026-02-26 16:00:00+00:00,ETH,2033.45,2044.9,1975.6,2023.65,0.0
2026-02-26 16:00:00+00:00,SOL,86.58,86.87,81.95,86.05,0.0
2026-02-26 16:00:00+00:00,XRP,1.42,1.42,1.38,1.39,0.0
2026-02-26 21:01:00+00:00,BTC,67352.5,67661.0,67141.5,67485.5,0.0
2026-02-26 21:01:00+00:00,DOGE,0.1,0.1,0.1,0.1,0.0
2026-02-26 21:01:00+00:00,ETH,2024.75,2037.7,2018.3,2027.85,0.0
2026-02-26 21:01:00+00:00,SOL,86.13,86.3,85.74,85.91,0.0
2026-02-26 21:01:00+00:00,XRP,1.39,1.41,1.39,1.4,0.0
2026-02-27 00:00:00+00:00,BTC,67485.5,68606.25,66750.5,67687.5,0.0
2026-02-27 00:00:00+00:00,DOGE,0.1,0.1,0.1,0.1,0.0
2026-02-27 00:00:00+00:00,ETH,2027.85,2063.9,2000.8,2032.35,0.0
2026-02-27 00:00:00+00:00,SOL,85.91,88.3,85.19,87.31,0.0
2026-02-27 00:00:00+00:00,XRP,1.4,1.42,1.39,1.42,0.0
2026-02-27 08:00:00+00:00,BTC,67687.5,68153.5,65670.0,66094.5,0.0
2026-02-27 08:00:00+00:00,DOGE,0.1,0.1,0.09,0.09,0.0
2026-02-27 08:00:00+00:00,ETH,2032.35,2045.45,1939.25,1948.85,0.0
2026-02-27 08:00:00+00:00,SOL,87.31,87.93,81.96,82.72,0.0
2026-02-27 08:00:00+00:00,XRP,1.42,1.43,1.35,1.36,0.0
2026-02-27 16:00:00+00:00,BTC,66094.5,66124.0,65102.0,65590.0,0.0
2026-02-27 16:00:00+00:00,DOGE,0.09,0.09,0.09,0.09,0.0
2026-02-27 16:00:00+00:00,ETH,1948.85,1949.45,1907.5,1922.95,0.0
2026-02-27 16:00:00+00:00,SOL,82.72,82.72,81.09,81.44,0.0
2026-02-27 16:00:00+00:00,XRP,1.36,1.36,1.34,1.35,0.0
2026-03-01 08:00:00+00:00,BTC,67138.75,67359.5,66147.75,66849.0,0.0
2026-03-01 08:00:00+00:00,DOGE,0.09,0.1,0.09,0.09,0.0
2026-03-01 08:00:00+00:00,ETH,2007.3,2027.95,1948.45,1993.55,0.0
2026-03-01 08:00:00+00:00,SOL,86.63,86.89,81.6,85.65,0.0
2026-03-01 08:00:00+00:00,XRP,1.4,1.4,1.36,1.38,0.0
2026-03-01 16:00:00+00:00,BTC,66849.0,67137.5,65043.00000000001,65773.0,0.0
2026-03-01 16:00:00+00:00,DOGE,0.09,0.09,0.09,0.09,0.0
2026-03-01 16:00:00+00:00,ETH,1993.55,2009.65,1907.8,1939.5,0.0
2026-03-01 16:00:00+00:00,SOL,85.65,86.06,80.7,83.61,0.0
2026-03-01 16:00:00+00:00,XRP,1.38,1.39,1.34,1.35,0.0
2026-03-02 00:00:00+00:00,BTC,65773.0,67091.0,65481.5,66012.5,0.0
2026-03-02 00:00:00+00:00,DOGE,0.09,0.09,0.09,0.09,0.0
2026-03-02 00:00:00+00:00,ETH,1939.5,1989.35,1925.7,1941.3,0.0
2026-03-02 00:00:00+00:00,SOL,83.61,86.2,82.38,82.94,0.0
2026-03-02 00:00:00+00:00,XRP,1.35,1.38,1.34,1.35,0.0
2026-03-02 08:00:00+00:00,BTC,66012.5,69635.75,65264.0,69151.75,0.0
2026-03-02 08:00:00+00:00,DOGE,0.09,0.1,0.09,0.1,0.0
2026-03-02 08:00:00+00:00,ETH,1941.3,2065.9,1914.25,2047.75,0.0
2026-03-02 08:00:00+00:00,SOL,82.94,89.0,82.36,88.8,0.0
2026-03-02 08:00:00+00:00,XRP,1.35,1.42,1.33,1.4,0.0
2026-03-02 16:00:00+00:00,BTC,69151.75,70128.0,60031.5,69147.5,0.0
2026-03-02 16:00:00+00:00,DOGE,0.1,0.1,0.09,0.09,0.0
2026-03-02 16:00:00+00:00,ETH,2047.75,2089.55,2012.95,2035.3,0.0
2026-03-02 16:00:00+00:00,SOL,88.8,90.32,86.4,87.58,0.0
2026-03-02 16:00:00+00:00,XRP,1.4,1.42,1.38,1.395,0.0
2026-03-02 21:01:00+00:00,BTC,69048.0,69545.5,68736.5,68825.75,0.0
2026-03-02 21:01:00+00:00,DOGE,0.09,0.1,0.09,0.09,0.0
2026-03-02 21:01:00+00:00,ETH,2031.7,2058.6,2008.55,2027.35,0.0
2026-03-02 21:01:00+00:00,SOL,87.4,89.03,86.36,86.63,0.0
2026-03-02 21:01:00+00:00,XRP,1.39,1.41,1.36,1.39,0.0
2026-03-03 00:00:00+00:00,BTC,68825.75,69266.5,67789.25,68174.75,0.0
2026-03-03 00:00:00+00:00,DOGE,0.09,0.09,0.09,0.09,0.0
2026-03-03 00:00:00+00:00,ETH,2027.35,2041.45,1990.0,1995.9,0.0
2026-03-03 00:00:00+00:00,SOL,86.63,87.32,85.2,85.58,0.0
2026-03-03 00:00:00+00:00,XRP,1.39,1.4,1.36,1.36,0.0
2026-03-03 08:00:00+00:00,BTC,68174.75,68311.0,66079.0,67721.25,0.0
2026-03-03 08:00:00+00:00,DOGE,0.09,0.095,0.09,0.09,0.0
2026-03-03 08:00:00+00:00,ETH,1995.9,2017.0,1923.65,1969.05,0.0
2026-03-03 08:00:00+00:00,SOL,85.58,91.18,82.44,85.03,0.0
2026-03-03 08:00:00+00:00,XRP,1.36,1.39,1.335,1.36,0.0
2026-03-03 16:00:00+00:00,BTC,67721.25,69003.75,66900.75,68261.0,0.0
2026-03-03 16:00:00+00:00,DOGE,0.09,0.09,0.09,0.09,0.0
2026-03-03 16:00:00+00:00,ETH,1969.05,2014.1,1952.0,1978.15,0.0
2026-03-03 16:00:00+00:00,SOL,85.03,87.34,84.13,84.86,0.0
2026-03-03 16:00:00+00:00,XRP,1.36,1.39,1.35,1.35,0.0
2026-03-03 21:01:00+00:00,BTC,68195.25,68864.0,67705.25,68336.5,0.0
2026-03-03 21:01:00+00:00,DOGE,0.09,0.09,0.09,0.09,0.0
2026-03-03 21:01:00+00:00,ETH,1975.1,2000.35,1960.15,1983.0,0.0
2026-03-03 21:01:00+00:00,SOL,84.77,87.45,84.17,86.98,0.0
2026-03-03 21:01:00+00:00,XRP,1.35,1.37,1.35,1.36,0.0
2026-03-04 00:00:00+00:00,BTC,68336.5,69658.75,67339.5,69498.75,0.0
2026-03-04 00:00:00+00:00,DOGE,0.09,0.09,0.09,0.09,0.0
2026-03-04 00:00:00+00:00,ETH,1983.0,2009.95,1944.75,2006.85,0.0
2026-03-04 00:00:00+00:00,SOL,86.98,88.08,84.77,87.4,0.0
2026-03-04 00:00:00+00:00,XRP,1.36,1.38,1.345,1.38,0.0
2026-03-04 08:00:00+00:00,BTC,69498.75,73518.75,69046.75,73430.5,0.0
2026-03-04 08:00:00+00:00,DOGE,0.09,0.1,0.09,0.1,0.0
2026-03-04 08:00:00+00:00,ETH,2006.85,2158.1,1976.85,2151.1,0.0
2026-03-04 08:00:00+00:00,SOL,87.4,93.14,86.97,92.95,0.0
2026-03-04 08:00:00+00:00,XRP,1.38,1.465,1.37,1.46,0.0
2026-03-04 16:00:00+00:00,BTC,73430.5,74090.0,72554.75,73074.75,0.0
2026-03-04 16:00:00+00:00,DOGE,0.1,0.1,0.1,0.1,0.0
2026-03-04 16:00:00+00:00,ETH,2151.1,2201.15,2129.95,2151.05,0.0
2026-03-04 16:00:00+00:00,SOL,92.95,94.0,90.71,92.92,0.0
2026-03-04 16:00:00+00:00,XRP,1.46,1.47,1.44,1.46,0.0
2026-03-04 21:01:00+00:00,BTC,73026.25,73559.25,72337.25,72685.25,0.0
2026-03-04 21:01:00+00:00,DOGE,0.1,0.1,0.095,0.1,0.0
2026-03-04 21:01:00+00:00,ETH,2153.35,2164.8,2116.9,2127.15,0.0
2026-03-04 21:01:00+00:00,SOL,92.88,92.91,90.31,90.88,0.0
2026-03-04 21:01:00+00:00,XRP,1.46,1.46,1.42,1.43,0.0
2026-03-05 00:00:00+00:00,BTC,72685.25,73317.5,71784.75,72065.75,0.0
2026-03-05 00:00:00+00:00,DOGE,0.1,0.1,0.1,0.1,0.0
2026-03-05 00:00:00+00:00,ETH,2127.15,2176.05,2094.9,2105.6,0.0
2026-03-05 00:00:00+00:00,SOL,90.88,91.46,89.64,90.19,0.0
2026-03-05 00:00:00+00:00,XRP,1.43,1.44,1.41,1.41,0.0
2026-03-05 08:00:00+00:00,BTC,72065.75,73581.0,71172.0,71670.0,0.0
2026-03-05 08:00:00+00:00,DOGE,0.1,0.1,0.09,0.09,0.0
2026-03-05 08:00:00+00:00,ETH,2105.6,2164.7,2062.4,2087.1,0.0
2026-03-05 08:00:00+00:00,SOL,90.19,93.0,88.81,89.63,0.0
2026-03-05 08:00:00+00:00,XRP,1.41,1.45,1.41,1.42,0.0
2026-03-05 16:00:00+00:00,BTC,71670.0,71671.0,70646.0,71240.5,0.0
2026-03-05 16:00:00+00:00,DOGE,0.09,0.09,0.09,0.09,0.0
2026-03-05 16:00:00+00:00,ETH,2087.1,2098.2,2027.9,2092.15,0.0
2026-03-05 16:00:00+00:00,SOL,89.63,89.66,87.91,89.2,0.0
2026-03-05 16:00:00+00:00,XRP,1.42,1.42,1.395,1.42,0.0
2026-03-05 21:01:00+00:00,BTC,71262.0,71574.0,70787.75,70892.5,0.0
2026-03-05 21:01:00+00:00,DOGE,0.09,0.09,0.09,0.09,0.0
2026-03-05 21:01:00+00:00,ETH,2093.75,2099.75,2042.0,2073.0,0.0
2026-03-05 21:01:00+00:00,SOL,89.25,89.86,88.29,88.77,0.0
2026-03-05 21:01:00+00:00,XRP,1.42,1.42,1.4,1.4,0.0
2026-03-06 00:00:00+00:00,BTC,70892.5,71423.0,70136.5,71064.75,0.0
2026-03-06 00:00:00+00:00,DOGE,0.09,0.09,0.09,0.09,0.0
2026-03-06 00:00:00+00:00,ETH,2073.0,2093.7,2059.3,2082.65,0.0
2026-03-06 00:00:00+00:00,SOL,88.77,89.34,87.51,88.69,0.0
2026-03-06 00:00:00+00:00,XRP,1.4,1.415,1.39,1.41,0.0
2026-03-06 08:00:00+00:00,BTC,71064.75,71169.25,68173.5,68505.25,0.0
2026-03-06 08:00:00+00:00,DOGE,0.09,0.095,0.09,0.09,0.0
2026-03-06 08:00:00+00:00,ETH,2082.65,2083.0,1965.95,1977.95,0.0
2026-03-06 08:00:00+00:00,SOL,88.69,88.69,83.39,84.65,0.0
2026-03-06 08:00:00+00:00,XRP,1.41,1.425,1.35,1.36,0.0
2026-03-06 16:00:00+00:00,BTC,68505.25,68804.25,67731.25,68101.25,0.0
2026-03-06 16:00:00+00:00,DOGE,0.09,0.09,0.09,0.09,0.0
2026-03-06 16:00:00+00:00,ETH,1977.95,1992.45,1955.45,1978.65,0.0
2026-03-06 16:00:00+00:00,SOL,84.65,85.9,83.62,85.0,0.0
2026-03-06 16:00:00+00:00,XRP,1.36,1.405,1.35,1.36,0.0
2026-03-08 07:00:00+00:00,BTC,67159.5,67456.75,67149.25,67320.5,0.0
2026-03-08 07:00:00+00:00,DOGE,0.09,0.09,0.09,0.09,0.0
2026-03-08 07:00:00+00:00,ETH,1948.15,1960.05,1947.2,1954.85,0.0
2026-03-08 07:00:00+00:00,SOL,82.44,83.09,82.39,82.96,0.0
2026-03-08 07:00:00+00:00,XRP,1.35,1.36,1.35,1.36,0.0
2026-03-08 08:00:00+00:00,BTC,67320.5,68204.25,66822.0,67210.5,0.0
2026-03-08 08:00:00+00:00,DOGE,0.09,0.09,0.09,0.09,0.0
2026-03-08 08:00:00+00:00,ETH,1954.85,1979.95,1925.0,1943.4,0.0
2026-03-08 08:00:00+00:00,SOL,82.96,84.12,81.19,82.06,0.0
2026-03-08 08:00:00+00:00,XRP,1.36,1.37,1.34,1.35,0.0
2026-03-08 16:00:00+00:00,BTC,67210.5,68478.0,65622.75,65975.75,0.0
2026-03-08 16:00:00+00:00,DOGE,0.09,0.09,0.09,0.09,0.0
2026-03-08 16:00:00+00:00,ETH,1943.4,2035.35,1913.8,1937.05,0.0
2026-03-08 16:00:00+00:00,SOL,82.06,82.95,80.26,81.58,0.0
2026-03-08 16:00:00+00:00,XRP,1.35,1.36,1.32,1.34,0.0
2026-03-09 00:00:00+00:00,BTC,65975.75,68047.75,65815.5,67531.75,0.0
2026-03-09 00:00:00+00:00,DOGE,0.09,0.09,0.09,0.09,0.0
2026-03-09 00:00:00+00:00,ETH,1937.05,2014.05,1929.25,1983.5,0.0
2026-03-09 00:00:00+00:00,SOL,81.58,84.6,81.52,83.14,0.0
2026-03-09 00:00:00+00:00,XRP,1.34,1.37,1.33,1.34,0.0
2026-03-09 08:00:00+00:00,BTC,67531.75,69494.0,67321.75,68890.5,0.0
2026-03-09 08:00:00+00:00,DOGE,0.09,0.09,0.09,0.09,0.0
2026-03-09 08:00:00+00:00,ETH,1983.5,2032.9,1960.2,2023.2,0.0
2026-03-09 08:00:00+00:00,SOL,83.14,85.75,82.91,85.06,0.0
2026-03-09 08:00:00+00:00,XRP,1.34,1.37,1.34,1.36,0.0
2026-03-09 16:00:00+00:00,BTC,68890.5,69529.25,67758.5,69015.25,0.0
2026-03-09 16:00:00+00:00,DOGE,0.09,0.09,0.085,0.09,0.0
2026-03-09 16:00:00+00:00,ETH,2023.2,2054.0,1969.25,2034.35,0.0
2026-03-09 16:00:00+00:00,SOL,85.06,87.07,84.31,85.97,0.0
2026-03-09 16:00:00+00:00,XRP,1.36,1.385,1.36,1.37,0.0
2026-03-09 20:01:00+00:00,BTC,69158.0,69169.75,68378.5,68434.5,0.0
2026-03-09 20:01:00+00:00,DOGE,0.09,0.09,0.09,0.09,0.0
2026-03-09 20:01:00+00:00,ETH,2037.85,2045.75,1986.55,1993.1,0.0
2026-03-09 20:01:00+00:00,SOL,86.15,89.47,84.61,84.95,0.0
2026-03-09 20:01:00+00:00,XRP,1.37,1.4,1.34,1.36,0.0
2026-03-10 00:00:00+00:00,BTC,68434.5,70582.5,68394.0,70408.0,0.0
2026-03-10 00:00:00+00:00,DOGE,0.09,0.09,0.09,0.09,0.0
2026-03-10 00:00:00+00:00,ETH,1993.1,2059.65,1990.8,2051.4,0.0
2026-03-10 00:00:00+00:00,SOL,84.95,86.95,84.81,86.71,0.0
2026-03-10 00:00:00+00:00,XRP,1.36,1.39,1.345,1.39,0.0
2026-03-10 08:00:00+00:00,BTC,70408.0,71792.5,69225.0,71373.0,0.0
2026-03-10 08:00:00+00:00,DOGE,0.09,0.1,0.09,0.1,0.0
2026-03-10 08:00:00+00:00,ETH,2051.4,2086.55,2008.45,2080.15,0.0
2026-03-10 08:00:00+00:00,SOL,86.71,88.63,84.94,88.36,0.0
2026-03-10 08:00:00+00:00,XRP,1.39,1.44,1.38,1.43,0.0
2026-03-10 16:00:00+00:00,BTC,71373.0,71735.75,69743.5,70055.0,0.0
2026-03-10 16:00:00+00:00,DOGE,0.1,0.1,0.09,0.09,0.0
2026-03-10 16:00:00+00:00,ETH,2080.15,2088.7,2027.05,2036.9,0.0
2026-03-10 16:00:00+00:00,SOL,88.36,88.82,85.66,86.02,0.0
2026-03-10 16:00:00+00:00,XRP,1.43,1.44,1.38,1.385,0.0
2026-03-10 20:01:00+00:00,BTC,70068.25,70429.75,69466.5,69959.0,0.0
2026-03-10 20:01:00+00:00,DOGE,0.09,0.1,0.09,0.09,0.0
2026-03-10 20:01:00+00:00,ETH,2037.0,2048.15,2018.65,2037.1,0.0
2026-03-10 20:01:00+00:00,SOL,86.06,86.45,85.02,85.87,0.0
2026-03-10 20:01:00+00:00,XRP,1.38,1.415,1.38,1.39,0.0
2026-03-11 00:00:00+00:00,BTC,69959.0,70268.0,69416.25,69655.5,0.0
2026-03-11 00:00:00+00:00,DOGE,0.09,0.09,0.09,0.09,0.0
2026-03-11 00:00:00+00:00,ETH,2037.1,2042.1,2006.9,2012.55,0.0
2026-03-11 00:00:00+00:00,SOL,85.87,86.9,85.14,85.47,0.0
2026-03-11 00:00:00+00:00,XRP,1.39,1.39,1.37,1.38,0.0
2026-03-11 08:00:00+00:00,BTC,69655.5,71105.25,68977.5,70244.5,0.0
2026-03-11 08:00:00+00:00,DOGE,0.09,0.09,0.09,0.09,0.0
2026-03-11 08:00:00+00:00,ETH,2012.55,2083.1,2009.25,2050.4,0.0
2026-03-11 08:00:00+00:00,SOL,85.47,87.42,84.35,85.43,0.0
2026-03-11 08:00:00+00:00,XRP,1.38,1.41,1.37,1.38,0.0
2026-03-11 16:00:00+00:00,BTC,70244.5,71347.5,70131.75,70669.5,0.0
2026-03-11 16:00:00+00:00,DOGE,0.09,0.09,0.09,0.09,0.0
2026-03-11 16:00:00+00:00,ETH,2050.4,2086.4,2047.0,2076.95,0.0
2026-03-11 16:00:00+00:00,SOL,85.43,88.0,85.3,87.29,0.0
2026-03-11 16:00:00+00:00,XRP,1.38,1.41,1.38,1.39,0.0
2026-03-11 20:01:00+00:00,BTC,70617.25,70962.75,70130.25,70208.0,0.0
2026-03-11 20:01:00+00:00,DOGE,0.09,0.09,0.09,0.09,0.0
2026-03-11 20:01:00+00:00,ETH,2075.4,2084.5,2046.25,2052.55,0.0
2026-03-11 20:01:00+00:00,SOL,87.19,87.94,86.47,86.59,0.0
2026-03-11 20:01:00+00:00,XRP,1.39,1.4,1.38,1.38,0.0
2026-03-12 00:00:00+00:00,BTC,70208.0,70361.0,69203.5,69824.75,0.0
2026-03-12 00:00:00+00:00,DOGE,0.09,0.09,0.09,0.09,0.0
2026-03-12 00:00:00+00:00,ETH,2052.55,2058.6,2018.0,2041.0,0.0
2026-03-12 00:00:00+00:00,SOL,86.59,86.8,84.72,85.8,0.0
2026-03-12 00:00:00+00:00,XRP,1.38,1.39,1.37,1.38,0.0
2026-03-12 08:00:00+00:00,BTC,69824.75,70817.0,69358.5,70353.25,0.0
2026-03-12 08:00:00+00:00,DOGE,0.09,0.1,0.09,0.09,0.0
2026-03-12 08:00:00+00:00,ETH,2041.0,2096.25,2038.0,2072.45,0.0
2026-03-12 08:00:00+00:00,SOL,85.8,87.71,85.12,86.59,0.0
2026-03-12 08:00:00+00:00,XRP,1.38,1.39,1.365,1.38,0.0
2026-03-12 16:00:00+00:00,BTC,70353.25,70589.5,69780.0,70455.75,0.0
2026-03-12 16:00:00+00:00,DOGE,0.09,0.09,0.09,0.09,0.0
2026-03-12 16:00:00+00:00,ETH,2072.45,2078.4,2045.15,2070.05,0.0
2026-03-12 16:00:00+00:00,SOL,86.59,87.12,85.67,86.81,0.0
2026-03-12 16:00:00+00:00,XRP,1.38,1.39,1.37,1.38,0.0
2026-03-12 20:01:00+00:00,BTC,70490.25,70930.0,70016.75,70529.0,0.0
2026-03-12 20:01:00+00:00,DOGE,0.09,0.1,0.09,0.09,0.0
2026-03-12 20:01:00+00:00,ETH,2071.1,2093.65,2055.9,2073.95,0.0
2026-03-12 20:01:00+00:00,SOL,86.84,87.23,85.96,86.84,0.0
2026-03-12 20:01:00+00:00,XRP,1.38,1.395,1.37,1.38,0.0
2026-03-13 00:00:00+00:00,BTC,70529.0,72000.0,70400.0,71629.0,0.0
2026-03-13 00:00:00+00:00,DOGE,0.09,0.1,0.09,0.1,0.0
2026-03-13 00:00:00+00:00,ETH,2073.95,2149.1,2070.4,2099.45,0.0
2026-03-13 00:00:00+00:00,SOL,86.84,91.17,86.71,88.68,0.0
2026-03-13 00:00:00+00:00,XRP,1.38,1.43,1.38,1.42,0.0
2026-03-13 08:00:00+00:00,BTC,71629.0,73966.25,71396.75,71852.0,0.0
2026-03-13 08:00:00+00:00,DOGE,0.1,0.1,0.1,0.1,0.0
2026-03-13 08:00:00+00:00,ETH,2099.45,2210.35,2091.6,2128.0,0.0
2026-03-13 08:00:00+00:00,SOL,88.68,93.0,88.32,89.48,0.0
2026-03-13 08:00:00+00:00,XRP,1.42,1.45,1.41,1.41,0.0
2026-03-13 16:00:00+00:00,BTC,71852.0,72259.5,70845.25,71185.5,0.0
2026-03-13 16:00:00+00:00,DOGE,0.1,0.1,0.1,0.1,0.0
2026-03-13 16:00:00+00:00,ETH,2128.0,2143.9,2091.25,2102.6,0.0
2026-03-13 16:00:00+00:00,SOL,89.48,90.19,88.37,88.92,0.0
2026-03-13 16:00:00+00:00,XRP,1.41,1.42,1.39,1.4,0.0
2026-03-15 07:00:00+00:00,BTC,71462.75,71679.0,71419.5,71459.25,0.0
2026-03-15 07:00:00+00:00,DOGE,0.1,0.1,0.1,0.1,0.0
2026-03-15 07:00:00+00:00,ETH,2108.35,2114.35,2104.15,2106.1,0.0
2026-03-15 07:00:00+00:00,SOL,88.38,88.55,88.13,88.22,0.0
2026-03-15 07:00:00+00:00,XRP,1.41,1.41,1.41,1.41,0.0
2026-03-15 08:00:00+00:00,BTC,71459.25,72012.0,71277.0,71493.5,0.0
2026-03-15 08:00:00+00:00,DOGE,0.1,0.1,0.09,0.1,0.0
2026-03-15 08:00:00+00:00,ETH,2106.1,2123.9,2086.85,2094.3,0.0
2026-03-15 08:00:00+00:00,SOL,88.22,88.88,87.38,87.91,0.0
2026-03-15 08:00:00+00:00,XRP,1.41,1.43,1.41,1.42,0.0
2026-03-15 16:00:00+00:00,BTC,71493.5,73569.75,71324.25,72827.25,0.0
2026-03-15 16:00:00+00:00,DOGE,0.1,0.1,0.09,0.1,0.0
2026-03-15 16:00:00+00:00,ETH,2094.3,2204.9,2089.4,2178.9,0.0
2026-03-15 16:00:00+00:00,SOL,87.91,93.17,87.46,92.33,0.0
2026-03-15 16:00:00+00:00,XRP,1.42,1.465,1.41,1.45,0.0
2026-03-16 00:00:00+00:00,BTC,72827.25,74502.75,72039.25,73453.75,0.0
2026-03-16 00:00:00+00:00,DOGE,0.1,0.1,0.1,0.1,0.0
2026-03-16 00:00:00+00:00,ETH,2178.9,2289.15,2165.15,2248.6,0.0
2026-03-16 00:00:00+00:00,SOL,92.33,94.31,91.18,93.58,0.0
2026-03-16 00:00:00+00:00,XRP,1.45,1.49,1.44,1.48,0.0
2026-03-16 08:00:00+00:00,BTC,73453.75,74616.75,72883.25,73288.25,0.0
2026-03-16 08:00:00+00:00,DOGE,0.1,0.1,0.1,0.1,0.0
2026-03-16 08:00:00+00:00,ETH,2248.6,2355.6,2235.35,2273.6,0.0
2026-03-16 08:00:00+00:00,SOL,93.58,95.11,92.38,93.19,0.0
2026-03-16 08:00:00+00:00,XRP,1.48,1.52,1.46,1.49,0.0
2026-03-16 16:00:00+00:00,BTC,73288.25,74415.75,73173.75,73967.75,0.0
2026-03-16 16:00:00+00:00,DOGE,0.1,0.1,0.1,0.1,0.0
2026-03-16 16:00:00+00:00,ETH,2273.6,2375.05,2269.8,2330.65,0.0
2026-03-16 16:00:00+00:00,SOL,93.19,95.5,93.12,95.22,0.0
2026-03-16 16:00:00+00:00,XRP,1.49,1.545,1.49,1.54,0.0
2026-03-16 20:01:00+00:00,BTC,73989.25,74913.75,73880.0,74892.75,0.0
2026-03-16 20:01:00+00:00,DOGE,0.1,0.1,0.1,0.1,0.0
2026-03-16 20:01:00+00:00,ETH,2331.2,2384.85,2323.5,2352.7,0.0
2026-03-16 20:01:00+00:00,SOL,95.18,97.68,95.07,96.19,0.0
2026-03-16 20:01:00+00:00,XRP,1.53,1.55,1.52,1.54,0.0
2026-03-17 00:00:00+00:00,BTC,74892.75,76030.0,73795.25,74254.0,0.0
2026-03-17 00:00:00+00:00,DOGE,0.1,0.1,0.1,0.1,0.0
2026-03-17 00:00:00+00:00,ETH,2352.7,2380.45,2295.4,2328.4,0.0
2026-03-17 00:00:00+00:00,SOL,96.19,96.96,93.2,94.44,0.0
2026-03-17 00:00:00+00:00,XRP,1.54,1.61,1.505,1.53,0.0
2026-03-17 08:00:00+00:00,BTC,74254.0,74921.75,73403.0,73946.5,0.0
2026-03-17 08:00:00+00:00,DOGE,0.1,0.1,0.095,0.1,0.0
2026-03-17 08:00:00+00:00,ETH,2328.4,2358.9,2304.3,2316.3,0.0
2026-03-17 08:00:00+00:00,SOL,94.44,95.17,93.16,93.86,0.0
2026-03-17 08:00:00+00:00,XRP,1.53,1.53,1.5,1.51,0.0
2026-03-17 16:00:00+00:00,BTC,73946.5,74834.5,73883.0,74552.75,0.0
2026-03-17 16:00:00+00:00,DOGE,0.1,0.1,0.1,0.1,0.0
2026-03-17 16:00:00+00:00,ETH,2316.3,2343.85,2312.45,2320.85,0.0
2026-03-17 16:00:00+00:00,SOL,93.86,95.62,93.74,94.69,0.0
2026-03-17 16:00:00+00:00,XRP,1.51,1.555,1.5,1.53,0.0
2026-03-17 20:01:00+00:00,BTC,74509.0,74832.25,73905.75,73932.0,0.0
2026-03-17 20:01:00+00:00,DOGE,0.1,0.1,0.1,0.1,0.0
2026-03-17 20:01:00+00:00,ETH,2322.85,2345.3,2316.85,2317.9,0.0
2026-03-17 20:01:00+00:00,SOL,94.71,95.66,94.45,94.66,0.0
2026-03-17 20:01:00+00:00,XRP,1.53,1.54,1.52,1.52,0.0
2026-03-18 00:00:00+00:00,BTC,73932.0,74698.25,73553.5,73897.0,0.0
2026-03-18 00:00:00+00:00,DOGE,0.1,0.1,0.1,0.1,0.0
2026-03-18 00:00:00+00:00,ETH,2317.9,2350.8,2307.85,2318.35,0.0
2026-03-18 00:00:00+00:00,SOL,94.66,95.68,93.77,93.97,0.0
2026-03-18 00:00:00+00:00,XRP,1.52,1.54,1.51,1.52,0.0
2026-03-18 08:00:00+00:00,BTC,73897.0,74306.75,70866.0,71473.25,0.0
2026-03-18 08:00:00+00:00,DOGE,0.1,0.1,0.09,0.09,0.0
2026-03-18 08:00:00+00:00,ETH,2318.35,2334.2,2170.5,2187.8,0.0
2026-03-18 08:00:00+00:00,SOL,93.97,94.47,88.58,89.41,0.0
2026-03-18 08:00:00+00:00,XRP,1.52,1.53,1.44,1.44,0.0
2026-03-18 16:00:00+00:00,BTC,71473.25,72016.25,70924.5,71066.5,0.0
2026-03-18 16:00:00+00:00,DOGE,0.09,0.1,0.09,0.09,0.0
2026-03-18 16:00:00+00:00,ETH,2187.8,2220.3,2166.4,2186.0,0.0
2026-03-18 16:00:00+00:00,SOL,89.41,91.07,88.74,89.69,0.0
2026-03-18 16:00:00+00:00,XRP,1.44,1.47,1.44,1.45,0.0
2026-03-18 20:01:00+00:00,BTC,71035.0,71430.75,70500.0,71249.0,0.0
2026-03-18 20:01:00+00:00,DOGE,0.09,0.1,0.09,0.1,0.0
2026-03-18 20:01:00+00:00,ETH,2187.65,2207.25,2153.1,2203.35,0.0
2026-03-18 20:01:00+00:00,SOL,89.75,90.6,88.98,90.08,0.0
2026-03-18 20:01:00+00:00,XRP,1.45,1.47,1.44,1.46,0.0
2026-03-19 00:00:00+00:00,BTC,71249.0,71623.75,69500.5,70205.0,0.0
2026-03-19 00:00:00+00:00,DOGE,0.1,0.1,0.09,0.09,0.0
2026-03-19 00:00:00+00:00,ETH,2203.35,2234.1,2143.35,2166.8,0.0
2026-03-19 00:00:00+00:00,SOL,90.08,91.41,88.65,89.4,0.0
2026-03-19 00:00:00+00:00,XRP,1.46,1.48,1.45,1.46,0.0
2026-03-19 08:00:00+00:00,BTC,70205.0,70564.75,68783.75,69400.0,0.0
2026-03-19 08:00:00+00:00,DOGE,0.09,0.1,0.09,0.09,0.0
2026-03-19 08:00:00+00:00,ETH,2166.8,2192.15,2097.8,2118.55,0.0
2026-03-19 08:00:00+00:00,SOL,89.4,90.49,87.16,87.6,0.0
2026-03-19 08:00:00+00:00,XRP,1.46,1.47,1.42,1.43,0.0
2026-03-19 16:00:00+00:00,BTC,69400.0,70595.75,69109.25,70267.5,0.0
2026-03-19 16:00:00+00:00,DOGE,0.09,0.09,0.09,0.09,0.0
2026-03-19 16:00:00+00:00,ETH,2118.55,2157.25,2104.3,2141.1,0.0
2026-03-19 16:00:00+00:00,SOL,87.6,89.3,86.99,88.72,0.0
2026-03-19 16:00:00+00:00,XRP,1.43,1.45,1.42,1.445,0.0
2026-03-19 20:01:00+00:00,BTC,70198.5,70687.25,69715.75,69917.5,0.0
2026-03-19 20:01:00+00:00,DOGE,0.09,0.09,0.09,0.09,0.0
2026-03-19 20:01:00+00:00,ETH,2139.55,2156.0,2131.15,2138.1,0.0
2026-03-19 20:01:00+00:00,SOL,88.69,89.33,88.41,88.9,0.0
2026-03-19 20:01:00+00:00,XRP,1.44,1.46,1.44,1.45,0.0
2026-03-20 00:00:00+00:00,BTC,69917.5,70948.0,69832.25,70849.25,0.0
2026-03-20 00:00:00+00:00,DOGE,0.09,0.1,0.09,0.09,0.0
2026-03-20 00:00:00+00:00,ETH,2138.1,2161.15,2121.6,2150.55,0.0
2026-03-20 00:00:00+00:00,SOL,88.9,89.79,88.5,89.38,0.0
2026-03-20 00:00:00+00:00,XRP,1.45,1.46,1.44,1.45,0.0
2026-03-20 08:00:00+00:00,BTC,70849.25,71367.0,69466.75,69852.75,0.0
2026-03-20 08:00:00+00:00,DOGE,0.09,0.1,0.09,0.09,0.0
2026-03-20 08:00:00+00:00,ETH,2150.55,2176.8,2117.05,2133.8,0.0
2026-03-20 08:00:00+00:00,SOL,89.38,90.44,88.45,88.94,0.0
2026-03-20 08:00:00+00:00,XRP,1.45,1.47,1.43,1.44,0.0
2026-03-20 16:00:00+00:00,BTC,69852.75,70177.25,69382.0,70168.75,0.0
2026-03-20 16:00:00+00:00,DOGE,0.09,0.09,0.09,0.09,0.0
2026-03-20 16:00:00+00:00,ETH,2133.8,2144.55,2116.4,2132.35,0.0
2026-03-20 16:00:00+00:00,SOL,88.94,89.2,88.1,88.98,0.0
2026-03-20 16:00:00+00:00,XRP,1.44,1.44,1.42,1.44,0.0
2026-03-22 07:00:00+00:00,BTC,69147.5,69240.0,68885.75,68902.5,0.0
2026-03-22 07:00:00+00:00,DOGE,0.09,0.09,0.09,0.09,0.0
2026-03-22 07:00:00+00:00,ETH,2108.2,2111.85,2092.65,2093.4,0.0
2026-03-22 07:00:00+00:00,SOL,88.19,88.32,87.65,87.69,0.0
2026-03-22 07:00:00+00:00,XRP,1.41,1.41,1.4,1.4,0.0
2026-03-22 08:00:00+00:00,BTC,68902.5,69079.75,68158.5,68843.5,0.0
2026-03-22 08:00:00+00:00,DOGE,0.09,0.09,0.09,0.09,0.0
2026-03-22 08:00:00+00:00,ETH,2093.4,2095.5,2066.7,2082.85,0.0
2026-03-22 08:00:00+00:00,SOL,87.69,87.75,86.79,87.58,0.0
2026-03-22 08:00:00+00:00,XRP,1.4,1.41,1.39,1.39,0.0
2026-03-22 16:00:00+00:00,BTC,68843.5,68877.75,67442.75,67847.25,0.0
2026-03-22 16:00:00+00:00,DOGE,0.09,0.09,0.09,0.09,0.0
2026-03-22 16:00:00+00:00,ETH,2082.85,2133.75,2025.5,2053.45,0.0
2026-03-22 16:00:00+00:00,SOL,87.58,88.15,85.1,86.19,0.0
2026-03-22 16:00:00+00:00,XRP,1.39,1.4,1.37,1.38,0.0
2026-03-23 00:00:00+00:00,BTC,67847.25,68891.5,67442.75,68299.75,0.0
2026-03-23 00:00:00+00:00,DOGE,0.09,0.09,0.09,0.09,0.0
2026-03-23 00:00:00+00:00,ETH,2053.45,2072.05,2022.45,2044.1,0.0
2026-03-23 00:00:00+00:00,SOL,86.19,87.32,85.03,85.97,0.0
2026-03-23 00:00:00+00:00,XRP,1.38,1.4,1.36,1.37,0.0
2026-03-23 08:00:00+00:00,BTC,68299.75,71800.75,67895.25,70102.25,0.0
2026-03-23 08:00:00+00:00,DOGE,0.09,0.1,0.09,0.09,0.0
2026-03-23 08:00:00+00:00,ETH,2044.1,2219.65,2028.15,2127.65,0.0
2026-03-23 08:00:00+00:00,SOL,85.97,92.27,85.16,89.94,0.0
2026-03-23 08:00:00+00:00,XRP,1.37,1.47,1.36,1.43,0.0
2026-03-23 16:00:00+00:00,BTC,70102.25,71226.0,70102.0,70650.75,0.0
2026-03-23 16:00:00+00:00,DOGE,0.09,0.1,0.09,0.09,0.0
2026-03-23 16:00:00+00:00,ETH,2127.65,2178.25,2117.4,2153.55,0.0
2026-03-23 16:00:00+00:00,SOL,89.94,92.38,89.37,91.36,0.0
2026-03-23 16:00:00+00:00,XRP,1.43,1.45,1.43,1.43,0.0
2026-03-23 20:01:00+00:00,BTC,70596.0,70981.75,70380.5,70880.25,0.0
2026-03-23 20:01:00+00:00,DOGE,0.09,0.1,0.09,0.09,0.0
2026-03-23 20:01:00+00:00,ETH,2152.05,2220.45,2140.35,2151.85,0.0
2026-03-23 20:01:00+00:00,SOL,91.3,92.24,90.93,91.4,0.0
2026-03-23 20:01:00+00:00,XRP,1.43,1.475,1.42,1.43,0.0
2026-03-24 00:00:00+00:00,BTC,70880.25,71355.0,69180.25,71276.25,0.0
2026-03-24 00:00:00+00:00,DOGE,0.09,0.1,0.09,0.1,0.0
2026-03-24 00:00:00+00:00,ETH,2151.85,2212.45,2123.8,2165.25,0.0
2026-03-24 00:00:00+00:00,SOL,91.4,91.87,89.93,91.69,0.0
2026-03-24 00:00:00+00:00,XRP,1.43,1.435,1.4,1.43,0.0
2026-03-24 08:00:00+00:00,BTC,71276.25,71350.5,69478.75,69840.5,0.0
2026-03-24 08:00:00+00:00,DOGE,0.1,0.1,0.09,0.09,0.0
2026-03-24 08:00:00+00:00,ETH,2165.25,2175.25,2118.95,2134.0,0.0
2026-03-24 08:00:00+00:00,SOL,91.69,92.2,88.66,89.72,0.0
2026-03-24 08:00:00+00:00,XRP,1.43,1.43,1.395,1.4,0.0
2026-03-24 16:00:00+00:00,BTC,69840.5,69977.5,68889.0,69330.25,0.0
2026-03-24 16:00:00+00:00,DOGE,0.09,0.09,0.09,0.09,0.0
2026-03-24 16:00:00+00:00,ETH,2134.0,2139.95,2101.95,2115.4,0.0
2026-03-24 16:00:00+00:00,SOL,89.72,89.96,88.38,88.46,0.0
2026-03-24 16:00:00+00:00,XRP,1.4,1.525,1.38,1.39,0.0
2026-03-24 20:01:00+00:00,BTC,69327.75,70806.25,69250.5,70528.25,0.0
2026-03-24 20:01:00+00:00,DOGE,0.09,0.1,0.09,0.1,0.0
2026-03-24 20:01:00+00:00,ETH,2116.4,2163.15,2114.2,2155.25,0.0
2026-03-24 20:01:00+00:00,SOL,88.5,91.09,88.49,90.75,0.0
2026-03-24 20:01:00+00:00,XRP,1.39,1.585,1.39,1.42,0.0
2026-03-25 00:00:00+00:00,BTC,70528.25,71316.5,70369.25,70903.25,0.0
2026-03-25 00:00:00+00:00,DOGE,0.1,0.1,0.09,0.1,0.0
2026-03-25 00:00:00+00:00,ETH,2155.25,2178.8,2145.45,2164.2,0.0
2026-03-25 00:00:00+00:00,SOL,90.75,92.95,90.73,91.78,0.0
2026-03-25 00:00:00+00:00,XRP,1.42,1.43,1.41,1.42,0.0
2026-03-25 08:00:00+00:00,BTC,70903.25,72023.75,70551.0,70814.25,0.0
2026-03-25 08:00:00+00:00,DOGE,0.1,0.1,0.1,0.1,0.0
2026-03-25 08:00:00+00:00,ETH,2164.2,2199.15,2147.25,2162.2,0.0
2026-03-25 08:00:00+00:00,SOL,91.78,93.46,91.0,91.76,0.0
2026-03-25 08:00:00+00:00,XRP,1.42,1.44,1.4,1.41,0.0
2026-03-25 16:00:00+00:00,BTC,70814.25,71891.0,70663.75,70849.5,0.0
2026-03-25 16:00:00+00:00,DOGE,0.1,0.1,0.1,0.1,0.0
2026-03-25 16:00:00+00:00,ETH,2162.2,2186.5,2156.3,2171.95,0.0
2026-03-25 16:00:00+00:00,SOL,91.76,92.72,91.37,91.73,0.0
2026-03-25 16:00:00+00:00,XRP,1.41,1.42,1.4,1.41,0.0
2026-03-25 20:01:00+00:00,BTC,70928.75,71545.75,69473.0,71302.5,0.0
2026-03-25 20:01:00+00:00,DOGE,0.095,0.1,0.095,0.1,0.0
2026-03-25 20:01:00+00:00,ETH,2186.3,2186.3,2161.15,2167.65,0.0
2026-03-25 20:01:00+00:00,SOL,89.03,92.61,87.79,91.69,0.0
2026-03-25 20:01:00+00:00,XRP,1.405,1.43,1.385,1.41,0.0
2026-03-26 00:00:00+00:00,BTC,71302.5,71405.25,69698.25,70057.25,0.0
2026-03-26 00:00:00+00:00,DOGE,0.1,0.1,0.09,0.09,0.0
2026-03-26 00:00:00+00:00,ETH,2167.65,2171.95,2112.1,2122.3,0.0
2026-03-26 00:00:00+00:00,SOL,91.69,91.95,88.76,89.06,0.0
2026-03-26 00:00:00+00:00,XRP,1.41,1.42,1.38,1.39,0.0
2026-03-26 08:00:00+00:00,BTC,70057.25,70746.0,68616.5,69036.25,0.0
2026-03-26 08:00:00+00:00,DOGE,0.09,0.09,0.09,0.09,0.0
2026-03-26 08:00:00+00:00,ETH,2122.3,2125.55,2050.4,2068.95,0.0
2026-03-26 08:00:00+00:00,SOL,89.06,89.07,86.67,87.48,0.0
2026-03-26 08:00:00+00:00,XRP,1.39,1.405,1.35,1.36,0.0
2026-03-26 16:00:00+00:00,BTC,69036.25,71396.5,68093.0,68477.0,0.0
2026-03-26 16:00:00+00:00,DOGE,0.09,0.09,0.09,0.09,0.0
2026-03-26 16:00:00+00:00,ETH,2068.95,2069.8,2032.5,2047.2,0.0
2026-03-26 16:00:00+00:00,SOL,87.48,87.67,85.38,85.41,0.0
2026-03-26 16:00:00+00:00,XRP,1.36,1.37,1.33,1.34,0.0
2026-03-26 20:01:00+00:00,BTC,68511.0,70057.75,68385.0,68771.0,0.0
2026-03-26 20:01:00+00:00,DOGE,0.09,0.09,0.09,0.09,0.0
2026-03-26 20:01:00+00:00,ETH,2047.65,2078.2,2044.55,2058.6,0.0
2026-03-26 20:01:00+00:00,SOL,85.43,87.06,85.42,86.47,0.0
2026-03-26 20:01:00+00:00,XRP,1.34,1.37,1.34,1.36,0.0
2026-03-27 00:00:00+00:00,BTC,68771.0,69125.5,68257.75,68473.25,0.0
2026-03-27 00:00:00+00:00,DOGE,0.09,0.09,0.09,0.09,0.0
2026-03-27 00:00:00+00:00,ETH,2058.6,2073.4,2042.05,2064.2,0.0
2026-03-27 00:00:00+00:00,SOL,86.47,87.0,85.62,85.87,0.0
2026-03-27 00:00:00+00:00,XRP,1.36,1.37,1.36,1.36,0.0
2026-03-27 08:00:00+00:00,BTC,68473.25,69798.75,65674.25,66073.0,0.0
2026-03-27 08:00:00+00:00,DOGE,0.09,0.09,0.09,0.09,0.0
2026-03-27 08:00:00+00:00,ETH,2064.2,2066.15,1969.55,1989.75,0.0
2026-03-27 08:00:00+00:00,SOL,85.87,86.08,82.41,83.27,0.0
2026-03-27 08:00:00+00:00,XRP,1.36,1.385,1.325,1.34,0.0
2026-03-27 16:00:00+00:00,BTC,66073.0,67733.75,65503.00000000001,65982.75,0.0
2026-03-27 16:00:00+00:00,DOGE,0.09,0.09,0.09,0.09,0.0
2026-03-27 16:00:00+00:00,ETH,1989.75,1997.15,1972.7,1989.65,0.0
2026-03-27 16:00:00+00:00,SOL,83.27,83.37,81.76,82.69,0.0
2026-03-27 16:00:00+00:00,XRP,1.34,1.34,1.32,1.32,0.0
2026-03-29 07:00:00+00:00,BTC,66681.0,66687.5,66497.0,66606.0,0.0
2026-03-29 07:00:00+00:00,DOGE,0.09,0.09,0.09,0.09,0.0
2026-03-29 07:00:00+00:00,ETH,2003.05,2007.05,1998.1,2004.35,0.0
2026-03-29 07:00:00+00:00,SOL,82.39,82.55,82.15,82.38,0.0
2026-03-29 07:00:00+00:00,XRP,1.33,1.375,1.32,1.33,0.0
2026-03-29 08:00:00+00:00,BTC,66606.0,66927.25,66267.5,66469.5,0.0
2026-03-29 08:00:00+00:00,DOGE,0.09,0.09,0.09,0.09,0.0
2026-03-29 08:00:00+00:00,ETH,2004.35,2006.75,1983.1,1991.1,0.0
2026-03-29 08:00:00+00:00,SOL,82.38,82.78,81.31,81.75,0.0
2026-03-29 08:00:00+00:00,XRP,1.33,1.38,1.32,1.32,0.0
2026-03-29 16:00:00+00:00,BTC,66469.5,67466.25,64968.0,65960.0,0.0
2026-03-29 16:00:00+00:00,DOGE,0.09,0.09,0.09,0.09,0.0
2026-03-29 16:00:00+00:00,ETH,1991.1,2007.9,1940.25,1983.1,0.0
2026-03-29 16:00:00+00:00,SOL,81.75,82.47,78.93,81.36,0.0
2026-03-29 16:00:00+00:00,XRP,1.32,1.36,1.3,1.33,0.0
2026-03-30 00:00:00+00:00,BTC,65960.0,67740.75,65744.5,67562.25,0.0
2026-03-30 00:00:00+00:00,DOGE,0.09,0.09,0.09,0.09,0.0
2026-03-30 00:00:00+00:00,ETH,1983.1,2066.15,1981.05,2057.8,0.0
2026-03-30 00:00:00+00:00,SOL,81.36,84.22,81.05,83.94,0.0
2026-03-30 00:00:00+00:00,XRP,1.33,1.39,1.32,1.36,0.0
2026-03-30 08:00:00+00:00,BTC,67562.25,68118.75,67057.25,67576.25,0.0
2026-03-30 08:00:00+00:00,DOGE,0.09,0.09,0.09,0.09,0.0
2026-03-30 08:00:00+00:00,ETH,2057.8,2083.8,2042.75,2073.4,0.0
2026-03-30 08:00:00+00:00,SOL,83.94,84.95,83.59,84.44,0.0
2026-03-30 08:00:00+00:00,XRP,1.36,1.39,1.33,1.34,0.0
2026-03-30 16:00:00+00:00,BTC,67576.25,67661.0,66171.75,66475.75,0.0
2026-03-30 16:00:00+00:00,DOGE,0.09,0.09,0.09,0.09,0.0
2026-03-30 16:00:00+00:00,ETH,2073.4,2074.0,2011.55,2021.65,0.0
2026-03-30 16:00:00+00:00,SOL,84.44,87.4,81.91,82.31,0.0
2026-03-30 16:00:00+00:00,XRP,1.34,1.34,1.32,1.32,0.0
2026-03-30 20:01:00+00:00,BTC,66468.5,66936.25,66355.75,66736.0,0.0
2026-03-30 20:01:00+00:00,DOGE,0.09,0.09,0.09,0.09,0.0
2026-03-30 20:01:00+00:00,ETH,2022.2,2047.25,2012.05,2024.55,0.0
2026-03-30 20:01:00+00:00,SOL,82.28,83.6,82.07,82.47,0.0
2026-03-30 20:01:00+00:00,XRP,1.32,1.33,1.32,1.32,0.0
2026-03-31 00:00:00+00:00,BTC,66736.0,68339.0,66487.0,67303.0,0.0
2026-03-31 00:00:00+00:00,DOGE,0.09,0.095,0.09,0.09,0.0
2026-03-31 00:00:00+00:00,ETH,2024.55,2090.95,2015.55,2054.1,0.0
2026-03-31 00:00:00+00:00,SOL,82.47,84.52,82.07,83.03,0.0
2026-03-31 00:00:00+00:00,XRP,1.32,1.375,1.31,1.32,0.0
2026-03-31 08:00:00+00:00,BTC,67303.0,67704.75,65923.75,66673.0,0.0
2026-03-31 08:00:00+00:00,DOGE,0.09,0.09,0.09,0.09,0.0
2026-03-31 08:00:00+00:00,ETH,2054.1,2090.65,2011.5,2053.3,0.0
2026-03-31 08:00:00+00:00,SOL,83.03,83.28,80.18,80.81,0.0
2026-03-31 08:00:00+00:00,XRP,1.32,1.375,1.3,1.31,0.0
2026-03-31 16:00:00+00:00,BTC,66673.0,68500.0,66669.75,67773.0,0.0
2026-03-31 16:00:00+00:00,DOGE,0.09,0.095,0.09,0.09,0.0
2026-03-31 16:00:00+00:00,ETH,2053.3,2121.75,2052.6,2094.65,0.0
2026-03-31 16:00:00+00:00,SOL,80.81,83.7,80.79,82.62,0.0
2026-03-31 16:00:00+00:00,XRP,1.31,1.38,1.31,1.34,0.0
2026-03-31 20:01:00+00:00,BTC,67828.25,68352.75,67791.75,68216.25,0.0
2026-03-31 20:01:00+00:00,DOGE,0.09,0.09,0.09,0.09,0.0
2026-03-31 20:01:00+00:00,ETH,2096.9,2108.35,2088.65,2104.2,0.0
2026-03-31 20:01:00+00:00,SOL,82.62,83.32,82.27,83.12,0.0
2026-03-31 20:01:00+00:00,XRP,1.345,1.38,1.32,1.34,0.0
2026-04-01 00:00:00+00:00,BTC,68216.25,69286.0,67526.0,68667.25,0.0
2026-04-01 00:00:00+00:00,DOGE,0.09,0.09,0.09,0.09,0.0
2026-04-01 00:00:00+00:00,ETH,2104.2,2156.95,2080.8,2130.15,0.0
2026-04-01 00:00:00+00:00,SOL,83.12,84.71,82.42,83.8,0.0
2026-04-01 00:00:00+00:00,XRP,1.34,1.37,1.33,1.36,0.0
2026-04-01 08:00:00+00:00,BTC,68667.25,68945.5,67911.75,68901.5,0.0
2026-04-01 08:00:00+00:00,DOGE,0.09,0.09,0.09,0.09,0.0
2026-04-01 08:00:00+00:00,ETH,2130.15,2147.9,2107.75,2134.65,0.0
2026-04-01 08:00:00+00:00,SOL,83.8,84.02,82.37,83.61,0.0
2026-04-01 08:00:00+00:00,XRP,1.36,1.36,1.34,1.36,0.0
2026-04-01 16:00:00+00:00,BTC,68901.5,69151.25,67967.0,68165.75,0.0
2026-04-01 16:00:00+00:00,DOGE,0.09,0.09,0.09,0.09,0.0
2026-04-01 16:00:00+00:00,ETH,2134.65,2172.65,2124.35,2140.65,0.0
2026-04-01 16:00:00+00:00,SOL,83.61,86.62,83.05,83.8,0.0
2026-04-01 16:00:00+00:00,XRP,1.36,1.37,1.35,1.35,0.0
2026-04-01 20:01:00+00:00,BTC,68158.75,68527.75,67967.0,68109.5,0.0
2026-04-01 20:01:00+00:00,DOGE,0.09,0.09,0.09,0.09,0.0
2026-04-01 20:01:00+00:00,ETH,2142.3,2165.3,2130.1,2139.9,0.0
2026-04-01 20:01:00+00:00,SOL,83.83,83.87,80.75,81.21,0.0
2026-04-01 20:01:00+00:00,XRP,1.35,1.36,1.34,1.35,0.0
2026-04-02 00:00:00+00:00,BTC,68109.5,68648.5,66250.0,66911.0,0.0
2026-04-02 00:00:00+00:00,DOGE,0.09,0.09,0.09,0.09,0.0
2026-04-02 00:00:00+00:00,ETH,2139.9,2159.55,2039.5,2055.55,0.0
2026-04-02 00:00:00+00:00,SOL,81.21,81.79,78.3,79.63,0.0
2026-04-02 00:00:00+00:00,XRP,1.35,1.36,1.305,1.32,0.0
2026-04-02 08:00:00+00:00,BTC,66911.0,67100.0,65750.0,66845.0,0.0
2026-04-02 08:00:00+00:00,DOGE,0.09,0.09,0.09,0.09,0.0
2026-04-02 08:00:00+00:00,ETH,2055.55,2072.05,2016.0,2059.25,0.0
2026-04-02 08:00:00+00:00,SOL,79.63,79.71,76.66,79.02,0.0
2026-04-02 08:00:00+00:00,XRP,1.32,1.32,1.28,1.3,0.0
2026-04-02 16:00:00+00:00,BTC,66845.0,67426.0,66601.25,66971.0,0.0
2026-04-02 16:00:00+00:00,DOGE,0.09,0.09,0.09,0.09,0.0
2026-04-02 16:00:00+00:00,ETH,2059.25,2075.7,2043.8,2065.2,0.0
2026-04-02 16:00:00+00:00,SOL,79.02,79.88,78.41,78.97,0.0
2026-04-02 16:00:00+00:00,XRP,1.3,1.31,1.29,1.31,0.0
2026-04-02 20:01:00+00:00,BTC,66895.75,67097.5,66726.75,66898.75,0.0
2026-04-02 20:01:00+00:00,DOGE,0.09,0.09,0.09,0.09,0.0
2026-04-02 20:01:00+00:00,ETH,2063.6,2074.3,2053.35,2056.6,0.0
2026-04-02 20:01:00+00:00,SOL,78.85,79.35,78.63,78.93,0.0
2026-04-02 20:01:00+00:00,XRP,1.31,1.32,1.3,1.32,0.0
2026-04-03 00:00:00+00:00,BTC,66898.75,67255.0,66277.5,67038.25,0.0
2026-04-03 00:00:00+00:00,DOGE,0.09,0.09,0.09,0.09,0.0
2026-04-03 00:00:00+00:00,ETH,2056.6,2075.1,2041.85,2065.45,0.0
2026-04-03 00:00:00+00:00,SOL,78.93,80.15,78.85,79.94,0.0
2026-04-03 00:00:00+00:00,XRP,1.32,1.33,1.3,1.32,0.0
2026-04-03 08:00:00+00:00,BTC,67038.25,67380.0,66506.25,66815.0,0.0
2026-04-03 08:00:00+00:00,DOGE,0.09,0.09,0.09,0.09,0.0
2026-04-03 08:00:00+00:00,ETH,2065.45,2081.2,2041.4,2050.8,0.0
2026-04-03 08:00:00+00:00,SOL,79.94,80.88,79.16,80.33,0.0
2026-04-03 08:00:00+00:00,XRP,1.32,1.33,1.31,1.32,0.0
2026-04-03 16:00:00+00:00,BTC,66815.0,67065.5,66770.75,66876.25,0.0
2026-04-03 16:00:00+00:00,DOGE,0.09,0.13,0.09,0.09,0.0
2026-04-03 16:00:00+00:00,ETH,2050.8,2056.35,2043.4,2052.65,0.0
2026-04-03 16:00:00+00:00,SOL,80.33,80.66,79.86,80.19,0.0
2026-04-03 16:00:00+00:00,XRP,1.32,1.33,1.31,1.32,0.0
2026-04-05 07:00:00+00:00,BTC,66781.25,66895.75,66708.0,66800.5,0.0
2026-04-05 07:00:00+00:00,DOGE,0.09,0.09,0.09,0.09,0.0
2026-04-05 07:00:00+00:00,ETH,2037.85,2042.25,2033.8,2036.75,0.0
2026-04-05 07:00:00+00:00,SOL,79.58,79.88,79.5,79.55,0.0
2026-04-05 07:00:00+00:00,XRP,1.3,1.3,1.3,1.3,0.0
2026-04-05 08:00:00+00:00,BTC,66800.5,67822.0,66676.25,67291.75,0.0
2026-04-05 08:00:00+00:00,DOGE,0.09,0.09,0.09,0.09,0.0
2026-04-05 08:00:00+00:00,ETH,2036.75,2069.5,2022.5,2053.55,0.0
2026-04-05 08:00:00+00:00,SOL,79.55,80.31,78.48,79.59,0.0
2026-04-05 08:00:00+00:00,XRP,1.3,1.31,1.28,1.3,0.0
2026-04-05 16:00:00+00:00,BTC,67291.75,69118.5,67156.5,69005.0,0.0
2026-04-05 16:00:00+00:00,DOGE,0.09,0.09,0.09,0.09,0.0
2026-04-05 16:00:00+00:00,ETH,2053.55,2122.5,2048.1,2109.35,0.0
2026-04-05 16:00:00+00:00,SOL,79.59,82.0,79.07,81.88,0.0
2026-04-05 16:00:00+00:00,XRP,1.3,1.33,1.3,1.33,0.0
2026-04-06 00:00:00+00:00,BTC,69005.0,69546.0,68753.5,69094.25,0.0
2026-04-06 00:00:00+00:00,DOGE,0.09,0.09,0.09,0.09,0.0
2026-04-06 00:00:00+00:00,ETH,2109.35,2146.45,2109.3,2134.4,0.0
2026-04-06 00:00:00+00:00,SOL,81.88,82.94,81.19,81.77,0.0
2026-04-06 00:00:00+00:00,XRP,1.33,1.35,1.33,1.34,0.0
2026-04-06 08:00:00+00:00,BTC,69094.25,70249.5,69069.75,69972.0,0.0
2026-04-06 08:00:00+00:00,DOGE,0.09,0.09,0.09,0.09,0.0
2026-04-06 08:00:00+00:00,ETH,2134.4,2174.45,2133.5,2165.15,0.0
2026-04-06 08:00:00+00:00,SOL,81.77,83.18,81.67,82.28,0.0
2026-04-06 08:00:00+00:00,XRP,1.34,1.36,1.34,1.35,0.0
2026-04-06 16:00:00+00:00,BTC,69972.0,70350.0,69270.5,69743.75,0.0
2026-04-06 16:00:00+00:00,DOGE,0.09,0.09,0.09,0.09,0.0
2026-04-06 16:00:00+00:00,ETH,2165.15,2169.15,2123.25,2144.2,0.0
2026-04-06 16:00:00+00:00,SOL,82.28,82.49,81.18,81.9,0.0
2026-04-06 16:00:00+00:00,XRP,1.35,1.35,1.33,1.34,0.0
2026-04-06 20:01:00+00:00,BTC,69656.75,69991.0,68334.5,68851.0,0.0
2026-04-06 20:01:00+00:00,DOGE,0.09,0.09,0.09,0.09,0.0
2026-04-06 20:01:00+00:00,ETH,2141.35,2155.4,2088.0,2107.15,0.0
2026-04-06 20:01:00+00:00,SOL,81.84,83.11,79.6,80.03,0.0
2026-04-06 20:01:00+00:00,XRP,1.34,1.34,1.31,1.32,0.0
2026-04-07 00:00:00+00:00,BTC,68851.0,69126.25,68302.5,68616.25,0.0
2026-04-07 00:00:00+00:00,DOGE,0.09,0.09,0.09,0.09,0.0
2026-04-07 00:00:00+00:00,ETH,2107.15,2119.95,2094.7,2103.8,0.0
2026-04-07 00:00:00+00:00,SOL,80.03,80.23,79.28,79.87,0.0
2026-04-07 00:00:00+00:00,XRP,1.32,1.33,1.305,1.31,0.0
2026-04-07 08:00:00+00:00,BTC,68616.25,69250.75,67714.5,68147.25,0.0
2026-04-07 08:00:00+00:00,DOGE,0.09,0.09,0.09,0.09,0.0
2026-04-07 08:00:00+00:00,ETH,2103.8,2134.55,2059.5,2079.65,0.0
2026-04-07 08:00:00+00:00,SOL,79.87,80.59,78.36,78.84,0.0
2026-04-07 08:00:00+00:00,XRP,1.31,1.325,1.29,1.3,0.0
2026-04-07 16:00:00+00:00,BTC,68147.25,69105.75,68061.0,68994.75,0.0
2026-04-07 16:00:00+00:00,DOGE,0.09,0.09,0.09,0.09,0.0
2026-04-07 16:00:00+00:00,ETH,2079.65,2116.15,2076.65,2113.15,0.0
2026-04-07 16:00:00+00:00,SOL,78.84,81.84,78.62,81.63,0.0
2026-04-07 16:00:00+00:00,XRP,1.3,1.32,1.295,1.31,0.0
2026-04-07 20:01:00+00:00,BTC,69102.5,72755.75,69102.25,71916.25,0.0
2026-04-07 20:01:00+00:00,DOGE,0.09,0.1,0.09,0.09,0.0
2026-04-07 20:01:00+00:00,ETH,2117.35,2273.4,2110.3,2239.4,0.0
2026-04-07 20:01:00+00:00,SOL,81.78,86.99,81.71,85.56,0.0
2026-04-07 20:01:00+00:00,XRP,1.31,1.4,1.31,1.38,0.0
2026-04-08 00:00:00+00:00,BTC,71916.25,72107.25,71226.25,71634.25,0.0
2026-04-08 00:00:00+00:00,DOGE,0.09,0.1,0.09,0.09,0.0
2026-04-08 00:00:00+00:00,ETH,2239.4,2264.75,2227.4,2253.85,0.0
2026-04-08 00:00:00+00:00,SOL,85.56,85.92,83.87,84.5,0.0
2026-04-08 00:00:00+00:00,XRP,1.38,1.39,1.36,1.38,0.0
2026-04-08 08:00:00+00:00,BTC,71634.25,72855.75,70692.75,71306.75,0.0
2026-04-08 08:00:00+00:00,DOGE,0.09,0.1,0.09,0.09,0.0
2026-04-08 08:00:00+00:00,ETH,2253.85,2271.3,2185.95,2215.2,0.0
2026-04-08 08:00:00+00:00,SOL,84.5,84.99,82.48,83.34,0.0
2026-04-08 08:00:00+00:00,XRP,1.38,1.39,1.345,1.35,0.0
2026-04-08 16:00:00+00:00,BTC,71306.75,71970.75,71014.5,71333.0,0.0
2026-04-08 16:00:00+00:00,DOGE,0.09,0.09,0.09,0.09,0.0
2026-04-08 16:00:00+00:00,ETH,2215.2,2239.1,2197.65,2211.75,0.0
2026-04-08 16:00:00+00:00,SOL,83.34,84.19,82.76,83.21,0.0
2026-04-08 16:00:00+00:00,XRP,1.35,1.36,1.34,1.35,0.0
2026-04-08 20:01:00+00:00,BTC,71401.5,71758.75,70913.25,71084.25,0.0
2026-04-08 20:01:00+00:00,DOGE,0.09,0.09,0.09,0.09,0.0
2026-04-08 20:01:00+00:00,ETH,2214.55,2223.4,2179.7,2190.7,0.0
2026-04-08 20:01:00+00:00,SOL,83.27,83.51,82.26,82.58,0.0
2026-04-08 20:01:00+00:00,XRP,1.35,1.36,1.34,1.34,0.0
2026-04-09 00:00:00+00:00,BTC,71084.25,71180.0,70469.0,70985.25,0.0
2026-04-09 00:00:00+00:00,DOGE,0.09,0.09,0.09,0.09,0.0
2026-04-09 00:00:00+00:00,ETH,2190.7,2194.35,2162.75,2183.2,0.0
2026-04-09 00:00:00+00:00,SOL,82.58,82.69,81.7,82.28,0.0
2026-04-09 00:00:00+00:00,XRP,1.34,1.34,1.33,1.33,0.0
2026-04-09 08:00:00+00:00,BTC,70985.25,72365.75,70510.25,72156.0,0.0
2026-04-09 08:00:00+00:00,DOGE,0.09,0.09,0.09,0.09,0.0
2026-04-09 08:00:00+00:00,ETH,2183.2,2225.6,2092.1,2218.3,0.0
2026-04-09 08:00:00+00:00,SOL,82.28,85.26,81.39,83.75,0.0
2026-04-09 08:00:00+00:00,XRP,1.33,1.36,1.305,1.35,0.0
2026-04-09 16:00:00+00:00,BTC,72156.0,72562.0,71740.25,72113.75,0.0
2026-04-09 16:00:00+00:00,DOGE,0.09,0.09,0.09,0.09,0.0
2026-04-09 16:00:00+00:00,ETH,2218.3,2230.1,2192.95,2216.8,0.0
2026-04-09 16:00:00+00:00,SOL,83.75,84.74,81.03,84.18,0.0
2026-04-09 16:00:00+00:00,XRP,1.35,1.36,1.35,1.36,0.0
2026-04-09 20:01:00+00:00,BTC,72157.0,73150.0,71640.0,71796.5,0.0
2026-04-09 20:01:00+00:00,DOGE,0.09,0.095,0.09,0.09,0.0
2026-04-09 20:01:00+00:00,ETH,2218.3,2246.1,2183.55,2190.15,0.0
2026-04-09 20:01:00+00:00,SOL,84.25,85.95,83.15,83.34,0.0
2026-04-09 20:01:00+00:00,XRP,1.36,1.37,1.34,1.34,0.0
2026-04-10 00:00:00+00:00,BTC,71796.5,72380.75,71450.25,71477.0,0.0
2026-04-10 00:00:00+00:00,DOGE,0.09,0.095,0.09,0.09,0.0
2026-04-10 00:00:00+00:00,ETH,2190.15,2204.6,2176.7,2179.05,0.0
2026-04-10 00:00:00+00:00,SOL,83.34,85.22,82.1,82.97,0.0
2026-04-10 00:00:00+00:00,XRP,1.34,1.36,1.33,1.34,0.0
2026-04-10 08:00:00+00:00,BTC,71477.0,73329.25,71460.75,72483.5,0.0
2026-04-10 08:00:00+00:00,DOGE,0.09,0.09,0.09,0.09,0.0
2026-04-10 08:00:00+00:00,ETH,2179.05,2258.9,2177.4,2224.65,0.0
2026-04-10 08:00:00+00:00,SOL,82.97,85.62,82.7,84.28,0.0
2026-04-10 08:00:00+00:00,XRP,1.34,1.36,1.335,1.35,0.0
2026-04-10 16:00:00+00:00,BTC,72483.5,73299.5,72451.75,73278.25,0.0
2026-04-10 16:00:00+00:00,DOGE,0.09,0.1,0.09,0.1,0.0
2026-04-10 16:00:00+00:00,ETH,2224.65,2263.7,2223.9,2254.3,0.0
2026-04-10 16:00:00+00:00,SOL,84.28,85.52,84.16,85.48,0.0
2026-04-10 16:00:00+00:00,XRP,1.35,1.36,1.35,1.36,0.0
2026-04-12 07:00:00+00:00,BTC,71693.75,71782.75,71633.25,71720.75,0.0
2026-04-12 07:00:00+00:00,DOGE,0.09,0.09,0.09,0.09,0.0
2026-04-12 07:00:00+00:00,ETH,2217.05,2221.15,2213.1,2220.0,0.0
2026-04-12 07:00:00+00:00,SOL,82.3,82.49,82.26,82.31,0.0
2026-04-12 07:00:00+00:00,XRP,1.33,1.33,1.33,1.33,0.0
2026-04-12 08:00:00+00:00,BTC,71720.75,71794.0,70675.0,70917.0,0.0
2026-04-12 08:00:00+00:00,DOGE,0.09,0.09,0.09,0.09,0.0
2026-04-12 08:00:00+00:00,ETH,2220.0,2220.0,2177.65,2186.95,0.0
2026-04-12 08:00:00+00:00,SOL,82.31,82.58,81.33,81.62,0.0
2026-04-12 08:00:00+00:00,XRP,1.33,1.335,1.32,1.32,0.0
2026-04-12 16:00:00+00:00,BTC,70917.0,71465.5,70564.5,70751.25,0.0
2026-04-12 16:00:00+00:00,DOGE,0.09,0.09,0.09,0.09,0.0
2026-04-12 16:00:00+00:00,ETH,2186.95,2219.15,2183.05,2192.2,0.0
2026-04-12 16:00:00+00:00,SOL,81.62,82.92,81.28,81.53,0.0
2026-04-12 16:00:00+00:00,XRP,1.32,1.34,1.32,1.32,0.0
2026-04-13 00:00:00+00:00,BTC,70751.25,71285.5,70663.0,70838.25,0.0
2026-04-13 00:00:00+00:00,DOGE,0.09,0.09,0.09,0.09,0.0
2026-04-13 00:00:00+00:00,ETH,2192.2,2208.6,2183.5,2187.5,0.0
2026-04-13 00:00:00+00:00,SOL,81.53,82.63,81.39,82.19,0.0
2026-04-13 00:00:00+00:00,XRP,1.32,1.34,1.32,1.33,0.0
2026-04-13 08:00:00+00:00,BTC,70838.25,72509.25,70578.5,71894.75,0.0
2026-04-13 08:00:00+00:00,DOGE,0.09,0.09,0.09,0.09,0.0
2026-04-13 08:00:00+00:00,ETH,2187.5,2237.8,2176.35,2209.55,0.0
2026-04-13 08:00:00+00:00,SOL,82.19,83.84,81.65,82.69,0.0
2026-04-13 08:00:00+00:00,XRP,1.33,1.35,1.32,1.335,0.0
2026-04-13 16:00:00+00:00,BTC,71894.75,73674.25,71707.0,73368.75,0.0
2026-04-13 16:00:00+00:00,DOGE,0.09,0.09,0.09,0.09,0.0
2026-04-13 16:00:00+00:00,ETH,2209.55,2267.95,2200.15,2265.95,0.0
2026-04-13 16:00:00+00:00,SOL,82.69,84.29,82.36,84.13,0.0
2026-04-13 16:00:00+00:00,XRP,1.335,1.36,1.33,1.35,0.0
2026-04-13 20:01:00+00:00,BTC,73387.25,74900.0,73060.25,74446.0,0.0
2026-04-13 20:01:00+00:00,DOGE,0.09,0.09,0.09,0.09,0.0
2026-04-13 20:01:00+00:00,ETH,2263.2,2397.2,2249.35,2370.6,0.0
2026-04-13 20:01:00+00:00,SOL,84.25,86.82,83.86,86.55,0.0
2026-04-13 20:01:00+00:00,XRP,1.35,1.38,1.34,1.38,0.0
2026-04-14 00:00:00+00:00,BTC,74446.0,74966.5,74058.0,74569.5,0.0
2026-04-14 00:00:00+00:00,DOGE,0.09,0.09,0.09,0.09,0.0
2026-04-14 00:00:00+00:00,ETH,2370.6,2390.55,2355.25,2378.7,0.0
2026-04-14 00:00:00+00:00,SOL,86.55,86.79,85.46,85.93,0.0
2026-04-14 00:00:00+00:00,XRP,1.38,1.38,1.36,1.37,0.0
2026-04-14 08:00:00+00:00,BTC,74569.5,76105.75,74314.25,75363.75,0.0
2026-04-14 08:00:00+00:00,DOGE,0.09,0.1,0.09,0.1,0.0
2026-04-14 08:00:00+00:00,ETH,2378.7,2417.65,2278.4,2366.45,0.0
2026-04-14 08:00:00+00:00,SOL,85.93,87.73,85.36,86.0,0.0
2026-04-14 08:00:00+00:00,XRP,1.37,1.4,1.37,1.38,0.0
2026-04-14 16:00:00+00:00,BTC,75363.75,75731.0,73864.75,74292.5,0.0
2026-04-14 16:00:00+00:00,DOGE,0.1,0.1,0.09,0.09,0.0
2026-04-14 16:00:00+00:00,ETH,2366.45,2372.8,2222.25,2314.55,0.0
2026-04-14 16:00:00+00:00,SOL,86.0,86.2,82.91,83.98,0.0
2026-04-14 16:00:00+00:00,XRP,1.38,1.38,1.35,1.36,0.0
2026-04-14 20:01:00+00:00,BTC,74310.25,74478.25,73906.75,74193.25,0.0
2026-04-14 20:01:00+00:00,DOGE,0.09,0.09,0.09,0.09,0.0
2026-04-14 20:01:00+00:00,ETH,2314.65,2332.9,2310.55,2323.45,0.0
2026-04-14 20:01:00+00:00,SOL,83.94,86.1,82.76,83.75,0.0
2026-04-14 20:01:00+00:00,XRP,1.36,1.375,1.36,1.36,0.0
2026-04-15 00:00:00+00:00,BTC,74193.25,74804.75,73543.25,73766.0,0.0
2026-04-15 00:00:00+00:00,DOGE,0.09,0.09,0.09,0.09,0.0
2026-04-15 00:00:00+00:00,ETH,2323.45,2344.0,2309.65,2317.35,0.0
2026-04-15 00:00:00+00:00,SOL,83.75,84.11,82.69,82.97,0.0
2026-04-15 00:00:00+00:00,XRP,1.36,1.375,1.35,1.35,0.0
2026-04-15 08:00:00+00:00,BTC,73766.0,74532.0,73606.25,73864.25,0.0
2026-04-15 08:00:00+00:00,DOGE,0.09,0.09,0.09,0.09,0.0
2026-04-15 08:00:00+00:00,ETH,2317.35,2350.2,2312.45,2332.35,0.0
2026-04-15 08:00:00+00:00,SOL,82.97,85.89,82.77,84.02,0.0
2026-04-15 08:00:00+00:00,XRP,1.35,1.38,1.35,1.37,0.0
2026-04-15 16:00:00+00:00,BTC,73864.25,75299.75,73777.75,75036.5,0.0
2026-04-15 16:00:00+00:00,DOGE,0.09,0.1,0.09,0.1,0.0
2026-04-15 16:00:00+00:00,ETH,2332.35,2386.85,2329.95,2376.0,0.0
2026-04-15 16:00:00+00:00,SOL,84.02,85.86,83.91,85.52,0.0
2026-04-15 16:00:00+00:00,XRP,1.37,1.41,1.37,1.4,0.0
2026-04-15 20:01:00+00:00,BTC,74945.5,75441.75,74539.5,74832.0,0.0
2026-04-15 20:01:00+00:00,DOGE,0.1,0.1,0.09,0.09,0.0
2026-04-15 20:01:00+00:00,ETH,2372.45,2381.65,2349.15,2360.5,0.0
2026-04-15 20:01:00+00:00,SOL,85.39,86.45,84.22,84.93,0.0
2026-04-15 20:01:00+00:00,XRP,1.4,1.4,1.38,1.39,0.0
2026-04-16 00:00:00+00:00,BTC,74832.0,75290.75,74494.75,74725.5,0.0
2026-04-16 00:00:00+00:00,DOGE,0.09,0.1,0.09,0.1,0.0
2026-04-16 00:00:00+00:00,ETH,2360.5,2369.0,2336.4,2342.0,0.0
2026-04-16 00:00:00+00:00,SOL,84.93,85.66,84.48,85.22,0.0
2026-04-16 00:00:00+00:00,XRP,1.39,1.475,1.39,1.41,0.0
2026-04-16 08:00:00+00:00,BTC,74725.5,75034.25,73314.5,74712.5,0.0
2026-04-16 08:00:00+00:00,DOGE,0.1,0.1,0.09,0.1,0.0
2026-04-16 08:00:00+00:00,ETH,2342.0,2352.6,2238.95,2339.65,0.0
2026-04-16 08:00:00+00:00,SOL,85.22,87.12,83.83,86.65,0.0
2026-04-16 08:00:00+00:00,XRP,1.41,1.445,1.39,1.43,0.0
2026-04-16 16:00:00+00:00,BTC,74712.5,75428.75,73913.75,75369.75,0.0
2026-04-16 16:00:00+00:00,DOGE,0.1,0.1,0.095,0.1,0.0
2026-04-16 16:00:00+00:00,ETH,2339.65,2361.7,2294.7,2360.35,0.0
2026-04-16 16:00:00+00:00,SOL,86.65,90.0,85.64,90.0,0.0
2026-04-16 16:00:00+00:00,XRP,1.43,1.47,1.41,1.47,0.0
2026-04-16 20:01:00+00:00,BTC,75458.25,75523.25,74809.75,75171.75,0.0
2026-04-16 20:01:00+00:00,DOGE,0.1,0.1,0.1,0.1,0.0
2026-04-16 20:01:00+00:00,ETH,2361.8,2364.65,2336.75,2348.9,0.0
2026-04-16 20:01:00+00:00,SOL,90.21,91.23,86.19,89.09,0.0
2026-04-16 20:01:00+00:00,XRP,1.46,1.47,1.44,1.45,0.0
2026-04-17 00:00:00+00:00,BTC,75171.75,75172.0,74560.75,75070.0,0.0
2026-04-17 00:00:00+00:00,DOGE,0.1,0.1,0.1,0.1,0.0
2026-04-17 00:00:00+00:00,ETH,2348.9,2350.1,2317.55,2334.05,0.0
2026-04-17 00:00:00+00:00,SOL,89.09,89.22,87.38,88.16,0.0
2026-04-17 00:00:00+00:00,XRP,1.45,1.46,1.42,1.44,0.0
2026-04-17 08:00:00+00:00,BTC,75070.0,78195.75,72650.0,77840.75,0.0
2026-04-17 08:00:00+00:00,DOGE,0.1,0.135,0.095,0.1,0.0
2026-04-17 08:00:00+00:00,ETH,2334.05,2872.2,2323.7,2443.4,0.0
2026-04-17 08:00:00+00:00,SOL,88.16,91.85,85.77,90.0,0.0
2026-04-17 08:00:00+00:00,XRP,1.44,1.845,1.42,1.49,0.0
2026-04-17 16:00:00+00:00,BTC,77840.75,78417.25,77039.25,77455.0,0.0
2026-04-17 16:00:00+00:00,DOGE,0.1,0.11,0.1,0.1,0.0
2026-04-17 16:00:00+00:00,ETH,2443.4,2465.0,2389.25,2429.25,0.0
2026-04-17 16:00:00+00:00,SOL,90.0,90.63,88.92,89.25,0.0
2026-04-17 16:00:00+00:00,XRP,1.49,1.5,1.47,1.49,0.0
2026-04-19 07:00:00+00:00,BTC,75430.5,75436.5,74950.0,75305.25,0.0
2026-04-19 07:00:00+00:00,DOGE,0.09,0.095,0.09,0.09,0.0
2026-04-19 07:00:00+00:00,ETH,2328.3,2328.4,2298.8,2318.55,0.0
2026-04-19 07:00:00+00:00,SOL,85.48,85.49,84.47,84.9,0.0
2026-04-19 07:00:00+00:00,XRP,1.43,1.45,1.415,1.42,0.0
2026-04-19 08:00:00+00:00,BTC,75305.25,76276.5,74971.25,75884.0,0.0
2026-04-19 08:00:00+00:00,DOGE,0.09,0.12,0.09,0.1,0.0
2026-04-19 08:00:00+00:00,ETH,2318.55,2351.2,2308.1,2331.8,0.0
2026-04-19 08:00:00+00:00,SOL,84.9,88.65,84.46,86.4,0.0
2026-04-19 08:00:00+00:00,XRP,1.42,1.455,1.405,1.43,0.0
2026-04-19 16:00:00+00:00,BTC,75884.0,75891.25,73802.0,73823.75,0.0
2026-04-19 16:00:00+00:00,DOGE,0.1,0.1,0.09,0.09,0.0
2026-04-19 16:00:00+00:00,ETH,2331.8,2332.35,2253.2,2264.05,0.0
2026-04-19 16:00:00+00:00,SOL,86.4,87.96,82.65,83.48,0.0
2026-04-19 16:00:00+00:00,XRP,1.43,1.43,1.39,1.39,0.0
2026-04-20 00:00:00+00:00,BTC,73823.75,75614.75,73780.0,74831.75,0.0
2026-04-20 00:00:00+00:00,DOGE,0.09,0.1,0.09,0.09,0.0
2026-04-20 00:00:00+00:00,ETH,2264.05,2333.1,2262.35,2298.3,0.0
2026-04-20 00:00:00+00:00,SOL,83.48,85.78,82.76,84.75,0.0
2026-04-20 00:00:00+00:00,XRP,1.39,1.43,1.39,1.42,0.0
2026-04-20 08:00:00+00:00,BTC,74831.75,78218.75,74661.0,75750.0,0.0
2026-04-20 08:00:00+00:00,DOGE,0.09,0.1,0.09,0.1,0.0
2026-04-20 08:00:00+00:00,ETH,2298.3,2369.2,2279.9,2313.05,0.0
2026-04-20 08:00:00+00:00,SOL,84.75,88.03,83.44,85.88,0.0
2026-04-20 08:00:00+00:00,XRP,1.42,1.44,1.41,1.43,0.0
2026-04-20 16:00:00+00:00,BTC,75750.0,76522.5,75327.25,76327.5,0.0
2026-04-20 16:00:00+00:00,DOGE,0.1,0.1,0.09,0.1,0.0
2026-04-20 16:00:00+00:00,ETH,2313.05,2370.8,2298.6,2332.6,0.0
2026-04-20 16:00:00+00:00,SOL,85.88,86.24,85.28,85.84,0.0
2026-04-20 16:00:00+00:00,XRP,1.43,1.44,1.42,1.43,0.0
2026-04-20 20:01:00+00:00,BTC,76272.5,76610.5,75670.5,75872.0,0.0
2026-04-20 20:01:00+00:00,DOGE,0.1,0.1,0.095,0.1,0.0
2026-04-20 20:01:00+00:00,ETH,2333.4,2464.9,2309.15,2314.55,0.0
2026-04-20 20:01:00+00:00,SOL,85.8,86.24,85.24,85.33,0.0
2026-04-20 20:01:00+00:00,XRP,1.43,1.43,1.42,1.425,0.0
2026-04-21 00:00:00+00:00,BTC,75872.0,76317.5,75550.5,76121.5,0.0
2026-04-21 00:00:00+00:00,DOGE,0.1,0.1,0.09,0.1,0.0
2026-04-21 00:00:00+00:00,ETH,2314.55,2327.3,2302.85,2319.1,0.0
2026-04-21 00:00:00+00:00,SOL,85.33,86.0,85.03,85.75,0.0
2026-04-21 00:00:00+00:00,XRP,1.425,1.44,1.42,1.44,0.0
2026-04-21 08:00:00+00:00,BTC,76121.5,76914.0,75471.75,75844.25,0.0
2026-04-21 08:00:00+00:00,DOGE,0.1,0.1,0.09,0.09,0.0
2026-04-21 08:00:00+00:00,ETH,2319.1,2339.4,2293.05,2311.15,0.0
2026-04-21 08:00:00+00:00,SOL,85.75,89.77,85.21,86.06,0.0
2026-04-21 08:00:00+00:00,XRP,1.44,1.45,1.43,1.43,0.0
2026-04-21 16:00:00+00:00,BTC,75844.25,76202.25,74823.0,75032.5,0.0
2026-04-21 16:00:00+00:00,DOGE,0.09,0.1,0.09,0.09,0.0
2026-04-21 16:00:00+00:00,ETH,2311.15,2330.65,2288.1,2298.95,0.0
2026-04-21 16:00:00+00:00,SOL,86.06,86.33,84.32,84.59,0.0
2026-04-21 16:00:00+00:00,XRP,1.43,1.44,1.41,1.41,0.0
2026-04-21 20:01:00+00:00,BTC,75084.0,76446.0,74995.5,76344.0,0.0
2026-04-21 20:01:00+00:00,DOGE,0.09,0.1,0.09,0.1,0.0
2026-04-21 20:01:00+00:00,ETH,2298.3,2330.3,2298.25,2327.95,0.0
2026-04-21 20:01:00+00:00,SOL,84.59,86.14,84.45,86.06,0.0
2026-04-21 20:01:00+00:00,XRP,1.41,1.43,1.41,1.43,0.0
2026-04-22 00:00:00+00:00,BTC,76344.0,78390.0,76152.5,78031.75,0.0
2026-04-22 00:00:00+00:00,DOGE,0.1,0.1,0.09,0.1,0.0
2026-04-22 00:00:00+00:00,ETH,2327.95,2456.1,2316.45,2390.3,0.0
2026-04-22 00:00:00+00:00,SOL,86.06,89.45,86.02,88.08,0.0
2026-04-22 00:00:00+00:00,XRP,1.43,1.46,1.43,1.45,0.0
2026-04-22 08:00:00+00:00,BTC,78031.75,79400.0,77961.0,79316.5,0.0
2026-04-22 08:00:00+00:00,DOGE,0.1,0.1,0.1,0.1,0.0
2026-04-22 08:00:00+00:00,ETH,2390.3,2461.35,2383.65,2404.55,0.0
2026-04-22 08:00:00+00:00,SOL,88.08,89.83,87.49,88.22,0.0
2026-04-22 08:00:00+00:00,XRP,1.45,1.47,1.45,1.46,0.0
2026-04-22 16:00:00+00:00,BTC,79316.5,79507.75,78691.75,78880.0,0.0
2026-04-22 16:00:00+00:00,DOGE,0.1,0.1,0.1,0.1,0.0
2026-04-22 16:00:00+00:00,ETH,2404.55,2414.15,2385.2,2398.25,0.0
2026-04-22 16:00:00+00:00,SOL,88.22,88.5,87.11,87.41,0.0
2026-04-22 16:00:00+00:00,XRP,1.46,1.46,1.435,1.44,0.0
2026-04-22 20:01:00+00:00,BTC,78875.75,78949.25,78188.25,78208.75,0.0
2026-04-22 20:01:00+00:00,DOGE,0.1,0.1,0.1,0.1,0.0
2026-04-22 20:01:00+00:00,ETH,2399.4,2407.1,2374.45,2375.1,0.0
2026-04-22 20:01:00+00:00,SOL,87.46,87.75,86.84,86.91,0.0
2026-04-22 20:01:00+00:00,XRP,1.44,1.44,1.43,1.43,0.0
2026-04-23 00:00:00+00:00,BTC,78208.75,78552.25,77535.25,78080.25,0.0
2026-04-23 00:00:00+00:00,DOGE,0.1,0.1,0.1,0.1,0.0
2026-04-23 00:00:00+00:00,ETH,2375.1,2380.85,2332.1,2344.7,0.0
2026-04-23 00:00:00+00:00,SOL,86.91,87.18,85.5,85.94,0.0
2026-04-23 00:00:00+00:00,XRP,1.43,1.455,1.41,1.42,0.0
2026-04-23 08:00:00+00:00,BTC,78080.25,78697.75,77195.75,78409.75,0.0
2026-04-23 08:00:00+00:00,DOGE,0.1,0.1,0.1,0.1,0.0
2026-04-23 08:00:00+00:00,ETH,2344.7,2345.55,2306.5,2334.2,0.0
2026-04-23 08:00:00+00:00,SOL,85.94,86.67,85.23,86.37,0.0
2026-04-23 08:00:00+00:00,XRP,1.42,1.44,1.41,1.43,0.0
2026-04-23 16:00:00+00:00,BTC,78409.75,78541.75,77000.0,77740.75,0.0
2026-04-23 16:00:00+00:00,DOGE,0.1,0.1,0.1,0.1,0.0
2026-04-23 16:00:00+00:00,ETH,2334.2,2334.75,2288.9,2313.85,0.0
2026-04-23 16:00:00+00:00,SOL,86.37,86.43,84.51,85.33,0.0
2026-04-23 16:00:00+00:00,XRP,1.43,1.44,1.42,1.43,0.0
2026-04-23 20:01:00+00:00,BTC,77680.75,78359.25,77680.5,78281.25,0.0
2026-04-23 20:01:00+00:00,DOGE,0.1,0.1,0.1,0.1,0.0
2026-04-23 20:01:00+00:00,ETH,2316.0,2339.55,2315.95,2331.1,0.0
2026-04-23 20:01:00+00:00,SOL,85.34,86.28,85.34,86.16,0.0
2026-04-23 20:01:00+00:00,XRP,1.43,1.44,1.43,1.44,0.0
2026-04-24 00:00:00+00:00,BTC,78281.25,78547.5,77476.75,77673.0,0.0
2026-04-24 00:00:00+00:00,DOGE,0.1,0.1,0.1,0.1,0.0
2026-04-24 00:00:00+00:00,ETH,2331.1,2337.7,2300.95,2311.8,0.0
2026-04-24 00:00:00+00:00,SOL,86.16,87.82,85.18,85.52,0.0
2026-04-24 00:00:00+00:00,XRP,1.44,1.45,1.43,1.43,0.0
2026-04-24 08:00:00+00:00,BTC,77673.0,78461.75,77429.0,78069.0,0.0
2026-04-24 08:00:00+00:00,DOGE,0.1,0.1,0.1,0.1,0.0
2026-04-24 08:00:00+00:00,ETH,2311.8,2331.2,2304.55,2324.25,0.0
2026-04-24 08:00:00+00:00,SOL,85.52,88.03,85.0,86.55,0.0
2026-04-24 08:00:00+00:00,XRP,1.43,1.45,1.42,1.45,0.0
2026-04-24 16:00:00+00:00,BTC,78069.0,78089.0,77421.5,77658.5,0.0
2026-04-24 16:00:00+00:00,DOGE,0.1,0.1,0.1,0.1,0.0
2026-04-24 16:00:00+00:00,ETH,2324.25,2325.7,2310.0,2322.0,0.0
2026-04-24 16:00:00+00:00,SOL,86.55,86.62,85.97,86.34,0.0
2026-04-24 16:00:00+00:00,XRP,1.45,1.45,1.43,1.44,0.0
2026-04-26 07:00:00+00:00,BTC,78021.25,78130.25,77990.5,78123.0,0.0
2026-04-26 07:00:00+00:00,DOGE,0.1,0.1,0.1,0.1,0.0
2026-04-26 07:00:00+00:00,ETH,2330.9,2333.05,2329.35,2332.0,0.0
2026-04-26 07:00:00+00:00,SOL,86.53,86.6,86.47,86.59,0.0
2026-04-26 07:00:00+00:00,XRP,1.43,1.43,1.43,1.43,0.0
2026-04-26 08:00:00+00:00,BTC,78123.0,78215.0,77786.25,78063.75,0.0
2026-04-26 08:00:00+00:00,DOGE,0.1,0.1,0.1,0.1,0.0
2026-04-26 08:00:00+00:00,ETH,2332.0,2352.15,2326.4,2348.65,0.0
2026-04-26 08:00:00+00:00,SOL,86.59,88.59,85.92,86.59,0.0
2026-04-26 08:00:00+00:00,XRP,1.43,1.43,1.42,1.425,0.0
2026-04-26 16:00:00+00:00,BTC,78063.75,79006.75,77874.75,78678.75,0.0
2026-04-26 16:00:00+00:00,DOGE,0.1,0.1,0.1,0.1,0.0
2026-04-26 16:00:00+00:00,ETH,2348.65,2379.65,2341.05,2370.65,0.0
2026-04-26 16:00:00+00:00,SOL,86.59,88.94,86.3,86.96,0.0
2026-04-26 16:00:00+00:00,XRP,1.425,1.685,1.42,1.43,0.0
2026-04-27 00:00:00+00:00,BTC,78678.75,79500.0,77535.25,77682.0,0.0
2026-04-27 00:00:00+00:00,DOGE,0.1,0.1,0.1,0.1,0.0
2026-04-27 00:00:00+00:00,ETH,2370.65,2405.1,2314.65,2315.95,0.0
2026-04-27 00:00:00+00:00,SOL,86.96,89.32,84.37,85.27,0.0
2026-04-27 00:00:00+00:00,XRP,1.43,1.575,1.41,1.41,0.0
2026-04-27 08:00:00+00:00,BTC,77682.0,78715.25,76583.25,76786.75,0.0
2026-04-27 08:00:00+00:00,DOGE,0.1,0.1,0.1,0.1,0.0
2026-04-27 08:00:00+00:00,ETH,2315.95,2328.3,2265.6,2274.65,0.0
2026-04-27 08:00:00+00:00,SOL,85.27,88.1,83.64,84.16,0.0
2026-04-27 08:00:00+00:00,XRP,1.41,1.42,1.38,1.39,0.0
2026-04-27 16:00:00+00:00,BTC,76786.75,76924.75,76500.0,76882.0,0.0
2026-04-27 16:00:00+00:00,DOGE,0.1,0.1,0.1,0.1,0.0
2026-04-27 16:00:00+00:00,ETH,2274.65,2292.7,2269.75,2289.2,0.0
2026-04-27 16:00:00+00:00,SOL,84.16,87.45,83.87,84.16,0.0
2026-04-27 16:00:00+00:00,XRP,1.39,1.4,1.39,1.39,0.0
2026-04-27 20:01:00+00:00,BTC,76841.75,77421.25,76766.75,77369.5,0.0
2026-04-27 20:01:00+00:00,DOGE,0.1,0.1,0.1,0.1,0.0
2026-04-27 20:01:00+00:00,ETH,2289.05,2308.3,2284.4,2303.55,0.0
2026-04-27 20:01:00+00:00,SOL,84.13,84.88,84.09,84.8,0.0
2026-04-27 20:01:00+00:00,XRP,1.39,1.4,1.39,1.4,0.0
2026-04-28 00:00:00+00:00,BTC,77369.5,77441.75,76452.0,76876.0,0.0
2026-04-28 00:00:00+00:00,DOGE,0.1,0.1,0.1,0.1,0.0
2026-04-28 00:00:00+00:00,ETH,2303.55,2310.95,2270.2,2287.85,0.0
2026-04-28 00:00:00+00:00,SOL,84.8,87.33,83.65,84.0,0.0
2026-04-28 00:00:00+00:00,XRP,1.4,1.4,1.39,1.39,0.0
2026-04-28 08:00:00+00:00,BTC,76876.0,77004.25,75650.0,76053.25,0.0
2026-04-28 08:00:00+00:00,DOGE,0.1,0.1,0.1,0.1,0.0
2026-04-28 08:00:00+00:00,ETH,2287.85,2291.7,2258.65,2279.6,0.0
2026-04-28 08:00:00+00:00,SOL,84.0,84.19,82.96,83.46,0.0
2026-04-28 08:00:00+00:00,XRP,1.39,1.4,1.37,1.375,0.0
2026-04-28 16:00:00+00:00,BTC,76053.25,76365.75,75875.75,76322.0,0.0
2026-04-28 16:00:00+00:00,DOGE,0.1,0.1,0.1,0.1,0.0
2026-04-28 16:00:00+00:00,ETH,2279.6,2305.4,2273.9,2301.25,0.0
2026-04-28 16:00:00+00:00,SOL,83.46,84.02,83.31,83.88,0.0
2026-04-28 16:00:00+00:00,XRP,1.375,1.39,1.37,1.38,0.0
2026-04-28 20:01:00+00:00,BTC,76373.0,76481.0,76186.25,76324.5,0.0
2026-04-28 20:01:00+00:00,DOGE,0.1,0.1,0.1,0.1,0.0
2026-04-28 20:01:00+00:00,ETH,2301.9,2305.5,2283.7,2289.25,0.0
2026-04-28 20:01:00+00:00,SOL,83.91,87.33,82.81,84.06,0.0
2026-04-28 20:01:00+00:00,XRP,1.38,1.38,1.38,1.38,0.0
2026-04-29 00:00:00+00:00,BTC,76324.5,77406.0,76170.75,77040.75,0.0
2026-04-29 00:00:00+00:00,DOGE,0.1,0.11,0.1,0.1,0.0
2026-04-29 00:00:00+00:00,ETH,2289.25,2342.4,2280.0,2323.4,0.0
2026-04-29 00:00:00+00:00,SOL,84.06,87.38,83.79,84.69,0.0
2026-04-29 00:00:00+00:00,XRP,1.38,1.4,1.38,1.39,0.0
2026-04-29 08:00:00+00:00,BTC,77040.75,77903.25,75706.25,75889.25,0.0
2026-04-29 08:00:00+00:00,DOGE,0.1,0.115,0.1,0.105,0.0
2026-04-29 08:00:00+00:00,ETH,2323.4,2346.85,2262.55,2271.95,0.0
2026-04-29 08:00:00+00:00,SOL,84.69,88.07,83.0,83.23,0.0
2026-04-29 08:00:00+00:00,XRP,1.39,1.41,1.36,1.36,0.0
2026-04-29 16:00:00+00:00,BTC,75889.25,76202.0,74923.5,75531.5,0.0
2026-04-29 16:00:00+00:00,DOGE,0.105,0.105,0.1,0.1,0.0
2026-04-29 16:00:00+00:00,ETH,2271.95,2284.75,2219.3,2232.85,0.0
2026-04-29 16:00:00+00:00,SOL,83.23,83.64,81.34,82.16,0.0
2026-04-29 16:00:00+00:00,XRP,1.36,1.37,1.35,1.35,0.0
2026-04-29 20:01:00+00:00,BTC,75574.25,76057.5,75464.0,75751.0,0.0
2026-04-29 20:01:00+00:00,DOGE,0.1,0.105,0.1,0.1,0.0
2026-04-29 20:01:00+00:00,ETH,2235.9,2264.95,2229.3,2251.85,0.0
2026-04-29 20:01:00+00:00,SOL,82.25,83.2,82.17,83.02,0.0
2026-04-29 20:01:00+00:00,XRP,1.35,1.37,1.35,1.37,0.0
2026-04-30 00:00:00+00:00,BTC,75751.0,76443.75,75290.0,76127.25,0.0
2026-04-30 00:00:00+00:00,DOGE,0.1,0.115,0.1,0.11,0.0
2026-04-30 00:00:00+00:00,ETH,2251.85,2278.4,2230.55,2259.75,0.0
2026-04-30 00:00:00+00:00,SOL,83.02,83.98,82.12,83.3,0.0
2026-04-30 00:00:00+00:00,XRP,1.37,1.38,1.36,1.37,0.0
2026-04-30 08:00:00+00:00,BTC,76127.25,76644.25,75851.0,76444.5,0.0
2026-04-30 08:00:00+00:00,DOGE,0.11,0.11,0.105,0.11,0.0
2026-04-30 08:00:00+00:00,ETH,2259.75,2275.05,2246.0,2266.25,0.0
2026-04-30 08:00:00+00:00,SOL,83.3,83.82,82.65,83.31,0.0
2026-04-30 08:00:00+00:00,XRP,1.37,1.38,1.36,1.37,0.0
2026-04-30 16:00:00+00:00,BTC,76444.5,76492.75,76071.0,76380.25,0.0
2026-04-30 16:00:00+00:00,DOGE,0.11,0.11,0.105,0.11,0.0
2026-04-30 16:00:00+00:00,ETH,2266.25,2266.55,2250.2,2261.45,0.0
2026-04-30 16:00:00+00:00,SOL,83.31,83.41,82.83,83.0,0.0
2026-04-30 16:00:00+00:00,XRP,1.37,1.395,1.36,1.37,0.0
2026-04-30 20:01:00+00:00,BTC,76393.25,76533.25,76164.75,76299.25,0.0
2026-04-30 20:01:00+00:00,DOGE,0.11,0.11,0.105,0.11,0.0
2026-04-30 20:01:00+00:00,ETH,2260.95,2266.8,2251.35,2256.8,0.0
2026-04-30 20:01:00+00:00,SOL,82.98,83.16,82.75,83.05,0.0
2026-04-30 20:01:00+00:00,XRP,1.37,1.395,1.36,1.37,0.0
2026-05-01 00:00:00+00:00,BTC,76299.25,77385.0,76280.5,77105.25,0.0
2026-05-01 00:00:00+00:00,DOGE,0.11,0.115,0.105,0.11,0.0
2026-05-01 00:00:00+00:00,ETH,2256.8,2294.65,2256.35,2279.0,0.0
2026-05-01 00:00:00+00:00,SOL,83.05,84.35,83.03,83.94,0.0
2026-05-01 00:00:00+00:00,XRP,1.37,1.4,1.36,1.37,0.0
2026-05-01 08:00:00+00:00,BTC,77105.25,78939.25,77025.25,78442.0,0.0
2026-05-01 08:00:00+00:00,DOGE,0.11,0.115,0.105,0.11,0.0
2026-05-01 08:00:00+00:00,ETH,2279.0,2326.0,2276.7,2307.4,0.0
2026-05-01 08:00:00+00:00,SOL,83.94,84.85,83.69,84.43,0.0
2026-05-01 08:00:00+00:00,XRP,1.37,1.41,1.37,1.4,0.0
2026-05-01 16:00:00+00:00,BTC,78442.0,78686.5,78148.25,78370.0,0.0
2026-05-01 16:00:00+00:00,DOGE,0.11,0.115,0.105,0.11,0.0
2026-05-01 16:00:00+00:00,ETH,2307.4,2314.25,2297.5,2305.4,0.0
2026-05-01 16:00:00+00:00,SOL,84.43,84.61,83.76,83.88,0.0
2026-05-01 16:00:00+00:00,XRP,1.4,1.405,1.39,1.39,0.0
2026-05-03 07:00:00+00:00,BTC,78283.25,78410.0,78283.0,78355.75,0.0
2026-05-03 07:00:00+00:00,DOGE,0.11,0.11,0.11,0.11,0.0
2026-05-03 07:00:00+00:00,ETH,2304.1,2313.5,2303.95,2309.3,0.0
2026-05-03 07:00:00+00:00,SOL,83.73,83.96,83.73,83.86,0.0
2026-05-03 07:00:00+00:00,XRP,1.385,1.39,1.38,1.39,0.0
2026-05-03 08:00:00+00:00,BTC,78355.75,78867.75,78355.5,78656.5,0.0
2026-05-03 08:00:00+00:00,DOGE,0.11,0.11,0.11,0.11,0.0
2026-05-03 08:00:00+00:00,ETH,2309.3,2333.65,2307.15,2327.95,0.0
2026-05-03 08:00:00+00:00,SOL,83.86,84.44,83.72,84.15,0.0
2026-05-03 08:00:00+00:00,XRP,1.39,1.4,1.39,1.4,0.0
2026-05-03 16:00:00+00:00,BTC,78656.5,79400.0,78511.75,78559.0,0.0
2026-05-03 16:00:00+00:00,DOGE,0.11,0.11,0.11,0.11,0.0
2026-05-03 16:00:00+00:00,ETH,2327.95,2374.0,2307.5,2322.45,0.0
2026-05-03 16:00:00+00:00,SOL,84.15,84.94,83.77,83.9,0.0
2026-05-03 16:00:00+00:00,XRP,1.4,1.4,1.39,1.39,0.0
2026-05-04 00:00:00+00:00,BTC,78559.0,80610.75,78288.75,79685.0,0.0
2026-05-04 00:00:00+00:00,DOGE,0.11,0.115,0.11,0.11,0.0
2026-05-04 00:00:00+00:00,ETH,2322.45,2399.25,2308.8,2362.4,0.0
2026-05-04 00:00:00+00:00,SOL,83.9,85.89,83.07,84.86,0.0
2026-05-04 00:00:00+00:00,XRP,1.39,1.42,1.39,1.41,0.0
2026-05-04 08:00:00+00:00,BTC,79685.0,80552.25,78204.5,80028.25,0.0
2026-05-04 08:00:00+00:00,DOGE,0.11,0.115,0.11,0.11,0.0
2026-05-04 08:00:00+00:00,ETH,2362.4,2381.95,2313.65,2349.9,0.0
2026-05-04 08:00:00+00:00,SOL,84.86,85.65,83.25,84.47,0.0
2026-05-04 08:00:00+00:00,XRP,1.41,1.42,1.39,1.4,0.0
2026-05-04 16:00:00+00:00,BTC,80028.25,80768.0,79615.25,80043.25,0.0
2026-05-04 16:00:00+00:00,DOGE,0.11,0.115,0.11,0.11,0.0
2026-05-04 16:00:00+00:00,ETH,2349.9,2380.25,2336.2,2355.55,0.0
2026-05-04 16:00:00+00:00,SOL,84.47,85.18,83.26,84.44,0.0
2026-05-04 16:00:00+00:00,XRP,1.4,1.41,1.39,1.4,0.0
2026-05-04 20:01:00+00:00,BTC,79986.25,80381.5,79750.0,79844.75,0.0
2026-05-04 20:01:00+00:00,DOGE,0.11,0.11,0.11,0.11,0.0
2026-05-04 20:01:00+00:00,ETH,2353.75,2365.0,2344.25,2346.9,0.0
2026-05-04 20:01:00+00:00,SOL,84.33,84.54,84.0,84.09,0.0
2026-05-04 20:01:00+00:00,XRP,1.4,1.4,1.39,1.39,0.0
2026-05-05 00:00:00+00:00,BTC,79844.75,81321.25,79795.5,80859.75,0.0
2026-05-05 00:00:00+00:00,DOGE,0.11,0.115,0.11,0.11,0.0
2026-05-05 00:00:00+00:00,ETH,2346.9,2389.75,2344.7,2380.5,0.0
2026-05-05 00:00:00+00:00,SOL,84.09,85.29,84.02,84.86,0.0
2026-05-05 00:00:00+00:00,XRP,1.39,1.41,1.39,1.41,0.0
2026-05-05 08:00:00+00:00,BTC,80859.75,81700.5,80557.75,81550.25,0.0
2026-05-05 08:00:00+00:00,DOGE,0.11,0.11,0.11,0.11,0.0
2026-05-05 08:00:00+00:00,ETH,2380.5,2400.15,2366.65,2381.8,0.0
2026-05-05 08:00:00+00:00,SOL,84.86,86.1,84.42,85.52,0.0
2026-05-05 08:00:00+00:00,XRP,1.41,1.42,1.4,1.41,0.0
2026-05-05 16:00:00+00:00,BTC,81550.25,81638.75,81051.25,81611.5,0.0
2026-05-05 16:00:00+00:00,DOGE,0.11,0.115,0.11,0.11,0.0
2026-05-05 16:00:00+00:00,ETH,2381.8,2384.0,2350.4,2371.6,0.0
2026-05-05 16:00:00+00:00,SOL,85.52,86.57,85.07,86.5,0.0
2026-05-05 16:00:00+00:00,XRP,1.41,1.42,1.4,1.41,0.0
2026-05-05 20:01:00+00:00,BTC,81626.5,81753.0,80776.5,80912.25,0.0
2026-05-05 20:01:00+00:00,DOGE,0.11,0.12,0.11,0.11,0.0
2026-05-05 20:01:00+00:00,ETH,2371.45,2388.4,2354.7,2360.55,0.0
2026-05-05 20:01:00+00:00,SOL,86.58,86.98,86.15,86.27,0.0
2026-05-05 20:01:00+00:00,XRP,1.41,1.42,1.41,1.41,0.0
2026-05-06 00:00:00+00:00,BTC,80912.25,81739.75,80760.0,81354.75,0.0
2026-05-06 00:00:00+00:00,DOGE,0.11,0.12,0.11,0.12,0.0
2026-05-06 00:00:00+00:00,ETH,2360.55,2380.7,2354.6,2371.4,0.0
2026-05-06 00:00:00+00:00,SOL,86.27,87.89,86.09,87.69,0.0
2026-05-06 00:00:00+00:00,XRP,1.41,1.44,1.405,1.43,0.0
2026-05-06 08:00:00+00:00,BTC,81354.75,82807.5,81124.0,81697.5,0.0
2026-05-06 08:00:00+00:00,DOGE,0.12,0.12,0.11,0.11,0.0
2026-05-06 08:00:00+00:00,ETH,2371.4,2422.95,2345.45,2358.65,0.0
2026-05-06 08:00:00+00:00,SOL,87.69,90.63,87.44,88.97,0.0
2026-05-06 08:00:00+00:00,XRP,1.43,1.46,1.41,1.43,0.0
2026-05-06 16:00:00+00:00,BTC,81697.5,81834.75,81186.25,81457.75,0.0
2026-05-06 16:00:00+00:00,DOGE,0.11,0.115,0.11,0.11,0.0
2026-05-06 16:00:00+00:00,ETH,2358.65,2367.35,2337.55,2348.6,0.0
2026-05-06 16:00:00+00:00,SOL,88.97,89.5,88.48,89.25,0.0
2026-05-06 16:00:00+00:00,XRP,1.43,1.43,1.42,1.43,0.0
2026-05-06 20:01:00+00:00,BTC,81457.75,81676.25,80990.25,81440.25,0.0
2026-05-06 20:01:00+00:00,DOGE,0.11,0.115,0.11,0.11,0.0
2026-05-06 20:01:00+00:00,ETH,2348.55,2356.9,2338.75,2350.65,0.0
2026-05-06 20:01:00+00:00,SOL,89.25,89.62,88.65,89.16,0.0
2026-05-06 20:01:00+00:00,XRP,1.43,1.43,1.42,1.425,0.0
2026-05-07 00:00:00+00:00,BTC,81440.25,81714.5,80726.5,81518.5,0.0
2026-05-07 00:00:00+00:00,DOGE,0.11,0.115,0.11,0.11,0.0
2026-05-07 00:00:00+00:00,ETH,2350.65,2351.4,2313.45,2344.7,0.0
2026-05-07 00:00:00+00:00,SOL,89.16,90.43,87.65,90.16,0.0
2026-05-07 00:00:00+00:00,XRP,1.425,1.43,1.4,1.42,0.0
2026-05-07 08:00:00+00:00,BTC,81518.5,81587.25,79689.75,79874.75,0.0
2026-05-07 08:00:00+00:00,DOGE,0.11,0.115,0.11,0.11,0.0
2026-05-07 08:00:00+00:00,ETH,2344.7,2346.3,2287.25,2294.0,0.0
2026-05-07 08:00:00+00:00,SOL,90.16,90.27,87.8,88.34,0.0
2026-05-07 08:00:00+00:00,XRP,1.42,1.42,1.39,1.39,0.0
2026-05-07 16:00:00+00:00,BTC,79874.75,80259.5,79529.25,80135.75,0.0
2026-05-07 16:00:00+00:00,DOGE,0.11,0.115,0.11,0.11,0.0
2026-05-07 16:00:00+00:00,ETH,2294.0,2304.05,2279.5,2294.75,0.0
2026-05-07 16:00:00+00:00,SOL,88.34,89.05,87.94,88.44,0.0
2026-05-07 16:00:00+00:00,XRP,1.39,1.4,1.39,1.39,0.0
2026-05-07 20:01:00+00:00,BTC,80168.0,80359.75,79602.75,80008.75,0.0
2026-05-07 20:01:00+00:00,DOGE,0.11,0.115,0.11,0.11,0.0
2026-05-07 20:01:00+00:00,ETH,2294.95,2302.7,2281.0,2290.85,0.0
2026-05-07 20:01:00+00:00,SOL,88.44,88.85,87.64,88.41,0.0
2026-05-07 20:01:00+00:00,XRP,1.39,1.415,1.38,1.39,0.0
2026-05-08 00:00:00+00:00,BTC,80008.75,80116.75,79227.25,79668.0,0.0
2026-05-08 00:00:00+00:00,DOGE,0.11,0.11,0.11,0.11,0.0
2026-05-08 00:00:00+00:00,ETH,2290.85,2345.8,2265.35,2280.9,0.0
2026-05-08 00:00:00+00:00,SOL,88.41,89.81,87.51,88.21,0.0
2026-05-08 00:00:00+00:00,XRP,1.39,1.415,1.38,1.38,0.0
2026-05-08 08:00:00+00:00,BTC,79668.0,81694.25,79521.25,80126.75,0.0
2026-05-08 08:00:00+00:00,DOGE,0.11,0.11,0.11,0.11,0.0
2026-05-08 08:00:00+00:00,ETH,2280.9,2301.95,2272.85,2292.3,0.0
2026-05-08 08:00:00+00:00,SOL,88.21,90.59,87.05,89.58,0.0
2026-05-08 08:00:00+00:00,XRP,1.38,1.4,1.38,1.4,0.0
2026-05-08 16:00:00+00:00,BTC,80126.75,80295.0,79712.75,80110.25,0.0
2026-05-08 16:00:00+00:00,DOGE,0.11,0.11,0.11,0.11,0.0
2026-05-08 16:00:00+00:00,ETH,2292.3,2320.95,2286.2,2314.3,0.0
2026-05-08 16:00:00+00:00,SOL,89.58,92.81,89.31,92.59,0.0
2026-05-08 16:00:00+00:00,XRP,1.4,1.43,1.39,1.42,0.0
2026-05-10 07:00:00+00:00,BTC,80717.25,80765.0,80717.0,80721.25,0.0
2026-05-10 07:00:00+00:00,DOGE,0.11,0.11,0.11,0.11,0.0
2026-05-10 07:00:00+00:00,ETH,2328.1,2330.0,2328.1,2328.1,0.0
2026-05-10 07:00:00+00:00,SOL,93.4,93.63,93.36,93.44,0.0
2026-05-10 07:00:00+00:00,XRP,1.42,1.42,1.42,1.42,0.0
2026-05-10 08:00:00+00:00,BTC,80721.25,81423.5,80710.0,81408.5,0.0
2026-05-10 08:00:00+00:00,DOGE,0.11,0.115,0.11,0.11,0.0
2026-05-10 08:00:00+00:00,ETH,2328.1,2350.0,2320.05,2347.55,0.0
2026-05-10 08:00:00+00:00,SOL,93.44,94.79,92.92,94.52,0.0
2026-05-10 08:00:00+00:00,XRP,1.42,1.44,1.42,1.44,0.0
2026-05-10 16:00:00+00:00,BTC,81408.5,82473.5,80273.75,82197.75,0.0
2026-05-10 16:00:00+00:00,DOGE,0.11,0.115,0.11,0.11,0.0
2026-05-10 16:00:00+00:00,ETH,2347.55,2382.2,2311.65,2369.35,0.0
2026-05-10 16:00:00+00:00,SOL,94.52,96.89,93.41,96.44,0.0
2026-05-10 16:00:00+00:00,XRP,1.44,1.51,1.44,1.47,0.0
2026-05-11 00:00:00+00:00,BTC,82197.75,82365.25,80509.0,80718.25,0.0
2026-05-11 00:00:00+00:00,DOGE,0.11,0.115,0.105,0.11,0.0
2026-05-11 00:00:00+00:00,ETH,2369.35,2372.7,2321.3,2330.15,0.0
2026-05-11 00:00:00+00:00,SOL,96.44,96.66,94.42,95.33,0.0
2026-05-11 00:00:00+00:00,XRP,1.47,1.48,1.44,1.45,0.0
2026-05-11 08:00:00+00:00,BTC,80718.25,81429.25,80426.0,81424.75,0.0
2026-05-11 08:00:00+00:00,DOGE,0.11,0.115,0.105,0.11,0.0
2026-05-11 08:00:00+00:00,ETH,2330.15,2339.4,2302.65,2332.8,0.0
2026-05-11 08:00:00+00:00,SOL,95.33,96.79,94.29,96.78,0.0
2026-05-11 08:00:00+00:00,XRP,1.45,1.49,1.44,1.48,0.0
2026-05-11 16:00:00+00:00,BTC,81424.75,82120.5,81346.0,81947.25,0.0
2026-05-11 16:00:00+00:00,DOGE,0.11,0.11,0.11,0.11,0.0
2026-05-11 16:00:00+00:00,ETH,2332.8,2343.6,2323.35,2339.6,0.0
2026-05-11 16:00:00+00:00,SOL,96.78,98.75,96.46,98.18,0.0
2026-05-11 16:00:00+00:00,XRP,1.48,1.49,1.47,1.48,0.0
2026-05-11 20:01:00+00:00,BTC,82003.75,82066.5,81578.75,81726.75,0.0
2026-05-11 20:01:00+00:00,DOGE,0.11,0.115,0.11,0.11,0.0
2026-05-11 20:01:00+00:00,ETH,2341.2,2345.4,2335.3,2339.4,0.0
2026-05-11 20:01:00+00:00,SOL,98.3,98.37,97.09,97.34,0.0
2026-05-11 20:01:00+00:00,XRP,1.48,1.48,1.47,1.48,0.0
2026-05-12 00:00:00+00:00,BTC,81726.75,81739.25,80687.0,80835.25,0.0
2026-05-12 00:00:00+00:00,DOGE,0.11,0.115,0.105,0.11,0.0
2026-05-12 00:00:00+00:00,ETH,2339.4,2339.4,2292.75,2294.85,0.0
2026-05-12 00:00:00+00:00,SOL,97.34,97.69,95.52,96.03,0.0
2026-05-12 00:00:00+00:00,XRP,1.48,1.48,1.45,1.46,0.0
2026-05-12 08:00:00+00:00,BTC,80835.25,80980.5,80147.0,80309.75,0.0
2026-05-12 08:00:00+00:00,DOGE,0.11,0.11,0.105,0.11,0.0
2026-05-12 08:00:00+00:00,ETH,2294.85,2294.85,2255.95,2261.7,0.0
2026-05-12 08:00:00+00:00,SOL,96.03,97.4,93.58,93.81,0.0
2026-05-12 08:00:00+00:00,XRP,1.46,1.47,1.42,1.42,0.0
2026-05-12 16:00:00+00:00,BTC,80309.75,80821.75,79808.25,80812.75,0.0
2026-05-12 16:00:00+00:00,DOGE,0.11,0.115,0.105,0.11,0.0
2026-05-12 16:00:00+00:00,ETH,2261.7,2286.6,2257.45,2284.65,0.0
2026-05-12 16:00:00+00:00,SOL,93.81,94.97,93.33,94.88,0.0
2026-05-12 16:00:00+00:00,XRP,1.42,1.44,1.415,1.44,0.0
2026-05-12 20:01:00+00:00,BTC,80826.25,80869.0,80444.0,80488.5,0.0
2026-05-12 20:01:00+00:00,DOGE,0.11,0.115,0.105,0.11,0.0
2026-05-12 20:01:00+00:00,ETH,2285.15,2290.05,2275.0,2275.0,0.0
2026-05-12 20:01:00+00:00,SOL,94.88,95.01,94.21,94.28,0.0
2026-05-12 20:01:00+00:00,XRP,1.44,1.44,1.43,1.44,0.0
2026-05-13 00:00:00+00:00,BTC,80488.5,81277.25,80440.25,80997.0,0.0
2026-05-13 00:00:00+00:00,DOGE,0.11,0.115,0.11,0.11,0.0
2026-05-13 00:00:00+00:00,ETH,2275.0,2308.35,2275.0,2300.45,0.0
2026-05-13 00:00:00+00:00,SOL,94.28,95.96,94.01,95.12,0.0
2026-05-13 00:00:00+00:00,XRP,1.44,1.46,1.43,1.46,0.0
2026-05-13 08:00:00+00:00,BTC,80997.0,81288.0,78769.25,78785.0,0.0
2026-05-13 08:00:00+00:00,DOGE,0.11,0.115,0.105,0.11,0.0
2026-05-13 08:00:00+00:00,ETH,2300.45,2322.8,2233.2,2235.4,0.0
2026-05-13 08:00:00+00:00,SOL,95.12,95.86,90.22,90.38,0.0
2026-05-13 08:00:00+00:00,XRP,1.46,1.47,1.41,1.41,0.0
2026-05-13 16:00:00+00:00,BTC,78785.0,79768.0,78708.5,79611.25,0.0
2026-05-13 16:00:00+00:00,DOGE,0.11,0.115,0.105,0.11,0.0
2026-05-13 16:00:00+00:00,ETH,2235.4,2267.45,2234.35,2255.45,0.0
2026-05-13 16:00:00+00:00,SOL,90.38,91.39,90.36,90.93,0.0
2026-05-13 16:00:00+00:00,XRP,1.41,1.43,1.41,1.42,0.0
2026-05-13 20:01:00+00:00,BTC,79654.5,79729.75,79191.0,79283.25,0.0
2026-05-13 20:01:00+00:00,DOGE,0.11,0.115,0.105,0.11,0.0
2026-05-13 20:01:00+00:00,ETH,2256.7,2263.6,2250.0,2257.9,0.0
2026-05-13 20:01:00+00:00,SOL,90.98,91.31,90.61,91.13,0.0
2026-05-13 20:01:00+00:00,XRP,1.42,1.43,1.415,1.43,0.0
2026-05-14 00:00:00+00:00,BTC,79283.25,79962.75,78919.25,79704.5,0.0
2026-05-14 00:00:00+00:00,DOGE,0.11,0.12,0.105,0.11,0.0
2026-05-14 00:00:00+00:00,ETH,2257.9,2274.4,2238.75,2265.25,0.0
2026-05-14 00:00:00+00:00,SOL,91.13,91.62,89.8,90.86,0.0
2026-05-14 00:00:00+00:00,XRP,1.43,1.445,1.42,1.43,0.0
2026-05-14 08:00:00+00:00,BTC,79704.5,81332.0,79200.25,81304.75,0.0
2026-05-14 08:00:00+00:00,DOGE,0.11,0.12,0.105,0.11,0.0
2026-05-14 08:00:00+00:00,ETH,2265.25,2299.2,2245.55,2298.15,0.0
2026-05-14 08:00:00+00:00,SOL,90.86,93.23,90.49,93.15,0.0
2026-05-14 08:00:00+00:00,XRP,1.43,1.47,1.43,1.47,0.0
2026-05-14 16:00:00+00:00,BTC,81304.75,82058.25,81083.0,81438.75,0.0
2026-05-14 16:00:00+00:00,DOGE,0.11,0.12,0.11,0.12,0.0
2026-05-14 16:00:00+00:00,ETH,2298.15,2319.0,2294.0,2299.45,0.0
2026-05-14 16:00:00+00:00,SOL,93.15,93.66,92.29,92.88,0.0
2026-05-14 16:00:00+00:00,XRP,1.47,1.55,1.47,1.52,0.0
2026-05-14 20:01:00+00:00,BTC,81464.25,82343.25,81035.75,81078.75,0.0
2026-05-14 20:01:00+00:00,DOGE,0.12,0.12,0.12,0.12,0.0
2026-05-14 20:01:00+00:00,ETH,2297.9,2301.0,2280.45,2283.25,0.0
2026-05-14 20:01:00+00:00,SOL,92.91,92.98,92.11,92.15,0.0
2026-05-14 20:01:00+00:00,XRP,1.515,1.52,1.48,1.49,0.0
2026-05-15 00:00:00+00:00,BTC,81078.75,81654.5,80317.75,80818.25,0.0
2026-05-15 00:00:00+00:00,DOGE,0.12,0.12,0.11,0.11,0.0
2026-05-15 00:00:00+00:00,ETH,2283.25,2298.4,2238.75,2264.65,0.0
2026-05-15 00:00:00+00:00,SOL,92.15,92.65,90.25,91.58,0.0
2026-05-15 00:00:00+00:00,XRP,1.49,1.5,1.45,1.47,0.0
2026-05-15 08:00:00+00:00,BTC,80818.25,80824.5,78625.0,79127.0,0.0
2026-05-15 08:00:00+00:00,DOGE,0.11,0.12,0.11,0.11,0.0
2026-05-15 08:00:00+00:00,ETH,2264.65,2265.1,2204.55,2221.55,0.0
2026-05-15 08:00:00+00:00,SOL,91.58,95.28,88.46,89.0,0.0
2026-05-15 08:00:00+00:00,XRP,1.47,1.48,1.43,1.43,0.0
2026-05-15 16:00:00+00:00,BTC,79127.0,79526.75,79031.0,79100.75,0.0
2026-05-15 16:00:00+00:00,DOGE,0.11,0.115,0.11,0.11,0.0
2026-05-15 16:00:00+00:00,ETH,2221.55,2232.25,2219.65,2223.4,0.0
2026-05-15 16:00:00+00:00,SOL,89.0,90.06,88.76,89.38,0.0
2026-05-15 16:00:00+00:00,XRP,1.43,1.505,1.43,1.43,0.0
2026-05-17 07:00:00+00:00,BTC,78074.75,78181.0,78029.25,78146.0,0.0
2026-05-17 07:00:00+00:00,DOGE,0.11,0.11,0.11,0.11,0.0
2026-05-17 07:00:00+00:00,ETH,2183.95,2185.6,2181.85,2185.45,0.0
2026-05-17 07:00:00+00:00,SOL,86.81,87.07,86.73,86.94,0.0
2026-05-17 07:00:00+00:00,XRP,1.42,1.42,1.42,1.42,0.0
2026-05-17 08:00:00+00:00,BTC,78146.0,78558.25,77815.25,78016.5,0.0
2026-05-17 08:00:00+00:00,DOGE,0.11,0.115,0.11,0.11,0.0
2026-05-17 08:00:00+00:00,ETH,2185.45,2197.3,2178.5,2185.35,0.0
2026-05-17 08:00:00+00:00,SOL,86.94,90.26,85.9,86.43,0.0
2026-05-17 08:00:00+00:00,XRP,1.42,1.43,1.41,1.41,0.0
2026-05-17 16:00:00+00:00,BTC,78016.5,78439.5,76678.0,77406.75,0.0
2026-05-17 16:00:00+00:00,DOGE,0.11,0.115,0.105,0.11,0.0
2026-05-17 16:00:00+00:00,ETH,2185.35,2193.85,2090.15,2129.8,0.0
2026-05-17 16:00:00+00:00,SOL,86.43,86.94,83.41,85.19,0.0
2026-05-17 16:00:00+00:00,XRP,1.41,1.43,1.37,1.4,0.0
2026-05-18 00:00:00+00:00,BTC,77406.75,77431.25,76575.25,77018.75,0.0
2026-05-18 00:00:00+00:00,DOGE,0.11,0.12,0.1,0.1,0.0
2026-05-18 00:00:00+00:00,ETH,2129.8,2131.2,2104.65,2119.5,0.0
2026-05-18 00:00:00+00:00,SOL,85.19,85.43,84.24,84.69,0.0
2026-05-18 00:00:00+00:00,XRP,1.4,1.4,1.38,1.39,0.0
2026-05-18 08:00:00+00:00,BTC,77018.75,77764.75,76014.5,76343.75,0.0
2026-05-18 08:00:00+00:00,DOGE,0.1,0.12,0.1,0.1,0.0
2026-05-18 08:00:00+00:00,ETH,2119.5,2156.4,2092.85,2106.0,0.0
2026-05-18 08:00:00+00:00,SOL,84.69,85.76,83.55,84.15,0.0
2026-05-18 08:00:00+00:00,XRP,1.39,1.4,1.37,1.38,0.0
2026-05-18 16:00:00+00:00,BTC,76343.75,76876.5,76087.25,76856.75,0.0
2026-05-18 16:00:00+00:00,DOGE,0.1,0.11,0.1,0.1,0.0
2026-05-18 16:00:00+00:00,ETH,2106.0,2127.3,2076.6,2123.05,0.0
2026-05-18 16:00:00+00:00,SOL,84.15,85.16,83.44,84.94,0.0
2026-05-18 16:00:00+00:00,XRP,1.38,1.39,1.36,1.39,0.0
2026-05-18 20:01:00+00:00,BTC,76932.5,77169.5,76740.75,76949.25,0.0
2026-05-18 20:01:00+00:00,DOGE,0.1,0.115,0.1,0.1,0.0
2026-05-18 20:01:00+00:00,ETH,2126.3,2140.0,2112.7,2128.45,0.0
2026-05-18 20:01:00+00:00,SOL,85.09,85.72,84.72,85.31,0.0
2026-05-18 20:01:00+00:00,XRP,1.39,1.395,1.38,1.39,0.0
2026-05-19 00:00:00+00:00,BTC,76949.25,77335.25,76430.0,77174.75,0.0
2026-05-19 00:00:00+00:00,DOGE,0.1,0.11,0.1,0.11,0.0
2026-05-19 00:00:00+00:00,ETH,2128.45,2145.3,2117.7,2139.35,0.0
2026-05-19 00:00:00+00:00,SOL,85.31,85.9,84.4,85.44,0.0
2026-05-19 00:00:00+00:00,XRP,1.39,1.4,1.38,1.39,0.0
2026-05-19 08:00:00+00:00,BTC,77174.75,77250.0,76117.5,76447.0,0.0
2026-05-19 08:00:00+00:00,DOGE,0.11,0.11,0.1,0.1,0.0
2026-05-19 08:00:00+00:00,ETH,2139.35,2139.8,2094.35,2107.05,0.0
2026-05-19 08:00:00+00:00,SOL,85.44,85.53,83.62,84.28,0.0
2026-05-19 08:00:00+00:00,XRP,1.39,1.39,1.36,1.37,0.0
2026-05-19 16:00:00+00:00,BTC,76447.0,77000.75,76347.25,76756.25,0.0
2026-05-19 16:00:00+00:00,DOGE,0.1,0.105,0.1,0.1,0.0
2026-05-19 16:00:00+00:00,ETH,2107.05,2123.55,2106.15,2110.75,0.0
2026-05-19 16:00:00+00:00,SOL,84.28,84.96,84.07,84.28,0.0
2026-05-19 16:00:00+00:00,XRP,1.37,1.37,1.355,1.36,0.0
2026-05-19 20:01:00+00:00,BTC,76767.25,76976.25,76575.5,76797.75,0.0
2026-05-19 20:01:00+00:00,DOGE,0.1,0.11,0.1,0.1,0.0
2026-05-19 20:01:00+00:00,ETH,2110.7,2118.75,2101.45,2110.1,0.0
2026-05-19 20:01:00+00:00,SOL,84.25,84.58,83.93,84.22,0.0
2026-05-19 20:01:00+00:00,XRP,1.36,1.36,1.35,1.36,0.0
2026-05-20 00:00:00+00:00,BTC,76797.75,77390.25,76442.5,77194.5,0.0
2026-05-20 00:00:00+00:00,DOGE,0.1,0.11,0.1,0.1,0.0
2026-05-20 00:00:00+00:00,ETH,2110.1,2134.3,2101.45,2127.55,0.0
2026-05-20 00:00:00+00:00,SOL,84.22,85.05,83.77,84.66,0.0
2026-05-20 00:00:00+00:00,XRP,1.36,1.37,1.35,1.37,0.0
2026-05-20 08:00:00+00:00,BTC,77194.5,77782.75,76809.75,77373.0,0.0
2026-05-20 08:00:00+00:00,DOGE,0.1,0.11,0.1,0.1,0.0
2026-05-20 08:00:00+00:00,ETH,2127.55,2147.35,2111.85,2134.7,0.0
2026-05-20 08:00:00+00:00,SOL,84.66,86.55,84.1,85.84,0.0
2026-05-20 08:00:00+00:00,XRP,1.37,1.385,1.36,1.37,0.0
2026-05-20 16:00:00+00:00,BTC,77373.0,77643.0,76930.25,77595.75,0.0
2026-05-20 16:00:00+00:00,DOGE,0.1,0.11,0.1,0.1,0.0
2026-05-20 16:00:00+00:00,ETH,2134.7,2147.0,2122.7,2136.9,0.0
2026-05-20 16:00:00+00:00,SOL,85.84,87.0,84.66,86.08,0.0
2026-05-20 16:00:00+00:00,XRP,1.37,1.38,1.36,1.37,0.0
2026-05-20 20:01:00+00:00,BTC,77594.5,77690.75,77142.25,77470.0,0.0
2026-05-20 20:01:00+00:00,DOGE,0.1,0.1,0.1,0.1,0.0
2026-05-20 20:01:00+00:00,ETH,2135.0,2138.3,2116.25,2127.3,0.0
2026-05-20 20:01:00+00:00,SOL,85.96,86.25,85.46,86.08,0.0
2026-05-20 20:01:00+00:00,XRP,1.37,1.37,1.36,1.37,0.0
2026-05-21 00:00:00+00:00,BTC,77470.0,78099.0,77446.75,77776.0,0.0
2026-05-21 00:00:00+00:00,DOGE,0.1,0.115,0.1,0.11,0.0
2026-05-21 00:00:00+00:00,ETH,2127.3,2155.25,2122.9,2133.1,0.0
2026-05-21 00:00:00+00:00,SOL,86.08,89.97,85.58,86.55,0.0
2026-05-21 00:00:00+00:00,XRP,1.37,1.38,1.365,1.37,0.0
2026-05-21 08:00:00+00:00,BTC,77776.0,78099.0,76632.25,77177.75,0.0
2026-05-21 08:00:00+00:00,DOGE,0.11,0.115,0.1,0.1,0.0
2026-05-21 08:00:00+00:00,ETH,2133.1,2146.3,2102.75,2130.45,0.0
2026-05-21 08:00:00+00:00,SOL,86.55,87.12,85.24,86.37,0.0
2026-05-21 08:00:00+00:00,XRP,1.37,1.38,1.35,1.36,0.0
2026-05-21 16:00:00+00:00,BTC,77177.75,78015.25,76915.0,77647.5,0.0
2026-05-21 16:00:00+00:00,DOGE,0.1,0.115,0.1,0.11,0.0
2026-05-21 16:00:00+00:00,ETH,2130.45,2151.5,2119.5,2140.7,0.0
2026-05-21 16:00:00+00:00,SOL,86.37,89.72,85.94,87.75,0.0
2026-05-21 16:00:00+00:00,XRP,1.36,1.385,1.36,1.38,0.0
2026-05-21 20:01:00+00:00,BTC,77659.0,77735.25,77476.0,77546.5,0.0
2026-05-21 20:01:00+00:00,DOGE,0.11,0.12,0.11,0.11,0.0
2026-05-21 20:01:00+00:00,ETH,2141.15,2141.45,2125.15,2131.8,0.0
2026-05-21 20:01:00+00:00,SOL,87.8,87.84,86.91,87.25,0.0
2026-05-21 20:01:00+00:00,XRP,1.38,1.38,1.37,1.37,0.0
2026-05-22 00:00:00+00:00,BTC,77546.5,77826.75,77193.5,77323.25,0.0
2026-05-22 00:00:00+00:00,DOGE,0.11,0.115,0.1,0.11,0.0
2026-05-22 00:00:00+00:00,ETH,2131.8,2139.0,2119.5,2126.3,0.0
2026-05-22 00:00:00+00:00,SOL,87.25,87.3,86.42,86.88,0.0
2026-05-22 00:00:00+00:00,XRP,1.37,1.375,1.36,1.36,0.0
2026-05-22 08:00:00+00:00,BTC,77323.25,77494.5,76515.5,76699.75,0.0
2026-05-22 08:00:00+00:00,DOGE,0.11,0.13,0.105,0.11,0.0
2026-05-22 08:00:00+00:00,ETH,2126.3,2135.9,2111.0,2117.05,0.0
2026-05-22 08:00:00+00:00,SOL,86.88,87.77,86.23,86.66,0.0
2026-05-22 08:00:00+00:00,XRP,1.36,1.37,1.35,1.35,0.0
2026-05-22 16:00:00+00:00,BTC,76699.75,77010.5,75580.0,75764.0,0.0
2026-05-22 16:00:00+00:00,DOGE,0.11,0.13,0.1,0.1,0.0
2026-05-22 16:00:00+00:00,ETH,2117.05,2127.4,2055.35,2062.9,0.0
2026-05-22 16:00:00+00:00,SOL,86.66,87.09,83.95,84.44,0.0
2026-05-22 16:00:00+00:00,XRP,1.35,1.36,1.33,1.34,0.0
2026-05-24 07:00:00+00:00,BTC,76889.0,76926.5,76711.0,76711.25,0.0
2026-05-24 07:00:00+00:00,DOGE,0.1,0.1,0.1,0.1,0.0
2026-05-24 07:00:00+00:00,ETH,2125.45,2126.15,2116.75,2118.1,0.0
2026-05-24 07:00:00+00:00,SOL,86.34,86.57,85.92,85.97,0.0
2026-05-24 07:00:00+00:00,XRP,1.36,1.36,1.36,1.36,0.0
2026-05-24 08:00:00+00:00,BTC,76711.25,77406.25,76111.25,76272.25,0.0
2026-05-24 08:00:00+00:00,DOGE,0.1,0.105,0.1,0.1,0.0
2026-05-24 08:00:00+00:00,ETH,2118.1,2129.6,2076.95,2093.25,0.0
2026-05-24 08:00:00+00:00,SOL,85.97,87.61,84.38,85.21,0.0
2026-05-24 08:00:00+00:00,XRP,1.36,1.37,1.34,1.35,0.0
2026-05-24 16:00:00+00:00,BTC,76272.25,77134.25,76006.25,76972.25,0.0
2026-05-24 16:00:00+00:00,DOGE,0.1,0.105,0.1,0.1,0.0
2026-05-24 16:00:00+00:00,ETH,2093.25,2106.45,2059.8,2097.75,0.0
2026-05-24 16:00:00+00:00,SOL,85.21,85.72,83.58,85.16,0.0
2026-05-24 16:00:00+00:00,XRP,1.35,1.35,1.33,1.35,0.0
2026-05-25 00:00:00+00:00,BTC,76972.25,77548.75,76872.25,77314.75,0.0
2026-05-25 00:00:00+00:00,DOGE,0.1,0.105,0.1,0.1,0.0
2026-05-25 00:00:00+00:00,ETH,2097.75,2115.1,2090.55,2114.0,0.0
2026-05-25 00:00:00+00:00,SOL,85.16,86.07,84.68,85.87,0.0
2026-05-25 00:00:00+00:00,XRP,1.35,1.36,1.34,1.36,0.0
2026-05-25 08:00:00+00:00,BTC,77314.75,77832.25,77201.5,77558.25,0.0
2026-05-25 08:00:00+00:00,DOGE,0.1,0.1,0.1,0.1,0.0
2026-05-25 08:00:00+00:00,ETH,2114.0,2136.35,2109.25,2125.0,0.0
2026-05-25 08:00:00+00:00,SOL,85.87,86.45,85.56,86.16,0.0
2026-05-25 08:00:00+00:00,XRP,1.36,1.36,1.35,1.36,0.0
2026-05-25 16:00:00+00:00,BTC,77558.25,77725.75,77279.5,77376.5,0.0
2026-05-25 16:00:00+00:00,DOGE,0.1,0.1,0.1,0.1,0.0
2026-05-25 16:00:00+00:00,ETH,2125.0,2140.0,2114.7,2119.05,0.0
2026-05-25 16:00:00+00:00,SOL,86.16,86.36,85.46,85.56,0.0
2026-05-25 16:00:00+00:00,XRP,1.36,1.36,1.35,1.36,0.0
2026-05-25 20:01:00+00:00,BTC,77364.25,77434.5,76968.25,77252.5,0.0
2026-05-25 20:01:00+00:00,DOGE,0.1,0.105,0.1,0.1,0.0
2026-05-25 20:01:00+00:00,ETH,2119.05,2120.6,2100.7,2110.8,0.0
2026-05-25 20:01:00+00:00,SOL,85.59,85.8,84.62,84.97,0.0
2026-05-25 20:01:00+00:00,XRP,1.36,1.36,1.35,1.35,0.0
2026-05-26 00:00:00+00:00,BTC,77252.5,77261.5,76392.75,76632.25,0.0
2026-05-26 00:00:00+00:00,DOGE,0.1,0.1,0.1,0.1,0.0
2026-05-26 00:00:00+00:00,ETH,2110.8,2111.85,2082.55,2092.65,0.0
2026-05-26 00:00:00+00:00,SOL,84.97,85.02,83.76,84.25,0.0
2026-05-26 00:00:00+00:00,XRP,1.35,1.35,1.33,1.34,0.0
2026-05-26 08:00:00+00:00,BTC,76632.25,78003.5,76200.0,76397.5,0.0
2026-05-26 08:00:00+00:00,DOGE,0.1,0.1,0.1,0.1,0.0
2026-05-26 08:00:00+00:00,ETH,2092.65,2138.5,2075.7,2084.6,0.0
2026-05-26 08:00:00+00:00,SOL,84.25,86.27,83.92,84.38,0.0
2026-05-26 08:00:00+00:00,XRP,1.34,1.37,1.34,1.34,0.0
2026-05-26 16:00:00+00:00,BTC,76397.5,76600.5,75693.5,75928.75,0.0
2026-05-26 16:00:00+00:00,DOGE,0.1,0.1,0.1,0.1,0.0
2026-05-26 16:00:00+00:00,ETH,2084.6,2087.35,2055.1,2070.95,0.0
2026-05-26 16:00:00+00:00,SOL,84.38,84.47,83.04,83.63,0.0
2026-05-26 16:00:00+00:00,XRP,1.34,1.34,1.33,1.33,0.0
2026-05-26 20:01:00+00:00,BTC,75928.75,76067.0,75561.5,75821.25,0.0
2026-05-26 20:01:00+00:00,DOGE,0.1,0.1,0.1,0.1,0.0
2026-05-26 20:01:00+00:00,ETH,2071.45,2075.85,2062.95,2070.9,0.0
2026-05-26 20:01:00+00:00,SOL,83.63,83.85,83.41,83.59,0.0
2026-05-26 20:01:00+00:00,XRP,1.33,1.33,1.33,1.33,0.0
2026-05-27 00:00:00+00:00,BTC,75821.25,75996.0,75189.5,75808.0,0.0
2026-05-27 00:00:00+00:00,DOGE,0.1,0.1,0.1,0.1,0.0
2026-05-27 00:00:00+00:00,ETH,2070.9,2081.25,2053.35,2080.4,0.0
2026-05-27 00:00:00+00:00,SOL,83.59,84.08,82.74,84.08,0.0
2026-05-27 00:00:00+00:00,XRP,1.33,1.34,1.32,1.33,0.0
2026-05-27 08:00:00+00:00,BTC,75808.0,76037.75,74671.75,75180.75,0.0
2026-05-27 08:00:00+00:00,DOGE,0.1,0.1,0.1,0.1,0.0
2026-05-27 08:00:00+00:00,ETH,2080.4,2094.05,2049.75,2067.85,0.0
2026-05-27 08:00:00+00:00,SOL,84.08,84.69,82.84,84.28,0.0
2026-05-27 08:00:00+00:00,XRP,1.33,1.34,1.32,1.33,0.0
2026-05-27 16:00:00+00:00,BTC,75180.75,75265.75,74550.0,74905.0,0.0
2026-05-27 16:00:00+00:00,DOGE,0.1,0.1,0.1,0.1,0.0
2026-05-27 16:00:00+00:00,ETH,2067.85,2070.5,2039.7,2053.6,0.0
2026-05-27 16:00:00+00:00,SOL,84.28,84.59,83.02,83.77,0.0
2026-05-27 16:00:00+00:00,XRP,1.33,1.34,1.32,1.33,0.0
2026-05-27 20:01:00+00:00,BTC,74905.0,75279.25,74128.0,74320.25,0.0
2026-05-27 20:01:00+00:00,DOGE,0.1,0.1,0.1,0.1,0.0
2026-05-27 20:01:00+00:00,ETH,2054.2,2061.95,2012.75,2021.65,0.0
2026-05-27 20:01:00+00:00,SOL,83.77,83.98,82.0,82.3,0.0
2026-05-27 20:01:00+00:00,XRP,1.33,1.33,1.3,1.31,0.0
2026-05-28 00:00:00+00:00,BTC,74320.25,74397.0,72628.0,73356.0,0.0
2026-05-28 00:00:00+00:00,DOGE,0.1,0.1,0.095,0.1,0.0
2026-05-28 00:00:00+00:00,ETH,2021.65,2025.9,1959.1,1991.75,0.0
2026-05-28 00:00:00+00:00,SOL,82.3,83.71,80.0,81.12,0.0
2026-05-28 00:00:00+00:00,XRP,1.31,1.325,1.27,1.29,0.0
2026-05-28 08:00:00+00:00,BTC,73356.0,73495.75,72453.5,72786.75,0.0
2026-05-28 08:00:00+00:00,DOGE,0.1,0.1,0.095,0.1,0.0
2026-05-28 08:00:00+00:00,ETH,1991.75,1998.8,1964.25,1987.1,0.0
2026-05-28 08:00:00+00:00,SOL,81.12,81.51,79.87,81.0,0.0
2026-05-28 08:00:00+00:00,XRP,1.29,1.31,1.28,1.31,0.0
2026-05-28 16:00:00+00:00,BTC,72786.75,73638.75,72596.0,73314.25,0.0
2026-05-28 16:00:00+00:00,DOGE,0.1,0.1,0.1,0.1,0.0
2026-05-28 16:00:00+00:00,ETH,1987.1,2027.1,1981.4,2011.6,0.0
2026-05-28 16:00:00+00:00,SOL,81.0,82.89,80.78,82.08,0.0
2026-05-28 16:00:00+00:00,XRP,1.31,1.34,1.3,1.31,0.0
2026-05-28 20:01:00+00:00,BTC,73328.75,73868.75,73132.5,73515.25,0.0
2026-05-28 20:01:00+00:00,DOGE,0.1,0.1,0.1,0.1,0.0
2026-05-28 20:01:00+00:00,ETH,2012.05,2026.05,2002.5,2006.75,0.0
2026-05-28 20:01:00+00:00,SOL,82.09,82.69,80.96,82.0,0.0
2026-05-28 20:01:00+00:00,XRP,1.31,1.33,1.31,1.31,0.0
2026-05-29 00:00:00+00:00,BTC,73515.25,73829.0,73084.0,73407.25,0.0
2026-05-29 00:00:00+00:00,DOGE,0.1,0.1,0.1,0.1,0.0
2026-05-29 00:00:00+00:00,ETH,2006.75,2018.3,1995.0,2004.4,0.0
2026-05-29 00:00:00+00:00,SOL,82.0,82.38,81.26,82.12,0.0
2026-05-29 00:00:00+00:00,XRP,1.31,1.32,1.3,1.31,0.0
2026-05-29 08:00:00+00:00,BTC,73407.25,74097.0,72404.0,73696.75,0.0
2026-05-29 08:00:00+00:00,DOGE,0.1,0.1,0.095,0.1,0.0
2026-05-29 08:00:00+00:00,ETH,2004.4,2043.2,1974.0,2028.3,0.0
2026-05-29 08:00:00+00:00,SOL,82.12,83.11,80.24,82.44,0.0
2026-05-29 08:00:00+00:00,XRP,1.31,1.33,1.29,1.32,0.0
2026-05-29 16:00:00+00:00,BTC,73696.75,74218.25,73094.5,73412.25,0.0
2026-05-29 16:00:00+00:00,DOGE,0.1,0.1,0.095,0.1,0.0
2026-05-29 16:00:00+00:00,ETH,2028.3,2041.6,2002.15,2014.1,0.0
2026-05-29 16:00:00+00:00,SOL,82.44,83.1,81.47,81.94,0.0
2026-05-29 16:00:00+00:00,XRP,1.32,1.33,1.31,1.32,0.0
2026-05-31 07:00:00+00:00,BTC,73948.0,73948.25,73725.25,73760.75,0.0
2026-05-31 07:00:00+00:00,DOGE,0.1,0.1,0.095,0.1,0.0
2026-05-31 07:00:00+00:00,ETH,2026.85,2027.15,2020.05,2021.0,0.0
2026-05-31 07:00:00+00:00,SOL,82.84,82.84,82.39,82.55,0.0
2026-05-31 07:00:00+00:00,XRP,1.34,1.34,1.33,1.33,0.0
2026-05-31 08:00:00+00:00,BTC,73760.75,73997.5,73101.5,73542.5,0.0
2026-05-31 08:00:00+00:00,DOGE,0.1,0.1,0.095,0.1,0.0
2026-05-31 08:00:00+00:00,ETH,2021.0,2026.1,2002.8,2007.65,0.0
2026-05-31 08:00:00+00:00,SOL,82.55,83.0,81.69,81.77,0.0
2026-05-31 08:00:00+00:00,XRP,1.33,1.355,1.33,1.33,0.0
2026-05-31 16:00:00+00:00,BTC,73542.5,74092.75,73287.75,73574.75,0.0
2026-05-31 16:00:00+00:00,DOGE,0.1,0.1,0.1,0.1,0.0
2026-05-31 16:00:00+00:00,ETH,2007.65,2020.15,1991.35,2004.1,0.0
2026-05-31 16:00:00+00:00,SOL,81.77,82.8,81.22,82.31,0.0
2026-05-31 16:00:00+00:00,XRP,1.33,1.34,1.32,1.33,0.0
2026-06-01 00:00:00+00:00,BTC,73574.75,73978.75,72639.5,72708.25,0.0
2026-06-01 00:00:00+00:00,DOGE,0.1,0.1,0.1,0.1,0.0
2026-06-01 00:00:00+00:00,ETH,2004.1,2018.55,1969.1,1973.7,0.0
2026-06-01 00:00:00+00:00,SOL,82.31,82.99,80.53,80.62,0.0
2026-06-01 00:00:00+00:00,XRP,1.33,1.34,1.3,1.3,0.0
2026-06-01 08:00:00+00:00,BTC,72708.25,72991.25,70936.5,70981.25,0.0
2026-06-01 08:00:00+00:00,DOGE,0.1,0.1,0.1,0.1,0.0
2026-06-01 08:00:00+00:00,ETH,1973.7,1991.9,1953.55,1965.15,0.0
2026-06-01 08:00:00+00:00,SOL,80.62,81.18,79.07,79.47,0.0
2026-06-01 08:00:00+00:00,XRP,1.3,1.31,1.28,1.28,0.0
2026-06-01 16:00:00+00:00,BTC,70981.25,71687.75,70577.0,71488.5,0.0
2026-06-01 16:00:00+00:00,DOGE,0.1,0.1,0.1,0.1,0.0
2026-06-01 16:00:00+00:00,ETH,1965.15,2006.4,1956.3,2001.75,0.0
2026-06-01 16:00:00+00:00,SOL,79.47,81.21,78.98,81.09,0.0
2026-06-01 16:00:00+00:00,XRP,1.28,1.3,1.28,1.3,0.0
2026-06-01 20:01:00+00:00,BTC,71479.0,71956.0,70732.0,71311.0,0.0
2026-06-01 20:01:00+00:00,DOGE,0.1,0.1,0.1,0.1,0.0
2026-06-01 20:01:00+00:00,ETH,2002.05,2006.4,1981.8,2003.85,0.0
2026-06-01 20:01:00+00:00,SOL,81.06,82.81,80.21,81.16,0.0
2026-06-01 20:01:00+00:00,XRP,1.3,1.335,1.28,1.3,0.0
2026-06-02 00:00:00+00:00,BTC,71311.0,71314.0,69650.0,70009.0,0.0
2026-06-02 00:00:00+00:00,DOGE,0.1,0.1,0.1,0.1,0.0
2026-06-02 00:00:00+00:00,ETH,2003.85,2004.0,1960.0,1978.95,0.0
2026-06-02 00:00:00+00:00,SOL,81.16,81.19,79.03,79.55,0.0
2026-06-02 00:00:00+00:00,XRP,1.3,1.3,1.26,1.27,0.0
2026-06-02 08:00:00+00:00,BTC,70009.0,70074.75,66948.5,67165.25,0.0
2026-06-02 08:00:00+00:00,DOGE,0.1,0.1,0.09,0.09,0.0
2026-06-02 08:00:00+00:00,ETH,1978.95,1986.0,1886.05,1911.55,0.0
2026-06-02 08:00:00+00:00,SOL,79.55,79.69,75.43,76.25,0.0
2026-06-02 08:00:00+00:00,XRP,1.27,1.285,1.21,1.22,0.0
2026-06-02 16:00:00+00:00,BTC,67165.25,68004.5,66335.5,67212.0,0.0
2026-06-02 16:00:00+00:00,DOGE,0.09,0.1,0.09,0.09,0.0
2026-06-02 16:00:00+00:00,ETH,1911.55,1939.65,1880.5,1909.3,0.0
2026-06-02 16:00:00+00:00,SOL,76.25,77.54,74.49,75.43,0.0
2026-06-02 16:00:00+00:00,XRP,1.22,1.24,1.21,1.22,0.0
2026-06-02 20:01:00+00:00,BTC,67063.25,68005.5,66099.75,66684.5,0.0
2026-06-02 20:01:00+00:00,DOGE,0.09,0.095,0.09,0.09,0.0
2026-06-02 20:01:00+00:00,ETH,1905.4,1921.5,1837.6,1857.4,0.0
2026-06-02 20:01:00+00:00,SOL,75.3,76.89,72.64,74.13,0.0
2026-06-02 20:01:00+00:00,XRP,1.22,1.23,1.19,1.21,0.0
2026-06-03 00:00:00+00:00,BTC,66684.5,67411.75,65365.25000000001,67129.5,0.0
2026-06-03 00:00:00+00:00,DOGE,0.09,0.095,0.09,0.09,0.0
2026-06-03 00:00:00+00:00,ETH,1857.4,1881.55,1815.85,1875.55,0.0
2026-06-03 00:00:00+00:00,SOL,74.13,75.33,72.17,75.16,0.0
2026-06-03 00:00:00+00:00,XRP,1.21,1.25,1.19,1.24,0.0
2026-06-03 08:00:00+00:00,BTC,67129.5,67376.5,65967.25,65969.5,0.0
2026-06-03 08:00:00+00:00,DOGE,0.09,0.095,0.09,0.09,0.0
2026-06-03 08:00:00+00:00,ETH,1875.55,1935.95,1835.0,1835.0,0.0
2026-06-03 08:00:00+00:00,SOL,75.16,75.61,73.14,73.19,0.0
2026-06-03 08:00:00+00:00,XRP,1.24,1.24,1.22,1.22,0.0
2026-06-03 16:00:00+00:00,BTC,65969.5,67289.25,65156.0,65363.25000000001,0.0
2026-06-03 16:00:00+00:00,DOGE,0.09,0.095,0.09,0.09,0.0
2026-06-03 16:00:00+00:00,ETH,1835.0,1921.55,1794.05,1801.25,0.0
2026-06-03 16:00:00+00:00,SOL,73.19,75.52,71.61,71.91,0.0
2026-06-03 16:00:00+00:00,XRP,1.22,1.25,1.2,1.2,0.0
2026-06-03 20:01:00+00:00,BTC,65287.00000000001,67129.25,64000.0,64039.5,0.0
2026-06-03 20:01:00+00:00,DOGE,0.09,0.095,0.09,0.09,0.0
2026-06-03 20:01:00+00:00,ETH,1797.75,1862.1,1767.15,1810.7,0.0
2026-06-03 20:01:00+00:00,SOL,71.66,74.99,70.84,71.52,0.0
2026-06-03 20:01:00+00:00,XRP,1.2,1.22,1.185,1.2,0.0
2026-06-04 00:00:00+00:00,BTC,64039.5,64690.0,60010.0,63530.5,0.0
2026-06-04 00:00:00+00:00,DOGE,0.09,0.095,0.09,0.09,0.0
2026-06-04 00:00:00+00:00,ETH,1810.7,1818.05,1715.85,1775.6,0.0
2026-06-04 00:00:00+00:00,SOL,71.52,73.27,66.37,69.08,0.0
2026-06-04 00:00:00+00:00,XRP,1.2,1.21,1.14,1.17,0.0
2026-06-04 08:00:00+00:00,BTC,63530.5,64441.75,62138.0,63816.25,0.0
2026-06-04 08:00:00+00:00,DOGE,0.09,0.1,0.085,0.09,0.0
2026-06-04 08:00:00+00:00,ETH,1775.6,1834.75,1728.4,1774.7,0.0
2026-06-04 08:00:00+00:00,SOL,69.08,73.53,67.32,69.56,0.0
2026-06-04 08:00:00+00:00,XRP,1.17,1.18,1.14,1.17,0.0
2026-06-04 16:00:00+00:00,BTC,63816.25,64063.5,62871.00000000001,63542.25,0.0
2026-06-04 16:00:00+00:00,DOGE,0.09,0.095,0.09,0.09,0.0
2026-06-04 16:00:00+00:00,ETH,1774.7,1784.4,1752.3,1774.55,0.0
2026-06-04 16:00:00+00:00,SOL,69.56,69.79,68.41,69.0,0.0
2026-06-04 16:00:00+00:00,XRP,1.17,1.18,1.16,1.17,0.0
2026-06-04 20:01:00+00:00,BTC,63435.5,63855.00000000001,63100.0,63811.00000000001,0.0
2026-06-04 20:01:00+00:00,DOGE,0.09,0.1,0.09,0.09,0.0
2026-06-04 20:01:00+00:00,ETH,1773.2,1825.05,1751.0,1768.55,0.0
2026-06-04 20:01:00+00:00,SOL,69.0,73.0,67.5,68.78,0.0
2026-06-04 20:01:00+00:00,XRP,1.17,1.19,1.15,1.17,0.0
2026-06-05 00:00:00+00:00,BTC,63811.00000000001,63905.75,61120.5,63044.0,0.0
2026-06-05 00:00:00+00:00,DOGE,0.09,0.095,0.08,0.08,0.0
2026-06-05 00:00:00+00:00,ETH,1768.55,1825.8,1624.35,1677.7,0.0
2026-06-05 00:00:00+00:00,SOL,68.78,69.02,63.8,66.1,0.0
2026-06-05 00:00:00+00:00,XRP,1.17,1.185,1.09,1.14,0.0
2026-06-05 08:00:00+00:00,BTC,63044.0,63188.25,60020.0,60381.5,0.0
2026-06-05 08:00:00+00:00,DOGE,0.08,0.09,0.08,0.08,0.0
2026-06-05 08:00:00+00:00,ETH,1677.7,1687.95,1571.1,1582.0,0.0
2026-06-05 08:00:00+00:00,SOL,66.1,71.79,63.74,64.21,0.0
2026-06-05 08:00:00+00:00,XRP,1.14,1.165,1.09,1.1,0.0
2026-06-05 16:00:00+00:00,BTC,60381.5,61512.99999999999,59111.00000000001,60266.5,0.0
2026-06-05 16:00:00+00:00,DOGE,0.08,0.09,0.08,0.08,0.0
2026-06-05 16:00:00+00:00,ETH,1582.0,1673.2,1539.4,1572.8,0.0
2026-06-05 16:00:00+00:00,SOL,64.21,66.01,61.41,63.39,0.0
2026-06-05 16:00:00+00:00,XRP,1.1,1.12,1.07,1.1,0.0
2026-06-07 07:00:00+00:00,BTC,62070.25,62383.75,61963.00000000001,62369.25000000001,0.0
2026-06-07 07:00:00+00:00,DOGE,0.08,0.09,0.075,0.08,0.0
2026-06-07 07:00:00+00:00,ETH,1611.7,1615.7,1606.1,1614.35,0.0
2026-06-07 07:00:00+00:00,SOL,64.83,65.0,64.57,64.91,0.0
2026-06-07 07:00:00+00:00,XRP,1.13,1.14,1.12,1.14,0.0
2026-06-07 08:00:00+00:00,BTC,62369.25000000001,62874.25,61396.0,62063.75,0.0
2026-06-07 08:00:00+00:00,DOGE,0.08,0.09,0.075,0.08,0.0
2026-06-07 08:00:00+00:00,ETH,1614.35,1675.7,1606.1,1629.55,0.0
2026-06-07 08:00:00+00:00,SOL,64.91,71.68,62.61,64.94,0.0
2026-06-07 08:00:00+00:00,XRP,1.14,1.195,1.12,1.13,0.0
2026-06-07 16:00:00+00:00,BTC,62063.75,64191.5,61130.74999999999,63302.74999999999,0.0
2026-06-07 16:00:00+00:00,DOGE,0.08,0.095,0.08,0.09,0.0
2026-06-07 16:00:00+00:00,ETH,1629.55,1740.15,1605.0,1689.55,0.0
2026-06-07 16:00:00+00:00,SOL,64.94,67.88,63.15,66.47,0.0
2026-06-07 16:00:00+00:00,XRP,1.13,1.19,1.12,1.16,0.0
2026-06-08 00:00:00+00:00,BTC,63302.74999999999,63834.25,62363.25000000001,63240.99999999999,0.0
2026-06-08 00:00:00+00:00,DOGE,0.09,0.095,0.08,0.09,0.0
2026-06-08 00:00:00+00:00,ETH,1689.55,1710.9,1644.0,1672.2,0.0
2026-06-08 00:00:00+00:00,SOL,66.47,67.08,64.53,66.06,0.0
2026-06-08 00:00:00+00:00,XRP,1.16,1.17,1.13,1.15,0.0
2026-06-08 08:00:00+00:00,BTC,63240.99999999999,64187.75,62424.0,63740.5,0.0
2026-06-08 08:00:00+00:00,DOGE,0.09,0.095,0.08,0.09,0.0
2026-06-08 08:00:00+00:00,ETH,1672.2,1713.9,1651.1,1690.85,0.0
2026-06-08 08:00:00+00:00,SOL,66.06,67.79,65.4,67.15,0.0
2026-06-08 08:00:00+00:00,XRP,1.15,1.185,1.14,1.17,0.0
2026-06-08 16:00:00+00:00,BTC,63740.5,64008.99999999999,63247.00000000001,63353.25000000001,0.0
2026-06-08 16:00:00+00:00,DOGE,0.09,0.09,0.085,0.09,0.0
2026-06-08 16:00:00+00:00,ETH,1690.85,1703.2,1675.15,1684.25,0.0
2026-06-08 16:00:00+00:00,SOL,67.15,67.79,66.51,67.44,0.0
2026-06-08 16:00:00+00:00,XRP,1.17,1.19,1.16,1.18,0.0
2026-06-08 20:01:00+00:00,BTC,63407.75,63843.25000000001,62640.0,63060.99999999999,0.0
2026-06-08 20:01:00+00:00,DOGE,0.09,0.095,0.085,0.09,0.0
2026-06-08 20:01:00+00:00,ETH,1685.0,1730.05,1669.75,1689.95,0.0
2026-06-08 20:01:00+00:00,SOL,67.47,68.46,66.62,66.8,0.0
2026-06-08 20:01:00+00:00,XRP,1.18,1.19,1.165,1.17,0.0
2026-06-09 00:00:00+00:00,BTC,63060.99999999999,63491.75,62395.00000000001,63154.5,0.0
2026-06-09 00:00:00+00:00,DOGE,0.09,0.09,0.08,0.09,0.0
2026-06-09 00:00:00+00:00,ETH,1689.95,1696.35,1654.15,1678.8,0.0
2026-06-09 00:00:00+00:00,SOL,66.8,67.43,65.27,66.85,0.0
2026-06-09 00:00:00+00:00,XRP,1.17,1.18,1.14,1.17,0.0
2026-06-09 08:00:00+00:00,BTC,63154.5,63173.5,60981.25000000001,61073.25000000001,0.0
2026-06-09 08:00:00+00:00,DOGE,0.09,0.09,0.08,0.08,0.0
2026-06-09 08:00:00+00:00,ETH,1678.8,1682.5,1632.7,1634.95,0.0
2026-06-09 08:00:00+00:00,SOL,66.85,66.9,64.21,64.28,0.0
2026-06-09 08:00:00+00:00,XRP,1.17,1.17,1.13,1.13,0.0
2026-06-09 16:00:00+00:00,BTC,61073.25000000001,62056.74999999999,60728.0,62044.5,0.0
2026-06-09 16:00:00+00:00,DOGE,0.08,0.09,0.08,0.09,0.0
2026-06-09 16:00:00+00:00,ETH,1634.95,1657.3,1612.4,1656.1,0.0
2026-06-09 16:00:00+00:00,SOL,64.28,65.6,63.48,65.35,0.0
2026-06-09 16:00:00+00:00,XRP,1.13,1.15,1.12,1.14,0.0
2026-06-09 20:01:00+00:00,BTC,62032.5,62227.75,61504.5,61681.75,0.0
2026-06-09 20:01:00+00:00,DOGE,0.09,0.09,0.08,0.08,0.0
2026-06-09 20:01:00+00:00,ETH,1657.1,1662.35,1627.45,1638.2,0.0
2026-06-09 20:01:00+00:00,SOL,65.43,65.66,63.8,64.93,0.0
2026-06-09 20:01:00+00:00,XRP,1.14,1.14,1.125,1.14,0.0
2026-06-10 00:00:00+00:00,BTC,61681.75,61935.75,61032.25,61640.25,0.0
2026-06-10 00:00:00+00:00,DOGE,0.08,0.09,0.08,0.08,0.0
2026-06-10 00:00:00+00:00,ETH,1638.2,1646.1,1615.1,1638.75,0.0
2026-06-10 00:00:00+00:00,SOL,64.93,65.26,63.77,64.44,0.0
2026-06-10 00:00:00+00:00,XRP,1.14,1.14,1.11,1.12,0.0
2026-06-10 08:00:00+00:00,BTC,61640.25,62800.99999999999,60740.5,62583.75,0.0
2026-06-10 08:00:00+00:00,DOGE,0.08,0.09,0.08,0.09,0.0
2026-06-10 08:00:00+00:00,ETH,1638.75,1666.7,1605.35,1656.5,0.0
2026-06-10 08:00:00+00:00,SOL,64.44,65.71,62.91,65.38,0.0
2026-06-10 08:00:00+00:00,XRP,1.12,1.14,1.1,1.13,0.0
2026-06-10 16:00:00+00:00,BTC,62583.75,62759.25000000001,61383.00000000001,61879.00000000001,0.0
2026-06-10 16:00:00+00:00,DOGE,0.09,0.09,0.08,0.08,0.0
2026-06-10 16:00:00+00:00,ETH,1656.5,1698.5,1620.7,1628.55,0.0
2026-06-10 16:00:00+00:00,SOL,65.38,65.42,63.31,63.5,0.0
2026-06-10 16:00:00+00:00,XRP,1.13,1.16,1.095,1.1,0.0
2026-06-10 20:01:00+00:00,BTC,61828.25,61883.5,61037.5,61452.99999999999,0.0
2026-06-10 20:01:00+00:00,DOGE,0.08,0.09,0.08,0.08,0.0
2026-06-10 20:01:00+00:00,ETH,1626.55,1634.75,1602.45,1620.15,0.0
2026-06-10 20:01:00+00:00,SOL,63.48,63.59,62.28,63.14,0.0
2026-06-10 20:01:00+00:00,XRP,1.1,1.15,1.09,1.1,0.0
2026-06-11 00:00:00+00:00,BTC,61452.99999999999,62925.25000000001,61452.74999999999,62646.5,0.0
2026-06-11 00:00:00+00:00,DOGE,0.08,0.09,0.08,0.08,0.0
2026-06-11 00:00:00+00:00,ETH,1620.15,1661.3,1620.0,1652.65,0.0
2026-06-11 00:00:00+00:00,SOL,63.14,65.41,63.13,64.96,0.0
2026-06-11 00:00:00+00:00,XRP,1.1,1.12,1.1,1.11,0.0
2026-06-11 08:00:00+00:00,BTC,62646.5,63199.75,62473.25000000001,62678.5,0.0
2026-06-11 08:00:00+00:00,DOGE,0.08,0.09,0.08,0.08,0.0
2026-06-11 08:00:00+00:00,ETH,1652.65,1671.55,1634.4,1643.35,0.0
2026-06-11 08:00:00+00:00,SOL,64.96,66.07,64.85,65.48,0.0
2026-06-11 08:00:00+00:00,XRP,1.11,1.12,1.11,1.11,0.0
2026-06-11 16:00:00+00:00,BTC,62678.5,63866.5,62259.25000000001,63543.25000000001,0.0
2026-06-11 16:00:00+00:00,DOGE,0.08,0.095,0.08,0.09,0.0
2026-06-11 16:00:00+00:00,ETH,1643.35,1691.3,1630.65,1680.15,0.0
2026-06-11 16:00:00+00:00,SOL,65.48,67.32,65.0,66.87,0.0
2026-06-11 16:00:00+00:00,XRP,1.11,1.15,1.1,1.14,0.0
2026-06-11 20:01:00+00:00,BTC,63496.25,63632.0,63202.5,63558.25,0.0
2026-06-11 20:01:00+00:00,DOGE,0.09,0.095,0.09,0.09,0.0
2026-06-11 20:01:00+00:00,ETH,1677.85,1681.9,1665.5,1671.8,0.0
2026-06-11 20:01:00+00:00,SOL,66.77,70.1,65.99,66.85,0.0
2026-06-11 20:01:00+00:00,XRP,1.14,1.15,1.13,1.14,0.0
2026-06-12 00:00:00+00:00,BTC,63558.25,63773.5,62761.75,63020.74999999999,0.0
2026-06-12 00:00:00+00:00,DOGE,0.09,0.09,0.085,0.09,0.0
2026-06-12 00:00:00+00:00,ETH,1671.8,1679.0,1649.8,1660.05,0.0
2026-06-12 00:00:00+00:00,SOL,66.85,67.2,65.87,66.23,0.0
2026-06-12 00:00:00+00:00,XRP,1.14,1.15,1.13,1.13,0.0
2026-06-12 08:00:00+00:00,BTC,63020.74999999999,64347.75,62969.25000000001,63551.00000000001,0.0
2026-06-12 08:00:00+00:00,DOGE,0.09,0.09,0.09,0.09,0.0
2026-06-12 08:00:00+00:00,ETH,1660.05,1690.1,1651.5,1658.95,0.0
2026-06-12 08:00:00+00:00,SOL,66.23,68.76,66.22,67.21,0.0
2026-06-12 08:00:00+00:00,XRP,1.13,1.16,1.12,1.13,0.0
2026-06-12 16:00:00+00:00,BTC,63551.00000000001,64071.25000000001,63464.99999999999,63556.0,0.0
2026-06-12 16:00:00+00:00,DOGE,0.09,0.09,0.09,0.09,0.0
2026-06-12 16:00:00+00:00,ETH,1658.95,1676.75,1655.9,1665.0,0.0
2026-06-12 16:00:00+00:00,SOL,67.21,68.17,66.65,66.75,0.0
2026-06-12 16:00:00+00:00,XRP,1.13,1.14,1.13,1.13,0.0
2026-06-14 07:00:00+00:00,BTC,64250.74999999999,64410.74999999999,64240.0,64389.75,0.0
2026-06-14 07:00:00+00:00,DOGE,0.09,0.09,0.09,0.09,0.0
2026-06-14 07:00:00+00:00,ETH,1675.45,1676.75,1672.65,1674.75,0.0
2026-06-14 07:00:00+00:00,SOL,69.16,69.16,68.0,68.19,0.0
2026-06-14 07:00:00+00:00,XRP,1.15,1.15,1.14,1.15,0.0
2026-06-14 08:00:00+00:00,BTC,64389.75,64628.0,63835.00000000001,63989.5,0.0
2026-06-14 08:00:00+00:00,DOGE,0.09,0.09,0.09,0.09,0.0
2026-06-14 08:00:00+00:00,ETH,1674.75,1677.85,1655.0,1661.9,0.0
2026-06-14 08:00:00+00:00,SOL,68.19,69.35,66.91,67.4,0.0
2026-06-14 08:00:00+00:00,XRP,1.15,1.15,1.09,1.13,0.0
2026-06-14 16:00:00+00:00,BTC,63989.5,65768.5,63680.0,65709.75,0.0
2026-06-14 16:00:00+00:00,DOGE,0.09,0.095,0.085,0.09,0.0
2026-06-14 16:00:00+00:00,ETH,1661.9,1728.6,1657.7,1724.85,0.0
2026-06-14 16:00:00+00:00,SOL,67.4,71.25,67.16,71.22,0.0
2026-06-14 16:00:00+00:00,XRP,1.13,1.215,1.13,1.19,0.0
2026-06-15 00:00:00+00:00,BTC,65709.75,65962.75,65315.5,65627.0,0.0
2026-06-15 00:00:00+00:00,DOGE,0.09,0.09,0.09,0.09,0.0
2026-06-15 00:00:00+00:00,ETH,1724.85,1731.2,1708.7,1715.25,0.0
2026-06-15 00:00:00+00:00,SOL,71.22,71.68,70.66,71.22,0.0
2026-06-15 00:00:00+00:00,XRP,1.19,1.19,1.18,1.18,0.0
2026-06-15 08:00:00+00:00,BTC,65627.0,67261.5,65451.75,67252.75,0.0
2026-06-15 08:00:00+00:00,DOGE,0.09,0.095,0.09,0.09,0.0
2026-06-15 08:00:00+00:00,ETH,1715.25,1848.4,1711.25,1844.6,0.0
2026-06-15 08:00:00+00:00,SOL,71.22,75.21,70.76,75.21,0.0
2026-06-15 08:00:00+00:00,XRP,1.18,1.27,1.175,1.27,0.0
2026-06-15 16:00:00+00:00,BTC,67252.75,67257.0,66333.25,66562.75,0.0
2026-06-15 16:00:00+00:00,DOGE,0.09,0.09,0.09,0.09,0.0
2026-06-15 16:00:00+00:00,ETH,1844.6,1846.45,1811.1,1820.85,0.0
2026-06-15 16:00:00+00:00,SOL,75.21,76.04,74.55,75.22,0.0
2026-06-15 16:00:00+00:00,XRP,1.27,1.29,1.255,1.27,0.0
2026-06-15 20:01:00+00:00,BTC,66482.0,66894.5,66061.25,66274.5,0.0
2026-06-15 20:01:00+00:00,DOGE,0.09,0.09,0.085,0.09,0.0
2026-06-15 20:01:00+00:00,ETH,1817.4,1857.5,1781.8,1795.15,0.0
2026-06-15 20:01:00+00:00,SOL,75.05,75.42,72.54,73.94,0.0
2026-06-15 20:01:00+00:00,XRP,1.27,1.28,1.23,1.24,0.0
2026-06-16 00:00:00+00:00,BTC,66274.5,66515.25,65605.25,66333.75,0.0
2026-06-16 00:00:00+00:00,DOGE,0.09,0.09,0.09,0.09,0.0
2026-06-16 00:00:00+00:00,ETH,1795.15,1800.75,1757.6,1773.05,0.0
2026-06-16 00:00:00+00:00,SOL,73.94,74.48,72.73,74.41,0.0
2026-06-16 00:00:00+00:00,XRP,1.24,1.24,1.21,1.23,0.0
2026-06-16 08:00:00+00:00,BTC,66333.75,66946.5,65304.0,65812.5,0.0
2026-06-16 08:00:00+00:00,DOGE,0.09,0.09,0.09,0.09,0.0
2026-06-16 08:00:00+00:00,ETH,1773.05,1838.15,1761.95,1780.9,0.0
2026-06-16 08:00:00+00:00,SOL,74.41,75.6,72.28,73.22,0.0
2026-06-16 08:00:00+00:00,XRP,1.23,1.255,1.2,1.21,0.0
2026-06-16 16:00:00+00:00,BTC,65812.5,66192.5,65490.25,65617.0,0.0
2026-06-16 16:00:00+00:00,DOGE,0.09,0.09,0.085,0.09,0.0
2026-06-16 16:00:00+00:00,ETH,1780.9,1807.05,1771.3,1793.9,0.0
2026-06-16 16:00:00+00:00,SOL,73.22,74.27,72.94,73.78,0.0
2026-06-16 16:00:00+00:00,XRP,1.21,1.23,1.21,1.22,0.0
2026-06-16 20:01:00+00:00,BTC,65604.0,66032.0,65494.74999999999,65610.75,0.0
2026-06-16 20:01:00+00:00,DOGE,0.09,0.09,0.09,0.09,0.0
2026-06-16 20:01:00+00:00,ETH,1792.9,1821.85,1772.05,1791.1,0.0
2026-06-16 20:01:00+00:00,SOL,73.72,74.19,72.47,73.46,0.0
2026-06-16 20:01:00+00:00,XRP,1.22,1.245,1.21,1.22,0.0
2026-06-17 00:00:00+00:00,BTC,65610.75,66113.5,65181.75,65468.0,0.0
2026-06-17 00:00:00+00:00,DOGE,0.09,0.09,0.09,0.09,0.0
2026-06-17 00:00:00+00:00,ETH,1791.1,1832.1,1777.05,1783.35,0.0
2026-06-17 00:00:00+00:00,SOL,73.46,74.91,72.92,73.19,0.0
2026-06-17 00:00:00+00:00,XRP,1.22,1.245,1.2,1.21,0.0
2026-06-17 08:00:00+00:00,BTC,65468.0,65793.25,64500.0,65702.25,0.0
2026-06-17 08:00:00+00:00,DOGE,0.09,0.09,0.09,0.09,0.0
2026-06-17 08:00:00+00:00,ETH,1783.35,1784.55,1740.35,1772.05,0.0
2026-06-17 08:00:00+00:00,SOL,73.19,73.82,71.52,73.73,0.0
2026-06-17 08:00:00+00:00,XRP,1.21,1.21,1.19,1.21,0.0
2026-06-17 16:00:00+00:00,BTC,65702.25,66330.0,64000.74999999999,64243.00000000001,0.0
2026-06-17 16:00:00+00:00,DOGE,0.09,0.09,0.08,0.09,0.0
2026-06-17 16:00:00+00:00,ETH,1772.05,1794.6,1727.6,1733.45,0.0
2026-06-17 16:00:00+00:00,SOL,73.73,74.61,71.38,71.61,0.0
2026-06-17 16:00:00+00:00,XRP,1.21,1.22,1.18,1.18,0.0
2026-06-17 20:01:00+00:00,BTC,64174.25,64530.25,63860.5,64449.25000000001,0.0
2026-06-17 20:01:00+00:00,DOGE,0.09,0.09,0.08,0.09,0.0
2026-06-17 20:01:00+00:00,ETH,1733.15,1749.9,1725.0,1748.95,0.0
2026-06-17 20:01:00+00:00,SOL,71.53,72.33,70.75,71.98,0.0
2026-06-17 20:01:00+00:00,XRP,1.18,1.225,1.17,1.19,0.0
2026-06-18 00:00:00+00:00,BTC,64449.25000000001,64750.25,63666.0,64440.99999999999,0.0
2026-06-18 00:00:00+00:00,DOGE,0.09,0.09,0.08,0.08,0.0
2026-06-18 00:00:00+00:00,ETH,1748.95,1761.35,1720.3,1747.85,0.0
2026-06-18 00:00:00+00:00,SOL,71.98,72.6,70.56,71.69,0.0
2026-06-18 00:00:00+00:00,XRP,1.19,1.19,1.16,1.18,0.0
2026-06-18 08:00:00+00:00,BTC,64440.99999999999,64575.25000000001,62215.5,62291.75,0.0
2026-06-18 08:00:00+00:00,DOGE,0.08,0.09,0.08,0.08,0.0
2026-06-18 08:00:00+00:00,ETH,1747.85,1752.0,1678.0,1680.1,0.0
2026-06-18 08:00:00+00:00,SOL,71.69,72.08,68.28,68.35,0.0
2026-06-18 08:00:00+00:00,XRP,1.18,1.18,1.13,1.14,0.0
2026-06-18 16:00:00+00:00,BTC,62291.75,62924.99999999999,62218.25,62870.5,0.0
2026-06-18 16:00:00+00:00,DOGE,0.08,0.085,0.08,0.08,0.0
2026-06-18 16:00:00+00:00,ETH,1680.1,1705.65,1670.0,1703.55,0.0
2026-06-18 16:00:00+00:00,SOL,68.35,69.44,68.13,69.3,0.0
2026-06-18 16:00:00+00:00,XRP,1.14,1.15,1.13,1.14,0.0
2026-06-18 20:01:00+00:00,BTC,63010.74999999999,63195.25000000001,62673.75,62883.75,0.0
2026-06-18 20:01:00+00:00,DOGE,0.08,0.08,0.08,0.08,0.0
2026-06-18 20:01:00+00:00,ETH,1707.3,1715.15,1687.5,1709.1,0.0
2026-06-18 20:01:00+00:00,SOL,69.47,69.87,69.19,69.63,0.0
2026-06-18 20:01:00+00:00,XRP,1.15,1.205,1.135,1.15,0.0
2026-06-19 00:00:00+00:00,BTC,62883.75,63042.0,62310.25,62556.99999999999,0.0
2026-06-19 00:00:00+00:00,DOGE,0.08,0.08,0.08,0.08,0.0
2026-06-19 00:00:00+00:00,ETH,1709.1,1717.6,1677.35,1694.05,0.0
2026-06-19 00:00:00+00:00,SOL,69.63,70.01,67.9,68.3,0.0
2026-06-19 00:00:00+00:00,XRP,1.15,1.15,1.12,1.12,0.0
2026-06-19 08:00:00+00:00,BTC,62556.99999999999,63352.5,62250.0,63151.5,0.0
2026-06-19 08:00:00+00:00,DOGE,0.08,0.08,0.08,0.08,0.0
2026-06-19 08:00:00+00:00,ETH,1694.05,1710.6,1677.3,1706.3,0.0
2026-06-19 08:00:00+00:00,SOL,68.3,69.5,67.86,69.27,0.0
2026-06-19 08:00:00+00:00,XRP,1.12,1.14,1.12,1.14,0.0
2026-06-19 16:00:00+00:00,BTC,63151.5,64745.5,62809.75,62969.5,0.0
2026-06-19 16:00:00+00:00,DOGE,0.08,0.09,0.08,0.08,0.0
2026-06-19 16:00:00+00:00,ETH,1706.3,1710.05,1692.6,1699.45,0.0
2026-06-19 16:00:00+00:00,SOL,69.27,72.49,68.61,68.91,0.0
2026-06-19 16:00:00+00:00,XRP,1.14,1.19,1.13,1.13,0.0
2026-06-21 07:00:00+00:00,BTC,64211.5,64216.25,64095.25000000001,64115.25000000001,0.0
2026-06-21 07:00:00+00:00,DOGE,0.08,0.08,0.08,0.08,0.0
2026-06-21 07:00:00+00:00,ETH,1733.9,1734.0,1729.4,1730.0,0.0
2026-06-21 07:00:00+00:00,SOL,73.15,73.37,73.03,73.12,0.0
2026-06-21 07:00:00+00:00,XRP,1.15,1.15,1.14,1.15,0.0
2026-06-21 08:00:00+00:00,BTC,64115.25000000001,64399.5,63819.75,64138.5,0.0
2026-06-21 08:00:00+00:00,DOGE,0.08,0.08,0.08,0.08,0.0
2026-06-21 08:00:00+00:00,ETH,1730.0,1734.85,1715.25,1728.8,0.0
2026-06-21 08:00:00+00:00,SOL,73.12,74.3,72.64,74.06,0.0
2026-06-21 08:00:00+00:00,XRP,1.15,1.15,1.14,1.15,0.0
2026-06-21 16:00:00+00:00,BTC,64138.5,65274.74999999999,63189.5,63229.5,0.0
2026-06-21 16:00:00+00:00,DOGE,0.08,0.08,0.08,0.08,0.0
2026-06-21 16:00:00+00:00,ETH,1728.8,1737.45,1700.25,1704.95,0.0
2026-06-21 16:00:00+00:00,SOL,74.06,74.56,72.21,72.38,0.0
2026-06-21 16:00:00+00:00,XRP,1.15,1.15,1.12,1.12,0.0
2026-06-22 00:00:00+00:00,BTC,63229.5,64727.00000000001,63229.25000000001,64131.25000000001,0.0
2026-06-22 00:00:00+00:00,DOGE,0.08,0.08,0.08,0.08,0.0
2026-06-22 00:00:00+00:00,ETH,1704.95,1756.95,1704.75,1744.55,0.0
2026-06-22 00:00:00+00:00,SOL,72.38,74.89,72.37,74.02,0.0
2026-06-22 00:00:00+00:00,XRP,1.12,1.15,1.12,1.14,0.0
2026-06-22 08:00:00+00:00,BTC,64131.25000000001,65550.5,63966.74999999999,64763.75,0.0
2026-06-22 08:00:00+00:00,DOGE,0.08,0.085,0.08,0.08,0.0
2026-06-22 08:00:00+00:00,ETH,1744.55,1777.9,1740.3,1742.8,0.0
2026-06-22 08:00:00+00:00,SOL,74.02,74.92,72.9,73.06,0.0
2026-06-22 08:00:00+00:00,XRP,1.14,1.16,1.13,1.14,0.0
2026-06-22 16:00:00+00:00,BTC,64763.75,64786.5,64193.25000000001,64396.5,0.0
2026-06-22 16:00:00+00:00,DOGE,0.08,0.08,0.08,0.08,0.0
2026-06-22 16:00:00+00:00,ETH,1742.8,1745.75,1727.15,1732.2,0.0
2026-06-22 16:00:00+00:00,SOL,73.06,73.5,72.4,72.63,0.0
2026-06-22 16:00:00+00:00,XRP,1.14,1.14,1.13,1.13,0.0
2026-06-22 20:01:00+00:00,BTC,64469.5,64594.0,63351.75,63948.99999999999,0.0
2026-06-22 20:01:00+00:00,DOGE,0.08,0.09,0.08,0.08,0.0
2026-06-22 20:01:00+00:00,ETH,1733.95,1741.8,1706.5,1726.3,0.0
2026-06-22 20:01:00+00:00,SOL,72.69,73.51,70.79,71.88,0.0
2026-06-22 20:01:00+00:00,XRP,1.13,1.23,1.12,1.13,0.0
2026-06-23 00:00:00+00:00,BTC,63948.99999999999,64204.99999999999,62412.25,62804.74999999999,0.0
2026-06-23 00:00:00+00:00,DOGE,0.08,0.08,0.08,0.08,0.0
2026-06-23 00:00:00+00:00,ETH,1726.3,1734.35,1680.85,1680.9,0.0
2026-06-23 00:00:00+00:00,SOL,71.88,71.97,69.56,69.93,0.0
2026-06-23 00:00:00+00:00,XRP,1.13,1.13,1.105,1.11,0.0
2026-06-23 08:00:00+00:00,BTC,62804.74999999999,62868.5,61862.74999999999,62402.25,0.0
2026-06-23 08:00:00+00:00,DOGE,0.08,0.09,0.08,0.08,0.0
2026-06-23 08:00:00+00:00,ETH,1680.9,1682.65,1633.55,1657.7,0.0
2026-06-23 08:00:00+00:00,SOL,69.93,70.04,68.06,68.84,0.0
2026-06-23 08:00:00+00:00,XRP,1.11,1.15,1.09,1.1,0.0
2026-06-23 16:00:00+00:00,BTC,62402.25,62760.25,62010.5,62313.5,0.0
2026-06-23 16:00:00+00:00,DOGE,0.08,0.08,0.08,0.08,0.0
2026-06-23 16:00:00+00:00,ETH,1657.7,1671.55,1642.55,1660.2,0.0
2026-06-23 16:00:00+00:00,SOL,68.84,69.53,68.56,68.75,0.0
2026-06-23 16:00:00+00:00,XRP,1.1,1.15,1.09,1.1,0.0
2026-06-23 20:01:00+00:00,BTC,62444.5,62716.25,62324.99999999999,62648.74999999999,0.0
2026-06-23 20:01:00+00:00,DOGE,0.08,0.08,0.08,0.08,0.0
2026-06-23 20:01:00+00:00,ETH,1664.9,1670.8,1657.95,1665.15,0.0
2026-06-23 20:01:00+00:00,SOL,68.94,69.75,68.76,69.62,0.0
2026-06-23 20:01:00+00:00,XRP,1.1,1.11,1.1,1.11,0.0
2026-06-24 00:00:00+00:00,BTC,62648.74999999999,63033.5,62379.75,62567.00000000001,0.0
2026-06-24 00:00:00+00:00,DOGE,0.08,0.08,0.08,0.08,0.0
2026-06-24 00:00:00+00:00,ETH,1665.15,1678.3,1655.7,1670.8,0.0
2026-06-24 00:00:00+00:00,SOL,69.62,70.31,68.98,69.28,0.0
2026-06-24 00:00:00+00:00,XRP,1.11,1.11,1.09,1.1,0.0
2026-06-24 08:00:00+00:00,BTC,62567.00000000001,63144.25,60197.5,60197.5,0.0
2026-06-24 08:00:00+00:00,DOGE,0.08,0.08,0.07,0.07,0.0
2026-06-24 08:00:00+00:00,ETH,1670.8,1689.6,1614.3,1615.6,0.0
2026-06-24 08:00:00+00:00,SOL,69.28,70.33,67.15,67.22,0.0
2026-06-24 08:00:00+00:00,XRP,1.1,1.1,1.06,1.06,0.0
2026-06-24 16:00:00+00:00,BTC,60197.5,60576.99999999999,59020.0,59866.74999999999,0.0
2026-06-24 16:00:00+00:00,DOGE,0.07,0.08,0.07,0.07,0.0
2026-06-24 16:00:00+00:00,ETH,1615.6,1633.5,1550.95,1582.05,0.0
2026-06-24 16:00:00+00:00,SOL,67.22,70.62,64.62,66.03,0.0
2026-06-24 16:00:00+00:00,XRP,1.06,1.07,1.04,1.06,0.0
2026-06-24 20:01:00+00:00,BTC,60658.0,61174.74999999999,60578.74999999999,60980.74999999999,0.0
2026-06-24 20:01:00+00:00,DOGE,0.08,0.08,0.075,0.08,0.0
2026-06-24 20:01:00+00:00,ETH,1611.8,1627.3,1603.6,1619.55,0.0
2026-06-24 20:01:00+00:00,SOL,67.44,74.97,67.12,68.0,0.0
2026-06-24 20:01:00+00:00,XRP,1.07,1.08,1.07,1.07,0.0
2026-06-25 00:00:00+00:00,BTC,60980.74999999999,61866.74999999999,60589.75,61812.74999999999,0.0
2026-06-25 00:00:00+00:00,DOGE,0.08,0.08,0.08,0.08,0.0
2026-06-25 00:00:00+00:00,ETH,1619.55,1657.95,1612.2,1654.5,0.0
2026-06-25 00:00:00+00:00,SOL,68.0,72.05,67.29,69.34,0.0
2026-06-25 00:00:00+00:00,XRP,1.07,1.09,1.07,1.09,0.0
2026-06-25 08:00:00+00:00,BTC,61812.74999999999,61822.5,58108.0,59459.5,0.0
2026-06-25 08:00:00+00:00,DOGE,0.08,0.08,0.07,0.07,0.0
2026-06-25 08:00:00+00:00,ETH,1654.5,1656.55,1529.95,1567.65,0.0
2026-06-25 08:00:00+00:00,SOL,69.34,72.13,63.92,66.22,0.0
2026-06-25 08:00:00+00:00,XRP,1.09,1.095,1.01,1.03,0.0
2026-06-25 16:00:00+00:00,BTC,59459.5,59958.74999999999,59030.5,59216.25,0.0
2026-06-25 16:00:00+00:00,DOGE,0.07,0.08,0.07,0.07,0.0
2026-06-25 16:00:00+00:00,ETH,1567.65,1599.3,1552.0,1556.9,0.0
2026-06-25 16:00:00+00:00,SOL,66.22,68.26,65.56,66.1,0.0
2026-06-25 16:00:00+00:00,XRP,1.03,1.05,1.03,1.03,0.0
2026-06-25 20:01:00+00:00,BTC,59475.00000000001,60352.25,59242.5,59702.25,0.0
2026-06-25 20:01:00+00:00,DOGE,0.07,0.08,0.07,0.07,0.0
2026-06-25 20:01:00+00:00,ETH,1562.8,1612.4,1554.1,1565.45,0.0
2026-06-25 20:01:00+00:00,SOL,66.52,72.6,65.98,67.9,0.0
2026-06-25 20:01:00+00:00,XRP,1.03,1.08,1.03,1.04,0.0
2026-06-26 00:00:00+00:00,BTC,59702.25,60660.25,58243.25,60430.25,0.0
2026-06-26 00:00:00+00:00,DOGE,0.07,0.08,0.07,0.07,0.0
2026-06-26 00:00:00+00:00,ETH,1565.45,1583.8,1509.95,1578.65,0.0
2026-06-26 00:00:00+00:00,SOL,67.9,72.4,65.82,70.66,0.0
2026-06-26 00:00:00+00:00,XRP,1.04,1.05,1.01,1.05,0.0
2026-06-26 08:00:00+00:00,BTC,60430.25,60464.5,58398.0,60234.0,0.0
2026-06-26 08:00:00+00:00,DOGE,0.07,0.08,0.07,0.07,0.0
2026-06-26 08:00:00+00:00,ETH,1578.65,1585.95,1519.45,1577.7,0.0
2026-06-26 08:00:00+00:00,SOL,70.66,74.05,68.1,71.97,0.0
2026-06-26 08:00:00+00:00,XRP,1.05,1.05,1.01,1.04,0.0
2026-06-26 16:00:00+00:00,BTC,60234.0,60488.0,59459.5,59654.25,0.0
2026-06-26 16:00:00+00:00,DOGE,0.07,0.08,0.07,0.08,0.0
2026-06-26 16:00:00+00:00,ETH,1577.7,1592.6,1567.8,1571.95,0.0
2026-06-26 16:00:00+00:00,SOL,71.97,73.83,71.9,72.93,0.0
2026-06-26 16:00:00+00:00,XRP,1.04,1.05,1.04,1.05,0.0
2026-06-28 07:00:00+00:00,BTC,59912.74999999999,60172.5,59909.75,60131.00000000001,0.0
2026-06-28 07:00:00+00:00,DOGE,0.07,0.07,0.07,0.07,0.0
2026-06-28 07:00:00+00:00,ETH,1565.45,1574.85,1565.45,1573.6,0.0
2026-06-28 07:00:00+00:00,SOL,70.34,70.99,70.34,70.97,0.0
2026-06-28 07:00:00+00:00,XRP,1.04,1.05,1.04,1.05,0.0
2026-06-28 08:00:00+00:00,BTC,60131.00000000001,60455.00000000001,59738.0,59800.99999999999,0.0
2026-06-28 08:00:00+00:00,DOGE,0.07,0.07,0.07,0.07,0.0
2026-06-28 08:00:00+00:00,ETH,1573.6,1587.1,1570.1,1578.5,0.0
2026-06-28 08:00:00+00:00,SOL,70.97,72.22,70.95,71.97,0.0
2026-06-28 08:00:00+00:00,XRP,1.05,1.06,1.04,1.05,0.0
2026-06-28 16:00:00+00:00,BTC,59800.99999999999,59851.75,58814.5,59475.75,0.0
2026-06-28 16:00:00+00:00,DOGE,0.07,0.07,0.07,0.07,0.0
2026-06-28 16:00:00+00:00,ETH,1578.5,1579.6,1546.0,1569.4,0.0
2026-06-28 16:00:00+00:00,SOL,71.97,72.04,69.64,71.28,0.0
2026-06-28 16:00:00+00:00,XRP,1.05,1.05,1.03,1.05,0.0
2026-06-29 00:00:00+00:00,BTC,59475.75,60240.99999999999,58808.25,59933.5,0.0
2026-06-29 00:00:00+00:00,DOGE,0.07,0.08,0.07,0.07,0.0
2026-06-29 00:00:00+00:00,ETH,1569.4,1586.75,1547.95,1577.85,0.0
2026-06-29 00:00:00+00:00,SOL,71.28,73.21,70.24,72.61,0.0
2026-06-29 00:00:00+00:00,XRP,1.05,1.055,1.03,1.05,0.0
2026-06-29 08:00:00+00:00,BTC,59933.5,60674.0,58890.5,59707.75,0.0
2026-06-29 08:00:00+00:00,DOGE,0.07,0.07,0.07,0.07,0.0
2026-06-29 08:00:00+00:00,ETH,1577.85,1594.3,1555.0,1577.35,0.0
2026-06-29 08:00:00+00:00,SOL,72.61,74.45,72.02,73.78,0.0
2026-06-29 08:00:00+00:00,XRP,1.05,1.06,1.04,1.05,0.0
2026-06-29 16:00:00+00:00,BTC,59707.75,60685.5,59475.5,60342.74999999999,0.0
2026-06-29 16:00:00+00:00,DOGE,0.07,0.07,0.07,0.07,0.0
2026-06-29 16:00:00+00:00,ETH,1577.35,1669.15,1571.2,1623.05,0.0
2026-06-29 16:00:00+00:00,SOL,73.78,76.37,72.76,75.87,0.0
2026-06-29 16:00:00+00:00,XRP,1.05,1.08,1.04,1.07,0.0
2026-06-29 20:01:00+00:00,BTC,60417.75,60476.99999999999,60109.5,60159.25000000001,0.0
2026-06-29 20:01:00+00:00,DOGE,0.07,0.08,0.07,0.07,0.0
2026-06-29 20:01:00+00:00,ETH,1621.65,1623.0,1605.55,1610.7,0.0
2026-06-29 20:01:00+00:00,SOL,75.75,75.81,74.78,75.06,0.0
2026-06-29 20:01:00+00:00,XRP,1.07,1.07,1.05,1.06,0.0
2026-06-30 00:00:00+00:00,BTC,60159.25000000001,60183.75,59253.25000000001,59425.75,0.0
2026-06-30 00:00:00+00:00,DOGE,0.07,0.07,0.07,0.07,0.0
2026-06-30 00:00:00+00:00,ETH,1610.7,1612.15,1577.05,1589.65,0.0
2026-06-30 00:00:00+00:00,SOL,75.06,75.11,73.57,74.05,0.0
2026-06-30 00:00:00+00:00,XRP,1.06,1.06,1.04,1.05,0.0
2026-06-30 08:00:00+00:00,BTC,59425.75,59973.5,58101.0,58264.5,0.0
2026-06-30 08:00:00+00:00,DOGE,0.07,0.07,0.07,0.07,0.0
2026-06-30 08:00:00+00:00,ETH,1589.65,1591.9,1547.75,1562.15,0.0
2026-06-30 08:00:00+00:00,SOL,74.05,74.98,71.37,73.02,0.0
2026-06-30 08:00:00+00:00,XRP,1.05,1.05,1.03,1.03,0.0
2026-06-30 16:00:00+00:00,BTC,58264.5,58739.25,58151.25,58719.75,0.0
2026-06-30 16:00:00+00:00,DOGE,0.07,0.07,0.07,0.07,0.0
2026-06-30 16:00:00+00:00,ETH,1562.15,1579.25,1559.15,1578.15,0.0
2026-06-30 16:00:00+00:00,SOL,73.02,74.75,71.33,73.63,0.0
2026-06-30 16:00:00+00:00,XRP,1.03,1.05,1.03,1.04,0.0
2026-06-30 20:01:00+00:00,BTC,58695.5,58784.0,58409.0,58525.5,0.0
2026-06-30 20:01:00+00:00,DOGE,0.07,0.07,0.07,0.07,0.0
2026-06-30 20:01:00+00:00,ETH,1577.15,1580.4,1563.4,1569.6,0.0
2026-06-30 20:01:00+00:00,SOL,73.68,73.81,73.05,73.53,0.0
2026-06-30 20:01:00+00:00,XRP,1.04,1.04,1.04,1.04,0.0
2026-07-01 00:00:00+00:00,BTC,58525.5,59371.25000000001,57750.0,58684.0,0.0
2026-07-01 00:00:00+00:00,DOGE,0.07,0.07,0.07,0.07,0.0
2026-07-01 00:00:00+00:00,ETH,1569.6,1652.55,1550.75,1576.15,0.0
2026-07-01 00:00:00+00:00,SOL,73.53,75.76,72.15,74.78,0.0
2026-07-01 00:00:00+00:00,XRP,1.04,1.05,1.02,1.04,0.0
2026-07-01 08:00:00+00:00,BTC,58684.0,60474.25,58250.0,60085.5,0.0
2026-07-01 08:00:00+00:00,DOGE,0.07,0.07,0.07,0.07,0.0
2026-07-01 08:00:00+00:00,ETH,1576.15,1632.7,1563.65,1618.5,0.0
2026-07-01 08:00:00+00:00,SOL,74.78,78.62,74.17,77.36,0.0
2026-07-01 08:00:00+00:00,XRP,1.04,1.06,1.03,1.06,0.0
2026-07-01 16:00:00+00:00,BTC,60085.5,60294.25,59715.5,59967.75,0.0
2026-07-01 16:00:00+00:00,DOGE,0.07,0.07,0.07,0.07,0.0
2026-07-01 16:00:00+00:00,ETH,1618.5,1628.35,1605.5,1616.3,0.0
2026-07-01 16:00:00+00:00,SOL,77.36,79.16,76.73,76.93,0.0
2026-07-01 16:00:00+00:00,XRP,1.06,1.06,1.05,1.06,0.0
2026-07-01 20:01:00+00:00,BTC,60425.25000000001,61260.0,59916.0,59958.25,0.0
2026-07-01 20:01:00+00:00,DOGE,0.07,0.07,0.07,0.07,0.0
2026-07-01 20:01:00+00:00,ETH,1621.95,1671.4,1606.5,1607.75,0.0
2026-07-01 20:01:00+00:00,SOL,77.72,78.93,77.19,77.38,0.0
2026-07-01 20:01:00+00:00,XRP,1.06,1.07,1.05,1.05,0.0
2026-07-02 00:00:00+00:00,BTC,59958.25,61053.5,59521.5,60059.5,0.0
2026-07-02 00:00:00+00:00,DOGE,0.07,0.07,0.07,0.07,0.0
2026-07-02 00:00:00+00:00,ETH,1607.75,1640.35,1595.2,1613.9,0.0
2026-07-02 00:00:00+00:00,SOL,77.38,79.67,76.81,77.9,0.0
2026-07-02 00:00:00+00:00,XRP,1.05,1.07,1.04,1.06,0.0
2026-07-02 08:00:00+00:00,BTC,60059.5,62139.5,60046.25,61540.5,0.0
2026-07-02 08:00:00+00:00,DOGE,0.07,0.085,0.07,0.07,0.0
2026-07-02 08:00:00+00:00,ETH,1613.9,1727.05,1612.9,1695.3,0.0
2026-07-02 08:00:00+00:00,SOL,77.9,82.67,77.85,80.77,0.0
2026-07-02 08:00:00+00:00,XRP,1.06,1.11,1.06,1.09,0.0
2026-07-02 16:00:00+00:00,BTC,61540.5,61890.74999999999,61081.5,61425.25000000001,0.0
2026-07-02 16:00:00+00:00,DOGE,0.07,0.07,0.07,0.07,0.0
2026-07-02 16:00:00+00:00,ETH,1695.3,1705.8,1685.1,1698.65,0.0
2026-07-02 16:00:00+00:00,SOL,80.77,81.24,80.08,80.75,0.0
2026-07-02 16:00:00+00:00,XRP,1.09,1.1,1.08,1.08,0.0
2026-07-02 20:01:00+00:00,BTC,61374.0,61591.00000000001,61274.74999999999,61482.5,0.0
2026-07-02 20:01:00+00:00,DOGE,0.07,0.07,0.07,0.07,0.0
2026-07-02 20:01:00+00:00,ETH,1697.6,1705.1,1690.15,1698.7,0.0
2026-07-02 20:01:00+00:00,SOL,80.66,81.09,80.33,80.63,0.0
2026-07-02 20:01:00+00:00,XRP,1.08,1.09,1.08,1.09,0.0
2026-07-03 00:00:00+00:00,BTC,61482.5,61788.5,61166.25,61682.25,0.0
2026-07-03 00:00:00+00:00,DOGE,0.07,0.08,0.07,0.08,0.0
2026-07-03 00:00:00+00:00,ETH,1698.7,1720.15,1692.8,1715.95,0.0
2026-07-03 00:00:00+00:00,SOL,80.63,81.6,80.25,81.15,0.0
2026-07-03 00:00:00+00:00,XRP,1.09,1.11,1.08,1.1,0.0
2026-07-03 08:00:00+00:00,BTC,61682.25,62332.99999999999,61439.5,61859.25000000001,0.0
2026-07-03 08:00:00+00:00,DOGE,0.08,0.08,0.07,0.08,0.0
2026-07-03 08:00:00+00:00,ETH,1715.95,1751.6,1713.8,1729.45,0.0
2026-07-03 08:00:00+00:00,SOL,81.15,81.99,80.59,81.13,0.0
2026-07-03 08:00:00+00:00,XRP,1.1,1.12,1.1,1.12,0.0
2026-07-03 16:00:00+00:00,BTC,61859.25000000001,62255.00000000001,61853.75,62151.75,0.0
2026-07-03 16:00:00+00:00,DOGE,0.08,0.08,0.08,0.08,0.0
2026-07-03 16:00:00+00:00,ETH,1729.45,1751.2,1726.2,1743.6,0.0
2026-07-03 16:00:00+00:00,SOL,81.13,83.16,80.99,82.41,0.0
2026-07-03 16:00:00+00:00,XRP,1.12,1.145,1.11,1.13,0.0
2026-07-05 07:00:00+00:00,BTC,62723.75,62988.99999999999,62664.74999999999,62965.5,0.0
2026-07-05 07:00:00+00:00,DOGE,0.08,0.08,0.08,0.08,0.0
2026-07-05 07:00:00+00:00,ETH,1763.05,1770.7,1760.35,1768.35,0.0
2026-07-05 07:00:00+00:00,SOL,80.53,80.69,80.3,80.63,0.0
2026-07-05 07:00:00+00:00,XRP,1.14,1.14,1.13,1.14,0.0
2026-07-05 08:00:00+00:00,BTC,62965.5,63050.25,62415.00000000001,62685.75,0.0
2026-07-05 08:00:00+00:00,DOGE,0.08,0.08,0.08,0.08,0.0
2026-07-05 08:00:00+00:00,ETH,1768.35,1779.95,1747.8,1773.05,0.0
2026-07-05 08:00:00+00:00,SOL,80.63,81.74,79.61,81.3,0.0
2026-07-05 08:00:00+00:00,XRP,1.14,1.14,1.12,1.14,0.0
2026-07-05 16:00:00+00:00,BTC,62685.75,63940.25,62543.75,63584.74999999999,0.0
2026-07-05 16:00:00+00:00,DOGE,0.08,0.08,0.08,0.08,0.0
2026-07-05 16:00:00+00:00,ETH,1773.05,1806.6,1767.95,1784.2,0.0
2026-07-05 16:00:00+00:00,SOL,81.3,82.36,80.71,81.52,0.0
2026-07-05 16:00:00+00:00,XRP,1.14,1.17,1.13,1.16,0.0
2026-07-06 00:00:00+00:00,BTC,63584.74999999999,63857.75,62821.75,63023.75,0.0
2026-07-06 00:00:00+00:00,DOGE,0.08,0.08,0.08,0.08,0.0
2026-07-06 00:00:00+00:00,ETH,1784.2,1799.7,1763.25,1770.55,0.0
2026-07-06 00:00:00+00:00,SOL,81.52,82.26,80.07,80.75,0.0
2026-07-06 00:00:00+00:00,XRP,1.16,1.16,1.14,1.14,0.0
2026-07-06 08:00:00+00:00,BTC,63023.75,63507.5,61251.75,63500.99999999999,0.0
2026-07-06 08:00:00+00:00,DOGE,0.08,0.08,0.07,0.08,0.0
2026-07-06 08:00:00+00:00,ETH,1770.55,1787.95,1727.0,1787.45,0.0
2026-07-06 08:00:00+00:00,SOL,80.75,81.49,79.15,81.44,0.0
2026-07-06 08:00:00+00:00,XRP,1.14,1.15,1.11,1.14,0.0
2026-07-06 16:00:00+00:00,BTC,63500.99999999999,63920.5,63332.74999999999,63695.00000000001,0.0
2026-07-06 16:00:00+00:00,DOGE,0.08,0.08,0.08,0.08,0.0
2026-07-06 16:00:00+00:00,ETH,1787.45,1804.0,1781.05,1792.25,0.0
2026-07-06 16:00:00+00:00,SOL,81.44,82.39,81.22,82.03,0.0
2026-07-06 16:00:00+00:00,XRP,1.14,1.16,1.14,1.15,0.0
2026-07-06 20:01:00+00:00,BTC,63653.75,64679.75,63530.25,63996.99999999999,0.0
2026-07-06 20:01:00+00:00,DOGE,0.08,0.08,0.08,0.08,0.0
2026-07-06 20:01:00+00:00,ETH,1791.65,1832.4,1786.2,1798.45,0.0
2026-07-06 20:01:00+00:00,SOL,81.93,83.68,81.63,81.9,0.0
2026-07-06 20:01:00+00:00,XRP,1.15,1.16,1.14,1.14,0.0
2026-07-07 00:00:00+00:00,BTC,63996.99999999999,64272.25,62747.5,63028.5,0.0
2026-07-07 00:00:00+00:00,DOGE,0.08,0.08,0.07,0.07,0.0
2026-07-07 00:00:00+00:00,ETH,1798.45,1809.2,1756.45,1769.8,0.0
2026-07-07 00:00:00+00:00,SOL,81.9,83.18,80.4,81.44,0.0
2026-07-07 00:00:00+00:00,XRP,1.14,1.15,1.12,1.13,0.0
2026-07-07 08:00:00+00:00,BTC,63028.5,64056.5,62594.74999999999,63887.75,0.0
2026-07-07 08:00:00+00:00,DOGE,0.07,0.08,0.07,0.08,0.0
2026-07-07 08:00:00+00:00,ETH,1769.8,1801.7,1760.0,1796.05,0.0
2026-07-07 08:00:00+00:00,SOL,81.44,82.29,80.42,82.06,0.0
2026-07-07 08:00:00+00:00,XRP,1.13,1.13,1.11,1.13,0.0
2026-07-07 16:00:00+00:00,BTC,63887.75,64202.0,63336.25,63778.5,0.0
2026-07-07 16:00:00+00:00,DOGE,0.08,0.08,0.07,0.07,0.0
2026-07-07 16:00:00+00:00,ETH,1796.05,1811.65,1771.8,1789.35,0.0
2026-07-07 16:00:00+00:00,SOL,82.06,82.72,80.71,81.31,0.0
2026-07-07 16:00:00+00:00,XRP,1.13,1.13,1.11,1.12,0.0
2026-07-07 20:01:00+00:00,BTC,63798.5,63865.5,63178.74999999999,63324.0,0.0
2026-07-07 20:01:00+00:00,DOGE,0.07,0.07,0.07,0.07,0.0
2026-07-07 20:01:00+00:00,ETH,1788.7,1791.95,1764.6,1770.15,0.0
2026-07-07 20:01:00+00:00,SOL,81.33,81.44,80.28,80.52,0.0
2026-07-07 20:01:00+00:00,XRP,1.12,1.12,1.11,1.11,0.0
2026-07-08 00:00:00+00:00,BTC,63324.0,63720.74999999999,62427.00000000001,62836.25,0.0
2026-07-08 00:00:00+00:00,DOGE,0.07,0.07,0.07,0.07,0.0
2026-07-08 00:00:00+00:00,ETH,1770.15,1783.6,1740.55,1755.25,0.0
2026-07-08 00:00:00+00:00,SOL,80.52,80.73,77.72,78.22,0.0
2026-07-08 00:00:00+00:00,XRP,1.11,1.12,1.09,1.09,0.0
2026-07-08 08:00:00+00:00,BTC,62836.25,62890.0,61469.25000000001,61635.25000000001,0.0
2026-07-08 08:00:00+00:00,DOGE,0.07,0.07,0.07,0.07,0.0
2026-07-08 08:00:00+00:00,ETH,1755.25,1757.3,1711.2,1721.05,0.0
2026-07-08 08:00:00+00:00,SOL,78.22,78.37,76.19,76.68,0.0
2026-07-08 08:00:00+00:00,XRP,1.09,1.09,1.07,1.07,0.0
2026-07-08 16:00:00+00:00,BTC,61635.25000000001,62341.75,61627.75,62228.25,0.0
2026-07-08 16:00:00+00:00,DOGE,0.07,0.07,0.07,0.07,0.0
2026-07-08 16:00:00+00:00,ETH,1721.05,1745.0,1721.0,1739.6,0.0
2026-07-08 16:00:00+00:00,SOL,76.68,77.6,76.67,77.36,0.0
2026-07-08 16:00:00+00:00,XRP,1.07,1.095,1.07,1.09,0.0
2026-07-08 20:01:00+00:00,BTC,62155.00000000001,62304.5,61909.75,62241.75,0.0
2026-07-08 20:01:00+00:00,DOGE,0.07,0.075,0.07,0.07,0.0
2026-07-08 20:01:00+00:00,ETH,1736.3,1743.3,1730.1,1742.0,0.0
2026-07-08 20:01:00+00:00,SOL,77.3,77.9,76.86,77.77,0.0
2026-07-08 20:01:00+00:00,XRP,1.09,1.09,1.08,1.09,0.0
2026-07-09 00:00:00+00:00,BTC,62241.75,63216.25,61642.74999999999,62945.5,0.0
2026-07-09 00:00:00+00:00,DOGE,0.07,0.07,0.07,0.07,0.0
2026-07-09 00:00:00+00:00,ETH,1742.0,1760.25,1720.4,1751.7,0.0
2026-07-09 00:00:00+00:00,SOL,77.77,78.79,76.64,78.15,0.0
2026-07-09 00:00:00+00:00,XRP,1.09,1.11,1.08,1.1,0.0
2026-07-09 08:00:00+00:00,BTC,62945.5,63203.5,62407.00000000001,62809.5,0.0
2026-07-09 08:00:00+00:00,DOGE,0.07,0.07,0.07,0.07,0.0
2026-07-09 08:00:00+00:00,ETH,1751.7,1757.4,1731.8,1737.95,0.0
2026-07-09 08:00:00+00:00,SOL,78.15,78.43,77.25,77.55,0.0
2026-07-09 08:00:00+00:00,XRP,1.1,1.1,1.09,1.09,0.0
2026-07-09 16:00:00+00:00,BTC,62809.5,63449.5,62501.5,63191.00000000001,0.0
2026-07-09 16:00:00+00:00,DOGE,0.07,0.07,0.07,0.07,0.0
2026-07-09 16:00:00+00:00,ETH,1737.95,1758.3,1730.35,1747.2,0.0
2026-07-09 16:00:00+00:00,SOL,77.55,78.38,77.19,78.11,0.0
2026-07-09 16:00:00+00:00,XRP,1.09,1.1,1.09,1.1,0.0
2026-07-09 20:01:00+00:00,BTC,63203.00000000001,63365.25000000001,63010.0,63174.5,0.0
2026-07-09 20:01:00+00:00,DOGE,0.07,0.07,0.07,0.07,0.0
2026-07-09 20:01:00+00:00,ETH,1747.4,1750.0,1740.35,1743.95,0.0
2026-07-09 20:01:00+00:00,SOL,78.09,78.24,77.73,77.97,0.0
2026-07-09 20:01:00+00:00,XRP,1.1,1.1,1.09,1.09,0.0
2026-07-10 00:00:00+00:00,BTC,63174.5,64150.0,62868.99999999999,63936.0,0.0
2026-07-10 00:00:00+00:00,DOGE,0.07,0.07,0.07,0.07,0.0
2026-07-10 00:00:00+00:00,ETH,1743.95,1779.1,1736.1,1772.4,0.0
2026-07-10 00:00:00+00:00,SOL,77.97,79.39,77.74,78.83,0.0
2026-07-10 00:00:00+00:00,XRP,1.09,1.11,1.09,1.1,0.0
2026-07-10 08:00:00+00:00,BTC,63936.0,64659.00000000001,63732.5,63985.25000000001,0.0
2026-07-10 08:00:00+00:00,DOGE,0.07,0.07,0.07,0.07,0.0
2026-07-10 08:00:00+00:00,ETH,1772.4,1810.8,1771.5,1789.85,0.0
2026-07-10 08:00:00+00:00,SOL,78.83,79.62,77.04,78.08,0.0
2026-07-10 08:00:00+00:00,XRP,1.1,1.12,1.1,1.1,0.0
2026-07-10 16:00:00+00:00,BTC,63985.25000000001,64175.5,63690.5,63886.0,0.0
2026-07-10 16:00:00+00:00,DOGE,0.07,0.07,0.07,0.07,0.0
2026-07-10 16:00:00+00:00,ETH,1789.85,1798.15,1780.15,1791.35,0.0
2026-07-10 16:00:00+00:00,SOL,78.08,78.19,77.27,77.83,0.0
2026-07-10 16:00:00+00:00,XRP,1.1,1.11,1.1,1.1,0.0
2026-07-12 07:00:00+00:00,BTC,63717.25000000001,63856.0,63698.25,63839.75,0.0
2026-07-12 07:00:00+00:00,DOGE,0.07,0.07,0.07,0.07,0.0
2026-07-12 07:00:00+00:00,ETH,1794.15,1798.1,1793.1,1797.65,0.0
2026-07-12 07:00:00+00:00,SOL,76.31,76.65,76.25,76.46,0.0
2026-07-12 07:00:00+00:00,XRP,1.09,1.09,1.09,1.09,0.0
2026-07-12 08:00:00+00:00,BTC,63839.75,64252.5,63724.74999999999,64137.75,0.0
2026-07-12 08:00:00+00:00,DOGE,0.07,0.07,0.07,0.07,0.0
2026-07-12 08:00:00+00:00,ETH,1797.65,1825.7,1795.65,1820.15,0.0
2026-07-12 08:00:00+00:00,SOL,76.46,77.64,76.33,77.41,0.0
2026-07-12 08:00:00+00:00,XRP,1.09,1.1,1.09,1.1,0.0
2026-07-12 16:00:00+00:00,BTC,64137.75,64207.5,63631.25000000001,63750.5,0.0
2026-07-12 16:00:00+00:00,DOGE,0.07,0.07,0.07,0.07,0.0
2026-07-12 16:00:00+00:00,ETH,1820.15,1823.35,1796.2,1805.65,0.0
2026-07-12 16:00:00+00:00,SOL,77.41,77.74,76.41,76.87,0.0
2026-07-12 16:00:00+00:00,XRP,1.1,1.1,1.08,1.09,0.0
2026-07-13 00:00:00+00:00,BTC,63750.5,64386.74999999999,62500.0,62937.25000000001,0.0
2026-07-13 00:00:00+00:00,DOGE,0.07,0.07,0.07,0.07,0.0
2026-07-13 00:00:00+00:00,ETH,1805.65,1845.25,1773.05,1786.1,0.0
2026-07-13 00:00:00+00:00,SOL,76.87,78.15,75.38,76.38,0.0
2026-07-13 00:00:00+00:00,XRP,1.09,1.1,1.07,1.08,0.0
2026-07-13 08:00:00+00:00,BTC,62937.25000000001,63555.00000000001,62040.5,62546.74999999999,0.0
2026-07-13 08:00:00+00:00,DOGE,0.07,0.07,0.07,0.07,0.0
2026-07-13 08:00:00+00:00,ETH,1786.1,1803.15,1761.1,1775.3,0.0
2026-07-13 08:00:00+00:00,SOL,76.38,76.83,75.03,75.73,0.0
2026-07-13 08:00:00+00:00,XRP,1.08,1.095,1.06,1.07,0.0
2026-07-13 16:00:00+00:00,BTC,62546.74999999999,62571.00000000001,61748.5,62216.25,0.0
2026-07-13 16:00:00+00:00,DOGE,0.07,0.07,0.07,0.07,0.0
2026-07-13 16:00:00+00:00,ETH,1775.3,1779.25,1748.55,1773.05,0.0
2026-07-13 16:00:00+00:00,SOL,75.73,75.97,74.46,75.11,0.0
2026-07-13 16:00:00+00:00,XRP,1.07,1.07,1.06,1.07,0.0
2026-07-13 20:01:00+00:00,BTC,62191.25000000001,62273.25000000001,61801.75,62264.25,0.0
2026-07-13 20:01:00+00:00,DOGE,0.07,0.07,0.07,0.07,0.0
2026-07-13 20:01:00+00:00,ETH,1772.4,1775.85,1751.05,1774.45,0.0
2026-07-13 20:01:00+00:00,SOL,75.09,75.27,74.03,74.91,0.0
2026-07-13 20:01:00+00:00,XRP,1.07,1.07,1.05,1.07,0.0
2026-07-14 00:00:00+00:00,BTC,62264.25,62805.75,62197.25000000001,62470.0,0.0
2026-07-14 00:00:00+00:00,DOGE,0.07,0.075,0.07,0.07,0.0
2026-07-14 00:00:00+00:00,ETH,1774.45,1792.65,1771.2,1778.8,0.0
2026-07-14 00:00:00+00:00,SOL,74.91,75.47,74.46,74.86,0.0
2026-07-14 00:00:00+00:00,XRP,1.07,1.07,1.06,1.07,0.0
2026-07-14 08:00:00+00:00,BTC,62470.0,64909.25000000001,62404.25,64701.5,0.0
2026-07-14 08:00:00+00:00,DOGE,0.07,0.08,0.07,0.07,0.0
2026-07-14 08:00:00+00:00,ETH,1778.8,1887.15,1776.7,1873.8,0.0
2026-07-14 08:00:00+00:00,SOL,74.86,77.79,74.75,77.31,0.0
2026-07-14 08:00:00+00:00,XRP,1.07,1.11,1.07,1.1,0.0
2026-07-14 16:00:00+00:00,BTC,64701.5,64842.25,64228.5,64544.25,0.0
2026-07-14 16:00:00+00:00,DOGE,0.07,0.08,0.07,0.07,0.0
2026-07-14 16:00:00+00:00,ETH,1873.8,1880.5,1860.2,1875.8,0.0
2026-07-14 16:00:00+00:00,SOL,77.31,77.61,76.78,77.13,0.0
2026-07-14 16:00:00+00:00,XRP,1.1,1.12,1.1,1.11,0.0
2026-07-14 20:01:00+00:00,BTC,64524.5,65052.5,64376.99999999999,64991.5,0.0
2026-07-14 20:01:00+00:00,DOGE,0.07,0.07,0.07,0.07,0.0
2026-07-14 20:01:00+00:00,ETH,1876.3,1893.85,1870.85,1890.5,0.0
2026-07-14 20:01:00+00:00,SOL,77.11,77.89,76.9,77.81,0.0
2026-07-14 20:01:00+00:00,XRP,1.11,1.11,1.1,1.11,0.0
2026-07-15 00:00:00+00:00,BTC,64991.5,65235.5,64440.25,64503.25000000001,0.0
2026-07-15 00:00:00+00:00,DOGE,0.07,0.07,0.07,0.07,0.0
2026-07-15 00:00:00+00:00,ETH,1890.5,1892.05,1863.2,1868.65,0.0
2026-07-15 00:00:00+00:00,SOL,77.81,78.65,76.98,77.37,0.0
2026-07-15 00:00:00+00:00,XRP,1.11,1.11,1.1,1.1,0.0
2026-07-15 08:00:00+00:00,BTC,64503.25000000001,65548.25,64503.25000000001,65371.75,0.0
2026-07-15 08:00:00+00:00,DOGE,0.07,0.08,0.07,0.07,0.0
2026-07-15 08:00:00+00:00,ETH,1868.65,1944.75,1868.6,1929.95,0.0
2026-07-15 08:00:00+00:00,SOL,77.37,78.96,77.17,78.0,0.0
2026-07-15 08:00:00+00:00,XRP,1.1,1.13,1.1,1.13,0.0
2026-07-15 16:00:00+00:00,BTC,65371.75,65411.25000000001,64699.25000000001,64935.75,0.0
2026-07-15 16:00:00+00:00,DOGE,0.07,0.07,0.07,0.07,0.0
2026-07-15 16:00:00+00:00,ETH,1929.95,1935.4,1902.75,1922.7,0.0
2026-07-15 16:00:00+00:00,SOL,78.0,78.05,76.88,77.13,0.0
2026-07-15 16:00:00+00:00,XRP,1.13,1.13,1.11,1.11,0.0
2026-07-15 20:01:00+00:00,BTC,64902.0,65014.74999999999,64649.75,64707.25000000001,0.0
2026-07-15 20:01:00+00:00,DOGE,0.07,0.07,0.07,0.07,0.0
2026-07-15 20:01:00+00:00,ETH,1922.0,1929.1,1913.55,1916.8,0.0
2026-07-15 20:01:00+00:00,SOL,77.13,77.69,77.07,77.23,0.0
2026-07-15 20:01:00+00:00,XRP,1.11,1.12,1.11,1.11,0.0
2026-07-16 00:00:00+00:00,BTC,64707.25000000001,64944.5,64031.25000000001,64176.25,0.0
2026-07-16 00:00:00+00:00,DOGE,0.07,0.07,0.07,0.07,0.0
2026-07-16 00:00:00+00:00,ETH,1916.8,1928.05,1903.7,1909.05,0.0
2026-07-16 00:00:00+00:00,SOL,77.23,77.55,76.14,76.36,0.0
2026-07-16 00:00:00+00:00,XRP,1.11,1.12,1.1,1.11,0.0
2026-07-16 08:00:00+00:00,BTC,64176.25,64848.5,63808.5,64656.5,0.0
2026-07-16 08:00:00+00:00,DOGE,0.07,0.07,0.07,0.07,0.0
2026-07-16 08:00:00+00:00,ETH,1909.05,1911.45,1866.2,1880.15,0.0
2026-07-16 08:00:00+00:00,SOL,76.36,76.8,75.57,76.56,0.0
2026-07-16 08:00:00+00:00,XRP,1.11,1.12,1.07,1.11,0.0
2026-07-16 16:00:00+00:00,BTC,64656.5,64670.0,63950.5,64223.75,0.0
2026-07-16 16:00:00+00:00,DOGE,0.07,0.07,0.07,0.07,0.0
2026-07-16 16:00:00+00:00,ETH,1880.15,1881.7,1860.55,1874.15,0.0
2026-07-16 16:00:00+00:00,SOL,76.56,76.57,75.34,75.75,0.0
2026-07-16 16:00:00+00:00,XRP,1.11,1.11,1.09,1.1,0.0
2026-07-16 20:01:00+00:00,BTC,64226.5,64226.5,63696.0,63773.25000000001,0.0
2026-07-16 20:01:00+00:00,DOGE,0.07,0.07,0.07,0.07,0.0
2026-07-16 20:01:00+00:00,ETH,1874.0,1880.1,1855.9,1863.1,0.0
2026-07-16 20:01:00+00:00,SOL,75.77,76.0,75.0,75.25,0.0
2026-07-16 20:01:00+00:00,XRP,1.1,1.1,1.08,1.09,0.0
2026-07-17 00:00:00+00:00,BTC,63773.25000000001,64010.74999999999,62655.25000000001,62772.0,0.0
2026-07-17 00:00:00+00:00,DOGE,0.07,0.07,0.07,0.07,0.0
2026-07-17 00:00:00+00:00,ETH,1863.1,1869.4,1819.1,1826.45,0.0
2026-07-17 00:00:00+00:00,SOL,75.25,75.69,74.22,74.55,0.0
2026-07-17 00:00:00+00:00,XRP,1.09,1.09,1.08,1.08,0.0
2026-07-17 08:00:00+00:00,BTC,62772.0,63456.25,62500.0,63404.0,0.0
2026-07-17 08:00:00+00:00,DOGE,0.07,0.07,0.07,0.07,0.0
2026-07-17 08:00:00+00:00,ETH,1826.45,1841.25,1801.55,1829.25,0.0
2026-07-17 08:00:00+00:00,SOL,74.55,74.93,73.31,74.72,0.0
2026-07-17 08:00:00+00:00,XRP,1.08,1.09,1.07,1.08,0.0
2026-07-17 16:00:00+00:00,BTC,63404.0,64347.25000000001,63256.99999999999,64116.74999999999,0.0
2026-07-17 16:00:00+00:00,DOGE,0.07,0.07,0.07,0.07,0.0
2026-07-17 16:00:00+00:00,ETH,1829.25,1855.2,1825.0,1842.5,0.0
2026-07-17 16:00:00+00:00,SOL,74.72,75.56,74.55,75.15,0.0
2026-07-17 16:00:00+00:00,XRP,1.08,1.095,1.08,1.09,0.0
2026-07-19 07:00:00+00:00,BTC,64670.25,64738.74999999999,64632.99999999999,64673.5,0.0
2026-07-19 07:00:00+00:00,DOGE,0.07,0.07,0.07,0.07,0.0
2026-07-19 07:00:00+00:00,ETH,1868.05,1870.75,1865.85,1868.9,0.0
2026-07-19 07:00:00+00:00,SOL,76.05,76.28,75.95,76.09,0.0
2026-07-19 07:00:00+00:00,XRP,1.1,1.1,1.09,1.09,0.0
2026-07-19 08:00:00+00:00,BTC,64673.5,64700.25,64241.25000000001,64538.25,0.0
2026-07-19 08:00:00+00:00,DOGE,0.07,0.07,0.07,0.07,0.0
2026-07-19 08:00:00+00:00,ETH,1868.9,1877.7,1862.8,1869.4,0.0
2026-07-19 08:00:00+00:00,SOL,76.09,76.63,75.7,76.16,0.0
2026-07-19 08:00:00+00:00,XRP,1.09,1.1,1.09,1.1,0.0
2026-07-19 16:00:00+00:00,BTC,64538.25,64852.99999999999,64249.5,64684.5,0.0
2026-07-19 16:00:00+00:00,DOGE,0.07,0.07,0.07,0.07,0.0
2026-07-19 16:00:00+00:00,ETH,1869.4,1875.7,1851.85,1870.95,0.0
2026-07-19 16:00:00+00:00,SOL,76.16,76.51,75.33,76.33,0.0
2026-07-19 16:00:00+00:00,XRP,1.1,1.1,1.09,1.1,0.0
2026-07-20 00:00:00+00:00,BTC,64684.5,65051.75,63742.0,64213.75,0.0
2026-07-20 00:00:00+00:00,DOGE,0.07,0.07,0.07,0.07,0.0
2026-07-20 00:00:00+00:00,ETH,1870.95,1890.25,1841.5,1862.4,0.0
2026-07-20 00:00:00+00:00,SOL,76.33,77.36,75.46,76.15,0.0
2026-07-20 00:00:00+00:00,XRP,1.1,1.11,1.08,1.09,0.0
2026-07-20 08:00:00+00:00,BTC,64213.75,65614.25,63795.00000000001,65550.0,0.0
2026-07-20 08:00:00+00:00,DOGE,0.07,0.07,0.07,0.07,0.0
2026-07-20 08:00:00+00:00,ETH,1862.4,1903.8,1851.65,1901.0,0.0
2026-07-20 08:00:00+00:00,SOL,76.15,77.86,75.71,77.71,0.0
2026-07-20 08:00:00+00:00,XRP,1.09,1.11,1.09,1.11,0.0
2026-07-20 16:00:00+00:00,BTC,65550.0,65741.25,65000.0,65100.0,0.0
2026-07-20 16:00:00+00:00,DOGE,0.07,0.07,0.07,0.07,0.0
2026-07-20 16:00:00+00:00,ETH,1901.0,1916.95,1888.7,1897.4,0.0
2026-07-20 16:00:00+00:00,SOL,77.71,78.31,77.24,77.58,0.0
2026-07-20 16:00:00+00:00,XRP,1.11,1.12,1.11,1.12,0.0
2026-07-20 20:01:00+00:00,BTC,65100.99999999999,65400.5,65016.25,65214.0,0.0
2026-07-20 20:01:00+00:00,DOGE,0.07,0.07,0.07,0.07,0.0
2026-07-20 20:01:00+00:00,ETH,1896.95,1906.3,1892.85,1903.45,0.0
2026-07-20 20:01:00+00:00,SOL,77.58,78.0,77.37,77.8,0.0
2026-07-20 20:01:00+00:00,XRP,1.11,1.12,1.11,1.11,0.0
2026-07-21 00:00:00+00:00,BTC,65214.0,66204.0,65108.0,66138.75,0.0
2026-07-21 00:00:00+00:00,DOGE,0.07,0.07,0.07,0.07,0.0
2026-07-21 00:00:00+00:00,ETH,1903.45,1939.1,1899.45,1932.75,0.0
2026-07-21 00:00:00+00:00,SOL,77.8,78.82,77.61,78.52,0.0
2026-07-21 00:00:00+00:00,XRP,1.11,1.14,1.11,1.14,0.0
2026-07-21 08:00:00+00:00,BTC,66138.75,66923.75,65438.25,66681.25,0.0
2026-07-21 08:00:00+00:00,DOGE,0.07,0.075,0.07,0.07,0.0
2026-07-21 08:00:00+00:00,ETH,1932.75,1956.7,1891.05,1930.7,0.0
2026-07-21 08:00:00+00:00,SOL,78.52,78.68,77.75,78.11,0.0
2026-07-21 08:00:00+00:00,XRP,1.14,1.16,1.11,1.15,0.0
2026-07-21 16:00:00+00:00,BTC,66681.25,66700.0,65987.75,66422.25,0.0
2026-07-21 16:00:00+00:00,DOGE,0.07,0.07,0.07,0.07,0.0
2026-07-21 16:00:00+00:00,ETH,1930.7,1934.35,1914.1,1922.55,0.0
2026-07-21 16:00:00+00:00,SOL,78.11,78.21,77.41,77.84,0.0
2026-07-21 16:00:00+00:00,XRP,1.15,1.16,1.15,1.16,0.0
2026-07-21 20:01:00+00:00,BTC,66324.75,66537.0,66169.0,66515.75,0.0
2026-07-21 20:01:00+00:00,DOGE,0.07,0.07,0.07,0.07,0.0
2026-07-21 20:01:00+00:00,ETH,1920.95,1930.2,1915.45,1928.95,0.0
2026-07-21 20:01:00+00:00,SOL,77.84,78.16,77.76,78.09,0.0
2026-07-21 20:01:00+00:00,XRP,1.16,1.16,1.14,1.14,0.0
2026-07-22 00:00:00+00:00,BTC,66515.75,66700.75,65670.0,65801.0,0.0
2026-07-22 00:00:00+00:00,DOGE,0.07,0.07,0.07,0.07,0.0
2026-07-22 00:00:00+00:00,ETH,1928.95,1943.0,1909.55,1912.95,0.0
2026-07-22 00:00:00+00:00,SOL,78.09,78.54,76.95,77.06,0.0
2026-07-22 00:00:00+00:00,XRP,1.14,1.15,1.13,1.13,0.0
2026-07-22 08:00:00+00:00,BTC,65801.0,66171.0,65495.75,66017.25,0.0
2026-07-22 08:00:00+00:00,DOGE,0.07,0.07,0.07,0.07,0.0
2026-07-22 08:00:00+00:00,ETH,1912.95,1954.5,1911.75,1942.0,0.0
2026-07-22 08:00:00+00:00,SOL,77.06,78.81,76.97,78.43,0.0
2026-07-22 08:00:00+00:00,XRP,1.13,1.16,1.13,1.15,0.0
2026-07-22 16:00:00+00:00,BTC,66017.25,66361.0,65661.0,65902.0,0.0
2026-07-22 16:00:00+00:00,DOGE,0.07,0.07,0.07,0.07,0.0
2026-07-22 16:00:00+00:00,ETH,1942.0,1955.0,1920.05,1924.0,0.0
2026-07-22 16:00:00+00:00,SOL,78.43,78.78,77.26,77.63,0.0
2026-07-22 16:00:00+00:00,XRP,1.15,1.16,1.14,1.14,0.0
2026-07-22 20:01:00+00:00,BTC,65885.0,66107.5,65762.25,66083.0,0.0
2026-07-22 20:01:00+00:00,DOGE,0.07,0.07,0.07,0.07,0.0
2026-07-22 20:01:00+00:00,ETH,1925.65,1938.95,1921.8,1933.45,0.0
2026-07-22 20:01:00+00:00,SOL,77.66,78.09,77.46,77.94,0.0
2026-07-22 20:01:00+00:00,XRP,1.14,1.14,1.13,1.14,0.0
2026-07-23 00:00:00+00:00,BTC,66083.0,66282.5,65315.75,65398.74999999999,0.0
2026-07-23 00:00:00+00:00,DOGE,0.07,0.07,0.07,0.07,0.0
2026-07-23 00:00:00+00:00,ETH,1933.45,1940.75,1911.1,1914.2,0.0
2026-07-23 00:00:00+00:00,SOL,77.94,78.49,77.0,77.12,0.0
2026-07-23 00:00:00+00:00,XRP,1.14,1.14,1.13,1.13,0.0
2026-07-23 08:00:00+00:00,BTC,65398.74999999999,65758.0,64675.75,64908.74999999999,0.0
2026-07-23 08:00:00+00:00,DOGE,0.07,0.07,0.07,0.07,0.0
2026-07-23 08:00:00+00:00,ETH,1914.2,1930.6,1881.65,1894.0,0.0
2026-07-23 08:00:00+00:00,SOL,77.12,77.84,75.8,76.33,0.0
2026-07-23 08:00:00+00:00,XRP,1.13,1.14,1.1,1.11,0.0
2026-07-23 16:00:00+00:00,BTC,64908.74999999999,64908.99999999999,64590.0,64784.5,0.0
2026-07-23 16:00:00+00:00,DOGE,0.07,0.07,0.07,0.07,0.0
2026-07-23 16:00:00+00:00,ETH,1894.0,1894.15,1867.4,1873.65,0.0
2026-07-23 16:00:00+00:00,SOL,76.33,76.33,75.35,75.69,0.0
2026-07-23 16:00:00+00:00,XRP,1.11,1.11,1.1,1.1,0.0
2026-07-23 20:01:00+00:00,BTC,64821.75,65176.99999999999,64814.74999999999,65050.25,0.0
2026-07-23 20:01:00+00:00,DOGE,0.07,0.07,0.07,0.07,0.0
2026-07-23 20:01:00+00:00,ETH,1875.25,1887.3,1873.4,1876.8,0.0
2026-07-23 20:01:00+00:00,SOL,75.75,76.21,75.74,75.81,0.0
2026-07-23 20:01:00+00:00,XRP,1.1,1.11,1.1,1.11,0.0
2026-07-24 00:00:00+00:00,BTC,65050.25,65762.75,64706.25,65452.5,0.0
2026-07-24 00:00:00+00:00,DOGE,0.07,0.07,0.07,0.07,0.0
2026-07-24 00:00:00+00:00,ETH,1876.8,1908.4,1858.4,1894.65,0.0
2026-07-24 00:00:00+00:00,SOL,75.81,76.39,75.24,76.02,0.0
2026-07-24 00:00:00+00:00,XRP,1.11,1.12,1.1,1.11,0.0
2026-07-24 08:00:00+00:00,BTC,65452.5,65458.74999999999,63659.25000000001,64029.75,0.0
2026-07-24 08:00:00+00:00,DOGE,0.07,0.07,0.07,0.07,0.0
2026-07-24 08:00:00+00:00,ETH,1894.65,1894.75,1846.1,1860.15,0.0
2026-07-24 08:00:00+00:00,SOL,76.02,76.03,73.53,73.97,0.0
2026-07-24 08:00:00+00:00,XRP,1.11,1.11,1.09,1.09,0.0
2026-07-24 16:00:00+00:00,BTC,64029.75,64237.25000000001,63810.74999999999,64162.5,0.0
2026-07-24 16:00:00+00:00,DOGE,0.07,0.07,0.07,0.07,0.0
2026-07-24 16:00:00+00:00,ETH,1860.15,1865.05,1851.55,1862.05,0.0
2026-07-24 16:00:00+00:00,SOL,73.97,74.15,73.64,73.88,0.0
2026-07-24 16:00:00+00:00,XRP,1.09,1.09,1.08,1.09,0.0
2026-07-26 07:00:00+00:00,BTC,64375.25000000001,64394.5,64285.25000000001,64306.0,0.0
2026-07-26 07:00:00+00:00,DOGE,0.07,0.07,0.07,0.07,0.0
2026-07-26 07:00:00+00:00,ETH,1883.35,1884.7,1878.9,1879.8,0.0
2026-07-26 07:00:00+00:00,SOL,75.06,75.09,74.79,74.81,0.0
2026-07-26 07:00:00+00:00,XRP,1.1,1.1,1.1,1.1,0.0
2026-07-26 08:00:00+00:00,BTC,64306.0,64773.5,64290.74999999999,64711.25000000001,0.0
2026-07-26 08:00:00+00:00,DOGE,0.07,0.07,0.07,0.07,0.0
2026-07-26 08:00:00+00:00,ETH,1879.8,1915.35,1877.75,1913.0,0.0
2026-07-26 08:00:00+00:00,SOL,74.81,75.44,74.75,75.43,0.0
2026-07-26 08:00:00+00:00,XRP,1.1,1.1,1.1,1.1,0.0
2026-07-26 16:00:00+00:00,BTC,64711.25000000001,65511.5,64577.75,65335.25000000001,0.0
2026-07-26 16:00:00+00:00,DOGE,0.07,0.07,0.07,0.07,0.0
2026-07-26 16:00:00+00:00,ETH,1913.0,1965.3,1907.15,1952.9,0.0
2026-07-26 16:00:00+00:00,SOL,75.43,77.03,75.18,76.71,0.0
2026-07-26 16:00:00+00:00,XRP,1.1,1.12,1.1,1.11,0.0
2026-07-27 00:00:00+00:00,BTC,65335.25000000001,65666.0,64841.25000000001,65163.25000000001,0.0
2026-07-27 00:00:00+00:00,DOGE,0.07,0.07,0.07,0.07,0.0
2026-07-27 00:00:00+00:00,ETH,1952.9,1978.45,1934.5,1963.0,0.0
2026-07-27 00:00:00+00:00,SOL,76.71,76.91,75.92,76.4,0.0
2026-07-27 00:00:00+00:00,XRP,1.11,1.11,1.1,1.11,0.0
2026-07-27 08:00:00+00:00,BTC,65163.25000000001,65650.0,64341.25000000001,64476.5,0.0
2026-07-27 08:00:00+00:00,DOGE,0.07,0.07,0.07,0.07,0.0
2026-07-27 08:00:00+00:00,ETH,1963.0,1976.05,1916.9,1925.3,0.0
2026-07-27 08:00:00+00:00,SOL,76.4,77.43,74.93,75.21,0.0
2026-07-27 08:00:00+00:00,XRP,1.11,1.11,1.08,1.09,0.0
2026-07-27 16:00:00+00:00,BTC,64476.5,65023.25000000001,64432.99999999999,64913.75,0.0
2026-07-27 16:00:00+00:00,DOGE,0.07,0.07,0.07,0.07,0.0
2026-07-27 16:00:00+00:00,ETH,1925.3,1953.65,1920.55,1946.45,0.0
2026-07-27 16:00:00+00:00,SOL,75.21,76.18,75.1,75.91,0.0
2026-07-27 16:00:00+00:00,XRP,1.09,1.09,1.08,1.09,0.0
2026-07-27 20:01:00+00:00,BTC,64982.25,64986.25,63542.0,63695.00000000001,0.0
2026-07-27 20:01:00+00:00,DOGE,0.07,0.07,0.07,0.07,0.0
2026-07-27 20:01:00+00:00,ETH,1948.1,1948.7,1881.3,1890.45,0.0
2026-07-27 20:01:00+00:00,SOL,75.97,76.07,73.67,74.13,0.0
2026-07-27 20:01:00+00:00,XRP,1.09,1.09,1.06,1.07,0.0
2026-07-28 00:00:00+00:00,BTC,63695.00000000001,63763.75,63338.0,63344.5,0.0
2026-07-28 00:00:00+00:00,DOGE,0.07,0.07,0.07,0.07,0.0
2026-07-28 00:00:00+00:00,ETH,1890.45,1892.8,1872.9,1875.85,0.0
2026-07-28 00:00:00+00:00,SOL,74.13,74.23,73.26,73.36,0.0
2026-07-28 00:00:00+00:00,XRP,1.07,1.07,1.06,1.06,0.0
