timestamp,ticker,open,high,low,close,volume
2021-06-28,ADA,2591.42,2622.81,2560.02,2591.42,5276573
2021-06-28,AVAX,1787.3,1851.69,1722.91,1787.3,13020655
2021-06-28,BCH,139.64,142.08,137.2,139.64,16839824
2021-06-28,BTC,639.97,645.46,634.48,639.97,19398558
2021-06-28,DOGE,2932.01,2969.32,2894.69,2932.01,10650255
2021-06-28,ETH,2685.99,2727.59,2644.39,2685.99,9704414
2021-06-28,LINK,1136.99,1142.75,1131.24,1136.99,8521716
2021-06-28,LTC,2342.22,2411.56,2272.87,2342.22,19335566
2021-06-28,SOL,1783.5,1804.3,1762.69,1783.5,2214239
2021-06-28,XRP,703.48,704.26,702.7,703.48,8053392
2021-06-29,ADA,2591.42,2683.97,2559.25,2651.8,3819855
2021-06-29,AVAX,1787.3,1833.39,1726.36,1772.45,9561875
2021-06-29,BCH,139.64,148.3,131.65,140.31,2373586
2021-06-29,BTC,639.97,640.72,616.68,617.42,6002341
2021-06-29,DOGE,2932.01,3125.2,2897.86,3091.05,10828678
2021-06-29,ETH,2685.99,2719.69,2622.64,2656.34,9145614
2021-06-29,LINK,1136.99,1156.24,1135.26,1154.51,4303249
2021-06-29,LTC,2342.22,2361.42,2132.26,2151.47,14410330
2021-06-29,SOL,1783.5,1850.82,1627.36,1694.68,13701040
2021-06-29,XRP,703.48,735.78,689.32,721.62,12266025
2021-06-30,ADA,2651.8,2731.8,2579.27,2659.26,19757242
2021-06-30,AVAX,1772.45,1799.58,1649.44,1676.56,15794647
2021-06-30,BCH,140.31,141.88,129.24,130.82,1499356
2021-06-30,BTC,617.42,623.35,590.61,596.54,5508050
2021-06-30,DOGE,3091.05,3185.92,3043.3,3138.17,7022616
2021-06-30,ETH,2656.34,2674.43,2645.61,2663.69,13016288
2021-06-30,LINK,1154.51,1171.46,1129.15,1146.1,10170106
2021-06-30,LTC,2151.47,2177.1,1923.17,1948.81,2385546
2021-06-30,SOL,1694.68,1773.72,1683.56,1762.6,11172229
2021-06-30,XRP,721.62,771.02,639.09,688.49,5240443
2021-07-01,ADA,2659.26,2998.25,2581.92,2920.91,2948060
2021-07-01,AVAX,1676.56,1690.03,1642.18,1655.64,4640732
2021-07-01,BCH,130.82,132.62,127.73,129.52,16852254
2021-07-01,BTC,596.54,623.53,576.4,603.39,17135957
2021-07-01,DOGE,3138.17,3189.7,3101.49,3153.02,10796491
2021-07-01,ETH,2663.69,2693.69,2579.58,2609.58,18983365
2021-07-01,LINK,1146.1,1198.44,1138.78,1191.13,1163415
2021-07-01,LTC,1948.81,2114.26,1887.67,2053.12,10653236
2021-07-01,SOL,1762.6,1770.09,1710.71,1718.2,4072526
2021-07-01,XRP,688.49,781.21,653.62,746.34,4243872
2021-07-02,ADA,2920.91,2926.62,2916.91,2922.62,10646462
2021-07-02,AVAX,1655.64,1796.38,1646.09,1786.83,3839988
2021-07-02,BCH,129.52,133.11,127.68,131.26,11986332
2021-07-02,BTC,603.39,619.67,602.05,618.34,7379390
2021-07-02,DOGE,3153.02,3183.84,3058.89,3089.71,11349766
2021-07-02,ETH,2609.58,2703.13,2591.54,2685.09,13514064
2021-07-02,LINK,1191.13,1192.92,1149.73,1151.53,14566823
2021-07-02,LTC,2053.12,2169.53,2022.9,2139.31,2920140
2021-07-02,SOL,1718.2,1770.55,1690.51,1742.86,18229266
2021-07-02,XRP,746.34,766.33,714.33,734.33,5800132
2021-07-03,ADA,2922.62,2934.47,2911.6,2923.46,19602553
2021-07-03,AVAX,1786.83,1905.62,1739.41,1858.2,6759048
2021-07-03,BCH,131.26,133.92,126.52,129.17,14317335
2021-07-03,BTC,618.34,633.95,578.15,593.76,3456651
2021-07-03,DOGE,3089.71,3117.15,3038.23,3065.67,1209243
2021-07-03,ETH,2685.09,2731.7,2611.55,2658.16,15890101
2021-07-03,LINK,1151.53,1194.28,1150.94,1193.69,1806144
2021-07-03,LTC,2139.31,2274.4,2121.03,2256.12,9076511
2021-07-03,SOL,1742.86,1998.79,1678.14,1934.08,18691144
2021-07-03,XRP,734.33,778.62,718.84,763.13,19125991
2021-07-04,ADA,2923.46,2956.6,2775.81,2808.95,16923576
2021-07-04,AVAX,1858.2,1928.48,1628.46,1698.75,16097350
2021-07-04,BCH,129.17,131.1,124.42,126.35,5228129
2021-07-04,BTC,593.76,597.46,570.45,574.15,8495589
2021-07-04,DOGE,3065.67,3091.14,3016.68,3042.15,13571776
2021-07-04,ETH,2658.16,2697.06,2492.39,2531.3,11276722
2021-07-04,LINK,1193.69,1238.28,1164.78,1209.36,1129447
2021-07-04,LTC,2256.12,2294.37,2197.51,2235.76,2088386
2021-07-04,SOL,1934.08,1944.62,1881.91,1892.45,13401812
2021-07-04,XRP,763.13,805.09,754.54,796.5,10749111
2021-07-05,ADA,2808.95,3035.86,2709.65,2936.55,7550554
2021-07-05,AVAX,1698.75,1711.89,1642.22,1655.36,17817319
2021-07-05,BCH,126.35,128.26,121.82,123.74,13533575
2021-07-05,BTC,574.15,601.02,565.91,592.78,10078776
2021-07-05,DOGE,3042.15,3194.49,2989.42,3141.76,13375745
2021-07-05,ETH,2531.3,2535.15,2506.84,2510.69,3706282
2021-07-05,LINK,1209.36,1219.16,1197.47,1207.27,3918135
2021-07-05,LTC,2235.76,2270.52,1982.18,2016.94,3496648
2021-07-05,SOL,1892.45,2033.52,1853.66,1994.72,1529772
2021-07-05,XRP,796.5,831.14,795.94,830.58,16817893
2021-07-06,ADA,2936.55,2968.67,2905.25,2937.37,12571837
2021-07-06,AVAX,1655.36,1662.8,1457.06,1464.5,5120261
2021-07-06,BCH,123.74,129.06,113.88,119.2,4755011
2021-07-06,BTC,592.78,604.31,590.44,601.97,16257202
2021-07-06,DOGE,3141.76,3195.67,2948.87,3002.77,6919370
2021-07-06,ETH,2510.69,2533.39,2503.56,2526.27,9195733
2021-07-06,LINK,1207.27,1208.51,1188.18,1189.42,18445830
2021-07-06,LTC,2016.94,2153.46,1968.46,2104.98,3545287
2021-07-06,SOL,1994.72,2009.23,1938.99,1953.49,4886343
2021-07-06,XRP,830.58,921.17,819.86,910.45,17369332
2021-07-07,ADA,2937.37,3032.22,2921.39,3016.25,13151537
2021-07-07,AVAX,1464.5,1499.94,1327.46,1362.89,2380156
2021-07-07,BCH,119.2,121.38,118.97,121.14,11578591
2021-07-07,BTC,601.97,628.86,570.61,597.5,4918281
2021-07-07,DOGE,3002.77,3013.28,2977.23,2987.73,16421493
2021-07-07,ETH,2526.27,2629.84,2506.51,2610.08,2264527
2021-07-07,LINK,1189.42,1240.34,1165.99,1216.91,1914666
2021-07-07,LTC,2104.98,2139.45,1805.57,1840.05,15089291
2021-07-07,SOL,1953.49,2149.01,1889.4,2084.92,15827574
2021-07-07,XRP,910.45,917.47,857.39,864.41,8606154
2021-07-08,ADA,3016.25,3104.89,2983.2,3071.85,9043565
2021-07-08,AVAX,1362.89,1406.86,1330.97,1374.94,13230965
2021-07-08,BCH,121.14,131.4,118.72,128.98,4461913
2021-07-08,BTC,597.5,640.35,588.59,631.44,5041799
2021-07-08,DOGE,2987.73,3075.95,2823.28,2911.5,3932466
2021-07-08,ETH,2610.08,2727.44,2576.99,2694.35,5479517
2021-07-08,LINK,1216.91,1355.14,1169.23,1307.46,7335045
2021-07-08,LTC,1840.05,1872.27,1735.12,1767.34,9707603
2021-07-08,SOL,2084.92,2188.42,2023.82,2127.32,6108917
2021-07-08,XRP,864.41,889.26,790.94,815.79,5892865
2021-07-09,ADA,3071.85,3118.6,2979.9,3026.65,8884522
2021-07-09,AVAX,1374.94,1379.69,1235.64,1240.38,17011176
2021-07-09,BCH,128.98,136.8,118.46,126.29,12313490
2021-07-09,BTC,631.44,640.95,618.81,628.33,2574097
2021-07-09,DOGE,2911.5,3091.69,2849.25,3029.45,12061248
2021-07-09,ETH,2694.35,2707.32,2674.23,2687.2,8999740
2021-07-09,LINK,1307.46,1332.64,1305.87,1331.04,17389590
2021-07-09,LTC,1767.34,1815.18,1631.09,1678.94,1212398
2021-07-09,SOL,2127.32,2258.17,2087.2,2218.06,10465574
2021-07-09,XRP,815.79,828.62,795.45,808.28,16020709
2021-07-10,ADA,3026.65,3039.12,3020.39,3032.87,15928499
2021-07-10,AVAX,1240.38,1315.34,1142.73,1217.69,3985468
2021-07-10,BCH,126.29,129.24,119.62,122.57,12066635
2021-07-10,BTC,628.33,656.97,627.75,656.39,1651289
2021-07-10,DOGE,3029.45,3134.21,2901.58,3006.34,7446948
2021-07-10,ETH,2687.2,2694.95,2687.15,2694.91,6628024
2021-07-10,LINK,1331.04,1340.37,1315.2,1324.52,10617531
2021-07-10,LTC,1678.94,1817.13,1640.38,1778.57,6943661
2021-07-10,SOL,2218.06,2236.19,2182.18,2200.31,1497155
2021-07-10,XRP,808.28,830.26,752.33,774.31,18914338
2021-07-11,ADA,3032.87,3278.03,2996.97,3242.14,17584827
2021-07-11,AVAX,1217.69,1249.7,1205.47,1237.47,8236734
2021-07-11,BCH,122.57,128.26,109.19,114.88,8185729
2021-07-11,BTC,656.39,714.62,635.37,693.6,17028080
2021-07-11,DOGE,3006.34,3097.04,2980.13,3070.83,8640075
2021-07-11,ETH,2694.91,2715.76,2648.04,2668.89,14428238
2021-07-11,LINK,1324.52,1339.64,1215.67,1230.79,6935172
2021-07-11,LTC,1778.57,1844.64,1641.41,1707.48,1042981
2021-07-11,SOL,2200.31,2320.16,2012.01,2131.86,1509914
2021-07-11,XRP,774.31,780.66,718.77,725.11,14441148
2021-07-12,ADA,3242.14,3244.99,3222.37,3225.22,8506802
2021-07-12,AVAX,1237.47,1267.32,1204.05,1233.89,16880179
2021-07-12,BCH,114.88,121.09,114.27,120.48,1884402
2021-07-12,BTC,693.6,716.93,657.56,680.88,16384981
2021-07-12,DOGE,3070.83,3128.89,2781.0,2839.07,18015444
2021-07-12,ETH,2668.89,2705.72,2581.75,2618.57,2558757
2021-07-12,LINK,1230.79,1236.96,1174.07,1180.24,12156873
2021-07-12,LTC,1707.48,1872.43,1693.16,1858.11,4245956
2021-07-12,SOL,2131.86,2166.82,1992.71,2027.67,19215780
2021-07-12,XRP,725.11,790.04,696.94,761.87,2633218
2021-07-13,ADA,3225.22,3376.53,3165.96,3317.27,17297940
2021-07-13,AVAX,1233.89,1335.62,1200.85,1302.58,9033763
2021-07-13,BCH,120.48,122.45,116.04,118.01,5359267
2021-07-13,BTC,680.88,687.4,675.7,682.21,18803606
2021-07-13,DOGE,2839.07,2978.02,2777.32,2916.27,1836983
2021-07-13,ETH,2618.57,2624.93,2555.36,2561.72,2790503
2021-07-13,LINK,1180.24,1210.28,1124.37,1154.41,17218749
2021-07-13,LTC,1858.11,2085.4,1803.22,2030.51,8541054
2021-07-13,SOL,2027.67,2114.0,1967.89,2054.22,15963250
2021-07-13,XRP,761.87,766.71,700.22,705.05,8697854
2021-07-14,ADA,3317.27,3327.65,3309.13,3319.52,4373353
2021-07-14,AVAX,1302.58,1469.83,1247.33,1414.59,16102305
2021-07-14,BCH,118.01,120.56,115.24,117.78,13287516
2021-07-14,BTC,682.21,738.67,677.46,733.91,7972443
2021-07-14,DOGE,2916.27,3000.43,2860.94,2945.1,19692285
2021-07-14,ETH,2561.72,2630.51,2501.82,2570.61,18348411
2021-07-14,LINK,1154.41,1166.88,1145.62,1158.09,8602246
2021-07-14,LTC,2030.51,2348.47,1935.28,2253.24,7591904
2021-07-14,SOL,2054.22,2189.83,2002.22,2137.83,1124256
2021-07-14,XRP,705.05,706.65,702.16,703.77,3578124
2021-07-15,ADA,3319.52,3346.83,3095.03,3122.35,3988481
2021-07-15,AVAX,1414.59,1607.88,1379.7,1572.99,6764607
2021-07-15,BCH,117.78,119.34,117.7,119.27,9697448
2021-07-15,BTC,733.91,785.6,714.23,765.92,14583118
2021-07-15,DOGE,2945.1,3027.74,2902.97,2985.61,15405270
2021-07-15,ETH,2570.61,2601.38,2487.73,2518.5,11017330
2021-07-15,LINK,1158.09,1223.64,1142.54,1208.09,10089975
2021-07-15,LTC,2253.24,2315.16,2113.06,2174.98,12699782
2021-07-15,SOL,2137.83,2232.93,1991.37,2086.46,18007619
2021-07-15,XRP,703.77,708.66,688.89,693.78,19576491
2021-07-16,ADA,3122.35,3209.69,3101.01,3188.35,3019665
2021-07-16,AVAX,1572.99,1595.48,1515.74,1538.23,18434343
2021-07-16,BCH,119.27,119.44,105.67,105.85,12134337
2021-07-16,BTC,765.92,777.73,764.9,776.7,5549514
2021-07-16,DOGE,2985.61,3029.4,2972.14,3015.94,2790482
2021-07-16,ETH,2518.5,2560.98,2481.23,2523.71,19373806
2021-07-16,LINK,1208.09,1286.73,1189.61,1268.26,6891907
2021-07-16,LTC,2174.98,2221.35,2043.37,2089.74,18157400
2021-07-16,SOL,2086.46,2128.86,2033.62,2076.02,3568515
2021-07-16,XRP,693.78,711.07,680.97,698.26,6707028
2021-07-17,ADA,3188.35,3192.65,3164.44,3168.74,1355174
2021-07-17,AVAX,1538.23,1538.3,1345.97,1346.04,14270917
2021-07-17,BCH,105.85,108.86,103.14,106.15,2947815
2021-07-17,BTC,776.7,793.31,700.37,716.98,11681476
2021-07-17,DOGE,3015.94,3135.56,2953.83,3073.46,11136491
2021-07-17,ETH,2523.71,2578.1,2505.14,2559.54,8840110
2021-07-17,LINK,1268.26,1270.59,1255.31,1257.63,9819505
2021-07-17,LTC,2089.74,2185.16,2087.87,2183.28,13750665
2021-07-17,SOL,2076.02,2182.75,2068.01,2174.74,12370264
2021-07-17,XRP,698.26,757.44,688.31,747.49,19068053
2021-07-18,ADA,3168.74,3228.35,3063.01,3122.62,13937579
2021-07-18,AVAX,1346.04,1432.94,1302.89,1389.78,11344327
2021-07-18,BCH,106.15,107.58,104.89,106.31,9532340
2021-07-18,BTC,716.98,774.55,700.97,758.55,3348386
2021-07-18,DOGE,3073.46,3290.85,3055.58,3272.97,1543454
2021-07-18,ETH,2559.54,2605.94,2521.11,2567.51,12085633
2021-07-18,LINK,1257.63,1277.1,1178.81,1198.28,13868227
2021-07-18,LTC,2183.28,2558.7,2092.58,2468.0,16983601
2021-07-18,SOL,2174.74,2176.69,2114.94,2116.88,14411644
2021-07-18,XRP,747.49,768.92,733.71,755.14,13572431
2021-07-19,ADA,3122.62,3134.11,3095.54,3107.02,17030034
2021-07-19,AVAX,1389.78,1395.06,1323.79,1329.07,8627989
2021-07-19,BCH,106.31,110.58,96.42,100.69,13737256
2021-07-19,BTC,758.55,779.92,756.18,777.55,18239054
2021-07-19,DOGE,3272.97,3297.5,3164.85,3189.38,11761064
2021-07-19,ETH,2567.51,2573.12,2522.47,2528.09,6637442
2021-07-19,LINK,1198.28,1258.0,1158.52,1218.25,11555650
2021-07-19,LTC,2468.0,2690.5,2306.53,2529.03,7733326
2021-07-19,SOL,2116.88,2253.5,2086.88,2223.5,16425034
2021-07-19,XRP,755.14,757.49,750.29,752.64,3321464
2021-07-20,ADA,3107.02,3403.77,3049.22,3345.97,10010711
2021-07-20,AVAX,1329.07,1408.23,1262.52,1341.68,9602397
2021-07-20,BCH,100.69,100.77,98.34,98.42,12322635
2021-07-20,BTC,777.55,824.62,758.39,805.46,19352784
2021-07-20,DOGE,3189.38,3364.47,3109.79,3284.88,12072695
2021-07-20,ETH,2528.09,2534.8,2516.2,2522.9,10090452
2021-07-20,LINK,1218.25,1282.33,1217.02,1281.09,7926290
2021-07-20,LTC,2529.03,2600.53,2340.76,2412.26,8253401
2021-07-20,SOL,2223.5,2397.74,2188.19,2362.42,3745231
2021-07-20,XRP,752.64,844.12,707.57,799.05,2885472
2021-07-21,ADA,3345.97,3404.98,3174.58,3233.59,12643181
2021-07-21,AVAX,1341.68,1543.71,1263.62,1465.65,3843359
2021-07-21,BCH,98.42,98.8,98.24,98.62,1135797
2021-07-21,BTC,805.46,809.03,768.49,772.07,9309390
2021-07-21,DOGE,3284.88,3360.98,3112.54,3188.64,7413116
2021-07-21,ETH,2522.9,2593.82,2515.82,2586.74,17916257
2021-07-21,LINK,1281.09,1414.77,1226.49,1360.17,3057731
2021-07-21,LTC,2412.26,2450.17,2202.3,2240.21,12156049
2021-07-21,SOL,2362.42,2438.08,2304.19,2379.85,9216571
2021-07-21,XRP,799.05,838.15,770.15,809.25,8998580
2021-07-22,ADA,3233.59,3462.51,3174.77,3403.68,17500290
2021-07-22,AVAX,1465.65,1544.4,1344.41,1423.15,9755458
2021-07-22,BCH,98.62,100.28,98.35,100.01,15729589
2021-07-22,BTC,772.07,776.7,765.26,769.89,2978401
2021-07-22,DOGE,3188.64,3290.23,3117.68,3219.27,9080797
2021-07-22,ETH,2586.74,2684.03,2582.41,2679.7,11696686
2021-07-22,LINK,1360.17,1393.03,1353.82,1386.69,16867122
2021-07-22,LTC,2240.21,2388.69,2150.79,2299.26,13897404
2021-07-22,SOL,2379.85,2442.23,2267.57,2329.94,13659788
2021-07-22,XRP,809.25,812.86,731.74,735.34,11769491
2021-07-23,ADA,3403.68,3409.42,3007.19,3012.92,11805866
2021-07-23,AVAX,1423.15,1426.18,1237.15,1240.18,13398500
2021-07-23,BCH,100.01,105.79,97.75,103.54,11107737
2021-07-23,BTC,769.89,779.08,736.1,745.3,18951799
2021-07-23,DOGE,3219.27,3264.04,3090.33,3135.09,1357080
2021-07-23,ETH,2679.7,2789.26,2671.47,2781.03,5332309
2021-07-23,LINK,1386.69,1466.02,1371.97,1451.3,17372276
2021-07-23,LTC,2299.26,2462.33,2233.13,2396.2,8487847
2021-07-23,SOL,2329.94,2476.97,2295.09,2442.12,12044701
2021-07-23,XRP,735.34,745.71,710.01,720.37,18122521
2021-07-24,ADA,3012.92,3013.08,2968.89,2969.05,15423187
2021-07-24,AVAX,1240.18,1310.17,1222.59,1292.58,5217291
2021-07-24,BCH,103.54,107.41,97.26,101.13,14299053
2021-07-24,BTC,745.3,756.06,686.63,697.4,12914923
2021-07-24,DOGE,3135.09,3139.03,3042.79,3046.73,3884784
2021-07-24,ETH,2781.03,2886.95,2612.82,2718.74,3515483
2021-07-24,LINK,1451.3,1476.06,1414.26,1439.03,19310627
2021-07-24,LTC,2396.2,2494.81,2377.43,2476.05,2822726
2021-07-24,SOL,2442.12,2568.27,2312.71,2438.86,15772096
2021-07-24,XRP,720.37,725.03,714.37,719.03,6086218
2021-07-25,ADA,2969.05,3034.58,2842.54,2908.07,10679241
2021-07-25,AVAX,1292.58,1298.53,1259.28,1265.23,2120404
2021-07-25,BCH,101.13,105.36,97.43,101.67,1063695
2021-07-25,BTC,697.4,714.11,684.45,701.16,2420222
2021-07-25,DOGE,3046.73,3106.75,2883.1,2943.12,14119801
2021-07-25,ETH,2718.74,2730.13,2680.22,2691.62,5187646
2021-07-25,LINK,1439.03,1466.75,1399.22,1426.94,7501931
2021-07-25,LTC,2476.05,2539.12,2440.9,2503.97,10725826
2021-07-25,SOL,2438.86,2621.86,2300.88,2483.89,6628503
2021-07-25,XRP,719.03,760.48,710.5,751.95,13345354
2021-07-26,ADA,2908.07,3007.37,2833.91,2933.21,11477663
2021-07-26,AVAX,1265.23,1291.44,1224.32,1250.53,5636876
2021-07-26,BCH,101.67,103.29,92.6,94.22,4346022
2021-07-26,BTC,701.16,711.67,689.08,699.59,2843467
2021-07-26,DOGE,2943.12,2985.71,2683.03,2725.62,3943267
2021-07-26,ETH,2691.62,2761.25,2641.15,2710.78,17578703
2021-07-26,LINK,1426.94,1438.61,1408.77,1420.43,1303561
2021-07-26,LTC,2503.97,2575.9,2217.11,2289.04,9365730
2021-07-26,SOL,2483.89,2633.68,2455.49,2605.28,8891144
2021-07-26,XRP,751.95,752.0,724.19,724.23,14049009
2021-07-27,ADA,2933.21,3203.69,2790.31,3060.79,3676025
2021-07-27,AVAX,1250.53,1301.14,1219.9,1270.51,7807629
2021-07-27,BCH,94.22,95.86,87.36,89.0,14103101
2021-07-27,BTC,699.59,719.41,686.27,706.08,3501278
2021-07-27,DOGE,2725.62,2765.61,2669.56,2709.55,10005250
2021-07-27,ETH,2710.78,2735.67,2704.44,2729.33,2629683
2021-07-27,LINK,1420.43,1428.51,1372.47,1380.55,5604459
2021-07-27,LTC,2289.04,2331.42,2284.05,2326.43,9422536
2021-07-27,SOL,2605.28,2717.0,2492.89,2604.61,5064118
2021-07-27,XRP,724.23,727.92,721.67,725.37,16053179
2021-07-28,ADA,3060.79,3153.17,2936.83,3029.21,12699732
2021-07-28,AVAX,1270.51,1280.62,1230.3,1240.41,6723703
2021-07-28,BCH,89.0,95.46,86.15,92.61,17904844
2021-07-28,BTC,706.08,708.45,689.25,691.61,14189936
2021-07-28,DOGE,2709.55,2749.13,2627.41,2666.99,10942606
2021-07-28,ETH,2729.33,2748.39,2603.73,2622.79,4305782
2021-07-28,LINK,1380.55,1460.13,1379.69,1459.28,2889411
2021-07-28,LTC,2326.43,2505.24,2190.55,2369.36,12496315
2021-07-28,SOL,2604.61,2673.8,2432.94,2502.13,5721525
2021-07-28,XRP,725.37,740.64,665.99,681.27,15651288
2021-07-29,ADA,3029.21,3102.14,2867.31,2940.25,10721353
2021-07-29,AVAX,1240.41,1332.81,1230.66,1323.06,17852205
2021-07-29,BCH,92.61,96.04,90.69,94.13,2317620
2021-07-29,BTC,691.61,732.83,673.36,714.58,10446299
2021-07-29,DOGE,2666.99,2721.62,2520.01,2574.64,7320602
2021-07-29,ETH,2622.79,2628.06,2529.01,2534.29,1351479
2021-07-29,LINK,1459.28,1535.74,1430.62,1507.09,9618323
2021-07-29,LTC,2369.36,2471.87,2288.83,2391.34,1106325
2021-07-29,SOL,2502.13,2615.0,2499.58,2612.45,16989873
2021-07-29,XRP,681.27,694.58,671.71,685.02,4230914
2021-07-30,ADA,2940.25,2970.03,2750.69,2780.47,13860674
2021-07-30,AVAX,1323.06,1620.13,1250.49,1547.57,2846149
2021-07-30,BCH,94.13,97.13,93.03,96.03,6615978
2021-07-30,BTC,714.58,785.22,680.15,750.79,17828784
2021-07-30,DOGE,2574.64,2698.07,2555.23,2678.66,17539614
2021-07-30,ETH,2534.29,2567.06,2526.43,2559.2,5238091
2021-07-30,LINK,1507.09,1528.84,1487.4,1509.15,10425389
2021-07-30,LTC,2391.34,2534.27,2289.99,2432.92,15244835
2021-07-30,SOL,2612.45,2698.79,2362.69,2449.03,7124073
2021-07-30,XRP,685.02,700.35,666.54,681.87,8488112
2021-07-31,ADA,2780.47,2888.0,2738.8,2846.32,11919421
2021-07-31,AVAX,1547.57,1669.41,1526.62,1648.46,9056316
2021-07-31,BCH,96.03,96.81,95.54,96.32,19546852
2021-07-31,BTC,750.79,754.08,715.11,718.39,4883529
2021-07-31,DOGE,2678.66,2679.81,2553.34,2554.5,11741426
2021-07-31,ETH,2559.2,2647.82,2391.34,2479.96,17769016
2021-07-31,LINK,1509.15,1546.83,1499.27,1536.95,16999297
2021-07-31,LTC,2432.92,2488.43,2257.05,2312.56,8804276
2021-07-31,SOL,2449.03,2475.39,2369.57,2395.94,8364087
2021-07-31,XRP,681.87,686.14,630.53,634.81,7265103
2021-08-01,ADA,2846.32,2850.35,2553.96,2557.99,3653473
2021-08-01,AVAX,1648.46,1671.67,1583.23,1606.44,5729433
2021-08-01,BCH,96.32,96.66,95.3,95.64,5181952
2021-08-01,BTC,718.39,731.12,693.83,706.55,10162406
2021-08-01,DOGE,2554.5,2587.66,2416.2,2449.36,18824180
2021-08-01,ETH,2479.96,2486.45,2387.19,2393.69,18342718
2021-08-01,LINK,1536.95,1576.97,1439.62,1479.64,2081001
2021-08-01,LTC,2312.56,2500.04,2213.64,2401.11,17507761
2021-08-01,SOL,2395.94,2471.03,2182.15,2257.25,13315765
2021-08-01,XRP,634.81,639.71,563.18,568.08,19020097
2021-08-02,ADA,2557.99,2641.25,2538.59,2621.86,13343431
2021-08-02,AVAX,1606.44,1672.3,1528.88,1594.74,19188766
2021-08-02,BCH,95.64,96.01,93.62,94.0,12596305
2021-08-02,BTC,706.55,723.2,700.31,716.96,12840180
2021-08-02,DOGE,2449.36,2528.22,2338.54,2417.4,5447557
2021-08-02,ETH,2393.69,2454.6,2375.75,2436.67,6758356
2021-08-02,LINK,1479.64,1499.42,1407.46,1427.24,1510819
2021-08-02,LTC,2401.11,2492.65,2332.06,2423.59,2766428
2021-08-02,SOL,2257.25,2318.11,2207.2,2268.07,17962415
2021-08-02,XRP,568.08,570.99,538.86,541.76,12156743
2021-08-03,ADA,2621.86,2764.59,2585.55,2728.28,15314395
2021-08-03,AVAX,1594.74,1638.87,1557.26,1601.39,10130658
2021-08-03,BCH,94.0,94.61,91.67,92.28,13609714
2021-08-03,BTC,716.96,760.49,698.82,742.35,1211311
2021-08-03,DOGE,2417.4,2430.76,2249.43,2262.78,11350325
2021-08-03,ETH,2436.67,2442.97,2420.12,2426.42,11549641
2021-08-03,LINK,1427.24,1552.3,1408.86,1533.92,19476120
2021-08-03,LTC,2423.59,2727.51,2396.22,2700.13,10911328
2021-08-03,SOL,2268.07,2400.79,2187.09,2319.81,2087121
2021-08-03,XRP,541.76,546.05,534.69,538.97,10334912
2021-08-04,ADA,2728.28,2741.25,2629.16,2642.13,2788976
2021-08-04,AVAX,1601.39,1605.91,1462.54,1467.07,5338457
2021-08-04,BCH,92.28,101.7,91.92,101.34,16655600
2021-08-04,BTC,742.35,762.69,699.88,720.23,5787267
2021-08-04,DOGE,2262.78,2322.48,2206.24,2265.94,14807816
2021-08-04,ETH,2426.42,2457.46,2336.85,2367.89,2188776
2021-08-04,LINK,1533.92,1588.39,1524.62,1579.09,9658551
2021-08-04,LTC,2700.13,3083.65,2576.38,2959.9,5810517
2021-08-04,SOL,2319.81,2331.36,2105.55,2117.1,3416213
2021-08-04,XRP,538.97,598.74,519.97,579.75,13780192
2021-08-05,ADA,2642.13,2666.24,2488.78,2512.9,5395274
2021-08-05,AVAX,1467.07,1660.99,1395.36,1589.28,9008715
2021-08-05,BCH,101.34,102.85,89.24,90.74,4448123
2021-08-05,BTC,720.23,757.09,713.42,750.28,8337335
2021-08-05,DOGE,2265.94,2421.82,2234.41,2390.3,13526286
2021-08-05,ETH,2367.89,2410.87,2338.89,2381.88,17236671
2021-08-05,LINK,1579.09,1619.49,1558.54,1598.94,3107689
2021-08-05,LTC,2959.9,2967.45,2622.22,2629.77,14848326
2021-08-05,SOL,2117.1,2138.37,2020.58,2041.85,5193368
2021-08-05,XRP,579.75,621.24,576.84,618.34,15082620
2021-08-06,ADA,2512.9,2598.28,2403.02,2488.4,19336223
2021-08-06,AVAX,1589.28,1628.02,1491.54,1530.28,4471006
2021-08-06,BCH,90.74,93.0,83.43,85.69,10004368
2021-08-06,BTC,750.28,783.61,735.16,768.48,8158224
2021-08-06,DOGE,2390.3,2390.37,2304.07,2304.14,8654268
2021-08-06,ETH,2381.88,2388.89,2294.91,2301.92,12268311
2021-08-06,LINK,1598.94,1663.23,1569.32,1633.61,11289585
2021-08-06,LTC,2629.77,2645.12,2501.07,2516.43,5549428
2021-08-06,SOL,2041.85,2093.28,1904.79,1956.22,14243356
2021-08-06,XRP,618.34,620.52,609.42,611.6,3575195
2021-08-07,ADA,2488.4,2520.42,2487.82,2519.84,13186182
2021-08-07,AVAX,1530.28,1543.78,1439.5,1453.0,18928539
2021-08-07,BCH,85.69,87.85,82.62,84.78,15132794
2021-08-07,BTC,768.48,778.34,749.45,759.31,5030664
2021-08-07,DOGE,2304.14,2397.61,2261.97,2355.43,13565312
2021-08-07,ETH,2301.92,2337.64,2193.05,2228.78,8798218
2021-08-07,LINK,1633.61,1726.73,1587.63,1680.75,10988022
2021-08-07,LTC,2516.43,2570.98,2479.87,2534.42,3356798
2021-08-07,SOL,1956.22,2019.81,1670.35,1733.94,15825194
2021-08-07,XRP,611.6,670.38,579.49,638.26,3307367
2021-08-08,ADA,2519.84,2651.2,2453.26,2584.63,19272055
2021-08-08,AVAX,1453.0,1466.26,1323.35,1336.6,9652685
2021-08-08,BCH,84.78,84.91,84.38,84.5,8751236
2021-08-08,BTC,759.31,770.58,756.28,767.56,1199007
2021-08-08,DOGE,2355.43,2494.44,2330.07,2469.08,6952195
2021-08-08,ETH,2228.78,2291.76,2225.26,2288.24,14349518
2021-08-08,LINK,1680.75,1835.51,1617.48,1772.24,12931150
2021-08-08,LTC,2534.42,2577.19,2429.68,2472.45,13458658
2021-08-08,SOL,1733.94,1867.75,1628.31,1762.13,10009302
2021-08-08,XRP,638.26,660.9,618.65,641.28,15681630
2021-08-09,ADA,2584.63,2729.01,2542.45,2686.83,12492501
2021-08-09,AVAX,1336.6,1450.87,1263.2,1377.47,19841485
2021-08-09,BCH,84.5,86.09,81.97,83.56,19701313
2021-08-09,BTC,767.56,822.82,754.51,809.77,4490869
2021-08-09,DOGE,2469.08,2569.38,2384.72,2485.03,2956635
2021-08-09,ETH,2288.24,2331.5,2260.57,2303.83,19295394
2021-08-09,LINK,1772.24,1864.18,1752.98,1844.92,7578392
2021-08-09,LTC,2472.45,2492.74,2244.35,2264.65,3472545
2021-08-09,SOL,1762.13,1859.14,1730.63,1827.64,19124420
2021-08-09,XRP,641.28,648.66,608.18,615.56,2787820
2021-08-10,ADA,2686.83,2734.35,2579.29,2626.81,18225318
2021-08-10,AVAX,1377.47,1469.19,1269.2,1360.93,5240634
2021-08-10,BCH,83.56,83.57,81.97,81.98,11358171
2021-08-10,BTC,809.77,843.25,787.19,820.67,13389774
2021-08-10,DOGE,2485.03,2631.09,2439.64,2585.7,10493005
2021-08-10,ETH,2303.83,2322.09,2191.27,2209.53,18813987
2021-08-10,LINK,1844.92,1903.18,1747.74,1806.0,3580248
2021-08-10,LTC,2264.65,2280.88,2177.58,2193.81,17611971
2021-08-10,SOL,1827.64,1865.84,1726.41,1764.61,1300323
2021-08-10,XRP,615.56,628.39,604.12,616.95,4456507
2021-08-11,ADA,2626.81,2757.08,2619.91,2750.18,7310898
2021-08-11,AVAX,1360.93,1437.09,1331.25,1407.41,17206599
2021-08-11,BCH,81.98,87.97,78.76,84.75,11236504
2021-08-11,BTC,820.67,876.97,804.11,860.41,17485753
2021-08-11,DOGE,2585.7,2845.27,2501.86,2761.43,17347939
2021-08-11,ETH,2209.53,2342.47,2150.48,2283.42,15318092
2021-08-11,LINK,1806.0,1821.67,1780.18,1795.84,10510546
2021-08-11,LTC,2193.81,2207.69,2142.2,2156.07,14346768
2021-08-11,SOL,1764.61,1906.89,1701.54,1843.82,10570948
2021-08-11,XRP,616.95,634.65,592.43,610.12,11792621
2021-08-12,ADA,2750.18,3013.11,2671.5,2934.44,13567486
2021-08-12,AVAX,1407.41,1596.23,1377.87,1566.69,3271650
2021-08-12,BCH,84.75,91.2,81.81,88.26,15942652
2021-08-12,BTC,860.41,868.74,832.27,840.6,17758801
2021-08-12,DOGE,2761.43,2763.55,2690.15,2692.27,16332003
2021-08-12,ETH,2283.42,2320.7,2235.18,2272.45,16688157
2021-08-12,LINK,1795.84,1853.12,1782.78,1840.06,7401863
2021-08-12,LTC,2156.07,2226.35,1910.21,1980.49,3331252
2021-08-12,SOL,1843.82,1851.75,1766.65,1774.58,9294786
2021-08-12,XRP,610.12,614.11,595.88,599.87,10992477
2021-08-13,ADA,2934.44,2949.87,2844.9,2860.33,6723356
2021-08-13,AVAX,1566.69,1652.07,1528.03,1613.41,12239397
2021-08-13,BCH,88.26,94.11,87.21,93.05,17150537
2021-08-13,BTC,840.6,854.98,808.28,822.65,8258127
2021-08-13,DOGE,2692.27,2730.76,2595.49,2633.98,16075657
2021-08-13,ETH,2272.45,2345.4,2218.13,2291.08,9147490
2021-08-13,LINK,1840.06,1910.69,1805.15,1875.77,12550026
2021-08-13,LTC,1980.49,2255.86,1868.19,2143.57,5239363
2021-08-13,SOL,1774.58,1800.14,1714.71,1740.28,4856524
2021-08-13,XRP,599.87,636.09,590.27,626.5,4433672
2021-08-14,ADA,2860.33,2962.58,2852.15,2954.4,15593972
2021-08-14,AVAX,1613.41,1657.26,1592.07,1635.92,2419680
2021-08-14,BCH,93.05,93.66,90.6,91.21,9778809
2021-08-14,BTC,822.65,829.51,784.44,791.29,10571430
2021-08-14,DOGE,2633.98,2674.51,2532.47,2573.01,19068079
2021-08-14,ETH,2291.08,2294.21,2221.55,2224.68,8604233
2021-08-14,LINK,1875.77,1947.4,1832.35,1903.97,9863776
2021-08-14,LTC,2143.57,2327.54,2074.48,2258.45,5080994
2021-08-14,SOL,1740.28,1885.71,1680.97,1826.4,14730129
2021-08-14,XRP,626.5,653.33,615.96,642.8,12708350
2021-08-15,ADA,2954.4,3105.79,2888.7,3040.08,1915434
2021-08-15,AVAX,1635.92,1682.23,1458.09,1504.39,12659349
2021-08-15,BCH,91.21,101.1,87.08,96.97,4309120
2021-08-15,BTC,791.29,855.91,774.04,838.66,12572018
2021-08-15,DOGE,2573.01,2577.84,2516.69,2521.52,3513679
2021-08-15,ETH,2224.68,2339.25,2212.52,2327.09,15475249
2021-08-15,LINK,1903.97,1966.94,1867.59,1930.55,10025436
2021-08-15,LTC,2258.45,2309.92,1981.3,2032.77,16183611
2021-08-15,SOL,1826.4,1934.17,1805.95,1913.72,4162415
2021-08-15,XRP,642.8,648.68,628.89,634.78,19307900
2021-08-16,ADA,3040.08,3103.78,2992.88,3056.59,1936047
2021-08-16,AVAX,1504.39,1558.27,1388.72,1442.59,16202263
2021-08-16,BCH,96.97,97.68,96.35,97.06,11651897
2021-08-16,BTC,838.66,893.04,829.01,883.39,13894545
2021-08-16,DOGE,2521.52,2568.61,2476.44,2523.54,11996909
2021-08-16,ETH,2327.09,2333.88,2307.85,2314.64,15322512
2021-08-16,LINK,1930.55,1958.97,1817.47,1845.89,15548681
2021-08-16,LTC,2032.77,2083.06,1749.17,1799.46,14208173
2021-08-16,SOL,1913.72,1966.46,1767.46,1820.19,3389064
2021-08-16,XRP,634.78,635.27,596.56,597.05,1786883
2021-08-17,ADA,3056.59,3103.19,2889.79,2936.39,2620210
2021-08-17,AVAX,1442.59,1468.92,1313.27,1339.6,7094920
2021-08-17,BCH,97.06,98.42,93.44,94.81,7942507
2021-08-17,BTC,883.39,885.48,879.18,881.26,4780684
2021-08-17,DOGE,2523.54,2590.34,2520.86,2587.66,18613904
2021-08-17,ETH,2314.64,2330.78,2259.65,2275.8,7787307
2021-08-17,LINK,1845.89,1995.75,1828.71,1978.57,4635058
2021-08-17,LTC,1799.46,1936.89,1761.63,1899.06,11666327
2021-08-17,SOL,1820.19,1838.05,1746.34,1764.2,9683335
2021-08-17,XRP,597.05,630.02,561.53,594.5,14776634
2021-08-18,ADA,2936.39,2996.77,2921.82,2982.19,13647655
2021-08-18,AVAX,1339.6,1376.89,1315.29,1352.57,6582651
2021-08-18,BCH,94.81,99.07,90.29,94.55,15456167
2021-08-18,BTC,881.26,932.88,850.44,902.06,2918993
2021-08-18,DOGE,2587.66,2610.88,2558.6,2581.82,5427402
2021-08-18,ETH,2275.8,2319.91,2220.53,2264.64,15453096
2021-08-18,LINK,1978.57,2096.81,1959.05,2077.29,13667969
2021-08-18,LTC,1899.06,1993.41,1870.31,1964.67,15926940
2021-08-18,SOL,1764.2,1797.92,1685.8,1719.53,2749142
2021-08-18,XRP,594.5,620.73,581.1,607.33,19803072
2021-08-19,ADA,2982.19,2986.48,2803.81,2808.1,18844278
2021-08-19,AVAX,1352.57,1519.02,1321.06,1487.52,18637424
2021-08-19,BCH,94.55,97.93,81.14,84.52,2142025
2021-08-19,BTC,902.06,902.7,862.99,863.63,7357640
2021-08-19,DOGE,2581.82,2641.46,2464.95,2524.59,1187514
2021-08-19,ETH,2264.64,2389.19,2241.6,2366.15,10890978
2021-08-19,LINK,2077.29,2134.15,2071.85,2128.71,7874227
2021-08-19,LTC,1964.67,1967.64,1854.63,1857.6,3976293
2021-08-19,SOL,1719.53,1895.32,1687.6,1863.39,19388157
2021-08-19,XRP,607.33,638.26,590.51,621.44,15088631
2021-08-20,ADA,2808.1,2836.68,2741.7,2770.28,7027976
2021-08-20,AVAX,1487.52,1558.16,1468.07,1538.71,14329222
2021-08-20,BCH,84.52,86.01,82.33,83.82,5931174
2021-08-20,BTC,863.63,874.13,849.76,860.26,5874697
2021-08-20,DOGE,2524.59,2533.1,2359.31,2367.82,17631425
2021-08-20,ETH,2366.15,2393.3,2351.59,2378.74,7756178
2021-08-20,LINK,2128.71,2141.27,2085.33,2097.89,2752257
2021-08-20,LTC,1857.6,2168.3,1788.33,2099.03,4955038
2021-08-20,SOL,1863.39,1893.2,1728.89,1758.7,9441335
2021-08-20,XRP,621.44,659.28,615.26,653.1,9625355
2021-08-21,ADA,2770.28,2939.52,2754.98,2924.22,11511165
2021-08-21,AVAX,1538.71,1546.44,1444.67,1452.4,12829161
2021-08-21,BCH,83.82,86.02,82.94,85.14,9002553
2021-08-21,BTC,860.26,959.69,825.48,924.91,16178715
2021-08-21,DOGE,2367.82,2401.12,2274.41,2307.71,13277456
2021-08-21,ETH,2378.74,2415.53,2336.83,2373.62,10612709
2021-08-21,LINK,2097.89,2153.59,2049.39,2105.09,12828697
2021-08-21,LTC,2099.03,2161.45,1951.48,2013.9,1947810
2021-08-21,SOL,1758.7,1855.76,1680.63,1777.69,16134777
2021-08-21,XRP,653.1,676.98,616.39,640.28,9556706
2021-08-22,ADA,2924.22,3095.59,2835.9,3007.27,5692516
2021-08-22,AVAX,1452.4,1551.64,1444.1,1543.34,14979942
2021-08-22,BCH,85.14,89.64,83.07,87.57,16752267
2021-08-22,BTC,924.91,956.22,912.82,944.13,5352794
2021-08-22,DOGE,2307.71,2338.23,2307.0,2337.53,15706737
2021-08-22,ETH,2373.62,2429.47,2251.37,2307.22,11499779
2021-08-22,LINK,2105.09,2129.53,1966.36,1990.8,15771654
2021-08-22,LTC,2013.9,2070.4,2012.78,2069.28,11001530
2021-08-22,SOL,1777.69,1889.43,1680.57,1792.31,2630540
2021-08-22,XRP,640.28,667.37,586.87,613.96,12725883
2021-08-23,ADA,3007.27,3216.94,2905.42,3115.08,8202156
2021-08-23,AVAX,1543.34,1662.28,1542.97,1661.92,15642696
2021-08-23,BCH,87.57,89.76,82.33,84.52,13568930
2021-08-23,BTC,944.13,978.33,933.28,967.48,3877715
2021-08-23,DOGE,2337.53,2382.03,2257.93,2302.44,4750989
2021-08-23,ETH,2307.22,2358.68,2285.74,2337.2,19630437
2021-08-23,LINK,1990.8,2006.78,1906.5,1922.49,17584038
2021-08-23,LTC,2069.28,2127.11,2023.27,2081.1,17393630
2021-08-23,SOL,1792.31,1841.01,1684.45,1733.16,3195873
2021-08-23,XRP,613.96,683.36,563.08,632.48,5296245
2021-08-24,ADA,3115.08,3134.12,3113.69,3132.73,1340015
2021-08-24,AVAX,1661.92,1668.06,1633.54,1639.69,14220249
2021-08-24,BCH,84.52,85.85,84.46,85.78,1908075
2021-08-24,BTC,967.48,1034.82,950.31,1017.66,12242866
2021-08-24,DOGE,2302.44,2423.38,2260.61,2381.55,19578404
2021-08-24,ETH,2337.2,2393.53,2313.63,2369.96,1876875
2021-08-24,LINK,1922.49,1922.98,1903.21,1903.71,13079962
2021-08-24,LTC,2081.1,2106.98,1871.34,1897.23,15848827
2021-08-24,SOL,1733.16,1837.41,1724.46,1828.72,4076021
2021-08-24,XRP,632.48,633.06,622.55,623.14,11552626
2021-08-25,ADA,3132.73,3355.26,3046.57,3269.09,19503768
2021-08-25,AVAX,1639.69,1807.49,1516.52,1684.32,18853720
2021-08-25,BCH,85.78,93.68,85.49,93.39,5915694
2021-08-25,BTC,1017.66,1034.74,978.26,995.34,2584959
2021-08-25,DOGE,2381.55,2462.44,2299.1,2379.98,9753181
2021-08-25,ETH,2369.96,2395.21,2342.5,2367.75,15137488
2021-08-25,LINK,1903.71,1931.85,1896.16,1924.3,16191495
2021-08-25,LTC,1897.23,1921.78,1733.4,1757.95,9495243
2021-08-25,SOL,1828.72,1906.22,1778.1,1855.6,11832402
2021-08-25,XRP,623.14,649.94,620.1,646.9,4650712
2021-08-26,ADA,3269.09,3380.05,3068.69,3179.65,8063665
2021-08-26,AVAX,1684.32,1712.94,1665.48,1694.09,3333522
2021-08-26,BCH,93.39,95.45,89.33,91.4,14109409
2021-08-26,BTC,995.34,1026.72,989.11,1020.48,4962420
2021-08-26,DOGE,2379.98,2451.25,2355.92,2427.18,13594165
2021-08-26,ETH,2367.75,2395.31,2285.45,2313.01,3557898
2021-08-26,LINK,1924.3,1925.07,1847.31,1848.08,15494285
2021-08-26,LTC,1757.95,1802.85,1569.36,1614.26,15686770
2021-08-26,SOL,1855.6,1862.37,1700.49,1707.25,1743171
2021-08-26,XRP,646.9,679.19,630.95,663.23,6193492
2021-08-27,ADA,3179.65,3275.73,3109.94,3206.02,10251696
2021-08-27,AVAX,1694.09,1946.33,1624.52,1876.75,12646466
2021-08-27,BCH,91.4,98.45,84.47,91.52,2654374
2021-08-27,BTC,1020.48,1073.73,978.0,1031.25,9159604
2021-08-27,DOGE,2427.18,2454.16,2265.53,2292.5,6692043
2021-08-27,ETH,2313.01,2373.03,2266.09,2326.11,2808870
2021-08-27,LINK,1848.08,1854.24,1769.75,1775.9,3576677
2021-08-27,LTC,1614.26,1648.35,1593.22,1627.31,7009387
2021-08-27,SOL,1707.25,1800.65,1693.73,1787.13,17884345
2021-08-27,XRP,663.23,726.24,644.21,707.22,10830392
2021-08-28,ADA,3206.02,3458.13,3160.25,3412.36,6444317
2021-08-28,AVAX,1876.75,1881.67,1710.06,1714.97,9735743
2021-08-28,BCH,91.52,95.85,88.4,92.73,5663276
2021-08-28,BTC,1031.25,1057.32,982.91,1008.97,8159238
2021-08-28,DOGE,2292.5,2328.15,2239.04,2274.68,10674867
2021-08-28,ETH,2326.11,2364.2,2325.27,2363.36,8451468
2021-08-28,LINK,1775.9,1777.05,1751.15,1752.29,17843929
2021-08-28,LTC,1627.31,1668.13,1543.56,1584.37,1907974
2021-08-28,SOL,1787.13,1817.98,1771.32,1802.17,19313571
2021-08-28,XRP,707.22,713.53,661.47,667.78,18344584
2021-08-29,ADA,3412.36,3488.18,3069.71,3145.53,1679947
2021-08-29,AVAX,1714.97,1753.58,1595.15,1633.76,15265599
2021-08-29,BCH,92.73,93.04,92.46,92.76,12395180
2021-08-29,BTC,1008.97,1009.78,1002.8,1003.6,9998290
2021-08-29,DOGE,2274.68,2325.82,2144.9,2196.04,17048498
2021-08-29,ETH,2363.36,2504.68,2349.35,2490.67,18015456
2021-08-29,LINK,1752.29,1884.53,1723.24,1855.48,4668626
2021-08-29,LTC,1584.37,1638.73,1565.12,1619.49,13887835
2021-08-29,SOL,1802.17,1931.18,1785.64,1914.65,8790306
2021-08-29,XRP,667.78,678.13,638.42,648.76,19546634
2021-08-30,ADA,3145.53,3195.3,2792.97,2842.73,16272212
2021-08-30,AVAX,1633.76,1702.26,1472.52,1541.03,14216117
2021-08-30,BCH,92.76,95.03,89.21,91.47,12144641
2021-08-30,BTC,1003.6,1008.23,952.11,956.74,17604472
2021-08-30,DOGE,2196.04,2205.6,2099.16,2108.72,10934173
2021-08-30,ETH,2490.67,2601.93,2444.17,2555.43,14414262
2021-08-30,LINK,1855.48,1908.29,1849.55,1902.36,5882724
2021-08-30,LTC,1619.49,1657.11,1547.56,1585.18,14967907
2021-08-30,SOL,1914.65,1953.6,1779.13,1818.07,7891021
2021-08-30,XRP,648.76,668.47,641.65,661.36,2544496
2021-08-31,ADA,2842.73,3069.25,2773.43,2999.96,15916151
2021-08-31,AVAX,1541.03,1553.26,1467.44,1479.67,1460414
2021-08-31,BCH,91.47,94.9,81.2,84.63,13743188
2021-08-31,BTC,956.74,971.3,908.32,922.89,1039895
2021-08-31,DOGE,2108.72,2143.07,2042.87,2077.23,2360730
2021-08-31,ETH,2555.43,2590.52,2477.59,2512.69,3286808
2021-08-31,LINK,1902.36,2016.15,1901.12,2014.91,9946112
2021-08-31,LTC,1585.18,1613.81,1416.3,1444.93,18808414
2021-08-31,SOL,1818.07,1888.45,1816.03,1886.41,18138487
2021-08-31,XRP,661.36,715.3,661.16,715.1,10572228
2021-09-01,ADA,2999.96,3067.54,2960.45,3028.03,3930945
2021-09-01,AVAX,1479.67,1507.12,1474.99,1502.44,11908782
2021-09-01,BCH,84.63,86.49,75.57,77.43,14952844
2021-09-01,BTC,922.89,940.83,913.65,931.59,5810567
2021-09-01,DOGE,2077.23,2120.49,2072.94,2116.2,5501114
2021-09-01,ETH,2512.69,2516.59,2394.59,2398.48,8016815
2021-09-01,LINK,2014.91,2021.39,1993.13,1999.61,16054719
2021-09-01,LTC,1444.93,1647.45,1385.5,1588.03,18062636
2021-09-01,SOL,1886.41,1976.67,1867.22,1957.48,3377428
2021-09-01,XRP,715.1,727.31,705.69,717.9,14402241
2021-09-02,ADA,3028.03,3196.48,2974.52,3142.96,17387038
2021-09-02,AVAX,1502.44,1541.73,1492.67,1531.95,1435017
2021-09-02,BCH,77.43,79.52,70.25,72.34,4793452
2021-09-02,BTC,931.59,959.61,905.94,933.96,15631982
2021-09-02,DOGE,2116.2,2287.42,2108.53,2279.75,16028074
2021-09-02,ETH,2398.48,2418.55,2349.46,2369.52,2713816
2021-09-02,LINK,1999.61,2047.33,1974.2,2021.92,9061680
2021-09-02,LTC,1588.03,1647.14,1496.36,1555.48,7763791
2021-09-02,SOL,1957.48,2037.03,1897.14,1976.69,1558461
2021-09-02,XRP,717.9,748.69,640.42,671.21,17662332
2021-09-03,ADA,3142.96,3164.67,3104.64,3126.35,7254634
2021-09-03,AVAX,1531.95,1533.47,1459.15,1460.67,2690216
2021-09-03,BCH,72.34,76.26,68.14,72.05,10455865
2021-09-03,BTC,933.96,946.93,861.75,874.72,16361711
2021-09-03,DOGE,2279.75,2321.08,2162.0,2203.33,7256948
2021-09-03,ETH,2369.52,2383.63,2287.83,2301.94,16031158
2021-09-03,LINK,2021.92,2084.02,2000.0,2062.11,14052326
2021-09-03,LTC,1555.48,1566.0,1467.78,1478.31,10695748
2021-09-03,SOL,1976.69,2018.53,1866.65,1908.49,13565012
2021-09-03,XRP,671.21,720.48,652.86,702.12,13129831
2021-09-04,ADA,3126.35,3155.41,3023.13,3052.18,4778389
2021-09-04,AVAX,1460.67,1462.21,1450.44,1451.98,11807970
2021-09-04,BCH,72.05,77.07,66.9,71.91,5609206
2021-09-04,BTC,874.72,915.22,867.09,907.58,3695017
2021-09-04,DOGE,2203.33,2214.37,2050.12,2061.16,7219487
2021-09-04,ETH,2301.94,2424.0,2247.94,2370.0,11329431
2021-09-04,LINK,2062.11,2100.94,2004.82,2043.65,18763956
2021-09-04,LTC,1478.31,1545.14,1435.8,1502.64,15038594
2021-09-04,SOL,1908.49,1922.54,1880.97,1895.03,5712475
2021-09-04,XRP,702.12,759.69,689.7,747.26,10713051
2021-09-05,ADA,3052.18,3064.24,2948.82,2960.89,17740245
2021-09-05,AVAX,1451.98,1479.32,1369.45,1396.79,19475709
2021-09-05,BCH,71.91,79.3,71.6,78.99,8446568
2021-09-05,BTC,907.58,934.37,892.67,919.46,9337147
2021-09-05,DOGE,2061.16,2078.91,1969.86,1987.61,15062395
2021-09-05,ETH,2370.0,2458.6,2348.01,2436.62,4015903
2021-09-05,LINK,2043.65,2077.89,1968.02,2002.26,8512260
2021-09-05,LTC,1502.64,1549.2,1395.8,1442.35,15850891
2021-09-05,SOL,1895.03,1980.58,1854.67,1940.23,2834141
2021-09-05,XRP,747.26,776.88,730.29,759.91,2158200
2021-09-06,ADA,2960.89,3067.89,2888.25,2995.25,16635321
2021-09-06,AVAX,1396.79,1469.85,1346.6,1419.66,15284191
2021-09-06,BCH,78.99,87.89,76.09,84.99,15318086
2021-09-06,BTC,919.46,935.14,885.85,901.53,17281949
2021-09-06,DOGE,1987.61,2125.14,1973.24,2110.77,14524736
2021-09-06,ETH,2436.62,2450.64,2400.05,2414.07,3067992
2021-09-06,LINK,2002.26,2114.92,1975.18,2087.84,7489364
2021-09-06,LTC,1442.35,1606.35,1407.94,1571.93,1072595
2021-09-06,SOL,1940.23,2037.25,1911.27,2008.29,18553065
2021-09-06,XRP,759.91,791.35,712.24,743.69,8385212
2021-09-07,ADA,2995.25,3008.23,2930.49,2943.46,2321339
2021-09-07,AVAX,1419.66,1433.32,1388.97,1402.63,1675442
2021-09-07,BCH,84.99,86.83,83.53,85.38,13835189
2021-09-07,BTC,901.53,920.96,860.02,879.45,16632404
2021-09-07,DOGE,2110.77,2146.01,2016.35,2051.58,12434230
2021-09-07,ETH,2414.07,2478.43,2346.22,2410.57,5135130
2021-09-07,LINK,2087.84,2088.03,2052.85,2053.03,14704154
2021-09-07,LTC,1571.93,1656.55,1557.3,1641.92,3144186
2021-09-07,SOL,2008.29,2016.47,1800.57,1808.74,8826474
2021-09-07,XRP,743.69,757.39,719.3,733.01,4428599
2021-09-08,ADA,2943.46,3025.26,2902.89,2984.69,16968124
2021-09-08,AVAX,1402.63,1441.13,1388.98,1427.48,5701651
2021-09-08,BCH,85.38,86.49,79.75,80.87,7460421
2021-09-08,BTC,879.45,885.11,859.1,864.76,1949571
2021-09-08,DOGE,2051.58,2072.62,2016.34,2037.37,8175527
2021-09-08,ETH,2410.57,2414.4,2381.54,2385.37,18034445
2021-09-08,LINK,2053.03,2135.03,2033.51,2115.51,12693657
2021-09-08,LTC,1641.92,1867.73,1587.24,1813.05,15099996
2021-09-08,SOL,1808.74,1867.25,1717.35,1775.86,18924883
2021-09-08,XRP,733.01,821.33,711.08,799.4,16991280
2021-09-09,ADA,2984.69,2990.85,2885.21,2891.38,2402681
2021-09-09,AVAX,1427.48,1481.18,1288.5,1342.2,17726989
2021-09-09,BCH,80.87,84.63,78.53,82.3,15669759
2021-09-09,BTC,864.76,889.71,827.64,852.58,11859368
2021-09-09,DOGE,2037.37,2047.5,1953.87,1964.0,8925104
2021-09-09,ETH,2385.37,2402.51,2297.19,2314.33,4946901
2021-09-09,LINK,2115.51,2249.4,2086.85,2220.74,11735173
2021-09-09,LTC,1813.05,1891.99,1779.2,1858.14,3722549
2021-09-09,SOL,1775.86,1812.06,1558.43,1594.63,12266739
2021-09-09,XRP,799.4,871.47,766.91,838.98,16912952
2021-09-10,ADA,2891.38,3040.0,2853.93,3002.56,11529677
2021-09-10,AVAX,1342.2,1350.85,1336.7,1345.36,9270032
2021-09-10,BCH,82.3,83.03,80.92,81.65,2623407
2021-09-10,BTC,852.58,863.1,842.92,853.43,5675805
2021-09-10,DOGE,1964.0,2000.04,1949.83,1985.88,6402446
2021-09-10,ETH,2314.33,2314.39,2285.19,2285.25,18964453
2021-09-10,LINK,2220.74,2265.1,2197.32,2241.68,10151824
2021-09-10,LTC,1858.14,1923.52,1527.39,1592.77,4389243
2021-09-10,SOL,1594.63,1673.3,1578.24,1656.91,2656599
2021-09-10,XRP,838.98,868.2,791.44,820.66,10766720
2021-09-11,ADA,3002.56,3088.09,2939.93,3025.45,19115234
2021-09-11,AVAX,1345.36,1455.49,1289.5,1399.63,13199131
2021-09-11,BCH,81.65,83.04,73.06,74.46,18145836
2021-09-11,BTC,853.43,858.35,838.9,843.82,2706458
2021-09-11,DOGE,1985.88,2105.05,1973.56,2092.73,14653029
2021-09-11,ETH,2285.25,2336.91,2208.01,2259.68,13312723
2021-09-11,LINK,2241.68,2267.12,2187.53,2212.97,18768681
2021-09-11,LTC,1592.77,1729.76,1502.38,1639.37,8882124
2021-09-11,SOL,1656.91,1676.4,1654.5,1673.99,9158289
2021-09-11,XRP,820.66,863.06,811.13,853.52,14668484
2021-09-12,ADA,3025.45,3040.87,2933.61,2949.03,8018448
2021-09-12,AVAX,1399.63,1458.39,1362.04,1420.8,2329341
2021-09-12,BCH,74.46,76.77,69.17,71.49,11251782
2021-09-12,BTC,843.82,845.38,829.63,831.19,12905116
2021-09-12,DOGE,2092.73,2113.99,1996.3,2017.56,15761069
2021-09-12,ETH,2259.68,2347.5,2245.09,2332.92,5172714
2021-09-12,LINK,2212.97,2255.97,2129.53,2172.54,9933526
2021-09-12,LTC,1639.37,2000.05,1624.98,1985.65,15528728
2021-09-12,SOL,1673.99,1823.55,1619.24,1768.8,2624918
2021-09-12,XRP,853.52,959.74,824.49,930.7,13666390
2021-09-13,ADA,2949.03,2951.26,2943.06,2945.29,17845387
2021-09-13,AVAX,1420.8,1531.23,1390.65,1501.08,18814518
2021-09-13,BCH,71.49,80.07,70.33,78.91,11129802
2021-09-13,BTC,831.19,843.11,763.3,775.22,13178979
2021-09-13,DOGE,2017.56,2018.63,1973.95,1975.02,10149382
2021-09-13,ETH,2332.92,2454.23,2318.28,2439.6,5352637
2021-09-13,LINK,2172.54,2268.61,2093.35,2189.42,2178735
2021-09-13,LTC,1985.65,2129.0,1968.25,2111.6,9621013
2021-09-13,SOL,1768.8,1790.36,1670.41,1691.97,6815123
2021-09-13,XRP,930.7,971.86,915.64,956.79,11890798
2021-09-14,ADA,2945.29,3063.82,2759.99,2878.51,6728917
2021-09-14,AVAX,1501.08,1542.61,1461.38,1502.91,2366838
2021-09-14,BCH,78.91,88.31,76.79,86.19,18090475
2021-09-14,BTC,775.22,776.49,770.33,771.6,14350356
2021-09-14,DOGE,1975.02,1994.98,1801.25,1821.21,3318736
2021-09-14,ETH,2439.6,2502.96,2419.9,2483.26,11132501
2021-09-14,LINK,2189.42,2224.87,2147.24,2182.69,17679305
2021-09-14,LTC,2111.6,2296.21,2054.72,2239.33,15929631
2021-09-14,SOL,1691.97,1737.51,1460.58,1506.12,9639602
2021-09-14,XRP,956.79,959.99,849.88,853.08,8145348
2021-09-15,ADA,2878.51,2893.1,2748.85,2763.44,18234374
2021-09-15,AVAX,1502.91,1584.12,1399.46,1480.67,16654153
2021-09-15,BCH,86.19,86.44,83.0,83.26,1864624
2021-09-15,BTC,771.6,778.0,769.52,775.92,11755392
2021-09-15,DOGE,1821.21,1821.64,1775.65,1776.08,4957136
2021-09-15,ETH,2483.26,2519.7,2398.86,2435.31,16194314
2021-09-15,LINK,2182.69,2200.12,2111.16,2128.59,5878400
2021-09-15,LTC,2239.33,2251.56,1919.33,1931.56,9496966
2021-09-15,SOL,1506.12,1518.54,1502.73,1515.14,2272471
2021-09-15,XRP,853.08,971.11,810.55,928.57,6751793
2021-09-16,ADA,2763.44,2840.42,2685.13,2762.12,11596938
2021-09-16,AVAX,1480.67,1495.54,1305.39,1320.26,2657699
2021-09-16,BCH,83.26,83.86,77.43,78.03,5714627
2021-09-16,BTC,775.92,785.78,760.65,770.51,4129773
2021-09-16,DOGE,1776.08,1776.43,1681.38,1681.73,15364112
2021-09-16,ETH,2435.31,2515.8,2320.09,2400.58,17606006
2021-09-16,LINK,2128.59,2140.7,2119.81,2131.92,15883801
2021-09-16,LTC,1931.56,2117.29,1898.39,2084.11,3234281
2021-09-16,SOL,1515.14,1577.47,1350.32,1412.65,4639575
2021-09-16,XRP,928.57,947.84,909.28,928.55,14216290
2021-09-17,ADA,2762.12,2764.22,2635.36,2637.46,18346731
2021-09-17,AVAX,1320.26,1339.68,1313.85,1333.27,10660178
2021-09-17,BCH,78.03,78.17,72.87,73.02,3165953
2021-09-17,BTC,770.51,810.16,726.95,766.6,13854487
2021-09-17,DOGE,1681.73,1777.03,1673.37,1768.67,9449026
2021-09-17,ETH,2400.58,2486.52,2395.08,2481.01,4764972
2021-09-17,LINK,2131.92,2225.54,2127.62,2221.24,15305680
2021-09-17,LTC,2084.11,2099.7,2065.09,2080.68,17354923
2021-09-17,SOL,1412.65,1459.92,1371.67,1418.94,16337776
2021-09-17,XRP,928.55,937.06,850.57,859.08,5614336
2021-09-18,ADA,2637.46,2911.71,2585.22,2859.47,10953216
2021-09-18,AVAX,1333.27,1356.3,1297.04,1320.07,1291111
2021-09-18,BCH,73.02,75.59,71.71,74.28,16977928
2021-09-18,BTC,766.6,782.27,717.71,733.39,16400196
2021-09-18,DOGE,1768.67,1882.17,1751.79,1865.29,4054389
2021-09-18,ETH,2481.01,2553.95,2445.93,2518.87,17895488
2021-09-18,LINK,2221.24,2276.2,2116.92,2171.88,12775080
2021-09-18,LTC,2080.68,2122.75,1973.86,2015.93,8238753
2021-09-18,SOL,1418.94,1513.46,1309.03,1403.55,6048772
2021-09-18,XRP,859.08,881.0,851.0,872.91,16030600
2021-09-19,ADA,2859.47,2895.45,2775.52,2811.49,16785222
2021-09-19,AVAX,1320.07,1341.04,1299.46,1320.42,2975988
2021-09-19,BCH,74.28,83.39,72.19,81.29,3103850
2021-09-19,BTC,733.39,743.92,710.4,720.93,11922148
2021-09-19,DOGE,1865.29,1916.05,1821.05,1871.81,19010948
2021-09-19,ETH,2518.87,2537.83,2497.02,2515.99,12366358
2021-09-19,LINK,2171.88,2317.01,2124.66,2269.79,9289722
2021-09-19,LTC,2015.93,2075.2,1827.47,1886.74,3329853
2021-09-19,SOL,1403.55,1434.3,1383.35,1414.1,12870065
2021-09-19,XRP,872.91,915.1,821.07,863.26,11795110
2021-09-20,ADA,2811.49,2845.15,2716.86,2750.52,3618939
2021-09-20,AVAX,1320.42,1334.94,1191.24,1205.76,9416357
2021-09-20,BCH,81.29,81.49,81.21,81.42,4325018
2021-09-20,BTC,720.93,729.0,710.77,718.84,18836247
2021-09-20,DOGE,1871.81,1888.98,1669.07,1686.25,10459532
2021-09-20,ETH,2515.99,2540.83,2495.81,2520.65,14344134
2021-09-20,LINK,2269.79,2278.96,2177.57,2186.73,14958479
2021-09-20,LTC,1886.74,1898.85,1834.71,1846.81,13214735
2021-09-20,SOL,1414.1,1600.03,1386.51,1572.44,6200043
2021-09-20,XRP,863.26,887.3,861.69,885.73,5069461
2021-09-21,ADA,2750.52,2758.6,2632.14,2640.22,1837124
2021-09-21,AVAX,1205.76,1277.4,1178.95,1250.6,1844469
2021-09-21,BCH,81.42,85.01,81.34,84.94,5860195
2021-09-21,BTC,718.84,733.41,661.03,675.6,16214999
2021-09-21,DOGE,1686.25,1713.64,1635.96,1663.35,15691798
2021-09-21,ETH,2520.65,2534.13,2478.41,2491.89,14135309
2021-09-21,LINK,2186.73,2297.18,2165.23,2275.68,9246347
2021-09-21,LTC,1846.81,1901.77,1837.57,1892.53,4953188
2021-09-21,SOL,1572.44,1678.03,1507.69,1613.29,11463498
2021-09-21,XRP,885.73,903.8,861.44,879.5,19085974
2021-09-22,ADA,2640.22,2738.92,2531.32,2630.02,17121124
2021-09-22,AVAX,1250.6,1298.13,1167.03,1214.57,9970704
2021-09-22,BCH,84.94,86.48,81.53,83.07,9125995
2021-09-22,BTC,675.6,686.42,665.66,676.48,12371867
2021-09-22,DOGE,1663.35,1731.41,1660.43,1728.49,19905539
2021-09-22,ETH,2491.89,2624.46,2487.3,2619.88,2986123
2021-09-22,LINK,2275.68,2332.42,2229.81,2286.55,1852919
2021-09-22,LTC,1892.53,1944.51,1715.14,1767.12,2105121
2021-09-22,SOL,1613.29,1801.74,1546.24,1734.69,15874291
2021-09-22,XRP,879.5,900.73,836.0,857.23,12810353
2021-09-23,ADA,2630.02,2692.0,2400.23,2462.22,12500635
2021-09-23,AVAX,1214.57,1220.35,1128.43,1134.21,12616790
2021-09-23,BCH,83.07,84.57,81.74,83.24,18940737
2021-09-23,BTC,676.48,693.98,615.76,633.26,14205532
2021-09-23,DOGE,1728.49,1777.24,1727.85,1776.61,3227164
2021-09-23,ETH,2619.88,2658.08,2613.01,2651.21,6149087
2021-09-23,LINK,2286.55,2347.46,2212.32,2273.24,11199964
2021-09-23,LTC,1767.12,1836.28,1468.61,1537.78,6409719
2021-09-23,SOL,1734.69,1847.53,1696.72,1809.56,3161994
2021-09-23,XRP,857.23,877.55,856.99,877.31,7628503
2021-09-24,ADA,2462.22,2474.85,2288.1,2300.73,11191635
2021-09-24,AVAX,1134.21,1174.01,1041.35,1081.15,6603274
2021-09-24,BCH,83.24,85.08,81.23,83.07,1050919
2021-09-24,BTC,633.26,673.44,616.26,656.45,7891541
2021-09-24,DOGE,1776.61,1804.28,1730.63,1758.3,3492831
2021-09-24,ETH,2651.21,2718.44,2647.81,2715.04,11426608
2021-09-24,LINK,2273.24,2341.1,2107.23,2175.09,19895682
2021-09-24,LTC,1537.78,1583.31,1484.7,1530.22,7750478
2021-09-24,SOL,1809.56,1851.4,1798.64,1840.49,15295015
2021-09-24,XRP,877.31,888.77,841.74,853.2,8793292
2021-09-25,ADA,2300.73,2321.87,2283.25,2304.39,9030837
2021-09-25,AVAX,1081.15,1090.72,1035.51,1045.08,18000513
2021-09-25,BCH,83.07,100.83,79.0,96.76,1014036
2021-09-25,BTC,656.45,678.22,635.33,657.1,8162539
2021-09-25,DOGE,1758.3,1764.37,1572.18,1578.24,4934964
2021-09-25,ETH,2715.04,2816.26,2670.88,2772.11,10099329
2021-09-25,LINK,2175.09,2189.58,2112.95,2127.44,6420167
2021-09-25,LTC,1530.22,1554.19,1442.6,1466.57,1213149
2021-09-25,SOL,1840.49,1849.56,1800.55,1809.62,15293533
2021-09-25,XRP,853.2,882.13,841.78,870.71,5554824
2021-09-26,ADA,2304.39,2332.13,2164.49,2192.23,14060670
2021-09-26,AVAX,1045.08,1062.65,982.01,999.58,16895455
2021-09-26,BCH,96.76,101.67,89.73,94.64,2081924
2021-09-26,BTC,657.1,676.3,646.86,666.05,2525678
2021-09-26,DOGE,1578.24,1599.66,1466.16,1487.57,2294643
2021-09-26,ETH,2772.11,2911.56,2763.66,2903.11,10344695
2021-09-26,LINK,2127.44,2260.7,2086.71,2219.97,11797022
2021-09-26,LTC,1466.57,1505.56,1332.8,1371.8,8860183
2021-09-26,SOL,1809.62,1860.19,1805.5,1856.07,2879487
2021-09-26,XRP,870.71,876.12,863.49,868.9,16796644
2021-09-27,ADA,2192.23,2210.98,2115.73,2134.48,7080072
2021-09-27,AVAX,999.58,1006.35,985.18,991.95,4816575
2021-09-27,BCH,94.64,96.66,84.02,86.03,18459793
2021-09-27,BTC,666.05,714.67,665.79,714.41,6455273
2021-09-27,DOGE,1487.57,1502.01,1477.88,1492.31,19367032
2021-09-27,ETH,2903.11,2946.64,2867.09,2910.62,14234395
2021-09-27,LINK,2219.97,2244.31,2193.03,2217.36,2204912
2021-09-27,LTC,1371.8,1386.98,1225.94,1241.12,6176966
2021-09-27,SOL,1856.07,1887.37,1766.02,1797.32,4060176
2021-09-27,XRP,868.9,901.57,812.1,844.76,12606956
2021-09-28,ADA,2134.48,2143.86,2072.15,2081.52,6071558
2021-09-28,AVAX,991.95,1032.92,977.26,1018.23,5851074
2021-09-28,BCH,86.03,87.09,76.8,77.86,4780900
2021-09-28,BTC,714.41,721.28,708.3,715.18,12327046
2021-09-28,DOGE,1492.31,1510.79,1484.3,1502.78,19719882
2021-09-28,ETH,2910.62,3125.56,2903.94,3118.89,5310860
2021-09-28,LINK,2217.36,2231.89,2111.02,2125.55,9545893
2021-09-28,LTC,1241.12,1463.18,1187.92,1409.99,13652468
2021-09-28,SOL,1797.32,1980.05,1754.88,1937.61,16299628
2021-09-28,XRP,844.76,867.01,842.9,865.15,7279478
2021-09-29,ADA,2081.52,2317.2,1995.12,2230.8,13104759
2021-09-29,AVAX,1018.23,1113.53,974.88,1070.18,6388877
2021-09-29,BCH,77.86,81.22,77.27,80.63,18390309
2021-09-29,BTC,715.18,724.56,688.88,698.26,1596148
2021-09-29,DOGE,1502.78,1536.66,1490.24,1524.12,16830275
2021-09-29,ETH,3118.89,3192.0,3069.51,3142.62,2560190
2021-09-29,LINK,2125.55,2178.5,2048.44,2101.4,16106018
2021-09-29,LTC,1409.99,1572.98,1352.96,1515.95,13050979
2021-09-29,SOL,1937.61,1983.0,1790.24,1835.62,11072151
2021-09-29,XRP,865.15,877.79,844.7,857.35,4390701
2021-09-30,ADA,2230.8,2340.88,2191.76,2301.83,12544451
2021-09-30,AVAX,1070.18,1136.3,1026.4,1092.52,11648260
2021-09-30,BCH,80.63,82.1,77.63,79.09,14661861
2021-09-30,BTC,698.26,747.38,686.52,735.64,18686629
2021-09-30,DOGE,1524.12,1532.83,1322.29,1331.0,11452021
2021-09-30,ETH,3142.62,3169.85,3133.55,3160.77,9485394
2021-09-30,LINK,2101.4,2123.16,2097.8,2119.56,16324157
2021-09-30,LTC,1515.95,1522.54,1292.79,1299.39,19846401
2021-09-30,SOL,1835.62,1841.45,1612.52,1618.35,5833048
2021-09-30,XRP,857.35,878.4,834.87,855.93,13806997
2021-10-01,ADA,2301.83,2359.86,2255.02,2313.04,18952943
2021-10-01,AVAX,1092.52,1184.33,1084.15,1175.96,6420124
2021-10-01,BCH,79.09,83.35,78.4,82.66,7459815
2021-10-01,BTC,735.64,745.43,701.54,711.33,1629728
2021-10-01,DOGE,1331.0,1335.88,1316.26,1321.14,16419324
2021-10-01,ETH,3160.77,3252.04,3133.71,3224.98,1853885
2021-10-01,LINK,2119.56,2153.55,1983.59,2017.58,6470260
2021-10-01,LTC,1299.39,1506.43,1203.39,1410.43,3019945
2021-10-01,SOL,1618.35,1793.74,1573.03,1748.42,10250165
2021-10-01,XRP,855.93,865.23,799.28,808.58,16319971
2021-10-02,ADA,2313.04,2343.66,2096.97,2127.59,10445900
2021-10-02,AVAX,1175.96,1194.08,1155.46,1173.58,17719839
2021-10-02,BCH,82.66,83.91,79.36,80.62,10762763
2021-10-02,BTC,711.33,757.64,705.41,751.73,13529932
2021-10-02,DOGE,1321.14,1354.44,1268.26,1301.56,6070150
2021-10-02,ETH,3224.98,3320.44,3175.81,3271.28,3710418
2021-10-02,LINK,2017.58,2238.5,1953.63,2174.56,6230488
2021-10-02,LTC,1410.43,1454.11,1318.58,1362.26,6130937
2021-10-02,SOL,1748.42,1785.2,1641.51,1678.29,18469464
2021-10-02,XRP,808.58,856.75,721.16,769.32,19799372
2021-10-03,ADA,2127.59,2190.6,2037.74,2100.75,6432693
2021-10-03,AVAX,1173.58,1290.89,1087.85,1205.16,6117471
2021-10-03,BCH,80.62,83.35,79.07,81.8,19846290
2021-10-03,BTC,751.73,801.09,730.68,780.05,15304484
2021-10-03,DOGE,1301.56,1358.93,1203.63,1260.99,5804380
2021-10-03,ETH,3271.28,3381.15,3185.1,3294.97,3195851
2021-10-03,LINK,2174.56,2186.3,2167.97,2179.71,7559095
2021-10-03,LTC,1362.26,1441.45,1359.17,1438.35,8998254
2021-10-03,SOL,1678.29,1775.22,1656.77,1753.7,17782204
2021-10-03,XRP,769.32,787.48,729.3,747.45,13031353
2021-10-04,ADA,2100.75,2278.6,2028.3,2206.15,13640157
2021-10-04,AVAX,1205.16,1214.75,919.96,929.56,3651360
2021-10-04,BCH,81.8,82.54,80.56,81.31,4409695
2021-10-04,BTC,780.05,853.15,756.23,829.33,10584547
2021-10-04,DOGE,1260.99,1281.57,1165.78,1186.35,12452754
2021-10-04,ETH,3294.97,3408.73,3290.71,3404.46,12999931
2021-10-04,LINK,2179.71,2194.98,2165.48,2180.75,3745988
2021-10-04,LTC,1438.35,1453.56,1394.75,1409.96,17195341
2021-10-04,SOL,1753.7,1764.78,1733.09,1744.17,18778829
2021-10-04,XRP,747.45,785.88,724.85,763.28,18589016
2021-10-05,ADA,2206.15,2217.4,2180.29,2191.54,2157092
2021-10-05,AVAX,929.56,930.94,907.97,909.35,11901267
2021-10-05,BCH,81.31,81.55,71.38,71.63,13258009
2021-10-05,BTC,829.33,834.72,820.37,825.76,16512800
2021-10-05,DOGE,1186.35,1220.17,1177.64,1211.47,19194127
2021-10-05,ETH,3404.46,3580.38,3327.79,3503.71,19826894
2021-10-05,LINK,2180.75,2315.15,1973.29,2107.69,14543999
2021-10-05,LTC,1409.96,1414.19,1352.81,1357.04,14118844
2021-10-05,SOL,1744.17,1800.04,1728.25,1784.11,11599423
2021-10-05,XRP,763.28,775.54,744.07,756.33,11395113
2021-10-06,ADA,2191.54,2237.11,2182.08,2227.65,18651952
2021-10-06,AVAX,909.35,927.21,882.56,900.41,8823226
2021-10-06,BCH,71.63,72.84,64.73,65.94,12847246
2021-10-06,BTC,825.76,840.28,769.09,783.61,14006520
2021-10-06,DOGE,1211.47,1231.13,1172.8,1192.46,18873758
2021-10-06,ETH,3503.71,3551.48,3398.51,3446.29,12924128
2021-10-06,LINK,2107.69,2180.51,1992.9,2065.72,13009229
2021-10-06,LTC,1357.04,1422.15,1299.92,1365.02,11862758
2021-10-06,SOL,1784.11,1815.54,1744.41,1775.84,12174476
2021-10-06,XRP,756.33,815.14,748.99,807.8,8254819
2021-10-07,ADA,2227.65,2378.42,2193.33,2344.1,17230659
2021-10-07,AVAX,900.41,918.56,866.63,884.77,16559634
2021-10-07,BCH,65.94,67.15,60.13,61.34,1709116
2021-10-07,BTC,783.61,786.56,746.74,749.7,15582803
2021-10-07,DOGE,1192.46,1194.36,1189.11,1191.01,12812408
2021-10-07,ETH,3446.29,3525.62,3416.08,3495.41,1913875
2021-10-07,LINK,2065.72,2086.88,1982.84,2004.0,5242264
2021-10-07,LTC,1365.02,1393.1,1353.13,1381.2,6571534
2021-10-07,SOL,1775.84,1789.48,1735.29,1748.93,2244077
2021-10-07,XRP,807.8,812.48,779.43,784.12,3792293
2021-10-08,ADA,2344.1,2367.15,2331.76,2354.81,1594611
2021-10-08,AVAX,884.77,1004.24,875.17,994.64,10773170
2021-10-08,BCH,61.34,63.78,58.83,61.27,10922534
2021-10-08,BTC,749.7,769.19,724.41,743.9,5777584
2021-10-08,DOGE,1191.01,1213.38,1146.74,1169.11,4200526
2021-10-08,ETH,3495.41,3624.41,3484.64,3613.64,7931273
2021-10-08,LINK,2004.0,2078.07,1938.69,2012.76,12772794
2021-10-08,LTC,1381.2,1386.57,1363.5,1368.88,17110808
2021-10-08,SOL,1748.93,1852.74,1554.35,1658.16,18644656
2021-10-08,XRP,784.12,794.95,771.97,782.81,16176384
2021-10-09,ADA,2354.81,2392.47,2171.37,2209.03,13792935
2021-10-09,AVAX,994.64,997.56,977.8,980.71,2234064
2021-10-09,BCH,61.27,68.26,61.24,68.23,19478987
2021-10-09,BTC,743.9,752.05,710.0,718.15,10695216
2021-10-09,DOGE,1169.11,1201.8,1167.45,1200.14,6341580
2021-10-09,ETH,3613.64,3621.65,3557.33,3565.35,5375581
2021-10-09,LINK,2012.76,2065.87,1840.03,1893.14,10716368
2021-10-09,LTC,1368.88,1440.65,1320.52,1392.29,12835334
2021-10-09,SOL,1658.16,1736.04,1552.56,1630.44,16725032
2021-10-09,XRP,782.81,804.33,749.9,771.43,6146842
2021-10-10,ADA,2209.03,2225.3,2007.2,2023.47,8880008
2021-10-10,AVAX,980.71,1076.14,969.21,1064.64,11133460
2021-10-10,BCH,68.23,73.66,66.33,71.76,11222936
2021-10-10,BTC,718.15,718.25,700.36,700.47,19734338
2021-10-10,DOGE,1200.14,1215.01,1190.39,1205.27,8815905
2021-10-10,ETH,3565.35,3595.68,3544.38,3574.71,10620177
2021-10-10,LINK,1893.14,2005.53,1885.9,1998.29,2116895
2021-10-10,LTC,1392.29,1423.61,1364.49,1395.81,19448965
2021-10-10,SOL,1630.44,1772.11,1557.52,1699.2,18511010
2021-10-10,XRP,771.43,775.52,752.32,756.41,13668817
2021-10-11,ADA,2023.47,2074.41,2013.73,2064.68,18415663
2021-10-11,AVAX,1064.64,1068.88,1035.02,1039.26,14867884
2021-10-11,BCH,71.76,73.36,68.34,69.94,9900159
2021-10-11,BTC,700.47,723.81,649.39,672.74,18632463
2021-10-11,DOGE,1205.27,1279.61,1172.67,1247.01,8821887
2021-10-11,ETH,3574.71,3707.69,3549.48,3682.46,1160627
2021-10-11,LINK,1998.29,2149.74,1941.72,2093.17,19578397
2021-10-11,LTC,1395.81,1531.41,1372.42,1508.02,7966168
2021-10-11,SOL,1699.2,1751.18,1660.04,1712.02,11139691
2021-10-11,XRP,756.41,810.26,740.9,794.75,3317190
2021-10-12,ADA,2064.68,2368.06,1978.38,2281.76,4233213
2021-10-12,AVAX,1039.26,1053.73,1013.45,1027.93,17986590
2021-10-12,BCH,69.94,74.9,67.34,72.3,15444427
2021-10-12,BTC,672.74,692.38,650.47,670.11,17023743
2021-10-12,DOGE,1247.01,1275.68,1192.82,1221.49,16016279
2021-10-12,ETH,3682.46,3685.53,3637.99,3641.06,7985624
2021-10-12,LINK,2093.17,2118.72,1996.42,2021.98,4010597
2021-10-12,LTC,1508.02,1560.07,1402.62,1454.67,2456387
2021-10-12,SOL,1712.02,1727.79,1666.61,1682.37,4022130
2021-10-12,XRP,794.75,808.59,793.53,807.38,5106904
2021-10-13,ADA,2281.76,2372.69,2239.16,2330.1,4140697
2021-10-13,AVAX,1027.93,1057.25,974.72,1004.04,17752336
2021-10-13,BCH,72.3,74.49,71.12,73.3,5799644
2021-10-13,BTC,670.11,714.85,651.88,696.62,1453113
2021-10-13,DOGE,1221.49,1233.82,1220.52,1232.85,7500047
2021-10-13,ETH,3641.06,3724.35,3639.41,3722.7,12825395
2021-10-13,LINK,2021.98,2057.17,1830.28,1865.47,2949028
2021-10-13,LTC,1454.67,1493.13,1392.1,1430.56,4924083
2021-10-13,SOL,1682.37,1747.6,1447.99,1513.22,11763827
2021-10-13,XRP,807.38,816.22,805.08,813.92,10552076
2021-10-14,ADA,2330.1,2378.16,2205.77,2253.84,17603475
2021-10-14,AVAX,1004.04,1028.25,983.55,1007.75,1535053
2021-10-14,BCH,73.3,76.1,72.9,75.69,5112161
2021-10-14,BTC,696.62,711.43,638.06,652.87,11684688
2021-10-14,DOGE,1232.85,1251.82,1201.01,1219.98,9440696
2021-10-14,ETH,3722.7,3854.77,3692.06,3824.13,11274976
2021-10-14,LINK,1865.47,2015.32,1846.31,1996.15,1112203
2021-10-14,LTC,1430.56,1452.94,1344.12,1366.5,13268891
2021-10-14,SOL,1513.22,1657.12,1445.58,1589.48,14744054
2021-10-14,XRP,813.92,867.33,766.59,820.0,13048168
2021-10-15,ADA,2253.84,2313.99,2232.04,2292.2,5998934
2021-10-15,AVAX,1007.75,1026.61,980.86,999.71,11149252
2021-10-15,BCH,75.69,79.09,72.95,76.35,3115163
2021-10-15,BTC,652.87,668.38,643.52,659.04,11041807
2021-10-15,DOGE,1219.98,1236.4,1216.05,1232.46,15589135
2021-10-15,ETH,3824.13,3964.23,3785.1,3925.2,16942210
2021-10-15,LINK,1996.15,2050.54,1923.72,1978.1,19974934
2021-10-15,LTC,1366.5,1373.56,1260.7,1267.76,19537427
2021-10-15,SOL,1589.48,1723.06,1586.97,1720.55,3883124
2021-10-15,XRP,820.0,827.09,795.55,802.65,11994374
2021-10-16,ADA,2292.2,2310.47,2154.77,2173.04,1391446
2021-10-16,AVAX,999.71,1025.03,921.91,947.22,16488524
2021-10-16,BCH,76.35,80.76,75.88,80.28,14416930
2021-10-16,BTC,659.04,683.93,624.85,649.74,2694003
2021-10-16,DOGE,1232.46,1308.86,1216.02,1292.42,13425797
2021-10-16,ETH,3925.2,4117.3,3903.93,4096.04,12977838
2021-10-16,LINK,1978.1,2002.49,1906.08,1930.47,5349559
2021-10-16,LTC,1267.76,1285.65,1160.87,1178.76,12313270
2021-10-16,SOL,1720.55,1764.58,1578.94,1622.97,9893287
2021-10-16,XRP,802.65,846.51,797.4,841.26,14513926
2021-10-17,ADA,2173.04,2279.37,2103.85,2210.18,11391891
2021-10-17,AVAX,947.22,1013.38,938.59,1004.75,10874858
2021-10-17,BCH,80.28,82.73,77.61,80.06,11088817
2021-10-17,BTC,649.74,663.13,637.69,651.08,8834451
2021-10-17,DOGE,1292.42,1361.46,1245.56,1314.61,17547494
2021-10-17,ETH,4096.04,4183.56,4046.27,4133.8,4080526
2021-10-17,LINK,1930.47,1934.68,1922.12,1926.33,8631963
2021-10-17,LTC,1178.76,1187.45,1172.37,1181.06,10573462
2021-10-17,SOL,1622.97,1788.32,1622.05,1787.4,17063393
2021-10-17,XRP,841.26,844.4,832.52,835.66,2652061
2021-10-18,ADA,2210.18,2242.35,2099.23,2131.41,8658773
2021-10-18,AVAX,1004.75,1085.62,977.52,1058.39,15954642
2021-10-18,BCH,80.06,81.52,78.66,80.12,18056404
2021-10-18,BTC,651.08,653.31,611.94,614.17,1799191
2021-10-18,DOGE,1314.61,1330.74,1236.09,1252.23,8019858
2021-10-18,ETH,4133.8,4149.29,3989.07,4004.56,15696161
2021-10-18,LINK,1926.33,1973.7,1793.46,1840.83,3044341
2021-10-18,LTC,1181.06,1183.13,1156.61,1158.68,6861763
2021-10-18,SOL,1787.4,1886.91,1706.05,1805.56,19766497
2021-10-18,XRP,835.66,859.11,832.81,856.26,16552583
2021-10-19,ADA,2131.41,2160.64,2005.9,2035.13,16310175
2021-10-19,AVAX,1058.39,1173.06,1023.03,1137.7,5277051
2021-10-19,BCH,80.12,80.19,77.42,77.49,4069904
2021-10-19,BTC,614.17,626.73,609.69,622.25,11772299
2021-10-19,DOGE,1252.23,1258.47,1195.49,1201.73,3970979
2021-10-19,ETH,4004.56,4021.17,3845.04,3861.64,5806246
2021-10-19,LINK,1840.83,1848.17,1804.5,1811.83,12049498
2021-10-19,LTC,1158.68,1247.53,1085.5,1174.35,9446987
2021-10-19,SOL,1805.56,1819.46,1686.89,1700.79,1060343
2021-10-19,XRP,856.26,957.98,851.83,953.55,18948330
2021-10-20,ADA,2035.13,2040.5,1986.04,1991.41,9091595
2021-10-20,AVAX,1137.7,1269.27,1136.76,1268.33,2638162
2021-10-20,BCH,77.49,79.02,77.24,78.76,14083921
2021-10-20,BTC,622.25,624.63,616.28,618.66,15716311
2021-10-20,DOGE,1201.73,1239.68,1194.83,1232.78,12338540
2021-10-20,ETH,3861.64,3864.33,3784.48,3787.16,11701111
2021-10-20,LINK,1811.83,1861.36,1715.58,1765.11,15129802
2021-10-20,LTC,1174.35,1232.34,1140.94,1198.93,18449563
2021-10-20,SOL,1700.79,1700.89,1608.9,1608.99,4798023
2021-10-20,XRP,953.55,1024.04,931.6,1002.09,10456415
2021-10-21,ADA,1991.41,2192.06,1930.85,2131.5,1322246
2021-10-21,AVAX,1268.33,1286.92,1177.74,1196.33,18543977
2021-10-21,BCH,78.76,85.41,78.07,84.71,7843875
2021-10-21,BTC,618.66,636.78,571.09,589.22,2649626
2021-10-21,DOGE,1232.78,1271.62,1208.75,1247.59,1229349
2021-10-21,ETH,3787.16,3974.25,3721.09,3908.18,9526332
2021-10-21,LINK,1765.11,1844.7,1742.38,1821.97,9414750
2021-10-21,LTC,1198.93,1314.28,1145.62,1260.97,4408812
2021-10-21,SOL,1608.99,1665.59,1603.42,1660.02,12306768
2021-10-21,XRP,1002.09,1021.26,1001.32,1020.49,16829071
2021-10-22,ADA,2131.5,2242.9,2116.02,2227.42,14201292
2021-10-22,AVAX,1196.33,1202.93,1180.91,1187.51,15876168
2021-10-22,BCH,84.71,86.7,83.12,85.11,2059639
2021-10-22,BTC,589.22,624.83,589.09,624.69,3557045
2021-10-22,DOGE,1247.59,1306.84,1242.42,1301.67,1183220
2021-10-22,ETH,3908.18,3917.54,3826.61,3835.97,9391693
2021-10-22,LINK,1821.97,1979.6,1772.29,1929.91,6225728
2021-10-22,LTC,1260.97,1364.25,1222.07,1325.34,2367342
2021-10-22,SOL,1660.02,1676.52,1594.73,1611.24,9565051
2021-10-22,XRP,1020.49,1021.08,940.35,940.95,11928106
2021-10-23,ADA,2227.42,2306.9,2178.31,2257.79,13786451
2021-10-23,AVAX,1187.51,1267.6,1174.46,1254.56,8733104
2021-10-23,BCH,85.11,89.3,84.06,88.25,13700403
2021-10-23,BTC,624.69,628.39,580.35,584.04,19403792
2021-10-23,DOGE,1301.67,1314.34,1227.22,1239.89,1531070
2021-10-23,ETH,3835.97,3842.46,3783.11,3789.6,13410580
2021-10-23,LINK,1929.91,1959.23,1880.22,1909.53,17623108
2021-10-23,LTC,1325.34,1337.83,1244.98,1257.46,16991988
2021-10-23,SOL,1611.24,1650.68,1469.73,1509.18,10890932
2021-10-23,XRP,940.95,963.86,809.69,832.6,17152988
2021-10-24,ADA,2257.79,2393.06,2203.87,2339.14,5604303
2021-10-24,AVAX,1254.56,1275.28,1244.65,1265.37,5113594
2021-10-24,BCH,88.25,89.08,81.95,82.78,5455042
2021-10-24,BTC,584.04,603.19,546.97,566.11,10208441
2021-10-24,DOGE,1239.89,1253.5,1148.06,1161.68,16321499
2021-10-24,ETH,3789.6,3835.08,3663.04,3708.52,5938693
2021-10-24,LINK,1909.53,1952.57,1820.28,1863.32,8166695
2021-10-24,LTC,1257.46,1260.0,1178.99,1181.53,15861109
2021-10-24,SOL,1509.18,1519.77,1367.81,1378.4,5432172
2021-10-24,XRP,832.6,833.02,794.6,795.02,2321012
2021-10-25,ADA,2339.14,2357.68,2319.96,2338.49,4415227
2021-10-25,AVAX,1265.37,1371.82,1233.41,1339.86,11826951
2021-10-25,BCH,82.78,88.58,80.14,85.94,11869445
2021-10-25,BTC,566.11,571.95,561.02,566.86,11259694
2021-10-25,DOGE,1161.68,1173.48,1157.07,1168.87,11674250
2021-10-25,ETH,3708.52,3833.43,3668.21,3793.12,17660931
2021-10-25,LINK,1863.32,1908.28,1831.73,1876.7,10881688
2021-10-25,LTC,1181.53,1233.35,1110.55,1162.37,1842203
2021-10-25,SOL,1378.4,1420.56,1367.07,1409.23,15802027
2021-10-25,XRP,795.02,799.85,755.84,760.66,19097120
2021-10-26,ADA,2338.49,2374.18,2259.42,2295.11,3442787
2021-10-26,AVAX,1339.86,1366.65,1226.58,1253.37,15066694
2021-10-26,BCH,85.94,86.77,78.6,79.43,17539685
2021-10-26,BTC,566.86,589.5,563.03,585.68,10936591
2021-10-26,DOGE,1168.87,1177.76,1135.97,1144.86,4873311
2021-10-26,ETH,3793.12,3943.48,3793.05,3943.41,13352067
2021-10-26,LINK,1876.7,1939.74,1858.21,1921.25,1393733
2021-10-26,LTC,1162.37,1301.74,1152.64,1292.01,11196230
2021-10-26,SOL,1409.23,1539.66,1365.13,1495.56,12052091
2021-10-26,XRP,760.66,800.38,733.93,773.64,11883945
2021-10-27,ADA,2295.11,2350.68,2239.98,2295.55,14832614
2021-10-27,AVAX,1253.37,1308.1,1159.73,1214.46,2068494
2021-10-27,BCH,79.43,81.12,76.84,78.54,18273192
2021-10-27,BTC,585.68,610.74,584.64,609.71,4284878
2021-10-27,DOGE,1144.86,1213.24,1140.57,1208.96,4942800
2021-10-27,ETH,3943.41,4063.34,3845.17,3965.11,6536389
2021-10-27,LINK,1921.25,2026.82,1857.98,1963.55,6815739
2021-10-27,LTC,1292.01,1361.91,1235.86,1305.77,12230523
2021-10-27,SOL,1495.56,1497.99,1412.67,1415.11,8350520
2021-10-27,XRP,773.64,775.32,761.49,763.17,16972525
2021-10-28,ADA,2295.55,2396.31,2277.88,2378.64,4385946
2021-10-28,AVAX,1214.46,1313.04,1173.38,1271.97,10647669
2021-10-28,BCH,78.54,86.35,78.32,86.13,6354405
2021-10-28,BTC,609.71,619.45,581.06,590.81,11365386
2021-10-28,DOGE,1208.96,1254.37,1195.44,1240.85,12409902
2021-10-28,ETH,3965.11,4205.55,3881.16,4121.61,8333271
2021-10-28,LINK,1963.55,2124.91,1905.37,2066.73,12192911
2021-10-28,LTC,1305.77,1332.96,1169.67,1196.87,3113745
2021-10-28,SOL,1415.11,1415.99,1346.61,1347.49,6052791
2021-10-28,XRP,763.17,773.82,703.88,714.54,13525319
2021-10-29,ADA,2378.64,2513.07,2338.49,2472.93,14390947
2021-10-29,AVAX,1271.97,1283.6,1190.57,1202.2,11633186
2021-10-29,BCH,86.13,86.37,85.88,86.12,1830916
2021-10-29,BTC,590.81,634.32,563.46,606.97,7897509
2021-10-29,DOGE,1240.85,1249.26,1195.0,1203.41,7657796
2021-10-29,ETH,4121.61,4247.09,4058.11,4183.59,18001239
2021-10-29,LINK,2066.73,2111.01,2028.9,2073.18,9395039
2021-10-29,LTC,1196.87,1254.11,1109.53,1166.77,8884116
2021-10-29,SOL,1347.49,1418.29,1242.31,1313.11,8065712
2021-10-29,XRP,714.54,739.31,667.89,692.67,9478690
2021-10-30,ADA,2472.93,2532.3,2328.66,2388.03,2990111
2021-10-30,AVAX,1202.2,1323.16,1161.11,1282.07,1177417
2021-10-30,BCH,86.12,86.6,80.14,80.62,15221660
2021-10-30,BTC,606.97,630.84,603.28,627.15,11692615
2021-10-30,DOGE,1203.41,1205.87,1146.08,1148.54,17730416
2021-10-30,ETH,4183.59,4209.96,4043.6,4069.97,19624259
2021-10-30,LINK,2073.18,2130.81,1895.15,1952.78,9182453
2021-10-30,LTC,1166.77,1168.16,1089.82,1091.21,15018177
2021-10-30,SOL,1313.11,1339.35,1187.76,1214.0,13169471
2021-10-30,XRP,692.67,698.95,691.4,697.69,17817156
2021-10-31,ADA,2388.03,2465.7,2206.02,2283.68,3420521
2021-10-31,AVAX,1282.07,1411.16,1277.72,1406.81,4630371
2021-10-31,BCH,80.62,87.15,77.51,84.04,5409336
2021-10-31,BTC,627.15,629.97,626.25,629.07,2946132
2021-10-31,DOGE,1148.54,1168.04,1107.0,1126.5,10825701
2021-10-31,ETH,4069.97,4121.56,4051.77,4103.36,6130121
2021-10-31,LINK,1952.78,1994.93,1935.45,1977.59,17402239
2021-10-31,LTC,1091.21,1154.27,1053.37,1116.43,15720034
2021-10-31,SOL,1214.0,1254.96,1208.52,1249.49,17514099
2021-10-31,XRP,697.69,703.56,682.59,688.47,16397543
2021-11-01,ADA,2283.68,2291.12,2234.92,2242.36,2957913
2021-11-01,AVAX,1406.81,1463.34,1403.17,1459.71,19297733
2021-11-01,BCH,84.04,87.1,80.35,83.42,15878544
2021-11-01,BTC,629.07,655.37,625.55,651.86,18259578
2021-11-01,DOGE,1126.5,1136.07,1084.97,1094.54,16439216
2021-11-01,ETH,4103.36,4272.68,4070.12,4239.44,16650218
2021-11-01,LINK,1977.59,2031.5,1920.54,1974.44,10214575
2021-11-01,LTC,1116.43,1166.92,1063.75,1114.24,11940592
2021-11-01,SOL,1249.49,1266.29,1209.54,1226.34,7275115
2021-11-01,XRP,688.47,698.41,638.13,648.07,12407410
2021-11-02,ADA,2242.36,2276.63,2149.45,2183.72,14460468
2021-11-02,AVAX,1459.71,1507.85,1393.65,1441.79,16252932
2021-11-02,BCH,83.42,87.23,81.46,85.28,1595460
2021-11-02,BTC,651.86,670.28,618.67,637.08,4723775
2021-11-02,DOGE,1094.54,1121.64,1076.02,1103.12,18084457
2021-11-02,ETH,4239.44,4404.72,4179.48,4344.76,19187958
2021-11-02,LINK,1974.44,1984.94,1969.22,1979.72,16804502
2021-11-02,LTC,1114.24,1244.8,1097.52,1228.08,3617159
2021-11-02,SOL,1226.34,1240.36,1035.79,1049.81,13119063
2021-11-02,XRP,648.07,652.42,618.52,622.87,14307049
2021-11-03,ADA,2183.72,2285.24,2087.64,2189.15,6503981
2021-11-03,AVAX,1441.79,1580.9,1423.92,1563.03,5272586
2021-11-03,BCH,85.28,88.52,83.34,86.58,19377762
2021-11-03,BTC,637.08,668.28,623.48,654.67,16796963
2021-11-03,DOGE,1103.12,1119.79,1060.78,1077.44,8413452
2021-11-03,ETH,4344.76,4399.75,4074.4,4129.39,17158129
2021-11-03,LINK,1979.72,1984.32,1946.62,1951.22,19136270
2021-11-03,LTC,1228.08,1316.82,1212.52,1301.26,2241508
2021-11-03,SOL,1049.81,1057.34,1039.63,1047.16,12738319
2021-11-03,XRP,622.87,645.02,610.38,632.53,15065325
2021-11-04,ADA,2189.15,2243.77,2154.44,2209.06,8319914
2021-11-04,AVAX,1563.03,1697.84,1484.68,1619.49,3229698
2021-11-04,BCH,86.58,88.12,81.51,83.05,12109338
2021-11-04,BTC,654.67,685.89,647.92,679.14,3043152
2021-11-04,DOGE,1077.44,1081.27,1018.72,1022.55,3891672
2021-11-04,ETH,4129.39,4131.4,4106.29,4108.3,3766955
2021-11-04,LINK,1951.22,1984.34,1810.32,1843.43,6911441
2021-11-04,LTC,1301.26,1347.59,1256.81,1303.14,19015346
2021-11-04,SOL,1047.16,1048.21,983.08,984.13,11819655
2021-11-04,XRP,632.53,647.92,601.92,617.31,19140018
2021-11-05,ADA,2209.06,2289.42,2102.96,2183.32,11216493
2021-11-05,AVAX,1619.49,1647.04,1382.09,1409.64,3274196
2021-11-05,BCH,83.05,88.84,79.69,85.49,19637286
2021-11-05,BTC,679.14,681.22,653.68,655.76,9920250
2021-11-05,DOGE,1022.55,1036.41,1010.21,1024.07,18952542
2021-11-05,ETH,4108.3,4159.34,4074.05,4125.09,3684528
2021-11-05,LINK,1843.43,1868.98,1829.41,1854.96,14609213
2021-11-05,LTC,1303.14,1353.48,1188.79,1239.13,19312293
2021-11-05,SOL,984.13,1043.96,951.51,1011.34,13243474
2021-11-05,XRP,617.31,627.37,603.79,613.85,3847261
2021-11-06,ADA,2183.32,2220.73,2174.18,2211.59,7463144
2021-11-06,AVAX,1409.64,1522.25,1353.93,1466.54,19873165
2021-11-06,BCH,85.49,85.86,85.28,85.65,17933741
2021-11-06,BTC,655.76,666.16,623.45,633.85,2131097
2021-11-06,DOGE,1024.07,1108.33,1013.63,1097.9,16140399
2021-11-06,ETH,4125.09,4228.24,3872.71,3975.86,11095802
2021-11-06,LINK,1854.96,1875.45,1729.72,1750.2,17721380
2021-11-06,LTC,1239.13,1328.32,1235.9,1325.09,10164031
2021-11-06,SOL,1011.34,1061.56,1006.53,1056.74,3319191
2021-11-06,XRP,613.85,615.75,583.68,585.58,19351511
2021-11-07,ADA,2211.59,2239.37,2179.5,2207.27,5410469
2021-11-07,AVAX,1466.54,1501.67,1335.43,1370.56,2872187
2021-11-07,BCH,85.65,88.43,80.3,83.09,2644530
2021-11-07,BTC,633.85,659.01,606.62,631.78,12943752
2021-11-07,DOGE,1097.9,1108.46,1091.43,1102.0,14572515
2021-11-07,ETH,3975.86,4025.89,3956.14,4006.16,5394016
2021-11-07,LINK,1750.2,1830.64,1704.8,1785.24,6351402
2021-11-07,LTC,1325.09,1379.73,1286.76,1341.4,8972227
2021-11-07,SOL,1056.74,1133.54,1025.0,1101.8,3657722
2021-11-07,XRP,585.58,593.91,544.09,552.42,5834104
2021-11-08,ADA,2207.27,2310.28,2134.48,2237.49,13778204
2021-11-08,AVAX,1370.56,1413.35,1293.25,1336.04,3192719
2021-11-08,BCH,83.09,84.99,82.0,83.9,9946451
2021-11-08,BTC,631.78,637.76,615.6,621.58,3446958
2021-11-08,DOGE,1102.0,1150.66,1057.05,1105.7,17649331
2021-11-08,ETH,4006.16,4146.3,3961.58,4101.72,10008308
2021-11-08,LINK,1785.24,1879.11,1776.97,1870.84,3027665
2021-11-08,LTC,1341.4,1395.77,1281.75,1336.12,14215752
2021-11-08,SOL,1101.8,1104.56,1079.3,1082.06,13967600
2021-11-08,XRP,552.42,561.68,540.66,549.93,5931766
2021-11-09,ADA,2237.49,2300.18,2196.37,2259.06,14077378
2021-11-09,AVAX,1336.04,1455.98,1304.85,1424.79,7294451
2021-11-09,BCH,83.9,84.6,76.52,77.23,12066112
2021-11-09,BTC,621.58,632.93,607.75,619.1,2175447
2021-11-09,DOGE,1105.7,1138.17,1045.86,1078.32,9783615
2021-11-09,ETH,4101.72,4349.3,4081.1,4328.68,6480151
2021-11-09,LINK,1870.84,1912.09,1862.25,1903.5,3140010
2021-11-09,LTC,1336.12,1337.74,1257.49,1259.11,6777754
2021-11-09,SOL,1082.06,1110.16,1078.7,1106.8,14771040
2021-11-09,XRP,549.93,576.2,538.34,564.62,9155077
2021-11-10,ADA,2259.06,2309.26,2234.21,2284.41,12835153
2021-11-10,AVAX,1424.79,1437.72,1367.56,1380.49,4527117
2021-11-10,BCH,77.23,80.63,77.22,80.62,7280766
2021-11-10,BTC,619.1,636.65,615.82,633.37,6697663
2021-11-10,DOGE,1078.32,1166.43,1043.97,1132.07,7839652
2021-11-10,ETH,4328.68,4388.45,4283.45,4343.23,13378746
2021-11-10,LINK,1903.5,1934.81,1718.83,1750.14,2510504
2021-11-10,LTC,1259.11,1419.32,1194.45,1354.66,19175873
2021-11-10,SOL,1106.8,1167.77,1102.08,1163.05,17215328
2021-11-10,XRP,564.62,575.36,508.55,519.3,19539567
2021-11-11,ADA,2284.41,2440.35,2218.58,2374.52,18779163
2021-11-11,AVAX,1380.49,1466.94,1323.72,1410.18,13147009
2021-11-11,BCH,80.62,83.52,77.7,80.6,3226860
2021-11-11,BTC,633.37,683.23,622.68,672.54,4731376
2021-11-11,DOGE,1132.07,1152.91,1101.01,1121.84,19445492
2021-11-11,ETH,4343.23,4462.48,4332.02,4451.28,17271908
2021-11-11,LINK,1750.14,1886.85,1654.19,1790.91,6407079
2021-11-11,LTC,1354.66,1387.88,1075.02,1108.24,18975413
2021-11-11,SOL,1163.05,1163.76,1145.98,1146.68,5009407
2021-11-11,XRP,519.3,525.94,514.14,520.78,11463428
2021-11-12,ADA,2374.52,2494.32,2332.0,2451.79,4165255
2021-11-12,AVAX,1410.18,1558.76,1388.35,1536.94,11186170
2021-11-12,BCH,80.6,82.61,73.42,75.43,3357480
2021-11-12,BTC,672.54,689.75,663.82,681.03,3673232
2021-11-12,DOGE,1121.84,1144.26,1062.91,1085.33,19965767
2021-11-12,ETH,4451.28,4523.97,4422.07,4494.76,2360732
2021-11-12,LINK,1790.91,1887.23,1752.88,1849.21,1356499
2021-11-12,LTC,1108.24,1120.26,1003.98,1016.0,19523302
2021-11-12,SOL,1146.68,1191.14,1081.6,1126.05,12267144
2021-11-12,XRP,520.78,553.05,517.38,549.64,4728635
2021-11-13,ADA,2451.79,2452.51,2376.28,2376.99,4011326
2021-11-13,AVAX,1536.94,1614.0,1417.9,1494.95,7985036
2021-11-13,BCH,75.43,76.42,69.24,70.23,14887643
2021-11-13,BTC,681.03,687.5,621.73,628.2,14712482
2021-11-13,DOGE,1085.33,1085.61,1077.69,1077.97,9534190
2021-11-13,ETH,4494.76,4774.2,4412.71,4692.14,2221362
2021-11-13,LINK,1849.21,1883.21,1650.93,1684.93,9615759
2021-11-13,LTC,1016.0,1025.68,937.34,947.02,7411530
2021-11-13,SOL,1126.05,1274.7,1102.72,1251.37,3966516
2021-11-13,XRP,549.64,561.57,528.32,540.24,3576252
2021-11-14,ADA,2376.99,2473.21,2355.9,2452.11,9052752
2021-11-14,AVAX,1494.95,1507.67,1468.58,1481.3,4648937
2021-11-14,BCH,70.23,75.06,69.35,74.19,19336233
2021-11-14,BTC,628.2,665.69,593.76,631.25,3446988
2021-11-14,DOGE,1077.97,1132.8,1069.62,1124.45,17728078
2021-11-14,ETH,4692.14,4810.92,4330.38,4449.16,15630341
2021-11-14,LINK,1684.93,1829.31,1656.32,1800.69,15418365
2021-11-14,LTC,947.02,965.04,881.69,899.72,15718572
2021-11-14,SOL,1251.37,1262.51,1222.95,1234.1,4391340
2021-11-14,XRP,540.24,573.21,517.08,550.05,14045336
2021-11-15,ADA,2452.11,2495.33,2432.75,2475.98,19114493
2021-11-15,AVAX,1481.3,1497.8,1411.94,1428.44,11242201
2021-11-15,BCH,74.19,75.77,72.37,73.95,11770076
2021-11-15,BTC,631.25,666.58,620.24,655.57,3965518
2021-11-15,DOGE,1124.45,1156.69,1102.86,1135.1,7380753
2021-11-15,ETH,4449.16,4525.4,4389.56,4465.8,11145305
2021-11-15,LINK,1800.69,1884.52,1768.29,1852.11,11780953
2021-11-15,LTC,899.72,922.96,894.55,917.8,2148128
2021-11-15,SOL,1234.1,1292.53,1158.43,1216.86,13696347
2021-11-15,XRP,550.05,564.7,508.8,523.45,4215839
2021-11-16,ADA,2475.98,2476.63,2328.74,2329.39,14059997
2021-11-16,AVAX,1428.44,1484.16,1422.4,1478.12,6707768
2021-11-16,BCH,73.95,81.11,71.25,78.42,15062657
2021-11-16,BTC,655.57,704.62,640.07,689.13,19387625
2021-11-16,DOGE,1135.1,1156.43,1116.75,1138.08,19912866
2021-11-16,ETH,4465.8,4611.98,4400.51,4546.7,3845538
2021-11-16,LINK,1852.11,1855.09,1835.57,1838.55,8134505
2021-11-16,LTC,917.8,953.59,872.08,907.88,4094642
2021-11-16,SOL,1216.86,1218.14,1124.48,1125.76,10623961
2021-11-16,XRP,523.45,530.09,512.93,519.57,15491540
2021-11-17,ADA,2329.39,2402.94,2297.07,2370.62,17222948
2021-11-17,AVAX,1478.12,1532.79,1367.86,1422.53,3444089
2021-11-17,BCH,78.42,79.14,75.54,76.27,15564679
2021-11-17,BTC,689.13,697.39,646.9,655.16,3476232
2021-11-17,DOGE,1138.08,1166.6,1108.58,1137.11,11899337
2021-11-17,ETH,4546.7,4610.15,4536.18,4599.63,12583720
2021-11-17,LINK,1838.55,1981.29,1808.75,1951.48,3316125
2021-11-17,LTC,907.88,989.35,875.58,957.05,19355439
2021-11-17,SOL,1125.76,1160.79,1062.73,1097.76,13220754
2021-11-17,XRP,519.57,522.23,516.93,519.59,1224640
2021-11-18,ADA,2370.62,2433.4,2352.51,2415.29,6203909
2021-11-18,AVAX,1422.53,1434.22,1325.95,1337.64,12260464
2021-11-18,BCH,76.27,78.95,75.24,77.92,10189251
2021-11-18,BTC,655.16,675.76,645.79,666.38,8343391
2021-11-18,DOGE,1137.11,1203.14,1110.19,1176.22,18602102
2021-11-18,ETH,4599.63,4607.93,4431.11,4439.41,3641802
2021-11-18,LINK,1951.48,2065.85,1929.7,2044.07,3971483
2021-11-18,LTC,957.05,1011.65,951.08,1005.68,16764557
2021-11-18,SOL,1097.76,1156.62,1062.17,1121.03,5861987
2021-11-18,XRP,519.59,532.86,507.31,520.58,3087427
2021-11-19,ADA,2415.29,2457.44,2380.93,2423.08,3579520
2021-11-19,AVAX,1337.64,1439.74,1329.5,1431.59,17299381
2021-11-19,BCH,77.92,83.1,75.9,81.08,14482127
2021-11-19,BTC,666.38,682.46,657.31,673.39,17379980
2021-11-19,DOGE,1176.22,1210.62,1138.07,1172.47,16743561
2021-11-19,ETH,4439.41,4504.52,4327.76,4392.88,18413405
2021-11-19,LINK,2044.07,2146.01,2018.79,2120.72,4858716
2021-11-19,LTC,1005.68,1094.26,998.26,1086.84,15473074
2021-11-19,SOL,1121.03,1132.6,1046.16,1057.73,14461733
2021-11-19,XRP,520.58,542.03,514.66,536.11,19881970
2021-11-20,ADA,2423.08,2486.57,2374.64,2438.13,12767116
2021-11-20,AVAX,1431.59,1448.18,1310.89,1327.48,12030703
2021-11-20,BCH,81.08,84.09,76.6,79.6,15642644
2021-11-20,BTC,673.39,676.73,655.76,659.11,2049246
2021-11-20,DOGE,1172.47,1250.98,1172.09,1250.6,18246839
2021-11-20,ETH,4392.88,4439.43,4369.35,4415.9,11253830
2021-11-20,LINK,2120.72,2243.52,2116.71,2239.51,10010104
2021-11-20,LTC,1086.84,1119.2,1061.58,1093.94,19264769
2021-11-20,SOL,1057.73,1094.32,1004.38,1040.97,7928213
2021-11-20,XRP,536.11,551.17,517.99,533.04,1373112
2021-11-21,ADA,2438.13,2523.47,2183.72,2269.06,3121009
2021-11-21,AVAX,1327.48,1356.81,1199.62,1228.95,7061414
2021-11-21,BCH,79.6,83.22,79.09,82.71,4631667
2021-11-21,BTC,659.11,669.16,591.05,601.1,11084087
2021-11-21,DOGE,1250.6,1253.83,1190.68,1193.91,1524082
2021-11-21,ETH,4415.9,4503.64,4319.65,4407.39,7363444
2021-11-21,LINK,2239.51,2306.03,2233.49,2300.01,3612173
2021-11-21,LTC,1093.94,1117.66,1090.28,1114.01,5808639
2021-11-21,SOL,1040.97,1074.1,1037.65,1070.78,17863040
2021-11-21,XRP,533.04,549.2,502.7,518.87,17143635
2021-11-22,ADA,2269.06,2339.01,2227.3,2297.25,3928351
2021-11-22,AVAX,1228.95,1246.57,1162.13,1179.76,16111493
2021-11-22,BCH,82.71,83.62,80.03,80.94,5752804
2021-11-22,BTC,601.1,614.73,539.54,553.16,14118697
2021-11-22,DOGE,1193.91,1195.87,1112.52,1114.48,9027935
2021-11-22,ETH,4407.39,4636.39,4353.62,4582.63,16673028
2021-11-22,LINK,2300.01,2418.35,2271.52,2389.86,10239918
2021-11-22,LTC,1114.01,1199.01,1103.95,1188.95,15561453
2021-11-22,SOL,1070.78,1075.3,1033.68,1038.2,19488515
2021-11-22,XRP,518.87,533.7,502.77,517.6,13337798
2021-11-23,ADA,2297.25,2321.22,2263.31,2287.28,1455890
2021-11-23,AVAX,1179.76,1270.05,1164.44,1254.74,1522316
2021-11-23,BCH,80.94,81.28,78.18,78.52,5816287
2021-11-23,BTC,553.16,595.54,528.98,571.36,1222938
2021-11-23,DOGE,1114.48,1134.1,1075.28,1094.89,10016699
2021-11-23,ETH,4582.63,4814.92,4481.89,4714.18,17195018
2021-11-23,LINK,2389.86,2442.03,2218.5,2270.66,13561435
2021-11-23,LTC,1188.95,1211.7,1120.38,1143.13,19536762
2021-11-23,SOL,1038.2,1042.32,1024.1,1028.23,18102313
2021-11-23,XRP,517.6,522.02,473.83,478.25,17320936
2021-11-24,ADA,2287.28,2339.32,2264.22,2316.25,13582001
2021-11-24,AVAX,1254.74,1325.81,1098.4,1169.48,7428024
2021-11-24,BCH,78.52,81.01,69.68,72.16,7881294
2021-11-24,BTC,571.36,588.82,560.67,578.12,11399583
2021-11-24,DOGE,1094.89,1112.65,1083.23,1100.99,8485727
2021-11-24,ETH,4714.18,4829.96,4580.24,4696.02,16489769
2021-11-24,LINK,2270.66,2396.86,2239.77,2365.97,18830722
2021-11-24,LTC,1143.13,1310.91,1137.18,1304.95,1993343
2021-11-24,SOL,1028.23,1036.44,981.52,989.73,15380900
2021-11-24,XRP,478.25,483.86,460.59,466.2,2183232
2021-11-25,ADA,2316.25,2357.5,2294.55,2335.8,19901229
2021-11-25,AVAX,1169.48,1205.07,1081.0,1116.59,1849667
2021-11-25,BCH,72.16,79.51,68.29,75.64,9454638
2021-11-25,BTC,578.12,614.24,564.83,600.95,15365905
2021-11-25,DOGE,1100.99,1164.44,1085.22,1148.68,13576936
2021-11-25,ETH,4696.02,4833.74,4687.28,4825.01,19564104
2021-11-25,LINK,2365.97,2555.58,2343.84,2533.44,19063771
2021-11-25,LTC,1304.95,1467.52,1226.83,1389.4,5085173
2021-11-25,SOL,989.73,1024.19,975.46,1009.92,7919675
2021-11-25,XRP,466.2,479.36,458.06,471.22,3953599
2021-11-26,ADA,2335.8,2587.9,2278.71,2530.81,5215248
2021-11-26,AVAX,1116.59,1147.24,1036.06,1066.71,16629570
2021-11-26,BCH,75.64,85.79,74.1,84.25,4020459
2021-11-26,BTC,600.95,604.41,594.01,597.47,16920616
2021-11-26,DOGE,1148.68,1194.64,1145.81,1191.77,17281021
2021-11-26,ETH,4825.01,5021.3,4758.82,4955.11,10209930
2021-11-26,LINK,2533.44,2652.15,2501.95,2620.66,8387007
2021-11-26,LTC,1389.4,1403.09,1237.34,1251.04,10501634
2021-11-26,SOL,1009.92,1014.5,979.69,984.27,7293170
2021-11-26,XRP,471.22,489.28,458.47,476.53,11187704
2021-11-27,ADA,2530.81,2545.63,2460.39,2475.21,4292350
2021-11-27,AVAX,1066.71,1129.46,974.76,1037.51,15306767
2021-11-27,BCH,84.25,88.84,83.31,87.9,3185923
2021-11-27,BTC,597.47,654.45,585.78,642.76,2454856
2021-11-27,DOGE,1191.77,1227.02,1187.12,1222.38,18084462
2021-11-27,ETH,4955.11,5012.27,4917.3,4974.46,4211649
2021-11-27,LINK,2620.66,2701.87,2494.49,2575.71,15039865
2021-11-27,LTC,1251.04,1251.12,1243.31,1243.39,14648863
2021-11-27,SOL,984.27,985.08,925.91,926.72,2730370
2021-11-27,XRP,476.53,503.24,454.44,481.14,16800601
2021-11-28,ADA,2475.21,2648.12,2405.81,2578.73,7514757
2021-11-28,AVAX,1037.51,1113.36,993.55,1069.39,5007449
2021-11-28,BCH,87.9,88.46,77.57,78.13,2585207
2021-11-28,BTC,642.76,694.83,604.33,656.41,15145213
2021-11-28,DOGE,1222.38,1251.33,1160.64,1189.59,11054436
2021-11-28,ETH,4974.46,4996.64,4857.71,4879.89,11260997
2021-11-28,LINK,2575.71,2586.88,2483.36,2494.53,2469199
2021-11-28,LTC,1243.39,1270.25,1236.83,1263.68,7801407
2021-11-28,SOL,926.72,926.96,868.2,868.43,13769337
2021-11-28,XRP,481.14,487.18,480.47,486.51,13249988
2021-11-29,ADA,2578.73,2623.21,2420.55,2465.03,7142946
2021-11-29,AVAX,1069.39,1103.34,995.14,1029.08,17315216
2021-11-29,BCH,78.13,80.18,65.33,67.38,9200667
2021-11-29,BTC,656.41,663.35,625.44,632.38,1646032
2021-11-29,DOGE,1189.59,1240.14,1163.44,1213.99,16461322
2021-11-29,ETH,4879.89,5060.11,4762.74,4942.96,18091266
2021-11-29,LINK,2494.53,2607.13,2325.88,2438.48,19398665
2021-11-29,LTC,1263.68,1534.43,1234.8,1505.56,11679383
2021-11-29,SOL,868.43,967.64,820.67,919.88,17112401
2021-11-29,XRP,486.51,491.23,484.9,489.62,17183527
2021-11-30,ADA,2465.03,2644.21,2462.7,2641.88,15926911
2021-11-30,AVAX,1029.08,1092.53,1019.62,1083.07,15268069
2021-11-30,BCH,67.38,68.23,61.34,62.18,14946364
2021-11-30,BTC,632.38,675.9,599.12,642.63,5400821
2021-11-30,DOGE,1213.99,1250.44,1196.68,1233.12,16692815
2021-11-30,ETH,4942.96,5392.17,4889.62,5338.84,9624198
2021-11-30,LINK,2438.48,2487.88,2322.92,2372.31,15331668
2021-11-30,LTC,1505.56,1635.79,1415.18,1545.41,15594831
2021-11-30,SOL,919.88,1016.37,919.46,1015.95,2170998
2021-11-30,XRP,489.62,548.23,487.97,546.57,14289330
2021-12-01,ADA,2641.88,2677.07,2475.68,2510.86,17532683
2021-12-01,AVAX,1083.07,1088.65,1081.36,1086.94,10864306
2021-12-01,BCH,62.18,63.81,60.07,61.7,9545316
2021-12-01,BTC,642.63,647.11,613.84,618.32,11420484
2021-12-01,DOGE,1233.12,1270.22,1186.05,1223.15,8441651
2021-12-01,ETH,5338.84,5508.9,5272.2,5442.26,4073120
2021-12-01,LINK,2372.31,2435.93,2199.05,2262.66,5331394
2021-12-01,LTC,1545.41,1858.06,1444.17,1756.83,1162851
2021-12-01,SOL,1015.95,1020.03,978.83,982.91,4762638
2021-12-01,XRP,546.57,572.95,531.39,557.76,16119856
2021-12-02,ADA,2510.86,2705.13,2460.84,2655.11,16426174
2021-12-02,AVAX,1086.94,1096.04,974.28,983.38,15231457
2021-12-02,BCH,61.7,64.98,60.21,63.49,13181213
2021-12-02,BTC,618.32,651.58,604.26,637.52,10371359
2021-12-02,DOGE,1223.15,1289.37,1214.84,1281.06,1607902
2021-12-02,ETH,5442.26,5620.3,5307.67,5485.71,6948981
2021-12-02,LINK,2262.66,2494.86,2181.05,2413.25,5916644
2021-12-02,LTC,1756.83,1787.78,1697.47,1728.42,18981195
2021-12-02,SOL,982.91,1035.21,980.99,1033.29,14854372
2021-12-02,XRP,557.76,609.06,533.51,584.81,19711801
2021-12-03,ADA,2655.11,2710.8,2598.24,2653.92,3379395
2021-12-03,AVAX,983.38,1048.61,943.71,1008.94,13312162
2021-12-03,BCH,63.49,65.16,61.87,63.54,19551676
2021-12-03,BTC,637.52,650.58,606.48,619.55,15555648
2021-12-03,DOGE,1281.06,1295.35,1249.37,1263.65,16454803
2021-12-03,ETH,5485.71,5671.46,5434.95,5620.7,12631588
2021-12-03,LINK,2413.25,2510.4,2405.77,2502.92,4165411
2021-12-03,LTC,1728.42,1808.0,1720.74,1800.31,9031425
2021-12-03,SOL,1033.29,1041.35,971.97,980.04,14436103
2021-12-03,XRP,584.81,601.26,563.31,579.75,2401766
2021-12-04,ADA,2653.92,2677.78,2626.32,2650.18,2167783
2021-12-04,AVAX,1008.94,1118.76,986.51,1096.33,11103526
2021-12-04,BCH,63.54,64.78,59.28,60.52,11923736
2021-12-04,BTC,619.55,642.39,613.87,636.72,8204491
2021-12-04,DOGE,1263.65,1279.11,1246.62,1262.08,16651812
2021-12-04,ETH,5620.7,5959.87,5518.34,5857.51,17906135
2021-12-04,LINK,2502.92,2606.46,2465.93,2569.46,7419817
2021-12-04,LTC,1800.31,1815.74,1753.14,1768.57,11691792
2021-12-04,SOL,980.04,988.3,933.61,941.87,7175243
2021-12-04,XRP,579.75,630.97,548.57,599.78,13451487
2021-12-05,ADA,2650.18,2770.37,2611.21,2731.4,1819792
2021-12-05,AVAX,1096.33,1114.74,1093.61,1112.01,17231639
2021-12-05,BCH,60.52,60.65,51.37,51.5,19222972
2021-12-05,BTC,636.72,671.66,631.38,666.32,4503300
2021-12-05,DOGE,1262.08,1276.08,1199.32,1213.32,13738431
2021-12-05,ETH,5857.51,6043.4,5764.44,5950.33,5202746
2021-12-05,LINK,2569.46,2760.6,2514.77,2705.91,11050597
2021-12-05,LTC,1768.57,1844.19,1749.79,1825.42,18237881
2021-12-05,SOL,941.87,962.8,926.66,947.59,17904829
2021-12-05,XRP,599.78,620.59,568.24,589.05,2244747
2021-12-06,ADA,2731.4,2763.31,2692.01,2723.93,4122556
2021-12-06,AVAX,1112.01,1182.2,1086.11,1156.29,4817961
2021-12-06,BCH,51.5,52.08,49.27,49.85,16381664
2021-12-06,BTC,666.32,676.76,643.14,653.59,17172950
2021-12-06,DOGE,1213.32,1245.04,1125.22,1156.93,3603066
2021-12-06,ETH,5950.33,6014.17,5882.72,5946.56,11581195
2021-12-06,LINK,2705.91,2875.65,2658.14,2827.88,13110642
2021-12-06,LTC,1825.42,1863.1,1818.26,1855.95,13766952
2021-12-06,SOL,947.59,1006.07,934.04,992.52,7545191
2021-12-06,XRP,589.05,601.45,563.61,576.01,7595097
2021-12-07,ADA,2723.93,2736.77,2613.73,2626.57,15483955
2021-12-07,AVAX,1156.29,1290.9,1093.83,1228.44,19694096
2021-12-07,BCH,49.85,53.56,47.86,51.57,2329087
2021-12-07,BTC,653.59,656.73,642.3,645.44,2287110
2021-12-07,DOGE,1156.93,1168.32,1125.45,1136.85,12959418
2021-12-07,ETH,5946.56,6115.12,5910.47,6079.02,3917126
2021-12-07,LINK,2827.88,3003.83,2822.39,2998.33,17471085
2021-12-07,LTC,1855.95,1871.56,1772.8,1788.41,15998575
2021-12-07,SOL,992.52,1039.7,967.74,1014.92,13181225
2021-12-07,XRP,576.01,581.89,553.21,559.09,13904789
2021-12-08,ADA,2626.57,2675.57,2430.22,2479.22,9185131
2021-12-08,AVAX,1228.44,1247.27,1143.71,1162.54,2222187
2021-12-08,BCH,51.57,52.78,48.61,49.82,10698540
2021-12-08,BTC,645.44,712.02,622.81,689.39,16741517
2021-12-08,DOGE,1136.85,1197.38,1098.93,1159.46,10128192
2021-12-08,ETH,6079.02,6163.77,5964.26,6049.01,7420273
2021-12-08,LINK,2998.33,3000.98,2832.51,2835.16,6304411
2021-12-08,LTC,1788.41,1811.84,1572.76,1596.18,11783595
2021-12-08,SOL,1014.92,1066.41,971.04,1022.53,5685736
2021-12-08,XRP,559.09,600.72,539.95,581.57,3253846
2021-12-09,ADA,2479.22,2540.56,2340.9,2402.24,15482169
2021-12-09,AVAX,1162.54,1194.87,1160.34,1192.66,6639581
2021-12-09,BCH,49.82,52.57,48.21,50.97,9487079
2021-12-09,BTC,689.39,711.04,646.13,667.78,5595721
2021-12-09,DOGE,1159.46,1169.3,1117.93,1127.77,12875560
2021-12-09,ETH,6049.01,6056.76,6017.11,6024.86,16575237
2021-12-09,LINK,2835.16,2840.67,2770.7,2776.21,12889180
2021-12-09,LTC,1596.18,1666.67,1449.26,1519.75,17012027
2021-12-09,SOL,1022.53,1031.0,986.97,995.44,9996668
2021-12-09,XRP,581.57,600.16,578.36,596.95,11349770
2021-12-10,ADA,2402.24,2432.42,2357.53,2387.72,17858311
2021-12-10,AVAX,1192.66,1219.35,1130.57,1157.26,12529152
2021-12-10,BCH,50.97,56.32,50.44,55.79,17356503
2021-12-10,BTC,667.78,704.16,657.25,693.62,1263268
2021-12-10,DOGE,1127.77,1167.53,1121.34,1161.1,6116391
2021-12-10,ETH,6024.86,6202.27,5906.94,6084.35,11327541
2021-12-10,LINK,2776.21,2827.94,2629.32,2681.05,13593940
2021-12-10,LTC,1519.75,1576.94,1516.68,1573.86,16043448
2021-12-10,SOL,995.44,1003.2,953.62,961.39,15669497
2021-12-10,XRP,596.95,629.33,586.99,619.36,14161259
2021-12-11,ADA,2387.72,2414.92,2263.32,2290.53,1887425
2021-12-11,AVAX,1157.26,1195.8,1044.75,1083.29,9701512
2021-12-11,BCH,55.79,58.19,53.42,55.83,13971591
2021-12-11,BTC,693.62,706.54,693.43,706.34,17575267
2021-12-11,DOGE,1161.1,1219.86,1155.77,1214.53,13595661
2021-12-11,ETH,6084.35,6307.73,5988.75,6212.13,7631551
2021-12-11,LINK,2681.05,2742.97,2631.11,2693.03,12167589
2021-12-11,LTC,1573.86,1574.51,1547.43,1548.08,11132775
2021-12-11,SOL,961.39,991.74,887.88,918.24,1464800
2021-12-11,XRP,619.36,639.59,599.18,619.41,1259951
2021-12-12,ADA,2290.53,2350.0,2148.28,2207.76,15009073
2021-12-12,AVAX,1083.29,1132.57,1042.94,1092.22,13683477
2021-12-12,BCH,55.83,57.22,50.95,52.35,12807193
2021-12-12,BTC,706.34,709.39,677.76,680.8,3263765
2021-12-12,DOGE,1214.53,1269.55,1162.46,1217.47,14111756
2021-12-12,ETH,6212.13,6395.67,5935.43,6118.97,16853255
2021-12-12,LINK,2693.03,2777.44,2690.66,2775.08,11881459
2021-12-12,LTC,1548.08,1549.25,1406.12,1407.28,5948655
2021-12-12,SOL,918.24,924.82,899.08,905.67,10650581
2021-12-12,XRP,619.41,621.83,612.63,615.05,18633362
2021-12-13,ADA,2207.76,2231.44,2191.77,2215.45,11705191
2021-12-13,AVAX,1092.22,1097.58,1029.45,1034.81,18760411
2021-12-13,BCH,52.35,55.39,50.19,53.24,18729485
2021-12-13,BTC,680.8,686.77,665.4,671.36,17442736
2021-12-13,DOGE,1217.47,1237.3,1207.45,1227.28,5793740
2021-12-13,ETH,6118.97,6148.64,5944.82,5974.49,6749908
2021-12-13,LINK,2775.08,2962.73,2675.69,2863.35,6600999
2021-12-13,LTC,1407.28,1482.95,1250.25,1325.91,9045239
2021-12-13,SOL,905.67,950.31,895.79,940.43,14298550
2021-12-13,XRP,615.05,633.19,589.18,607.31,11275074
2021-12-14,ADA,2215.45,2304.18,2169.52,2258.25,12242470
2021-12-14,AVAX,1034.81,1045.51,1021.44,1032.14,6037319
2021-12-14,BCH,53.24,55.18,50.45,52.4,10503650
2021-12-14,BTC,671.36,672.61,665.98,667.23,8541263
2021-12-14,DOGE,1227.28,1253.31,1147.33,1173.37,16275525
2021-12-14,ETH,5974.49,5982.51,5903.24,5911.26,11814986
2021-12-14,LINK,2863.35,2937.71,2839.99,2914.35,12112827
2021-12-14,LTC,1325.91,1333.87,1250.31,1258.27,10533506
2021-12-14,SOL,940.43,996.26,912.19,968.02,6007643
2021-12-14,XRP,607.31,613.16,582.3,588.14,10080711
2021-12-15,ADA,2258.25,2288.66,2248.82,2279.22,10487946
2021-12-15,AVAX,1032.14,1034.82,1009.23,1011.91,5327756
2021-12-15,BCH,52.4,54.94,49.12,51.66,1321316
2021-12-15,BTC,667.23,727.07,661.27,721.11,6923061
2021-12-15,DOGE,1173.37,1266.63,1142.23,1235.49,19767732
2021-12-15,ETH,5911.26,6372.22,5804.42,6265.38,6222350
2021-12-15,LINK,2914.35,3309.52,2790.42,3185.58,4028027
2021-12-15,LTC,1258.27,1367.57,1202.36,1311.67,10762930
2021-12-15,SOL,968.02,988.23,957.39,977.6,12547600
2021-12-15,XRP,588.14,597.15,562.16,571.16,4515983
2021-12-16,ADA,2279.22,2330.79,2210.27,2261.83,12042099
2021-12-16,AVAX,1011.91,1054.48,985.63,1028.2,18573917
2021-12-16,BCH,51.66,54.67,50.94,53.95,1609501
2021-12-16,BTC,721.11,737.35,717.17,733.4,11438531
2021-12-16,DOGE,1235.49,1284.75,1213.01,1262.28,10598055
2021-12-16,ETH,6265.38,6333.41,6213.89,6281.92,15748750
2021-12-16,LINK,3185.58,3196.97,3068.05,3079.43,19197896
2021-12-16,LTC,1311.67,1341.96,1134.37,1164.66,2960597
2021-12-16,SOL,977.6,979.55,916.65,918.6,13668381
2021-12-16,XRP,571.16,591.64,546.09,566.57,10254886
2021-12-17,ADA,2261.83,2317.51,2121.5,2177.17,2012278
2021-12-17,AVAX,1028.2,1066.65,1025.74,1064.18,5066000
2021-12-17,BCH,53.95,54.18,52.67,52.9,10223300
2021-12-17,BTC,733.4,742.43,714.97,724.0,1330842
2021-12-17,DOGE,1262.28,1374.67,1247.1,1359.5,2852923
2021-12-17,ETH,6281.92,6613.74,6281.65,6613.46,11708865
2021-12-17,LINK,3079.43,3122.1,3058.23,3100.9,9380187
2021-12-17,LTC,1164.66,1231.6,1160.09,1227.03,17378893
2021-12-17,SOL,918.6,920.83,843.61,845.84,3451145
2021-12-17,XRP,566.57,610.94,563.11,607.48,11841283
2021-12-18,ADA,2177.17,2212.51,2114.4,2149.74,19722235
2021-12-18,AVAX,1064.18,1125.0,1000.63,1061.45,7702271
2021-12-18,BCH,52.9,53.92,52.54,53.55,18824481
2021-12-18,BTC,724.0,736.84,680.78,693.63,17089042
2021-12-18,DOGE,1359.5,1414.14,1295.7,1350.34,6645404
2021-12-18,ETH,6613.46,6935.29,6597.87,6919.69,2743765
2021-12-18,LINK,3100.9,3171.91,2994.68,3065.7,9233071
2021-12-18,LTC,1227.03,1358.07,1163.23,1294.27,2179064
2021-12-18,SOL,845.84,888.21,837.41,879.78,1500753
2021-12-18,XRP,607.48,647.07,599.93,639.52,15776268
2021-12-19,ADA,2149.74,2242.08,2144.75,2237.1,18894081
2021-12-19,AVAX,1061.45,1177.43,1001.26,1117.25,13504367
2021-12-19,BCH,53.55,54.5,49.55,50.49,13368194
2021-12-19,BTC,693.63,740.82,651.32,698.51,13980278
2021-12-19,DOGE,1350.34,1367.59,1285.66,1302.91,9673791
2021-12-19,ETH,6919.69,7148.34,6815.89,7044.53,17071680
2021-12-19,LINK,3065.7,3074.66,2935.1,2944.06,1680175
2021-12-19,LTC,1294.27,1300.07,1275.13,1280.94,11407156
2021-12-19,SOL,879.78,903.86,879.67,903.76,3751788
2021-12-19,XRP,639.52,654.97,597.06,612.51,5938528
2021-12-20,ADA,2237.1,2333.63,2219.44,2315.97,3118134
2021-12-20,AVAX,1117.25,1188.69,1074.87,1146.32,8936588
2021-12-20,BCH,50.49,51.74,47.77,49.03,1288360
2021-12-20,BTC,698.51,706.28,694.66,702.43,6064819
2021-12-20,DOGE,1302.91,1346.56,1289.83,1333.48,17946689
2021-12-20,ETH,7044.53,7073.54,6775.45,6804.46,4651359
2021-12-20,LINK,2944.06,3127.71,2833.04,3016.68,11745544
2021-12-20,LTC,1280.94,1304.18,1133.43,1156.68,8272112
2021-12-20,SOL,903.76,924.23,835.81,856.28,2931024
2021-12-20,XRP,612.51,622.17,590.86,600.52,2882022
2021-12-21,ADA,2315.97,2441.51,2263.45,2388.99,10601214
2021-12-21,AVAX,1146.32,1187.4,1079.13,1120.22,11222027
2021-12-21,BCH,49.03,52.9,46.77,50.64,3565563
2021-12-21,BTC,702.43,719.64,675.64,692.85,12806170
2021-12-21,DOGE,1333.48,1368.57,1217.24,1252.32,4329635
2021-12-21,ETH,6804.46,6943.07,6554.25,6692.86,13391440
2021-12-21,LINK,3016.68,3104.28,2952.82,3040.42,19041651
2021-12-21,LTC,1156.68,1161.32,1143.39,1148.03,3180450
2021-12-21,SOL,856.28,866.74,834.68,845.14,7367530
2021-12-21,XRP,600.52,664.3,573.91,637.7,14126895
2021-12-22,ADA,2388.99,2571.9,2372.16,2555.06,13882902
2021-12-22,AVAX,1120.22,1152.53,1057.86,1090.17,10659721
2021-12-22,BCH,50.64,50.82,50.45,50.63,3507176
2021-12-22,BTC,692.85,694.14,654.24,655.53,8689198
2021-12-22,DOGE,1252.32,1283.21,1232.36,1263.24,14042895
2021-12-22,ETH,6692.86,7075.18,6642.8,7025.12,17401214
2021-12-22,LINK,3040.42,3059.33,2938.33,2957.24,14710343
2021-12-22,LTC,1148.03,1173.86,1083.13,1108.97,14621772
2021-12-22,SOL,845.14,865.12,772.69,792.67,10423698
2021-12-22,XRP,637.7,680.71,595.75,638.76,19007443
2021-12-23,ADA,2555.06,2606.06,2339.51,2390.52,8491978
2021-12-23,AVAX,1090.17,1160.07,1049.71,1119.61,10655580
2021-12-23,BCH,50.63,51.41,49.13,49.91,16619775
2021-12-23,BTC,655.53,704.4,636.54,685.42,15395036
2021-12-23,DOGE,1263.24,1361.46,1207.66,1305.88,16088101
2021-12-23,ETH,7025.12,7380.67,6954.65,7310.21,12319029
2021-12-23,LINK,2957.24,2970.72,2945.2,2958.67,1741314
2021-12-23,LTC,1108.97,1128.24,1088.93,1108.21,5834014
2021-12-23,SOL,792.67,826.64,766.72,800.69,3718428
2021-12-23,XRP,638.76,639.61,567.8,568.65,11397264
2021-12-24,ADA,2390.52,2441.11,2284.22,2334.81,10832418
2021-12-24,AVAX,1119.61,1206.66,1096.09,1183.14,15920654
2021-12-24,BCH,49.91,50.27,49.88,50.24,19356169
2021-12-24,BTC,685.42,698.95,666.93,680.45,19321647
2021-12-24,DOGE,1305.88,1316.81,1300.69,1311.61,10032151
2021-12-24,ETH,7310.21,7422.97,7281.6,7394.37,6705639
2021-12-24,LINK,2958.67,3001.33,2905.72,2948.37,16485261
2021-12-24,LTC,1108.21,1160.88,1040.4,1093.07,11637617
2021-12-24,SOL,800.69,836.66,730.43,766.41,16398770
2021-12-24,XRP,568.65,589.48,532.24,553.06,12397557
2021-12-25,ADA,2334.81,2345.97,2211.06,2222.23,1354415
2021-12-25,AVAX,1183.14,1238.91,1167.06,1222.83,16393609
2021-12-25,BCH,50.24,50.82,45.29,45.87,13978657
2021-12-25,BTC,680.45,724.08,676.56,720.19,18181858
2021-12-25,DOGE,1311.61,1324.12,1263.44,1275.94,12916495
2021-12-25,ETH,7394.37,7544.61,7158.79,7309.03,2611024
2021-12-25,LINK,2948.37,2988.25,2843.9,2883.77,18560350
2021-12-25,LTC,1093.07,1144.68,1055.78,1107.39,4176740
2021-12-25,SOL,766.41,776.56,714.46,724.61,9427827
2021-12-25,XRP,553.06,568.54,521.82,537.3,16833285
2021-12-26,ADA,2222.23,2259.81,2122.75,2160.33,1940711
2021-12-26,AVAX,1222.83,1279.47,1176.29,1232.93,3392202
2021-12-26,BCH,45.87,46.19,41.91,42.24,3098362
2021-12-26,BTC,720.19,738.01,654.48,672.3,10308102
2021-12-26,DOGE,1275.94,1299.59,1273.52,1297.18,17166761
2021-12-26,ETH,7309.03,7408.19,7286.87,7386.04,11230365
2021-12-26,LINK,2883.77,2889.43,2706.36,2712.02,10168894
2021-12-26,LTC,1107.39,1170.4,1079.48,1142.49,6033227
2021-12-26,SOL,724.61,743.56,723.58,742.53,5776018
2021-12-26,XRP,537.3,611.01,503.37,577.07,4287873
2021-12-27,ADA,2160.33,2170.3,2051.49,2061.47,5739944
2021-12-27,AVAX,1232.93,1253.63,1143.52,1164.22,1749718
2021-12-27,BCH,42.24,44.11,36.08,37.95,19735970
2021-12-27,BTC,672.3,673.37,635.46,636.53,4383802
2021-12-27,DOGE,1297.18,1335.39,1287.56,1325.77,1241826
2021-12-27,ETH,7386.04,7647.09,7216.05,7477.09,9870811
2021-12-27,LINK,2712.02,2824.92,2628.06,2740.96,16895622
2021-12-27,LTC,1142.49,1151.13,1128.5,1137.14,11371704
2021-12-27,SOL,742.53,795.39,740.2,793.06,5991845
2021-12-27,XRP,577.07,582.03,528.33,533.29,10937730
2021-12-28,ADA,2061.47,2357.26,1954.52,2250.32,14556763
2021-12-28,AVAX,1164.22,1271.1,1139.66,1246.54,16891514
2021-12-28,BCH,37.95,38.9,36.17,37.12,17911206
2021-12-28,BTC,636.53,668.34,634.77,666.57,15583557
2021-12-28,DOGE,1325.77,1354.5,1266.94,1295.66,17830858
2021-12-28,ETH,7477.09,7551.46,7193.99,7268.35,11081277
2021-12-28,LINK,2740.96,2765.57,2738.3,2762.91,10925395
2021-12-28,LTC,1137.14,1182.5,1103.74,1149.1,15710043
2021-12-28,SOL,793.06,881.67,768.46,857.06,7829811
2021-12-28,XRP,533.29,537.85,517.53,522.09,16536821
2021-12-29,ADA,2250.32,2430.03,2195.39,2375.1,18998046
2021-12-29,AVAX,1246.54,1298.03,1210.23,1261.72,11975883
2021-12-29,BCH,37.12,40.6,35.91,39.39,18207593
2021-12-29,BTC,666.57,681.4,650.4,665.23,18204392
2021-12-29,DOGE,1295.66,1345.67,1290.51,1340.51,4811381
2021-12-29,ETH,7268.35,7515.38,7189.23,7436.26,11212404
2021-12-29,LINK,2762.91,2767.87,2746.85,2751.81,4706601
2021-12-29,LTC,1149.1,1202.8,1016.23,1069.94,13984777
2021-12-29,SOL,857.06,968.21,815.06,926.2,2471779
2021-12-29,XRP,522.09,527.32,490.44,495.67,13606380
2021-12-30,ADA,2375.1,2378.98,2323.54,2327.42,15125298
2021-12-30,AVAX,1261.72,1293.79,1184.91,1216.97,2720863
2021-12-30,BCH,39.39,39.71,38.53,38.84,16203718
2021-12-30,BTC,665.23,679.38,628.74,642.9,12085089
2021-12-30,DOGE,1340.51,1355.37,1339.69,1354.55,2247640
2021-12-30,ETH,7436.26,7694.82,7249.88,7508.44,7049287
2021-12-30,LINK,2751.81,2822.87,2694.41,2765.46,11763903
2021-12-30,LTC,1069.94,1145.05,1025.41,1100.53,5220637
2021-12-30,SOL,926.2,1008.79,878.56,961.15,6921140
2021-12-30,XRP,495.67,514.33,491.74,510.4,4915003
2021-12-31,ADA,2327.42,2377.93,2290.28,2340.79,3059238
2021-12-31,AVAX,1216.97,1266.36,1054.87,1104.26,14379328
2021-12-31,BCH,38.84,39.66,36.44,37.26,10362388
2021-12-31,BTC,642.9,649.61,629.33,636.04,18530801
2021-12-31,DOGE,1354.55,1405.23,1330.43,1381.1,6522127
2021-12-31,ETH,7508.44,7633.38,7462.86,7587.8,8424398
2021-12-31,LINK,2765.46,2770.45,2739.33,2744.32,6470377
2021-12-31,LTC,1100.53,1169.68,1064.02,1133.17,17991826
2021-12-31,SOL,961.15,965.19,919.06,923.11,4960822
2021-12-31,XRP,510.4,525.24,484.69,499.53,7137296
2022-01-01,ADA,2340.79,2503.73,2296.6,2459.54,1088568
2022-01-01,AVAX,1104.26,1128.41,1053.94,1078.09,13294823
2022-01-01,BCH,37.26,40.54,36.27,39.56,1365826
2022-01-01,BTC,636.04,651.68,579.97,595.61,5268202
2022-01-01,DOGE,1381.1,1402.03,1352.88,1373.8,8240986
2022-01-01,ETH,7587.8,7770.03,7534.8,7717.02,11969143
2022-01-01,LINK,2744.32,2884.5,2707.96,2848.15,16087952
2022-01-01,LTC,1133.17,1189.25,1124.82,1180.89,5991979
2022-01-01,SOL,923.11,942.67,836.36,855.93,14976471
2022-01-01,XRP,499.53,508.27,481.52,490.27,12904772
2022-01-02,ADA,2459.54,2476.15,2279.66,2296.27,17848740
2022-01-02,AVAX,1078.09,1095.19,970.37,987.47,11206303
2022-01-02,BCH,39.56,41.54,38.82,40.79,3658903
2022-01-02,BTC,595.61,630.04,581.52,615.95,6655943
2022-01-02,DOGE,1373.8,1443.55,1321.36,1391.11,4544158
2022-01-02,ETH,7717.02,8036.56,7664.31,7983.85,2939251
2022-01-02,LINK,2848.15,2876.24,2799.38,2827.47,2164433
2022-01-02,LTC,1180.89,1220.34,1162.72,1202.17,15134892
2022-01-02,SOL,855.93,871.72,790.15,805.95,10403824
2022-01-02,XRP,490.27,519.86,487.9,517.49,10908099
2022-01-03,ADA,2296.27,2322.19,2196.78,2222.7,16537468
2022-01-03,AVAX,987.47,1075.17,949.28,1036.98,5283435
2022-01-03,BCH,40.79,41.95,37.25,38.41,14286516
2022-01-03,BTC,615.95,678.74,597.97,660.75,15751829
2022-01-03,DOGE,1391.11,1427.45,1384.59,1420.93,3904015
2022-01-03,ETH,7983.85,8028.63,7934.93,7979.72,12304982
2022-01-03,LINK,2827.47,3028.21,2817.82,3018.56,17221931
2022-01-03,LTC,1202.17,1292.77,1185.63,1276.24,7504527
2022-01-03,SOL,805.95,839.25,735.41,768.7,12674170
2022-01-03,XRP,517.49,543.13,503.52,529.16,6285649
2022-01-04,ADA,2222.7,2250.36,2138.59,2166.26,6660668
2022-01-04,AVAX,1036.98,1132.33,995.35,1090.7,14715770
2022-01-04,BCH,38.41,40.02,37.17,38.79,11023071
2022-01-04,BTC,660.75,682.31,638.32,659.89,8298790
2022-01-04,DOGE,1420.93,1445.85,1292.3,1317.22,5733067
2022-01-04,ETH,7979.72,8132.57,7883.37,8036.22,1911517
2022-01-04,LINK,3018.56,3032.14,2867.12,2880.7,7430240
2022-01-04,LTC,1276.24,1321.14,1193.57,1238.47,6055875
2022-01-04,SOL,768.7,791.61,734.06,756.97,19054609
2022-01-04,XRP,529.16,583.56,509.11,563.51,13560086
2022-01-05,ADA,2166.26,2208.43,2112.88,2155.06,19133959
2022-01-05,AVAX,1090.7,1226.84,1074.39,1210.53,2500944
2022-01-05,BCH,38.79,39.02,37.18,37.42,5408754
2022-01-05,BTC,659.89,690.81,643.11,674.04,3291469
2022-01-05,DOGE,1317.22,1334.7,1299.27,1316.75,5747410
2022-01-05,ETH,8036.22,8077.74,7882.86,7924.38,18241020
2022-01-05,LINK,2880.7,2901.63,2737.8,2758.72,9878798
2022-01-05,LTC,1238.47,1421.12,1182.15,1364.8,17227927
2022-01-05,SOL,756.97,845.54,710.92,799.49,9496770
2022-01-05,XRP,563.51,568.63,531.33,536.45,7593670
2022-01-06,ADA,2155.06,2184.17,2145.71,2174.82,4961354
2022-01-06,AVAX,1210.53,1216.38,1172.81,1178.66,19616785
2022-01-06,BCH,37.42,38.3,36.29,37.17,19617092
2022-01-06,BTC,674.04,679.72,620.75,626.44,2538029
2022-01-06,DOGE,1316.75,1357.66,1292.25,1333.15,2595200
2022-01-06,ETH,7924.38,7965.81,7634.88,7676.31,6579323
2022-01-06,LINK,2758.72,2912.47,2704.65,2858.39,1381179
2022-01-06,LTC,1364.8,1394.2,1277.16,1306.55,19537991
2022-01-06,SOL,799.49,860.36,794.84,855.7,17982449
2022-01-06,XRP,536.45,540.43,531.65,535.63,8672226
2022-01-07,ADA,2174.82,2188.84,2120.77,2134.79,4076629
2022-01-07,AVAX,1178.66,1208.06,1138.72,1168.13,9384386
2022-01-07,BCH,37.17,37.77,35.04,35.64,6038012
2022-01-07,BTC,626.44,679.64,610.2,663.41,15915863
2022-01-07,DOGE,1333.15,1415.87,1328.84,1411.56,5128275
2022-01-07,ETH,7676.31,7693.52,7250.83,7268.04,16431672
2022-01-07,LINK,2858.39,2973.02,2791.31,2905.93,12658901
2022-01-07,LTC,1306.55,1359.48,1294.96,1347.88,4789275
2022-01-07,SOL,855.7,860.63,838.09,843.02,13051909
2022-01-07,XRP,535.63,567.36,527.29,559.02,6613185
2022-01-08,ADA,2134.79,2210.13,2076.38,2151.72,16471415
2022-01-08,AVAX,1168.13,1249.35,1141.53,1222.75,11901733
2022-01-08,BCH,35.64,36.99,35.27,36.62,11533767
2022-01-08,BTC,663.41,717.11,636.19,689.9,1374727
2022-01-08,DOGE,1411.56,1453.39,1404.57,1446.39,5610751
2022-01-08,ETH,7268.04,7344.64,7119.73,7196.33,14621791
2022-01-08,LINK,2905.93,2947.61,2819.48,2861.15,9723325
2022-01-08,LTC,1347.88,1362.96,1217.36,1232.44,12890825
2022-01-08,SOL,843.02,872.74,822.12,851.84,13103727
2022-01-08,XRP,559.02,566.83,535.17,542.98,17672174
2022-01-09,ADA,2151.72,2253.94,2130.73,2232.95,7887645
2022-01-09,AVAX,1222.75,1370.68,1200.53,1348.46,10004268
2022-01-09,BCH,36.62,38.38,33.01,34.77,12178302
2022-01-09,BTC,689.9,691.06,684.17,685.33,9494652
2022-01-09,DOGE,1446.39,1465.35,1415.79,1434.74,14144041
2022-01-09,ETH,7196.33,7440.68,6881.6,7125.95,10194291
2022-01-09,LINK,2861.15,2883.22,2821.81,2843.88,13441268
2022-01-09,LTC,1232.44,1238.25,1063.39,1069.2,17811505
2022-01-09,SOL,851.84,932.93,816.84,897.92,11131638
2022-01-09,XRP,542.98,560.72,542.3,560.04,11853299
2022-01-10,ADA,2232.95,2274.52,2198.07,2239.64,4708987
2022-01-10,AVAX,1348.46,1403.8,1154.4,1209.74,8354620
2022-01-10,BCH,34.77,35.54,33.86,34.63,12618441
2022-01-10,BTC,685.33,720.81,635.15,670.63,12295220
2022-01-10,DOGE,1434.74,1473.27,1337.33,1375.85,8987588
2022-01-10,ETH,7125.95,7280.64,7057.24,7211.93,19017533
2022-01-10,LINK,2843.88,2910.59,2724.63,2791.35,3789315
2022-01-10,LTC,1069.2,1100.11,1065.84,1096.75,6523546
2022-01-10,SOL,897.92,914.52,861.89,878.48,7832430
2022-01-10,XRP,560.04,572.56,541.18,553.7,9742532
2022-01-11,ADA,2239.64,2320.37,2208.25,2288.98,7302719
2022-01-11,AVAX,1209.74,1241.0,1107.48,1138.75,15120475
2022-01-11,BCH,34.63,34.84,33.58,33.79,12163918
2022-01-11,BTC,670.63,670.87,632.54,632.78,14317035
2022-01-11,DOGE,1375.85,1414.97,1338.05,1377.16,6244005
2022-01-11,ETH,7211.93,7384.45,7208.78,7381.3,14732285
2022-01-11,LINK,2791.35,2927.82,2764.38,2900.85,5640880
2022-01-11,LTC,1096.75,1198.69,1048.37,1150.31,10695387
2022-01-11,SOL,878.48,948.97,837.59,908.08,8333864
2022-01-11,XRP,553.7,567.06,553.33,566.7,14864043
2022-01-12,ADA,2288.98,2317.15,2106.19,2134.36,3387466
2022-01-12,AVAX,1138.75,1229.75,1111.68,1202.69,15249737
2022-01-12,BCH,33.79,34.59,32.05,32.85,19169275
2022-01-12,BTC,632.78,709.63,616.63,693.47,14607370
2022-01-12,DOGE,1377.16,1417.55,1370.28,1410.67,1172722
2022-01-12,ETH,7381.3,7837.93,7348.78,7805.41,15552644
2022-01-12,LINK,2900.85,2923.34,2894.97,2917.45,4092819
2022-01-12,LTC,1150.31,1167.54,1126.64,1143.87,17913252
2022-01-12,SOL,908.08,934.94,898.79,925.65,15734439
2022-01-12,XRP,566.7,581.86,542.68,557.84,4598291
2022-01-13,ADA,2134.36,2139.96,2079.6,2085.2,18723426
2022-01-13,AVAX,1202.69,1253.5,1177.54,1228.35,3519045
2022-01-13,BCH,32.85,34.6,32.51,34.26,14903636
2022-01-13,BTC,693.47,695.26,686.08,687.87,16919871
2022-01-13,DOGE,1410.67,1444.98,1395.28,1429.59,2822407
2022-01-13,ETH,7805.41,7827.07,7714.97,7736.63,10156323
2022-01-13,LINK,2917.45,3046.58,2917.42,3046.54,5064381
2022-01-13,LTC,1143.87,1205.46,1076.46,1138.05,9098677
2022-01-13,SOL,925.65,950.29,867.24,891.88,8589904
2022-01-13,XRP,557.84,567.1,543.22,552.48,9720569
2022-01-14,ADA,2085.2,2142.7,2030.45,2087.96,8426631
2022-01-14,AVAX,1228.35,1255.28,1221.35,1248.28,2413546
2022-01-14,BCH,34.26,35.48,30.74,31.96,1181535
2022-01-14,BTC,687.87,731.62,659.46,703.21,19075609
2022-01-14,DOGE,1429.59,1459.79,1408.91,1439.12,11990570
2022-01-14,ETH,7736.63,7804.17,7641.32,7708.86,1441279
2022-01-14,LINK,3046.54,3066.98,2856.3,2876.74,11293191
2022-01-14,LTC,1138.05,1234.87,1124.35,1221.17,1809410
2022-01-14,SOL,891.88,930.43,793.16,831.71,5509639
2022-01-14,XRP,552.48,555.94,526.34,529.79,3272593
2022-01-15,ADA,2087.96,2128.34,1898.65,1939.04,7672238
2022-01-15,AVAX,1248.28,1387.48,1148.99,1288.19,15027537
2022-01-15,BCH,31.96,33.74,30.29,32.07,17655089
2022-01-15,BTC,703.21,716.63,661.7,675.12,3352868
2022-01-15,DOGE,1439.12,1468.67,1419.77,1449.33,19563888
2022-01-15,ETH,7708.86,7790.88,7545.36,7627.38,17318299
2022-01-15,LINK,2876.74,2926.25,2804.1,2853.62,13214741
2022-01-15,LTC,1221.17,1294.33,1109.79,1182.94,17689733
2022-01-15,SOL,831.71,912.46,806.62,887.37,10434617
2022-01-15,XRP,529.79,530.25,520.95,521.41,8361960
2022-01-16,ADA,1939.04,1966.6,1810.35,1837.91,2417278
2022-01-16,AVAX,1288.19,1399.28,1241.37,1352.46,16531601
2022-01-16,BCH,32.07,32.12,31.1,31.15,7226259
2022-01-16,BTC,675.12,694.48,651.26,670.62,16341925
2022-01-16,DOGE,1449.33,1470.84,1395.28,1416.79,5263945
2022-01-16,ETH,7627.38,7723.23,7506.03,7601.89,16474758
2022-01-16,LINK,2853.62,2878.36,2701.68,2726.41,1007102
2022-01-16,LTC,1182.94,1304.67,1135.88,1257.6,6335844
2022-01-16,SOL,887.37,922.26,817.26,852.15,14722337
2022-01-16,XRP,521.41,530.01,476.78,485.39,5973386
2022-01-17,ADA,1837.91,1929.44,1812.37,1903.9,16440424
2022-01-17,AVAX,1352.46,1457.78,1305.69,1411.01,4954757
2022-01-17,BCH,31.15,31.74,30.82,31.41,1285714
2022-01-17,BTC,670.62,695.14,661.76,686.28,18320168
2022-01-17,DOGE,1416.79,1468.16,1407.63,1458.99,17206386
2022-01-17,ETH,7601.89,7677.17,7416.97,7492.25,7662866
2022-01-17,LINK,2726.41,2848.29,2683.51,2805.39,19149209
2022-01-17,LTC,1257.6,1288.52,1121.85,1152.77,7371151
2022-01-17,SOL,852.15,872.76,828.12,848.72,2988573
2022-01-17,XRP,485.39,517.4,481.53,513.54,12946573
2022-01-18,ADA,1903.9,1925.56,1772.24,1793.91,15451345
2022-01-18,AVAX,1411.01,1421.16,1389.34,1399.49,2532466
2022-01-18,BCH,31.41,32.83,30.44,31.86,9916221
2022-01-18,BTC,686.28,687.34,684.46,685.52,18005286
2022-01-18,DOGE,1458.99,1484.56,1404.01,1429.58,18894130
2022-01-18,ETH,7492.25,7658.81,7346.44,7513.0,11022708
2022-01-18,LINK,2805.39,2833.21,2642.32,2670.13,11259012
2022-01-18,LTC,1152.77,1162.12,1085.31,1094.66,16489990
2022-01-18,SOL,848.72,881.77,840.96,874.0,12875741
2022-01-18,XRP,513.54,515.82,491.88,494.17,8869403
2022-01-19,ADA,1793.91,1819.84,1747.89,1773.82,15072922
2022-01-19,AVAX,1399.49,1432.12,1160.64,1193.27,2065228
2022-01-19,BCH,31.86,31.98,27.83,27.96,13500072
2022-01-19,BTC,685.52,685.74,679.22,679.43,11206491
2022-01-19,DOGE,1429.58,1448.7,1397.47,1416.6,5517565
2022-01-19,ETH,7513.0,8035.07,7189.52,7711.59,5613289
2022-01-19,LINK,2670.13,2680.05,2572.01,2581.92,15411626
2022-01-19,LTC,1094.66,1100.41,1083.96,1089.71,13955030
2022-01-19,SOL,874.0,917.09,784.3,827.39,10263740
2022-01-19,XRP,494.17,512.27,482.46,500.56,14861743
2022-01-20,ADA,1773.82,1795.39,1631.04,1652.61,12805752
2022-01-20,AVAX,1193.27,1334.4,1141.52,1282.65,2024134
2022-01-20,BCH,27.96,28.33,27.55,27.92,19892787
2022-01-20,BTC,679.43,733.89,669.57,724.04,10367865
2022-01-20,DOGE,1416.6,1503.37,1387.99,1474.76,15060852
2022-01-20,ETH,7711.59,7816.88,7687.48,7792.77,10347630
2022-01-20,LINK,2581.92,2603.53,2543.7,2565.3,3904049
2022-01-20,LTC,1089.71,1124.12,1017.4,1051.81,7323627
2022-01-20,SOL,827.39,843.64,776.12,792.37,13678661
2022-01-20,XRP,500.56,521.11,491.1,511.64,17081845
2022-01-21,ADA,1652.61,1712.62,1620.37,1680.39,10647595
2022-01-21,AVAX,1282.65,1329.22,1233.03,1279.6,5154241
2022-01-21,BCH,27.92,28.57,25.8,26.45,9010453
2022-01-21,BTC,724.04,734.53,714.26,724.75,11715589
2022-01-21,DOGE,1474.76,1609.98,1454.64,1589.86,18670364
2022-01-21,ETH,7792.77,7922.02,7435.64,7564.89,1558302
2022-01-21,LINK,2565.3,2611.55,2496.82,2543.06,15148583
2022-01-21,LTC,1051.81,1122.02,1042.26,1112.47,19585516
2022-01-21,SOL,792.37,801.48,721.28,730.39,11229433
2022-01-21,XRP,511.64,552.76,499.95,541.08,6006654
2022-01-22,ADA,1680.39,1713.22,1665.5,1698.34,7121272
2022-01-22,AVAX,1279.6,1300.49,1242.68,1263.57,2810072
2022-01-22,BCH,26.45,27.07,25.82,26.43,10245811
2022-01-22,BTC,724.75,778.84,702.18,756.27,5384222
2022-01-22,DOGE,1589.86,1621.68,1475.66,1507.48,14942709
2022-01-22,ETH,7564.89,7592.6,7443.97,7471.68,9841137
2022-01-22,LINK,2543.06,2548.21,2455.41,2460.55,18039017
2022-01-22,LTC,1112.47,1211.42,1058.24,1157.19,11057500
2022-01-22,SOL,730.39,730.63,685.43,685.66,12742179
2022-01-22,XRP,541.08,618.66,512.58,590.16,13138225
2022-01-23,ADA,1698.34,1805.4,1676.7,1783.76,7032302
2022-01-23,AVAX,1263.57,1433.88,1227.54,1397.85,8992067
2022-01-23,BCH,26.43,27.66,26.14,27.37,18517673
2022-01-23,BTC,756.27,811.65,749.47,804.85,17490356
2022-01-23,DOGE,1507.48,1514.09,1494.04,1500.66,6184016
2022-01-23,ETH,7471.68,7484.38,7122.69,7135.39,8095776
2022-01-23,LINK,2460.55,2623.95,2412.48,2575.87,4554642
2022-01-23,LTC,1157.19,1244.46,1137.9,1225.16,13535764
2022-01-23,SOL,685.66,696.24,679.25,689.82,19848998
2022-01-23,XRP,590.16,617.2,586.81,613.85,6547188
2022-01-24,ADA,1783.76,1893.21,1731.43,1840.88,19009254
2022-01-24,AVAX,1397.85,1487.69,1331.01,1420.85,17737453
2022-01-24,BCH,27.37,30.68,26.12,29.43,12342735
2022-01-24,BTC,804.85,831.72,785.0,811.86,5147658
2022-01-24,DOGE,1500.66,1589.48,1454.99,1543.81,15221045
2022-01-24,ETH,7135.39,7365.44,7126.15,7356.2,6578715
2022-01-24,LINK,2575.87,2718.25,2548.66,2691.04,3000389
2022-01-24,LTC,1225.16,1271.12,1223.65,1269.61,14050768
2022-01-24,SOL,689.82,701.94,671.54,683.66,6518754
2022-01-24,XRP,613.85,649.88,599.95,635.98,19420262
2022-01-25,ADA,1840.88,1894.33,1821.63,1875.08,17636583
2022-01-25,AVAX,1420.85,1488.67,1396.39,1464.21,5037801
2022-01-25,BCH,29.43,29.74,28.88,29.19,2586080
2022-01-25,BTC,811.86,821.54,793.28,802.96,12924111
2022-01-25,DOGE,1543.81,1555.29,1447.4,1458.88,2795555
2022-01-25,ETH,7356.2,7714.9,7156.39,7515.08,13286795
2022-01-25,LINK,2691.04,2898.15,2675.84,2882.95,12041530
2022-01-25,LTC,1269.61,1402.92,1246.84,1380.16,15232342
2022-01-25,SOL,683.66,700.02,680.03,696.39,6460846
2022-01-25,XRP,635.98,646.58,583.0,593.59,18784055
2022-01-26,ADA,1875.08,1936.43,1810.23,1871.59,11747109
2022-01-26,AVAX,1464.21,1489.9,1377.92,1403.61,14401152
2022-01-26,BCH,29.19,31.34,28.62,30.77,15268637
2022-01-26,BTC,802.96,819.04,777.31,793.38,5921236
2022-01-26,DOGE,1458.88,1468.19,1435.09,1444.39,17208329
2022-01-26,ETH,7515.08,7861.45,7378.93,7725.3,15220065
2022-01-26,LINK,2882.95,2998.38,2745.12,2860.55,5304068
2022-01-26,LTC,1380.16,1600.27,1287.57,1507.68,10372841
2022-01-26,SOL,696.39,702.18,648.48,654.27,8231213
2022-01-26,XRP,593.59,593.86,592.65,592.92,3305501
2022-01-27,ADA,1871.59,1913.07,1781.48,1822.96,6598251
2022-01-27,AVAX,1403.61,1424.38,1302.24,1323.01,17074061
2022-01-27,BCH,30.77,32.51,29.94,31.69,17072489
2022-01-27,BTC,793.38,810.42,780.97,798.0,8753663
2022-01-27,DOGE,1444.39,1542.63,1444.25,1542.48,15070147
2022-01-27,ETH,7725.3,7928.67,7694.59,7897.96,8049822
2022-01-27,LINK,2860.55,3043.67,2803.46,2986.57,3870525
2022-01-27,LTC,1507.68,1576.59,1494.7,1563.6,9811417
2022-01-27,SOL,654.27,658.62,620.16,624.51,11676015
2022-01-27,XRP,592.92,625.82,583.48,616.38,18962899
2022-01-28,ADA,1822.96,1928.12,1793.65,1898.81,7837668
2022-01-28,AVAX,1323.01,1334.08,1287.11,1298.19,16138051
2022-01-28,BCH,31.69,34.31,31.2,33.83,3504318
2022-01-28,BTC,798.0,853.88,767.04,822.92,4826944
2022-01-28,DOGE,1542.48,1588.11,1514.65,1560.27,4484155
2022-01-28,ETH,7897.96,7917.48,7611.28,7630.8,3286010
2022-01-28,LINK,2986.57,2988.65,2964.48,2966.55,6613218
2022-01-28,LTC,1563.6,1667.42,1507.41,1611.22,3705190
2022-01-28,SOL,624.51,641.42,578.51,595.42,18829368
2022-01-28,XRP,616.38,660.39,598.55,642.55,13651749
2022-01-29,ADA,1898.81,1911.23,1757.21,1769.63,11618058
2022-01-29,AVAX,1298.19,1317.83,1176.81,1196.45,8347659
2022-01-29,BCH,33.83,35.26,33.39,34.82,6918747
2022-01-29,BTC,822.92,829.09,818.65,824.82,18084522
2022-01-29,DOGE,1560.27,1620.6,1548.86,1609.18,14748470
2022-01-29,ETH,7630.8,7712.07,7529.46,7610.73,5017332
2022-01-29,LINK,2966.55,2976.02,2840.33,2849.8,19491917
2022-01-29,LTC,1611.22,1640.34,1507.41,1536.52,19500166
2022-01-29,SOL,595.42,607.75,583.23,595.57,5204302
2022-01-29,XRP,642.55,657.35,627.05,641.84,16880038
2022-01-30,ADA,1769.63,1772.85,1648.58,1651.8,1984319
2022-01-30,AVAX,1196.45,1242.08,1186.38,1232.0,17631510
2022-01-30,BCH,34.82,35.2,34.72,35.1,17332772
2022-01-30,BTC,824.82,840.99,807.86,824.03,8941955
2022-01-30,DOGE,1609.18,1632.23,1528.78,1551.83,9684677
2022-01-30,ETH,7610.73,7633.71,7457.78,7480.76,5447086
2022-01-30,LINK,2849.8,2900.04,2836.42,2886.66,9202648
2022-01-30,LTC,1536.52,1651.9,1461.72,1577.09,11120767
2022-01-30,SOL,595.57,600.93,569.95,575.32,7056898
2022-01-30,XRP,641.84,673.05,633.89,665.1,2978902
2022-01-31,ADA,1651.8,1869.53,1586.16,1803.89,2510417
2022-01-31,AVAX,1232.0,1259.18,1198.18,1225.36,13327695
2022-01-31,BCH,35.1,35.55,33.25,33.7,8478461
2022-01-31,BTC,824.03,838.41,791.87,806.25,10501744
2022-01-31,DOGE,1551.83,1552.24,1478.72,1479.13,1799726
2022-01-31,ETH,7480.76,7698.59,7312.42,7530.25,14769000
2022-01-31,LINK,2886.66,2929.68,2808.76,2851.77,11068358
2022-01-31,LTC,1577.09,1647.27,1535.67,1605.85,1649461
2022-01-31,SOL,575.32,632.16,557.23,614.07,19938404
2022-01-31,XRP,665.1,705.73,652.25,692.88,7483046
2022-02-01,ADA,1803.89,1816.77,1701.05,1713.93,11329952
2022-02-01,AVAX,1225.36,1291.17,1192.21,1258.03,10798236
2022-02-01,BCH,33.7,37.95,33.09,37.34,14493355
2022-02-01,BTC,806.25,813.6,799.26,806.61,15273198
2022-02-01,DOGE,1479.13,1533.66,1422.62,1477.15,1741361
2022-02-01,ETH,7530.25,7574.23,7443.54,7487.51,1786207
2022-02-01,LINK,2851.77,2891.51,2593.53,2633.27,16277674
2022-02-01,LTC,1605.85,1706.66,1582.77,1683.59,17226283
2022-02-01,SOL,614.07,628.14,607.91,621.98,6139737
2022-02-01,XRP,692.88,720.65,681.86,709.63,7621366
2022-02-02,ADA,1713.93,1826.93,1650.05,1763.05,3647134
2022-02-02,AVAX,1258.03,1389.22,1247.24,1378.43,11778790
2022-02-02,BCH,37.34,37.38,37.25,37.29,9551996
2022-02-02,BTC,806.61,827.97,804.7,826.06,12467205
2022-02-02,DOGE,1477.15,1477.71,1417.42,1417.97,11982311
2022-02-02,ETH,7487.51,7566.88,7283.17,7362.54,3120201
2022-02-02,LINK,2633.27,2638.91,2590.69,2596.33,12508957
2022-02-02,LTC,1683.59,1781.17,1634.89,1732.47,6397356
2022-02-02,SOL,621.98,676.73,580.79,635.54,8282119
2022-02-02,XRP,709.63,710.03,643.37,643.77,3650785
2022-02-03,ADA,1763.05,1771.45,1648.96,1657.36,9541694
2022-02-03,AVAX,1378.43,1445.83,1200.9,1268.3,18509687
2022-02-03,BCH,37.29,39.91,36.54,39.16,8073862
2022-02-03,BTC,826.06,841.7,796.2,811.84,4485772
2022-02-03,DOGE,1417.97,1462.57,1412.79,1457.39,16793400
2022-02-03,ETH,7362.54,7757.2,7269.13,7663.79,16802035
2022-02-03,LINK,2596.33,2614.6,2486.41,2504.68,16417664
2022-02-03,LTC,1732.47,1738.5,1624.48,1630.51,19260599
2022-02-03,SOL,635.54,643.93,594.86,603.25,8940621
2022-02-03,XRP,643.77,649.28,609.02,614.53,6928424
2022-02-04,ADA,1657.36,1710.64,1628.17,1681.44,6833918
2022-02-04,AVAX,1268.3,1298.64,1249.6,1279.94,11445315
2022-02-04,BCH,39.16,41.22,35.63,37.7,11802749
2022-02-04,BTC,811.84,827.56,759.88,775.6,8384732
2022-02-04,DOGE,1457.39,1535.79,1415.24,1493.64,17714248
2022-02-04,ETH,7663.79,7784.29,7600.42,7720.91,4193259
2022-02-04,LINK,2504.68,2539.93,2495.39,2530.64,16451057
2022-02-04,LTC,1630.51,1710.54,1481.52,1561.55,2135789
2022-02-04,SOL,603.25,626.78,601.64,625.17,15855106
2022-02-04,XRP,614.53,637.83,583.46,606.75,18697345
2022-02-05,ADA,1681.44,1685.22,1663.6,1667.38,12582559
2022-02-05,AVAX,1279.94,1369.44,1221.04,1310.53,13565100
2022-02-05,BCH,37.7,38.39,34.3,34.99,8875436
2022-02-05,BTC,775.6,779.98,691.68,696.06,16343983
2022-02-05,DOGE,1493.64,1524.11,1454.43,1484.9,12105618
2022-02-05,ETH,7720.91,7850.73,7676.89,7806.7,17934009
2022-02-05,LINK,2530.64,2535.69,2476.7,2481.75,17645955
2022-02-05,LTC,1561.55,1562.83,1456.43,1457.71,17686093
2022-02-05,SOL,625.17,638.08,577.58,590.49,15355650
2022-02-05,XRP,606.75,646.02,605.86,645.12,16296123
2022-02-06,ADA,1667.38,1698.66,1527.23,1558.51,10887348
2022-02-06,AVAX,1310.53,1350.11,1159.9,1199.48,4951351
2022-02-06,BCH,34.99,37.81,34.44,37.27,9996200
2022-02-06,BTC,696.06,701.27,659.89,665.1,16007146
2022-02-06,DOGE,1484.9,1618.94,1475.18,1609.22,13133070
2022-02-06,ETH,7806.7,7920.12,7757.05,7870.47,4303943
2022-02-06,LINK,2481.75,2513.78,2443.28,2475.31,8449876
2022-02-06,LTC,1457.71,1509.03,1321.5,1372.81,1204136
2022-02-06,SOL,590.49,599.25,559.58,568.34,2641928
2022-02-06,XRP,645.12,662.41,584.92,602.2,13266332
2022-02-07,ADA,1558.51,1564.71,1532.53,1538.73,1787332
2022-02-07,AVAX,1199.48,1205.8,1063.07,1069.39,5199337
2022-02-07,BCH,37.27,42.64,35.78,41.15,10883287
2022-02-07,BTC,665.1,678.31,641.16,654.37,4610220
2022-02-07,DOGE,1609.22,1763.06,1591.14,1744.98,7046870
2022-02-07,ETH,7870.47,8002.66,7854.76,7986.95,11655086
2022-02-07,LINK,2475.31,2558.38,2436.44,2519.51,6024164
2022-02-07,LTC,1372.81,1432.25,1362.22,1421.66,9451583
2022-02-07,SOL,568.34,583.14,554.84,569.64,16539181
2022-02-07,XRP,602.2,615.31,600.08,613.18,8155669
2022-02-08,ADA,1538.73,1578.19,1384.62,1424.08,16408801
2022-02-08,AVAX,1069.39,1152.26,1054.15,1137.01,7678593
2022-02-08,BCH,41.15,43.34,40.92,43.1,4946308
2022-02-08,BTC,654.37,669.41,650.17,665.2,3439800
2022-02-08,DOGE,1744.98,1790.73,1583.48,1629.23,13661288
2022-02-08,ETH,7986.95,8143.98,7985.62,8142.65,10241038
2022-02-08,LINK,2519.51,2611.95,2507.52,2599.96,12784235
2022-02-08,LTC,1421.66,1463.2,1399.15,1440.69,4925121
2022-02-08,SOL,569.64,577.32,501.84,509.51,10666968
2022-02-08,XRP,613.18,663.89,579.08,629.79,13922470
2022-02-09,ADA,1424.08,1458.4,1389.06,1423.38,11505687
2022-02-09,AVAX,1137.01,1263.69,1108.45,1235.12,18002793
2022-02-09,BCH,43.1,46.2,41.88,44.98,3115648
2022-02-09,BTC,665.2,672.91,630.17,637.88,8672535
2022-02-09,DOGE,1629.23,1663.32,1626.57,1660.66,4167582
2022-02-09,ETH,8142.65,8250.53,8133.78,8241.66,18570265
2022-02-09,LINK,2599.96,2675.51,2557.86,2633.41,8083188
2022-02-09,LTC,1440.69,1513.83,1395.14,1468.28,5711943
2022-02-09,SOL,509.51,517.63,465.38,473.5,8818467
2022-02-09,XRP,629.79,668.12,602.42,640.76,3351187
2022-02-10,ADA,1423.38,1447.49,1404.2,1428.32,3715410
2022-02-10,AVAX,1235.12,1286.31,1230.37,1281.57,4990889
2022-02-10,BCH,44.98,49.21,42.88,47.11,14822063
2022-02-10,BTC,637.88,697.7,624.47,684.3,10271641
2022-02-10,DOGE,1660.66,1675.6,1660.32,1675.26,3547569
2022-02-10,ETH,8241.66,8428.55,7799.27,7986.15,8988040
2022-02-10,LINK,2633.41,2816.26,2606.73,2789.59,18760769
2022-02-10,LTC,1468.28,1546.44,1319.14,1397.31,14854413
2022-02-10,SOL,473.5,476.68,457.03,460.21,13435940
2022-02-10,XRP,640.76,652.69,592.9,604.83,5486633
2022-02-11,ADA,1428.32,1465.13,1404.72,1441.53,4161996
2022-02-11,AVAX,1281.57,1436.63,1203.43,1358.49,19489559
2022-02-11,BCH,47.11,47.15,46.68,46.72,12887840
2022-02-11,BTC,684.3,731.71,671.26,718.67,19306015
2022-02-11,DOGE,1675.26,1677.21,1670.51,1672.45,6553324
2022-02-11,ETH,7986.15,8101.88,7889.15,8004.87,19545162
2022-02-11,LINK,2789.59,2791.71,2485.83,2487.96,4273440
2022-02-11,LTC,1397.31,1532.77,1321.66,1457.12,8098589
2022-02-11,SOL,460.21,462.54,447.03,449.35,12373889
2022-02-11,XRP,604.83,627.39,589.4,611.96,2673014
2022-02-12,ADA,1441.53,1630.88,1428.74,1618.1,13173019
2022-02-12,AVAX,1358.49,1383.82,1281.76,1307.09,12087950
2022-02-12,BCH,46.72,47.48,44.84,45.6,7511148
2022-02-12,BTC,718.67,727.86,676.32,685.51,8305859
2022-02-12,DOGE,1672.45,1716.68,1593.83,1638.06,1763224
2022-02-12,ETH,8004.87,8306.33,7900.25,8201.7,12813201
2022-02-12,LINK,2487.96,2535.45,2306.29,2353.79,10357809
2022-02-12,LTC,1457.12,1510.07,1378.36,1431.31,14184408
2022-02-12,SOL,449.35,452.96,416.81,420.42,10235692
2022-02-12,XRP,611.96,664.47,593.46,645.96,10292665
2022-02-13,ADA,1618.1,1631.95,1613.3,1627.15,5653597
2022-02-13,AVAX,1307.09,1431.03,1245.62,1369.56,12369880
2022-02-13,BCH,45.6,46.92,44.53,45.85,12225534
2022-02-13,BTC,685.51,704.54,684.76,703.8,14909605
2022-02-13,DOGE,1638.06,1669.29,1532.96,1564.19,12145296
2022-02-13,ETH,8201.7,8446.46,8124.8,8369.56,12457829
2022-02-13,LINK,2353.79,2361.8,2308.99,2317.01,6986584
2022-02-13,LTC,1431.31,1529.42,1380.87,1478.97,7904219
2022-02-13,SOL,420.42,430.66,418.7,428.94,10957603
2022-02-13,XRP,645.96,653.16,638.19,645.39,16071930
2022-02-14,ADA,1627.15,1667.29,1513.56,1553.7,16186154
2022-02-14,AVAX,1369.56,1411.13,1315.7,1357.27,10958710
2022-02-14,BCH,45.85,49.64,44.03,47.82,5841851
2022-02-14,BTC,703.8,732.51,701.39,730.11,14901649
2022-02-14,DOGE,1564.19,1582.55,1535.17,1553.52,17642533
2022-02-14,ETH,8369.56,8518.75,8367.42,8516.6,10462343
2022-02-14,LINK,2317.01,2358.95,2316.45,2358.39,5326875
2022-02-14,LTC,1478.97,1509.53,1355.21,1385.78,15771002
2022-02-14,SOL,428.94,443.91,415.24,430.21,6592017
2022-02-14,XRP,645.39,654.2,644.2,653.02,17840058
2022-02-15,ADA,1553.7,1586.33,1477.53,1510.16,16083273
2022-02-15,AVAX,1357.27,1372.78,1317.16,1332.68,8979677
2022-02-15,BCH,47.82,49.51,46.47,48.17,5514963
2022-02-15,BTC,730.11,751.52,726.96,748.37,4445256
2022-02-15,DOGE,1553.52,1563.21,1531.98,1541.66,4658185
2022-02-15,ETH,8516.6,8689.06,8333.83,8506.29,4995365
2022-02-15,LINK,2358.39,2416.44,2288.75,2346.79,15134271
2022-02-15,LTC,1385.78,1537.96,1348.43,1500.61,15712979
2022-02-15,SOL,430.21,438.83,423.6,432.22,5666799
2022-02-15,XRP,653.02,657.01,620.39,624.38,9938321
2022-02-16,ADA,1510.16,1604.82,1500.16,1594.82,3543254
2022-02-16,AVAX,1332.68,1340.2,1325.96,1333.49,7037983
2022-02-16,BCH,48.17,49.84,47.75,49.42,18109273
2022-02-16,BTC,748.37,790.78,729.03,771.44,2090363
2022-02-16,DOGE,1541.66,1550.93,1512.32,1521.59,3753444
2022-02-16,ETH,8506.29,8631.3,8229.63,8354.63,9203556
2022-02-16,LINK,2346.79,2431.22,2345.99,2430.41,4856815
2022-02-16,LTC,1500.61,1551.78,1426.88,1478.05,5038262
2022-02-16,SOL,432.22,466.15,418.47,452.4,9469250
2022-02-16,XRP,624.38,694.43,618.26,688.32,14105697
2022-02-17,ADA,1594.82,1629.68,1586.99,1621.86,15940415
2022-02-17,AVAX,1333.49,1506.4,1322.13,1495.04,9463633
2022-02-17,BCH,49.42,50.25,47.42,48.24,2706497
2022-02-17,BTC,771.44,805.18,768.38,802.12,14819225
2022-02-17,DOGE,1521.59,1543.19,1454.64,1476.23,7163451
2022-02-17,ETH,8354.63,8432.38,8320.86,8398.61,14024263
2022-02-17,LINK,2430.41,2436.44,2401.11,2407.13,18560225
2022-02-17,LTC,1478.05,1687.42,1384.74,1594.11,10509424
2022-02-17,SOL,452.4,469.04,445.02,461.66,10440240
2022-02-17,XRP,688.32,768.5,682.47,762.66,12413816
2022-02-18,ADA,1621.86,1662.05,1582.07,1622.26,14056704
2022-02-18,AVAX,1495.04,1583.63,1489.43,1578.02,6825273
2022-02-18,BCH,48.24,50.94,46.86,49.56,2423626
2022-02-18,BTC,802.12,894.25,773.07,865.2,13622316
2022-02-18,DOGE,1476.23,1540.0,1439.29,1503.05,5788419
2022-02-18,ETH,8398.61,8998.18,8250.97,8850.54,5858820
2022-02-18,LINK,2407.13,2489.64,2384.22,2466.73,5508463
2022-02-18,LTC,1594.11,1762.7,1545.45,1714.04,2515094
2022-02-18,SOL,461.66,476.25,455.14,469.73,9455326
2022-02-18,XRP,762.66,800.79,693.2,731.34,13335695
2022-02-19,ADA,1622.26,1652.5,1456.22,1486.47,7850306
2022-02-19,AVAX,1578.02,1657.12,1402.55,1481.65,1281123
2022-02-19,BCH,49.56,50.53,47.69,48.67,17761360
2022-02-19,BTC,865.2,873.32,825.39,833.51,6741345
2022-02-19,DOGE,1503.05,1521.6,1491.74,1510.28,2443001
2022-02-19,ETH,8850.54,9174.97,8836.75,9161.18,9602087
2022-02-19,LINK,2466.73,2601.05,2440.52,2574.84,12541639
2022-02-19,LTC,1714.04,1735.0,1623.81,1644.77,15029405
2022-02-19,SOL,469.73,472.74,467.19,470.2,12818412
2022-02-19,XRP,731.34,731.96,681.66,682.29,15594081
2022-02-20,ADA,1486.47,1599.91,1462.41,1575.86,8024749
2022-02-20,AVAX,1481.65,1519.38,1410.96,1448.69,11494930
2022-02-20,BCH,48.67,49.57,47.52,48.43,6435278
2022-02-20,BTC,833.51,839.12,754.4,760.01,15177291
2022-02-20,DOGE,1510.28,1541.95,1474.88,1506.55,1070307
2022-02-20,ETH,9161.18,9605.23,9131.07,9575.12,8500689
2022-02-20,LINK,2574.84,2742.89,2468.13,2636.18,2673239
2022-02-20,LTC,1644.77,1841.55,1621.51,1818.29,10774113
2022-02-20,SOL,470.2,476.66,432.36,438.82,10103093
2022-02-20,XRP,682.29,753.38,669.1,740.19,5031728
2022-02-21,ADA,1575.86,1660.14,1574.64,1658.92,15901862
2022-02-21,AVAX,1448.69,1464.87,1392.13,1408.31,1934125
2022-02-21,BCH,48.43,52.13,48.1,51.8,5209586
2022-02-21,BTC,760.01,778.09,733.02,751.1,5757248
2022-02-21,DOGE,1506.55,1585.86,1422.04,1501.36,5623381
2022-02-21,ETH,9575.12,9734.62,9356.76,9516.25,5871660
2022-02-21,LINK,2636.18,2659.24,2635.41,2658.46,12019233
2022-02-21,LTC,1818.29,2002.91,1786.62,1971.24,19078084
2022-02-21,SOL,438.82,456.78,416.79,434.76,11340751
2022-02-21,XRP,740.19,752.68,678.23,690.72,17646003
2022-02-22,ADA,1658.92,1760.18,1631.64,1732.89,16881684
2022-02-22,AVAX,1408.31,1526.18,1383.49,1501.36,7058955
2022-02-22,BCH,51.8,55.32,50.92,54.44,14401315
2022-02-22,BTC,751.1,777.41,741.3,767.61,6980110
2022-02-22,DOGE,1501.36,1509.0,1448.41,1456.06,18425452
2022-02-22,ETH,9516.25,9889.62,8810.09,9183.45,19859737
2022-02-22,LINK,2658.46,2667.63,2603.62,2612.79,6163943
2022-02-22,LTC,1971.24,2033.93,1918.21,1980.9,15544544
2022-02-22,SOL,434.76,440.11,418.42,423.77,18494880
2022-02-22,XRP,690.72,741.56,669.06,719.9,15091986
2022-02-23,ADA,1732.89,1776.09,1596.98,1640.18,12561333
2022-02-23,AVAX,1501.36,1636.43,1500.99,1636.07,9549164
2022-02-23,BCH,54.44,56.27,54.06,55.88,19570845
2022-02-23,BTC,767.61,768.0,766.57,766.97,19966075
2022-02-23,DOGE,1456.06,1484.46,1445.68,1474.08,8855028
2022-02-23,ETH,9183.45,9259.1,9097.63,9173.28,17467644
2022-02-23,LINK,2612.79,2758.53,2520.55,2666.3,10906750
2022-02-23,LTC,1980.9,2032.58,1812.23,1863.9,9915794
2022-02-23,SOL,423.77,437.88,422.41,436.52,10110779
2022-02-23,XRP,719.9,802.69,692.54,775.34,1028055
2022-02-24,ADA,1640.18,1751.31,1623.29,1734.42,13708778
2022-02-24,AVAX,1636.07,1928.2,1593.73,1885.86,7337017
2022-02-24,BCH,55.88,56.97,52.46,53.54,19813903
2022-02-24,BTC,766.97,772.07,766.68,771.79,10216967
2022-02-24,DOGE,1474.08,1522.32,1444.6,1492.83,17509330
2022-02-24,ETH,9173.28,9233.52,8863.84,8924.08,12711179
2022-02-24,LINK,2666.3,2683.34,2460.17,2477.22,19776757
2022-02-24,LTC,1863.9,1869.58,1787.63,1793.31,9063648
2022-02-24,SOL,436.52,450.92,433.05,447.44,10968186
2022-02-24,XRP,775.34,809.45,749.81,783.92,19477122
2022-02-25,ADA,1734.42,1783.68,1698.45,1747.71,15892623
2022-02-25,AVAX,1885.86,1893.14,1743.33,1750.61,14987257
2022-02-25,BCH,53.54,55.46,49.35,51.27,11915861
2022-02-25,BTC,771.79,784.68,751.24,764.12,12909001
2022-02-25,DOGE,1492.83,1509.12,1443.99,1460.28,17173976
2022-02-25,ETH,8924.08,9043.68,8864.81,8984.41,7010887
2022-02-25,LINK,2477.22,2525.24,2412.2,2460.22,2774663
2022-02-25,LTC,1793.31,1898.21,1664.44,1769.35,8854052
2022-02-25,SOL,447.44,464.12,440.13,456.81,2541605
2022-02-25,XRP,783.92,801.2,781.22,798.5,17109541
2022-02-26,ADA,1747.71,1769.18,1736.14,1757.62,18600188
2022-02-26,AVAX,1750.61,1806.71,1536.23,1592.34,9356104
2022-02-26,BCH,51.27,53.21,48.18,50.12,18957646
2022-02-26,BTC,764.12,764.26,744.14,744.28,16012887
2022-02-26,DOGE,1460.28,1567.2,1442.39,1549.3,6585003
2022-02-26,ETH,8984.41,9312.05,8507.35,8834.99,7235183
2022-02-26,LINK,2460.22,2591.92,2377.0,2508.7,7893208
2022-02-26,LTC,1769.35,1824.09,1643.33,1698.07,14914146
2022-02-26,SOL,456.81,472.79,450.49,466.47,11378404
2022-02-26,XRP,798.5,812.49,740.04,754.03,15953034
2022-02-27,ADA,1757.62,1796.91,1659.68,1698.98,3689092
2022-02-27,AVAX,1592.34,1718.43,1522.81,1648.9,8649509
2022-02-27,BCH,50.12,50.7,49.5,50.07,4678326
2022-02-27,BTC,744.28,759.36,725.98,741.06,19295982
2022-02-27,DOGE,1549.3,1559.59,1545.93,1556.21,12796508
2022-02-27,ETH,8834.99,8852.41,8725.59,8743.02,17245315
2022-02-27,LINK,2508.7,2553.26,2482.52,2527.08,4427005
2022-02-27,LTC,1698.07,1716.21,1567.53,1585.67,18494417
2022-02-27,SOL,466.47,492.49,462.76,488.77,9593075
2022-02-27,XRP,754.03,766.03,722.01,734.01,7915551
2022-02-28,ADA,1698.98,1703.94,1596.02,1600.98,11039923
2022-02-28,AVAX,1648.9,1673.39,1572.61,1597.1,11818932
2022-02-28,BCH,50.07,52.35,49.03,51.3,15123622
2022-02-28,BTC,741.06,745.92,716.49,721.36,9834878
2022-02-28,DOGE,1556.21,1651.68,1533.87,1629.34,17231514
2022-02-28,ETH,8743.02,8910.81,8672.6,8840.4,2140864
2022-02-28,LINK,2527.08,2539.6,2321.07,2333.59,18017134
2022-02-28,LTC,1585.67,1646.38,1463.29,1524.0,18570469
2022-02-28,SOL,488.77,513.24,480.03,504.5,2699968
2022-02-28,XRP,734.01,736.07,703.19,705.25,4345723
2022-03-01,ADA,1600.98,1617.73,1538.39,1555.14,5050925
2022-03-01,AVAX,1597.1,1597.75,1529.37,1530.02,11322285
2022-03-01,BCH,51.3,52.36,48.54,49.59,11178264
2022-03-01,BTC,721.36,737.58,683.64,699.86,8514934
2022-03-01,DOGE,1629.34,1654.78,1545.39,1570.83,16730686
2022-03-01,ETH,8840.4,9007.6,8440.4,8607.6,13079157
2022-03-01,LINK,2333.59,2335.64,2178.43,2180.49,5352634
2022-03-01,LTC,1524.0,1542.81,1394.4,1413.21,10709247
2022-03-01,SOL,504.5,535.47,490.99,521.97,19552160
2022-03-01,XRP,705.25,806.31,680.97,782.03,12254500
2022-03-02,ADA,1555.14,1555.61,1502.99,1503.46,8437671
2022-03-02,AVAX,1530.02,1572.26,1487.78,1530.03,17227594
2022-03-02,BCH,49.59,51.43,49.15,50.98,8988618
2022-03-02,BTC,699.86,703.32,676.34,679.8,8795380
2022-03-02,DOGE,1570.83,1595.39,1559.9,1584.46,7428242
2022-03-02,ETH,8607.6,8714.67,8496.48,8603.55,1505515
2022-03-02,LINK,2180.49,2209.52,2032.53,2061.56,10177492
2022-03-02,LTC,1413.21,1479.06,1386.92,1452.77,15156966
2022-03-02,SOL,521.97,522.92,489.35,490.31,3051631
2022-03-02,XRP,782.03,814.04,775.49,807.49,9718624
2022-03-03,ADA,1503.46,1557.83,1461.93,1516.29,15272938
2022-03-03,AVAX,1530.03,1614.92,1529.91,1614.8,10133552
2022-03-03,BCH,50.98,51.28,47.64,47.94,19765561
2022-03-03,BTC,679.8,682.46,671.77,674.42,9634829
2022-03-03,DOGE,1584.46,1626.23,1559.35,1601.12,12665366
2022-03-03,ETH,8603.55,8737.4,8402.03,8535.89,4526572
2022-03-03,LINK,2061.56,2078.26,1981.36,1998.07,19306116
2022-03-03,LTC,1452.77,1563.62,1434.09,1544.94,11740145
2022-03-03,SOL,490.31,494.81,475.08,479.58,1026824
2022-03-03,XRP,807.49,834.92,800.83,828.26,11675986
2022-03-04,ADA,1516.29,1529.39,1508.27,1521.37,7751121
2022-03-04,AVAX,1614.8,1633.18,1387.25,1405.62,7250374
2022-03-04,BCH,47.94,50.15,43.85,46.06,16611669
2022-03-04,BTC,674.42,697.88,671.34,694.8,2555188
2022-03-04,DOGE,1601.12,1659.5,1527.84,1586.22,19107111
2022-03-04,ETH,8535.89,8535.91,8432.17,8432.19,18835289
2022-03-04,LINK,1998.07,2003.45,1925.72,1931.1,7480660
2022-03-04,LTC,1544.94,1673.71,1447.07,1575.83,9713031
2022-03-04,SOL,479.58,509.15,463.18,492.75,7411727
2022-03-04,XRP,828.26,866.48,804.34,842.56,7397431
2022-03-05,ADA,1521.37,1582.16,1484.94,1545.73,8879122
2022-03-05,AVAX,1405.62,1409.51,1352.61,1356.5,14960344
2022-03-05,BCH,46.06,46.86,45.06,45.87,19199468
2022-03-05,BTC,694.8,698.7,666.34,670.24,10134824
2022-03-05,DOGE,1586.22,1689.46,1559.98,1663.22,13864674
2022-03-05,ETH,8432.19,8655.05,8304.09,8526.94,3169108
2022-03-05,LINK,1931.1,1982.84,1889.67,1941.42,10378217
2022-03-05,LTC,1575.83,1584.72,1490.63,1499.52,4082684
2022-03-05,SOL,492.75,498.99,467.05,473.29,12205960
2022-03-05,XRP,842.56,886.05,830.72,874.21,9099476
2022-03-06,ADA,1545.73,1563.93,1457.06,1475.25,8401520
2022-03-06,AVAX,1356.5,1493.94,1292.26,1429.7,2574257
2022-03-06,BCH,45.87,46.95,45.71,46.79,6838763
2022-03-06,BTC,670.24,673.18,631.7,634.64,19481640
2022-03-06,DOGE,1663.22,1684.65,1571.12,1592.55,5974514
2022-03-06,ETH,8526.94,8619.99,8499.75,8592.8,3435059
2022-03-06,LINK,1941.42,1943.66,1882.35,1884.6,6361213
2022-03-06,LTC,1499.52,1654.53,1406.58,1561.59,13109112
2022-03-06,SOL,473.29,526.84,448.22,501.77,18773232
2022-03-06,XRP,874.21,884.26,813.99,824.04,14078130
2022-03-07,ADA,1475.25,1504.85,1365.16,1394.75,11765626
2022-03-07,AVAX,1429.7,1456.51,1330.83,1357.64,15848444
2022-03-07,BCH,46.79,49.99,46.23,49.43,10404131
2022-03-07,BTC,634.64,727.12,629.75,722.23,12228676
2022-03-07,DOGE,1592.55,1677.44,1576.31,1661.2,16659777
2022-03-07,ETH,8592.8,8643.92,8361.35,8412.47,8209277
2022-03-07,LINK,1884.6,1953.67,1883.28,1952.35,9684540
2022-03-07,LTC,1561.59,1730.63,1494.71,1663.75,2488942
2022-03-07,SOL,501.77,507.26,486.7,492.2,15372749
2022-03-07,XRP,824.04,838.0,778.47,792.43,16449176
2022-03-08,ADA,1394.75,1411.71,1374.96,1391.91,17206504
2022-03-08,AVAX,1357.64,1426.35,1349.61,1418.32,18467487
2022-03-08,BCH,49.43,50.15,43.38,44.11,1991052
2022-03-08,BTC,722.23,743.19,657.12,678.08,14490423
2022-03-08,DOGE,1661.2,1731.0,1606.77,1676.57,7226232
2022-03-08,ETH,8412.47,8613.75,8313.58,8514.86,14056778
2022-03-08,LINK,1952.35,1964.22,1944.24,1956.11,1553317
2022-03-08,LTC,1663.75,1708.76,1565.1,1610.11,9259031
2022-03-08,SOL,492.2,502.59,470.14,480.53,15623227
2022-03-08,XRP,792.43,810.3,753.88,771.75,5446123
2022-03-09,ADA,1391.91,1532.45,1379.96,1520.5,11670038
2022-03-09,AVAX,1418.32,1574.64,1373.08,1529.41,7046984
2022-03-09,BCH,44.11,46.46,43.6,45.95,5900808
2022-03-09,BTC,678.08,723.12,677.42,722.47,6772818
2022-03-09,DOGE,1676.57,1781.67,1647.03,1752.13,16821808
2022-03-09,ETH,8514.86,8631.1,8158.03,8274.27,2121903
2022-03-09,LINK,1956.11,2127.94,1935.27,2107.1,11516083
2022-03-09,LTC,1610.11,1712.74,1488.2,1590.82,18560548
2022-03-09,SOL,480.53,494.96,447.47,461.9,16530244
2022-03-09,XRP,771.75,804.61,733.6,766.45,15025254
2022-03-10,ADA,1520.5,1566.47,1501.28,1547.24,13899999
2022-03-10,AVAX,1529.41,1763.39,1470.03,1704.01,18665890
2022-03-10,BCH,45.95,48.03,43.78,45.87,14564343
2022-03-10,BTC,722.47,739.66,685.47,702.66,4697454
2022-03-10,DOGE,1752.13,1768.51,1667.43,1683.8,3114311
2022-03-10,ETH,8274.27,8441.4,7926.3,8093.42,5811388
2022-03-10,LINK,2107.1,2121.16,2063.92,2077.98,9963137
2022-03-10,LTC,1590.82,1656.79,1550.31,1616.28,4458779
2022-03-10,SOL,461.9,475.07,459.9,473.07,1163044
2022-03-10,XRP,766.45,769.95,753.03,756.53,4943920
2022-03-11,ADA,1547.24,1568.67,1538.83,1560.26,2213563
2022-03-11,AVAX,1704.01,1857.76,1657.98,1811.73,19096179
2022-03-11,BCH,45.87,47.52,43.83,45.48,11603101
2022-03-11,BTC,702.66,721.5,642.49,661.33,2008339
2022-03-11,DOGE,1683.8,1800.26,1680.58,1797.04,11451981
2022-03-11,ETH,8093.42,8320.77,8086.62,8313.96,9691092
2022-03-11,LINK,2077.98,2161.03,2061.37,2144.42,17086762
2022-03-11,LTC,1616.28,1620.46,1552.28,1556.47,10068803
2022-03-11,SOL,473.07,487.81,433.74,448.47,6421053
2022-03-11,XRP,756.53,805.11,745.56,794.13,14223021
2022-03-12,ADA,1560.26,1597.11,1475.3,1512.15,12514280
2022-03-12,AVAX,1811.73,2006.15,1709.97,1904.39,16720529
2022-03-12,BCH,45.48,46.3,43.58,44.4,14987574
2022-03-12,BTC,661.33,661.49,610.4,610.56,12468181
2022-03-12,DOGE,1797.04,1832.18,1764.01,1799.15,9205340
2022-03-12,ETH,8313.96,8530.22,8201.23,8417.49,18315977
2022-03-12,LINK,2144.42,2187.65,2027.87,2071.1,19670484
2022-03-12,LTC,1556.47,1603.83,1430.22,1477.58,18821046
2022-03-12,SOL,448.47,465.08,440.82,457.43,4343763
2022-03-12,XRP,794.13,829.89,741.13,776.89,9099200
2022-03-13,ADA,1512.15,1551.48,1492.55,1531.89,17449112
2022-03-13,AVAX,1904.39,2021.47,1841.12,1958.2,9817276
2022-03-13,BCH,44.4,46.07,40.41,42.08,3923268
2022-03-13,BTC,610.56,624.86,608.42,622.71,17494814
2022-03-13,DOGE,1799.15,1928.88,1750.9,1880.63,17539280
2022-03-13,ETH,8417.49,8488.32,8167.55,8238.38,17425838
2022-03-13,LINK,2071.1,2118.01,1976.69,2023.6,1816201
2022-03-13,LTC,1477.58,1522.22,1376.15,1420.8,2618371
2022-03-13,SOL,457.43,462.91,451.36,456.84,9296472
2022-03-13,XRP,776.89,829.43,724.75,777.29,18669668
2022-03-14,ADA,1531.89,1587.42,1405.08,1460.61,14748968
2022-03-14,AVAX,1958.2,2108.96,1892.94,2043.69,8233709
2022-03-14,BCH,42.08,43.29,41.34,42.55,3758117
2022-03-14,BTC,622.71,636.84,594.88,609.0,2162171
2022-03-14,DOGE,1880.63,1898.96,1843.55,1861.88,9334726
2022-03-14,ETH,8238.38,8272.89,8083.78,8118.29,14366242
2022-03-14,LINK,2023.6,2143.29,1974.6,2094.29,8122048
2022-03-14,LTC,1420.8,1446.72,1416.33,1442.25,2972663
2022-03-14,SOL,456.84,478.09,419.75,440.99,6940810
2022-03-14,XRP,777.29,787.67,679.01,689.39,19732212
2022-03-15,ADA,1460.61,1656.44,1433.83,1629.66,19291976
2022-03-15,AVAX,2043.69,2108.94,1914.59,1979.84,3932123
2022-03-15,BCH,42.55,43.42,42.48,43.36,11203848
2022-03-15,BTC,609.0,614.65,607.99,613.63,12317037
2022-03-15,DOGE,1861.88,1880.21,1823.82,1842.15,1196811
2022-03-15,ETH,8118.29,8224.41,7650.26,7756.38,10260198
2022-03-15,LINK,2094.29,2118.61,1999.68,2024.0,9237740
2022-03-15,LTC,1442.25,1455.07,1403.98,1416.8,10355026
2022-03-15,SOL,440.99,487.15,439.3,485.47,14929671
2022-03-15,XRP,689.39,691.52,680.44,682.56,3615415
2022-03-16,ADA,1629.66,1771.22,1609.75,1751.31,13096359
2022-03-16,AVAX,1979.84,2020.38,1915.33,1955.86,8940051
2022-03-16,BCH,43.36,47.49,42.62,46.76,15582232
2022-03-16,BTC,613.63,623.98,595.73,606.08,1074795
2022-03-16,DOGE,1842.15,1859.05,1733.77,1750.67,2962694
2022-03-16,ETH,7756.38,8020.85,7636.43,7900.9,3921261
2022-03-16,LINK,2024.0,2062.32,1910.19,1948.5,4283061
2022-03-16,LTC,1416.8,1478.6,1345.52,1407.31,4545524
2022-03-16,SOL,485.47,497.49,478.52,490.54,10003435
2022-03-16,XRP,682.56,712.04,670.73,700.21,10024820
2022-03-17,ADA,1751.31,1842.06,1737.8,1828.55,12385010
2022-03-17,AVAX,1955.86,2129.7,1848.32,2022.15,9582734
2022-03-17,BCH,46.76,52.86,43.91,50.01,14736650
2022-03-17,BTC,606.08,612.08,595.35,601.35,9455200
2022-03-17,DOGE,1750.67,1770.38,1714.63,1734.34,18284126
2022-03-17,ETH,7900.9,8101.64,7892.85,8093.59,14477846
2022-03-17,LINK,1948.5,1996.29,1933.29,1981.08,7712764
2022-03-17,LTC,1407.31,1453.25,1386.08,1432.01,8484546
2022-03-17,SOL,490.54,491.99,454.27,455.71,6159132
2022-03-17,XRP,700.21,709.05,694.96,703.81,10665075
2022-03-18,ADA,1828.55,1865.74,1827.25,1864.44,16825669
2022-03-18,AVAX,2022.15,2027.36,2012.81,2018.02,2463662
2022-03-18,BCH,50.01,55.83,47.91,53.74,19078923
2022-03-18,BTC,601.35,623.49,599.81,621.94,9321469
2022-03-18,DOGE,1734.34,1752.17,1710.33,1728.16,18180979
2022-03-18,ETH,8093.59,8187.87,7999.84,8094.12,17491593
2022-03-18,LINK,1981.08,1982.2,1873.05,1874.17,7080980
2022-03-18,LTC,1432.01,1449.96,1383.03,1400.98,12735113
2022-03-18,SOL,455.71,485.95,448.66,478.91,5789011
2022-03-18,XRP,703.81,714.85,665.42,676.46,9692544
2022-03-19,ADA,1864.44,2029.54,1859.76,2024.86,17249598
2022-03-19,AVAX,2018.02,2048.45,1903.72,1934.15,5771366
2022-03-19,BCH,53.74,54.58,51.8,52.64,6127326
2022-03-19,BTC,621.94,624.0,598.43,600.48,2238697
2022-03-19,DOGE,1728.16,1748.18,1645.51,1665.53,1253502
2022-03-19,ETH,8094.12,8098.39,7959.95,7964.22,16687356
2022-03-19,LINK,1874.17,1912.31,1845.34,1883.48,7330495
2022-03-19,LTC,1400.98,1462.65,1354.76,1416.43,9261117
2022-03-19,SOL,478.91,489.75,475.4,486.24,3050383
2022-03-19,XRP,676.46,701.54,673.89,698.97,8198319
2022-03-20,ADA,2024.86,2051.92,1989.73,2016.79,7564014
2022-03-20,AVAX,1934.15,1954.2,1906.66,1926.71,7809126
2022-03-20,BCH,52.64,53.36,51.98,52.71,5026783
2022-03-20,BTC,600.48,628.86,580.44,608.82,4794299
2022-03-20,DOGE,1665.53,1746.84,1634.2,1715.51,17133793
2022-03-20,ETH,7964.22,8074.47,7607.45,7717.7,16645129
2022-03-20,LINK,1883.48,1920.2,1834.23,1870.96,19956006
2022-03-20,LTC,1416.43,1626.18,1319.39,1529.14,12800445
2022-03-20,SOL,486.24,502.76,476.13,492.65,13192619
2022-03-20,XRP,698.97,755.76,689.77,746.56,4110927
2022-03-21,ADA,2016.79,2064.39,2005.68,2053.28,12344860
2022-03-21,AVAX,1926.71,2080.6,1894.08,2047.98,8815947
2022-03-21,BCH,52.71,57.52,50.76,55.57,9138327
2022-03-21,BTC,608.82,616.89,540.0,548.06,14072877
2022-03-21,DOGE,1715.51,1793.59,1676.14,1754.21,6208524
2022-03-21,ETH,7717.7,7918.79,7342.95,7544.04,18106146
2022-03-21,LINK,1870.96,1905.52,1841.67,1876.23,14106906
2022-03-21,LTC,1529.14,1611.49,1403.59,1485.94,4556269
2022-03-21,SOL,492.65,497.93,479.46,484.74,9888044
2022-03-21,XRP,746.56,759.38,703.77,716.59,17658962
2022-03-22,ADA,2053.28,2083.74,2036.15,2066.61,17566251
2022-03-22,AVAX,2047.98,2386.62,1975.94,2314.58,13976303
2022-03-22,BCH,55.57,56.09,53.24,53.77,17291452
2022-03-22,BTC,548.06,549.72,546.75,548.41,19868026
2022-03-22,DOGE,1754.21,1801.22,1735.64,1782.65,4733089
2022-03-22,ETH,7544.04,7585.24,7479.28,7520.48,14779102
2022-03-22,LINK,1876.23,2032.22,1824.52,1980.5,8705049
2022-03-22,LTC,1485.94,1526.67,1388.73,1429.45,6340549
2022-03-22,SOL,484.74,490.99,481.79,488.04,7451455
2022-03-22,XRP,716.59,757.8,700.47,741.68,8823373
2022-03-23,ADA,2066.61,2080.64,2006.25,2020.28,18264396
2022-03-23,AVAX,2314.58,2323.41,2194.15,2202.98,8472092
2022-03-23,BCH,53.77,54.13,51.39,51.76,2016582
2022-03-23,BTC,548.41,594.31,520.22,566.12,5477562
2022-03-23,DOGE,1782.65,1813.87,1777.23,1808.46,5837528
2022-03-23,ETH,7520.48,7524.54,7459.73,7463.79,6831781
2022-03-23,LINK,1980.5,2014.04,1960.91,1994.45,1337406
2022-03-23,LTC,1429.45,1522.14,1394.75,1487.43,10850211
2022-03-23,SOL,488.04,504.6,444.45,461.01,19611883
2022-03-23,XRP,741.68,754.2,720.55,733.06,12141010
2022-03-24,ADA,2020.28,2269.79,1911.61,2161.12,7399898
2022-03-24,AVAX,2202.98,2323.5,2187.84,2308.36,4315891
2022-03-24,BCH,51.76,54.84,51.33,54.41,10743156
2022-03-24,BTC,566.12,572.77,541.42,548.07,7105181
2022-03-24,DOGE,1808.46,1872.47,1748.56,1812.57,8229989
2022-03-24,ETH,7463.79,7644.21,7339.87,7520.29,15465900
2022-03-24,LINK,1994.45,2002.92,1973.87,1982.34,13764290
2022-03-24,LTC,1487.43,1493.01,1480.68,1486.26,18026696
2022-03-24,SOL,461.01,464.21,445.28,448.48,5897823
2022-03-24,XRP,733.06,751.64,730.77,749.34,19958398
2022-03-25,ADA,2161.12,2251.09,2095.18,2185.15,6194710
2022-03-25,AVAX,2308.36,2364.86,2129.94,2186.43,11148678
2022-03-25,BCH,54.41,54.76,51.39,51.74,3653403
2022-03-25,BTC,548.07,549.96,542.84,544.73,10065894
2022-03-25,DOGE,1812.57,1824.81,1743.09,1755.34,18440804
2022-03-25,ETH,7520.29,7603.91,7391.45,7475.07,15017183
2022-03-25,LINK,1982.34,2116.31,1918.69,2052.65,18892469
2022-03-25,LTC,1486.26,1537.28,1456.68,1507.7,16947195
2022-03-25,SOL,448.48,456.04,438.46,446.02,9040276
2022-03-25,XRP,749.34,807.54,705.55,763.75,19945747
2022-03-26,ADA,2185.15,2268.75,2066.55,2150.15,11232598
2022-03-26,AVAX,2186.43,2552.45,2046.93,2412.95,18814962
2022-03-26,BCH,51.74,58.73,49.2,56.19,2970274
2022-03-26,BTC,544.73,552.36,543.66,551.29,7450061
2022-03-26,DOGE,1755.34,1791.39,1755.1,1791.15,15111547
2022-03-26,ETH,7475.07,7485.36,7220.97,7231.26,2615537
2022-03-26,LINK,2052.65,2265.86,1991.02,2204.22,17542800
2022-03-26,LTC,1507.7,1546.39,1405.7,1444.39,17082279
2022-03-26,SOL,446.02,456.28,425.83,436.08,17398971
2022-03-26,XRP,763.75,791.89,760.41,788.55,3829877
2022-03-27,ADA,2150.15,2165.65,2087.61,2103.11,17655466
2022-03-27,AVAX,2412.95,2529.96,2343.64,2460.66,15108692
2022-03-27,BCH,56.19,57.88,54.45,56.15,6728362
2022-03-27,BTC,551.29,602.98,547.72,599.41,9633719
2022-03-27,DOGE,1791.15,1877.95,1791.06,1877.87,16686062
2022-03-27,ETH,7231.26,7342.9,7197.09,7308.73,18633725
2022-03-27,LINK,2204.22,2312.73,2164.13,2272.64,7948671
2022-03-27,LTC,1444.39,1506.29,1438.67,1500.57,19874476
2022-03-27,SOL,436.08,455.51,391.1,410.53,13273870
2022-03-27,XRP,788.55,793.48,782.61,787.54,15037235
2022-03-28,ADA,2103.11,2201.2,2092.21,2190.3,17611371
2022-03-28,AVAX,2460.66,2511.19,2240.1,2290.64,3136513
2022-03-28,BCH,56.15,56.65,55.36,55.86,6515064
2022-03-28,BTC,599.41,655.76,589.94,646.29,8698577
2022-03-28,DOGE,1877.87,1913.81,1862.67,1898.61,14510892
2022-03-28,ETH,7308.73,7522.56,7258.19,7472.02,8692981
2022-03-28,LINK,2272.64,2327.76,2218.64,2273.76,3738042
2022-03-28,LTC,1500.57,1716.03,1448.81,1664.28,6787737
2022-03-28,SOL,410.53,411.27,400.84,401.58,14255020
2022-03-28,XRP,787.54,788.09,764.13,764.67,6824460
2022-03-29,ADA,2190.3,2315.07,2131.21,2255.98,4037033
2022-03-29,AVAX,2290.64,2366.92,1976.53,2052.81,6189152
2022-03-29,BCH,55.86,61.14,55.65,60.93,3949930
2022-03-29,BTC,646.29,676.2,634.45,664.36,12725220
2022-03-29,DOGE,1898.61,1926.07,1854.25,1881.71,12248430
2022-03-29,ETH,7472.02,7588.92,7369.0,7485.9,18560608
2022-03-29,LINK,2273.76,2386.64,2221.5,2334.38,4838363
2022-03-29,LTC,1664.28,1708.27,1571.2,1615.18,8950758
2022-03-29,SOL,401.58,436.99,392.08,427.49,11728972
2022-03-29,XRP,764.67,799.92,681.96,717.21,5994423
2022-03-30,ADA,2255.98,2331.82,2220.63,2296.47,13897752
2022-03-30,AVAX,2052.81,2225.8,1985.07,2158.05,14712636
2022-03-30,BCH,60.93,66.16,57.88,63.11,3123768
2022-03-30,BTC,664.36,707.79,661.85,705.28,4996178
2022-03-30,DOGE,1881.71,2075.13,1818.94,2012.36,7846393
2022-03-30,ETH,7485.9,7722.78,7483.96,7720.84,12897989
2022-03-30,LINK,2334.38,2472.58,2305.2,2443.4,4355642
2022-03-30,LTC,1615.18,1665.13,1388.42,1438.37,13697508
2022-03-30,SOL,427.49,438.46,419.48,430.44,2017970
2022-03-30,XRP,717.21,759.33,696.79,738.92,11979464
2022-03-31,ADA,2296.47,2310.23,2292.5,2306.26,17692984
2022-03-31,AVAX,2158.05,2194.43,2002.05,2038.43,6709769
2022-03-31,BCH,63.11,63.42,61.62,61.94,15623278
2022-03-31,BTC,705.28,724.13,691.29,710.14,8591268
2022-03-31,DOGE,2012.36,2106.29,1984.58,2078.51,17284676
2022-03-31,ETH,7720.84,7764.62,7575.24,7619.02,14980333
2022-03-31,LINK,2443.4,2499.41,2392.23,2448.24,2538825
2022-03-31,LTC,1438.37,1472.78,1339.44,1373.85,15207416
2022-03-31,SOL,430.44,435.97,377.63,383.16,13930874
2022-03-31,XRP,738.92,746.08,669.17,676.33,16505946
2022-04-01,ADA,2306.26,2420.21,2279.78,2393.74,1332642
2022-04-01,AVAX,2038.43,2097.8,1922.63,1982.0,8150058
2022-04-01,BCH,61.94,65.18,61.67,64.91,18238760
2022-04-01,BTC,710.14,710.24,681.09,681.19,17604030
2022-04-01,DOGE,2078.51,2090.87,2036.41,2048.76,7015197
2022-04-01,ETH,7619.02,7719.26,7209.84,7310.07,11016779
2022-04-01,LINK,2448.24,2648.5,2341.0,2541.27,18523616
2022-04-01,LTC,1373.85,1423.3,1278.01,1327.46,1907463
2022-04-01,SOL,383.16,398.96,378.5,394.3,10704713
2022-04-01,XRP,676.33,687.68,662.82,674.17,10055851
2022-04-02,ADA,2393.74,2419.55,2202.58,2228.39,3465462
2022-04-02,AVAX,1982.0,2092.19,1966.65,2076.84,10292418
2022-04-02,BCH,64.91,67.07,64.29,66.45,17074682
2022-04-02,BTC,681.19,705.63,648.5,672.94,18986748
2022-04-02,DOGE,2048.76,2087.29,2041.35,2079.87,17055625
2022-04-02,ETH,7310.07,7317.73,7162.92,7170.58,12689414
2022-04-02,LINK,2541.27,2641.0,2402.36,2502.08,15728381
2022-04-02,LTC,1327.46,1372.28,1168.83,1213.65,12703168
2022-04-02,SOL,394.3,405.23,356.69,367.62,12776179
2022-04-02,XRP,674.17,683.68,665.38,674.89,2440601
2022-04-03,ADA,2228.39,2311.74,2188.88,2272.22,9633695
2022-04-03,AVAX,2076.84,2195.82,2060.46,2179.44,2346530
2022-04-03,BCH,66.45,68.96,60.19,62.7,8428168
2022-04-03,BTC,672.94,692.33,660.49,679.89,3577800
2022-04-03,DOGE,2079.87,2138.4,2074.39,2132.92,18666752
2022-04-03,ETH,7170.58,7512.28,7017.75,7359.46,13899007
2022-04-03,LINK,2502.08,2519.89,2431.48,2449.28,8684794
2022-04-03,LTC,1213.65,1216.84,1070.38,1073.58,19672289
2022-04-03,SOL,367.62,372.1,344.68,349.16,2494897
2022-04-03,XRP,674.89,712.88,666.49,704.48,5056100
2022-04-04,ADA,2272.22,2292.89,2086.93,2107.6,10645046
2022-04-04,AVAX,2179.44,2281.81,2067.14,2169.51,3345484
2022-04-04,BCH,62.7,65.17,59.48,61.95,4722084
2022-04-04,BTC,679.89,696.23,665.47,681.81,1840078
2022-04-04,DOGE,2132.92,2189.26,2105.77,2162.11,16340521
2022-04-04,ETH,7359.46,7359.79,7199.85,7200.18,1446689
2022-04-04,LINK,2449.28,2530.08,2280.84,2361.64,2320980
2022-04-04,LTC,1073.58,1096.42,1019.92,1042.77,15685852
2022-04-04,SOL,349.16,392.35,344.36,387.55,16829841
2022-04-04,XRP,704.48,756.53,669.59,721.63,14574480
2022-04-05,ADA,2107.6,2134.48,2093.55,2120.42,4203990
2022-04-05,AVAX,2169.51,2256.97,1945.5,2032.96,1172085
2022-04-05,BCH,61.95,65.17,60.1,63.32,9126584
2022-04-05,BTC,681.81,684.12,681.01,683.32,3147238
2022-04-05,DOGE,2162.11,2220.87,2148.0,2206.75,1090877
2022-04-05,ETH,7200.18,7438.61,7179.21,7417.63,18653717
2022-04-05,LINK,2361.64,2396.38,2165.29,2200.03,16869582
2022-04-05,LTC,1042.77,1148.48,1019.24,1124.95,7659448
2022-04-05,SOL,387.55,397.17,384.37,393.98,9101290
2022-04-05,XRP,721.63,735.63,718.75,732.75,12845025
2022-04-06,ADA,2120.42,2190.98,2047.87,2118.44,18256274
2022-04-06,AVAX,2032.96,2178.79,1851.68,1997.51,3393984
2022-04-06,BCH,63.32,66.94,60.98,64.6,12955731
2022-04-06,BTC,683.32,683.49,667.43,667.6,18945630
2022-04-06,DOGE,2206.75,2371.66,2179.14,2344.05,6738756
2022-04-06,ETH,7417.63,7449.75,7392.86,7424.97,16815040
2022-04-06,LINK,2200.03,2239.5,2067.02,2106.49,4755966
2022-04-06,LTC,1124.95,1157.04,1018.79,1050.88,13513268
2022-04-06,SOL,393.98,424.13,392.27,422.41,10545808
2022-04-06,XRP,732.75,755.6,726.04,748.89,3052434
2022-04-07,ADA,2118.44,2140.53,2042.47,2064.56,16894060
2022-04-07,AVAX,1997.51,2047.5,1835.64,1885.62,13887122
2022-04-07,BCH,64.6,65.41,57.9,58.72,14810734
2022-04-07,BTC,667.6,682.45,655.66,670.52,16544570
2022-04-07,DOGE,2344.05,2468.27,2324.08,2448.3,5469699
2022-04-07,ETH,7424.97,7850.04,7311.42,7736.49,18909250
2022-04-07,LINK,2106.49,2186.83,2071.97,2152.31,1883766
2022-04-07,LTC,1050.88,1070.42,931.14,950.69,17994138
2022-04-07,SOL,422.41,436.29,396.7,410.57,2420108
2022-04-07,XRP,748.89,759.96,722.8,733.87,4169249
2022-04-08,ADA,2064.56,2181.66,2026.83,2143.93,6133176
2022-04-08,AVAX,1885.62,1916.2,1818.52,1849.1,19642115
2022-04-08,BCH,58.72,60.08,58.25,59.61,9261682
2022-04-08,BTC,670.52,691.4,666.73,687.61,4541901
2022-04-08,DOGE,2448.3,2465.63,2351.76,2369.09,6237104
2022-04-08,ETH,7736.49,8230.62,7609.8,8103.94,1554233
2022-04-08,LINK,2152.31,2186.47,2065.72,2099.89,12738966
2022-04-08,LTC,950.69,1049.39,942.53,1041.23,10296528
2022-04-08,SOL,410.57,413.76,399.56,402.75,9452189
2022-04-08,XRP,733.87,807.32,698.1,771.55,10994204
2022-04-09,ADA,2143.93,2230.27,2107.59,2193.93,12739628
2022-04-09,AVAX,1849.1,1866.67,1762.91,1780.48,17922812
2022-04-09,BCH,59.61,60.68,57.5,58.57,16803362
2022-04-09,BTC,687.61,732.33,681.45,726.17,13229054
2022-04-09,DOGE,2369.09,2372.4,2357.86,2361.17,18503432
2022-04-09,ETH,8103.94,8208.44,8101.07,8205.57,18670980
2022-04-09,LINK,2099.89,2117.19,2064.46,2081.76,15411574
2022-04-09,LTC,1041.23,1051.33,974.33,984.43,7068819
2022-04-09,SOL,402.75,428.79,401.99,428.03,6297993
2022-04-09,XRP,771.55,797.62,709.26,735.33,11434590
2022-04-10,ADA,2193.93,2260.65,2152.61,2219.34,7610247
2022-04-10,AVAX,1780.48,1828.53,1438.34,1486.39,14443467
2022-04-10,BCH,58.57,62.6,56.39,60.41,16761145
2022-04-10,BTC,726.17,763.74,716.38,753.96,10297190
2022-04-10,DOGE,2361.17,2398.4,2321.18,2358.41,19664175
2022-04-10,ETH,8205.57,8304.18,8031.37,8129.98,15911589
2022-04-10,LINK,2081.76,2107.26,1994.67,2020.17,13708002
2022-04-10,LTC,984.43,1021.33,912.16,949.07,4128221
2022-04-10,SOL,428.03,443.16,416.88,432.01,11331320
2022-04-10,XRP,735.33,751.23,709.83,725.73,10899157
2022-04-11,ADA,2219.34,2223.08,2167.84,2171.58,12518349
2022-04-11,AVAX,1486.39,1494.75,1413.82,1422.18,6553385
2022-04-11,BCH,60.41,66.33,60.13,66.05,6859282
2022-04-11,BTC,753.96,763.64,734.44,744.12,16004684
2022-04-11,DOGE,2358.41,2487.65,2356.2,2485.44,17686419
2022-04-11,ETH,8129.98,8392.92,8012.17,8275.11,10520084
2022-04-11,LINK,2020.17,2142.08,1999.72,2121.63,4230532
2022-04-11,LTC,949.07,960.52,886.71,898.15,15700218
2022-04-11,SOL,432.01,445.86,429.99,443.85,13354654
2022-04-11,XRP,725.73,752.63,650.05,676.95,4732640
2022-04-12,ADA,2171.58,2210.6,2090.42,2129.44,11248474
2022-04-12,AVAX,1422.18,1538.69,1378.48,1494.99,13813161
2022-04-12,BCH,66.05,71.67,64.54,70.16,11856878
2022-04-12,BTC,744.12,793.78,737.66,787.32,2357726
2022-04-12,DOGE,2485.44,2695.16,2396.07,2605.79,13043536
2022-04-12,ETH,8275.11,8482.03,8109.73,8316.65,13451078
2022-04-12,LINK,2121.63,2162.48,2056.53,2097.38,3228974
2022-04-12,LTC,898.15,930.32,888.65,920.82,11532424
2022-04-12,SOL,443.85,478.45,432.73,467.33,15864469
2022-04-12,XRP,676.95,705.84,673.42,702.3,19550705
2022-04-13,ADA,2129.44,2200.99,2117.96,2189.52,3433101
2022-04-13,AVAX,1494.99,1558.11,1460.23,1523.35,3635692
2022-04-13,BCH,70.16,72.19,67.99,70.02,6758634
2022-04-13,BTC,787.32,799.96,785.86,798.49,14097530
2022-04-13,DOGE,2605.79,2924.21,2579.54,2897.96,9571795
2022-04-13,ETH,8316.65,8494.76,8195.24,8373.36,12217473
2022-04-13,LINK,2097.38,2114.39,2090.67,2107.68,14936818
2022-04-13,LTC,920.82,933.74,871.42,884.34,11575694
2022-04-13,SOL,467.33,494.32,443.83,470.82,13593206
2022-04-13,XRP,702.3,703.7,683.87,685.27,16793177
2022-04-14,ADA,2189.52,2437.54,2152.13,2400.16,8515138
2022-04-14,AVAX,1523.35,1549.71,1406.67,1433.03,3281645
2022-04-14,BCH,70.02,74.52,69.99,74.49,2159990
2022-04-14,BTC,798.49,815.15,775.31,791.96,10007575
2022-04-14,DOGE,2897.96,3056.06,2858.1,3016.19,16960878
2022-04-14,ETH,8373.36,8426.37,8314.4,8367.41,14121409
2022-04-14,LINK,2107.68,2183.14,1985.85,2061.31,5391271
2022-04-14,LTC,884.34,907.49,877.31,900.46,3657317
2022-04-14,SOL,470.82,497.05,448.82,475.05,3642167
2022-04-14,XRP,685.27,724.02,664.49,703.24,5254680
2022-04-15,ADA,2400.16,2479.42,2351.92,2431.18,2371115
2022-04-15,AVAX,1433.03,1457.87,1418.68,1443.52,6502122
2022-04-15,BCH,74.49,76.62,67.94,70.07,7604483
2022-04-15,BTC,791.96,792.0,785.87,785.9,8437111
2022-04-15,DOGE,3016.19,3111.0,2805.74,2900.55,3773287
2022-04-15,ETH,8367.41,8421.67,8291.87,8346.14,4994996
2022-04-15,LINK,2061.31,2068.49,2039.93,2047.11,15784692
2022-04-15,LTC,900.46,904.33,791.07,794.94,4677222
2022-04-15,SOL,475.05,492.08,456.07,473.1,17778907
2022-04-15,XRP,703.24,738.51,636.93,672.21,5746188
2022-04-16,ADA,2431.18,2736.49,2412.08,2717.38,19278413
2022-04-16,AVAX,1443.52,1599.54,1388.96,1544.98,2963706
2022-04-16,BCH,70.07,75.75,67.26,72.94,1441271
2022-04-16,BTC,785.9,852.45,784.81,851.36,11710771
2022-04-16,DOGE,2900.55,2972.07,2867.82,2939.34,17246311
2022-04-16,ETH,8346.14,8574.92,7845.22,8074.0,14307027
2022-04-16,LINK,2047.11,2119.95,2024.61,2097.45,3590249
2022-04-16,LTC,794.94,813.79,701.32,720.18,13222481
2022-04-16,SOL,473.1,474.08,436.24,437.22,4059538
2022-04-16,XRP,672.21,691.25,657.84,676.89,1914839
2022-04-17,ADA,2717.38,2761.13,2704.01,2747.76,18998029
2022-04-17,AVAX,1544.98,1571.63,1535.2,1561.86,17108243
2022-04-17,BCH,72.94,75.31,69.43,71.79,2521779
2022-04-17,BTC,851.36,865.73,803.46,817.82,10146979
2022-04-17,DOGE,2939.34,2948.25,2772.87,2781.78,9692330
2022-04-17,ETH,8074.0,8187.37,7967.24,8080.61,3708909
2022-04-17,LINK,2097.45,2097.48,2058.59,2058.62,9466166
2022-04-17,LTC,720.18,750.89,696.51,727.22,8524897
2022-04-17,SOL,437.22,447.44,434.8,445.02,12976989
2022-04-17,XRP,676.89,684.81,674.14,682.06,17905373
2022-04-18,ADA,2747.76,3081.53,2739.7,3073.48,19887685
2022-04-18,AVAX,1561.86,1700.8,1545.9,1684.83,2344678
2022-04-18,BCH,71.79,71.89,71.45,71.55,8112643
2022-04-18,BTC,817.82,821.13,793.36,796.66,6107882
2022-04-18,DOGE,2781.78,2834.57,2768.19,2820.98,7958912
2022-04-18,ETH,8080.61,8090.41,8040.36,8050.16,1479010
2022-04-18,LINK,2058.62,2149.24,1990.78,2081.4,9994407
2022-04-18,LTC,727.22,781.83,690.45,745.06,5057293
2022-04-18,SOL,445.02,456.65,413.9,425.53,9087055
2022-04-18,XRP,682.06,689.15,622.42,629.51,19701340
2022-04-19,ADA,3073.48,3187.8,3037.58,3151.91,2658974
2022-04-19,AVAX,1684.83,1780.07,1605.91,1701.15,3253707
2022-04-19,BCH,71.55,73.01,65.55,67.01,5602633
2022-04-19,BTC,796.66,806.5,769.58,779.41,15668722
2022-04-19,DOGE,2820.98,2832.21,2812.51,2823.73,17726807
2022-04-19,ETH,8050.16,8115.34,8015.76,8080.95,19882268
2022-04-19,LINK,2081.4,2097.1,2016.81,2032.52,2716181
2022-04-19,LTC,745.06,773.91,739.31,768.15,17761319
2022-04-19,SOL,425.53,439.73,419.14,433.34,11326228
2022-04-19,XRP,629.51,636.3,622.01,628.8,3131545
2022-04-20,ADA,3151.91,3167.09,2847.62,2862.8,1632835
2022-04-20,AVAX,1701.15,1742.09,1550.07,1591.01,19391593
2022-04-20,BCH,67.01,69.51,65.31,67.82,2826682
2022-04-20,BTC,779.41,790.49,774.36,785.44,3194581
2022-04-20,DOGE,2823.73,2922.15,2599.25,2697.67,8103113
2022-04-20,ETH,8080.95,8188.27,7744.57,7851.89,6965160
2022-04-20,LINK,2032.52,2149.31,1995.91,2112.71,18920976
2022-04-20,LTC,768.15,773.31,748.01,753.17,13238127
2022-04-20,SOL,433.34,437.9,410.55,415.11,11760981
2022-04-20,XRP,628.8,639.02,595.51,605.73,14064068
2022-04-21,ADA,2862.8,2920.63,2838.85,2896.68,11006398
2022-04-21,AVAX,1591.01,1688.9,1541.62,1639.5,12963528
2022-04-21,BCH,67.82,72.69,63.28,68.15,5194647
2022-04-21,BTC,785.44,815.36,762.87,792.79,5893299
2022-04-21,DOGE,2697.67,2839.95,2651.18,2793.46,5306051
2022-04-21,ETH,7851.89,8022.14,7826.9,7997.14,1482021
2022-04-21,LINK,2112.71,2166.51,1905.57,1959.37,3966802
2022-04-21,LTC,753.17,769.48,731.76,748.08,17848976
2022-04-21,SOL,415.11,421.2,367.1,373.19,11971896
2022-04-21,XRP,605.73,634.98,594.44,623.69,3475572
2022-04-22,ADA,2896.68,3178.01,2853.97,3135.3,10292622
2022-04-22,AVAX,1639.5,1669.69,1547.44,1577.63,1078231
2022-04-22,BCH,68.15,68.31,62.17,62.34,7782719
2022-04-22,BTC,792.79,809.19,774.0,790.41,14497121
2022-04-22,DOGE,2793.46,2801.96,2705.49,2713.99,18026904
2022-04-22,ETH,7997.14,8210.82,7940.52,8154.2,13054202
2022-04-22,LINK,1959.37,2061.39,1956.85,2058.86,10871563
2022-04-22,LTC,748.08,782.72,737.9,772.55,16717574
2022-04-22,SOL,373.19,385.39,364.22,376.42,11033006
2022-04-22,XRP,623.69,624.05,574.95,575.31,19530379
2022-04-23,ADA,3135.3,3193.58,3070.3,3128.57,15063185
2022-04-23,AVAX,1577.63,1677.76,1545.04,1645.17,16684001
2022-04-23,BCH,62.34,63.23,59.65,60.54,10975628
2022-04-23,BTC,790.41,833.34,776.58,819.51,11362315
2022-04-23,DOGE,2713.99,2841.75,2679.21,2806.98,3836775
2022-04-23,ETH,8154.2,8205.41,7833.64,7884.84,6486071
2022-04-23,LINK,2058.86,2060.22,2034.28,2035.64,5833786
2022-04-23,LTC,772.55,858.95,756.02,842.43,10994087
2022-04-23,SOL,376.42,412.95,357.91,394.43,13900918
2022-04-23,XRP,575.31,586.56,535.32,546.57,9660775
2022-04-24,ADA,3128.57,3193.58,3036.13,3101.14,10788747
2022-04-24,AVAX,1645.17,1803.65,1644.65,1803.13,13433009
2022-04-24,BCH,60.54,61.91,50.96,52.33,17488243
2022-04-24,BTC,819.51,840.95,812.9,834.34,15136589
2022-04-24,DOGE,2806.98,2886.29,2802.85,2882.16,9991529
2022-04-24,ETH,7884.84,8252.4,7749.62,8117.19,13392231
2022-04-24,LINK,2035.64,2057.36,2023.81,2045.53,6720544
2022-04-24,LTC,842.43,854.24,831.32,843.14,17553366
2022-04-24,SOL,394.43,420.24,383.18,408.99,8709784
2022-04-24,XRP,546.57,558.3,546.54,558.28,15023759
2022-04-25,ADA,3101.14,3109.45,2942.88,2951.19,5554471
2022-04-25,AVAX,1803.13,2071.52,1702.21,1970.6,8989858
2022-04-25,BCH,52.33,56.63,51.13,55.43,15947294
2022-04-25,BTC,834.34,887.94,826.58,880.19,18340707
2022-04-25,DOGE,2882.16,2984.19,2757.84,2859.86,1760668
2022-04-25,ETH,8117.19,8139.94,8000.53,8023.28,16058687
2022-04-25,LINK,2045.53,2093.05,1915.05,1962.57,12562694
2022-04-25,LTC,843.14,867.56,841.4,865.82,5910873
2022-04-25,SOL,408.99,426.58,387.34,404.92,1215383
2022-04-25,XRP,558.28,560.33,526.54,528.6,18278186
2022-04-26,ADA,2951.19,3129.33,2925.23,3103.37,2189711
2022-04-26,AVAX,1970.6,1995.89,1867.6,1892.88,15980215
2022-04-26,BCH,55.43,57.5,55.38,57.45,4368156
2022-04-26,BTC,880.19,889.36,869.55,878.73,5460934
2022-04-26,DOGE,2859.86,2967.22,2802.26,2909.62,10425726
2022-04-26,ETH,8023.28,8566.23,7951.93,8494.88,9515449
2022-04-26,LINK,1962.57,2033.86,1870.82,1942.1,3905756
2022-04-26,LTC,865.82,866.38,829.97,830.53,10697479
2022-04-26,SOL,404.92,412.12,395.74,402.95,1993115
2022-04-26,XRP,528.6,532.13,525.93,529.47,6712027
2022-04-27,ADA,3103.37,3126.35,2990.41,3013.39,11303857
2022-04-27,AVAX,1892.88,1985.78,1856.81,1949.71,3220142
2022-04-27,BCH,57.45,62.9,55.91,61.37,10490889
2022-04-27,BTC,878.73,934.33,861.93,917.54,1011064
2022-04-27,DOGE,2909.62,3162.26,2828.27,3080.91,11287892
2022-04-27,ETH,8494.88,8596.31,8339.51,8440.93,12973510
2022-04-27,LINK,1942.1,1974.13,1872.44,1904.47,4609772
2022-04-27,LTC,830.53,833.12,780.81,783.4,16074745
2022-04-27,SOL,402.95,435.21,392.26,424.53,19423440
2022-04-27,XRP,529.47,541.91,525.86,538.3,6470933
2022-04-28,ADA,3013.39,3053.99,2855.21,2895.81,13907309
2022-04-28,AVAX,1949.71,1965.35,1916.41,1932.05,17770269
2022-04-28,BCH,61.37,61.82,60.08,60.54,5085599
2022-04-28,BTC,917.54,953.27,859.16,894.89,13581057
2022-04-28,DOGE,3080.91,3268.31,3041.65,3229.05,4008176
2022-04-28,ETH,8440.93,8955.06,8387.92,8902.04,19752579
2022-04-28,LINK,1904.47,1958.54,1880.8,1934.87,12229531
2022-04-28,LTC,783.4,844.84,752.92,814.36,19222931
2022-04-28,SOL,424.53,449.44,418.17,443.09,15193174
2022-04-28,XRP,538.3,545.62,531.55,538.88,17670963
2022-04-29,ADA,2895.81,2923.03,2766.63,2793.85,8447777
2022-04-29,AVAX,1932.05,1941.35,1897.94,1907.24,13651054
2022-04-29,BCH,60.54,61.34,55.61,56.42,13869335
2022-04-29,BTC,894.89,905.92,887.04,898.07,14437443
2022-04-29,DOGE,3229.05,3276.69,3225.17,3272.8,3383196
2022-04-29,ETH,8902.04,9158.9,8751.85,9008.7,14067746
2022-04-29,LINK,1934.87,1955.75,1827.87,1848.75,2875725
2022-04-29,LTC,814.36,835.73,807.15,828.52,9842999
2022-04-29,SOL,443.09,453.29,432.08,442.28,1422148
2022-04-29,XRP,538.88,545.3,492.52,498.94,10532728
2022-04-30,ADA,2793.85,2886.56,2747.88,2840.59,10995348
2022-04-30,AVAX,1907.24,2097.83,1856.15,2046.74,9420650
2022-04-30,BCH,56.42,58.71,53.63,55.93,17505757
2022-04-30,BTC,898.07,926.39,895.27,923.59,7558301
2022-04-30,DOGE,3272.8,3290.59,3229.72,3247.5,11273299
2022-04-30,ETH,9008.7,9067.95,8854.93,8914.18,5642731
2022-04-30,LINK,1848.75,1853.94,1779.27,1784.46,1086537
2022-04-30,LTC,828.52,839.39,794.91,805.78,17672740
2022-04-30,SOL,442.28,444.55,398.22,400.49,3335218
2022-04-30,XRP,498.94,513.03,491.81,505.9,16150302
2022-05-01,ADA,2840.59,2860.13,2674.11,2693.65,2188453
2022-05-01,AVAX,2046.74,2096.16,2009.65,2059.07,10728900
2022-05-01,BCH,55.93,57.4,47.64,49.11,5195853
2022-05-01,BTC,923.59,925.83,921.19,923.43,6540563
2022-05-01,DOGE,3247.5,3481.04,3213.98,3447.52,10009136
2022-05-01,ETH,8914.18,9190.22,8850.13,9126.16,1688544
2022-05-01,LINK,1784.46,1851.56,1727.83,1794.92,14253285
2022-05-01,LTC,805.78,820.16,791.92,806.3,8208011
2022-05-01,SOL,400.49,405.09,395.49,400.09,6210985
2022-05-01,XRP,505.9,508.68,482.76,485.54,2424951
2022-05-02,ADA,2693.65,2744.62,2585.84,2636.82,14882023
2022-05-02,AVAX,2059.07,2085.9,2013.7,2040.53,18045579
2022-05-02,BCH,49.11,49.97,44.13,44.98,17783475
2022-05-02,BTC,923.43,953.2,862.2,891.97,11339065
2022-05-02,DOGE,3447.52,3635.62,3437.74,3625.84,10649453
2022-05-02,ETH,9126.16,9419.81,8924.53,9218.18,17872442
2022-05-02,LINK,1794.92,1867.62,1744.07,1816.77,16626680
2022-05-02,LTC,806.3,872.89,795.1,861.68,9642064
2022-05-02,SOL,400.09,402.57,396.5,398.98,7672270
2022-05-02,XRP,485.54,556.33,476.01,546.8,1443717
2022-05-03,ADA,2636.82,2712.18,2373.38,2448.74,18714404
2022-05-03,AVAX,2040.53,2043.17,1927.37,1930.01,2117094
2022-05-03,BCH,44.98,47.5,44.65,47.17,3960451
2022-05-03,BTC,891.97,900.69,865.22,873.95,4502781
2022-05-03,DOGE,3625.84,3640.05,3611.36,3625.57,18003915
2022-05-03,ETH,9218.18,9724.42,8963.03,9469.27,5330817
2022-05-03,LINK,1816.77,1861.22,1787.82,1832.28,12000608
2022-05-03,LTC,861.68,875.87,833.91,848.1,8695581
2022-05-03,SOL,398.98,401.6,375.64,378.26,7512258
2022-05-03,XRP,546.8,547.53,534.94,535.67,14605312
2022-05-04,ADA,2448.74,2478.8,2434.26,2464.32,19075279
2022-05-04,AVAX,1930.01,1934.36,1893.77,1898.12,6910438
2022-05-04,BCH,47.17,49.43,43.71,45.97,7655478
2022-05-04,BTC,873.95,915.73,789.43,831.21,18891971
2022-05-04,DOGE,3625.57,3672.17,3464.0,3510.6,3880913
2022-05-04,ETH,9469.27,9559.1,9094.43,9184.26,5255734
2022-05-04,LINK,1832.28,1884.24,1754.74,1806.71,4361913
2022-05-04,LTC,848.1,860.32,838.63,850.86,3278296
2022-05-04,SOL,378.26,382.76,357.99,362.49,7402219
2022-05-04,XRP,535.67,538.49,507.56,510.38,2033436
2022-05-05,ADA,2464.32,2535.62,2461.98,2533.28,18333665
2022-05-05,AVAX,1898.12,1939.26,1886.47,1927.61,1430211
2022-05-05,BCH,45.97,46.97,45.59,46.59,6527563
2022-05-05,BTC,831.21,841.02,816.28,826.08,7428675
2022-05-05,DOGE,3510.6,3528.92,3381.42,3399.74,14329374
2022-05-05,ETH,9184.26,9300.87,8896.35,9012.96,8364957
2022-05-05,LINK,1806.71,1835.69,1734.28,1763.26,16252410
2022-05-05,LTC,850.86,876.88,788.1,814.13,12703765
2022-05-05,SOL,362.49,367.96,358.73,364.2,2907501
2022-05-05,XRP,510.38,524.5,507.13,521.24,7321362
2022-05-06,ADA,2533.28,2549.66,2407.5,2423.88,6203567
2022-05-06,AVAX,1927.61,2010.66,1824.44,1907.5,15747867
2022-05-06,BCH,46.59,47.38,44.99,45.78,1116166
2022-05-06,BTC,826.08,841.35,822.05,837.31,6364688
2022-05-06,DOGE,3399.74,3562.8,3290.97,3454.03,13213202
2022-05-06,ETH,9012.96,9014.55,8750.4,8751.99,18888728
2022-05-06,LINK,1763.26,1834.69,1732.33,1803.76,16701869
2022-05-06,LTC,814.13,871.7,803.34,860.92,17986720
2022-05-06,SOL,364.2,370.39,343.05,349.24,18166384
2022-05-06,XRP,521.24,561.42,499.05,539.23,2727547
2022-05-07,ADA,2423.88,2530.9,2357.97,2464.98,4894058
2022-05-07,AVAX,1907.5,1912.48,1856.95,1861.93,12311882
2022-05-07,BCH,45.78,46.06,43.8,44.09,7730935
2022-05-07,BTC,837.31,842.0,825.27,829.95,14824664
2022-05-07,DOGE,3454.03,3579.02,3422.36,3547.35,6508126
2022-05-07,ETH,8751.99,9038.0,8536.0,8822.02,3162131
2022-05-07,LINK,1803.76,1918.88,1798.65,1913.77,12760259
2022-05-07,LTC,860.92,919.58,832.86,891.53,18590578
2022-05-07,SOL,349.24,363.14,340.21,354.11,11887083
2022-05-07,XRP,539.23,582.84,538.77,582.39,15170083
2022-05-08,ADA,2464.98,2540.35,2369.58,2444.95,14847953
2022-05-08,AVAX,1861.93,1872.81,1664.5,1675.38,5090590
2022-05-08,BCH,44.09,45.75,43.13,44.79,19990808
2022-05-08,BTC,829.95,892.15,820.14,882.33,16731285
2022-05-08,DOGE,3547.35,3589.43,3394.12,3436.19,1496295
2022-05-08,ETH,8822.02,9415.89,8550.16,9144.04,5094437
2022-05-08,LINK,1913.77,1914.55,1897.24,1898.03,13879896
2022-05-08,LTC,891.53,974.87,860.33,943.68,14949887
2022-05-08,SOL,354.11,365.57,337.91,349.36,18731397
2022-05-08,XRP,582.39,591.93,550.3,559.84,16513818
2022-05-09,ADA,2444.95,2509.98,2311.31,2376.34,4697069
2022-05-09,AVAX,1675.38,1726.54,1665.52,1716.68,14688350
2022-05-09,BCH,44.79,45.36,43.76,44.33,16024606
2022-05-09,BTC,882.33,947.99,872.11,937.77,7194339
2022-05-09,DOGE,3436.19,3702.85,3393.28,3659.93,5741353
2022-05-09,ETH,9144.04,9494.7,8943.12,9293.78,11599828
2022-05-09,LINK,1898.03,1958.54,1871.89,1932.4,7338297
2022-05-09,LTC,943.68,1011.41,918.33,986.06,13793504
2022-05-09,SOL,349.36,351.72,346.29,348.65,13854562
2022-05-09,XRP,559.84,593.24,554.33,587.73,12675156
2022-05-10,ADA,2376.34,2456.82,2227.83,2308.3,5096334
2022-05-10,AVAX,1716.68,1762.43,1644.79,1690.54,3604494
2022-05-10,BCH,44.33,47.46,44.27,47.4,14310609
2022-05-10,BTC,937.77,972.76,877.28,912.27,3574466
2022-05-10,DOGE,3659.93,3718.13,3613.28,3671.48,19839835
2022-05-10,ETH,9293.78,9336.27,8937.67,8980.16,8098660
2022-05-10,LINK,1932.4,1989.82,1912.36,1969.78,1769636
2022-05-10,LTC,986.06,1018.42,983.94,1016.3,3391835
2022-05-10,SOL,348.65,352.64,331.83,335.82,19256446
2022-05-10,XRP,587.73,601.27,558.32,571.85,6609161
2022-05-11,ADA,2308.3,2401.35,2288.03,2381.08,10511731
2022-05-11,AVAX,1690.54,1880.44,1661.2,1851.1,10270473
2022-05-11,BCH,47.4,47.74,45.9,46.23,2993850
2022-05-11,BTC,912.27,936.11,872.13,895.97,12274156
2022-05-11,DOGE,3671.48,3740.99,3632.42,3701.93,4224447
2022-05-11,ETH,8980.16,9072.43,8734.59,8826.85,5026595
2022-05-11,LINK,1969.78,2028.16,1756.08,1814.45,16598163
2022-05-11,LTC,1016.3,1053.46,995.41,1032.56,7829441
2022-05-11,SOL,335.82,391.7,324.28,380.16,6538776
2022-05-11,XRP,571.85,577.39,533.67,539.2,6860405
2022-05-12,ADA,2381.08,2499.23,2377.88,2496.02,19956225
2022-05-12,AVAX,1851.1,2060.51,1787.46,1996.88,19997457
2022-05-12,BCH,46.23,46.66,44.05,44.49,5916957
2022-05-12,BTC,895.97,898.95,833.07,836.05,7672417
2022-05-12,DOGE,3701.93,3909.24,3675.7,3883.01,3180807
2022-05-12,ETH,8826.85,9015.4,8528.12,8716.67,3499340
2022-05-12,LINK,1814.45,1821.61,1725.38,1732.54,1929668
2022-05-12,LTC,1032.56,1097.91,983.97,1049.31,19205279
2022-05-12,SOL,380.16,418.34,370.0,408.18,7490278
2022-05-12,XRP,539.2,542.89,516.59,520.27,19369236
2022-05-13,ADA,2496.02,2541.43,2234.85,2280.27,15371765
2022-05-13,AVAX,1996.88,2024.7,1831.46,1859.28,12089527
2022-05-13,BCH,44.49,44.76,43.56,43.84,8203258
2022-05-13,BTC,836.05,865.51,825.93,855.39,12432312
2022-05-13,DOGE,3883.01,3942.03,3614.23,3673.25,11001082
2022-05-13,ETH,8716.67,8771.78,8215.0,8270.11,18131979
2022-05-13,LINK,1732.54,1808.02,1689.24,1764.72,9838111
2022-05-13,LTC,1049.31,1077.1,927.99,955.78,9397433
2022-05-13,SOL,408.18,438.48,392.62,422.92,6292912
2022-05-13,XRP,520.27,539.04,519.29,538.06,11588702
2022-05-14,ADA,2280.27,2375.04,2248.18,2342.96,15593763
2022-05-14,AVAX,1859.28,1988.77,1853.26,1982.76,2670916
2022-05-14,BCH,43.84,44.42,42.8,43.38,18816108
2022-05-14,BTC,855.39,856.54,814.29,815.44,13366310
2022-05-14,DOGE,3673.25,3693.65,3663.8,3684.19,4092828
2022-05-14,ETH,8270.11,8481.97,8231.05,8442.92,11823571
2022-05-14,LINK,1764.72,1916.67,1709.6,1861.55,1077847
2022-05-14,LTC,955.78,1107.71,928.66,1080.59,18673227
2022-05-14,SOL,422.92,431.18,421.25,429.51,11923271
2022-05-14,XRP,538.06,572.92,536.81,571.68,11039992
2022-05-15,ADA,2342.96,2458.32,2333.24,2448.61,19661329
2022-05-15,AVAX,1982.76,2047.44,1893.86,1958.54,1224499
2022-05-15,BCH,43.38,45.14,39.88,41.64,19467325
2022-05-15,BTC,815.44,847.79,814.85,847.2,14949431
2022-05-15,DOGE,3684.19,3694.59,3683.19,3693.58,11046211
2022-05-15,ETH,8442.92,8454.77,8261.85,8273.71,4359251
2022-05-15,LINK,1861.55,1930.98,1774.32,1843.75,10388366
2022-05-15,LTC,1080.59,1103.26,1032.88,1055.55,15248999
2022-05-15,SOL,429.51,433.94,387.0,391.43,1377729
2022-05-15,XRP,571.68,617.94,552.0,598.27,6320990
2022-05-16,ADA,2448.61,2497.42,2247.28,2296.1,10869791
2022-05-16,AVAX,1958.54,2026.98,1902.66,1971.1,15035973
2022-05-16,BCH,41.64,46.5,39.91,44.77,16969255
2022-05-16,BTC,847.2,850.13,806.25,809.18,10967498
2022-05-16,DOGE,3693.58,3768.7,3494.16,3569.28,8332954
2022-05-16,ETH,8273.71,8275.87,8152.32,8154.48,2453362
2022-05-16,LINK,1843.75,1954.72,1836.7,1947.67,17106797
2022-05-16,LTC,1055.55,1102.53,1020.25,1067.22,1115169
2022-05-16,SOL,391.43,440.81,383.69,433.07,11653630
2022-05-16,XRP,598.27,623.63,589.68,615.04,5991592
2022-05-17,ADA,2296.1,2328.66,2258.47,2291.04,4861189
2022-05-17,AVAX,1971.1,2009.02,1832.49,1870.42,12821307
2022-05-17,BCH,44.77,46.83,44.64,46.7,16790543
2022-05-17,BTC,809.18,862.54,806.13,859.5,11845728
2022-05-17,DOGE,3569.28,3574.89,3482.52,3488.12,14231952
2022-05-17,ETH,8154.48,8247.37,7940.22,8033.12,2340142
2022-05-17,LINK,1947.67,2151.62,1875.07,2079.02,19938409
2022-05-17,LTC,1067.22,1076.12,982.21,991.1,2139171
2022-05-17,SOL,433.07,450.57,425.45,442.95,16797172
2022-05-17,XRP,615.04,622.75,606.48,614.19,17221401
2022-05-18,ADA,2291.04,2321.67,2290.64,2321.28,8555446
2022-05-18,AVAX,1870.42,1920.31,1812.3,1862.2,14140534
2022-05-18,BCH,46.7,46.88,45.14,45.32,16035917
2022-05-18,BTC,859.5,870.58,809.28,820.36,2550594
2022-05-18,DOGE,3488.12,3494.4,3363.18,3369.46,3865428
2022-05-18,ETH,8033.12,8062.37,7963.2,7992.45,15651562
2022-05-18,LINK,2079.02,2115.73,2072.73,2109.44,2082841
2022-05-18,LTC,991.1,1009.91,980.03,998.83,8320313
2022-05-18,SOL,442.95,450.92,430.46,438.43,9607409
2022-05-18,XRP,614.19,644.64,611.7,642.15,9096178
2022-05-19,ADA,2321.28,2367.27,2270.19,2316.19,9246450
2022-05-19,AVAX,1862.2,1953.03,1836.56,1927.39,1075331
2022-05-19,BCH,45.32,46.62,44.6,45.9,10925412
2022-05-19,BTC,820.36,862.05,800.29,841.98,3376055
2022-05-19,DOGE,3369.46,3563.74,3292.7,3486.98,16628829
2022-05-19,ETH,7992.45,7997.91,7919.08,7924.53,4211586
2022-05-19,LINK,2109.44,2259.39,2039.79,2189.74,7635520
2022-05-19,LTC,998.83,1031.95,918.77,951.89,2691953
2022-05-19,SOL,438.43,467.05,425.84,454.46,12457265
2022-05-19,XRP,642.15,662.75,629.65,650.24,2947593
2022-05-20,ADA,2316.19,2351.32,2215.87,2251.0,2321948
2022-05-20,AVAX,1927.39,1955.59,1766.62,1794.82,9493884
2022-05-20,BCH,45.9,47.34,41.48,42.92,5713099
2022-05-20,BTC,841.98,842.23,837.89,838.14,16520955
2022-05-20,DOGE,3486.98,3677.58,3410.94,3601.54,6423199
2022-05-20,ETH,7924.53,8007.9,7866.29,7949.66,8238563
2022-05-20,LINK,2189.74,2225.82,2144.38,2180.46,17045757
2022-05-20,LTC,951.89,979.27,893.84,921.22,17878718
2022-05-20,SOL,454.46,455.96,447.01,448.52,6334219
2022-05-20,XRP,650.24,671.97,623.48,645.21,7032580
2022-05-21,ADA,2251.0,2257.57,2230.82,2237.39,17305560
2022-05-21,AVAX,1794.82,1828.02,1693.79,1726.99,2527506
2022-05-21,BCH,42.92,43.05,40.09,40.22,19379405
2022-05-21,BTC,838.14,848.25,795.42,805.53,17514575
2022-05-21,DOGE,3601.54,3615.01,3446.76,3460.23,4079721
2022-05-21,ETH,7949.66,8016.11,7686.15,7752.6,13378582
2022-05-21,LINK,2180.46,2287.8,2175.79,2283.12,7415413
2022-05-21,LTC,921.22,989.96,918.49,987.23,12127948
2022-05-21,SOL,448.52,460.31,444.2,456.0,18858015
2022-05-21,XRP,645.21,647.69,632.27,634.75,5815640
2022-05-22,ADA,2237.39,2308.44,2141.65,2212.7,15655676
2022-05-22,AVAX,1726.99,1941.73,1702.04,1916.79,7158097
2022-05-22,BCH,40.22,40.55,40.09,40.42,7875345
2022-05-22,BTC,805.53,811.98,789.97,796.42,12997034
2022-05-22,DOGE,3460.23,3605.95,3317.77,3463.48,7829542
2022-05-22,ETH,7752.6,7752.66,7716.08,7716.14,8773639
2022-05-22,LINK,2283.12,2298.04,2096.33,2111.25,2641655
2022-05-22,LTC,987.23,1101.9,977.1,1091.77,14499502
2022-05-22,SOL,456.0,468.1,428.41,440.51,6614551
2022-05-22,XRP,634.75,673.04,617.57,655.87,1305967
2022-05-23,ADA,2212.7,2261.83,2150.64,2199.77,19289375
2022-05-23,AVAX,1916.79,2095.15,1868.91,2047.26,19475559
2022-05-23,BCH,40.42,46.13,40.01,45.72,19752461
2022-05-23,BTC,796.42,839.14,780.82,823.54,7346676
2022-05-23,DOGE,3463.48,3557.91,3331.63,3426.06,13296345
2022-05-23,ETH,7716.14,7736.8,7654.79,7675.45,2212822
2022-05-23,LINK,2111.25,2170.29,2073.11,2132.16,18392979
2022-05-23,LTC,1091.77,1115.56,1084.79,1108.58,2111380
2022-05-23,SOL,440.51,461.1,426.8,447.4,10890949
2022-05-23,XRP,655.87,726.83,624.44,695.4,3691370
2022-05-24,ADA,2199.77,2263.46,2184.43,2248.13,11165186
2022-05-24,AVAX,2047.26,2188.84,2039.05,2180.63,6137282
2022-05-24,BCH,45.72,47.46,45.51,47.25,12145136
2022-05-24,BTC,823.54,831.46,800.98,808.9,17448944
2022-05-24,DOGE,3426.06,3540.59,3409.77,3524.3,13017804
2022-05-24,ETH,7675.45,7939.98,7581.22,7845.75,4302163
2022-05-24,LINK,2132.16,2281.26,2100.17,2249.27,4188118
2022-05-24,LTC,1108.58,1115.54,997.97,1004.93,3515841
2022-05-24,SOL,447.4,489.67,444.62,486.89,12274769
2022-05-24,XRP,695.4,756.01,670.72,731.32,1696758
2022-05-25,ADA,2248.13,2258.84,2135.04,2145.75,6427061
2022-05-25,AVAX,2180.63,2183.43,2143.63,2146.43,13513586
2022-05-25,BCH,47.25,47.78,45.32,45.84,14878297
2022-05-25,BTC,808.9,848.91,763.2,803.22,16566565
2022-05-25,DOGE,3524.3,3700.95,3437.5,3614.15,11235711
2022-05-25,ETH,7845.75,7954.29,7782.31,7890.86,4918802
2022-05-25,LINK,2249.27,2396.88,2225.99,2373.61,4711914
2022-05-25,LTC,1004.93,1023.55,946.66,965.28,17620997
2022-05-25,SOL,486.89,536.17,484.37,533.65,18137277
2022-05-25,XRP,731.32,773.52,706.97,749.17,10756486
2022-05-26,ADA,2145.75,2156.23,2136.04,2146.52,16430242
2022-05-26,AVAX,2146.43,2354.3,1958.1,2165.97,2895835
2022-05-26,BCH,45.84,46.4,45.1,45.65,5764914
2022-05-26,BTC,803.22,810.63,743.54,750.96,1903247
2022-05-26,DOGE,3614.15,3854.84,3567.8,3808.49,4551071
2022-05-26,ETH,7890.86,7991.35,7692.31,7792.8,10277847
2022-05-26,LINK,2373.61,2414.58,2371.73,2412.7,16322644
2022-05-26,LTC,965.28,969.52,923.22,927.46,15098042
2022-05-26,SOL,533.65,561.46,477.29,505.1,18871644
2022-05-26,XRP,749.17,756.18,748.51,755.52,19525933
2022-05-27,ADA,2146.52,2253.13,2089.53,2196.14,11940661
2022-05-27,AVAX,2165.97,2313.95,2108.84,2256.81,3009654
2022-05-27,BCH,45.65,46.84,44.1,45.29,3348528
2022-05-27,BTC,750.96,775.3,743.82,768.17,11884307
2022-05-27,DOGE,3808.49,3824.92,3649.19,3665.62,9027980
2022-05-27,ETH,7792.8,7834.7,7654.49,7696.39,9407057
2022-05-27,LINK,2412.7,2474.7,2397.11,2459.11,15973205
2022-05-27,LTC,927.46,1057.71,924.04,1054.29,6890651
2022-05-27,SOL,505.1,515.25,486.22,496.37,4013453
2022-05-27,XRP,755.52,792.23,752.37,789.08,14133024
2022-05-28,ADA,2196.14,2218.11,2124.23,2146.2,6603816
2022-05-28,AVAX,2256.81,2403.87,2232.71,2379.76,2983049
2022-05-28,BCH,45.29,45.4,42.41,42.52,12347059
2022-05-28,BTC,768.17,776.27,738.23,746.34,9079793
2022-05-28,DOGE,3665.62,3738.42,3580.81,3653.61,3270820
2022-05-28,ETH,7696.39,7793.29,7677.37,7774.26,6267156
2022-05-28,LINK,2459.11,2477.41,2437.16,2455.46,16307510
2022-05-28,LTC,1054.29,1097.03,1001.55,1044.3,16705344
2022-05-28,SOL,496.37,516.58,492.26,512.47,13301734
2022-05-28,XRP,789.08,914.21,742.48,867.61,9515690
2022-05-29,ADA,2146.2,2192.32,2037.09,2083.22,11233120
2022-05-29,AVAX,2379.76,2481.77,2367.86,2469.87,5478841
2022-05-29,BCH,42.52,44.12,42.43,44.03,10631045
2022-05-29,BTC,746.34,784.3,729.69,767.65,6660511
2022-05-29,DOGE,3653.61,3826.26,3422.63,3595.28,10623312
2022-05-29,ETH,7774.26,7983.97,7590.55,7800.26,16134815
2022-05-29,LINK,2455.46,2477.22,2308.01,2329.77,4712070
2022-05-29,LTC,1044.3,1065.01,913.23,933.95,3763375
2022-05-29,SOL,512.47,519.66,506.98,514.18,2402434
2022-05-29,XRP,867.61,906.31,858.91,897.61,9741239
2022-05-30,ADA,2083.22,2109.17,1920.32,1946.27,7876513
2022-05-30,AVAX,2469.87,2518.41,2184.84,2233.38,19168661
2022-05-30,BCH,44.03,46.17,42.41,44.55,5553410
2022-05-30,BTC,767.65,774.32,755.68,762.35,6233113
2022-05-30,DOGE,3595.28,3616.39,3343.12,3364.23,8673859
2022-05-30,ETH,7800.26,7985.6,7434.69,7620.04,16611542
2022-05-30,LINK,2329.77,2348.22,2266.66,2285.11,13348461
2022-05-30,LTC,933.95,935.93,864.28,866.26,7962700
2022-05-30,SOL,514.18,516.17,503.93,505.91,7725139
2022-05-30,XRP,897.61,922.5,822.77,847.66,4499947
2022-05-31,ADA,1946.27,1991.72,1937.45,1982.9,19353321
2022-05-31,AVAX,2233.38,2360.91,2229.98,2357.51,1482451
2022-05-31,BCH,44.55,45.27,44.15,44.87,11648544
2022-05-31,BTC,762.35,793.41,750.09,781.15,17115454
2022-05-31,DOGE,3364.23,3458.24,3286.33,3380.33,7655500
2022-05-31,ETH,7620.04,7888.13,7448.88,7716.98,14070509
2022-05-31,LINK,2285.11,2413.71,2263.49,2392.09,1614899
2022-05-31,LTC,866.26,869.49,820.19,823.42,16655730
2022-05-31,SOL,505.91,516.94,496.61,507.63,11961136
2022-05-31,XRP,847.66,928.24,823.87,904.44,6733606
2022-06-01,ADA,1982.9,2014.19,1971.75,2003.04,9676841
2022-06-01,AVAX,2357.51,2393.82,2229.05,2265.37,3824539
2022-06-01,BCH,44.87,45.23,40.78,41.15,15158686
2022-06-01,BTC,781.15,834.36,771.08,824.29,5479950
2022-06-01,DOGE,3380.33,3404.18,3377.56,3401.41,2923825
2022-06-01,ETH,7716.98,7880.58,7364.63,7528.23,19255977
2022-06-01,LINK,2392.09,2414.91,2145.79,2168.61,16346439
2022-06-01,LTC,823.42,857.09,805.05,838.71,1929387
2022-06-01,SOL,507.63,558.54,503.41,554.32,6976109
2022-06-01,XRP,904.44,997.3,884.67,977.52,6240381
2022-06-02,ADA,2003.04,2006.16,1973.03,1976.15,11375727
2022-06-02,AVAX,2265.37,2343.42,2165.43,2243.48,3273046
2022-06-02,BCH,41.15,41.94,37.14,37.92,14584609
2022-06-02,BTC,824.29,832.59,774.56,782.85,12710936
2022-06-02,DOGE,3401.41,3496.18,3392.11,3486.88,6060739
2022-06-02,ETH,7528.23,7607.4,7062.85,7142.02,11965951
2022-06-02,LINK,2168.61,2233.03,2153.99,2218.4,3393911
2022-06-02,LTC,838.71,857.26,804.02,822.57,15882622
2022-06-02,SOL,554.32,580.42,524.41,550.5,2617735
2022-06-02,XRP,977.52,1017.7,965.38,1005.56,1978186
2022-06-03,ADA,1976.15,2084.35,1937.1,2045.29,19073227
2022-06-03,AVAX,2243.48,2329.07,2100.77,2186.36,3297249
2022-06-03,BCH,37.92,38.4,37.73,38.21,11581561
2022-06-03,BTC,782.85,840.13,781.59,838.86,1604845
2022-06-03,DOGE,3486.88,3568.51,3342.19,3423.81,13299147
2022-06-03,ETH,7142.02,7248.52,7099.01,7205.52,17414070
2022-06-03,LINK,2218.4,2314.62,2099.69,2195.9,5183218
2022-06-03,LTC,822.57,831.11,816.58,825.12,4318330
2022-06-03,SOL,550.5,592.09,527.83,569.42,12525710
2022-06-03,XRP,1005.56,1036.63,961.72,992.79,9926055
2022-06-04,ADA,2045.29,2057.26,1951.26,1963.22,13054520
2022-06-04,AVAX,2186.36,2237.12,2045.93,2096.69,10553341
2022-06-04,BCH,38.21,40.31,37.99,40.1,1459635
2022-06-04,BTC,838.86,843.69,811.44,816.27,18287209
2022-06-04,DOGE,3423.81,3684.93,3400.44,3661.56,9673973
2022-06-04,ETH,7205.52,7322.32,7008.56,7125.35,9244735
2022-06-04,LINK,2195.9,2353.16,2171.84,2329.1,14836838
2022-06-04,LTC,825.12,861.41,795.66,831.95,1956537
2022-06-04,SOL,569.42,668.55,534.97,634.09,10902245
2022-06-04,XRP,992.79,993.12,932.79,933.12,5345562
2022-06-05,ADA,1963.22,2029.05,1929.36,1995.19,7410705
2022-06-05,AVAX,2096.69,2192.7,2093.89,2189.9,7166782
2022-06-05,BCH,40.1,40.42,38.11,38.43,2747555
2022-06-05,BTC,816.27,836.08,808.47,828.28,11253601
2022-06-05,DOGE,3661.56,3710.03,3353.73,3402.2,16997066
2022-06-05,ETH,7125.35,7253.9,7099.21,7227.76,4644219
2022-06-05,LINK,2329.1,2426.6,2306.66,2404.16,16299253
2022-06-05,LTC,831.95,862.21,817.67,847.93,10748839
2022-06-05,SOL,634.09,652.91,620.55,639.37,13409612
2022-06-05,XRP,933.12,955.75,888.34,910.97,19262722
2022-06-06,ADA,1995.19,2006.9,1994.27,2005.99,10108735
2022-06-06,AVAX,2189.9,2548.16,2113.91,2472.18,7629079
2022-06-06,BCH,38.43,41.26,38.32,41.15,16911956
2022-06-06,BTC,828.28,846.9,813.02,831.64,5902758
2022-06-06,DOGE,3402.2,3634.34,3346.7,3578.84,8258638
2022-06-06,ETH,7227.76,7231.04,6984.77,6988.06,13825842
2022-06-06,LINK,2404.16,2486.07,2310.61,2392.52,3177230
2022-06-06,LTC,847.93,855.33,765.75,773.15,4136686
2022-06-06,SOL,639.37,639.62,570.75,571.0,11026315
2022-06-06,XRP,910.97,970.28,899.54,958.85,12143403
2022-06-07,ADA,2005.99,2209.49,1942.9,2146.4,3175666
2022-06-07,AVAX,2472.18,2531.41,2359.84,2419.07,6164370
2022-06-07,BCH,41.15,43.89,40.45,43.19,12206885
2022-06-07,BTC,831.64,839.81,829.4,837.56,11894061
2022-06-07,DOGE,3578.84,3609.82,3335.23,3366.21,4406999
2022-06-07,ETH,6988.06,6999.23,6854.38,6865.55,6841633
2022-06-07,LINK,2392.52,2397.01,2284.62,2289.11,18863130
2022-06-07,LTC,773.15,785.84,772.32,785.01,18192750
2022-06-07,SOL,571.0,575.98,569.49,574.48,10396440
2022-06-07,XRP,958.85,1057.86,932.31,1031.32,5214331
2022-06-08,ADA,2146.4,2155.58,2085.7,2094.88,13256467
2022-06-08,AVAX,2419.07,2631.01,2300.57,2512.51,18950154
2022-06-08,BCH,43.19,44.37,37.98,39.17,5251119
2022-06-08,BTC,837.56,862.44,836.75,861.63,8879442
2022-06-08,DOGE,3366.21,3366.28,3306.89,3306.96,8682026
2022-06-08,ETH,6865.55,6971.71,6860.35,6966.51,9814306
2022-06-08,LINK,2289.11,2341.47,2270.69,2323.06,11413711
2022-06-08,LTC,785.01,801.66,728.19,744.84,14512905
2022-06-08,SOL,574.48,583.41,565.23,574.16,15955942
2022-06-08,XRP,1031.32,1058.51,944.1,971.29,7850908
2022-06-09,ADA,2094.88,2234.84,2050.97,2190.92,3782268
2022-06-09,AVAX,2512.51,2645.18,2383.68,2516.35,8300504
2022-06-09,BCH,39.17,39.29,37.9,38.02,16314024
2022-06-09,BTC,861.63,907.25,844.91,890.54,18298152
2022-06-09,DOGE,3306.96,3323.17,3183.87,3200.08,3988358
2022-06-09,ETH,6966.51,7019.57,6667.29,6720.35,18147999
2022-06-09,LINK,2323.06,2358.97,2256.75,2292.66,3071128
2022-06-09,LTC,744.84,817.09,727.38,799.63,15558728
2022-06-09,SOL,574.16,591.02,573.27,590.13,19912426
2022-06-09,XRP,971.29,1037.38,936.55,1002.65,11735641
2022-06-10,ADA,2190.92,2194.56,2110.11,2113.75,6890280
2022-06-10,AVAX,2516.35,2596.9,2491.19,2571.74,14663981
2022-06-10,BCH,38.02,40.02,37.01,39.0,10556897
2022-06-10,BTC,890.54,944.62,888.23,942.31,13845546
2022-06-10,DOGE,3200.08,3379.34,3165.47,3344.73,6151962
2022-06-10,ETH,6720.35,6725.23,6665.55,6670.44,19467271
2022-06-10,LINK,2292.66,2343.31,2159.31,2209.96,14972138
2022-06-10,LTC,799.63,832.43,773.13,805.93,4551367
2022-06-10,SOL,590.13,599.42,570.31,579.6,18618105
2022-06-10,XRP,1002.65,1126.32,994.44,1118.11,18352944
2022-06-11,ADA,2113.75,2136.14,1952.66,1975.05,10884454
2022-06-11,AVAX,2571.74,2672.61,2540.86,2641.73,15793578
2022-06-11,BCH,39.0,39.48,37.52,37.99,5305244
2022-06-11,BTC,942.31,990.11,916.34,964.13,9078462
2022-06-11,DOGE,3344.73,3409.68,3230.91,3295.86,17346446
2022-06-11,ETH,6670.44,6744.09,6626.86,6700.52,4270397
2022-06-11,LINK,2209.96,2263.45,2183.09,2236.57,15211572
2022-06-11,LTC,805.93,831.52,739.76,765.34,6641952
2022-06-11,SOL,579.6,612.31,520.03,552.74,8425421
2022-06-11,XRP,1118.11,1128.73,1032.48,1043.1,17346039
2022-06-12,ADA,1975.05,2076.26,1929.58,2030.8,12871198
2022-06-12,AVAX,2641.73,3105.13,2528.57,2991.98,13536145
2022-06-12,BCH,37.99,39.16,36.96,38.14,14885104
2022-06-12,BTC,964.13,979.36,930.87,946.1,15558670
2022-06-12,DOGE,3295.86,3470.16,3254.19,3428.5,12578634
2022-06-12,ETH,6700.52,6757.28,6651.6,6708.36,18609764
2022-06-12,LINK,2236.57,2255.42,2195.01,2213.86,6796286
2022-06-12,LTC,765.34,773.5,706.11,714.28,7997539
2022-06-12,SOL,552.74,591.2,510.36,548.82,13015427
2022-06-12,XRP,1043.1,1062.63,1019.59,1039.12,15516168
2022-06-13,ADA,2030.8,2166.49,2018.25,2153.94,8988911
2022-06-13,AVAX,2991.98,2999.04,2966.0,2973.06,5927423
2022-06-13,BCH,38.14,39.24,34.83,35.93,5528762
2022-06-13,BTC,946.1,976.45,879.07,909.42,4186552
2022-06-13,DOGE,3428.5,3450.71,3331.56,3353.78,3428885
2022-06-13,ETH,6708.36,6725.79,6316.86,6334.29,1157251
2022-06-13,LINK,2213.86,2287.89,2020.06,2094.09,7002916
2022-06-13,LTC,714.28,732.47,636.91,655.1,11790751
2022-06-13,SOL,548.82,552.66,532.93,536.77,2191405
2022-06-13,XRP,1039.12,1098.9,997.72,1057.5,2849844
2022-06-14,ADA,2153.94,2164.09,2118.24,2128.38,7907320
2022-06-14,AVAX,2973.06,3032.35,2726.34,2785.63,15822251
2022-06-14,BCH,35.93,37.22,35.03,36.31,14745241
2022-06-14,BTC,909.42,916.07,883.29,889.94,12774331
2022-06-14,DOGE,3353.78,3354.03,3128.15,3128.41,4044366
2022-06-14,ETH,6334.29,6340.0,6174.84,6180.56,19831981
2022-06-14,LINK,2094.09,2127.62,2083.5,2117.02,1324038
2022-06-14,LTC,655.1,713.45,624.19,682.54,18770184
2022-06-14,SOL,536.77,599.03,530.77,593.03,7987930
2022-06-14,XRP,1057.5,1065.22,984.92,992.64,16834219
2022-06-15,ADA,2128.38,2233.7,2099.41,2204.73,9784094
2022-06-15,AVAX,2785.63,3000.18,2675.64,2890.18,6839459
2022-06-15,BCH,36.31,38.2,33.51,35.39,1349564
2022-06-15,BTC,889.94,894.47,864.19,868.71,16354380
2022-06-15,DOGE,3128.41,3410.86,3119.09,3401.54,8396737
2022-06-15,ETH,6180.56,6301.14,5966.44,6087.02,2128031
2022-06-15,LINK,2117.02,2332.15,2076.93,2292.06,1862419
2022-06-15,LTC,682.54,744.56,672.36,734.38,6208848
2022-06-15,SOL,593.03,603.51,587.59,598.07,14777651
2022-06-15,XRP,992.64,1031.38,944.14,982.88,8739602
2022-06-16,ADA,2204.73,2223.17,2082.92,2101.37,16697274
2022-06-16,AVAX,2890.18,2999.67,2855.57,2965.06,11834365
2022-06-16,BCH,35.39,38.87,34.3,37.79,18599981
2022-06-16,BTC,868.71,949.2,843.46,923.95,16875104
2022-06-16,DOGE,3401.54,3630.54,3350.85,3579.86,1278037
2022-06-16,ETH,6087.02,6383.84,5972.25,6269.07,6089104
2022-06-16,LINK,2292.06,2402.1,2222.56,2332.6,14965179
2022-06-16,LTC,734.38,784.29,723.19,773.1,16329450
2022-06-16,SOL,598.07,670.78,569.21,641.92,1608455
2022-06-16,XRP,982.88,1006.02,962.34,985.48,5014049
2022-06-17,ADA,2101.37,2122.25,2020.51,2041.39,10045891
2022-06-17,AVAX,2965.06,3106.54,2844.74,2986.21,17968819
2022-06-17,BCH,37.79,39.76,37.34,39.31,2054651
2022-06-17,BTC,923.95,963.8,902.56,942.4,2592391
2022-06-17,DOGE,3579.86,3670.08,3385.41,3475.63,12704055
2022-06-17,ETH,6269.07,6589.67,6223.86,6544.46,5161417
2022-06-17,LINK,2332.6,2409.35,2204.09,2280.84,17154258
2022-06-17,LTC,773.1,786.55,732.32,745.78,1628831
2022-06-17,SOL,641.92,666.5,624.56,649.14,18563582
2022-06-17,XRP,985.48,997.35,940.18,952.05,14193361
2022-06-18,ADA,2041.39,2131.92,1990.2,2080.73,4054219
2022-06-18,AVAX,2986.21,3415.61,2878.89,3308.29,13320565
2022-06-18,BCH,39.31,39.57,39.31,39.57,5794140
2022-06-18,BTC,942.4,999.08,923.77,980.44,18743099
2022-06-18,DOGE,3475.63,3491.55,3379.0,3394.92,13708037
2022-06-18,ETH,6544.46,6621.67,6280.27,6357.49,4762698
2022-06-18,LINK,2280.84,2373.12,2259.28,2351.57,10871057
2022-06-18,LTC,745.78,751.78,725.26,731.26,10972336
2022-06-18,SOL,649.14,681.75,648.05,680.66,2493937
2022-06-18,XRP,952.05,1017.47,922.37,987.78,9599847
2022-06-19,ADA,2080.73,2131.23,2072.68,2123.18,15502481
2022-06-19,AVAX,3308.29,3414.3,3135.36,3241.37,8793288
2022-06-19,BCH,39.57,40.2,39.16,39.79,4911178
2022-06-19,BTC,980.44,993.16,904.99,917.71,17284564
2022-06-19,DOGE,3394.92,3619.65,3323.59,3548.32,3641958
2022-06-19,ETH,6357.49,6404.37,6301.11,6347.99,5157408
2022-06-19,LINK,2351.57,2464.59,2127.03,2240.05,9278644
2022-06-19,LTC,731.26,791.01,728.14,787.88,12862465
2022-06-19,SOL,680.66,684.01,666.91,670.27,3988212
2022-06-19,XRP,987.78,997.94,939.16,949.32,16506060
2022-06-20,ADA,2123.18,2224.67,2059.61,2161.11,18616145
2022-06-20,AVAX,3241.37,3260.66,3203.54,3222.84,2873504
2022-06-20,BCH,39.79,42.75,37.25,40.21,1903530
2022-06-20,BTC,917.71,920.34,871.28,873.91,11048757
2022-06-20,DOGE,3548.32,3564.79,3533.12,3549.59,13961280
2022-06-20,ETH,6347.99,6701.07,6337.07,6690.15,13906308
2022-06-20,LINK,2240.05,2241.18,2227.44,2228.56,10648767
2022-06-20,LTC,787.88,819.9,744.61,776.63,17821272
2022-06-20,SOL,670.27,703.43,666.15,699.31,13309989
2022-06-20,XRP,949.32,963.32,857.72,871.72,1280791
2022-06-21,ADA,2161.11,2191.43,1986.53,2016.86,8223508
2022-06-21,AVAX,3222.84,3397.77,3178.7,3353.64,1556196
2022-06-21,BCH,40.21,41.45,37.74,38.98,4190433
2022-06-21,BTC,873.91,879.16,850.12,855.37,16710938
2022-06-21,DOGE,3549.59,3823.88,3486.03,3760.33,4267806
2022-06-21,ETH,6690.15,6824.31,6494.02,6628.18,5346958
2022-06-21,LINK,2228.56,2290.87,2084.31,2146.62,9746069
2022-06-21,LTC,776.63,799.0,727.3,749.67,16967072
2022-06-21,SOL,699.31,722.57,698.08,721.34,18084128
2022-06-21,XRP,871.72,895.43,857.66,881.37,11105987
2022-06-22,ADA,2016.86,2029.78,2016.61,2029.53,15877961
2022-06-22,AVAX,3353.64,3581.88,3268.58,3496.82,6864649
2022-06-22,BCH,38.98,40.88,38.32,40.22,4277535
2022-06-22,BTC,855.37,891.86,844.4,880.89,6801456
2022-06-22,DOGE,3760.33,3781.98,3565.0,3586.65,13699645
2022-06-22,ETH,6628.18,6797.62,6593.91,6763.35,15963359
2022-06-22,LINK,2146.62,2188.07,2063.0,2104.45,12786497
2022-06-22,LTC,749.67,839.63,699.21,789.17,18851011
2022-06-22,SOL,721.34,810.44,686.0,775.09,17741214
2022-06-22,XRP,881.37,947.06,846.92,912.61,9531892
2022-06-23,ADA,2029.53,2050.08,1823.87,1844.42,9460682
2022-06-23,AVAX,3496.82,3562.22,3481.01,3546.41,1492571
2022-06-23,BCH,40.22,41.06,36.04,36.88,3319142
2022-06-23,BTC,880.89,927.67,854.35,901.13,13485000
2022-06-23,DOGE,3586.65,3837.41,3544.78,3795.54,3850232
2022-06-23,ETH,6763.35,7277.13,6688.41,7202.2,14780803
2022-06-23,LINK,2104.45,2130.33,2099.13,2125.0,9147306
2022-06-23,LTC,789.17,800.1,787.81,798.73,3241788
2022-06-23,SOL,775.09,805.01,710.54,740.46,5738031
2022-06-23,XRP,912.61,946.15,857.33,890.87,4714597
2022-06-24,ADA,1844.42,1869.95,1755.43,1780.96,6198200
2022-06-24,AVAX,3546.41,4022.42,3305.36,3781.37,13601763
2022-06-24,BCH,36.88,39.35,36.12,38.58,17712994
2022-06-24,BTC,901.13,924.79,895.22,918.89,12923010
2022-06-24,DOGE,3795.54,3844.08,3617.7,3666.24,9352235
2022-06-24,ETH,7202.2,7347.42,6952.31,7097.53,11352806
2022-06-24,LINK,2125.0,2154.35,2015.26,2044.62,2209667
2022-06-24,LTC,798.73,824.44,750.43,776.14,18634681
2022-06-24,SOL,740.46,772.39,661.06,692.99,18216010
2022-06-24,XRP,890.87,898.82,827.83,835.78,6167974
2022-06-25,ADA,1780.96,1802.09,1646.89,1668.02,16131740
2022-06-25,AVAX,3781.37,4183.29,3633.64,4035.56,15933383
2022-06-25,BCH,38.58,39.62,36.91,37.95,12038330
2022-06-25,BTC,918.89,972.2,893.04,946.35,8162844
2022-06-25,DOGE,3666.24,3792.62,3615.58,3741.96,2854057
2022-06-25,ETH,7097.53,7264.98,6845.96,7013.42,4037769
2022-06-25,LINK,2044.62,2117.02,2025.55,2097.95,10463985
2022-06-25,LTC,776.14,833.44,746.21,803.51,18922721
2022-06-25,SOL,692.99,731.16,677.91,716.07,3121091
2022-06-25,XRP,835.78,894.58,835.03,893.82,8033138
2022-06-26,ADA,1668.02,1696.14,1622.37,1650.49,1032618
2022-06-26,AVAX,4035.56,4158.83,3799.84,3923.11,6337940
2022-06-26,BCH,37.95,38.5,36.45,37.0,5118515
2022-06-26,BTC,946.35,958.8,936.52,948.97,16330444
2022-06-26,DOGE,3741.96,3871.31,3738.44,3867.79,15566738
2022-06-26,ETH,7013.42,7283.36,6999.35,7269.29,13562233
2022-06-26,LINK,2097.95,2137.6,2003.79,2043.44,15235762
2022-06-26,LTC,803.51,832.62,773.46,802.56,4117406
2022-06-26,SOL,716.07,719.8,693.26,696.99,11022174
2022-06-26,XRP,893.82,910.36,854.16,870.7,12100305
2022-06-27,ADA,1650.49,1684.03,1638.65,1672.19,4944039
2022-06-27,AVAX,3923.11,4027.65,3718.29,3822.84,4122667
2022-06-27,BCH,37.0,37.76,34.46,35.21,3672674
2022-06-27,BTC,948.97,980.59,938.65,970.26,3058536
2022-06-27,DOGE,3867.79,3967.45,3814.78,3914.43,14534283
2022-06-27,ETH,7269.29,7516.13,7261.25,7508.08,14132790
2022-06-27,LINK,2043.44,2075.04,2014.13,2045.73,1960662
2022-06-27,LTC,802.56,846.26,795.19,838.89,19604172
2022-06-27,SOL,696.99,699.54,663.66,666.2,17739078
2022-06-27,XRP,870.7,876.84,840.07,846.21,7284791
2022-06-28,ADA,1672.19,1771.77,1609.82,1709.4,6247257
2022-06-28,AVAX,3822.84,4001.93,3268.32,3447.41,19648672
2022-06-28,BCH,35.21,36.38,33.02,34.19,10446446
2022-06-28,BTC,970.26,995.35,928.51,953.6,12379999
2022-06-28,DOGE,3914.43,3966.98,3871.4,3923.95,19108395
2022-06-28,ETH,7508.08,7852.36,7333.61,7677.89,5850296
2022-06-28,LINK,2045.73,2078.59,2031.75,2064.61,6557333
2022-06-28,LTC,838.89,886.11,827.8,875.03,10737980
2022-06-28,SOL,666.2,700.49,650.3,684.58,11388157
2022-06-28,XRP,846.21,891.38,843.54,888.71,9375205
2022-06-29,ADA,1709.4,1719.65,1650.0,1660.25,6752067
2022-06-29,AVAX,3447.41,3485.68,3181.79,3220.06,15694012
2022-06-29,BCH,34.19,34.96,32.7,33.47,4853738
2022-06-29,BTC,953.6,1009.42,921.02,976.84,10334330
2022-06-29,DOGE,3923.95,4076.93,3916.75,4069.74,1232150
2022-06-29,ETH,7677.89,7849.63,7607.01,7778.75,5676813
2022-06-29,LINK,2064.61,2104.15,2002.21,2041.75,5786599
2022-06-29,LTC,875.03,924.77,852.98,902.72,15718347
2022-06-29,SOL,684.58,702.94,680.86,699.22,3636690
2022-06-29,XRP,888.71,914.8,858.13,884.22,3894489
2022-06-30,ADA,1660.25,1669.62,1626.11,1635.48,3451727
2022-06-30,AVAX,3220.06,3260.91,3167.13,3207.97,2672399
2022-06-30,BCH,33.47,33.85,31.18,31.56,7617654
2022-06-30,BTC,976.84,1015.64,951.4,990.2,3489578
2022-06-30,DOGE,4069.74,4254.95,3984.83,4170.04,5449155
2022-06-30,ETH,7778.75,7804.49,7708.48,7734.22,5909215
2022-06-30,LINK,2041.75,2086.48,1952.0,1996.73,19243631
2022-06-30,LTC,902.72,920.33,876.26,893.87,1390465
2022-06-30,SOL,699.22,722.25,683.63,706.66,18447053
2022-06-30,XRP,884.22,915.25,875.34,906.36,18645586
2022-07-01,ADA,1635.48,1650.56,1624.69,1639.76,7954250
2022-07-01,AVAX,3207.97,3260.4,2960.58,3013.01,12805453
2022-07-01,BCH,31.56,32.47,29.99,30.9,16195607
2022-07-01,BTC,990.2,1033.12,980.4,1023.32,5140925
2022-07-01,DOGE,4170.04,4433.44,4084.42,4347.82,17075715
2022-07-01,ETH,7734.22,7880.23,7619.83,7765.84,10880505
2022-07-01,LINK,1996.73,2028.24,1966.56,1998.07,3010581
2022-07-01,LTC,893.87,940.2,848.1,894.43,3479027
2022-07-01,SOL,706.66,709.14,676.81,679.29,4371042
2022-07-01,XRP,906.36,941.16,896.46,931.26,12915148
2022-07-02,ADA,1639.76,1683.36,1593.31,1636.9,17088860
2022-07-02,AVAX,3013.01,3140.74,3007.24,3134.98,1702597
2022-07-02,BCH,30.9,35.08,28.81,32.99,19507919
2022-07-02,BTC,1023.32,1054.76,1013.16,1044.6,14945890
2022-07-02,DOGE,4347.82,4535.1,4299.76,4487.05,17068186
2022-07-02,ETH,7765.84,7948.15,7493.73,7676.04,17876679
2022-07-02,LINK,1998.07,2128.21,1947.53,2077.67,7010475
2022-07-02,LTC,894.43,967.59,834.47,907.64,2711096
2022-07-02,SOL,679.29,682.94,678.6,682.25,3558900
2022-07-02,XRP,931.26,1059.57,906.5,1034.82,18619429
2022-07-03,ADA,1636.9,1685.54,1610.83,1659.47,4067093
2022-07-03,AVAX,3134.98,3410.96,3099.39,3375.37,6024216
2022-07-03,BCH,32.99,33.66,32.86,33.54,11419398
2022-07-03,BTC,1044.6,1063.63,974.62,993.64,7326882
2022-07-03,DOGE,4487.05,4554.41,4359.08,4426.44,15905167
2022-07-03,ETH,7676.04,7768.37,7379.99,7472.33,9194778
2022-07-03,LINK,2077.67,2095.5,2077.29,2095.11,13324602
2022-07-03,LTC,907.64,958.02,886.72,937.1,7375177
2022-07-03,SOL,682.25,700.44,586.41,604.59,2319576
2022-07-03,XRP,1034.82,1053.29,1007.55,1026.03,17649809
2022-07-04,ADA,1659.47,1717.64,1654.73,1712.89,6276714
2022-07-04,AVAX,3375.37,3763.63,3200.13,3588.39,4914957
2022-07-04,BCH,33.54,38.77,32.65,37.88,17307335
2022-07-04,BTC,993.64,1066.22,945.21,1017.79,18021705
2022-07-04,DOGE,4426.44,4564.26,4390.02,4527.84,15755081
2022-07-04,ETH,7472.33,7697.47,7418.38,7643.53,1996377
2022-07-04,LINK,2095.11,2194.13,2026.91,2125.93,4552378
2022-07-04,LTC,937.1,970.46,905.9,939.27,15564679
2022-07-04,SOL,604.59,627.54,591.36,614.3,10010080
2022-07-04,XRP,1026.03,1035.47,1003.18,1012.62,14246183
2022-07-05,ADA,1712.89,1715.2,1703.54,1705.85,15435907
2022-07-05,AVAX,3588.39,4020.26,3460.96,3892.84,9001601
2022-07-05,BCH,37.88,39.0,37.39,38.51,4447147
2022-07-05,BTC,1017.79,1022.68,960.65,965.55,15947112
2022-07-05,DOGE,4527.84,4839.75,4467.74,4779.66,5680762
2022-07-05,ETH,7643.53,7916.66,7484.34,7757.48,5995390
2022-07-05,LINK,2125.93,2188.48,2094.01,2156.55,18799501
2022-07-05,LTC,939.27,1007.5,903.92,972.15,5402022
2022-07-05,SOL,614.3,622.76,605.85,614.31,19128973
2022-07-05,XRP,1012.62,1034.94,1007.32,1029.64,16976982
2022-07-06,ADA,1705.85,1719.23,1670.0,1683.37,18934150
2022-07-06,AVAX,3892.84,3971.24,3760.11,3838.51,3524596
2022-07-06,BCH,38.51,38.61,36.39,36.48,17619856
2022-07-06,BTC,965.55,965.97,949.65,950.07,19826653
2022-07-06,DOGE,4779.66,4992.67,4698.17,4911.18,1339596
2022-07-06,ETH,7757.48,8093.67,7601.55,7937.75,18678403
2022-07-06,LINK,2156.55,2243.6,2138.95,2226.0,3148449
2022-07-06,LTC,972.15,1005.99,944.89,978.72,4232964
2022-07-06,SOL,614.31,632.37,606.83,624.89,12488894
2022-07-06,XRP,1029.64,1110.69,1017.86,1098.9,2592432
2022-07-07,ADA,1683.37,1764.46,1654.63,1735.71,17082405
2022-07-07,AVAX,3838.51,4365.42,3656.32,4183.22,16837985
2022-07-07,BCH,36.48,41.01,35.99,40.52,8682090
2022-07-07,BTC,950.07,955.95,928.91,934.8,14369719
2022-07-07,DOGE,4911.18,4979.92,4680.43,4749.17,8469323
2022-07-07,ETH,7937.75,7940.19,7852.28,7854.73,7690477
2022-07-07,LINK,2226.0,2292.58,2008.2,2074.79,10273547
2022-07-07,LTC,978.72,983.32,832.57,837.17,12712972
2022-07-07,SOL,624.89,651.47,620.14,646.72,3205113
2022-07-07,XRP,1098.9,1161.32,1055.99,1118.41,10546988
2022-07-08,ADA,1735.71,1741.49,1726.72,1732.5,5223372
2022-07-08,AVAX,4183.22,4186.21,4169.27,4172.27,19171497
2022-07-08,BCH,40.52,41.95,38.52,39.94,3567883
2022-07-08,BTC,934.8,944.23,917.94,927.37,6223861
2022-07-08,DOGE,4749.17,4937.17,4712.57,4900.57,2213753
2022-07-08,ETH,7854.73,7958.97,7472.72,7576.96,13785553
2022-07-08,LINK,2074.79,2197.89,1949.04,2072.14,2461175
2022-07-08,LTC,837.17,903.25,803.2,869.28,17734779
2022-07-08,SOL,646.72,714.15,623.45,690.88,8041985
2022-07-08,XRP,1118.41,1183.63,1020.98,1086.2,10089232
2022-07-09,ADA,1732.5,1758.44,1676.54,1702.48,15383379
2022-07-09,AVAX,4172.27,4354.5,4095.41,4277.64,8788954
2022-07-09,BCH,39.94,46.58,39.15,45.79,13936634
2022-07-09,BTC,927.37,1025.13,927.3,1025.06,11948514
2022-07-09,DOGE,4900.57,5027.46,4542.73,4669.62,14347071
2022-07-09,ETH,7576.96,7714.67,7274.8,7412.51,8025813
2022-07-09,LINK,2072.14,2187.41,2008.71,2123.99,4918168
2022-07-09,LTC,869.28,913.03,843.1,886.85,6352859
2022-07-09,SOL,690.88,742.41,677.42,728.95,9526287
2022-07-09,XRP,1086.2,1140.59,1066.53,1120.92,5374565
2022-07-10,ADA,1702.48,1705.19,1674.48,1677.19,4007355
2022-07-10,AVAX,4277.64,4293.89,4031.98,4048.22,10044632
2022-07-10,BCH,45.79,48.95,43.05,46.21,15298822
2022-07-10,BTC,1025.06,1044.14,917.11,936.19,5726380
2022-07-10,DOGE,4669.62,4896.87,4617.84,4845.09,12413627
2022-07-10,ETH,7412.51,7479.66,7170.14,7237.29,4486938
2022-07-10,LINK,2123.99,2132.51,2105.52,2114.04,9548220
2022-07-10,LTC,886.85,950.1,859.73,922.98,4015783
2022-07-10,SOL,728.95,755.39,716.03,742.48,3245566
2022-07-10,XRP,1120.92,1153.78,1024.74,1057.6,9441789
2022-07-11,ADA,1677.19,1707.27,1649.32,1679.4,15176230
2022-07-11,AVAX,4048.22,4105.86,3642.98,3700.62,4777454
2022-07-11,BCH,46.21,46.36,43.39,43.54,15613284
2022-07-11,BTC,936.19,950.22,884.88,898.92,8543260
2022-07-11,DOGE,4845.09,4917.95,4814.22,4887.08,14249656
2022-07-11,ETH,7237.29,7266.66,7158.79,7188.15,19994659
2022-07-11,LINK,2114.04,2243.68,2099.54,2229.18,16731323
2022-07-11,LTC,922.98,943.88,887.5,908.4,11636441
2022-07-11,SOL,742.48,821.51,704.95,783.98,8694701
2022-07-11,XRP,1057.6,1071.25,1044.66,1058.31,11236704
2022-07-12,ADA,1679.4,1796.77,1636.87,1754.24,3206294
2022-07-12,AVAX,3700.62,3744.22,3619.16,3662.76,16630980
2022-07-12,BCH,43.54,44.81,42.44,43.71,1679854
2022-07-12,BTC,898.92,919.98,872.74,893.8,16411204
2022-07-12,DOGE,4887.08,4928.78,4834.87,4876.58,13561030
2022-07-12,ETH,7188.15,7207.12,7115.15,7134.11,1448154
2022-07-12,LINK,2229.18,2428.08,2152.15,2351.06,12130430
2022-07-12,LTC,908.4,955.76,907.12,954.48,15643304
2022-07-12,SOL,783.98,801.4,771.2,788.61,5711593
2022-07-12,XRP,1058.31,1145.91,1012.88,1100.48,18572022
2022-07-13,ADA,1754.24,1771.88,1687.72,1705.36,10780300
2022-07-13,AVAX,3662.76,3794.09,3520.34,3651.67,6505434
2022-07-13,BCH,43.71,44.68,43.23,44.19,8863096
2022-07-13,BTC,893.8,924.62,885.19,916.02,16285967
2022-07-13,DOGE,4876.58,4987.67,4827.45,4938.55,9600193
2022-07-13,ETH,7134.11,7310.8,6778.85,6955.54,4909580
2022-07-13,LINK,2351.06,2417.46,2248.0,2314.4,3398251
2022-07-13,LTC,954.48,1044.45,900.09,990.07,4954166
2022-07-13,SOL,788.61,821.76,732.47,765.62,9330541
2022-07-13,XRP,1100.48,1141.52,1092.29,1133.34,7396931
2022-07-14,ADA,1705.36,1728.46,1690.18,1713.28,18419117
2022-07-14,AVAX,3651.67,3944.95,3413.21,3706.49,15953269
2022-07-14,BCH,44.19,49.02,42.32,47.15,12439389
2022-07-14,BTC,916.02,930.72,892.33,907.03,10510380
2022-07-14,DOGE,4938.55,5009.82,4524.42,4595.69,8756177
2022-07-14,ETH,6955.54,7251.03,6898.55,7194.04,7510781
2022-07-14,LINK,2314.4,2382.71,2119.54,2187.85,15512179
2022-07-14,LTC,990.07,1001.53,966.27,977.73,15614937
2022-07-14,SOL,765.62,775.32,731.46,741.17,1737361
2022-07-14,XRP,1133.34,1165.9,1122.99,1155.55,7172644
2022-07-15,ADA,1713.28,1730.71,1683.92,1701.35,10888315
2022-07-15,AVAX,3706.49,3714.74,3426.19,3434.44,15931106
2022-07-15,BCH,47.15,51.14,46.49,50.48,11411412
2022-07-15,BTC,907.03,929.49,896.25,918.72,14793516
2022-07-15,DOGE,4595.69,4639.29,4180.71,4224.31,12214602
2022-07-15,ETH,7194.04,7558.28,7029.11,7393.36,1462713
2022-07-15,LINK,2187.85,2205.73,2135.31,2153.19,15926019
2022-07-15,LTC,977.73,982.19,902.33,906.79,10430076
2022-07-15,SOL,741.17,749.43,737.48,745.74,4310521
2022-07-15,XRP,1155.55,1247.69,1113.4,1205.54,2615475
2022-07-16,ADA,1701.35,1713.13,1639.41,1651.19,11186582
2022-07-16,AVAX,3434.44,3564.32,3319.45,3449.33,18695366
2022-07-16,BCH,50.48,51.42,49.91,50.85,6695396
2022-07-16,BTC,918.72,924.08,894.87,900.23,9863640
2022-07-16,DOGE,4224.31,4301.44,4206.61,4283.74,16071613
2022-07-16,ETH,7393.36,7588.04,7339.08,7533.76,17049249
2022-07-16,LINK,2153.19,2159.58,2062.82,2069.21,10028764
2022-07-16,LTC,906.79,945.67,877.38,916.26,6861296
2022-07-16,SOL,745.74,763.07,707.03,724.36,18487748
2022-07-16,XRP,1205.54,1263.41,1183.77,1241.64,10429842
2022-07-17,ADA,1651.19,1660.51,1590.68,1600.01,5199199
2022-07-17,AVAX,3449.33,3537.34,3306.93,3394.94,11403968
2022-07-17,BCH,50.85,56.4,49.68,55.23,17412484
2022-07-17,BTC,900.23,939.75,893.45,932.97,18849259
2022-07-17,DOGE,4283.74,4284.31,4255.27,4255.84,19846410
2022-07-17,ETH,7533.76,7727.88,7484.1,7678.22,14541580
2022-07-17,LINK,2069.21,2086.78,2033.53,2051.1,8027495
2022-07-17,LTC,916.26,1024.82,879.67,988.23,1751758
2022-07-17,SOL,724.36,757.9,718.33,751.87,17518561
2022-07-17,XRP,1241.64,1267.93,1210.16,1236.45,17922583
2022-07-18,ADA,1600.01,1617.49,1593.92,1611.41,5976815
2022-07-18,AVAX,3394.94,3577.88,3269.3,3452.24,5213541
2022-07-18,BCH,55.23,56.03,52.08,52.88,14210631
2022-07-18,BTC,932.97,1036.88,912.58,1016.49,17428315
2022-07-18,DOGE,4255.84,4494.7,4135.04,4373.91,14244117
2022-07-18,ETH,7678.22,7792.83,7236.0,7350.62,1025412
2022-07-18,LINK,2051.1,2083.39,2006.09,2038.38,7627112
2022-07-18,LTC,988.23,1000.23,952.3,964.3,12507187
2022-07-18,SOL,751.87,876.1,722.03,846.26,14789409
2022-07-18,XRP,1236.45,1243.94,1196.74,1204.23,6794247
2022-07-19,ADA,1611.41,1637.12,1588.35,1614.07,6561268
2022-07-19,AVAX,3452.24,3473.01,3156.05,3176.82,15250774
2022-07-19,BCH,52.88,53.63,51.49,52.24,10819885
2022-07-19,BTC,1016.49,1026.11,1009.95,1019.57,13413022
2022-07-19,DOGE,4373.91,4511.26,4334.94,4472.29,4111515
2022-07-19,ETH,7350.62,7382.01,7337.78,7369.17,6231578
2022-07-19,LINK,2038.38,2128.39,2016.07,2106.08,14464716
2022-07-19,LTC,964.3,980.94,870.29,886.93,16727469
2022-07-19,SOL,846.26,935.92,810.08,899.74,3754378
2022-07-19,XRP,1204.23,1208.37,1051.44,1055.57,3612787
2022-07-20,ADA,1614.07,1687.05,1583.94,1656.92,13205677
2022-07-20,AVAX,3176.82,3241.09,3091.32,3155.59,11858430
2022-07-20,BCH,52.24,55.21,51.1,54.07,10799536
2022-07-20,BTC,1019.57,1030.61,994.95,1005.99,8855724
2022-07-20,DOGE,4472.29,4700.87,4410.14,4638.72,7157475
2022-07-20,ETH,7369.17,7660.1,7283.12,7574.04,12302604
2022-07-20,LINK,2106.08,2200.81,2025.24,2119.97,6313141
2022-07-20,LTC,886.93,897.01,816.51,826.59,15754427
2022-07-20,SOL,899.74,926.16,857.39,883.8,18323872
2022-07-20,XRP,1055.57,1057.33,1032.42,1034.18,16797137
2022-07-21,ADA,1656.92,1778.09,1593.68,1714.86,19938440
2022-07-21,AVAX,3155.59,3195.89,3123.85,3164.15,1737415
2022-07-21,BCH,54.07,54.68,53.66,54.27,9111811
2022-07-21,BTC,1005.99,1017.08,897.84,908.93,10104577
2022-07-21,DOGE,4638.72,4952.36,4439.41,4753.05,1235821
2022-07-21,ETH,7574.04,7723.14,7569.92,7719.01,17219547
2022-07-21,LINK,2119.97,2135.47,2103.11,2118.61,18877172
2022-07-21,LTC,826.59,870.82,818.46,862.69,14123497
2022-07-21,SOL,883.8,949.44,864.8,930.43,15649180
2022-07-21,XRP,1034.18,1058.57,956.89,981.28,17587864
2022-07-22,ADA,1714.86,1722.96,1677.92,1686.01,9046796
2022-07-22,AVAX,3164.15,3252.06,3138.66,3226.57,5899542
2022-07-22,BCH,54.27,56.43,53.59,55.76,4975538
2022-07-22,BTC,908.93,1001.78,875.39,968.24,19608151
2022-07-22,DOGE,4753.05,4863.6,4362.58,4473.14,16684731
2022-07-22,ETH,7719.01,8058.09,7691.31,8030.39,5621367
2022-07-22,LINK,2118.61,2170.44,2084.24,2136.08,12418469
2022-07-22,LTC,862.69,920.01,850.33,907.65,12279859
2022-07-22,SOL,930.43,952.54,919.81,941.92,10483931
2022-07-22,XRP,981.28,985.84,951.64,956.19,18464955
2022-07-23,ADA,1686.01,1729.45,1596.07,1639.5,11354503
2022-07-23,AVAX,3226.57,3307.16,3086.45,3167.04,11880159
2022-07-23,BCH,55.76,57.14,53.9,55.29,2683851
2022-07-23,BTC,968.24,1029.06,954.83,1015.65,2127905
2022-07-23,DOGE,4473.14,4476.19,4305.8,4308.85,5098550
2022-07-23,ETH,8030.39,8195.63,7781.51,7946.75,13478277
2022-07-23,LINK,2136.08,2155.98,2017.78,2037.68,19433340
2022-07-23,LTC,907.65,947.25,855.22,894.82,19862480
2022-07-23,SOL,941.92,962.09,900.56,920.73,14002265
2022-07-23,XRP,956.19,959.45,839.97,843.23,12096652
2022-07-24,ADA,1639.5,1652.13,1554.37,1566.99,10033072
2022-07-24,AVAX,3167.04,3198.76,2957.76,2989.49,16536033
2022-07-24,BCH,55.29,56.9,54.84,56.44,7158078
2022-07-24,BTC,1015.65,1067.33,999.39,1051.06,1869724
2022-07-24,DOGE,4308.85,4460.33,4076.08,4227.56,2033116
2022-07-24,ETH,7946.75,8161.99,7897.07,8112.3,9165246
2022-07-24,LINK,2037.68,2141.12,1997.13,2100.57,17692479
2022-07-24,LTC,894.82,941.46,863.63,910.28,11495377
2022-07-24,SOL,920.73,953.27,861.22,893.76,7400879
2022-07-24,XRP,843.23,903.43,801.82,862.02,19928184
2022-07-25,ADA,1566.99,1592.65,1489.41,1515.08,3119910
2022-07-25,AVAX,2989.49,3152.74,2869.33,3032.59,15113704
2022-07-25,BCH,56.44,56.8,54.96,55.32,7947779
2022-07-25,BTC,1051.06,1147.54,1011.54,1108.01,7457749
2022-07-25,DOGE,4227.56,4507.75,4089.2,4369.39,6472446
2022-07-25,ETH,8112.3,8302.81,8055.32,8245.83,16513481
2022-07-25,LINK,2100.57,2155.82,2060.53,2115.78,3117884
2022-07-25,LTC,910.28,1045.88,878.7,1014.3,1080244
2022-07-25,SOL,893.76,911.49,891.75,909.48,2222461
2022-07-25,XRP,862.02,898.41,770.06,806.46,18886587
2022-07-26,ADA,1515.08,1527.35,1471.64,1483.91,3320925
2022-07-26,AVAX,3032.59,3165.3,2866.96,2999.68,11370263
2022-07-26,BCH,55.32,56.42,50.84,51.94,19421632
2022-07-26,BTC,1108.01,1140.85,1074.62,1107.46,16834886
2022-07-26,DOGE,4369.39,4486.63,4150.88,4268.12,13965454
2022-07-26,ETH,8245.83,8454.6,8094.71,8303.48,12425666
2022-07-26,LINK,2115.78,2173.5,2109.56,2167.29,13167967
2022-07-26,LTC,1014.3,1021.76,958.74,966.2,19453033
2022-07-26,SOL,909.48,951.54,847.82,889.88,2614700
2022-07-26,XRP,806.46,857.29,797.16,847.99,6002794
2022-07-27,ADA,1483.91,1498.24,1374.71,1389.04,12112915
2022-07-27,AVAX,2999.68,3153.3,2994.25,3147.87,13300155
2022-07-27,BCH,51.94,53.21,49.3,50.57,1499208
2022-07-27,BTC,1107.46,1183.57,1096.56,1172.68,9723149
2022-07-27,DOGE,4268.12,4278.46,3990.53,4000.87,4485909
2022-07-27,ETH,8303.48,8454.91,8251.4,8402.83,13080277
2022-07-27,LINK,2167.29,2177.42,2106.7,2116.83,11620942
2022-07-27,LTC,966.2,1001.8,950.45,986.05,16088184
2022-07-27,SOL,889.88,898.04,887.85,896.02,5085058
2022-07-27,XRP,847.99,857.65,819.17,828.83,16131346
2022-07-28,ADA,1389.04,1447.9,1263.22,1322.08,15054172
2022-07-28,AVAX,3147.87,3152.02,3040.16,3044.31,18744075
2022-07-28,BCH,50.57,51.69,45.7,46.83,6612934
2022-07-28,BTC,1172.68,1203.49,1144.15,1174.96,3518862
2022-07-28,DOGE,4000.87,4188.64,3992.21,4179.98,3534466
2022-07-28,ETH,8402.83,8438.33,8228.81,8264.31,12496523
2022-07-28,LINK,2116.83,2135.44,2045.53,2064.14,11095287
2022-07-28,LTC,986.05,1051.9,933.68,999.52,17502354
2022-07-28,SOL,896.02,936.37,894.56,934.92,8894574
2022-07-28,XRP,828.83,839.18,770.25,780.6,13257945
2022-07-29,ADA,1322.08,1337.89,1237.83,1253.63,5752606
2022-07-29,AVAX,3044.31,3086.91,2976.92,3019.52,8014123
2022-07-29,BCH,46.83,48.99,39.07,41.24,2296127
2022-07-29,BTC,1174.96,1197.06,1129.98,1152.08,3025475
2022-07-29,DOGE,4179.98,4267.41,4107.75,4195.17,4092216
2022-07-29,ETH,8264.31,8513.69,8071.88,8321.27,14614479
2022-07-29,LINK,2064.14,2092.24,2017.31,2045.41,12248835
2022-07-29,LTC,999.52,1034.16,994.25,1028.88,4981554
2022-07-29,SOL,934.92,952.87,921.49,939.44,13956913
2022-07-29,XRP,780.6,785.37,747.86,752.63,17431676
2022-07-30,ADA,1253.63,1347.94,1222.62,1316.93,12626188
2022-07-30,AVAX,3019.52,3237.97,2938.06,3156.52,5689418
2022-07-30,BCH,41.24,41.7,40.29,40.75,12693089
2022-07-30,BTC,1152.08,1186.96,1117.05,1151.92,19183501
2022-07-30,DOGE,4195.17,4217.48,4078.55,4100.86,9583392
2022-07-30,ETH,8321.27,8705.99,8291.3,8676.02,4113084
2022-07-30,LINK,2045.41,2132.97,2020.49,2108.04,18398585
2022-07-30,LTC,1028.88,1063.6,982.45,1017.17,19842128
2022-07-30,SOL,939.44,964.42,867.92,892.9,13697469
2022-07-30,XRP,752.63,766.69,751.36,765.41,18110879
2022-07-31,ADA,1316.93,1360.68,1305.37,1349.12,17659620
2022-07-31,AVAX,3156.52,3175.43,2576.15,2595.06,4620410
2022-07-31,BCH,40.75,41.55,40.54,41.35,9101630
2022-07-31,BTC,1151.92,1251.43,1092.18,1191.68,13326949
2022-07-31,DOGE,4100.86,4112.49,4060.82,4072.46,12347092
2022-07-31,ETH,8676.02,8897.32,8632.95,8854.25,9567154
2022-07-31,LINK,2108.04,2195.53,2002.19,2089.67,3700274
2022-07-31,LTC,1017.17,1068.98,917.7,969.52,1465049
2022-07-31,SOL,892.9,949.59,872.39,929.08,9418548
2022-07-31,XRP,765.41,767.46,754.71,756.76,6994423
2022-08-01,ADA,1349.12,1388.63,1277.99,1317.51,2910087
2022-08-01,AVAX,2595.06,2866.34,2555.31,2826.59,8698601
2022-08-01,BCH,41.35,46.22,41.34,46.21,17616035
2022-08-01,BTC,1191.68,1230.39,1172.21,1210.92,1764015
2022-08-01,DOGE,4072.46,4384.35,3947.96,4259.85,14988295
2022-08-01,ETH,8854.25,8956.66,8732.54,8834.95,19501601
2022-08-01,LINK,2089.67,2104.21,2024.91,2039.45,5885007
2022-08-01,LTC,969.52,994.29,935.03,959.81,16942494
2022-08-01,SOL,929.08,953.72,853.17,877.8,10623988
2022-08-01,XRP,756.76,800.35,698.05,741.64,8368004
2022-08-02,ADA,1317.51,1378.88,1310.07,1371.44,15390439
2022-08-02,AVAX,2826.59,2884.77,2545.15,2603.33,9377919
2022-08-02,BCH,46.21,46.83,44.82,45.44,8940093
2022-08-02,BTC,1210.92,1270.17,1200.48,1259.73,4159201
2022-08-02,DOGE,4259.85,4370.04,4183.14,4293.32,19465332
2022-08-02,ETH,8834.95,8990.61,8672.02,8827.68,15998718
2022-08-02,LINK,2039.45,2065.09,1996.94,2022.58,11244568
2022-08-02,LTC,959.81,988.32,943.13,971.63,3965112
2022-08-02,SOL,877.8,902.43,822.52,847.14,3117516
2022-08-02,XRP,741.64,760.74,709.64,728.73,7254209
2022-08-03,ADA,1371.44,1440.63,1360.6,1429.79,9209550
2022-08-03,AVAX,2603.33,2655.61,2344.47,2396.74,6351702
2022-08-03,BCH,45.44,48.61,44.13,47.29,14585544
2022-08-03,BTC,1259.73,1310.24,1228.85,1279.35,12294393
2022-08-03,DOGE,4293.32,4418.34,4204.29,4329.31,14520197
2022-08-03,ETH,8827.68,9082.09,8746.08,9000.49,18580839
2022-08-03,LINK,2022.58,2136.66,1974.63,2088.72,15605825
2022-08-03,LTC,971.63,991.57,887.42,907.36,1414964
2022-08-03,SOL,847.14,895.98,843.08,891.92,7389135
2022-08-03,XRP,728.73,765.38,679.16,715.81,1911910
2022-08-04,ADA,1429.79,1444.06,1400.99,1415.25,17755567
2022-08-04,AVAX,2396.74,2514.87,2055.62,2173.75,9155535
2022-08-04,BCH,47.29,49.52,46.86,49.09,16962091
2022-08-04,BTC,1279.35,1321.54,1261.29,1303.48,3278777
2022-08-04,DOGE,4329.31,4337.57,4131.25,4139.5,16279820
2022-08-04,ETH,9000.49,9230.8,8656.94,8887.25,19501262
2022-08-04,LINK,2088.72,2200.06,2061.46,2172.81,6573862
2022-08-04,LTC,907.36,938.83,808.3,839.78,2241332
2022-08-04,SOL,891.92,958.21,871.62,937.91,3792604
2022-08-04,XRP,715.81,773.58,707.6,765.37,18108440
2022-08-05,ADA,1415.25,1477.22,1291.91,1353.87,14535524
2022-08-05,AVAX,2173.75,2411.88,2118.74,2356.88,18093803
2022-08-05,BCH,49.09,49.11,46.32,46.34,2698561
2022-08-05,BTC,1303.48,1308.12,1238.45,1243.1,16150758
2022-08-05,DOGE,4139.5,4215.31,4041.7,4117.51,13754803
2022-08-05,ETH,8887.25,8936.78,8574.68,8624.22,9571411
2022-08-05,LINK,2172.81,2175.63,2022.07,2024.9,16885898
2022-08-05,LTC,839.78,873.15,804.14,837.51,5316837
2022-08-05,SOL,937.91,948.75,871.64,882.47,6817523
2022-08-05,XRP,765.37,846.83,740.09,821.55,16466710
2022-08-06,ADA,1353.87,1388.71,1342.55,1377.39,2827454
2022-08-06,AVAX,2356.88,2586.14,2238.24,2467.5,11251824
2022-08-06,BCH,46.34,47.03,45.04,45.72,19838337
2022-08-06,BTC,1243.1,1282.19,1242.71,1281.81,15111330
2022-08-06,DOGE,4117.51,4164.75,4106.39,4153.63,15113550
2022-08-06,ETH,8624.22,9006.09,8408.65,8790.52,19526774
2022-08-06,LINK,2024.9,2097.45,1995.39,2067.94,11970852
2022-08-06,LTC,837.51,881.59,832.14,876.22,7511480
2022-08-06,SOL,882.47,903.37,867.68,888.58,1341510
2022-08-06,XRP,821.55,834.15,805.59,818.2,6112060
2022-08-07,ADA,1377.39,1381.33,1300.77,1304.71,11892581
2022-08-07,AVAX,2467.5,2744.39,2383.95,2660.84,10179959
2022-08-07,BCH,45.72,48.86,44.43,47.56,15255774
2022-08-07,BTC,1281.81,1363.61,1260.26,1342.06,14952835
2022-08-07,DOGE,4153.63,4285.76,3987.02,4119.15,12860726
2022-08-07,ETH,8790.52,8951.29,8636.81,8797.59,18239527
2022-08-07,LINK,2067.94,2112.82,2002.89,2047.77,14873252
2022-08-07,LTC,876.22,890.66,832.2,846.64,13384872
2022-08-07,SOL,888.58,974.2,864.9,950.51,17707170
2022-08-07,XRP,818.2,879.57,808.45,869.82,2461138
2022-08-08,ADA,1304.71,1380.03,1294.11,1369.42,1268202
2022-08-08,AVAX,2660.84,2708.85,2638.74,2686.75,16864419
2022-08-08,BCH,47.56,47.72,45.02,45.18,4413105
2022-08-08,BTC,1342.06,1413.67,1338.99,1410.61,17246953
2022-08-08,DOGE,4119.15,4197.93,4000.68,4079.45,15996089
2022-08-08,ETH,8797.59,8947.99,8757.14,8907.54,7705429
2022-08-08,LINK,2047.77,2107.31,2046.18,2105.72,1938899
2022-08-08,LTC,846.64,860.71,703.22,717.28,2842923
2022-08-08,SOL,950.51,956.16,871.36,877.01,12927546
2022-08-08,XRP,869.82,874.87,821.84,826.89,14912516
2022-08-09,ADA,1369.42,1430.1,1264.55,1325.22,14431008
2022-08-09,AVAX,2686.75,2763.99,2448.99,2526.23,6994623
2022-08-09,BCH,45.18,48.17,44.29,47.29,9932325
2022-08-09,BTC,1410.61,1428.63,1396.46,1414.48,9123822
2022-08-09,DOGE,4079.45,4144.93,3889.43,3954.9,10832991
2022-08-09,ETH,8907.54,8966.31,8765.64,8824.41,1506274
2022-08-09,LINK,2105.72,2130.11,1918.39,1942.78,2163371
2022-08-09,LTC,717.28,781.88,710.54,775.14,6251431
2022-08-09,SOL,877.01,881.12,862.47,866.58,17600953
2022-08-09,XRP,826.89,836.68,783.3,793.09,16220185
2022-08-10,ADA,1325.22,1343.02,1246.34,1264.14,16767219
2022-08-10,AVAX,2526.23,2822.66,2442.69,2739.12,10114375
2022-08-10,BCH,47.29,49.55,46.44,48.7,3644381
2022-08-10,BTC,1414.48,1419.01,1386.91,1391.43,18098122
2022-08-10,DOGE,3954.9,4040.46,3855.94,3941.5,9742465
2022-08-10,ETH,8824.41,9317.62,8701.7,9194.91,18156431
2022-08-10,LINK,1942.78,1945.73,1863.07,1866.02,19555388
2022-08-10,LTC,775.14,860.85,747.97,833.67,13049872
2022-08-10,SOL,866.58,960.36,827.45,921.24,8417807
2022-08-10,XRP,793.09,877.88,765.43,850.22,19600639
2022-08-11,ADA,1264.14,1274.1,1246.29,1256.25,12326428
2022-08-11,AVAX,2739.12,3136.3,2563.52,2960.7,7753114
2022-08-11,BCH,48.7,53.71,45.84,50.84,10244484
2022-08-11,BTC,1391.43,1410.59,1342.2,1361.37,6411985
2022-08-11,DOGE,3941.5,4083.93,3884.75,4027.18,18242701
2022-08-11,ETH,9194.91,9234.12,9010.83,9050.03,10712248
2022-08-11,LINK,1866.02,1951.28,1801.18,1886.44,2622018
2022-08-11,LTC,833.67,864.76,826.6,857.68,4469220
2022-08-11,SOL,921.24,1000.18,892.88,971.82,10590647
2022-08-11,XRP,850.22,881.59,815.25,846.62,18181457
2022-08-12,ADA,1256.25,1295.54,1175.39,1214.69,19641018
2022-08-12,AVAX,2960.7,3027.67,2914.86,2981.83,4252535
2022-08-12,BCH,50.84,53.55,48.6,51.31,11844128
2022-08-12,BTC,1361.37,1375.4,1315.6,1329.63,17081235
2022-08-12,DOGE,4027.18,4079.4,4014.9,4067.12,6382926
2022-08-12,ETH,9050.03,9227.24,9026.91,9204.11,4661141
2022-08-12,LINK,1886.44,1974.86,1866.16,1954.58,11728666
2022-08-12,LTC,857.68,938.11,789.23,869.65,17321870
2022-08-12,SOL,971.82,975.21,893.84,897.22,12181218
2022-08-12,XRP,846.62,880.61,836.95,870.94,10065799
2022-08-13,ADA,1214.69,1249.51,1127.64,1162.46,12248604
2022-08-13,AVAX,2981.83,3031.08,2821.08,2870.33,19065320
2022-08-13,BCH,51.31,54.18,47.1,49.96,2158846
2022-08-13,BTC,1329.63,1346.62,1314.88,1331.88,1891482
2022-08-13,DOGE,4067.12,4067.76,3976.63,3977.27,12004342
2022-08-13,ETH,9204.11,9280.12,9018.59,9094.59,1964066
2022-08-13,LINK,1954.58,2021.38,1938.7,2005.49,11376553
2022-08-13,LTC,869.65,911.74,857.91,900.0,14761857
2022-08-13,SOL,897.22,968.58,875.44,946.8,7156231
2022-08-13,XRP,870.94,941.34,863.58,933.98,14472215
2022-08-14,ADA,1162.46,1198.0,1086.42,1121.96,11097113
2022-08-14,AVAX,2870.33,2897.17,2813.65,2840.5,8209181
2022-08-14,BCH,49.96,51.33,47.48,48.85,16536805
2022-08-14,BTC,1331.88,1462.17,1285.26,1415.56,7527764
2022-08-14,DOGE,3977.27,3978.72,3908.32,3909.78,4498577
2022-08-14,ETH,9094.59,9113.55,8941.33,8960.28,5748869
2022-08-14,LINK,2005.49,2241.73,1896.5,2132.74,11954612
2022-08-14,LTC,900.0,980.22,869.81,950.04,13992651
2022-08-14,SOL,946.8,963.36,877.49,894.05,9660615
2022-08-14,XRP,933.98,974.04,846.67,886.73,13990229
2022-08-15,ADA,1121.96,1143.3,1093.1,1114.44,17946257
2022-08-15,AVAX,2840.5,2991.02,2731.01,2881.53,3578332
2022-08-15,BCH,48.85,49.45,48.43,49.02,2297942
2022-08-15,BTC,1415.56,1430.2,1399.77,1414.41,6586932
2022-08-15,DOGE,3909.78,3940.73,3688.06,3719.02,10062913
2022-08-15,ETH,8960.28,9256.39,8879.48,9175.59,6730596
2022-08-15,LINK,2132.74,2166.49,2125.75,2159.5,13306215
2022-08-15,LTC,950.04,950.46,904.68,905.11,3643239
2022-08-15,SOL,894.05,912.01,795.74,813.7,3968899
2022-08-15,XRP,886.73,911.61,796.45,821.32,15353842
2022-08-16,ADA,1114.44,1119.54,1066.93,1072.03,16427050
2022-08-16,AVAX,2881.53,3074.43,2721.76,2914.65,1338562
2022-08-16,BCH,49.02,49.53,46.08,46.59,1511078
2022-08-16,BTC,1414.41,1419.34,1371.39,1376.32,17038232
2022-08-16,DOGE,3719.02,3742.81,3550.83,3574.63,5600347
2022-08-16,ETH,9175.59,9213.01,8864.37,8901.79,11935563
2022-08-16,LINK,2159.5,2179.45,2143.14,2163.09,14278472
2022-08-16,LTC,905.11,914.73,863.31,872.93,4754783
2022-08-16,SOL,813.7,832.1,793.45,811.86,11798252
2022-08-16,XRP,821.32,825.81,799.21,803.69,16697517
2022-08-17,ADA,1072.03,1149.88,1052.54,1130.39,16405749
2022-08-17,AVAX,2914.65,3078.45,2760.29,2924.09,15691364
2022-08-17,BCH,46.59,47.66,45.51,46.58,8429010
2022-08-17,BTC,1376.32,1415.81,1315.78,1355.27,4117775
2022-08-17,DOGE,3574.63,3577.14,3548.43,3550.95,18222307
2022-08-17,ETH,8901.79,9101.1,8758.5,8957.8,17433627
2022-08-17,LINK,2163.09,2173.28,2146.0,2156.19,16298375
2022-08-17,LTC,872.93,907.54,826.08,860.69,17202575
2022-08-17,SOL,811.86,854.75,793.35,836.25,12805859
2022-08-17,XRP,803.69,806.93,790.45,793.69,13838573
2022-08-18,ADA,1130.39,1174.22,1104.0,1147.83,15719074
2022-08-18,AVAX,2924.09,2931.65,2718.34,2725.9,15653664
2022-08-18,BCH,46.58,47.51,45.57,46.5,18369744
2022-08-18,BTC,1355.27,1414.39,1301.33,1360.45,17945859
2022-08-18,DOGE,3550.95,3860.49,3523.11,3832.65,1831368
2022-08-18,ETH,8957.8,9169.9,8918.1,9130.2,15373051
2022-08-18,LINK,2156.19,2213.79,2000.11,2057.71,13439054
2022-08-18,LTC,860.69,909.61,806.32,855.24,9477838
2022-08-18,SOL,836.25,863.91,811.39,839.05,2142793
2022-08-18,XRP,793.69,828.03,778.1,812.44,6403266
2022-08-19,ADA,1147.83,1149.45,1099.65,1101.27,12761365
2022-08-19,AVAX,2725.9,2764.88,2720.56,2759.54,10987313
2022-08-19,BCH,46.5,47.22,46.42,47.14,1264998
2022-08-19,BTC,1360.45,1375.26,1344.04,1358.85,12109825
2022-08-19,DOGE,3832.65,3945.79,3757.93,3871.07,13548415
2022-08-19,ETH,9130.2,9156.05,8916.99,8942.83,12374895
2022-08-19,LINK,2057.71,2107.65,2039.99,2089.93,11081932
2022-08-19,LTC,855.24,884.79,763.93,793.48,17689201
2022-08-19,SOL,839.05,903.12,799.89,863.95,7879615
2022-08-19,XRP,812.44,819.37,806.96,813.89,16002343
2022-08-20,ADA,1101.27,1165.43,1081.51,1145.67,11013009
2022-08-20,AVAX,2759.54,2842.66,2482.84,2565.96,15316104
2022-08-20,BCH,47.14,50.8,47.12,50.79,9432193
2022-08-20,BTC,1358.85,1454.73,1353.54,1449.41,7327097
2022-08-20,DOGE,3871.07,3875.21,3829.02,3833.16,2654566
2022-08-20,ETH,8942.83,9339.96,8802.12,9199.25,7481156
2022-08-20,LINK,2089.93,2231.32,2052.12,2193.51,7309418
2022-08-20,LTC,793.48,798.15,788.02,792.69,12753169
2022-08-20,SOL,863.95,906.63,765.51,808.19,12340283
2022-08-20,XRP,813.89,845.51,805.19,836.8,19990748
2022-08-21,ADA,1145.67,1151.05,1085.73,1091.12,12353027
2022-08-21,AVAX,2565.96,2567.98,2255.68,2257.69,14687758
2022-08-21,BCH,50.79,55.59,50.57,55.37,7496725
2022-08-21,BTC,1449.41,1477.41,1414.61,1442.6,12460304
2022-08-21,DOGE,3833.16,3988.01,3798.94,3953.78,3360011
2022-08-21,ETH,9199.25,9262.13,9164.16,9227.04,1196001
2022-08-21,LINK,2193.51,2214.27,2145.52,2166.28,8952995
2022-08-21,LTC,792.69,833.46,747.81,788.57,2470589
2022-08-21,SOL,808.19,848.68,750.6,791.09,11060584
2022-08-21,XRP,836.8,860.62,827.57,851.38,16691814
2022-08-22,ADA,1091.12,1126.86,1080.65,1116.39,6060164
2022-08-22,AVAX,2257.69,2275.72,2136.48,2154.51,16595610
2022-08-22,BCH,55.37,62.87,53.44,60.93,7668510
2022-08-22,BTC,1442.6,1447.45,1419.09,1423.95,5301312
2022-08-22,DOGE,3953.78,4224.12,3840.8,4111.14,13303912
2022-08-22,ETH,9227.04,9279.67,8879.45,8932.08,11323780
2022-08-22,LINK,2166.28,2190.01,2156.78,2180.5,5897488
2022-08-22,LTC,788.57,807.68,705.87,724.97,3446943
2022-08-22,SOL,791.09,805.87,716.95,731.73,18979518
2022-08-22,XRP,851.38,940.9,850.49,940.0,9282798
2022-08-23,ADA,1116.39,1152.78,1071.96,1108.35,5911552
2022-08-23,AVAX,2154.51,2270.28,2072.25,2188.01,7250919
2022-08-23,BCH,60.93,63.09,60.85,63.01,7839866
2022-08-23,BTC,1423.95,1436.12,1403.77,1415.94,17484341
2022-08-23,DOGE,4111.14,4246.78,3984.36,4120.01,14513880
2022-08-23,ETH,8932.08,9146.44,8742.83,8957.19,5182423
2022-08-23,LINK,2180.5,2221.03,2148.97,2189.5,12859768
2022-08-23,LTC,724.97,734.28,674.03,683.34,13163770
2022-08-23,SOL,731.73,750.2,731.3,749.76,5244419
2022-08-23,XRP,940.0,976.66,921.56,958.22,3249872
2022-08-24,ADA,1108.35,1122.03,1090.04,1103.72,17862127
2022-08-24,AVAX,2188.01,2202.89,2135.14,2150.02,11212933
2022-08-24,BCH,63.01,64.19,60.66,61.84,18500584
2022-08-24,BTC,1415.94,1451.01,1335.66,1370.74,3311282
2022-08-24,DOGE,4120.01,4302.52,4053.8,4236.31,1243140
2022-08-24,ETH,8957.19,9372.73,8874.76,9290.29,1015893
2022-08-24,LINK,2189.5,2227.3,2174.4,2212.2,8805744
2022-08-24,LTC,683.34,696.53,626.29,639.48,2338835
2022-08-24,SOL,749.76,858.05,706.42,814.7,19261172
2022-08-24,XRP,958.22,1023.0,941.99,1006.77,16849052
2022-08-25,ADA,1103.72,1136.69,1090.91,1123.87,18386280
2022-08-25,AVAX,2150.02,2186.62,2107.74,2144.34,4365396
2022-08-25,BCH,61.84,65.56,61.11,64.83,17889698
2022-08-25,BTC,1370.74,1398.41,1346.83,1374.5,12113478
2022-08-25,DOGE,4236.31,4555.61,4156.92,4476.22,10967039
2022-08-25,ETH,9290.29,9508.52,9230.94,9449.18,11533510
2022-08-25,LINK,2212.2,2298.28,2205.5,2291.57,4880567
2022-08-25,LTC,639.48,667.13,637.92,665.57,5603559
2022-08-25,SOL,814.7,815.21,765.64,766.15,6758877
2022-08-25,XRP,1006.77,1015.55,1002.86,1011.64,6202572
2022-08-26,ADA,1123.87,1144.13,1062.0,1082.26,5102798
2022-08-26,AVAX,2144.34,2162.32,2106.55,2124.54,19578086
2022-08-26,BCH,64.83,66.39,57.75,59.31,1349036
2022-08-26,BTC,1374.5,1375.17,1363.33,1364.01,18243339
2022-08-26,DOGE,4476.22,4642.03,4401.12,4566.94,6611571
2022-08-26,ETH,9449.18,9566.87,9371.28,9488.97,7417508
2022-08-26,LINK,2291.57,2303.6,2212.29,2224.31,12002383
2022-08-26,LTC,665.57,690.08,637.81,662.32,1983110
2022-08-26,SOL,766.15,774.9,685.02,693.77,7412106
2022-08-26,XRP,1011.64,1044.33,1001.15,1033.85,9430185
2022-08-27,ADA,1082.26,1138.36,1032.88,1088.98,4166250
2022-08-27,AVAX,2124.54,2153.31,1856.77,1885.54,3594076
2022-08-27,BCH,59.31,65.16,57.88,63.73,16474221
2022-08-27,BTC,1364.01,1373.24,1331.35,1340.58,2760383
2022-08-27,DOGE,4566.94,4612.81,4421.83,4467.69,9500675
2022-08-27,ETH,9488.97,10045.09,9340.43,9896.55,2453423
2022-08-27,LINK,2224.31,2239.94,2214.76,2230.38,1543971
2022-08-27,LTC,662.32,695.9,619.16,652.74,4742192
2022-08-27,SOL,693.77,720.39,655.21,681.83,4755235
2022-08-27,XRP,1033.85,1099.32,1030.76,1096.24,1076484
2022-08-28,ADA,1088.98,1126.53,1076.31,1113.86,12660225
2022-08-28,AVAX,1885.54,1988.53,1789.33,1892.32,5467958
2022-08-28,BCH,63.73,65.34,59.06,60.67,5727116
2022-08-28,BTC,1340.58,1366.89,1330.71,1357.01,9673349
2022-08-28,DOGE,4467.69,4660.06,4466.99,4659.36,14873507
2022-08-28,ETH,9896.55,10129.66,9614.37,9847.49,13900569
2022-08-28,LINK,2230.38,2233.05,2139.7,2142.36,5480124
2022-08-28,LTC,652.74,695.19,581.22,623.68,19059487
2022-08-28,SOL,681.83,708.72,681.03,707.92,13519910
2022-08-28,XRP,1096.24,1152.1,1081.14,1137.01,1013182
2022-08-29,ADA,1113.86,1136.61,1086.54,1109.29,13351675
2022-08-29,AVAX,1892.32,1902.22,1782.19,1792.09,3358402
2022-08-29,BCH,60.67,63.54,51.8,54.67,19860144
2022-08-29,BTC,1357.01,1446.54,1323.76,1413.29,7675233
2022-08-29,DOGE,4659.36,4748.97,4639.26,4728.86,16516105
2022-08-29,ETH,9847.49,9937.92,9347.57,9438.01,9622149
2022-08-29,LINK,2142.36,2276.12,2118.24,2252.0,4698037
2022-08-29,LTC,623.68,701.25,612.0,689.57,13985623
2022-08-29,SOL,707.92,709.53,678.24,679.85,17516273
2022-08-29,XRP,1137.01,1279.87,1122.42,1265.28,15529666
2022-08-30,ADA,1109.29,1144.81,1054.79,1090.31,13151237
2022-08-30,AVAX,1792.09,2026.6,1702.33,1936.83,5148252
2022-08-30,BCH,54.67,56.98,54.04,56.35,2302745
2022-08-30,BTC,1413.29,1541.91,1388.51,1517.13,5778808
2022-08-30,DOGE,4728.86,4913.74,4708.02,4892.89,3336984
2022-08-30,ETH,9438.01,9549.66,9211.03,9322.69,13323147
2022-08-30,LINK,2252.0,2279.18,2059.64,2086.82,15587670
2022-08-30,LTC,689.57,689.93,677.96,678.32,15726630
2022-08-30,SOL,679.85,694.46,644.06,658.67,12739104
2022-08-30,XRP,1265.28,1432.92,1196.21,1363.84,16834587
2022-08-31,ADA,1090.31,1105.99,1052.61,1068.28,9339255
2022-08-31,AVAX,1936.83,2006.84,1877.23,1947.23,10648073
2022-08-31,BCH,56.35,58.52,52.6,54.77,19546194
2022-08-31,BTC,1517.13,1561.91,1454.27,1499.05,16369451
2022-08-31,DOGE,4892.89,4953.88,4864.63,4925.61,2657592
2022-08-31,ETH,9322.69,9403.69,8830.61,8911.61,15796302
2022-08-31,LINK,2086.82,2136.88,2075.24,2125.3,11503164
2022-08-31,LTC,678.32,696.26,628.11,646.05,13258577
2022-08-31,SOL,658.67,710.04,641.27,692.63,11016281
2022-08-31,XRP,1363.84,1385.3,1357.32,1378.78,19489097
2022-09-01,ADA,1068.28,1085.99,1054.61,1072.31,18764324
2022-09-01,AVAX,1947.23,2092.79,1887.99,2033.55,4652565
2022-09-01,BCH,54.77,58.95,52.07,56.24,18568790
2022-09-01,BTC,1499.05,1502.96,1430.71,1434.62,7096454
2022-09-01,DOGE,4925.61,5254.74,4889.86,5218.98,19276466
2022-09-01,ETH,8911.61,9031.06,8660.81,8780.26,14571076
2022-09-01,LINK,2125.3,2223.41,2123.55,2221.67,2463073
2022-09-01,LTC,646.05,685.13,645.3,684.38,8569268
2022-09-01,SOL,692.63,716.04,689.15,712.56,14500871
2022-09-01,XRP,1378.78,1393.14,1290.68,1305.04,5321518
2022-09-02,ADA,1072.31,1084.6,1020.43,1032.71,8360674
2022-09-02,AVAX,2033.55,2185.79,1992.47,2144.72,15722816
2022-09-02,BCH,56.24,63.22,55.48,62.45,6586465
2022-09-02,BTC,1434.62,1434.71,1399.43,1399.52,11463875
2022-09-02,DOGE,5218.98,5230.05,5143.58,5154.64,17221058
2022-09-02,ETH,8780.26,8817.21,8652.74,8689.69,10186455
2022-09-02,LINK,2221.67,2223.57,2129.56,2131.47,19395414
2022-09-02,LTC,684.38,711.45,681.32,708.38,18563452
2022-09-02,SOL,712.56,772.67,687.81,747.93,13038149
2022-09-02,XRP,1305.04,1464.34,1298.44,1457.74,1927642
2022-09-03,ADA,1032.71,1050.16,1021.73,1039.18,12309660
2022-09-03,AVAX,2144.72,2187.6,2138.55,2181.43,4952476
2022-09-03,BCH,62.45,67.35,61.19,66.09,13082918
2022-09-03,BTC,1399.52,1476.31,1399.37,1476.16,16321283
2022-09-03,DOGE,5154.64,5233.44,4950.93,5029.72,10499804
2022-09-03,ETH,8689.69,8928.15,8061.84,8300.31,8885289
2022-09-03,LINK,2131.47,2255.37,2098.43,2222.33,12790070
2022-09-03,LTC,708.38,720.44,691.34,703.4,13404331
2022-09-03,SOL,747.93,834.21,730.85,817.13,16050477
2022-09-03,XRP,1457.74,1496.4,1448.75,1487.41,3991081
2022-09-04,ADA,1039.18,1046.41,1032.18,1039.41,10832744
2022-09-04,AVAX,2181.43,2290.75,2146.18,2255.5,1836923
2022-09-04,BCH,66.09,68.58,61.94,64.43,13824228
2022-09-04,BTC,1476.16,1509.65,1442.58,1476.07,17649402
2022-09-04,DOGE,5029.72,5056.24,4918.43,4944.95,4919309
2022-09-04,ETH,8300.31,8356.78,8234.21,8290.68,12491958
2022-09-04,LINK,2222.33,2238.9,2181.36,2197.92,18400287
2022-09-04,LTC,703.4,766.07,700.27,762.93,11845782
2022-09-04,SOL,817.13,826.3,806.65,815.81,12075509
2022-09-04,XRP,1487.41,1496.67,1381.47,1390.74,16382792
2022-09-05,ADA,1039.41,1046.48,1009.75,1016.82,8564987
2022-09-05,AVAX,2255.5,2283.16,2129.65,2157.32,5382276
2022-09-05,BCH,64.43,65.26,59.35,60.18,8503243
2022-09-05,BTC,1476.07,1489.14,1438.58,1451.65,9482194
2022-09-05,DOGE,4944.95,5141.0,4809.58,5005.63,9067655
2022-09-05,ETH,8290.68,8328.53,8155.62,8193.46,7588955
2022-09-05,LINK,2197.92,2211.94,2045.51,2059.53,5496509
2022-09-05,LTC,762.93,787.4,636.59,661.06,10566183
2022-09-05,SOL,815.81,834.41,767.49,786.08,17342914
2022-09-05,XRP,1390.74,1407.26,1354.45,1370.97,3838679
2022-09-06,ADA,1016.82,1034.24,976.4,993.82,13768901
2022-09-06,AVAX,2157.32,2404.67,2112.92,2360.27,5627923
2022-09-06,BCH,60.18,60.36,56.98,57.17,15733410
2022-09-06,BTC,1451.65,1482.52,1442.33,1473.19,1571857
2022-09-06,DOGE,5005.63,5084.28,4923.26,5001.91,10255475
2022-09-06,ETH,8193.46,8392.42,8040.41,8239.36,3365776
2022-09-06,LINK,2059.53,2102.92,1980.17,2023.57,14624572
2022-09-06,LTC,661.06,695.32,627.81,662.07,15304691
2022-09-06,SOL,786.08,817.73,781.24,812.89,15542987
2022-09-06,XRP,1370.97,1571.85,1330.59,1531.46,10732561
2022-09-07,ADA,993.82,1059.77,972.02,1037.97,18600134
2022-09-07,AVAX,2360.27,2494.99,2270.67,2405.39,13601890
2022-09-07,BCH,57.17,59.55,54.19,56.57,18433739
2022-09-07,BTC,1473.19,1484.11,1396.89,1407.81,3678300
2022-09-07,DOGE,5001.91,5014.73,4994.29,5007.11,15645985
2022-09-07,ETH,8239.36,8449.77,7661.0,7871.41,7284008
2022-09-07,LINK,2023.57,2081.55,1890.05,1948.04,1674073
2022-09-07,LTC,662.07,686.45,598.42,622.8,7083489
2022-09-07,SOL,812.89,817.14,793.86,798.1,11909659
2022-09-07,XRP,1531.46,1565.99,1525.8,1560.33,10589234
2022-09-08,ADA,1037.97,1041.54,980.95,984.52,14147487
2022-09-08,AVAX,2405.39,2476.04,2168.92,2239.56,3390837
2022-09-08,BCH,56.57,57.13,53.29,53.85,9744825
2022-09-08,BTC,1407.81,1460.12,1380.05,1432.36,13484737
2022-09-08,DOGE,5007.11,5069.39,4784.81,4847.09,19761117
2022-09-08,ETH,7871.41,7947.96,7859.47,7936.02,1937068
2022-09-08,LINK,1948.04,1981.63,1806.7,1840.29,18963129
2022-09-08,LTC,622.8,636.02,572.31,585.53,16298016
2022-09-08,SOL,798.1,857.79,786.14,845.83,13592682
2022-09-08,XRP,1560.33,1626.91,1544.46,1611.05,3496318
2022-09-09,ADA,984.52,1007.2,964.63,987.31,12231652
2022-09-09,AVAX,2239.56,2296.45,2208.54,2265.43,17583763
2022-09-09,BCH,53.85,53.95,52.31,52.41,10616509
2022-09-09,BTC,1432.36,1444.81,1396.22,1408.68,9424806
2022-09-09,DOGE,4847.09,4905.51,4702.77,4761.19,5654254
2022-09-09,ETH,7936.02,8061.69,7479.41,7605.08,2648200
2022-09-09,LINK,1840.29,1915.04,1838.89,1913.64,7176132
2022-09-09,LTC,585.53,623.35,565.9,603.71,19795506
2022-09-09,SOL,845.83,877.23,815.61,847.02,18596062
2022-09-09,XRP,1611.05,1766.34,1597.12,1752.41,2845908
2022-09-10,ADA,987.31,1032.14,969.88,1014.71,9387587
2022-09-10,AVAX,2265.43,2291.46,2083.55,2109.57,17687724
2022-09-10,BCH,52.41,53.64,50.78,52.02,15256883
2022-09-10,BTC,1408.68,1476.05,1372.92,1440.29,16588064
2022-09-10,DOGE,4761.19,5067.49,4659.88,4966.18,17380473
2022-09-10,ETH,7605.08,7647.85,7250.74,7293.51,2478908
2022-09-10,LINK,1913.64,1970.04,1799.45,1855.85,6204116
2022-09-10,LTC,603.71,627.45,490.55,514.28,9797822
2022-09-10,SOL,847.02,882.23,716.98,752.19,3556877
2022-09-10,XRP,1752.41,1801.22,1602.64,1651.46,16278913
2022-09-11,ADA,1014.71,1025.98,993.21,1004.48,7321310
2022-09-11,AVAX,2109.57,2145.08,2031.02,2066.54,16311276
2022-09-11,BCH,52.02,56.09,49.71,53.78,9225865
2022-09-11,BTC,1440.29,1461.77,1394.58,1416.07,6703969
2022-09-11,DOGE,4966.18,5052.18,4940.26,5026.27,3100005
2022-09-11,ETH,7293.51,7462.14,7155.97,7324.6,8562084
2022-09-11,LINK,1855.85,1859.4,1769.51,1773.06,1832771
2022-09-11,LTC,514.28,542.46,497.13,525.31,18606312
2022-09-11,SOL,752.19,819.19,712.43,779.43,1584468
2022-09-11,XRP,1651.46,1696.66,1483.33,1528.53,14326301
2022-09-12,ADA,1004.48,1017.77,960.85,974.15,17353344
2022-09-12,AVAX,2066.54,2160.78,2021.7,2115.94,1920055
2022-09-12,BCH,53.78,54.73,51.86,52.81,3156417
2022-09-12,BTC,1416.07,1466.62,1387.96,1438.52,15790261
2022-09-12,DOGE,5026.27,5113.9,4874.64,4962.27,3607884
2022-09-12,ETH,7324.6,7636.64,7168.09,7480.13,14209966
2022-09-12,LINK,1773.06,1898.08,1738.56,1863.58,5060208
2022-09-12,LTC,525.31,547.25,493.14,515.07,4894343
2022-09-12,SOL,779.43,836.9,777.61,835.07,12040483
2022-09-12,XRP,1528.53,1546.19,1522.05,1539.71,4967440
2022-09-13,ADA,974.15,1028.2,937.17,991.23,2742379
2022-09-13,AVAX,2115.94,2139.8,2004.46,2028.32,13049615
2022-09-13,BCH,52.81,53.4,48.36,48.95,17618926
2022-09-13,BTC,1438.52,1461.35,1437.11,1459.94,17508817
2022-09-13,DOGE,4962.27,4987.7,4954.17,4979.6,1647285
2022-09-13,ETH,7480.13,7665.2,7431.87,7616.95,7109666
2022-09-13,LINK,1863.58,1911.87,1806.93,1855.22,3545862
2022-09-13,LTC,515.07,572.97,505.55,563.45,19512377
2022-09-13,SOL,835.07,875.4,778.12,818.45,2610686
2022-09-13,XRP,1539.71,1580.16,1509.48,1549.94,12899563
2022-09-14,ADA,991.23,999.91,988.01,996.69,19873977
2022-09-14,AVAX,2028.32,2061.9,2024.56,2058.15,4493143
2022-09-14,BCH,48.95,51.44,44.88,47.37,7920041
2022-09-14,BTC,1459.94,1465.93,1441.68,1447.67,11698994
2022-09-14,DOGE,4979.6,5188.94,4900.55,5109.88,11337018
2022-09-14,ETH,7616.95,7711.82,7558.84,7653.71,19432737
2022-09-14,LINK,1855.22,1889.97,1852.36,1887.11,3936720
2022-09-14,LTC,563.45,568.47,556.96,561.97,16749857
2022-09-14,SOL,818.45,873.8,817.48,872.84,17448151
2022-09-14,XRP,1549.94,1555.06,1537.36,1542.48,17597704
2022-09-15,ADA,996.69,1076.18,950.15,1029.65,15093843
2022-09-15,AVAX,2058.15,2123.51,1858.84,1924.21,16086535
2022-09-15,BCH,47.37,49.7,47.26,49.59,12906075
2022-09-15,BTC,1447.67,1512.54,1392.41,1457.28,15675774
2022-09-15,DOGE,5109.88,5118.83,4984.89,4993.84,11970631
2022-09-15,ETH,7653.71,7856.51,7616.94,7819.74,5461432
2022-09-15,LINK,1887.11,1904.8,1790.18,1807.87,18609942
2022-09-15,LTC,561.97,613.47,530.73,582.22,9875432
2022-09-15,SOL,872.84,906.55,783.33,817.04,13922771
2022-09-15,XRP,1542.48,1579.71,1534.89,1572.12,17293208
2022-09-16,ADA,1029.65,1047.89,993.6,1011.85,15579405
2022-09-16,AVAX,1924.21,1963.87,1775.75,1815.42,17653036
2022-09-16,BCH,49.59,50.94,44.66,46.0,6314483
2022-09-16,BTC,1457.28,1476.5,1410.42,1429.63,9751687
2022-09-16,DOGE,4993.84,5148.33,4900.45,5054.94,18484293
2022-09-16,ETH,7819.74,8013.09,7665.66,7859.01,7525467
2022-09-16,LINK,1807.87,1875.88,1780.59,1848.6,17217679
2022-09-16,LTC,582.22,606.96,565.83,590.57,10702050
2022-09-16,SOL,817.04,837.42,814.12,834.5,5725946
2022-09-16,XRP,1572.12,1650.42,1512.85,1591.14,8464160
2022-09-17,ADA,1011.85,1019.3,986.46,993.92,12162791
2022-09-17,AVAX,1815.42,1893.62,1612.76,1690.97,18942014
2022-09-17,BCH,46.0,47.69,43.7,45.39,4277127
2022-09-17,BTC,1429.63,1446.48,1410.79,1427.64,15547524
2022-09-17,DOGE,5054.94,5127.27,4966.66,5038.99,12627660
2022-09-17,ETH,7859.01,7957.31,7712.44,7810.74,14840468
2022-09-17,LINK,1848.6,1895.61,1812.1,1859.1,13153858
2022-09-17,LTC,590.57,648.87,587.68,645.97,15967014
2022-09-17,SOL,834.5,852.03,771.09,788.62,19464843
2022-09-17,XRP,1591.14,1594.81,1560.85,1564.52,3520687
2022-09-18,ADA,993.92,1044.12,968.98,1019.18,19448018
2022-09-18,AVAX,1690.97,1772.92,1683.22,1765.18,5779534
2022-09-18,BCH,45.39,45.75,44.2,44.56,19128674
2022-09-18,BTC,1427.64,1470.89,1293.32,1336.56,14955463
2022-09-18,DOGE,5038.99,5233.32,4870.64,5064.97,6695707
2022-09-18,ETH,7810.74,7859.86,7576.02,7625.14,9169800
2022-09-18,LINK,1859.1,1876.05,1741.19,1758.14,12827105
2022-09-18,LTC,645.97,661.44,580.12,595.59,2065557
2022-09-18,SOL,788.62,789.71,780.69,781.79,18679759
2022-09-18,XRP,1564.52,1570.01,1406.38,1411.86,19750776
2022-09-19,ADA,1019.18,1024.27,1018.3,1023.4,4249103
2022-09-19,AVAX,1765.18,1924.78,1705.99,1865.59,8444205
2022-09-19,BCH,44.56,45.75,38.13,39.31,11570628
2022-09-19,BTC,1336.56,1391.68,1220.73,1275.84,8134250
2022-09-19,DOGE,5064.97,5121.37,4925.14,4981.53,2528493
2022-09-19,ETH,7625.14,7729.99,7526.52,7631.37,2902600
2022-09-19,LINK,1758.14,1799.8,1612.0,1653.66,12934566
2022-09-19,LTC,595.59,614.79,558.68,577.89,15771438
2022-09-19,SOL,781.79,803.68,663.85,685.74,2926580
2022-09-19,XRP,1411.86,1444.18,1383.28,1415.59,11121963
2022-09-20,ADA,1023.4,1042.84,1011.1,1030.54,16878386
2022-09-20,AVAX,1865.59,1894.69,1647.35,1676.44,14205046
2022-09-20,BCH,39.31,41.32,38.63,40.65,13540313
2022-09-20,BTC,1275.84,1297.73,1265.95,1287.84,5619901
2022-09-20,DOGE,4981.53,4994.78,4886.11,4899.36,13410674
2022-09-20,ETH,7631.37,7742.36,7295.29,7406.28,18814944
2022-09-20,LINK,1653.66,1701.56,1649.97,1697.87,2586556
2022-09-20,LTC,577.89,612.76,575.9,610.77,15027699
2022-09-20,SOL,685.74,709.51,672.56,696.33,9182591
2022-09-20,XRP,1415.59,1447.26,1245.56,1277.24,17933281
2022-09-21,ADA,1030.54,1079.54,1014.64,1063.65,9975629
2022-09-21,AVAX,1676.44,1718.46,1673.66,1715.68,16074996
2022-09-21,BCH,40.65,42.78,39.88,42.02,10307284
2022-09-21,BTC,1287.84,1304.73,1261.47,1278.35,4181841
2022-09-21,DOGE,4899.36,4921.55,4563.98,4586.17,18082607
2022-09-21,ETH,7406.28,7819.59,7355.6,7768.91,6763185
2022-09-21,LINK,1697.87,1766.14,1650.89,1719.17,15822223
2022-09-21,LTC,610.77,696.14,584.05,669.42,5765689
2022-09-21,SOL,696.33,721.36,694.02,719.05,6619394
2022-09-21,XRP,1277.24,1342.58,1268.23,1333.58,5635501
2022-09-22,ADA,1063.65,1090.01,1052.32,1078.68,16040290
2022-09-22,AVAX,1715.68,1739.13,1561.4,1584.85,8685285
2022-09-22,BCH,42.02,45.3,40.72,43.99,11655895
2022-09-22,BTC,1278.35,1312.33,1268.09,1302.07,1870614
2022-09-22,DOGE,4586.17,4635.03,4550.2,4599.06,5930111
2022-09-22,ETH,7768.91,7938.23,7367.76,7537.08,4111046
2022-09-22,LINK,1719.17,1787.17,1649.14,1717.14,4258238
2022-09-22,LTC,669.42,686.25,668.65,685.48,18455194
2022-09-22,SOL,719.05,725.25,684.65,690.85,16521504
2022-09-22,XRP,1333.58,1405.49,1230.17,1302.09,3371866
2022-09-23,ADA,1078.68,1160.43,1067.67,1149.42,9521705
2022-09-23,AVAX,1584.85,1668.95,1558.05,1642.15,1936601
2022-09-23,BCH,43.99,45.12,41.91,43.03,18416370
2022-09-23,BTC,1302.07,1315.63,1212.06,1225.62,13829149
2022-09-23,DOGE,4599.06,4807.42,4583.24,4791.59,18239807
2022-09-23,ETH,7537.08,7540.73,7526.02,7529.67,9512345
2022-09-23,LINK,1717.14,1773.88,1654.29,1711.03,7423490
2022-09-23,LTC,685.48,711.85,679.67,706.04,3531936
2022-09-23,SOL,690.85,704.9,686.88,700.93,5306727
2022-09-23,XRP,1302.09,1374.87,1285.88,1358.65,15300010
2022-09-24,ADA,1149.42,1210.3,1122.94,1183.81,12075409
2022-09-24,AVAX,1642.15,1771.41,1605.29,1734.55,2968410
2022-09-24,BCH,43.03,45.43,42.33,44.72,6867148
2022-09-24,BTC,1225.62,1258.83,1184.38,1217.59,5858560
2022-09-24,DOGE,4791.59,4824.28,4678.65,4711.33,12424304
2022-09-24,ETH,7529.67,7780.04,7400.82,7651.19,10863069
2022-09-24,LINK,1711.03,1726.87,1672.33,1688.17,5382086
2022-09-24,LTC,706.04,768.57,692.9,755.44,11404352
2022-09-24,SOL,700.93,712.59,583.95,595.62,6136828
2022-09-24,XRP,1358.65,1418.13,1312.4,1371.88,13006282
2022-09-25,ADA,1183.81,1208.81,1119.09,1144.1,5054099
2022-09-25,AVAX,1734.55,1753.24,1683.67,1702.36,4085567
2022-09-25,BCH,44.72,45.86,41.36,42.5,8359217
2022-09-25,BTC,1217.59,1237.41,1167.71,1187.52,9155976
2022-09-25,DOGE,4711.33,4742.01,4679.7,4710.38,1479841
2022-09-25,ETH,7651.19,8153.16,7613.2,8115.17,5578619
2022-09-25,LINK,1688.17,1724.56,1597.55,1633.93,17715390
2022-09-25,LTC,755.44,767.9,747.87,760.33,10331568
2022-09-25,SOL,595.62,601.81,545.42,551.61,15041918
2022-09-25,XRP,1371.88,1498.06,1339.9,1466.09,19487746
2022-09-26,ADA,1144.1,1267.06,1142.62,1265.59,2654906
2022-09-26,AVAX,1702.36,1733.88,1519.72,1551.24,15450458
2022-09-26,BCH,42.5,45.86,41.62,44.98,18967773
2022-09-26,BTC,1187.52,1207.8,1052.04,1072.32,11517300
2022-09-26,DOGE,4710.38,5157.92,4616.23,5063.78,10593053
2022-09-26,ETH,8115.17,8201.8,8023.28,8109.91,18793068
2022-09-26,LINK,1633.93,1638.55,1590.35,1594.97,14792698
2022-09-26,LTC,760.33,778.16,751.11,768.93,18995756
2022-09-26,SOL,551.61,583.88,550.87,583.15,14606637
2022-09-26,XRP,1466.09,1548.94,1453.28,1536.14,16910852
2022-09-27,ADA,1265.59,1324.02,1173.76,1232.19,3219870
2022-09-27,AVAX,1551.24,1650.06,1513.17,1611.99,10421602
2022-09-27,BCH,44.98,45.16,41.6,41.79,5702165
2022-09-27,BTC,1072.32,1105.21,1053.66,1086.55,9397834
2022-09-27,DOGE,5063.78,5087.71,5054.08,5078.01,13472716
2022-09-27,ETH,8109.91,8171.34,8045.0,8106.43,9589808
2022-09-27,LINK,1594.97,1609.19,1478.12,1492.35,14152453
2022-09-27,LTC,768.93,811.42,752.8,795.29,18811998
2022-09-27,SOL,583.15,590.77,576.17,583.79,7860322
2022-09-27,XRP,1536.14,1707.23,1432.86,1603.96,3883320
2022-09-28,ADA,1232.19,1252.45,1226.39,1246.66,4955130
2022-09-28,AVAX,1611.99,1656.28,1438.02,1482.3,18104929
2022-09-28,BCH,41.79,44.4,41.72,44.34,5877547
2022-09-28,BTC,1086.55,1147.04,1083.24,1143.74,18804330
2022-09-28,DOGE,5078.01,5226.71,5056.04,5204.74,16639541
2022-09-28,ETH,8106.43,8133.22,7738.87,7765.66,14771747
2022-09-28,LINK,1492.35,1533.0,1394.98,1435.63,13347523
2022-09-28,LTC,795.29,797.27,776.45,778.42,13290418
2022-09-28,SOL,583.79,616.93,582.45,615.59,7352323
2022-09-28,XRP,1603.96,1676.13,1496.39,1568.57,13569936
2022-09-29,ADA,1246.66,1262.5,1192.4,1208.24,9550728
2022-09-29,AVAX,1482.3,1515.66,1474.03,1507.38,7600978
2022-09-29,BCH,44.34,45.45,41.32,42.43,4572279
2022-09-29,BTC,1143.74,1202.71,1106.25,1165.22,18784369
2022-09-29,DOGE,5204.74,5345.5,5175.49,5316.24,14954070
2022-09-29,ETH,7765.66,7946.05,7698.36,7878.76,9903327
2022-09-29,LINK,1435.63,1492.42,1292.66,1349.45,13694185
2022-09-29,LTC,778.42,830.02,776.73,828.33,11567011
2022-09-29,SOL,615.59,617.62,586.88,588.91,14074431
2022-09-29,XRP,1568.57,1761.9,1511.59,1704.92,17983187
2022-09-30,ADA,1208.24,1234.44,1152.86,1179.06,14822932
2022-09-30,AVAX,1507.38,1601.6,1426.88,1521.1,13097021
2022-09-30,BCH,42.43,42.8,40.09,40.46,15408822
2022-09-30,BTC,1165.22,1206.33,1144.49,1185.6,10151044
2022-09-30,DOGE,5316.24,5612.96,5244.94,5541.65,16755129
2022-09-30,ETH,7878.76,8088.94,7874.97,8085.16,17653886
2022-09-30,LINK,1349.45,1367.05,1340.52,1358.12,12042515
2022-09-30,LTC,828.33,830.36,812.72,814.74,14323221
2022-09-30,SOL,588.91,590.33,582.99,584.41,12611397
2022-09-30,XRP,1704.92,1812.49,1543.49,1651.06,13031476
2022-10-01,ADA,1179.06,1210.26,1161.36,1192.56,6989532
2022-10-01,AVAX,1521.1,1525.56,1507.82,1512.28,17624099
2022-10-01,BCH,40.46,46.75,39.08,45.38,12676952
2022-10-01,BTC,1185.6,1216.41,1105.27,1136.07,2160402
2022-10-01,DOGE,5541.65,5654.32,5428.33,5541.0,15496659
2022-10-01,ETH,8085.16,8145.52,7749.12,7809.48,1090263
2022-10-01,LINK,1358.12,1406.0,1318.92,1366.81,14053090
2022-10-01,LTC,814.74,845.27,761.52,792.04,6003509
2022-10-01,SOL,584.41,610.71,581.03,607.34,9192979
2022-10-01,XRP,1651.06,1656.8,1577.2,1582.94,4367134
2022-10-02,ADA,1192.56,1200.37,1101.7,1109.51,19438680
2022-10-02,AVAX,1512.28,1547.05,1489.07,1523.84,4493721
2022-10-02,BCH,45.38,46.18,42.77,43.57,5348032
2022-10-02,BTC,1136.07,1143.39,1089.42,1096.74,14552910
2022-10-02,DOGE,5541.0,5688.94,5408.83,5556.77,9987408
2022-10-02,ETH,7809.48,8028.26,7685.38,7904.16,18014652
2022-10-02,LINK,1366.81,1408.33,1329.6,1371.12,18132768
2022-10-02,LTC,792.04,858.38,791.98,858.32,6207299
2022-10-02,SOL,607.34,617.71,605.19,615.57,11449660
2022-10-02,XRP,1582.94,1608.81,1573.39,1599.25,10911864
2022-10-03,ADA,1109.51,1130.27,1086.79,1107.56,19271927
2022-10-03,AVAX,1523.84,1658.32,1453.88,1588.36,2368796
2022-10-03,BCH,43.57,48.1,43.56,48.09,1828205
2022-10-03,BTC,1096.74,1119.6,1004.85,1027.71,16404559
2022-10-03,DOGE,5556.77,5580.0,5206.37,5229.6,18936868
2022-10-03,ETH,7904.16,8001.09,7654.46,7751.39,2662831
2022-10-03,LINK,1371.12,1484.44,1354.11,1467.42,14325316
2022-10-03,LTC,858.32,882.47,793.87,818.01,4993394
2022-10-03,SOL,615.57,666.28,605.92,656.64,9009392
2022-10-03,XRP,1599.25,1599.92,1551.46,1552.13,1815480
2022-10-04,ADA,1107.56,1142.94,1089.45,1124.83,16004940
2022-10-04,AVAX,1588.36,1607.64,1571.49,1590.77,11966592
2022-10-04,BCH,48.09,50.76,47.78,50.44,15922682
2022-10-04,BTC,1027.71,1136.08,986.45,1094.82,7849077
2022-10-04,DOGE,5229.6,5634.72,5112.71,5517.83,8335390
2022-10-04,ETH,7751.39,8221.91,7672.81,8143.33,16634393
2022-10-04,LINK,1467.42,1487.88,1332.67,1353.12,12294250
2022-10-04,LTC,818.01,822.27,798.61,802.87,12756294
2022-10-04,SOL,656.64,670.63,588.1,602.1,11771698
2022-10-04,XRP,1552.13,1577.79,1510.52,1536.18,4167480
2022-10-05,ADA,1124.83,1127.48,1105.97,1108.62,2455683
2022-10-05,AVAX,1590.77,1730.39,1572.14,1711.76,5602259
2022-10-05,BCH,50.44,53.29,50.22,53.06,13461527
2022-10-05,BTC,1094.82,1122.75,1086.84,1114.77,7749829
2022-10-05,DOGE,5517.83,5820.3,5490.59,5793.06,3998831
2022-10-05,ETH,8143.33,8246.44,8098.07,8201.18,18732428
2022-10-05,LINK,1353.12,1434.79,1325.51,1407.17,10733618
2022-10-05,LTC,802.87,836.66,775.98,809.77,8678869
2022-10-05,SOL,602.1,616.08,590.89,604.87,10250735
2022-10-05,XRP,1536.18,1597.87,1531.37,1593.07,11652652
2022-10-06,ADA,1108.62,1201.24,1080.67,1173.29,8398366
2022-10-06,AVAX,1711.76,1740.07,1688.18,1716.49,9075949
2022-10-06,BCH,53.06,54.67,49.11,50.72,1705591
2022-10-06,BTC,1114.77,1148.03,1077.67,1110.93,10306239
2022-10-06,DOGE,5793.06,5920.54,5597.95,5725.43,4905750
2022-10-06,ETH,8201.18,8383.49,7734.51,7916.82,18740507
2022-10-06,LINK,1407.17,1453.5,1347.05,1393.38,5002806
2022-10-06,LTC,809.77,821.14,788.88,800.25,16806319
2022-10-06,SOL,604.87,621.11,598.82,615.05,13453279
2022-10-06,XRP,1593.07,1681.03,1556.69,1644.66,9017025
2022-10-07,ADA,1173.29,1175.43,1112.33,1114.47,17435223
2022-10-07,AVAX,1716.49,1748.94,1664.49,1696.94,7425634
2022-10-07,BCH,50.72,51.29,50.17,50.75,9106583
2022-10-07,BTC,1110.93,1173.65,1085.77,1148.5,8571120
2022-10-07,DOGE,5725.43,5868.44,5481.43,5624.44,7328883
2022-10-07,ETH,7916.82,8381.52,7802.22,8266.91,18604629
2022-10-07,LINK,1393.38,1399.18,1303.07,1308.86,2661500
2022-10-07,LTC,800.25,843.18,792.84,835.77,11518442
2022-10-07,SOL,615.05,656.03,571.52,612.5,1917495
2022-10-07,XRP,1644.66,1789.28,1609.04,1753.67,3549681
2022-10-08,ADA,1114.47,1138.0,1028.59,1052.12,8621452
2022-10-08,AVAX,1696.94,1772.73,1583.38,1659.17,9392305
2022-10-08,BCH,50.75,56.1,48.65,54.0,6270482
2022-10-08,BTC,1148.5,1178.26,1050.82,1080.58,4125883
2022-10-08,DOGE,5624.44,5794.85,5558.59,5729.0,10727007
2022-10-08,ETH,8266.91,8635.11,8047.35,8415.54,8673545
2022-10-08,LINK,1308.86,1325.38,1302.59,1319.11,19133626
2022-10-08,LTC,835.77,925.89,824.72,914.84,15821519
2022-10-08,SOL,612.5,621.92,558.96,568.38,6911287
2022-10-08,XRP,1753.67,1804.65,1693.83,1744.81,8961995
2022-10-09,ADA,1052.12,1070.35,1003.08,1021.31,13793727
2022-10-09,AVAX,1659.17,1730.9,1545.18,1616.92,17041912
2022-10-09,BCH,54.0,60.59,53.69,60.28,4176515
2022-10-09,BTC,1080.58,1159.87,1045.9,1125.19,17347610
2022-10-09,DOGE,5729.0,5779.31,5688.03,5738.34,10546993
2022-10-09,ETH,8415.54,8487.02,8274.48,8345.96,8303988
2022-10-09,LINK,1319.11,1323.75,1309.55,1314.19,13090579
2022-10-09,LTC,914.84,1008.5,884.3,977.96,9099942
2022-10-09,SOL,568.38,576.36,544.37,552.34,14070882
2022-10-09,XRP,1744.81,1764.72,1728.43,1748.34,15751038
2022-10-10,ADA,1021.31,1105.01,989.16,1072.86,19156002
2022-10-10,AVAX,1616.92,1681.21,1467.29,1531.58,2120391
2022-10-10,BCH,60.28,60.53,58.08,58.33,6875320
2022-10-10,BTC,1125.19,1142.84,1109.67,1127.33,9680910
2022-10-10,DOGE,5738.34,5942.49,5717.73,5921.87,19592236
2022-10-10,ETH,8345.96,8429.24,7963.42,8046.71,5848048
2022-10-10,LINK,1314.19,1440.32,1288.69,1414.82,2220405
2022-10-10,LTC,977.96,978.79,920.06,920.89,19251498
2022-10-10,SOL,552.34,596.23,536.51,580.4,15992206
2022-10-10,XRP,1748.34,1786.18,1556.74,1594.59,14546351
2022-10-11,ADA,1072.86,1117.0,993.31,1037.46,10495190
2022-10-11,AVAX,1531.58,1676.41,1527.45,1672.28,1202621
2022-10-11,BCH,58.33,59.86,55.76,57.29,15294023
2022-10-11,BTC,1127.33,1153.75,1048.52,1074.94,12019085
2022-10-11,DOGE,5921.87,5929.53,5793.89,5801.54,6727865
2022-10-11,ETH,8046.71,8310.97,7921.37,8185.63,10118103
2022-10-11,LINK,1414.82,1445.41,1397.01,1427.61,6299045
2022-10-11,LTC,920.89,988.01,836.9,904.01,12873596
2022-10-11,SOL,580.4,592.84,573.93,586.38,12162651
2022-10-11,XRP,1594.59,1618.98,1457.36,1481.75,12285194
2022-10-12,ADA,1037.46,1072.54,965.55,1000.64,2410739
2022-10-12,AVAX,1672.28,1713.73,1530.56,1572.0,17114654
2022-10-12,BCH,57.29,61.18,55.46,59.35,13989582
2022-10-12,BTC,1074.94,1081.21,1036.95,1043.22,15475979
2022-10-12,DOGE,5801.54,6046.86,5775.27,6020.58,5551536
2022-10-12,ETH,8185.63,8208.6,7710.38,7733.35,14666991
2022-10-12,LINK,1427.61,1458.3,1419.73,1450.42,7279383
2022-10-12,LTC,904.01,946.48,867.88,910.35,14950927
2022-10-12,SOL,586.38,589.94,575.98,579.55,15715325
2022-10-12,XRP,1481.75,1487.66,1465.7,1471.61,1017047
2022-10-13,ADA,1000.64,1022.04,957.25,978.66,11238325
2022-10-13,AVAX,1572.0,1600.03,1426.65,1454.67,16314849
2022-10-13,BCH,59.35,65.64,57.47,63.76,2852388
2022-10-13,BTC,1043.22,1133.17,1034.84,1124.79,9306101
2022-10-13,DOGE,6020.58,6072.57,5972.18,6024.16,12867656
2022-10-13,ETH,7733.35,7950.54,7579.42,7796.6,1324471
2022-10-13,LINK,1450.42,1459.89,1430.86,1440.32,4235930
2022-10-13,LTC,910.35,923.88,905.21,918.74,15159083
2022-10-13,SOL,579.55,599.63,566.7,586.79,9994477
2022-10-13,XRP,1471.61,1476.54,1420.06,1424.98,4935969
2022-10-14,ADA,978.66,979.19,952.6,953.13,1869632
2022-10-14,AVAX,1454.67,1454.86,1314.51,1314.7,18280611
2022-10-14,BCH,63.76,63.9,58.23,58.38,8900440
2022-10-14,BTC,1124.79,1169.51,1115.51,1160.23,9949820
2022-10-14,DOGE,6024.16,6348.51,5786.28,6110.63,17695860
2022-10-14,ETH,7796.6,7813.44,7573.14,7589.98,4984372
2022-10-14,LINK,1440.32,1460.39,1434.16,1454.23,17589145
2022-10-14,LTC,918.74,960.08,893.21,934.56,8693782
2022-10-14,SOL,586.79,617.52,560.34,591.07,17181975
2022-10-14,XRP,1424.98,1535.36,1384.66,1495.04,8846162
2022-10-15,ADA,953.13,953.24,945.42,945.52,16663048
2022-10-15,AVAX,1314.7,1357.65,1303.04,1345.99,15011973
2022-10-15,BCH,58.38,65.32,57.94,64.89,2791816
2022-10-15,BTC,1160.23,1184.24,1132.65,1156.66,10190315
2022-10-15,DOGE,6110.63,6392.81,5938.45,6220.63,5708905
2022-10-15,ETH,7589.98,7686.4,7561.79,7658.21,8334514
2022-10-15,LINK,1454.23,1524.43,1433.01,1503.21,5484245
2022-10-15,LTC,934.56,963.81,877.66,906.91,8345778
2022-10-15,SOL,591.07,639.52,572.05,620.5,13009871
2022-10-15,XRP,1495.04,1522.26,1451.35,1478.57,2550324
2022-10-16,ADA,945.52,959.66,906.8,920.93,15861587
2022-10-16,AVAX,1345.99,1386.87,1343.44,1384.31,6639611
2022-10-16,BCH,64.89,66.73,60.59,62.43,5507534
2022-10-16,BTC,1156.66,1166.86,1110.2,1120.4,18950905
2022-10-16,DOGE,6220.63,6226.56,5972.32,5978.25,13021163
2022-10-16,ETH,7658.21,7709.83,7358.93,7410.54,8523463
2022-10-16,LINK,1503.21,1620.9,1491.73,1609.42,18865623
2022-10-16,LTC,906.91,910.69,883.36,887.14,10168948
2022-10-16,SOL,620.5,637.85,607.92,625.28,4458298
2022-10-16,XRP,1478.57,1529.83,1342.96,1394.22,8657219
2022-10-17,ADA,920.93,931.83,839.57,850.47,17633624
2022-10-17,AVAX,1384.31,1436.61,1268.82,1321.13,2240240
2022-10-17,BCH,62.43,64.28,58.28,60.13,11296334
2022-10-17,BTC,1120.4,1181.18,1089.99,1150.76,11543368
2022-10-17,DOGE,5978.25,6123.45,5954.55,6099.75,18208826
2022-10-17,ETH,7410.54,7546.0,7349.46,7484.92,8190786
2022-10-17,LINK,1609.42,1646.74,1582.41,1619.72,8446875
2022-10-17,LTC,887.14,921.9,843.17,877.93,14304868
2022-10-17,SOL,625.28,637.53,598.82,611.08,19796826
2022-10-17,XRP,1394.22,1427.01,1222.23,1255.02,2978215
2022-10-18,ADA,850.47,861.54,832.85,843.92,9850479
2022-10-18,AVAX,1321.13,1379.81,1147.93,1206.61,11332499
2022-10-18,BCH,60.13,62.64,59.87,62.38,10336140
2022-10-18,BTC,1150.76,1169.83,1144.05,1163.12,1562577
2022-10-18,DOGE,6099.75,6530.4,6086.61,6517.26,13153688
2022-10-18,ETH,7484.92,7708.41,7454.63,7678.12,7831074
2022-10-18,LINK,1619.72,1657.26,1539.64,1577.18,9294425
2022-10-18,LTC,877.93,912.08,845.46,879.6,15483479
2022-10-18,SOL,611.08,652.15,579.93,621.0,2844492
2022-10-18,XRP,1255.02,1264.01,1142.01,1151.0,19373447
2022-10-19,ADA,843.92,941.95,812.96,910.99,13911750
2022-10-19,AVAX,1206.61,1334.12,1125.29,1252.8,7487495
2022-10-19,BCH,62.38,64.47,62.13,64.22,11347933
2022-10-19,BTC,1163.12,1164.29,1133.81,1134.98,13904801
2022-10-19,DOGE,6517.26,6523.2,6158.55,6164.49,16514542
2022-10-19,ETH,7678.12,7718.62,7377.11,7417.61,17635409
2022-10-19,LINK,1577.18,1584.21,1575.45,1582.48,4017770
2022-10-19,LTC,879.6,908.35,787.99,816.73,18202216
2022-10-19,SOL,621.0,672.98,586.15,638.13,12763525
2022-10-19,XRP,1151.0,1175.13,1108.37,1132.5,3484774
2022-10-20,ADA,910.99,928.29,860.29,877.59,8046283
2022-10-20,AVAX,1252.8,1298.0,1189.83,1235.03,6589540
2022-10-20,BCH,64.22,64.53,60.31,60.62,17379827
2022-10-20,BTC,1134.98,1136.38,1065.19,1066.59,9431584
2022-10-20,DOGE,6164.49,6450.08,6101.11,6386.7,2644715
2022-10-20,ETH,7417.61,7518.05,7309.02,7409.46,17131978
2022-10-20,LINK,1582.48,1608.12,1545.39,1571.02,11857668
2022-10-20,LTC,816.73,817.08,757.53,757.88,1402557
2022-10-20,SOL,638.13,646.13,626.11,634.11,3284514
2022-10-20,XRP,1132.5,1153.67,1124.81,1145.98,11776248
2022-10-21,ADA,877.59,946.24,836.66,905.31,17210125
2022-10-21,AVAX,1235.03,1270.0,1042.85,1077.82,12279310
2022-10-21,BCH,60.62,62.86,60.6,62.84,7398573
2022-10-21,BTC,1066.59,1135.58,1038.49,1107.48,19170546
2022-10-21,DOGE,6386.7,6872.07,6214.34,6699.71,18220763
2022-10-21,ETH,7409.46,7421.54,7133.15,7145.22,15785596
2022-10-21,LINK,1571.02,1665.13,1533.48,1627.59,14331783
2022-10-21,LTC,757.88,764.4,753.18,759.7,9978543
2022-10-21,SOL,634.11,660.69,611.98,638.56,2595090
2022-10-21,XRP,1145.98,1219.55,1082.19,1155.75,10637154
2022-10-22,ADA,905.31,945.82,879.56,920.07,1645763
2022-10-22,AVAX,1077.82,1117.51,953.16,992.85,9581038
2022-10-22,BCH,62.84,66.36,60.94,64.46,7084834
2022-10-22,BTC,1107.48,1185.18,1070.44,1148.13,8142506
2022-10-22,DOGE,6699.71,7038.24,6605.94,6944.47,6132541
2022-10-22,ETH,7145.22,7146.73,7064.09,7065.6,13279624
2022-10-22,LINK,1627.59,1675.72,1590.17,1638.3,14022479
2022-10-22,LTC,759.7,793.36,671.12,704.79,14967665
2022-10-22,SOL,638.56,649.01,586.4,596.85,5478777
2022-10-22,XRP,1155.75,1180.46,1114.27,1138.98,10934684
2022-10-23,ADA,920.07,963.17,887.65,930.74,9106035
2022-10-23,AVAX,992.85,1055.83,963.14,1026.11,16316241
2022-10-23,BCH,64.46,69.42,60.59,65.55,12062092
2022-10-23,BTC,1148.13,1217.1,1104.74,1173.71,3762092
2022-10-23,DOGE,6944.47,7177.84,6814.33,7047.7,9857756
2022-10-23,ETH,7065.6,7244.89,6766.66,6945.95,16836352
2022-10-23,LINK,1638.3,1650.72,1631.03,1643.46,3612320
2022-10-23,LTC,704.79,744.65,680.04,719.9,5275466
2022-10-23,SOL,596.85,603.17,571.69,578.01,4602004
2022-10-23,XRP,1138.98,1226.18,1108.45,1195.65,7768033
2022-10-24,ADA,930.74,930.74,922.58,922.58,9613712
2022-10-24,AVAX,1026.11,1033.94,903.88,911.71,5315842
2022-10-24,BCH,65.55,66.74,64.56,65.75,18212718
2022-10-24,BTC,1173.71,1206.98,1160.73,1193.99,1115941
2022-10-24,DOGE,7047.7,7094.23,7018.28,7064.81,11379676
2022-10-24,ETH,6945.95,7018.4,6945.29,7017.74,16219574
2022-10-24,LINK,1643.46,1658.01,1562.09,1576.64,1468871
2022-10-24,LTC,719.9,730.76,675.25,686.11,17650676
2022-10-24,SOL,578.01,582.11,574.62,578.73,2211488
2022-10-24,XRP,1195.65,1279.39,1190.87,1274.61,17102949
2022-10-25,ADA,922.58,939.65,888.26,905.33,5981521
2022-10-25,AVAX,911.71,957.65,886.87,932.81,15111107
2022-10-25,BCH,65.75,69.59,64.48,68.32,14286981
2022-10-25,BTC,1193.99,1269.9,1161.12,1237.03,15192021
2022-10-25,DOGE,7064.81,7255.22,6858.57,7048.97,15053414
2022-10-25,ETH,7017.74,7084.07,6912.58,6978.91,10526502
2022-10-25,LINK,1576.64,1616.58,1433.56,1473.5,18365219
2022-10-25,LTC,686.11,696.22,671.93,682.04,12741585
2022-10-25,SOL,578.73,592.97,557.59,571.83,3397039
2022-10-25,XRP,1274.61,1291.89,1218.84,1236.12,8289165
2022-10-26,ADA,905.33,956.41,875.84,926.92,13511066
2022-10-26,AVAX,932.81,996.02,917.92,981.12,13467741
2022-10-26,BCH,68.32,71.32,66.63,69.64,12817267
2022-10-26,BTC,1237.03,1293.85,1188.77,1245.6,10197826
2022-10-26,DOGE,7048.97,7438.24,6961.03,7350.3,8881101
2022-10-26,ETH,6978.91,6987.36,6722.57,6731.02,2728618
2022-10-26,LINK,1473.5,1574.7,1464.54,1565.73,15336067
2022-10-26,LTC,682.04,715.22,642.83,676.01,14436685
2022-10-26,SOL,571.83,585.27,561.9,575.34,5143196
2022-10-26,XRP,1236.12,1242.65,1215.66,1222.19,5592225
2022-10-27,ADA,926.92,970.47,895.48,939.02,15731114
2022-10-27,AVAX,981.12,1031.56,976.9,1027.33,9747816
2022-10-27,BCH,69.64,72.29,68.58,71.23,17238903
2022-10-27,BTC,1245.6,1270.76,1208.91,1234.06,14586755
2022-10-27,DOGE,7350.3,7656.4,7233.78,7539.89,14091303
2022-10-27,ETH,6731.02,6926.59,6561.26,6756.82,7618344
2022-10-27,LINK,1565.73,1601.37,1429.65,1465.3,11742992
2022-10-27,LTC,676.01,689.93,629.52,643.44,11932088
2022-10-27,SOL,575.34,609.38,520.86,554.9,2782041
2022-10-27,XRP,1222.19,1263.38,1218.3,1259.5,17821251
2022-10-28,ADA,939.02,984.19,904.32,949.49,8330596
2022-10-28,AVAX,1027.33,1103.31,1007.51,1083.48,12865839
2022-10-28,BCH,71.23,72.86,68.69,70.33,12008121
2022-10-28,BTC,1234.06,1313.24,1206.51,1285.68,12927283
2022-10-28,DOGE,7539.89,7927.53,7473.38,7861.03,1255355
2022-10-28,ETH,6756.82,6783.84,6592.27,6619.28,2398212
2022-10-28,LINK,1465.3,1599.07,1408.63,1542.41,3532281
2022-10-28,LTC,643.44,682.88,593.81,633.25,19290498
2022-10-28,SOL,554.9,587.62,553.38,586.11,14032225
2022-10-28,XRP,1259.5,1391.63,1212.82,1344.95,16621586
2022-10-29,ADA,949.49,1010.47,927.39,988.37,3931015
2022-10-29,AVAX,1083.48,1189.04,1060.99,1166.54,10721480
2022-10-29,BCH,70.33,79.54,68.57,77.79,18581527
2022-10-29,BTC,1285.68,1304.94,1216.69,1235.95,16391736
2022-10-29,DOGE,7861.03,7938.0,7585.45,7662.42,11967213
2022-10-29,ETH,6619.28,6643.17,6536.08,6559.98,5163069
2022-10-29,LINK,1542.41,1575.84,1461.2,1494.63,3092355
2022-10-29,LTC,633.25,651.32,623.53,641.61,5033457
2022-10-29,SOL,586.11,597.5,549.92,561.32,15627171
2022-10-29,XRP,1344.95,1364.12,1176.06,1195.23,3405088
2022-10-30,ADA,988.37,1022.93,964.86,999.41,7251067
2022-10-30,AVAX,1166.54,1197.04,1141.03,1171.53,15401879
2022-10-30,BCH,77.79,78.97,76.41,77.6,11760851
2022-10-30,BTC,1235.95,1253.49,1207.68,1225.22,5755330
2022-10-30,DOGE,7662.42,7886.38,7613.55,7837.52,7549091
2022-10-30,ETH,6559.98,6604.08,6292.27,6336.37,13256856
2022-10-30,LINK,1494.63,1564.15,1429.33,1498.84,1953783
2022-10-30,LTC,641.61,671.09,616.67,646.16,13126221
2022-10-30,SOL,561.32,604.99,541.84,585.51,8319042
2022-10-30,XRP,1195.23,1200.79,1131.29,1136.85,7954588
2022-10-31,ADA,999.41,1049.4,982.19,1032.17,9982938
2022-10-31,AVAX,1171.53,1280.86,1145.16,1254.49,9278580
2022-10-31,BCH,77.6,77.85,75.9,76.16,14562702
2022-10-31,BTC,1225.22,1235.48,1219.14,1229.39,11606512
2022-10-31,DOGE,7837.52,7913.57,7526.14,7602.19,18044763
2022-10-31,ETH,6336.37,6387.99,6167.11,6218.74,1752638
2022-10-31,LINK,1498.84,1525.42,1436.33,1462.91,13258220
2022-10-31,LTC,646.16,659.62,613.64,627.1,7403231
2022-10-31,SOL,585.51,664.29,568.47,647.24,8137613
2022-10-31,XRP,1136.85,1185.5,1053.02,1101.67,9400637
2022-11-01,ADA,1032.17,1047.11,1024.8,1039.74,16985643
2022-11-01,AVAX,1254.49,1263.25,1173.5,1182.25,2289708
2022-11-01,BCH,76.16,77.5,74.47,75.82,12083795
2022-11-01,BTC,1229.39,1266.99,1140.04,1177.64,12547620
2022-11-01,DOGE,7602.19,7636.31,7369.14,7403.25,6920974
2022-11-01,ETH,6218.74,6279.9,6050.65,6111.81,7286349
2022-11-01,LINK,1462.91,1510.72,1327.67,1375.47,11971955
2022-11-01,LTC,627.1,650.61,626.1,649.6,14933262
2022-11-01,SOL,647.24,670.57,625.78,649.1,10881317
2022-11-01,XRP,1101.67,1132.48,1083.76,1114.57,16770134
2022-11-02,ADA,1039.74,1100.4,1013.43,1074.09,6288256
2022-11-02,AVAX,1182.25,1202.9,1161.23,1181.87,1308632
2022-11-02,BCH,75.82,77.35,74.92,76.45,17106149
2022-11-02,BTC,1177.64,1217.91,1160.57,1200.84,9750063
2022-11-02,DOGE,7403.25,7430.77,7295.62,7323.13,13450314
2022-11-02,ETH,6111.81,6761.22,6051.75,6701.16,15344608
2022-11-02,LINK,1375.47,1447.43,1345.46,1417.41,5897837
2022-11-02,LTC,649.6,657.35,640.29,648.04,2596738
2022-11-02,SOL,649.1,664.05,634.42,649.37,7551988
2022-11-02,XRP,1114.57,1125.75,1072.29,1083.48,15312981
2022-11-03,ADA,1074.09,1087.22,1009.78,1022.91,17922441
2022-11-03,AVAX,1181.87,1259.92,1155.42,1233.47,1314996
2022-11-03,BCH,76.45,76.96,76.44,76.95,11595959
2022-11-03,BTC,1200.84,1252.67,1197.09,1248.91,7283267
2022-11-03,DOGE,7323.13,7586.68,7218.12,7481.66,8412068
2022-11-03,ETH,6701.16,6903.02,6592.43,6794.29,2107271
2022-11-03,LINK,1417.41,1453.7,1367.23,1403.51,17793942
2022-11-03,LTC,648.04,696.97,644.39,693.32,19917799
2022-11-03,SOL,649.37,656.61,642.97,650.22,19424579
2022-11-03,XRP,1083.48,1084.7,1066.3,1067.52,14803431
2022-11-04,ADA,1022.91,1077.62,999.99,1054.69,13658754
2022-11-04,AVAX,1233.47,1275.69,1217.75,1259.97,8703881
2022-11-04,BCH,76.95,77.2,71.54,71.8,6100043
2022-11-04,BTC,1248.91,1277.12,1194.39,1222.61,9334930
2022-11-04,DOGE,7481.66,7591.46,7237.46,7347.26,12706414
2022-11-04,ETH,6794.29,6921.19,6768.26,6895.16,14603847
2022-11-04,LINK,1403.51,1416.55,1364.82,1377.86,6832594
2022-11-04,LTC,693.32,787.24,650.41,744.33,11902025
2022-11-04,SOL,650.22,660.38,615.09,625.25,7830183
2022-11-04,XRP,1067.52,1075.26,1044.44,1052.17,16304769
2022-11-05,ADA,1054.69,1063.92,1046.39,1055.62,5637541
2022-11-05,AVAX,1259.97,1396.92,1240.29,1377.24,4019130
2022-11-05,BCH,71.8,72.03,68.7,68.94,4694743
2022-11-05,BTC,1222.61,1224.47,1212.86,1214.73,19886029
2022-11-05,DOGE,7347.26,7421.68,7303.41,7377.84,5933306
2022-11-05,ETH,6895.16,6911.97,6822.64,6839.45,13986393
2022-11-05,LINK,1377.86,1379.28,1315.78,1317.21,11303124
2022-11-05,LTC,744.33,755.42,676.95,688.04,2202266
2022-11-05,SOL,625.25,700.0,617.68,692.43,10055263
2022-11-05,XRP,1052.17,1091.6,992.44,1031.87,10779988
2022-11-06,ADA,1055.62,1173.55,1033.8,1151.74,11336746
2022-11-06,AVAX,1377.24,1448.39,1340.02,1411.17,8692638
2022-11-06,BCH,68.94,72.39,66.25,69.7,6299444
2022-11-06,BTC,1214.73,1298.98,1181.22,1265.47,4214274
2022-11-06,DOGE,7377.84,7400.26,7375.36,7397.78,12834528
2022-11-06,ETH,6839.45,6901.72,6574.06,6636.34,6540550
2022-11-06,LINK,1317.21,1348.66,1277.39,1308.84,6998467
2022-11-06,LTC,688.04,735.67,585.98,633.61,4719190
2022-11-06,SOL,692.43,721.94,682.02,711.52,5310875
2022-11-06,XRP,1031.87,1101.92,1000.7,1070.76,1184902
2022-11-07,ADA,1151.74,1202.94,1130.84,1182.04,17123304
2022-11-07,AVAX,1411.17,1452.7,1394.49,1436.02,10194668
2022-11-07,BCH,69.7,70.34,67.38,68.02,14394903
2022-11-07,BTC,1265.47,1329.76,1246.26,1310.54,16663121
2022-11-07,DOGE,7397.78,7450.36,7383.6,7436.17,5263188
2022-11-07,ETH,6636.34,6821.53,6521.66,6706.84,9397624
2022-11-07,LINK,1308.84,1349.38,1303.46,1344.0,5601342
2022-11-07,LTC,633.61,658.11,586.06,610.57,10486607
2022-11-07,SOL,711.52,740.11,699.73,728.32,10003861
2022-11-07,XRP,1070.76,1108.4,1010.95,1048.6,8664722
2022-11-08,ADA,1182.04,1203.17,1118.06,1139.19,4425212
2022-11-08,AVAX,1436.02,1498.09,1412.62,1474.69,1993573
2022-11-08,BCH,68.02,69.16,66.57,67.71,14561733
2022-11-08,BTC,1310.54,1344.45,1260.18,1294.09,2598545
2022-11-08,DOGE,7436.17,7698.7,6282.8,6545.32,3866852
2022-11-08,ETH,6706.84,6742.78,6282.14,6318.07,19832894
2022-11-08,LINK,1344.0,1373.28,1298.0,1327.29,4502525
2022-11-08,LTC,610.57,621.89,604.41,615.72,15946489
2022-11-08,SOL,728.32,729.96,725.85,727.49,6774786
2022-11-08,XRP,1048.6,1073.51,1032.3,1057.21,18342720
2022-11-09,ADA,1139.19,1188.88,1070.94,1120.63,3677260
2022-11-09,AVAX,1474.69,1518.15,1382.98,1426.44,13764806
2022-11-09,BCH,67.71,69.27,63.97,65.53,6651003
2022-11-09,BTC,1294.09,1350.3,1256.7,1312.92,9948316
2022-11-09,DOGE,6545.32,6790.29,6434.27,6679.24,16207474
2022-11-09,ETH,6318.07,6531.0,6137.66,6350.58,7493735
2022-11-09,LINK,1327.29,1343.89,1279.24,1295.84,1473437
2022-11-09,LTC,615.72,620.06,598.63,602.97,18624053
2022-11-09,SOL,727.49,755.38,717.32,745.21,18710013
2022-11-09,XRP,1057.21,1058.29,991.02,992.1,5200759
2022-11-10,ADA,1120.63,1171.17,1114.34,1164.88,18018054
2022-11-10,AVAX,1426.44,1457.75,1301.4,1332.71,18306972
2022-11-10,BCH,65.53,68.66,63.57,66.7,3646900
2022-11-10,BTC,1312.92,1368.68,1309.85,1365.6,1446737
2022-11-10,DOGE,6679.24,6782.4,6383.33,6486.49,11707653
2022-11-10,ETH,6350.58,6497.17,6148.93,6295.52,17794346
2022-11-10,LINK,1295.84,1299.44,1266.46,1270.07,3455940
2022-11-10,LTC,602.97,607.61,534.66,539.3,16585743
2022-11-10,SOL,745.21,779.11,741.1,775.0,15927199
2022-11-10,XRP,992.1,1007.09,924.73,939.72,13318902
2022-11-11,ADA,1164.88,1194.73,1126.93,1156.79,3248709
2022-11-11,AVAX,1332.71,1343.26,1266.97,1277.52,16853948
2022-11-11,BCH,66.7,67.5,66.02,66.82,11280198
2022-11-11,BTC,1365.6,1411.68,1359.37,1405.45,6498136
2022-11-11,DOGE,6486.49,6684.83,6195.58,6393.92,13149636
2022-11-11,ETH,6295.52,6352.75,6116.53,6173.76,16353973
2022-11-11,LINK,1270.07,1276.49,1220.2,1226.61,11133272
2022-11-11,LTC,539.3,597.04,507.24,564.98,7762178
2022-11-11,SOL,775.0,789.59,737.43,752.02,5985755
2022-11-11,XRP,939.72,1046.16,936.15,1042.59,6474134
2022-11-12,ADA,1156.79,1168.28,1154.93,1166.43,18800559
2022-11-12,AVAX,1277.52,1317.44,1191.99,1231.91,16135780
2022-11-12,BCH,66.82,73.11,65.34,71.62,9736558
2022-11-12,BTC,1405.45,1420.68,1317.76,1333.0,12062317
2022-11-12,DOGE,6393.92,6616.4,6322.83,6545.31,11833023
2022-11-12,ETH,6173.76,6287.86,6050.49,6164.59,7106933
2022-11-12,LINK,1226.61,1275.42,1195.3,1244.11,2316196
2022-11-12,LTC,564.98,593.65,511.87,540.54,2618197
2022-11-12,SOL,752.02,779.56,712.44,739.98,8824236
2022-11-12,XRP,1042.59,1043.38,996.24,997.03,17270731
2022-11-13,ADA,1166.43,1172.48,1147.48,1153.53,17247356
2022-11-13,AVAX,1231.91,1241.66,1140.64,1150.38,8990369
2022-11-13,BCH,71.62,72.01,69.53,69.92,10872460
2022-11-13,BTC,1333.0,1393.78,1321.32,1382.1,16565924
2022-11-13,DOGE,6545.31,6561.31,6153.16,6169.16,16123815
2022-11-13,ETH,6164.59,6179.81,5952.97,5968.19,1185220
2022-11-13,LINK,1244.11,1277.74,1164.56,1198.2,17881547
2022-11-13,LTC,540.54,550.39,500.46,510.31,18830874
2022-11-13,SOL,739.98,753.36,689.56,702.94,8738930
2022-11-13,XRP,997.03,1001.46,928.51,932.94,8550496
2022-11-14,ADA,1153.53,1162.0,1096.78,1105.26,17001505
2022-11-14,AVAX,1150.38,1202.14,1141.17,1192.93,11549170
2022-11-14,BCH,69.92,71.34,66.4,67.82,6174593
2022-11-14,BTC,1382.1,1410.81,1327.8,1356.51,8747070
2022-11-14,DOGE,6169.16,6537.09,6143.83,6511.76,17516486
2022-11-14,ETH,5968.19,6078.23,5916.23,6026.27,11391972
2022-11-14,LINK,1198.2,1236.09,1099.69,1137.59,8198631
2022-11-14,LTC,510.31,531.76,501.62,523.07,11369472
2022-11-14,SOL,702.94,731.78,668.11,696.95,7646470
2022-11-14,XRP,932.94,950.42,918.1,935.58,9760750
2022-11-15,ADA,1105.26,1123.36,1090.15,1108.25,4728671
2022-11-15,AVAX,1192.93,1384.62,1145.95,1337.64,13906847
2022-11-15,BCH,67.82,71.72,64.43,68.33,12808690
2022-11-15,BTC,1356.51,1460.57,1351.98,1456.04,3579945
2022-11-15,DOGE,6511.76,6965.1,6287.19,6740.52,17496695
2022-11-15,ETH,6026.27,6051.16,5918.64,5943.54,15109160
2022-11-15,LINK,1137.59,1144.6,1098.1,1105.11,18132955
2022-11-15,LTC,523.07,530.29,519.44,526.66,19436186
2022-11-15,SOL,696.95,723.09,652.32,678.47,12680306
2022-11-15,XRP,935.58,957.35,921.39,943.16,3954074
2022-11-16,ADA,1108.25,1116.37,1093.84,1101.96,9505970
2022-11-16,AVAX,1337.64,1352.9,1297.12,1312.39,13465719
2022-11-16,BCH,68.33,71.36,64.5,67.54,7150201
2022-11-16,BTC,1456.04,1575.12,1455.38,1574.47,7044974
2022-11-16,DOGE,6740.52,7300.25,6568.31,7128.04,3162854
2022-11-16,ETH,5943.54,5993.87,5787.75,5838.09,19219845
2022-11-16,LINK,1105.11,1121.18,1103.43,1119.5,18908607
2022-11-16,LTC,526.66,526.89,477.98,478.21,13109490
2022-11-16,SOL,678.47,684.96,621.89,628.38,16260404
2022-11-16,XRP,943.16,967.71,937.33,961.87,7678400
2022-11-17,ADA,1101.96,1110.57,1100.99,1109.6,7189757
2022-11-17,AVAX,1312.39,1366.45,1185.41,1239.48,14626115
2022-11-17,BCH,67.54,68.05,60.01,60.52,8492361
2022-11-17,BTC,1574.47,1727.17,1524.28,1676.98,13860980
2022-11-17,DOGE,7128.04,7226.75,7018.27,7116.99,5441447
2022-11-17,ETH,5838.09,5948.11,5588.44,5698.46,15226474
2022-11-17,LINK,1119.5,1147.16,1063.82,1091.48,1210516
2022-11-17,LTC,478.21,485.27,401.37,408.44,19712665
2022-11-17,SOL,628.38,644.0,618.32,633.94,7032125
2022-11-17,XRP,961.87,1001.85,925.87,965.85,5795821
2022-11-18,ADA,1109.6,1121.57,1091.29,1103.26,5528394
2022-11-18,AVAX,1239.48,1450.56,1187.48,1398.56,16606809
2022-11-18,BCH,60.52,62.6,59.5,61.58,8729801
2022-11-18,BTC,1676.98,1748.23,1670.76,1742.01,11129528
2022-11-18,DOGE,7116.99,7143.41,7065.06,7091.48,5056422
2022-11-18,ETH,5698.46,5715.5,5653.37,5670.41,7110478
2022-11-18,LINK,1091.48,1098.88,1029.98,1037.38,11804483
2022-11-18,LTC,408.44,415.15,389.8,396.51,2339453
2022-11-18,SOL,633.94,653.92,603.19,623.16,17269328
2022-11-18,XRP,965.85,971.83,891.85,897.83,9680114
2022-11-19,ADA,1103.26,1128.41,1067.61,1092.76,12897321
2022-11-19,AVAX,1398.56,1416.84,1333.16,1351.44,12356512
2022-11-19,BCH,61.58,69.52,59.69,67.63,1849194
2022-11-19,BTC,1742.01,1795.55,1735.83,1789.37,10971202
2022-11-19,DOGE,7091.48,7226.33,6889.75,7024.6,15385154
2022-11-19,ETH,5670.41,5742.73,5618.36,5690.69,4072868
2022-11-19,LINK,1037.38,1051.3,995.56,1009.47,2015113
2022-11-19,LTC,396.51,408.89,387.12,399.51,18246104
2022-11-19,SOL,623.16,637.77,587.65,602.26,7892450
2022-11-19,XRP,897.83,904.5,841.78,848.44,14911784
2022-11-20,ADA,1092.76,1132.46,1030.11,1069.81,14331573
2022-11-20,AVAX,1351.44,1359.53,1297.8,1305.89,7805675
2022-11-20,BCH,67.63,72.14,66.56,71.06,15529853
2022-11-20,BTC,1789.37,1796.58,1744.35,1751.56,14709187
2022-11-20,DOGE,7024.6,7318.34,6890.92,7184.65,3672723
2022-11-20,ETH,5690.69,5859.17,5426.27,5594.75,12206461
2022-11-20,LINK,1009.47,1016.14,967.88,974.55,3417676
2022-11-20,LTC,399.51,411.14,357.02,368.66,4603107
2022-11-20,SOL,602.26,660.34,587.71,645.79,13284341
2022-11-20,XRP,848.44,867.5,787.87,806.92,15282632
2022-11-21,ADA,1069.81,1101.3,1023.18,1054.67,16765229
2022-11-21,AVAX,1305.89,1383.45,1272.33,1349.89,10291875
2022-11-21,BCH,71.06,72.8,69.9,71.64,19996838
2022-11-21,BTC,1751.56,1768.48,1716.56,1733.48,13606926
2022-11-21,DOGE,7184.65,7415.15,6785.69,7016.19,1465743
2022-11-21,ETH,5594.75,5780.76,5517.56,5703.57,2162684
2022-11-21,LINK,974.55,976.96,959.77,962.18,11141977
2022-11-21,LTC,368.66,434.87,347.25,413.47,16263682
2022-11-21,SOL,645.79,670.58,633.17,657.96,10584591
2022-11-21,XRP,806.92,812.3,760.44,765.81,19152995
2022-11-22,ADA,1054.67,1075.88,1005.46,1026.67,7076318
2022-11-22,AVAX,1349.89,1398.41,1331.76,1380.29,5631277
2022-11-22,BCH,71.64,73.22,68.98,70.56,19371818
2022-11-22,BTC,1733.48,1820.05,1716.64,1803.22,16259241
2022-11-22,DOGE,7016.19,7581.46,6918.23,7483.49,17235477
2022-11-22,ETH,5703.57,5868.96,5668.38,5833.77,12189224
2022-11-22,LINK,962.18,971.57,955.56,964.95,17613492
2022-11-22,LTC,413.47,436.63,372.52,395.68,18472295
2022-11-22,SOL,657.96,681.72,654.37,678.14,7971895
2022-11-22,XRP,765.81,784.32,677.51,696.02,6668516
2022-11-23,ADA,1026.67,1077.98,1025.71,1077.02,10059984
2022-11-23,AVAX,1380.29,1389.09,1350.92,1359.72,14530950
2022-11-23,BCH,70.56,71.56,68.08,69.09,2126139
2022-11-23,BTC,1803.22,1849.55,1765.59,1811.91,11736106
2022-11-23,DOGE,7483.49,7687.99,6998.91,7203.41,7068189
2022-11-23,ETH,5833.77,6147.26,5740.99,6054.48,18499121
2022-11-23,LINK,964.95,990.36,964.68,990.09,16221467
2022-11-23,LTC,395.68,404.97,358.9,368.2,10011049
2022-11-23,SOL,678.14,701.2,667.82,690.89,6541795
2022-11-23,XRP,696.02,708.17,688.69,700.84,5135407
2022-11-24,ADA,1077.02,1091.38,1043.18,1057.54,7769768
2022-11-24,AVAX,1359.72,1541.21,1322.23,1503.71,19323317
2022-11-24,BCH,69.09,71.33,66.07,68.31,17536729
2022-11-24,BTC,1811.91,1846.83,1787.64,1822.56,4338575
2022-11-24,DOGE,7203.41,7267.24,6933.49,6997.32,6476585
2022-11-24,ETH,6054.48,6182.35,6039.9,6167.77,13463886
2022-11-24,LINK,990.09,995.81,951.27,956.99,4009971
2022-11-24,LTC,368.2,377.7,359.43,368.94,16949857
2022-11-24,SOL,690.89,700.81,659.07,668.99,8817256
2022-11-24,XRP,700.84,744.1,694.7,737.96,5332068
2022-11-25,ADA,1057.54,1099.4,1050.6,1092.45,19431157
2022-11-25,AVAX,1503.71,1564.93,1487.69,1548.91,5321100
2022-11-25,BCH,68.31,68.86,65.28,65.83,6867432
2022-11-25,BTC,1822.56,1990.28,1808.89,1976.61,15032473
2022-11-25,DOGE,6997.32,7483.63,6783.74,7270.05,3194563
2022-11-25,ETH,6167.77,6168.39,6121.58,6122.2,4585931
2022-11-25,LINK,956.99,962.14,941.29,946.43,4081279
2022-11-25,LTC,368.94,379.22,325.02,335.3,12577304
2022-11-25,SOL,668.99,695.55,633.32,659.88,13158224
2022-11-25,XRP,737.96,746.03,735.8,743.86,9152629
2022-11-26,ADA,1092.45,1116.46,1082.4,1106.41,5588163
2022-11-26,AVAX,1548.91,1584.22,1503.65,1538.97,15239547
2022-11-26,BCH,65.83,70.0,65.02,69.19,16836273
2022-11-26,BTC,1976.61,2103.74,1950.02,2077.15,3378533
2022-11-26,DOGE,7270.05,7380.78,7249.68,7360.41,1455303
2022-11-26,ETH,6122.2,6228.88,5832.91,5939.58,7239779
2022-11-26,LINK,946.43,959.33,915.2,928.09,15903242
2022-11-26,LTC,335.3,350.72,320.34,335.75,12225031
2022-11-26,SOL,659.88,671.13,651.25,662.5,6487719
2022-11-26,XRP,743.86,748.72,718.03,722.89,19015732
2022-11-27,ADA,1106.41,1133.39,1067.37,1094.35,7471106
2022-11-27,AVAX,1538.97,1665.99,1537.22,1664.25,7379536
2022-11-27,BCH,69.19,71.92,63.37,66.1,14696978
2022-11-27,BTC,2077.15,2086.54,1913.27,1922.66,18517069
2022-11-27,DOGE,7360.41,7836.39,7131.45,7607.43,2382211
2022-11-27,ETH,5939.58,5989.44,5912.55,5962.4,10408896
2022-11-27,LINK,928.09,929.92,899.47,901.29,18581382
2022-11-27,LTC,335.75,348.85,301.96,315.06,3611036
2022-11-27,SOL,662.5,672.11,648.07,657.69,8560651
2022-11-27,XRP,722.89,768.01,720.88,766.0,3738373
2022-11-28,ADA,1094.35,1132.36,1072.17,1110.17,15702335
2022-11-28,AVAX,1664.25,1667.59,1606.55,1609.89,12951534
2022-11-28,BCH,66.1,68.72,64.87,67.48,1188650
2022-11-28,BTC,1922.66,2117.5,1794.92,1989.77,2735805
2022-11-28,DOGE,7607.43,7781.09,7484.21,7657.87,1264621
2022-11-28,ETH,5962.4,6187.67,5926.65,6151.92,18822842
2022-11-28,LINK,901.29,977.94,882.23,958.88,15854717
2022-11-28,LTC,315.06,318.44,308.13,311.51,16656321
2022-11-28,SOL,657.69,731.35,635.96,709.62,8646233
2022-11-28,XRP,766.0,786.39,732.19,752.58,1559929
2022-11-29,ADA,1110.17,1124.1,1099.05,1112.98,5754288
2022-11-29,AVAX,1609.89,1677.06,1570.74,1637.9,15864514
2022-11-29,BCH,67.48,68.09,66.72,67.32,10459005
2022-11-29,BTC,1989.77,2092.79,1928.55,2031.57,18250396
2022-11-29,DOGE,7657.87,7898.82,7595.6,7836.55,18758344
2022-11-29,ETH,6151.92,6200.57,6023.28,6071.93,10329786
2022-11-29,LINK,958.88,995.82,955.2,992.14,16217741
2022-11-29,LTC,311.51,326.9,310.06,325.45,14741758
2022-11-29,SOL,709.62,735.25,692.89,718.51,3949093
2022-11-29,XRP,752.58,782.64,738.49,768.55,10307138
2022-11-30,ADA,1112.98,1164.5,1105.73,1157.25,5755355
2022-11-30,AVAX,1637.9,1713.66,1390.2,1465.95,17638406
2022-11-30,BCH,67.32,72.41,66.42,71.51,16720633
2022-11-30,BTC,2031.57,2041.12,1965.1,1974.64,16296621
2022-11-30,DOGE,7836.55,8125.14,7294.97,7583.56,4492397
2022-11-30,ETH,6071.93,6334.48,5959.87,6222.42,18272174
2022-11-30,LINK,992.14,1000.37,945.03,953.26,19142701
2022-11-30,LTC,325.45,328.75,320.49,323.79,8140494
2022-11-30,SOL,718.51,777.51,702.82,761.82,8024297
2022-11-30,XRP,768.55,788.43,754.44,774.32,2077400
2022-12-01,ADA,1157.25,1163.78,1135.41,1141.94,3861195
2022-12-01,AVAX,1465.95,1480.63,1359.25,1373.93,12186902
2022-12-01,BCH,71.51,73.09,71.21,72.79,11005669
2022-12-01,BTC,1974.64,1981.1,1970.64,1977.1,9948171
2022-12-01,DOGE,7583.56,7758.22,7489.25,7663.91,6733294
2022-12-01,ETH,6222.42,6289.94,6219.97,6287.49,6321860
2022-12-01,LINK,953.26,978.98,919.64,945.36,17417019
2022-12-01,LTC,323.79,374.97,321.38,372.56,9017955
2022-12-01,SOL,761.82,772.87,749.98,761.03,15064001
2022-12-01,XRP,774.32,780.28,721.41,727.37,4955321
2022-12-02,ADA,1141.94,1284.97,1093.46,1236.49,12475664
2022-12-02,AVAX,1373.93,1453.5,1326.88,1406.45,15227247
2022-12-02,BCH,72.79,74.44,72.33,73.97,5698217
2022-12-02,BTC,1977.1,1987.01,1957.33,1967.24,18698944
2022-12-02,DOGE,7663.91,7829.4,7553.66,7719.15,10701793
2022-12-02,ETH,6287.49,6483.6,6220.54,6416.66,15335284
2022-12-02,LINK,945.36,965.69,864.78,885.11,9068032
2022-12-02,LTC,372.56,376.6,349.56,353.59,9166875
2022-12-02,SOL,761.03,782.15,700.42,721.54,18732378
2022-12-02,XRP,727.37,732.4,714.87,719.91,12333819
2022-12-03,ADA,1236.49,1239.54,1225.71,1228.76,3453554
2022-12-03,AVAX,1406.45,1456.72,1389.92,1440.2,10000988
2022-12-03,BCH,73.97,74.05,69.42,69.5,10234677
2022-12-03,BTC,1967.24,2036.89,1956.66,2026.3,15589628
2022-12-03,DOGE,7719.15,7904.56,7445.3,7630.7,6355318
2022-12-03,ETH,6416.66,6545.48,6377.04,6505.86,5676049
2022-12-03,LINK,885.11,979.39,843.96,938.24,17184280
2022-12-03,LTC,353.59,365.42,351.0,362.82,14990598
2022-12-03,SOL,721.54,754.89,720.55,753.89,14153093
2022-12-03,XRP,719.91,734.45,710.68,725.22,4399851
2022-12-04,ADA,1228.76,1229.13,1192.32,1192.69,13474841
2022-12-04,AVAX,1440.2,1624.4,1415.26,1599.47,1355083
2022-12-04,BCH,69.5,73.0,67.1,70.59,11501435
2022-12-04,BTC,2026.3,2072.3,1954.6,2000.6,1534580
2022-12-04,DOGE,7630.7,8160.03,7473.15,8002.48,13686300
2022-12-04,ETH,6505.86,6550.98,6121.95,6167.07,11011173
2022-12-04,LINK,938.24,943.42,916.43,921.6,9803240
2022-12-04,LTC,362.82,365.31,343.02,345.5,8465248
2022-12-04,SOL,753.89,813.05,748.77,807.93,11871615
2022-12-04,XRP,725.22,735.39,714.88,725.06,4784157
2022-12-05,ADA,1192.69,1193.04,1118.19,1118.54,11113441
2022-12-05,AVAX,1599.47,1653.55,1546.06,1600.14,15394414
2022-12-05,BCH,70.59,74.82,67.61,71.84,13077942
2022-12-05,BTC,2000.6,2017.12,1863.27,1879.78,11251242
2022-12-05,DOGE,8002.48,8059.68,7870.83,7928.03,16191002
2022-12-05,ETH,6167.07,6307.81,5962.32,6103.06,13065269
2022-12-05,LINK,921.6,932.27,905.98,916.64,15219569
2022-12-05,LTC,345.5,347.82,317.23,319.55,12761734
2022-12-05,SOL,807.93,863.91,793.08,849.06,11511961
2022-12-05,XRP,725.06,761.76,703.52,740.22,18816828
2022-12-06,ADA,1118.54,1134.64,1068.33,1084.42,8275705
2022-12-06,AVAX,1600.14,1622.57,1587.35,1609.78,18377970
2022-12-06,BCH,71.84,72.67,70.53,71.36,3438410
2022-12-06,BTC,1879.78,2184.29,1862.66,2167.17,17865994
2022-12-06,DOGE,7928.03,8150.09,7873.58,8095.64,17525918
2022-12-06,ETH,6103.06,6251.12,6085.93,6233.99,4458031
2022-12-06,LINK,916.64,960.43,910.88,954.67,2559686
2022-12-06,LTC,319.55,325.24,279.42,285.11,13265603
2022-12-06,SOL,849.06,863.31,821.22,835.46,2874033
2022-12-06,XRP,740.22,764.5,723.41,747.68,7857537
2022-12-07,ADA,1084.42,1117.8,1073.11,1106.48,4111596
2022-12-07,AVAX,1609.78,1628.75,1591.82,1610.79,18088977
2022-12-07,BCH,71.36,73.19,70.14,71.97,17501366
2022-12-07,BTC,2167.17,2235.19,2166.6,2234.61,19044414
2022-12-07,DOGE,8095.64,8425.05,7973.3,8302.71,7743839
2022-12-07,ETH,6233.99,6318.37,5879.29,5963.66,18221524
2022-12-07,LINK,954.67,1015.06,952.36,1012.75,3003031
2022-12-07,LTC,285.11,296.21,249.59,260.69,11674768
2022-12-07,SOL,835.46,904.7,820.79,890.02,5411213
2022-12-07,XRP,747.68,764.57,742.97,759.85,4409140
2022-12-08,ADA,1106.48,1163.4,1092.76,1149.68,12674195
2022-12-08,AVAX,1610.79,1725.43,1601.09,1715.73,11148897
2022-12-08,BCH,71.97,74.11,70.22,72.36,9497758
2022-12-08,BTC,2234.61,2411.48,2221.47,2398.34,15931867
2022-12-08,DOGE,8302.71,8308.57,8158.55,8164.42,9705322
2022-12-08,ETH,5963.66,6025.22,5717.87,5779.43,7708626
2022-12-08,LINK,1012.75,1014.4,1008.54,1010.18,6209350
2022-12-08,LTC,260.69,287.69,259.38,286.38,17142080
2022-12-08,SOL,890.02,899.64,863.69,873.31,19725929
2022-12-08,XRP,759.85,803.64,681.12,724.91,6058860
2022-12-09,ADA,1149.68,1184.81,1132.68,1167.81,14334072
2022-12-09,AVAX,1715.73,1750.33,1506.53,1541.13,12355272
2022-12-09,BCH,72.36,74.74,72.02,74.41,2079604
2022-12-09,BTC,2398.34,2436.42,2299.59,2337.68,11318612
2022-12-09,DOGE,8164.42,8715.14,7792.48,8343.21,19691380
2022-12-09,ETH,5779.43,5848.03,5777.8,5846.41,12836833
2022-12-09,LINK,1010.18,1043.97,1005.6,1039.39,17541962
2022-12-09,LTC,286.38,312.49,282.8,308.91,5730860
2022-12-09,SOL,873.31,898.1,829.48,854.27,1767760
2022-12-09,XRP,724.91,755.82,712.24,743.15,10860299
2022-12-10,ADA,1167.81,1281.08,1129.44,1242.71,5936895
2022-12-10,AVAX,1541.13,1570.37,1484.94,1514.18,16656037
2022-12-10,BCH,74.41,75.32,73.58,74.49,4583792
2022-12-10,BTC,2337.68,2435.55,2168.85,2266.72,16501461
2022-12-10,DOGE,8343.21,8705.69,8184.74,8547.22,16084684
2022-12-10,ETH,5846.41,6205.08,5773.86,6132.54,1381994
2022-12-10,LINK,1039.39,1052.83,1032.09,1045.53,11925299
2022-12-10,LTC,308.91,329.05,307.6,327.74,4198201
2022-12-10,SOL,854.27,883.06,835.03,863.82,10830290
2022-12-10,XRP,743.15,798.16,732.18,787.19,11022760
2022-12-11,ADA,1242.71,1366.54,1232.3,1356.13,4185789
2022-12-11,AVAX,1514.18,1657.49,1491.16,1634.47,13148106
2022-12-11,BCH,74.49,79.56,74.11,79.17,9971860
2022-12-11,BTC,2266.72,2277.37,2260.91,2271.56,6479057
2022-12-11,DOGE,8547.22,8555.77,8214.71,8223.26,2707625
2022-12-11,ETH,6132.54,6225.75,6117.0,6210.21,9192179
2022-12-11,LINK,1045.53,1058.32,992.43,1005.22,12952917
2022-12-11,LTC,327.74,341.41,306.46,320.13,5844041
2022-12-11,SOL,863.82,931.8,856.98,924.96,18201993
2022-12-11,XRP,787.19,787.3,770.48,770.59,19900270
2022-12-12,ADA,1356.13,1399.82,1355.08,1398.77,10588273
2022-12-12,AVAX,1634.47,1657.54,1486.72,1509.79,2056146
2022-12-12,BCH,79.17,84.18,76.91,81.92,17500409
2022-12-12,BTC,2271.56,2293.64,2218.69,2240.77,3039230
2022-12-12,DOGE,8223.26,8810.05,8081.82,8668.6,16878585
2022-12-12,ETH,6210.21,6279.08,6014.25,6083.11,19615252
2022-12-12,LINK,1005.22,1019.89,958.21,972.88,11036754
2022-12-12,LTC,320.13,321.89,314.03,315.79,1545649
2022-12-12,SOL,924.96,933.46,842.51,851.02,1587315
2022-12-12,XRP,770.59,798.14,741.61,769.16,9221726
2022-12-13,ADA,1398.77,1411.11,1357.36,1369.7,9451853
2022-12-13,AVAX,1509.79,1577.97,1463.55,1531.74,16445066
2022-12-13,BCH,81.92,85.41,73.81,77.31,3927854
2022-12-13,BTC,2240.77,2399.66,2235.96,2394.85,14144608
2022-12-13,DOGE,8668.6,8798.68,8276.68,8406.76,18486481
2022-12-13,ETH,6083.11,6161.19,5637.75,5715.83,18025325
2022-12-13,LINK,972.88,996.06,889.76,912.94,1923404
2022-12-13,LTC,315.79,325.05,295.9,305.16,5632509
2022-12-13,SOL,851.02,940.17,819.78,908.94,15217678
2022-12-13,XRP,769.16,781.37,708.1,720.3,10682438
2022-12-14,ADA,1369.7,1406.59,1309.52,1346.42,9297090
2022-12-14,AVAX,1531.74,1748.02,1510.4,1726.68,18609600
2022-12-14,BCH,77.31,77.61,68.74,69.03,16892839
2022-12-14,BTC,2394.85,2512.23,2337.07,2454.45,18441017
2022-12-14,DOGE,8406.76,9031.28,8318.66,8943.19,15840686
2022-12-14,ETH,5715.83,5796.65,5692.34,5773.16,6205507
2022-12-14,LINK,912.94,926.07,877.8,890.93,19624922
2022-12-14,LTC,305.16,349.19,300.58,344.6,16082175
2022-12-14,SOL,908.94,976.05,868.06,935.17,11342819
2022-12-14,XRP,720.3,730.65,712.49,722.84,1352183
2022-12-15,ADA,1346.42,1359.13,1315.07,1327.78,12316690
2022-12-15,AVAX,1726.68,1816.47,1716.72,1806.51,2253919
2022-12-15,BCH,69.03,71.31,64.26,66.54,17098908
2022-12-15,BTC,2454.45,2476.81,2428.23,2450.6,17646538
2022-12-15,DOGE,8943.19,9003.29,8447.77,8507.87,7044642
2022-12-15,ETH,5773.16,5885.1,5710.97,5822.91,18694489
2022-12-15,LINK,890.93,892.53,876.76,878.36,14153961
2022-12-15,LTC,344.6,373.84,320.52,349.76,18840109
2022-12-15,SOL,935.17,969.15,864.7,898.68,19240345
2022-12-15,XRP,722.84,738.35,704.62,720.13,7269331
2022-12-16,ADA,1327.78,1399.29,1315.6,1387.12,10312838
2022-12-16,AVAX,1806.51,1853.71,1643.54,1690.74,1821160
2022-12-16,BCH,66.54,72.17,63.96,69.6,12148630
2022-12-16,BTC,2450.6,2588.79,2353.58,2491.78,7559869
2022-12-16,DOGE,8507.87,8515.85,8265.8,8273.77,17668066
2022-12-16,ETH,5822.91,5855.11,5790.82,5823.02,8938561
2022-12-16,LINK,878.36,901.7,834.67,858.01,13131527
2022-12-16,LTC,349.76,356.5,348.53,355.28,11869304
2022-12-16,SOL,898.68,949.17,870.74,921.23,16463731
2022-12-16,XRP,720.13,731.34,655.08,666.29,14721133
2022-12-17,ADA,1387.12,1456.76,1356.35,1425.99,14270924
2022-12-17,AVAX,1690.74,1847.12,1633.83,1790.21,7254643
2022-12-17,BCH,69.6,70.96,69.37,70.74,13577143
2022-12-17,BTC,2491.78,2623.53,2442.68,2574.43,13301345
2022-12-17,DOGE,8273.77,8312.17,7992.26,8030.66,16611773
2022-12-17,ETH,5823.02,5857.84,5806.13,5840.94,7881363
2022-12-17,LINK,858.01,880.89,836.76,859.64,3554511
2022-12-17,LTC,355.28,361.74,340.17,346.63,13675592
2022-12-17,SOL,921.23,942.68,916.52,937.97,11567842
2022-12-17,XRP,666.29,700.65,657.7,692.06,3242394
2022-12-18,ADA,1425.99,1476.73,1403.35,1454.09,18411334
2022-12-18,AVAX,1790.21,1942.1,1786.88,1938.76,9808380
2022-12-18,BCH,70.74,71.72,67.9,68.88,12180330
2022-12-18,BTC,2574.43,2837.6,2488.03,2751.21,4033872
2022-12-18,DOGE,8030.66,8124.39,7714.28,7808.01,8175940
2022-12-18,ETH,5840.94,6037.2,5568.31,5764.56,10726754
2022-12-18,LINK,859.64,864.42,853.86,858.64,5649932
2022-12-18,LTC,346.63,357.56,338.26,349.18,6508481
2022-12-18,SOL,937.97,949.79,904.17,915.99,5602477
2022-12-18,XRP,692.06,703.1,688.36,699.4,9640807
2022-12-19,ADA,1454.09,1467.14,1453.62,1466.67,3727791
2022-12-19,AVAX,1938.76,1953.38,1862.65,1877.26,6689564
2022-12-19,BCH,68.88,70.93,65.36,67.41,3445312
2022-12-19,BTC,2751.21,2876.31,2692.34,2817.44,9055248
2022-12-19,DOGE,7808.01,8032.16,7572.81,7796.96,4834502
2022-12-19,ETH,5764.56,5799.42,5756.9,5791.76,19701978
2022-12-19,LINK,858.64,872.57,852.12,866.05,2309942
2022-12-19,LTC,349.18,389.63,346.31,386.76,5292500
2022-12-19,SOL,915.99,924.84,910.33,919.18,18623472
2022-12-19,XRP,699.4,724.5,698.85,723.95,7423883
2022-12-20,ADA,1466.67,1503.89,1448.93,1486.15,14241816
2022-12-20,AVAX,1877.26,2045.91,1800.26,1968.91,11866995
2022-12-20,BCH,67.41,68.07,63.65,64.32,11436215
2022-12-20,BTC,2817.44,2854.21,2689.63,2726.39,4169842
2022-12-20,DOGE,7796.96,8105.64,7668.07,7976.75,12630907
2022-12-20,ETH,5791.76,6023.51,5662.28,5894.03,9162683
2022-12-20,LINK,866.05,911.14,853.93,899.02,7063672
2022-12-20,LTC,386.76,413.69,381.15,408.08,11076906
2022-12-20,SOL,919.18,919.47,853.22,853.52,16437808
2022-12-20,XRP,723.95,797.94,684.56,758.55,16278184
2022-12-21,ADA,1486.15,1512.44,1437.2,1463.49,12873989
2022-12-21,AVAX,1968.91,2242.85,1933.41,2207.34,18420544
2022-12-21,BCH,64.32,69.62,62.25,67.55,12028282
2022-12-21,BTC,2726.39,2917.18,2665.33,2856.12,16799548
2022-12-21,DOGE,7976.75,8199.17,7752.16,7974.58,11868773
2022-12-21,ETH,5894.03,5909.55,5833.53,5849.05,7391483
2022-12-21,LINK,899.02,899.42,859.39,859.79,19969227
2022-12-21,LTC,408.08,416.78,395.05,403.75,5433611
2022-12-21,SOL,853.52,887.06,756.96,790.5,10101007
2022-12-21,XRP,758.55,848.69,731.67,821.81,1244615
2022-12-22,ADA,1463.49,1473.44,1410.72,1420.67,15885042
2022-12-22,AVAX,2207.34,2318.79,2164.87,2276.31,3825330
2022-12-22,BCH,67.55,69.42,60.2,62.07,8269385
2022-12-22,BTC,2856.12,2973.18,2827.96,2945.02,12951789
2022-12-22,DOGE,7974.58,8083.17,7818.2,7926.79,17574167
2022-12-22,ETH,5849.05,6113.14,5779.28,6043.37,4173654
2022-12-22,LINK,859.79,869.59,819.88,829.68,4232421
2022-12-22,LTC,403.75,422.08,379.79,398.12,10887054
2022-12-22,SOL,790.5,812.42,759.38,781.31,15162050
2022-12-22,XRP,821.81,894.53,808.7,881.42,19266268
2022-12-23,ADA,1420.67,1452.03,1418.37,1449.74,5955883
2022-12-23,AVAX,2276.31,2448.58,2175.44,2347.7,10219432
2022-12-23,BCH,62.07,63.06,61.31,62.3,8237445
2022-12-23,BTC,2945.02,3054.83,2926.65,3036.47,9650624
2022-12-23,DOGE,7926.79,8098.53,7723.8,7895.54,9300946
2022-12-23,ETH,6043.37,6153.93,5715.34,5825.9,15101237
2022-12-23,LINK,829.68,852.78,829.67,852.78,8916513
2022-12-23,LTC,398.12,410.92,367.1,379.9,11494319
2022-12-23,SOL,781.31,788.57,773.32,780.58,18966648
2022-12-23,XRP,881.42,1001.84,854.98,975.4,12626864
2022-12-24,ADA,1449.74,1575.63,1419.89,1545.78,6392031
2022-12-24,AVAX,2347.7,2389.22,2196.11,2237.63,18306779
2022-12-24,BCH,62.3,63.4,60.94,62.04,19225041
2022-12-24,BTC,3036.47,3190.81,2975.2,3129.53,19279100
2022-12-24,DOGE,7895.54,7919.72,7825.17,7849.34,16982525
2022-12-24,ETH,5825.9,5839.67,5660.56,5674.34,12283817
2022-12-24,LINK,852.78,866.42,803.71,817.35,17486221
2022-12-24,LTC,379.9,395.97,379.33,395.39,16394754
2022-12-24,SOL,780.58,790.94,677.7,688.06,1102780
2022-12-24,XRP,975.4,976.84,968.49,969.93,9829302
2022-12-25,ADA,1545.78,1649.19,1527.07,1630.48,14050769
2022-12-25,AVAX,2237.63,2268.9,1963.76,1995.04,6407673
2022-12-25,BCH,62.04,65.23,59.67,62.86,4535421
2022-12-25,BTC,3129.53,3172.46,2908.18,2951.11,12314049
2022-12-25,DOGE,7849.34,8217.96,7516.74,7885.35,9392498
2022-12-25,ETH,5674.34,5702.36,5463.24,5491.27,5635390
2022-12-25,LINK,817.35,860.53,809.63,852.82,5359293
2022-12-25,LTC,395.39,406.81,356.46,367.88,15914433
2022-12-25,SOL,688.06,698.8,657.04,667.78,19188846
2022-12-25,XRP,969.93,1007.27,932.13,969.47,19227756
2022-12-26,ADA,1630.48,1642.78,1578.91,1591.21,5615740
2022-12-26,AVAX,1995.04,1999.74,1852.95,1857.66,5299896
2022-12-26,BCH,62.86,62.92,58.08,58.13,1126508
2022-12-26,BTC,2951.11,3049.02,2946.7,3044.62,9448988
2022-12-26,DOGE,7885.35,7892.56,7851.44,7858.66,8387911
2022-12-26,ETH,5491.27,5540.12,5194.4,5243.25,3752546
2022-12-26,LINK,852.82,853.71,837.34,838.24,3754937
2022-12-26,LTC,367.88,384.3,310.2,326.61,7080839
2022-12-26,SOL,667.78,684.46,642.77,659.45,9939775
2022-12-26,XRP,969.47,990.93,901.72,923.18,16155348
2022-12-27,ADA,1591.21,1628.57,1458.02,1495.38,3342949
2022-12-27,AVAX,1857.66,1914.57,1748.44,1805.34,9190364
2022-12-27,BCH,58.13,58.28,55.59,55.74,15886382
2022-12-27,BTC,3044.62,3093.71,2919.33,2968.42,19886879
2022-12-27,DOGE,7858.66,8073.27,7313.47,7528.08,19480528
2022-12-27,ETH,5243.25,5363.98,5024.6,5145.33,12950464
2022-12-27,LINK,838.24,914.5,805.86,882.13,10678334
2022-12-27,LTC,326.61,341.16,318.34,332.88,18978192
2022-12-27,SOL,659.45,662.43,585.69,588.66,16588708
2022-12-27,XRP,923.18,923.72,922.91,923.45,6459199
2022-12-28,ADA,1495.38,1551.09,1459.74,1515.45,16403492
2022-12-28,AVAX,1805.34,2026.44,1682.76,1903.86,7787910
2022-12-28,BCH,55.74,57.27,52.55,54.08,2893938
2022-12-28,BTC,2968.42,3031.0,2834.11,2896.69,17629701
2022-12-28,DOGE,7528.08,7679.14,7097.18,7248.25,18150900
2022-12-28,ETH,5145.33,5186.69,5076.48,5117.84,17966333
2022-12-28,LINK,882.13,885.11,877.69,880.67,2060132
2022-12-28,LTC,332.88,336.16,330.25,333.52,5218232
2022-12-28,SOL,588.66,609.15,555.55,576.03,8977604
2022-12-28,XRP,923.45,937.2,911.31,925.05,15404627
2022-12-29,ADA,1515.45,1528.0,1436.04,1448.59,10776616
2022-12-29,AVAX,1903.86,1913.85,1827.01,1836.99,4084416
2022-12-29,BCH,54.08,54.59,51.36,51.87,17740555
2022-12-29,BTC,2896.69,3030.93,2592.39,2726.64,2576472
2022-12-29,DOGE,7248.25,7272.63,6784.68,6809.06,13087350
2022-12-29,ETH,5117.84,5171.19,5099.4,5152.75,13377265
2022-12-29,LINK,880.67,913.07,874.96,907.36,19113060
2022-12-29,LTC,333.52,365.89,327.92,360.29,5615628
2022-12-29,SOL,576.03,581.65,527.81,533.43,11276468
2022-12-29,XRP,925.05,974.65,835.04,884.65,5090474
2022-12-30,ADA,1448.59,1466.31,1319.59,1337.32,12921386
2022-12-30,AVAX,1836.99,2085.92,1724.47,1973.4,5018081
2022-12-30,BCH,51.87,54.62,47.59,50.34,5787604
2022-12-30,BTC,2726.64,2801.19,2451.44,2525.99,13831553
2022-12-30,DOGE,6809.06,6845.75,6707.74,6744.43,10057043
2022-12-30,ETH,5152.75,5219.75,5112.31,5179.32,13238523
2022-12-30,LINK,907.36,953.06,883.14,928.84,9515366
2022-12-30,LTC,360.29,428.25,339.84,407.8,18895771
2022-12-30,SOL,533.43,556.0,515.06,537.64,13855101
2022-12-30,XRP,884.65,915.28,868.98,899.62,15601957
2022-12-31,ADA,1337.32,1431.24,1304.53,1398.45,15512318
2022-12-31,AVAX,1973.4,2133.49,1906.55,2066.65,16045928
2022-12-31,BCH,50.34,50.35,46.67,46.68,2067508
2022-12-31,BTC,2525.99,2606.76,2516.77,2597.55,13905897
2022-12-31,DOGE,6744.43,6792.19,6574.35,6622.1,11054662
2022-12-31,ETH,5179.32,5321.24,5174.71,5316.64,17363108
2022-12-31,LINK,928.84,932.23,880.17,883.56,17023208
2022-12-31,LTC,407.8,418.89,406.94,418.03,5767330
2022-12-31,SOL,537.64,539.39,512.5,514.25,3808278
2022-12-31,XRP,899.62,907.28,869.03,876.7,10857414
2023-01-01,ADA,1398.45,1443.35,1378.95,1423.85,15466662
2023-01-01,AVAX,2066.65,2146.58,2062.44,2142.36,13083203
2023-01-01,BCH,46.68,47.05,43.41,43.77,12558004
2023-01-01,BTC,2597.55,2832.41,2583.86,2818.72,14211558
2023-01-01,DOGE,6622.1,6695.15,6326.34,6399.38,3815224
2023-01-01,ETH,5316.64,5388.86,5307.37,5379.6,4653958
2023-01-01,LINK,883.56,886.24,879.51,882.19,19551873
2023-01-01,LTC,418.03,472.12,386.76,440.85,8732722
2023-01-01,SOL,514.25,517.15,484.16,487.07,6987599
2023-01-01,XRP,876.7,880.33,818.22,821.86,16254029
2023-01-02,ADA,1423.85,1512.53,1400.95,1489.63,15356068
2023-01-02,AVAX,2142.36,2189.92,2053.08,2100.64,13959681
2023-01-02,BCH,43.77,44.35,41.3,41.88,15332918
2023-01-02,BTC,2818.72,2881.18,2786.39,2848.85,1671731
2023-01-02,DOGE,6399.38,6472.39,6345.73,6418.74,9054571
2023-01-02,ETH,5379.6,5424.35,5209.71,5254.45,6303928
2023-01-02,LINK,882.19,903.24,875.84,896.88,8359770
2023-01-02,LTC,440.85,467.52,423.44,450.11,12252176
2023-01-02,SOL,487.07,512.66,482.28,507.87,4738516
2023-01-02,XRP,821.86,826.43,807.89,812.46,16364686
2023-01-03,ADA,1489.63,1540.57,1464.05,1514.99,7713828
2023-01-03,AVAX,2100.64,2180.37,2016.13,2095.86,1552856
2023-01-03,BCH,41.88,43.06,41.48,42.67,14753263
2023-01-03,BTC,2848.85,2943.41,2835.17,2929.73,7731360
2023-01-03,DOGE,6418.74,6590.2,6411.84,6583.3,2364358
2023-01-03,ETH,5254.45,5306.25,5158.4,5210.2,5258139
2023-01-03,LINK,896.88,954.67,890.52,948.31,19534081
2023-01-03,LTC,450.11,461.6,416.42,427.91,17318039
2023-01-03,SOL,507.87,527.68,479.35,499.17,15954914
2023-01-03,XRP,812.46,832.87,747.21,767.63,4953060
2023-01-04,ADA,1514.99,1541.34,1450.0,1476.35,2942579
2023-01-04,AVAX,2095.86,2294.59,2061.28,2260.0,3460288
2023-01-04,BCH,42.67,43.46,41.45,42.25,12877122
2023-01-04,BTC,2929.73,2969.52,2910.94,2950.73,17321900
2023-01-04,DOGE,6583.3,6652.29,6391.09,6460.08,13416299
2023-01-04,ETH,5210.2,5230.54,4992.36,5012.7,4354107
2023-01-04,LINK,948.31,977.3,938.86,967.85,2657792
2023-01-04,LTC,427.91,437.46,395.89,405.44,13998901
2023-01-04,SOL,499.17,565.31,480.86,547.0,11435156
2023-01-04,XRP,767.63,791.14,763.41,786.93,12943641
2023-01-05,ADA,1476.35,1530.39,1452.74,1506.78,19741226
2023-01-05,AVAX,2260.0,2345.2,2218.59,2303.78,6056005
2023-01-05,BCH,42.25,42.73,42.23,42.72,15624985
2023-01-05,BTC,2950.73,2956.14,2832.02,2837.43,2256444
2023-01-05,DOGE,6460.08,6539.83,6343.74,6423.49,8789717
2023-01-05,ETH,5012.7,5016.36,4974.64,4978.3,10243085
2023-01-05,LINK,967.85,977.07,916.75,925.96,15178576
2023-01-05,LTC,405.44,437.6,394.48,426.64,5346769
2023-01-05,SOL,547.0,551.47,543.45,547.92,3016454
2023-01-05,XRP,786.93,826.91,773.05,813.03,14580015
2023-01-06,ADA,1506.78,1594.13,1483.25,1570.61,4433765
2023-01-06,AVAX,2303.78,2547.73,2228.07,2472.02,8735370
2023-01-06,BCH,42.72,43.79,38.7,39.77,13817281
2023-01-06,BTC,2837.43,2947.22,2748.17,2857.96,3914817
2023-01-06,DOGE,6423.49,6533.56,6281.24,6391.31,8889020
2023-01-06,ETH,4978.3,5086.86,4926.82,5035.39,18791820
2023-01-06,LINK,925.96,971.9,920.9,966.84,11151129
2023-01-06,LTC,426.64,438.03,412.32,423.7,3172275
2023-01-06,SOL,547.92,601.68,537.56,591.32,3549037
2023-01-06,XRP,813.03,821.68,810.18,818.83,19838654
2023-01-07,ADA,1570.61,1645.99,1505.08,1580.46,17391612
2023-01-07,AVAX,2472.02,2532.16,2432.81,2492.96,15432244
2023-01-07,BCH,39.77,42.14,39.56,41.93,3100085
2023-01-07,BTC,2857.96,2901.81,2670.96,2714.81,1273690
2023-01-07,DOGE,6391.31,6465.84,6099.61,6174.14,4525749
2023-01-07,ETH,5035.39,5254.22,5003.84,5222.67,17175569
2023-01-07,LINK,966.84,970.16,935.91,939.23,14730595
2023-01-07,LTC,423.7,450.51,418.5,445.31,5813592
2023-01-07,SOL,591.32,635.23,587.83,631.74,1531999
2023-01-07,XRP,818.83,829.97,791.64,802.78,5336567
2023-01-08,ADA,1580.46,1596.69,1535.17,1551.4,17017691
2023-01-08,AVAX,2492.96,2511.32,2310.0,2328.36,11616084
2023-01-08,BCH,41.93,42.13,37.94,38.14,4881301
2023-01-08,BTC,2714.81,2798.76,2627.5,2711.45,15316571
2023-01-08,DOGE,6174.14,6264.93,6010.99,6101.77,19097091
2023-01-08,ETH,5222.67,5279.07,5013.03,5069.43,10643606
2023-01-08,LINK,939.23,964.03,906.39,931.19,17588796
2023-01-08,LTC,445.31,448.11,395.14,397.94,17439430
2023-01-08,SOL,631.74,642.88,601.07,612.21,18465065
2023-01-08,XRP,802.78,810.35,759.15,766.72,16777810
2023-01-09,ADA,1551.4,1606.13,1508.79,1563.52,10148791
2023-01-09,AVAX,2328.36,2436.09,2326.34,2434.07,13096823
2023-01-09,BCH,38.14,40.07,37.95,39.88,13194524
2023-01-09,BTC,2711.45,2884.97,2674.01,2847.53,1620355
2023-01-09,DOGE,6101.77,6134.6,5801.11,5833.94,19846018
2023-01-09,ETH,5069.43,5128.75,5031.23,5090.55,12215842
2023-01-09,LINK,931.19,936.21,902.26,907.28,17945992
2023-01-09,LTC,397.94,452.3,393.06,447.42,12024022
2023-01-09,SOL,612.21,673.58,590.91,652.28,17984745
2023-01-09,XRP,766.72,785.98,735.34,754.6,5736729
2023-01-10,ADA,1563.52,1572.96,1359.55,1369.0,17546350
2023-01-10,AVAX,2434.07,2513.48,2360.3,2439.71,2374125
2023-01-10,BCH,39.88,40.63,36.85,37.61,2052466
2023-01-10,BTC,2847.53,2977.04,2753.33,2882.83,17029489
2023-01-10,DOGE,5833.94,5860.91,5761.93,5788.9,1429736
2023-01-10,ETH,5090.55,5131.99,5030.3,5071.74,8731044
2023-01-10,LINK,907.28,947.94,896.68,937.34,18515009
2023-01-10,LTC,447.42,508.92,427.48,488.98,1677466
2023-01-10,SOL,652.28,668.33,591.68,607.73,13962265
2023-01-10,XRP,754.6,866.8,733.73,845.93,11492193
2023-01-11,ADA,1369.0,1373.94,1353.09,1358.03,5372960
2023-01-11,AVAX,2439.71,2637.31,2335.41,2533.01,19186877
2023-01-11,BCH,37.61,37.7,35.18,35.26,6764819
2023-01-11,BTC,2882.83,2938.06,2805.83,2861.05,11893801
2023-01-11,DOGE,5788.9,5936.6,5321.55,5469.24,11723397
2023-01-11,ETH,5071.74,5082.69,4963.42,4974.36,17333706
2023-01-11,LINK,937.34,945.73,903.31,911.71,9894998
2023-01-11,LTC,488.98,530.99,472.09,514.11,12075373
2023-01-11,SOL,607.73,638.86,598.03,629.17,18408240
2023-01-11,XRP,845.93,846.95,799.84,800.86,8917784
2023-01-12,ADA,1358.03,1377.84,1345.51,1365.31,7099587
2023-01-12,AVAX,2533.01,2569.86,2454.37,2491.22,11948710
2023-01-12,BCH,35.26,35.94,31.21,31.9,11405416
2023-01-12,BTC,2861.05,2913.64,2835.19,2887.78,6260443
2023-01-12,DOGE,5469.24,5807.89,5340.51,5679.16,18559383
2023-01-12,ETH,4974.36,4981.33,4805.42,4812.4,12691256
2023-01-12,LINK,911.71,933.86,904.9,927.05,13880317
2023-01-12,LTC,514.11,517.17,488.41,491.48,5805970
2023-01-12,SOL,629.17,648.02,562.49,581.34,1326339
2023-01-12,XRP,800.86,829.55,779.99,808.68,12769022
2023-01-13,ADA,1365.31,1423.88,1354.83,1413.39,16442192
2023-01-13,AVAX,2491.22,2503.32,2355.97,2368.07,18150841
2023-01-13,BCH,31.9,31.9,30.47,30.48,3837987
2023-01-13,BTC,2887.78,3044.66,2770.31,2927.19,17176239
2023-01-13,DOGE,5679.16,5864.51,5660.3,5845.64,15558838
2023-01-13,ETH,4812.4,4993.72,4711.41,4892.74,5247480
2023-01-13,LINK,927.05,930.18,920.27,923.41,13178135
2023-01-13,LTC,491.48,530.22,489.31,528.05,9905062
2023-01-13,SOL,581.34,585.41,537.1,541.17,13961640
2023-01-13,XRP,808.68,815.67,787.2,794.19,4724027
2023-01-14,ADA,1413.39,1442.03,1360.95,1389.6,14288814
2023-01-14,AVAX,2368.07,2526.59,2350.29,2508.82,19940699
2023-01-14,BCH,30.48,30.93,28.0,28.45,19957863
2023-01-14,BTC,2927.19,3099.75,2815.93,2988.49,11821091
2023-01-14,DOGE,5845.64,5901.06,5711.28,5766.7,19372033
2023-01-14,ETH,4892.74,4939.72,4790.44,4837.41,2212810
2023-01-14,LINK,923.41,927.92,909.42,913.93,7566852
2023-01-14,LTC,528.05,559.86,514.02,545.83,11854706
2023-01-14,SOL,541.17,559.11,526.61,544.55,6294410
2023-01-14,XRP,794.19,827.67,748.03,781.52,5455429
2023-01-15,ADA,1389.6,1436.61,1290.84,1337.85,7848597
2023-01-15,AVAX,2508.82,2513.12,2466.27,2470.57,12823435
2023-01-15,BCH,28.45,28.52,27.47,27.54,8367013
2023-01-15,BTC,2988.49,3237.5,2925.52,3174.54,10244977
2023-01-15,DOGE,5766.7,5995.73,5623.99,5853.02,8161340
2023-01-15,ETH,4837.41,5010.44,4835.0,5008.02,2322880
2023-01-15,LINK,913.93,934.69,891.92,912.68,19586878
2023-01-15,LTC,545.83,555.41,516.7,526.27,16681374
2023-01-15,SOL,544.55,552.63,530.81,538.9,7887121
2023-01-15,XRP,781.52,792.97,776.75,788.2,12255201
2023-01-16,ADA,1337.85,1441.33,1322.03,1425.51,7152488
2023-01-16,AVAX,2470.57,2565.01,2406.15,2500.59,11689717
2023-01-16,BCH,27.54,28.34,26.89,27.68,18793629
2023-01-16,BTC,3174.54,3418.9,3112.68,3357.04,1198338
2023-01-16,DOGE,5853.02,5881.19,5852.04,5880.21,18068566
2023-01-16,ETH,5008.02,5079.16,4888.87,4960.01,19543037
2023-01-16,LINK,912.68,931.61,859.33,878.26,7781598
2023-01-16,LTC,526.27,545.13,522.71,541.57,4265651
2023-01-16,SOL,538.9,539.95,490.15,491.2,4766447
2023-01-16,XRP,788.2,795.58,757.81,765.19,1870029
2023-01-17,ADA,1425.51,1545.02,1418.33,1537.84,18921405
2023-01-17,AVAX,2500.59,2503.14,2380.05,2382.6,3313517
2023-01-17,BCH,27.68,29.75,27.29,29.36,3702613
2023-01-17,BTC,3357.04,3404.32,3310.46,3357.74,16238037
2023-01-17,DOGE,5880.21,6033.88,5677.8,5831.46,1816964
2023-01-17,ETH,4960.01,5029.74,4902.9,4972.63,13257077
2023-01-17,LINK,878.26,893.31,813.92,828.97,14120354
2023-01-17,LTC,541.57,546.11,514.04,518.59,11032171
2023-01-17,SOL,491.2,513.48,480.5,502.78,3622962
2023-01-17,XRP,765.19,792.19,753.5,780.51,7172013
2023-01-18,ADA,1537.84,1619.61,1497.64,1579.41,3758248
2023-01-18,AVAX,2382.6,2598.96,2351.6,2567.96,19543339
2023-01-18,BCH,29.36,29.38,28.31,28.33,14611347
2023-01-18,BTC,3357.74,3404.14,3206.94,3253.35,4068698
2023-01-18,DOGE,5831.46,5886.27,5543.84,5598.65,11126468
2023-01-18,ETH,4972.63,5067.72,4855.79,4950.89,15494565
2023-01-18,LINK,828.97,842.06,802.13,815.22,18022484
2023-01-18,LTC,518.59,528.78,499.31,509.51,17528741
2023-01-18,SOL,502.78,518.6,491.03,506.85,5625763
2023-01-18,XRP,780.51,798.96,755.94,774.39,6180292
2023-01-19,ADA,1579.41,1688.26,1579.39,1688.24,8410406
2023-01-19,AVAX,2567.96,2625.06,2542.9,2600.0,7734795
2023-01-19,BCH,28.33,29.31,26.56,27.54,3870390
2023-01-19,BTC,3253.35,3337.0,3179.63,3263.29,4946067
2023-01-19,DOGE,5598.65,5698.45,5268.45,5368.25,14367103
2023-01-19,ETH,4950.89,5144.23,4879.82,5073.16,18772103
2023-01-19,LINK,815.22,821.14,718.76,724.69,18728043
2023-01-19,LTC,509.51,518.69,462.72,471.91,10055415
2023-01-19,SOL,506.85,529.74,502.52,525.42,4239284
2023-01-19,XRP,774.39,793.63,739.26,758.51,8365016
2023-01-20,ADA,1688.24,1783.01,1656.29,1751.06,12116862
2023-01-20,AVAX,2600.0,2643.04,2305.06,2348.1,16777080
2023-01-20,BCH,27.54,28.46,27.29,28.2,5411543
2023-01-20,BTC,3263.29,3311.77,2818.6,2867.08,5584853
2023-01-20,DOGE,5368.25,5467.68,5083.93,5183.36,1898863
2023-01-20,ETH,5073.16,5115.27,4887.58,4929.7,9103603
2023-01-20,LINK,724.69,737.5,663.85,676.66,13204140
2023-01-20,LTC,471.91,488.88,412.25,429.22,16362985
2023-01-20,SOL,525.42,532.29,491.9,498.77,19468047
2023-01-20,XRP,758.51,759.92,699.83,701.24,6258869
2023-01-21,ADA,1751.06,1875.41,1710.45,1834.79,13837171
2023-01-21,AVAX,2348.1,2685.37,2199.1,2536.38,16490487
2023-01-21,BCH,28.2,28.66,25.53,25.99,4868989
2023-01-21,BTC,2867.08,2925.23,2859.06,2917.21,19965339
2023-01-21,DOGE,5183.36,5277.07,5078.87,5172.59,3763880
2023-01-21,ETH,4929.7,5137.34,4891.76,5099.4,11778011
2023-01-21,LINK,676.66,707.92,668.97,700.23,15140077
2023-01-21,LTC,429.22,444.37,388.34,403.49,18152906
2023-01-21,SOL,498.77,539.44,483.49,524.15,10211811
2023-01-21,XRP,701.24,720.13,653.18,672.07,6663618
2023-01-22,ADA,1834.79,1864.0,1754.42,1783.63,11016005
2023-01-22,AVAX,2536.38,2556.34,2503.25,2523.21,16740759
2023-01-22,BCH,25.99,27.45,25.42,26.87,15108165
2023-01-22,BTC,2917.21,2960.59,2796.81,2840.19,4470804
2023-01-22,DOGE,5172.59,5245.91,4980.33,5053.66,12754536
2023-01-22,ETH,5099.4,5125.25,5054.32,5080.17,3613813
2023-01-22,LINK,700.23,710.94,622.51,633.21,9286322
2023-01-22,LTC,403.49,403.99,401.12,401.62,2194354
2023-01-22,SOL,524.15,527.19,510.6,513.63,12224639
2023-01-22,XRP,672.07,684.28,662.99,675.2,12097684
2023-01-23,ADA,1783.63,1832.53,1747.96,1796.86,2684891
2023-01-23,AVAX,2523.21,2710.36,2468.32,2655.47,12249876
2023-01-23,BCH,26.87,27.8,26.36,27.29,8185497
2023-01-23,BTC,2840.19,2846.25,2724.38,2730.44,9870186
2023-01-23,DOGE,5053.66,5509.77,4977.9,5434.01,14278562
2023-01-23,ETH,5080.17,5168.42,4758.02,4846.28,18561069
2023-01-23,LINK,633.21,652.19,629.51,648.48,4933989
2023-01-23,LTC,401.62,421.07,385.68,405.13,17918494
2023-01-23,SOL,513.63,535.12,490.78,512.27,10034829
2023-01-23,XRP,675.2,718.9,660.85,704.54,17710623
2023-01-24,ADA,1796.86,1857.92,1663.35,1724.41,13458708
2023-01-24,AVAX,2655.47,2886.19,2639.23,2869.95,17350224
2023-01-24,BCH,27.29,27.98,25.54,26.23,16275729
2023-01-24,BTC,2730.44,2950.98,2684.07,2904.61,3751369
2023-01-24,DOGE,5434.01,5493.04,5318.51,5377.54,15572721
2023-01-24,ETH,4846.28,4858.47,4682.58,4694.78,8378943
2023-01-24,LINK,648.48,671.85,646.11,669.48,5320895
2023-01-24,LTC,405.13,432.87,394.63,422.37,16979253
2023-01-24,SOL,512.27,516.1,485.76,489.6,11531686
2023-01-24,XRP,704.54,716.74,690.89,703.08,18771601
2023-01-25,ADA,1724.41,1816.61,1715.63,1807.84,16871665
2023-01-25,AVAX,2869.95,2880.9,2535.52,2546.47,19309331
2023-01-25,BCH,26.23,26.6,25.35,25.72,14469413
2023-01-25,BTC,2904.61,3043.82,2828.39,2967.6,15192499
2023-01-25,DOGE,5377.54,5415.94,5017.7,5056.1,16305273
2023-01-25,ETH,4694.78,4729.81,4660.21,4695.25,6857356
2023-01-25,LINK,669.48,695.93,660.33,686.79,17668568
2023-01-25,LTC,422.37,428.67,409.58,415.89,8838646
2023-01-25,SOL,489.6,539.98,469.27,519.65,10075991
2023-01-25,XRP,703.08,715.32,689.89,702.13,1303195
2023-01-26,ADA,1807.84,1891.46,1801.13,1884.76,13316532
2023-01-26,AVAX,2546.47,2740.59,2427.84,2621.96,10485371
2023-01-26,BCH,25.72,25.91,25.64,25.83,19489660
2023-01-26,BTC,2967.6,3021.41,2896.84,2950.66,19171960
2023-01-26,DOGE,5056.1,5080.15,4960.98,4985.02,13752640
2023-01-26,ETH,4695.25,4771.58,4631.71,4708.04,1331440
2023-01-26,LINK,686.79,701.73,682.73,697.66,2907458
2023-01-26,LTC,415.89,434.22,414.78,433.11,2793767
2023-01-26,SOL,519.65,534.6,514.21,529.17,9024367
2023-01-26,XRP,702.13,723.93,663.51,685.32,8008909
2023-01-27,ADA,1884.76,1890.27,1842.55,1848.05,3110510
2023-01-27,AVAX,2621.96,2637.93,2529.92,2545.89,18845696
2023-01-27,BCH,25.83,26.72,25.15,26.04,14869858
2023-01-27,BTC,2950.66,2983.71,2814.51,2847.56,19515621
2023-01-27,DOGE,4985.02,5134.48,4984.48,5133.93,5117275
2023-01-27,ETH,4708.04,4767.03,4694.29,4753.27,9741795
2023-01-27,LINK,697.66,725.08,694.36,721.78,19899020
2023-01-27,LTC,433.11,437.7,422.38,426.96,15516852
2023-01-27,SOL,529.17,549.13,523.6,543.57,4749474
2023-01-27,XRP,685.32,692.66,615.7,623.05,3018846
2023-01-28,ADA,1848.05,1875.25,1790.08,1817.28,8067975
2023-01-28,AVAX,2545.89,2549.19,2474.96,2478.26,9148944
2023-01-28,BCH,26.04,26.54,25.83,26.33,17604719
2023-01-28,BTC,2847.56,2923.13,2822.21,2897.79,12092643
2023-01-28,DOGE,5133.93,5210.21,5129.73,5206.02,17741143
2023-01-28,ETH,4753.27,4790.41,4666.07,4703.21,7052137
2023-01-28,LINK,721.78,775.61,705.96,759.79,6407161
2023-01-28,LTC,426.96,444.43,423.08,440.55,1031558
2023-01-28,SOL,543.57,550.74,532.51,539.68,8517208
2023-01-28,XRP,623.05,638.72,622.49,638.16,16392694
2023-01-29,ADA,1817.28,1970.7,1774.82,1928.24,10755388
2023-01-29,AVAX,2478.26,2590.64,2418.16,2530.55,12099501
2023-01-29,BCH,26.33,26.52,25.63,25.82,15825051
2023-01-29,BTC,2897.79,2935.2,2886.81,2924.23,4177258
2023-01-29,DOGE,5206.02,5242.78,4861.22,4897.98,4100581
2023-01-29,ETH,4703.21,4704.88,4460.48,4462.16,1051466
2023-01-29,LINK,759.79,830.88,748.43,819.52,4512824
2023-01-29,LTC,440.55,485.82,407.9,453.17,13058665
2023-01-29,SOL,539.68,543.17,508.0,511.48,1834211
2023-01-29,XRP,638.16,670.58,631.61,664.03,18203888
2023-01-30,ADA,1928.24,1994.85,1914.7,1981.3,11182694
2023-01-30,AVAX,2530.55,2575.48,2500.83,2545.76,11706711
2023-01-30,BCH,25.82,26.32,24.21,24.71,16168685
2023-01-30,BTC,2924.23,3043.35,2835.68,2954.8,5881558
2023-01-30,DOGE,4897.98,4971.17,4813.86,4887.04,19830558
2023-01-30,ETH,4462.16,4697.48,4395.25,4630.57,13061154
2023-01-30,LINK,819.52,858.95,798.15,837.58,1147925
2023-01-30,LTC,453.17,469.92,446.36,463.12,9310807
2023-01-30,SOL,511.48,541.87,508.99,539.37,1439541
2023-01-30,XRP,664.03,681.89,662.59,680.45,3047991
2023-01-31,ADA,1981.3,2029.17,1963.56,2011.42,8279660
2023-01-31,AVAX,2545.76,2572.13,2299.9,2326.26,17513367
2023-01-31,BCH,24.71,25.3,23.83,24.41,13959088
2023-01-31,BTC,2954.8,2959.14,2790.82,2795.16,11168189
2023-01-31,DOGE,4887.04,4947.93,4860.55,4921.44,19718365
2023-01-31,ETH,4630.57,4689.26,4595.55,4654.24,18826496
2023-01-31,LINK,837.58,843.4,818.01,823.82,2579559
2023-01-31,LTC,463.12,476.59,438.53,452.0,1673766
2023-01-31,SOL,539.37,550.88,509.24,520.75,6724419
2023-01-31,XRP,680.45,716.0,611.83,647.38,11468902
2023-02-01,ADA,2011.42,2013.92,1886.94,1889.43,12920766
2023-02-01,AVAX,2326.26,2431.7,2258.83,2364.27,9983984
2023-02-01,BCH,24.41,26.58,23.83,26.0,10289916
2023-02-01,BTC,2795.16,2801.41,2774.86,2781.11,19334025
2023-02-01,DOGE,4921.44,4935.79,4915.34,4929.69,8121592
2023-02-01,ETH,4654.24,4689.57,4649.92,4685.25,6201389
2023-02-01,LINK,823.82,862.95,785.33,824.45,16711275
2023-02-01,LTC,452.0,475.37,450.22,473.59,15735569
2023-02-01,SOL,520.75,524.09,489.42,492.76,12369237
2023-02-01,XRP,647.38,657.62,624.43,634.68,6987268
2023-02-02,ADA,1889.43,1895.73,1887.18,1893.48,14053094
2023-02-02,AVAX,2364.27,2422.12,2308.73,2366.58,10580494
2023-02-02,BCH,26.0,26.91,24.96,25.87,18812540
2023-02-02,BTC,2781.11,2943.96,2768.93,2931.78,12924945
2023-02-02,DOGE,4929.69,4966.68,4892.42,4929.41,12622173
2023-02-02,ETH,4685.25,4793.16,4676.44,4784.35,5981297
2023-02-02,LINK,824.45,825.56,805.88,806.99,4674057
2023-02-02,LTC,473.59,476.81,466.55,469.76,2157545
2023-02-02,SOL,492.76,582.24,475.53,565.01,14536452
2023-02-02,XRP,634.68,656.64,633.02,654.99,17304363
2023-02-03,ADA,1893.48,1937.98,1886.94,1931.44,4314553
2023-02-03,AVAX,2366.58,2424.61,2105.09,2163.12,1605378
2023-02-03,BCH,25.87,26.6,24.86,25.58,8452710
2023-02-03,BTC,2931.78,3066.73,2884.65,3019.6,2233444
2023-02-03,DOGE,4929.41,4949.94,4723.75,4744.28,5405194
2023-02-03,ETH,4784.35,4798.34,4729.83,4743.82,10662181
2023-02-03,LINK,806.99,816.78,796.96,806.75,19211190
2023-02-03,LTC,469.76,493.51,451.12,474.87,2103821
2023-02-03,SOL,565.01,580.49,559.48,574.96,16821766
2023-02-03,XRP,654.99,665.18,597.21,607.41,18293947
2023-02-04,ADA,1931.44,1956.63,1775.88,1801.07,18328797
2023-02-04,AVAX,2163.12,2530.56,2106.93,2474.36,12965607
2023-02-04,BCH,25.58,27.7,24.47,26.59,13997823
2023-02-04,BTC,3019.6,3258.72,2998.44,3237.56,3319894
2023-02-04,DOGE,4744.28,4799.77,4668.58,4724.07,15154023
2023-02-04,ETH,4743.82,4843.61,4734.55,4834.34,7531832
2023-02-04,LINK,806.75,852.33,795.57,841.15,16792253
2023-02-04,LTC,474.87,523.93,464.53,513.59,6169187
2023-02-04,SOL,574.96,576.89,559.96,561.89,18909178
2023-02-04,XRP,607.41,633.13,605.78,631.5,17343786
2023-02-05,ADA,1801.07,1846.13,1794.17,1839.23,15030020
2023-02-05,AVAX,2474.36,2557.7,2408.84,2492.18,4415664
2023-02-05,BCH,26.59,29.32,25.78,28.51,17814086
2023-02-05,BTC,3237.56,3419.57,3165.52,3347.52,18125875
2023-02-05,DOGE,4724.07,4797.84,4606.49,4680.25,15673922
2023-02-05,ETH,4834.34,4894.45,4634.57,4694.68,4695093
2023-02-05,LINK,841.15,865.91,822.28,847.04,13250378
2023-02-05,LTC,513.59,544.25,510.75,541.41,2568770
2023-02-05,SOL,561.89,583.36,506.78,528.25,14358723
2023-02-05,XRP,631.5,648.39,626.14,643.02,9893731
2023-02-06,ADA,1839.23,1876.77,1742.67,1780.21,14783502
2023-02-06,AVAX,2492.18,2680.05,2427.41,2615.28,9537121
2023-02-06,BCH,28.51,29.51,27.04,28.04,12331183
2023-02-06,BTC,3347.52,3466.95,3004.9,3124.33,5022683
2023-02-06,DOGE,4680.25,4769.29,4611.65,4700.69,9980444
2023-02-06,ETH,4694.68,4912.54,4690.72,4908.58,2951299
2023-02-06,LINK,847.04,853.22,821.96,828.14,4698161
2023-02-06,LTC,541.41,555.8,493.58,507.98,13533808
2023-02-06,SOL,528.25,567.54,518.64,557.93,3519661
2023-02-06,XRP,643.02,655.36,612.01,624.34,4288502
2023-02-07,ADA,1780.21,1872.76,1770.46,1863.01,11055400
2023-02-07,AVAX,2615.28,2994.82,2437.67,2817.21,3663511
2023-02-07,BCH,28.04,29.46,27.39,28.81,3477351
2023-02-07,BTC,3124.33,3288.57,3047.33,3211.58,6224532
2023-02-07,DOGE,4700.69,4924.94,4674.36,4898.61,11088011
2023-02-07,ETH,4908.58,4920.76,4857.47,4869.65,13471616
2023-02-07,LINK,828.14,835.88,781.71,789.44,11592931
2023-02-07,LTC,507.98,508.49,505.0,505.52,1432901
2023-02-07,SOL,557.93,600.86,533.38,576.31,4632750
2023-02-07,XRP,624.34,632.94,599.08,607.68,17670930
2023-02-08,ADA,1863.01,1937.25,1845.62,1919.86,9878746
2023-02-08,AVAX,2817.21,3117.79,2626.55,2927.13,13714127
2023-02-08,BCH,28.81,32.45,28.49,32.13,14706783
2023-02-08,BTC,3211.58,3355.26,3155.5,3299.18,6739782
2023-02-08,DOGE,4898.61,5032.45,4820.15,4953.99,2102652
2023-02-08,ETH,4869.65,5022.41,4800.5,4953.26,2269807
2023-02-08,LINK,789.44,817.46,770.8,798.82,14252960
2023-02-08,LTC,505.52,542.78,497.84,535.1,1802987
2023-02-08,SOL,576.31,587.58,568.15,579.42,2109773
2023-02-08,XRP,607.68,615.66,589.9,597.88,10455476
2023-02-09,ADA,1919.86,1964.5,1816.52,1861.16,14814903
2023-02-09,AVAX,2927.13,3243.67,2919.51,3236.05,19709806
2023-02-09,BCH,32.13,33.49,31.91,33.28,16633282
2023-02-09,BTC,3299.18,3395.54,3094.78,3191.14,17928288
2023-02-09,DOGE,4953.99,5036.68,4663.59,4746.28,15635709
2023-02-09,ETH,4953.26,5163.1,4821.01,5030.85,1135029
2023-02-09,LINK,798.82,821.9,722.14,745.21,2166007
2023-02-09,LTC,535.1,546.77,467.07,478.73,10077800
2023-02-09,SOL,579.42,581.22,575.34,577.15,15578006
2023-02-09,XRP,597.88,605.22,590.42,597.75,6899101
2023-02-10,ADA,1861.16,1861.18,1758.37,1758.4,1086550
2023-02-10,AVAX,3236.05,3278.87,3057.72,3100.54,11344386
2023-02-10,BCH,33.28,33.35,32.6,32.67,10689794
2023-02-10,BTC,3191.14,3224.64,3110.79,3144.29,3400173
2023-02-10,DOGE,4746.28,4863.39,4739.3,4856.42,4298419
2023-02-10,ETH,5030.85,5032.67,5012.77,5014.59,3833533
2023-02-10,LINK,745.21,796.9,727.15,778.84,1788584
2023-02-10,LTC,478.73,489.72,467.7,478.68,16912972
2023-02-10,SOL,577.15,640.19,575.93,638.97,9477805
2023-02-10,XRP,597.75,605.27,583.29,590.81,6566904
2023-02-11,ADA,1758.4,1770.5,1673.62,1685.72,1468163
2023-02-11,AVAX,3100.54,3127.13,2993.72,3020.31,4487633
2023-02-11,BCH,32.67,32.99,32.16,32.48,12188595
2023-02-11,BTC,3144.29,3288.05,3094.3,3238.06,14874786
2023-02-11,DOGE,4856.42,5083.48,4721.0,4948.07,15069891
2023-02-11,ETH,5014.59,5430.23,4894.29,5309.94,19366307
2023-02-11,LINK,778.84,791.91,772.59,785.67,17271110
2023-02-11,LTC,478.68,504.11,474.76,500.19,3213571
2023-02-11,SOL,638.97,683.55,638.37,682.95,13093431
2023-02-11,XRP,590.81,600.79,587.43,597.41,19883224
2023-02-12,ADA,1685.72,1734.46,1513.04,1561.77,12940927
2023-02-12,AVAX,3020.31,3207.68,2944.81,3132.18,3087875
2023-02-12,BCH,32.48,32.69,32.3,32.51,3569052
2023-02-12,BTC,3238.06,3539.19,3132.12,3433.25,5202692
2023-02-12,DOGE,4948.07,4968.38,4689.8,4710.11,6208744
2023-02-12,ETH,5309.94,5401.36,5061.34,5152.76,1697710
2023-02-12,LINK,785.67,787.0,781.1,782.43,1323052
2023-02-12,LTC,500.19,502.62,463.37,465.79,9316578
2023-02-12,SOL,682.95,710.0,676.92,703.97,9393886
2023-02-12,XRP,597.41,611.21,586.5,600.3,11059470
2023-02-13,ADA,1561.77,1571.1,1554.3,1563.62,12222750
2023-02-13,AVAX,3132.18,3369.72,3099.17,3336.72,8829102
2023-02-13,BCH,32.51,33.48,30.63,31.59,7945115
2023-02-13,BTC,3433.25,3472.02,3154.85,3193.62,6566652
2023-02-13,DOGE,4710.11,4885.75,4643.48,4819.13,10063958
2023-02-13,ETH,5152.76,5263.78,5002.52,5113.54,3407908
2023-02-13,LINK,782.43,794.52,709.45,721.54,15516380
2023-02-13,LTC,465.79,471.19,459.29,464.68,11407827
2023-02-13,SOL,703.97,741.11,668.09,705.22,3132293
2023-02-13,XRP,600.3,603.19,542.44,545.32,3757914
2023-02-14,ADA,1563.62,1690.64,1547.54,1674.56,11795899
2023-02-14,AVAX,3336.72,3610.5,3170.58,3444.37,14752201
2023-02-14,BCH,31.59,32.33,29.84,30.57,8123438
2023-02-14,BTC,3193.62,3295.24,3167.21,3268.82,17288178
2023-02-14,DOGE,4819.13,4881.88,4815.89,4878.64,3167284
2023-02-14,ETH,5113.54,5138.53,4929.96,4954.96,12055828
2023-02-14,LINK,721.54,764.01,709.8,752.27,9401048
2023-02-14,LTC,464.68,472.17,446.52,454.01,3961557
2023-02-14,SOL,705.22,719.39,689.02,703.19,6839401
2023-02-14,XRP,545.32,557.68,508.17,520.53,11148695
2023-02-15,ADA,1674.56,1686.37,1572.49,1584.3,15237664
2023-02-15,AVAX,3444.37,3634.65,3186.17,3376.46,15409988
2023-02-15,BCH,30.57,31.08,30.56,31.07,1284751
2023-02-15,BTC,3268.82,3384.58,3177.1,3292.85,17011594
2023-02-15,DOGE,4878.64,5060.87,4740.81,4923.04,11987170
2023-02-15,ETH,4954.96,5074.39,4945.82,5065.26,1045537
2023-02-15,LINK,752.27,802.08,742.3,792.12,7689806
2023-02-15,LTC,454.01,468.27,447.86,462.12,5674446
2023-02-15,SOL,703.19,776.36,670.07,743.24,7694829
2023-02-15,XRP,520.53,589.32,500.57,569.37,16358873
2023-02-16,ADA,1584.3,1620.45,1542.94,1579.08,10237557
2023-02-16,AVAX,3376.46,3396.0,3286.04,3305.59,19360737
2023-02-16,BCH,31.07,35.5,30.06,34.49,16586182
2023-02-16,BTC,3292.85,3330.85,3129.71,3167.71,12281302
2023-02-16,DOGE,4923.04,5244.17,4822.16,5143.29,12616129
2023-02-16,ETH,5065.26,5142.5,4698.41,4775.65,1021692
2023-02-16,LINK,792.12,818.74,735.74,762.36,10226073
2023-02-16,LTC,462.12,481.53,459.0,478.42,12762340
2023-02-16,SOL,743.24,768.01,736.58,761.35,7046821
2023-02-16,XRP,569.37,587.6,564.56,582.8,15072633
2023-02-17,ADA,1579.08,1592.3,1528.93,1542.15,13357030
2023-02-17,AVAX,3305.59,3454.75,3299.58,3448.75,15030956
2023-02-17,BCH,34.49,34.7,33.16,33.37,14536251
2023-02-17,BTC,3167.71,3214.05,3026.78,3073.12,16912836
2023-02-17,DOGE,5143.29,5440.29,4933.63,5230.62,14358563
2023-02-17,ETH,4775.65,4871.07,4727.96,4823.37,14609415
2023-02-17,LINK,762.36,770.22,747.38,755.24,9917599
2023-02-17,LTC,478.42,497.32,458.4,477.31,3765023
2023-02-17,SOL,761.35,834.33,724.0,796.98,16141213
2023-02-17,XRP,582.8,596.26,568.34,581.8,6677216
2023-02-18,ADA,1542.15,1564.57,1474.91,1497.34,8589028
2023-02-18,AVAX,3448.75,3558.82,3295.56,3405.63,6170560
2023-02-18,BCH,33.37,33.77,31.22,31.62,8992240
2023-02-18,BTC,3073.12,3101.84,3064.34,3093.06,19510527
2023-02-18,DOGE,5230.62,5280.76,5089.02,5139.17,11751600
2023-02-18,ETH,4823.37,4871.62,4742.27,4790.52,17891535
2023-02-18,LINK,755.24,761.2,713.2,719.16,19920728
2023-02-18,LTC,477.31,481.23,458.74,462.66,3418680
2023-02-18,SOL,796.98,885.88,771.49,860.39,6174527
2023-02-18,XRP,581.8,599.33,562.18,579.71,15159394
2023-02-19,ADA,1497.34,1526.26,1493.84,1522.77,19191469
2023-02-19,AVAX,3405.63,3537.22,3139.94,3271.53,6432038
2023-02-19,BCH,31.62,32.89,29.44,30.71,1052012
2023-02-19,BTC,3093.06,3147.67,3023.01,3077.62,17393969
2023-02-19,DOGE,5139.17,5485.65,5002.22,5348.71,4166005
2023-02-19,ETH,4790.52,4833.09,4593.5,4636.07,10824145
2023-02-19,LINK,719.16,734.03,716.5,731.37,18294284
2023-02-19,LTC,462.66,485.52,452.12,474.97,17723428
2023-02-19,SOL,860.39,888.55,814.11,842.28,11950760
2023-02-19,XRP,579.71,579.83,571.41,571.52,11383906
2023-02-20,ADA,1522.77,1612.8,1496.81,1586.84,8842141
2023-02-20,AVAX,3271.53,3373.79,3260.33,3362.59,18147622
2023-02-20,BCH,30.71,32.9,29.53,31.72,4245450
2023-02-20,BTC,3077.62,3288.15,2926.91,3137.45,18796995
2023-02-20,DOGE,5348.71,5656.25,5297.07,5604.62,9486360
2023-02-20,ETH,4636.07,4644.41,4626.03,4634.37,16367564
2023-02-20,LINK,731.37,781.9,728.23,778.76,17064364
2023-02-20,LTC,474.97,510.66,428.83,464.52,12324596
2023-02-20,SOL,842.28,863.33,699.36,720.41,6434581
2023-02-20,XRP,571.52,587.34,530.49,546.31,2480285
2023-02-21,ADA,1586.84,1649.68,1583.64,1646.48,6657007
2023-02-21,AVAX,3362.59,3364.57,3217.77,3219.74,1344423
2023-02-21,BCH,31.72,33.28,31.0,32.56,13513175
2023-02-21,BTC,3137.45,3251.22,3038.95,3152.73,2228695
2023-02-21,DOGE,5604.62,5668.71,5128.87,5192.96,19208623
2023-02-21,ETH,4634.37,4676.66,4530.66,4572.96,12382010
2023-02-21,LINK,778.76,788.95,758.25,768.43,17894128
2023-02-21,LTC,464.52,468.63,411.46,415.57,7322259
2023-02-21,SOL,720.41,742.77,708.01,730.37,10254166
2023-02-21,XRP,546.31,550.38,511.61,515.68,8017823
2023-02-22,ADA,1646.48,1650.33,1634.44,1638.3,16156785
2023-02-22,AVAX,3219.74,3338.84,2803.64,2922.74,3097616
2023-02-22,BCH,32.56,32.91,31.94,32.28,4137330
2023-02-22,BTC,3152.73,3357.04,3091.72,3296.03,10230494
2023-02-22,DOGE,5192.96,5318.34,5149.61,5274.99,18804612
2023-02-22,ETH,4572.96,4682.65,4502.11,4611.8,1226280
2023-02-22,LINK,768.43,841.05,750.81,823.43,2168566
2023-02-22,LTC,415.57,463.42,404.68,452.53,12344205
2023-02-22,SOL,730.37,747.44,730.0,747.07,12549699
2023-02-22,XRP,515.68,547.63,511.39,543.34,9701156
2023-02-23,ADA,1638.3,1784.69,1607.05,1753.44,10473948
2023-02-23,AVAX,2922.74,3001.31,2696.34,2774.9,2022319
2023-02-23,BCH,32.28,32.75,30.88,31.34,19744998
2023-02-23,BTC,3296.03,3351.8,3260.57,3316.35,10190358
2023-02-23,DOGE,5274.99,5366.58,5206.95,5298.53,10994813
2023-02-23,ETH,4611.8,4666.43,4564.19,4618.81,17429584
2023-02-23,LINK,823.43,846.33,756.27,779.17,7329096
2023-02-23,LTC,452.53,459.48,359.92,366.86,13850321
2023-02-23,SOL,747.07,792.24,742.61,787.78,5781124
2023-02-23,XRP,543.34,565.06,539.45,561.17,10426357
2023-02-24,ADA,1753.44,1757.34,1708.54,1712.45,13755476
2023-02-24,AVAX,2774.9,2801.01,2710.33,2736.44,19895382
2023-02-24,BCH,31.34,33.78,29.58,32.02,7783407
2023-02-24,BTC,3316.35,3424.26,3294.69,3402.6,16810624
2023-02-24,DOGE,5298.53,5466.63,4901.07,5069.17,12871272
2023-02-24,ETH,4618.81,4647.95,4470.03,4499.16,18612724
2023-02-24,LINK,779.17,782.28,760.73,763.85,14035883
2023-02-24,LTC,366.86,381.15,321.56,335.84,4113335
2023-02-24,SOL,787.78,838.25,782.46,832.92,6047646
2023-02-24,XRP,561.17,568.54,516.12,523.49,8658892
2023-02-25,ADA,1712.45,1746.85,1703.11,1737.52,2181412
2023-02-25,AVAX,2736.44,2838.74,2653.09,2755.4,5399388
2023-02-25,BCH,32.02,32.52,31.92,32.42,3854478
2023-02-25,BTC,3402.6,3507.77,3213.47,3318.64,18155805
2023-02-25,DOGE,5069.17,5198.25,4913.33,5042.42,19698913
2023-02-25,ETH,4499.16,4566.55,4354.86,4422.26,17027634
2023-02-25,LINK,763.85,785.18,723.54,744.87,3350735
2023-02-25,LTC,335.84,372.77,327.8,364.72,7092291
2023-02-25,SOL,832.92,859.78,808.16,835.02,17148777
2023-02-25,XRP,523.49,550.32,519.68,546.51,6662382
2023-02-26,ADA,1737.52,1751.96,1719.3,1733.74,4653126
2023-02-26,AVAX,2755.4,2869.08,2720.44,2834.12,19480513
2023-02-26,BCH,32.42,32.94,29.97,30.49,11193727
2023-02-26,BTC,3318.64,3350.88,3242.5,3274.73,18738621
2023-02-26,DOGE,5042.42,5146.81,5035.96,5140.35,5916832
2023-02-26,ETH,4422.26,4544.38,4346.44,4468.57,7379716
2023-02-26,LINK,744.87,750.3,716.93,722.36,15822476
2023-02-26,LTC,364.72,420.33,352.84,408.44,6916306
2023-02-26,SOL,835.02,848.4,788.09,801.47,15951860
2023-02-26,XRP,546.51,581.33,538.93,573.75,14426171
2023-02-27,ADA,1733.74,1748.59,1702.51,1717.36,3252549
2023-02-27,AVAX,2834.12,2852.94,2416.89,2435.71,4308231
2023-02-27,BCH,30.49,32.45,30.3,32.25,5299018
2023-02-27,BTC,3274.73,3696.73,3114.02,3536.02,11248737
2023-02-27,DOGE,5140.35,5164.47,4743.9,4768.02,6314824
2023-02-27,ETH,4468.57,4606.6,4430.33,4568.37,3105295
2023-02-27,LINK,722.36,724.79,712.0,714.43,15152180
2023-02-27,LTC,408.44,424.51,389.89,405.95,1986888
2023-02-27,SOL,801.47,827.97,728.32,754.83,11003439
2023-02-27,XRP,573.75,623.04,554.05,603.34,18053896
2023-02-28,ADA,1717.36,1719.85,1665.21,1667.71,8723528
2023-02-28,AVAX,2435.71,2591.25,2404.46,2560.0,13837323
2023-02-28,BCH,32.25,36.49,30.77,35.01,5897305
2023-02-28,BTC,3536.02,3613.23,3480.43,3557.64,12200444
2023-02-28,DOGE,4768.02,4839.12,4595.95,4667.05,13823752
2023-02-28,ETH,4568.37,4744.54,4545.7,4721.87,9265679
2023-02-28,LINK,714.43,724.63,710.72,720.92,13521946
2023-02-28,LTC,405.95,408.96,404.1,407.11,7727732
2023-02-28,SOL,754.83,775.17,682.0,702.34,3460539
2023-02-28,XRP,603.34,608.14,553.54,558.34,7900374
2023-03-01,ADA,1667.71,1723.63,1630.3,1686.23,12752440
2023-03-01,AVAX,2560.0,2720.04,2510.04,2670.08,7756391
2023-03-01,BCH,35.01,38.04,34.46,37.49,19600688
2023-03-01,BTC,3557.64,3603.6,3427.8,3473.76,17117657
2023-03-01,DOGE,4667.05,4742.82,4627.81,4703.57,7218853
2023-03-01,ETH,4721.87,4724.93,4569.72,4572.78,12397338
2023-03-01,LINK,720.92,733.46,712.24,724.78,1900236
2023-03-01,LTC,407.11,450.18,394.88,437.95,15753108
2023-03-01,SOL,702.34,737.56,692.06,727.28,6044181
2023-03-01,XRP,558.34,567.57,553.46,562.69,12403051
2023-03-02,ADA,1686.23,1690.8,1651.17,1655.74,12384503
2023-03-02,AVAX,2670.08,2891.38,2578.06,2799.36,8411041
2023-03-02,BCH,37.49,37.96,34.63,35.1,16153727
2023-03-02,BTC,3473.76,3528.3,3134.99,3189.52,7048980
2023-03-02,DOGE,4703.57,4802.31,4469.84,4568.57,9902585
2023-03-02,ETH,4572.78,4604.07,4465.27,4496.57,9293578
2023-03-02,LINK,724.78,758.22,720.08,753.51,10650650
2023-03-02,LTC,437.95,451.49,361.22,374.76,3849894
2023-03-02,SOL,727.28,731.49,705.47,709.69,1783648
2023-03-02,XRP,562.69,567.45,555.09,559.85,17055305
2023-03-03,ADA,1655.74,1783.31,1623.97,1751.54,8210537
2023-03-03,AVAX,2799.36,2862.5,2756.86,2820.0,12927178
2023-03-03,BCH,35.1,35.59,30.89,31.37,10841265
2023-03-03,BTC,3189.52,3255.99,3126.42,3192.88,5914649
2023-03-03,DOGE,4568.57,4801.67,4511.59,4744.68,17158054
2023-03-03,ETH,4496.57,4505.65,4475.58,4484.67,5609228
2023-03-03,LINK,753.51,786.65,738.69,771.83,8057790
2023-03-03,LTC,374.76,378.21,357.12,360.57,19108237
2023-03-03,SOL,709.69,713.58,663.88,667.77,11175103
2023-03-03,XRP,559.85,579.4,546.71,566.26,8265397
2023-03-04,ADA,1751.54,1776.51,1740.23,1765.2,11048081
2023-03-04,AVAX,2820.0,2878.38,2711.7,2770.08,8351593
2023-03-04,BCH,31.37,31.45,30.25,30.32,17281775
2023-03-04,BTC,3192.88,3218.29,3126.65,3152.06,6702453
2023-03-04,DOGE,4744.68,5020.04,4724.08,4999.43,3136502
2023-03-04,ETH,4484.67,4579.16,4469.7,4564.2,3087638
2023-03-04,LINK,771.83,778.82,743.74,750.74,4515566
2023-03-04,LTC,360.57,363.95,347.18,350.56,5246181
2023-03-04,SOL,667.77,711.21,654.15,697.59,7755239
2023-03-04,XRP,566.26,570.66,532.97,537.38,15583096
2023-03-05,ADA,1765.2,1944.84,1716.84,1896.47,8199199
2023-03-05,AVAX,2770.08,2805.46,2733.39,2768.77,15640698
2023-03-05,BCH,30.32,30.6,28.58,28.86,11712513
2023-03-05,BTC,3152.06,3168.22,3052.5,3068.66,10827253
2023-03-05,DOGE,4999.43,5030.35,4804.23,4835.14,19157676
2023-03-05,ETH,4564.2,4604.23,4508.53,4548.57,16844371
2023-03-05,LINK,750.74,792.18,733.64,775.09,17223473
2023-03-05,LTC,350.56,377.31,348.13,374.88,4027853
2023-03-05,SOL,697.59,718.14,686.02,706.57,10144884
2023-03-05,XRP,537.38,542.22,489.44,494.28,17219921
2023-03-06,ADA,1896.47,2002.37,1880.16,1986.05,3642000
2023-03-06,AVAX,2768.77,2831.32,2745.02,2807.58,5009137
2023-03-06,BCH,28.86,29.97,27.57,28.69,3418709
2023-03-06,BTC,3068.66,3086.41,3037.88,3055.62,16782031
2023-03-06,DOGE,4835.14,4896.27,4595.05,4656.18,6334474
2023-03-06,ETH,4548.57,4604.92,4294.19,4350.54,4559929
2023-03-06,LINK,775.09,787.26,718.15,730.32,2784843
2023-03-06,LTC,374.88,406.48,367.3,398.9,9150243
2023-03-06,SOL,706.57,760.92,678.7,733.06,6213418
2023-03-06,XRP,494.28,499.21,493.46,498.4,14051667
2023-03-07,ADA,1986.05,2185.87,1919.29,2119.1,5865620
2023-03-07,AVAX,2807.58,3188.74,2687.2,3068.36,17289045
2023-03-07,BCH,28.69,30.47,27.52,29.31,7943529
2023-03-07,BTC,3055.62,3088.01,3015.05,3047.44,16892557
2023-03-07,DOGE,4656.18,4801.65,4350.16,4495.63,15006398
2023-03-07,ETH,4350.54,4387.09,4174.41,4210.97,16205320
2023-03-07,LINK,730.32,755.89,725.38,750.96,6777018
2023-03-07,LTC,398.9,427.7,359.61,388.41,2829256
2023-03-07,SOL,733.06,753.33,699.1,719.37,1292192
2023-03-07,XRP,498.4,504.81,461.26,467.68,19550440
2023-03-08,ADA,2119.1,2216.98,2072.32,2170.19,17718554
2023-03-08,AVAX,3068.36,3402.65,3063.44,3397.72,10543365
2023-03-08,BCH,29.31,33.93,28.39,33.02,17608846
2023-03-08,BTC,3047.44,3220.48,3043.97,3217.01,17995142
2023-03-08,DOGE,4495.63,4615.4,4495.54,4615.3,7918457
2023-03-08,ETH,4210.97,4326.8,4072.77,4188.61,9756293
2023-03-08,LINK,750.96,784.08,731.03,764.16,8016804
2023-03-08,LTC,388.41,393.66,377.95,383.19,4969639
2023-03-08,SOL,719.37,750.71,699.22,730.55,12073304
2023-03-08,XRP,467.68,485.81,450.47,468.61,15217407
2023-03-09,ADA,2170.19,2216.2,2006.02,2052.03,5878007
2023-03-09,AVAX,3397.72,3642.08,3206.96,3451.32,1177940
2023-03-09,BCH,33.02,33.34,31.78,32.11,6194009
2023-03-09,BTC,3217.01,3413.31,3163.87,3360.17,12819425
2023-03-09,DOGE,4615.3,4897.99,4488.15,4770.84,19796625
2023-03-09,ETH,4188.61,4259.78,4163.46,4234.64,16568412
2023-03-09,LINK,764.16,782.3,743.94,762.09,7954515
2023-03-09,LTC,383.19,428.36,369.93,415.1,16081733
2023-03-09,SOL,730.55,750.62,722.04,742.11,15772049
2023-03-09,XRP,468.61,489.69,462.96,484.05,13916076
2023-03-10,ADA,2052.03,2080.73,2043.26,2071.96,2997665
2023-03-10,AVAX,3451.32,3859.19,3279.24,3687.11,18718466
2023-03-10,BCH,32.11,32.26,29.69,29.84,13871647
2023-03-10,BTC,3360.17,3492.36,3335.28,3467.47,14166775
2023-03-10,DOGE,4770.84,4794.71,4365.21,4389.07,6452177
2023-03-10,ETH,4234.64,4331.67,4211.72,4308.75,9252847
2023-03-10,LINK,762.09,795.36,755.54,788.81,18112661
2023-03-10,LTC,415.1,443.28,400.66,428.84,4331588
2023-03-10,SOL,742.11,778.4,709.85,746.14,14495113
2023-03-10,XRP,484.05,518.18,473.99,508.12,12156486
2023-03-11,ADA,2071.96,2086.46,2070.41,2084.91,9433370
2023-03-11,AVAX,3687.11,3982.08,3648.23,3943.2,3782211
2023-03-11,BCH,29.84,30.48,28.99,29.62,2003740
2023-03-11,BTC,3467.47,3493.79,3387.51,3413.82,17130658
2023-03-11,DOGE,4389.07,4390.92,4186.05,4187.89,19343621
2023-03-11,ETH,4308.75,4415.65,4117.28,4224.17,16731872
2023-03-11,LINK,788.81,814.39,750.69,776.27,6757530
2023-03-11,LTC,428.84,483.31,416.17,470.65,6467401
2023-03-11,SOL,746.14,808.18,733.96,795.99,10881404
2023-03-11,XRP,508.12,525.34,502.59,519.81,19610701
2023-03-12,ADA,2084.91,2153.24,1971.22,2039.55,16857231
2023-03-12,AVAX,3943.2,4162.69,3834.53,4054.02,16523851
2023-03-12,BCH,29.62,32.36,28.58,31.31,9958129
2023-03-12,BTC,3413.82,3532.43,3363.9,3482.5,17418286
2023-03-12,DOGE,4187.89,4277.34,4148.91,4238.35,1548212
2023-03-12,ETH,4224.17,4297.57,4215.65,4289.06,3222455
2023-03-12,LINK,776.27,779.84,682.25,685.82,5715244
2023-03-12,LTC,470.65,489.18,427.5,446.03,9317850
2023-03-12,SOL,795.99,808.58,764.28,776.87,19774617
2023-03-12,XRP,519.81,531.3,480.25,491.74,4261706
2023-03-13,ADA,2039.55,2062.04,2001.72,2024.21,4723904
2023-03-13,AVAX,4054.02,4125.25,3718.44,3789.67,7183934
2023-03-13,BCH,31.31,33.7,30.48,32.87,14521536
2023-03-13,BTC,3482.5,3537.23,3387.46,3442.18,13106714
2023-03-13,DOGE,4238.35,4263.25,4213.86,4238.76,1582460
2023-03-13,ETH,4289.06,4305.87,4023.27,4040.09,10044655
2023-03-13,LINK,685.82,692.87,676.29,683.33,14399519
2023-03-13,LTC,446.03,448.87,445.65,448.48,9403574
2023-03-13,SOL,776.87,785.12,752.0,760.25,17083386
2023-03-13,XRP,491.74,498.36,476.25,482.86,15055758
2023-03-14,ADA,2024.21,2252.19,1970.42,2198.4,19142612
2023-03-14,AVAX,3789.67,3887.34,3521.76,3619.43,3537611
2023-03-14,BCH,32.87,33.02,32.54,32.69,4758707
2023-03-14,BTC,3442.18,3490.46,3367.13,3415.4,6134945
2023-03-14,DOGE,4238.76,4244.82,4146.31,4152.37,14875463
2023-03-14,ETH,4040.09,4182.75,4013.94,4156.61,3004071
2023-03-14,LINK,683.33,686.9,652.75,656.31,3038921
2023-03-14,LTC,448.48,463.7,414.91,430.13,12539838
2023-03-14,SOL,760.25,867.42,722.32,829.49,1251115
2023-03-14,XRP,482.86,486.24,454.7,458.08,8251797
2023-03-15,ADA,2198.4,2232.96,2111.16,2145.73,16602070
2023-03-15,AVAX,3619.43,3654.83,3596.17,3631.57,3726640
2023-03-15,BCH,32.69,33.09,31.88,32.28,12182806
2023-03-15,BTC,3415.4,3488.54,3387.78,3460.92,15673064
2023-03-15,DOGE,4152.37,4206.4,3974.63,4028.66,13983687
2023-03-15,ETH,4156.61,4365.1,4086.82,4295.31,2918502
2023-03-15,LINK,656.31,659.37,627.83,630.89,4024427
2023-03-15,LTC,430.13,442.72,389.3,401.89,8355744
2023-03-15,SOL,829.49,882.42,809.03,861.96,19504858
2023-03-15,XRP,458.08,504.13,448.44,494.49,9409585
2023-03-16,ADA,2145.73,2192.92,2088.2,2135.4,10280418
2023-03-16,AVAX,3631.57,3953.3,3523.34,3845.08,11874558
2023-03-16,BCH,32.28,35.23,31.46,34.41,11439147
2023-03-16,BTC,3460.92,3683.99,3353.96,3577.02,11333064
2023-03-16,DOGE,4028.66,4243.0,4005.39,4219.74,8681441
2023-03-16,ETH,4295.31,4319.04,4158.24,4181.97,3807398
2023-03-16,LINK,630.89,635.36,627.62,632.09,13187870
2023-03-16,LTC,401.89,402.96,385.71,386.78,10347856
2023-03-16,SOL,861.96,874.24,744.04,756.32,8842977
2023-03-16,XRP,494.49,505.0,445.13,455.64,3750645
2023-03-17,ADA,2135.4,2412.07,2029.49,2306.17,19217993
2023-03-17,AVAX,3845.08,3941.17,3533.82,3629.91,5535022
2023-03-17,BCH,34.41,38.48,32.84,36.91,8742263
2023-03-17,BTC,3577.02,3637.07,3396.4,3456.45,1285793
2023-03-17,DOGE,4219.74,4278.21,4153.72,4212.18,3685811
2023-03-17,ETH,4181.97,4277.08,4051.96,4147.08,14324500
2023-03-17,LINK,632.09,652.03,570.62,590.56,15980868
2023-03-17,LTC,386.78,402.84,384.01,400.07,17930384
2023-03-17,SOL,756.32,766.68,661.15,671.51,1302133
2023-03-17,XRP,455.64,460.03,453.78,458.18,1663178
2023-03-18,ADA,2306.17,2381.21,2198.9,2273.94,3229781
2023-03-18,AVAX,3629.91,3687.05,3558.8,3615.93,12356259
2023-03-18,BCH,36.91,37.69,36.77,37.56,17840621
2023-03-18,BTC,3456.45,3580.81,3420.82,3545.19,15949867
2023-03-18,DOGE,4212.18,4220.96,4109.25,4118.03,17858441
2023-03-18,ETH,4147.08,4242.62,4118.12,4213.67,3148626
2023-03-18,LINK,590.56,598.65,564.48,572.57,15065420
2023-03-18,LTC,400.07,407.81,378.71,386.45,19547583
2023-03-18,SOL,671.51,683.88,665.77,678.14,14601993
2023-03-18,XRP,458.18,503.94,445.25,491.02,4971515
2023-03-19,ADA,2273.94,2380.22,2239.17,2345.45,15500401
2023-03-19,AVAX,3615.93,3945.07,3438.01,3767.14,1496089
2023-03-19,BCH,37.56,39.94,37.27,39.66,17660595
2023-03-19,BTC,3545.19,3765.02,3477.61,3697.44,8098209
2023-03-19,DOGE,4118.03,4198.52,4012.22,4092.71,13929691
2023-03-19,ETH,4213.67,4329.49,4009.01,4124.84,5289653
2023-03-19,LINK,572.57,588.29,570.34,586.06,1328329
2023-03-19,LTC,386.45,393.17,358.14,364.86,14039723
2023-03-19,SOL,678.14,680.59,653.95,656.41,1018995
2023-03-19,XRP,491.02,526.35,490.6,525.93,7630436
2023-03-20,ADA,2345.45,2411.69,2298.67,2364.91,3916491
2023-03-20,AVAX,3767.14,3832.59,3347.29,3412.73,10207638
2023-03-20,BCH,39.66,40.1,38.75,39.19,14741259
2023-03-20,BTC,3697.44,3826.14,3687.86,3816.55,12248324
2023-03-20,DOGE,4092.71,4531.81,4005.62,4444.71,11825685
2023-03-20,ETH,4124.84,4187.68,4119.36,4182.2,7774591
2023-03-20,LINK,586.06,609.97,571.93,595.84,5590514
2023-03-20,LTC,364.86,395.01,355.22,385.38,17237554
2023-03-20,SOL,656.41,663.22,646.03,652.85,9910388
2023-03-20,XRP,525.93,530.83,522.35,527.25,9691851
2023-03-21,ADA,2364.91,2548.83,2334.96,2518.88,18782259
2023-03-21,AVAX,3412.73,3525.65,3248.01,3360.92,4048098
2023-03-21,BCH,39.19,40.01,37.63,38.45,6161963
2023-03-21,BTC,3816.55,4013.31,3694.6,3891.35,2034253
2023-03-21,DOGE,4444.71,4494.32,4403.73,4453.35,2640880
2023-03-21,ETH,4182.2,4298.4,4164.0,4280.21,18736567
2023-03-21,LINK,595.84,600.99,568.92,574.06,13966312
2023-03-21,LTC,385.38,415.32,347.93,377.87,15953307
2023-03-21,SOL,652.85,659.71,629.98,636.84,1483871
2023-03-21,XRP,527.25,560.99,512.07,545.81,6416296
2023-03-22,ADA,2518.88,2658.17,2442.72,2582.01,1557380
2023-03-22,AVAX,3360.92,3457.65,3327.61,3424.34,16935364
2023-03-22,BCH,38.45,39.36,36.9,37.81,2968200
2023-03-22,BTC,3891.35,4065.54,3879.95,4054.14,16963414
2023-03-22,DOGE,4453.35,4518.86,4371.1,4436.61,4164839
2023-03-22,ETH,4280.21,4323.14,4152.28,4195.22,19439293
2023-03-22,LINK,574.06,578.45,572.06,576.46,9833235
2023-03-22,LTC,377.87,424.19,361.82,408.14,3251820
2023-03-22,SOL,636.84,649.3,632.41,644.87,13346363
2023-03-22,XRP,545.81,566.84,537.48,558.52,18192325
2023-03-23,ADA,2582.01,2643.29,2545.94,2607.22,17944224
2023-03-23,AVAX,3424.34,3493.54,3138.73,3207.93,14289640
2023-03-23,BCH,37.81,39.74,36.94,38.87,5772380
2023-03-23,BTC,4054.14,4359.85,3966.53,4272.25,14013102
2023-03-23,DOGE,4436.61,4552.35,4430.8,4546.53,11925285
2023-03-23,ETH,4195.22,4465.11,4147.53,4417.42,16347992
2023-03-23,LINK,576.46,610.73,562.84,597.11,18785906
2023-03-23,LTC,408.14,425.03,402.66,419.54,17989728
2023-03-23,SOL,644.87,743.11,625.84,724.08,14250685
2023-03-23,XRP,558.52,569.0,545.0,555.48,9288904
2023-03-24,ADA,2607.22,2661.58,2600.56,2654.92,17400772
2023-03-24,AVAX,3207.93,3444.27,3127.47,3363.82,5891540
2023-03-24,BCH,38.87,42.82,37.36,41.31,9572238
2023-03-24,BTC,4272.25,4799.78,4203.81,4731.34,7497655
2023-03-24,DOGE,4546.53,4700.65,4348.85,4502.96,18647107
2023-03-24,ETH,4417.42,4571.62,4376.97,4531.17,2466726
2023-03-24,LINK,597.11,602.93,589.74,595.56,1330997
2023-03-24,LTC,419.54,465.3,414.42,460.18,17288914
2023-03-24,SOL,724.08,771.03,719.97,766.92,10682987
2023-03-24,XRP,555.48,563.08,528.26,535.86,2534282
2023-03-25,ADA,2654.92,2660.3,2592.01,2597.39,6353006
2023-03-25,AVAX,3363.82,3402.56,2916.21,2954.96,9226663
2023-03-25,BCH,41.31,43.37,40.57,42.63,18132834
2023-03-25,BTC,4731.34,5104.65,4645.88,5019.18,15076729
2023-03-25,DOGE,4502.96,4546.42,4448.05,4491.51,1281227
2023-03-25,ETH,4531.17,4667.59,4368.64,4505.06,10474426
2023-03-25,LINK,595.56,628.51,582.73,615.68,13864041
2023-03-25,LTC,460.18,478.19,451.13,469.14,9175111
2023-03-25,SOL,766.92,788.72,761.58,783.38,15002824
2023-03-25,XRP,535.86,543.31,530.96,538.41,11730472
2023-03-26,ADA,2597.39,2668.7,2524.92,2596.23,7509173
2023-03-26,AVAX,2954.96,3455.82,2746.61,3247.48,18896426
2023-03-26,BCH,42.63,45.82,41.58,44.77,6975453
2023-03-26,BTC,5019.18,5096.35,5003.89,5081.06,19113859
2023-03-26,DOGE,4491.51,4814.89,4389.12,4712.5,10229178
2023-03-26,ETH,4505.06,4561.45,4461.27,4517.65,14210370
2023-03-26,LINK,615.68,646.86,607.05,638.23,4932185
2023-03-26,LTC,469.14,472.13,455.58,458.57,17523765
2023-03-26,SOL,783.38,901.39,760.3,878.31,9905326
2023-03-26,XRP,538.41,559.16,536.76,557.51,11119955
2023-03-27,ADA,2596.23,2633.91,2532.92,2570.6,11579222
2023-03-27,AVAX,3247.48,3333.6,3239.9,3326.01,4433517
2023-03-27,BCH,44.77,44.99,44.13,44.36,8920919
2023-03-27,BTC,5081.06,5095.65,4872.83,4887.42,7911496
2023-03-27,DOGE,4712.5,4762.15,4516.87,4566.51,15053041
2023-03-27,ETH,4517.65,4781.97,4380.75,4645.06,4549346
2023-03-27,LINK,638.23,683.81,631.16,676.74,5727604
2023-03-27,LTC,458.57,474.96,415.43,431.82,10771769
2023-03-27,SOL,878.31,894.08,814.93,830.7,13627767
2023-03-27,XRP,557.51,586.33,544.54,573.36,3910098
2023-03-28,ADA,2570.6,2691.48,2569.22,2690.1,6552390
2023-03-28,AVAX,3326.01,3411.4,3178.94,3264.33,19811633
2023-03-28,BCH,44.36,44.71,44.16,44.51,15323513
2023-03-28,BTC,4887.42,5385.07,4760.54,5258.19,7702337
2023-03-28,DOGE,4566.51,4623.35,4511.28,4568.11,16601532
2023-03-28,ETH,4645.06,4864.61,4586.1,4805.64,17771421
2023-03-28,LINK,676.74,704.01,675.04,702.31,16294799
2023-03-28,LTC,431.82,461.99,429.21,459.37,18666410
2023-03-28,SOL,830.7,863.32,789.59,822.21,12269915
2023-03-28,XRP,573.36,600.17,556.77,583.58,7253522
2023-03-29,ADA,2690.1,2760.89,2684.29,2755.08,4368469
2023-03-29,AVAX,3264.33,3264.71,2942.12,2942.5,10648417
2023-03-29,BCH,44.51,46.41,40.77,42.67,9806665
2023-03-29,BTC,5258.19,5399.7,5178.57,5320.08,2250345
2023-03-29,DOGE,4568.11,4599.0,4495.25,4526.13,19327506
2023-03-29,ETH,4805.64,4861.58,4722.42,4778.36,6416570
2023-03-29,LINK,702.31,709.36,689.22,696.28,1539277
2023-03-29,LTC,459.37,511.17,457.39,509.18,2586081
2023-03-29,SOL,822.21,890.62,800.61,869.02,3858835
2023-03-29,XRP,583.58,591.83,535.96,544.2,17959108
2023-03-30,ADA,2755.08,2793.68,2642.47,2681.07,3968969
2023-03-30,AVAX,2942.5,3212.05,2544.5,2814.05,19303914
2023-03-30,BCH,42.67,45.98,39.89,43.2,19679568
2023-03-30,BTC,5320.08,5422.7,5223.71,5326.32,14637164
2023-03-30,DOGE,4526.13,4574.8,4502.46,4551.13,7845607
2023-03-30,ETH,4778.36,4837.81,4733.07,4792.52,16922691
2023-03-30,LINK,696.28,705.41,694.0,703.14,6658182
2023-03-30,LTC,509.18,525.45,478.01,494.28,13153647
2023-03-30,SOL,869.02,883.17,825.33,839.48,12013697
2023-03-30,XRP,544.2,552.67,539.19,547.65,19797529
2023-03-31,ADA,2681.07,2743.78,2570.17,2632.89,18156810
2023-03-31,AVAX,2814.05,2959.56,2676.52,2822.03,1979111
2023-03-31,BCH,43.2,45.52,42.66,44.98,11418865
2023-03-31,BTC,5326.32,5746.56,5325.4,5745.64,1101655
2023-03-31,DOGE,4551.13,4813.98,4450.28,4713.13,12759623
2023-03-31,ETH,4792.52,4924.78,4726.8,4859.06,13398473
2023-03-31,LINK,703.14,716.41,691.08,704.36,14554298
2023-03-31,LTC,494.28,504.06,493.22,502.99,9379611
2023-03-31,SOL,839.48,849.78,835.96,846.26,16798274
2023-03-31,XRP,547.65,553.89,529.61,535.84,13715505
2023-04-01,ADA,2632.89,2667.52,2619.14,2653.77,4705141
2023-04-01,AVAX,2822.03,2864.27,2698.16,2740.41,12258403
2023-04-01,BCH,44.98,45.07,44.79,44.88,7203883
2023-04-01,BTC,5745.64,5765.96,5665.01,5685.32,4767215
2023-04-01,DOGE,4713.13,4924.5,4619.62,4830.99,2804044
2023-04-01,ETH,4859.06,4903.01,4808.93,4852.88,17164793
2023-04-01,LINK,704.36,718.87,675.18,689.69,11063555
2023-04-01,LTC,502.99,517.82,496.73,511.56,8609081
2023-04-01,SOL,846.26,871.36,807.34,832.44,5562929
2023-04-01,XRP,535.84,552.21,531.35,547.71,13017982
2023-04-02,ADA,2653.77,2691.33,2646.11,2683.67,16833575
2023-04-02,AVAX,2740.41,2803.09,2634.65,2697.34,5563902
2023-04-02,BCH,44.88,48.12,44.41,47.65,2742180
2023-04-02,BTC,5685.32,5752.67,5421.87,5489.21,16254556
2023-04-02,DOGE,4830.99,5199.69,4715.39,5084.09,17976644
2023-04-02,ETH,4852.88,4950.47,4833.34,4930.93,4675985
2023-04-02,LINK,689.69,696.26,688.96,695.53,4105655
2023-04-02,LTC,511.56,523.96,506.91,519.3,11536131
2023-04-02,SOL,832.44,858.39,781.55,807.5,3780066
2023-04-02,XRP,547.71,569.34,528.34,549.97,12333107
2023-04-03,ADA,2683.67,2941.66,2669.32,2927.31,1704856
2023-04-03,AVAX,2697.34,2728.07,2436.48,2467.22,16083319
2023-04-03,BCH,47.65,48.38,47.54,48.27,18622635
2023-04-03,BTC,5489.21,5833.98,5461.74,5806.51,17161196
2023-04-03,DOGE,5084.09,5345.17,5051.9,5312.98,17609627
2023-04-03,ETH,4930.93,4948.59,4732.95,4750.61,6992691
2023-04-03,LINK,695.53,732.63,680.62,717.72,7163580
2023-04-03,LTC,519.3,532.17,485.4,498.26,19590700
2023-04-03,SOL,807.5,827.57,720.99,741.06,8760186
2023-04-03,XRP,549.97,560.89,526.84,537.75,17205088
2023-04-04,ADA,2927.31,2936.59,2751.52,2760.8,7777013
2023-04-04,AVAX,2467.22,2566.25,2204.74,2303.77,3416876
2023-04-04,BCH,48.27,50.58,43.51,45.81,15499867
2023-04-04,BTC,5806.51,6040.93,5630.31,5864.74,10849298
2023-04-04,DOGE,5312.98,5738.4,5302.57,5727.99,6816043
2023-04-04,ETH,4750.61,4799.22,4707.92,4756.52,4934840
2023-04-04,LINK,717.72,733.44,703.27,718.99,10504624
2023-04-04,LTC,498.26,510.11,448.78,460.63,13699636
2023-04-04,SOL,741.06,744.19,701.95,705.08,5664047
2023-04-04,XRP,537.75,547.72,507.31,517.28,4942109
2023-04-05,ADA,2760.8,2786.69,2735.15,2761.04,1813427
2023-04-05,AVAX,2303.77,2403.01,2169.49,2268.73,13134774
2023-04-05,BCH,45.81,46.84,45.48,46.51,15597350
2023-04-05,BTC,5864.74,5867.0,5787.2,5789.47,10171139
2023-04-05,DOGE,5727.99,5938.49,5381.64,5592.14,9838189
2023-04-05,ETH,4756.52,4996.67,4696.58,4936.73,1739751
2023-04-05,LINK,718.99,737.23,674.76,692.99,11235704
2023-04-05,LTC,460.63,468.7,434.8,442.87,18009398
2023-04-05,SOL,705.08,707.03,697.2,699.15,3424101
2023-04-05,XRP,517.28,520.58,485.97,489.28,6862351
2023-04-06,ADA,2761.04,2791.93,2718.13,2749.01,13555909
2023-04-06,AVAX,2268.73,2385.07,2259.88,2376.22,3510936
2023-04-06,BCH,46.51,47.97,44.86,46.31,13244366
2023-04-06,BTC,5789.47,6213.15,5625.27,6048.96,19272428
2023-04-06,DOGE,5592.14,5642.78,5492.22,5542.86,3941775
2023-04-06,ETH,4936.73,5178.03,4880.03,5121.34,10716354
2023-04-06,LINK,692.99,708.88,683.52,699.4,11814566
2023-04-06,LTC,442.87,493.4,419.88,470.41,17561857
2023-04-06,SOL,699.15,731.44,676.63,708.92,1188610
2023-04-06,XRP,489.28,499.03,472.95,482.71,8264297
2023-04-07,ADA,2749.01,2820.17,2739.16,2810.32,6700950
2023-04-07,AVAX,2376.22,2456.33,2296.83,2376.94,2751896
2023-04-07,BCH,46.31,47.21,45.87,46.77,19584746
2023-04-07,BTC,6048.96,6319.84,5951.02,6221.9,6728043
2023-04-07,DOGE,5542.86,5790.26,5538.49,5785.89,10302635
2023-04-07,ETH,5121.34,5141.89,4882.84,4903.4,11317011
2023-04-07,LINK,699.4,714.99,693.61,709.2,14810043
2023-04-07,LTC,470.41,493.51,464.94,488.04,14107547
2023-04-07,SOL,708.92,737.32,705.07,733.47,14432950
2023-04-07,XRP,482.71,521.18,482.02,520.49,17234101
2023-04-08,ADA,2810.32,2847.59,2798.34,2835.61,9430132
2023-04-08,AVAX,2376.94,2435.01,1867.1,1925.16,14344201
2023-04-08,BCH,46.77,48.26,45.56,47.05,16723994
2023-04-08,BTC,6221.9,6333.42,5798.18,5909.7,11619970
2023-04-08,DOGE,5785.89,5983.07,5765.88,5963.06,14927512
2023-04-08,ETH,4903.4,4955.37,4837.28,4889.25,3052104
2023-04-08,LINK,709.2,721.79,688.78,701.36,19262442
2023-04-08,LTC,488.04,490.49,475.69,478.14,15721984
2023-04-08,SOL,733.47,788.83,729.53,784.89,4179879
2023-04-08,XRP,520.49,543.21,509.25,531.98,10692965
2023-04-09,ADA,2835.61,2911.09,2684.52,2760.01,2043022
2023-04-09,AVAX,1925.16,1978.53,1881.42,1934.79,12582588
2023-04-09,BCH,47.05,51.07,45.94,49.96,7757256
2023-04-09,BTC,5909.7,6050.4,5645.05,5785.75,4651542
2023-04-09,DOGE,5963.06,5967.08,5805.7,5809.72,13369686
2023-04-09,ETH,4889.25,5057.96,4835.84,5004.54,12780350
2023-04-09,LINK,701.36,723.25,659.06,680.94,5508772
2023-04-09,LTC,478.14,488.65,459.77,470.28,15220212
2023-04-09,SOL,784.89,797.33,782.11,794.55,6054488
2023-04-09,XRP,531.98,535.26,521.36,524.64,3922809
2023-04-10,ADA,2760.01,2872.78,2448.85,2561.63,10354858
2023-04-10,AVAX,1934.79,1995.51,1711.56,1772.28,3742236
2023-04-10,BCH,49.96,51.36,47.8,49.21,6602923
2023-04-10,BTC,5785.75,6140.86,5637.04,5992.15,13817377
2023-04-10,DOGE,5809.72,6068.74,5683.44,5942.47,6753170
2023-04-10,ETH,5004.54,5062.43,4897.46,4955.35,7214326
2023-04-10,LINK,680.94,690.83,619.41,629.3,13326954
2023-04-10,LTC,470.28,475.14,446.4,451.27,12742230
2023-04-10,SOL,794.55,795.03,734.59,735.06,7014064
2023-04-10,XRP,524.64,544.24,519.88,539.48,17317908
2023-04-11,ADA,2561.63,2599.66,2534.67,2572.71,16132589
2023-04-11,AVAX,1772.28,1872.05,1747.65,1847.42,17452835
2023-04-11,BCH,49.21,50.19,47.69,48.68,1611478
2023-04-11,BTC,5992.15,6077.44,5832.78,5918.07,7268333
2023-04-11,DOGE,5942.47,6130.53,5821.3,6009.36,16723708
2023-04-11,ETH,4955.35,4984.92,4904.48,4934.06,15640137
2023-04-11,LINK,629.3,657.9,609.96,638.57,4857898
2023-04-11,LTC,451.27,489.97,443.75,482.45,15808676
2023-04-11,SOL,735.06,767.02,652.35,684.3,6487088
2023-04-11,XRP,539.48,546.56,538.99,546.07,15065639
2023-04-12,ADA,2572.71,2601.6,2548.26,2577.15,14018375
2023-04-12,AVAX,1847.42,1870.51,1844.87,1867.97,14315042
2023-04-12,BCH,48.68,50.22,46.28,47.83,15887297
2023-04-12,BTC,5918.07,6129.47,5757.61,5969.01,1709358
2023-04-12,DOGE,6009.36,6025.04,5724.85,5740.52,6446261
2023-04-12,ETH,4934.06,5051.38,4811.05,4928.37,12789167
2023-04-12,LINK,638.57,661.87,586.59,609.88,1771555
2023-04-12,LTC,482.45,506.07,477.1,500.73,18284513
2023-04-12,SOL,684.3,735.04,680.71,731.45,14106626
2023-04-12,XRP,546.07,564.17,538.93,557.03,8277448
2023-04-13,ADA,2577.15,2675.27,2510.39,2608.51,15642682
2023-04-13,AVAX,1867.97,1991.05,1867.56,1990.64,8214507
2023-04-13,BCH,47.83,49.28,46.16,47.61,15825151
2023-04-13,BTC,5969.01,6080.69,5564.73,5676.4,13434303
2023-04-13,DOGE,5740.52,5857.32,5598.32,5715.13,13567839
2023-04-13,ETH,4928.37,4963.63,4786.25,4821.51,18535872
2023-04-13,LINK,609.88,626.69,572.2,589.01,13859729
2023-04-13,LTC,500.73,558.93,490.41,548.62,5558308
2023-04-13,SOL,731.45,800.81,726.0,795.37,14220839
2023-04-13,XRP,557.03,594.84,536.72,574.53,7578470
2023-04-14,ADA,2608.51,2666.33,2560.24,2618.06,13087165
2023-04-14,AVAX,1990.64,2021.72,1783.86,1814.94,8227177
2023-04-14,BCH,47.61,48.02,46.54,46.95,17975389
2023-04-14,BTC,5676.4,5886.26,5666.88,5876.73,18042709
2023-04-14,DOGE,5715.13,5780.77,5677.0,5742.63,16981056
2023-04-14,ETH,4821.51,4907.36,4750.5,4836.36,18999362
2023-04-14,LINK,589.01,622.97,588.74,622.7,6374077
2023-04-14,LTC,548.62,559.55,500.67,511.6,12424735
2023-04-14,SOL,795.37,812.61,763.55,780.79,18365510
2023-04-14,XRP,574.53,586.45,535.67,547.59,17901874
2023-04-15,ADA,2618.06,2868.98,2549.89,2800.82,3147910
2023-04-15,AVAX,1814.94,1962.75,1728.51,1876.32,5924311
2023-04-15,BCH,46.95,47.02,46.03,46.1,1618914
2023-04-15,BTC,5876.73,5908.2,5716.5,5747.97,8616880
2023-04-15,DOGE,5742.63,5753.8,5634.97,5646.14,12502907
2023-04-15,ETH,4836.36,4920.83,4563.1,4647.58,18653421
2023-04-15,LINK,622.7,648.66,607.25,633.21,14536684
2023-04-15,LTC,511.6,520.8,507.01,516.2,7547151
2023-04-15,SOL,780.79,815.39,762.74,797.33,4580179
2023-04-15,XRP,547.59,586.42,540.51,579.34,18443510
2023-04-16,ADA,2800.82,2858.13,2586.83,2644.14,11489323
2023-04-16,AVAX,1876.32,1899.85,1763.72,1787.24,13694871
2023-04-16,BCH,46.1,47.31,44.0,45.21,7965365
2023-04-16,BTC,5747.97,5890.91,5709.06,5852.0,17229699
2023-04-16,DOGE,5646.14,5876.47,5218.85,5449.18,8328822
2023-04-16,ETH,4647.58,4881.68,4439.97,4674.08,5476129
2023-04-16,LINK,633.21,638.35,610.93,616.07,11722786
2023-04-16,LTC,516.2,610.65,487.86,582.32,7888207
2023-04-16,SOL,797.33,806.45,701.74,710.86,5095552
2023-04-16,XRP,579.34,593.76,550.88,565.29,14579806
2023-04-17,ADA,2644.14,2743.73,2588.76,2688.34,19566531
2023-04-17,AVAX,1787.24,1823.09,1693.25,1729.1,19909006
2023-04-17,BCH,45.21,47.37,44.59,46.75,3352485
2023-04-17,BTC,5852.0,5999.2,5822.73,5969.93,18258807
2023-04-17,DOGE,5449.18,5765.5,5368.37,5684.69,19385882
2023-04-17,ETH,4674.08,4722.76,4635.03,4683.72,2870498
2023-04-17,LINK,616.07,657.55,598.06,639.54,19765027
2023-04-17,LTC,582.32,617.46,558.43,593.58,6008902
2023-04-17,SOL,710.86,744.47,676.86,710.47,8312888
2023-04-17,XRP,565.29,586.98,525.3,546.98,7787467
2023-04-18,ADA,2688.34,2697.68,2686.34,2695.67,9330596
2023-04-18,AVAX,1729.1,1834.15,1687.2,1792.25,11097709
2023-04-18,BCH,46.75,54.37,46.34,53.96,9311581
2023-04-18,BTC,5969.93,6040.37,5781.54,5851.98,7997703
2023-04-18,DOGE,5684.69,5867.98,5490.73,5674.01,3169086
2023-04-18,ETH,4683.72,4879.83,4676.22,4872.33,9134194
2023-04-18,LINK,639.54,650.89,602.74,614.09,5232901
2023-04-18,LTC,593.58,598.3,570.02,574.74,14725137
2023-04-18,SOL,710.47,780.9,674.96,745.39,7348233
2023-04-18,XRP,546.98,572.46,528.5,553.97,5170846
2023-04-19,ADA,2695.67,2709.45,2623.8,2637.58,9020294
2023-04-19,AVAX,1792.25,1871.43,1743.37,1822.55,18848205
2023-04-19,BCH,53.96,56.03,52.29,54.36,1613714
2023-04-19,BTC,5851.98,5952.9,5769.82,5870.75,15547230
2023-04-19,DOGE,5674.01,5718.17,5625.5,5669.65,1838602
2023-04-19,ETH,4872.33,4910.62,4816.71,4854.99,6196654
2023-04-19,LINK,614.09,631.35,585.83,603.09,12251497
2023-04-19,LTC,574.74,635.09,562.3,622.66,3137337
2023-04-19,SOL,745.39,761.75,737.74,754.09,1164977
2023-04-19,XRP,553.97,616.99,550.62,613.64,7815777
2023-04-20,ADA,2637.58,2729.66,2614.74,2706.83,5339698
2023-04-20,AVAX,1822.55,1847.79,1761.96,1787.21,9714247
2023-04-20,BCH,54.36,54.4,50.85,50.88,14798582
2023-04-20,BTC,5870.75,6002.53,5793.34,5925.13,16881051
2023-04-20,DOGE,5669.65,5830.9,5603.03,5764.29,15417698
2023-04-20,ETH,4854.99,4968.17,4754.39,4867.57,5829210
2023-04-20,LINK,603.09,629.19,602.32,628.42,1196702
2023-04-20,LTC,622.66,675.02,616.16,668.52,17517207
2023-04-20,SOL,754.09,783.24,706.13,735.28,15193502
2023-04-20,XRP,613.64,644.14,593.08,623.58,10564301
2023-04-21,ADA,2706.83,2754.29,2664.51,2711.97,19575347
2023-04-21,AVAX,1787.21,1823.66,1742.14,1778.6,12663632
2023-04-21,BCH,50.88,50.9,50.12,50.13,19850820
2023-04-21,BTC,5925.13,6147.66,5854.04,6076.57,1148126
2023-04-21,DOGE,5764.29,6182.79,5607.47,6025.97,1228353
2023-04-21,ETH,4867.57,4913.21,4787.81,4833.45,18122359
2023-04-21,LINK,628.42,697.53,617.46,686.57,3194489
2023-04-21,LTC,668.52,671.73,659.99,663.19,1021846
2023-04-21,SOL,735.28,739.3,721.93,725.95,14418269
2023-04-21,XRP,623.58,643.28,605.04,624.73,10955901
2023-04-22,ADA,2711.97,2747.06,2604.45,2639.53,16953156
2023-04-22,AVAX,1778.6,1853.4,1661.09,1735.9,13368292
2023-04-22,BCH,50.13,52.34,45.9,48.11,11309087
2023-04-22,BTC,6076.57,6264.98,6009.65,6198.06,10879082
2023-04-22,DOGE,6025.97,6099.22,5534.53,5607.78,8639555
2023-04-22,ETH,4833.45,4975.34,4803.94,4945.84,5140574
2023-04-22,LINK,686.57,712.64,674.37,700.44,17893520
2023-04-22,LTC,663.19,754.65,647.7,739.15,7564491
2023-04-22,SOL,725.95,737.25,703.61,714.92,7283601
2023-04-22,XRP,624.73,630.55,619.65,625.46,12862702
2023-04-23,ADA,2639.53,2640.27,2499.58,2500.32,17635680
2023-04-23,AVAX,1735.9,1794.2,1709.08,1767.38,7338958
2023-04-23,BCH,48.11,49.56,47.22,48.67,5982290
2023-04-23,BTC,6198.06,6334.02,6144.82,6280.78,7712673
2023-04-23,DOGE,5607.78,5850.03,5561.36,5803.61,13325912
2023-04-23,ETH,4945.84,5028.3,4883.8,4966.27,11017927
2023-04-23,LINK,700.44,722.99,683.42,705.97,8109055
2023-04-23,LTC,739.15,787.22,723.13,771.21,14458451
2023-04-23,SOL,714.92,726.85,677.55,689.48,1567331
2023-04-23,XRP,625.46,631.68,581.95,588.17,3865336
2023-04-24,ADA,2500.32,2601.39,2474.11,2575.18,6258512
2023-04-24,AVAX,1767.38,1784.15,1746.91,1763.68,7986559
2023-04-24,BCH,48.67,50.19,48.09,49.62,14488297
2023-04-24,BTC,6280.78,6465.42,6241.18,6425.82,10908992
2023-04-24,DOGE,5803.61,6210.11,5777.31,6183.81,18426126
2023-04-24,ETH,4966.27,5251.47,4960.98,5246.18,10470072
2023-04-24,LINK,705.97,728.79,675.79,698.61,13820076
2023-04-24,LTC,771.21,785.39,751.7,765.88,8275934
2023-04-24,SOL,689.48,725.84,685.04,721.4,9243819
2023-04-24,XRP,588.17,593.67,569.58,575.08,19766674
2023-04-25,ADA,2575.18,2593.42,2524.42,2542.66,16818296
2023-04-25,AVAX,1763.68,1835.45,1661.81,1733.59,9463765
2023-04-25,BCH,49.62,50.93,47.73,49.04,3819457
2023-04-25,BTC,6425.82,6442.31,5793.26,5809.76,18823895
2023-04-25,DOGE,6183.81,6331.57,5908.92,6056.68,2364996
2023-04-25,ETH,5246.18,5348.72,5107.86,5210.4,11969442
2023-04-25,LINK,698.61,707.11,691.49,699.98,8667140
2023-04-25,LTC,765.88,782.15,677.55,693.83,12976910
2023-04-25,SOL,721.4,737.59,657.76,673.96,18289300
2023-04-25,XRP,575.08,596.34,574.21,595.47,7544574
2023-04-26,ADA,2542.66,2718.81,2505.25,2681.4,1072386
2023-04-26,AVAX,1733.59,1804.57,1708.13,1779.11,5229355
2023-04-26,BCH,49.04,53.62,49.04,53.62,9785625
2023-04-26,BTC,5809.76,5850.96,5257.13,5298.33,5279217
2023-04-26,DOGE,6056.68,6099.92,5701.61,5744.85,7855860
2023-04-26,ETH,5210.4,5282.65,4993.24,5065.49,18594443
2023-04-26,LINK,699.98,719.41,647.9,667.33,18719022
2023-04-26,LTC,693.83,701.33,665.53,673.04,17936796
2023-04-26,SOL,673.96,685.55,662.81,674.4,14496844
2023-04-26,XRP,595.47,637.53,574.37,616.43,4752935
2023-04-27,ADA,2681.4,2704.67,2651.05,2674.32,14165702
2023-04-27,AVAX,1779.11,1799.46,1625.02,1645.37,19385496
2023-04-27,BCH,53.62,56.12,51.56,54.06,17540119
2023-04-27,BTC,5298.33,5541.87,5173.0,5416.54,9865115
2023-04-27,DOGE,5744.85,5813.08,5560.05,5628.28,6761195
2023-04-27,ETH,5065.49,5089.23,5016.46,5040.21,1818642
2023-04-27,LINK,667.33,676.4,627.14,636.21,4425429
2023-04-27,LTC,673.04,687.4,608.36,622.72,1254499
2023-04-27,SOL,674.4,731.34,664.32,721.26,16936532
2023-04-27,XRP,616.43,628.49,611.05,623.12,6823807
2023-04-28,ADA,2674.32,2859.73,2635.37,2820.78,2398103
2023-04-28,AVAX,1645.37,1741.45,1512.58,1608.66,11157298
2023-04-28,BCH,54.06,57.63,53.33,56.89,16301441
2023-04-28,BTC,5416.54,5846.21,5142.21,5571.88,9411573
2023-04-28,DOGE,5628.28,5890.54,5427.45,5689.71,17421105
2023-04-28,ETH,5040.21,5048.61,4965.68,4974.09,17706168
2023-04-28,LINK,636.21,646.32,613.32,623.43,1272315
2023-04-28,LTC,622.72,638.66,527.44,543.38,5556233
2023-04-28,SOL,721.26,778.59,721.04,778.37,17199563
2023-04-28,XRP,623.12,624.88,614.07,615.83,6367779
2023-04-29,ADA,2820.78,2926.42,2766.07,2871.71,5501614
2023-04-29,AVAX,1608.66,1648.5,1472.06,1511.9,19764891
2023-04-29,BCH,56.89,59.7,56.72,59.53,14576545
2023-04-29,BTC,5571.88,5641.85,5251.87,5321.84,1077628
2023-04-29,DOGE,5689.71,5740.99,5045.61,5096.89,11324338
2023-04-29,ETH,4974.09,5153.95,4911.9,5091.76,19618339
2023-04-29,LINK,623.43,624.1,610.06,610.73,16322131
2023-04-29,LTC,543.38,549.83,522.55,528.99,12928006
2023-04-29,SOL,778.37,789.89,729.37,740.89,2564994
2023-04-29,XRP,615.83,666.95,598.71,649.83,10495577
2023-04-30,ADA,2871.71,2913.85,2694.67,2736.81,14137353
2023-04-30,AVAX,1511.9,1538.88,1501.87,1528.85,8168002
2023-04-30,BCH,59.53,62.34,58.1,60.92,11629161
2023-04-30,BTC,5321.84,5544.5,4919.47,5142.14,9388205
2023-04-30,DOGE,5096.89,5136.66,4973.45,5013.22,4292151
2023-04-30,ETH,5091.76,5200.1,5041.76,5150.1,6663405
2023-04-30,LINK,610.73,613.66,605.3,608.23,17030449
2023-04-30,LTC,528.99,548.99,474.3,494.29,2107030
2023-04-30,SOL,740.89,779.61,736.81,775.53,6901993
2023-04-30,XRP,649.83,653.32,648.46,651.94,3701641
2023-05-01,ADA,2736.81,2750.62,2726.1,2739.91,2434773
2023-05-01,AVAX,1528.85,1602.2,1490.37,1563.71,2146169
2023-05-01,BCH,60.92,62.77,59.4,61.25,9296936
2023-05-01,BTC,5142.14,5372.17,4910.16,5140.2,13102433
2023-05-01,DOGE,5013.22,5061.66,4863.65,4912.09,15835389
2023-05-01,ETH,5150.1,5239.94,4989.5,5079.35,5806784
2023-05-01,LINK,608.23,650.39,595.4,637.56,2846463
2023-05-01,LTC,494.29,508.22,469.32,483.25,11452224
2023-05-01,SOL,775.53,800.24,757.41,782.12,1911136
2023-05-01,XRP,651.94,680.26,630.39,658.71,4506557
2023-05-02,ADA,2739.91,2817.67,2515.34,2593.1,18165583
2023-05-02,AVAX,1563.71,1629.87,1448.84,1514.99,16565363
2023-05-02,BCH,61.25,63.11,60.42,62.28,17164256
2023-05-02,BTC,5140.2,5317.33,5131.92,5309.05,3520019
2023-05-02,DOGE,4912.09,4913.2,4779.57,4780.68,18905217
2023-05-02,ETH,5079.35,5319.42,5016.21,5256.28,15283805
2023-05-02,LINK,637.56,638.95,618.0,619.39,5798364
2023-05-02,LTC,483.25,499.13,425.92,441.8,2163540
2023-05-02,SOL,782.12,799.82,752.36,770.05,2814499
2023-05-02,XRP,658.71,723.23,648.19,712.71,4001304
2023-05-03,ADA,2593.1,2599.48,2517.43,2523.81,17079134
2023-05-03,AVAX,1514.99,1553.23,1474.77,1513.01,7196395
2023-05-03,BCH,62.28,63.68,59.2,60.6,3306619
2023-05-03,BTC,5309.05,5325.64,4584.21,4600.79,9059322
2023-05-03,DOGE,4780.68,4892.9,4545.61,4657.83,15541199
2023-05-03,ETH,5256.28,5310.57,5212.72,5267.01,13228433
2023-05-03,LINK,619.39,619.63,609.69,609.94,3552666
2023-05-03,LTC,441.8,478.24,438.83,475.27,18624521
2023-05-03,SOL,770.05,790.74,712.54,733.23,4627237
2023-05-03,XRP,712.71,722.38,661.99,671.66,7756887
2023-05-04,ADA,2523.81,2556.76,2438.85,2471.8,9920072
2023-05-04,AVAX,1513.01,1684.92,1457.74,1629.65,12713084
2023-05-04,BCH,60.6,61.79,57.55,58.74,4218860
2023-05-04,BTC,4600.79,4720.58,4276.31,4396.1,3658820
2023-05-04,DOGE,4657.83,4833.95,4625.03,4801.14,5558003
2023-05-04,ETH,5267.01,5495.87,5248.45,5477.31,16219698
2023-05-04,LINK,609.94,616.87,602.35,609.28,13984437
2023-05-04,LTC,475.27,481.67,467.02,473.42,11328312
2023-05-04,SOL,733.23,738.36,701.26,706.4,7060352
2023-05-04,XRP,671.66,672.91,655.48,656.73,4151932
2023-05-05,ADA,2471.8,2510.43,2379.32,2417.95,17034949
2023-05-05,AVAX,1629.65,1694.49,1515.47,1580.31,7812430
2023-05-05,BCH,58.74,58.79,57.11,57.16,13068868
2023-05-05,BTC,4396.1,4445.89,4331.42,4381.2,5026934
2023-05-05,DOGE,4801.14,4902.97,4610.97,4712.8,14311485
2023-05-05,ETH,5477.31,5486.39,5358.35,5367.43,16514981
2023-05-05,LINK,609.28,628.66,580.25,599.63,16068688
2023-05-05,LTC,473.42,486.53,434.63,447.74,19556747
2023-05-05,SOL,706.4,765.49,684.9,743.99,9339754
2023-05-05,XRP,656.73,678.67,622.17,644.1,13051966
2023-05-06,ADA,2417.95,2471.21,2391.0,2444.26,12534249
2023-05-06,AVAX,1580.31,1613.18,1524.26,1557.13,11341388
2023-05-06,BCH,57.16,57.42,51.6,51.86,11567761
2023-05-06,BTC,4381.2,4616.09,4325.29,4560.17,15275831
2023-05-06,DOGE,4712.8,4749.67,4709.54,4746.41,7544835
2023-05-06,ETH,5367.43,5548.33,5232.66,5413.56,16359677
2023-05-06,LINK,599.63,624.5,559.01,583.89,9121169
2023-05-06,LTC,447.74,454.7,439.17,446.13,1291784
2023-05-06,SOL,743.99,757.9,715.52,729.43,2736579
2023-05-06,XRP,644.1,671.47,590.05,617.42,15352682
2023-05-07,ADA,2444.26,2519.94,2396.32,2472.0,11573255
2023-05-07,AVAX,1557.13,1614.96,1446.54,1504.37,5850718
2023-05-07,BCH,51.86,57.18,49.27,54.59,18482797
2023-05-07,BTC,4560.17,4860.01,4432.1,4731.94,19093399
2023-05-07,DOGE,4746.41,4843.11,4708.18,4804.88,7116820
2023-05-07,ETH,5413.56,5485.93,5220.57,5292.95,7310303
2023-05-07,LINK,583.89,598.18,551.16,565.45,19635894
2023-05-07,LTC,446.13,461.33,438.05,453.25,4340853
2023-05-07,SOL,729.43,733.62,647.5,651.69,8995408
2023-05-07,XRP,617.42,623.28,610.84,616.7,8403239
2023-05-08,ADA,2472.0,2586.81,2452.86,2567.66,3539956
2023-05-08,AVAX,1504.37,1535.09,1300.1,1330.82,10802930
2023-05-08,BCH,54.59,57.15,53.91,56.47,4615721
2023-05-08,BTC,4731.94,4965.24,4621.22,4854.52,13702034
2023-05-08,DOGE,4804.88,4813.33,4483.81,4492.27,6183080
2023-05-08,ETH,5292.95,5421.84,5279.99,5408.88,7238704
2023-05-08,LINK,565.45,568.49,536.81,539.85,17329876
2023-05-08,LTC,453.25,501.85,443.48,492.07,10326595
2023-05-08,SOL,651.69,673.09,650.1,671.5,18163250
2023-05-08,XRP,616.7,691.07,612.99,687.36,10653597
2023-05-09,ADA,2567.66,2636.61,2542.24,2611.19,19597549
2023-05-09,AVAX,1330.82,1368.08,1192.71,1229.97,12340810
2023-05-09,BCH,56.47,58.16,54.87,56.56,9440720
2023-05-09,BTC,4854.52,5085.22,4803.76,5034.47,17997981
2023-05-09,DOGE,4492.27,4511.55,4474.34,4493.62,5091309
2023-05-09,ETH,5408.88,5424.12,5350.46,5365.71,19957177
2023-05-09,LINK,539.85,586.53,526.55,573.23,11096553
2023-05-09,LTC,492.07,522.15,479.31,509.39,2358259
2023-05-09,SOL,671.5,679.72,626.97,635.18,19463248
2023-05-09,XRP,687.36,706.27,684.74,703.65,12900365
2023-05-10,ADA,2611.19,2623.71,2547.7,2560.22,2709519
2023-05-10,AVAX,1229.97,1235.65,1141.24,1146.92,4908294
2023-05-10,BCH,56.56,60.86,54.86,59.16,3846465
2023-05-10,BTC,5034.47,5084.51,4956.52,5006.57,1962550
2023-05-10,DOGE,4493.62,4500.13,4233.5,4240.0,6973102
2023-05-10,ETH,5365.71,5614.34,5225.37,5474.0,5170842
2023-05-10,LINK,573.23,581.93,570.13,578.82,17815742
2023-05-10,LTC,509.39,547.27,494.52,532.4,12293389
2023-05-10,SOL,635.18,674.88,616.42,656.12,2639187
2023-05-10,XRP,703.65,722.02,663.85,682.22,15877689
2023-05-11,ADA,2560.22,2573.91,2519.21,2532.91,12302187
2023-05-11,AVAX,1146.92,1196.2,1076.61,1125.89,9345131
2023-05-11,BCH,59.16,63.52,58.22,62.58,19045174
2023-05-11,BTC,5006.57,5055.91,4920.34,4969.69,17608681
2023-05-11,DOGE,4240.0,4280.14,4100.98,4141.11,6253860
2023-05-11,ETH,5474.0,5585.39,5323.1,5434.49,11190944
2023-05-11,LINK,578.82,579.93,561.92,563.03,16033791
2023-05-11,LTC,532.4,632.08,520.81,620.49,5980260
2023-05-11,SOL,656.12,686.34,646.69,676.9,10960140
2023-05-11,XRP,682.22,711.47,672.76,702.01,8911400
2023-05-12,ADA,2532.91,2567.99,2361.79,2396.87,16053251
2023-05-12,AVAX,1125.89,1201.07,1073.4,1148.58,19965210
2023-05-12,BCH,62.58,70.47,60.9,68.79,4971844
2023-05-12,BTC,4969.69,5261.17,4958.34,5249.82,9990374
2023-05-12,DOGE,4141.11,4229.39,3989.0,4077.27,1294991
2023-05-12,ETH,5434.49,5496.9,5252.98,5315.39,10391032
2023-05-12,LINK,563.03,596.18,557.55,590.71,2833066
2023-05-12,LTC,620.49,635.14,616.88,631.53,9877716
2023-05-12,SOL,676.9,687.28,649.17,659.54,13410384
2023-05-12,XRP,702.01,708.24,609.91,616.14,12292839
2023-05-13,ADA,2396.87,2410.47,2318.87,2332.47,7493170
2023-05-13,AVAX,1148.58,1403.4,1083.17,1337.99,4276064
2023-05-13,BCH,68.79,70.37,65.16,66.73,13040575
2023-05-13,BTC,5249.82,5703.84,5172.05,5626.07,14804176
2023-05-13,DOGE,4077.27,4301.81,3924.13,4148.67,19570681
2023-05-13,ETH,5315.39,5362.56,5218.59,5265.77,19790409
2023-05-13,LINK,590.71,632.92,589.67,631.88,14615838
2023-05-13,LTC,631.53,671.25,623.86,663.57,11628463
2023-05-13,SOL,659.54,667.4,628.94,636.79,3921509
2023-05-13,XRP,616.14,663.33,600.95,648.14,8289806
2023-05-14,ADA,2332.47,2371.47,2306.77,2345.78,4836307
2023-05-14,AVAX,1337.99,1388.73,1230.87,1281.62,11682165
2023-05-14,BCH,66.73,66.76,63.34,63.37,1631955
2023-05-14,BTC,5626.07,5724.9,5278.21,5377.04,3382465
2023-05-14,DOGE,4148.67,4333.06,4142.79,4327.18,13224282
2023-05-14,ETH,5265.77,5363.66,4997.97,5095.86,10875471
2023-05-14,LINK,631.88,647.33,620.86,636.3,13044940
2023-05-14,LTC,663.57,679.17,595.09,610.69,10733423
2023-05-14,SOL,636.79,701.13,615.97,680.31,5977273
2023-05-14,XRP,648.14,675.27,648.0,675.13,8494799
2023-05-15,ADA,2345.78,2375.64,2316.59,2346.45,8119741
2023-05-15,AVAX,1281.62,1310.35,1164.18,1192.92,8809958
2023-05-15,BCH,63.37,64.98,55.67,57.29,15632812
2023-05-15,BTC,5377.04,5512.47,5249.25,5384.68,19520265
2023-05-15,DOGE,4327.18,4394.39,4288.9,4356.1,2045066
2023-05-15,ETH,5095.86,5241.3,4896.55,5042.0,14054765
2023-05-15,LINK,636.3,665.43,621.2,650.33,8594506
2023-05-15,LTC,610.69,631.85,588.56,609.73,14348455
2023-05-15,SOL,680.31,699.54,663.26,682.48,4035018
2023-05-15,XRP,675.13,723.08,658.26,706.22,3275415
2023-05-16,ADA,2346.45,2352.35,2236.6,2242.5,8594038
2023-05-16,AVAX,1192.92,1435.26,1190.27,1432.61,9723576
2023-05-16,BCH,57.29,58.56,54.17,55.44,17726775
2023-05-16,BTC,5384.68,5486.75,5204.12,5306.19,10433660
2023-05-16,DOGE,4356.1,4496.65,4216.03,4356.58,17657259
2023-05-16,ETH,5042.0,5182.21,4963.65,5103.86,3550816
2023-05-16,LINK,650.33,693.8,648.35,691.82,4481464
2023-05-16,LTC,609.73,658.85,582.23,631.35,18690999
2023-05-16,SOL,682.48,707.8,667.04,692.35,15946496
2023-05-16,XRP,706.22,736.46,695.12,725.36,12627643
2023-05-17,ADA,2242.5,2277.2,2152.18,2186.88,10371882
2023-05-17,AVAX,1432.61,1486.65,1404.81,1458.84,12680999
2023-05-17,BCH,55.44,56.7,54.96,56.22,16427482
2023-05-17,BTC,5306.19,5396.78,5011.79,5102.38,4759763
2023-05-17,DOGE,4356.58,4421.68,4184.7,4249.8,10012024
2023-05-17,ETH,5103.86,5404.93,4975.78,5276.85,3442940
2023-05-17,LINK,691.82,693.4,664.32,665.91,16316290
2023-05-17,LTC,631.35,639.46,545.81,553.91,17026680
2023-05-17,SOL,692.35,708.13,673.41,689.19,9438825
2023-05-17,XRP,725.36,737.57,666.92,679.13,19552521
2023-05-18,ADA,2186.88,2193.98,2149.12,2156.22,19559271
2023-05-18,AVAX,1458.84,1627.54,1402.93,1571.62,14341520
2023-05-18,BCH,56.22,56.9,54.58,55.26,8116233
2023-05-18,BTC,5102.38,5102.72,4916.78,4917.12,7381385
2023-05-18,DOGE,4249.8,4323.72,3976.38,4050.31,9386201
2023-05-18,ETH,5276.85,5409.7,5081.56,5214.41,19774557
2023-05-18,LINK,665.91,694.33,664.35,692.77,9654722
2023-05-18,LTC,553.91,572.83,455.38,474.3,13228874
2023-05-18,SOL,689.19,699.05,686.27,696.13,18845278
2023-05-18,XRP,679.13,745.53,669.03,735.43,8297920
2023-05-19,ADA,2156.22,2198.44,2058.21,2100.43,17139389
2023-05-19,AVAX,1571.62,1597.32,1346.23,1371.92,16245279
2023-05-19,BCH,55.26,58.02,54.52,57.28,19845634
2023-05-19,BTC,4917.12,5255.58,4788.83,5127.28,18245123
2023-05-19,DOGE,4050.31,4117.36,3727.34,3794.39,8387526
2023-05-19,ETH,5214.41,5314.12,5197.73,5297.45,16598501
2023-05-19,LINK,692.77,697.46,674.06,678.74,5323601
2023-05-19,LTC,474.3,524.71,463.22,513.62,7438804
2023-05-19,SOL,696.13,726.37,630.38,660.62,14426270
2023-05-19,XRP,735.43,767.38,708.43,740.38,11963190
2023-05-20,ADA,2100.43,2240.54,2065.62,2205.73,13137053
2023-05-20,AVAX,1371.92,1677.99,1273.53,1579.6,9675154
2023-05-20,BCH,57.28,59.95,53.87,56.54,11922032
2023-05-20,BTC,5127.28,5206.47,4871.57,4950.76,3649166
2023-05-20,DOGE,3794.39,4236.23,3713.58,4155.42,19638994
2023-05-20,ETH,5297.45,5496.42,5209.0,5407.98,6624073
2023-05-20,LINK,678.74,701.84,653.44,676.54,1868542
2023-05-20,LTC,513.62,514.49,510.52,511.39,3335204
2023-05-20,SOL,660.62,672.95,584.37,596.7,8174658
2023-05-20,XRP,740.38,768.13,634.05,661.81,18098766
2023-05-21,ADA,2205.73,2261.62,2072.89,2128.78,8673762
2023-05-21,AVAX,1579.6,1645.0,1571.56,1636.96,19340618
2023-05-21,BCH,56.54,57.67,52.02,53.16,3112225
2023-05-21,BTC,4950.76,5000.73,4565.18,4615.16,10420759
2023-05-21,DOGE,4155.42,4471.55,4115.52,4431.65,9149485
2023-05-21,ETH,5407.98,5444.29,5393.32,5429.63,16949646
2023-05-21,LINK,676.54,717.1,671.87,712.43,13293810
2023-05-21,LTC,511.39,547.82,496.69,533.12,4007868
2023-05-21,SOL,596.7,668.22,574.41,645.94,18883963
2023-05-21,XRP,661.81,672.95,629.24,640.38,14049533
2023-05-22,ADA,2128.78,2144.05,2099.13,2114.4,19179648
2023-05-22,AVAX,1636.96,1638.34,1460.62,1462.0,7422409
2023-05-22,BCH,53.16,56.62,52.7,56.16,1037444
2023-05-22,BTC,4615.16,4655.78,4322.9,4363.53,3207956
2023-05-22,DOGE,4431.65,4443.04,4262.9,4274.29,8748401
2023-05-22,ETH,5429.63,5474.5,5411.76,5456.64,11970072
2023-05-22,LINK,712.43,729.74,707.93,725.23,18165585
2023-05-22,LTC,533.12,605.99,508.04,580.91,10473891
2023-05-22,SOL,645.94,659.45,564.41,577.92,13198884
2023-05-22,XRP,640.38,686.34,637.0,682.96,12581435
2023-05-23,ADA,2114.4,2133.39,2008.32,2027.31,10904553
2023-05-23,AVAX,1462.0,1530.97,1389.19,1458.16,2439390
2023-05-23,BCH,56.16,60.23,54.08,58.15,2747754
2023-05-23,BTC,4363.53,4550.15,4305.29,4491.91,6468000
2023-05-23,DOGE,4274.29,4376.38,4105.35,4207.44,18125743
2023-05-23,ETH,5456.64,5610.78,5428.13,5582.27,8733908
2023-05-23,LINK,725.23,727.73,693.04,695.54,10817112
2023-05-23,LTC,580.91,600.45,544.52,564.06,5723428
2023-05-23,SOL,577.92,620.7,569.66,612.44,9862278
2023-05-23,XRP,682.96,717.0,681.38,715.42,7360835
2023-05-24,ADA,2027.31,2046.21,1993.05,2011.95,11136435
2023-05-24,AVAX,1458.16,1500.74,1441.39,1483.98,4889252
2023-05-24,BCH,58.15,58.55,57.62,58.02,11878589
2023-05-24,BTC,4491.91,4805.11,4435.27,4748.48,9195944
2023-05-24,DOGE,4207.44,4442.39,4054.6,4289.56,18712758
2023-05-24,ETH,5582.27,5600.77,5252.91,5271.41,17260337
2023-05-24,LINK,695.54,704.71,683.16,692.33,4170461
2023-05-24,LTC,564.06,588.63,545.03,569.6,1611918
2023-05-24,SOL,612.44,661.66,610.05,659.27,19145616
2023-05-24,XRP,715.42,778.79,705.5,768.87,6732795
2023-05-25,ADA,2011.95,2152.88,2007.36,2148.29,11436723
2023-05-25,AVAX,1483.98,1585.25,1446.26,1547.53,17433051
2023-05-25,BCH,58.02,58.51,57.16,57.65,13692584
2023-05-25,BTC,4748.48,4889.43,4652.08,4793.04,17419771
2023-05-25,DOGE,4289.56,4332.84,4221.54,4264.83,2489586
2023-05-25,ETH,5271.41,5281.95,5266.65,5277.19,3124890
2023-05-25,LINK,692.33,695.35,691.38,694.4,19439463
2023-05-25,LTC,569.6,584.12,536.04,550.57,3693004
2023-05-25,SOL,659.27,662.43,604.48,607.64,10465527
2023-05-25,XRP,768.87,795.91,733.13,760.18,14214516
2023-05-26,ADA,2148.29,2163.92,2088.17,2103.8,16033134
2023-05-26,AVAX,1547.53,1584.76,1480.88,1518.12,19369875
2023-05-26,BCH,57.65,59.56,57.63,59.54,18686493
2023-05-26,BTC,4793.04,5110.51,4718.57,5036.05,9790541
2023-05-26,DOGE,4264.83,4290.18,4007.37,4032.73,8061746
2023-05-26,ETH,5277.19,5292.35,5019.9,5035.07,19367570
2023-05-26,LINK,694.4,700.09,666.16,671.85,19703081
2023-05-26,LTC,550.57,561.05,549.69,560.17,15205788
2023-05-26,SOL,607.64,642.36,590.48,625.2,2168314
2023-05-26,XRP,760.18,777.36,722.18,739.36,9308587
2023-05-27,ADA,2103.8,2260.0,2089.07,2245.27,16874609
2023-05-27,AVAX,1518.12,1520.99,1408.54,1411.41,17934601
2023-05-27,BCH,59.54,60.33,56.42,57.21,2326920
2023-05-27,BTC,5036.05,5148.93,4754.13,4867.01,4568539
2023-05-27,DOGE,4032.73,4240.42,3957.05,4164.74,7466864
2023-05-27,ETH,5035.07,5253.72,4976.85,5195.5,2713080
2023-05-27,LINK,671.85,688.89,644.62,661.66,18751019
2023-05-27,LTC,560.17,654.3,553.0,647.14,2940386
2023-05-27,SOL,625.2,647.99,603.33,626.12,9093005
2023-05-27,XRP,739.36,748.63,680.42,689.69,19993614
2023-05-28,ADA,2245.27,2275.22,2162.81,2192.76,11330142
2023-05-28,AVAX,1411.41,1510.82,1390.94,1490.35,8860397
2023-05-28,BCH,57.21,62.48,54.52,59.79,16322890
2023-05-28,BTC,4867.01,4893.01,4780.17,4806.17,5775270
2023-05-28,DOGE,4164.74,4395.2,4136.34,4366.79,6318702
2023-05-28,ETH,5195.5,5213.69,5062.64,5080.83,6839692
2023-05-28,LINK,661.66,665.34,659.03,662.72,13461138
2023-05-28,LTC,647.14,659.01,587.54,599.42,2890361
2023-05-28,SOL,626.12,627.52,621.62,623.02,2755494
2023-05-28,XRP,689.69,780.52,672.25,763.08,1113729
2023-05-29,ADA,2192.76,2216.75,2088.98,2112.97,3014032
2023-05-29,AVAX,1490.35,1522.49,1447.67,1479.81,6414772
2023-05-29,BCH,59.79,61.2,54.0,55.4,19817947
2023-05-29,BTC,4806.17,4836.61,4706.35,4736.79,12529203
2023-05-29,DOGE,4366.79,4591.36,4204.17,4428.74,6271453
2023-05-29,ETH,5080.83,5329.73,5050.83,5299.72,1196459
2023-05-29,LINK,662.72,662.86,642.38,642.52,16327393
2023-05-29,LTC,599.42,610.58,557.56,568.72,18206895
2023-05-29,SOL,623.02,634.74,619.14,630.87,9377015
2023-05-29,XRP,763.08,812.64,742.33,791.89,15827226
2023-05-30,ADA,2112.97,2270.38,2052.17,2209.58,14524309
2023-05-30,AVAX,1479.81,1485.42,1391.89,1397.5,15899576
2023-05-30,BCH,55.4,57.56,54.04,56.2,13550014
2023-05-30,BTC,4736.79,4816.22,4345.67,4425.1,14664577
2023-05-30,DOGE,4428.74,4575.42,4318.81,4465.48,12456662
2023-05-30,ETH,5299.72,5339.51,5199.88,5239.67,4233975
2023-05-30,LINK,642.52,671.89,625.54,654.92,4989309
2023-05-30,LTC,568.72,569.08,524.18,524.54,1703616
2023-05-30,SOL,630.87,638.96,558.54,566.63,19501585
2023-05-30,XRP,791.89,803.14,749.57,760.83,8195088
2023-05-31,ADA,2209.58,2392.26,2090.01,2272.69,10311252
2023-05-31,AVAX,1397.5,1425.92,1317.1,1345.53,10386534
2023-05-31,BCH,56.2,57.02,54.96,55.78,4678543
2023-05-31,BTC,4425.1,4631.11,4375.96,4581.97,15835085
2023-05-31,DOGE,4465.48,4466.74,4304.76,4306.02,14585161
2023-05-31,ETH,5239.67,5306.53,5101.96,5168.82,9367592
2023-05-31,LINK,654.92,666.83,649.2,661.11,14132853
2023-05-31,LTC,524.54,537.17,499.75,512.39,10024417
2023-05-31,SOL,566.63,571.84,476.87,482.08,8725393
2023-05-31,XRP,760.83,812.87,747.26,799.29,1163317
2023-06-01,ADA,2272.69,2295.4,2242.27,2264.98,9794988
2023-06-01,AVAX,1345.53,1432.76,1297.26,1384.49,18006858
2023-06-01,BCH,55.78,56.3,53.01,53.53,19001398
2023-06-01,BTC,4581.97,4768.73,4361.79,4548.55,12590804
2023-06-01,DOGE,4306.02,4405.99,4012.48,4112.45,8292281
2023-06-01,ETH,5168.82,5453.77,5076.13,5361.07,10396951
2023-06-01,LINK,661.11,670.5,641.14,650.53,19281935
2023-06-01,LTC,512.39,555.29,498.92,541.83,8821663
2023-06-01,SOL,482.08,495.72,458.31,471.95,18000193
2023-06-01,XRP,799.29,854.19,798.82,853.71,11224533
2023-06-02,ADA,2264.98,2269.92,2138.74,2143.67,3516333
2023-06-02,AVAX,1384.49,1506.7,1351.2,1473.41,6151780
2023-06-02,BCH,53.53,54.3,52.57,53.35,17337602
2023-06-02,BTC,4548.55,4702.89,4322.96,4477.29,19169189
2023-06-02,DOGE,4112.45,4243.19,4110.85,4241.59,19549577
2023-06-02,ETH,5361.07,5443.95,5297.4,5380.27,11958601
2023-06-02,LINK,650.53,689.18,631.19,669.84,1713153
2023-06-02,LTC,541.83,574.43,539.42,572.03,7405608
2023-06-02,SOL,471.95,492.82,459.93,480.8,6107314
2023-06-02,XRP,853.71,909.96,769.55,825.8,2570161
2023-06-03,ADA,2143.67,2195.27,2118.18,2169.78,11225356
2023-06-03,AVAX,1473.41,1823.6,1401.67,1751.85,1100498
2023-06-03,BCH,53.35,54.81,50.46,51.92,8803468
2023-06-03,BTC,4477.29,4498.19,4233.63,4254.53,11896608
2023-06-03,DOGE,4241.59,4298.98,4159.15,4216.54,19101247
2023-06-03,ETH,5380.27,5410.28,5221.38,5251.39,9190664
2023-06-03,LINK,669.84,691.57,657.94,679.67,7150710
2023-06-03,LTC,572.03,607.45,551.0,586.43,3610786
2023-06-03,SOL,480.8,488.19,478.8,486.19,3333030
2023-06-03,XRP,825.8,881.34,823.06,878.59,12882025
2023-06-04,ADA,2169.78,2210.79,2147.4,2188.41,8391584
2023-06-04,AVAX,1751.85,1981.47,1668.43,1898.05,12255602
2023-06-04,BCH,51.92,55.35,51.6,55.03,5152667
2023-06-04,BTC,4254.53,4540.07,4116.97,4402.5,18442523
2023-06-04,DOGE,4216.54,4258.92,4142.94,4185.33,8068181
2023-06-04,ETH,5251.39,5298.75,5096.81,5144.17,6023808
2023-06-04,LINK,679.67,701.6,633.1,655.04,3547340
2023-06-04,LTC,586.43,605.35,572.4,591.32,14795435
2023-06-04,SOL,486.19,489.84,474.28,477.93,11721857
2023-06-04,XRP,878.59,907.3,864.78,893.48,19114985
2023-06-05,ADA,2188.41,2202.65,2058.48,2072.71,12559735
2023-06-05,AVAX,1898.05,1915.98,1820.36,1838.29,11351296
2023-06-05,BCH,55.03,58.4,54.15,57.52,15326650
2023-06-05,BTC,4402.5,4641.58,4327.52,4566.59,17678193
2023-06-05,DOGE,4185.33,4215.93,4102.15,4132.75,4820318
2023-06-05,ETH,5144.17,5234.52,4940.9,5031.25,8107280
2023-06-05,LINK,655.04,656.7,654.8,656.46,11709164
2023-06-05,LTC,591.32,646.88,561.79,617.36,3736786
2023-06-05,SOL,477.93,478.69,410.64,411.41,13636423
2023-06-05,XRP,893.48,909.74,872.81,889.07,4861927
2023-06-06,ADA,2072.71,2090.83,2004.96,2023.09,11426477
2023-06-06,AVAX,1838.29,1993.74,1761.61,1917.07,5575172
2023-06-06,BCH,57.52,58.11,56.4,56.99,8678634
2023-06-06,BTC,4566.59,4649.35,4530.69,4613.45,16016929
2023-06-06,DOGE,4132.75,4206.4,4050.01,4123.65,9404101
2023-06-06,ETH,5031.25,5118.69,4873.59,4961.03,4397225
2023-06-06,LINK,656.46,688.93,640.55,673.03,8099344
2023-06-06,LTC,617.36,701.35,593.55,677.53,5993093
2023-06-06,SOL,411.41,448.89,400.91,438.39,13560293
2023-06-06,XRP,889.07,902.96,819.61,833.49,15335649
2023-06-07,ADA,2023.09,2113.18,2017.91,2108.0,8857657
2023-06-07,AVAX,1917.07,1926.52,1898.39,1907.84,7995778
2023-06-07,BCH,56.99,57.45,52.96,53.41,4404890
2023-06-07,BTC,4613.45,4853.9,4604.87,4845.32,6584167
2023-06-07,DOGE,4123.65,4233.66,4075.63,4185.64,15872209
2023-06-07,ETH,4961.03,4984.98,4923.48,4947.43,8476468
2023-06-07,LINK,673.03,679.09,661.21,667.27,12319822
2023-06-07,LTC,677.53,733.98,675.93,732.37,8257476
2023-06-07,SOL,438.39,463.93,418.67,444.21,2461408
2023-06-07,XRP,833.49,837.28,777.23,781.01,16550089
2023-06-08,ADA,2108.0,2199.9,2103.4,2195.3,15460693
2023-06-08,AVAX,1907.84,2054.6,1518.51,1665.28,3856545
2023-06-08,BCH,53.41,59.49,51.55,57.62,15813574
2023-06-08,BTC,4845.32,4998.52,4837.52,4990.71,5356103
2023-06-08,DOGE,4185.64,4213.61,4169.82,4197.8,12090729
2023-06-08,ETH,4947.43,5196.92,4831.74,5081.22,19644750
2023-06-08,LINK,667.27,697.39,643.1,673.21,12168392
2023-06-08,LTC,732.37,740.66,635.57,643.86,4148591
2023-06-08,SOL,444.21,454.21,424.01,434.01,13388156
2023-06-08,XRP,781.01,788.94,702.22,710.14,4470421
2023-06-09,ADA,2195.3,2261.91,2180.51,2247.12,6230031
2023-06-09,AVAX,1665.28,1714.27,1618.59,1667.59,17803501
2023-06-09,BCH,57.62,62.66,57.29,62.33,17085252
2023-06-09,BTC,4990.71,5174.49,4789.32,4973.1,8794549
2023-06-09,DOGE,4197.8,4255.57,4038.31,4096.09,14458255
2023-06-09,ETH,5081.22,5327.01,5030.43,5276.22,1247130
2023-06-09,LINK,673.21,696.45,650.69,673.93,14783042
2023-06-09,LTC,643.86,684.08,632.38,672.61,17099888
2023-06-09,SOL,434.01,445.34,387.89,399.22,19020701
2023-06-09,XRP,710.14,732.46,653.27,675.59,16098802
2023-06-10,ADA,2247.12,2248.31,2214.39,2215.58,8594276
2023-06-10,AVAX,1667.59,1731.5,1430.08,1493.98,14168970
2023-06-10,BCH,62.33,63.09,61.69,62.46,19731107
2023-06-10,BTC,4973.1,5253.45,4802.28,5082.63,18567067
2023-06-10,DOGE,4096.09,4099.63,3984.57,3988.12,18528029
2023-06-10,ETH,5276.22,5302.88,5173.92,5200.59,8585717
2023-06-10,LINK,673.93,702.68,666.63,695.38,11154774
2023-06-10,LTC,672.61,696.4,569.71,593.5,6690778
2023-06-10,SOL,399.22,403.32,393.64,397.74,9613644
2023-06-10,XRP,675.59,700.79,674.37,699.56,5009430
2023-06-11,ADA,2215.58,2403.52,2214.4,2402.35,17369272
2023-06-11,AVAX,1493.98,1540.51,1413.29,1459.81,16326953
2023-06-11,BCH,62.46,67.3,60.87,65.71,14740839
2023-06-11,BTC,5082.63,5384.8,5077.14,5379.3,1068327
2023-06-11,DOGE,3988.12,4059.82,3981.44,4053.14,1646917
2023-06-11,ETH,5200.59,5221.14,5115.46,5136.01,7591045
2023-06-11,LINK,695.38,739.21,686.84,730.67,2529564
2023-06-11,LTC,593.5,650.78,568.61,625.89,5706247
2023-06-11,SOL,397.74,406.79,346.13,355.18,2149769
2023-06-11,XRP,699.56,716.5,682.38,699.32,9813733
2023-06-12,ADA,2402.35,2505.19,2148.05,2250.88,3826841
2023-06-12,AVAX,1459.81,1517.89,1438.32,1496.39,16927934
2023-06-12,BCH,65.71,72.34,64.52,71.14,14033547
2023-06-12,BTC,5379.3,5423.44,5365.41,5409.55,3695482
2023-06-12,DOGE,4053.14,4403.54,3955.45,4305.85,12911501
2023-06-12,ETH,5136.01,5141.61,5057.35,5062.95,14694247
2023-06-12,LINK,730.67,743.4,722.2,734.93,17183695
2023-06-12,LTC,625.89,643.23,614.42,631.76,17744342
2023-06-12,SOL,355.18,358.43,350.51,353.76,2008718
2023-06-12,XRP,699.32,713.28,655.63,669.6,1598733
2023-06-13,ADA,2250.88,2292.25,2179.98,2221.35,4733776
2023-06-13,AVAX,1496.39,1538.04,1355.24,1396.89,2172984
2023-06-13,BCH,71.14,73.51,65.2,67.57,17693390
2023-06-13,BTC,5409.55,5715.82,5361.18,5667.44,13479140
2023-06-13,DOGE,4305.85,4553.94,4245.12,4493.21,19238444
2023-06-13,ETH,5062.95,5133.8,5042.13,5112.98,3086266
2023-06-13,LINK,734.93,806.25,692.71,764.04,8215419
2023-06-13,LTC,631.76,666.96,552.83,588.03,4303404
2023-06-13,SOL,353.76,355.47,313.24,314.95,16649339
2023-06-13,XRP,669.6,684.79,647.64,662.83,3560697
2023-06-14,ADA,2221.35,2393.3,2209.45,2381.4,10356389
2023-06-14,AVAX,1396.89,1449.69,1281.15,1333.96,8209787
2023-06-14,BCH,67.57,71.69,66.2,70.33,8317430
2023-06-14,BTC,5667.44,5812.83,5160.17,5305.56,3301633
2023-06-14,DOGE,4493.21,4829.96,4341.03,4677.78,16407360
2023-06-14,ETH,5112.98,5142.42,4981.7,5011.14,4004066
2023-06-14,LINK,764.04,765.46,715.16,716.58,4447588
2023-06-14,LTC,588.03,591.57,563.39,566.93,5198496
2023-06-14,SOL,314.95,335.76,309.21,330.02,3621274
2023-06-14,XRP,662.83,714.48,631.46,683.11,18149793
2023-06-15,ADA,2381.4,2576.27,2297.7,2492.57,19796830
2023-06-15,AVAX,1333.96,1367.27,1244.04,1277.35,6708869
2023-06-15,BCH,70.33,80.82,69.51,80.0,18247054
2023-06-15,BTC,5305.56,5426.77,4829.45,4950.66,14674877
2023-06-15,DOGE,4677.78,4720.23,4418.85,4461.3,3669596
2023-06-15,ETH,5011.14,5156.55,4947.7,5093.11,3508616
2023-06-15,LINK,716.58,717.9,697.47,698.79,1116059
2023-06-15,LTC,566.93,607.29,549.81,590.18,1040408
2023-06-15,SOL,330.02,352.47,325.24,347.69,17448351
2023-06-15,XRP,683.11,759.42,672.45,748.76,15501100
2023-06-16,ADA,2492.57,2519.73,2464.35,2491.51,13455309
2023-06-16,AVAX,1277.35,1289.91,1183.59,1196.15,5450565
2023-06-16,BCH,80.0,80.13,74.96,75.09,2178205
2023-06-16,BTC,4950.66,5080.75,4642.88,4772.98,2309959
2023-06-16,DOGE,4461.3,4573.92,4359.65,4472.27,10056515
2023-06-16,ETH,5093.11,5094.88,5023.8,5025.57,10034908
2023-06-16,LINK,698.79,711.77,689.66,702.64,9341904
2023-06-16,LTC,590.18,596.18,569.31,575.31,7426691
2023-06-16,SOL,347.69,350.58,301.63,304.52,14578056
2023-06-16,XRP,748.76,761.61,697.04,709.89,6155806
2023-06-17,ADA,2491.51,2517.15,2485.94,2511.57,14399608
2023-06-17,AVAX,1196.15,1258.66,1147.67,1210.18,3310624
2023-06-17,BCH,75.09,76.77,73.44,75.11,7114082
2023-06-17,BTC,4772.98,5029.43,4678.4,4934.85,2376505
2023-06-17,DOGE,4472.27,4496.14,4224.3,4248.17,16741493
2023-06-17,ETH,5025.57,5057.05,5006.5,5037.98,4076957
2023-06-17,LINK,702.64,707.26,678.51,683.13,12381325
2023-06-17,LTC,575.31,622.73,565.99,613.41,8324391
2023-06-17,SOL,304.52,328.44,296.6,320.52,8328970
2023-06-17,XRP,709.89,724.22,702.59,716.92,18049783
2023-06-18,ADA,2511.57,2674.02,2471.84,2634.29,16657669
2023-06-18,AVAX,1210.18,1295.61,1164.9,1250.33,11647158
2023-06-18,BCH,75.11,76.77,73.36,75.02,18271793
2023-06-18,BTC,4934.85,5144.35,4844.93,5054.43,17570454
2023-06-18,DOGE,4248.17,4293.87,4154.26,4199.96,16245755
2023-06-18,ETH,5037.98,5164.24,4874.27,5000.53,3587716
2023-06-18,LINK,683.13,743.3,653.19,713.36,7010715
2023-06-18,LTC,613.41,621.85,611.07,619.52,10677481
2023-06-18,SOL,320.52,343.1,310.5,333.08,15270400
2023-06-18,XRP,716.92,719.87,704.07,707.02,15824362
2023-06-19,ADA,2634.29,2645.62,2526.4,2537.73,6273008
2023-06-19,AVAX,1250.33,1278.79,1201.38,1229.83,18016960
2023-06-19,BCH,75.02,77.55,64.92,67.45,12448411
2023-06-19,BTC,5054.43,5070.25,4886.84,4902.66,3790832
2023-06-19,DOGE,4199.96,4213.16,4036.93,4050.13,6900645
2023-06-19,ETH,5000.53,5060.61,4924.97,4985.05,10681015
2023-06-19,LINK,713.36,743.76,703.56,733.96,12870746
2023-06-19,LTC,619.52,633.53,573.33,587.34,9568421
2023-06-19,SOL,333.08,387.76,324.15,378.83,9152145
2023-06-19,XRP,707.02,735.28,670.23,698.49,8369716
2023-06-20,ADA,2537.73,2552.06,2506.64,2520.98,6901126
2023-06-20,AVAX,1229.83,1250.98,1171.07,1192.22,12747541
2023-06-20,BCH,67.45,73.12,63.97,69.64,2197823
2023-06-20,BTC,4902.66,5052.72,4881.61,5031.67,15422319
2023-06-20,DOGE,4050.13,4294.51,3982.0,4226.39,5360317
2023-06-20,ETH,4985.05,5057.75,4841.58,4914.28,9899375
2023-06-20,LINK,733.96,744.31,723.11,733.46,7099365
2023-06-20,LTC,587.34,595.06,535.88,543.6,7641229
2023-06-20,SOL,378.83,409.46,372.46,403.09,3902604
2023-06-20,XRP,698.49,704.22,683.28,689.01,15976318
2023-06-21,ADA,2520.98,2602.4,2505.19,2586.61,19878559
2023-06-21,AVAX,1192.22,1219.53,1169.7,1197.01,14270358
2023-06-21,BCH,69.64,77.94,66.88,75.18,15636633
2023-06-21,BTC,5031.67,5240.8,4517.66,4726.79,10137832
2023-06-21,DOGE,4226.39,4384.53,4115.83,4273.98,11729148
2023-06-21,ETH,4914.28,4932.84,4840.72,4859.27,1689948
2023-06-21,LINK,733.46,745.69,731.88,744.11,9912833
2023-06-21,LTC,543.6,566.46,523.96,546.82,19961188
2023-06-21,SOL,403.09,420.03,390.53,407.48,1295202
2023-06-21,XRP,689.01,696.16,680.1,687.25,15111848
2023-06-22,ADA,2586.61,2588.73,2527.81,2529.92,3949042
2023-06-22,AVAX,1197.01,1231.35,1067.24,1101.58,10428595
2023-06-22,BCH,75.18,75.73,71.19,71.74,6268019
2023-06-22,BTC,4726.79,4773.8,4624.93,4671.94,6799490
2023-06-22,DOGE,4273.98,4478.79,4157.22,4362.04,8100170
2023-06-22,ETH,4859.27,5013.45,4779.92,4934.09,3390324
2023-06-22,LINK,744.11,757.13,709.73,722.75,14822954
2023-06-22,LTC,546.82,547.27,515.25,515.7,5541609
2023-06-22,SOL,407.48,450.96,406.71,450.2,15817867
2023-06-22,XRP,687.25,698.82,666.74,678.31,14245826
2023-06-23,ADA,2529.92,2551.88,2290.72,2312.68,3505853
2023-06-23,AVAX,1101.58,1109.58,987.63,995.63,3714435
2023-06-23,BCH,71.74,75.57,69.75,73.58,3706236
2023-06-23,BTC,4671.94,4789.64,4599.44,4717.13,3615890
2023-06-23,DOGE,4362.04,4405.22,4329.85,4373.03,7364403
2023-06-23,ETH,4934.09,4952.31,4822.63,4840.85,14651759
2023-06-23,LINK,722.75,724.76,719.13,721.13,5734713
2023-06-23,LTC,515.7,529.48,508.92,522.7,1685891
2023-06-23,SOL,450.2,454.2,439.5,443.5,4710064
2023-06-23,XRP,678.31,681.47,645.15,648.32,17567210
2023-06-24,ADA,2312.68,2422.24,2269.31,2378.87,15849336
2023-06-24,AVAX,995.63,1027.6,958.05,990.02,9857488
2023-06-24,BCH,73.58,73.76,69.24,69.42,7576814
2023-06-24,BTC,4717.13,4839.02,4493.87,4615.76,19145481
2023-06-24,DOGE,4373.03,4655.27,4276.43,4558.67,4418975
2023-06-24,ETH,4840.85,4849.58,4766.14,4774.88,4667315
2023-06-24,LINK,721.13,774.88,706.92,760.67,19924250
2023-06-24,LTC,522.7,524.05,453.76,455.11,5844656
2023-06-24,SOL,443.5,461.62,405.31,423.43,2247870
2023-06-24,XRP,648.32,665.52,646.59,663.8,9001653
2023-06-25,ADA,2378.87,2518.96,2317.53,2457.62,10646711
2023-06-25,AVAX,990.02,1005.03,930.31,945.31,2346900
2023-06-25,BCH,69.42,69.53,67.23,67.34,15551090
2023-06-25,BTC,4615.76,4729.12,4601.34,4714.7,13073140
2023-06-25,DOGE,4558.67,4708.84,4464.83,4615.0,16054814
2023-06-25,ETH,4774.88,4928.23,4652.96,4806.31,10120075
2023-06-25,LINK,760.67,765.19,725.04,729.57,2723701
2023-06-25,LTC,455.11,466.5,430.66,442.04,15420024
2023-06-25,SOL,423.43,433.13,408.06,417.76,6149565
2023-06-25,XRP,663.8,682.02,639.68,657.9,18780249
2023-06-26,ADA,2457.62,2527.01,2353.57,2422.96,13217459
2023-06-26,AVAX,945.31,952.57,830.6,837.86,12095915
2023-06-26,BCH,67.34,68.17,63.04,63.87,16436441
2023-06-26,BTC,4714.7,4802.16,4712.23,4799.7,9593230
2023-06-26,DOGE,4615.0,4713.75,4284.63,4383.37,8821627
2023-06-26,ETH,4806.31,4967.77,4787.84,4949.3,3933495
2023-06-26,LINK,729.57,737.33,704.73,712.49,16614342
2023-06-26,LTC,442.04,459.75,404.29,421.99,10862439
2023-06-26,SOL,417.76,423.29,393.67,399.19,6338328
2023-06-26,XRP,657.9,663.34,651.98,657.42,12708355
2023-06-27,ADA,2422.96,2468.65,2291.38,2337.07,13951359
2023-06-27,AVAX,837.86,897.4,790.97,850.51,4026760
2023-06-27,BCH,63.87,64.38,60.35,60.86,1929844
2023-06-27,BTC,4799.7,4852.74,4696.18,4749.23,1521700
2023-06-27,DOGE,4383.37,4422.12,4325.98,4364.73,7957987
2023-06-27,ETH,4949.3,5139.16,4937.54,5127.4,11935918
2023-06-27,LINK,712.49,757.41,689.79,734.72,2927816
2023-06-27,LTC,421.99,452.02,404.36,434.38,17641439
2023-06-27,SOL,399.19,401.1,397.77,399.68,7513573
2023-06-27,XRP,657.42,658.76,626.72,628.06,11214483
2023-06-28,ADA,2337.07,2492.34,2306.84,2462.1,12422646
2023-06-28,AVAX,850.51,944.53,784.33,878.35,2382912
2023-06-28,BCH,60.86,61.26,56.52,56.92,18908083
2023-06-28,BTC,4749.23,4763.56,4612.0,4626.34,16954473
2023-06-28,DOGE,4364.73,4410.98,4355.23,4401.49,5472338
2023-06-28,ETH,5127.4,5149.46,4965.87,4987.93,5982453
2023-06-28,LINK,734.72,744.31,733.1,742.69,15647320
2023-06-28,LTC,434.38,453.05,396.33,415.01,1561737
2023-06-28,SOL,399.68,404.77,384.28,389.37,19123623
2023-06-28,XRP,628.06,637.69,628.04,637.66,18041453
2023-06-29,ADA,2462.1,2506.92,2406.5,2451.32,4302976
2023-06-29,AVAX,878.35,934.69,866.74,923.08,1064324
2023-06-29,BCH,56.92,61.93,55.73,60.73,10590172
2023-06-29,BTC,4626.34,4816.46,4482.72,4672.85,13497490
2023-06-29,DOGE,4401.49,4504.11,4387.0,4489.62,5451699
2023-06-29,ETH,4987.93,5041.35,4978.25,5031.67,1523119
2023-06-29,LINK,742.69,766.0,727.82,751.13,4535843
2023-06-29,LTC,415.01,451.26,413.6,449.85,7735209
2023-06-29,SOL,389.37,400.3,334.8,345.72,12042721
2023-06-29,XRP,637.66,668.12,632.99,663.45,1037292
2023-06-30,ADA,2451.32,2484.49,2422.08,2455.25,13952268
2023-06-30,AVAX,923.08,987.38,860.66,924.96,3730345
2023-06-30,BCH,60.73,62.76,56.9,58.92,11595186
2023-06-30,BTC,4672.85,4721.7,4646.09,4694.94,13352540
2023-06-30,DOGE,4489.62,4670.18,4489.0,4669.56,16961719
2023-06-30,ETH,5031.67,5127.17,4959.46,5054.96,19670818
2023-06-30,LINK,751.13,754.83,699.44,703.14,7477014
2023-06-30,LTC,449.85,458.9,398.33,407.39,2097762
2023-06-30,SOL,345.72,359.5,344.28,358.06,9765531
2023-06-30,XRP,663.45,695.04,661.29,692.87,9779007
2023-07-01,ADA,2455.25,2501.85,2373.01,2419.61,17284246
2023-07-01,AVAX,924.96,989.46,883.73,948.23,16800253
2023-07-01,BCH,58.92,59.68,51.76,52.52,13465732
2023-07-01,BTC,4694.94,4930.36,4649.8,4885.21,2010969
2023-07-01,DOGE,4669.56,4734.8,4557.88,4623.12,13606418
2023-07-01,ETH,5054.96,5218.08,5033.5,5196.62,11669108
2023-07-01,LINK,703.14,756.29,690.21,743.35,9279474
2023-07-01,LTC,407.39,416.38,393.96,402.96,19775447
2023-07-01,SOL,358.06,393.82,345.64,381.39,12375247
2023-07-01,XRP,692.87,703.86,686.97,697.96,9191865
2023-07-02,ADA,2419.61,2461.63,2197.02,2239.04,11748236
2023-07-02,AVAX,948.23,995.45,837.77,884.99,4009999
2023-07-02,BCH,52.52,52.74,50.83,51.05,4022506
2023-07-02,BTC,4885.21,5329.48,4764.24,5208.5,6167092
2023-07-02,DOGE,4623.12,4652.32,4602.4,4631.6,18920180
2023-07-02,ETH,5196.62,5405.2,5089.03,5297.62,7573670
2023-07-02,LINK,743.35,746.56,735.25,738.46,1331319
2023-07-02,LTC,402.96,415.29,365.03,377.36,3773327
2023-07-02,SOL,381.39,420.03,366.21,404.85,15858342
2023-07-02,XRP,697.96,716.92,691.52,710.47,5754671
2023-07-03,ADA,2239.04,2360.62,2219.11,2340.7,2666375
2023-07-03,AVAX,884.99,896.1,792.83,803.94,9930402
2023-07-03,BCH,51.05,51.34,50.93,51.21,8032154
2023-07-03,BTC,5208.5,5367.5,4844.17,5003.17,18900392
2023-07-03,DOGE,4631.6,4877.09,4485.47,4730.97,4970019
2023-07-03,ETH,5297.62,5596.49,5163.32,5462.19,19163451
2023-07-03,LINK,738.46,778.91,728.99,769.44,6979951
2023-07-03,LTC,377.36,382.65,361.95,367.24,17315033
2023-07-03,SOL,404.85,441.78,401.75,438.68,7528078
2023-07-03,XRP,710.47,786.69,699.71,775.92,3618316
2023-07-04,ADA,2340.7,2382.7,2165.98,2207.98,14379485
2023-07-04,AVAX,803.94,821.34,745.14,762.54,10489908
2023-07-04,BCH,51.21,52.25,48.66,49.71,10037629
2023-07-04,BTC,5003.17,5141.48,4680.33,4818.63,5405466
2023-07-04,DOGE,4730.97,4831.18,4688.64,4788.85,15695141
2023-07-04,ETH,5462.19,5630.67,5456.42,5624.91,9781701
2023-07-04,LINK,769.44,796.04,758.4,785.0,16084147
2023-07-04,LTC,367.24,367.81,351.03,351.6,9454590
2023-07-04,SOL,438.68,453.23,437.77,452.31,17403604
2023-07-04,XRP,775.92,867.15,758.78,850.0,12836548
2023-07-05,ADA,2207.98,2290.81,2168.63,2251.46,12021331
2023-07-05,AVAX,762.54,780.02,696.77,714.26,1014370
2023-07-05,BCH,49.71,50.73,45.55,46.58,19194527
2023-07-05,BTC,4818.63,4995.8,4683.28,4860.45,11915364
2023-07-05,DOGE,4788.85,5097.9,4738.93,5047.97,4839039
2023-07-05,ETH,5624.91,5752.03,5474.98,5602.1,2661087
2023-07-05,LINK,785.0,794.18,752.51,761.69,3902778
2023-07-05,LTC,351.6,368.05,349.22,365.67,16687595
2023-07-05,SOL,452.31,479.65,421.24,448.58,16295071
2023-07-05,XRP,850.0,931.26,843.13,924.38,5689832
2023-07-06,ADA,2251.46,2282.21,2167.79,2198.54,18966167
2023-07-06,AVAX,714.26,717.79,689.88,693.41,3785649
2023-07-06,BCH,46.58,47.97,46.49,47.88,9886521
2023-07-06,BTC,4860.45,4889.66,4675.22,4704.44,18115678
2023-07-06,DOGE,5047.97,5144.46,5028.19,5124.68,4738100
2023-07-06,ETH,5602.1,5625.23,5579.43,5602.56,18211627
2023-07-06,LINK,761.69,778.68,714.9,731.9,10011535
2023-07-06,LTC,365.67,396.41,350.24,380.98,8832674
2023-07-06,SOL,448.58,463.45,410.05,424.92,1985869
2023-07-06,XRP,924.38,943.15,894.7,913.47,9949276
2023-07-07,ADA,2198.54,2311.13,2174.74,2287.33,18275045
2023-07-07,AVAX,693.41,701.86,689.13,697.57,6004113
2023-07-07,BCH,47.88,48.27,46.8,47.19,19138477
2023-07-07,BTC,4704.44,4858.37,4272.58,4426.51,13214451
2023-07-07,DOGE,5124.68,5317.71,5046.24,5239.26,2967627
2023-07-07,ETH,5602.56,5669.31,5576.42,5643.16,4013564
2023-07-07,LINK,731.9,752.25,721.7,742.05,8921066
2023-07-07,LTC,380.98,385.16,362.56,366.74,7746736
2023-07-07,SOL,424.92,426.81,412.9,414.79,14585397
2023-07-07,XRP,913.47,938.56,835.64,860.74,15160139
2023-07-08,ADA,2287.33,2315.71,2224.23,2252.62,9872598
2023-07-08,AVAX,697.57,703.38,625.65,631.46,3338226
2023-07-08,BCH,47.19,47.91,46.23,46.95,5699435
2023-07-08,BTC,4426.51,4544.83,4256.9,4375.22,8715660
2023-07-08,DOGE,5239.26,5321.79,5060.71,5143.24,10231628
2023-07-08,ETH,5643.16,5657.71,5618.33,5632.88,5078668
2023-07-08,LINK,742.05,803.65,713.98,775.58,13150574
2023-07-08,LTC,366.74,380.93,329.48,343.66,18373299
2023-07-08,SOL,414.79,444.66,412.93,442.8,9524978
2023-07-08,XRP,860.74,866.79,840.35,846.4,17772166
2023-07-09,ADA,2252.62,2402.2,2227.55,2377.13,6009297
2023-07-09,AVAX,631.46,662.29,612.34,643.17,16231975
2023-07-09,BCH,46.95,54.54,44.64,52.24,12746050
2023-07-09,BTC,4375.22,4430.3,4278.37,4333.45,4887860
2023-07-09,DOGE,5143.24,5276.26,4782.4,4915.42,4431638
2023-07-09,ETH,5632.88,5784.0,5592.31,5743.43,10788260
2023-07-09,LINK,775.58,801.13,760.53,786.08,18349985
2023-07-09,LTC,343.66,352.15,337.02,345.51,2010698
2023-07-09,SOL,442.8,443.44,436.9,437.54,9389167
2023-07-09,XRP,846.4,880.35,805.9,839.86,12971775
2023-07-10,ADA,2377.13,2390.71,2342.85,2356.42,2881092
2023-07-10,AVAX,643.17,667.62,633.29,657.74,14836562
2023-07-10,BCH,52.24,52.98,51.29,52.03,8325924
2023-07-10,BTC,4333.45,4432.48,4097.33,4196.37,17606400
2023-07-10,DOGE,4915.42,5001.25,4688.73,4774.56,2987718
2023-07-10,ETH,5743.43,5798.49,5562.41,5617.47,4278093
2023-07-10,LINK,786.08,847.17,781.58,842.66,5623917
2023-07-10,LTC,345.51,353.92,326.93,335.34,19050828
2023-07-10,SOL,437.54,474.54,435.52,472.51,11387363
2023-07-10,XRP,839.86,856.13,810.73,827.01,5691587
2023-07-11,ADA,2356.42,2459.34,2204.52,2307.43,1463118
2023-07-11,AVAX,657.74,664.59,639.58,646.42,9118756
2023-07-11,BCH,52.03,52.42,47.74,48.14,9473334
2023-07-11,BTC,4196.37,4238.28,4186.24,4228.14,17577558
2023-07-11,DOGE,4774.56,4848.51,4698.75,4772.7,1077360
2023-07-11,ETH,5617.47,5676.7,5374.63,5433.86,13151440
2023-07-11,LINK,842.66,915.71,835.25,908.3,17248636
2023-07-11,LTC,335.34,336.12,326.76,327.54,19435485
2023-07-11,SOL,472.51,514.78,468.1,510.37,9996317
2023-07-11,XRP,827.01,870.08,773.07,816.14,17481607
2023-07-12,ADA,2307.43,2338.5,2217.11,2248.17,16511599
2023-07-12,AVAX,646.42,676.12,616.98,646.68,15059899
2023-07-12,BCH,48.14,48.42,44.3,44.58,13995727
2023-07-12,BTC,4228.14,4347.41,4177.95,4297.21,19732861
2023-07-12,DOGE,4772.7,4809.03,4590.27,4626.61,18301306
2023-07-12,ETH,5433.86,5491.45,5174.21,5231.79,7014005
2023-07-12,LINK,908.3,948.49,898.32,938.5,16385947
2023-07-12,LTC,327.54,340.67,303.89,317.02,7325529
2023-07-12,SOL,510.37,511.61,477.94,479.19,9441046
2023-07-12,XRP,816.14,834.4,811.45,829.71,8388598
2023-07-13,ADA,2248.17,2502.9,2218.58,2473.31,6817819
2023-07-13,AVAX,646.68,701.22,643.73,698.27,2334648
2023-07-13,BCH,44.58,48.78,44.16,48.36,13884133
2023-07-13,BTC,4297.21,4391.97,4281.99,4376.74,18816429
2023-07-13,DOGE,4626.61,4697.76,4595.75,4666.91,7797292
2023-07-13,ETH,5231.79,5348.93,5208.55,5325.69,11481371
2023-07-13,LINK,938.5,982.3,910.46,954.25,8532076
2023-07-13,LTC,317.02,343.06,299.22,325.25,2019789
2023-07-13,SOL,479.19,485.45,458.72,464.98,7029279
2023-07-13,XRP,829.71,845.22,776.13,791.64,6988429
2023-07-14,ADA,2473.31,2509.87,2459.44,2496.0,16106530
2023-07-14,AVAX,698.27,717.22,666.78,685.74,3812073
2023-07-14,BCH,48.36,51.16,47.92,50.72,2043790
2023-07-14,BTC,4376.74,4391.44,4284.75,4299.45,1291963
2023-07-14,DOGE,4666.91,4846.33,4600.35,4779.78,11825782
2023-07-14,ETH,5325.69,5562.79,5287.73,5524.83,14839465
2023-07-14,LINK,954.25,1024.81,954.25,1024.81,12826119
2023-07-14,LTC,325.25,354.64,306.79,336.17,17609139
2023-07-14,SOL,464.98,480.3,432.61,447.93,18385936
2023-07-14,XRP,791.64,802.73,770.45,781.54,1892263
2023-07-15,ADA,2496.0,2643.26,2413.32,2560.58,6920555
2023-07-15,AVAX,685.74,694.44,659.72,668.43,5810927
2023-07-15,BCH,50.72,50.76,47.69,47.73,3767968
2023-07-15,BTC,4299.45,4362.35,4062.75,4125.65,8619530
2023-07-15,DOGE,4779.78,4993.45,4710.24,4923.92,15448467
2023-07-15,ETH,5524.83,5956.88,5424.89,5856.94,18709108
2023-07-15,LINK,1024.81,1048.72,1002.16,1026.06,8174534
2023-07-15,LTC,336.17,336.84,321.95,322.62,18664226
2023-07-15,SOL,447.93,477.05,431.83,460.94,3538863
2023-07-15,XRP,781.54,800.88,731.54,750.89,14529078
2023-07-16,ADA,2560.58,2830.86,2510.29,2780.58,2054747
2023-07-16,AVAX,668.43,695.18,639.85,666.61,19504461
2023-07-16,BCH,47.73,49.51,44.25,46.03,4049340
2023-07-16,BTC,4125.65,4347.76,4124.51,4346.62,12460249
2023-07-16,DOGE,4923.92,5155.58,4863.76,5095.42,14177478
2023-07-16,ETH,5856.94,5869.57,5743.11,5755.74,19395638
2023-07-16,LINK,1026.06,1047.8,1021.55,1043.29,15423502
2023-07-16,LTC,322.62,353.93,303.73,335.05,7431061
2023-07-16,SOL,460.94,482.94,438.2,460.19,16403157
2023-07-16,XRP,750.89,759.28,721.65,730.04,17255431
2023-07-17,ADA,2780.58,2845.82,2552.39,2617.63,19011165
2023-07-17,AVAX,666.61,675.04,603.82,612.26,4273838
2023-07-17,BCH,46.03,48.88,43.62,46.47,17812126
2023-07-17,BTC,4346.62,4566.86,4255.38,4475.62,14232685
2023-07-17,DOGE,5095.42,5253.78,5047.85,5206.2,18480123
2023-07-17,ETH,5755.74,5973.39,5728.44,5946.09,17429776
2023-07-17,LINK,1043.29,1119.9,1001.03,1077.64,1870437
2023-07-17,LTC,335.05,347.17,313.24,325.36,1461607
2023-07-17,SOL,460.19,483.55,459.95,483.3,17217945
2023-07-17,XRP,730.04,733.36,722.14,725.46,3952734
2023-07-18,ADA,2617.63,2622.72,2377.19,2382.28,7288434
2023-07-18,AVAX,612.26,613.98,544.06,545.78,17742047
2023-07-18,BCH,46.47,46.7,46.27,46.5,12302305
2023-07-18,BTC,4475.62,4555.54,4342.5,4422.42,15774500
2023-07-18,DOGE,5206.2,5208.53,4907.38,4909.71,2787473
2023-07-18,ETH,5946.09,5982.71,5943.87,5980.48,7584648
2023-07-18,LINK,1077.64,1090.94,1073.55,1086.85,7082834
2023-07-18,LTC,325.36,326.67,324.18,325.49,13443472
2023-07-18,SOL,483.3,495.41,474.34,486.45,8619754
2023-07-18,XRP,725.46,732.14,695.03,701.71,2804956
2023-07-19,ADA,2382.28,2467.71,2180.09,2265.52,18628012
2023-07-19,AVAX,545.78,575.69,517.48,547.38,5483660
2023-07-19,BCH,46.5,47.77,44.27,45.54,11377388
2023-07-19,BTC,4422.42,4478.7,4149.49,4205.76,15389423
2023-07-19,DOGE,4909.71,4947.62,4606.48,4644.39,3345514
2023-07-19,ETH,5980.48,6220.55,5902.69,6142.75,16725088
2023-07-19,LINK,1086.85,1087.54,1054.08,1054.78,6286406
2023-07-19,LTC,325.49,339.58,298.52,312.61,10991119
2023-07-19,SOL,486.45,491.03,448.78,453.36,18231099
2023-07-19,XRP,701.71,746.35,695.89,740.54,4165683
2023-07-20,ADA,2265.52,2297.12,2218.88,2250.48,15556695
2023-07-20,AVAX,547.38,553.68,494.57,500.87,14413068
2023-07-20,BCH,45.54,46.36,43.6,44.42,3874086
2023-07-20,BTC,4205.76,4698.6,4045.81,4538.64,1155727
2023-07-20,DOGE,4644.39,4695.22,4635.42,4686.25,16820222
2023-07-20,ETH,6142.75,6238.18,6093.97,6189.4,3525400
2023-07-20,LINK,1054.78,1080.68,1022.68,1048.59,10557090
2023-07-20,LTC,312.61,313.08,296.19,296.66,13161160
2023-07-20,SOL,453.36,454.5,443.23,444.37,5643992
2023-07-20,XRP,740.54,768.17,708.04,735.66,13155982
2023-07-21,ADA,2250.48,2406.1,2186.43,2342.05,17131529
2023-07-21,AVAX,500.87,532.94,478.42,510.49,17908254
2023-07-21,BCH,44.42,44.97,43.18,43.72,17493370
2023-07-21,BTC,4538.64,4756.11,4482.63,4700.09,12121022
2023-07-21,DOGE,4686.25,4892.35,4554.36,4760.46,1472223
2023-07-21,ETH,6189.4,6203.46,6096.12,6110.18,10199133
2023-07-21,LINK,1048.59,1058.77,1000.93,1011.11,5753972
2023-07-21,LTC,296.66,337.5,287.46,328.29,8238842
2023-07-21,SOL,444.37,477.51,443.01,476.15,8919201
2023-07-21,XRP,735.66,753.48,690.33,708.15,1232021
2023-07-22,ADA,2342.05,2391.54,2261.73,2311.22,12457407
2023-07-22,AVAX,510.49,531.66,432.45,453.61,12788238
2023-07-22,BCH,43.72,46.38,43.13,45.79,5008347
2023-07-22,BTC,4700.09,4716.64,4634.9,4651.45,3274438
2023-07-22,DOGE,4760.46,4897.24,4685.66,4822.45,16251835
2023-07-22,ETH,6110.18,6116.6,5989.9,5996.32,3740490
2023-07-22,LINK,1011.11,1039.94,1010.75,1039.58,18747687
2023-07-22,LTC,328.29,344.98,321.18,337.87,15002922
2023-07-22,SOL,476.15,489.34,468.76,481.94,7543262
2023-07-22,XRP,708.15,788.63,696.04,776.52,9166606
2023-07-23,ADA,2311.22,2397.48,2262.59,2348.85,6291311
2023-07-23,AVAX,453.61,495.75,446.87,489.01,14294319
2023-07-23,BCH,45.79,47.03,43.34,44.58,15456890
2023-07-23,BTC,4651.45,4772.02,4528.1,4648.67,1695405
2023-07-23,DOGE,4822.45,4951.6,4681.63,4810.78,13132417
2023-07-23,ETH,5996.32,6234.29,5934.92,6172.9,10624111
2023-07-23,LINK,1039.58,1046.23,1037.0,1043.65,2619957
2023-07-23,LTC,337.87,370.35,330.89,363.38,18590756
2023-07-23,SOL,481.94,485.21,454.14,457.41,19102285
2023-07-23,XRP,776.52,798.22,726.17,747.87,13341347
2023-07-24,ADA,2348.85,2392.72,2278.99,2322.86,19275458
2023-07-24,AVAX,489.01,512.94,447.31,471.24,1454616
2023-07-24,BCH,44.58,44.89,42.55,42.86,5514159
2023-07-24,BTC,4648.67,4768.29,4576.04,4695.66,7422056
2023-07-24,DOGE,4810.78,4811.75,4621.38,4622.35,3951796
2023-07-24,ETH,6172.9,6194.42,6105.39,6126.91,9178363
2023-07-24,LINK,1043.65,1101.68,1008.76,1066.79,4876440
2023-07-24,LTC,363.38,385.07,347.15,368.85,2557622
2023-07-24,SOL,457.41,458.64,434.85,436.08,12597599
2023-07-24,XRP,747.87,759.91,732.79,744.83,8636787
2023-07-25,ADA,2322.86,2361.77,2185.55,2224.47,3101698
2023-07-25,AVAX,471.24,521.93,460.16,510.85,18538836
2023-07-25,BCH,42.86,44.19,40.93,42.26,4158239
2023-07-25,BTC,4695.66,4742.77,4599.29,4646.41,13418482
2023-07-25,DOGE,4622.35,4960.85,4464.47,4802.98,4989976
2023-07-25,ETH,6126.91,6245.06,6003.2,6121.36,2675674
2023-07-25,LINK,1066.79,1067.44,996.3,996.94,2344750
2023-07-25,LTC,368.85,371.46,332.74,335.35,13577000
2023-07-25,SOL,436.08,449.41,411.1,424.43,10306141
2023-07-25,XRP,744.83,769.89,718.77,743.83,1432438
2023-07-26,ADA,2224.47,2312.52,2151.94,2239.99,10370500
2023-07-26,AVAX,510.85,557.11,497.46,543.71,19331810
2023-07-26,BCH,42.26,42.82,42.22,42.77,4666987
2023-07-26,BTC,4646.41,4651.08,4485.74,4490.41,10956864
2023-07-26,DOGE,4802.98,5084.28,4677.91,4959.21,5509971
2023-07-26,ETH,6121.36,6241.39,6104.28,6224.31,7383707
2023-07-26,LINK,996.94,1004.86,970.8,978.72,12215770
2023-07-26,LTC,335.35,342.69,298.32,305.66,17533616
2023-07-26,SOL,424.43,432.97,400.92,409.46,9302562
2023-07-26,XRP,743.83,758.72,703.02,717.9,1795581
2023-07-27,ADA,2239.99,2306.44,2158.29,2224.74,19125286
2023-07-27,AVAX,543.71,553.62,527.36,537.27,2720392
2023-07-27,BCH,42.77,44.57,41.81,43.61,5005252
2023-07-27,BTC,4490.41,4522.43,4461.32,4493.33,18410774
2023-07-27,DOGE,4959.21,5103.85,4707.14,4851.78,17374357
2023-07-27,ETH,6224.31,6261.62,6199.1,6236.41,5767381
2023-07-27,LINK,978.72,997.86,971.8,990.94,17769503
2023-07-27,LTC,305.66,308.47,303.26,306.06,18595320
2023-07-27,SOL,409.46,415.07,374.6,380.2,9018490
2023-07-27,XRP,717.9,730.83,656.98,669.91,18473828
2023-07-28,ADA,2224.74,2291.17,2209.34,2275.77,8115730
2023-07-28,AVAX,537.27,593.44,534.23,590.41,18980375
2023-07-28,BCH,43.61,45.47,42.65,44.51,11346356
2023-07-28,BTC,4493.33,4493.93,4159.98,4160.58,13921242
2023-07-28,DOGE,4851.78,4924.25,4813.07,4885.54,2321590
2023-07-28,ETH,6236.41,6358.67,6149.09,6271.35,3227568
2023-07-28,LINK,990.94,1010.86,969.87,989.79,16241422
2023-07-28,LTC,306.06,315.05,277.32,286.31,7361614
2023-07-28,SOL,380.2,385.41,376.46,381.66,16058509
2023-07-28,XRP,669.91,679.98,661.69,671.77,11294748
2023-07-29,ADA,2275.77,2280.69,2260.35,2265.26,13886953
2023-07-29,AVAX,590.41,592.31,536.93,538.83,12286693
2023-07-29,BCH,44.51,46.05,44.24,45.78,2736431
2023-07-29,BTC,4160.58,4189.59,4020.56,4049.57,8464497
2023-07-29,DOGE,4885.54,5006.98,4700.89,4822.33,19253724
2023-07-29,ETH,6271.35,6274.69,6103.34,6106.67,6730328
2023-07-29,LINK,989.79,1013.08,953.48,976.78,6658862
2023-07-29,LTC,286.31,294.5,257.09,265.29,9227628
2023-07-29,SOL,381.66,394.91,378.19,391.43,15601476
2023-07-29,XRP,671.77,691.43,657.88,677.55,11256403
2023-07-30,ADA,2265.26,2466.46,2203.44,2404.64,1538227
2023-07-30,AVAX,538.83,542.78,493.57,497.52,19702668
2023-07-30,BCH,45.78,46.28,44.59,45.09,6817412
2023-07-30,BTC,4049.57,4247.75,3974.94,4173.11,10599981
2023-07-30,DOGE,4822.33,4895.35,4545.11,4618.12,14961854
2023-07-30,ETH,6106.67,6129.02,5999.21,6021.57,2322491
2023-07-30,LINK,976.78,1016.28,914.49,953.99,2779010
2023-07-30,LTC,265.29,311.1,250.04,295.85,19687280
2023-07-30,SOL,391.43,408.83,372.88,390.28,5081375
2023-07-30,XRP,677.55,687.18,672.96,682.59,15996664
2023-07-31,ADA,2404.64,2462.14,2220.8,2278.29,17877389
2023-07-31,AVAX,497.52,501.83,475.1,479.41,19008253
2023-07-31,BCH,45.09,47.15,44.61,46.67,19385597
2023-07-31,BTC,4173.11,4362.23,4155.07,4344.19,5248967
2023-07-31,DOGE,4618.12,4828.59,4530.17,4740.65,6788724
2023-07-31,ETH,6021.57,6257.91,5856.39,6092.74,9593673
2023-07-31,LINK,953.99,975.44,943.43,964.87,19562793
2023-07-31,LTC,295.85,329.54,287.51,321.2,12091651
2023-07-31,SOL,390.28,397.48,376.92,384.12,8442803
2023-07-31,XRP,682.59,747.16,657.37,721.95,10449767
2023-08-01,ADA,2278.29,2357.7,2125.92,2205.33,2424745
2023-08-01,AVAX,479.41,487.4,450.42,458.41,16427593
2023-08-01,BCH,46.67,48.82,45.92,48.07,9148463
2023-08-01,BTC,4344.19,4499.02,4177.59,4332.42,13135746
2023-08-01,DOGE,4740.65,4817.51,4610.66,4687.52,14367138
2023-08-01,ETH,6092.74,6163.15,5976.34,6046.75,5694160
2023-08-01,LINK,964.87,969.78,963.48,968.39,17497089
2023-08-01,LTC,321.2,322.77,317.66,319.23,16588293
2023-08-01,SOL,384.12,399.43,366.5,381.81,10065493
2023-08-01,XRP,721.95,740.85,720.21,739.12,5776189
2023-08-02,ADA,2205.33,2291.72,2200.24,2286.64,2181555
2023-08-02,AVAX,458.41,469.68,448.08,459.35,18131346
2023-08-02,BCH,48.07,49.13,45.38,46.45,7194253
2023-08-02,BTC,4332.42,4332.82,4230.89,4231.29,19380298
2023-08-02,DOGE,4687.52,4883.65,4647.5,4843.63,14680667
2023-08-02,ETH,6046.75,6215.9,5980.62,6149.78,13021220
2023-08-02,LINK,968.39,990.6,956.52,978.73,1756138
2023-08-02,LTC,319.23,332.47,318.73,331.97,5970642
2023-08-02,SOL,381.81,410.97,361.24,390.4,7101817
2023-08-02,XRP,739.12,749.89,724.11,734.88,11479444
2023-08-03,ADA,2286.64,2343.21,2218.99,2275.56,7375524
2023-08-03,AVAX,459.35,466.39,420.18,427.23,17569918
2023-08-03,BCH,46.45,48.28,43.99,45.81,14017574
2023-08-03,BTC,4231.29,4385.75,4156.14,4310.59,13235687
2023-08-03,DOGE,4843.63,4845.51,4749.32,4751.2,16357166
2023-08-03,ETH,6149.78,6350.38,6130.42,6331.02,5408409
2023-08-03,LINK,978.73,1030.76,955.81,1007.84,11052462
2023-08-03,LTC,331.97,335.55,295.53,299.12,2376787
2023-08-03,SOL,390.4,395.7,386.5,391.8,4438777
2023-08-03,XRP,734.88,765.67,624.57,655.37,7903633
2023-08-04,ADA,2275.56,2283.47,2170.11,2178.02,16137194
2023-08-04,AVAX,427.23,428.18,407.0,407.95,17349014
2023-08-04,BCH,45.81,50.27,44.4,48.86,15716133
2023-08-04,BTC,4310.59,4426.26,4135.9,4251.57,18537907
2023-08-04,DOGE,4751.2,4840.99,4728.28,4818.08,15893734
2023-08-04,ETH,6331.02,6362.19,6283.16,6314.32,14516466
2023-08-04,LINK,1007.84,1013.55,943.03,948.74,5764454
2023-08-04,LTC,299.12,336.71,297.75,335.34,10905362
2023-08-04,SOL,391.8,392.31,370.55,371.06,3895049
2023-08-04,XRP,655.37,675.73,634.71,655.07,8184677
2023-08-05,ADA,2178.02,2191.78,2096.77,2110.53,19270044
2023-08-05,AVAX,407.95,410.28,343.68,346.01,16199030
2023-08-05,BCH,48.86,49.31,47.38,47.83,16777743
2023-08-05,BTC,4251.57,4329.84,4061.53,4139.81,1811000
2023-08-05,DOGE,4818.08,4951.49,4404.51,4537.92,14198141
2023-08-05,ETH,6314.32,6395.0,6269.15,6349.83,3017882
2023-08-05,LINK,948.74,986.79,929.21,967.26,10521637
2023-08-05,LTC,335.34,345.57,311.78,322.01,19052450
2023-08-05,SOL,371.06,383.22,369.12,381.27,3821327
2023-08-05,XRP,655.07,658.82,633.71,637.46,3049005
2023-08-06,ADA,2110.53,2209.0,2074.56,2173.03,7262557
2023-08-06,AVAX,346.01,385.53,333.06,372.58,16538312
2023-08-06,BCH,47.83,48.63,47.42,48.21,6252490
2023-08-06,BTC,4139.81,4693.13,3917.05,4470.37,14495221
2023-08-06,DOGE,4537.92,4564.08,4516.18,4542.33,5500760
2023-08-06,ETH,6349.83,6644.92,6129.86,6424.94,19004605
2023-08-06,LINK,967.26,970.1,949.72,952.56,2230822
2023-08-06,LTC,322.01,331.51,306.88,316.37,8561626
2023-08-06,SOL,381.27,415.63,361.94,396.3,19552582
2023-08-06,XRP,637.46,653.52,563.19,579.25,17327401
2023-08-07,ADA,2173.03,2450.97,2140.92,2418.86,6531638
2023-08-07,AVAX,372.58,377.4,357.2,362.02,14780923
2023-08-07,BCH,48.21,50.54,45.79,48.12,10806374
2023-08-07,BTC,4470.37,4481.47,4380.97,4392.07,7040608
2023-08-07,DOGE,4542.33,4778.51,4480.71,4716.88,2307184
2023-08-07,ETH,6424.94,6427.85,6218.79,6221.69,18036345
2023-08-07,LINK,952.56,972.45,847.88,867.77,4204462
2023-08-07,LTC,316.37,330.85,305.71,320.19,1243041
2023-08-07,SOL,396.3,415.9,376.37,395.98,15485890
2023-08-07,XRP,579.25,622.12,544.86,587.74,19526359
2023-08-08,ADA,2418.86,2515.66,2395.84,2492.65,19945966
2023-08-08,AVAX,362.02,364.78,361.6,364.36,8721121
2023-08-08,BCH,48.12,50.66,47.16,49.7,11779470
2023-08-08,BTC,4392.07,4510.36,4311.9,4430.19,17007977
2023-08-08,DOGE,4716.88,4741.2,4545.38,4569.69,6991464
2023-08-08,ETH,6221.69,6234.1,6076.57,6088.98,10450902
2023-08-08,LINK,867.77,941.11,857.75,931.09,2987803
2023-08-08,LTC,320.19,321.89,305.74,307.44,19794130
2023-08-08,SOL,395.98,400.61,376.74,381.38,13260052
2023-08-08,XRP,587.74,630.63,562.65,605.55,1518197
2023-08-09,ADA,2492.65,2605.25,2434.03,2546.64,17664954
2023-08-09,AVAX,364.36,395.29,347.38,378.31,6505793
2023-08-09,BCH,49.7,50.95,46.87,48.11,2446611
2023-08-09,BTC,4430.19,4477.13,4392.27,4439.21,13007922
2023-08-09,DOGE,4569.69,4939.3,4438.29,4807.89,17250904
2023-08-09,ETH,6088.98,6329.91,5990.23,6231.16,17172590
2023-08-09,LINK,931.09,952.06,907.59,928.57,4921517
2023-08-09,LTC,307.44,313.53,296.0,302.09,1517518
2023-08-09,SOL,381.38,383.05,352.14,353.8,5864476
2023-08-09,XRP,605.55,618.07,600.45,612.97,8697121
2023-08-10,ADA,2546.64,2697.54,2504.87,2655.78,4873694
2023-08-10,AVAX,378.31,399.06,348.58,369.33,7588079
2023-08-10,BCH,48.11,51.9,47.31,51.1,3247917
2023-08-10,BTC,4439.21,4549.1,4432.22,4542.11,15996838
2023-08-10,DOGE,4807.89,5175.35,4743.33,5110.79,14629946
2023-08-10,ETH,6231.16,6263.22,6036.09,6068.16,3567194
2023-08-10,LINK,928.57,946.03,926.19,943.65,4627326
2023-08-10,LTC,302.09,315.37,296.32,309.6,6845892
2023-08-10,SOL,353.8,357.58,350.48,354.26,11064022
2023-08-10,XRP,612.97,635.68,611.4,634.11,14837676
2023-08-11,ADA,2655.78,2693.7,2527.74,2565.66,17779543
2023-08-11,AVAX,369.33,376.13,353.37,360.17,6703797
2023-08-11,BCH,51.1,52.9,49.66,51.46,19366924
2023-08-11,BTC,4542.11,4607.71,4198.53,4264.13,12643584
2023-08-11,DOGE,5110.79,5339.8,5064.53,5293.54,16822251
2023-08-11,ETH,6068.16,6108.24,5861.39,5901.47,15710920
2023-08-11,LINK,943.65,980.4,925.01,961.76,11840364
2023-08-11,LTC,309.6,311.67,287.37,289.44,16552510
2023-08-11,SOL,354.26,368.48,343.36,357.58,3875733
2023-08-11,XRP,634.11,638.93,616.14,620.96,8527934
2023-08-12,ADA,2565.66,2572.43,2523.78,2530.55,15977138
2023-08-12,AVAX,360.17,394.53,359.07,393.43,12962544
2023-08-12,BCH,51.46,53.02,43.45,45.01,5644131
2023-08-12,BTC,4264.13,4432.8,4254.35,4423.02,10672081
2023-08-12,DOGE,5293.54,5811.84,5142.76,5661.07,16252243
2023-08-12,ETH,5901.47,5923.22,5745.92,5767.67,16196556
2023-08-12,LINK,961.76,999.31,947.5,985.05,13182385
2023-08-12,LTC,289.44,294.66,241.82,247.04,15723152
2023-08-12,SOL,357.58,373.57,352.23,368.22,2600774
2023-08-12,XRP,620.96,636.87,595.81,611.72,6970637
2023-08-13,ADA,2530.55,2693.0,2419.06,2581.51,18854324
2023-08-13,AVAX,393.43,437.1,356.7,400.36,3728235
2023-08-13,BCH,45.01,45.17,44.53,44.69,15849609
2023-08-13,BTC,4423.02,4535.43,4348.59,4460.99,11109352
2023-08-13,DOGE,5661.07,5837.94,5541.57,5718.44,10759838
2023-08-13,ETH,5767.67,6009.57,5718.59,5960.5,12368099
2023-08-13,LINK,985.05,999.79,914.78,929.52,12691499
2023-08-13,LTC,247.04,247.4,235.07,235.42,6453889
2023-08-13,SOL,368.22,390.55,365.85,388.18,5796006
2023-08-13,XRP,611.72,636.9,598.92,624.1,16864532
2023-08-14,ADA,2581.51,2823.65,2502.58,2744.72,8625047
2023-08-14,AVAX,400.36,405.71,397.49,402.84,14225241
2023-08-14,BCH,44.69,47.06,42.34,44.71,12433295
2023-08-14,BTC,4460.99,4510.34,4316.19,4365.54,3266248
2023-08-14,DOGE,5718.44,5761.87,5497.05,5540.48,9079535
2023-08-14,ETH,5960.5,6015.32,5823.38,5878.21,5538347
2023-08-14,LINK,929.52,935.41,906.46,912.35,16114054
2023-08-14,LTC,235.42,239.07,226.88,230.53,9487878
2023-08-14,SOL,388.18,390.97,359.95,362.74,13898133
2023-08-14,XRP,624.1,631.64,605.69,613.23,8427661
2023-08-15,ADA,2744.72,2753.9,2705.53,2714.71,19950184
2023-08-15,AVAX,402.84,429.06,400.09,426.31,18822250
2023-08-15,BCH,44.71,44.71,42.56,42.57,17488070
2023-08-15,BTC,4365.54,4387.43,4182.62,4204.52,15133588
2023-08-15,DOGE,5540.48,5794.67,5137.35,5391.55,3127332
2023-08-15,ETH,5878.21,5991.64,5503.01,5616.45,19561806
2023-08-15,LINK,912.35,972.95,896.92,957.53,2846063
2023-08-15,LTC,230.53,235.84,219.72,225.02,14436225
2023-08-15,SOL,362.74,379.28,356.77,373.32,16084201
2023-08-15,XRP,613.23,613.66,581.27,581.71,5740378
2023-08-16,ADA,2714.71,2838.07,2654.56,2777.92,10012558
2023-08-16,AVAX,426.31,466.2,420.22,460.11,19990761
2023-08-16,BCH,42.57,44.06,40.25,41.74,4123476
2023-08-16,BTC,4204.52,4247.1,4083.38,4125.96,16653267
2023-08-16,DOGE,5391.55,5612.26,5208.35,5429.06,14999465
2023-08-16,ETH,5616.45,5711.49,5323.86,5418.91,9675943
2023-08-16,LINK,957.53,1019.77,955.77,1018.01,10493379
2023-08-16,LTC,225.02,254.33,210.12,239.43,2065785
2023-08-16,SOL,373.32,376.91,354.68,358.28,10830359
2023-08-16,XRP,581.71,582.78,570.42,571.49,10273851
2023-08-17,ADA,2777.92,2868.58,2594.07,2684.72,12649970
2023-08-17,AVAX,460.11,476.01,451.62,467.52,7157297
2023-08-17,BCH,41.74,42.5,38.51,39.27,10245677
2023-08-17,BTC,4125.96,4316.74,4073.63,4264.41,10695113
2023-08-17,DOGE,5429.06,5575.41,5150.16,5296.51,4263266
2023-08-17,ETH,5418.91,5442.5,5195.66,5219.25,4151123
2023-08-17,LINK,1018.01,1037.85,1012.71,1032.55,3884592
2023-08-17,LTC,239.43,246.77,211.26,218.61,18112107
2023-08-17,SOL,358.28,365.79,355.85,363.37,16987727
2023-08-17,XRP,571.49,584.21,560.09,572.81,13955188
2023-08-18,ADA,2684.72,2775.6,2612.28,2703.16,1707617
2023-08-18,AVAX,467.52,480.01,462.06,474.55,12971308
2023-08-18,BCH,39.27,41.83,38.82,41.38,9985364
2023-08-18,BTC,4264.41,4291.64,4210.21,4237.45,1625307
2023-08-18,DOGE,5296.51,5517.32,5212.72,5433.53,3301865
2023-08-18,ETH,5219.25,5406.65,5143.12,5330.51,12490636
2023-08-18,LINK,1032.55,1095.06,992.08,1054.6,9020197
2023-08-18,LTC,218.61,223.22,217.79,222.4,15712466
2023-08-18,SOL,363.37,398.05,348.69,383.38,2868657
2023-08-18,XRP,572.81,582.86,522.82,532.87,1923271
2023-08-19,ADA,2703.16,2741.42,2644.03,2682.3,8162845
2023-08-19,AVAX,474.55,499.25,473.89,498.59,3721878
2023-08-19,BCH,41.38,45.93,39.23,43.78,12812643
2023-08-19,BTC,4237.45,4271.34,4097.6,4131.49,2766483
2023-08-19,DOGE,5433.53,5518.67,5075.33,5160.47,1897925
2023-08-19,ETH,5330.51,5368.36,5251.12,5288.97,11857652
2023-08-19,LINK,1054.6,1056.16,1023.82,1025.39,6243966
2023-08-19,LTC,222.4,237.21,219.55,234.37,6016758
2023-08-19,SOL,383.38,402.56,352.13,371.31,5161765
2023-08-19,XRP,532.87,557.09,527.33,551.55,12006190
2023-08-20,ADA,2682.3,2725.11,2588.3,2631.12,2405714
2023-08-20,AVAX,498.59,524.19,464.55,490.15,1062911
2023-08-20,BCH,43.78,46.57,43.19,45.98,16080910
2023-08-20,BTC,4131.49,4243.09,3965.42,4077.02,10685256
2023-08-20,DOGE,5160.47,5210.1,5085.33,5134.96,19990483
2023-08-20,ETH,5288.97,5324.7,5051.07,5086.8,15139762
2023-08-20,LINK,1025.39,1041.44,1013.22,1029.27,13911325
2023-08-20,LTC,234.37,275.1,232.92,273.66,10273979
2023-08-20,SOL,371.31,375.13,360.7,364.52,3435211
2023-08-20,XRP,551.55,572.87,504.45,525.77,4237192
2023-08-21,ADA,2631.12,2640.38,2558.18,2567.44,16640056
2023-08-21,AVAX,490.15,524.64,476.29,510.78,19789921
2023-08-21,BCH,45.98,50.35,45.5,49.87,12215427
2023-08-21,BTC,4077.02,4320.46,3977.07,4220.5,18039905
2023-08-21,DOGE,5134.96,5157.72,4905.75,4928.51,4151893
2023-08-21,ETH,5086.8,5119.54,4940.79,4973.54,8262964
2023-08-21,LINK,1029.27,1069.14,997.48,1037.35,14910193
2023-08-21,LTC,273.66,277.48,246.38,250.2,5477367
2023-08-21,SOL,364.52,374.45,362.67,372.6,17164260
2023-08-21,XRP,525.77,531.34,501.73,507.3,12874806
2023-08-22,ADA,2567.44,2664.72,2539.62,2636.91,7241979
2023-08-22,AVAX,510.78,514.24,451.9,455.35,18435931
2023-08-22,BCH,49.87,53.65,48.32,52.11,5744616
2023-08-22,BTC,4220.5,4293.52,4116.13,4189.15,11925107
2023-08-22,DOGE,4928.51,5141.88,4846.73,5060.1,17514753
2023-08-22,ETH,4973.54,5125.35,4911.84,5063.65,8606281
2023-08-22,LINK,1037.35,1099.19,1009.55,1071.39,6556395
2023-08-22,LTC,250.2,253.65,240.55,244.0,17514862
2023-08-22,SOL,372.6,378.83,364.21,370.44,2721347
2023-08-22,XRP,507.3,520.71,449.51,462.92,14601484
2023-08-23,ADA,2636.91,2704.15,2589.67,2656.92,8401201
2023-08-23,AVAX,455.35,465.65,376.66,386.96,18783536
2023-08-23,BCH,52.11,53.24,50.08,51.21,5360652
2023-08-23,BTC,4189.15,4249.5,4166.03,4226.38,4547679
2023-08-23,DOGE,5060.1,5245.62,4698.43,4883.94,7297715
2023-08-23,ETH,5063.65,5070.31,4903.09,4909.75,8745986
2023-08-23,LINK,1071.39,1084.69,1054.75,1068.05,1845295
2023-08-23,LTC,244.0,270.42,238.09,264.5,1844372
2023-08-23,SOL,370.44,371.86,353.36,354.78,8427640
2023-08-23,XRP,462.92,468.7,437.61,443.39,6799072
2023-08-24,ADA,2656.92,2756.63,2646.64,2746.36,10248920
2023-08-24,AVAX,386.96,405.9,380.09,399.03,15533056
2023-08-24,BCH,51.21,51.52,47.07,47.38,10332504
2023-08-24,BTC,4226.38,4453.78,4171.17,4398.57,4082917
2023-08-24,DOGE,4883.94,5048.55,4692.44,4857.06,14539320
2023-08-24,ETH,4909.75,4924.93,4780.24,4795.42,16933595
2023-08-24,LINK,1068.05,1126.94,1043.01,1101.91,11433822
2023-08-24,LTC,264.5,291.48,246.92,273.91,18529035
2023-08-24,SOL,354.78,358.87,341.72,345.8,2983952
2023-08-24,XRP,443.39,456.75,408.66,422.02,11117502
2023-08-25,ADA,2746.36,2993.25,2719.2,2966.09,3240227
2023-08-25,AVAX,399.03,419.22,397.43,417.62,4185436
2023-08-25,BCH,47.38,48.51,45.69,46.82,12059304
2023-08-25,BTC,4398.57,4565.99,4145.2,4312.63,11747495
2023-08-25,DOGE,4857.06,5189.14,4659.58,4991.65,13450704
2023-08-25,ETH,4795.42,4950.26,4762.26,4917.1,18061799
2023-08-25,LINK,1101.91,1102.91,1095.34,1096.34,10485085
2023-08-25,LTC,273.91,302.38,259.8,288.27,15648171
2023-08-25,SOL,345.8,381.61,340.4,376.21,9119506
2023-08-25,XRP,422.02,430.43,404.01,412.41,13526200
2023-08-26,ADA,2966.09,3223.1,2943.97,3200.97,12618631
2023-08-26,AVAX,417.62,426.59,403.51,412.48,17012544
2023-08-26,BCH,46.82,47.04,45.35,45.57,7413494
2023-08-26,BTC,4312.63,4580.34,4222.51,4490.22,18954648
2023-08-26,DOGE,4991.65,5040.29,4891.74,4940.37,19167524
2023-08-26,ETH,4917.1,4940.62,4816.19,4839.72,9082468
2023-08-26,LINK,1096.34,1096.63,1079.27,1079.55,15969349
2023-08-26,LTC,288.27,291.59,286.78,290.1,1363659
2023-08-26,SOL,376.21,396.11,362.85,382.76,14283544
2023-08-26,XRP,412.41,414.56,388.08,390.23,3521608
2023-08-27,ADA,3200.97,3365.91,3188.03,3352.97,2876104
2023-08-27,AVAX,412.48,440.31,403.34,431.17,18405760
2023-08-27,BCH,45.57,46.39,44.75,45.57,5792121
2023-08-27,BTC,4490.22,4555.12,4147.72,4212.61,15006768
2023-08-27,DOGE,4940.37,4986.16,4629.38,4675.17,14120811
2023-08-27,ETH,4839.72,4949.32,4818.3,4927.91,4994655
2023-08-27,LINK,1079.55,1123.98,1076.84,1121.27,4545589
2023-08-27,LTC,290.1,314.65,280.87,305.43,6829703
2023-08-27,SOL,382.76,408.32,378.59,404.14,15595592
2023-08-27,XRP,390.23,406.92,372.44,389.14,19685705
2023-08-28,ADA,3352.97,3439.19,3335.71,3421.93,9154858
2023-08-28,AVAX,431.17,437.34,391.28,397.45,12940811
2023-08-28,BCH,45.57,47.54,45.06,47.03,5588779
2023-08-28,BTC,4212.61,4251.96,3954.51,3993.86,19352985
2023-08-28,DOGE,4675.17,4970.84,4526.84,4822.51,19674359
2023-08-28,ETH,4927.91,5106.11,4858.9,5037.09,14328260
2023-08-28,LINK,1121.27,1214.99,1117.38,1211.11,10720231
2023-08-28,LTC,305.43,307.66,303.46,305.69,2344523
2023-08-28,SOL,404.14,416.0,403.26,415.12,5967587
2023-08-28,XRP,389.14,397.23,361.35,369.44,7955729
2023-08-29,ADA,3421.93,3465.85,3147.87,3191.79,9714402
2023-08-29,AVAX,397.45,398.41,396.73,397.69,1414066
2023-08-29,BCH,47.03,48.35,46.0,47.33,1764660
2023-08-29,BTC,3993.86,4012.24,3862.92,3881.3,13129805
2023-08-29,DOGE,4822.51,4996.55,4798.79,4972.83,19476207
2023-08-29,ETH,5037.09,5269.17,4961.33,5193.41,10439176
2023-08-29,LINK,1211.11,1224.21,1205.75,1218.85,14020087
2023-08-29,LTC,305.69,318.32,270.14,282.77,9629084
2023-08-29,SOL,415.12,446.72,407.3,438.9,17817674
2023-08-29,XRP,369.44,374.34,343.31,348.21,13405632
2023-08-30,ADA,3191.79,3320.98,3107.99,3237.18,3873558
2023-08-30,AVAX,397.69,418.9,366.49,387.71,4937161
2023-08-30,BCH,47.33,47.57,46.23,46.47,6607430
2023-08-30,BTC,3881.3,4040.02,3850.14,4008.86,12356605
2023-08-30,DOGE,4972.83,5172.63,4717.72,4917.51,15199138
2023-08-30,ETH,5193.41,5216.25,5179.06,5201.9,16318735
2023-08-30,LINK,1218.85,1264.96,1141.58,1187.68,13002476
2023-08-30,LTC,282.77,284.26,273.53,275.02,14113325
2023-08-30,SOL,438.9,445.61,421.74,428.45,6347138
2023-08-30,XRP,348.21,384.51,338.63,374.93,15016419
2023-08-31,ADA,3237.18,3480.8,3162.26,3405.88,11403603
2023-08-31,AVAX,387.71,395.16,380.95,388.41,15442938
2023-08-31,BCH,46.47,46.9,45.68,46.11,9034433
2023-08-31,BTC,4008.86,4024.7,3911.49,3927.33,9972536
2023-08-31,DOGE,4917.51,5117.92,4859.91,5060.32,19831015
2023-08-31,ETH,5201.9,5312.45,5149.74,5260.29,7110132
2023-08-31,LINK,1187.68,1196.65,1139.1,1148.07,16424177
2023-08-31,LTC,275.02,276.07,258.09,259.14,6770921
2023-08-31,SOL,428.45,439.18,401.35,412.09,2426350
2023-08-31,XRP,374.93,382.86,356.67,364.61,7112741
2023-09-01,ADA,3405.88,3554.37,3374.83,3523.32,9345746
2023-09-01,AVAX,388.41,395.8,379.69,387.09,9055621
2023-09-01,BCH,46.11,47.66,43.24,44.79,1293141
2023-09-01,BTC,3927.33,4053.91,3826.29,3952.87,2265051
2023-09-01,DOGE,5060.32,5150.31,4523.63,4613.62,1007603
2023-09-01,ETH,5260.29,5311.48,5066.06,5117.24,16526089
2023-09-01,LINK,1148.07,1216.55,1109.5,1177.99,2020310
2023-09-01,LTC,259.14,262.2,238.92,241.98,19365554
2023-09-01,SOL,412.09,424.61,391.13,403.65,13129463
2023-09-01,XRP,364.61,374.93,361.9,372.22,13847769
2023-09-02,ADA,3523.32,3547.88,3123.4,3147.96,4433516
2023-09-02,AVAX,387.09,392.95,375.09,380.95,5976909
2023-09-02,BCH,44.79,45.39,42.64,43.24,18971707
2023-09-02,BTC,3952.87,4041.87,3864.59,3953.58,2403898
2023-09-02,DOGE,4613.62,4772.44,4516.13,4674.96,5311360
2023-09-02,ETH,5117.24,5162.1,4988.3,5033.16,14738588
2023-09-02,LINK,1177.99,1203.53,1166.38,1191.92,9954176
2023-09-02,LTC,241.98,249.32,238.42,245.76,12359203
2023-09-02,SOL,403.65,410.97,391.38,398.7,2752738
2023-09-02,XRP,372.22,399.66,371.65,399.09,12022539
2023-09-03,ADA,3147.96,3185.34,3135.05,3172.43,10274687
2023-09-03,AVAX,380.95,395.06,338.18,352.28,3468182
2023-09-03,BCH,43.24,46.33,42.4,45.5,9349147
2023-09-03,BTC,3953.58,4045.57,3719.12,3811.1,6461294
2023-09-03,DOGE,4674.96,4762.43,4521.72,4609.2,17618500
2023-09-03,ETH,5033.16,5055.57,4912.98,4935.4,14400103
2023-09-03,LINK,1191.92,1209.98,1188.58,1206.65,18594299
2023-09-03,LTC,245.76,253.73,231.96,239.92,7614062
2023-09-03,SOL,398.7,403.03,396.14,400.47,7586139
2023-09-03,XRP,399.09,400.36,388.23,389.5,10895238
2023-09-04,ADA,3172.43,3457.04,3108.26,3392.87,7806637
2023-09-04,AVAX,352.28,398.02,340.04,385.77,3114649
2023-09-04,BCH,45.5,48.37,44.1,46.97,18965060
2023-09-04,BTC,3811.1,3820.37,3713.21,3722.48,4083614
2023-09-04,DOGE,4609.2,4846.77,4530.38,4767.95,14917284
2023-09-04,ETH,4935.4,5046.28,4806.3,4917.18,7731660
2023-09-04,LINK,1206.65,1221.13,1193.08,1207.56,4756030
2023-09-04,LTC,239.92,241.31,233.37,234.76,4363212
2023-09-04,SOL,400.47,420.71,392.79,413.04,1552356
2023-09-04,XRP,389.5,398.73,383.64,392.87,2145350
2023-09-05,ADA,3392.87,3434.04,3355.06,3396.22,4084474
2023-09-05,AVAX,385.77,386.36,379.49,380.07,12500349
2023-09-05,BCH,46.97,47.39,46.25,46.66,7740012
2023-09-05,BTC,3722.48,3738.8,3689.2,3705.52,15653968
2023-09-05,DOGE,4767.95,5043.85,4632.88,4908.78,15337267
2023-09-05,ETH,4917.18,5353.89,4869.84,5306.55,18596505
2023-09-05,LINK,1207.56,1232.47,1199.07,1223.98,7647315
2023-09-05,LTC,234.76,240.51,195.55,201.3,13143435
2023-09-05,SOL,413.04,420.98,405.26,413.2,9215761
2023-09-05,XRP,392.87,457.46,392.46,457.05,5093404
2023-09-06,ADA,3396.22,3480.95,3316.99,3401.72,19804800
2023-09-06,AVAX,380.07,392.31,323.66,335.9,13806510
2023-09-06,BCH,46.66,48.35,44.08,45.77,16765439
2023-09-06,BTC,3705.52,3823.34,3679.35,3797.18,14741754
2023-09-06,DOGE,4908.78,5051.13,4836.64,4978.99,18016601
2023-09-06,ETH,5306.55,5576.53,5285.84,5555.81,3368143
2023-09-06,LINK,1223.98,1270.68,1193.92,1240.63,4716906
2023-09-06,LTC,201.3,208.62,194.87,202.18,2583215
2023-09-06,SOL,413.2,427.83,393.98,408.61,14097171
2023-09-06,XRP,457.05,471.42,456.38,470.75,18058516
2023-09-07,ADA,3401.72,3564.1,3280.51,3442.89,16750464
2023-09-07,AVAX,335.9,343.67,315.76,323.53,6824923
2023-09-07,BCH,45.77,50.52,45.44,50.19,2529902
2023-09-07,BTC,3797.18,3887.86,3620.08,3710.76,10440853
2023-09-07,DOGE,4978.99,4979.33,4765.94,4766.28,7850827
2023-09-07,ETH,5555.81,5824.65,5542.85,5811.7,3227812
2023-09-07,LINK,1240.63,1305.15,1236.46,1300.98,13495455
2023-09-07,LTC,202.18,216.29,190.81,204.92,6943746
2023-09-07,SOL,408.61,408.9,405.5,405.78,11665691
2023-09-07,XRP,470.75,491.55,464.45,485.25,14133325
2023-09-08,ADA,3442.89,3719.59,3347.2,3623.9,8569826
2023-09-08,AVAX,323.53,338.52,301.36,316.35,19494587
2023-09-08,BCH,50.19,52.2,45.17,47.19,12334006
2023-09-08,BTC,3710.76,3923.64,3631.75,3844.63,17003398
2023-09-08,DOGE,4766.28,5294.17,4713.88,5241.77,5181402
2023-09-08,ETH,5811.7,5957.42,5744.46,5890.19,19918987
2023-09-08,LINK,1300.98,1362.68,1284.7,1346.39,2689161
2023-09-08,LTC,204.92,205.25,204.07,204.39,14666454
2023-09-08,SOL,405.78,453.33,396.97,444.52,2325305
2023-09-08,XRP,485.25,491.7,478.61,485.06,1266585
2023-09-09,ADA,3623.9,3663.71,3561.35,3601.16,16059988
2023-09-09,AVAX,316.35,362.09,297.73,343.48,2629969
2023-09-09,BCH,47.19,50.64,46.72,50.18,19064891
2023-09-09,BTC,3844.63,3918.9,3645.95,3720.23,10445118
2023-09-09,DOGE,5241.77,5303.49,4960.31,5022.03,7562867
2023-09-09,ETH,5890.19,6112.35,5814.03,6036.2,18851479
2023-09-09,LINK,1346.39,1352.66,1317.54,1323.81,9561520
2023-09-09,LTC,204.39,228.62,197.4,221.62,5869177
2023-09-09,SOL,444.52,456.26,399.11,410.85,11133509
2023-09-09,XRP,485.06,505.14,464.27,484.35,3008218
2023-09-10,ADA,3601.16,3709.42,3559.64,3667.89,2987819
2023-09-10,AVAX,343.48,388.11,332.1,376.73,7631540
2023-09-10,BCH,50.18,52.16,46.57,48.56,18519381
2023-09-10,BTC,3720.23,3852.15,3438.15,3570.08,2300763
2023-09-10,DOGE,5022.03,5078.05,4745.27,4801.28,19494238
2023-09-10,ETH,6036.2,6216.28,6002.52,6182.6,19073145
2023-09-10,LINK,1323.81,1338.04,1248.74,1262.97,6699574
2023-09-10,LTC,221.62,222.36,212.3,213.04,4317787
2023-09-10,SOL,410.85,411.42,396.23,396.8,19867142
2023-09-10,XRP,484.35,521.82,478.91,516.38,5694648
2023-09-11,ADA,3667.89,3928.72,3563.31,3824.13,7317516
2023-09-11,AVAX,376.73,389.6,322.99,335.87,17288953
2023-09-11,BCH,48.56,50.64,42.98,45.06,17259726
2023-09-11,BTC,3570.08,3650.87,3511.75,3592.55,17281186
2023-09-11,DOGE,4801.28,4967.13,4648.39,4814.24,10758276
2023-09-11,ETH,6182.6,6303.34,6129.5,6250.24,6870246
2023-09-11,LINK,1262.97,1333.57,1218.17,1288.77,9211301
2023-09-11,LTC,213.04,241.26,212.48,240.7,15059979
2023-09-11,SOL,396.8,459.31,376.99,439.5,19727110
2023-09-11,XRP,516.38,537.8,504.6,526.02,15588736
2023-09-12,ADA,3824.13,4012.12,3774.82,3962.8,5884956
2023-09-12,AVAX,335.87,361.52,333.46,359.11,4603131
2023-09-12,BCH,45.06,45.71,43.05,43.71,9546228
2023-09-12,BTC,3592.55,3785.35,3462.49,3655.29,3501909
2023-09-12,DOGE,4814.24,4964.51,4623.62,4773.89,3635432
2023-09-12,ETH,6250.24,6279.04,6209.07,6237.88,14201891
2023-09-12,LINK,1288.77,1307.41,1251.96,1270.61,11119993
2023-09-12,LTC,240.7,242.15,227.44,228.89,16567519
2023-09-12,SOL,439.5,470.86,430.23,461.59,6234442
2023-09-12,XRP,526.02,569.33,511.07,554.38,11463416
2023-09-13,ADA,3962.8,3970.91,3718.42,3726.53,2319532
2023-09-13,AVAX,359.11,359.12,332.35,332.36,8133792
2023-09-13,BCH,43.71,44.16,43.18,43.64,3388036
2023-09-13,BTC,3655.29,3941.09,3475.42,3761.21,3018506
2023-09-13,DOGE,4773.89,5052.33,4724.37,5002.81,19076665
2023-09-13,ETH,6237.88,6312.3,6160.62,6235.04,16123250
2023-09-13,LINK,1270.61,1342.51,1250.34,1322.24,4280691
2023-09-13,LTC,228.89,233.95,211.92,216.98,3111874
2023-09-13,SOL,461.59,480.57,456.01,475.0,4411104
2023-09-13,XRP,554.38,570.47,536.91,553.01,18684365
2023-09-14,ADA,3726.53,3734.97,3569.27,3577.72,5784485
2023-09-14,AVAX,332.36,333.97,303.54,305.16,17407017
2023-09-14,BCH,43.64,45.73,40.59,42.69,6496513
2023-09-14,BTC,3761.21,3806.49,3619.65,3664.93,12439154
2023-09-14,DOGE,5002.81,5126.07,4888.83,5012.09,6599997
2023-09-14,ETH,6235.04,6358.45,6207.53,6330.95,9566149
2023-09-14,LINK,1322.24,1427.05,1303.7,1408.5,5319681
2023-09-14,LTC,216.98,219.63,212.26,214.92,18794799
2023-09-14,SOL,475.0,480.09,452.01,457.11,18308395
2023-09-14,XRP,553.01,563.29,551.46,561.74,11514122
2023-09-15,ADA,3577.72,3599.27,3358.35,3379.9,3810940
2023-09-15,AVAX,305.16,309.5,280.05,284.39,1718744
2023-09-15,BCH,42.69,45.25,42.38,44.94,16905054
2023-09-15,BTC,3664.93,3785.56,3655.96,3776.59,18407404
2023-09-15,DOGE,5012.09,5112.58,4821.75,4922.24,10426420
2023-09-15,ETH,6330.95,6795.47,6189.1,6653.63,16933637
2023-09-15,LINK,1408.5,1444.43,1292.33,1328.26,9785527
2023-09-15,LTC,214.92,220.42,186.38,191.89,2552428
2023-09-15,SOL,457.11,509.7,437.0,489.59,8221207
2023-09-15,XRP,561.74,568.24,537.35,543.85,3349386
2023-09-16,ADA,3379.9,3495.12,3187.87,3303.09,2417566
2023-09-16,AVAX,284.39,289.66,276.79,282.05,11692981
2023-09-16,BCH,44.94,45.67,41.7,42.43,13953386
2023-09-16,BTC,3776.59,3934.0,3664.0,3821.42,5189514
2023-09-16,DOGE,4922.24,4995.03,4857.68,4930.47,3841698
2023-09-16,ETH,6653.63,6720.79,6324.21,6391.37,13383225
2023-09-16,LINK,1328.26,1345.74,1317.74,1335.23,4561538
2023-09-16,LTC,191.89,197.23,182.0,187.34,4814583
2023-09-16,SOL,489.59,523.63,482.07,516.11,10932432
2023-09-16,XRP,543.85,551.1,520.39,527.64,11245393
2023-09-17,ADA,3303.09,3398.21,3193.51,3288.62,16066302
2023-09-17,AVAX,282.05,320.05,263.42,301.42,17131328
2023-09-17,BCH,42.43,43.59,39.68,40.84,7042803
2023-09-17,BTC,3821.42,4182.42,3748.55,4109.56,6215276
2023-09-17,DOGE,4930.47,5083.28,4766.51,4919.32,18386556
2023-09-17,ETH,6391.37,6422.19,6319.63,6350.44,16260833
2023-09-17,LINK,1335.23,1391.38,1321.99,1378.15,17838923
2023-09-17,LTC,187.34,201.33,178.26,192.25,3267357
2023-09-17,SOL,516.11,533.67,509.15,526.71,3355293
2023-09-17,XRP,527.64,535.57,503.71,511.64,18574351
2023-09-18,ADA,3288.62,3410.94,3285.58,3407.9,16378596
2023-09-18,AVAX,301.42,306.33,299.54,304.45,12970433
2023-09-18,BCH,40.84,44.13,39.2,42.5,7787983
2023-09-18,BTC,4109.56,4299.44,4073.33,4263.22,18607062
2023-09-18,DOGE,4919.32,4999.89,4770.98,4851.55,9116461
2023-09-18,ETH,6350.44,6589.66,6202.29,6441.51,11936918
2023-09-18,LINK,1378.15,1458.83,1359.91,1440.59,11998746
2023-09-18,LTC,192.25,204.77,192.21,204.72,11463560
2023-09-18,SOL,526.71,538.64,522.9,534.82,10082383
2023-09-18,XRP,511.64,514.97,508.59,511.91,12969148
2023-09-19,ADA,3407.9,3439.54,3324.75,3356.39,5501313
2023-09-19,AVAX,304.45,313.89,302.47,311.91,16306592
2023-09-19,BCH,42.5,45.35,40.69,43.54,19299058
2023-09-19,BTC,4263.22,4408.18,4151.35,4296.31,11665792
2023-09-19,DOGE,4851.55,4854.26,4808.11,4810.82,6667978
2023-09-19,ETH,6441.51,6472.12,6243.54,6274.15,4884092
2023-09-19,LINK,1440.59,1452.64,1360.61,1372.65,9702584
2023-09-19,LTC,204.72,221.83,203.5,220.61,6508103
2023-09-19,SOL,534.82,549.59,476.21,490.98,14446302
2023-09-19,XRP,511.91,554.1,503.52,545.71,16753978
2023-09-20,ADA,3356.39,3358.9,3347.01,3349.52,10151897
2023-09-20,AVAX,311.91,315.68,306.3,310.08,1969786
2023-09-20,BCH,43.54,43.67,42.22,42.36,16341674
2023-09-20,BTC,4296.31,4365.97,4188.52,4258.18,7620950
2023-09-20,DOGE,4810.82,5041.35,4776.29,5006.82,15220528
2023-09-20,ETH,6274.15,6562.75,6137.09,6425.69,7972789
2023-09-20,LINK,1372.65,1422.73,1323.07,1373.14,10879608
2023-09-20,LTC,220.61,225.35,197.55,202.29,16265782
2023-09-20,SOL,490.98,501.22,460.99,471.24,16855410
2023-09-20,XRP,545.71,550.28,533.3,537.87,11591441
2023-09-21,ADA,3349.52,3471.16,3022.43,3144.07,4970760
2023-09-21,AVAX,310.08,327.93,292.16,310.01,13578234
2023-09-21,BCH,42.36,45.88,40.81,44.33,19050617
2023-09-21,BTC,4258.18,4345.84,3731.57,3819.24,17732257
2023-09-21,DOGE,5006.82,5090.88,4760.04,4844.1,6160341
2023-09-21,ETH,6425.69,6500.97,6425.12,6500.4,16772139
2023-09-21,LINK,1373.14,1391.06,1326.08,1343.99,6424619
2023-09-21,LTC,202.29,215.78,174.89,188.38,8439257
2023-09-21,SOL,471.24,494.23,407.32,430.3,9567265
2023-09-21,XRP,537.87,550.49,532.91,545.52,14163903
2023-09-22,ADA,3144.07,3185.32,2909.83,2951.08,7707804
2023-09-22,AVAX,310.01,319.75,301.48,311.22,19316965
2023-09-22,BCH,44.33,44.61,43.32,43.59,3808033
2023-09-22,BTC,3819.24,3940.52,3815.45,3936.74,1118630
2023-09-22,DOGE,4844.1,4958.55,4589.73,4704.18,3293390
2023-09-22,ETH,6500.4,6566.51,6412.18,6478.28,19570746
2023-09-22,LINK,1343.99,1358.18,1332.02,1346.21,10051318
2023-09-22,LTC,188.38,193.16,161.47,166.25,17513452
2023-09-22,SOL,430.3,439.21,390.74,399.65,1665590
2023-09-22,XRP,545.52,550.94,503.65,509.07,5199305
2023-09-23,ADA,2951.08,2984.57,2781.67,2815.16,2312751
2023-09-23,AVAX,311.22,312.81,302.66,304.26,11021563
2023-09-23,BCH,43.59,44.46,42.79,43.66,10224540
2023-09-23,BTC,3936.74,4224.17,3834.05,4121.49,12546615
2023-09-23,DOGE,4704.18,4749.45,4516.36,4561.64,13578456
2023-09-23,ETH,6478.28,6608.28,6441.24,6571.23,3117031
2023-09-23,LINK,1346.21,1354.43,1272.28,1280.5,15652969
2023-09-23,LTC,166.25,169.31,163.17,166.23,2536540
2023-09-23,SOL,399.65,408.77,393.13,402.26,19675916
2023-09-23,XRP,509.07,516.42,495.73,503.08,1354478
2023-09-24,ADA,2815.16,2920.62,2802.63,2908.09,3661269
2023-09-24,AVAX,304.26,310.83,277.4,283.97,9921140
2023-09-24,BCH,43.66,46.68,42.38,45.4,8324034
2023-09-24,BTC,4121.49,4372.0,3995.86,4246.37,4102456
2023-09-24,DOGE,4561.64,4636.75,4449.98,4525.1,4247518
2023-09-24,ETH,6571.23,6705.99,6324.69,6459.44,4222041
2023-09-24,LINK,1280.5,1294.09,1219.93,1233.51,13211115
2023-09-24,LTC,166.23,166.94,163.35,164.06,1331411
2023-09-24,SOL,402.26,429.37,394.73,421.85,2396850
2023-09-24,XRP,503.08,522.08,469.32,488.32,18676947
2023-09-25,ADA,2908.09,2956.61,2739.57,2788.09,15454855
2023-09-25,AVAX,283.97,305.47,283.19,304.68,6621561
2023-09-25,BCH,45.4,45.85,40.09,40.55,16871077
2023-09-25,BTC,4246.37,4316.64,4166.81,4237.08,6347010
2023-09-25,DOGE,4525.1,4806.78,4503.48,4785.16,8250070
2023-09-25,ETH,6459.44,6462.08,6353.49,6356.12,17564996
2023-09-25,LINK,1233.51,1234.27,1169.85,1170.6,9634254
2023-09-25,LTC,164.06,165.95,161.72,163.62,10202716
2023-09-25,SOL,421.85,423.27,403.91,405.33,8491232
2023-09-25,XRP,488.32,499.22,485.42,496.31,11764990
2023-09-26,ADA,2788.09,2838.4,2658.68,2708.99,7186334
2023-09-26,AVAX,304.68,328.51,294.95,318.78,1079872
2023-09-26,BCH,40.55,41.26,37.39,38.1,19034316
2023-09-26,BTC,4237.08,4454.99,4200.84,4418.74,2942149
2023-09-26,DOGE,4785.16,4911.76,4519.25,4645.84,4816868
2023-09-26,ETH,6356.12,6505.51,6329.03,6478.41,15515560
2023-09-26,LINK,1170.6,1217.94,1152.16,1199.51,11807447
2023-09-26,LTC,163.62,175.69,158.84,170.91,7095303
2023-09-26,SOL,405.33,417.45,382.06,394.19,11005005
2023-09-26,XRP,496.31,506.63,484.68,494.99,8136729
2023-09-27,ADA,2708.99,2767.25,2704.86,2763.12,8097922
2023-09-27,AVAX,318.78,345.13,315.09,341.44,10668803
2023-09-27,BCH,38.1,39.64,37.38,38.93,19498175
2023-09-27,BTC,4418.74,4442.64,4370.36,4394.26,13612451
2023-09-27,DOGE,4645.84,4664.13,4626.87,4645.16,5482672
2023-09-27,ETH,6478.41,6845.18,6467.06,6833.83,18237758
2023-09-27,LINK,1199.51,1262.28,1169.61,1232.38,5626226
2023-09-27,LTC,170.91,177.12,166.66,172.87,4040307
2023-09-27,SOL,394.19,409.81,392.7,408.32,1134683
2023-09-27,XRP,494.99,504.65,473.65,483.31,10386870
2023-09-28,ADA,2763.12,2803.03,2699.41,2739.33,7508846
2023-09-28,AVAX,341.44,372.15,313.48,344.18,4761495
2023-09-28,BCH,38.93,40.45,38.9,40.42,6418381
2023-09-28,BTC,4394.26,4418.65,4270.95,4295.34,8725854
2023-09-28,DOGE,4645.16,4788.17,4487.39,4630.4,8257078
2023-09-28,ETH,6833.83,6846.64,6800.8,6813.62,19567935
2023-09-28,LINK,1232.38,1283.22,1183.5,1234.34,14138180
2023-09-28,LTC,172.87,175.77,156.73,159.63,16074112
2023-09-28,SOL,408.32,429.13,407.02,427.82,18518328
2023-09-28,XRP,483.31,504.06,481.37,502.12,14187905
2023-09-29,ADA,2739.33,2791.19,2664.44,2716.3,12620961
2023-09-29,AVAX,344.18,375.54,334.87,366.23,1495654
2023-09-29,BCH,40.42,41.64,39.95,41.18,6306967
2023-09-29,BTC,4295.34,4451.11,3931.77,4087.55,5842641
2023-09-29,DOGE,4630.4,4694.37,4382.53,4446.51,9664280
2023-09-29,ETH,6813.62,6881.16,6805.53,6873.07,16088713
2023-09-29,LINK,1234.34,1255.44,1197.83,1218.93,5439057
2023-09-29,LTC,159.63,163.75,147.8,151.93,15550202
2023-09-29,SOL,427.82,439.07,414.04,425.29,5074076
2023-09-29,XRP,502.12,533.14,500.9,531.92,19607309
2023-09-30,ADA,2716.3,2808.9,2700.11,2792.71,14124079
2023-09-30,AVAX,366.23,374.57,362.1,370.43,15460377
2023-09-30,BCH,41.18,43.66,40.4,42.89,17860337
2023-09-30,BTC,4087.55,4220.38,3672.49,3805.32,18977927
2023-09-30,DOGE,4446.51,4465.11,4402.77,4421.36,16034668
2023-09-30,ETH,6873.07,6961.18,6689.37,6777.48,8214393
2023-09-30,LINK,1218.93,1265.89,1198.67,1245.63,8840718
2023-09-30,LTC,151.93,158.57,149.66,156.3,10328852
2023-09-30,SOL,425.29,447.85,417.6,440.16,2794054
2023-09-30,XRP,531.92,565.29,509.41,542.78,2544072
2023-10-01,ADA,2792.71,2852.84,2569.59,2629.72,7413324
2023-10-01,AVAX,370.43,378.31,341.6,349.48,16797930
2023-10-01,BCH,42.89,42.89,42.3,42.3,19836229
2023-10-01,BTC,3805.32,3903.57,3785.33,3883.57,19162708
2023-10-01,DOGE,4421.36,4464.8,4421.03,4464.47,14372758
2023-10-01,ETH,6777.48,6859.39,6542.46,6624.37,19516320
2023-10-01,LINK,1245.63,1263.87,1236.91,1255.15,2313691
2023-10-01,LTC,156.3,162.04,146.09,151.84,19427505
2023-10-01,SOL,440.16,457.93,394.7,412.47,6472306
2023-10-01,XRP,542.78,551.02,536.34,544.58,8733411
2023-10-02,ADA,2629.72,2643.18,2571.64,2585.11,6858857
2023-10-02,AVAX,349.48,359.99,339.58,350.1,4253753
2023-10-02,BCH,42.3,44.23,41.71,43.63,10177596
2023-10-02,BTC,3883.57,3893.77,3704.51,3714.71,12624762
2023-10-02,DOGE,4464.47,4780.32,4446.39,4762.24,9885142
2023-10-02,ETH,6624.37,6815.8,6276.69,6468.11,15185398
2023-10-02,LINK,1255.15,1322.37,1243.76,1310.98,19700964
2023-10-02,LTC,151.84,182.59,150.35,181.1,16181652
2023-10-02,SOL,412.47,449.08,400.2,436.81,8341115
2023-10-02,XRP,544.58,588.2,532.38,576.0,5363281
2023-10-03,ADA,2585.11,2651.85,2549.56,2616.3,19382376
2023-10-03,AVAX,350.1,357.65,331.26,338.82,12342001
2023-10-03,BCH,43.63,44.81,43.18,44.35,11051106
2023-10-03,BTC,3714.71,3809.77,3712.26,3807.33,7788240
2023-10-03,DOGE,4762.24,4836.3,4503.84,4577.89,2097325
2023-10-03,ETH,6468.11,6531.69,6388.59,6452.17,14666596
2023-10-03,LINK,1310.98,1323.51,1298.33,1310.86,13455303
2023-10-03,LTC,181.1,194.24,178.53,191.67,6430067
2023-10-03,SOL,436.81,447.1,393.65,403.93,15810906
2023-10-03,XRP,576.0,605.82,565.03,594.86,3115655
2023-10-04,ADA,2616.3,2699.31,2375.58,2458.59,4357226
2023-10-04,AVAX,338.82,358.12,326.7,346.0,14676749
2023-10-04,BCH,44.35,45.32,40.13,41.09,9851567
2023-10-04,BTC,3807.33,4079.57,3676.64,3948.88,14371904
2023-10-04,DOGE,4577.89,4725.76,4467.09,4614.96,14915550
2023-10-04,ETH,6452.17,6501.9,6402.93,6452.66,13684481
2023-10-04,LINK,1310.86,1349.74,1186.58,1225.46,10266953
2023-10-04,LTC,191.67,202.57,189.53,200.43,3930259
2023-10-04,SOL,403.93,415.12,399.12,410.3,16032499
2023-10-04,XRP,594.86,604.95,556.66,566.75,13294806
2023-10-05,ADA,2458.59,2505.5,2448.86,2495.77,4663264
2023-10-05,AVAX,346.0,365.76,331.0,350.75,8246485
2023-10-05,BCH,41.09,42.22,40.92,42.05,13182760
2023-10-05,BTC,3948.88,3958.97,3605.63,3615.71,12089612
2023-10-05,DOGE,4614.96,4780.32,4556.07,4721.43,6396473
2023-10-05,ETH,6452.66,6521.63,6399.33,6468.29,5685386
2023-10-05,LINK,1225.46,1247.94,1169.34,1191.81,15062814
2023-10-05,LTC,200.43,201.73,196.12,197.43,4344372
2023-10-05,SOL,410.3,441.46,386.09,417.24,5597566
2023-10-05,XRP,566.75,610.62,556.28,600.15,17293421
2023-10-06,ADA,2495.77,2573.07,2316.29,2393.59,4153457
2023-10-06,AVAX,350.75,393.74,346.38,389.36,16250801
2023-10-06,BCH,42.05,42.2,39.48,39.62,2159308
2023-10-06,BTC,3615.71,3669.67,3459.11,3513.07,4916089
2023-10-06,DOGE,4721.43,4893.85,4677.05,4849.47,9028321
2023-10-06,ETH,6468.29,6482.76,6359.88,6374.35,6919504
2023-10-06,LINK,1191.81,1232.6,1172.81,1213.6,6847280
2023-10-06,LTC,197.43,223.03,188.42,214.03,7380405
2023-10-06,SOL,417.24,423.12,388.63,394.51,13321580
2023-10-06,XRP,600.15,668.99,587.18,656.02,3152893
2023-10-07,ADA,2393.59,2550.59,2368.84,2525.85,6893061
2023-10-07,AVAX,389.36,390.1,374.87,375.61,12309129
2023-10-07,BCH,39.62,40.43,36.84,37.65,2437601
2023-10-07,BTC,3513.07,3693.64,3467.7,3648.26,7162104
2023-10-07,DOGE,4849.47,4994.65,4805.49,4950.67,4386646
2023-10-07,ETH,6374.35,6416.27,6226.48,6268.4,13384731
2023-10-07,LINK,1213.6,1326.44,1171.31,1284.15,1283179
2023-10-07,LTC,214.03,218.86,191.31,196.14,4358120
2023-10-07,SOL,394.51,396.67,393.56,395.71,9211561
2023-10-07,XRP,656.02,667.2,652.99,664.17,7082220
2023-10-08,ADA,2525.85,2534.74,2456.52,2465.41,18306021
2023-10-08,AVAX,375.61,388.62,367.86,380.88,7469634
2023-10-08,BCH,37.65,39.95,37.27,39.57,5916117
2023-10-08,BTC,3648.26,3778.24,3566.72,3696.7,1359670
2023-10-08,DOGE,4950.67,5203.64,4911.61,5164.58,13455909
2023-10-08,ETH,6268.4,6363.74,6189.76,6285.1,10755222
2023-10-08,LINK,1284.15,1287.37,1283.04,1286.26,11973199
2023-10-08,LTC,196.14,197.02,193.24,194.12,19160518
2023-10-08,SOL,395.71,408.34,394.44,407.07,7349339
2023-10-08,XRP,664.17,687.63,661.0,684.47,1152648
2023-10-09,ADA,2465.41,2522.05,2343.9,2400.54,5272887
2023-10-09,AVAX,380.88,396.04,363.57,378.73,11394807
2023-10-09,BCH,39.57,41.66,39.03,41.12,10089845
2023-10-09,BTC,3696.7,3977.53,3654.74,3935.56,3059184
2023-10-09,DOGE,5164.58,5196.34,5147.04,5178.8,14825118
2023-10-09,ETH,6285.1,6555.39,6264.27,6534.55,8915636
2023-10-09,LINK,1286.26,1307.98,1281.87,1303.59,13471687
2023-10-09,LTC,194.12,208.59,191.62,206.09,5361464
2023-10-09,SOL,407.07,419.08,392.46,404.47,5309379
2023-10-09,XRP,684.47,684.99,679.4,679.92,7468414
2023-10-10,ADA,2400.54,2489.71,2149.42,2238.58,6966162
2023-10-10,AVAX,378.73,408.18,377.86,407.31,17678029
2023-10-10,BCH,41.12,44.9,39.29,43.07,2461161
2023-10-10,BTC,3935.56,4060.21,3739.37,3864.02,15582820
2023-10-10,DOGE,5178.8,5191.86,5178.74,5191.8,8175005
2023-10-10,ETH,6534.55,6560.97,6320.91,6347.32,2873407
2023-10-10,LINK,1303.59,1330.08,1292.97,1319.45,15742901
2023-10-10,LTC,206.09,223.48,200.4,217.78,4535652
2023-10-10,SOL,404.47,411.69,382.26,389.48,4161481
2023-10-10,XRP,679.92,691.15,657.75,668.98,15211431
2023-10-11,ADA,2238.58,2304.06,2109.18,2174.66,10267938
2023-10-11,AVAX,407.31,416.06,402.61,411.36,8710685
2023-10-11,BCH,43.07,45.14,41.98,44.04,10753542
2023-10-11,BTC,3864.02,3984.43,3766.94,3887.36,1711750
2023-10-11,DOGE,5191.8,5271.31,5070.51,5150.02,14127571
2023-10-11,ETH,6347.32,6425.68,6286.98,6365.34,3201289
2023-10-11,LINK,1319.45,1322.85,1306.58,1309.97,1636712
2023-10-11,LTC,217.78,230.85,209.37,222.44,18224559
2023-10-11,SOL,389.48,400.57,374.28,385.37,12759438
2023-10-11,XRP,668.98,714.12,636.25,681.4,8434378
2023-10-12,ADA,2174.66,2207.6,2132.55,2165.49,15127200
2023-10-12,AVAX,411.36,418.32,352.3,359.26,14200122
2023-10-12,BCH,44.04,45.85,43.29,45.09,6723998
2023-10-12,BTC,3887.36,4226.64,3863.48,4202.75,4559016
2023-10-12,DOGE,5150.02,5158.37,5059.64,5067.99,12450078
2023-10-12,ETH,6365.34,6436.54,6314.87,6386.08,1791269
2023-10-12,LINK,1309.97,1327.4,1304.09,1321.52,5061943
2023-10-12,LTC,222.44,228.33,212.55,218.44,14384900
2023-10-12,SOL,385.37,387.39,373.85,375.86,9851126
2023-10-12,XRP,681.4,733.71,671.18,723.5,3542399
2023-10-13,ADA,2165.49,2189.77,1946.9,1971.19,9378868
2023-10-13,AVAX,359.26,370.06,314.15,324.96,18989574
2023-10-13,BCH,45.09,47.61,44.5,47.02,17021773
2023-10-13,BTC,4202.75,4270.42,3922.4,3990.07,9965665
2023-10-13,DOGE,5067.99,5080.54,4920.04,4932.59,17392129
2023-10-13,ETH,6386.08,6440.61,6122.63,6177.16,3613166
2023-10-13,LINK,1321.52,1388.62,1291.83,1358.93,1080418
2023-10-13,LTC,218.44,230.97,192.37,204.89,8126867
2023-10-13,SOL,375.86,396.27,362.92,383.32,10188873
2023-10-13,XRP,723.5,726.87,717.02,720.4,10948842
2023-10-14,ADA,1971.19,2023.7,1926.77,1979.28,5729677
2023-10-14,AVAX,324.96,325.65,316.32,317.01,9423233
2023-10-14,BCH,47.02,47.09,46.85,46.93,6864869
2023-10-14,BTC,3990.07,4126.55,3937.47,4073.95,19689331
2023-10-14,DOGE,4932.59,5248.15,4844.29,5159.85,15065675
2023-10-14,ETH,6177.16,6215.88,6141.93,6180.65,5123085
2023-10-14,LINK,1358.93,1403.83,1345.62,1390.52,1762613
2023-10-14,LTC,204.89,222.33,204.15,221.59,4984294
2023-10-14,SOL,383.32,393.3,379.21,389.19,1870737
2023-10-14,XRP,720.4,745.86,717.74,743.2,16964474
2023-10-15,ADA,1979.28,2032.98,1973.29,2026.99,18153467
2023-10-15,AVAX,317.01,350.82,309.23,343.04,2746246
2023-10-15,BCH,46.93,48.62,46.83,48.52,5611511
2023-10-15,BTC,4073.95,4292.77,3992.8,4211.62,3015660
2023-10-15,DOGE,5159.85,5378.55,5101.39,5320.08,8465318
2023-10-15,ETH,6180.65,6233.01,5877.7,5930.06,13156708
2023-10-15,LINK,1390.52,1421.23,1384.83,1415.54,12105973
2023-10-15,LTC,221.59,230.03,217.0,225.44,12866371
2023-10-15,SOL,389.19,395.65,377.01,383.47,6786215
2023-10-15,XRP,743.2,784.84,727.19,768.83,16700671
2023-10-16,ADA,2026.99,2146.59,2007.4,2127.0,16763463
2023-10-16,AVAX,343.04,353.72,331.81,342.49,8628599
2023-10-16,BCH,48.52,51.41,47.67,50.56,5845847
2023-10-16,BTC,4211.62,4307.85,4048.36,4144.59,12592478
2023-10-16,DOGE,5320.08,5390.99,5106.24,5177.15,6100527
2023-10-16,ETH,5930.06,6267.94,5865.79,6203.67,7756055
2023-10-16,LINK,1415.54,1519.32,1369.06,1472.84,2068102
2023-10-16,LTC,225.44,239.13,220.34,234.04,3666168
2023-10-16,SOL,383.47,396.46,359.23,372.22,12135476
2023-10-16,XRP,768.83,785.32,745.5,761.99,1380444
2023-10-17,ADA,2127.0,2175.48,2098.88,2147.36,8732203
2023-10-17,AVAX,342.49,369.79,337.72,365.02,4760374
2023-10-17,BCH,50.56,54.84,49.68,53.96,1070443
2023-10-17,BTC,4144.59,4199.62,4116.26,4171.29,4416197
2023-10-17,DOGE,5177.15,5202.74,5055.78,5081.36,13482987
2023-10-17,ETH,6203.67,6455.6,6148.13,6400.06,15182877
2023-10-17,LINK,1472.84,1509.34,1433.56,1470.06,6938607
2023-10-17,LTC,234.04,243.25,213.16,222.37,7439198
2023-10-17,SOL,372.22,400.89,358.37,387.03,12797662
2023-10-17,XRP,761.99,809.31,727.58,774.9,10743305
2023-10-18,ADA,2147.36,2150.16,2112.42,2115.21,9299312
2023-10-18,AVAX,365.02,378.35,358.01,371.35,1329404
2023-10-18,BCH,53.96,54.71,53.52,54.27,8956562
2023-10-18,BTC,4171.29,4276.27,3999.64,4104.62,12568611
2023-10-18,DOGE,5081.36,5196.66,4818.93,4934.23,12255347
2023-10-18,ETH,6400.06,6507.6,6396.03,6503.57,4119325
2023-10-18,LINK,1470.06,1516.27,1443.28,1489.49,17912945
2023-10-18,LTC,222.37,246.92,216.71,241.26,18689002
2023-10-18,SOL,387.03,395.12,367.41,375.49,13089120
2023-10-18,XRP,774.9,801.73,677.8,704.63,7791093
2023-10-19,ADA,2115.21,2185.76,2071.0,2141.54,11562994
2023-10-19,AVAX,371.35,384.87,361.83,375.35,5870997
2023-10-19,BCH,54.27,57.12,53.54,56.38,12180739
2023-10-19,BTC,4104.62,4169.04,4023.48,4087.9,5726687
2023-10-19,DOGE,4934.23,5212.47,4868.71,5146.96,14783992
2023-10-19,ETH,6503.57,6799.6,6401.95,6697.98,17334688
2023-10-19,LINK,1489.49,1549.79,1457.03,1517.33,17654139
2023-10-19,LTC,241.26,255.74,223.17,237.66,6918851
2023-10-19,SOL,375.49,381.54,368.22,374.27,9591580
2023-10-19,XRP,704.63,714.29,701.31,710.97,6710991
2023-10-20,ADA,2141.54,2188.51,2136.0,2182.97,16501225
2023-10-20,AVAX,375.35,375.89,361.19,361.73,9252446
2023-10-20,BCH,56.38,59.0,55.76,58.38,4007073
2023-10-20,BTC,4087.9,4271.28,3941.17,4124.54,7938113
2023-10-20,DOGE,5146.96,5369.12,5067.16,5289.32,15981673
2023-10-20,ETH,6697.98,6729.49,6552.25,6583.76,17121190
2023-10-20,LINK,1517.33,1561.36,1466.47,1510.49,12522095
2023-10-20,LTC,237.66,240.81,237.62,240.77,13703980
2023-10-20,SOL,374.27,407.63,369.49,402.85,3655919
2023-10-20,XRP,710.97,736.61,684.75,710.39,16098760
2023-10-21,ADA,2182.97,2322.63,2151.52,2291.18,9827022
2023-10-21,AVAX,361.73,371.87,339.02,349.16,16212931
2023-10-21,BCH,58.38,59.16,55.36,56.14,10380597
2023-10-21,BTC,4124.54,4160.68,4101.16,4137.3,3456438
2023-10-21,DOGE,5289.32,5549.08,5086.24,5346.0,19949302
2023-10-21,ETH,6583.76,6643.61,6476.84,6536.69,12796023
2023-10-21,LINK,1510.49,1554.22,1455.58,1499.31,13968638
2023-10-21,LTC,240.77,241.79,219.8,220.82,17205988
2023-10-21,SOL,402.85,418.78,402.51,418.43,7652916
2023-10-21,XRP,710.39,792.59,684.79,766.99,2898508
2023-10-22,ADA,2291.18,2304.55,2231.98,2245.35,12989549
2023-10-22,AVAX,349.16,362.66,341.3,354.8,15032254
2023-10-22,BCH,56.14,58.55,55.46,57.87,6794334
2023-10-22,BTC,4137.3,4308.15,4099.24,4270.1,14682733
2023-10-22,DOGE,5346.0,5720.77,5281.47,5656.24,3354292
2023-10-22,ETH,6536.69,6576.64,6491.47,6531.42,18996905
2023-10-22,LINK,1499.31,1513.12,1406.37,1420.19,9331567
2023-10-22,LTC,220.82,222.83,202.26,204.28,9233400
2023-10-22,SOL,418.43,420.28,376.38,378.23,14662817
2023-10-22,XRP,766.99,786.86,756.11,775.98,4237091
2023-10-23,ADA,2245.35,2354.58,2223.56,2332.79,8545864
2023-10-23,AVAX,354.8,381.0,345.13,371.33,5901582
2023-10-23,BCH,57.87,58.37,57.6,58.09,13898033
2023-10-23,BTC,4270.1,4389.09,4138.06,4257.05,15612358
2023-10-23,DOGE,5656.24,6137.63,5563.85,6045.24,6765560
2023-10-23,ETH,6531.42,6688.96,6528.82,6686.37,14641905
2023-10-23,LINK,1420.19,1444.4,1409.78,1433.99,1721016
2023-10-23,LTC,204.28,208.19,195.53,199.44,3045871
2023-10-23,SOL,378.23,391.43,364.27,377.48,3253604
2023-10-23,XRP,775.98,801.69,699.93,725.64,16330705
2023-10-24,ADA,2332.79,2441.38,2304.68,2413.28,14511626
2023-10-24,AVAX,371.33,397.47,367.14,393.28,13650002
2023-10-24,BCH,58.09,59.66,54.0,55.57,2615383
2023-10-24,BTC,4257.05,4447.17,4233.32,4423.44,1752930
2023-10-24,DOGE,6045.24,6211.97,6037.92,6204.65,4116860
2023-10-24,ETH,6686.37,7280.75,6380.7,6975.08,3594534
2023-10-24,LINK,1433.99,1437.16,1355.5,1358.67,18842216
2023-10-24,LTC,199.44,202.1,193.31,195.96,1477708
2023-10-24,SOL,377.48,415.51,351.41,389.44,15451744
2023-10-24,XRP,725.64,728.61,716.0,718.97,19634515
2023-10-25,ADA,2413.28,2603.34,2406.09,2596.16,19552124
2023-10-25,AVAX,393.28,398.96,388.3,393.98,16252874
2023-10-25,BCH,55.57,56.41,53.34,54.18,18510002
2023-10-25,BTC,4423.44,4731.46,4372.09,4680.11,10437277
2023-10-25,DOGE,6204.65,6231.65,6031.14,6058.14,19644790
2023-10-25,ETH,6975.08,7163.24,6740.56,6928.72,10735824
2023-10-25,LINK,1358.67,1405.05,1209.23,1255.61,16881039
2023-10-25,LTC,195.96,211.76,189.61,205.4,4400054
2023-10-25,SOL,389.44,396.81,359.86,367.23,18416321
2023-10-25,XRP,718.97,741.02,703.7,725.75,17802646
2023-10-26,ADA,2596.16,2770.71,2470.86,2645.42,7469532
2023-10-26,AVAX,393.98,394.06,364.35,364.43,18383062
2023-10-26,BCH,54.18,57.52,51.95,55.3,10072604
2023-10-26,BTC,4680.11,4825.29,4352.37,4497.56,16486486
2023-10-26,DOGE,6058.14,6130.4,5877.41,5949.67,18993807
2023-10-26,ETH,6928.72,7051.13,6370.23,6492.64,12687031
2023-10-26,LINK,1255.61,1299.4,1248.45,1292.24,9580428
2023-10-26,LTC,205.4,208.34,195.19,198.13,19048473
2023-10-26,SOL,367.23,371.18,360.99,364.94,11726395
2023-10-26,XRP,725.75,749.88,678.27,702.4,6889632
2023-10-27,ADA,2645.42,2665.97,2577.13,2597.68,4359739
2023-10-27,AVAX,364.43,372.61,336.11,344.29,8770062
2023-10-27,BCH,55.3,57.36,54.8,56.86,5654329
2023-10-27,BTC,4497.56,4550.82,4340.66,4393.92,15794600
2023-10-27,DOGE,5949.67,6058.23,5699.58,5808.14,11268045
2023-10-27,ETH,6492.64,6612.01,6448.75,6568.12,7451726
2023-10-27,LINK,1292.24,1342.02,1252.23,1302.01,14687737
2023-10-27,LTC,198.13,198.54,166.82,167.24,4397266
2023-10-27,SOL,364.94,366.8,333.11,334.96,7661239
2023-10-27,XRP,702.4,717.15,695.56,710.31,8372326
2023-10-28,ADA,2597.68,2618.49,2508.78,2529.59,6050797
2023-10-28,AVAX,344.29,378.97,313.67,348.35,11625048
2023-10-28,BCH,56.86,59.81,53.67,56.62,2663740
2023-10-28,BTC,4393.92,4655.77,4262.28,4524.13,7700000
2023-10-28,DOGE,5808.14,6181.35,5751.19,6124.4,8221128
2023-10-28,ETH,6568.12,6601.52,6429.39,6462.79,17215358
2023-10-28,LINK,1302.01,1378.71,1281.34,1358.05,10926343
2023-10-28,LTC,167.24,194.09,157.89,184.75,17799462
2023-10-28,SOL,334.96,339.51,300.32,304.87,17689795
2023-10-28,XRP,710.31,717.29,640.48,647.46,3512738
2023-10-29,ADA,2529.59,2532.31,2439.53,2442.26,1008602
2023-10-29,AVAX,348.35,366.83,343.27,361.75,12177823
2023-10-29,BCH,56.62,56.63,54.32,54.33,12320701
2023-10-29,BTC,4524.13,4630.81,4479.97,4586.65,17750561
2023-10-29,DOGE,6124.4,6275.8,5819.26,5970.66,3850888
2023-10-29,ETH,6462.79,6591.13,6108.29,6236.63,8653506
2023-10-29,LINK,1358.05,1394.39,1331.67,1368.02,3268278
2023-10-29,LTC,184.75,193.42,164.87,173.54,15076403
2023-10-29,SOL,304.87,340.64,292.51,328.28,15691389
2023-10-29,XRP,647.46,658.47,597.37,608.39,14482039
2023-10-30,ADA,2442.26,2506.45,2231.5,2295.69,12356626
2023-10-30,AVAX,361.75,415.5,335.58,389.33,1865324
2023-10-30,BCH,54.33,57.29,49.08,52.04,8613127
2023-10-30,BTC,4586.65,4773.19,4425.03,4611.58,12418364
2023-10-30,DOGE,5970.66,5980.62,5891.2,5901.16,13716264
2023-10-30,ETH,6236.63,6285.06,6171.67,6220.1,8791714
2023-10-30,LINK,1368.02,1405.11,1307.32,1344.41,17450664
2023-10-30,LTC,173.54,181.9,142.44,150.8,5934892
2023-10-30,SOL,328.28,329.14,305.93,306.79,16627003
2023-10-30,XRP,608.39,637.16,581.96,610.73,12883785
2023-10-31,ADA,2295.69,2401.8,2278.65,2384.77,3898192
2023-10-31,AVAX,389.33,399.19,366.34,376.2,19249717
2023-10-31,BCH,52.04,53.3,50.35,51.61,9869001
2023-10-31,BTC,4611.58,4649.8,4574.79,4613.01,2256911
2023-10-31,DOGE,5901.16,6001.21,5887.54,5987.59,1242309
2023-10-31,ETH,6220.1,6408.1,6175.28,6363.28,9175127
2023-10-31,LINK,1344.41,1365.39,1322.15,1343.14,5153064
2023-10-31,LTC,150.8,156.45,124.97,130.62,7093274
2023-10-31,SOL,306.79,325.66,297.88,316.74,11815649
2023-10-31,XRP,610.73,613.76,601.13,604.16,6105467
2023-11-01,ADA,2384.77,2390.16,2230.93,2236.32,9513649
2023-11-01,AVAX,376.2,376.96,373.87,374.62,15126476
2023-11-01,BCH,51.61,52.18,50.89,51.46,3902748
2023-11-01,BTC,4613.01,4637.12,4588.86,4612.97,9296093
2023-11-01,DOGE,5987.59,6144.52,5690.26,5847.19,14265923
2023-11-01,ETH,6363.28,6535.38,6151.62,6323.72,16743605
2023-11-01,LINK,1343.14,1402.4,1254.05,1313.32,12876641
2023-11-01,LTC,130.62,131.73,118.68,119.78,7677739
2023-11-01,SOL,316.74,320.6,315.73,319.59,15006002
2023-11-01,XRP,604.16,613.96,583.82,593.63,14535952
2023-11-02,ADA,2236.32,2262.68,2227.04,2253.41,17525755
2023-11-02,AVAX,374.62,380.11,361.18,366.67,17974067
2023-11-02,BCH,51.46,55.28,49.78,53.6,15749204
2023-11-02,BTC,4612.97,4739.02,4596.79,4722.83,13751070
2023-11-02,DOGE,5847.19,6215.42,5767.27,6135.51,3460782
2023-11-02,ETH,6323.72,6386.53,5947.08,6009.88,1670322
2023-11-02,LINK,1313.32,1330.38,1262.56,1279.63,10943989
2023-11-02,LTC,119.78,126.1,112.73,119.04,2802507
2023-11-02,SOL,319.59,323.59,316.63,320.62,5269050
2023-11-02,XRP,593.63,607.93,541.85,556.16,7019553
2023-11-03,ADA,2253.41,2257.48,2197.14,2201.21,12138355
2023-11-03,AVAX,366.67,380.38,363.11,376.83,16363676
2023-11-03,BCH,53.6,58.28,53.34,58.01,11699168
2023-11-03,BTC,4722.83,4857.89,4600.92,4735.98,6506924
2023-11-03,DOGE,6135.51,6380.74,6029.29,6274.52,2813646
2023-11-03,ETH,6009.88,6019.12,5948.57,5957.81,2598668
2023-11-03,LINK,1279.63,1302.48,1251.04,1273.9,19000209
2023-11-03,LTC,119.04,123.65,110.54,115.15,2229354
2023-11-03,SOL,320.62,334.77,310.45,324.6,1351950
2023-11-03,XRP,556.16,564.59,532.93,541.36,3424789
2023-11-04,ADA,2201.21,2307.46,2168.51,2274.76,13278191
2023-11-04,AVAX,376.83,391.12,370.18,384.47,8744007
2023-11-04,BCH,58.01,64.19,54.69,60.87,13201060
2023-11-04,BTC,4735.98,5213.33,4556.3,5033.66,12187310
2023-11-04,DOGE,6274.52,6278.48,6254.85,6258.81,16042384
2023-11-04,ETH,5957.81,6193.01,5885.93,6121.13,18297921
2023-11-04,LINK,1273.9,1361.58,1256.03,1343.71,10601247
2023-11-04,LTC,115.15,117.95,110.6,113.41,18708541
2023-11-04,SOL,324.6,362.51,318.22,356.14,15601243
2023-11-04,XRP,541.36,543.51,489.13,491.28,8386229
2023-11-05,ADA,2274.76,2290.45,2246.55,2262.25,6471189
2023-11-05,AVAX,384.47,408.86,377.18,401.57,3398314
2023-11-05,BCH,60.87,65.1,60.41,64.65,10763662
2023-11-05,BTC,5033.66,5350.35,4928.78,5245.48,17615476
2023-11-05,DOGE,6258.81,6323.05,6115.09,6179.33,13366997
2023-11-05,ETH,6121.13,6422.68,6007.1,6308.65,1668003
2023-11-05,LINK,1343.71,1358.63,1299.9,1314.82,10359967
2023-11-05,LTC,113.41,117.94,112.68,117.21,5786516
2023-11-05,SOL,356.14,360.25,317.85,321.97,15508629
2023-11-05,XRP,491.28,522.97,473.79,505.48,10166079
2023-11-06,ADA,2262.25,2313.03,2062.37,2113.15,15742813
2023-11-06,AVAX,401.57,425.7,389.75,413.88,8155811
2023-11-06,BCH,64.65,67.2,60.63,63.19,9598148
2023-11-06,BTC,5245.48,5319.39,5047.59,5121.5,16310034
2023-11-06,DOGE,6179.33,6253.17,6169.4,6243.24,3917527
2023-11-06,ETH,6308.65,6331.5,6227.53,6250.38,19690111
2023-11-06,LINK,1314.82,1329.52,1259.9,1274.6,7695212
2023-11-06,LTC,117.21,124.22,109.59,116.6,19116461
2023-11-06,SOL,321.97,327.36,301.14,306.54,8969715
2023-11-06,XRP,505.48,515.47,505.04,515.04,8943325
2023-11-07,ADA,2113.15,2123.82,1984.32,1994.99,18921557
2023-11-07,AVAX,413.88,427.35,379.9,393.38,18746742
2023-11-07,BCH,63.19,64.7,61.27,62.78,19470241
2023-11-07,BTC,5121.5,5378.83,5018.55,5275.88,1694116
2023-11-07,DOGE,6243.24,6348.48,5980.62,6085.86,6204001
2023-11-07,ETH,6250.38,6349.88,5990.81,6090.31,7483645
2023-11-07,LINK,1274.6,1300.51,1256.4,1282.31,9624037
2023-11-07,LTC,116.6,128.72,114.31,126.42,2046640
2023-11-07,SOL,306.54,307.64,278.09,279.19,6903536
2023-11-07,XRP,515.04,529.52,513.16,527.64,5879038
2023-11-08,ADA,1994.99,2042.54,1964.06,2011.61,14068835
2023-11-08,AVAX,393.38,445.27,384.32,436.21,10664497
2023-11-08,BCH,62.78,65.79,58.05,61.06,3253802
2023-11-08,BTC,5275.88,5584.54,4810.63,5119.29,2084520
2023-11-08,DOGE,6085.86,6217.67,5845.41,5977.22,15297246
2023-11-08,ETH,6090.31,6092.84,6017.96,6020.49,19363766
2023-11-08,LINK,1282.31,1344.38,1269.92,1331.98,1432828
2023-11-08,LTC,126.42,128.59,120.6,122.77,10292870
2023-11-08,SOL,279.19,281.68,256.29,258.78,5133814
2023-11-08,XRP,527.64,537.85,524.74,534.95,7143085
2023-11-09,ADA,2011.61,2019.0,1970.15,1977.54,12645012
2023-11-09,AVAX,436.21,444.86,394.4,403.05,8600384
2023-11-09,BCH,61.06,62.81,60.57,62.32,2897582
2023-11-09,BTC,5119.29,5466.77,4966.27,5313.75,15176638
2023-11-09,DOGE,5977.22,6190.33,5637.94,5851.05,6300328
2023-11-09,ETH,6020.49,6109.36,5947.29,6036.16,2458572
2023-11-09,LINK,1331.98,1375.88,1316.21,1360.11,19785361
2023-11-09,LTC,122.77,124.15,105.89,107.27,2705610
2023-11-09,SOL,258.78,263.61,252.79,257.62,8622696
2023-11-09,XRP,534.95,555.21,533.37,553.64,12778541
2023-11-10,ADA,1977.54,2017.9,1893.5,1933.86,3354976
2023-11-10,AVAX,403.05,415.66,392.65,405.26,8095622
2023-11-10,BCH,62.32,63.74,60.04,61.46,3228316
2023-11-10,BTC,5313.75,5335.62,5215.68,5237.55,13435121
2023-11-10,DOGE,5851.05,5968.07,5740.84,5857.85,16787727
2023-11-10,ETH,6036.16,6141.61,5973.02,6078.47,17092908
2023-11-10,LINK,1360.11,1380.86,1348.24,1368.99,2783485
2023-11-10,LTC,107.27,118.14,98.58,109.44,19243865
2023-11-10,SOL,257.62,265.36,248.42,256.16,8420049
2023-11-10,XRP,553.64,568.14,520.3,534.81,9900923
2023-11-11,ADA,1933.86,1967.85,1834.24,1868.24,16364808
2023-11-11,AVAX,405.26,412.48,393.22,400.45,15028996
2023-11-11,BCH,61.46,64.01,60.01,62.57,14291005
2023-11-11,BTC,5237.55,5378.7,5224.08,5365.23,10034141
2023-11-11,DOGE,5857.85,6096.65,5766.83,6005.63,10519629
2023-11-11,ETH,6078.47,6240.81,5973.75,6136.09,11904696
2023-11-11,LINK,1368.99,1424.32,1287.91,1343.24,16132197
2023-11-11,LTC,109.44,112.74,103.77,107.06,6994059
2023-11-11,SOL,256.16,256.32,248.12,248.28,5693916
2023-11-11,XRP,534.81,535.36,477.26,477.81,4774711
2023-11-12,ADA,1868.24,1925.22,1812.51,1869.5,5787058
2023-11-12,AVAX,400.45,427.78,386.38,413.72,12578614
2023-11-12,BCH,62.57,65.42,61.27,64.12,13413080
2023-11-12,BTC,5365.23,5405.07,5119.44,5159.27,3853131
2023-11-12,DOGE,6005.63,6262.19,5894.81,6151.36,14864355
2023-11-12,ETH,6136.09,6214.81,6104.01,6182.72,8215708
2023-11-12,LINK,1343.24,1377.56,1337.19,1371.51,2874690
2023-11-12,LTC,107.06,111.78,103.37,108.1,4821793
2023-11-12,SOL,248.28,253.6,242.76,248.08,15219878
2023-11-12,XRP,477.81,480.3,453.57,456.06,17873811
2023-11-13,ADA,1869.5,1969.49,1830.26,1930.25,10679660
2023-11-13,AVAX,413.72,425.38,397.04,408.71,18715158
2023-11-13,BCH,64.12,65.74,64.03,65.65,8131212
2023-11-13,BTC,5159.27,5193.05,4804.61,4838.39,11156376
2023-11-13,DOGE,6151.36,6329.43,5816.81,5994.88,3880442
2023-11-13,ETH,6182.72,6299.12,6151.35,6267.75,2744829
2023-11-13,LINK,1371.51,1479.31,1350.89,1458.7,10751306
2023-11-13,LTC,108.1,121.89,101.59,115.38,3571998
2023-11-13,SOL,248.08,248.77,239.05,239.74,5351880
2023-11-13,XRP,456.06,464.5,407.94,416.38,5514187
2023-11-14,ADA,1930.25,1979.56,1910.88,1960.19,14807906
2023-11-14,AVAX,408.71,424.44,364.51,380.24,17796663
2023-11-14,BCH,65.65,69.61,64.16,68.12,13659053
2023-11-14,BTC,4838.39,4900.48,4809.33,4871.42,1610045
2023-11-14,DOGE,5994.88,6061.53,5854.01,5920.66,11867951
2023-11-14,ETH,6267.75,6275.29,6240.46,6247.99,6399594
2023-11-14,LINK,1458.7,1511.94,1458.36,1511.61,10876030
2023-11-14,LTC,115.38,119.02,106.88,110.51,18985667
2023-11-14,SOL,239.74,243.36,222.54,226.17,11590801
2023-11-14,XRP,416.38,452.28,405.45,441.35,9893017
2023-11-15,ADA,1960.19,2132.76,1926.02,2098.59,2817211
2023-11-15,AVAX,380.24,386.27,348.35,354.37,15593030
2023-11-15,BCH,68.12,70.89,64.83,67.59,6932784
2023-11-15,BTC,4871.42,4965.57,4646.07,4740.22,8084581
2023-11-15,DOGE,5920.66,5932.84,5809.32,5821.51,17092949
2023-11-15,ETH,6247.99,6298.14,6118.04,6168.18,17015404
2023-11-15,LINK,1511.61,1530.15,1416.95,1435.48,1458856
2023-11-15,LTC,110.51,117.65,103.88,111.02,11146242
2023-11-15,SOL,226.17,235.87,220.5,230.21,12448174
2023-11-15,XRP,441.35,457.72,433.8,450.16,2067509
2023-11-16,ADA,2098.59,2152.59,1900.83,1954.82,2804913
2023-11-16,AVAX,354.37,360.04,341.64,347.31,11876812
2023-11-16,BCH,67.59,74.27,66.64,73.32,5536224
2023-11-16,BTC,4740.22,4912.53,4561.89,4734.19,19794715
2023-11-16,DOGE,5821.51,5978.35,5579.12,5735.96,13496080
2023-11-16,ETH,6168.18,6415.79,6086.17,6333.77,11615644
2023-11-16,LINK,1435.48,1446.39,1377.28,1388.18,9155297
2023-11-16,LTC,111.02,114.83,109.94,113.75,8517604
2023-11-16,SOL,230.21,248.39,224.1,242.28,2805671
2023-11-16,XRP,450.16,494.3,436.23,480.37,14073974
2023-11-17,ADA,1954.82,2098.71,1880.29,2024.18,7998420
2023-11-17,AVAX,347.31,347.47,329.22,329.38,1402571
2023-11-17,BCH,73.32,75.55,72.39,74.63,10356534
2023-11-17,BTC,4734.19,4830.83,4723.97,4820.61,11661875
2023-11-17,DOGE,5735.96,5933.47,5087.79,5285.3,4173621
2023-11-17,ETH,6333.77,6497.38,5803.53,5967.14,15647572
2023-11-17,LINK,1388.18,1398.49,1355.86,1366.17,7883144
2023-11-17,LTC,113.75,114.59,110.92,111.77,11644174
2023-11-17,SOL,242.28,272.19,232.46,262.38,14546818
2023-11-17,XRP,480.37,487.35,469.56,476.54,15593336
2023-11-18,ADA,2024.18,2058.76,1915.74,1950.31,14793925
2023-11-18,AVAX,329.38,340.94,299.67,311.23,16720403
2023-11-18,BCH,74.63,76.15,73.36,74.88,14338160
2023-11-18,BTC,4820.61,4880.73,4637.82,4697.94,19665825
2023-11-18,DOGE,5285.3,5334.13,4969.08,5017.91,9229086
2023-11-18,ETH,5967.14,6090.64,5655.95,5779.45,11802886
2023-11-18,LINK,1366.17,1369.85,1326.72,1330.41,17179820
2023-11-18,LTC,111.77,119.87,105.96,114.06,8675383
2023-11-18,SOL,262.38,298.29,256.41,292.32,19240577
2023-11-18,XRP,476.54,500.43,474.27,498.17,1629569
2023-11-19,ADA,1950.31,2055.13,1836.52,1941.34,6877800
2023-11-19,AVAX,311.23,327.91,302.41,319.08,3659960
2023-11-19,BCH,74.88,79.01,72.96,77.08,6860646
2023-11-19,BTC,4697.94,4839.4,4452.3,4593.77,8892966
2023-11-19,DOGE,5017.91,5106.61,4755.29,4843.99,18856227
2023-11-19,ETH,5779.45,5905.05,5777.65,5903.25,1411351
2023-11-19,LINK,1330.41,1359.22,1283.56,1312.37,1133888
2023-11-19,LTC,114.06,122.91,109.05,117.9,15652333
2023-11-19,SOL,292.32,311.76,291.74,311.18,19814253
2023-11-19,XRP,498.17,503.87,463.11,468.81,10569826
2023-11-20,ADA,1941.34,1946.47,1895.54,1900.67,13716764
2023-11-20,AVAX,319.08,346.78,302.63,330.32,12101029
2023-11-20,BCH,77.08,79.4,74.49,76.82,10281805
2023-11-20,BTC,4593.77,4784.86,4518.65,4709.75,6262723
2023-11-20,DOGE,4843.99,4920.51,4713.44,4789.95,2805436
2023-11-20,ETH,5903.25,5912.13,5788.32,5797.19,15184939
2023-11-20,LINK,1312.37,1337.0,1250.63,1275.26,9585846
2023-11-20,LTC,117.9,124.05,115.84,121.99,18473752
2023-11-20,SOL,311.18,316.83,297.8,303.44,6440555
2023-11-20,XRP,468.81,502.96,464.72,498.87,3389941
2023-11-21,ADA,1900.67,2018.58,1879.28,1997.2,19699384
2023-11-21,AVAX,330.32,359.95,313.69,343.31,7544001
2023-11-21,BCH,76.82,80.81,74.85,78.84,6694634
2023-11-21,BTC,4709.75,5126.2,4647.18,5063.64,14636821
2023-11-21,DOGE,4789.95,5006.23,4753.43,4969.7,16493184
2023-11-21,ETH,5797.19,5829.5,5639.47,5671.78,11868129
2023-11-21,LINK,1275.26,1276.12,1259.17,1260.04,11134703
2023-11-21,LTC,121.99,124.81,111.41,114.23,13805907
2023-11-21,SOL,303.44,311.23,290.79,298.58,3236551
2023-11-21,XRP,498.87,500.87,484.93,486.93,4297077
2023-11-22,ADA,1997.2,2166.89,1935.45,2105.15,13089233
2023-11-22,AVAX,343.31,349.13,332.35,338.17,6094246
2023-11-22,BCH,78.84,79.81,72.11,73.08,14449904
2023-11-22,BTC,5063.64,5107.79,5057.82,5101.97,11901202
2023-11-22,DOGE,4969.7,5202.54,4941.02,5173.86,6398878
2023-11-22,ETH,5671.78,5718.86,5492.05,5539.13,11601869
2023-11-22,LINK,1260.04,1263.08,1186.02,1189.06,19876136
2023-11-22,LTC,114.23,117.54,112.14,115.45,6786394
2023-11-22,SOL,298.58,301.09,293.85,296.35,1239335
2023-11-22,XRP,486.93,502.6,471.78,487.45,15206214
2023-11-23,ADA,2105.15,2275.08,2051.84,2221.77,16364713
2023-11-23,AVAX,338.17,342.13,310.33,314.29,12017048
2023-11-23,BCH,73.08,73.77,67.94,68.63,10955400
2023-11-23,BTC,5101.97,5176.32,4744.86,4819.21,3105066
2023-11-23,DOGE,5173.86,5226.5,5074.37,5127.01,8027446
2023-11-23,ETH,5539.13,5617.93,5530.28,5609.08,3142673
2023-11-23,LINK,1189.06,1209.77,1176.48,1197.18,12945889
2023-11-23,LTC,115.45,125.46,110.84,120.84,16042973
2023-11-23,SOL,296.35,303.25,274.9,281.8,16984297
2023-11-23,XRP,487.45,531.11,476.61,520.26,6152204
2023-11-24,ADA,2221.77,2343.16,2139.5,2260.89,16107546
2023-11-24,AVAX,314.29,327.14,275.06,287.92,10896525
2023-11-24,BCH,68.63,68.69,68.17,68.23,4090682
2023-11-24,BTC,4819.21,4903.82,4536.14,4620.75,17217497
2023-11-24,DOGE,5127.01,5151.01,4961.35,4985.36,16871767
2023-11-24,ETH,5609.08,5770.97,5460.48,5622.37,17940687
2023-11-24,LINK,1197.18,1226.02,1144.41,1173.25,8351051
2023-11-24,LTC,120.84,122.42,111.48,113.06,10058958
2023-11-24,SOL,281.8,291.91,257.82,267.93,16885954
2023-11-24,XRP,520.26,525.07,515.23,520.03,17951336
2023-11-25,ADA,2260.89,2284.14,2167.6,2190.86,15370019
2023-11-25,AVAX,287.92,288.39,266.01,266.48,7577556
2023-11-25,BCH,68.23,72.97,68.09,72.83,16117440
2023-11-25,BTC,4620.75,4995.68,4500.61,4875.54,15255455
2023-11-25,DOGE,4985.36,5268.36,4976.44,5259.44,9013389
2023-11-25,ETH,5622.37,5650.3,5407.7,5435.63,11715008
2023-11-25,LINK,1173.25,1175.14,1107.75,1109.64,13228853
2023-11-25,LTC,113.06,120.31,109.16,116.41,18685125
2023-11-25,SOL,267.93,285.21,261.39,278.67,17044876
2023-11-25,XRP,520.03,570.56,512.76,563.29,1561767
2023-11-26,ADA,2190.86,2217.53,2120.8,2147.47,4268596
2023-11-26,AVAX,266.48,282.7,265.95,282.17,19597511
2023-11-26,BCH,72.83,76.32,71.17,74.66,15703621
2023-11-26,BTC,4875.54,4976.21,4585.83,4686.5,16294565
2023-11-26,DOGE,5259.44,5327.68,4865.43,4933.67,12416229
2023-11-26,ETH,5435.63,5520.26,5198.99,5283.62,17190590
2023-11-26,LINK,1109.64,1115.77,1098.67,1104.81,8857464
2023-11-26,LTC,116.41,121.58,110.38,115.55,3659444
2023-11-26,SOL,278.67,285.62,269.42,276.37,10199555
2023-11-26,XRP,563.29,567.52,562.2,566.43,11122911
2023-11-27,ADA,2147.47,2199.55,1983.86,2035.94,5245069
2023-11-27,AVAX,282.17,289.79,252.46,260.09,12775798
2023-11-27,BCH,74.66,75.09,72.16,72.58,9499839
2023-11-27,BTC,4686.5,4835.76,4643.37,4792.63,16848723
2023-11-27,DOGE,4933.67,5089.87,4609.53,4765.73,15204154
2023-11-27,ETH,5283.62,5462.97,5260.61,5439.96,12899698
2023-11-27,LINK,1104.81,1135.69,1086.62,1117.5,8936680
2023-11-27,LTC,115.55,118.76,107.0,110.22,12673186
2023-11-27,SOL,276.37,277.65,271.59,272.87,14006466
2023-11-27,XRP,566.43,597.18,554.79,585.54,16184397
2023-11-28,ADA,2035.94,2060.48,1981.81,2006.36,12432006
2023-11-28,AVAX,260.09,268.07,255.24,263.22,11788414
2023-11-28,BCH,72.58,75.25,71.22,73.88,7127815
2023-11-28,BTC,4792.63,4974.36,4764.02,4945.75,13483024
2023-11-28,DOGE,4765.73,4842.73,4587.01,4664.01,18820328
2023-11-28,ETH,5439.96,5619.63,5374.44,5554.11,9603347
2023-11-28,LINK,1117.5,1138.5,1111.85,1132.85,17658298
2023-11-28,LTC,110.22,115.85,108.67,114.3,6890495
2023-11-28,SOL,272.87,292.95,268.8,288.89,18946048
2023-11-28,XRP,585.54,587.5,525.24,527.19,14462177
2023-11-29,ADA,2006.36,2155.67,1964.18,2113.49,19298093
2023-11-29,AVAX,263.22,265.21,254.03,256.01,18723338
2023-11-29,BCH,73.88,74.76,71.58,72.46,1001343
2023-11-29,BTC,4945.75,5461.0,4772.08,5287.33,16566147
2023-11-29,DOGE,4664.01,4859.86,4636.24,4832.09,4547967
2023-11-29,ETH,5554.11,5579.28,5348.19,5373.36,18891447
2023-11-29,LINK,1132.85,1227.26,1124.08,1218.49,16787743
2023-11-29,LTC,114.3,115.23,106.61,107.54,2730064
2023-11-29,SOL,288.89,295.07,287.44,293.62,2262064
2023-11-29,XRP,527.19,576.9,511.7,561.41,13474001
2023-11-30,ADA,2113.49,2114.71,2026.22,2027.44,17881355
2023-11-30,AVAX,256.01,258.32,255.12,257.43,5937042
2023-11-30,BCH,72.46,75.0,70.91,73.45,3660959
2023-11-30,BTC,5287.33,5817.82,5154.07,5684.56,19359343
2023-11-30,DOGE,4832.09,4871.87,4732.55,4772.34,5448904
2023-11-30,ETH,5373.36,5425.98,5050.04,5102.65,16825300
2023-11-30,LINK,1218.49,1228.56,1157.26,1167.33,13401946
2023-11-30,LTC,107.54,112.76,99.26,104.48,19457925
2023-11-30,SOL,293.62,307.33,286.01,299.71,16207846
2023-11-30,XRP,561.41,596.41,545.88,580.88,16731873
2023-12-01,ADA,2027.44,2058.49,2016.09,2047.13,10320457
2023-12-01,AVAX,257.43,275.99,248.08,266.64,11187759
2023-12-01,BCH,73.45,73.76,72.04,72.35,18654389
2023-12-01,BTC,5684.56,6019.97,5605.26,5940.67,6922121
2023-12-01,DOGE,4772.34,4791.58,4630.57,4649.82,9839529
2023-12-01,ETH,5102.65,5121.78,5074.88,5094.0,4997799
2023-12-01,LINK,1167.33,1239.46,1150.34,1222.48,10521243
2023-12-01,LTC,104.48,110.53,102.07,108.12,4107767
2023-12-01,SOL,299.71,328.69,287.01,315.99,2252476
2023-12-01,XRP,580.88,640.98,574.54,634.64,7659897
2023-12-02,ADA,2047.13,2222.68,1970.35,2145.89,12943114
2023-12-02,AVAX,266.64,275.9,251.85,261.11,4264123
2023-12-02,BCH,72.35,74.56,72.29,74.5,14472510
2023-12-02,BTC,5940.67,5964.95,5480.7,5504.97,9188026
2023-12-02,DOGE,4649.82,4715.27,4497.48,4562.93,6294612
2023-12-02,ETH,5094.0,5112.09,5007.29,5025.38,7070592
2023-12-02,LINK,1222.48,1276.29,1207.09,1260.91,9061054
2023-12-02,LTC,108.12,109.84,106.48,108.2,9878753
2023-12-02,SOL,315.99,323.06,305.49,312.56,7336043
2023-12-02,XRP,634.64,638.88,603.58,607.83,16187328
2023-12-03,ADA,2145.89,2185.88,2098.11,2138.1,10896179
2023-12-03,AVAX,261.11,272.01,260.11,271.02,14102734
2023-12-03,BCH,74.5,79.74,74.1,79.34,17218387
2023-12-03,BTC,5504.97,5553.1,5359.58,5407.7,14055552
2023-12-03,DOGE,4562.93,4652.79,4541.16,4631.02,16374926
2023-12-03,ETH,5025.38,5060.29,4903.16,4938.08,18444835
2023-12-03,LINK,1260.91,1279.27,1190.87,1209.23,14820946
2023-12-03,LTC,108.2,109.67,99.22,100.69,13831797
2023-12-03,SOL,312.56,333.41,301.19,322.05,11075949
2023-12-03,XRP,607.83,646.05,606.16,644.39,17635460
2023-12-04,ADA,2138.1,2151.03,2117.59,2130.52,12130437
2023-12-04,AVAX,271.02,276.78,253.29,259.06,2918910
2023-12-04,BCH,79.34,83.61,78.49,82.76,15110298
2023-12-04,BTC,5407.7,5544.62,5390.39,5527.31,10695894
2023-12-04,DOGE,4631.02,4675.19,4320.69,4364.86,1066092
2023-12-04,ETH,4938.08,4964.42,4882.79,4909.13,12198840
2023-12-04,LINK,1209.23,1322.51,1176.75,1290.03,10619904
2023-12-04,LTC,100.69,103.09,94.42,96.82,7716846
2023-12-04,SOL,322.05,327.36,320.74,326.05,7353087
2023-12-04,XRP,644.39,689.64,628.98,674.24,1380414
2023-12-05,ADA,2130.52,2207.32,2116.17,2192.96,14861226
2023-12-05,AVAX,259.06,261.53,257.33,259.8,12126715
2023-12-05,BCH,82.76,84.27,82.48,83.99,2813707
2023-12-05,BTC,5527.31,5565.04,5302.94,5340.67,16686027
2023-12-05,DOGE,4364.86,4387.12,4337.9,4360.16,12695697
2023-12-05,ETH,4909.13,5098.3,4860.41,5049.58,2151303
2023-12-05,LINK,1290.03,1291.29,1249.86,1251.12,5244986
2023-12-05,LTC,96.82,99.48,88.73,91.39,3086816
2023-12-05,SOL,326.05,326.68,325.79,326.43,3700440
2023-12-05,XRP,674.24,702.52,611.75,640.04,2843261
2023-12-06,ADA,2192.96,2210.24,2167.92,2185.2,6615117
2023-12-06,AVAX,259.8,273.22,252.22,265.65,3874766
2023-12-06,BCH,83.99,95.25,83.08,94.33,5417856
2023-12-06,BTC,5340.67,5358.98,5325.15,5343.47,10002710
2023-12-06,DOGE,4360.16,4437.17,4191.52,4268.53,13297262
2023-12-06,ETH,5049.58,5127.22,5023.98,5101.62,3159698
2023-12-06,LINK,1251.12,1297.62,1232.79,1279.29,18235261
2023-12-06,LTC,91.39,100.9,87.56,97.07,12293937
2023-12-06,SOL,326.43,334.6,315.71,323.88,4901453
2023-12-06,XRP,640.04,643.5,615.82,619.28,6688927
2023-12-07,ADA,2185.2,2262.74,2134.37,2211.91,5946843
2023-12-07,AVAX,265.65,286.81,260.54,281.7,3215238
2023-12-07,BCH,94.33,105.07,91.31,102.04,8640514
2023-12-07,BTC,5343.47,5379.4,5315.31,5351.25,7161220
2023-12-07,DOGE,4268.53,4478.67,4180.76,4390.9,8678809
2023-12-07,ETH,5101.62,5135.66,5043.43,5077.48,18447023
2023-12-07,LINK,1279.29,1287.45,1227.98,1236.14,3271749
2023-12-07,LTC,97.07,103.65,90.85,97.43,15832016
2023-12-07,SOL,323.88,331.61,282.89,290.62,5754378
2023-12-07,XRP,619.28,705.25,580.54,666.51,4792774
2023-12-08,ADA,2211.91,2427.98,2164.55,2380.62,10621251
2023-12-08,AVAX,281.7,302.2,271.45,291.95,12220600
2023-12-08,BCH,102.04,112.76,98.72,109.44,3238821
2023-12-08,BTC,5351.25,5450.21,5347.37,5446.33,10713175
2023-12-08,DOGE,4390.9,4742.48,4371.98,4723.57,8242350
2023-12-08,ETH,5077.48,5094.42,4899.23,4916.16,15789598
2023-12-08,LINK,1236.14,1315.15,1234.02,1313.02,12622428
2023-12-08,LTC,97.43,101.42,94.36,98.35,8523704
2023-12-08,SOL,290.62,294.71,282.22,286.31,6247071
2023-12-08,XRP,666.51,705.6,651.52,690.62,16682269
2023-12-09,ADA,2380.62,2529.29,2341.48,2490.15,6087266
2023-12-09,AVAX,291.95,306.23,271.79,286.07,14261479
2023-12-09,BCH,109.44,115.66,107.36,113.58,5840889
2023-12-09,BTC,5446.33,5553.58,5228.72,5335.96,15762223
2023-12-09,DOGE,4723.57,4910.39,4695.94,4882.76,19506058
2023-12-09,ETH,4916.16,4993.79,4701.8,4779.42,14206787
2023-12-09,LINK,1313.02,1329.68,1284.42,1301.08,19528233
2023-12-09,LTC,98.35,103.31,97.43,102.39,15937694
2023-12-09,SOL,286.31,292.12,264.23,270.04,18266143
2023-12-09,XRP,690.62,757.01,685.97,752.36,19605487
2023-12-10,ADA,2490.15,2675.48,2412.68,2598.0,5174885
2023-12-10,AVAX,286.07,290.22,260.58,264.73,19350716
2023-12-10,BCH,113.58,117.67,112.03,116.12,17516614
2023-12-10,BTC,5335.96,5514.34,5071.13,5249.51,15207671
2023-12-10,DOGE,4882.76,5192.53,4832.28,5142.05,14051785
2023-12-10,ETH,4779.42,4797.97,4706.49,4725.04,19767708
2023-12-10,LINK,1301.08,1360.24,1290.14,1349.3,18974224
2023-12-10,LTC,102.39,109.22,100.28,107.1,2823470
2023-12-10,SOL,270.04,296.58,259.69,286.23,2499603
2023-12-10,XRP,752.36,772.83,742.54,763.01,10314473
2023-12-11,ADA,2598.0,2623.84,2559.55,2585.39,3505909
2023-12-11,AVAX,264.73,272.47,258.35,266.08,15161520
2023-12-11,BCH,116.12,118.27,107.96,110.12,10112542
2023-12-11,BTC,5249.51,5469.12,5234.13,5453.74,5687747
2023-12-11,DOGE,5142.05,5447.74,5065.64,5371.33,14541448
2023-12-11,ETH,4725.04,4750.24,4723.64,4748.84,12233351
2023-12-11,LINK,1349.3,1401.14,1308.8,1360.64,11413468
2023-12-11,LTC,107.1,111.93,102.98,107.8,8672329
2023-12-11,SOL,286.23,292.6,267.83,274.2,6955703
2023-12-11,XRP,763.01,776.97,679.35,693.31,4256223
2023-12-12,ADA,2585.39,2667.14,2424.45,2506.2,9395164
2023-12-12,AVAX,266.08,276.85,249.86,260.63,8738562
2023-12-12,BCH,110.12,122.77,105.49,118.14,6087275
2023-12-12,BTC,5453.74,5456.71,5331.88,5334.85,12586198
2023-12-12,DOGE,5371.33,5476.43,5013.19,5118.29,10442797
2023-12-12,ETH,4748.84,4991.87,4705.2,4948.23,8982544
2023-12-12,LINK,1360.64,1393.85,1287.83,1321.04,18071343
2023-12-12,LTC,107.8,111.3,104.49,107.99,3277747
2023-12-12,SOL,274.2,286.38,269.15,281.33,17651533
2023-12-12,XRP,693.31,697.64,683.67,688.0,5754191
2023-12-13,ADA,2506.2,2515.38,2397.64,2406.82,8065330
2023-12-13,AVAX,260.63,286.34,254.36,280.07,12739873
2023-12-13,BCH,118.14,119.71,114.08,115.65,11575626
2023-12-13,BTC,5334.85,5551.01,5276.93,5493.08,9212024
2023-12-13,DOGE,5118.29,5205.61,4939.99,5027.32,5018767
2023-12-13,ETH,4948.23,4953.28,4785.0,4790.05,6311673
2023-12-13,LINK,1321.04,1357.28,1314.47,1350.72,2418067
2023-12-13,LTC,107.99,111.68,92.09,95.79,16351057
2023-12-13,SOL,281.33,290.55,273.55,282.77,10251358
2023-12-13,XRP,688.0,738.46,686.28,736.73,6007249
2023-12-14,ADA,2406.82,2445.86,2349.53,2388.57,12995869
2023-12-14,AVAX,280.07,285.76,278.79,284.48,15119668
2023-12-14,BCH,115.65,123.1,112.14,119.59,14025134
2023-12-14,BTC,5493.08,6114.76,5305.27,5926.95,3897359
2023-12-14,DOGE,5027.32,5033.88,4920.92,4927.48,9618345
2023-12-14,ETH,4790.05,4964.93,4763.77,4938.65,11884830
2023-12-14,LINK,1350.72,1361.07,1340.92,1351.27,1086539
2023-12-14,LTC,95.79,96.07,91.82,92.11,18613873
2023-12-14,SOL,282.77,304.21,280.91,302.35,5511674
2023-12-14,XRP,736.73,767.3,647.88,678.45,2424522
2023-12-15,ADA,2388.57,2406.27,2386.99,2404.7,9137223
2023-12-15,AVAX,284.48,284.7,273.9,274.12,5339550
2023-12-15,BCH,119.59,123.55,117.85,121.81,15805595
2023-12-15,BTC,5926.95,6069.82,5918.07,6060.95,18148056
2023-12-15,DOGE,4927.48,5077.68,4912.36,5062.56,5534044
2023-12-15,ETH,4938.65,4960.78,4822.3,4844.42,14765681
2023-12-15,LINK,1351.27,1372.32,1336.48,1357.53,3323262
2023-12-15,LTC,92.11,94.24,89.96,92.08,15730022
2023-12-15,SOL,302.35,309.08,299.01,305.74,15543270
2023-12-15,XRP,678.45,689.87,651.33,662.74,7998449
2023-12-16,ADA,2404.7,2448.93,2338.17,2382.41,13047126
2023-12-16,AVAX,274.12,284.45,260.22,270.55,9803611
2023-12-16,BCH,121.81,133.53,117.04,128.76,12771495
2023-12-16,BTC,6060.95,6322.11,5910.01,6171.17,10771534
2023-12-16,DOGE,5062.56,5082.82,5062.43,5082.7,18078659
2023-12-16,ETH,4844.42,4885.05,4780.86,4821.49,7465257
2023-12-16,LINK,1357.53,1373.36,1318.14,1333.97,16608536
2023-12-16,LTC,92.08,93.64,89.77,91.33,19985137
2023-12-16,SOL,305.74,310.14,283.34,287.74,16275377
2023-12-16,XRP,662.74,690.01,603.63,630.9,19528165
2023-12-17,ADA,2382.41,2408.75,2287.47,2313.81,11167168
2023-12-17,AVAX,270.55,280.61,261.9,271.96,2027653
2023-12-17,BCH,128.76,134.72,127.12,133.08,10118710
2023-12-17,BTC,6171.17,6302.92,5690.38,5822.14,19566774
2023-12-17,DOGE,5082.7,5127.59,4849.06,4893.94,3046595
2023-12-17,ETH,4821.49,4872.09,4692.36,4742.96,7720761
2023-12-17,LINK,1333.97,1380.12,1319.97,1366.11,18748259
2023-12-17,LTC,91.33,100.21,88.98,97.85,1968534
2023-12-17,SOL,287.74,290.92,281.26,284.44,3847869
2023-12-17,XRP,630.9,649.38,582.86,601.35,5374669
2023-12-18,ADA,2313.81,2371.16,2190.76,2248.11,14987731
2023-12-18,AVAX,271.96,275.15,243.88,247.07,4687924
2023-12-18,BCH,133.08,147.06,131.52,145.5,18860080
2023-12-18,BTC,5822.14,5847.08,5717.2,5742.14,19444585
2023-12-18,DOGE,4893.94,4970.3,4765.55,4841.91,17741719
2023-12-18,ETH,4742.96,4755.58,4699.43,4712.06,18114275
2023-12-18,LINK,1366.11,1371.23,1332.78,1337.9,12370793
2023-12-18,LTC,97.85,101.57,97.3,101.02,17436583
2023-12-18,SOL,284.44,289.43,279.29,284.28,7681422
2023-12-18,XRP,601.35,645.4,589.83,633.88,11790184
2023-12-19,ADA,2248.11,2327.37,2018.98,2098.24,14407470
2023-12-19,AVAX,247.07,262.2,244.67,259.8,10215638
2023-12-19,BCH,145.5,150.75,140.55,145.8,12949348
2023-12-19,BTC,5742.14,6430.16,5620.31,6308.34,18734585
2023-12-19,DOGE,4841.91,5020.17,4748.25,4926.5,6885513
2023-12-19,ETH,4712.06,4754.84,4461.52,4504.31,11330149
2023-12-19,LINK,1337.9,1379.98,1262.74,1304.82,8114114
2023-12-19,LTC,101.02,106.74,97.59,103.31,7663723
2023-12-19,SOL,284.28,288.53,277.29,281.55,1896562
2023-12-19,XRP,633.88,682.92,575.51,624.54,10277054
2023-12-20,ADA,2098.24,2185.0,1906.39,1993.15,17835512
2023-12-20,AVAX,259.8,260.26,251.67,252.13,7877965
2023-12-20,BCH,145.8,153.95,143.51,151.66,13186409
2023-12-20,BTC,6308.34,6349.14,6292.78,6333.58,3598004
2023-12-20,DOGE,4926.5,5141.88,4818.96,5034.34,12233705
2023-12-20,ETH,4504.31,4585.42,4467.14,4548.24,5518348
2023-12-20,LINK,1304.82,1331.29,1304.25,1330.72,3622941
2023-12-20,LTC,103.31,108.84,92.17,97.69,12887802
2023-12-20,SOL,281.55,288.05,264.3,270.8,1410726
2023-12-20,XRP,624.54,650.94,581.86,608.26,16069533
2023-12-21,ADA,1993.15,2134.51,1949.9,2091.26,16280321
2023-12-21,AVAX,252.13,271.9,243.4,263.18,6946118
2023-12-21,BCH,151.66,161.36,149.52,159.23,13130862
2023-12-21,BTC,6333.58,6538.82,6239.8,6445.03,5857119
2023-12-21,DOGE,5034.34,5176.91,4991.28,5133.85,12141272
2023-12-21,ETH,4548.24,4749.74,4460.15,4661.64,2453736
2023-12-21,LINK,1330.72,1367.5,1290.69,1327.47,6246644
2023-12-21,LTC,97.69,101.2,89.42,92.93,11126131
2023-12-21,SOL,270.8,286.73,256.64,272.58,1795837
2023-12-21,XRP,608.26,616.24,564.81,572.8,9979648
2023-12-22,ADA,2091.26,2128.08,1984.15,2020.98,16835449
2023-12-22,AVAX,263.18,266.46,246.41,249.69,2245689
2023-12-22,BCH,159.23,168.07,157.15,166.0,16787107
2023-12-22,BTC,6445.03,6598.99,6436.56,6590.52,7411814
2023-12-22,DOGE,5133.85,5376.15,5007.89,5250.19,18395286
2023-12-22,ETH,4661.64,4834.86,4621.82,4795.03,2352630
2023-12-22,LINK,1327.47,1329.68,1307.05,1309.26,16776727
2023-12-22,LTC,92.93,95.71,85.19,87.97,14594297
2023-12-22,SOL,272.58,288.61,265.65,281.68,5107202
2023-12-22,XRP,572.8,602.25,554.91,584.36,2407963
2023-12-23,ADA,2020.98,2041.7,1996.88,2017.61,17715823
2023-12-23,AVAX,249.69,261.07,249.07,260.44,16908668
2023-12-23,BCH,166.0,166.47,165.54,166.01,5011686
2023-12-23,BTC,6590.52,6661.17,6145.7,6216.35,9210492
2023-12-23,DOGE,5250.19,5451.1,5169.69,5370.6,13021604
2023-12-23,ETH,4795.03,4845.56,4682.7,4733.23,18515898
2023-12-23,LINK,1309.26,1329.59,1298.74,1319.07,14019645
2023-12-23,LTC,87.97,100.81,81.46,94.3,8066196
2023-12-23,SOL,281.68,287.85,272.69,278.86,6935201
2023-12-23,XRP,584.36,585.79,566.03,567.46,15855875
2023-12-24,ADA,2017.61,2043.93,1896.01,1922.33,18758881
2023-12-24,AVAX,260.44,268.45,246.81,254.82,15521028
2023-12-24,BCH,166.01,177.67,161.64,173.3,9804887
2023-12-24,BTC,6216.35,6370.73,5834.68,5989.06,15030546
2023-12-24,DOGE,5370.6,5528.3,5341.09,5498.79,15778273
2023-12-24,ETH,4733.23,4738.92,4687.05,4692.74,2545786
2023-12-24,LINK,1319.07,1325.47,1277.36,1283.76,19314124
2023-12-24,LTC,94.3,94.63,91.03,91.36,11036784
2023-12-24,SOL,278.86,286.36,274.55,282.05,6357226
2023-12-24,XRP,567.46,575.32,537.77,545.63,6685567
2023-12-25,ADA,1922.33,2002.5,1738.07,1818.24,13215271
2023-12-25,AVAX,254.82,261.05,248.1,254.33,13941082
2023-12-25,BCH,173.3,177.55,159.23,163.48,19891688
2023-12-25,BTC,5989.06,6219.69,5863.38,6094.01,8571888
2023-12-25,DOGE,5498.79,5566.0,5465.05,5532.26,1054053
2023-12-25,ETH,4692.74,4931.5,4620.48,4859.23,18617292
2023-12-25,LINK,1283.76,1284.02,1281.35,1281.61,18338026
2023-12-25,LTC,91.36,95.89,85.52,90.05,19318654
2023-12-25,SOL,282.05,303.69,281.27,302.91,10719619
2023-12-25,XRP,545.63,545.98,514.54,514.89,19341849
2023-12-26,ADA,1818.24,1891.85,1757.67,1831.28,10473036
2023-12-26,AVAX,254.33,269.12,252.53,267.32,3343310
2023-12-26,BCH,163.48,169.07,160.95,166.54,11066366
2023-12-26,BTC,6094.01,6195.04,6021.65,6122.68,9841246
2023-12-26,DOGE,5532.26,5871.51,5342.02,5681.27,6807293
2023-12-26,ETH,4859.23,4978.45,4803.56,4922.78,16365618
2023-12-26,LINK,1281.61,1339.16,1251.05,1308.6,8594891
2023-12-26,LTC,90.05,90.14,78.41,78.49,18575570
2023-12-26,SOL,302.91,305.1,280.82,283.01,16868981
2023-12-26,XRP,514.89,544.76,510.33,540.21,1215256
2023-12-27,ADA,1831.28,1913.94,1678.94,1761.6,17387086
2023-12-27,AVAX,267.32,267.52,261.07,261.27,15152728
2023-12-27,BCH,166.54,180.26,162.99,176.71,13066148
2023-12-27,BTC,6122.68,6210.0,5715.48,5802.79,9143607
2023-12-27,DOGE,5681.27,5769.23,5317.57,5405.53,4684741
2023-12-27,ETH,4922.78,5125.07,4828.22,5030.51,10311915
2023-12-27,LINK,1308.6,1321.31,1301.17,1313.89,18981461
2023-12-27,LTC,78.49,79.11,76.0,76.62,18521383
2023-12-27,SOL,283.01,308.68,279.29,304.96,8461068
2023-12-27,XRP,540.21,558.55,527.21,545.56,4323248
2023-12-28,ADA,1761.6,1871.97,1731.1,1841.47,9127089
2023-12-28,AVAX,261.27,269.16,242.7,250.59,13403472
2023-12-28,BCH,176.71,178.77,167.62,169.67,17456553
2023-12-28,BTC,5802.79,6008.38,5802.76,6008.34,14203836
2023-12-28,DOGE,5405.53,5679.91,5310.19,5584.58,8571514
2023-12-28,ETH,5030.51,5071.75,4871.69,4912.93,3991807
2023-12-28,LINK,1313.89,1321.19,1256.59,1263.9,12312194
2023-12-28,LTC,76.62,81.72,75.12,80.22,12382054
2023-12-28,SOL,304.96,308.08,301.31,304.43,11753645
2023-12-28,XRP,545.56,561.48,544.79,560.72,9950838
2023-12-29,ADA,1841.47,1947.64,1808.04,1914.21,3964083
2023-12-29,AVAX,250.59,264.51,234.86,248.78,6186978
2023-12-29,BCH,169.67,177.71,168.94,176.98,18013809
2023-12-29,BTC,6008.34,6033.37,5898.53,5923.56,16025494
2023-12-29,DOGE,5584.58,5829.6,5469.25,5714.27,1615663
2023-12-29,ETH,4912.93,4941.14,4697.25,4725.47,14961296
2023-12-29,LINK,1263.9,1287.89,1223.46,1247.45,4977735
2023-12-29,LTC,80.22,81.51,78.64,79.94,14352933
2023-12-29,SOL,304.43,334.22,298.58,328.36,14992280
2023-12-29,XRP,560.72,575.78,558.47,573.53,8547065
2023-12-30,ADA,1914.21,1991.99,1810.18,1887.97,1569606
2023-12-30,AVAX,248.78,251.08,191.43,193.72,10613555
2023-12-30,BCH,176.98,182.89,157.3,163.21,18785316
2023-12-30,BTC,5923.56,6017.33,5580.52,5674.29,10547902
2023-12-30,DOGE,5714.27,5924.73,5633.13,5843.59,4368590
2023-12-30,ETH,4725.47,4833.71,4703.73,4811.97,10743518
2023-12-30,LINK,1247.45,1270.09,1127.01,1149.65,11329341
2023-12-30,LTC,79.94,86.31,79.16,85.53,7080454
2023-12-30,SOL,328.36,330.85,321.8,324.29,2889132
2023-12-30,XRP,573.53,643.35,557.35,627.16,9329493
2023-12-31,ADA,1887.97,1937.72,1734.76,1784.51,9362381
2023-12-31,AVAX,193.72,224.27,177.9,208.45,19696992
2023-12-31,BCH,163.21,175.81,156.54,169.14,18294646
2023-12-31,BTC,5674.29,5718.13,5477.79,5521.63,2292881
2023-12-31,DOGE,5843.59,6033.93,5361.59,5551.93,10982883
2023-12-31,ETH,4811.97,4854.36,4766.6,4808.99,6816257
2023-12-31,LINK,1149.65,1156.09,1116.67,1123.11,17031551
2023-12-31,LTC,85.53,92.33,82.28,89.08,11478325
2023-12-31,SOL,324.29,326.3,309.19,311.2,18244704
2023-12-31,XRP,627.16,633.52,612.17,618.53,4157059
2024-01-01,ADA,1784.51,1813.5,1757.46,1786.44,11132446
2024-01-01,AVAX,208.45,225.18,200.66,217.39,2989847
2024-01-01,BCH,169.14,170.29,163.04,164.19,7271741
2024-01-01,BTC,5521.63,5822.29,5506.06,5806.72,4257422
2024-01-01,DOGE,5551.93,5572.23,5208.09,5228.39,19422008
2024-01-01,ETH,4808.99,4827.79,4704.63,4723.43,1330937
2024-01-01,LINK,1123.11,1157.87,1100.9,1135.66,5076057
2024-01-01,LTC,89.08,99.01,86.23,96.16,10599553
2024-01-01,SOL,311.2,334.2,299.18,322.18,15560269
2024-01-01,XRP,618.53,629.48,580.0,590.96,10025367
2024-01-02,ADA,1786.44,1919.72,1742.2,1875.48,6261127
2024-01-02,AVAX,217.39,222.2,201.08,205.9,5455653
2024-01-02,BCH,164.19,167.84,152.67,156.32,6185065
2024-01-02,BTC,5806.72,6004.01,5704.02,5901.31,2571914
2024-01-02,DOGE,5228.39,5258.1,5145.85,5175.56,17249233
2024-01-02,ETH,4723.43,4818.3,4658.88,4753.75,10441178
2024-01-02,LINK,1135.66,1148.6,1088.78,1101.72,10142203
2024-01-02,LTC,96.16,99.18,93.18,96.2,15707453
2024-01-02,SOL,322.18,345.51,320.18,343.51,15490238
2024-01-02,XRP,590.96,626.83,548.93,584.81,14559241
2024-01-03,ADA,1875.48,1891.84,1751.5,1767.87,11639713
2024-01-03,AVAX,205.9,228.42,204.5,227.01,5339285
2024-01-03,BCH,156.32,167.23,155.13,166.04,16360285
2024-01-03,BTC,5901.31,6561.48,5849.87,6510.04,10857403
2024-01-03,DOGE,5175.56,5227.51,5028.18,5080.13,16277020
2024-01-03,ETH,4753.75,4758.47,4592.41,4597.14,4120550
2024-01-03,LINK,1101.72,1120.94,1043.66,1062.89,10329065
2024-01-03,LTC,96.2,101.98,92.61,98.39,14307005
2024-01-03,SOL,343.51,384.66,333.29,374.44,12113797
2024-01-03,XRP,584.81,599.88,568.11,583.18,8350407
2024-01-04,ADA,1767.87,1800.66,1733.87,1766.66,3810356
2024-01-04,AVAX,227.01,247.62,220.37,240.98,17880160
2024-01-04,BCH,166.04,174.86,165.46,174.28,13130237
2024-01-04,BTC,6510.04,6946.72,6436.76,6873.45,16031667
2024-01-04,DOGE,5080.13,5089.17,4994.69,5003.73,15997688
2024-01-04,ETH,4597.14,4688.7,4539.67,4631.24,11178676
2024-01-04,LINK,1062.89,1076.78,1030.85,1044.74,5713631
2024-01-04,LTC,98.39,103.79,98.32,103.72,2099681
2024-01-04,SOL,374.44,381.41,347.15,354.12,11883215
2024-01-04,XRP,583.18,583.72,574.92,575.46,2363358
2024-01-05,ADA,1766.66,1778.8,1713.99,1726.13,12836655
2024-01-05,AVAX,240.98,248.48,220.83,228.32,2144063
2024-01-05,BCH,174.28,180.06,170.66,176.43,7718451
2024-01-05,BTC,6873.45,7317.62,6681.65,7125.83,8985670
2024-01-05,DOGE,5003.73,5223.61,4908.89,5128.77,3736164
2024-01-05,ETH,4631.24,4639.41,4441.63,4449.8,13693686
2024-01-05,LINK,1044.74,1070.53,996.69,1022.48,8076388
2024-01-05,LTC,103.72,104.66,103.03,103.98,7935636
2024-01-05,SOL,354.12,369.89,352.45,368.23,3121861
2024-01-05,XRP,575.46,585.22,511.81,521.57,18709895
2024-01-06,ADA,1726.13,1765.5,1707.61,1746.98,2239888
2024-01-06,AVAX,228.32,228.59,218.78,219.04,15601685
2024-01-06,BCH,176.43,201.6,159.59,184.75,10944172
2024-01-06,BTC,7125.83,7607.27,6776.65,7258.09,1392466
2024-01-06,DOGE,5128.77,5270.29,4931.97,5073.48,16690322
2024-01-06,ETH,4449.8,4488.19,4202.35,4240.74,18359699
2024-01-06,LINK,1022.48,1040.95,932.73,951.2,7530839
2024-01-06,LTC,103.98,117.46,102.9,116.38,16441667
2024-01-06,SOL,368.23,377.9,312.28,321.95,8118093
2024-01-06,XRP,521.57,541.98,512.28,532.69,2321693
2024-01-07,ADA,1746.98,1755.57,1738.51,1747.09,18676569
2024-01-07,AVAX,219.04,220.69,214.28,215.93,19411440
2024-01-07,BCH,184.75,198.73,177.51,191.49,10539763
2024-01-07,BTC,7258.09,7297.91,6987.49,7027.31,16823643
2024-01-07,DOGE,5073.48,5189.25,4733.57,4849.34,1679235
2024-01-07,ETH,4240.74,4255.53,4096.81,4111.6,15330349
2024-01-07,LINK,951.2,973.47,887.95,910.22,16881757
2024-01-07,LTC,116.38,128.28,114.73,126.63,12687009
2024-01-07,SOL,321.95,333.98,309.26,321.29,8951806
2024-01-07,XRP,532.69,563.74,532.21,563.25,7748686
2024-01-08,ADA,1747.09,1782.5,1683.36,1718.78,11315048
2024-01-08,AVAX,215.93,224.09,199.5,207.66,19193643
2024-01-08,BCH,191.49,192.2,177.38,178.1,10927994
2024-01-08,BTC,7027.31,7185.27,6905.99,7063.94,14096697
2024-01-08,DOGE,4849.34,4916.66,4655.58,4722.89,14275242
2024-01-08,ETH,4111.6,4160.31,4019.03,4067.74,17633243
2024-01-08,LINK,910.22,939.16,852.81,881.75,18893234
2024-01-08,LTC,126.63,130.99,110.65,115.01,6867676
2024-01-08,SOL,321.29,329.19,321.2,329.1,10111008
2024-01-08,XRP,563.25,567.2,548.91,552.85,11959254
2024-01-09,ADA,1718.78,1878.97,1662.09,1822.28,9652567
2024-01-09,AVAX,207.66,209.25,189.77,191.36,8397709
2024-01-09,BCH,178.1,189.4,173.52,184.83,7349290
2024-01-09,BTC,7063.94,7282.26,6767.73,6986.04,7716557
2024-01-09,DOGE,4722.89,4799.1,4607.21,4683.41,10777134
2024-01-09,ETH,4067.74,4102.26,4036.36,4070.87,18873749
2024-01-09,LINK,881.75,945.19,876.82,940.26,19498931
2024-01-09,LTC,115.01,122.62,109.58,117.18,19010573
2024-01-09,SOL,329.1,333.31,320.53,324.74,18182663
2024-01-09,XRP,552.85,610.33,538.22,595.7,9014281
2024-01-10,ADA,1822.28,1935.81,1731.48,1845.0,2683909
2024-01-10,AVAX,191.36,202.47,188.29,199.39,1789875
2024-01-10,BCH,184.83,185.03,184.14,184.34,15042307
2024-01-10,BTC,6986.04,7104.37,6647.87,6766.2,12146874
2024-01-10,DOGE,4683.41,4797.62,4670.32,4784.53,9958640
2024-01-10,ETH,4070.87,4094.53,4031.29,4054.95,17097762
2024-01-10,LINK,940.26,941.77,922.43,923.94,4622708
2024-01-10,LTC,117.18,119.86,116.58,119.25,16487872
2024-01-10,SOL,324.74,337.47,289.83,302.56,19428774
2024-01-10,XRP,595.7,631.29,503.47,539.06,3202937
2024-01-11,ADA,1845.0,1887.38,1760.73,1803.11,18380135
2024-01-11,AVAX,199.39,200.73,187.06,188.39,9924857
2024-01-11,BCH,184.34,186.11,169.99,171.76,18972716
2024-01-11,BTC,6766.2,6770.66,6250.4,6254.85,1239968
2024-01-11,DOGE,4784.53,4871.48,4467.38,4554.33,7698431
2024-01-11,ETH,4054.95,4088.36,3978.39,4011.79,2700340
2024-01-11,LINK,923.94,954.95,922.24,953.25,1220867
2024-01-11,LTC,119.25,120.18,116.98,117.9,15488135
2024-01-11,SOL,302.56,303.42,297.56,298.43,1686568
2024-01-11,XRP,539.06,539.99,537.0,537.94,11203839
2024-01-12,ADA,1803.11,1879.78,1765.0,1841.67,11230314
2024-01-12,AVAX,188.39,191.81,172.46,175.88,11545054
2024-01-12,BCH,171.76,174.26,158.19,160.69,8417196
2024-01-12,BTC,6254.85,6448.74,6189.27,6383.15,10089856
2024-01-12,DOGE,4554.33,4637.69,4388.32,4471.68,15951814
2024-01-12,ETH,4011.79,4232.97,3959.03,4180.21,10269083
2024-01-12,LINK,953.25,966.35,929.9,943.0,12759433
2024-01-12,LTC,117.9,121.93,113.56,117.59,12588615
2024-01-12,SOL,298.43,309.07,286.23,296.87,3744995
2024-01-12,XRP,537.94,555.6,532.83,550.49,14964452
2024-01-13,ADA,1841.67,1930.43,1823.56,1912.32,1507416
2024-01-13,AVAX,175.88,178.11,164.15,166.38,17848189
2024-01-13,BCH,160.69,164.5,146.65,150.46,12591263
2024-01-13,BTC,6383.15,6985.52,6130.31,6732.67,12125464
2024-01-13,DOGE,4471.68,4913.16,4419.35,4860.83,12725188
2024-01-13,ETH,4180.21,4201.57,4175.89,4197.24,10378860
2024-01-13,LINK,943.0,959.19,903.52,919.71,5900886
2024-01-13,LTC,117.59,130.37,111.27,124.05,8124708
2024-01-13,SOL,296.87,297.75,281.39,282.27,6432197
2024-01-13,XRP,550.49,554.45,528.44,532.4,5334613
2024-01-14,ADA,1912.32,2007.35,1905.21,2000.24,2212042
2024-01-14,AVAX,166.38,170.67,153.94,158.23,11203887
2024-01-14,BCH,150.46,151.05,141.31,141.9,10109964
2024-01-14,BTC,6732.67,7024.79,6401.39,6693.51,12963961
2024-01-14,DOGE,4860.83,4921.06,4781.33,4841.57,12535512
2024-01-14,ETH,4197.24,4496.62,4163.54,4462.91,2482876
2024-01-14,LINK,919.71,926.54,892.27,899.1,15218224
2024-01-14,LTC,124.05,125.42,114.85,116.22,19123512
2024-01-14,SOL,282.27,284.48,279.46,281.67,5418759
2024-01-14,XRP,532.4,533.05,509.64,510.29,6681405
2024-01-15,ADA,2000.24,2003.33,1827.01,1830.1,6580668
2024-01-15,AVAX,158.23,159.6,150.81,152.19,8578610
2024-01-15,BCH,141.9,144.76,140.95,143.82,12438952
2024-01-15,BTC,6693.51,6838.06,6019.66,6164.21,10711100
2024-01-15,DOGE,4841.57,4882.55,4813.29,4854.27,12328565
2024-01-15,ETH,4462.91,4632.82,4443.46,4613.36,11304933
2024-01-15,LINK,899.1,905.29,896.86,903.05,19643788
2024-01-15,LTC,116.22,118.58,111.46,113.81,17679826
2024-01-15,SOL,281.67,296.77,257.8,272.9,1843764
2024-01-15,XRP,510.29,522.9,463.75,476.36,1552051
2024-01-16,ADA,1830.1,1861.53,1827.3,1858.74,15204247
2024-01-16,AVAX,152.19,158.71,150.3,156.82,12605167
2024-01-16,BCH,143.82,146.04,132.88,135.1,10270205
2024-01-16,BTC,6164.21,6541.56,6126.9,6504.25,7970023
2024-01-16,DOGE,4854.27,5200.66,4741.43,5087.81,6739711
2024-01-16,ETH,4613.36,4613.94,4488.23,4488.81,9273510
2024-01-16,LINK,903.05,952.27,877.69,926.9,6234415
2024-01-16,LTC,113.81,117.26,109.6,113.04,16260298
2024-01-16,SOL,272.9,279.57,266.75,273.43,17650389
2024-01-16,XRP,476.36,511.27,476.03,510.94,4195607
2024-01-17,ADA,1858.74,1867.88,1786.79,1795.93,18270483
2024-01-17,AVAX,156.82,171.07,151.67,165.92,7792673
2024-01-17,BCH,135.1,137.85,132.34,135.08,11049547
2024-01-17,BTC,6504.25,7086.57,6348.79,6931.11,15927910
2024-01-17,DOGE,5087.81,5163.67,4985.02,5060.87,18376570
2024-01-17,ETH,4488.81,4625.21,4459.28,4595.67,9767347
2024-01-17,LINK,926.9,949.34,901.26,923.69,18010647
2024-01-17,LTC,113.04,119.93,112.1,118.99,8799159
2024-01-17,SOL,273.43,283.7,272.71,282.98,7710949
2024-01-17,XRP,510.94,533.64,498.98,521.67,18580596
2024-01-18,ADA,1795.93,1945.73,1734.15,1883.95,15771359
2024-01-18,AVAX,165.92,182.83,164.02,180.93,7043885
2024-01-18,BCH,135.08,152.96,132.72,150.59,12541578
2024-01-18,BTC,6931.11,7453.68,6588.1,7110.67,15244142
2024-01-18,DOGE,5060.87,5150.46,4618.68,4708.26,5306228
2024-01-18,ETH,4595.67,4678.99,4346.89,4430.2,6827079
2024-01-18,LINK,923.69,954.6,913.59,944.5,19407120
2024-01-18,LTC,118.99,126.82,108.13,115.97,13717527
2024-01-18,SOL,282.98,303.36,276.29,296.67,13479777
2024-01-18,XRP,521.67,528.37,479.32,486.02,11153333
2024-01-19,ADA,1883.95,1982.16,1839.37,1937.59,18624722
2024-01-19,AVAX,180.93,183.47,176.92,179.46,1540730
2024-01-19,BCH,150.59,155.91,147.63,152.94,17020819
2024-01-19,BTC,7110.67,7660.97,7064.45,7614.74,5477154
2024-01-19,DOGE,4708.26,4913.87,4612.6,4818.21,16951307
2024-01-19,ETH,4430.2,4525.7,4381.31,4476.8,9145117
2024-01-19,LINK,944.5,965.09,914.55,935.14,14182133
2024-01-19,LTC,115.97,117.11,112.96,114.11,6991424
2024-01-19,SOL,296.67,300.78,292.85,296.95,2276978
2024-01-19,XRP,486.02,489.29,450.08,453.36,15243250
2024-01-20,ADA,1937.59,1946.6,1905.5,1914.52,3635490
2024-01-20,AVAX,179.46,181.42,178.87,180.83,13605715
2024-01-20,BCH,152.94,154.85,144.68,146.6,16428088
2024-01-20,BTC,7614.74,7981.1,7594.91,7961.27,7852687
2024-01-20,DOGE,4818.21,5126.46,4760.08,5068.33,9120829
2024-01-20,ETH,4476.8,4571.81,4185.01,4280.01,11959388
2024-01-20,LINK,935.14,938.43,887.51,890.8,19104529
2024-01-20,LTC,114.11,121.87,102.65,110.41,9850742
2024-01-20,SOL,296.95,318.81,294.51,316.37,2372503
2024-01-20,XRP,453.36,453.42,425.36,425.43,9733077
2024-01-21,ADA,1914.52,1924.01,1848.82,1858.32,13049940
2024-01-21,AVAX,180.83,194.13,173.14,186.44,3111909
2024-01-21,BCH,146.6,147.61,145.79,146.8,14884887
2024-01-21,BTC,7961.27,8019.28,7724.43,7782.44,2011542
2024-01-21,DOGE,5068.33,5132.55,4955.38,5019.6,10949592
2024-01-21,ETH,4280.01,4429.13,4212.58,4361.7,3889627
2024-01-21,LINK,890.8,910.78,879.65,899.64,10258199
2024-01-21,LTC,110.41,118.71,108.12,116.42,1934164
2024-01-21,SOL,316.37,320.41,296.03,300.07,15286392
2024-01-21,XRP,425.43,435.45,405.91,415.93,14605996
2024-01-22,ADA,1858.32,1859.73,1734.43,1735.85,7914769
2024-01-22,AVAX,186.44,187.59,168.3,169.45,14986212
2024-01-22,BCH,146.8,147.86,146.3,147.35,15200452
2024-01-22,BTC,7782.44,8129.41,7597.48,7944.45,14064056
2024-01-22,DOGE,5019.6,5116.1,4955.93,5052.44,5002834
2024-01-22,ETH,4361.7,4445.04,4214.6,4297.94,19454804
2024-01-22,LINK,899.64,949.7,897.52,947.58,2088641
2024-01-22,LTC,116.42,125.22,107.83,116.63,3937279
2024-01-22,SOL,300.07,319.09,297.15,316.17,6599925
2024-01-22,XRP,415.93,423.14,385.22,392.43,5662624
2024-01-23,ADA,1735.85,1744.0,1731.99,1740.14,6436830
2024-01-23,AVAX,169.45,172.99,169.09,172.63,2063432
2024-01-23,BCH,147.35,153.91,138.71,145.26,5782689
2024-01-23,BTC,7944.45,8168.54,7920.7,8144.8,17070914
2024-01-23,DOGE,5052.44,5245.47,4978.26,5171.3,7987357
2024-01-23,ETH,4297.94,4392.26,4167.14,4261.46,16632427
2024-01-23,LINK,947.58,954.12,908.74,915.28,16258694
2024-01-23,LTC,116.63,130.97,112.3,126.64,1974506
2024-01-23,SOL,316.17,322.94,300.17,306.94,12102593
2024-01-23,XRP,392.43,418.56,389.68,415.81,15560552
2024-01-24,ADA,1740.14,1852.29,1733.63,1845.78,4796491
2024-01-24,AVAX,172.63,175.42,161.29,164.08,2458445
2024-01-24,BCH,145.26,180.93,137.57,173.24,2583012
2024-01-24,BTC,8144.8,8702.9,8053.01,8611.12,15050111
2024-01-24,DOGE,5171.3,5696.8,5019.49,5544.99,15010583
2024-01-24,ETH,4261.46,4461.58,4185.72,4385.84,12233723
2024-01-24,LINK,915.28,920.03,859.67,864.42,6035155
2024-01-24,LTC,126.64,138.5,125.92,137.78,8386070
2024-01-24,SOL,306.94,311.89,264.89,269.84,7723529
2024-01-24,XRP,415.81,475.88,395.45,455.52,8924091
2024-01-25,ADA,1845.78,1891.62,1792.18,1838.02,6349537
2024-01-25,AVAX,164.08,166.88,151.02,153.83,19673060
2024-01-25,BCH,173.24,186.61,165.87,179.25,19819542
2024-01-25,BTC,8611.12,8696.63,8241.31,8326.83,19106272
2024-01-25,DOGE,5544.99,5597.02,5391.65,5443.68,5544967
2024-01-25,ETH,4385.84,4442.52,4369.75,4426.42,15402748
2024-01-25,LINK,864.42,884.92,815.29,835.79,6302308
2024-01-25,LTC,137.78,144.66,135.56,142.44,7635773
2024-01-25,SOL,269.84,277.18,257.26,264.6,18381815
2024-01-25,XRP,455.52,483.21,438.19,465.88,9925144
2024-01-26,ADA,1838.02,1840.4,1798.59,1800.97,2651652
2024-01-26,AVAX,153.83,155.95,144.9,147.02,1492552
2024-01-26,BCH,179.25,183.98,164.27,169.01,6861535
2024-01-26,BTC,8326.83,8334.56,8312.28,8320.01,7532041
2024-01-26,DOGE,5443.68,5457.98,5246.6,5260.91,17391886
2024-01-26,ETH,4426.42,4443.89,4341.28,4358.75,19834448
2024-01-26,LINK,835.79,879.88,827.58,871.67,6246650
2024-01-26,LTC,142.44,145.16,132.79,135.5,15834332
2024-01-26,SOL,264.6,266.46,256.43,258.3,11886408
2024-01-26,XRP,465.88,470.5,463.54,468.16,1730722
2024-01-27,ADA,1800.97,1932.18,1795.72,1926.93,18928043
2024-01-27,AVAX,147.02,159.91,146.76,159.65,15579418
2024-01-27,BCH,169.01,183.44,168.33,182.76,7479643
2024-01-27,BTC,8320.01,8647.16,8282.2,8609.35,2663557
2024-01-27,DOGE,5260.91,5283.58,5057.84,5080.51,7224364
2024-01-27,ETH,4358.75,4373.61,4306.2,4321.06,1812861
2024-01-27,LINK,871.67,871.79,818.8,818.91,2719583
2024-01-27,LTC,135.5,138.8,126.7,130.0,8282771
2024-01-27,SOL,258.3,260.31,254.8,256.81,1377350
2024-01-27,XRP,468.16,487.49,467.15,486.48,9200201
2024-01-28,ADA,1926.93,1936.31,1816.6,1825.98,16707023
2024-01-28,AVAX,159.65,173.49,154.37,168.22,8018819
2024-01-28,BCH,182.76,184.15,179.41,180.81,17663471
2024-01-28,BTC,8609.35,8994.62,8456.75,8842.03,3420501
2024-01-28,DOGE,5080.51,5281.32,5018.82,5219.63,8069790
2024-01-28,ETH,4321.06,4359.78,4071.8,4110.52,18047962
2024-01-28,LINK,818.91,823.48,780.11,784.67,5140997
2024-01-28,LTC,130.0,143.51,127.65,141.15,18735276
2024-01-28,SOL,256.81,257.01,253.79,253.99,7366248
2024-01-28,XRP,486.48,518.91,456.66,489.09,5236298
2024-01-29,ADA,1825.98,1850.36,1805.14,1829.52,15751736
2024-01-29,AVAX,168.22,168.32,150.43,150.53,2175057
2024-01-29,BCH,180.81,181.52,165.51,166.23,18459797
2024-01-29,BTC,8842.03,9133.04,7933.17,8224.19,3034518
2024-01-29,DOGE,5219.63,5316.86,5190.34,5287.57,17297965
2024-01-29,ETH,4110.52,4228.73,4093.74,4211.96,8126056
2024-01-29,LINK,784.67,827.46,766.43,809.22,2273057
2024-01-29,LTC,141.15,141.61,130.07,130.53,18932650
2024-01-29,SOL,253.99,256.87,232.62,235.5,13906578
2024-01-29,XRP,489.09,531.17,477.32,519.4,4927462
2024-01-30,ADA,1829.52,1881.7,1720.63,1772.8,16203682
2024-01-30,AVAX,150.53,153.16,145.48,148.1,13122359
2024-01-30,BCH,166.23,172.38,153.34,159.5,19737686
2024-01-30,BTC,8224.19,8392.14,8184.84,8352.8,12017451
2024-01-30,DOGE,5287.57,5420.08,5282.85,5415.37,6337988
2024-01-30,ETH,4211.96,4332.71,4174.77,4295.53,11340736
2024-01-30,LINK,809.22,821.82,744.41,757.01,8339330
2024-01-30,LTC,130.53,143.09,125.79,138.35,10106746
2024-01-30,SOL,235.5,258.41,222.5,245.41,16312156
2024-01-30,XRP,519.4,538.21,512.41,531.22,3478846
2024-01-31,ADA,1772.8,1778.93,1731.17,1737.29,1681552
2024-01-31,AVAX,148.1,150.16,141.17,143.22,6431975
2024-01-31,BCH,159.5,176.35,158.79,175.65,9356992
2024-01-31,BTC,8352.8,8720.04,8271.99,8639.24,13715160
2024-01-31,DOGE,5415.37,5545.01,5372.59,5502.23,12054258
2024-01-31,ETH,4295.53,4306.32,4073.02,4083.81,17967740
2024-01-31,LINK,757.01,765.3,743.69,751.98,10619625
2024-01-31,LTC,138.35,145.12,126.22,132.99,15358470
2024-01-31,SOL,245.41,245.73,240.25,240.58,11118473
2024-01-31,XRP,531.22,554.79,519.7,543.26,1503301
2024-02-01,ADA,1737.29,1746.89,1684.07,1693.66,4514735
2024-02-01,AVAX,143.22,160.2,140.85,157.83,1640968
2024-02-01,BCH,175.65,193.71,165.88,183.94,5838837
2024-02-01,BTC,8639.24,9095.08,8493.62,8949.46,8963104
2024-02-01,DOGE,5502.23,5611.21,5280.27,5389.25,4466391
2024-02-01,ETH,4083.81,4096.76,4024.73,4037.69,18337136
2024-02-01,LINK,751.98,756.56,711.1,715.69,16508783
2024-02-01,LTC,132.99,136.1,126.95,130.06,11036859
2024-02-01,SOL,240.58,247.3,238.1,244.83,11465275
2024-02-01,XRP,543.26,569.73,500.37,526.84,4571222
2024-02-02,ADA,1693.66,1732.32,1645.64,1684.29,9148967
2024-02-02,AVAX,157.83,159.08,151.86,153.11,8434254
2024-02-02,BCH,183.94,206.62,176.19,198.87,16749095
2024-02-02,BTC,8949.46,9024.81,8476.05,8551.4,15469620
2024-02-02,DOGE,5389.25,5699.16,5197.5,5507.41,8315800
2024-02-02,ETH,4037.69,4110.34,3964.66,4037.32,3749261
2024-02-02,LINK,715.69,756.33,708.84,749.48,14628202
2024-02-02,LTC,130.06,144.76,127.01,141.71,9065743
2024-02-02,SOL,244.83,247.76,236.58,239.51,2887103
2024-02-02,XRP,526.84,542.47,520.75,536.38,18960189
2024-02-03,ADA,1684.29,1716.54,1657.86,1690.11,18415885
2024-02-03,AVAX,153.11,160.51,131.39,138.79,13359130
2024-02-03,BCH,198.87,217.32,192.47,210.91,3778362
2024-02-03,BTC,8551.4,8659.05,8246.19,8353.84,17766912
2024-02-03,DOGE,5507.41,5572.19,5460.45,5525.22,12843242
2024-02-03,ETH,4037.32,4077.52,3853.72,3893.92,6347407
2024-02-03,LINK,749.48,793.63,748.03,792.18,14495965
2024-02-03,LTC,141.71,157.15,135.81,151.25,13187654
2024-02-03,SOL,239.51,247.61,226.43,234.53,17710575
2024-02-03,XRP,536.38,581.52,533.59,578.73,9869988
2024-02-04,ADA,1690.11,1809.43,1670.27,1789.6,2488308
2024-02-04,AVAX,138.79,141.01,127.74,129.96,19032615
2024-02-04,BCH,210.91,216.56,208.47,214.12,10668644
2024-02-04,BTC,8353.84,8480.58,7749.02,7875.76,9517256
2024-02-04,DOGE,5525.22,5545.37,5245.95,5266.09,6091087
2024-02-04,ETH,3893.92,4012.33,3844.9,3963.31,18755340
2024-02-04,LINK,792.18,794.73,773.39,775.95,3816856
2024-02-04,LTC,151.25,154.85,139.04,142.64,2267232
2024-02-04,SOL,234.53,244.37,231.68,241.53,8118223
2024-02-04,XRP,578.73,588.26,563.59,573.13,7636632
2024-02-05,ADA,1789.6,1824.38,1769.64,1804.42,13347297
2024-02-05,AVAX,129.96,131.45,120.56,122.05,13655018
2024-02-05,BCH,214.12,215.08,205.36,206.33,3205778
2024-02-05,BTC,7875.76,8331.27,7729.57,8185.07,17463487
2024-02-05,DOGE,5266.09,5374.06,5097.3,5205.27,8371738
2024-02-05,ETH,3963.31,3985.46,3933.69,3955.85,14995512
2024-02-05,LINK,775.95,802.54,766.11,792.7,18524365
2024-02-05,LTC,142.64,146.18,142.25,145.79,18867295
2024-02-05,SOL,241.53,246.84,232.52,237.83,3558982
2024-02-05,XRP,573.13,584.26,556.05,567.18,3843126
2024-02-06,ADA,1804.42,1825.39,1789.87,1810.84,19904941
2024-02-06,AVAX,122.05,127.47,107.92,113.34,7644616
2024-02-06,BCH,206.33,230.98,204.01,228.66,10828504
2024-02-06,BTC,8185.07,8239.28,7593.6,7647.8,18155007
2024-02-06,DOGE,5205.27,5315.33,4991.83,5101.89,3173373
2024-02-06,ETH,3955.85,4031.62,3948.42,4024.19,10225531
2024-02-06,LINK,792.7,795.78,782.95,786.03,15917029
2024-02-06,LTC,145.79,146.92,139.39,140.52,11580167
2024-02-06,SOL,237.83,247.12,215.71,225.01,18488331
2024-02-06,XRP,567.18,580.74,535.12,548.68,12442521
2024-02-07,ADA,1810.84,1824.03,1687.4,1700.59,15497463
2024-02-07,AVAX,113.34,123.7,111.21,121.57,6546751
2024-02-07,BCH,228.66,237.98,219.81,229.12,6281026
2024-02-07,BTC,7647.8,8013.43,7597.4,7963.03,1550700
2024-02-07,DOGE,5101.89,5186.62,4809.59,4894.32,3360833
2024-02-07,ETH,4024.19,4053.55,3978.4,4007.76,19176196
2024-02-07,LINK,786.03,803.96,775.94,793.86,8772365
2024-02-07,LTC,140.52,141.92,134.8,136.19,18009215
2024-02-07,SOL,225.01,228.72,205.47,209.18,5690268
2024-02-07,XRP,548.68,552.09,533.57,536.99,3433574
2024-02-08,ADA,1700.59,1734.77,1692.27,1726.45,3542040
2024-02-08,AVAX,121.57,129.19,120.41,128.03,2322410
2024-02-08,BCH,229.12,232.2,217.95,221.03,19225355
2024-02-08,BTC,7963.03,8133.27,7575.26,7745.5,11290116
2024-02-08,DOGE,4894.32,4909.21,4824.25,4839.14,8107416
2024-02-08,ETH,4007.76,4104.61,3987.69,4084.54,6492095
2024-02-08,LINK,793.86,799.8,774.46,780.41,15939495
2024-02-08,LTC,136.19,139.71,134.95,138.47,16281186
2024-02-08,SOL,209.18,213.82,184.73,189.38,3449673
2024-02-08,XRP,536.99,582.23,514.43,559.68,16683442
2024-02-09,ADA,1726.45,1835.05,1709.96,1818.56,19301026
2024-02-09,AVAX,128.03,131.15,126.13,129.25,16447871
2024-02-09,BCH,221.03,230.36,220.62,229.94,7524976
2024-02-09,BTC,7745.5,7973.63,6969.64,7197.78,8558557
2024-02-09,DOGE,4839.14,4902.54,4755.05,4818.45,11403781
2024-02-09,ETH,4084.54,4135.87,4062.08,4113.4,10318741
2024-02-09,LINK,780.41,788.58,751.85,760.02,4216417
2024-02-09,LTC,138.47,142.63,127.05,131.21,11910529
2024-02-09,SOL,189.38,201.27,187.45,199.34,19150347
2024-02-09,XRP,559.68,589.19,555.76,585.27,5346352
2024-02-10,ADA,1818.56,1854.71,1758.76,1794.91,2524434
2024-02-10,AVAX,129.25,131.53,118.64,120.92,14142444
2024-02-10,BCH,229.94,244.73,229.01,243.8,19117070
2024-02-10,BTC,7197.78,7217.46,6858.24,6877.93,2639079
2024-02-10,DOGE,4818.45,5142.05,4734.16,5057.76,11164671
2024-02-10,ETH,4113.4,4154.98,3954.32,3995.9,9145712
2024-02-10,LINK,760.02,772.44,724.9,737.32,1134031
2024-02-10,LTC,131.21,140.91,126.14,135.84,13981391
2024-02-10,SOL,199.34,200.94,192.04,193.64,18155557
2024-02-10,XRP,585.27,616.04,583.96,614.72,14248202
2024-02-11,ADA,1794.91,1869.56,1771.63,1846.28,15711535
2024-02-11,AVAX,120.92,128.54,115.8,123.41,1043293
2024-02-11,BCH,243.8,244.83,224.88,225.91,17331623
2024-02-11,BTC,6877.93,6979.98,6353.2,6455.25,14933485
2024-02-11,DOGE,5057.76,5142.11,4961.5,5045.85,14756786
2024-02-11,ETH,3995.9,4179.35,3975.17,4158.62,7149255
2024-02-11,LINK,737.32,787.34,724.12,774.14,11685417
2024-02-11,LTC,135.84,142.68,132.73,139.57,4734835
2024-02-11,SOL,193.64,194.79,181.64,182.79,5062248
2024-02-11,XRP,614.72,627.85,612.3,625.42,1667107
2024-02-12,ADA,1846.28,2060.24,1769.98,1983.94,10022793
2024-02-12,AVAX,123.41,126.09,115.13,117.81,4003120
2024-02-12,BCH,225.91,233.06,214.28,221.43,7774552
2024-02-12,BTC,6455.25,6554.57,6393.18,6492.5,6648173
2024-02-12,DOGE,5045.85,5147.25,4751.62,4853.02,6561914
2024-02-12,ETH,4158.62,4169.3,4109.57,4120.25,19837733
2024-02-12,LINK,774.14,828.9,770.96,825.72,14759852
2024-02-12,LTC,139.57,157.3,135.13,152.86,17691894
2024-02-12,SOL,182.79,189.22,179.14,185.57,5750155
2024-02-12,XRP,625.42,631.21,600.74,606.53,11458083
2024-02-13,ADA,1983.94,2056.4,1922.96,1995.43,13144163
2024-02-13,AVAX,117.81,119.26,109.12,110.58,3311116
2024-02-13,BCH,221.43,229.16,219.22,226.94,15528594
2024-02-13,BTC,6492.5,6566.5,6369.44,6443.44,11978438
2024-02-13,DOGE,4853.02,4864.72,4728.21,4739.91,19833157
2024-02-13,ETH,4120.25,4215.81,4064.54,4160.09,4834592
2024-02-13,LINK,825.72,829.88,805.62,809.77,6080458
2024-02-13,LTC,152.86,153.9,144.44,145.48,16736046
2024-02-13,SOL,185.57,197.51,183.7,195.65,18671268
2024-02-13,XRP,606.53,613.51,589.31,596.29,16013268
2024-02-14,ADA,1995.43,2099.39,1944.44,2048.4,14710096
2024-02-14,AVAX,110.58,116.98,107.51,113.91,9604839
2024-02-14,BCH,226.94,235.55,219.25,227.85,7508542
2024-02-14,BTC,6443.44,6586.69,6396.43,6539.68,15460052
2024-02-14,DOGE,4739.91,4901.77,4696.43,4858.29,12123370
2024-02-14,ETH,4160.09,4191.27,4147.42,4178.6,11069489
2024-02-14,LINK,809.77,826.57,787.24,804.04,16470364
2024-02-14,LTC,145.48,145.95,141.75,142.22,8353995
2024-02-14,SOL,195.65,198.74,178.11,181.19,17204607
2024-02-14,XRP,596.29,604.23,591.42,599.36,3464899
2024-02-15,ADA,2048.4,2069.8,2039.69,2061.1,10401321
2024-02-15,AVAX,113.91,125.58,112.36,124.02,11657078
2024-02-15,BCH,227.85,233.53,221.19,226.87,18700978
2024-02-15,BTC,6539.68,6738.73,5890.55,6089.6,6090010
2024-02-15,DOGE,4858.29,5186.17,4722.61,5050.49,3394385
2024-02-15,ETH,4178.6,4189.29,4127.16,4137.85,19087970
2024-02-15,LINK,804.04,836.02,773.88,805.86,9619192
2024-02-15,LTC,142.22,144.48,136.82,139.08,10232266
2024-02-15,SOL,181.19,196.74,180.07,195.61,6503198
2024-02-15,XRP,599.36,617.79,596.97,615.4,14394262
2024-02-16,ADA,2061.1,2260.2,1992.03,2191.14,19723013
2024-02-16,AVAX,124.02,129.46,111.43,116.87,2359084
2024-02-16,BCH,226.87,231.51,199.11,203.75,7563286
2024-02-16,BTC,6089.6,6713.68,5922.29,6546.37,16653099
2024-02-16,DOGE,5050.49,5313.92,5044.31,5307.74,1858489
2024-02-16,ETH,4137.85,4219.66,4116.98,4198.8,16230517
2024-02-16,LINK,805.86,826.5,754.16,774.8,7699401
2024-02-16,LTC,139.08,141.65,129.9,132.47,10421040
2024-02-16,SOL,195.61,200.66,193.22,198.27,3596146
2024-02-16,XRP,615.4,623.51,603.04,611.15,5302418
2024-02-17,ADA,2191.14,2209.28,2090.75,2108.89,17552514
2024-02-17,AVAX,116.87,119.21,109.46,111.8,18315072
2024-02-17,BCH,203.75,204.36,186.87,187.47,3275362
2024-02-17,BTC,6546.37,6920.97,6517.86,6892.46,7164732
2024-02-17,DOGE,5307.74,5363.85,4868.64,4924.74,5927741
2024-02-17,ETH,4198.8,4385.79,4112.71,4299.7,19561575
2024-02-17,LINK,774.8,777.74,710.94,713.88,6598763
2024-02-17,LTC,132.47,144.81,127.53,139.87,11338794
2024-02-17,SOL,198.27,203.63,181.57,186.93,17377435
2024-02-17,XRP,611.15,629.79,606.99,625.63,15654303
2024-02-18,ADA,2108.89,2136.34,2103.1,2130.55,11910625
2024-02-18,AVAX,111.8,120.88,110.58,119.65,8447328
2024-02-18,BCH,187.47,195.99,179.81,188.32,16518606
2024-02-18,BTC,6892.46,7479.12,6886.13,7472.79,13604538
2024-02-18,DOGE,4924.74,4933.23,4789.87,4798.35,15741654
2024-02-18,ETH,4299.7,4425.41,4289.88,4415.58,18421526
2024-02-18,LINK,713.88,714.49,673.2,673.81,1638767
2024-02-18,LTC,139.87,142.11,139.01,141.25,7590753
2024-02-18,SOL,186.93,187.89,183.95,184.91,4514592
2024-02-18,XRP,625.63,625.68,579.05,579.1,3452725
2024-02-19,ADA,2130.55,2138.4,2099.98,2107.82,17141145
2024-02-19,AVAX,119.65,122.91,119.56,122.82,15638613
2024-02-19,BCH,188.32,201.03,186.06,198.77,14424452
2024-02-19,BTC,7472.79,8031.41,7213.61,7772.23,8802049
2024-02-19,DOGE,4798.35,4923.47,4693.09,4818.21,17754315
2024-02-19,ETH,4415.58,4424.78,4216.4,4225.6,15572463
2024-02-19,LINK,673.81,687.87,664.17,678.23,19066290
2024-02-19,LTC,141.25,155.48,136.99,151.23,3728844
2024-02-19,SOL,184.91,188.38,178.79,182.25,19842220
2024-02-19,XRP,579.1,579.76,560.1,560.76,11441407
2024-02-20,ADA,2107.82,2108.06,1990.84,1991.08,3936987
2024-02-20,AVAX,122.82,124.2,114.01,115.39,5992314
2024-02-20,BCH,198.77,202.03,191.52,194.79,19439951
2024-02-20,BTC,7772.23,7945.56,7679.78,7853.11,16857820
2024-02-20,DOGE,4818.21,5063.38,4788.14,5033.31,1951982
2024-02-20,ETH,4225.6,4427.65,4125.59,4327.63,14867765
2024-02-20,LINK,678.23,713.21,676.18,711.16,2779098
2024-02-20,LTC,151.23,158.08,123.85,130.7,6396342
2024-02-20,SOL,182.25,184.77,172.18,174.7,17026157
2024-02-20,XRP,560.76,592.2,555.93,587.38,9234873
2024-02-21,ADA,1991.08,2059.61,1979.09,2047.62,15204647
2024-02-21,AVAX,115.39,117.0,112.18,113.78,10852458
2024-02-21,BCH,194.79,210.7,189.15,205.07,16147214
2024-02-21,BTC,7853.11,8182.35,7570.69,7899.92,15306325
2024-02-21,DOGE,5033.31,5493.06,4969.5,5429.24,3266792
2024-02-21,ETH,4327.63,4338.53,4247.22,4258.11,17356997
2024-02-21,LINK,711.16,746.96,694.58,730.38,2685074
2024-02-21,LTC,130.7,145.37,125.21,139.88,5273114
2024-02-21,SOL,174.7,181.38,168.76,175.43,3574483
2024-02-21,XRP,587.38,588.41,553.77,554.79,3319599
2024-02-22,ADA,2047.62,2056.78,1987.6,1996.75,16676160
2024-02-22,AVAX,113.78,114.39,111.97,112.57,6284457
2024-02-22,BCH,205.07,209.6,203.55,208.08,3990873
2024-02-22,BTC,7899.92,7924.37,7705.92,7730.37,5627801
2024-02-22,DOGE,5429.24,5538.74,5012.32,5121.82,18786744
2024-02-22,ETH,4258.11,4263.66,4246.15,4251.7,6071401
2024-02-22,LINK,730.38,741.96,690.42,702.0,7408153
2024-02-22,LTC,139.88,143.54,138.01,141.66,1274344
2024-02-22,SOL,175.43,177.96,167.37,169.89,16614456
2024-02-22,XRP,554.79,562.85,539.57,547.62,16051319
2024-02-23,ADA,1996.75,2028.5,1933.57,1965.32,4406637
2024-02-23,AVAX,112.57,115.32,103.05,105.8,17195556
2024-02-23,BCH,208.08,208.13,206.28,206.33,13017909
2024-02-23,BTC,7730.37,7834.27,7602.56,7706.47,11248033
2024-02-23,DOGE,5121.82,5168.52,5048.0,5094.7,12922969
2024-02-23,ETH,4251.7,4331.91,4227.18,4307.39,9928989
2024-02-23,LINK,702.0,722.65,690.73,711.38,4140576
2024-02-23,LTC,141.66,141.74,141.51,141.59,1761271
2024-02-23,SOL,169.89,181.0,161.81,172.92,16987100
2024-02-23,XRP,547.62,548.24,546.89,547.51,19737578
2024-02-24,ADA,1965.32,2103.44,1890.89,2029.01,7347677
2024-02-24,AVAX,105.8,109.88,101.26,105.33,10691576
2024-02-24,BCH,206.33,211.95,197.49,203.11,9954127
2024-02-24,BTC,7706.47,7779.84,7378.88,7452.26,16595984
2024-02-24,DOGE,5094.7,5249.51,5024.7,5179.5,10775137
2024-02-24,ETH,4307.39,4472.16,4197.78,4362.54,10644263
2024-02-24,LINK,711.38,722.34,673.11,684.07,15568775
2024-02-24,LTC,141.59,146.93,126.87,132.21,18488554
2024-02-24,SOL,172.92,173.71,153.81,154.6,5915198
2024-02-24,XRP,547.51,613.65,516.32,582.45,6973006
2024-02-25,ADA,2029.01,2121.64,1978.89,2071.51,6771429
2024-02-25,AVAX,105.33,107.71,96.43,98.81,12014681
2024-02-25,BCH,203.11,206.72,193.72,197.33,3974413
2024-02-25,BTC,7452.26,7745.15,7149.66,7442.55,18269215
2024-02-25,DOGE,5179.5,5196.32,5168.43,5185.25,6479656
2024-02-25,ETH,4362.54,4390.65,4329.13,4357.24,9520491
2024-02-25,LINK,684.07,736.87,670.7,723.5,9865060
2024-02-25,LTC,132.21,137.89,130.65,136.34,17819452
2024-02-25,SOL,154.6,155.29,151.84,152.52,19695669
2024-02-25,XRP,582.45,583.9,535.07,536.52,17637271
2024-02-26,ADA,2071.51,2080.9,2001.21,2010.6,5085918
2024-02-26,AVAX,98.81,103.98,96.95,102.13,18700586
2024-02-26,BCH,197.33,209.21,179.84,191.72,8784781
2024-02-26,BTC,7442.55,7513.84,7420.92,7492.21,14063419
2024-02-26,DOGE,5185.25,5226.35,5158.43,5199.52,3406865
2024-02-26,ETH,4357.24,4428.05,4233.6,4304.4,17364565
2024-02-26,LINK,723.5,725.29,703.25,705.04,13775215
2024-02-26,LTC,136.34,136.36,133.59,133.61,12549652
2024-02-26,SOL,152.52,156.86,149.6,153.93,17106890
2024-02-26,XRP,536.52,562.75,524.16,550.4,9296512
2024-02-27,ADA,2010.6,2062.65,1943.93,1995.99,16051301
2024-02-27,AVAX,102.13,117.35,99.21,114.43,16611062
2024-02-27,BCH,191.72,207.58,187.37,203.23,11673418
2024-02-27,BTC,7492.21,7507.47,7294.0,7309.26,9197394
2024-02-27,DOGE,5199.52,5324.33,5091.86,5216.67,9989278
2024-02-27,ETH,4304.4,4437.72,4268.19,4401.5,8132437
2024-02-27,LINK,705.04,713.6,692.59,701.15,3422197
2024-02-27,LTC,133.61,138.65,130.77,135.81,1147616
2024-02-27,SOL,153.93,155.24,143.64,144.96,12446610
2024-02-27,XRP,550.4,557.39,539.52,546.51,17620806
2024-02-28,ADA,1995.99,2092.99,1944.85,2041.85,3210744
2024-02-28,AVAX,114.43,131.08,106.82,123.46,7669388
2024-02-28,BCH,203.23,206.61,197.57,200.94,7133925
2024-02-28,BTC,7309.26,7538.41,6977.71,7206.86,4308631
2024-02-28,DOGE,5216.67,5356.39,5141.07,5280.79,5734387
2024-02-28,ETH,4401.5,4411.43,4309.47,4319.4,12104732
2024-02-28,LINK,701.15,729.71,684.03,712.58,1506276
2024-02-28,LTC,135.81,141.22,123.16,128.56,5404572
2024-02-28,SOL,144.96,146.84,139.65,141.53,15871092
2024-02-28,XRP,546.51,560.65,514.2,528.33,9602859
2024-02-29,ADA,2041.85,2062.03,1962.58,1982.76,5676432
2024-02-29,AVAX,123.46,123.73,120.02,120.29,14245262
2024-02-29,BCH,200.94,223.09,195.88,218.03,1815395
2024-02-29,BTC,7206.86,7399.41,6746.11,6938.67,12962149
2024-02-29,DOGE,5280.79,5554.55,5244.5,5518.26,14328790
2024-02-29,ETH,4319.4,4546.29,4199.65,4426.54,7777612
2024-02-29,LINK,712.58,721.88,646.98,656.28,1648876
2024-02-29,LTC,128.56,129.1,123.79,124.32,8718426
2024-02-29,SOL,141.53,143.24,136.68,138.38,9138261
2024-02-29,XRP,528.33,529.83,522.07,523.57,5656387
2024-03-01,ADA,1982.76,2138.81,1948.68,2104.73,18504326
2024-03-01,AVAX,120.29,122.48,114.72,116.91,9922940
2024-03-01,BCH,218.03,241.46,209.05,232.48,13543439
2024-03-01,BTC,6938.67,7651.51,6778.7,7491.55,7361513
2024-03-01,DOGE,5518.26,5673.28,5464.29,5619.31,3714849
2024-03-01,ETH,4426.54,4627.72,4406.57,4607.74,18146761
2024-03-01,LINK,656.28,659.96,624.76,628.44,5245501
2024-03-01,LTC,124.32,127.67,117.22,120.57,14627293
2024-03-01,SOL,138.38,139.8,131.02,132.44,16237844
2024-03-01,XRP,523.57,559.4,493.23,529.06,2834894
2024-03-02,ADA,2104.73,2143.05,2034.12,2072.44,16586758
2024-03-02,AVAX,116.91,122.95,114.9,120.94,6054340
2024-03-02,BCH,232.48,235.9,221.56,224.98,16473775
2024-03-02,BTC,7491.55,7775.85,7335.61,7619.92,7806291
2024-03-02,DOGE,5619.31,5871.26,5543.14,5795.1,10157703
2024-03-02,ETH,4607.74,4810.73,4544.32,4747.31,12192524
2024-03-02,LINK,628.44,650.72,616.25,638.54,12709079
2024-03-02,LTC,120.57,127.0,107.78,114.21,16140045
2024-03-02,SOL,132.44,133.81,130.96,132.33,13421021
2024-03-02,XRP,529.06,540.11,474.4,485.45,13708304
2024-03-03,ADA,2072.44,2170.68,1952.29,2050.53,15352578
2024-03-03,AVAX,120.94,138.35,114.36,131.77,19967534
2024-03-03,BCH,224.98,228.73,214.27,218.02,10393357
2024-03-03,BTC,7619.92,7906.81,6822.63,7109.52,1269694
2024-03-03,DOGE,5795.1,5807.66,5762.9,5775.45,6247632
2024-03-03,ETH,4747.31,4794.87,4661.77,4709.34,17735671
2024-03-03,LINK,638.54,649.97,625.62,637.05,18220021
2024-03-03,LTC,114.21,117.43,102.48,105.7,6300119
2024-03-03,SOL,132.33,136.22,129.6,133.49,2046445
2024-03-03,XRP,485.45,487.78,463.96,466.29,5258090
2024-03-04,ADA,2050.53,2056.56,1970.21,1976.25,16821627
2024-03-04,AVAX,131.77,139.31,114.46,122.0,17750962
2024-03-04,BCH,218.02,224.93,214.49,221.4,2181646
2024-03-04,BTC,7109.52,7769.26,6921.18,7580.93,13712290
2024-03-04,DOGE,5775.45,5818.35,5412.7,5455.6,4255133
2024-03-04,ETH,4709.34,4795.07,4686.75,4772.48,15695195
2024-03-04,LINK,637.05,680.05,625.62,668.61,10312770
2024-03-04,LTC,105.7,107.84,104.74,106.88,14804512
2024-03-04,SOL,133.49,137.37,123.49,127.38,6064945
2024-03-04,XRP,466.29,495.39,462.96,492.06,13773404
2024-03-05,ADA,1976.25,2080.21,1902.23,2006.19,8582377
2024-03-05,AVAX,122.0,133.46,116.4,127.86,3888487
2024-03-05,BCH,221.4,223.62,213.35,215.57,17471679
2024-03-05,BTC,7580.93,7740.94,6950.98,7110.99,17341845
2024-03-05,DOGE,5455.6,5468.2,4872.31,4884.91,13408241
2024-03-05,ETH,4772.48,4838.18,4645.4,4711.1,11421111
2024-03-05,LINK,668.61,674.5,634.97,640.85,15008346
2024-03-05,LTC,106.88,112.07,101.89,107.08,6271084
2024-03-05,SOL,127.38,134.93,124.69,132.25,16659245
2024-03-05,XRP,492.06,514.86,485.76,508.56,14302594
2024-03-06,ADA,2006.19,2009.14,1952.11,1955.05,14339813
2024-03-06,AVAX,127.86,131.58,109.04,112.76,15973881
2024-03-06,BCH,215.57,226.26,213.73,224.42,18840755
2024-03-06,BTC,7110.99,7277.03,6546.53,6712.58,18568003
2024-03-06,DOGE,4884.91,4989.93,4831.1,4936.12,6569134
2024-03-06,ETH,4711.1,4905.0,4599.08,4792.98,15279958
2024-03-06,LINK,640.85,641.44,629.82,630.41,4498157
2024-03-06,LTC,107.08,107.42,95.67,96.01,15287670
2024-03-06,SOL,132.25,133.77,131.82,133.34,7267094
2024-03-06,XRP,508.56,509.05,502.99,503.48,12217882
2024-03-07,ADA,1955.05,2006.32,1928.23,1979.49,11386940
2024-03-07,AVAX,112.76,125.63,109.37,122.24,4572770
2024-03-07,BCH,224.42,242.79,222.62,241.0,15214678
2024-03-07,BTC,6712.58,6806.27,6522.62,6616.31,3292910
2024-03-07,DOGE,4936.12,5256.17,4914.53,5234.58,6630586
2024-03-07,ETH,4792.98,4855.1,4606.83,4668.96,3294212
2024-03-07,LINK,630.41,663.84,624.7,658.13,6596834
2024-03-07,LTC,96.01,103.84,92.07,99.9,6713213
2024-03-07,SOL,133.34,142.56,132.98,142.2,13160013
2024-03-07,XRP,503.48,521.05,491.16,508.73,9094936
2024-03-08,ADA,1979.49,2037.56,1951.1,2009.16,6150564
2024-03-08,AVAX,122.24,128.14,121.07,126.97,6873437
2024-03-08,BCH,241.0,241.17,236.04,236.22,3527259
2024-03-08,BTC,6616.31,6801.25,6364.13,6549.07,15652302
2024-03-08,DOGE,5234.58,5310.81,4989.11,5065.34,8164198
2024-03-08,ETH,4668.96,4715.91,4667.18,4714.13,10666878
2024-03-08,LINK,658.13,725.1,644.75,711.72,17273706
2024-03-08,LTC,99.9,112.11,96.44,108.64,19470709
2024-03-08,SOL,142.2,143.63,138.22,139.65,2577086
2024-03-08,XRP,508.73,532.79,506.57,530.64,13899847
2024-03-09,ADA,2009.16,2128.76,1946.96,2066.56,9670469
2024-03-09,AVAX,126.97,128.03,118.96,120.02,8968608
2024-03-09,BCH,236.22,243.25,231.24,238.27,2342213
2024-03-09,BTC,6549.07,6644.64,6289.76,6385.33,7630664
2024-03-09,DOGE,5065.34,5118.05,5049.08,5101.79,3328053
2024-03-09,ETH,4714.13,4773.57,4444.6,4504.04,5292363
2024-03-09,LINK,711.72,759.85,699.53,747.66,14657867
2024-03-09,LTC,108.64,115.76,108.55,115.67,18422564
2024-03-09,SOL,139.65,140.66,130.37,131.38,11726709
2024-03-09,XRP,530.64,536.68,498.17,504.22,15646105
2024-03-10,ADA,2066.56,2145.28,1993.57,2072.3,14292859
2024-03-10,AVAX,120.02,126.57,110.84,117.39,19465691
2024-03-10,BCH,238.27,251.5,228.29,241.52,16683687
2024-03-10,BTC,6385.33,6561.64,5609.18,5785.49,7704544
2024-03-10,DOGE,5101.79,5129.05,5033.66,5060.92,7650327
2024-03-10,ETH,4504.04,4551.03,4488.48,4535.47,3692792
2024-03-10,LINK,747.66,761.02,743.18,756.54,14366077
2024-03-10,LTC,115.67,116.1,106.58,107.01,16006412
2024-03-10,SOL,131.38,134.46,128.18,131.26,9935707
2024-03-10,XRP,504.22,549.1,493.4,538.28,11630949
2024-03-11,ADA,2072.3,2113.72,2066.15,2107.57,8913101
2024-03-11,AVAX,117.39,120.83,114.91,118.35,8112423
2024-03-11,BCH,241.52,242.42,225.54,226.44,6297403
2024-03-11,BTC,5785.49,5867.03,5779.2,5860.74,18046073
2024-03-11,DOGE,5060.92,5070.64,5054.73,5064.46,16407407
2024-03-11,ETH,4535.47,4730.69,4408.38,4603.59,5978914
2024-03-11,LINK,756.54,763.96,744.15,751.57,19858639
2024-03-11,LTC,107.01,108.96,106.71,108.66,6664069
2024-03-11,SOL,131.26,132.78,128.27,129.79,14535579
2024-03-11,XRP,538.28,595.97,514.8,572.48,18827418
2024-03-12,ADA,2107.57,2132.76,2100.8,2125.99,1156710
2024-03-12,AVAX,118.35,121.51,105.3,108.46,4363284
2024-03-12,BCH,226.44,244.04,222.28,239.87,16347489
2024-03-12,BTC,5860.74,5890.83,5697.21,5727.31,4991942
2024-03-12,DOGE,5064.46,5089.64,4773.06,4798.25,17169820
2024-03-12,ETH,4603.59,4785.77,4575.06,4757.25,19543840
2024-03-12,LINK,751.57,822.87,733.69,804.99,16092172
2024-03-12,LTC,108.66,116.19,106.09,113.62,3366632
2024-03-12,SOL,129.79,130.45,118.54,119.2,9182099
2024-03-12,XRP,572.48,602.37,528.87,558.76,17174431
2024-03-13,ADA,2125.99,2138.04,2106.65,2118.7,15564990
2024-03-13,AVAX,108.46,115.51,104.74,111.8,9827939
2024-03-13,BCH,239.87,246.17,231.4,237.7,15250639
2024-03-13,BTC,5727.31,5769.77,5701.24,5743.7,1044746
2024-03-13,DOGE,4798.25,4934.2,4606.2,4742.14,15345182
2024-03-13,ETH,4757.25,5113.33,4686.72,5042.81,17424784
2024-03-13,LINK,804.99,827.1,793.8,815.91,15541507
2024-03-13,LTC,113.62,115.29,108.42,110.09,9945688
2024-03-13,SOL,119.2,121.06,108.95,110.81,4962038
2024-03-13,XRP,558.76,559.34,547.85,548.43,9482494
2024-03-14,ADA,2118.7,2151.44,2058.6,2091.33,19502521
2024-03-14,AVAX,111.8,114.58,103.64,106.42,12946730
2024-03-14,BCH,237.7,246.59,228.2,237.09,14336423
2024-03-14,BTC,5743.7,5850.02,5673.72,5780.04,2135455
2024-03-14,DOGE,4742.14,5046.19,4705.34,5009.39,10729433
2024-03-14,ETH,5042.81,5087.57,4975.21,5019.97,2501540
2024-03-14,LINK,815.91,833.83,813.09,831.01,1537131
2024-03-14,LTC,110.09,135.07,106.68,131.66,5995483
2024-03-14,SOL,110.81,117.25,109.35,115.79,1575119
2024-03-14,XRP,548.43,555.05,542.37,548.99,13200183
2024-03-15,ADA,2091.33,2178.07,2013.22,2099.96,12391272
2024-03-15,AVAX,106.42,107.49,103.19,104.26,11401098
2024-03-15,BCH,237.09,241.22,225.94,230.07,9937038
2024-03-15,BTC,5780.04,5846.96,5398.28,5465.2,19473292
2024-03-15,DOGE,5009.39,5092.57,4778.69,4861.87,17567718
2024-03-15,ETH,5019.97,5307.71,4932.74,5220.48,15539728
2024-03-15,LINK,831.01,856.63,790.83,816.45,17879676
2024-03-15,LTC,131.66,136.4,119.09,123.84,4123982
2024-03-15,SOL,115.79,118.63,104.3,107.14,3758738
2024-03-15,XRP,548.99,599.69,541.83,592.53,13364280
2024-03-16,ADA,2099.96,2309.57,2027.51,2237.12,18804354
2024-03-16,AVAX,104.26,111.24,92.44,99.42,12512808
2024-03-16,BCH,230.07,241.07,228.3,239.3,5211047
2024-03-16,BTC,5465.2,5543.81,4945.99,5024.6,19441383
2024-03-16,DOGE,4861.87,4986.38,4833.71,4958.22,13698820
2024-03-16,ETH,5220.48,5357.39,5195.0,5331.91,17528537
2024-03-16,LINK,816.45,838.2,795.86,817.61,17369707
2024-03-16,LTC,123.84,130.89,111.69,118.75,14866579
2024-03-16,SOL,107.14,118.05,105.43,116.33,3862940
2024-03-16,XRP,592.53,605.86,591.9,605.23,14128422
2024-03-17,ADA,2237.12,2267.39,2144.27,2174.54,10964358
2024-03-17,AVAX,99.42,101.71,98.42,100.71,14601915
2024-03-17,BCH,239.3,247.49,226.23,234.42,9122212
2024-03-17,BTC,5024.6,5047.81,4878.76,4901.97,8937158
2024-03-17,DOGE,4958.22,4975.99,4774.21,4791.98,9256284
2024-03-17,ETH,5331.91,5352.75,5319.77,5340.61,14571770
2024-03-17,LINK,817.61,819.94,787.71,790.04,5814332
2024-03-17,LTC,118.75,120.77,103.6,105.63,8256941
2024-03-17,SOL,116.33,123.68,113.64,120.99,18978308
2024-03-17,XRP,605.23,648.98,593.92,637.68,13728521
2024-03-18,ADA,2174.54,2174.8,2068.72,2068.98,15048211
2024-03-18,AVAX,100.71,101.76,90.65,91.7,15180991
2024-03-18,BCH,234.42,243.1,209.2,217.88,14648825
2024-03-18,BTC,4901.97,5126.55,4813.72,5038.3,2074483
2024-03-18,DOGE,4791.98,4846.6,4739.43,4794.06,19282892
2024-03-18,ETH,5340.61,5446.07,5306.29,5411.75,9111779
2024-03-18,LINK,790.04,841.64,776.65,828.26,17477147
2024-03-18,LTC,105.63,107.29,105.11,106.78,17093495
2024-03-18,SOL,120.99,124.55,111.92,115.49,12330226
2024-03-18,XRP,637.68,646.61,636.84,645.77,16829684
2024-03-19,ADA,2068.98,2082.69,2022.9,2036.6,12730784
2024-03-19,AVAX,91.7,93.08,83.42,84.8,16511534
2024-03-19,BCH,217.88,232.91,213.78,228.81,19764031
2024-03-19,BTC,5038.3,5542.05,4858.45,5362.2,16909857
2024-03-19,DOGE,4794.06,4837.85,4605.89,4649.68,15047280
2024-03-19,ETH,5411.75,5490.16,5116.63,5195.04,8682899
2024-03-19,LINK,828.26,844.39,809.02,825.16,19194884
2024-03-19,LTC,106.78,110.88,105.88,109.99,18728361
2024-03-19,SOL,115.49,131.07,112.78,128.36,5078097
2024-03-19,XRP,645.77,689.39,616.8,660.42,3713110
2024-03-20,ADA,2036.6,2142.74,2019.06,2125.2,4357161
2024-03-20,AVAX,84.8,89.66,80.91,85.77,14458808
2024-03-20,BCH,228.81,233.96,223.03,228.18,4700269
2024-03-20,BTC,5362.2,5676.31,5201.29,5515.39,15230731
2024-03-20,DOGE,4649.68,4746.56,4631.81,4728.69,2214237
2024-03-20,ETH,5195.04,5214.4,4859.28,4878.64,15931842
2024-03-20,LINK,825.16,847.41,790.77,813.02,7119518
2024-03-20,LTC,109.99,110.58,106.73,107.32,11880928
2024-03-20,SOL,128.36,130.73,122.09,124.45,8463367
2024-03-20,XRP,660.42,666.9,648.15,654.64,7328320
2024-03-21,ADA,2125.2,2135.87,2033.51,2044.17,11271425
2024-03-21,AVAX,85.77,87.25,82.67,84.15,19655674
2024-03-21,BCH,228.18,232.31,210.49,214.63,10816015
2024-03-21,BTC,5515.39,5802.24,5461.08,5747.93,3735456
2024-03-21,DOGE,4728.69,4996.26,4607.22,4874.79,4133191
2024-03-21,ETH,4878.64,5140.22,4870.32,5131.9,19951219
2024-03-21,LINK,813.02,825.43,798.85,811.25,5351493
2024-03-21,LTC,107.32,120.1,105.98,118.76,7131803
2024-03-21,SOL,124.45,126.01,115.29,116.85,13971384
2024-03-21,XRP,654.64,685.52,643.66,674.55,1706791
2024-03-22,ADA,2044.17,2127.31,1823.44,1906.58,2431961
2024-03-22,AVAX,84.15,91.32,84.01,91.18,1661548
2024-03-22,BCH,214.63,215.24,210.09,210.71,7007386
2024-03-22,BTC,5747.93,5990.04,5496.71,5738.81,10355387
2024-03-22,DOGE,4874.79,5057.14,4815.04,4997.39,11989620
2024-03-22,ETH,5131.9,5338.62,5104.95,5311.67,15676961
2024-03-22,LINK,811.25,824.99,739.15,752.89,16100710
2024-03-22,LTC,118.76,119.6,109.73,110.57,18272960
2024-03-22,SOL,116.85,119.22,114.91,117.29,14378250
2024-03-22,XRP,674.55,676.53,601.74,603.72,16490490
2024-03-23,ADA,1906.58,2034.2,1896.36,2023.99,3147811
2024-03-23,AVAX,91.18,96.14,90.0,94.96,10921178
2024-03-23,BCH,210.71,214.54,197.03,200.86,15103592
2024-03-23,BTC,5738.81,5814.68,5617.61,5693.48,11244805
2024-03-23,DOGE,4997.39,5061.45,4953.59,5017.65,1161821
2024-03-23,ETH,5311.67,5535.33,5241.22,5464.87,15464875
2024-03-23,LINK,752.89,753.26,740.15,740.52,18315459
2024-03-23,LTC,110.57,114.46,105.24,109.13,6773409
2024-03-23,SOL,117.29,117.31,113.63,113.65,12600224
2024-03-23,XRP,603.72,626.9,600.0,623.18,2746454
