timestamp,ticker,open,high,low,close,volume
2023-05-29 00:00:00+00:00,ADA,2192.76,2216.75,2088.98,2112.97,3014032
2023-05-29 00:00:00+00:00,AVAX,1490.35,1522.49,1447.67,1479.81,6414772
2023-05-29 00:00:00+00:00,BCH,59.79,61.2,54.0,55.4,19817947
2023-05-29 00:00:00+00:00,BTC,4806.17,4836.61,4706.35,4736.79,12529203
2023-05-29 00:00:00+00:00,DOGE,4366.79,4591.36,4204.17,4428.74,6271453
2023-05-29 00:00:00+00:00,ETH,5080.83,5329.73,5050.83,5299.72,1196459
2023-05-29 00:00:00+00:00,LINK,662.72,662.86,642.38,642.52,16327393
2023-05-29 00:00:00+00:00,LTC,599.42,610.58,557.56,568.72,18206895
2023-05-29 00:00:00+00:00,SOL,623.02,634.74,619.14,630.87,9377015
2023-05-29 00:00:00+00:00,XRP,763.08,812.64,742.33,791.89,15827226
2023-05-30 00:00:00+00:00,ADA,2112.97,2270.38,2052.17,2209.58,14524309
2023-05-30 00:00:00+00:00,AVAX,1479.81,1485.42,1391.89,1397.5,15899576
2023-05-30 00:00:00+00:00,BCH,55.4,57.56,54.04,56.2,13550014
2023-05-30 00:00:00+00:00,BTC,4736.79,4816.22,4345.67,4425.1,14664577
2023-05-30 00:00:00+00:00,DOGE,4428.74,4575.42,4318.81,4465.48,12456662
2023-05-30 00:00:00+00:00,ETH,5299.72,5339.51,5199.88,5239.67,4233975
2023-05-30 00:00:00+00:00,LINK,642.52,671.89,625.54,654.92,4989309
2023-05-30 00:00:00+00:00,LTC,568.72,569.08,524.18,524.54,1703616
2023-05-30 00:00:00+00:00,SOL,630.87,638.96,558.54,566.63,19501585
2023-05-30 00:00:00+00:00,XRP,791.89,803.14,749.57,760.83,8195088
2023-05-31 00:00:00+00:00,ADA,2209.58,2392.26,2090.01,2272.69,10311252
2023-05-31 00:00:00+00:00,AVAX,1397.5,1425.92,1317.1,1345.53,10386534
2023-05-31 00:00:00+00:00,BCH,56.2,57.02,54.96,55.78,4678543
2023-05-31 00:00:00+00:00,BTC,4425.1,4631.11,4375.96,4581.97,15835085
2023-05-31 00:00:00+00:00,DOGE,4465.48,4466.74,4304.76,4306.02,14585161
2023-05-31 00:00:00+00:00,ETH,5239.67,5306.53,5101.96,5168.82,9367592
2023-05-31 00:00:00+00:00,LINK,654.92,666.83,649.2,661.11,14132853
2023-05-31 00:00:00+00:00,LTC,524.54,537.17,499.75,512.39,10024417
2023-05-31 00:00:00+00:00,SOL,566.63,571.84,476.87,482.08,8725393
2023-05-31 00:00:00+00:00,XRP,760.83,812.87,747.26,799.29,1163317
2023-06-01 00:00:00+00:00,ADA,2272.69,2295.4,2242.27,2264.98,9794988
2023-06-01 00:00:00+00:00,AVAX,1345.53,1432.76,1297.26,1384.49,18006858
2023-06-01 00:00:00+00:00,BCH,55.78,56.3,53.01,53.53,19001398
2023-06-01 00:00:00+00:00,BTC,4581.97,4768.73,4361.79,4548.55,12590804
2023-06-01 00:00:00+00:00,DOGE,4306.02,4405.99,4012.48,4112.45,8292281
2023-06-01 00:00:00+00:00,ETH,5168.82,5453.77,5076.13,5361.07,10396951
2023-06-01 00:00:00+00:00,LINK,661.11,670.5,641.14,650.53,19281935
2023-06-01 00:00:00+00:00,LTC,512.39,555.29,498.92,541.83,8821663
2023-06-01 00:00:00+00:00,SOL,482.08,495.72,458.31,471.95,18000193
2023-06-01 00:00:00+00:00,XRP,799.29,854.19,798.82,853.71,11224533
2023-06-02 00:00:00+00:00,ADA,2264.98,2269.92,2138.74,2143.67,3516333
2023-06-02 00:00:00+00:00,AVAX,1384.49,1506.7,1351.2,1473.41,6151780
2023-06-02 00:00:00+00:00,BCH,53.53,54.3,52.57,53.35,17337602
2023-06-02 00:00:00+00:00,BTC,4548.55,4702.89,4322.96,4477.29,19169189
2023-06-02 00:00:00+00:00,DOGE,4112.45,4243.19,4110.85,4241.59,19549577
2023-06-02 00:00:00+00:00,ETH,5361.07,5443.95,5297.4,5380.27,11958601
2023-06-02 00:00:00+00:00,LINK,650.53,689.18,631.19,669.84,1713153
2023-06-02 00:00:00+00:00,LTC,541.83,574.43,539.42,572.03,7405608
2023-06-02 00:00:00+00:00,SOL,471.95,492.82,459.93,480.8,6107314
2023-06-02 00:00:00+00:00,XRP,853.71,909.96,769.55,825.8,2570161
2023-06-03 00:00:00+00:00,ADA,2143.67,2195.27,2118.18,2169.78,11225356
2023-06-03 00:00:00+00:00,AVAX,1473.41,1823.6,1401.67,1751.85,1100498
2023-06-03 00:00:00+00:00,BCH,53.35,54.81,50.46,51.92,8803468
2023-06-03 00:00:00+00:00,BTC,4477.29,4498.19,4233.63,4254.53,11896608
2023-06-03 00:00:00+00:00,DOGE,4241.59,4298.98,4159.15,4216.54,19101247
2023-06-03 00:00:00+00:00,ETH,5380.27,5410.28,5221.38,5251.39,9190664
2023-06-03 00:00:00+00:00,LINK,669.84,691.57,657.94,679.67,7150710
2023-06-03 00:00:00+00:00,LTC,572.03,607.45,551.0,586.43,3610786
2023-06-03 00:00:00+00:00,SOL,480.8,488.19,478.8,486.19,3333030
2023-06-03 00:00:00+00:00,XRP,825.8,881.34,823.06,878.59,12882025
2023-06-04 00:00:00+00:00,ADA,2169.78,2210.79,2147.4,2188.41,8391584
2023-06-04 00:00:00+00:00,AVAX,1751.85,1981.47,1668.43,1898.05,12255602
2023-06-04 00:00:00+00:00,BCH,51.92,55.35,51.6,55.03,5152667
2023-06-04 00:00:00+00:00,BTC,4254.53,4540.07,4116.97,4402.5,18442523
2023-06-04 00:00:00+00:00,DOGE,4216.54,4258.92,4142.94,4185.33,8068181
2023-06-04 00:00:00+00:00,ETH,5251.39,5298.75,5096.81,5144.17,6023808
2023-06-04 00:00:00+00:00,LINK,679.67,701.6,633.1,655.04,3547340
2023-06-04 00:00:00+00:00,LTC,586.43,605.35,572.4,591.32,14795435
2023-06-04 00:00:00+00:00,SOL,486.19,489.84,474.28,477.93,11721857
2023-06-04 00:00:00+00:00,XRP,878.59,907.3,864.78,893.48,19114985
2023-06-05 00:00:00+00:00,ADA,2188.41,2202.65,2058.48,2072.71,12559735
2023-06-05 00:00:00+00:00,AVAX,1898.05,1915.98,1820.36,1838.29,11351296
2023-06-05 00:00:00+00:00,BCH,55.03,58.4,54.15,57.52,15326650
2023-06-05 00:00:00+00:00,BTC,4402.5,4641.58,4327.52,4566.59,17678193
2023-06-05 00:00:00+00:00,DOGE,4185.33,4215.93,4102.15,4132.75,4820318
2023-06-05 00:00:00+00:00,ETH,5144.17,5234.52,4940.9,5031.25,8107280
2023-06-05 00:00:00+00:00,LINK,655.04,656.7,654.8,656.46,11709164
2023-06-05 00:00:00+00:00,LTC,591.32,646.88,561.79,617.36,3736786
2023-06-05 00:00:00+00:00,SOL,477.93,478.69,410.64,411.41,13636423
2023-06-05 00:00:00+00:00,XRP,893.48,909.74,872.81,889.07,4861927
2023-06-06 00:00:00+00:00,ADA,2072.71,2090.83,2004.96,2023.09,11426477
2023-06-06 00:00:00+00:00,AVAX,1838.29,1993.74,1761.61,1917.07,5575172
2023-06-06 00:00:00+00:00,BCH,57.52,58.11,56.4,56.99,8678634
2023-06-06 00:00:00+00:00,BTC,4566.59,4649.35,4530.69,4613.45,16016929
2023-06-06 00:00:00+00:00,DOGE,4132.75,4206.4,4050.01,4123.65,9404101
2023-06-06 00:00:00+00:00,ETH,5031.25,5118.69,4873.59,4961.03,4397225
2023-06-06 00:00:00+00:00,LINK,656.46,688.93,640.55,673.03,8099344
2023-06-06 00:00:00+00:00,LTC,617.36,701.35,593.55,677.53,5993093
2023-06-06 00:00:00+00:00,SOL,411.41,448.89,400.91,438.39,13560293
2023-06-06 00:00:00+00:00,XRP,889.07,902.96,819.61,833.49,15335649
2023-06-07 00:00:00+00:00,ADA,2023.09,2113.18,2017.91,2108.0,8857657
2023-06-07 00:00:00+00:00,AVAX,1917.07,1926.52,1898.39,1907.84,7995778
2023-06-07 00:00:00+00:00,BCH,56.99,57.45,52.96,53.41,4404890
2023-06-07 00:00:00+00:00,BTC,4613.45,4853.9,4604.87,4845.32,6584167
2023-06-07 00:00:00+00:00,DOGE,4123.65,4233.66,4075.63,4185.64,15872209
2023-06-07 00:00:00+00:00,ETH,4961.03,4984.98,4923.48,4947.43,8476468
2023-06-07 00:00:00+00:00,LINK,673.03,679.09,661.21,667.27,12319822
2023-06-07 00:00:00+00:00,LTC,677.53,733.98,675.93,732.37,8257476
2023-06-07 00:00:00+00:00,SOL,438.39,463.93,418.67,444.21,2461408
2023-06-07 00:00:00+00:00,XRP,833.49,837.28,777.23,781.01,16550089
2023-06-08 00:00:00+00:00,ADA,2108.0,2199.9,2103.4,2195.3,15460693
2023-06-08 00:00:00+00:00,AVAX,1907.84,2054.6,1518.51,1665.28,3856545
2023-06-08 00:00:00+00:00,BCH,53.41,59.49,51.55,57.62,15813574
2023-06-08 00:00:00+00:00,BTC,4845.32,4998.52,4837.52,4990.71,5356103
2023-06-08 00:00:00+00:00,DOGE,4185.64,4213.61,4169.82,4197.8,12090729
2023-06-08 00:00:00+00:00,ETH,4947.43,5196.92,4831.74,5081.22,19644750
2023-06-08 00:00:00+00:00,LINK,667.27,697.39,643.1,673.21,12168392
2023-06-08 00:00:00+00:00,LTC,732.37,740.66,635.57,643.86,4148591
2023-06-08 00:00:00+00:00,SOL,444.21,454.21,424.01,434.01,13388156
2023-06-08 00:00:00+00:00,XRP,781.01,788.94,702.22,710.14,4470421
2023-06-09 00:00:00+00:00,ADA,2195.3,2261.91,2180.51,2247.12,6230031
2023-06-09 00:00:00+00:00,AVAX,1665.28,1714.27,1618.59,1667.59,17803501
2023-06-09 00:00:00+00:00,BCH,57.62,62.66,57.29,62.33,17085252
2023-06-09 00:00:00+00:00,BTC,4990.71,5174.49,4789.32,4973.1,8794549
2023-06-09 00:00:00+00:00,DOGE,4197.8,4255.57,4038.31,4096.09,14458255
2023-06-09 00:00:00+00:00,ETH,5081.22,5327.01,5030.43,5276.22,1247130
2023-06-09 00:00:00+00:00,LINK,673.21,696.45,650.69,673.93,14783042
2023-06-09 00:00:00+00:00,LTC,643.86,684.08,632.38,672.61,17099888
2023-06-09 00:00:00+00:00,SOL,434.01,445.34,387.89,399.22,19020701
2023-06-09 00:00:00+00:00,XRP,710.14,732.46,653.27,675.59,16098802
2023-06-10 00:00:00+00:00,ADA,2247.12,2248.31,2214.39,2215.58,8594276
2023-06-10 00:00:00+00:00,AVAX,1667.59,1731.5,1430.08,1493.98,14168970
2023-06-10 00:00:00+00:00,BCH,62.33,63.09,61.69,62.46,19731107
2023-06-10 00:00:00+00:00,BTC,4973.1,5253.45,4802.28,5082.63,18567067
2023-06-10 00:00:00+00:00,DOGE,4096.09,4099.63,3984.57,3988.12,18528029
2023-06-10 00:00:00+00:00,ETH,5276.22,5302.88,5173.92,5200.59,8585717
2023-06-10 00:00:00+00:00,LINK,673.93,702.68,666.63,695.38,11154774
2023-06-10 00:00:00+00:00,LTC,672.61,696.4,569.71,593.5,6690778
2023-06-10 00:00:00+00:00,SOL,399.22,403.32,393.64,397.74,9613644
2023-06-10 00:00:00+00:00,XRP,675.59,700.79,674.37,699.56,5009430
2023-06-11 00:00:00+00:00,ADA,2215.58,2403.52,2214.4,2402.35,17369272
2023-06-11 00:00:00+00:00,AVAX,1493.98,1540.51,1413.29,1459.81,16326953
2023-06-11 00:00:00+00:00,BCH,62.46,67.3,60.87,65.71,14740839
2023-06-11 00:00:00+00:00,BTC,5082.63,5384.8,5077.14,5379.3,1068327
2023-06-11 00:00:00+00:00,DOGE,3988.12,4059.82,3981.44,4053.14,1646917
2023-06-11 00:00:00+00:00,ETH,5200.59,5221.14,5115.46,5136.01,7591045
2023-06-11 00:00:00+00:00,LINK,695.38,739.21,686.84,730.67,2529564
2023-06-11 00:00:00+00:00,LTC,593.5,650.78,568.61,625.89,5706247
2023-06-11 00:00:00+00:00,SOL,397.74,406.79,346.13,355.18,2149769
2023-06-11 00:00:00+00:00,XRP,699.56,716.5,682.38,699.32,9813733
2023-06-12 00:00:00+00:00,ADA,2402.35,2505.19,2148.05,2250.88,3826841
2023-06-12 00:00:00+00:00,AVAX,1459.81,1517.89,1438.32,1496.39,16927934
2023-06-12 00:00:00+00:00,BCH,65.71,72.34,64.52,71.14,14033547
2023-06-12 00:00:00+00:00,BTC,5379.3,5423.44,5365.41,5409.55,3695482
2023-06-12 00:00:00+00:00,DOGE,4053.14,4403.54,3955.45,4305.85,12911501
2023-06-12 00:00:00+00:00,ETH,5136.01,5141.61,5057.35,5062.95,14694247
2023-06-12 00:00:00+00:00,LINK,730.67,743.4,722.2,734.93,17183695
2023-06-12 00:00:00+00:00,LTC,625.89,643.23,614.42,631.76,17744342
2023-06-12 00:00:00+00:00,SOL,355.18,358.43,350.51,353.76,2008718
2023-06-12 00:00:00+00:00,XRP,699.32,713.28,655.63,669.6,1598733
2023-06-13 00:00:00+00:00,ADA,2250.88,2292.25,2179.98,2221.35,4733776
2023-06-13 00:00:00+00:00,AVAX,1496.39,1538.04,1355.24,1396.89,2172984
2023-06-13 00:00:00+00:00,BCH,71.14,73.51,65.2,67.57,17693390
2023-06-13 00:00:00+00:00,BTC,5409.55,5715.82,5361.18,5667.44,13479140
2023-06-13 00:00:00+00:00,DOGE,4305.85,4553.94,4245.12,4493.21,19238444
2023-06-13 00:00:00+00:00,ETH,5062.95,5133.8,5042.13,5112.98,3086266
2023-06-13 00:00:00+00:00,LINK,734.93,806.25,692.71,764.04,8215419
2023-06-13 00:00:00+00:00,LTC,631.76,666.96,552.83,588.03,4303404
2023-06-13 00:00:00+00:00,SOL,353.76,355.47,313.24,314.95,16649339
2023-06-13 00:00:00+00:00,XRP,669.6,684.79,647.64,662.83,3560697
2023-06-14 00:00:00+00:00,ADA,2221.35,2393.3,2209.45,2381.4,10356389
2023-06-14 00:00:00+00:00,AVAX,1396.89,1449.69,1281.15,1333.96,8209787
2023-06-14 00:00:00+00:00,BCH,67.57,71.69,66.2,70.33,8317430
2023-06-14 00:00:00+00:00,BTC,5667.44,5812.83,5160.17,5305.56,3301633
2023-06-14 00:00:00+00:00,DOGE,4493.21,4829.96,4341.03,4677.78,16407360
2023-06-14 00:00:00+00:00,ETH,5112.98,5142.42,4981.7,5011.14,4004066
2023-06-14 00:00:00+00:00,LINK,764.04,765.46,715.16,716.58,4447588
2023-06-14 00:00:00+00:00,LTC,588.03,591.57,563.39,566.93,5198496
2023-06-14 00:00:00+00:00,SOL,314.95,335.76,309.21,330.02,3621274
2023-06-14 00:00:00+00:00,XRP,662.83,714.48,631.46,683.11,18149793
2023-06-15 00:00:00+00:00,ADA,2381.4,2576.27,2297.7,2492.57,19796830
2023-06-15 00:00:00+00:00,AVAX,1333.96,1367.27,1244.04,1277.35,6708869
2023-06-15 00:00:00+00:00,BCH,70.33,80.82,69.51,80.0,18247054
2023-06-15 00:00:00+00:00,BTC,5305.56,5426.77,4829.45,4950.66,14674877
2023-06-15 00:00:00+00:00,DOGE,4677.78,4720.23,4418.85,4461.3,3669596
2023-06-15 00:00:00+00:00,ETH,5011.14,5156.55,4947.7,5093.11,3508616
2023-06-15 00:00:00+00:00,LINK,716.58,717.9,697.47,698.79,1116059
2023-06-15 00:00:00+00:00,LTC,566.93,607.29,549.81,590.18,1040408
2023-06-15 00:00:00+00:00,SOL,330.02,352.47,325.24,347.69,17448351
2023-06-15 00:00:00+00:00,XRP,683.11,759.42,672.45,748.76,15501100
2023-06-16 00:00:00+00:00,ADA,2492.57,2519.73,2464.35,2491.51,13455309
2023-06-16 00:00:00+00:00,AVAX,1277.35,1289.91,1183.59,1196.15,5450565
2023-06-16 00:00:00+00:00,BCH,80.0,80.13,74.96,75.09,2178205
2023-06-16 00:00:00+00:00,BTC,4950.66,5080.75,4642.88,4772.98,2309959
2023-06-16 00:00:00+00:00,DOGE,4461.3,4573.92,4359.65,4472.27,10056515
2023-06-16 00:00:00+00:00,ETH,5093.11,5094.88,5023.8,5025.57,10034908
2023-06-16 00:00:00+00:00,LINK,698.79,711.77,689.66,702.64,9341904
2023-06-16 00:00:00+00:00,LTC,590.18,596.18,569.31,575.31,7426691
2023-06-16 00:00:00+00:00,SOL,347.69,350.58,301.63,304.52,14578056
2023-06-16 00:00:00+00:00,XRP,748.76,761.61,697.04,709.89,6155806
2023-06-17 00:00:00+00:00,ADA,2491.51,2517.15,2485.94,2511.57,14399608
2023-06-17 00:00:00+00:00,AVAX,1196.15,1258.66,1147.67,1210.18,3310624
2023-06-17 00:00:00+00:00,BCH,75.09,76.77,73.44,75.11,7114082
2023-06-17 00:00:00+00:00,BTC,4772.98,5029.43,4678.4,4934.85,2376505
2023-06-17 00:00:00+00:00,DOGE,4472.27,4496.14,4224.3,4248.17,16741493
2023-06-17 00:00:00+00:00,ETH,5025.57,5057.05,5006.5,5037.98,4076957
2023-06-17 00:00:00+00:00,LINK,702.64,707.26,678.51,683.13,12381325
2023-06-17 00:00:00+00:00,LTC,575.31,622.73,565.99,613.41,8324391
2023-06-17 00:00:00+00:00,SOL,304.52,328.44,296.6,320.52,8328970
2023-06-17 00:00:00+00:00,XRP,709.89,724.22,702.59,716.92,18049783
2023-06-18 00:00:00+00:00,ADA,2511.57,2674.02,2471.84,2634.29,16657669
2023-06-18 00:00:00+00:00,AVAX,1210.18,1295.61,1164.9,1250.33,11647158
2023-06-18 00:00:00+00:00,BCH,75.11,76.77,73.36,75.02,18271793
2023-06-18 00:00:00+00:00,BTC,4934.85,5144.35,4844.93,5054.43,17570454
2023-06-18 00:00:00+00:00,DOGE,4248.17,4293.87,4154.26,4199.96,16245755
2023-06-18 00:00:00+00:00,ETH,5037.98,5164.24,4874.27,5000.53,3587716
2023-06-18 00:00:00+00:00,LINK,683.13,743.3,653.19,713.36,7010715
2023-06-18 00:00:00+00:00,LTC,613.41,621.85,611.07,619.52,10677481
2023-06-18 00:00:00+00:00,SOL,320.52,343.1,310.5,333.08,15270400
2023-06-18 00:00:00+00:00,XRP,716.92,719.87,704.07,707.02,15824362
2023-06-19 00:00:00+00:00,ADA,2634.29,2645.62,2526.4,2537.73,6273008
2023-06-19 00:00:00+00:00,AVAX,1250.33,1278.79,1201.38,1229.83,18016960
2023-06-19 00:00:00+00:00,BCH,75.02,77.55,64.92,67.45,12448411
2023-06-19 00:00:00+00:00,BTC,5054.43,5070.25,4886.84,4902.66,3790832
2023-06-19 00:00:00+00:00,DOGE,4199.96,4213.16,4036.93,4050.13,6900645
2023-06-19 00:00:00+00:00,ETH,5000.53,5060.61,4924.97,4985.05,10681015
2023-06-19 00:00:00+00:00,LINK,713.36,743.76,703.56,733.96,12870746
2023-06-19 00:00:00+00:00,LTC,619.52,633.53,573.33,587.34,9568421
2023-06-19 00:00:00+00:00,SOL,333.08,387.76,324.15,378.83,9152145
2023-06-19 00:00:00+00:00,XRP,707.02,735.28,670.23,698.49,8369716
2023-06-20 00:00:00+00:00,ADA,2537.73,2552.06,2506.64,2520.98,6901126
2023-06-20 00:00:00+00:00,AVAX,1229.83,1250.98,1171.07,1192.22,12747541
2023-06-20 00:00:00+00:00,BCH,67.45,73.12,63.97,69.64,2197823
2023-06-20 00:00:00+00:00,BTC,4902.66,5052.72,4881.61,5031.67,15422319
2023-06-20 00:00:00+00:00,DOGE,4050.13,4294.51,3982.0,4226.39,5360317
2023-06-20 00:00:00+00:00,ETH,4985.05,5057.75,4841.58,4914.28,9899375
2023-06-20 00:00:00+00:00,LINK,733.96,744.31,723.11,733.46,7099365
2023-06-20 00:00:00+00:00,LTC,587.34,595.06,535.88,543.6,7641229
2023-06-20 00:00:00+00:00,SOL,378.83,409.46,372.46,403.09,3902604
2023-06-20 00:00:00+00:00,XRP,698.49,704.22,683.28,689.01,15976318
2023-06-21 00:00:00+00:00,ADA,2520.98,2602.4,2505.19,2586.61,19878559
2023-06-21 00:00:00+00:00,AVAX,1192.22,1219.53,1169.7,1197.01,14270358
2023-06-21 00:00:00+00:00,BCH,69.64,77.94,66.88,75.18,15636633
2023-06-21 00:00:00+00:00,BTC,5031.67,5240.8,4517.66,4726.79,10137832
2023-06-21 00:00:00+00:00,DOGE,4226.39,4384.53,4115.83,4273.98,11729148
2023-06-21 00:00:00+00:00,ETH,4914.28,4932.84,4840.72,4859.27,1689948
2023-06-21 00:00:00+00:00,LINK,733.46,745.69,731.88,744.11,9912833
2023-06-21 00:00:00+00:00,LTC,543.6,566.46,523.96,546.82,19961188
2023-06-21 00:00:00+00:00,SOL,403.09,420.03,390.53,407.48,1295202
2023-06-21 00:00:00+00:00,XRP,689.01,696.16,680.1,687.25,15111848
2023-06-22 00:00:00+00:00,ADA,2586.61,2588.73,2527.81,2529.92,3949042
2023-06-22 00:00:00+00:00,AVAX,1197.01,1231.35,1067.24,1101.58,10428595
2023-06-22 00:00:00+00:00,BCH,75.18,75.73,71.19,71.74,6268019
2023-06-22 00:00:00+00:00,BTC,4726.79,4773.8,4624.93,4671.94,6799490
2023-06-22 00:00:00+00:00,DOGE,4273.98,4478.79,4157.22,4362.04,8100170
2023-06-22 00:00:00+00:00,ETH,4859.27,5013.45,4779.92,4934.09,3390324
2023-06-22 00:00:00+00:00,LINK,744.11,757.13,709.73,722.75,14822954
2023-06-22 00:00:00+00:00,LTC,546.82,547.27,515.25,515.7,5541609
2023-06-22 00:00:00+00:00,SOL,407.48,450.96,406.71,450.2,15817867
2023-06-22 00:00:00+00:00,XRP,687.25,698.82,666.74,678.31,14245826
2023-06-23 00:00:00+00:00,ADA,2529.92,2551.88,2290.72,2312.68,3505853
2023-06-23 00:00:00+00:00,AVAX,1101.58,1109.58,987.63,995.63,3714435
2023-06-23 00:00:00+00:00,BCH,71.74,75.57,69.75,73.58,3706236
2023-06-23 00:00:00+00:00,BTC,4671.94,4789.64,4599.44,4717.13,3615890
2023-06-23 00:00:00+00:00,DOGE,4362.04,4405.22,4329.85,4373.03,7364403
2023-06-23 00:00:00+00:00,ETH,4934.09,4952.31,4822.63,4840.85,14651759
2023-06-23 00:00:00+00:00,LINK,722.75,724.76,719.13,721.13,5734713
2023-06-23 00:00:00+00:00,LTC,515.7,529.48,508.92,522.7,1685891
2023-06-23 00:00:00+00:00,SOL,450.2,454.2,439.5,443.5,4710064
2023-06-23 00:00:00+00:00,XRP,678.31,681.47,645.15,648.32,17567210
2023-06-24 00:00:00+00:00,ADA,2312.68,2422.24,2269.31,2378.87,15849336
2023-06-24 00:00:00+00:00,AVAX,995.63,1027.6,958.05,990.02,9857488
2023-06-24 00:00:00+00:00,BCH,73.58,73.76,69.24,69.42,7576814
2023-06-24 00:00:00+00:00,BTC,4717.13,4839.02,4493.87,4615.76,19145481
2023-06-24 00:00:00+00:00,DOGE,4373.03,4655.27,4276.43,4558.67,4418975
2023-06-24 00:00:00+00:00,ETH,4840.85,4849.58,4766.14,4774.88,4667315
2023-06-24 00:00:00+00:00,LINK,721.13,774.88,706.92,760.67,19924250
2023-06-24 00:00:00+00:00,LTC,522.7,524.05,453.76,455.11,5844656
2023-06-24 00:00:00+00:00,SOL,443.5,461.62,405.31,423.43,2247870
2023-06-24 00:00:00+00:00,XRP,648.32,665.52,646.59,663.8,9001653
2023-06-25 00:00:00+00:00,ADA,2378.87,2518.96,2317.53,2457.62,10646711
2023-06-25 00:00:00+00:00,AVAX,990.02,1005.03,930.31,945.31,2346900
2023-06-25 00:00:00+00:00,BCH,69.42,69.53,67.23,67.34,15551090
2023-06-25 00:00:00+00:00,BTC,4615.76,4729.12,4601.34,4714.7,13073140
2023-06-25 00:00:00+00:00,DOGE,4558.67,4708.84,4464.83,4615.0,16054814
2023-06-25 00:00:00+00:00,ETH,4774.88,4928.23,4652.96,4806.31,10120075
2023-06-25 00:00:00+00:00,LINK,760.67,765.19,725.04,729.57,2723701
2023-06-25 00:00:00+00:00,LTC,455.11,466.5,430.66,442.04,15420024
2023-06-25 00:00:00+00:00,SOL,423.43,433.13,408.06,417.76,6149565
2023-06-25 00:00:00+00:00,XRP,663.8,682.02,639.68,657.9,18780249
2023-06-26 00:00:00+00:00,ADA,2457.62,2527.01,2353.57,2422.96,13217459
2023-06-26 00:00:00+00:00,AVAX,945.31,952.57,830.6,837.86,12095915
2023-06-26 00:00:00+00:00,BCH,67.34,68.17,63.04,63.87,16436441
2023-06-26 00:00:00+00:00,BTC,4714.7,4802.16,4712.23,4799.7,9593230
2023-06-26 00:00:00+00:00,DOGE,4615.0,4713.75,4284.63,4383.37,8821627
2023-06-26 00:00:00+00:00,ETH,4806.31,4967.77,4787.84,4949.3,3933495
2023-06-26 00:00:00+00:00,LINK,729.57,737.33,704.73,712.49,16614342
2023-06-26 00:00:00+00:00,LTC,442.04,459.75,404.29,421.99,10862439
2023-06-26 00:00:00+00:00,SOL,417.76,423.29,393.67,399.19,6338328
2023-06-26 00:00:00+00:00,XRP,657.9,663.34,651.98,657.42,12708355
2023-06-27 00:00:00+00:00,ADA,2422.96,2468.65,2291.38,2337.07,13951359
2023-06-27 00:00:00+00:00,AVAX,837.86,897.4,790.97,850.51,4026760
2023-06-27 00:00:00+00:00,BCH,63.87,64.38,60.35,60.86,1929844
2023-06-27 00:00:00+00:00,BTC,4799.7,4852.74,4696.18,4749.23,1521700
2023-06-27 00:00:00+00:00,DOGE,4383.37,4422.12,4325.98,4364.73,7957987
2023-06-27 00:00:00+00:00,ETH,4949.3,5139.16,4937.54,5127.4,11935918
2023-06-27 00:00:00+00:00,LINK,712.49,757.41,689.79,734.72,2927816
2023-06-27 00:00:00+00:00,LTC,421.99,452.02,404.36,434.38,17641439
2023-06-27 00:00:00+00:00,SOL,399.19,401.1,397.77,399.68,7513573
2023-06-27 00:00:00+00:00,XRP,657.42,658.76,626.72,628.06,11214483
2023-06-28 00:00:00+00:00,ADA,2337.07,2492.34,2306.84,2462.1,12422646
2023-06-28 00:00:00+00:00,AVAX,850.51,944.53,784.33,878.35,2382912
2023-06-28 00:00:00+00:00,BCH,60.86,61.26,56.52,56.92,18908083
2023-06-28 00:00:00+00:00,BTC,4749.23,4763.56,4612.0,4626.34,16954473
2023-06-28 00:00:00+00:00,DOGE,4364.73,4410.98,4355.23,4401.49,5472338
2023-06-28 00:00:00+00:00,ETH,5127.4,5149.46,4965.87,4987.93,5982453
2023-06-28 00:00:00+00:00,LINK,734.72,744.31,733.1,742.69,15647320
2023-06-28 00:00:00+00:00,LTC,434.38,453.05,396.33,415.01,1561737
2023-06-28 00:00:00+00:00,SOL,399.68,404.77,384.28,389.37,19123623
2023-06-28 00:00:00+00:00,XRP,628.06,637.69,628.04,637.66,18041453
2023-06-29 00:00:00+00:00,ADA,2462.1,2506.92,2406.5,2451.32,4302976
2023-06-29 00:00:00+00:00,AVAX,878.35,934.69,866.74,923.08,1064324
2023-06-29 00:00:00+00:00,BCH,56.92,61.93,55.73,60.73,10590172
2023-06-29 00:00:00+00:00,BTC,4626.34,4816.46,4482.72,4672.85,13497490
2023-06-29 00:00:00+00:00,DOGE,4401.49,4504.11,4387.0,4489.62,5451699
2023-06-29 00:00:00+00:00,ETH,4987.93,5041.35,4978.25,5031.67,1523119
2023-06-29 00:00:00+00:00,LINK,742.69,766.0,727.82,751.13,4535843
2023-06-29 00:00:00+00:00,LTC,415.01,451.26,413.6,449.85,7735209
2023-06-29 00:00:00+00:00,SOL,389.37,400.3,334.8,345.72,12042721
2023-06-29 00:00:00+00:00,XRP,637.66,668.12,632.99,663.45,1037292
2023-06-30 00:00:00+00:00,ADA,2451.32,2484.49,2422.08,2455.25,13952268
2023-06-30 00:00:00+00:00,AVAX,923.08,987.38,860.66,924.96,3730345
2023-06-30 00:00:00+00:00,BCH,60.73,62.76,56.9,58.92,11595186
2023-06-30 00:00:00+00:00,BTC,4672.85,4721.7,4646.09,4694.94,13352540
2023-06-30 00:00:00+00:00,DOGE,4489.62,4670.18,4489.0,4669.56,16961719
2023-06-30 00:00:00+00:00,ETH,5031.67,5127.17,4959.46,5054.96,19670818
2023-06-30 00:00:00+00:00,LINK,751.13,754.83,699.44,703.14,7477014
2023-06-30 00:00:00+00:00,LTC,449.85,458.9,398.33,407.39,2097762
2023-06-30 00:00:00+00:00,SOL,345.72,359.5,344.28,358.06,9765531
2023-06-30 00:00:00+00:00,XRP,663.45,695.04,661.29,692.87,9779007
2023-07-01 00:00:00+00:00,ADA,2455.25,2501.85,2373.01,2419.61,17284246
2023-07-01 00:00:00+00:00,AVAX,924.96,989.46,883.73,948.23,16800253
2023-07-01 00:00:00+00:00,BCH,58.92,59.68,51.76,52.52,13465732
2023-07-01 00:00:00+00:00,BTC,4694.94,4930.36,4649.8,4885.21,2010969
2023-07-01 00:00:00+00:00,DOGE,4669.56,4734.8,4557.88,4623.12,13606418
2023-07-01 00:00:00+00:00,ETH,5054.96,5218.08,5033.5,5196.62,11669108
2023-07-01 00:00:00+00:00,LINK,703.14,756.29,690.21,743.35,9279474
2023-07-01 00:00:00+00:00,LTC,407.39,416.38,393.96,402.96,19775447
2023-07-01 00:00:00+00:00,SOL,358.06,393.82,345.64,381.39,12375247
2023-07-01 00:00:00+00:00,XRP,692.87,703.86,686.97,697.96,9191865
2023-07-02 00:00:00+00:00,ADA,2419.61,2461.63,2197.02,2239.04,11748236
2023-07-02 00:00:00+00:00,AVAX,948.23,995.45,837.77,884.99,4009999
2023-07-02 00:00:00+00:00,BCH,52.52,52.74,50.83,51.05,4022506
2023-07-02 00:00:00+00:00,BTC,4885.21,5329.48,4764.24,5208.5,6167092
2023-07-02 00:00:00+00:00,DOGE,4623.12,4652.32,4602.4,4631.6,18920180
2023-07-02 00:00:00+00:00,ETH,5196.62,5405.2,5089.03,5297.62,7573670
2023-07-02 00:00:00+00:00,LINK,743.35,746.56,735.25,738.46,1331319
2023-07-02 00:00:00+00:00,LTC,402.96,415.29,365.03,377.36,3773327
2023-07-02 00:00:00+00:00,SOL,381.39,420.03,366.21,404.85,15858342
2023-07-02 00:00:00+00:00,XRP,697.96,716.92,691.52,710.47,5754671
2023-07-03 00:00:00+00:00,ADA,2239.04,2360.62,2219.11,2340.7,2666375
2023-07-03 00:00:00+00:00,AVAX,884.99,896.1,792.83,803.94,9930402
2023-07-03 00:00:00+00:00,BCH,51.05,51.34,50.93,51.21,8032154
2023-07-03 00:00:00+00:00,BTC,5208.5,5367.5,4844.17,5003.17,18900392
2023-07-03 00:00:00+00:00,DOGE,4631.6,4877.09,4485.47,4730.97,4970019
2023-07-03 00:00:00+00:00,ETH,5297.62,5596.49,5163.32,5462.19,19163451
2023-07-03 00:00:00+00:00,LINK,738.46,778.91,728.99,769.44,6979951
2023-07-03 00:00:00+00:00,LTC,377.36,382.65,361.95,367.24,17315033
2023-07-03 00:00:00+00:00,SOL,404.85,441.78,401.75,438.68,7528078
2023-07-03 00:00:00+00:00,XRP,710.47,786.69,699.71,775.92,3618316
2023-07-04 00:00:00+00:00,ADA,2340.7,2382.7,2165.98,2207.98,14379485
2023-07-04 00:00:00+00:00,AVAX,803.94,821.34,745.14,762.54,10489908
2023-07-04 00:00:00+00:00,BCH,51.21,52.25,48.66,49.71,10037629
2023-07-04 00:00:00+00:00,BTC,5003.17,5141.48,4680.33,4818.63,5405466
2023-07-04 00:00:00+00:00,DOGE,4730.97,4831.18,4688.64,4788.85,15695141
2023-07-04 00:00:00+00:00,ETH,5462.19,5630.67,5456.42,5624.91,9781701
2023-07-04 00:00:00+00:00,LINK,769.44,796.04,758.4,785.0,16084147
2023-07-04 00:00:00+00:00,LTC,367.24,367.81,351.03,351.6,9454590
2023-07-04 00:00:00+00:00,SOL,438.68,453.23,437.77,452.31,17403604
2023-07-04 00:00:00+00:00,XRP,775.92,867.15,758.78,850.0,12836548
2023-07-05 00:00:00+00:00,ADA,2207.98,2290.81,2168.63,2251.46,12021331
2023-07-05 00:00:00+00:00,AVAX,762.54,780.02,696.77,714.26,1014370
2023-07-05 00:00:00+00:00,BCH,49.71,50.73,45.55,46.58,19194527
2023-07-05 00:00:00+00:00,BTC,4818.63,4995.8,4683.28,4860.45,11915364
2023-07-05 00:00:00+00:00,DOGE,4788.85,5097.9,4738.93,5047.97,4839039
2023-07-05 00:00:00+00:00,ETH,5624.91,5752.03,5474.98,5602.1,2661087
2023-07-05 00:00:00+00:00,LINK,785.0,794.18,752.51,761.69,3902778
2023-07-05 00:00:00+00:00,LTC,351.6,368.05,349.22,365.67,16687595
2023-07-05 00:00:00+00:00,SOL,452.31,479.65,421.24,448.58,16295071
2023-07-05 00:00:00+00:00,XRP,850.0,931.26,843.13,924.38,5689832
2023-07-06 00:00:00+00:00,ADA,2251.46,2282.21,2167.79,2198.54,18966167
2023-07-06 00:00:00+00:00,AVAX,714.26,717.79,689.88,693.41,3785649
2023-07-06 00:00:00+00:00,BCH,46.58,47.97,46.49,47.88,9886521
2023-07-06 00:00:00+00:00,BTC,4860.45,4889.66,4675.22,4704.44,18115678
2023-07-06 00:00:00+00:00,DOGE,5047.97,5144.46,5028.19,5124.68,4738100
2023-07-06 00:00:00+00:00,ETH,5602.1,5625.23,5579.43,5602.56,18211627
2023-07-06 00:00:00+00:00,LINK,761.69,778.68,714.9,731.9,10011535
2023-07-06 00:00:00+00:00,LTC,365.67,396.41,350.24,380.98,8832674
2023-07-06 00:00:00+00:00,SOL,448.58,463.45,410.05,424.92,1985869
2023-07-06 00:00:00+00:00,XRP,924.38,943.15,894.7,913.47,9949276
2023-07-07 00:00:00+00:00,ADA,2198.54,2311.13,2174.74,2287.33,18275045
2023-07-07 00:00:00+00:00,AVAX,693.41,701.86,689.13,697.57,6004113
2023-07-07 00:00:00+00:00,BCH,47.88,48.27,46.8,47.19,19138477
2023-07-07 00:00:00+00:00,BTC,4704.44,4858.37,4272.58,4426.51,13214451
2023-07-07 00:00:00+00:00,DOGE,5124.68,5317.71,5046.24,5239.26,2967627
2023-07-07 00:00:00+00:00,ETH,5602.56,5669.31,5576.42,5643.16,4013564
2023-07-07 00:00:00+00:00,LINK,731.9,752.25,721.7,742.05,8921066
2023-07-07 00:00:00+00:00,LTC,380.98,385.16,362.56,366.74,7746736
2023-07-07 00:00:00+00:00,SOL,424.92,426.81,412.9,414.79,14585397
2023-07-07 00:00:00+00:00,XRP,913.47,938.56,835.64,860.74,15160139
2023-07-08 00:00:00+00:00,ADA,2287.33,2315.71,2224.23,2252.62,9872598
2023-07-08 00:00:00+00:00,AVAX,697.57,703.38,625.65,631.46,3338226
2023-07-08 00:00:00+00:00,BCH,47.19,47.91,46.23,46.95,5699435
2023-07-08 00:00:00+00:00,BTC,4426.51,4544.83,4256.9,4375.22,8715660
2023-07-08 00:00:00+00:00,DOGE,5239.26,5321.79,5060.71,5143.24,10231628
2023-07-08 00:00:00+00:00,ETH,5643.16,5657.71,5618.33,5632.88,5078668
2023-07-08 00:00:00+00:00,LINK,742.05,803.65,713.98,775.58,13150574
2023-07-08 00:00:00+00:00,LTC,366.74,380.93,329.48,343.66,18373299
2023-07-08 00:00:00+00:00,SOL,414.79,444.66,412.93,442.8,9524978
2023-07-08 00:00:00+00:00,XRP,860.74,866.79,840.35,846.4,17772166
2023-07-09 00:00:00+00:00,ADA,2252.62,2402.2,2227.55,2377.13,6009297
2023-07-09 00:00:00+00:00,AVAX,631.46,662.29,612.34,643.17,16231975
2023-07-09 00:00:00+00:00,BCH,46.95,54.54,44.64,52.24,12746050
2023-07-09 00:00:00+00:00,BTC,4375.22,4430.3,4278.37,4333.45,4887860
2023-07-09 00:00:00+00:00,DOGE,5143.24,5276.26,4782.4,4915.42,4431638
2023-07-09 00:00:00+00:00,ETH,5632.88,5784.0,5592.31,5743.43,10788260
2023-07-09 00:00:00+00:00,LINK,775.58,801.13,760.53,786.08,18349985
2023-07-09 00:00:00+00:00,LTC,343.66,352.15,337.02,345.51,2010698
2023-07-09 00:00:00+00:00,SOL,442.8,443.44,436.9,437.54,9389167
2023-07-09 00:00:00+00:00,XRP,846.4,880.35,805.9,839.86,12971775
2023-07-10 00:00:00+00:00,ADA,2377.13,2390.71,2342.85,2356.42,2881092
2023-07-10 00:00:00+00:00,AVAX,643.17,667.62,633.29,657.74,14836562
2023-07-10 00:00:00+00:00,BCH,52.24,52.98,51.29,52.03,8325924
2023-07-10 00:00:00+00:00,BTC,4333.45,4432.48,4097.33,4196.37,17606400
2023-07-10 00:00:00+00:00,DOGE,4915.42,5001.25,4688.73,4774.56,2987718
2023-07-10 00:00:00+00:00,ETH,5743.43,5798.49,5562.41,5617.47,4278093
2023-07-10 00:00:00+00:00,LINK,786.08,847.17,781.58,842.66,5623917
2023-07-10 00:00:00+00:00,LTC,345.51,353.92,326.93,335.34,19050828
2023-07-10 00:00:00+00:00,SOL,437.54,474.54,435.52,472.51,11387363
2023-07-10 00:00:00+00:00,XRP,839.86,856.13,810.73,827.01,5691587
2023-07-11 00:00:00+00:00,ADA,2356.42,2459.34,2204.52,2307.43,1463118
2023-07-11 00:00:00+00:00,AVAX,657.74,664.59,639.58,646.42,9118756
2023-07-11 00:00:00+00:00,BCH,52.03,52.42,47.74,48.14,9473334
2023-07-11 00:00:00+00:00,BTC,4196.37,4238.28,4186.24,4228.14,17577558
2023-07-11 00:00:00+00:00,DOGE,4774.56,4848.51,4698.75,4772.7,1077360
2023-07-11 00:00:00+00:00,ETH,5617.47,5676.7,5374.63,5433.86,13151440
2023-07-11 00:00:00+00:00,LINK,842.66,915.71,835.25,908.3,17248636
2023-07-11 00:00:00+00:00,LTC,335.34,336.12,326.76,327.54,19435485
2023-07-11 00:00:00+00:00,SOL,472.51,514.78,468.1,510.37,9996317
2023-07-11 00:00:00+00:00,XRP,827.01,870.08,773.07,816.14,17481607
2023-07-12 00:00:00+00:00,ADA,2307.43,2338.5,2217.11,2248.17,16511599
2023-07-12 00:00:00+00:00,AVAX,646.42,676.12,616.98,646.68,15059899
2023-07-12 00:00:00+00:00,BCH,48.14,48.42,44.3,44.58,13995727
2023-07-12 00:00:00+00:00,BTC,4228.14,4347.41,4177.95,4297.21,19732861
2023-07-12 00:00:00+00:00,DOGE,4772.7,4809.03,4590.27,4626.61,18301306
2023-07-12 00:00:00+00:00,ETH,5433.86,5491.45,5174.21,5231.79,7014005
2023-07-12 00:00:00+00:00,LINK,908.3,948.49,898.32,938.5,16385947
2023-07-12 00:00:00+00:00,LTC,327.54,340.67,303.89,317.02,7325529
2023-07-12 00:00:00+00:00,SOL,510.37,511.61,477.94,479.19,9441046
2023-07-12 00:00:00+00:00,XRP,816.14,834.4,811.45,829.71,8388598
2023-07-13 00:00:00+00:00,ADA,2248.17,2502.9,2218.58,2473.31,6817819
2023-07-13 00:00:00+00:00,AVAX,646.68,701.22,643.73,698.27,2334648
2023-07-13 00:00:00+00:00,BCH,44.58,48.78,44.16,48.36,13884133
2023-07-13 00:00:00+00:00,BTC,4297.21,4391.97,4281.99,4376.74,18816429
2023-07-13 00:00:00+00:00,DOGE,4626.61,4697.76,4595.75,4666.91,7797292
2023-07-13 00:00:00+00:00,ETH,5231.79,5348.93,5208.55,5325.69,11481371
2023-07-13 00:00:00+00:00,LINK,938.5,982.3,910.46,954.25,8532076
2023-07-13 00:00:00+00:00,LTC,317.02,343.06,299.22,325.25,2019789
2023-07-13 00:00:00+00:00,SOL,479.19,485.45,458.72,464.98,7029279
2023-07-13 00:00:00+00:00,XRP,829.71,845.22,776.13,791.64,6988429
2023-07-14 00:00:00+00:00,ADA,2473.31,2509.87,2459.44,2496.0,16106530
2023-07-14 00:00:00+00:00,AVAX,698.27,717.22,666.78,685.74,3812073
2023-07-14 00:00:00+00:00,BCH,48.36,51.16,47.92,50.72,2043790
2023-07-14 00:00:00+00:00,BTC,4376.74,4391.44,4284.75,4299.45,1291963
2023-07-14 00:00:00+00:00,DOGE,4666.91,4846.33,4600.35,4779.78,11825782
2023-07-14 00:00:00+00:00,ETH,5325.69,5562.79,5287.73,5524.83,14839465
2023-07-14 00:00:00+00:00,LINK,954.25,1024.81,954.25,1024.81,12826119
2023-07-14 00:00:00+00:00,LTC,325.25,354.64,306.79,336.17,17609139
2023-07-14 00:00:00+00:00,SOL,464.98,480.3,432.61,447.93,18385936
2023-07-14 00:00:00+00:00,XRP,791.64,802.73,770.45,781.54,1892263
2023-07-15 00:00:00+00:00,ADA,2496.0,2643.26,2413.32,2560.58,6920555
2023-07-15 00:00:00+00:00,AVAX,685.74,694.44,659.72,668.43,5810927
2023-07-15 00:00:00+00:00,BCH,50.72,50.76,47.69,47.73,3767968
2023-07-15 00:00:00+00:00,BTC,4299.45,4362.35,4062.75,4125.65,8619530
2023-07-15 00:00:00+00:00,DOGE,4779.78,4993.45,4710.24,4923.92,15448467
2023-07-15 00:00:00+00:00,ETH,5524.83,5956.88,5424.89,5856.94,18709108
2023-07-15 00:00:00+00:00,LINK,1024.81,1048.72,1002.16,1026.06,8174534
2023-07-15 00:00:00+00:00,LTC,336.17,336.84,321.95,322.62,18664226
2023-07-15 00:00:00+00:00,SOL,447.93,477.05,431.83,460.94,3538863
2023-07-15 00:00:00+00:00,XRP,781.54,800.88,731.54,750.89,14529078
2023-07-16 00:00:00+00:00,ADA,2560.58,2830.86,2510.29,2780.58,2054747
2023-07-16 00:00:00+00:00,AVAX,668.43,695.18,639.85,666.61,19504461
2023-07-16 00:00:00+00:00,BCH,47.73,49.51,44.25,46.03,4049340
2023-07-16 00:00:00+00:00,BTC,4125.65,4347.76,4124.51,4346.62,12460249
2023-07-16 00:00:00+00:00,DOGE,4923.92,5155.58,4863.76,5095.42,14177478
2023-07-16 00:00:00+00:00,ETH,5856.94,5869.57,5743.11,5755.74,19395638
2023-07-16 00:00:00+00:00,LINK,1026.06,1047.8,1021.55,1043.29,15423502
2023-07-16 00:00:00+00:00,LTC,322.62,353.93,303.73,335.05,7431061
2023-07-16 00:00:00+00:00,SOL,460.94,482.94,438.2,460.19,16403157
2023-07-16 00:00:00+00:00,XRP,750.89,759.28,721.65,730.04,17255431
2023-07-17 00:00:00+00:00,ADA,2780.58,2845.82,2552.39,2617.63,19011165
2023-07-17 00:00:00+00:00,AVAX,666.61,675.04,603.82,612.26,4273838
2023-07-17 00:00:00+00:00,BCH,46.03,48.88,43.62,46.47,17812126
2023-07-17 00:00:00+00:00,BTC,4346.62,4566.86,4255.38,4475.62,14232685
2023-07-17 00:00:00+00:00,DOGE,5095.42,5253.78,5047.85,5206.2,18480123
2023-07-17 00:00:00+00:00,ETH,5755.74,5973.39,5728.44,5946.09,17429776
2023-07-17 00:00:00+00:00,LINK,1043.29,1119.9,1001.03,1077.64,1870437
2023-07-17 00:00:00+00:00,LTC,335.05,347.17,313.24,325.36,1461607
2023-07-17 00:00:00+00:00,SOL,460.19,483.55,459.95,483.3,17217945
2023-07-17 00:00:00+00:00,XRP,730.04,733.36,722.14,725.46,3952734
2023-07-18 00:00:00+00:00,ADA,2617.63,2622.72,2377.19,2382.28,7288434
2023-07-18 00:00:00+00:00,AVAX,612.26,613.98,544.06,545.78,17742047
2023-07-18 00:00:00+00:00,BCH,46.47,46.7,46.27,46.5,12302305
2023-07-18 00:00:00+00:00,BTC,4475.62,4555.54,4342.5,4422.42,15774500
2023-07-18 00:00:00+00:00,DOGE,5206.2,5208.53,4907.38,4909.71,2787473
2023-07-18 00:00:00+00:00,ETH,5946.09,5982.71,5943.87,5980.48,7584648
2023-07-18 00:00:00+00:00,LINK,1077.64,1090.94,1073.55,1086.85,7082834
2023-07-18 00:00:00+00:00,LTC,325.36,326.67,324.18,325.49,13443472
2023-07-18 00:00:00+00:00,SOL,483.3,495.41,474.34,486.45,8619754
2023-07-18 00:00:00+00:00,XRP,725.46,732.14,695.03,701.71,2804956
2023-07-19 00:00:00+00:00,ADA,2382.28,2467.71,2180.09,2265.52,18628012
2023-07-19 00:00:00+00:00,AVAX,545.78,575.69,517.48,547.38,5483660
2023-07-19 00:00:00+00:00,BCH,46.5,47.77,44.27,45.54,11377388
2023-07-19 00:00:00+00:00,BTC,4422.42,4478.7,4149.49,4205.76,15389423
2023-07-19 00:00:00+00:00,DOGE,4909.71,4947.62,4606.48,4644.39,3345514
2023-07-19 00:00:00+00:00,ETH,5980.48,6220.55,5902.69,6142.75,16725088
2023-07-19 00:00:00+00:00,LINK,1086.85,1087.54,1054.08,1054.78,6286406
2023-07-19 00:00:00+00:00,LTC,325.49,339.58,298.52,312.61,10991119
2023-07-19 00:00:00+00:00,SOL,486.45,491.03,448.78,453.36,18231099
2023-07-19 00:00:00+00:00,XRP,701.71,746.35,695.89,740.54,4165683
2023-07-20 00:00:00+00:00,ADA,2265.52,2297.12,2218.88,2250.48,15556695
2023-07-20 00:00:00+00:00,AVAX,547.38,553.68,494.57,500.87,14413068
2023-07-20 00:00:00+00:00,BCH,45.54,46.36,43.6,44.42,3874086
2023-07-20 00:00:00+00:00,BTC,4205.76,4698.6,4045.81,4538.64,1155727
2023-07-20 00:00:00+00:00,DOGE,4644.39,4695.22,4635.42,4686.25,16820222
2023-07-20 00:00:00+00:00,ETH,6142.75,6238.18,6093.97,6189.4,3525400
2023-07-20 00:00:00+00:00,LINK,1054.78,1080.68,1022.68,1048.59,10557090
2023-07-20 00:00:00+00:00,LTC,312.61,313.08,296.19,296.66,13161160
2023-07-20 00:00:00+00:00,SOL,453.36,454.5,443.23,444.37,5643992
2023-07-20 00:00:00+00:00,XRP,740.54,768.17,708.04,735.66,13155982
2023-07-21 00:00:00+00:00,ADA,2250.48,2406.1,2186.43,2342.05,17131529
2023-07-21 00:00:00+00:00,AVAX,500.87,532.94,478.42,510.49,17908254
2023-07-21 00:00:00+00:00,BCH,44.42,44.97,43.18,43.72,17493370
2023-07-21 00:00:00+00:00,BTC,4538.64,4756.11,4482.63,4700.09,12121022
2023-07-21 00:00:00+00:00,DOGE,4686.25,4892.35,4554.36,4760.46,1472223
2023-07-21 00:00:00+00:00,ETH,6189.4,6203.46,6096.12,6110.18,10199133
2023-07-21 00:00:00+00:00,LINK,1048.59,1058.77,1000.93,1011.11,5753972
2023-07-21 00:00:00+00:00,LTC,296.66,337.5,287.46,328.29,8238842
2023-07-21 00:00:00+00:00,SOL,444.37,477.51,443.01,476.15,8919201
2023-07-21 00:00:00+00:00,XRP,735.66,753.48,690.33,708.15,1232021
2023-07-22 00:00:00+00:00,ADA,2342.05,2391.54,2261.73,2311.22,12457407
2023-07-22 00:00:00+00:00,AVAX,510.49,531.66,432.45,453.61,12788238
2023-07-22 00:00:00+00:00,BCH,43.72,46.38,43.13,45.79,5008347
2023-07-22 00:00:00+00:00,BTC,4700.09,4716.64,4634.9,4651.45,3274438
2023-07-22 00:00:00+00:00,DOGE,4760.46,4897.24,4685.66,4822.45,16251835
2023-07-22 00:00:00+00:00,ETH,6110.18,6116.6,5989.9,5996.32,3740490
2023-07-22 00:00:00+00:00,LINK,1011.11,1039.94,1010.75,1039.58,18747687
2023-07-22 00:00:00+00:00,LTC,328.29,344.98,321.18,337.87,15002922
2023-07-22 00:00:00+00:00,SOL,476.15,489.34,468.76,481.94,7543262
2023-07-22 00:00:00+00:00,XRP,708.15,788.63,696.04,776.52,9166606
2023-07-23 00:00:00+00:00,ADA,2311.22,2397.48,2262.59,2348.85,6291311
2023-07-23 00:00:00+00:00,AVAX,453.61,495.75,446.87,489.01,14294319
2023-07-23 00:00:00+00:00,BCH,45.79,47.03,43.34,44.58,15456890
2023-07-23 00:00:00+00:00,BTC,4651.45,4772.02,4528.1,4648.67,1695405
2023-07-23 00:00:00+00:00,DOGE,4822.45,4951.6,4681.63,4810.78,13132417
2023-07-23 00:00:00+00:00,ETH,5996.32,6234.29,5934.92,6172.9,10624111
2023-07-23 00:00:00+00:00,LINK,1039.58,1046.23,1037.0,1043.65,2619957
2023-07-23 00:00:00+00:00,LTC,337.87,370.35,330.89,363.38,18590756
2023-07-23 00:00:00+00:00,SOL,481.94,485.21,454.14,457.41,19102285
2023-07-23 00:00:00+00:00,XRP,776.52,798.22,726.17,747.87,13341347
2023-07-24 00:00:00+00:00,ADA,2348.85,2392.72,2278.99,2322.86,19275458
2023-07-24 00:00:00+00:00,AVAX,489.01,512.94,447.31,471.24,1454616
2023-07-24 00:00:00+00:00,BCH,44.58,44.89,42.55,42.86,5514159
2023-07-24 00:00:00+00:00,BTC,4648.67,4768.29,4576.04,4695.66,7422056
2023-07-24 00:00:00+00:00,DOGE,4810.78,4811.75,4621.38,4622.35,3951796
2023-07-24 00:00:00+00:00,ETH,6172.9,6194.42,6105.39,6126.91,9178363
2023-07-24 00:00:00+00:00,LINK,1043.65,1101.68,1008.76,1066.79,4876440
2023-07-24 00:00:00+00:00,LTC,363.38,385.07,347.15,368.85,2557622
2023-07-24 00:00:00+00:00,SOL,457.41,458.64,434.85,436.08,12597599
2023-07-24 00:00:00+00:00,XRP,747.87,759.91,732.79,744.83,8636787
2023-07-25 00:00:00+00:00,ADA,2322.86,2361.77,2185.55,2224.47,3101698
2023-07-25 00:00:00+00:00,AVAX,471.24,521.93,460.16,510.85,18538836
2023-07-25 00:00:00+00:00,BCH,42.86,44.19,40.93,42.26,4158239
2023-07-25 00:00:00+00:00,BTC,4695.66,4742.77,4599.29,4646.41,13418482
2023-07-25 00:00:00+00:00,DOGE,4622.35,4960.85,4464.47,4802.98,4989976
2023-07-25 00:00:00+00:00,ETH,6126.91,6245.06,6003.2,6121.36,2675674
2023-07-25 00:00:00+00:00,LINK,1066.79,1067.44,996.3,996.94,2344750
2023-07-25 00:00:00+00:00,LTC,368.85,371.46,332.74,335.35,13577000
2023-07-25 00:00:00+00:00,SOL,436.08,449.41,411.1,424.43,10306141
2023-07-25 00:00:00+00:00,XRP,744.83,769.89,718.77,743.83,1432438
2023-07-26 00:00:00+00:00,ADA,2224.47,2312.52,2151.94,2239.99,10370500
2023-07-26 00:00:00+00:00,AVAX,510.85,557.11,497.46,543.71,19331810
2023-07-26 00:00:00+00:00,BCH,42.26,42.82,42.22,42.77,4666987
2023-07-26 00:00:00+00:00,BTC,4646.41,4651.08,4485.74,4490.41,10956864
2023-07-26 00:00:00+00:00,DOGE,4802.98,5084.28,4677.91,4959.21,5509971
2023-07-26 00:00:00+00:00,ETH,6121.36,6241.39,6104.28,6224.31,7383707
2023-07-26 00:00:00+00:00,LINK,996.94,1004.86,970.8,978.72,12215770
2023-07-26 00:00:00+00:00,LTC,335.35,342.69,298.32,305.66,17533616
2023-07-26 00:00:00+00:00,SOL,424.43,432.97,400.92,409.46,9302562
2023-07-26 00:00:00+00:00,XRP,743.83,758.72,703.02,717.9,1795581
2023-07-27 00:00:00+00:00,ADA,2239.99,2306.44,2158.29,2224.74,19125286
2023-07-27 00:00:00+00:00,AVAX,543.71,553.62,527.36,537.27,2720392
2023-07-27 00:00:00+00:00,BCH,42.77,44.57,41.81,43.61,5005252
2023-07-27 00:00:00+00:00,BTC,4490.41,4522.43,4461.32,4493.33,18410774
2023-07-27 00:00:00+00:00,DOGE,4959.21,5103.85,4707.14,4851.78,17374357
2023-07-27 00:00:00+00:00,ETH,6224.31,6261.62,6199.1,6236.41,5767381
2023-07-27 00:00:00+00:00,LINK,978.72,997.86,971.8,990.94,17769503
2023-07-27 00:00:00+00:00,LTC,305.66,308.47,303.26,306.06,18595320
2023-07-27 00:00:00+00:00,SOL,409.46,415.07,374.6,380.2,9018490
2023-07-27 00:00:00+00:00,XRP,717.9,730.83,656.98,669.91,18473828
2023-07-28 00:00:00+00:00,ADA,2224.74,2291.17,2209.34,2275.77,8115730
2023-07-28 00:00:00+00:00,AVAX,537.27,593.44,534.23,590.41,18980375
2023-07-28 00:00:00+00:00,BCH,43.61,45.47,42.65,44.51,11346356
2023-07-28 00:00:00+00:00,BTC,4493.33,4493.93,4159.98,4160.58,13921242
2023-07-28 00:00:00+00:00,DOGE,4851.78,4924.25,4813.07,4885.54,2321590
2023-07-28 00:00:00+00:00,ETH,6236.41,6358.67,6149.09,6271.35,3227568
2023-07-28 00:00:00+00:00,LINK,990.94,1010.86,969.87,989.79,16241422
2023-07-28 00:00:00+00:00,LTC,306.06,315.05,277.32,286.31,7361614
2023-07-28 00:00:00+00:00,SOL,380.2,385.41,376.46,381.66,16058509
2023-07-28 00:00:00+00:00,XRP,669.91,679.98,661.69,671.77,11294748
2023-07-29 00:00:00+00:00,ADA,2275.77,2280.69,2260.35,2265.26,13886953
2023-07-29 00:00:00+00:00,AVAX,590.41,592.31,536.93,538.83,12286693
2023-07-29 00:00:00+00:00,BCH,44.51,46.05,44.24,45.78,2736431
2023-07-29 00:00:00+00:00,BTC,4160.58,4189.59,4020.56,4049.57,8464497
2023-07-29 00:00:00+00:00,DOGE,4885.54,5006.98,4700.89,4822.33,19253724
2023-07-29 00:00:00+00:00,ETH,6271.35,6274.69,6103.34,6106.67,6730328
2023-07-29 00:00:00+00:00,LINK,989.79,1013.08,953.48,976.78,6658862
2023-07-29 00:00:00+00:00,LTC,286.31,294.5,257.09,265.29,9227628
2023-07-29 00:00:00+00:00,SOL,381.66,394.91,378.19,391.43,15601476
2023-07-29 00:00:00+00:00,XRP,671.77,691.43,657.88,677.55,11256403
2023-07-30 00:00:00+00:00,ADA,2265.26,2466.46,2203.44,2404.64,1538227
2023-07-30 00:00:00+00:00,AVAX,538.83,542.78,493.57,497.52,19702668
2023-07-30 00:00:00+00:00,BCH,45.78,46.28,44.59,45.09,6817412
2023-07-30 00:00:00+00:00,BTC,4049.57,4247.75,3974.94,4173.11,10599981
2023-07-30 00:00:00+00:00,DOGE,4822.33,4895.35,4545.11,4618.12,14961854
2023-07-30 00:00:00+00:00,ETH,6106.67,6129.02,5999.21,6021.57,2322491
2023-07-30 00:00:00+00:00,LINK,976.78,1016.28,914.49,953.99,2779010
2023-07-30 00:00:00+00:00,LTC,265.29,311.1,250.04,295.85,19687280
2023-07-30 00:00:00+00:00,SOL,391.43,408.83,372.88,390.28,5081375
2023-07-30 00:00:00+00:00,XRP,677.55,687.18,672.96,682.59,15996664
2023-07-31 00:00:00+00:00,ADA,2404.64,2462.14,2220.8,2278.29,17877389
2023-07-31 00:00:00+00:00,AVAX,497.52,501.83,475.1,479.41,19008253
2023-07-31 00:00:00+00:00,BCH,45.09,47.15,44.61,46.67,19385597
2023-07-31 00:00:00+00:00,BTC,4173.11,4362.23,4155.07,4344.19,5248967
2023-07-31 00:00:00+00:00,DOGE,4618.12,4828.59,4530.17,4740.65,6788724
2023-07-31 00:00:00+00:00,ETH,6021.57,6257.91,5856.39,6092.74,9593673
2023-07-31 00:00:00+00:00,LINK,953.99,975.44,943.43,964.87,19562793
2023-07-31 00:00:00+00:00,LTC,295.85,329.54,287.51,321.2,12091651
2023-07-31 00:00:00+00:00,SOL,390.28,397.48,376.92,384.12,8442803
2023-07-31 00:00:00+00:00,XRP,682.59,747.16,657.37,721.95,10449767
2023-08-01 00:00:00+00:00,ADA,2278.29,2357.7,2125.92,2205.33,2424745
2023-08-01 00:00:00+00:00,AVAX,479.41,487.4,450.42,458.41,16427593
2023-08-01 00:00:00+00:00,BCH,46.67,48.82,45.92,48.07,9148463
2023-08-01 00:00:00+00:00,BTC,4344.19,4499.02,4177.59,4332.42,13135746
2023-08-01 00:00:00+00:00,DOGE,4740.65,4817.51,4610.66,4687.52,14367138
2023-08-01 00:00:00+00:00,ETH,6092.74,6163.15,5976.34,6046.75,5694160
2023-08-01 00:00:00+00:00,LINK,964.87,969.78,963.48,968.39,17497089
2023-08-01 00:00:00+00:00,LTC,321.2,322.77,317.66,319.23,16588293
2023-08-01 00:00:00+00:00,SOL,384.12,399.43,366.5,381.81,10065493
2023-08-01 00:00:00+00:00,XRP,721.95,740.85,720.21,739.12,5776189
2023-08-02 00:00:00+00:00,ADA,2205.33,2291.72,2200.24,2286.64,2181555
2023-08-02 00:00:00+00:00,AVAX,458.41,469.68,448.08,459.35,18131346
2023-08-02 00:00:00+00:00,BCH,48.07,49.13,45.38,46.45,7194253
2023-08-02 00:00:00+00:00,BTC,4332.42,4332.82,4230.89,4231.29,19380298
2023-08-02 00:00:00+00:00,DOGE,4687.52,4883.65,4647.5,4843.63,14680667
2023-08-02 00:00:00+00:00,ETH,6046.75,6215.9,5980.62,6149.78,13021220
2023-08-02 00:00:00+00:00,LINK,968.39,990.6,956.52,978.73,1756138
2023-08-02 00:00:00+00:00,LTC,319.23,332.47,318.73,331.97,5970642
2023-08-02 00:00:00+00:00,SOL,381.81,410.97,361.24,390.4,7101817
2023-08-02 00:00:00+00:00,XRP,739.12,749.89,724.11,734.88,11479444
2023-08-03 00:00:00+00:00,ADA,2286.64,2343.21,2218.99,2275.56,7375524
2023-08-03 00:00:00+00:00,AVAX,459.35,466.39,420.18,427.23,17569918
2023-08-03 00:00:00+00:00,BCH,46.45,48.28,43.99,45.81,14017574
2023-08-03 00:00:00+00:00,BTC,4231.29,4385.75,4156.14,4310.59,13235687
2023-08-03 00:00:00+00:00,DOGE,4843.63,4845.51,4749.32,4751.2,16357166
2023-08-03 00:00:00+00:00,ETH,6149.78,6350.38,6130.42,6331.02,5408409
2023-08-03 00:00:00+00:00,LINK,978.73,1030.76,955.81,1007.84,11052462
2023-08-03 00:00:00+00:00,LTC,331.97,335.55,295.53,299.12,2376787
2023-08-03 00:00:00+00:00,SOL,390.4,395.7,386.5,391.8,4438777
2023-08-03 00:00:00+00:00,XRP,734.88,765.67,624.57,655.37,7903633
2023-08-04 00:00:00+00:00,ADA,2275.56,2283.47,2170.11,2178.02,16137194
2023-08-04 00:00:00+00:00,AVAX,427.23,428.18,407.0,407.95,17349014
2023-08-04 00:00:00+00:00,BCH,45.81,50.27,44.4,48.86,15716133
2023-08-04 00:00:00+00:00,BTC,4310.59,4426.26,4135.9,4251.57,18537907
2023-08-04 00:00:00+00:00,DOGE,4751.2,4840.99,4728.28,4818.08,15893734
2023-08-04 00:00:00+00:00,ETH,6331.02,6362.19,6283.16,6314.32,14516466
2023-08-04 00:00:00+00:00,LINK,1007.84,1013.55,943.03,948.74,5764454
2023-08-04 00:00:00+00:00,LTC,299.12,336.71,297.75,335.34,10905362
2023-08-04 00:00:00+00:00,SOL,391.8,392.31,370.55,371.06,3895049
2023-08-04 00:00:00+00:00,XRP,655.37,675.73,634.71,655.07,8184677
2023-08-05 00:00:00+00:00,ADA,2178.02,2191.78,2096.77,2110.53,19270044
2023-08-05 00:00:00+00:00,AVAX,407.95,410.28,343.68,346.01,16199030
2023-08-05 00:00:00+00:00,BCH,48.86,49.31,47.38,47.83,16777743
2023-08-05 00:00:00+00:00,BTC,4251.57,4329.84,4061.53,4139.81,1811000
2023-08-05 00:00:00+00:00,DOGE,4818.08,4951.49,4404.51,4537.92,14198141
2023-08-05 00:00:00+00:00,ETH,6314.32,6395.0,6269.15,6349.83,3017882
2023-08-05 00:00:00+00:00,LINK,948.74,986.79,929.21,967.26,10521637
2023-08-05 00:00:00+00:00,LTC,335.34,345.57,311.78,322.01,19052450
2023-08-05 00:00:00+00:00,SOL,371.06,383.22,369.12,381.27,3821327
2023-08-05 00:00:00+00:00,XRP,655.07,658.82,633.71,637.46,3049005
2023-08-06 00:00:00+00:00,ADA,2110.53,2209.0,2074.56,2173.03,7262557
2023-08-06 00:00:00+00:00,AVAX,346.01,385.53,333.06,372.58,16538312
2023-08-06 00:00:00+00:00,BCH,47.83,48.63,47.42,48.21,6252490
2023-08-06 00:00:00+00:00,BTC,4139.81,4693.13,3917.05,4470.37,14495221
2023-08-06 00:00:00+00:00,DOGE,4537.92,4564.08,4516.18,4542.33,5500760
2023-08-06 00:00:00+00:00,ETH,6349.83,6644.92,6129.86,6424.94,19004605
2023-08-06 00:00:00+00:00,LINK,967.26,970.1,949.72,952.56,2230822
2023-08-06 00:00:00+00:00,LTC,322.01,331.51,306.88,316.37,8561626
2023-08-06 00:00:00+00:00,SOL,381.27,415.63,361.94,396.3,19552582
2023-08-06 00:00:00+00:00,XRP,637.46,653.52,563.19,579.25,17327401
2023-08-07 00:00:00+00:00,ADA,2173.03,2450.97,2140.92,2418.86,6531638
2023-08-07 00:00:00+00:00,AVAX,372.58,377.4,357.2,362.02,14780923
2023-08-07 00:00:00+00:00,BCH,48.21,50.54,45.79,48.12,10806374
2023-08-07 00:00:00+00:00,BTC,4470.37,4481.47,4380.97,4392.07,7040608
2023-08-07 00:00:00+00:00,DOGE,4542.33,4778.51,4480.71,4716.88,2307184
2023-08-07 00:00:00+00:00,ETH,6424.94,6427.85,6218.79,6221.69,18036345
2023-08-07 00:00:00+00:00,LINK,952.56,972.45,847.88,867.77,4204462
2023-08-07 00:00:00+00:00,LTC,316.37,330.85,305.71,320.19,1243041
2023-08-07 00:00:00+00:00,SOL,396.3,415.9,376.37,395.98,15485890
2023-08-07 00:00:00+00:00,XRP,579.25,622.12,544.86,587.74,19526359
2023-08-08 00:00:00+00:00,ADA,2418.86,2515.66,2395.84,2492.65,19945966
2023-08-08 00:00:00+00:00,AVAX,362.02,364.78,361.6,364.36,8721121
2023-08-08 00:00:00+00:00,BCH,48.12,50.66,47.16,49.7,11779470
2023-08-08 00:00:00+00:00,BTC,4392.07,4510.36,4311.9,4430.19,17007977
2023-08-08 00:00:00+00:00,DOGE,4716.88,4741.2,4545.38,4569.69,6991464
2023-08-08 00:00:00+00:00,ETH,6221.69,6234.1,6076.57,6088.98,10450902
2023-08-08 00:00:00+00:00,LINK,867.77,941.11,857.75,931.09,2987803
2023-08-08 00:00:00+00:00,LTC,320.19,321.89,305.74,307.44,19794130
2023-08-08 00:00:00+00:00,SOL,395.98,400.61,376.74,381.38,13260052
2023-08-08 00:00:00+00:00,XRP,587.74,630.63,562.65,605.55,1518197
2023-08-09 00:00:00+00:00,ADA,2492.65,2605.25,2434.03,2546.64,17664954
2023-08-09 00:00:00+00:00,AVAX,364.36,395.29,347.38,378.31,6505793
2023-08-09 00:00:00+00:00,BCH,49.7,50.95,46.87,48.11,2446611
2023-08-09 00:00:00+00:00,BTC,4430.19,4477.13,4392.27,4439.21,13007922
2023-08-09 00:00:00+00:00,DOGE,4569.69,4939.3,4438.29,4807.89,17250904
2023-08-09 00:00:00+00:00,ETH,6088.98,6329.91,5990.23,6231.16,17172590
2023-08-09 00:00:00+00:00,LINK,931.09,952.06,907.59,928.57,4921517
2023-08-09 00:00:00+00:00,LTC,307.44,313.53,296.0,302.09,1517518
2023-08-09 00:00:00+00:00,SOL,381.38,383.05,352.14,353.8,5864476
2023-08-09 00:00:00+00:00,XRP,605.55,618.07,600.45,612.97,8697121
2023-08-10 00:00:00+00:00,ADA,2546.64,2697.54,2504.87,2655.78,4873694
2023-08-10 00:00:00+00:00,AVAX,378.31,399.06,348.58,369.33,7588079
2023-08-10 00:00:00+00:00,BCH,48.11,51.9,47.31,51.1,3247917
2023-08-10 00:00:00+00:00,BTC,4439.21,4549.1,4432.22,4542.11,15996838
2023-08-10 00:00:00+00:00,DOGE,4807.89,5175.35,4743.33,5110.79,14629946
2023-08-10 00:00:00+00:00,ETH,6231.16,6263.22,6036.09,6068.16,3567194
2023-08-10 00:00:00+00:00,LINK,928.57,946.03,926.19,943.65,4627326
2023-08-10 00:00:00+00:00,LTC,302.09,315.37,296.32,309.6,6845892
2023-08-10 00:00:00+00:00,SOL,353.8,357.58,350.48,354.26,11064022
2023-08-10 00:00:00+00:00,XRP,612.97,635.68,611.4,634.11,14837676
2023-08-11 00:00:00+00:00,ADA,2655.78,2693.7,2527.74,2565.66,17779543
2023-08-11 00:00:00+00:00,AVAX,369.33,376.13,353.37,360.17,6703797
2023-08-11 00:00:00+00:00,BCH,51.1,52.9,49.66,51.46,19366924
2023-08-11 00:00:00+00:00,BTC,4542.11,4607.71,4198.53,4264.13,12643584
2023-08-11 00:00:00+00:00,DOGE,5110.79,5339.8,5064.53,5293.54,16822251
2023-08-11 00:00:00+00:00,ETH,6068.16,6108.24,5861.39,5901.47,15710920
2023-08-11 00:00:00+00:00,LINK,943.65,980.4,925.01,961.76,11840364
2023-08-11 00:00:00+00:00,LTC,309.6,311.67,287.37,289.44,16552510
2023-08-11 00:00:00+00:00,SOL,354.26,368.48,343.36,357.58,3875733
2023-08-11 00:00:00+00:00,XRP,634.11,638.93,616.14,620.96,8527934
2023-08-12 00:00:00+00:00,ADA,2565.66,2572.43,2523.78,2530.55,15977138
2023-08-12 00:00:00+00:00,AVAX,360.17,394.53,359.07,393.43,12962544
2023-08-12 00:00:00+00:00,BCH,51.46,53.02,43.45,45.01,5644131
2023-08-12 00:00:00+00:00,BTC,4264.13,4432.8,4254.35,4423.02,10672081
2023-08-12 00:00:00+00:00,DOGE,5293.54,5811.84,5142.76,5661.07,16252243
2023-08-12 00:00:00+00:00,ETH,5901.47,5923.22,5745.92,5767.67,16196556
2023-08-12 00:00:00+00:00,LINK,961.76,999.31,947.5,985.05,13182385
2023-08-12 00:00:00+00:00,LTC,289.44,294.66,241.82,247.04,15723152
2023-08-12 00:00:00+00:00,SOL,357.58,373.57,352.23,368.22,2600774
2023-08-12 00:00:00+00:00,XRP,620.96,636.87,595.81,611.72,6970637
2023-08-13 00:00:00+00:00,ADA,2530.55,2693.0,2419.06,2581.51,18854324
2023-08-13 00:00:00+00:00,AVAX,393.43,437.1,356.7,400.36,3728235
2023-08-13 00:00:00+00:00,BCH,45.01,45.17,44.53,44.69,15849609
2023-08-13 00:00:00+00:00,BTC,4423.02,4535.43,4348.59,4460.99,11109352
2023-08-13 00:00:00+00:00,DOGE,5661.07,5837.94,5541.57,5718.44,10759838
2023-08-13 00:00:00+00:00,ETH,5767.67,6009.57,5718.59,5960.5,12368099
2023-08-13 00:00:00+00:00,LINK,985.05,999.79,914.78,929.52,12691499
2023-08-13 00:00:00+00:00,LTC,247.04,247.4,235.07,235.42,6453889
2023-08-13 00:00:00+00:00,SOL,368.22,390.55,365.85,388.18,5796006
2023-08-13 00:00:00+00:00,XRP,611.72,636.9,598.92,624.1,16864532
2023-08-14 00:00:00+00:00,ADA,2581.51,2823.65,2502.58,2744.72,8625047
2023-08-14 00:00:00+00:00,AVAX,400.36,405.71,397.49,402.84,14225241
2023-08-14 00:00:00+00:00,BCH,44.69,47.06,42.34,44.71,12433295
2023-08-14 00:00:00+00:00,BTC,4460.99,4510.34,4316.19,4365.54,3266248
2023-08-14 00:00:00+00:00,DOGE,5718.44,5761.87,5497.05,5540.48,9079535
2023-08-14 00:00:00+00:00,ETH,5960.5,6015.32,5823.38,5878.21,5538347
2023-08-14 00:00:00+00:00,LINK,929.52,935.41,906.46,912.35,16114054
2023-08-14 00:00:00+00:00,LTC,235.42,239.07,226.88,230.53,9487878
2023-08-14 00:00:00+00:00,SOL,388.18,390.97,359.95,362.74,13898133
2023-08-14 00:00:00+00:00,XRP,624.1,631.64,605.69,613.23,8427661
2023-08-15 00:00:00+00:00,ADA,2744.72,2753.9,2705.53,2714.71,19950184
2023-08-15 00:00:00+00:00,AVAX,402.84,429.06,400.09,426.31,18822250
2023-08-15 00:00:00+00:00,BCH,44.71,44.71,42.56,42.57,17488070
2023-08-15 00:00:00+00:00,BTC,4365.54,4387.43,4182.62,4204.52,15133588
2023-08-15 00:00:00+00:00,DOGE,5540.48,5794.67,5137.35,5391.55,3127332
2023-08-15 00:00:00+00:00,ETH,5878.21,5991.64,5503.01,5616.45,19561806
2023-08-15 00:00:00+00:00,LINK,912.35,972.95,896.92,957.53,2846063
2023-08-15 00:00:00+00:00,LTC,230.53,235.84,219.72,225.02,14436225
2023-08-15 00:00:00+00:00,SOL,362.74,379.28,356.77,373.32,16084201
2023-08-15 00:00:00+00:00,XRP,613.23,613.66,581.27,581.71,5740378
2023-08-16 00:00:00+00:00,ADA,2714.71,2838.07,2654.56,2777.92,10012558
2023-08-16 00:00:00+00:00,AVAX,426.31,466.2,420.22,460.11,19990761
2023-08-16 00:00:00+00:00,BCH,42.57,44.06,40.25,41.74,4123476
2023-08-16 00:00:00+00:00,BTC,4204.52,4247.1,4083.38,4125.96,16653267
2023-08-16 00:00:00+00:00,DOGE,5391.55,5612.26,5208.35,5429.06,14999465
2023-08-16 00:00:00+00:00,ETH,5616.45,5711.49,5323.86,5418.91,9675943
2023-08-16 00:00:00+00:00,LINK,957.53,1019.77,955.77,1018.01,10493379
2023-08-16 00:00:00+00:00,LTC,225.02,254.33,210.12,239.43,2065785
2023-08-16 00:00:00+00:00,SOL,373.32,376.91,354.68,358.28,10830359
2023-08-16 00:00:00+00:00,XRP,581.71,582.78,570.42,571.49,10273851
2023-08-17 00:00:00+00:00,ADA,2777.92,2868.58,2594.07,2684.72,12649970
2023-08-17 00:00:00+00:00,AVAX,460.11,476.01,451.62,467.52,7157297
2023-08-17 00:00:00+00:00,BCH,41.74,42.5,38.51,39.27,10245677
2023-08-17 00:00:00+00:00,BTC,4125.96,4316.74,4073.63,4264.41,10695113
2023-08-17 00:00:00+00:00,DOGE,5429.06,5575.41,5150.16,5296.51,4263266
2023-08-17 00:00:00+00:00,ETH,5418.91,5442.5,5195.66,5219.25,4151123
2023-08-17 00:00:00+00:00,LINK,1018.01,1037.85,1012.71,1032.55,3884592
2023-08-17 00:00:00+00:00,LTC,239.43,246.77,211.26,218.61,18112107
2023-08-17 00:00:00+00:00,SOL,358.28,365.79,355.85,363.37,16987727
2023-08-17 00:00:00+00:00,XRP,571.49,584.21,560.09,572.81,13955188
2023-08-18 00:00:00+00:00,ADA,2684.72,2775.6,2612.28,2703.16,1707617
2023-08-18 00:00:00+00:00,AVAX,467.52,480.01,462.06,474.55,12971308
2023-08-18 00:00:00+00:00,BCH,39.27,41.83,38.82,41.38,9985364
2023-08-18 00:00:00+00:00,BTC,4264.41,4291.64,4210.21,4237.45,1625307
2023-08-18 00:00:00+00:00,DOGE,5296.51,5517.32,5212.72,5433.53,3301865
2023-08-18 00:00:00+00:00,ETH,5219.25,5406.65,5143.12,5330.51,12490636
2023-08-18 00:00:00+00:00,LINK,1032.55,1095.06,992.08,1054.6,9020197
2023-08-18 00:00:00+00:00,LTC,218.61,223.22,217.79,222.4,15712466
2023-08-18 00:00:00+00:00,SOL,363.37,398.05,348.69,383.38,2868657
2023-08-18 00:00:00+00:00,XRP,572.81,582.86,522.82,532.87,1923271
2023-08-19 00:00:00+00:00,ADA,2703.16,2741.42,2644.03,2682.3,8162845
2023-08-19 00:00:00+00:00,AVAX,474.55,499.25,473.89,498.59,3721878
2023-08-19 00:00:00+00:00,BCH,41.38,45.93,39.23,43.78,12812643
2023-08-19 00:00:00+00:00,BTC,4237.45,4271.34,4097.6,4131.49,2766483
2023-08-19 00:00:00+00:00,DOGE,5433.53,5518.67,5075.33,5160.47,1897925
2023-08-19 00:00:00+00:00,ETH,5330.51,5368.36,5251.12,5288.97,11857652
2023-08-19 00:00:00+00:00,LINK,1054.6,1056.16,1023.82,1025.39,6243966
2023-08-19 00:00:00+00:00,LTC,222.4,237.21,219.55,234.37,6016758
2023-08-19 00:00:00+00:00,SOL,383.38,402.56,352.13,371.31,5161765
2023-08-19 00:00:00+00:00,XRP,532.87,557.09,527.33,551.55,12006190
2023-08-20 00:00:00+00:00,ADA,2682.3,2725.11,2588.3,2631.12,2405714
2023-08-20 00:00:00+00:00,AVAX,498.59,524.19,464.55,490.15,1062911
2023-08-20 00:00:00+00:00,BCH,43.78,46.57,43.19,45.98,16080910
2023-08-20 00:00:00+00:00,BTC,4131.49,4243.09,3965.42,4077.02,10685256
2023-08-20 00:00:00+00:00,DOGE,5160.47,5210.1,5085.33,5134.96,19990483
2023-08-20 00:00:00+00:00,ETH,5288.97,5324.7,5051.07,5086.8,15139762
2023-08-20 00:00:00+00:00,LINK,1025.39,1041.44,1013.22,1029.27,13911325
2023-08-20 00:00:00+00:00,LTC,234.37,275.1,232.92,273.66,10273979
2023-08-20 00:00:00+00:00,SOL,371.31,375.13,360.7,364.52,3435211
2023-08-20 00:00:00+00:00,XRP,551.55,572.87,504.45,525.77,4237192
2023-08-21 00:00:00+00:00,ADA,2631.12,2640.38,2558.18,2567.44,16640056
2023-08-21 00:00:00+00:00,AVAX,490.15,524.64,476.29,510.78,19789921
2023-08-21 00:00:00+00:00,BCH,45.98,50.35,45.5,49.87,12215427
2023-08-21 00:00:00+00:00,BTC,4077.02,4320.46,3977.07,4220.5,18039905
2023-08-21 00:00:00+00:00,DOGE,5134.96,5157.72,4905.75,4928.51,4151893
2023-08-21 00:00:00+00:00,ETH,5086.8,5119.54,4940.79,4973.54,8262964
2023-08-21 00:00:00+00:00,LINK,1029.27,1069.14,997.48,1037.35,14910193
2023-08-21 00:00:00+00:00,LTC,273.66,277.48,246.38,250.2,5477367
2023-08-21 00:00:00+00:00,SOL,364.52,374.45,362.67,372.6,17164260
2023-08-21 00:00:00+00:00,XRP,525.77,531.34,501.73,507.3,12874806
2023-08-22 00:00:00+00:00,ADA,2567.44,2664.72,2539.62,2636.91,7241979
2023-08-22 00:00:00+00:00,AVAX,510.78,514.24,451.9,455.35,18435931
2023-08-22 00:00:00+00:00,BCH,49.87,53.65,48.32,52.11,5744616
2023-08-22 00:00:00+00:00,BTC,4220.5,4293.52,4116.13,4189.15,11925107
2023-08-22 00:00:00+00:00,DOGE,4928.51,5141.88,4846.73,5060.1,17514753
2023-08-22 00:00:00+00:00,ETH,4973.54,5125.35,4911.84,5063.65,8606281
2023-08-22 00:00:00+00:00,LINK,1037.35,1099.19,1009.55,1071.39,6556395
2023-08-22 00:00:00+00:00,LTC,250.2,253.65,240.55,244.0,17514862
2023-08-22 00:00:00+00:00,SOL,372.6,378.83,364.21,370.44,2721347
2023-08-22 00:00:00+00:00,XRP,507.3,520.71,449.51,462.92,14601484
2023-08-23 00:00:00+00:00,ADA,2636.91,2704.15,2589.67,2656.92,8401201
2023-08-23 00:00:00+00:00,AVAX,455.35,465.65,376.66,386.96,18783536
2023-08-23 00:00:00+00:00,BCH,52.11,53.24,50.08,51.21,5360652
2023-08-23 00:00:00+00:00,BTC,4189.15,4249.5,4166.03,4226.38,4547679
2023-08-23 00:00:00+00:00,DOGE,5060.1,5245.62,4698.43,4883.94,7297715
2023-08-23 00:00:00+00:00,ETH,5063.65,5070.31,4903.09,4909.75,8745986
2023-08-23 00:00:00+00:00,LINK,1071.39,1084.69,1054.75,1068.05,1845295
2023-08-23 00:00:00+00:00,LTC,244.0,270.42,238.09,264.5,1844372
2023-08-23 00:00:00+00:00,SOL,370.44,371.86,353.36,354.78,8427640
2023-08-23 00:00:00+00:00,XRP,462.92,468.7,437.61,443.39,6799072
2023-08-24 00:00:00+00:00,ADA,2656.92,2756.63,2646.64,2746.36,10248920
2023-08-24 00:00:00+00:00,AVAX,386.96,405.9,380.09,399.03,15533056
2023-08-24 00:00:00+00:00,BCH,51.21,51.52,47.07,47.38,10332504
2023-08-24 00:00:00+00:00,BTC,4226.38,4453.78,4171.17,4398.57,4082917
2023-08-24 00:00:00+00:00,DOGE,4883.94,5048.55,4692.44,4857.06,14539320
2023-08-24 00:00:00+00:00,ETH,4909.75,4924.93,4780.24,4795.42,16933595
2023-08-24 00:00:00+00:00,LINK,1068.05,1126.94,1043.01,1101.91,11433822
2023-08-24 00:00:00+00:00,LTC,264.5,291.48,246.92,273.91,18529035
2023-08-24 00:00:00+00:00,SOL,354.78,358.87,341.72,345.8,2983952
2023-08-24 00:00:00+00:00,XRP,443.39,456.75,408.66,422.02,11117502
2023-08-25 00:00:00+00:00,ADA,2746.36,2993.25,2719.2,2966.09,3240227
2023-08-25 00:00:00+00:00,AVAX,399.03,419.22,397.43,417.62,4185436
2023-08-25 00:00:00+00:00,BCH,47.38,48.51,45.69,46.82,12059304
2023-08-25 00:00:00+00:00,BTC,4398.57,4565.99,4145.2,4312.63,11747495
2023-08-25 00:00:00+00:00,DOGE,4857.06,5189.14,4659.58,4991.65,13450704
2023-08-25 00:00:00+00:00,ETH,4795.42,4950.26,4762.26,4917.1,18061799
2023-08-25 00:00:00+00:00,LINK,1101.91,1102.91,1095.34,1096.34,10485085
2023-08-25 00:00:00+00:00,LTC,273.91,302.38,259.8,288.27,15648171
2023-08-25 00:00:00+00:00,SOL,345.8,381.61,340.4,376.21,9119506
2023-08-25 00:00:00+00:00,XRP,422.02,430.43,404.01,412.41,13526200
2023-08-26 00:00:00+00:00,ADA,2966.09,3223.1,2943.97,3200.97,12618631
2023-08-26 00:00:00+00:00,AVAX,417.62,426.59,403.51,412.48,17012544
2023-08-26 00:00:00+00:00,BCH,46.82,47.04,45.35,45.57,7413494
2023-08-26 00:00:00+00:00,BTC,4312.63,4580.34,4222.51,4490.22,18954648
2023-08-26 00:00:00+00:00,DOGE,4991.65,5040.29,4891.74,4940.37,19167524
2023-08-26 00:00:00+00:00,ETH,4917.1,4940.62,4816.19,4839.72,9082468
2023-08-26 00:00:00+00:00,LINK,1096.34,1096.63,1079.27,1079.55,15969349
2023-08-26 00:00:00+00:00,LTC,288.27,291.59,286.78,290.1,1363659
2023-08-26 00:00:00+00:00,SOL,376.21,396.11,362.85,382.76,14283544
2023-08-26 00:00:00+00:00,XRP,412.41,414.56,388.08,390.23,3521608
2023-08-27 00:00:00+00:00,ADA,3200.97,3365.91,3188.03,3352.97,2876104
2023-08-27 00:00:00+00:00,AVAX,412.48,440.31,403.34,431.17,18405760
2023-08-27 00:00:00+00:00,BCH,45.57,46.39,44.75,45.57,5792121
2023-08-27 00:00:00+00:00,BTC,4490.22,4555.12,4147.72,4212.61,15006768
2023-08-27 00:00:00+00:00,DOGE,4940.37,4986.16,4629.38,4675.17,14120811
2023-08-27 00:00:00+00:00,ETH,4839.72,4949.32,4818.3,4927.91,4994655
2023-08-27 00:00:00+00:00,LINK,1079.55,1123.98,1076.84,1121.27,4545589
2023-08-27 00:00:00+00:00,LTC,290.1,314.65,280.87,305.43,6829703
2023-08-27 00:00:00+00:00,SOL,382.76,408.32,378.59,404.14,15595592
2023-08-27 00:00:00+00:00,XRP,390.23,406.92,372.44,389.14,19685705
2023-08-28 00:00:00+00:00,ADA,3352.97,3439.19,3335.71,3421.93,9154858
2023-08-28 00:00:00+00:00,AVAX,431.17,437.34,391.28,397.45,12940811
2023-08-28 00:00:00+00:00,BCH,45.57,47.54,45.06,47.03,5588779
2023-08-28 00:00:00+00:00,BTC,4212.61,4251.96,3954.51,3993.86,19352985
2023-08-28 00:00:00+00:00,DOGE,4675.17,4970.84,4526.84,4822.51,19674359
2023-08-28 00:00:00+00:00,ETH,4927.91,5106.11,4858.9,5037.09,14328260
2023-08-28 00:00:00+00:00,LINK,1121.27,1214.99,1117.38,1211.11,10720231
2023-08-28 00:00:00+00:00,LTC,305.43,307.66,303.46,305.69,2344523
2023-08-28 00:00:00+00:00,SOL,404.14,416.0,403.26,415.12,5967587
2023-08-28 00:00:00+00:00,XRP,389.14,397.23,361.35,369.44,7955729
2023-08-29 00:00:00+00:00,ADA,3421.93,3465.85,3147.87,3191.79,9714402
2023-08-29 00:00:00+00:00,AVAX,397.45,398.41,396.73,397.69,1414066
2023-08-29 00:00:00+00:00,BCH,47.03,48.35,46.0,47.33,1764660
2023-08-29 00:00:00+00:00,BTC,3993.86,4012.24,3862.92,3881.3,13129805
2023-08-29 00:00:00+00:00,DOGE,4822.51,4996.55,4798.79,4972.83,19476207
2023-08-29 00:00:00+00:00,ETH,5037.09,5269.17,4961.33,5193.41,10439176
2023-08-29 00:00:00+00:00,LINK,1211.11,1224.21,1205.75,1218.85,14020087
2023-08-29 00:00:00+00:00,LTC,305.69,318.32,270.14,282.77,9629084
2023-08-29 00:00:00+00:00,SOL,415.12,446.72,407.3,438.9,17817674
2023-08-29 00:00:00+00:00,XRP,369.44,374.34,343.31,348.21,13405632
2023-08-30 00:00:00+00:00,ADA,3191.79,3320.98,3107.99,3237.18,3873558
2023-08-30 00:00:00+00:00,AVAX,397.69,418.9,366.49,387.71,4937161
2023-08-30 00:00:00+00:00,BCH,47.33,47.57,46.23,46.47,6607430
2023-08-30 00:00:00+00:00,BTC,3881.3,4040.02,3850.14,4008.86,12356605
2023-08-30 00:00:00+00:00,DOGE,4972.83,5172.63,4717.72,4917.51,15199138
2023-08-30 00:00:00+00:00,ETH,5193.41,5216.25,5179.06,5201.9,16318735
2023-08-30 00:00:00+00:00,LINK,1218.85,1264.96,1141.58,1187.68,13002476
2023-08-30 00:00:00+00:00,LTC,282.77,284.26,273.53,275.02,14113325
2023-08-30 00:00:00+00:00,SOL,438.9,445.61,421.74,428.45,6347138
2023-08-30 00:00:00+00:00,XRP,348.21,384.51,338.63,374.93,15016419
2023-08-31 00:00:00+00:00,ADA,3237.18,3480.8,3162.26,3405.88,11403603
2023-08-31 00:00:00+00:00,AVAX,387.71,395.16,380.95,388.41,15442938
2023-08-31 00:00:00+00:00,BCH,46.47,46.9,45.68,46.11,9034433
2023-08-31 00:00:00+00:00,BTC,4008.86,4024.7,3911.49,3927.33,9972536
2023-08-31 00:00:00+00:00,DOGE,4917.51,5117.92,4859.91,5060.32,19831015
2023-08-31 00:00:00+00:00,ETH,5201.9,5312.45,5149.74,5260.29,7110132
2023-08-31 00:00:00+00:00,LINK,1187.68,1196.65,1139.1,1148.07,16424177
2023-08-31 00:00:00+00:00,LTC,275.02,276.07,258.09,259.14,6770921
2023-08-31 00:00:00+00:00,SOL,428.45,439.18,401.35,412.09,2426350
2023-08-31 00:00:00+00:00,XRP,374.93,382.86,356.67,364.61,7112741
2023-09-01 00:00:00+00:00,ADA,3405.88,3554.37,3374.83,3523.32,9345746
2023-09-01 00:00:00+00:00,AVAX,388.41,395.8,379.69,387.09,9055621
2023-09-01 00:00:00+00:00,BCH,46.11,47.66,43.24,44.79,1293141
2023-09-01 00:00:00+00:00,BTC,3927.33,4053.91,3826.29,3952.87,2265051
2023-09-01 00:00:00+00:00,DOGE,5060.32,5150.31,4523.63,4613.62,1007603
2023-09-01 00:00:00+00:00,ETH,5260.29,5311.48,5066.06,5117.24,16526089
2023-09-01 00:00:00+00:00,LINK,1148.07,1216.55,1109.5,1177.99,2020310
2023-09-01 00:00:00+00:00,LTC,259.14,262.2,238.92,241.98,19365554
2023-09-01 00:00:00+00:00,SOL,412.09,424.61,391.13,403.65,13129463
2023-09-01 00:00:00+00:00,XRP,364.61,374.93,361.9,372.22,13847769
2023-09-02 00:00:00+00:00,ADA,3523.32,3547.88,3123.4,3147.96,4433516
2023-09-02 00:00:00+00:00,AVAX,387.09,392.95,375.09,380.95,5976909
2023-09-02 00:00:00+00:00,BCH,44.79,45.39,42.64,43.24,18971707
2023-09-02 00:00:00+00:00,BTC,3952.87,4041.87,3864.59,3953.58,2403898
2023-09-02 00:00:00+00:00,DOGE,4613.62,4772.44,4516.13,4674.96,5311360
2023-09-02 00:00:00+00:00,ETH,5117.24,5162.1,4988.3,5033.16,14738588
2023-09-02 00:00:00+00:00,LINK,1177.99,1203.53,1166.38,1191.92,9954176
2023-09-02 00:00:00+00:00,LTC,241.98,249.32,238.42,245.76,12359203
2023-09-02 00:00:00+00:00,SOL,403.65,410.97,391.38,398.7,2752738
2023-09-02 00:00:00+00:00,XRP,372.22,399.66,371.65,399.09,12022539
2023-09-03 00:00:00+00:00,ADA,3147.96,3185.34,3135.05,3172.43,10274687
2023-09-03 00:00:00+00:00,AVAX,380.95,395.06,338.18,352.28,3468182
2023-09-03 00:00:00+00:00,BCH,43.24,46.33,42.4,45.5,9349147
2023-09-03 00:00:00+00:00,BTC,3953.58,4045.57,3719.12,3811.1,6461294
2023-09-03 00:00:00+00:00,DOGE,4674.96,4762.43,4521.72,4609.2,17618500
2023-09-03 00:00:00+00:00,ETH,5033.16,5055.57,4912.98,4935.4,14400103
2023-09-03 00:00:00+00:00,LINK,1191.92,1209.98,1188.58,1206.65,18594299
2023-09-03 00:00:00+00:00,LTC,245.76,253.73,231.96,239.92,7614062
2023-09-03 00:00:00+00:00,SOL,398.7,403.03,396.14,400.47,7586139
2023-09-03 00:00:00+00:00,XRP,399.09,400.36,388.23,389.5,10895238
2023-09-04 00:00:00+00:00,ADA,3172.43,3457.04,3108.26,3392.87,7806637
2023-09-04 00:00:00+00:00,AVAX,352.28,398.02,340.04,385.77,3114649
2023-09-04 00:00:00+00:00,BCH,45.5,48.37,44.1,46.97,18965060
2023-09-04 00:00:00+00:00,BTC,3811.1,3820.37,3713.21,3722.48,4083614
2023-09-04 00:00:00+00:00,DOGE,4609.2,4846.77,4530.38,4767.95,14917284
2023-09-04 00:00:00+00:00,ETH,4935.4,5046.28,4806.3,4917.18,7731660
2023-09-04 00:00:00+00:00,LINK,1206.65,1221.13,1193.08,1207.56,4756030
2023-09-04 00:00:00+00:00,LTC,239.92,241.31,233.37,234.76,4363212
2023-09-04 00:00:00+00:00,SOL,400.47,420.71,392.79,413.04,1552356
2023-09-04 00:00:00+00:00,XRP,389.5,398.73,383.64,392.87,2145350
2023-09-05 00:00:00+00:00,ADA,3392.87,3434.04,3355.06,3396.22,4084474
2023-09-05 00:00:00+00:00,AVAX,385.77,386.36,379.49,380.07,12500349
2023-09-05 00:00:00+00:00,BCH,46.97,47.39,46.25,46.66,7740012
2023-09-05 00:00:00+00:00,BTC,3722.48,3738.8,3689.2,3705.52,15653968
2023-09-05 00:00:00+00:00,DOGE,4767.95,5043.85,4632.88,4908.78,15337267
2023-09-05 00:00:00+00:00,ETH,4917.18,5353.89,4869.84,5306.55,18596505
2023-09-05 00:00:00+00:00,LINK,1207.56,1232.47,1199.07,1223.98,7647315
2023-09-05 00:00:00+00:00,LTC,234.76,240.51,195.55,201.3,13143435
2023-09-05 00:00:00+00:00,SOL,413.04,420.98,405.26,413.2,9215761
2023-09-05 00:00:00+00:00,XRP,392.87,457.46,392.46,457.05,5093404
2023-09-06 00:00:00+00:00,ADA,3396.22,3480.95,3316.99,3401.72,19804800
2023-09-06 00:00:00+00:00,AVAX,380.07,392.31,323.66,335.9,13806510
2023-09-06 00:00:00+00:00,BCH,46.66,48.35,44.08,45.77,16765439
2023-09-06 00:00:00+00:00,BTC,3705.52,3823.34,3679.35,3797.18,14741754
2023-09-06 00:00:00+00:00,DOGE,4908.78,5051.13,4836.64,4978.99,18016601
2023-09-06 00:00:00+00:00,ETH,5306.55,5576.53,5285.84,5555.81,3368143
2023-09-06 00:00:00+00:00,LINK,1223.98,1270.68,1193.92,1240.63,4716906
2023-09-06 00:00:00+00:00,LTC,201.3,208.62,194.87,202.18,2583215
2023-09-06 00:00:00+00:00,SOL,413.2,427.83,393.98,408.61,14097171
2023-09-06 00:00:00+00:00,XRP,457.05,471.42,456.38,470.75,18058516
2023-09-07 00:00:00+00:00,ADA,3401.72,3564.1,3280.51,3442.89,16750464
2023-09-07 00:00:00+00:00,AVAX,335.9,343.67,315.76,323.53,6824923
2023-09-07 00:00:00+00:00,BCH,45.77,50.52,45.44,50.19,2529902
2023-09-07 00:00:00+00:00,BTC,3797.18,3887.86,3620.08,3710.76,10440853
2023-09-07 00:00:00+00:00,DOGE,4978.99,4979.33,4765.94,4766.28,7850827
2023-09-07 00:00:00+00:00,ETH,5555.81,5824.65,5542.85,5811.7,3227812
2023-09-07 00:00:00+00:00,LINK,1240.63,1305.15,1236.46,1300.98,13495455
2023-09-07 00:00:00+00:00,LTC,202.18,216.29,190.81,204.92,6943746
2023-09-07 00:00:00+00:00,SOL,408.61,408.9,405.5,405.78,11665691
2023-09-07 00:00:00+00:00,XRP,470.75,491.55,464.45,485.25,14133325
2023-09-08 00:00:00+00:00,ADA,3442.89,3719.59,3347.2,3623.9,8569826
2023-09-08 00:00:00+00:00,AVAX,323.53,338.52,301.36,316.35,19494587
2023-09-08 00:00:00+00:00,BCH,50.19,52.2,45.17,47.19,12334006
2023-09-08 00:00:00+00:00,BTC,3710.76,3923.64,3631.75,3844.63,17003398
2023-09-08 00:00:00+00:00,DOGE,4766.28,5294.17,4713.88,5241.77,5181402
2023-09-08 00:00:00+00:00,ETH,5811.7,5957.42,5744.46,5890.19,19918987
2023-09-08 00:00:00+00:00,LINK,1300.98,1362.68,1284.7,1346.39,2689161
2023-09-08 00:00:00+00:00,LTC,204.92,205.25,204.07,204.39,14666454
2023-09-08 00:00:00+00:00,SOL,405.78,453.33,396.97,444.52,2325305
2023-09-08 00:00:00+00:00,XRP,485.25,491.7,478.61,485.06,1266585
2023-09-09 00:00:00+00:00,ADA,3623.9,3663.71,3561.35,3601.16,16059988
2023-09-09 00:00:00+00:00,AVAX,316.35,362.09,297.73,343.48,2629969
2023-09-09 00:00:00+00:00,BCH,47.19,50.64,46.72,50.18,19064891
2023-09-09 00:00:00+00:00,BTC,3844.63,3918.9,3645.95,3720.23,10445118
2023-09-09 00:00:00+00:00,DOGE,5241.77,5303.49,4960.31,5022.03,7562867
2023-09-09 00:00:00+00:00,ETH,5890.19,6112.35,5814.03,6036.2,18851479
2023-09-09 00:00:00+00:00,LINK,1346.39,1352.66,1317.54,1323.81,9561520
2023-09-09 00:00:00+00:00,LTC,204.39,228.62,197.4,221.62,5869177
2023-09-09 00:00:00+00:00,SOL,444.52,456.26,399.11,410.85,11133509
2023-09-09 00:00:00+00:00,XRP,485.06,505.14,464.27,484.35,3008218
2023-09-10 00:00:00+00:00,ADA,3601.16,3709.42,3559.64,3667.89,2987819
2023-09-10 00:00:00+00:00,AVAX,343.48,388.11,332.1,376.73,7631540
2023-09-10 00:00:00+00:00,BCH,50.18,52.16,46.57,48.56,18519381
2023-09-10 00:00:00+00:00,BTC,3720.23,3852.15,3438.15,3570.08,2300763
2023-09-10 00:00:00+00:00,DOGE,5022.03,5078.05,4745.27,4801.28,19494238
2023-09-10 00:00:00+00:00,ETH,6036.2,6216.28,6002.52,6182.6,19073145
2023-09-10 00:00:00+00:00,LINK,1323.81,1338.04,1248.74,1262.97,6699574
2023-09-10 00:00:00+00:00,LTC,221.62,222.36,212.3,213.04,4317787
2023-09-10 00:00:00+00:00,SOL,410.85,411.42,396.23,396.8,19867142
2023-09-10 00:00:00+00:00,XRP,484.35,521.82,478.91,516.38,5694648
2023-09-11 00:00:00+00:00,ADA,3667.89,3928.72,3563.31,3824.13,7317516
2023-09-11 00:00:00+00:00,AVAX,376.73,389.6,322.99,335.87,17288953
2023-09-11 00:00:00+00:00,BCH,48.56,50.64,42.98,45.06,17259726
2023-09-11 00:00:00+00:00,BTC,3570.08,3650.87,3511.75,3592.55,17281186
2023-09-11 00:00:00+00:00,DOGE,4801.28,4967.13,4648.39,4814.24,10758276
2023-09-11 00:00:00+00:00,ETH,6182.6,6303.34,6129.5,6250.24,6870246
2023-09-11 00:00:00+00:00,LINK,1262.97,1333.57,1218.17,1288.77,9211301
2023-09-11 00:00:00+00:00,LTC,213.04,241.26,212.48,240.7,15059979
2023-09-11 00:00:00+00:00,SOL,396.8,459.31,376.99,439.5,19727110
2023-09-11 00:00:00+00:00,XRP,516.38,537.8,504.6,526.02,15588736
2023-09-12 00:00:00+00:00,ADA,3824.13,4012.12,3774.82,3962.8,5884956
2023-09-12 00:00:00+00:00,AVAX,335.87,361.52,333.46,359.11,4603131
2023-09-12 00:00:00+00:00,BCH,45.06,45.71,43.05,43.71,9546228
2023-09-12 00:00:00+00:00,BTC,3592.55,3785.35,3462.49,3655.29,3501909
2023-09-12 00:00:00+00:00,DOGE,4814.24,4964.51,4623.62,4773.89,3635432
2023-09-12 00:00:00+00:00,ETH,6250.24,6279.04,6209.07,6237.88,14201891
2023-09-12 00:00:00+00:00,LINK,1288.77,1307.41,1251.96,1270.61,11119993
2023-09-12 00:00:00+00:00,LTC,240.7,242.15,227.44,228.89,16567519
2023-09-12 00:00:00+00:00,SOL,439.5,470.86,430.23,461.59,6234442
2023-09-12 00:00:00+00:00,XRP,526.02,569.33,511.07,554.38,11463416
2023-09-13 00:00:00+00:00,ADA,3962.8,3970.91,3718.42,3726.53,2319532
2023-09-13 00:00:00+00:00,AVAX,359.11,359.12,332.35,332.36,8133792
2023-09-13 00:00:00+00:00,BCH,43.71,44.16,43.18,43.64,3388036
2023-09-13 00:00:00+00:00,BTC,3655.29,3941.09,3475.42,3761.21,3018506
2023-09-13 00:00:00+00:00,DOGE,4773.89,5052.33,4724.37,5002.81,19076665
2023-09-13 00:00:00+00:00,ETH,6237.88,6312.3,6160.62,6235.04,16123250
2023-09-13 00:00:00+00:00,LINK,1270.61,1342.51,1250.34,1322.24,4280691
2023-09-13 00:00:00+00:00,LTC,228.89,233.95,211.92,216.98,3111874
2023-09-13 00:00:00+00:00,SOL,461.59,480.57,456.01,475.0,4411104
2023-09-13 00:00:00+00:00,XRP,554.38,570.47,536.91,553.01,18684365
2023-09-14 00:00:00+00:00,ADA,3726.53,3734.97,3569.27,3577.72,5784485
2023-09-14 00:00:00+00:00,AVAX,332.36,333.97,303.54,305.16,17407017
2023-09-14 00:00:00+00:00,BCH,43.64,45.73,40.59,42.69,6496513
2023-09-14 00:00:00+00:00,BTC,3761.21,3806.49,3619.65,3664.93,12439154
2023-09-14 00:00:00+00:00,DOGE,5002.81,5126.07,4888.83,5012.09,6599997
2023-09-14 00:00:00+00:00,ETH,6235.04,6358.45,6207.53,6330.95,9566149
2023-09-14 00:00:00+00:00,LINK,1322.24,1427.05,1303.7,1408.5,5319681
2023-09-14 00:00:00+00:00,LTC,216.98,219.63,212.26,214.92,18794799
2023-09-14 00:00:00+00:00,SOL,475.0,480.09,452.01,457.11,18308395
2023-09-14 00:00:00+00:00,XRP,553.01,563.29,551.46,561.74,11514122
2023-09-15 00:00:00+00:00,ADA,3577.72,3599.27,3358.35,3379.9,3810940
2023-09-15 00:00:00+00:00,AVAX,305.16,309.5,280.05,284.39,1718744
2023-09-15 00:00:00+00:00,BCH,42.69,45.25,42.38,44.94,16905054
2023-09-15 00:00:00+00:00,BTC,3664.93,3785.56,3655.96,3776.59,18407404
2023-09-15 00:00:00+00:00,DOGE,5012.09,5112.58,4821.75,4922.24,10426420
2023-09-15 00:00:00+00:00,ETH,6330.95,6795.47,6189.1,6653.63,16933637
2023-09-15 00:00:00+00:00,LINK,1408.5,1444.43,1292.33,1328.26,9785527
2023-09-15 00:00:00+00:00,LTC,214.92,220.42,186.38,191.89,2552428
2023-09-15 00:00:00+00:00,SOL,457.11,509.7,437.0,489.59,8221207
2023-09-15 00:00:00+00:00,XRP,561.74,568.24,537.35,543.85,3349386
2023-09-16 00:00:00+00:00,ADA,3379.9,3495.12,3187.87,3303.09,2417566
2023-09-16 00:00:00+00:00,AVAX,284.39,289.66,276.79,282.05,11692981
2023-09-16 00:00:00+00:00,BCH,44.94,45.67,41.7,42.43,13953386
2023-09-16 00:00:00+00:00,BTC,3776.59,3934.0,3664.0,3821.42,5189514
2023-09-16 00:00:00+00:00,DOGE,4922.24,4995.03,4857.68,4930.47,3841698
2023-09-16 00:00:00+00:00,ETH,6653.63,6720.79,6324.21,6391.37,13383225
2023-09-16 00:00:00+00:00,LINK,1328.26,1345.74,1317.74,1335.23,4561538
2023-09-16 00:00:00+00:00,LTC,191.89,197.23,182.0,187.34,4814583
2023-09-16 00:00:00+00:00,SOL,489.59,523.63,482.07,516.11,10932432
2023-09-16 00:00:00+00:00,XRP,543.85,551.1,520.39,527.64,11245393
2023-09-17 00:00:00+00:00,ADA,3303.09,3398.21,3193.51,3288.62,16066302
2023-09-17 00:00:00+00:00,AVAX,282.05,320.05,263.42,301.42,17131328
2023-09-17 00:00:00+00:00,BCH,42.43,43.59,39.68,40.84,7042803
2023-09-17 00:00:00+00:00,BTC,3821.42,4182.42,3748.55,4109.56,6215276
2023-09-17 00:00:00+00:00,DOGE,4930.47,5083.28,4766.51,4919.32,18386556
2023-09-17 00:00:00+00:00,ETH,6391.37,6422.19,6319.63,6350.44,16260833
2023-09-17 00:00:00+00:00,LINK,1335.23,1391.38,1321.99,1378.15,17838923
2023-09-17 00:00:00+00:00,LTC,187.34,201.33,178.26,192.25,3267357
2023-09-17 00:00:00+00:00,SOL,516.11,533.67,509.15,526.71,3355293
2023-09-17 00:00:00+00:00,XRP,527.64,535.57,503.71,511.64,18574351
2023-09-18 00:00:00+00:00,ADA,3288.62,3410.94,3285.58,3407.9,16378596
2023-09-18 00:00:00+00:00,AVAX,301.42,306.33,299.54,304.45,12970433
2023-09-18 00:00:00+00:00,BCH,40.84,44.13,39.2,42.5,7787983
2023-09-18 00:00:00+00:00,BTC,4109.56,4299.44,4073.33,4263.22,18607062
2023-09-18 00:00:00+00:00,DOGE,4919.32,4999.89,4770.98,4851.55,9116461
2023-09-18 00:00:00+00:00,ETH,6350.44,6589.66,6202.29,6441.51,11936918
2023-09-18 00:00:00+00:00,LINK,1378.15,1458.83,1359.91,1440.59,11998746
2023-09-18 00:00:00+00:00,LTC,192.25,204.77,192.21,204.72,11463560
2023-09-18 00:00:00+00:00,SOL,526.71,538.64,522.9,534.82,10082383
2023-09-18 00:00:00+00:00,XRP,511.64,514.97,508.59,511.91,12969148
2023-09-19 00:00:00+00:00,ADA,3407.9,3439.54,3324.75,3356.39,5501313
2023-09-19 00:00:00+00:00,AVAX,304.45,313.89,302.47,311.91,16306592
2023-09-19 00:00:00+00:00,BCH,42.5,45.35,40.69,43.54,19299058
2023-09-19 00:00:00+00:00,BTC,4263.22,4408.18,4151.35,4296.31,11665792
2023-09-19 00:00:00+00:00,DOGE,4851.55,4854.26,4808.11,4810.82,6667978
2023-09-19 00:00:00+00:00,ETH,6441.51,6472.12,6243.54,6274.15,4884092
2023-09-19 00:00:00+00:00,LINK,1440.59,1452.64,1360.61,1372.65,9702584
2023-09-19 00:00:00+00:00,LTC,204.72,221.83,203.5,220.61,6508103
2023-09-19 00:00:00+00:00,SOL,534.82,549.59,476.21,490.98,14446302
2023-09-19 00:00:00+00:00,XRP,511.91,554.1,503.52,545.71,16753978
2023-09-20 00:00:00+00:00,ADA,3356.39,3358.9,3347.01,3349.52,10151897
2023-09-20 00:00:00+00:00,AVAX,311.91,315.68,306.3,310.08,1969786
2023-09-20 00:00:00+00:00,BCH,43.54,43.67,42.22,42.36,16341674
2023-09-20 00:00:00+00:00,BTC,4296.31,4365.97,4188.52,4258.18,7620950
2023-09-20 00:00:00+00:00,DOGE,4810.82,5041.35,4776.29,5006.82,15220528
2023-09-20 00:00:00+00:00,ETH,6274.15,6562.75,6137.09,6425.69,7972789
2023-09-20 00:00:00+00:00,LINK,1372.65,1422.73,1323.07,1373.14,10879608
2023-09-20 00:00:00+00:00,LTC,220.61,225.35,197.55,202.29,16265782
2023-09-20 00:00:00+00:00,SOL,490.98,501.22,460.99,471.24,16855410
2023-09-20 00:00:00+00:00,XRP,545.71,550.28,533.3,537.87,11591441
2023-09-21 00:00:00+00:00,ADA,3349.52,3471.16,3022.43,3144.07,4970760
2023-09-21 00:00:00+00:00,AVAX,310.08,327.93,292.16,310.01,13578234
2023-09-21 00:00:00+00:00,BCH,42.36,45.88,40.81,44.33,19050617
2023-09-21 00:00:00+00:00,BTC,4258.18,4345.84,3731.57,3819.24,17732257
2023-09-21 00:00:00+00:00,DOGE,5006.82,5090.88,4760.04,4844.1,6160341
2023-09-21 00:00:00+00:00,ETH,6425.69,6500.97,6425.12,6500.4,16772139
2023-09-21 00:00:00+00:00,LINK,1373.14,1391.06,1326.08,1343.99,6424619
2023-09-21 00:00:00+00:00,LTC,202.29,215.78,174.89,188.38,8439257
2023-09-21 00:00:00+00:00,SOL,471.24,494.23,407.32,430.3,9567265
2023-09-21 00:00:00+00:00,XRP,537.87,550.49,532.91,545.52,14163903
2023-09-22 00:00:00+00:00,ADA,3144.07,3185.32,2909.83,2951.08,7707804
2023-09-22 00:00:00+00:00,AVAX,310.01,319.75,301.48,311.22,19316965
2023-09-22 00:00:00+00:00,BCH,44.33,44.61,43.32,43.59,3808033
2023-09-22 00:00:00+00:00,BTC,3819.24,3940.52,3815.45,3936.74,1118630
2023-09-22 00:00:00+00:00,DOGE,4844.1,4958.55,4589.73,4704.18,3293390
2023-09-22 00:00:00+00:00,ETH,6500.4,6566.51,6412.18,6478.28,19570746
2023-09-22 00:00:00+00:00,LINK,1343.99,1358.18,1332.02,1346.21,10051318
2023-09-22 00:00:00+00:00,LTC,188.38,193.16,161.47,166.25,17513452
2023-09-22 00:00:00+00:00,SOL,430.3,439.21,390.74,399.65,1665590
2023-09-22 00:00:00+00:00,XRP,545.52,550.94,503.65,509.07,5199305
2023-09-23 00:00:00+00:00,ADA,2951.08,2984.57,2781.67,2815.16,2312751
2023-09-23 00:00:00+00:00,AVAX,311.22,312.81,302.66,304.26,11021563
2023-09-23 00:00:00+00:00,BCH,43.59,44.46,42.79,43.66,10224540
2023-09-23 00:00:00+00:00,BTC,3936.74,4224.17,3834.05,4121.49,12546615
2023-09-23 00:00:00+00:00,DOGE,4704.18,4749.45,4516.36,4561.64,13578456
2023-09-23 00:00:00+00:00,ETH,6478.28,6608.28,6441.24,6571.23,3117031
2023-09-23 00:00:00+00:00,LINK,1346.21,1354.43,1272.28,1280.5,15652969
2023-09-23 00:00:00+00:00,LTC,166.25,169.31,163.17,166.23,2536540
2023-09-23 00:00:00+00:00,SOL,399.65,408.77,393.13,402.26,19675916
2023-09-23 00:00:00+00:00,XRP,509.07,516.42,495.73,503.08,1354478
2023-09-24 00:00:00+00:00,ADA,2815.16,2920.62,2802.63,2908.09,3661269
2023-09-24 00:00:00+00:00,AVAX,304.26,310.83,277.4,283.97,9921140
2023-09-24 00:00:00+00:00,BCH,43.66,46.68,42.38,45.4,8324034
2023-09-24 00:00:00+00:00,BTC,4121.49,4372.0,3995.86,4246.37,4102456
2023-09-24 00:00:00+00:00,DOGE,4561.64,4636.75,4449.98,4525.1,4247518
2023-09-24 00:00:00+00:00,ETH,6571.23,6705.99,6324.69,6459.44,4222041
2023-09-24 00:00:00+00:00,LINK,1280.5,1294.09,1219.93,1233.51,13211115
2023-09-24 00:00:00+00:00,LTC,166.23,166.94,163.35,164.06,1331411
2023-09-24 00:00:00+00:00,SOL,402.26,429.37,394.73,421.85,2396850
2023-09-24 00:00:00+00:00,XRP,503.08,522.08,469.32,488.32,18676947
2023-09-25 00:00:00+00:00,ADA,2908.09,2956.61,2739.57,2788.09,15454855
2023-09-25 00:00:00+00:00,AVAX,283.97,305.47,283.19,304.68,6621561
2023-09-25 00:00:00+00:00,BCH,45.4,45.85,40.09,40.55,16871077
2023-09-25 00:00:00+00:00,BTC,4246.37,4316.64,4166.81,4237.08,6347010
2023-09-25 00:00:00+00:00,DOGE,4525.1,4806.78,4503.48,4785.16,8250070
2023-09-25 00:00:00+00:00,ETH,6459.44,6462.08,6353.49,6356.12,17564996
2023-09-25 00:00:00+00:00,LINK,1233.51,1234.27,1169.85,1170.6,9634254
2023-09-25 00:00:00+00:00,LTC,164.06,165.95,161.72,163.62,10202716
2023-09-25 00:00:00+00:00,SOL,421.85,423.27,403.91,405.33,8491232
2023-09-25 00:00:00+00:00,XRP,488.32,499.22,485.42,496.31,11764990
2023-09-26 00:00:00+00:00,ADA,2788.09,2838.4,2658.68,2708.99,7186334
2023-09-26 00:00:00+00:00,AVAX,304.68,328.51,294.95,318.78,1079872
2023-09-26 00:00:00+00:00,BCH,40.55,41.26,37.39,38.1,19034316
2023-09-26 00:00:00+00:00,BTC,4237.08,4454.99,4200.84,4418.74,2942149
2023-09-26 00:00:00+00:00,DOGE,4785.16,4911.76,4519.25,4645.84,4816868
2023-09-26 00:00:00+00:00,ETH,6356.12,6505.51,6329.03,6478.41,15515560
2023-09-26 00:00:00+00:00,LINK,1170.6,1217.94,1152.16,1199.51,11807447
2023-09-26 00:00:00+00:00,LTC,163.62,175.69,158.84,170.91,7095303
2023-09-26 00:00:00+00:00,SOL,405.33,417.45,382.06,394.19,11005005
2023-09-26 00:00:00+00:00,XRP,496.31,506.63,484.68,494.99,8136729
2023-09-27 00:00:00+00:00,ADA,2708.99,2767.25,2704.86,2763.12,8097922
2023-09-27 00:00:00+00:00,AVAX,318.78,345.13,315.09,341.44,10668803
2023-09-27 00:00:00+00:00,BCH,38.1,39.64,37.38,38.93,19498175
2023-09-27 00:00:00+00:00,BTC,4418.74,4442.64,4370.36,4394.26,13612451
2023-09-27 00:00:00+00:00,DOGE,4645.84,4664.13,4626.87,4645.16,5482672
2023-09-27 00:00:00+00:00,ETH,6478.41,6845.18,6467.06,6833.83,18237758
2023-09-27 00:00:00+00:00,LINK,1199.51,1262.28,1169.61,1232.38,5626226
2023-09-27 00:00:00+00:00,LTC,170.91,177.12,166.66,172.87,4040307
2023-09-27 00:00:00+00:00,SOL,394.19,409.81,392.7,408.32,1134683
2023-09-27 00:00:00+00:00,XRP,494.99,504.65,473.65,483.31,10386870
2023-09-28 00:00:00+00:00,ADA,2763.12,2803.03,2699.41,2739.33,7508846
2023-09-28 00:00:00+00:00,AVAX,341.44,372.15,313.48,344.18,4761495
2023-09-28 00:00:00+00:00,BCH,38.93,40.45,38.9,40.42,6418381
2023-09-28 00:00:00+00:00,BTC,4394.26,4418.65,4270.95,4295.34,8725854
2023-09-28 00:00:00+00:00,DOGE,4645.16,4788.17,4487.39,4630.4,8257078
2023-09-28 00:00:00+00:00,ETH,6833.83,6846.64,6800.8,6813.62,19567935
2023-09-28 00:00:00+00:00,LINK,1232.38,1283.22,1183.5,1234.34,14138180
2023-09-28 00:00:00+00:00,LTC,172.87,175.77,156.73,159.63,16074112
2023-09-28 00:00:00+00:00,SOL,408.32,429.13,407.02,427.82,18518328
2023-09-28 00:00:00+00:00,XRP,483.31,504.06,481.37,502.12,14187905
2023-09-29 00:00:00+00:00,ADA,2739.33,2791.19,2664.44,2716.3,12620961
2023-09-29 00:00:00+00:00,AVAX,344.18,375.54,334.87,366.23,1495654
2023-09-29 00:00:00+00:00,BCH,40.42,41.64,39.95,41.18,6306967
2023-09-29 00:00:00+00:00,BTC,4295.34,4451.11,3931.77,4087.55,5842641
2023-09-29 00:00:00+00:00,DOGE,4630.4,4694.37,4382.53,4446.51,9664280
2023-09-29 00:00:00+00:00,ETH,6813.62,6881.16,6805.53,6873.07,16088713
2023-09-29 00:00:00+00:00,LINK,1234.34,1255.44,1197.83,1218.93,5439057
2023-09-29 00:00:00+00:00,LTC,159.63,163.75,147.8,151.93,15550202
2023-09-29 00:00:00+00:00,SOL,427.82,439.07,414.04,425.29,5074076
2023-09-29 00:00:00+00:00,XRP,502.12,533.14,500.9,531.92,19607309
2023-09-30 00:00:00+00:00,ADA,2716.3,2808.9,2700.11,2792.71,14124079
2023-09-30 00:00:00+00:00,AVAX,366.23,374.57,362.1,370.43,15460377
2023-09-30 00:00:00+00:00,BCH,41.18,43.66,40.4,42.89,17860337
2023-09-30 00:00:00+00:00,BTC,4087.55,4220.38,3672.49,3805.32,18977927
2023-09-30 00:00:00+00:00,DOGE,4446.51,4465.11,4402.77,4421.36,16034668
2023-09-30 00:00:00+00:00,ETH,6873.07,6961.18,6689.37,6777.48,8214393
2023-09-30 00:00:00+00:00,LINK,1218.93,1265.89,1198.67,1245.63,8840718
2023-09-30 00:00:00+00:00,LTC,151.93,158.57,149.66,156.3,10328852
2023-09-30 00:00:00+00:00,SOL,425.29,447.85,417.6,440.16,2794054
2023-09-30 00:00:00+00:00,XRP,531.92,565.29,509.41,542.78,2544072
2023-10-01 00:00:00+00:00,ADA,2792.71,2852.84,2569.59,2629.72,7413324
2023-10-01 00:00:00+00:00,AVAX,370.43,378.31,341.6,349.48,16797930
2023-10-01 00:00:00+00:00,BCH,42.89,42.89,42.3,42.3,19836229
2023-10-01 00:00:00+00:00,BTC,3805.32,3903.57,3785.33,3883.57,19162708
2023-10-01 00:00:00+00:00,DOGE,4421.36,4464.8,4421.03,4464.47,14372758
2023-10-01 00:00:00+00:00,ETH,6777.48,6859.39,6542.46,6624.37,19516320
2023-10-01 00:00:00+00:00,LINK,1245.63,1263.87,1236.91,1255.15,2313691
2023-10-01 00:00:00+00:00,LTC,156.3,162.04,146.09,151.84,19427505
2023-10-01 00:00:00+00:00,SOL,440.16,457.93,394.7,412.47,6472306
2023-10-01 00:00:00+00:00,XRP,542.78,551.02,536.34,544.58,8733411
2023-10-02 00:00:00+00:00,ADA,2629.72,2643.18,2571.64,2585.11,6858857
2023-10-02 00:00:00+00:00,AVAX,349.48,359.99,339.58,350.1,4253753
2023-10-02 00:00:00+00:00,BCH,42.3,44.23,41.71,43.63,10177596
2023-10-02 00:00:00+00:00,BTC,3883.57,3893.77,3704.51,3714.71,12624762
2023-10-02 00:00:00+00:00,DOGE,4464.47,4780.32,4446.39,4762.24,9885142
2023-10-02 00:00:00+00:00,ETH,6624.37,6815.8,6276.69,6468.11,15185398
2023-10-02 00:00:00+00:00,LINK,1255.15,1322.37,1243.76,1310.98,19700964
2023-10-02 00:00:00+00:00,LTC,151.84,182.59,150.35,181.1,16181652
2023-10-02 00:00:00+00:00,SOL,412.47,449.08,400.2,436.81,8341115
2023-10-02 00:00:00+00:00,XRP,544.58,588.2,532.38,576.0,5363281
2023-10-03 00:00:00+00:00,ADA,2585.11,2651.85,2549.56,2616.3,19382376
2023-10-03 00:00:00+00:00,AVAX,350.1,357.65,331.26,338.82,12342001
2023-10-03 00:00:00+00:00,BCH,43.63,44.81,43.18,44.35,11051106
2023-10-03 00:00:00+00:00,BTC,3714.71,3809.77,3712.26,3807.33,7788240
2023-10-03 00:00:00+00:00,DOGE,4762.24,4836.3,4503.84,4577.89,2097325
2023-10-03 00:00:00+00:00,ETH,6468.11,6531.69,6388.59,6452.17,14666596
2023-10-03 00:00:00+00:00,LINK,1310.98,1323.51,1298.33,1310.86,13455303
2023-10-03 00:00:00+00:00,LTC,181.1,194.24,178.53,191.67,6430067
2023-10-03 00:00:00+00:00,SOL,436.81,447.1,393.65,403.93,15810906
2023-10-03 00:00:00+00:00,XRP,576.0,605.82,565.03,594.86,3115655
2023-10-04 00:00:00+00:00,ADA,2616.3,2699.31,2375.58,2458.59,4357226
2023-10-04 00:00:00+00:00,AVAX,338.82,358.12,326.7,346.0,14676749
2023-10-04 00:00:00+00:00,BCH,44.35,45.32,40.13,41.09,9851567
2023-10-04 00:00:00+00:00,BTC,3807.33,4079.57,3676.64,3948.88,14371904
2023-10-04 00:00:00+00:00,DOGE,4577.89,4725.76,4467.09,4614.96,14915550
2023-10-04 00:00:00+00:00,ETH,6452.17,6501.9,6402.93,6452.66,13684481
2023-10-04 00:00:00+00:00,LINK,1310.86,1349.74,1186.58,1225.46,10266953
2023-10-04 00:00:00+00:00,LTC,191.67,202.57,189.53,200.43,3930259
2023-10-04 00:00:00+00:00,SOL,403.93,415.12,399.12,410.3,16032499
2023-10-04 00:00:00+00:00,XRP,594.86,604.95,556.66,566.75,13294806
2023-10-05 00:00:00+00:00,ADA,2458.59,2505.5,2448.86,2495.77,4663264
2023-10-05 00:00:00+00:00,AVAX,346.0,365.76,331.0,350.75,8246485
2023-10-05 00:00:00+00:00,BCH,41.09,42.22,40.92,42.05,13182760
2023-10-05 00:00:00+00:00,BTC,3948.88,3958.97,3605.63,3615.71,12089612
2023-10-05 00:00:00+00:00,DOGE,4614.96,4780.32,4556.07,4721.43,6396473
2023-10-05 00:00:00+00:00,ETH,6452.66,6521.63,6399.33,6468.29,5685386
2023-10-05 00:00:00+00:00,LINK,1225.46,1247.94,1169.34,1191.81,15062814
2023-10-05 00:00:00+00:00,LTC,200.43,201.73,196.12,197.43,4344372
2023-10-05 00:00:00+00:00,SOL,410.3,441.46,386.09,417.24,5597566
2023-10-05 00:00:00+00:00,XRP,566.75,610.62,556.28,600.15,17293421
2023-10-06 00:00:00+00:00,ADA,2495.77,2573.07,2316.29,2393.59,4153457
2023-10-06 00:00:00+00:00,AVAX,350.75,393.74,346.38,389.36,16250801
2023-10-06 00:00:00+00:00,BCH,42.05,42.2,39.48,39.62,2159308
2023-10-06 00:00:00+00:00,BTC,3615.71,3669.67,3459.11,3513.07,4916089
2023-10-06 00:00:00+00:00,DOGE,4721.43,4893.85,4677.05,4849.47,9028321
2023-10-06 00:00:00+00:00,ETH,6468.29,6482.76,6359.88,6374.35,6919504
2023-10-06 00:00:00+00:00,LINK,1191.81,1232.6,1172.81,1213.6,6847280
2023-10-06 00:00:00+00:00,LTC,197.43,223.03,188.42,214.03,7380405
2023-10-06 00:00:00+00:00,SOL,417.24,423.12,388.63,394.51,13321580
2023-10-06 00:00:00+00:00,XRP,600.15,668.99,587.18,656.02,3152893
2023-10-07 00:00:00+00:00,ADA,2393.59,2550.59,2368.84,2525.85,6893061
2023-10-07 00:00:00+00:00,AVAX,389.36,390.1,374.87,375.61,12309129
2023-10-07 00:00:00+00:00,BCH,39.62,40.43,36.84,37.65,2437601
2023-10-07 00:00:00+00:00,BTC,3513.07,3693.64,3467.7,3648.26,7162104
2023-10-07 00:00:00+00:00,DOGE,4849.47,4994.65,4805.49,4950.67,4386646
2023-10-07 00:00:00+00:00,ETH,6374.35,6416.27,6226.48,6268.4,13384731
2023-10-07 00:00:00+00:00,LINK,1213.6,1326.44,1171.31,1284.15,1283179
2023-10-07 00:00:00+00:00,LTC,214.03,218.86,191.31,196.14,4358120
2023-10-07 00:00:00+00:00,SOL,394.51,396.67,393.56,395.71,9211561
2023-10-07 00:00:00+00:00,XRP,656.02,667.2,652.99,664.17,7082220
2023-10-08 00:00:00+00:00,ADA,2525.85,2534.74,2456.52,2465.41,18306021
2023-10-08 00:00:00+00:00,AVAX,375.61,388.62,367.86,380.88,7469634
2023-10-08 00:00:00+00:00,BCH,37.65,39.95,37.27,39.57,5916117
2023-10-08 00:00:00+00:00,BTC,3648.26,3778.24,3566.72,3696.7,1359670
2023-10-08 00:00:00+00:00,DOGE,4950.67,5203.64,4911.61,5164.58,13455909
2023-10-08 00:00:00+00:00,ETH,6268.4,6363.74,6189.76,6285.1,10755222
2023-10-08 00:00:00+00:00,LINK,1284.15,1287.37,1283.04,1286.26,11973199
2023-10-08 00:00:00+00:00,LTC,196.14,197.02,193.24,194.12,19160518
2023-10-08 00:00:00+00:00,SOL,395.71,408.34,394.44,407.07,7349339
2023-10-08 00:00:00+00:00,XRP,664.17,687.63,661.0,684.47,1152648
2023-10-09 00:00:00+00:00,ADA,2465.41,2522.05,2343.9,2400.54,5272887
2023-10-09 00:00:00+00:00,AVAX,380.88,396.04,363.57,378.73,11394807
2023-10-09 00:00:00+00:00,BCH,39.57,41.66,39.03,41.12,10089845
2023-10-09 00:00:00+00:00,BTC,3696.7,3977.53,3654.74,3935.56,3059184
2023-10-09 00:00:00+00:00,DOGE,5164.58,5196.34,5147.04,5178.8,14825118
2023-10-09 00:00:00+00:00,ETH,6285.1,6555.39,6264.27,6534.55,8915636
2023-10-09 00:00:00+00:00,LINK,1286.26,1307.98,1281.87,1303.59,13471687
2023-10-09 00:00:00+00:00,LTC,194.12,208.59,191.62,206.09,5361464
2023-10-09 00:00:00+00:00,SOL,407.07,419.08,392.46,404.47,5309379
2023-10-09 00:00:00+00:00,XRP,684.47,684.99,679.4,679.92,7468414
2023-10-10 00:00:00+00:00,ADA,2400.54,2489.71,2149.42,2238.58,6966162
2023-10-10 00:00:00+00:00,AVAX,378.73,408.18,377.86,407.31,17678029
2023-10-10 00:00:00+00:00,BCH,41.12,44.9,39.29,43.07,2461161
2023-10-10 00:00:00+00:00,BTC,3935.56,4060.21,3739.37,3864.02,15582820
2023-10-10 00:00:00+00:00,DOGE,5178.8,5191.86,5178.74,5191.8,8175005
2023-10-10 00:00:00+00:00,ETH,6534.55,6560.97,6320.91,6347.32,2873407
2023-10-10 00:00:00+00:00,LINK,1303.59,1330.08,1292.97,1319.45,15742901
2023-10-10 00:00:00+00:00,LTC,206.09,223.48,200.4,217.78,4535652
2023-10-10 00:00:00+00:00,SOL,404.47,411.69,382.26,389.48,4161481
2023-10-10 00:00:00+00:00,XRP,679.92,691.15,657.75,668.98,15211431
2023-10-11 00:00:00+00:00,ADA,2238.58,2304.06,2109.18,2174.66,10267938
2023-10-11 00:00:00+00:00,AVAX,407.31,416.06,402.61,411.36,8710685
2023-10-11 00:00:00+00:00,BCH,43.07,45.14,41.98,44.04,10753542
2023-10-11 00:00:00+00:00,BTC,3864.02,3984.43,3766.94,3887.36,1711750
2023-10-11 00:00:00+00:00,DOGE,5191.8,5271.31,5070.51,5150.02,14127571
2023-10-11 00:00:00+00:00,ETH,6347.32,6425.68,6286.98,6365.34,3201289
2023-10-11 00:00:00+00:00,LINK,1319.45,1322.85,1306.58,1309.97,1636712
2023-10-11 00:00:00+00:00,LTC,217.78,230.85,209.37,222.44,18224559
2023-10-11 00:00:00+00:00,SOL,389.48,400.57,374.28,385.37,12759438
2023-10-11 00:00:00+00:00,XRP,668.98,714.12,636.25,681.4,8434378
2023-10-12 00:00:00+00:00,ADA,2174.66,2207.6,2132.55,2165.49,15127200
2023-10-12 00:00:00+00:00,AVAX,411.36,418.32,352.3,359.26,14200122
2023-10-12 00:00:00+00:00,BCH,44.04,45.85,43.29,45.09,6723998
2023-10-12 00:00:00+00:00,BTC,3887.36,4226.64,3863.48,4202.75,4559016
2023-10-12 00:00:00+00:00,DOGE,5150.02,5158.37,5059.64,5067.99,12450078
2023-10-12 00:00:00+00:00,ETH,6365.34,6436.54,6314.87,6386.08,1791269
2023-10-12 00:00:00+00:00,LINK,1309.97,1327.4,1304.09,1321.52,5061943
2023-10-12 00:00:00+00:00,LTC,222.44,228.33,212.55,218.44,14384900
2023-10-12 00:00:00+00:00,SOL,385.37,387.39,373.85,375.86,9851126
2023-10-12 00:00:00+00:00,XRP,681.4,733.71,671.18,723.5,3542399
2023-10-13 00:00:00+00:00,ADA,2165.49,2189.77,1946.9,1971.19,9378868
2023-10-13 00:00:00+00:00,AVAX,359.26,370.06,314.15,324.96,18989574
2023-10-13 00:00:00+00:00,BCH,45.09,47.61,44.5,47.02,17021773
2023-10-13 00:00:00+00:00,BTC,4202.75,4270.42,3922.4,3990.07,9965665
2023-10-13 00:00:00+00:00,DOGE,5067.99,5080.54,4920.04,4932.59,17392129
2023-10-13 00:00:00+00:00,ETH,6386.08,6440.61,6122.63,6177.16,3613166
2023-10-13 00:00:00+00:00,LINK,1321.52,1388.62,1291.83,1358.93,1080418
2023-10-13 00:00:00+00:00,LTC,218.44,230.97,192.37,204.89,8126867
2023-10-13 00:00:00+00:00,SOL,375.86,396.27,362.92,383.32,10188873
2023-10-13 00:00:00+00:00,XRP,723.5,726.87,717.02,720.4,10948842
2023-10-14 00:00:00+00:00,ADA,1971.19,2023.7,1926.77,1979.28,5729677
2023-10-14 00:00:00+00:00,AVAX,324.96,325.65,316.32,317.01,9423233
2023-10-14 00:00:00+00:00,BCH,47.02,47.09,46.85,46.93,6864869
2023-10-14 00:00:00+00:00,BTC,3990.07,4126.55,3937.47,4073.95,19689331
2023-10-14 00:00:00+00:00,DOGE,4932.59,5248.15,4844.29,5159.85,15065675
2023-10-14 00:00:00+00:00,ETH,6177.16,6215.88,6141.93,6180.65,5123085
2023-10-14 00:00:00+00:00,LINK,1358.93,1403.83,1345.62,1390.52,1762613
2023-10-14 00:00:00+00:00,LTC,204.89,222.33,204.15,221.59,4984294
2023-10-14 00:00:00+00:00,SOL,383.32,393.3,379.21,389.19,1870737
2023-10-14 00:00:00+00:00,XRP,720.4,745.86,717.74,743.2,16964474
2023-10-15 00:00:00+00:00,ADA,1979.28,2032.98,1973.29,2026.99,18153467
2023-10-15 00:00:00+00:00,AVAX,317.01,350.82,309.23,343.04,2746246
2023-10-15 00:00:00+00:00,BCH,46.93,48.62,46.83,48.52,5611511
2023-10-15 00:00:00+00:00,BTC,4073.95,4292.77,3992.8,4211.62,3015660
2023-10-15 00:00:00+00:00,DOGE,5159.85,5378.55,5101.39,5320.08,8465318
2023-10-15 00:00:00+00:00,ETH,6180.65,6233.01,5877.7,5930.06,13156708
2023-10-15 00:00:00+00:00,LINK,1390.52,1421.23,1384.83,1415.54,12105973
2023-10-15 00:00:00+00:00,LTC,221.59,230.03,217.0,225.44,12866371
2023-10-15 00:00:00+00:00,SOL,389.19,395.65,377.01,383.47,6786215
2023-10-15 00:00:00+00:00,XRP,743.2,784.84,727.19,768.83,16700671
2023-10-16 00:00:00+00:00,ADA,2026.99,2146.59,2007.4,2127.0,16763463
2023-10-16 00:00:00+00:00,AVAX,343.04,353.72,331.81,342.49,8628599
2023-10-16 00:00:00+00:00,BCH,48.52,51.41,47.67,50.56,5845847
2023-10-16 00:00:00+00:00,BTC,4211.62,4307.85,4048.36,4144.59,12592478
2023-10-16 00:00:00+00:00,DOGE,5320.08,5390.99,5106.24,5177.15,6100527
2023-10-16 00:00:00+00:00,ETH,5930.06,6267.94,5865.79,6203.67,7756055
2023-10-16 00:00:00+00:00,LINK,1415.54,1519.32,1369.06,1472.84,2068102
2023-10-16 00:00:00+00:00,LTC,225.44,239.13,220.34,234.04,3666168
2023-10-16 00:00:00+00:00,SOL,383.47,396.46,359.23,372.22,12135476
2023-10-16 00:00:00+00:00,XRP,768.83,785.32,745.5,761.99,1380444
2023-10-17 00:00:00+00:00,ADA,2127.0,2175.48,2098.88,2147.36,8732203
2023-10-17 00:00:00+00:00,AVAX,342.49,369.79,337.72,365.02,4760374
2023-10-17 00:00:00+00:00,BCH,50.56,54.84,49.68,53.96,1070443
2023-10-17 00:00:00+00:00,BTC,4144.59,4199.62,4116.26,4171.29,4416197
2023-10-17 00:00:00+00:00,DOGE,5177.15,5202.74,5055.78,5081.36,13482987
2023-10-17 00:00:00+00:00,ETH,6203.67,6455.6,6148.13,6400.06,15182877
2023-10-17 00:00:00+00:00,LINK,1472.84,1509.34,1433.56,1470.06,6938607
2023-10-17 00:00:00+00:00,LTC,234.04,243.25,213.16,222.37,7439198
2023-10-17 00:00:00+00:00,SOL,372.22,400.89,358.37,387.03,12797662
2023-10-17 00:00:00+00:00,XRP,761.99,809.31,727.58,774.9,10743305
2023-10-18 00:00:00+00:00,ADA,2147.36,2150.16,2112.42,2115.21,9299312
2023-10-18 00:00:00+00:00,AVAX,365.02,378.35,358.01,371.35,1329404
2023-10-18 00:00:00+00:00,BCH,53.96,54.71,53.52,54.27,8956562
2023-10-18 00:00:00+00:00,BTC,4171.29,4276.27,3999.64,4104.62,12568611
2023-10-18 00:00:00+00:00,DOGE,5081.36,5196.66,4818.93,4934.23,12255347
2023-10-18 00:00:00+00:00,ETH,6400.06,6507.6,6396.03,6503.57,4119325
2023-10-18 00:00:00+00:00,LINK,1470.06,1516.27,1443.28,1489.49,17912945
2023-10-18 00:00:00+00:00,LTC,222.37,246.92,216.71,241.26,18689002
2023-10-18 00:00:00+00:00,SOL,387.03,395.12,367.41,375.49,13089120
2023-10-18 00:00:00+00:00,XRP,774.9,801.73,677.8,704.63,7791093
2023-10-19 00:00:00+00:00,ADA,2115.21,2185.76,2071.0,2141.54,11562994
2023-10-19 00:00:00+00:00,AVAX,371.35,384.87,361.83,375.35,5870997
2023-10-19 00:00:00+00:00,BCH,54.27,57.12,53.54,56.38,12180739
2023-10-19 00:00:00+00:00,BTC,4104.62,4169.04,4023.48,4087.9,5726687
2023-10-19 00:00:00+00:00,DOGE,4934.23,5212.47,4868.71,5146.96,14783992
2023-10-19 00:00:00+00:00,ETH,6503.57,6799.6,6401.95,6697.98,17334688
2023-10-19 00:00:00+00:00,LINK,1489.49,1549.79,1457.03,1517.33,17654139
2023-10-19 00:00:00+00:00,LTC,241.26,255.74,223.17,237.66,6918851
2023-10-19 00:00:00+00:00,SOL,375.49,381.54,368.22,374.27,9591580
2023-10-19 00:00:00+00:00,XRP,704.63,714.29,701.31,710.97,6710991
2023-10-20 00:00:00+00:00,ADA,2141.54,2188.51,2136.0,2182.97,16501225
2023-10-20 00:00:00+00:00,AVAX,375.35,375.89,361.19,361.73,9252446
2023-10-20 00:00:00+00:00,BCH,56.38,59.0,55.76,58.38,4007073
2023-10-20 00:00:00+00:00,BTC,4087.9,4271.28,3941.17,4124.54,7938113
2023-10-20 00:00:00+00:00,DOGE,5146.96,5369.12,5067.16,5289.32,15981673
2023-10-20 00:00:00+00:00,ETH,6697.98,6729.49,6552.25,6583.76,17121190
2023-10-20 00:00:00+00:00,LINK,1517.33,1561.36,1466.47,1510.49,12522095
2023-10-20 00:00:00+00:00,LTC,237.66,240.81,237.62,240.77,13703980
2023-10-20 00:00:00+00:00,SOL,374.27,407.63,369.49,402.85,3655919
2023-10-20 00:00:00+00:00,XRP,710.97,736.61,684.75,710.39,16098760
2023-10-21 00:00:00+00:00,ADA,2182.97,2322.63,2151.52,2291.18,9827022
2023-10-21 00:00:00+00:00,AVAX,361.73,371.87,339.02,349.16,16212931
2023-10-21 00:00:00+00:00,BCH,58.38,59.16,55.36,56.14,10380597
2023-10-21 00:00:00+00:00,BTC,4124.54,4160.68,4101.16,4137.3,3456438
2023-10-21 00:00:00+00:00,DOGE,5289.32,5549.08,5086.24,5346.0,19949302
2023-10-21 00:00:00+00:00,ETH,6583.76,6643.61,6476.84,6536.69,12796023
2023-10-21 00:00:00+00:00,LINK,1510.49,1554.22,1455.58,1499.31,13968638
2023-10-21 00:00:00+00:00,LTC,240.77,241.79,219.8,220.82,17205988
2023-10-21 00:00:00+00:00,SOL,402.85,418.78,402.51,418.43,7652916
2023-10-21 00:00:00+00:00,XRP,710.39,792.59,684.79,766.99,2898508
2023-10-22 00:00:00+00:00,ADA,2291.18,2304.55,2231.98,2245.35,12989549
2023-10-22 00:00:00+00:00,AVAX,349.16,362.66,341.3,354.8,15032254
2023-10-22 00:00:00+00:00,BCH,56.14,58.55,55.46,57.87,6794334
2023-10-22 00:00:00+00:00,BTC,4137.3,4308.15,4099.24,4270.1,14682733
2023-10-22 00:00:00+00:00,DOGE,5346.0,5720.77,5281.47,5656.24,3354292
2023-10-22 00:00:00+00:00,ETH,6536.69,6576.64,6491.47,6531.42,18996905
2023-10-22 00:00:00+00:00,LINK,1499.31,1513.12,1406.37,1420.19,9331567
2023-10-22 00:00:00+00:00,LTC,220.82,222.83,202.26,204.28,9233400
2023-10-22 00:00:00+00:00,SOL,418.43,420.28,376.38,378.23,14662817
2023-10-22 00:00:00+00:00,XRP,766.99,786.86,756.11,775.98,4237091
2023-10-23 00:00:00+00:00,ADA,2245.35,2354.58,2223.56,2332.79,8545864
2023-10-23 00:00:00+00:00,AVAX,354.8,381.0,345.13,371.33,5901582
2023-10-23 00:00:00+00:00,BCH,57.87,58.37,57.6,58.09,13898033
2023-10-23 00:00:00+00:00,BTC,4270.1,4389.09,4138.06,4257.05,15612358
2023-10-23 00:00:00+00:00,DOGE,5656.24,6137.63,5563.85,6045.24,6765560
2023-10-23 00:00:00+00:00,ETH,6531.42,6688.96,6528.82,6686.37,14641905
2023-10-23 00:00:00+00:00,LINK,1420.19,1444.4,1409.78,1433.99,1721016
2023-10-23 00:00:00+00:00,LTC,204.28,208.19,195.53,199.44,3045871
2023-10-23 00:00:00+00:00,SOL,378.23,391.43,364.27,377.48,3253604
2023-10-23 00:00:00+00:00,XRP,775.98,801.69,699.93,725.64,16330705
2023-10-24 00:00:00+00:00,ADA,2332.79,2441.38,2304.68,2413.28,14511626
2023-10-24 00:00:00+00:00,AVAX,371.33,397.47,367.14,393.28,13650002
2023-10-24 00:00:00+00:00,BCH,58.09,59.66,54.0,55.57,2615383
2023-10-24 00:00:00+00:00,BTC,4257.05,4447.17,4233.32,4423.44,1752930
2023-10-24 00:00:00+00:00,DOGE,6045.24,6211.97,6037.92,6204.65,4116860
2023-10-24 00:00:00+00:00,ETH,6686.37,7280.75,6380.7,6975.08,3594534
2023-10-24 00:00:00+00:00,LINK,1433.99,1437.16,1355.5,1358.67,18842216
2023-10-24 00:00:00+00:00,LTC,199.44,202.1,193.31,195.96,1477708
2023-10-24 00:00:00+00:00,SOL,377.48,415.51,351.41,389.44,15451744
2023-10-24 00:00:00+00:00,XRP,725.64,728.61,716.0,718.97,19634515
2023-10-25 00:00:00+00:00,ADA,2413.28,2603.34,2406.09,2596.16,19552124
2023-10-25 00:00:00+00:00,AVAX,393.28,398.96,388.3,393.98,16252874
2023-10-25 00:00:00+00:00,BCH,55.57,56.41,53.34,54.18,18510002
2023-10-25 00:00:00+00:00,BTC,4423.44,4731.46,4372.09,4680.11,10437277
2023-10-25 00:00:00+00:00,DOGE,6204.65,6231.65,6031.14,6058.14,19644790
2023-10-25 00:00:00+00:00,ETH,6975.08,7163.24,6740.56,6928.72,10735824
2023-10-25 00:00:00+00:00,LINK,1358.67,1405.05,1209.23,1255.61,16881039
2023-10-25 00:00:00+00:00,LTC,195.96,211.76,189.61,205.4,4400054
2023-10-25 00:00:00+00:00,SOL,389.44,396.81,359.86,367.23,18416321
2023-10-25 00:00:00+00:00,XRP,718.97,741.02,703.7,725.75,17802646
2023-10-26 00:00:00+00:00,ADA,2596.16,2770.71,2470.86,2645.42,7469532
2023-10-26 00:00:00+00:00,AVAX,393.98,394.06,364.35,364.43,18383062
2023-10-26 00:00:00+00:00,BCH,54.18,57.52,51.95,55.3,10072604
2023-10-26 00:00:00+00:00,BTC,4680.11,4825.29,4352.37,4497.56,16486486
2023-10-26 00:00:00+00:00,DOGE,6058.14,6130.4,5877.41,5949.67,18993807
2023-10-26 00:00:00+00:00,ETH,6928.72,7051.13,6370.23,6492.64,12687031
2023-10-26 00:00:00+00:00,LINK,1255.61,1299.4,1248.45,1292.24,9580428
2023-10-26 00:00:00+00:00,LTC,205.4,208.34,195.19,198.13,19048473
2023-10-26 00:00:00+00:00,SOL,367.23,371.18,360.99,364.94,11726395
2023-10-26 00:00:00+00:00,XRP,725.75,749.88,678.27,702.4,6889632
2023-10-27 00:00:00+00:00,ADA,2645.42,2665.97,2577.13,2597.68,4359739
2023-10-27 00:00:00+00:00,AVAX,364.43,372.61,336.11,344.29,8770062
2023-10-27 00:00:00+00:00,BCH,55.3,57.36,54.8,56.86,5654329
2023-10-27 00:00:00+00:00,BTC,4497.56,4550.82,4340.66,4393.92,15794600
2023-10-27 00:00:00+00:00,DOGE,5949.67,6058.23,5699.58,5808.14,11268045
2023-10-27 00:00:00+00:00,ETH,6492.64,6612.01,6448.75,6568.12,7451726
2023-10-27 00:00:00+00:00,LINK,1292.24,1342.02,1252.23,1302.01,14687737
2023-10-27 00:00:00+00:00,LTC,198.13,198.54,166.82,167.24,4397266
2023-10-27 00:00:00+00:00,SOL,364.94,366.8,333.11,334.96,7661239
2023-10-27 00:00:00+00:00,XRP,702.4,717.15,695.56,710.31,8372326
2023-10-28 00:00:00+00:00,ADA,2597.68,2618.49,2508.78,2529.59,6050797
2023-10-28 00:00:00+00:00,AVAX,344.29,378.97,313.67,348.35,11625048
2023-10-28 00:00:00+00:00,BCH,56.86,59.81,53.67,56.62,2663740
2023-10-28 00:00:00+00:00,BTC,4393.92,4655.77,4262.28,4524.13,7700000
2023-10-28 00:00:00+00:00,DOGE,5808.14,6181.35,5751.19,6124.4,8221128
2023-10-28 00:00:00+00:00,ETH,6568.12,6601.52,6429.39,6462.79,17215358
2023-10-28 00:00:00+00:00,LINK,1302.01,1378.71,1281.34,1358.05,10926343
2023-10-28 00:00:00+00:00,LTC,167.24,194.09,157.89,184.75,17799462
2023-10-28 00:00:00+00:00,SOL,334.96,339.51,300.32,304.87,17689795
2023-10-28 00:00:00+00:00,XRP,710.31,717.29,640.48,647.46,3512738
2023-10-29 00:00:00+00:00,ADA,2529.59,2532.31,2439.53,2442.26,1008602
2023-10-29 00:00:00+00:00,AVAX,348.35,366.83,343.27,361.75,12177823
2023-10-29 00:00:00+00:00,BCH,56.62,56.63,54.32,54.33,12320701
2023-10-29 00:00:00+00:00,BTC,4524.13,4630.81,4479.97,4586.65,17750561
2023-10-29 00:00:00+00:00,DOGE,6124.4,6275.8,5819.26,5970.66,3850888
2023-10-29 00:00:00+00:00,ETH,6462.79,6591.13,6108.29,6236.63,8653506
2023-10-29 00:00:00+00:00,LINK,1358.05,1394.39,1331.67,1368.02,3268278
2023-10-29 00:00:00+00:00,LTC,184.75,193.42,164.87,173.54,15076403
2023-10-29 00:00:00+00:00,SOL,304.87,340.64,292.51,328.28,15691389
2023-10-29 00:00:00+00:00,XRP,647.46,658.47,597.37,608.39,14482039
2023-10-30 00:00:00+00:00,ADA,2442.26,2506.45,2231.5,2295.69,12356626
2023-10-30 00:00:00+00:00,AVAX,361.75,415.5,335.58,389.33,1865324
2023-10-30 00:00:00+00:00,BCH,54.33,57.29,49.08,52.04,8613127
2023-10-30 00:00:00+00:00,BTC,4586.65,4773.19,4425.03,4611.58,12418364
2023-10-30 00:00:00+00:00,DOGE,5970.66,5980.62,5891.2,5901.16,13716264
2023-10-30 00:00:00+00:00,ETH,6236.63,6285.06,6171.67,6220.1,8791714
2023-10-30 00:00:00+00:00,LINK,1368.02,1405.11,1307.32,1344.41,17450664
2023-10-30 00:00:00+00:00,LTC,173.54,181.9,142.44,150.8,5934892
2023-10-30 00:00:00+00:00,SOL,328.28,329.14,305.93,306.79,16627003
2023-10-30 00:00:00+00:00,XRP,608.39,637.16,581.96,610.73,12883785
2023-10-31 00:00:00+00:00,ADA,2295.69,2401.8,2278.65,2384.77,3898192
2023-10-31 00:00:00+00:00,AVAX,389.33,399.19,366.34,376.2,19249717
2023-10-31 00:00:00+00:00,BCH,52.04,53.3,50.35,51.61,9869001
2023-10-31 00:00:00+00:00,BTC,4611.58,4649.8,4574.79,4613.01,2256911
2023-10-31 00:00:00+00:00,DOGE,5901.16,6001.21,5887.54,5987.59,1242309
2023-10-31 00:00:00+00:00,ETH,6220.1,6408.1,6175.28,6363.28,9175127
2023-10-31 00:00:00+00:00,LINK,1344.41,1365.39,1322.15,1343.14,5153064
2023-10-31 00:00:00+00:00,LTC,150.8,156.45,124.97,130.62,7093274
2023-10-31 00:00:00+00:00,SOL,306.79,325.66,297.88,316.74,11815649
2023-10-31 00:00:00+00:00,XRP,610.73,613.76,601.13,604.16,6105467
2023-11-01 00:00:00+00:00,ADA,2384.77,2390.16,2230.93,2236.32,9513649
2023-11-01 00:00:00+00:00,AVAX,376.2,376.96,373.87,374.62,15126476
2023-11-01 00:00:00+00:00,BCH,51.61,52.18,50.89,51.46,3902748
2023-11-01 00:00:00+00:00,BTC,4613.01,4637.12,4588.86,4612.97,9296093
2023-11-01 00:00:00+00:00,DOGE,5987.59,6144.52,5690.26,5847.19,14265923
2023-11-01 00:00:00+00:00,ETH,6363.28,6535.38,6151.62,6323.72,16743605
2023-11-01 00:00:00+00:00,LINK,1343.14,1402.4,1254.05,1313.32,12876641
2023-11-01 00:00:00+00:00,LTC,130.62,131.73,118.68,119.78,7677739
2023-11-01 00:00:00+00:00,SOL,316.74,320.6,315.73,319.59,15006002
2023-11-01 00:00:00+00:00,XRP,604.16,613.96,583.82,593.63,14535952
2023-11-02 00:00:00+00:00,ADA,2236.32,2262.68,2227.04,2253.41,17525755
2023-11-02 00:00:00+00:00,AVAX,374.62,380.11,361.18,366.67,17974067
2023-11-02 00:00:00+00:00,BCH,51.46,55.28,49.78,53.6,15749204
2023-11-02 00:00:00+00:00,BTC,4612.97,4739.02,4596.79,4722.83,13751070
2023-11-02 00:00:00+00:00,DOGE,5847.19,6215.42,5767.27,6135.51,3460782
2023-11-02 00:00:00+00:00,ETH,6323.72,6386.53,5947.08,6009.88,1670322
2023-11-02 00:00:00+00:00,LINK,1313.32,1330.38,1262.56,1279.63,10943989
2023-11-02 00:00:00+00:00,LTC,119.78,126.1,112.73,119.04,2802507
2023-11-02 00:00:00+00:00,SOL,319.59,323.59,316.63,320.62,5269050
2023-11-02 00:00:00+00:00,XRP,593.63,607.93,541.85,556.16,7019553
2023-11-03 00:00:00+00:00,ADA,2253.41,2257.48,2197.14,2201.21,12138355
2023-11-03 00:00:00+00:00,AVAX,366.67,380.38,363.11,376.83,16363676
2023-11-03 00:00:00+00:00,BCH,53.6,58.28,53.34,58.01,11699168
2023-11-03 00:00:00+00:00,BTC,4722.83,4857.89,4600.92,4735.98,6506924
2023-11-03 00:00:00+00:00,DOGE,6135.51,6380.74,6029.29,6274.52,2813646
2023-11-03 00:00:00+00:00,ETH,6009.88,6019.12,5948.57,5957.81,2598668
2023-11-03 00:00:00+00:00,LINK,1279.63,1302.48,1251.04,1273.9,19000209
2023-11-03 00:00:00+00:00,LTC,119.04,123.65,110.54,115.15,2229354
2023-11-03 00:00:00+00:00,SOL,320.62,334.77,310.45,324.6,1351950
2023-11-03 00:00:00+00:00,XRP,556.16,564.59,532.93,541.36,3424789
2023-11-04 00:00:00+00:00,ADA,2201.21,2307.46,2168.51,2274.76,13278191
2023-11-04 00:00:00+00:00,AVAX,376.83,391.12,370.18,384.47,8744007
2023-11-04 00:00:00+00:00,BCH,58.01,64.19,54.69,60.87,13201060
2023-11-04 00:00:00+00:00,BTC,4735.98,5213.33,4556.3,5033.66,12187310
2023-11-04 00:00:00+00:00,DOGE,6274.52,6278.48,6254.85,6258.81,16042384
2023-11-04 00:00:00+00:00,ETH,5957.81,6193.01,5885.93,6121.13,18297921
2023-11-04 00:00:00+00:00,LINK,1273.9,1361.58,1256.03,1343.71,10601247
2023-11-04 00:00:00+00:00,LTC,115.15,117.95,110.6,113.41,18708541
2023-11-04 00:00:00+00:00,SOL,324.6,362.51,318.22,356.14,15601243
2023-11-04 00:00:00+00:00,XRP,541.36,543.51,489.13,491.28,8386229
2023-11-05 00:00:00+00:00,ADA,2274.76,2290.45,2246.55,2262.25,6471189
2023-11-05 00:00:00+00:00,AVAX,384.47,408.86,377.18,401.57,3398314
2023-11-05 00:00:00+00:00,BCH,60.87,65.1,60.41,64.65,10763662
2023-11-05 00:00:00+00:00,BTC,5033.66,5350.35,4928.78,5245.48,17615476
2023-11-05 00:00:00+00:00,DOGE,6258.81,6323.05,6115.09,6179.33,13366997
2023-11-05 00:00:00+00:00,ETH,6121.13,6422.68,6007.1,6308.65,1668003
2023-11-05 00:00:00+00:00,LINK,1343.71,1358.63,1299.9,1314.82,10359967
2023-11-05 00:00:00+00:00,LTC,113.41,117.94,112.68,117.21,5786516
2023-11-05 00:00:00+00:00,SOL,356.14,360.25,317.85,321.97,15508629
2023-11-05 00:00:00+00:00,XRP,491.28,522.97,473.79,505.48,10166079
2023-11-06 00:00:00+00:00,ADA,2262.25,2313.03,2062.37,2113.15,15742813
2023-11-06 00:00:00+00:00,AVAX,401.57,425.7,389.75,413.88,8155811
2023-11-06 00:00:00+00:00,BCH,64.65,67.2,60.63,63.19,9598148
2023-11-06 00:00:00+00:00,BTC,5245.48,5319.39,5047.59,5121.5,16310034
2023-11-06 00:00:00+00:00,DOGE,6179.33,6253.17,6169.4,6243.24,3917527
2023-11-06 00:00:00+00:00,ETH,6308.65,6331.5,6227.53,6250.38,19690111
2023-11-06 00:00:00+00:00,LINK,1314.82,1329.52,1259.9,1274.6,7695212
2023-11-06 00:00:00+00:00,LTC,117.21,124.22,109.59,116.6,19116461
2023-11-06 00:00:00+00:00,SOL,321.97,327.36,301.14,306.54,8969715
2023-11-06 00:00:00+00:00,XRP,505.48,515.47,505.04,515.04,8943325
2023-11-07 00:00:00+00:00,ADA,2113.15,2123.82,1984.32,1994.99,18921557
2023-11-07 00:00:00+00:00,AVAX,413.88,427.35,379.9,393.38,18746742
2023-11-07 00:00:00+00:00,BCH,63.19,64.7,61.27,62.78,19470241
2023-11-07 00:00:00+00:00,BTC,5121.5,5378.83,5018.55,5275.88,1694116
2023-11-07 00:00:00+00:00,DOGE,6243.24,6348.48,5980.62,6085.86,6204001
2023-11-07 00:00:00+00:00,ETH,6250.38,6349.88,5990.81,6090.31,7483645
2023-11-07 00:00:00+00:00,LINK,1274.6,1300.51,1256.4,1282.31,9624037
2023-11-07 00:00:00+00:00,LTC,116.6,128.72,114.31,126.42,2046640
2023-11-07 00:00:00+00:00,SOL,306.54,307.64,278.09,279.19,6903536
2023-11-07 00:00:00+00:00,XRP,515.04,529.52,513.16,527.64,5879038
2023-11-08 00:00:00+00:00,ADA,1994.99,2042.54,1964.06,2011.61,14068835
2023-11-08 00:00:00+00:00,AVAX,393.38,445.27,384.32,436.21,10664497
2023-11-08 00:00:00+00:00,BCH,62.78,65.79,58.05,61.06,3253802
2023-11-08 00:00:00+00:00,BTC,5275.88,5584.54,4810.63,5119.29,2084520
2023-11-08 00:00:00+00:00,DOGE,6085.86,6217.67,5845.41,5977.22,15297246
2023-11-08 00:00:00+00:00,ETH,6090.31,6092.84,6017.96,6020.49,19363766
2023-11-08 00:00:00+00:00,LINK,1282.31,1344.38,1269.92,1331.98,1432828
2023-11-08 00:00:00+00:00,LTC,126.42,128.59,120.6,122.77,10292870
2023-11-08 00:00:00+00:00,SOL,279.19,281.68,256.29,258.78,5133814
2023-11-08 00:00:00+00:00,XRP,527.64,537.85,524.74,534.95,7143085
2023-11-09 00:00:00+00:00,ADA,2011.61,2019.0,1970.15,1977.54,12645012
2023-11-09 00:00:00+00:00,AVAX,436.21,444.86,394.4,403.05,8600384
2023-11-09 00:00:00+00:00,BCH,61.06,62.81,60.57,62.32,2897582
2023-11-09 00:00:00+00:00,BTC,5119.29,5466.77,4966.27,5313.75,15176638
2023-11-09 00:00:00+00:00,DOGE,5977.22,6190.33,5637.94,5851.05,6300328
2023-11-09 00:00:00+00:00,ETH,6020.49,6109.36,5947.29,6036.16,2458572
2023-11-09 00:00:00+00:00,LINK,1331.98,1375.88,1316.21,1360.11,19785361
2023-11-09 00:00:00+00:00,LTC,122.77,124.15,105.89,107.27,2705610
2023-11-09 00:00:00+00:00,SOL,258.78,263.61,252.79,257.62,8622696
2023-11-09 00:00:00+00:00,XRP,534.95,555.21,533.37,553.64,12778541
2023-11-10 00:00:00+00:00,ADA,1977.54,2017.9,1893.5,1933.86,3354976
2023-11-10 00:00:00+00:00,AVAX,403.05,415.66,392.65,405.26,8095622
2023-11-10 00:00:00+00:00,BCH,62.32,63.74,60.04,61.46,3228316
2023-11-10 00:00:00+00:00,BTC,5313.75,5335.62,5215.68,5237.55,13435121
2023-11-10 00:00:00+00:00,DOGE,5851.05,5968.07,5740.84,5857.85,16787727
2023-11-10 00:00:00+00:00,ETH,6036.16,6141.61,5973.02,6078.47,17092908
2023-11-10 00:00:00+00:00,LINK,1360.11,1380.86,1348.24,1368.99,2783485
2023-11-10 00:00:00+00:00,LTC,107.27,118.14,98.58,109.44,19243865
2023-11-10 00:00:00+00:00,SOL,257.62,265.36,248.42,256.16,8420049
2023-11-10 00:00:00+00:00,XRP,553.64,568.14,520.3,534.81,9900923
2023-11-11 00:00:00+00:00,ADA,1933.86,1967.85,1834.24,1868.24,16364808
2023-11-11 00:00:00+00:00,AVAX,405.26,412.48,393.22,400.45,15028996
2023-11-11 00:00:00+00:00,BCH,61.46,64.01,60.01,62.57,14291005
2023-11-11 00:00:00+00:00,BTC,5237.55,5378.7,5224.08,5365.23,10034141
2023-11-11 00:00:00+00:00,DOGE,5857.85,6096.65,5766.83,6005.63,10519629
2023-11-11 00:00:00+00:00,ETH,6078.47,6240.81,5973.75,6136.09,11904696
2023-11-11 00:00:00+00:00,LINK,1368.99,1424.32,1287.91,1343.24,16132197
2023-11-11 00:00:00+00:00,LTC,109.44,112.74,103.77,107.06,6994059
2023-11-11 00:00:00+00:00,SOL,256.16,256.32,248.12,248.28,5693916
2023-11-11 00:00:00+00:00,XRP,534.81,535.36,477.26,477.81,4774711
2023-11-12 00:00:00+00:00,ADA,1868.24,1925.22,1812.51,1869.5,5787058
2023-11-12 00:00:00+00:00,AVAX,400.45,427.78,386.38,413.72,12578614
2023-11-12 00:00:00+00:00,BCH,62.57,65.42,61.27,64.12,13413080
2023-11-12 00:00:00+00:00,BTC,5365.23,5405.07,5119.44,5159.27,3853131
2023-11-12 00:00:00+00:00,DOGE,6005.63,6262.19,5894.81,6151.36,14864355
2023-11-12 00:00:00+00:00,ETH,6136.09,6214.81,6104.01,6182.72,8215708
2023-11-12 00:00:00+00:00,LINK,1343.24,1377.56,1337.19,1371.51,2874690
2023-11-12 00:00:00+00:00,LTC,107.06,111.78,103.37,108.1,4821793
2023-11-12 00:00:00+00:00,SOL,248.28,253.6,242.76,248.08,15219878
2023-11-12 00:00:00+00:00,XRP,477.81,480.3,453.57,456.06,17873811
2023-11-13 00:00:00+00:00,ADA,1869.5,1969.49,1830.26,1930.25,10679660
2023-11-13 00:00:00+00:00,AVAX,413.72,425.38,397.04,408.71,18715158
2023-11-13 00:00:00+00:00,BCH,64.12,65.74,64.03,65.65,8131212
2023-11-13 00:00:00+00:00,BTC,5159.27,5193.05,4804.61,4838.39,11156376
2023-11-13 00:00:00+00:00,DOGE,6151.36,6329.43,5816.81,5994.88,3880442
2023-11-13 00:00:00+00:00,ETH,6182.72,6299.12,6151.35,6267.75,2744829
2023-11-13 00:00:00+00:00,LINK,1371.51,1479.31,1350.89,1458.7,10751306
2023-11-13 00:00:00+00:00,LTC,108.1,121.89,101.59,115.38,3571998
2023-11-13 00:00:00+00:00,SOL,248.08,248.77,239.05,239.74,5351880
2023-11-13 00:00:00+00:00,XRP,456.06,464.5,407.94,416.38,5514187
2023-11-14 00:00:00+00:00,ADA,1930.25,1979.56,1910.88,1960.19,14807906
2023-11-14 00:00:00+00:00,AVAX,408.71,424.44,364.51,380.24,17796663
2023-11-14 00:00:00+00:00,BCH,65.65,69.61,64.16,68.12,13659053
2023-11-14 00:00:00+00:00,BTC,4838.39,4900.48,4809.33,4871.42,1610045
2023-11-14 00:00:00+00:00,DOGE,5994.88,6061.53,5854.01,5920.66,11867951
2023-11-14 00:00:00+00:00,ETH,6267.75,6275.29,6240.46,6247.99,6399594
2023-11-14 00:00:00+00:00,LINK,1458.7,1511.94,1458.36,1511.61,10876030
2023-11-14 00:00:00+00:00,LTC,115.38,119.02,106.88,110.51,18985667
2023-11-14 00:00:00+00:00,SOL,239.74,243.36,222.54,226.17,11590801
2023-11-14 00:00:00+00:00,XRP,416.38,452.28,405.45,441.35,9893017
2023-11-15 00:00:00+00:00,ADA,1960.19,2132.76,1926.02,2098.59,2817211
2023-11-15 00:00:00+00:00,AVAX,380.24,386.27,348.35,354.37,15593030
2023-11-15 00:00:00+00:00,BCH,68.12,70.89,64.83,67.59,6932784
2023-11-15 00:00:00+00:00,BTC,4871.42,4965.57,4646.07,4740.22,8084581
2023-11-15 00:00:00+00:00,DOGE,5920.66,5932.84,5809.32,5821.51,17092949
2023-11-15 00:00:00+00:00,ETH,6247.99,6298.14,6118.04,6168.18,17015404
2023-11-15 00:00:00+00:00,LINK,1511.61,1530.15,1416.95,1435.48,1458856
2023-11-15 00:00:00+00:00,LTC,110.51,117.65,103.88,111.02,11146242
2023-11-15 00:00:00+00:00,SOL,226.17,235.87,220.5,230.21,12448174
2023-11-15 00:00:00+00:00,XRP,441.35,457.72,433.8,450.16,2067509
2023-11-16 00:00:00+00:00,ADA,2098.59,2152.59,1900.83,1954.82,2804913
2023-11-16 00:00:00+00:00,AVAX,354.37,360.04,341.64,347.31,11876812
2023-11-16 00:00:00+00:00,BCH,67.59,74.27,66.64,73.32,5536224
2023-11-16 00:00:00+00:00,BTC,4740.22,4912.53,4561.89,4734.19,19794715
2023-11-16 00:00:00+00:00,DOGE,5821.51,5978.35,5579.12,5735.96,13496080
2023-11-16 00:00:00+00:00,ETH,6168.18,6415.79,6086.17,6333.77,11615644
2023-11-16 00:00:00+00:00,LINK,1435.48,1446.39,1377.28,1388.18,9155297
2023-11-16 00:00:00+00:00,LTC,111.02,114.83,109.94,113.75,8517604
2023-11-16 00:00:00+00:00,SOL,230.21,248.39,224.1,242.28,2805671
2023-11-16 00:00:00+00:00,XRP,450.16,494.3,436.23,480.37,14073974
2023-11-17 00:00:00+00:00,ADA,1954.82,2098.71,1880.29,2024.18,7998420
2023-11-17 00:00:00+00:00,AVAX,347.31,347.47,329.22,329.38,1402571
2023-11-17 00:00:00+00:00,BCH,73.32,75.55,72.39,74.63,10356534
2023-11-17 00:00:00+00:00,BTC,4734.19,4830.83,4723.97,4820.61,11661875
2023-11-17 00:00:00+00:00,DOGE,5735.96,5933.47,5087.79,5285.3,4173621
2023-11-17 00:00:00+00:00,ETH,6333.77,6497.38,5803.53,5967.14,15647572
2023-11-17 00:00:00+00:00,LINK,1388.18,1398.49,1355.86,1366.17,7883144
2023-11-17 00:00:00+00:00,LTC,113.75,114.59,110.92,111.77,11644174
2023-11-17 00:00:00+00:00,SOL,242.28,272.19,232.46,262.38,14546818
2023-11-17 00:00:00+00:00,XRP,480.37,487.35,469.56,476.54,15593336
2023-11-18 00:00:00+00:00,ADA,2024.18,2058.76,1915.74,1950.31,14793925
2023-11-18 00:00:00+00:00,AVAX,329.38,340.94,299.67,311.23,16720403
2023-11-18 00:00:00+00:00,BCH,74.63,76.15,73.36,74.88,14338160
2023-11-18 00:00:00+00:00,BTC,4820.61,4880.73,4637.82,4697.94,19665825
2023-11-18 00:00:00+00:00,DOGE,5285.3,5334.13,4969.08,5017.91,9229086
2023-11-18 00:00:00+00:00,ETH,5967.14,6090.64,5655.95,5779.45,11802886
2023-11-18 00:00:00+00:00,LINK,1366.17,1369.85,1326.72,1330.41,17179820
2023-11-18 00:00:00+00:00,LTC,111.77,119.87,105.96,114.06,8675383
2023-11-18 00:00:00+00:00,SOL,262.38,298.29,256.41,292.32,19240577
2023-11-18 00:00:00+00:00,XRP,476.54,500.43,474.27,498.17,1629569
2023-11-19 00:00:00+00:00,ADA,1950.31,2055.13,1836.52,1941.34,6877800
2023-11-19 00:00:00+00:00,AVAX,311.23,327.91,302.41,319.08,3659960
2023-11-19 00:00:00+00:00,BCH,74.88,79.01,72.96,77.08,6860646
2023-11-19 00:00:00+00:00,BTC,4697.94,4839.4,4452.3,4593.77,8892966
2023-11-19 00:00:00+00:00,DOGE,5017.91,5106.61,4755.29,4843.99,18856227
2023-11-19 00:00:00+00:00,ETH,5779.45,5905.05,5777.65,5903.25,1411351
2023-11-19 00:00:00+00:00,LINK,1330.41,1359.22,1283.56,1312.37,1133888
2023-11-19 00:00:00+00:00,LTC,114.06,122.91,109.05,117.9,15652333
2023-11-19 00:00:00+00:00,SOL,292.32,311.76,291.74,311.18,19814253
2023-11-19 00:00:00+00:00,XRP,498.17,503.87,463.11,468.81,10569826
2023-11-20 00:00:00+00:00,ADA,1941.34,1946.47,1895.54,1900.67,13716764
2023-11-20 00:00:00+00:00,AVAX,319.08,346.78,302.63,330.32,12101029
2023-11-20 00:00:00+00:00,BCH,77.08,79.4,74.49,76.82,10281805
2023-11-20 00:00:00+00:00,BTC,4593.77,4784.86,4518.65,4709.75,6262723
2023-11-20 00:00:00+00:00,DOGE,4843.99,4920.51,4713.44,4789.95,2805436
2023-11-20 00:00:00+00:00,ETH,5903.25,5912.13,5788.32,5797.19,15184939
2023-11-20 00:00:00+00:00,LINK,1312.37,1337.0,1250.63,1275.26,9585846
2023-11-20 00:00:00+00:00,LTC,117.9,124.05,115.84,121.99,18473752
2023-11-20 00:00:00+00:00,SOL,311.18,316.83,297.8,303.44,6440555
2023-11-20 00:00:00+00:00,XRP,468.81,502.96,464.72,498.87,3389941
2023-11-21 00:00:00+00:00,ADA,1900.67,2018.58,1879.28,1997.2,19699384
2023-11-21 00:00:00+00:00,AVAX,330.32,359.95,313.69,343.31,7544001
2023-11-21 00:00:00+00:00,BCH,76.82,80.81,74.85,78.84,6694634
2023-11-21 00:00:00+00:00,BTC,4709.75,5126.2,4647.18,5063.64,14636821
2023-11-21 00:00:00+00:00,DOGE,4789.95,5006.23,4753.43,4969.7,16493184
2023-11-21 00:00:00+00:00,ETH,5797.19,5829.5,5639.47,5671.78,11868129
2023-11-21 00:00:00+00:00,LINK,1275.26,1276.12,1259.17,1260.04,11134703
2023-11-21 00:00:00+00:00,LTC,121.99,124.81,111.41,114.23,13805907
2023-11-21 00:00:00+00:00,SOL,303.44,311.23,290.79,298.58,3236551
2023-11-21 00:00:00+00:00,XRP,498.87,500.87,484.93,486.93,4297077
2023-11-22 00:00:00+00:00,ADA,1997.2,2166.89,1935.45,2105.15,13089233
2023-11-22 00:00:00+00:00,AVAX,343.31,349.13,332.35,338.17,6094246
2023-11-22 00:00:00+00:00,BCH,78.84,79.81,72.11,73.08,14449904
2023-11-22 00:00:00+00:00,BTC,5063.64,5107.79,5057.82,5101.97,11901202
2023-11-22 00:00:00+00:00,DOGE,4969.7,5202.54,4941.02,5173.86,6398878
2023-11-22 00:00:00+00:00,ETH,5671.78,5718.86,5492.05,5539.13,11601869
2023-11-22 00:00:00+00:00,LINK,1260.04,1263.08,1186.02,1189.06,19876136
2023-11-22 00:00:00+00:00,LTC,114.23,117.54,112.14,115.45,6786394
2023-11-22 00:00:00+00:00,SOL,298.58,301.09,293.85,296.35,1239335
2023-11-22 00:00:00+00:00,XRP,486.93,502.6,471.78,487.45,15206214
2023-11-23 00:00:00+00:00,ADA,2105.15,2275.08,2051.84,2221.77,16364713
2023-11-23 00:00:00+00:00,AVAX,338.17,342.13,310.33,314.29,12017048
2023-11-23 00:00:00+00:00,BCH,73.08,73.77,67.94,68.63,10955400
2023-11-23 00:00:00+00:00,BTC,5101.97,5176.32,4744.86,4819.21,3105066
2023-11-23 00:00:00+00:00,DOGE,5173.86,5226.5,5074.37,5127.01,8027446
2023-11-23 00:00:00+00:00,ETH,5539.13,5617.93,5530.28,5609.08,3142673
2023-11-23 00:00:00+00:00,LINK,1189.06,1209.77,1176.48,1197.18,12945889
2023-11-23 00:00:00+00:00,LTC,115.45,125.46,110.84,120.84,16042973
2023-11-23 00:00:00+00:00,SOL,296.35,303.25,274.9,281.8,16984297
2023-11-23 00:00:00+00:00,XRP,487.45,531.11,476.61,520.26,6152204
2023-11-24 00:00:00+00:00,ADA,2221.77,2343.16,2139.5,2260.89,16107546
2023-11-24 00:00:00+00:00,AVAX,314.29,327.14,275.06,287.92,10896525
2023-11-24 00:00:00+00:00,BCH,68.63,68.69,68.17,68.23,4090682
2023-11-24 00:00:00+00:00,BTC,4819.21,4903.82,4536.14,4620.75,17217497
2023-11-24 00:00:00+00:00,DOGE,5127.01,5151.01,4961.35,4985.36,16871767
2023-11-24 00:00:00+00:00,ETH,5609.08,5770.97,5460.48,5622.37,17940687
2023-11-24 00:00:00+00:00,LINK,1197.18,1226.02,1144.41,1173.25,8351051
2023-11-24 00:00:00+00:00,LTC,120.84,122.42,111.48,113.06,10058958
2023-11-24 00:00:00+00:00,SOL,281.8,291.91,257.82,267.93,16885954
2023-11-24 00:00:00+00:00,XRP,520.26,525.07,515.23,520.03,17951336
2023-11-25 00:00:00+00:00,ADA,2260.89,2284.14,2167.6,2190.86,15370019
2023-11-25 00:00:00+00:00,AVAX,287.92,288.39,266.01,266.48,7577556
2023-11-25 00:00:00+00:00,BCH,68.23,72.97,68.09,72.83,16117440
2023-11-25 00:00:00+00:00,BTC,4620.75,4995.68,4500.61,4875.54,15255455
2023-11-25 00:00:00+00:00,DOGE,4985.36,5268.36,4976.44,5259.44,9013389
2023-11-25 00:00:00+00:00,ETH,5622.37,5650.3,5407.7,5435.63,11715008
2023-11-25 00:00:00+00:00,LINK,1173.25,1175.14,1107.75,1109.64,13228853
2023-11-25 00:00:00+00:00,LTC,113.06,120.31,109.16,116.41,18685125
2023-11-25 00:00:00+00:00,SOL,267.93,285.21,261.39,278.67,17044876
2023-11-25 00:00:00+00:00,XRP,520.03,570.56,512.76,563.29,1561767
2023-11-26 00:00:00+00:00,ADA,2190.86,2217.53,2120.8,2147.47,4268596
2023-11-26 00:00:00+00:00,AVAX,266.48,282.7,265.95,282.17,19597511
2023-11-26 00:00:00+00:00,BCH,72.83,76.32,71.17,74.66,15703621
2023-11-26 00:00:00+00:00,BTC,4875.54,4976.21,4585.83,4686.5,16294565
2023-11-26 00:00:00+00:00,DOGE,5259.44,5327.68,4865.43,4933.67,12416229
2023-11-26 00:00:00+00:00,ETH,5435.63,5520.26,5198.99,5283.62,17190590
2023-11-26 00:00:00+00:00,LINK,1109.64,1115.77,1098.67,1104.81,8857464
2023-11-26 00:00:00+00:00,LTC,116.41,121.58,110.38,115.55,3659444
2023-11-26 00:00:00+00:00,SOL,278.67,285.62,269.42,276.37,10199555
2023-11-26 00:00:00+00:00,XRP,563.29,567.52,562.2,566.43,11122911
2023-11-27 00:00:00+00:00,ADA,2147.47,2199.55,1983.86,2035.94,5245069
2023-11-27 00:00:00+00:00,AVAX,282.17,289.79,252.46,260.09,12775798
2023-11-27 00:00:00+00:00,BCH,74.66,75.09,72.16,72.58,9499839
2023-11-27 00:00:00+00:00,BTC,4686.5,4835.76,4643.37,4792.63,16848723
2023-11-27 00:00:00+00:00,DOGE,4933.67,5089.87,4609.53,4765.73,15204154
2023-11-27 00:00:00+00:00,ETH,5283.62,5462.97,5260.61,5439.96,12899698
2023-11-27 00:00:00+00:00,LINK,1104.81,1135.69,1086.62,1117.5,8936680
2023-11-27 00:00:00+00:00,LTC,115.55,118.76,107.0,110.22,12673186
2023-11-27 00:00:00+00:00,SOL,276.37,277.65,271.59,272.87,14006466
2023-11-27 00:00:00+00:00,XRP,566.43,597.18,554.79,585.54,16184397
2023-11-28 00:00:00+00:00,ADA,2035.94,2060.48,1981.81,2006.36,12432006
2023-11-28 00:00:00+00:00,AVAX,260.09,268.07,255.24,263.22,11788414
2023-11-28 00:00:00+00:00,BCH,72.58,75.25,71.22,73.88,7127815
2023-11-28 00:00:00+00:00,BTC,4792.63,4974.36,4764.02,4945.75,13483024
2023-11-28 00:00:00+00:00,DOGE,4765.73,4842.73,4587.01,4664.01,18820328
2023-11-28 00:00:00+00:00,ETH,5439.96,5619.63,5374.44,5554.11,9603347
2023-11-28 00:00:00+00:00,LINK,1117.5,1138.5,1111.85,1132.85,17658298
2023-11-28 00:00:00+00:00,LTC,110.22,115.85,108.67,114.3,6890495
2023-11-28 00:00:00+00:00,SOL,272.87,292.95,268.8,288.89,18946048
2023-11-28 00:00:00+00:00,XRP,585.54,587.5,525.24,527.19,14462177
2023-11-29 00:00:00+00:00,ADA,2006.36,2155.67,1964.18,2113.49,19298093
2023-11-29 00:00:00+00:00,AVAX,263.22,265.21,254.03,256.01,18723338
2023-11-29 00:00:00+00:00,BCH,73.88,74.76,71.58,72.46,1001343
2023-11-29 00:00:00+00:00,BTC,4945.75,5461.0,4772.08,5287.33,16566147
2023-11-29 00:00:00+00:00,DOGE,4664.01,4859.86,4636.24,4832.09,4547967
2023-11-29 00:00:00+00:00,ETH,5554.11,5579.28,5348.19,5373.36,18891447
2023-11-29 00:00:00+00:00,LINK,1132.85,1227.26,1124.08,1218.49,16787743
2023-11-29 00:00:00+00:00,LTC,114.3,115.23,106.61,107.54,2730064
2023-11-29 00:00:00+00:00,SOL,288.89,295.07,287.44,293.62,2262064
2023-11-29 00:00:00+00:00,XRP,527.19,576.9,511.7,561.41,13474001
2023-11-30 00:00:00+00:00,ADA,2113.49,2114.71,2026.22,2027.44,17881355
2023-11-30 00:00:00+00:00,AVAX,256.01,258.32,255.12,257.43,5937042
2023-11-30 00:00:00+00:00,BCH,72.46,75.0,70.91,73.45,3660959
2023-11-30 00:00:00+00:00,BTC,5287.33,5817.82,5154.07,5684.56,19359343
2023-11-30 00:00:00+00:00,DOGE,4832.09,4871.87,4732.55,4772.34,5448904
2023-11-30 00:00:00+00:00,ETH,5373.36,5425.98,5050.04,5102.65,16825300
2023-11-30 00:00:00+00:00,LINK,1218.49,1228.56,1157.26,1167.33,13401946
2023-11-30 00:00:00+00:00,LTC,107.54,112.76,99.26,104.48,19457925
2023-11-30 00:00:00+00:00,SOL,293.62,307.33,286.01,299.71,16207846
2023-11-30 00:00:00+00:00,XRP,561.41,596.41,545.88,580.88,16731873
2023-12-01 00:00:00+00:00,ADA,2027.44,2058.49,2016.09,2047.13,10320457
2023-12-01 00:00:00+00:00,AVAX,257.43,275.99,248.08,266.64,11187759
2023-12-01 00:00:00+00:00,BCH,73.45,73.76,72.04,72.35,18654389
2023-12-01 00:00:00+00:00,BTC,5684.56,6019.97,5605.26,5940.67,6922121
2023-12-01 00:00:00+00:00,DOGE,4772.34,4791.58,4630.57,4649.82,9839529
2023-12-01 00:00:00+00:00,ETH,5102.65,5121.78,5074.88,5094.0,4997799
2023-12-01 00:00:00+00:00,LINK,1167.33,1239.46,1150.34,1222.48,10521243
2023-12-01 00:00:00+00:00,LTC,104.48,110.53,102.07,108.12,4107767
2023-12-01 00:00:00+00:00,SOL,299.71,328.69,287.01,315.99,2252476
2023-12-01 00:00:00+00:00,XRP,580.88,640.98,574.54,634.64,7659897
2023-12-02 00:00:00+00:00,ADA,2047.13,2222.68,1970.35,2145.89,12943114
2023-12-02 00:00:00+00:00,AVAX,266.64,275.9,251.85,261.11,4264123
2023-12-02 00:00:00+00:00,BCH,72.35,74.56,72.29,74.5,14472510
2023-12-02 00:00:00+00:00,BTC,5940.67,5964.95,5480.7,5504.97,9188026
2023-12-02 00:00:00+00:00,DOGE,4649.82,4715.27,4497.48,4562.93,6294612
2023-12-02 00:00:00+00:00,ETH,5094.0,5112.09,5007.29,5025.38,7070592
2023-12-02 00:00:00+00:00,LINK,1222.48,1276.29,1207.09,1260.91,9061054
2023-12-02 00:00:00+00:00,LTC,108.12,109.84,106.48,108.2,9878753
2023-12-02 00:00:00+00:00,SOL,315.99,323.06,305.49,312.56,7336043
2023-12-02 00:00:00+00:00,XRP,634.64,638.88,603.58,607.83,16187328
2023-12-03 00:00:00+00:00,ADA,2145.89,2185.88,2098.11,2138.1,10896179
2023-12-03 00:00:00+00:00,AVAX,261.11,272.01,260.11,271.02,14102734
2023-12-03 00:00:00+00:00,BCH,74.5,79.74,74.1,79.34,17218387
2023-12-03 00:00:00+00:00,BTC,5504.97,5553.1,5359.58,5407.7,14055552
2023-12-03 00:00:00+00:00,DOGE,4562.93,4652.79,4541.16,4631.02,16374926
2023-12-03 00:00:00+00:00,ETH,5025.38,5060.29,4903.16,4938.08,18444835
2023-12-03 00:00:00+00:00,LINK,1260.91,1279.27,1190.87,1209.23,14820946
2023-12-03 00:00:00+00:00,LTC,108.2,109.67,99.22,100.69,13831797
2023-12-03 00:00:00+00:00,SOL,312.56,333.41,301.19,322.05,11075949
2023-12-03 00:00:00+00:00,XRP,607.83,646.05,606.16,644.39,17635460
2023-12-04 00:00:00+00:00,ADA,2138.1,2151.03,2117.59,2130.52,12130437
2023-12-04 00:00:00+00:00,AVAX,271.02,276.78,253.29,259.06,2918910
2023-12-04 00:00:00+00:00,BCH,79.34,83.61,78.49,82.76,15110298
2023-12-04 00:00:00+00:00,BTC,5407.7,5544.62,5390.39,5527.31,10695894
2023-12-04 00:00:00+00:00,DOGE,4631.02,4675.19,4320.69,4364.86,1066092
2023-12-04 00:00:00+00:00,ETH,4938.08,4964.42,4882.79,4909.13,12198840
2023-12-04 00:00:00+00:00,LINK,1209.23,1322.51,1176.75,1290.03,10619904
2023-12-04 00:00:00+00:00,LTC,100.69,103.09,94.42,96.82,7716846
2023-12-04 00:00:00+00:00,SOL,322.05,327.36,320.74,326.05,7353087
2023-12-04 00:00:00+00:00,XRP,644.39,689.64,628.98,674.24,1380414
2023-12-05 00:00:00+00:00,ADA,2130.52,2207.32,2116.17,2192.96,14861226
2023-12-05 00:00:00+00:00,AVAX,259.06,261.53,257.33,259.8,12126715
2023-12-05 00:00:00+00:00,BCH,82.76,84.27,82.48,83.99,2813707
2023-12-05 00:00:00+00:00,BTC,5527.31,5565.04,5302.94,5340.67,16686027
2023-12-05 00:00:00+00:00,DOGE,4364.86,4387.12,4337.9,4360.16,12695697
2023-12-05 00:00:00+00:00,ETH,4909.13,5098.3,4860.41,5049.58,2151303
2023-12-05 00:00:00+00:00,LINK,1290.03,1291.29,1249.86,1251.12,5244986
2023-12-05 00:00:00+00:00,LTC,96.82,99.48,88.73,91.39,3086816
2023-12-05 00:00:00+00:00,SOL,326.05,326.68,325.79,326.43,3700440
2023-12-05 00:00:00+00:00,XRP,674.24,702.52,611.75,640.04,2843261
2023-12-06 00:00:00+00:00,ADA,2192.96,2210.24,2167.92,2185.2,6615117
2023-12-06 00:00:00+00:00,AVAX,259.8,273.22,252.22,265.65,3874766
2023-12-06 00:00:00+00:00,BCH,83.99,95.25,83.08,94.33,5417856
2023-12-06 00:00:00+00:00,BTC,5340.67,5358.98,5325.15,5343.47,10002710
2023-12-06 00:00:00+00:00,DOGE,4360.16,4437.17,4191.52,4268.53,13297262
2023-12-06 00:00:00+00:00,ETH,5049.58,5127.22,5023.98,5101.62,3159698
2023-12-06 00:00:00+00:00,LINK,1251.12,1297.62,1232.79,1279.29,18235261
2023-12-06 00:00:00+00:00,LTC,91.39,100.9,87.56,97.07,12293937
2023-12-06 00:00:00+00:00,SOL,326.43,334.6,315.71,323.88,4901453
2023-12-06 00:00:00+00:00,XRP,640.04,643.5,615.82,619.28,6688927
2023-12-07 00:00:00+00:00,ADA,2185.2,2262.74,2134.37,2211.91,5946843
2023-12-07 00:00:00+00:00,AVAX,265.65,286.81,260.54,281.7,3215238
2023-12-07 00:00:00+00:00,BCH,94.33,105.07,91.31,102.04,8640514
2023-12-07 00:00:00+00:00,BTC,5343.47,5379.4,5315.31,5351.25,7161220
2023-12-07 00:00:00+00:00,DOGE,4268.53,4478.67,4180.76,4390.9,8678809
2023-12-07 00:00:00+00:00,ETH,5101.62,5135.66,5043.43,5077.48,18447023
2023-12-07 00:00:00+00:00,LINK,1279.29,1287.45,1227.98,1236.14,3271749
2023-12-07 00:00:00+00:00,LTC,97.07,103.65,90.85,97.43,15832016
2023-12-07 00:00:00+00:00,SOL,323.88,331.61,282.89,290.62,5754378
2023-12-07 00:00:00+00:00,XRP,619.28,705.25,580.54,666.51,4792774
2023-12-08 00:00:00+00:00,ADA,2211.91,2427.98,2164.55,2380.62,10621251
2023-12-08 00:00:00+00:00,AVAX,281.7,302.2,271.45,291.95,12220600
2023-12-08 00:00:00+00:00,BCH,102.04,112.76,98.72,109.44,3238821
2023-12-08 00:00:00+00:00,BTC,5351.25,5450.21,5347.37,5446.33,10713175
2023-12-08 00:00:00+00:00,DOGE,4390.9,4742.48,4371.98,4723.57,8242350
2023-12-08 00:00:00+00:00,ETH,5077.48,5094.42,4899.23,4916.16,15789598
2023-12-08 00:00:00+00:00,LINK,1236.14,1315.15,1234.02,1313.02,12622428
2023-12-08 00:00:00+00:00,LTC,97.43,101.42,94.36,98.35,8523704
2023-12-08 00:00:00+00:00,SOL,290.62,294.71,282.22,286.31,6247071
2023-12-08 00:00:00+00:00,XRP,666.51,705.6,651.52,690.62,16682269
2023-12-09 00:00:00+00:00,ADA,2380.62,2529.29,2341.48,2490.15,6087266
2023-12-09 00:00:00+00:00,AVAX,291.95,306.23,271.79,286.07,14261479
2023-12-09 00:00:00+00:00,BCH,109.44,115.66,107.36,113.58,5840889
2023-12-09 00:00:00+00:00,BTC,5446.33,5553.58,5228.72,5335.96,15762223
2023-12-09 00:00:00+00:00,DOGE,4723.57,4910.39,4695.94,4882.76,19506058
2023-12-09 00:00:00+00:00,ETH,4916.16,4993.79,4701.8,4779.42,14206787
2023-12-09 00:00:00+00:00,LINK,1313.02,1329.68,1284.42,1301.08,19528233
2023-12-09 00:00:00+00:00,LTC,98.35,103.31,97.43,102.39,15937694
2023-12-09 00:00:00+00:00,SOL,286.31,292.12,264.23,270.04,18266143
2023-12-09 00:00:00+00:00,XRP,690.62,757.01,685.97,752.36,19605487
2023-12-10 00:00:00+00:00,ADA,2490.15,2675.48,2412.68,2598.0,5174885
2023-12-10 00:00:00+00:00,AVAX,286.07,290.22,260.58,264.73,19350716
2023-12-10 00:00:00+00:00,BCH,113.58,117.67,112.03,116.12,17516614
2023-12-10 00:00:00+00:00,BTC,5335.96,5514.34,5071.13,5249.51,15207671
2023-12-10 00:00:00+00:00,DOGE,4882.76,5192.53,4832.28,5142.05,14051785
2023-12-10 00:00:00+00:00,ETH,4779.42,4797.97,4706.49,4725.04,19767708
2023-12-10 00:00:00+00:00,LINK,1301.08,1360.24,1290.14,1349.3,18974224
2023-12-10 00:00:00+00:00,LTC,102.39,109.22,100.28,107.1,2823470
2023-12-10 00:00:00+00:00,SOL,270.04,296.58,259.69,286.23,2499603
2023-12-10 00:00:00+00:00,XRP,752.36,772.83,742.54,763.01,10314473
2023-12-11 00:00:00+00:00,ADA,2598.0,2623.84,2559.55,2585.39,3505909
2023-12-11 00:00:00+00:00,AVAX,264.73,272.47,258.35,266.08,15161520
2023-12-11 00:00:00+00:00,BCH,116.12,118.27,107.96,110.12,10112542
2023-12-11 00:00:00+00:00,BTC,5249.51,5469.12,5234.13,5453.74,5687747
2023-12-11 00:00:00+00:00,DOGE,5142.05,5447.74,5065.64,5371.33,14541448
2023-12-11 00:00:00+00:00,ETH,4725.04,4750.24,4723.64,4748.84,12233351
2023-12-11 00:00:00+00:00,LINK,1349.3,1401.14,1308.8,1360.64,11413468
2023-12-11 00:00:00+00:00,LTC,107.1,111.93,102.98,107.8,8672329
2023-12-11 00:00:00+00:00,SOL,286.23,292.6,267.83,274.2,6955703
2023-12-11 00:00:00+00:00,XRP,763.01,776.97,679.35,693.31,4256223
2023-12-12 00:00:00+00:00,ADA,2585.39,2667.14,2424.45,2506.2,9395164
2023-12-12 00:00:00+00:00,AVAX,266.08,276.85,249.86,260.63,8738562
2023-12-12 00:00:00+00:00,BCH,110.12,122.77,105.49,118.14,6087275
2023-12-12 00:00:00+00:00,BTC,5453.74,5456.71,5331.88,5334.85,12586198
2023-12-12 00:00:00+00:00,DOGE,5371.33,5476.43,5013.19,5118.29,10442797
2023-12-12 00:00:00+00:00,ETH,4748.84,4991.87,4705.2,4948.23,8982544
2023-12-12 00:00:00+00:00,LINK,1360.64,1393.85,1287.83,1321.04,18071343
2023-12-12 00:00:00+00:00,LTC,107.8,111.3,104.49,107.99,3277747
2023-12-12 00:00:00+00:00,SOL,274.2,286.38,269.15,281.33,17651533
2023-12-12 00:00:00+00:00,XRP,693.31,697.64,683.67,688.0,5754191
2023-12-13 00:00:00+00:00,ADA,2506.2,2515.38,2397.64,2406.82,8065330
2023-12-13 00:00:00+00:00,AVAX,260.63,286.34,254.36,280.07,12739873
2023-12-13 00:00:00+00:00,BCH,118.14,119.71,114.08,115.65,11575626
2023-12-13 00:00:00+00:00,BTC,5334.85,5551.01,5276.93,5493.08,9212024
2023-12-13 00:00:00+00:00,DOGE,5118.29,5205.61,4939.99,5027.32,5018767
2023-12-13 00:00:00+00:00,ETH,4948.23,4953.28,4785.0,4790.05,6311673
2023-12-13 00:00:00+00:00,LINK,1321.04,1357.28,1314.47,1350.72,2418067
2023-12-13 00:00:00+00:00,LTC,107.99,111.68,92.09,95.79,16351057
2023-12-13 00:00:00+00:00,SOL,281.33,290.55,273.55,282.77,10251358
2023-12-13 00:00:00+00:00,XRP,688.0,738.46,686.28,736.73,6007249
2023-12-14 00:00:00+00:00,ADA,2406.82,2445.86,2349.53,2388.57,12995869
2023-12-14 00:00:00+00:00,AVAX,280.07,285.76,278.79,284.48,15119668
2023-12-14 00:00:00+00:00,BCH,115.65,123.1,112.14,119.59,14025134
2023-12-14 00:00:00+00:00,BTC,5493.08,6114.76,5305.27,5926.95,3897359
2023-12-14 00:00:00+00:00,DOGE,5027.32,5033.88,4920.92,4927.48,9618345
2023-12-14 00:00:00+00:00,ETH,4790.05,4964.93,4763.77,4938.65,11884830
2023-12-14 00:00:00+00:00,LINK,1350.72,1361.07,1340.92,1351.27,1086539
2023-12-14 00:00:00+00:00,LTC,95.79,96.07,91.82,92.11,18613873
2023-12-14 00:00:00+00:00,SOL,282.77,304.21,280.91,302.35,5511674
2023-12-14 00:00:00+00:00,XRP,736.73,767.3,647.88,678.45,2424522
2023-12-15 00:00:00+00:00,ADA,2388.57,2406.27,2386.99,2404.7,9137223
2023-12-15 00:00:00+00:00,AVAX,284.48,284.7,273.9,274.12,5339550
2023-12-15 00:00:00+00:00,BCH,119.59,123.55,117.85,121.81,15805595
2023-12-15 00:00:00+00:00,BTC,5926.95,6069.82,5918.07,6060.95,18148056
2023-12-15 00:00:00+00:00,DOGE,4927.48,5077.68,4912.36,5062.56,5534044
2023-12-15 00:00:00+00:00,ETH,4938.65,4960.78,4822.3,4844.42,14765681
2023-12-15 00:00:00+00:00,LINK,1351.27,1372.32,1336.48,1357.53,3323262
2023-12-15 00:00:00+00:00,LTC,92.11,94.24,89.96,92.08,15730022
2023-12-15 00:00:00+00:00,SOL,302.35,309.08,299.01,305.74,15543270
2023-12-15 00:00:00+00:00,XRP,678.45,689.87,651.33,662.74,7998449
2023-12-16 00:00:00+00:00,ADA,2404.7,2448.93,2338.17,2382.41,13047126
2023-12-16 00:00:00+00:00,AVAX,274.12,284.45,260.22,270.55,9803611
2023-12-16 00:00:00+00:00,BCH,121.81,133.53,117.04,128.76,12771495
2023-12-16 00:00:00+00:00,BTC,6060.95,6322.11,5910.01,6171.17,10771534
2023-12-16 00:00:00+00:00,DOGE,5062.56,5082.82,5062.43,5082.7,18078659
2023-12-16 00:00:00+00:00,ETH,4844.42,4885.05,4780.86,4821.49,7465257
2023-12-16 00:00:00+00:00,LINK,1357.53,1373.36,1318.14,1333.97,16608536
2023-12-16 00:00:00+00:00,LTC,92.08,93.64,89.77,91.33,19985137
2023-12-16 00:00:00+00:00,SOL,305.74,310.14,283.34,287.74,16275377
2023-12-16 00:00:00+00:00,XRP,662.74,690.01,603.63,630.9,19528165
2023-12-17 00:00:00+00:00,ADA,2382.41,2408.75,2287.47,2313.81,11167168
2023-12-17 00:00:00+00:00,AVAX,270.55,280.61,261.9,271.96,2027653
2023-12-17 00:00:00+00:00,BCH,128.76,134.72,127.12,133.08,10118710
2023-12-17 00:00:00+00:00,BTC,6171.17,6302.92,5690.38,5822.14,19566774
2023-12-17 00:00:00+00:00,DOGE,5082.7,5127.59,4849.06,4893.94,3046595
2023-12-17 00:00:00+00:00,ETH,4821.49,4872.09,4692.36,4742.96,7720761
2023-12-17 00:00:00+00:00,LINK,1333.97,1380.12,1319.97,1366.11,18748259
2023-12-17 00:00:00+00:00,LTC,91.33,100.21,88.98,97.85,1968534
2023-12-17 00:00:00+00:00,SOL,287.74,290.92,281.26,284.44,3847869
2023-12-17 00:00:00+00:00,XRP,630.9,649.38,582.86,601.35,5374669
2023-12-18 00:00:00+00:00,ADA,2313.81,2371.16,2190.76,2248.11,14987731
2023-12-18 00:00:00+00:00,AVAX,271.96,275.15,243.88,247.07,4687924
2023-12-18 00:00:00+00:00,BCH,133.08,147.06,131.52,145.5,18860080
2023-12-18 00:00:00+00:00,BTC,5822.14,5847.08,5717.2,5742.14,19444585
2023-12-18 00:00:00+00:00,DOGE,4893.94,4970.3,4765.55,4841.91,17741719
2023-12-18 00:00:00+00:00,ETH,4742.96,4755.58,4699.43,4712.06,18114275
2023-12-18 00:00:00+00:00,LINK,1366.11,1371.23,1332.78,1337.9,12370793
2023-12-18 00:00:00+00:00,LTC,97.85,101.57,97.3,101.02,17436583
2023-12-18 00:00:00+00:00,SOL,284.44,289.43,279.29,284.28,7681422
2023-12-18 00:00:00+00:00,XRP,601.35,645.4,589.83,633.88,11790184
2023-12-19 00:00:00+00:00,ADA,2248.11,2327.37,2018.98,2098.24,14407470
2023-12-19 00:00:00+00:00,AVAX,247.07,262.2,244.67,259.8,10215638
2023-12-19 00:00:00+00:00,BCH,145.5,150.75,140.55,145.8,12949348
2023-12-19 00:00:00+00:00,BTC,5742.14,6430.16,5620.31,6308.34,18734585
2023-12-19 00:00:00+00:00,DOGE,4841.91,5020.17,4748.25,4926.5,6885513
2023-12-19 00:00:00+00:00,ETH,4712.06,4754.84,4461.52,4504.31,11330149
2023-12-19 00:00:00+00:00,LINK,1337.9,1379.98,1262.74,1304.82,8114114
2023-12-19 00:00:00+00:00,LTC,101.02,106.74,97.59,103.31,7663723
2023-12-19 00:00:00+00:00,SOL,284.28,288.53,277.29,281.55,1896562
2023-12-19 00:00:00+00:00,XRP,633.88,682.92,575.51,624.54,10277054
2023-12-20 00:00:00+00:00,ADA,2098.24,2185.0,1906.39,1993.15,17835512
2023-12-20 00:00:00+00:00,AVAX,259.8,260.26,251.67,252.13,7877965
2023-12-20 00:00:00+00:00,BCH,145.8,153.95,143.51,151.66,13186409
2023-12-20 00:00:00+00:00,BTC,6308.34,6349.14,6292.78,6333.58,3598004
2023-12-20 00:00:00+00:00,DOGE,4926.5,5141.88,4818.96,5034.34,12233705
2023-12-20 00:00:00+00:00,ETH,4504.31,4585.42,4467.14,4548.24,5518348
2023-12-20 00:00:00+00:00,LINK,1304.82,1331.29,1304.25,1330.72,3622941
2023-12-20 00:00:00+00:00,LTC,103.31,108.84,92.17,97.69,12887802
2023-12-20 00:00:00+00:00,SOL,281.55,288.05,264.3,270.8,1410726
2023-12-20 00:00:00+00:00,XRP,624.54,650.94,581.86,608.26,16069533
2023-12-21 00:00:00+00:00,ADA,1993.15,2134.51,1949.9,2091.26,16280321
2023-12-21 00:00:00+00:00,AVAX,252.13,271.9,243.4,263.18,6946118
2023-12-21 00:00:00+00:00,BCH,151.66,161.36,149.52,159.23,13130862
2023-12-21 00:00:00+00:00,BTC,6333.58,6538.82,6239.8,6445.03,5857119
2023-12-21 00:00:00+00:00,DOGE,5034.34,5176.91,4991.28,5133.85,12141272
2023-12-21 00:00:00+00:00,ETH,4548.24,4749.74,4460.15,4661.64,2453736
2023-12-21 00:00:00+00:00,LINK,1330.72,1367.5,1290.69,1327.47,6246644
2023-12-21 00:00:00+00:00,LTC,97.69,101.2,89.42,92.93,11126131
2023-12-21 00:00:00+00:00,SOL,270.8,286.73,256.64,272.58,1795837
2023-12-21 00:00:00+00:00,XRP,608.26,616.24,564.81,572.8,9979648
2023-12-22 00:00:00+00:00,ADA,2091.26,2128.08,1984.15,2020.98,16835449
2023-12-22 00:00:00+00:00,AVAX,263.18,266.46,246.41,249.69,2245689
2023-12-22 00:00:00+00:00,BCH,159.23,168.07,157.15,166.0,16787107
2023-12-22 00:00:00+00:00,BTC,6445.03,6598.99,6436.56,6590.52,7411814
2023-12-22 00:00:00+00:00,DOGE,5133.85,5376.15,5007.89,5250.19,18395286
2023-12-22 00:00:00+00:00,ETH,4661.64,4834.86,4621.82,4795.03,2352630
2023-12-22 00:00:00+00:00,LINK,1327.47,1329.68,1307.05,1309.26,16776727
2023-12-22 00:00:00+00:00,LTC,92.93,95.71,85.19,87.97,14594297
2023-12-22 00:00:00+00:00,SOL,272.58,288.61,265.65,281.68,5107202
2023-12-22 00:00:00+00:00,XRP,572.8,602.25,554.91,584.36,2407963
2023-12-23 00:00:00+00:00,ADA,2020.98,2041.7,1996.88,2017.61,17715823
2023-12-23 00:00:00+00:00,AVAX,249.69,261.07,249.07,260.44,16908668
2023-12-23 00:00:00+00:00,BCH,166.0,166.47,165.54,166.01,5011686
2023-12-23 00:00:00+00:00,BTC,6590.52,6661.17,6145.7,6216.35,9210492
2023-12-23 00:00:00+00:00,DOGE,5250.19,5451.1,5169.69,5370.6,13021604
2023-12-23 00:00:00+00:00,ETH,4795.03,4845.56,4682.7,4733.23,18515898
2023-12-23 00:00:00+00:00,LINK,1309.26,1329.59,1298.74,1319.07,14019645
2023-12-23 00:00:00+00:00,LTC,87.97,100.81,81.46,94.3,8066196
2023-12-23 00:00:00+00:00,SOL,281.68,287.85,272.69,278.86,6935201
2023-12-23 00:00:00+00:00,XRP,584.36,585.79,566.03,567.46,15855875
2023-12-24 00:00:00+00:00,ADA,2017.61,2043.93,1896.01,1922.33,18758881
2023-12-24 00:00:00+00:00,AVAX,260.44,268.45,246.81,254.82,15521028
2023-12-24 00:00:00+00:00,BCH,166.01,177.67,161.64,173.3,9804887
2023-12-24 00:00:00+00:00,BTC,6216.35,6370.73,5834.68,5989.06,15030546
2023-12-24 00:00:00+00:00,DOGE,5370.6,5528.3,5341.09,5498.79,15778273
2023-12-24 00:00:00+00:00,ETH,4733.23,4738.92,4687.05,4692.74,2545786
2023-12-24 00:00:00+00:00,LINK,1319.07,1325.47,1277.36,1283.76,19314124
2023-12-24 00:00:00+00:00,LTC,94.3,94.63,91.03,91.36,11036784
2023-12-24 00:00:00+00:00,SOL,278.86,286.36,274.55,282.05,6357226
2023-12-24 00:00:00+00:00,XRP,567.46,575.32,537.77,545.63,6685567
2023-12-25 00:00:00+00:00,ADA,1922.33,2002.5,1738.07,1818.24,13215271
2023-12-25 00:00:00+00:00,AVAX,254.82,261.05,248.1,254.33,13941082
2023-12-25 00:00:00+00:00,BCH,173.3,177.55,159.23,163.48,19891688
2023-12-25 00:00:00+00:00,BTC,5989.06,6219.69,5863.38,6094.01,8571888
2023-12-25 00:00:00+00:00,DOGE,5498.79,5566.0,5465.05,5532.26,1054053
2023-12-25 00:00:00+00:00,ETH,4692.74,4931.5,4620.48,4859.23,18617292
2023-12-25 00:00:00+00:00,LINK,1283.76,1284.02,1281.35,1281.61,18338026
2023-12-25 00:00:00+00:00,LTC,91.36,95.89,85.52,90.05,19318654
2023-12-25 00:00:00+00:00,SOL,282.05,303.69,281.27,302.91,10719619
2023-12-25 00:00:00+00:00,XRP,545.63,545.98,514.54,514.89,19341849
2023-12-26 00:00:00+00:00,ADA,1818.24,1891.85,1757.67,1831.28,10473036
2023-12-26 00:00:00+00:00,AVAX,254.33,269.12,252.53,267.32,3343310
2023-12-26 00:00:00+00:00,BCH,163.48,169.07,160.95,166.54,11066366
2023-12-26 00:00:00+00:00,BTC,6094.01,6195.04,6021.65,6122.68,9841246
2023-12-26 00:00:00+00:00,DOGE,5532.26,5871.51,5342.02,5681.27,6807293
2023-12-26 00:00:00+00:00,ETH,4859.23,4978.45,4803.56,4922.78,16365618
2023-12-26 00:00:00+00:00,LINK,1281.61,1339.16,1251.05,1308.6,8594891
2023-12-26 00:00:00+00:00,LTC,90.05,90.14,78.41,78.49,18575570
2023-12-26 00:00:00+00:00,SOL,302.91,305.1,280.82,283.01,16868981
2023-12-26 00:00:00+00:00,XRP,514.89,544.76,510.33,540.21,1215256
2023-12-27 00:00:00+00:00,ADA,1831.28,1913.94,1678.94,1761.6,17387086
2023-12-27 00:00:00+00:00,AVAX,267.32,267.52,261.07,261.27,15152728
2023-12-27 00:00:00+00:00,BCH,166.54,180.26,162.99,176.71,13066148
2023-12-27 00:00:00+00:00,BTC,6122.68,6210.0,5715.48,5802.79,9143607
2023-12-27 00:00:00+00:00,DOGE,5681.27,5769.23,5317.57,5405.53,4684741
2023-12-27 00:00:00+00:00,ETH,4922.78,5125.07,4828.22,5030.51,10311915
2023-12-27 00:00:00+00:00,LINK,1308.6,1321.31,1301.17,1313.89,18981461
2023-12-27 00:00:00+00:00,LTC,78.49,79.11,76.0,76.62,18521383
2023-12-27 00:00:00+00:00,SOL,283.01,308.68,279.29,304.96,8461068
2023-12-27 00:00:00+00:00,XRP,540.21,558.55,527.21,545.56,4323248
2023-12-28 00:00:00+00:00,ADA,1761.6,1871.97,1731.1,1841.47,9127089
2023-12-28 00:00:00+00:00,AVAX,261.27,269.16,242.7,250.59,13403472
2023-12-28 00:00:00+00:00,BCH,176.71,178.77,167.62,169.67,17456553
2023-12-28 00:00:00+00:00,BTC,5802.79,6008.38,5802.76,6008.34,14203836
2023-12-28 00:00:00+00:00,DOGE,5405.53,5679.91,5310.19,5584.58,8571514
2023-12-28 00:00:00+00:00,ETH,5030.51,5071.75,4871.69,4912.93,3991807
2023-12-28 00:00:00+00:00,LINK,1313.89,1321.19,1256.59,1263.9,12312194
2023-12-28 00:00:00+00:00,LTC,76.62,81.72,75.12,80.22,12382054
2023-12-28 00:00:00+00:00,SOL,304.96,308.08,301.31,304.43,11753645
2023-12-28 00:00:00+00:00,XRP,545.56,561.48,544.79,560.72,9950838
2023-12-29 00:00:00+00:00,ADA,1841.47,1947.64,1808.04,1914.21,3964083
2023-12-29 00:00:00+00:00,AVAX,250.59,264.51,234.86,248.78,6186978
2023-12-29 00:00:00+00:00,BCH,169.67,177.71,168.94,176.98,18013809
2023-12-29 00:00:00+00:00,BTC,6008.34,6033.37,5898.53,5923.56,16025494
2023-12-29 00:00:00+00:00,DOGE,5584.58,5829.6,5469.25,5714.27,1615663
2023-12-29 00:00:00+00:00,ETH,4912.93,4941.14,4697.25,4725.47,14961296
2023-12-29 00:00:00+00:00,LINK,1263.9,1287.89,1223.46,1247.45,4977735
2023-12-29 00:00:00+00:00,LTC,80.22,81.51,78.64,79.94,14352933
2023-12-29 00:00:00+00:00,SOL,304.43,334.22,298.58,328.36,14992280
2023-12-29 00:00:00+00:00,XRP,560.72,575.78,558.47,573.53,8547065
2023-12-30 00:00:00+00:00,ADA,1914.21,1991.99,1810.18,1887.97,1569606
2023-12-30 00:00:00+00:00,AVAX,248.78,251.08,191.43,193.72,10613555
2023-12-30 00:00:00+00:00,BCH,176.98,182.89,157.3,163.21,18785316
2023-12-30 00:00:00+00:00,BTC,5923.56,6017.33,5580.52,5674.29,10547902
2023-12-30 00:00:00+00:00,DOGE,5714.27,5924.73,5633.13,5843.59,4368590
2023-12-30 00:00:00+00:00,ETH,4725.47,4833.71,4703.73,4811.97,10743518
2023-12-30 00:00:00+00:00,LINK,1247.45,1270.09,1127.01,1149.65,11329341
2023-12-30 00:00:00+00:00,LTC,79.94,86.31,79.16,85.53,7080454
2023-12-30 00:00:00+00:00,SOL,328.36,330.85,321.8,324.29,2889132
2023-12-30 00:00:00+00:00,XRP,573.53,643.35,557.35,627.16,9329493
2023-12-31 00:00:00+00:00,ADA,1887.97,1937.72,1734.76,1784.51,9362381
2023-12-31 00:00:00+00:00,AVAX,193.72,224.27,177.9,208.45,19696992
2023-12-31 00:00:00+00:00,BCH,163.21,175.81,156.54,169.14,18294646
2023-12-31 00:00:00+00:00,BTC,5674.29,5718.13,5477.79,5521.63,2292881
2023-12-31 00:00:00+00:00,DOGE,5843.59,6033.93,5361.59,5551.93,10982883
2023-12-31 00:00:00+00:00,ETH,4811.97,4854.36,4766.6,4808.99,6816257
2023-12-31 00:00:00+00:00,LINK,1149.65,1156.09,1116.67,1123.11,17031551
2023-12-31 00:00:00+00:00,LTC,85.53,92.33,82.28,89.08,11478325
2023-12-31 00:00:00+00:00,SOL,324.29,326.3,309.19,311.2,18244704
2023-12-31 00:00:00+00:00,XRP,627.16,633.52,612.17,618.53,4157059
2024-01-01 00:00:00+00:00,ADA,1784.51,1813.5,1757.46,1786.44,11132446
2024-01-01 00:00:00+00:00,AVAX,208.45,225.18,200.66,217.39,2989847
2024-01-01 00:00:00+00:00,BCH,169.14,170.29,163.04,164.19,7271741
2024-01-01 00:00:00+00:00,BTC,5521.63,5822.29,5506.06,5806.72,4257422
2024-01-01 00:00:00+00:00,DOGE,5551.93,5572.23,5208.09,5228.39,19422008
2024-01-01 00:00:00+00:00,ETH,4808.99,4827.79,4704.63,4723.43,1330937
2024-01-01 00:00:00+00:00,LINK,1123.11,1157.87,1100.9,1135.66,5076057
2024-01-01 00:00:00+00:00,LTC,89.08,99.01,86.23,96.16,10599553
2024-01-01 00:00:00+00:00,SOL,311.2,334.2,299.18,322.18,15560269
2024-01-01 00:00:00+00:00,XRP,618.53,629.48,580.0,590.96,10025367
2024-01-02 00:00:00+00:00,ADA,1786.44,1919.72,1742.2,1875.48,6261127
2024-01-02 00:00:00+00:00,AVAX,217.39,222.2,201.08,205.9,5455653
2024-01-02 00:00:00+00:00,BCH,164.19,167.84,152.67,156.32,6185065
2024-01-02 00:00:00+00:00,BTC,5806.72,6004.01,5704.02,5901.31,2571914
2024-01-02 00:00:00+00:00,DOGE,5228.39,5258.1,5145.85,5175.56,17249233
2024-01-02 00:00:00+00:00,ETH,4723.43,4818.3,4658.88,4753.75,10441178
2024-01-02 00:00:00+00:00,LINK,1135.66,1148.6,1088.78,1101.72,10142203
2024-01-02 00:00:00+00:00,LTC,96.16,99.18,93.18,96.2,15707453
2024-01-02 00:00:00+00:00,SOL,322.18,345.51,320.18,343.51,15490238
2024-01-02 00:00:00+00:00,XRP,590.96,626.83,548.93,584.81,14559241
2024-01-03 00:00:00+00:00,ADA,1875.48,1891.84,1751.5,1767.87,11639713
2024-01-03 00:00:00+00:00,AVAX,205.9,228.42,204.5,227.01,5339285
2024-01-03 00:00:00+00:00,BCH,156.32,167.23,155.13,166.04,16360285
2024-01-03 00:00:00+00:00,BTC,5901.31,6561.48,5849.87,6510.04,10857403
2024-01-03 00:00:00+00:00,DOGE,5175.56,5227.51,5028.18,5080.13,16277020
2024-01-03 00:00:00+00:00,ETH,4753.75,4758.47,4592.41,4597.14,4120550
2024-01-03 00:00:00+00:00,LINK,1101.72,1120.94,1043.66,1062.89,10329065
2024-01-03 00:00:00+00:00,LTC,96.2,101.98,92.61,98.39,14307005
2024-01-03 00:00:00+00:00,SOL,343.51,384.66,333.29,374.44,12113797
2024-01-03 00:00:00+00:00,XRP,584.81,599.88,568.11,583.18,8350407
2024-01-04 00:00:00+00:00,ADA,1767.87,1800.66,1733.87,1766.66,3810356
2024-01-04 00:00:00+00:00,AVAX,227.01,247.62,220.37,240.98,17880160
2024-01-04 00:00:00+00:00,BCH,166.04,174.86,165.46,174.28,13130237
2024-01-04 00:00:00+00:00,BTC,6510.04,6946.72,6436.76,6873.45,16031667
2024-01-04 00:00:00+00:00,DOGE,5080.13,5089.17,4994.69,5003.73,15997688
2024-01-04 00:00:00+00:00,ETH,4597.14,4688.7,4539.67,4631.24,11178676
2024-01-04 00:00:00+00:00,LINK,1062.89,1076.78,1030.85,1044.74,5713631
2024-01-04 00:00:00+00:00,LTC,98.39,103.79,98.32,103.72,2099681
2024-01-04 00:00:00+00:00,SOL,374.44,381.41,347.15,354.12,11883215
2024-01-04 00:00:00+00:00,XRP,583.18,583.72,574.92,575.46,2363358
2024-01-05 00:00:00+00:00,ADA,1766.66,1778.8,1713.99,1726.13,12836655
2024-01-05 00:00:00+00:00,AVAX,240.98,248.48,220.83,228.32,2144063
2024-01-05 00:00:00+00:00,BCH,174.28,180.06,170.66,176.43,7718451
2024-01-05 00:00:00+00:00,BTC,6873.45,7317.62,6681.65,7125.83,8985670
2024-01-05 00:00:00+00:00,DOGE,5003.73,5223.61,4908.89,5128.77,3736164
2024-01-05 00:00:00+00:00,ETH,4631.24,4639.41,4441.63,4449.8,13693686
2024-01-05 00:00:00+00:00,LINK,1044.74,1070.53,996.69,1022.48,8076388
2024-01-05 00:00:00+00:00,LTC,103.72,104.66,103.03,103.98,7935636
2024-01-05 00:00:00+00:00,SOL,354.12,369.89,352.45,368.23,3121861
2024-01-05 00:00:00+00:00,XRP,575.46,585.22,511.81,521.57,18709895
2024-01-06 00:00:00+00:00,ADA,1726.13,1765.5,1707.61,1746.98,2239888
2024-01-06 00:00:00+00:00,AVAX,228.32,228.59,218.78,219.04,15601685
2024-01-06 00:00:00+00:00,BCH,176.43,201.6,159.59,184.75,10944172
2024-01-06 00:00:00+00:00,BTC,7125.83,7607.27,6776.65,7258.09,1392466
2024-01-06 00:00:00+00:00,DOGE,5128.77,5270.29,4931.97,5073.48,16690322
2024-01-06 00:00:00+00:00,ETH,4449.8,4488.19,4202.35,4240.74,18359699
2024-01-06 00:00:00+00:00,LINK,1022.48,1040.95,932.73,951.2,7530839
2024-01-06 00:00:00+00:00,LTC,103.98,117.46,102.9,116.38,16441667
2024-01-06 00:00:00+00:00,SOL,368.23,377.9,312.28,321.95,8118093
2024-01-06 00:00:00+00:00,XRP,521.57,541.98,512.28,532.69,2321693
2024-01-07 00:00:00+00:00,ADA,1746.98,1755.57,1738.51,1747.09,18676569
2024-01-07 00:00:00+00:00,AVAX,219.04,220.69,214.28,215.93,19411440
2024-01-07 00:00:00+00:00,BCH,184.75,198.73,177.51,191.49,10539763
2024-01-07 00:00:00+00:00,BTC,7258.09,7297.91,6987.49,7027.31,16823643
2024-01-07 00:00:00+00:00,DOGE,5073.48,5189.25,4733.57,4849.34,1679235
2024-01-07 00:00:00+00:00,ETH,4240.74,4255.53,4096.81,4111.6,15330349
2024-01-07 00:00:00+00:00,LINK,951.2,973.47,887.95,910.22,16881757
2024-01-07 00:00:00+00:00,LTC,116.38,128.28,114.73,126.63,12687009
2024-01-07 00:00:00+00:00,SOL,321.95,333.98,309.26,321.29,8951806
2024-01-07 00:00:00+00:00,XRP,532.69,563.74,532.21,563.25,7748686
2024-01-08 00:00:00+00:00,ADA,1747.09,1782.5,1683.36,1718.78,11315048
2024-01-08 00:00:00+00:00,AVAX,215.93,224.09,199.5,207.66,19193643
2024-01-08 00:00:00+00:00,BCH,191.49,192.2,177.38,178.1,10927994
2024-01-08 00:00:00+00:00,BTC,7027.31,7185.27,6905.99,7063.94,14096697
2024-01-08 00:00:00+00:00,DOGE,4849.34,4916.66,4655.58,4722.89,14275242
2024-01-08 00:00:00+00:00,ETH,4111.6,4160.31,4019.03,4067.74,17633243
2024-01-08 00:00:00+00:00,LINK,910.22,939.16,852.81,881.75,18893234
2024-01-08 00:00:00+00:00,LTC,126.63,130.99,110.65,115.01,6867676
2024-01-08 00:00:00+00:00,SOL,321.29,329.19,321.2,329.1,10111008
2024-01-08 00:00:00+00:00,XRP,563.25,567.2,548.91,552.85,11959254
2024-01-09 00:00:00+00:00,ADA,1718.78,1878.97,1662.09,1822.28,9652567
2024-01-09 00:00:00+00:00,AVAX,207.66,209.25,189.77,191.36,8397709
2024-01-09 00:00:00+00:00,BCH,178.1,189.4,173.52,184.83,7349290
2024-01-09 00:00:00+00:00,BTC,7063.94,7282.26,6767.73,6986.04,7716557
2024-01-09 00:00:00+00:00,DOGE,4722.89,4799.1,4607.21,4683.41,10777134
2024-01-09 00:00:00+00:00,ETH,4067.74,4102.26,4036.36,4070.87,18873749
2024-01-09 00:00:00+00:00,LINK,881.75,945.19,876.82,940.26,19498931
2024-01-09 00:00:00+00:00,LTC,115.01,122.62,109.58,117.18,19010573
2024-01-09 00:00:00+00:00,SOL,329.1,333.31,320.53,324.74,18182663
2024-01-09 00:00:00+00:00,XRP,552.85,610.33,538.22,595.7,9014281
2024-01-10 00:00:00+00:00,ADA,1822.28,1935.81,1731.48,1845.0,2683909
2024-01-10 00:00:00+00:00,AVAX,191.36,202.47,188.29,199.39,1789875
2024-01-10 00:00:00+00:00,BCH,184.83,185.03,184.14,184.34,15042307
2024-01-10 00:00:00+00:00,BTC,6986.04,7104.37,6647.87,6766.2,12146874
2024-01-10 00:00:00+00:00,DOGE,4683.41,4797.62,4670.32,4784.53,9958640
2024-01-10 00:00:00+00:00,ETH,4070.87,4094.53,4031.29,4054.95,17097762
2024-01-10 00:00:00+00:00,LINK,940.26,941.77,922.43,923.94,4622708
2024-01-10 00:00:00+00:00,LTC,117.18,119.86,116.58,119.25,16487872
2024-01-10 00:00:00+00:00,SOL,324.74,337.47,289.83,302.56,19428774
2024-01-10 00:00:00+00:00,XRP,595.7,631.29,503.47,539.06,3202937
2024-01-11 00:00:00+00:00,ADA,1845.0,1887.38,1760.73,1803.11,18380135
2024-01-11 00:00:00+00:00,AVAX,199.39,200.73,187.06,188.39,9924857
2024-01-11 00:00:00+00:00,BCH,184.34,186.11,169.99,171.76,18972716
2024-01-11 00:00:00+00:00,BTC,6766.2,6770.66,6250.4,6254.85,1239968
2024-01-11 00:00:00+00:00,DOGE,4784.53,4871.48,4467.38,4554.33,7698431
2024-01-11 00:00:00+00:00,ETH,4054.95,4088.36,3978.39,4011.79,2700340
2024-01-11 00:00:00+00:00,LINK,923.94,954.95,922.24,953.25,1220867
2024-01-11 00:00:00+00:00,LTC,119.25,120.18,116.98,117.9,15488135
2024-01-11 00:00:00+00:00,SOL,302.56,303.42,297.56,298.43,1686568
2024-01-11 00:00:00+00:00,XRP,539.06,539.99,537.0,537.94,11203839
2024-01-12 00:00:00+00:00,ADA,1803.11,1879.78,1765.0,1841.67,11230314
2024-01-12 00:00:00+00:00,AVAX,188.39,191.81,172.46,175.88,11545054
2024-01-12 00:00:00+00:00,BCH,171.76,174.26,158.19,160.69,8417196
2024-01-12 00:00:00+00:00,BTC,6254.85,6448.74,6189.27,6383.15,10089856
2024-01-12 00:00:00+00:00,DOGE,4554.33,4637.69,4388.32,4471.68,15951814
2024-01-12 00:00:00+00:00,ETH,4011.79,4232.97,3959.03,4180.21,10269083
2024-01-12 00:00:00+00:00,LINK,953.25,966.35,929.9,943.0,12759433
2024-01-12 00:00:00+00:00,LTC,117.9,121.93,113.56,117.59,12588615
2024-01-12 00:00:00+00:00,SOL,298.43,309.07,286.23,296.87,3744995
2024-01-12 00:00:00+00:00,XRP,537.94,555.6,532.83,550.49,14964452
2024-01-13 00:00:00+00:00,ADA,1841.67,1930.43,1823.56,1912.32,1507416
2024-01-13 00:00:00+00:00,AVAX,175.88,178.11,164.15,166.38,17848189
2024-01-13 00:00:00+00:00,BCH,160.69,164.5,146.65,150.46,12591263
2024-01-13 00:00:00+00:00,BTC,6383.15,6985.52,6130.31,6732.67,12125464
2024-01-13 00:00:00+00:00,DOGE,4471.68,4913.16,4419.35,4860.83,12725188
2024-01-13 00:00:00+00:00,ETH,4180.21,4201.57,4175.89,4197.24,10378860
2024-01-13 00:00:00+00:00,LINK,943.0,959.19,903.52,919.71,5900886
2024-01-13 00:00:00+00:00,LTC,117.59,130.37,111.27,124.05,8124708
2024-01-13 00:00:00+00:00,SOL,296.87,297.75,281.39,282.27,6432197
2024-01-13 00:00:00+00:00,XRP,550.49,554.45,528.44,532.4,5334613
2024-01-14 00:00:00+00:00,ADA,1912.32,2007.35,1905.21,2000.24,2212042
2024-01-14 00:00:00+00:00,AVAX,166.38,170.67,153.94,158.23,11203887
2024-01-14 00:00:00+00:00,BCH,150.46,151.05,141.31,141.9,10109964
2024-01-14 00:00:00+00:00,BTC,6732.67,7024.79,6401.39,6693.51,12963961
2024-01-14 00:00:00+00:00,DOGE,4860.83,4921.06,4781.33,4841.57,12535512
2024-01-14 00:00:00+00:00,ETH,4197.24,4496.62,4163.54,4462.91,2482876
2024-01-14 00:00:00+00:00,LINK,919.71,926.54,892.27,899.1,15218224
2024-01-14 00:00:00+00:00,LTC,124.05,125.42,114.85,116.22,19123512
2024-01-14 00:00:00+00:00,SOL,282.27,284.48,279.46,281.67,5418759
2024-01-14 00:00:00+00:00,XRP,532.4,533.05,509.64,510.29,6681405
2024-01-15 00:00:00+00:00,ADA,2000.24,2003.33,1827.01,1830.1,6580668
2024-01-15 00:00:00+00:00,AVAX,158.23,159.6,150.81,152.19,8578610
2024-01-15 00:00:00+00:00,BCH,141.9,144.76,140.95,143.82,12438952
2024-01-15 00:00:00+00:00,BTC,6693.51,6838.06,6019.66,6164.21,10711100
2024-01-15 00:00:00+00:00,DOGE,4841.57,4882.55,4813.29,4854.27,12328565
2024-01-15 00:00:00+00:00,ETH,4462.91,4632.82,4443.46,4613.36,11304933
2024-01-15 00:00:00+00:00,LINK,899.1,905.29,896.86,903.05,19643788
2024-01-15 00:00:00+00:00,LTC,116.22,118.58,111.46,113.81,17679826
2024-01-15 00:00:00+00:00,SOL,281.67,296.77,257.8,272.9,1843764
2024-01-15 00:00:00+00:00,XRP,510.29,522.9,463.75,476.36,1552051
2024-01-16 00:00:00+00:00,ADA,1830.1,1861.53,1827.3,1858.74,15204247
2024-01-16 00:00:00+00:00,AVAX,152.19,158.71,150.3,156.82,12605167
2024-01-16 00:00:00+00:00,BCH,143.82,146.04,132.88,135.1,10270205
2024-01-16 00:00:00+00:00,BTC,6164.21,6541.56,6126.9,6504.25,7970023
2024-01-16 00:00:00+00:00,DOGE,4854.27,5200.66,4741.43,5087.81,6739711
2024-01-16 00:00:00+00:00,ETH,4613.36,4613.94,4488.23,4488.81,9273510
2024-01-16 00:00:00+00:00,LINK,903.05,952.27,877.69,926.9,6234415
2024-01-16 00:00:00+00:00,LTC,113.81,117.26,109.6,113.04,16260298
2024-01-16 00:00:00+00:00,SOL,272.9,279.57,266.75,273.43,17650389
2024-01-16 00:00:00+00:00,XRP,476.36,511.27,476.03,510.94,4195607
2024-01-17 00:00:00+00:00,ADA,1858.74,1867.88,1786.79,1795.93,18270483
2024-01-17 00:00:00+00:00,AVAX,156.82,171.07,151.67,165.92,7792673
2024-01-17 00:00:00+00:00,BCH,135.1,137.85,132.34,135.08,11049547
2024-01-17 00:00:00+00:00,BTC,6504.25,7086.57,6348.79,6931.11,15927910
2024-01-17 00:00:00+00:00,DOGE,5087.81,5163.67,4985.02,5060.87,18376570
2024-01-17 00:00:00+00:00,ETH,4488.81,4625.21,4459.28,4595.67,9767347
2024-01-17 00:00:00+00:00,LINK,926.9,949.34,901.26,923.69,18010647
2024-01-17 00:00:00+00:00,LTC,113.04,119.93,112.1,118.99,8799159
2024-01-17 00:00:00+00:00,SOL,273.43,283.7,272.71,282.98,7710949
2024-01-17 00:00:00+00:00,XRP,510.94,533.64,498.98,521.67,18580596
2024-01-18 00:00:00+00:00,ADA,1795.93,1945.73,1734.15,1883.95,15771359
2024-01-18 00:00:00+00:00,AVAX,165.92,182.83,164.02,180.93,7043885
2024-01-18 00:00:00+00:00,BCH,135.08,152.96,132.72,150.59,12541578
2024-01-18 00:00:00+00:00,BTC,6931.11,7453.68,6588.1,7110.67,15244142
2024-01-18 00:00:00+00:00,DOGE,5060.87,5150.46,4618.68,4708.26,5306228
2024-01-18 00:00:00+00:00,ETH,4595.67,4678.99,4346.89,4430.2,6827079
2024-01-18 00:00:00+00:00,LINK,923.69,954.6,913.59,944.5,19407120
2024-01-18 00:00:00+00:00,LTC,118.99,126.82,108.13,115.97,13717527
2024-01-18 00:00:00+00:00,SOL,282.98,303.36,276.29,296.67,13479777
2024-01-18 00:00:00+00:00,XRP,521.67,528.37,479.32,486.02,11153333
2024-01-19 00:00:00+00:00,ADA,1883.95,1982.16,1839.37,1937.59,18624722
2024-01-19 00:00:00+00:00,AVAX,180.93,183.47,176.92,179.46,1540730
2024-01-19 00:00:00+00:00,BCH,150.59,155.91,147.63,152.94,17020819
2024-01-19 00:00:00+00:00,BTC,7110.67,7660.97,7064.45,7614.74,5477154
2024-01-19 00:00:00+00:00,DOGE,4708.26,4913.87,4612.6,4818.21,16951307
2024-01-19 00:00:00+00:00,ETH,4430.2,4525.7,4381.31,4476.8,9145117
2024-01-19 00:00:00+00:00,LINK,944.5,965.09,914.55,935.14,14182133
2024-01-19 00:00:00+00:00,LTC,115.97,117.11,112.96,114.11,6991424
2024-01-19 00:00:00+00:00,SOL,296.67,300.78,292.85,296.95,2276978
2024-01-19 00:00:00+00:00,XRP,486.02,489.29,450.08,453.36,15243250
2024-01-20 00:00:00+00:00,ADA,1937.59,1946.6,1905.5,1914.52,3635490
2024-01-20 00:00:00+00:00,AVAX,179.46,181.42,178.87,180.83,13605715
2024-01-20 00:00:00+00:00,BCH,152.94,154.85,144.68,146.6,16428088
2024-01-20 00:00:00+00:00,BTC,7614.74,7981.1,7594.91,7961.27,7852687
2024-01-20 00:00:00+00:00,DOGE,4818.21,5126.46,4760.08,5068.33,9120829
2024-01-20 00:00:00+00:00,ETH,4476.8,4571.81,4185.01,4280.01,11959388
2024-01-20 00:00:00+00:00,LINK,935.14,938.43,887.51,890.8,19104529
2024-01-20 00:00:00+00:00,LTC,114.11,121.87,102.65,110.41,9850742
2024-01-20 00:00:00+00:00,SOL,296.95,318.81,294.51,316.37,2372503
2024-01-20 00:00:00+00:00,XRP,453.36,453.42,425.36,425.43,9733077
2024-01-21 00:00:00+00:00,ADA,1914.52,1924.01,1848.82,1858.32,13049940
2024-01-21 00:00:00+00:00,AVAX,180.83,194.13,173.14,186.44,3111909
2024-01-21 00:00:00+00:00,BCH,146.6,147.61,145.79,146.8,14884887
2024-01-21 00:00:00+00:00,BTC,7961.27,8019.28,7724.43,7782.44,2011542
2024-01-21 00:00:00+00:00,DOGE,5068.33,5132.55,4955.38,5019.6,10949592
2024-01-21 00:00:00+00:00,ETH,4280.01,4429.13,4212.58,4361.7,3889627
2024-01-21 00:00:00+00:00,LINK,890.8,910.78,879.65,899.64,10258199
2024-01-21 00:00:00+00:00,LTC,110.41,118.71,108.12,116.42,1934164
2024-01-21 00:00:00+00:00,SOL,316.37,320.41,296.03,300.07,15286392
2024-01-21 00:00:00+00:00,XRP,425.43,435.45,405.91,415.93,14605996
2024-01-22 00:00:00+00:00,ADA,1858.32,1859.73,1734.43,1735.85,7914769
2024-01-22 00:00:00+00:00,AVAX,186.44,187.59,168.3,169.45,14986212
2024-01-22 00:00:00+00:00,BCH,146.8,147.86,146.3,147.35,15200452
2024-01-22 00:00:00+00:00,BTC,7782.44,8129.41,7597.48,7944.45,14064056
2024-01-22 00:00:00+00:00,DOGE,5019.6,5116.1,4955.93,5052.44,5002834
2024-01-22 00:00:00+00:00,ETH,4361.7,4445.04,4214.6,4297.94,19454804
2024-01-22 00:00:00+00:00,LINK,899.64,949.7,897.52,947.58,2088641
2024-01-22 00:00:00+00:00,LTC,116.42,125.22,107.83,116.63,3937279
2024-01-22 00:00:00+00:00,SOL,300.07,319.09,297.15,316.17,6599925
2024-01-22 00:00:00+00:00,XRP,415.93,423.14,385.22,392.43,5662624
2024-01-23 00:00:00+00:00,ADA,1735.85,1744.0,1731.99,1740.14,6436830
2024-01-23 00:00:00+00:00,AVAX,169.45,172.99,169.09,172.63,2063432
2024-01-23 00:00:00+00:00,BCH,147.35,153.91,138.71,145.26,5782689
2024-01-23 00:00:00+00:00,BTC,7944.45,8168.54,7920.7,8144.8,17070914
2024-01-23 00:00:00+00:00,DOGE,5052.44,5245.47,4978.26,5171.3,7987357
2024-01-23 00:00:00+00:00,ETH,4297.94,4392.26,4167.14,4261.46,16632427
2024-01-23 00:00:00+00:00,LINK,947.58,954.12,908.74,915.28,16258694
2024-01-23 00:00:00+00:00,LTC,116.63,130.97,112.3,126.64,1974506
2024-01-23 00:00:00+00:00,SOL,316.17,322.94,300.17,306.94,12102593
2024-01-23 00:00:00+00:00,XRP,392.43,418.56,389.68,415.81,15560552
2024-01-24 00:00:00+00:00,ADA,1740.14,1852.29,1733.63,1845.78,4796491
2024-01-24 00:00:00+00:00,AVAX,172.63,175.42,161.29,164.08,2458445
2024-01-24 00:00:00+00:00,BCH,145.26,180.93,137.57,173.24,2583012
2024-01-24 00:00:00+00:00,BTC,8144.8,8702.9,8053.01,8611.12,15050111
2024-01-24 00:00:00+00:00,DOGE,5171.3,5696.8,5019.49,5544.99,15010583
2024-01-24 00:00:00+00:00,ETH,4261.46,4461.58,4185.72,4385.84,12233723
2024-01-24 00:00:00+00:00,LINK,915.28,920.03,859.67,864.42,6035155
2024-01-24 00:00:00+00:00,LTC,126.64,138.5,125.92,137.78,8386070
2024-01-24 00:00:00+00:00,SOL,306.94,311.89,264.89,269.84,7723529
2024-01-24 00:00:00+00:00,XRP,415.81,475.88,395.45,455.52,8924091
2024-01-25 00:00:00+00:00,ADA,1845.78,1891.62,1792.18,1838.02,6349537
2024-01-25 00:00:00+00:00,AVAX,164.08,166.88,151.02,153.83,19673060
2024-01-25 00:00:00+00:00,BCH,173.24,186.61,165.87,179.25,19819542
2024-01-25 00:00:00+00:00,BTC,8611.12,8696.63,8241.31,8326.83,19106272
2024-01-25 00:00:00+00:00,DOGE,5544.99,5597.02,5391.65,5443.68,5544967
2024-01-25 00:00:00+00:00,ETH,4385.84,4442.52,4369.75,4426.42,15402748
2024-01-25 00:00:00+00:00,LINK,864.42,884.92,815.29,835.79,6302308
2024-01-25 00:00:00+00:00,LTC,137.78,144.66,135.56,142.44,7635773
2024-01-25 00:00:00+00:00,SOL,269.84,277.18,257.26,264.6,18381815
2024-01-25 00:00:00+00:00,XRP,455.52,483.21,438.19,465.88,9925144
2024-01-26 00:00:00+00:00,ADA,1838.02,1840.4,1798.59,1800.97,2651652
2024-01-26 00:00:00+00:00,AVAX,153.83,155.95,144.9,147.02,1492552
2024-01-26 00:00:00+00:00,BCH,179.25,183.98,164.27,169.01,6861535
2024-01-26 00:00:00+00:00,BTC,8326.83,8334.56,8312.28,8320.01,7532041
2024-01-26 00:00:00+00:00,DOGE,5443.68,5457.98,5246.6,5260.91,17391886
2024-01-26 00:00:00+00:00,ETH,4426.42,4443.89,4341.28,4358.75,19834448
2024-01-26 00:00:00+00:00,LINK,835.79,879.88,827.58,871.67,6246650
2024-01-26 00:00:00+00:00,LTC,142.44,145.16,132.79,135.5,15834332
2024-01-26 00:00:00+00:00,SOL,264.6,266.46,256.43,258.3,11886408
2024-01-26 00:00:00+00:00,XRP,465.88,470.5,463.54,468.16,1730722
2024-01-27 00:00:00+00:00,ADA,1800.97,1932.18,1795.72,1926.93,18928043
2024-01-27 00:00:00+00:00,AVAX,147.02,159.91,146.76,159.65,15579418
2024-01-27 00:00:00+00:00,BCH,169.01,183.44,168.33,182.76,7479643
2024-01-27 00:00:00+00:00,BTC,8320.01,8647.16,8282.2,8609.35,2663557
2024-01-27 00:00:00+00:00,DOGE,5260.91,5283.58,5057.84,5080.51,7224364
2024-01-27 00:00:00+00:00,ETH,4358.75,4373.61,4306.2,4321.06,1812861
2024-01-27 00:00:00+00:00,LINK,871.67,871.79,818.8,818.91,2719583
2024-01-27 00:00:00+00:00,LTC,135.5,138.8,126.7,130.0,8282771
2024-01-27 00:00:00+00:00,SOL,258.3,260.31,254.8,256.81,1377350
2024-01-27 00:00:00+00:00,XRP,468.16,487.49,467.15,486.48,9200201
2024-01-28 00:00:00+00:00,ADA,1926.93,1936.31,1816.6,1825.98,16707023
2024-01-28 00:00:00+00:00,AVAX,159.65,173.49,154.37,168.22,8018819
2024-01-28 00:00:00+00:00,BCH,182.76,184.15,179.41,180.81,17663471
2024-01-28 00:00:00+00:00,BTC,8609.35,8994.62,8456.75,8842.03,3420501
2024-01-28 00:00:00+00:00,DOGE,5080.51,5281.32,5018.82,5219.63,8069790
2024-01-28 00:00:00+00:00,ETH,4321.06,4359.78,4071.8,4110.52,18047962
2024-01-28 00:00:00+00:00,LINK,818.91,823.48,780.11,784.67,5140997
2024-01-28 00:00:00+00:00,LTC,130.0,143.51,127.65,141.15,18735276
2024-01-28 00:00:00+00:00,SOL,256.81,257.01,253.79,253.99,7366248
2024-01-28 00:00:00+00:00,XRP,486.48,518.91,456.66,489.09,5236298
2024-01-29 00:00:00+00:00,ADA,1825.98,1850.36,1805.14,1829.52,15751736
2024-01-29 00:00:00+00:00,AVAX,168.22,168.32,150.43,150.53,2175057
2024-01-29 00:00:00+00:00,BCH,180.81,181.52,165.51,166.23,18459797
2024-01-29 00:00:00+00:00,BTC,8842.03,9133.04,7933.17,8224.19,3034518
2024-01-29 00:00:00+00:00,DOGE,5219.63,5316.86,5190.34,5287.57,17297965
2024-01-29 00:00:00+00:00,ETH,4110.52,4228.73,4093.74,4211.96,8126056
2024-01-29 00:00:00+00:00,LINK,784.67,827.46,766.43,809.22,2273057
2024-01-29 00:00:00+00:00,LTC,141.15,141.61,130.07,130.53,18932650
2024-01-29 00:00:00+00:00,SOL,253.99,256.87,232.62,235.5,13906578
2024-01-29 00:00:00+00:00,XRP,489.09,531.17,477.32,519.4,4927462
2024-01-30 00:00:00+00:00,ADA,1829.52,1881.7,1720.63,1772.8,16203682
2024-01-30 00:00:00+00:00,AVAX,150.53,153.16,145.48,148.1,13122359
2024-01-30 00:00:00+00:00,BCH,166.23,172.38,153.34,159.5,19737686
2024-01-30 00:00:00+00:00,BTC,8224.19,8392.14,8184.84,8352.8,12017451
2024-01-30 00:00:00+00:00,DOGE,5287.57,5420.08,5282.85,5415.37,6337988
2024-01-30 00:00:00+00:00,ETH,4211.96,4332.71,4174.77,4295.53,11340736
2024-01-30 00:00:00+00:00,LINK,809.22,821.82,744.41,757.01,8339330
2024-01-30 00:00:00+00:00,LTC,130.53,143.09,125.79,138.35,10106746
2024-01-30 00:00:00+00:00,SOL,235.5,258.41,222.5,245.41,16312156
2024-01-30 00:00:00+00:00,XRP,519.4,538.21,512.41,531.22,3478846
2024-01-31 00:00:00+00:00,ADA,1772.8,1778.93,1731.17,1737.29,1681552
2024-01-31 00:00:00+00:00,AVAX,148.1,150.16,141.17,143.22,6431975
2024-01-31 00:00:00+00:00,BCH,159.5,176.35,158.79,175.65,9356992
2024-01-31 00:00:00+00:00,BTC,8352.8,8720.04,8271.99,8639.24,13715160
2024-01-31 00:00:00+00:00,DOGE,5415.37,5545.01,5372.59,5502.23,12054258
2024-01-31 00:00:00+00:00,ETH,4295.53,4306.32,4073.02,4083.81,17967740
2024-01-31 00:00:00+00:00,LINK,757.01,765.3,743.69,751.98,10619625
2024-01-31 00:00:00+00:00,LTC,138.35,145.12,126.22,132.99,15358470
2024-01-31 00:00:00+00:00,SOL,245.41,245.73,240.25,240.58,11118473
2024-01-31 00:00:00+00:00,XRP,531.22,554.79,519.7,543.26,1503301
2024-02-01 00:00:00+00:00,ADA,1737.29,1746.89,1684.07,1693.66,4514735
2024-02-01 00:00:00+00:00,AVAX,143.22,160.2,140.85,157.83,1640968
2024-02-01 00:00:00+00:00,BCH,175.65,193.71,165.88,183.94,5838837
2024-02-01 00:00:00+00:00,BTC,8639.24,9095.08,8493.62,8949.46,8963104
2024-02-01 00:00:00+00:00,DOGE,5502.23,5611.21,5280.27,5389.25,4466391
2024-02-01 00:00:00+00:00,ETH,4083.81,4096.76,4024.73,4037.69,18337136
2024-02-01 00:00:00+00:00,LINK,751.98,756.56,711.1,715.69,16508783
2024-02-01 00:00:00+00:00,LTC,132.99,136.1,126.95,130.06,11036859
2024-02-01 00:00:00+00:00,SOL,240.58,247.3,238.1,244.83,11465275
2024-02-01 00:00:00+00:00,XRP,543.26,569.73,500.37,526.84,4571222
2024-02-02 00:00:00+00:00,ADA,1693.66,1732.32,1645.64,1684.29,9148967
2024-02-02 00:00:00+00:00,AVAX,157.83,159.08,151.86,153.11,8434254
2024-02-02 00:00:00+00:00,BCH,183.94,206.62,176.19,198.87,16749095
2024-02-02 00:00:00+00:00,BTC,8949.46,9024.81,8476.05,8551.4,15469620
2024-02-02 00:00:00+00:00,DOGE,5389.25,5699.16,5197.5,5507.41,8315800
2024-02-02 00:00:00+00:00,ETH,4037.69,4110.34,3964.66,4037.32,3749261
2024-02-02 00:00:00+00:00,LINK,715.69,756.33,708.84,749.48,14628202
2024-02-02 00:00:00+00:00,LTC,130.06,144.76,127.01,141.71,9065743
2024-02-02 00:00:00+00:00,SOL,244.83,247.76,236.58,239.51,2887103
2024-02-02 00:00:00+00:00,XRP,526.84,542.47,520.75,536.38,18960189
2024-02-03 00:00:00+00:00,ADA,1684.29,1716.54,1657.86,1690.11,18415885
2024-02-03 00:00:00+00:00,AVAX,153.11,160.51,131.39,138.79,13359130
2024-02-03 00:00:00+00:00,BCH,198.87,217.32,192.47,210.91,3778362
2024-02-03 00:00:00+00:00,BTC,8551.4,8659.05,8246.19,8353.84,17766912
2024-02-03 00:00:00+00:00,DOGE,5507.41,5572.19,5460.45,5525.22,12843242
2024-02-03 00:00:00+00:00,ETH,4037.32,4077.52,3853.72,3893.92,6347407
2024-02-03 00:00:00+00:00,LINK,749.48,793.63,748.03,792.18,14495965
2024-02-03 00:00:00+00:00,LTC,141.71,157.15,135.81,151.25,13187654
2024-02-03 00:00:00+00:00,SOL,239.51,247.61,226.43,234.53,17710575
2024-02-03 00:00:00+00:00,XRP,536.38,581.52,533.59,578.73,9869988
2024-02-04 00:00:00+00:00,ADA,1690.11,1809.43,1670.27,1789.6,2488308
2024-02-04 00:00:00+00:00,AVAX,138.79,141.01,127.74,129.96,19032615
2024-02-04 00:00:00+00:00,BCH,210.91,216.56,208.47,214.12,10668644
2024-02-04 00:00:00+00:00,BTC,8353.84,8480.58,7749.02,7875.76,9517256
2024-02-04 00:00:00+00:00,DOGE,5525.22,5545.37,5245.95,5266.09,6091087
2024-02-04 00:00:00+00:00,ETH,3893.92,4012.33,3844.9,3963.31,18755340
2024-02-04 00:00:00+00:00,LINK,792.18,794.73,773.39,775.95,3816856
2024-02-04 00:00:00+00:00,LTC,151.25,154.85,139.04,142.64,2267232
2024-02-04 00:00:00+00:00,SOL,234.53,244.37,231.68,241.53,8118223
2024-02-04 00:00:00+00:00,XRP,578.73,588.26,563.59,573.13,7636632
2024-02-05 00:00:00+00:00,ADA,1789.6,1824.38,1769.64,1804.42,13347297
2024-02-05 00:00:00+00:00,AVAX,129.96,131.45,120.56,122.05,13655018
2024-02-05 00:00:00+00:00,BCH,214.12,215.08,205.36,206.33,3205778
2024-02-05 00:00:00+00:00,BTC,7875.76,8331.27,7729.57,8185.07,17463487
2024-02-05 00:00:00+00:00,DOGE,5266.09,5374.06,5097.3,5205.27,8371738
2024-02-05 00:00:00+00:00,ETH,3963.31,3985.46,3933.69,3955.85,14995512
2024-02-05 00:00:00+00:00,LINK,775.95,802.54,766.11,792.7,18524365
2024-02-05 00:00:00+00:00,LTC,142.64,146.18,142.25,145.79,18867295
2024-02-05 00:00:00+00:00,SOL,241.53,246.84,232.52,237.83,3558982
2024-02-05 00:00:00+00:00,XRP,573.13,584.26,556.05,567.18,3843126
2024-02-06 00:00:00+00:00,ADA,1804.42,1825.39,1789.87,1810.84,19904941
2024-02-06 00:00:00+00:00,AVAX,122.05,127.47,107.92,113.34,7644616
2024-02-06 00:00:00+00:00,BCH,206.33,230.98,204.01,228.66,10828504
2024-02-06 00:00:00+00:00,BTC,8185.07,8239.28,7593.6,7647.8,18155007
2024-02-06 00:00:00+00:00,DOGE,5205.27,5315.33,4991.83,5101.89,3173373
2024-02-06 00:00:00+00:00,ETH,3955.85,4031.62,3948.42,4024.19,10225531
2024-02-06 00:00:00+00:00,LINK,792.7,795.78,782.95,786.03,15917029
2024-02-06 00:00:00+00:00,LTC,145.79,146.92,139.39,140.52,11580167
2024-02-06 00:00:00+00:00,SOL,237.83,247.12,215.71,225.01,18488331
2024-02-06 00:00:00+00:00,XRP,567.18,580.74,535.12,548.68,12442521
2024-02-07 00:00:00+00:00,ADA,1810.84,1824.03,1687.4,1700.59,15497463
2024-02-07 00:00:00+00:00,AVAX,113.34,123.7,111.21,121.57,6546751
2024-02-07 00:00:00+00:00,BCH,228.66,237.98,219.81,229.12,6281026
2024-02-07 00:00:00+00:00,BTC,7647.8,8013.43,7597.4,7963.03,1550700
2024-02-07 00:00:00+00:00,DOGE,5101.89,5186.62,4809.59,4894.32,3360833
2024-02-07 00:00:00+00:00,ETH,4024.19,4053.55,3978.4,4007.76,19176196
2024-02-07 00:00:00+00:00,LINK,786.03,803.96,775.94,793.86,8772365
2024-02-07 00:00:00+00:00,LTC,140.52,141.92,134.8,136.19,18009215
2024-02-07 00:00:00+00:00,SOL,225.01,228.72,205.47,209.18,5690268
2024-02-07 00:00:00+00:00,XRP,548.68,552.09,533.57,536.99,3433574
2024-02-08 00:00:00+00:00,ADA,1700.59,1734.77,1692.27,1726.45,3542040
2024-02-08 00:00:00+00:00,AVAX,121.57,129.19,120.41,128.03,2322410
2024-02-08 00:00:00+00:00,BCH,229.12,232.2,217.95,221.03,19225355
2024-02-08 00:00:00+00:00,BTC,7963.03,8133.27,7575.26,7745.5,11290116
2024-02-08 00:00:00+00:00,DOGE,4894.32,4909.21,4824.25,4839.14,8107416
2024-02-08 00:00:00+00:00,ETH,4007.76,4104.61,3987.69,4084.54,6492095
2024-02-08 00:00:00+00:00,LINK,793.86,799.8,774.46,780.41,15939495
2024-02-08 00:00:00+00:00,LTC,136.19,139.71,134.95,138.47,16281186
2024-02-08 00:00:00+00:00,SOL,209.18,213.82,184.73,189.38,3449673
2024-02-08 00:00:00+00:00,XRP,536.99,582.23,514.43,559.68,16683442
2024-02-09 00:00:00+00:00,ADA,1726.45,1835.05,1709.96,1818.56,19301026
2024-02-09 00:00:00+00:00,AVAX,128.03,131.15,126.13,129.25,16447871
2024-02-09 00:00:00+00:00,BCH,221.03,230.36,220.62,229.94,7524976
2024-02-09 00:00:00+00:00,BTC,7745.5,7973.63,6969.64,7197.78,8558557
2024-02-09 00:00:00+00:00,DOGE,4839.14,4902.54,4755.05,4818.45,11403781
2024-02-09 00:00:00+00:00,ETH,4084.54,4135.87,4062.08,4113.4,10318741
2024-02-09 00:00:00+00:00,LINK,780.41,788.58,751.85,760.02,4216417
2024-02-09 00:00:00+00:00,LTC,138.47,142.63,127.05,131.21,11910529
2024-02-09 00:00:00+00:00,SOL,189.38,201.27,187.45,199.34,19150347
2024-02-09 00:00:00+00:00,XRP,559.68,589.19,555.76,585.27,5346352
2024-02-10 00:00:00+00:00,ADA,1818.56,1854.71,1758.76,1794.91,2524434
2024-02-10 00:00:00+00:00,AVAX,129.25,131.53,118.64,120.92,14142444
2024-02-10 00:00:00+00:00,BCH,229.94,244.73,229.01,243.8,19117070
2024-02-10 00:00:00+00:00,BTC,7197.78,7217.46,6858.24,6877.93,2639079
2024-02-10 00:00:00+00:00,DOGE,4818.45,5142.05,4734.16,5057.76,11164671
2024-02-10 00:00:00+00:00,ETH,4113.4,4154.98,3954.32,3995.9,9145712
2024-02-10 00:00:00+00:00,LINK,760.02,772.44,724.9,737.32,1134031
2024-02-10 00:00:00+00:00,LTC,131.21,140.91,126.14,135.84,13981391
2024-02-10 00:00:00+00:00,SOL,199.34,200.94,192.04,193.64,18155557
2024-02-10 00:00:00+00:00,XRP,585.27,616.04,583.96,614.72,14248202
2024-02-11 00:00:00+00:00,ADA,1794.91,1869.56,1771.63,1846.28,15711535
2024-02-11 00:00:00+00:00,AVAX,120.92,128.54,115.8,123.41,1043293
2024-02-11 00:00:00+00:00,BCH,243.8,244.83,224.88,225.91,17331623
2024-02-11 00:00:00+00:00,BTC,6877.93,6979.98,6353.2,6455.25,14933485
2024-02-11 00:00:00+00:00,DOGE,5057.76,5142.11,4961.5,5045.85,14756786
2024-02-11 00:00:00+00:00,ETH,3995.9,4179.35,3975.17,4158.62,7149255
2024-02-11 00:00:00+00:00,LINK,737.32,787.34,724.12,774.14,11685417
2024-02-11 00:00:00+00:00,LTC,135.84,142.68,132.73,139.57,4734835
2024-02-11 00:00:00+00:00,SOL,193.64,194.79,181.64,182.79,5062248
2024-02-11 00:00:00+00:00,XRP,614.72,627.85,612.3,625.42,1667107
2024-02-12 00:00:00+00:00,ADA,1846.28,2060.24,1769.98,1983.94,10022793
2024-02-12 00:00:00+00:00,AVAX,123.41,126.09,115.13,117.81,4003120
2024-02-12 00:00:00+00:00,BCH,225.91,233.06,214.28,221.43,7774552
2024-02-12 00:00:00+00:00,BTC,6455.25,6554.57,6393.18,6492.5,6648173
2024-02-12 00:00:00+00:00,DOGE,5045.85,5147.25,4751.62,4853.02,6561914
2024-02-12 00:00:00+00:00,ETH,4158.62,4169.3,4109.57,4120.25,19837733
2024-02-12 00:00:00+00:00,LINK,774.14,828.9,770.96,825.72,14759852
2024-02-12 00:00:00+00:00,LTC,139.57,157.3,135.13,152.86,17691894
2024-02-12 00:00:00+00:00,SOL,182.79,189.22,179.14,185.57,5750155
2024-02-12 00:00:00+00:00,XRP,625.42,631.21,600.74,606.53,11458083
2024-02-13 00:00:00+00:00,ADA,1983.94,2056.4,1922.96,1995.43,13144163
2024-02-13 00:00:00+00:00,AVAX,117.81,119.26,109.12,110.58,3311116
2024-02-13 00:00:00+00:00,BCH,221.43,229.16,219.22,226.94,15528594
2024-02-13 00:00:00+00:00,BTC,6492.5,6566.5,6369.44,6443.44,11978438
2024-02-13 00:00:00+00:00,DOGE,4853.02,4864.72,4728.21,4739.91,19833157
2024-02-13 00:00:00+00:00,ETH,4120.25,4215.81,4064.54,4160.09,4834592
2024-02-13 00:00:00+00:00,LINK,825.72,829.88,805.62,809.77,6080458
2024-02-13 00:00:00+00:00,LTC,152.86,153.9,144.44,145.48,16736046
2024-02-13 00:00:00+00:00,SOL,185.57,197.51,183.7,195.65,18671268
2024-02-13 00:00:00+00:00,XRP,606.53,613.51,589.31,596.29,16013268
2024-02-14 00:00:00+00:00,ADA,1995.43,2099.39,1944.44,2048.4,14710096
2024-02-14 00:00:00+00:00,AVAX,110.58,116.98,107.51,113.91,9604839
2024-02-14 00:00:00+00:00,BCH,226.94,235.55,219.25,227.85,7508542
2024-02-14 00:00:00+00:00,BTC,6443.44,6586.69,6396.43,6539.68,15460052
2024-02-14 00:00:00+00:00,DOGE,4739.91,4901.77,4696.43,4858.29,12123370
2024-02-14 00:00:00+00:00,ETH,4160.09,4191.27,4147.42,4178.6,11069489
2024-02-14 00:00:00+00:00,LINK,809.77,826.57,787.24,804.04,16470364
2024-02-14 00:00:00+00:00,LTC,145.48,145.95,141.75,142.22,8353995
2024-02-14 00:00:00+00:00,SOL,195.65,198.74,178.11,181.19,17204607
2024-02-14 00:00:00+00:00,XRP,596.29,604.23,591.42,599.36,3464899
2024-02-15 00:00:00+00:00,ADA,2048.4,2069.8,2039.69,2061.1,10401321
2024-02-15 00:00:00+00:00,AVAX,113.91,125.58,112.36,124.02,11657078
2024-02-15 00:00:00+00:00,BCH,227.85,233.53,221.19,226.87,18700978
2024-02-15 00:00:00+00:00,BTC,6539.68,6738.73,5890.55,6089.6,6090010
2024-02-15 00:00:00+00:00,DOGE,4858.29,5186.17,4722.61,5050.49,3394385
2024-02-15 00:00:00+00:00,ETH,4178.6,4189.29,4127.16,4137.85,19087970
2024-02-15 00:00:00+00:00,LINK,804.04,836.02,773.88,805.86,9619192
2024-02-15 00:00:00+00:00,LTC,142.22,144.48,136.82,139.08,10232266
2024-02-15 00:00:00+00:00,SOL,181.19,196.74,180.07,195.61,6503198
2024-02-15 00:00:00+00:00,XRP,599.36,617.79,596.97,615.4,14394262
2024-02-16 00:00:00+00:00,ADA,2061.1,2260.2,1992.03,2191.14,19723013
2024-02-16 00:00:00+00:00,AVAX,124.02,129.46,111.43,116.87,2359084
2024-02-16 00:00:00+00:00,BCH,226.87,231.51,199.11,203.75,7563286
2024-02-16 00:00:00+00:00,BTC,6089.6,6713.68,5922.29,6546.37,16653099
2024-02-16 00:00:00+00:00,DOGE,5050.49,5313.92,5044.31,5307.74,1858489
2024-02-16 00:00:00+00:00,ETH,4137.85,4219.66,4116.98,4198.8,16230517
2024-02-16 00:00:00+00:00,LINK,805.86,826.5,754.16,774.8,7699401
2024-02-16 00:00:00+00:00,LTC,139.08,141.65,129.9,132.47,10421040
2024-02-16 00:00:00+00:00,SOL,195.61,200.66,193.22,198.27,3596146
2024-02-16 00:00:00+00:00,XRP,615.4,623.51,603.04,611.15,5302418
2024-02-17 00:00:00+00:00,ADA,2191.14,2209.28,2090.75,2108.89,17552514
2024-02-17 00:00:00+00:00,AVAX,116.87,119.21,109.46,111.8,18315072
2024-02-17 00:00:00+00:00,BCH,203.75,204.36,186.87,187.47,3275362
2024-02-17 00:00:00+00:00,BTC,6546.37,6920.97,6517.86,6892.46,7164732
2024-02-17 00:00:00+00:00,DOGE,5307.74,5363.85,4868.64,4924.74,5927741
2024-02-17 00:00:00+00:00,ETH,4198.8,4385.79,4112.71,4299.7,19561575
2024-02-17 00:00:00+00:00,LINK,774.8,777.74,710.94,713.88,6598763
2024-02-17 00:00:00+00:00,LTC,132.47,144.81,127.53,139.87,11338794
2024-02-17 00:00:00+00:00,SOL,198.27,203.63,181.57,186.93,17377435
2024-02-17 00:00:00+00:00,XRP,611.15,629.79,606.99,625.63,15654303
2024-02-18 00:00:00+00:00,ADA,2108.89,2136.34,2103.1,2130.55,11910625
2024-02-18 00:00:00+00:00,AVAX,111.8,120.88,110.58,119.65,8447328
2024-02-18 00:00:00+00:00,BCH,187.47,195.99,179.81,188.32,16518606
2024-02-18 00:00:00+00:00,BTC,6892.46,7479.12,6886.13,7472.79,13604538
2024-02-18 00:00:00+00:00,DOGE,4924.74,4933.23,4789.87,4798.35,15741654
2024-02-18 00:00:00+00:00,ETH,4299.7,4425.41,4289.88,4415.58,18421526
2024-02-18 00:00:00+00:00,LINK,713.88,714.49,673.2,673.81,1638767
2024-02-18 00:00:00+00:00,LTC,139.87,142.11,139.01,141.25,7590753
2024-02-18 00:00:00+00:00,SOL,186.93,187.89,183.95,184.91,4514592
2024-02-18 00:00:00+00:00,XRP,625.63,625.68,579.05,579.1,3452725
2024-02-19 00:00:00+00:00,ADA,2130.55,2138.4,2099.98,2107.82,17141145
2024-02-19 00:00:00+00:00,AVAX,119.65,122.91,119.56,122.82,15638613
2024-02-19 00:00:00+00:00,BCH,188.32,201.03,186.06,198.77,14424452
2024-02-19 00:00:00+00:00,BTC,7472.79,8031.41,7213.61,7772.23,8802049
2024-02-19 00:00:00+00:00,DOGE,4798.35,4923.47,4693.09,4818.21,17754315
2024-02-19 00:00:00+00:00,ETH,4415.58,4424.78,4216.4,4225.6,15572463
2024-02-19 00:00:00+00:00,LINK,673.81,687.87,664.17,678.23,19066290
2024-02-19 00:00:00+00:00,LTC,141.25,155.48,136.99,151.23,3728844
2024-02-19 00:00:00+00:00,SOL,184.91,188.38,178.79,182.25,19842220
2024-02-19 00:00:00+00:00,XRP,579.1,579.76,560.1,560.76,11441407
2024-02-20 00:00:00+00:00,ADA,2107.82,2108.06,1990.84,1991.08,3936987
2024-02-20 00:00:00+00:00,AVAX,122.82,124.2,114.01,115.39,5992314
2024-02-20 00:00:00+00:00,BCH,198.77,202.03,191.52,194.79,19439951
2024-02-20 00:00:00+00:00,BTC,7772.23,7945.56,7679.78,7853.11,16857820
2024-02-20 00:00:00+00:00,DOGE,4818.21,5063.38,4788.14,5033.31,1951982
2024-02-20 00:00:00+00:00,ETH,4225.6,4427.65,4125.59,4327.63,14867765
2024-02-20 00:00:00+00:00,LINK,678.23,713.21,676.18,711.16,2779098
2024-02-20 00:00:00+00:00,LTC,151.23,158.08,123.85,130.7,6396342
2024-02-20 00:00:00+00:00,SOL,182.25,184.77,172.18,174.7,17026157
2024-02-20 00:00:00+00:00,XRP,560.76,592.2,555.93,587.38,9234873
2024-02-21 00:00:00+00:00,ADA,1991.08,2059.61,1979.09,2047.62,15204647
2024-02-21 00:00:00+00:00,AVAX,115.39,117.0,112.18,113.78,10852458
2024-02-21 00:00:00+00:00,BCH,194.79,210.7,189.15,205.07,16147214
2024-02-21 00:00:00+00:00,BTC,7853.11,8182.35,7570.69,7899.92,15306325
2024-02-21 00:00:00+00:00,DOGE,5033.31,5493.06,4969.5,5429.24,3266792
2024-02-21 00:00:00+00:00,ETH,4327.63,4338.53,4247.22,4258.11,17356997
2024-02-21 00:00:00+00:00,LINK,711.16,746.96,694.58,730.38,2685074
2024-02-21 00:00:00+00:00,LTC,130.7,145.37,125.21,139.88,5273114
2024-02-21 00:00:00+00:00,SOL,174.7,181.38,168.76,175.43,3574483
2024-02-21 00:00:00+00:00,XRP,587.38,588.41,553.77,554.79,3319599
2024-02-22 00:00:00+00:00,ADA,2047.62,2056.78,1987.6,1996.75,16676160
2024-02-22 00:00:00+00:00,AVAX,113.78,114.39,111.97,112.57,6284457
2024-02-22 00:00:00+00:00,BCH,205.07,209.6,203.55,208.08,3990873
2024-02-22 00:00:00+00:00,BTC,7899.92,7924.37,7705.92,7730.37,5627801
2024-02-22 00:00:00+00:00,DOGE,5429.24,5538.74,5012.32,5121.82,18786744
2024-02-22 00:00:00+00:00,ETH,4258.11,4263.66,4246.15,4251.7,6071401
2024-02-22 00:00:00+00:00,LINK,730.38,741.96,690.42,702.0,7408153
2024-02-22 00:00:00+00:00,LTC,139.88,143.54,138.01,141.66,1274344
2024-02-22 00:00:00+00:00,SOL,175.43,177.96,167.37,169.89,16614456
2024-02-22 00:00:00+00:00,XRP,554.79,562.85,539.57,547.62,16051319
2024-02-23 00:00:00+00:00,ADA,1996.75,2028.5,1933.57,1965.32,4406637
2024-02-23 00:00:00+00:00,AVAX,112.57,115.32,103.05,105.8,17195556
2024-02-23 00:00:00+00:00,BCH,208.08,208.13,206.28,206.33,13017909
2024-02-23 00:00:00+00:00,BTC,7730.37,7834.27,7602.56,7706.47,11248033
2024-02-23 00:00:00+00:00,DOGE,5121.82,5168.52,5048.0,5094.7,12922969
2024-02-23 00:00:00+00:00,ETH,4251.7,4331.91,4227.18,4307.39,9928989
2024-02-23 00:00:00+00:00,LINK,702.0,722.65,690.73,711.38,4140576
2024-02-23 00:00:00+00:00,LTC,141.66,141.74,141.51,141.59,1761271
2024-02-23 00:00:00+00:00,SOL,169.89,181.0,161.81,172.92,16987100
2024-02-23 00:00:00+00:00,XRP,547.62,548.24,546.89,547.51,19737578
2024-02-24 00:00:00+00:00,ADA,1965.32,2103.44,1890.89,2029.01,7347677
2024-02-24 00:00:00+00:00,AVAX,105.8,109.88,101.26,105.33,10691576
2024-02-24 00:00:00+00:00,BCH,206.33,211.95,197.49,203.11,9954127
2024-02-24 00:00:00+00:00,BTC,7706.47,7779.84,7378.88,7452.26,16595984
2024-02-24 00:00:00+00:00,DOGE,5094.7,5249.51,5024.7,5179.5,10775137
2024-02-24 00:00:00+00:00,ETH,4307.39,4472.16,4197.78,4362.54,10644263
2024-02-24 00:00:00+00:00,LINK,711.38,722.34,673.11,684.07,15568775
2024-02-24 00:00:00+00:00,LTC,141.59,146.93,126.87,132.21,18488554
2024-02-24 00:00:00+00:00,SOL,172.92,173.71,153.81,154.6,5915198
2024-02-24 00:00:00+00:00,XRP,547.51,613.65,516.32,582.45,6973006
2024-02-25 00:00:00+00:00,ADA,2029.01,2121.64,1978.89,2071.51,6771429
2024-02-25 00:00:00+00:00,AVAX,105.33,107.71,96.43,98.81,12014681
2024-02-25 00:00:00+00:00,BCH,203.11,206.72,193.72,197.33,3974413
2024-02-25 00:00:00+00:00,BTC,7452.26,7745.15,7149.66,7442.55,18269215
2024-02-25 00:00:00+00:00,DOGE,5179.5,5196.32,5168.43,5185.25,6479656
2024-02-25 00:00:00+00:00,ETH,4362.54,4390.65,4329.13,4357.24,9520491
2024-02-25 00:00:00+00:00,LINK,684.07,736.87,670.7,723.5,9865060
2024-02-25 00:00:00+00:00,LTC,132.21,137.89,130.65,136.34,17819452
2024-02-25 00:00:00+00:00,SOL,154.6,155.29,151.84,152.52,19695669
2024-02-25 00:00:00+00:00,XRP,582.45,583.9,535.07,536.52,17637271
2024-02-26 00:00:00+00:00,ADA,2071.51,2080.9,2001.21,2010.6,5085918
2024-02-26 00:00:00+00:00,AVAX,98.81,103.98,96.95,102.13,18700586
2024-02-26 00:00:00+00:00,BCH,197.33,209.21,179.84,191.72,8784781
2024-02-26 00:00:00+00:00,BTC,7442.55,7513.84,7420.92,7492.21,14063419
2024-02-26 00:00:00+00:00,DOGE,5185.25,5226.35,5158.43,5199.52,3406865
2024-02-26 00:00:00+00:00,ETH,4357.24,4428.05,4233.6,4304.4,17364565
2024-02-26 00:00:00+00:00,LINK,723.5,725.29,703.25,705.04,13775215
2024-02-26 00:00:00+00:00,LTC,136.34,136.36,133.59,133.61,12549652
2024-02-26 00:00:00+00:00,SOL,152.52,156.86,149.6,153.93,17106890
2024-02-26 00:00:00+00:00,XRP,536.52,562.75,524.16,550.4,9296512
2024-02-27 00:00:00+00:00,ADA,2010.6,2062.65,1943.93,1995.99,16051301
2024-02-27 00:00:00+00:00,AVAX,102.13,117.35,99.21,114.43,16611062
2024-02-27 00:00:00+00:00,BCH,191.72,207.58,187.37,203.23,11673418
2024-02-27 00:00:00+00:00,BTC,7492.21,7507.47,7294.0,7309.26,9197394
2024-02-27 00:00:00+00:00,DOGE,5199.52,5324.33,5091.86,5216.67,9989278
2024-02-27 00:00:00+00:00,ETH,4304.4,4437.72,4268.19,4401.5,8132437
2024-02-27 00:00:00+00:00,LINK,705.04,713.6,692.59,701.15,3422197
2024-02-27 00:00:00+00:00,LTC,133.61,138.65,130.77,135.81,1147616
2024-02-27 00:00:00+00:00,SOL,153.93,155.24,143.64,144.96,12446610
2024-02-27 00:00:00+00:00,XRP,550.4,557.39,539.52,546.51,17620806
2024-02-28 00:00:00+00:00,ADA,1995.99,2092.99,1944.85,2041.85,3210744
2024-02-28 00:00:00+00:00,AVAX,114.43,131.08,106.82,123.46,7669388
2024-02-28 00:00:00+00:00,BCH,203.23,206.61,197.57,200.94,7133925
2024-02-28 00:00:00+00:00,BTC,7309.26,7538.41,6977.71,7206.86,4308631
2024-02-28 00:00:00+00:00,DOGE,5216.67,5356.39,5141.07,5280.79,5734387
2024-02-28 00:00:00+00:00,ETH,4401.5,4411.43,4309.47,4319.4,12104732
2024-02-28 00:00:00+00:00,LINK,701.15,729.71,684.03,712.58,1506276
2024-02-28 00:00:00+00:00,LTC,135.81,141.22,123.16,128.56,5404572
2024-02-28 00:00:00+00:00,SOL,144.96,146.84,139.65,141.53,15871092
2024-02-28 00:00:00+00:00,XRP,546.51,560.65,514.2,528.33,9602859
2024-02-29 00:00:00+00:00,ADA,2041.85,2062.03,1962.58,1982.76,5676432
2024-02-29 00:00:00+00:00,AVAX,123.46,123.73,120.02,120.29,14245262
2024-02-29 00:00:00+00:00,BCH,200.94,223.09,195.88,218.03,1815395
2024-02-29 00:00:00+00:00,BTC,7206.86,7399.41,6746.11,6938.67,12962149
2024-02-29 00:00:00+00:00,DOGE,5280.79,5554.55,5244.5,5518.26,14328790
2024-02-29 00:00:00+00:00,ETH,4319.4,4546.29,4199.65,4426.54,7777612
2024-02-29 00:00:00+00:00,LINK,712.58,721.88,646.98,656.28,1648876
2024-02-29 00:00:00+00:00,LTC,128.56,129.1,123.79,124.32,8718426
2024-02-29 00:00:00+00:00,SOL,141.53,143.24,136.68,138.38,9138261
2024-02-29 00:00:00+00:00,XRP,528.33,529.83,522.07,523.57,5656387
2024-03-01 00:00:00+00:00,ADA,1982.76,2138.81,1948.68,2104.73,18504326
2024-03-01 00:00:00+00:00,AVAX,120.29,122.48,114.72,116.91,9922940
2024-03-01 00:00:00+00:00,BCH,218.03,241.46,209.05,232.48,13543439
2024-03-01 00:00:00+00:00,BTC,6938.67,7651.51,6778.7,7491.55,7361513
2024-03-01 00:00:00+00:00,DOGE,5518.26,5673.28,5464.29,5619.31,3714849
2024-03-01 00:00:00+00:00,ETH,4426.54,4627.72,4406.57,4607.74,18146761
2024-03-01 00:00:00+00:00,LINK,656.28,659.96,624.76,628.44,5245501
2024-03-01 00:00:00+00:00,LTC,124.32,127.67,117.22,120.57,14627293
2024-03-01 00:00:00+00:00,SOL,138.38,139.8,131.02,132.44,16237844
2024-03-01 00:00:00+00:00,XRP,523.57,559.4,493.23,529.06,2834894
2024-03-02 00:00:00+00:00,ADA,2104.73,2143.05,2034.12,2072.44,16586758
2024-03-02 00:00:00+00:00,AVAX,116.91,122.95,114.9,120.94,6054340
2024-03-02 00:00:00+00:00,BCH,232.48,235.9,221.56,224.98,16473775
2024-03-02 00:00:00+00:00,BTC,7491.55,7775.85,7335.61,7619.92,7806291
2024-03-02 00:00:00+00:00,DOGE,5619.31,5871.26,5543.14,5795.1,10157703
2024-03-02 00:00:00+00:00,ETH,4607.74,4810.73,4544.32,4747.31,12192524
2024-03-02 00:00:00+00:00,LINK,628.44,650.72,616.25,638.54,12709079
2024-03-02 00:00:00+00:00,LTC,120.57,127.0,107.78,114.21,16140045
2024-03-02 00:00:00+00:00,SOL,132.44,133.81,130.96,132.33,13421021
2024-03-02 00:00:00+00:00,XRP,529.06,540.11,474.4,485.45,13708304
2024-03-03 00:00:00+00:00,ADA,2072.44,2170.68,1952.29,2050.53,15352578
2024-03-03 00:00:00+00:00,AVAX,120.94,138.35,114.36,131.77,19967534
2024-03-03 00:00:00+00:00,BCH,224.98,228.73,214.27,218.02,10393357
2024-03-03 00:00:00+00:00,BTC,7619.92,7906.81,6822.63,7109.52,1269694
2024-03-03 00:00:00+00:00,DOGE,5795.1,5807.66,5762.9,5775.45,6247632
2024-03-03 00:00:00+00:00,ETH,4747.31,4794.87,4661.77,4709.34,17735671
2024-03-03 00:00:00+00:00,LINK,638.54,649.97,625.62,637.05,18220021
2024-03-03 00:00:00+00:00,LTC,114.21,117.43,102.48,105.7,6300119
2024-03-03 00:00:00+00:00,SOL,132.33,136.22,129.6,133.49,2046445
2024-03-03 00:00:00+00:00,XRP,485.45,487.78,463.96,466.29,5258090
2024-03-04 00:00:00+00:00,ADA,2050.53,2056.56,1970.21,1976.25,16821627
2024-03-04 00:00:00+00:00,AVAX,131.77,139.31,114.46,122.0,17750962
2024-03-04 00:00:00+00:00,BCH,218.02,224.93,214.49,221.4,2181646
2024-03-04 00:00:00+00:00,BTC,7109.52,7769.26,6921.18,7580.93,13712290
2024-03-04 00:00:00+00:00,DOGE,5775.45,5818.35,5412.7,5455.6,4255133
2024-03-04 00:00:00+00:00,ETH,4709.34,4795.07,4686.75,4772.48,15695195
2024-03-04 00:00:00+00:00,LINK,637.05,680.05,625.62,668.61,10312770
2024-03-04 00:00:00+00:00,LTC,105.7,107.84,104.74,106.88,14804512
2024-03-04 00:00:00+00:00,SOL,133.49,137.37,123.49,127.38,6064945
2024-03-04 00:00:00+00:00,XRP,466.29,495.39,462.96,492.06,13773404
2024-03-05 00:00:00+00:00,ADA,1976.25,2080.21,1902.23,2006.19,8582377
2024-03-05 00:00:00+00:00,AVAX,122.0,133.46,116.4,127.86,3888487
2024-03-05 00:00:00+00:00,BCH,221.4,223.62,213.35,215.57,17471679
2024-03-05 00:00:00+00:00,BTC,7580.93,7740.94,6950.98,7110.99,17341845
2024-03-05 00:00:00+00:00,DOGE,5455.6,5468.2,4872.31,4884.91,13408241
2024-03-05 00:00:00+00:00,ETH,4772.48,4838.18,4645.4,4711.1,11421111
2024-03-05 00:00:00+00:00,LINK,668.61,674.5,634.97,640.85,15008346
2024-03-05 00:00:00+00:00,LTC,106.88,112.07,101.89,107.08,6271084
2024-03-05 00:00:00+00:00,SOL,127.38,134.93,124.69,132.25,16659245
2024-03-05 00:00:00+00:00,XRP,492.06,514.86,485.76,508.56,14302594
2024-03-06 00:00:00+00:00,ADA,2006.19,2009.14,1952.11,1955.05,14339813
2024-03-06 00:00:00+00:00,AVAX,127.86,131.58,109.04,112.76,15973881
2024-03-06 00:00:00+00:00,BCH,215.57,226.26,213.73,224.42,18840755
2024-03-06 00:00:00+00:00,BTC,7110.99,7277.03,6546.53,6712.58,18568003
2024-03-06 00:00:00+00:00,DOGE,4884.91,4989.93,4831.1,4936.12,6569134
2024-03-06 00:00:00+00:00,ETH,4711.1,4905.0,4599.08,4792.98,15279958
2024-03-06 00:00:00+00:00,LINK,640.85,641.44,629.82,630.41,4498157
2024-03-06 00:00:00+00:00,LTC,107.08,107.42,95.67,96.01,15287670
2024-03-06 00:00:00+00:00,SOL,132.25,133.77,131.82,133.34,7267094
2024-03-06 00:00:00+00:00,XRP,508.56,509.05,502.99,503.48,12217882
2024-03-07 00:00:00+00:00,ADA,1955.05,2006.32,1928.23,1979.49,11386940
2024-03-07 00:00:00+00:00,AVAX,112.76,125.63,109.37,122.24,4572770
2024-03-07 00:00:00+00:00,BCH,224.42,242.79,222.62,241.0,15214678
2024-03-07 00:00:00+00:00,BTC,6712.58,6806.27,6522.62,6616.31,3292910
2024-03-07 00:00:00+00:00,DOGE,4936.12,5256.17,4914.53,5234.58,6630586
2024-03-07 00:00:00+00:00,ETH,4792.98,4855.1,4606.83,4668.96,3294212
2024-03-07 00:00:00+00:00,LINK,630.41,663.84,624.7,658.13,6596834
2024-03-07 00:00:00+00:00,LTC,96.01,103.84,92.07,99.9,6713213
2024-03-07 00:00:00+00:00,SOL,133.34,142.56,132.98,142.2,13160013
2024-03-07 00:00:00+00:00,XRP,503.48,521.05,491.16,508.73,9094936
2024-03-08 00:00:00+00:00,ADA,1979.49,2037.56,1951.1,2009.16,6150564
2024-03-08 00:00:00+00:00,AVAX,122.24,128.14,121.07,126.97,6873437
2024-03-08 00:00:00+00:00,BCH,241.0,241.17,236.04,236.22,3527259
2024-03-08 00:00:00+00:00,BTC,6616.31,6801.25,6364.13,6549.07,15652302
2024-03-08 00:00:00+00:00,DOGE,5234.58,5310.81,4989.11,5065.34,8164198
2024-03-08 00:00:00+00:00,ETH,4668.96,4715.91,4667.18,4714.13,10666878
2024-03-08 00:00:00+00:00,LINK,658.13,725.1,644.75,711.72,17273706
2024-03-08 00:00:00+00:00,LTC,99.9,112.11,96.44,108.64,19470709
2024-03-08 00:00:00+00:00,SOL,142.2,143.63,138.22,139.65,2577086
2024-03-08 00:00:00+00:00,XRP,508.73,532.79,506.57,530.64,13899847
2024-03-09 00:00:00+00:00,ADA,2009.16,2128.76,1946.96,2066.56,9670469
2024-03-09 00:00:00+00:00,AVAX,126.97,128.03,118.96,120.02,8968608
2024-03-09 00:00:00+00:00,BCH,236.22,243.25,231.24,238.27,2342213
2024-03-09 00:00:00+00:00,BTC,6549.07,6644.64,6289.76,6385.33,7630664
2024-03-09 00:00:00+00:00,DOGE,5065.34,5118.05,5049.08,5101.79,3328053
2024-03-09 00:00:00+00:00,ETH,4714.13,4773.57,4444.6,4504.04,5292363
2024-03-09 00:00:00+00:00,LINK,711.72,759.85,699.53,747.66,14657867
2024-03-09 00:00:00+00:00,LTC,108.64,115.76,108.55,115.67,18422564
2024-03-09 00:00:00+00:00,SOL,139.65,140.66,130.37,131.38,11726709
2024-03-09 00:00:00+00:00,XRP,530.64,536.68,498.17,504.22,15646105
2024-03-10 00:00:00+00:00,ADA,2066.56,2145.28,1993.57,2072.3,14292859
2024-03-10 00:00:00+00:00,AVAX,120.02,126.57,110.84,117.39,19465691
2024-03-10 00:00:00+00:00,BCH,238.27,251.5,228.29,241.52,16683687
2024-03-10 00:00:00+00:00,BTC,6385.33,6561.64,5609.18,5785.49,7704544
2024-03-10 00:00:00+00:00,DOGE,5101.79,5129.05,5033.66,5060.92,7650327
2024-03-10 00:00:00+00:00,ETH,4504.04,4551.03,4488.48,4535.47,3692792
2024-03-10 00:00:00+00:00,LINK,747.66,761.02,743.18,756.54,14366077
2024-03-10 00:00:00+00:00,LTC,115.67,116.1,106.58,107.01,16006412
2024-03-10 00:00:00+00:00,SOL,131.38,134.46,128.18,131.26,9935707
2024-03-10 00:00:00+00:00,XRP,504.22,549.1,493.4,538.28,11630949
2024-03-11 00:00:00+00:00,ADA,2072.3,2113.72,2066.15,2107.57,8913101
2024-03-11 00:00:00+00:00,AVAX,117.39,120.83,114.91,118.35,8112423
2024-03-11 00:00:00+00:00,BCH,241.52,242.42,225.54,226.44,6297403
2024-03-11 00:00:00+00:00,BTC,5785.49,5867.03,5779.2,5860.74,18046073
2024-03-11 00:00:00+00:00,DOGE,5060.92,5070.64,5054.73,5064.46,16407407
2024-03-11 00:00:00+00:00,ETH,4535.47,4730.69,4408.38,4603.59,5978914
2024-03-11 00:00:00+00:00,LINK,756.54,763.96,744.15,751.57,19858639
2024-03-11 00:00:00+00:00,LTC,107.01,108.96,106.71,108.66,6664069
2024-03-11 00:00:00+00:00,SOL,131.26,132.78,128.27,129.79,14535579
2024-03-11 00:00:00+00:00,XRP,538.28,595.97,514.8,572.48,18827418
2024-03-12 00:00:00+00:00,ADA,2107.57,2132.76,2100.8,2125.99,1156710
2024-03-12 00:00:00+00:00,AVAX,118.35,121.51,105.3,108.46,4363284
2024-03-12 00:00:00+00:00,BCH,226.44,244.04,222.28,239.87,16347489
2024-03-12 00:00:00+00:00,BTC,5860.74,5890.83,5697.21,5727.31,4991942
2024-03-12 00:00:00+00:00,DOGE,5064.46,5089.64,4773.06,4798.25,17169820
2024-03-12 00:00:00+00:00,ETH,4603.59,4785.77,4575.06,4757.25,19543840
2024-03-12 00:00:00+00:00,LINK,751.57,822.87,733.69,804.99,16092172
2024-03-12 00:00:00+00:00,LTC,108.66,116.19,106.09,113.62,3366632
2024-03-12 00:00:00+00:00,SOL,129.79,130.45,118.54,119.2,9182099
2024-03-12 00:00:00+00:00,XRP,572.48,602.37,528.87,558.76,17174431
2024-03-13 00:00:00+00:00,ADA,2125.99,2138.04,2106.65,2118.7,15564990
2024-03-13 00:00:00+00:00,AVAX,108.46,115.51,104.74,111.8,9827939
2024-03-13 00:00:00+00:00,BCH,239.87,246.17,231.4,237.7,15250639
2024-03-13 00:00:00+00:00,BTC,5727.31,5769.77,5701.24,5743.7,1044746
2024-03-13 00:00:00+00:00,DOGE,4798.25,4934.2,4606.2,4742.14,15345182
2024-03-13 00:00:00+00:00,ETH,4757.25,5113.33,4686.72,5042.81,17424784
2024-03-13 00:00:00+00:00,LINK,804.99,827.1,793.8,815.91,15541507
2024-03-13 00:00:00+00:00,LTC,113.62,115.29,108.42,110.09,9945688
2024-03-13 00:00:00+00:00,SOL,119.2,121.06,108.95,110.81,4962038
2024-03-13 00:00:00+00:00,XRP,558.76,559.34,547.85,548.43,9482494
2024-03-14 00:00:00+00:00,ADA,2118.7,2151.44,2058.6,2091.33,19502521
2024-03-14 00:00:00+00:00,AVAX,111.8,114.58,103.64,106.42,12946730
2024-03-14 00:00:00+00:00,BCH,237.7,246.59,228.2,237.09,14336423
2024-03-14 00:00:00+00:00,BTC,5743.7,5850.02,5673.72,5780.04,2135455
2024-03-14 00:00:00+00:00,DOGE,4742.14,5046.19,4705.34,5009.39,10729433
2024-03-14 00:00:00+00:00,ETH,5042.81,5087.57,4975.21,5019.97,2501540
2024-03-14 00:00:00+00:00,LINK,815.91,833.83,813.09,831.01,1537131
2024-03-14 00:00:00+00:00,LTC,110.09,135.07,106.68,131.66,5995483
2024-03-14 00:00:00+00:00,SOL,110.81,117.25,109.35,115.79,1575119
2024-03-14 00:00:00+00:00,XRP,548.43,555.05,542.37,548.99,13200183
2024-03-15 00:00:00+00:00,ADA,2091.33,2178.07,2013.22,2099.96,12391272
2024-03-15 00:00:00+00:00,AVAX,106.42,107.49,103.19,104.26,11401098
2024-03-15 00:00:00+00:00,BCH,237.09,241.22,225.94,230.07,9937038
2024-03-15 00:00:00+00:00,BTC,5780.04,5846.96,5398.28,5465.2,19473292
2024-03-15 00:00:00+00:00,DOGE,5009.39,5092.57,4778.69,4861.87,17567718
2024-03-15 00:00:00+00:00,ETH,5019.97,5307.71,4932.74,5220.48,15539728
2024-03-15 00:00:00+00:00,LINK,831.01,856.63,790.83,816.45,17879676
2024-03-15 00:00:00+00:00,LTC,131.66,136.4,119.09,123.84,4123982
2024-03-15 00:00:00+00:00,SOL,115.79,118.63,104.3,107.14,3758738
2024-03-15 00:00:00+00:00,XRP,548.99,599.69,541.83,592.53,13364280
2024-03-16 00:00:00+00:00,ADA,2099.96,2309.57,2027.51,2237.12,18804354
2024-03-16 00:00:00+00:00,AVAX,104.26,111.24,92.44,99.42,12512808
2024-03-16 00:00:00+00:00,BCH,230.07,241.07,228.3,239.3,5211047
2024-03-16 00:00:00+00:00,BTC,5465.2,5543.81,4945.99,5024.6,19441383
2024-03-16 00:00:00+00:00,DOGE,4861.87,4986.38,4833.71,4958.22,13698820
2024-03-16 00:00:00+00:00,ETH,5220.48,5357.39,5195.0,5331.91,17528537
2024-03-16 00:00:00+00:00,LINK,816.45,838.2,795.86,817.61,17369707
2024-03-16 00:00:00+00:00,LTC,123.84,130.89,111.69,118.75,14866579
2024-03-16 00:00:00+00:00,SOL,107.14,118.05,105.43,116.33,3862940
2024-03-16 00:00:00+00:00,XRP,592.53,605.86,591.9,605.23,14128422
2024-03-17 00:00:00+00:00,ADA,2237.12,2267.39,2144.27,2174.54,10964358
2024-03-17 00:00:00+00:00,AVAX,99.42,101.71,98.42,100.71,14601915
2024-03-17 00:00:00+00:00,BCH,239.3,247.49,226.23,234.42,9122212
2024-03-17 00:00:00+00:00,BTC,5024.6,5047.81,4878.76,4901.97,8937158
2024-03-17 00:00:00+00:00,DOGE,4958.22,4975.99,4774.21,4791.98,9256284
2024-03-17 00:00:00+00:00,ETH,5331.91,5352.75,5319.77,5340.61,14571770
2024-03-17 00:00:00+00:00,LINK,817.61,819.94,787.71,790.04,5814332
2024-03-17 00:00:00+00:00,LTC,118.75,120.77,103.6,105.63,8256941
2024-03-17 00:00:00+00:00,SOL,116.33,123.68,113.64,120.99,18978308
2024-03-17 00:00:00+00:00,XRP,605.23,648.98,593.92,637.68,13728521
2024-03-18 00:00:00+00:00,ADA,2174.54,2174.8,2068.72,2068.98,15048211
2024-03-18 00:00:00+00:00,AVAX,100.71,101.76,90.65,91.7,15180991
2024-03-18 00:00:00+00:00,BCH,234.42,243.1,209.2,217.88,14648825
2024-03-18 00:00:00+00:00,BTC,4901.97,5126.55,4813.72,5038.3,2074483
2024-03-18 00:00:00+00:00,DOGE,4791.98,4846.6,4739.43,4794.06,19282892
2024-03-18 00:00:00+00:00,ETH,5340.61,5446.07,5306.29,5411.75,9111779
2024-03-18 00:00:00+00:00,LINK,790.04,841.64,776.65,828.26,17477147
2024-03-18 00:00:00+00:00,LTC,105.63,107.29,105.11,106.78,17093495
2024-03-18 00:00:00+00:00,SOL,120.99,124.55,111.92,115.49,12330226
2024-03-18 00:00:00+00:00,XRP,637.68,646.61,636.84,645.77,16829684
2024-03-19 00:00:00+00:00,ADA,2068.98,2082.69,2022.9,2036.6,12730784
2024-03-19 00:00:00+00:00,AVAX,91.7,93.08,83.42,84.8,16511534
2024-03-19 00:00:00+00:00,BCH,217.88,232.91,213.78,228.81,19764031
2024-03-19 00:00:00+00:00,BTC,5038.3,5542.05,4858.45,5362.2,16909857
2024-03-19 00:00:00+00:00,DOGE,4794.06,4837.85,4605.89,4649.68,15047280
2024-03-19 00:00:00+00:00,ETH,5411.75,5490.16,5116.63,5195.04,8682899
2024-03-19 00:00:00+00:00,LINK,828.26,844.39,809.02,825.16,19194884
2024-03-19 00:00:00+00:00,LTC,106.78,110.88,105.88,109.99,18728361
2024-03-19 00:00:00+00:00,SOL,115.49,131.07,112.78,128.36,5078097
2024-03-19 00:00:00+00:00,XRP,645.77,689.39,616.8,660.42,3713110
2024-03-20 00:00:00+00:00,ADA,2036.6,2142.74,2019.06,2125.2,4357161
2024-03-20 00:00:00+00:00,AVAX,84.8,89.66,80.91,85.77,14458808
2024-03-20 00:00:00+00:00,BCH,228.81,233.96,223.03,228.18,4700269
2024-03-20 00:00:00+00:00,BTC,5362.2,5676.31,5201.29,5515.39,15230731
2024-03-20 00:00:00+00:00,DOGE,4649.68,4746.56,4631.81,4728.69,2214237
2024-03-20 00:00:00+00:00,ETH,5195.04,5214.4,4859.28,4878.64,15931842
2024-03-20 00:00:00+00:00,LINK,825.16,847.41,790.77,813.02,7119518
2024-03-20 00:00:00+00:00,LTC,109.99,110.58,106.73,107.32,11880928
2024-03-20 00:00:00+00:00,SOL,128.36,130.73,122.09,124.45,8463367
2024-03-20 00:00:00+00:00,XRP,660.42,666.9,648.15,654.64,7328320
2024-03-21 00:00:00+00:00,ADA,2125.2,2135.87,2033.51,2044.17,11271425
2024-03-21 00:00:00+00:00,AVAX,85.77,87.25,82.67,84.15,19655674
2024-03-21 00:00:00+00:00,BCH,228.18,232.31,210.49,214.63,10816015
2024-03-21 00:00:00+00:00,BTC,5515.39,5802.24,5461.08,5747.93,3735456
2024-03-21 00:00:00+00:00,DOGE,4728.69,4996.26,4607.22,4874.79,4133191
2024-03-21 00:00:00+00:00,ETH,4878.64,5140.22,4870.32,5131.9,19951219
2024-03-21 00:00:00+00:00,LINK,813.02,825.43,798.85,811.25,5351493
2024-03-21 00:00:00+00:00,LTC,107.32,120.1,105.98,118.76,7131803
2024-03-21 00:00:00+00:00,SOL,124.45,126.01,115.29,116.85,13971384
2024-03-21 00:00:00+00:00,XRP,654.64,685.52,643.66,674.55,1706791
2024-03-22 00:00:00+00:00,ADA,2044.17,2127.31,1823.44,1906.58,2431961
2024-03-22 00:00:00+00:00,AVAX,84.15,91.32,84.01,91.18,1661548
2024-03-22 00:00:00+00:00,BCH,214.63,215.24,210.09,210.71,7007386
2024-03-22 00:00:00+00:00,BTC,5747.93,5990.04,5496.71,5738.81,10355387
2024-03-22 00:00:00+00:00,DOGE,4874.79,5057.14,4815.04,4997.39,11989620
2024-03-22 00:00:00+00:00,ETH,5131.9,5338.62,5104.95,5311.67,15676961
2024-03-22 00:00:00+00:00,LINK,811.25,824.99,739.15,752.89,16100710
2024-03-22 00:00:00+00:00,LTC,118.76,119.6,109.73,110.57,18272960
2024-03-22 00:00:00+00:00,SOL,116.85,119.22,114.91,117.29,14378250
2024-03-22 00:00:00+00:00,XRP,674.55,676.53,601.74,603.72,16490490
2024-03-23 00:00:00+00:00,ADA,1906.58,2034.2,1896.36,2023.99,3147811
2024-03-23 00:00:00+00:00,AVAX,91.18,96.14,90.0,94.96,10921178
2024-03-23 00:00:00+00:00,BCH,210.71,214.54,197.03,200.86,15103592
2024-03-23 00:00:00+00:00,BTC,5738.81,5814.68,5617.61,5693.48,11244805
2024-03-23 00:00:00+00:00,DOGE,4997.39,5061.45,4953.59,5017.65,1161821
2024-03-23 00:00:00+00:00,ETH,5311.67,5535.33,5241.22,5464.87,15464875
2024-03-23 00:00:00+00:00,LINK,752.89,753.26,740.15,740.52,18315459
2024-03-23 00:00:00+00:00,LTC,110.57,114.46,105.24,109.13,6773409
2024-03-23 00:00:00+00:00,SOL,117.29,117.31,113.63,113.65,12600224
2024-03-23 00:00:00+00:00,XRP,603.72,626.9,600.0,623.18,2746454
